OCM_ID,Istasyon_Adi,Operator,Ulke,Enlem,Boylam,Google_Place_ID,Yorum_Metni,Tutum_Etiketi,Tutum_Skoru
132792,"ALDI, Demeter utca",E.ON (HU),Macaristan,47.2538027,16.6173109,ChIJk29t6za4bkcRbhCWVcWZKNw,"Jól működő hpc oszlop, kár hogy nincs mosdó / étterem a közvetlen közelében.",Olumlu,1
132792,"ALDI, Demeter utca",E.ON (HU),Macaristan,47.2538027,16.6173109,ChIJk29t6za4bkcRbhCWVcWZKNw,"2 portot is próbáltam, hosszas gondolkodás után végül nem indult el a töltés.
Az app frissítve volt.",Olumsuz,-1
132792,"ALDI, Demeter utca",E.ON (HU),Macaristan,47.2538027,16.6173109,ChIJk29t6za4bkcRbhCWVcWZKNw,"Minden rendben ment, gyors töltés",Olumlu,1
132792,"ALDI, Demeter utca",E.ON (HU),Macaristan,47.2538027,16.6173109,ChIJk29t6za4bkcRbhCWVcWZKNw,"Végre egy gyorstöltő Szombathely környékén, pont időben. A várt módon működik, bár az egyik töltő töltés közben minden látható ok nélkül leállt, töltőállomást kellett cserélni.",Nötr,0
157460,"Miskolc ALDI, Forrás utca",E.ON (HU),Macaristan,48.05424,20.800901,ChIJe_UwQbqhQEcRQajVRXkifIY,Mind a 4 töltő rossz volt egyik sem üzemelt. December 23 óta nem vették észre a hibát. Végül egy másik töltőhöz kellett mennünk tölteni ami elég sok kellemetlenséggel járt számunkra.,Olumsuz,-1
157460,"Miskolc ALDI, Forrás utca",E.ON (HU),Macaristan,48.05424,20.800901,ChIJe_UwQbqhQEcRQajVRXkifIY,"4 töltőhely az Aldi mellett, nincs toalet",Olumlu,1
97242,"Békéscsaba, NKM Áramszolgáltató Ügyfélszolgálat - mobiliti",NKM mobiliti,Macaristan,46.6747839440897,21.0872770122337,ChIJJTrRB5ErREcRMOHewksPtco,Általában van szabad hely!,Nötr,0
97242,"Békéscsaba, NKM Áramszolgáltató Ügyfélszolgálat - mobiliti",NKM mobiliti,Macaristan,46.6747839440897,21.0872770122337,ChIJJTrRB5ErREcRMOHewksPtco,Nagyon tetszett...,Olumlu,1
173086,MOL Plugee Mosonmagyaróvár M1 S,MOL,Macaristan,47.871453873211294,17.214976161640607,ChIJUUo8nKd3bEcRqoFZ7PdXyFE,"Igazán kellemes tapasztalat. Tágas külső terek, könnyű beállni a számtalan kútoszlophoz és könnyű tankolni. Óriási shop és étterem rész, kávésziget és kedves, barátságos, segítőkész eladók. A nagy forgalom és rengeteg ember ellenére is jó kiszolgálás.",Olumlu,1
173086,MOL Plugee Mosonmagyaróvár M1 S,MOL,Macaristan,47.871453873211294,17.214976161640607,ChIJUUo8nKd3bEcRqoFZ7PdXyFE,"Csak azért 2,mert sok mindennel felszerelt és tágas,sok wc-vel. De a kiszolgálás felháborító. Utolsó Tescoban nem viselkedett így velem még a pénztáros, mint itt, egy szezonális Toffe Latte-t szerettem volna kérni, még a mögötte lévő monitoron is ment a reklám, sor se volt, pont jó időben érkeztünk. A pénztárnál lévő “úr” pofátlan stílusban visszakérdezett először,majd félbeszakított és így szólt: Na ezt itt most fejezzem be, náluk nincsen ilyen kávé, nem is volt, más kúton biztos van, de itt náluk nincsen.Majd ezek után nem törődve velem rögtön a következő vásárlóra nézett és várta a mondani valóját.Nem kértem el a vásárlók könyvét,mert konkrétan lesokkolt és nem jutott eszembe..",Olumsuz,-1
173086,MOL Plugee Mosonmagyaróvár M1 S,MOL,Macaristan,47.871453873211294,17.214976161640607,ChIJUUo8nKd3bEcRqoFZ7PdXyFE,"Nekem eddig minden rendben volt. A többi utazó nevében is köszönöm, hogy van szélvédő takarításhoz tisztítószeres víz és normális állapotú, hosszúnyelű lehúzó kikészítve, hogy szép tiszta legyen a kilátás és ne folyjon a könyökünkig a mosófolyadék mint a sok  helyen kirakott mini lehúzókkal.

Tény, hogy ez egy forgalmas hely, viszont megéri várni mert finom a kaja.

A mosdók állapota pedig azokat minősíti, akár magyart akár átutazót,  akik nem fogják fel, hogy bármilyen kárt okoznak, vagy bármilyen szennyezést okoznak szandékosan, azokkal a saját honfitársaiknak hagynak maguk után bajt, hiszen a saját honfitársaik is ugyanúgy megállnak átutazás közben és az várja őket, amit a sajátjaik maguk után hagytak.",Nötr,0
173086,MOL Plugee Mosonmagyaróvár M1 S,MOL,Macaristan,47.871453873211294,17.214976161640607,ChIJUUo8nKd3bEcRqoFZ7PdXyFE,"***FIGYELEM****
Sajnos nem figyeltem az árfolyamra (az én hibám), mert fáradt és siettem, így 5 liter AdBlue-ért és 1 liter motorolajért átvertek, és 74 eurónak megfelelő összeget fizettem!! Nem ellenőriztem a nyugtát (kép mellékelve), és eltávolították a felső részt. Végül megnéztem néhány Google-véleményt, és évek óta átverik az ügyfeleket; miért nem foglalkozik senki a MOL-nál ezekkel a tolvajokkal?",Olumsuz,-1
173086,MOL Plugee Mosonmagyaróvár M1 S,MOL,Macaristan,47.871453873211294,17.214976161640607,ChIJUUo8nKd3bEcRqoFZ7PdXyFE,"A kiszolgáló hölgy azt kérdezte miert nem vesszük online a marricát?! Látszott rajta,hogy nehezére esik a kiszolgálás... (Azért nem vesszük online, hogy ö is tegyen valamit a fizetéséért ha már kasszásként van alkalmazva)",Olumsuz,-1
107415,"Bicske, Kossuth Lajos utca",E-Mobi,Macaristan,47.49236825720904,18.634237144566328,ChIJv0FcGM8SakcRzm3DhHEwyis,"Szuper, működött elsőre. Meki parkolóban kiváló helyen, vadi új. Max 40kw és 250ft áron.",Olumlu,1
170561,"Nyíregyháza ALDI, Móricz Zsigmond utca",E.ON (HU),Macaristan,47.941706,21.714339,ChIJL2Z8MrOfOEcRwaeeK3hVWwo,Nem működik a gyorstöltö,Olumsuz,-1
302171,CURB - Móricz Zsigmond Színház Nyíregyháza,Curb (Hungary),Macaristan,47.95398653700684,21.711190403041,ChIJv5w3kNCfOEcRKzcLpVXIxbc,"Hatalmas töltési sebességre senki ne számítson itt.
A Hotel Dzsungel melletti aszfaltos parkokóban találjuk a töltőt. A parkoló bejáratánál a tábla azt írja, csak szálló vendégek hajthatnak be. Bízom benne, hogy ez a töltésre nem vonatkozik.
Alkalmazás nincs, egy weboldalon a QR-kód belvasása után lehet indítani a töltést. A zárolt összeg 10 ezer forint körül volt.",Olumsuz,-1
195326,Nova Futura - Verpelét ,TEA.,Macaristan,47.84663870259868,20.22536827999079,ChIJHbjFjju5QEcRXw1xXbP9qP0,"Második alkalom,hogy 90kwh van korlátozva a töltésem. (Előmelegített akkuval)
Az IONITY-nél 15 méterrel arrébb megy 180-nal is ilyenkor.. Ráadásul a töltést is 4 perc homokóra után kezdte.",Olumsuz,-1
195326,Nova Futura - Verpelét ,TEA.,Macaristan,47.84663870259868,20.22536827999079,ChIJHbjFjju5QEcRXw1xXbP9qP0,"Szeretem a TEA töltőket, Tesla charger hiányában az M3-on nagyon jól pozicionált. Ma viszont nagyon jó kezdeti pár perc után ( 130kwh+ ) beált mellém egy másik autó es a sebesség leesett 5-10kwh-ra vagy 5 percen keresztül. Majd nagy nehezen visszagyorsult (80-90re). Kicsit fura, pláne, hogy perceken át ez volt. A lassulás vagy a sebesség osztás okés de ilyet még sehol máshol nem láttam...",Olumsuz,-1
195326,Nova Futura - Verpelét ,TEA.,Macaristan,47.84663870259868,20.22536827999079,ChIJHbjFjju5QEcRXw1xXbP9qP0,"A pihenő keleti felében találjuk a töltőt, az étterem szomszédságában. 2x180kW gyorstöltőt találunk itt.",Olumlu,1
195326,Nova Futura - Verpelét ,TEA.,Macaristan,47.84663870259868,20.22536827999079,ChIJHbjFjju5QEcRXw1xXbP9qP0,"Remek lokáció, gyors töltés, szuper étterem ezen az oldalon.",Olumlu,1
195326,Nova Futura - Verpelét ,TEA.,Macaristan,47.84663870259868,20.22536827999079,ChIJHbjFjju5QEcRXw1xXbP9qP0,"Egy töltő oszlop 2x180 KW. Finom étterem, jó kávé. Máskor is itt állok meg tölteni.",Olumlu,1
192026,TEA. SARPI Dorog Égetőmű,TEA.,Macaristan,47.730366498247776,18.709659764433923,ChIJwXJ6a9dlakcR88I4L6nlHoA,Éppen szabad volt a töltő. Ezen már NFC-vel is lehet fizetni.,Olumlu,1
192026,TEA. SARPI Dorog Égetőmű,TEA.,Macaristan,47.730366498247776,18.709659764433923,ChIJwXJ6a9dlakcR88I4L6nlHoA,"Néha a töltési etikett nem működik. Ha nem tudsz 15 percre töltőt venni, mert valaki két órán át tervezi használni, hogy az autója pontosan 100%-ra legyen feltöltve, akkor menj vásárolni a vitatkozás helyett. A LIDL is közel áll hozzád.",Olumsuz,-1
192026,TEA. SARPI Dorog Égetőmű,TEA.,Macaristan,47.730366498247776,18.709659764433923,ChIJwXJ6a9dlakcR88I4L6nlHoA,"Csak egy töltőállomás, semmi a közelben.",Olumsuz,-1
192026,TEA. SARPI Dorog Égetőmű,TEA.,Macaristan,47.730366498247776,18.709659764433923,ChIJwXJ6a9dlakcR88I4L6nlHoA,Rendben,Olumlu,1
92940,"Hévíz, Danubius Health Spa Resort Hévíz Superior",MVM Partner Zrt.,Macaristan,46.787225,17.1860810000001,ChIJv0say4odaUcRHU39ZAy_154,"Siófoki központtal egy regionális ügyfélszolgálat saját hatáskörben, kevés dolgot tud elintézni önállóan.
Így eredményessége gyakorlatilag, korlátok közé van szorítva.",Olumlu,1
92940,"Hévíz, Danubius Health Spa Resort Hévíz Superior",MVM Partner Zrt.,Macaristan,46.787225,17.1860810000001,ChIJv0say4odaUcRHU39ZAy_154,"Mi nem töltöttünk, de zöld rendszámmal ingyen tudtunk parkolni ☺. A töltő Mobility-s, azaz fizetős.",Olumsuz,-1
92940,"Hévíz, Danubius Health Spa Resort Hévíz Superior",MVM Partner Zrt.,Macaristan,46.787225,17.1860810000001,ChIJv0say4odaUcRHU39ZAy_154,"Egy borzasztòan kivitelezett, igènytelen munka eredmènye..... de müködik 😐",Olumlu,1
92940,"Hévíz, Danubius Health Spa Resort Hévíz Superior",MVM Partner Zrt.,Macaristan,46.787225,17.1860810000001,ChIJv0say4odaUcRHU39ZAy_154,"Érdemes betérni,osztrák színvonal.",Olumlu,1
92940,"Hévíz, Danubius Health Spa Resort Hévíz Superior",MVM Partner Zrt.,Macaristan,46.787225,17.1860810000001,ChIJv0say4odaUcRHU39ZAy_154,Nagyon jó dolog!,Olumlu,1
194632,TEA. Sobri Jóska ,TEA.,Macaristan,47.131544,17.629144,ChIJFykxfM13aUcRuWd1L9tjb-k,"Lehet vele tölteni, de rá kell nézni, mert lehet, hogy újra kell indítani.",Nötr,0
194632,TEA. Sobri Jóska ,TEA.,Macaristan,47.131544,17.629144,ChIJFykxfM13aUcRuWd1L9tjb-k,"Müködik, több irányból elérhető, több csatlakozási lehetőség, jó árazás!",Olumlu,1
473107,E.ON Drive - Morohalom,E.ON (HU),Macaristan,46.221583278007984,19.90015842918285,ChIJsULju2yCREcRhxKCzYAqS_c,"Sajnos nagy csalódás volt. Először is nem működött a QR kódos felület, így céges kártyával nem tudtam használni, csak applikációval és saját kártyával. Majd a töltő mindössze 58 kw-al töltött, ami messze elmarad az elvárttól. Nem töltött senki más az oszlopon, így elvártam volna, h 20-80% között a kocsi által felvehető (közel) 150 kw-al töltse. Tehát a 400 kw-nak hirdetett oszlop igazából egy ~50 kw-nak felel meg a valóságban. Ha egyszerre két kocsi is tölt az oszlopon, akkor meg 25 kw/autó lenne? Vicc...",Olumsuz,-1
130954,"Decathlon Budaörs, 10058 - Mobiliti",NKM mobiliti,Macaristan,47.4531835554159,18.9366945848882,ChIJGXP4SIHgQUcRoBE6LHBudj8,Használhatatlan fos. Nem férni hozzá.,Olumsuz,-1
130954,"Decathlon Budaörs, 10058 - Mobiliti",NKM mobiliti,Macaristan,47.4531835554159,18.9366945848882,ChIJGXP4SIHgQUcRoBE6LHBudj8,Egy hypermarket parkoloban 3/3 nem működik gratulálok mobility 👏👏,Olumsuz,-1
130954,"Decathlon Budaörs, 10058 - Mobiliti",NKM mobiliti,Macaristan,47.4531835554159,18.9366945848882,ChIJGXP4SIHgQUcRoBE6LHBudj8,Kedves dolgozok áru mindig van,Olumlu,1
174963,MOL Plugee Görbeháza M3 N,MOL,Macaristan,47.802458790772135,21.20031383352864,ChIJ0UX4A6NOR0cRFJqVgbNedhI,"A kiszolgáló inkább a telefonját nézegette, minthogy letörölte volna az asztalokat. Mindenhol szemét volt, a mosdó állapota pedig 200 forintért egyáltalán nem elfogadható. Az asztalok ragadnak a kosztól, az ülőgarnitúra szakadt – összességében sajnos nagyon lepukkant az egész kút.",Olumsuz,-1
174963,MOL Plugee Görbeháza M3 N,MOL,Macaristan,47.802458790772135,21.20031383352864,ChIJ0UX4A6NOR0cRFJqVgbNedhI,"A mosdó tisztasága kritikán aluli, a kiszolgálásról ne is beszéljünk. Az imént végighallgattam hogy a pultos hölgy mennyi fizetést kapott a decemberi hajrá után mindezt nem azért mert akartam hanem mert a barátnőjével kihangosítva telefonált :) köszönöm a korai kabaré jelenetet!",Olumsuz,-1
174963,MOL Plugee Görbeháza M3 N,MOL,Macaristan,47.802458790772135,21.20031383352864,ChIJ0UX4A6NOR0cRFJqVgbNedhI,"Bunkó, lassú kiszolgálás, tiszta mocskosak az asztalok! Kikèrtük a kávét, külön oda kellett menni szólni, hogy mikor kapjuk meg, amikor sorba álltunk és ki volt fizetve. A mellékhelyiség minősíthetetlen!!! A kis hölgy szó szerint odab.szta a pultra a kávét, mert mérges volt, hogy az egyik vendég szólt, talán a wct ki kéne takarítani! Undorító hely!!!Azzal a kesztyűvel ment wc-t takarìtani, amivel kiszolgált!! Csináljanak ezzel valamit, mert be lesznek zártava !!!",Olumsuz,-1
174963,MOL Plugee Görbeháza M3 N,MOL,Macaristan,47.802458790772135,21.20031383352864,ChIJ0UX4A6NOR0cRFJqVgbNedhI,"Vasárnap reggel érkeztünk. Rendelésünket időben megkaptuk, személyzet kedves volt. A személyzet létszámát tekintve pozítiv élmény lett volna ha az asztalok le vannak törölve. Valamennyi asztal morzsás, maszatos volt. Egy felújítás elférne a boxokra és a mosdókra is.",Nötr,0
174963,MOL Plugee Görbeháza M3 N,MOL,Macaristan,47.802458790772135,21.20031383352864,ChIJ0UX4A6NOR0cRFJqVgbNedhI,"Dupla presszó helyett szimpla presszót dupla áron. Reklamációnál nyegle válasz, s hoppon eladó közli itt ennyi a dupla presszó kávé, ha meg akarom mérni, hozzak magammal mérő edényt, mérjem le és ha akarok írjak a vásárló könyvébe. Vezető nincs. Nem ajánlom senkinek.

Horrible service, high prices.",Olumsuz,-1
235561,GRID (evDirect) Skoda AutóCity 150kW,EV Direct,Macaristan,46.08403010490531,18.27165150162,ChIJebnSeyGxQkcR01nWqFmJFLM,"Nem működött a töltőállomás. Ennyi pénzért ez elfogadhatatlan. Elég nagy bajba kerültem emiatt. Rengeteg időt vesztettem. Ha tehetem, soha nem tervezek Shell töltővel a jövőben.",Olumsuz,-1
235561,GRID (evDirect) Skoda AutóCity 150kW,EV Direct,Macaristan,46.08403010490531,18.27165150162,ChIJebnSeyGxQkcR01nWqFmJFLM,"Könnyen használható, elegendő hely az autó elhelyezésére",Olumlu,1
235561,GRID (evDirect) Skoda AutóCity 150kW,EV Direct,Macaristan,46.08403010490531,18.27165150162,ChIJebnSeyGxQkcR01nWqFmJFLM,"Jó elhelyezkedés, fedett rakodótérrel",Olumlu,1
235561,GRID (evDirect) Skoda AutóCity 150kW,EV Direct,Macaristan,46.08403010490531,18.27165150162,ChIJebnSeyGxQkcR01nWqFmJFLM,14kw......,Olumsuz,-1
155902,"Szeged, Londoni körút",E.ON (HU),Macaristan,46.25475,20.136529,ChIJ-xOQm9qHREcRR_GUWyhCVV4,"Rendben elindult a töltés, minden rendben volt.",Olumlu,1
107554,"Vácrátót, Szentháromság templom",E-Mobi,Macaristan,47.709883399158215,19.23371413788982,ChIJfdwIhebSQUcRvs0bSedFWfI,"Köszönöm! Hogy nem kell applikációkat letöltögetnem! Hogy nem kell regisztrálnom! Hogy nem kell bankkártya adatokat beállítgatnom. Hogy bedugom, tölt, leállítom, hazamegyek! Így kellene mindenhol!",Olumlu,1
92828,"Budapest, Danubius Hotel Flamenco",MVM Partner Zrt.,Macaristan,47.4784246,19.0398087,ChIJwTuh1JXZQUcRMha9i89NDtw,Nem lehet hozzájuk be jutni 😡,Olumsuz,-1
92828,"Budapest, Danubius Hotel Flamenco",MVM Partner Zrt.,Macaristan,47.4784246,19.0398087,ChIJwTuh1JXZQUcRMha9i89NDtw,"A kéretlen reklámlevelekkel való bombázás pont egy egy csillagos cégre utaló magatartás. Egy monopólium esetében pedig fölösleges is. Inkább a színvonalat kellene növelni, az ügyfélbarátságot.",Olumsuz,-1
92828,"Budapest, Danubius Hotel Flamenco",MVM Partner Zrt.,Macaristan,47.4784246,19.0398087,ChIJwTuh1JXZQUcRMha9i89NDtw,"Ez a központi iroda, nem ügyfélszolgálat.
Az a Lehel téren vagy az Angyalföldi út 5/B-ben van.",Olumsuz,-1
92828,"Budapest, Danubius Hotel Flamenco",MVM Partner Zrt.,Macaristan,47.4784246,19.0398087,ChIJwTuh1JXZQUcRMha9i89NDtw,"Milyen partner az olyan, amely semmilyen szakmai kérdésre nem tud válaszolni?",Olumsuz,-1
92828,"Budapest, Danubius Hotel Flamenco",MVM Partner Zrt.,Macaristan,47.4784246,19.0398087,ChIJwTuh1JXZQUcRMha9i89NDtw,Hamar sikerült elintéznem amiért időpontra mentem.🎉,Olumlu,1
174045,MOL Plugee Szatymaz M5 E,MOL,Macaristan,46.3718403636247,19.998872573171525,ChIJAZ3rL1p_REcRxKnUZHtRXic,"Utálok Google értékelést adni, mert van amikor az eladónak nehezebb napja van vagy bármi lehet.. DE EZ! TARTHATATLAN!  hosszú út után gondoltuk betérünk a kútra mosdóba és hogy együnk igyunk valamit… 2 wc üzemelt az összes többi zárva volt.. ne haragudjatok meg, de ezt hogy gondoljátok?! A fertő ömlik ki. A wcből bugyog ki minden az egy dolog… de ételt árultok 3 méterre a wctől, ami meg így néz ki?! Csoda hogy az ÁNTSZ nem zárta még be ezt a helyet, mert az egy dolog, hogy az ember tankolni jár a kútra, de könyörgöm… legputrisabb országokba nem néz ki így a wc… egy hányás..",Olumsuz,-1
174045,MOL Plugee Szatymaz M5 E,MOL,Macaristan,46.3718403636247,19.998872573171525,ChIJAZ3rL1p_REcRxKnUZHtRXic,"Reggel betértem venni egy coca colát mert megszomjaztam, látom hogy 2db-ot veszek akkor kapok egy ajándék zoknit, megörültem hogy milyen szuper karácsony elött, majd közlik hogy ja nincs már elfogyott, erre én is közöltem udvariasan, akkor a kis kártyát le kellene venni mert ez kicsit megtévesztés l, én is csak 1 colát vettem volna. Itt mindíg kedvesek szoktak lenni, de most csalodtam.",Olumsuz,-1
174045,MOL Plugee Szatymaz M5 E,MOL,Macaristan,46.3718403636247,19.998872573171525,ChIJAZ3rL1p_REcRxKnUZHtRXic,"A kút általában rendben volt, kútoszlopok, shop, fresh corner, kiszolgálás, azonban a mellék helyiség kritikán aluli állapotban volt. Toalett papír darabok szanaszét dobálva minden felé, üres ásványvíz palack, egyik mellékhelyiségben még használt felnőtt pelenka is (érthetetlen). A takarítási kiírás szerint rendszeres a munka elvégzése, de ezt kétlem, ez nem egy-két órás mocsok volt.",Olumsuz,-1
174045,MOL Plugee Szatymaz M5 E,MOL,Macaristan,46.3718403636247,19.998872573171525,ChIJAZ3rL1p_REcRxKnUZHtRXic,Hihetetlenül kedves kiszolgálásban volt részem. A munkám miatt sokat utazom autóval és sok pihenőben iszok vagy akár eszek valamit. Itt magasan az elvárásaimnak megfelelő hozzá állást éltem meg. Aki erre jár bátran ajánlom ezt a shopot.,Olumlu,1
174045,MOL Plugee Szatymaz M5 E,MOL,Macaristan,46.3718403636247,19.998872573171525,ChIJAZ3rL1p_REcRxKnUZHtRXic,"Hazugok és tolvajok!

Két nagy hotdogot rendeltem, nem csípőset, mert gyerekeknek volt. Ehelyett két brutálisan csípős hotdogot adtak el nekem, és ráadásul egy doboz üdítőt is feltettek a számlára, amit semmikor sem rendeltem, és senki nem szólt róla! Amikor rákérdeztem, csak annyit mondtak, „persze, viheted”, mintha ez mindent rendben tenne. Amikor visszamentem panaszkodni a csípős hotdogok miatt, egyáltalán nem akartak meghallgatni. Ezek az emberek borzalmasak a kiszolgálásban, teljesen megbízhatatlanok és tisztességtelenek. Figyeljetek mindenre, mert máshol becsapnak!",Olumsuz,-1
107760,"Pécs, Állatkert",E-Mobi,Macaristan,46.093396,18.225816,ChIJTyDo92CxQkcRVNJsT6KM_4A,"Akár 50 kW-osnak hirdették, de a valóságban 7 kW-os töltés lett a vége. Fájdalmasan lassú. 16 kWh 2 óra 14 perc alatt. Nagyon csalódott. Gondolom, a Kwh-díjon felüli 18 forintos perchasználati díjból többet akarnak keresni azzal, hogy alacsonyabb teljesítményt biztosítanak. Szánalmas!",Olumsuz,-1
171103,TEA. Wolf Autó,TEA.,Macaristan,47.21042014209908,18.364287957287843,ChIJwXCG1xr3aUcRggc0SeI7cVI,Atgondolatlan CCS es CHADEMO vezetek elhelyezes. Keritesen at kell emelni a vaskos vezeteket a csatlakozoval.,Olumlu,1
171103,TEA. Wolf Autó,TEA.,Macaristan,47.21042014209908,18.364287957287843,ChIJwXCG1xr3aUcRggc0SeI7cVI,Nagyon jó és gyors töltőállomás ✅🕛🔋,Olumlu,1
135089,"Pécs ALDI, Árnyas út",E.ON (HU),Macaristan,46.050899,18.229802,ChIJmcu2I8CzQkcRaKuQE4-cE-0,"Már nem ingyenes a töltés, 50 KW esetében 299 Ft /KW, a percdíj ami ingyenes maradt az első 45 percben vagy a 22 KW esetében az első 1 órában.",Olumsuz,-1
135089,"Pécs ALDI, Árnyas út",E.ON (HU),Macaristan,46.050899,18.229802,ChIJmcu2I8CzQkcRaKuQE4-cE-0,"Kiváló töltési lehetőség szuper áron! Szintén nagyon egyszerű az e.on alkalmazással. Ez ""csak"" 50 kWh, de az is elég, ha vásárlással kombinálod.",Olumlu,1
129727,"M7 Keresztúri pihenőhely, dél (e-Mobi, 22 kW AC + 50 kW DC)",E-Mobi,Macaristan,46.68342883352699,17.380107054612495,ChIJU2skw93-aEcRhxTEtv_TvnM,"Második alkalommal nem működött az a töltő, ami elvileg jó volt. Váltás után minden rendben volt.",Olumsuz,-1
129727,"M7 Keresztúri pihenőhely, dél (e-Mobi, 22 kW AC + 50 kW DC)",E-Mobi,Macaristan,46.68342883352699,17.380107054612495,ChIJU2skw93-aEcRhxTEtv_TvnM,"194kW, elég gyors!",Olumlu,1
129727,"M7 Keresztúri pihenőhely, dél (e-Mobi, 22 kW AC + 50 kW DC)",E-Mobi,Macaristan,46.68342883352699,17.380107054612495,ChIJU2skw93-aEcRhxTEtv_TvnM,"53kW teljesítménnyel töltötte a kocsit :(
Messze a maximális 75kW...",Nötr,0
129727,"M7 Keresztúri pihenőhely, dél (e-Mobi, 22 kW AC + 50 kW DC)",E-Mobi,Macaristan,46.68342883352699,17.380107054612495,ChIJU2skw93-aEcRhxTEtv_TvnM,"Utba esik, mindig van hely, gyors",Olumlu,1
129727,"M7 Keresztúri pihenőhely, dél (e-Mobi, 22 kW AC + 50 kW DC)",E-Mobi,Macaristan,46.68342883352699,17.380107054612495,ChIJU2skw93-aEcRhxTEtv_TvnM,80%-ra 16 perc alatt!,Olumsuz,-1
300114,Dulácska utca,Mobiliti.hu,Macaristan,47.43910628474225,18.889709910726367,ChIJS8wBGTzgQUcRkbc8iFo-LG4,"Télen rendszeresen leállt  toltés kozben.
Utána évszaktól függetlenül is
Ma megpróbáltam megint itt tölteni de 5p után töltési hiba jelzéssel leállt
Ma már nem is hívtam Őket
mert teljesen felesleges
Sehol máshol nem volt ilyen problémám.",Olumsuz,-1
194577,TEA. 60-as Fogadó Déli oldal Debrecen felé,TEA.,Macaristan,47.68790058964717,19.741632619638835,ChIJB7e6bABNQEcR-eK6x77PvFU,"A töltőt könnyű megtalálni, tábla is jelzi, hogy merre kell menni. A fogadót mi jobbkéz felül kerültük, és ahogy elhaladtunk mellette, már látni lehetett a töltőoszlopot. Szerencsénkre pont volt szabad hely. A töltő is tökéletesen működött.",Olumlu,1
194577,TEA. 60-as Fogadó Déli oldal Debrecen felé,TEA.,Macaristan,47.68790058964717,19.741632619638835,ChIJB7e6bABNQEcR-eK6x77PvFU,131 kWh sebesség,Olumlu,1
161293,BP Mészáros MOL,MOL,Macaristan,47.49444073544353,19.02851608045876,ChIJsWSsuyXcQUcRbiSOuYZSpxU,"Szégyen gyalázat, hogy egy ilyen multi cégnél megengedett olyan munkavállalói hozzáállás, hogy azért nem tud a vásárló igénybevenni szolgáltatást mert a dolgozó nem tudja, hogyan kell csinálni! A mai napon 2026.03.04. 23:00h-kor szerettem volna RFID kártyával indítandó töltés csomagot vásárolni, mert szükségállapot volt a továbbhaladásom végett és csak készpénz volt nálam… Felháborító, hogy ilyet megengedhet magának a MOL vállalat! Miközben a telefonos ügyfélszolgálat is csodálkozva reagált a helyzetre. Gyakorlatilag azért kap fizetést valaki, mert nem tudja ellátni a munkáját, de még meg sem próbálja, hanem elsőre azt hazudja nincs ilyen lehetőség, második próbálkozásra bevallja nem tudja mit kell csinálni. Szégyen!!!",Olumsuz,-1
161293,BP Mészáros MOL,MOL,Macaristan,47.49444073544353,19.02851608045876,ChIJsWSsuyXcQUcRbiSOuYZSpxU,"Sajnos nem egyszer tapasztalom, az ősz hajú szemüveges pocakos úr, trágárul szitkozódik hogy neki mennyire teli a f@sz@. Köszönni nem tud, viselkedése egyenlő a nullával (fülét, órrát birizgálja). Kíváncsi lennék ha ezért a viselkedésért amit többen is észre veszünk, panaszt írnánk mennyire lenne egyszerű a munka keresés.",Olumsuz,-1
161293,BP Mészáros MOL,MOL,Macaristan,47.49444073544353,19.02851608045876,ChIJsWSsuyXcQUcRbiSOuYZSpxU,"Kajára mindig köpködnek és vergődnek, de kérdem én: akkor minek dolgoznak a kúton, ha nem bírnak normálisan felszolgálni? Budapesten taxisként szerintem mindenki máshová hordja a pénzét ide tényleg nem érdemes betérni.",Olumsuz,-1
161293,BP Mészáros MOL,MOL,Macaristan,47.49444073544353,19.02851608045876,ChIJsWSsuyXcQUcRbiSOuYZSpxU,"Szép napot! Tankolni voltunk vásárolni pályamatricát megkostoltuk a Levendulás Lattét.Finom friss hotdogok szendvicseket lehet fogyasztani.A kiszolgálás felsöfokon dijjazva!! 😀Csillagos 5☆.Gyönyörű tiszta benzinkút,tiszta mosdok.Kellemes családias hangulat. Vidám mosolygos eladokkal.Nagyon szeretünk oda járni.Bátran ajánlom mindenkinek.Mindenben segitenek.Kutyabarát hely.",Olumlu,1
161293,BP Mészáros MOL,MOL,Macaristan,47.49444073544353,19.02851608045876,ChIJsWSsuyXcQUcRbiSOuYZSpxU,"Nagyon jó kút, hozzáértő szakemberekkel.
Kérés nélkül kicserélték az ablaktörlőmet, ritka hozzáállás ez manapság.
Köszönöm szépen srácok.",Olumlu,1
161302,Gödöllő Állomás út MOL,MOL,Macaristan,47.59935140173181,19.35512887764321,ChIJvdATFO_JQUcR7_BDyRngjLw,"Tegnap éjszaka 3:00 ketten a párommal el mentünk tankolni, kettő topjoyt lett még véve a tankoláshoz, oda vitte a topjoytokat a pulthoz és azt is mondta hogy még van a tank is ( csak mi tankoltunk egyedül) A nő ( szemüveges nagy darab) alig figyelt rá, gyorsan le rendezte majd jöttünk is el pár perc múlva. Ma délután vettük észre hogy valami nem volt oké a fizetésnél , majd arra lettem figyelmes hogy fenyegető leveleket kapok és NEM csak én! Hanem a családomnak is végig irkáltak hogyha most nem megyünk be rendőrség egyből. Szerintem mi egyáltalán nem “csak úgy” el jöttünk hanem be ment a párom fizetni, meg nem úgy álltunk oda mint aki lopni akarná a benzint, be ment vett üdítőt is + ott álltunk még jó pár percig. Azért mert valaki figyelmetlen a benzinkúton ne mi legyünk a hibásak és ne így álljanak nekünk, nyugodtan írhattak volna higgadtan is bementünk volna ki lett volna ugyanúgy fizetve 🙂",Olumsuz,-1
161302,Gödöllő Állomás út MOL,MOL,Macaristan,47.59935140173181,19.35512887764321,ChIJvdATFO_JQUcR7_BDyRngjLw,A mosó 2 hónapja nem müködik. Ez sehová nincs kirva vagy feltünteve.,Olumsuz,-1
161302,Gödöllő Állomás út MOL,MOL,Macaristan,47.59935140173181,19.35512887764321,ChIJvdATFO_JQUcR7_BDyRngjLw,"Azért egy MOL kúton ilyen hideg legyen a. Wc,?? Tisztet tulajdonos, othon is sajnálja a fűtést a wc??
Ez azért nrm MOL színvonal.",Olumsuz,-1
161302,Gödöllő Állomás út MOL,MOL,Macaristan,47.59935140173181,19.35512887764321,ChIJvdATFO_JQUcR7_BDyRngjLw,"Nagyot csalódtam! Mikod bementem 3!!! Szor kellett köszönnöm este 7kor,mire falatozva végre előkerült egy hölgy. Elnent kb 7 percem.. Bár eleve szívesebben tankolok omv nél, de itt van feltölthető benzinkártya, ezért itt tankoltam egy pár litert. Vettem 10000 ft ért AJÁNDÉKBA egy kártyát kifizettem, otp betéti kártyával. Aktiváltatni akartam, mire 15 perc pötyögés után úgy akarta ideadni, hogy nem lehet most megoldani. Kértem oldja meg. Telefonálgatni kezdett, hallhatóan fogalma nem volt hogy, mit kell csinálni, amit pötyögött az hiba volt. Telós útmutatással próbált egy másikat érvényessé tenni. Nem sikerült. Hátra ment. Ott is telózott, majd közölte, hogy az aktiváló irodában nincsenek ott, a kollegák 4ig dolgoztak. Jöjjek vissza holnap... Kimenőn voltam, kórházból. Mondtam, nem tudok visszajönni. Rendben kérem a 10 ezret vissza. Megint eltűnt. Telefonált majd közölte, nem tudja visszautalni mert nem működik az utalás hétvégén. Mondtam, ha levonni tudták visszautalni is tudják. Közben kérdeztem, hogy ha nem dolgoznak 4 után pénteken, akkor miért adta el a kártyát. Hebegett és azt mondta, hogy ezek mind selejtek hétfőre talán kap jókat. Ekkor már kezdett, elveszteni a hülye magyarázatoktól a türelmem. Lényeg se kártya, se pénz. Kivizsgálta a mol közp. Szerintük visyzautalták már, de a számlámon nem jelentkezett... Eltűnt... Ennyit a mol kútról. 1 hónappal később :Visszakaptam a pénzt... Végre!",Olumsuz,-1
161302,Gödöllő Állomás út MOL,MOL,Macaristan,47.59935140173181,19.35512887764321,ChIJvdATFO_JQUcR7_BDyRngjLw,Ez egy jó kút volt. Már nem az. Fél10kor nem lehet tankolni csak ha 3x bemész könyörögni. Vicc.,Olumsuz,-1
194626,TEA. Nyíregyháza Ledtechnika,TEA.,Macaristan,47.937061,21.749332,ChIJS3cWzjCfOEcRcQGWemSFpDg,"Alig észrevehető hely, de kellemes.  Van 34kw, 60kw, és 200kw töltési lehetőség. Igaz, a 200kw.on csak 70kw körül töltött (pedig előfűtött autóval érkeztem),  de van melegedő, wc.vel(!)  ital automata és melegital automata is. Érdemes kipróbálni.",Olumlu,1
194626,TEA. Nyíregyháza Ledtechnika,TEA.,Macaristan,47.937061,21.749332,ChIJS3cWzjCfOEcRcQGWemSFpDg,"Magyar ""kis"" céghez képest jól felszerelt hely.  Kávé és nasi automata, szemetes, mosdó. Sajnos a második töltő kis teljesítményű, jó volna az is nagyobb",Olumlu,1
194626,TEA. Nyíregyháza Ledtechnika,TEA.,Macaristan,47.937061,21.749332,ChIJS3cWzjCfOEcRcQGWemSFpDg,Kelet-Magyarország legjobb töltője.👌,Olumlu,1
194626,TEA. Nyíregyháza Ledtechnika,TEA.,Macaristan,47.937061,21.749332,ChIJS3cWzjCfOEcRcQGWemSFpDg,"A töltés jól működik, viszont az automaták drágák és pocsék termékeket árulnak. A kávé szörnyű vizes, a csokik szavatossága pedig hónapokkal korábban lejárt.",Nötr,0
194626,TEA. Nyíregyháza Ledtechnika,TEA.,Macaristan,47.937061,21.749332,ChIJS3cWzjCfOEcRcQGWemSFpDg,"Szuper állomás, gyors, olcsó, könnyen megközelithető. Finom kávé, forró csoki, italautomata üdítővel, snack termékekkel, korrekt árak. Fűtött, tiszta pihenő, mosdóval, WC-vel. Hibátlan",Olumlu,1
130351,"Debrecen, ALDI, Ozmán utca",E.ON (HU),Macaristan,47.4954759777103,21.6331122850565,ChIJz1TRw_4OR0cRIZ_3TAT16sY,Reméljük egyre több ilyen pont lesz a városban és országszerte.,Olumlu,1
161296,BP Szentendrei 100 MOL,MOL,Macaristan,47.550492760876494,19.04328677287822,ChIJqyAbUGXZQUcRpb3Rq59eVr8,"Tankolás közben a pisztolyból folyt az üzemanyag, emiatt édesapám keze teljesen olajos lett. Ahelyett, hogy a személyzet megértést vagy segítséget mutatott volna, kifejezetten mogorva és segítőkészség nélküli hozzáállást tapasztaltunk.
Egy ilyen helyzetben minimum elvárható lenne a probléma kezelése és egy kis empátia a vendégek felé. Sajnos ez most teljes mértékben hiányzott.",Olumsuz,-1
161296,BP Szentendrei 100 MOL,MOL,Macaristan,47.550492760876494,19.04328677287822,ChIJqyAbUGXZQUcRpb3Rq59eVr8,"A prémium dízel pisztoly a 3-as kúton szakadozva tölt, használhatatlan. 5 perc alatt 12 l-t sikerült tankolni, más kúton fele ennyi idő alatt teletankolom az autót. A kutas szerint már más is panaszkodott erre a problémára, mégsem tesznek semmit ellene. Nem fogok többet itt tankolni.",Olumsuz,-1
161296,BP Szentendrei 100 MOL,MOL,Macaristan,47.550492760876494,19.04328677287822,ChIJqyAbUGXZQUcRpb3Rq59eVr8,"A minap megálltam tankolni ezen a kúton. Látom, hogy van önkiszolgáló terminál, ami azt hirdeti ""gyors tankolás"", hát hajrá, csak tankolni akarok. Kiválasztom, hogy tele tankot kérek, kártyát lehúzom, már lehet is tankolni, oké. De a MOL kártyámat hol húzom le (a kedvezmény és a pontok miatt)? Sehol egy lélek, bemegyek a shop-ba (pont amit elkerülni akartam). A kasszás csak annyit mond, hogy az elején kellett volna. OK, hogy megyek vissza, tudsz segíteni? Azt nem tudja, nem tud benne segíteni, ki nem jön.. zseniális.. kimegyek, addigra legalább magától kilépett a rendszer, vásárlás visszavonva. Kezdem előlről, NORMÁL vásárlást kell nyomni (ezt is nekem kell kitalálni), MOL kártya lehúzva, gondolkodik.. gondolkodik.. 2 perc után kiírja, hogy kommunikációs hiba.. 3x próbáltam meg, a MOL kártyát harmadszor sem vette be.. Átállás egy másik kúthoz, manuális tankolás, bemegyek, kasszánál mol kártya, fizetés, távozás.. A GYORS TANKOLÁS  így 3x annyi idő lett.. ez még a madaras teszkós önkiszolgáló kúton is 100x egyszerűbben és felhasználó barátabban működik!!! Ha a MOL - mint az egyik legnagyobb magyar vállalat és a piacvezető kúthálózat képtelen egy működő szoftvert fejleszteni az önkiszolgáló kútjaihoz akkor minek telepít ilyeneket?!",Olumsuz,-1
161296,BP Szentendrei 100 MOL,MOL,Macaristan,47.550492760876494,19.04328677287822,ChIJqyAbUGXZQUcRpb3Rq59eVr8,"Ma este betértem egy hot-dog ra és egy teára. 2024.10.23.
Rendkívűl pozitívan csalódtam a személyzetben főleg az idősebb úr kedvességében és korretségében.
Ritkán tapasztalok hasonló emberséget.
Ui:Kedves vezetőség! Nagyon szép a konnektoros púlt, de ha nincs benne áram az kellemetlen. Kérem ezt orvosolják!",Olumsuz,-1
161296,BP Szentendrei 100 MOL,MOL,Macaristan,47.550492760876494,19.04328677287822,ChIJqyAbUGXZQUcRpb3Rq59eVr8,"Ha errefelé van dolgom igyekszem bejönni egy kávéra, még ha nem is kell tankolni. Évek óta, még az átalakítás előtti időkben is így volt.  Kedves hölgyek a pult mögött, akik nem csak kedvesen kiszolgálnak, hanem lehet velük  beszélgetni az élet dolgairól. Köszönöm!",Olumlu,1
461760,Tesla Supercharger Pécs,Tesla (including non-tesla),Macaristan,46.06431783089815,18.18236823197185,ChIJ9Xs7a_ixQkcR3czOyYTKc5s,"Mindig van szabad töltőhely.
Gyorsak a töltők.😂",Olumlu,1
461760,Tesla Supercharger Pécs,Tesla (including non-tesla),Macaristan,46.06431783089815,18.18236823197185,ChIJ9Xs7a_ixQkcR3czOyYTKc5s,"Végül, Pécsett is van egy Supercharger. Hét darab 250 kW-os töltőállomás található közvetlenül a Decathlon parkolójában, a Tescóval szemben.",Olumlu,1
85204,TEA. Győr M1 Hedoti Autohof 75 kW DC ,TEA.,Macaristan,47.64938181136765,17.704850354163113,ChIJq2ZPt6XBa0cRPAfSoIfC6Hk,"Csak a szoksos TEA! Jó és olcsóbb, mint a többiek. Egyszerű használat. Van CHAdeMO!",Olumlu,1
85204,TEA. Győr M1 Hedoti Autohof 75 kW DC ,TEA.,Macaristan,47.64938181136765,17.704850354163113,ChIJq2ZPt6XBa0cRPAfSoIfC6Hk,180kWh gyorstöltő. A töltés egyszerűen és gyorsan indítható.,Olumlu,1
85204,TEA. Győr M1 Hedoti Autohof 75 kW DC ,TEA.,Macaristan,47.64938181136765,17.704850354163113,ChIJq2ZPt6XBa0cRPAfSoIfC6Hk,Gyorsan indult és tudta is a max teljesítményét  az autónak.  Éjjel is ingyenes Wc-vel nagyon korrekt hely!,Olumlu,1
85204,TEA. Győr M1 Hedoti Autohof 75 kW DC ,TEA.,Macaristan,47.64938181136765,17.704850354163113,ChIJq2ZPt6XBa0cRPAfSoIfC6Hk,"A töltő hipergyors, egyedül azon kellene fejleszteni, hogy egy QR kód beolvasással és hitelkártya használatával is indulhasson a töltés, mert így időt spórolhatna minden tölteni. kívánó ember.",Olumlu,1
85204,TEA. Győr M1 Hedoti Autohof 75 kW DC ,TEA.,Macaristan,47.64938181136765,17.704850354163113,ChIJq2ZPt6XBa0cRPAfSoIfC6Hk,"Megbízható töltő. A saját alkalmazásukban látható ha tölt valaki. Foglalási opció is van, valamint látható az éppen töltő autó akksi százaléka is!",Olumlu,1
106366,"Kápolnásnyék, Vörösmarty utca",E-Mobi,Macaristan,47.2386863309907,18.6739239749411,ChIJtf8IVuJNQEcRdjOQ7oADrK4,"Egyik kedvenc töltőállomásom, általában amikor megyek mindig üres (gondolom a környéken nincs sok elektromos autó illetve még nincs szezon) egy benzinkút hátsó parkolójában van, ahol sik világítás nincs de azért nem annyira para 😁 gyors a töltés, jó áron",Olumlu,1
106366,"Kápolnásnyék, Vörösmarty utca",E-Mobi,Macaristan,47.2386863309907,18.6739239749411,ChIJtf8IVuJNQEcRdjOQ7oADrK4,"Megjártuk Horvátországot oda-vissza, de egyik töltő sem indult olyan egyszerűen és gyorsan, mint ez és egyik sem volt ilyen olcsó. Megéri a kitérőt, köszi Tea! A wc kulcsát a shopból kell elkérni, ami éjszaka zárva van. Szaletliben lehet kényelmesen falatozni, kis forgalmú részen gyerekek szaladgálhatnak.",Olumlu,1
106366,"Kápolnásnyék, Vörösmarty utca",E-Mobi,Macaristan,47.2386863309907,18.6739239749411,ChIJtf8IVuJNQEcRdjOQ7oADrK4,"Gyorsan és egyszerűen működő ""Teapont"" mobiltelefonos alkalmazásból indítható a töltés. Az alkalmazás Androidra és IOS-re is elérhető magyar és angol nyelven. Bérlet vásárlás esetén kedvezményes áron lehet tölteni. Az elektromos autó töltőállomás mindenki számára 0-24 órában elérhető.",Olumlu,1
106366,"Kápolnásnyék, Vörösmarty utca",E-Mobi,Macaristan,47.2386863309907,18.6739239749411,ChIJtf8IVuJNQEcRdjOQ7oADrK4,"Szuperul mukodo tolto, bar mindegyik ilyen lenne! Varni nem kellett, senki nm volt.
Bar Tea.pontos, mi Mobiliti appal toltottunk itt.",Nötr,0
106366,"Kápolnásnyék, Vörösmarty utca",E-Mobi,Macaristan,47.2386863309907,18.6739239749411,ChIJtf8IVuJNQEcRdjOQ7oADrK4,"Mindig hibátlanul elsőre működött. Lehet kajálni kávézni kint is bent is
És szerintem a legolcsobb töltő",Olumsuz,-1
174042,MOL Plugee Kecskemét M5 W,MOL,Macaristan,46.84784402628347,19.66463900079384,ChIJIxNEfszaQ0cRpaYW9v0U_N0,"Félig megkajált fagyi volt kitéve a fagyasztóba.
Itthon vettem észre mikor neki akartam volna fogni megenni..
Nevetséges hogy egyrészt az ott dolgozók nem figyelik hogy ki mit csinál bent, másrészt ha töltik az árut nem veszik észre hogy nincs celofán a terméken.
Én is fáradtan csak kifele kiszúrtam a fagyit megkívántam az elsőt lekaptam mentem fizetni, de mikor fizettem se lett észrevéve hogy bontva van valaki által.",Olumsuz,-1
174042,MOL Plugee Kecskemét M5 W,MOL,Macaristan,46.84784402628347,19.66463900079384,ChIJIxNEfszaQ0cRpaYW9v0U_N0,"Ne műszakváltásnál érkezz... A kiszolgáló hölgy , ahogy kijött a hátsó helységből, csak ennyit mondott: "" Na bazdmeg ezek hogy lettek ennyien ? "" ( Ezt mind a 6 emberre akik ott voltak ) Majd amikor mondtuk, hogy hot-dogot szeretnénk, mondta,.hogy 2 van és kész... 8 forgott a melegítőn.. nem volt, hogy, ha vártok 10 percet lesz , vagy stb... Mellettünk a külföldiekről pedig minősíthetetlen stílusban beszélgettek.. Gratulálok !",Olumsuz,-1
174042,MOL Plugee Kecskemét M5 W,MOL,Macaristan,46.84784402628347,19.66463900079384,ChIJIxNEfszaQ0cRpaYW9v0U_N0,Igénytelen hely. Az asztalokon áll a szemét.,Olumlu,1
174042,MOL Plugee Kecskemét M5 W,MOL,Macaristan,46.84784402628347,19.66463900079384,ChIJIxNEfszaQ0cRpaYW9v0U_N0,"Kedves szemelyzet, jol feltöltött bolt, tiszta wc. Isteni volt a kávé amelyet egy fufrus hölgy szolgált fel. Ajánlom pihenőnek ezt a kutat",Olumlu,1
174042,MOL Plugee Kecskemét M5 W,MOL,Macaristan,46.84784402628347,19.66463900079384,ChIJIxNEfszaQ0cRpaYW9v0U_N0,"Ez nem az a hely ahová érdemes beugrani egy kavéra !!! A kiszolgálás lassú, szó szerint idegesítően lassú. Ha női kiszolgálás van akkor úgy érzem még ő tesz nekem szívességet hogy megkapom amit szeretnék.",Olumsuz,-1
106817,"Budapest, Budafoki MTE Sportegyesület",E-Mobi,Macaristan,47.4213738145638,19.0294920183726,ChIJd1E56vnpQUcRX2old2QGTwk,"Hibátlan töltőoszlop, jó helyen is van.",Olumlu,1
106817,"Budapest, Budafoki MTE Sportegyesület",E-Mobi,Macaristan,47.4213738145638,19.0294920183726,ChIJd1E56vnpQUcRX2old2QGTwk,"Tökéletes, mindig elérhető és mindig működik. Nem túl gyors, de elegendő a közeli család vagy éttermek meglátogatásakor.",Olumlu,1
107408,"Balatonalmádi, Almádi Yacht Club",E-Mobi,Macaristan,47.0285453816304,18.0215969127808,ChIJkyxGG1uaaUcRdp1EHzGoIk0,"Sima e töltőállomás, nem gyors töltő. Nyáron kicsit szükös a hely a sok parkoló autó miatt, akik az állatkertbe jönnek, de általában szabadon hagyják a helyet.",Nötr,0
299254,TEA. Monor 75 kW DC ,TEA.,Macaristan,47.35148182181729,19.44611546873421,ChIJ9fD80jWWQUcR4zCx6nU8oD8,"Gyors, és egyszerű töltés. Szerencsére volt szabad hely. A töltőoszlopon, a ""C"" és ""A"" töltő csatlakozó jelölése fel lett cserélve. Aki jártas a töltésben, annak egyértelmű, akinek itt lesz az első, az lehet egy picit majd nézegetni fogja...",Olumlu,1
299254,TEA. Monor 75 kW DC ,TEA.,Macaristan,47.35148182181729,19.44611546873421,ChIJ9fD80jWWQUcR4zCx6nU8oD8,A szokásos Tea minőség.,Nötr,0
299254,TEA. Monor 75 kW DC ,TEA.,Macaristan,47.35148182181729,19.44611546873421,ChIJ9fD80jWWQUcR4zCx6nU8oD8,Tökéletesen működő töltő!!!!,Olumlu,1
299254,TEA. Monor 75 kW DC ,TEA.,Macaristan,47.35148182181729,19.44611546873421,ChIJ9fD80jWWQUcR4zCx6nU8oD8,Mindig itt töltök szeretem.,Olumlu,1
299254,TEA. Monor 75 kW DC ,TEA.,Macaristan,47.35148182181729,19.44611546873421,ChIJ9fD80jWWQUcR4zCx6nU8oD8,Minden jól működött.,Olumlu,1
157438,Decathlon,NKM mobiliti,Macaristan,47.2426233826703,16.657018598233094,ChIJy_sLzke5bkcRnAXwJQTxnQM,"Szép töltő, az RFID kártyámat gond nélkül elfogadták. Sajnos nem mutatja a töltési sebességet, így nem látja, mikor kezdődik a csökkenés, és ideje egy percre árként hagyni. Sajnos mindkét AC töltő csak aljzattal rendelkezik, ezért a Type2 kábelt kell használnod. Jó, hogy a töltő a bejárat mellett van, ha a Decathlonba is be akarsz menni :)",Olumlu,1
157438,Decathlon,NKM mobiliti,Macaristan,47.2426233826703,16.657018598233094,ChIJy_sLzke5bkcRnAXwJQTxnQM,"Kényelmesen elhelyezkedő töltőállomás, a közelben autómosóval, Tescóval és BK-val – amit gyakran a berendezések meghibásodása okoz, és a percenkénti töltés mindig nagyon költséges – szerencsére most már vannak más, megbízhatóbb, jobb ár-érték arányú töltők Szombathely közelében.",Olumlu,1
157438,Decathlon,NKM mobiliti,Macaristan,47.2426233826703,16.657018598233094,ChIJy_sLzke5bkcRnAXwJQTxnQM,"Könnyű parkolás, remekül működik. Több gyorstöltési lehetőségre lenne szükség a városban.",Olumlu,1
107924,"Debrecen, Főnix Csarnok parkolója",DV Parking (HU),Macaristan,47.546637278237,21.64216455906552,ChIJ6cPhWPsNR0cRSs06juKHHD0,Teljesen korrekt ügyfélszolgálat. 10/10 kiszolgálás. Minden kérdésre korrekten és érthetően tudtak válaszolni.,Olumsuz,-1
107924,"Debrecen, Főnix Csarnok parkolója",DV Parking (HU),Macaristan,47.546637278237,21.64216455906552,ChIJ6cPhWPsNR0cRSs06juKHHD0,"Én még ilyen igénytelen alul szervezet szolgáltatást nem láttam.
Egy sorszám kivetítő sincsen ami működne.
40 ember egy ügyintéző, szó szerint katasztrófa.
Csak egy célja van minél több embert megbüntetni a parkolás miatt.
A saját nevemet lévő kocsit nem tudják regisztrálni csak hetek alatt, addig azt javasolták hogy fizessek óránként 480 forintot.
Mi ez ha nem rablás.",Olumsuz,-1
107924,"Debrecen, Főnix Csarnok parkolója",DV Parking (HU),Macaristan,47.546637278237,21.64216455906552,ChIJ6cPhWPsNR0cRSs06juKHHD0,"Tavaly még minden probléma nélkül megkaptam a lakossági engedélyt. Most hirtelen úgy tűnik, mintha szívességet kérne az ember, nem pedig a saját otthona előtt szeretne megállni.

Értem én, hogy kell a bevétel. De az, hogy a saját utcádban fizess azért, hogy leparkolj, miközben korábban ez természetes volt, minimum visszás.

Az ügyfélkezelés inkább emlékeztet egy büntetőautomatára, mint egy szolgáltatóra. Rugalmasság nulla, empátia még kevesebb.

Gratulálok, sikerült elérni, hogy az ember ne lakosnak, hanem pénztárcának érezze magát.",Olumsuz,-1
107924,"Debrecen, Főnix Csarnok parkolója",DV Parking (HU),Macaristan,47.546637278237,21.64216455906552,ChIJ6cPhWPsNR0cRSs06juKHHD0,"A mai nap egy büntetés kapcsán ügyintézni voltam személyesen.
A jobbról második helyen, egy nagyon kedves szőke hölgy volt a segítségemre, innen is köszönöm Neki.

Sajnos volt már rossz tapasztalat is náluk (gondolok itt arra, hogy flegma és lekezelő ügyintézőt is fogtam már ki), de bízom benne, hogy előbb utóbb csak a maihoz hasonló figyelemes és kedves ügyintézői kvalitásokkal rendelkező Kollégákat fogják előnyben részesíteni:)",Olumlu,1
107924,"Debrecen, Főnix Csarnok parkolója",DV Parking (HU),Macaristan,47.546637278237,21.64216455906552,ChIJ6cPhWPsNR0cRSs06juKHHD0,"Pótdíjazással kapcsolatban voltam bent ma az ügyfélszolgálaton. Szerencsére nem kellett sokat várakozni és az ügyintéző hölgy, akihez kerültem segítőkész volt, igyekezett a legjobb megoldást találni a problémámra.",Olumlu,1
107438,"Budapest, Zsirai Miklós utca",Mobiliti.hu,Macaristan,47.6005377013,19.047389438248047,ChIJW-Jp-ybcQUcRCjWdbryUZJ4,"Más néven Shell recharge. Nem működik egyik CCS fej sem. Nem első alkalom, hogy odamennék tölteni és nem működik. Töltőkártya autentikáció se működik. Soha többet.",Olumsuz,-1
107121,"Dunaújváros, Szabadság úti parkoló",E-Mobi,Macaristan,46.9656630281123,18.9166160924885,ChIJ_0-E4nAXQkcRMTgFv2DlhOk,Csak belső használatra van. Néha elfoglalják hagyományos autó. Gondolom a közeli piac miatt.,Olumsuz,-1
107121,"Dunaújváros, Szabadság úti parkoló",E-Mobi,Macaristan,46.9656630281123,18.9166160924885,ChIJ_0-E4nAXQkcRMTgFv2DlhOk,"Egy idő után lekapcsolt a töltés. Használatához az egyetem portáján kell elkérni az RFID kártyát, szem ig adatok ellenében.",Olumsuz,-1
107121,"Dunaújváros, Szabadság úti parkoló",E-Mobi,Macaristan,46.9656630281123,18.9166160924885,ChIJ_0-E4nAXQkcRMTgFv2DlhOk,Megszuntettek…mar nem uzemel!,Olumsuz,-1
311941,Penny,Mobiliti.hu,Macaristan,47.19266255345661,18.403310796661454,ChIJM1rSXzb4aUcRFbCciAcNR0Q,"Megváltozott a szolgáltató és a töltőállomás is nagyobb, 100 kW teljesítményű lett. Teapont az új szolgáltató.",Nötr,0
311941,Penny,Mobiliti.hu,Macaristan,47.19266255345661,18.403310796661454,ChIJM1rSXzb4aUcRFbCciAcNR0Q,CCS jól működött,Olumlu,1
311941,Penny,Mobiliti.hu,Macaristan,47.19266255345661,18.403310796661454,ChIJM1rSXzb4aUcRFbCciAcNR0Q,"Ha ingyenes lenne, benne az öt csillag.",Nötr,0
194588,TEA. Aréna IMO 75 kW DC,TEA.,Macaristan,47.49904734824722,19.09535721370412,ChIJ8Svt-X7dQUcRRjzqVb8XDCY,"Szinte minden nap ide járok tölteni. Az egyetlen problémám, h mindig várni kell a töltőre. Jó lenne, ha telepítenének plusz töltőket erre a helyre.",Olumlu,1
194588,TEA. Aréna IMO 75 kW DC,TEA.,Macaristan,47.49904734824722,19.09535721370412,ChIJ8Svt-X7dQUcRRjzqVb8XDCY,"Van 3 CCS a két oszlopon összesen, amire jut két parkoló. Ez hogy jött ki?
A harmadiknak esetleg be lehet állni leleményesen a kavicsos placcra..",Nötr,0
194588,TEA. Aréna IMO 75 kW DC,TEA.,Macaristan,47.49904734824722,19.09535721370412,ChIJ8Svt-X7dQUcRRjzqVb8XDCY,"3 CCS csatlakozóhoz kéne egy harmadik parkolóhely is. Cink, hogy a kavicsra kell állni.",Nötr,0
194588,TEA. Aréna IMO 75 kW DC,TEA.,Macaristan,47.49904734824722,19.09535721370412,ChIJ8Svt-X7dQUcRRjzqVb8XDCY,Töltési sebesség kiváló viszont a 3 töltőhöz csak 2 parkolóhely van ami miatt nehezen használható.,Nötr,0
194588,TEA. Aréna IMO 75 kW DC,TEA.,Macaristan,47.49904734824722,19.09535721370412,ChIJ8Svt-X7dQUcRRjzqVb8XDCY,"2 töltőoszlop, 2-2 töltővel, 2 db. parkolóhely...Vicces. Amúgy nem.",Olumsuz,-1
107454,"Révfülöp, Polgármesteri Hivatal",E-Mobi,Macaristan,46.8279199519523,17.6264865492126,ChIJK4wLrtioaUcRkzJHGNb6TMQ,"A kocsi hiányzó fázisra panaszkodik és csak 7.82kW-al tölt 11kW helyett. Mobiliti azt állítja, nincs gond. Írtam új hiba jelentést, ezen a töltőn ez a probléma gyakran elő fordul.",Olumsuz,-1
194659,TEA. Premier Outlet Nyugat,TEA.,Macaristan,47.4657668,18.8852717,ChIJvZo8SS_eQUcRydsvcEXPzgk,"Maga a töltőállomás klassz, központi helyen van, mégis azért félreesik picit (benzinkút után van egy elég nagy hosszú parkoló elejénél) és ha este a taxis nem úgy áll be, hogy mind a két helyet elfoglalja úgy hogy a másikhoz se lehessen beállni akkor még hely is van.",Nötr,0
194659,TEA. Premier Outlet Nyugat,TEA.,Macaristan,47.4657668,18.8852717,ChIJvZo8SS_eQUcRydsvcEXPzgk,"Jó és egyszerű alkalmazás, helyileg jó helyen van az oszlop, de a bal hátsó csatlakozóval rendelkező járműveknek problémás lehet a DC töltés.",Olumlu,1
92831,"Balatonfüred, Hotel Annabella Superior",MVM Partner Zrt.,Macaristan,46.9577105,17.9014551,ChIJV9uA3KO9aUcRhchKVZGvE_w,"Nagyon kedves, mosolygós és segítőkész személyzet. A félpanzió bőséges és választékos. Nagyon finoman főznek. És ami nem elhanyagolható, nagyon tiszta is!",Olumlu,1
92831,"Balatonfüred, Hotel Annabella Superior",MVM Partner Zrt.,Macaristan,46.9577105,17.9014551,ChIJV9uA3KO9aUcRhchKVZGvE_w,"A vizes egység megfelelő az igények kielégítésére. A sportosabb vendégek is találhatnak elég lehetőséget, nem beszélve arról, ha éppen jó idő  vagy nyár van. Az ételek íze kiváló, a választék sem kevés. Az étlap alacartról kiszolgálhat egy hetes ott tartózkodást. A tisztaság, a személyzet hozzáállása is jó.",Olumlu,1
92831,"Balatonfüred, Hotel Annabella Superior",MVM Partner Zrt.,Macaristan,46.9577105,17.9014551,ChIJV9uA3KO9aUcRhchKVZGvE_w,"Összességében nagyon jó és szép minden. A személyzet is nagyon aranyos, készségesek.
Egy apró dolgot hiányolok, hogy a vegetáriánusokra kevésbé gondolnak.
Köszönjük a lehetőséget a pihenésre.
Szeretettel:
Hoffmann Lőrinc és  Marika",Olumlu,1
92831,"Balatonfüred, Hotel Annabella Superior",MVM Partner Zrt.,Macaristan,46.9577105,17.9014551,ChIJV9uA3KO9aUcRhchKVZGvE_w,"Több mint 10 éve vagyok gluténérzékeny, de ilyen pozitív élményem még soha nem volt. Az étteremben dolgozók maximálisan segítőkészek és 100%-osan informáltak az ételalergiákkal kapcsolatban. Azon kívül, hogy külön fel vannak tüntetve az allergén információk a teljes kínálatra, külön kérés nélkül elkészítettek a részemre gluténmentes változatban egy desszertet, amit melegen szolgáltak fel. Ezúton is szeretném megköszönni ezt a figyelmességet és minden étteremben dolgozó nagyon pozitív hozzáállását!",Olumlu,1
92831,"Balatonfüred, Hotel Annabella Superior",MVM Partner Zrt.,Macaristan,46.9577105,17.9014551,ChIJV9uA3KO9aUcRhchKVZGvE_w,"Szép szálloda. Normális tiszta szoba, zuhanyzó. Az ételek is kifogástalanok voltak. Kaptunk plusz törülközőt is a szaunához, bár azt nem használtuk.",Nötr,0
107932,"Kehidakustány, Termál Gyógy és Élményfürdő Hotel",E-Mobi,Macaristan,46.832727933195,17.1074933815673,ChIJMf9sEXQfaUcRXWcqAdG2I4o,Működött,Nötr,0
107932,"Kehidakustány, Termál Gyógy és Élményfürdő Hotel",E-Mobi,Macaristan,46.832727933195,17.1074933815673,ChIJMf9sEXQfaUcRXWcqAdG2I4o,"Turisztikai helyszín, és regisztráció vagy mobilalkalmazás nélkül nem lehet fizetni. Ha máshol nem, akkor ez az a hely, ahol klasszikus kártyaterminál található.",Nötr,0
161292,BP Nagyszőlős MOL,MOL,Macaristan,47.47464028701037,19.024818865009703,ChIJoYoJhaXdQUcRPQ4LaYFgs08,"Barátságtalan kiszolgálás, automatikusan papírpohárban kaptuk a két rendelt kávét, fel sem merult, hogy megkérdezze az eladó, hogy miben kérjük. Miután
előtte mosójegyet vettünk és indítottuk a mosót egyértelmű volt, hogy ott isszuk meg a kávét. Nem a tömeg volt az oka, mi voltunk az egyedüli vendégek. Köszönés, vagy kérem, köszönöm nem hangzott el, csak unott arc :( a kávé viszont finom volt.",Olumsuz,-1
161292,BP Nagyszőlős MOL,MOL,Macaristan,47.47464028701037,19.024818865009703,ChIJoYoJhaXdQUcRPQ4LaYFgs08,"Prémium mosást kértem. Kifizettem. Mire közölték, az alvázmosó nem üzemel...hát pont azért vettem 2600Ft-ért...a pénzt nem tudja visszaadni. Már nem először tapasztalom ezt a nyegle, udvariatlan hozzáállást. Jó lenne többet ellenőrízni a Mol kutak szolgáltatásait!",Olumsuz,-1
161292,BP Nagyszőlős MOL,MOL,Macaristan,47.47464028701037,19.024818865009703,ChIJoYoJhaXdQUcRPQ4LaYFgs08,"Kb: 4 -5 éve ez a kút elindult a lejtőn. Pár hónapig még bíztam benne, hogy csak ideiglenes ez a káosz, de aztán feladtam. Azóta csak akkor megyek ide, ha nagyon szükséges. Részletekbe nem mennék bele, hiszen a többi hozzászólás gyakorlatilag leír mindent. Régen arról szólt a dal, hogy ez a MOL kiemelt/minta kútja.  Ismerem a helyet, már a Görög idejében is idejártam. Nem azt mondom, hogy ez volt a No.1, de legalább az akkori személyzet normális volt. A Görög után pár hónappal, jött egy szőke kiscsaj kb:2-2.5 évig mint üzemeltető a csapatával. Na az az időszak volt ennek a kútnak a fénypontja, az igazi No.1!! A kút szinte ragyogott, kívül, belül. Úgy rendbe vágták a kutat körülvevő elburjánzott zöldterületet min ha egy liget lenne. Az üzlet fullon volt mindig áruval. Nem volt olyan, hogy nincs hot-dog, szendvics, vagy frissen sütött pékárú. Se előtte, se utána ez a hely olyan rendezett, tiszta, jól ellátott nem volt mint a szőke kislány és brigádja idejében. Az akkori  eladók jófejek, udvariasok, kedvesek, segítőkészek voltak. Pedig ha emlékeim nem csalnak, a legnehezebb időszakban, a covid ideje alatt voltak ők itt. Aztán egyik napról a másikra eltűnt az egész brigád sajnos.  :(  :(  :(
Azóta évről, évre romlik a színvonal, amikor már azt hinné az ember, hogy ennél már nincs lejjebb ..........
Nem is értem, a MOL, hogy tűri ezt a központjuktól pár száz méterre, az egykoron kiemelt/minta kútjukon, milyen üzletpolitika ez, de biztosan jó okuk van rá. Én és munkatársaim továbbra is igyekszünk elkerülni a helyet.",Olumsuz,-1
161292,BP Nagyszőlős MOL,MOL,Macaristan,47.47464028701037,19.024818865009703,ChIJoYoJhaXdQUcRPQ4LaYFgs08,"Jó, hogy 0-24 órás a nyitva tartás, sok kút este 10-kor bezár Budapesten. Éjjel jártam itt voltak tankoló, sőt auto mosást végző ügyfelek is. A kút udvara tágas, sok tankoló oszlop van, könnyű a beparkolás, tankolás. A shop átlagos méretű elrendezésű. A kiszolgálás is átlagos.",Olumlu,1
161292,BP Nagyszőlős MOL,MOL,Macaristan,47.47464028701037,19.024818865009703,ChIJoYoJhaXdQUcRPQ4LaYFgs08,"A 0-24-es kút több, mint 20 perce zárva van.",Olumsuz,-1
85222,"Villány, Crocus Gere Borhotel",TEA.,Macaristan,45.861808,18.44499,ChIJJ3ZBAX5JXUcRz284tTb1Ndw,"Teljesen máshol volt megtalálható mint amit megadtak címnek. A töltés elindult, majd 61% on megállt és az istennek nem lehetett újraindítani.",Olumsuz,-1
85222,"Villány, Crocus Gere Borhotel",TEA.,Macaristan,45.861808,18.44499,ChIJJ3ZBAX5JXUcRz284tTb1Ndw,Az állomás működik és fizetős. Az szívás ha egy Tesla tölt 5 órát type 2n előtted. A környéken ez az egyedüli töltő Szerbiában közelebb van innen mint Pécsen.,Olumlu,1
85222,"Villány, Crocus Gere Borhotel",TEA.,Macaristan,45.861808,18.44499,ChIJJ3ZBAX5JXUcRz284tTb1Ndw,Hiba esetén az ügyfélszolgálat nem vette fel a telefont és nem hívott vissza.,Olumsuz,-1
85222,"Villány, Crocus Gere Borhotel",TEA.,Macaristan,45.861808,18.44499,ChIJJ3ZBAX5JXUcRz284tTb1Ndw,"Segítőkész ügyfélszolgálat, minden rendben működött!",Olumlu,1
85222,"Villány, Crocus Gere Borhotel",TEA.,Macaristan,45.861808,18.44499,ChIJJ3ZBAX5JXUcRz284tTb1Ndw,"Gyors, egyszerű, kényelmes, olcsó elektromos autó töltés ✅",Olumlu,1
165284,"Mosonmagyaróvár ALDI, Királyhidai út",E.ON (HU),Macaristan,47.878812,17.256647,ChIJ71jCs-53bEcR1EMhQr4aoRQ,"Előtte nap mindent telepítettem, regisztráltam, bankkártyát is.
Helyszínen 10 percig próbáltam appon, QR kóddal, bal kézzel, jobb kézzel, mindenhogy, de hiába, nem tudtam elindítani a töltést.
Bejelentve appon keresztül is.",Olumsuz,-1
165288,"Budapest ALDI, Erdőkerülő utca",E.ON (HU),Macaristan,47.540528,19.151978,ChIJT1XFsyfbQUcRe4_haVR-Bh4,"Jó helyre telepített tőltő, használni is szokták és eddig amikor arra jártam nem használták parkolónak az autósok még akkor sem amikor majdnem tele volt a parkoló. Villany autósok szokták használni a vásárlás idejére. Ebben a parkolóban a panelházban lakók autóik tőltik ki a parkoló 30-40%át, vagyis amennyi hely marad az igazából a kapacitása a parkolónak (régi önkormányzat általi segítség az ott lakóknak a parkoló biztosítása). A képek még a telepítéskor készültek, most már felfestve és használható állapotban van a töltő.",Olumlu,1
107403,"Hódmezővásárhely, Virág utca",E-Mobi,Macaristan,46.41656161161,20.3224401301636,ChIJZ1MhWHNvREcRsCLnm8FI3Ho,"Nem tölt, de ha véletlenül mégis, akkor még drága.",Olumsuz,-1
107403,"Hódmezővásárhely, Virág utca",E-Mobi,Macaristan,46.41656161161,20.3224401301636,ChIJZ1MhWHNvREcRsCLnm8FI3Ho,"Jó töltő, sajnos egyre barátságtalanabb árazással. Mivel Vásárhelyen az EV24 az egyetlen 40kW feletti töltőt üzemeltető cég, mindhárom helyen a monopol helyzetet kihasználva Mobility árakra törtek.",Nötr,0
107403,"Hódmezővásárhely, Virág utca",E-Mobi,Macaristan,46.41656161161,20.3224401301636,ChIJZ1MhWHNvREcRsCLnm8FI3Ho,A szolgáltatáshoz drága!,Nötr,0
135106,"Sopron ALDI, Ágfalvi út",E.ON (HU),Macaristan,47.686832,16.563848,ChIJKzLDRMk8bEcRLWu-Rnoy1ks,Egyik állvány sem működőképes,Olumsuz,-1
189714,TEA. Mátrakeresztes,TEA.,Macaristan,47.904477,19.807883,ChIJKR3gX8RDQEcRhRBpuPLpMkU,"Sikeres töltés és kedvező àr. 5000ft- ot levettek, de nem ennyiért töltöttük az autót.
Bizzunk benne visszakerül a fennmaradó összeg. Örültünk, hogy lehetőségünk volt a töltésre.",Olumlu,1
189714,TEA. Mátrakeresztes,TEA.,Macaristan,47.904477,19.807883,ChIJKR3gX8RDQEcRhRBpuPLpMkU,"Teljesen jól működik a töltő.
Pillanatnyi elérhetőségét ellenőrizd a Teapont mobiltelefonos alkalmazásban.",Olumlu,1
189714,TEA. Mátrakeresztes,TEA.,Macaristan,47.904477,19.807883,ChIJKR3gX8RDQEcRhRBpuPLpMkU,"keruljetek el ezt a céget messze...5000 levesz azonnal...nekem kétszer vette le...vagyis 10.000Ft...amibol 2120ft-ot tankoltam, azóta se utaltak vissza a különbözetet...ez a TEA cég egy vicc",Olumsuz,-1
130945,"Decathlon Kecskemét, 10064 - Mobiliti",NKM mobiliti,Macaristan,46.8852052744509,19.640227087588528,ChIJudqjxmPQQ0cRRznc-u-BtNY,Túl drága és nem 300kw,Olumsuz,-1
156375,"Budapest ALDI, Hoffher Albert utca",E.ON (HU),Macaristan,47.438048,19.146531,ChIJy0rPNYzCQUcRDKP9isiTJwc,"Alkalmazás letöltése után minden rendben mennt, A CCS gyorstöltésnél a kábel a töltőnél rendelkezésre áll csak közvetlen csatlakoztatás a kocsihoz és jön is  át a kWh.",Olumsuz,-1
194589,TEA. Kapuvár 50 kW DC,TEA.,Macaristan,47.5975561,17.02991,ChIJKToO_fEHbEcRe_cr1XZ26aU,"Olcsó, jó helyen van. Működik. Könnyű kezelhetőség. Van CHAdeMO! Szuper.",Olumlu,1
194589,TEA. Kapuvár 50 kW DC,TEA.,Macaristan,47.5975561,17.02991,ChIJKToO_fEHbEcRe_cr1XZ26aU,"Teljesen rendben volt könnyen kezelhető ha esetleg egy kis családi kikapcsolódás is jár mellé, akkor ez megtehető a 50 méterre lévő játszótéren.
23 perc alatt 38%-ról 85-re korrekt.",Olumsuz,-1
194589,TEA. Kapuvár 50 kW DC,TEA.,Macaristan,47.5975561,17.02991,ChIJKToO_fEHbEcRe_cr1XZ26aU,"Korrekt árazás, könnyű hozzáférhetőség, kellemes környék",Olumlu,1
194589,TEA. Kapuvár 50 kW DC,TEA.,Macaristan,47.5975561,17.02991,ChIJKToO_fEHbEcRe_cr1XZ26aU,"RFID kulccsal pofonegyszerű a töltés indítása és leállítása, de korábban az alkalmazással sem volt bonyolult. A bérlet új szabályai azok számára is jók, akik csak ritkán töltenek.",Olumlu,1
194589,TEA. Kapuvár 50 kW DC,TEA.,Macaristan,47.5975561,17.02991,ChIJKToO_fEHbEcRe_cr1XZ26aU,"Szuper töltő. Gyerekekkel pedig egyszerűen kiváló! A töltőállomás mellett egy szenzációs játszó, valamint egy kulturált mosdó. A töltési ár pedig kedvező.",Olumlu,1
189263,"Szolnok, Auchan, 10186",Mobiliti.hu,Macaristan,47.15895,20.19791,ChIJm3rjv1BBQUcRDurFsguPrbE,Drága! De kellemes meglepetés volt hogy a 25kw CHAdeMO is 47-el töltött.,Nötr,0
189263,"Szolnok, Auchan, 10186",Mobiliti.hu,Macaristan,47.15895,20.19791,ChIJm3rjv1BBQUcRDurFsguPrbE,"Felháborító, hogy kb. 250% os haszonnal dolgoznak, és ezáltal a villanyautózás többszörösével drágább mint a fosszilis autóé.
KÖZE NINCS A 300KWatthoz!!!!",Olumsuz,-1
189263,"Szolnok, Auchan, 10186",Mobiliti.hu,Macaristan,47.15895,20.19791,ChIJm3rjv1BBQUcRDurFsguPrbE,"Érthetetlen, hogy a 22kw töltők korlátozva vannak 11kw-ra. Az egész bevásárlóközpontban nem lehet 22kw -al tölteni. Ha lehet kerülöm.",Olumsuz,-1
189263,"Szolnok, Auchan, 10186",Mobiliti.hu,Macaristan,47.15895,20.19791,ChIJm3rjv1BBQUcRDurFsguPrbE,"A régi 50kw töltők nem működnek már, hátrébb kell menni a barkács bolt fele, és ott van 4db új, tökéletesen működő 300kw-os töltő!",Olumsuz,-1
189263,"Szolnok, Auchan, 10186",Mobiliti.hu,Macaristan,47.15895,20.19791,ChIJm3rjv1BBQUcRDurFsguPrbE,"a térkép rossz helyen mutatja, de működnek, gyorsan töntenek",Olumsuz,-1
107412,"Balatonszemes, kikötő",E-Mobi,Macaristan,46.8112304142809,17.770820068786634,ChIJw0avx0uwaUcR5UTn92L_8pE,"50kw👌
Shade in the afternoon",Olumlu,1
107412,"Balatonszemes, kikötő",E-Mobi,Macaristan,46.8112304142809,17.770820068786634,ChIJw0avx0uwaUcR5UTn92L_8pE,"Nagyszerű ár-érték arányú töltőpont 50 kW-tal közvetlenül Balatonszemesen. Kényelmes helyen, a Postamúzeummal szemben, árnyékos ülőhelyekkel a közelben. Egy ABC szupermarket mindössze egy rövid sétára található, tökéletes egy gyors harapnivalóhoz várakozás közben.",Olumlu,1
107412,"Balatonszemes, kikötő",E-Mobi,Macaristan,46.8112304142809,17.770820068786634,ChIJw0avx0uwaUcR5UTn92L_8pE,"2 próbálkozás, esély sincs működni",Olumsuz,-1
161277,Balatonakarattya 71 MOL,MOL,Macaristan,47.0134953083406,18.16950865501008,ChIJted6aILraUcRL_TpDb5VpDI,"Nagyon barátságos személyzet, segítőkészek és kedvesek csak ajánlani tudom 😊 viszont keresem az ott dolgozó hölgyet, vasárnap este mentünk a kútra annyit tudok róla hogy Melindának hivják és szemüveges, jót beszélgettünk és jó benyomást keltett. Szeretném ezt megköszönni neki🥰",Olumlu,1
161277,Balatonakarattya 71 MOL,MOL,Macaristan,47.0134953083406,18.16950865501008,ChIJted6aILraUcRL_TpDb5VpDI,"Nagyon udvarias, segítőkész
személyzet. Gázpalackot cseréltem. A kútkezelő amikor meglátta, hogy járáshibás vagyok, azonnal ott termett és annyira segítőkész volt, hogy az autóból kisegítette a palackot, kicserélte és vissza tette az autóba. Gyakorlatilag csak a kifizetése maradt nekem.
Utólag is mégegyszer hálás
köszönet neki!
És ez már nem az első eset volt!",Olumlu,1
161277,Balatonakarattya 71 MOL,MOL,Macaristan,47.0134953083406,18.16950865501008,ChIJted6aILraUcRL_TpDb5VpDI,"A hot-dogot készítő hölgy nem volt hajlandó addig sütni a hot-dog pékáru részét, amennyiben az ember nem ott álltál fölötte, nyilván más termeket is akartam mellette  választani, de ő kivette a kiflit, majd mikor a kasszasnal fizettem utána 3 perccel később realizalta hogy ő azt nem tette még be, közben halkan kollégájával bántóan szólt a helyzetről, miközben egyértelmű hogy a hibást ebben az esetben nem fogyasztóban kell keresni , a hot-dog kiadása után is neki állt feljebb.
Vevővel való bánásmód elfogadhatatlan!!
Ha tehetik messziről kerüljek a helyet, szeretném hogyha tanulnának némi illemet, önkontrollt es jomodort. Továbbképzést ajánlok!",Olumsuz,-1
161277,Balatonakarattya 71 MOL,MOL,Macaristan,47.0134953083406,18.16950865501008,ChIJted6aILraUcRL_TpDb5VpDI,"Személyzet hozzáállása a vásárlókhoz egyenlő a nullával. Flegma, lekezelő nem köszön vissza. Senkinek sem ajánlom",Olumsuz,-1
161277,Balatonakarattya 71 MOL,MOL,Macaristan,47.0134953083406,18.16950865501008,ChIJted6aILraUcRL_TpDb5VpDI,"Júli 6- án 13:40!
Flegma személyzet, pénzt számolnak és nekik állt feljebb h fizetnék!
Innetől csak omv!
Kerülendő a hely!",Olumsuz,-1
194668,TEA. Solt,TEA.,Macaristan,46.8009525,19.0029362,ChIJp0vEjwxAQkcRBMhi8kkOByY,"Jól működő töltő, sajnos nem valami combos, de a közelben van pár hely ahol egy kávéval stb el lehet az időt tölteni.",Olumlu,1
194668,TEA. Solt,TEA.,Macaristan,46.8009525,19.0029362,ChIJp0vEjwxAQkcRBMhi8kkOByY,"Minden rendben volt. A töltés teljesítménye  lehetne nagyobb is. Nem a Tea tehet róla, de pár méterrel odébb ott egy nagyobb, feltűnőbb Eon töltő oszlop, először csak azt vettem észre, majdnem azon töltöttem.Lehetne valami figyelemfelhívó tábla, aszfalt felirat",Olumsuz,-1
194668,TEA. Solt,TEA.,Macaristan,46.8009525,19.0029362,ChIJp0vEjwxAQkcRBMhi8kkOByY,"Minden tökéletesen működött, életem első elektromosautó töltése volt.",Olumlu,1
194668,TEA. Solt,TEA.,Macaristan,46.8009525,19.0029362,ChIJp0vEjwxAQkcRBMhi8kkOByY,A legújabb! Tesztelve. Köszönjük.,Olumlu,1
161287,Törökbálint M0 6 W MOL,MOL,Macaristan,47.41989281523473,18.921870835122604,ChIJvd6jW_3gQUcRcZ6-ZlkWjE4,"Meglepően kevés normál kútoszlop van ahhoz képest, hogy a forgalmas M0-áson van a benzinkút. A hely meglenne hozzá. A shop átlagos, annak mérete már nagy, sokan is voltak benne. Az eladó kedves volt.
A kút mellett nagy parkoló pihenő van és egy étterem.",Nötr,0
161287,Törökbálint M0 6 W MOL,MOL,Macaristan,47.41989281523473,18.921870835122604,ChIJvd6jW_3gQUcRcZ6-ZlkWjE4,"Ket fo szemelyzet, egy vasarlo, aki mar fizetett, de meg regi ismeroskent maradt beszelgetni. Hozzank az LPG kuthoz a jelzest koveto 5 perc utan sem erkezett senki, igy inkabb tovabbmentunk.",Olumsuz,-1
161287,Törökbálint M0 6 W MOL,MOL,Macaristan,47.41989281523473,18.921870835122604,ChIJvd6jW_3gQUcRcZ6-ZlkWjE4,"Minősíthetetlen elhanyagolt,  eldugult WC, kellemesen egymással csevegő alkalmazottak, és az autópálya/autóút melletti szokásos üzemanyag feláron túl 200Ft mosdohasznalati díj.

A MOL székházra ezek szerint kell még pár emelet megépitésének fedezetére gyűjteni, a rendkívül sok felesleges pénzzel rendelkező átlag magyar autós zsebéből.",Olumsuz,-1
161287,Törökbálint M0 6 W MOL,MOL,Macaristan,47.41989281523473,18.921870835122604,ChIJvd6jW_3gQUcRcZ6-ZlkWjE4,"A zuhanyzó használati díja mindig más ,hol 750 hol 1000hol 1500,mindig attól függ hogy melyik csapat van èpp a benzinkúton,a zuhanyzó koszos minösithetetlen állapotú állandóan el van dugulva ahogy a kèpen is látszik,való szinüleg egy Grizli borotválkozott utoljára!!",Olumsuz,-1
161287,Törökbálint M0 6 W MOL,MOL,Macaristan,47.41989281523473,18.921870835122604,ChIJvd6jW_3gQUcRcZ6-ZlkWjE4,"Többször jártam már ezen a benzinkúton este és tiszta mosdó fogadott szinte mindig a személyzet kedves, segítőkész volt. Szeretek erre a kútra járni tankolni és kávézni.",Olumlu,1
194637,TEA. Siófok Centrum Autó,TEA.,Macaristan,46.884099,18.065458,ChIJ79MjVM7AaUcR8pmFjWbH83A,"Gyors, és egyszerű töltés. A töltést ügyfélkulcsal indítottam. A töltő maximális teljesítménye 50kW. (CCS)",Olumlu,1
194637,TEA. Siófok Centrum Autó,TEA.,Macaristan,46.884099,18.065458,ChIJ79MjVM7AaUcR8pmFjWbH83A,Dunaföldvár felé vagy onnan pont jó helyen van. Ha még tudna legalább 75kw-os lenni.. és amikor voltunk egymásnak adtuk a csatlakozót. Szóval lehetne két csatlakozó is akár. Van kuka és ücsörgő hely is.,Olumsuz,-1
194637,TEA. Siófok Centrum Autó,TEA.,Macaristan,46.884099,18.065458,ChIJ79MjVM7AaUcR8pmFjWbH83A,"Ha ketten töltünk egyszerre, akkor sajnos dupla időt vesz igénybe.",Nötr,0
194637,TEA. Siófok Centrum Autó,TEA.,Macaristan,46.884099,18.065458,ChIJ79MjVM7AaUcR8pmFjWbH83A,"A CCS csatlakozó nem működik, de ezt luxus az appban jelezni, ezt már csak akkor tudod meg, mikor több sikertelen indítási kísérlet után az ügyfélszolgálatot felhívod… no comment.",Olumsuz,-1
194637,TEA. Siófok Centrum Autó,TEA.,Macaristan,46.884099,18.065458,ChIJ79MjVM7AaUcR8pmFjWbH83A,"Szuper, eleg jó helyen van, korrekt árak!",Olumlu,1
173083,M7,MOL,Macaristan,46.77698053124354,17.72083887205588,ChIJEV0OLgGuaUcRCtrm6C1EnHE,"A pultos hölgy nem túl kedves, miután közölte, hogy csak két darab hot-dog van a többi nincs kész, két perc múlva két vásárlónak is adott el az elvileg nem kész hot-dogból! A wc fizetős bármennyit is költöttél, akkor ingyenes  ha letöltöd a semmire nem jó applikációjukat! Kiváncsi lennék HACCP szempontból, mennyi ideig állnak kint a meleg ételek fedetlenül, egyébként pofátlanul árazva! 499 forint egy darab zsemle a leveshez! Vicc kategória!",Olumsuz,-1
173083,M7,MOL,Macaristan,46.77698053124354,17.72083887205588,ChIJEV0OLgGuaUcRCtrm6C1EnHE,"Egész egyszerűen szuper!
Nem csak bemzinkút, hanem remek étterem is egyben!
Egyetlen probléma, hogy csak egy kútoszlopnál van levegő.",Olumlu,1
173083,M7,MOL,Macaristan,46.77698053124354,17.72083887205588,ChIJEV0OLgGuaUcRCtrm6C1EnHE,"Nagyon kedves személyzet, tiszta mosdók, finom kávé. Mindenkinek szívből ajánlom ezt a helyet. :)",Olumlu,1
173083,M7,MOL,Macaristan,46.77698053124354,17.72083887205588,ChIJEV0OLgGuaUcRCtrm6C1EnHE,"Átépítés után sikerült a lehető legmesszebb rakni,és kivenni pont azokat a gépeket,amik jók voltak egy hosszú út soráni átmozgatáshoz. 👋👋👋",Olumlu,1
173083,M7,MOL,Macaristan,46.77698053124354,17.72083887205588,ChIJEV0OLgGuaUcRCtrm6C1EnHE,"Igényes éttermi rész, tiszta mellekhelyiség, udvarias kiszolgálás. Az étterem nem olcsó, de szép.",Olumlu,1
130946,"Kecskemét, Deák Ferenc tér - e-Mobi",E-Mobi,Macaristan,46.9066341491761,19.6892784570629,ChIJ-fURdwfbQ0cRDZaravZ_cB4,"Szokásos Plugee töltő, ami drága, de legalább megbízhatóan működik. CSS-t használtuk, töltött most is rendesen.",Olumlu,1
185552,"Cegléd ALDI, Pesti út",E.ON (HU),Macaristan,47.178019,19.774267,ChIJQWAeY_5wQUcRgYe7x_MYdXM,"Nagy problema h szivatjak a jonepet. Max. 300kW. Igen, 4db autoval. 😂
Egyebkent 75kW/auto.
Stolnokon meg azt irja h max. 150kW. Ott 2 allomas van. Vagyis ott is 75kW/auto
Ha tudom akk maradok Mol-on. Felhaborito ez a megtevesztes.",Olumsuz,-1
130941,Knézich Károly utca,E-Mobi,Macaristan,47.90452506817388,20.376235063911,ChIJR6jsy4KNQEcRaAP2DKuA4Ss,"Tőkeellenes. Gyors. Talán lehetne olcsóbb, tea töltő kb 100ft/kw olcsóbb.",Olumsuz,-1
130941,Knézich Károly utca,E-Mobi,Macaristan,47.90452506817388,20.376235063911,ChIJR6jsy4KNQEcRaAP2DKuA4Ss,Helyileg nagyon jó de egy elektromos id4 foglalta a helyet töltés nélkül. 😕,Nötr,0
130941,Knézich Károly utca,E-Mobi,Macaristan,47.90452506817388,20.376235063911,ChIJR6jsy4KNQEcRaAP2DKuA4Ss,"Az 50Kw-osnak írt DC töltő 44kw-os a mobiliti szerint. Valójában kb. 15kw-al tölt, és mivel perc alapon számláz, 1kw több,  mint 800Ft-ba kerül.",Olumsuz,-1
88538,"Lukoil Gödöllő, M3-as Észak",Optimum Way,Macaristan,47.6076177569169,19.2949785152596,ChIJQ-DngzTJQUcRG2DVV-nW_7k,"A héten meglepően kiváló kiszolgálást kaptam egy hölgytől ha jól emlékszem a kitűzőjén Merci név állt .
Mosolyogva fogadott és amikor elköszönt akkor is szép napot kívánt .
Nagyon jo érzés volt , hogy ebbe a világban vannak meg ilyen kedves eladók . :)",Olumlu,1
88538,"Lukoil Gödöllő, M3-as Észak",Optimum Way,Macaristan,47.6076177569169,19.2949785152596,ChIJQ-DngzTJQUcRG2DVV-nW_7k,Szőke hajú kasszás stìlusa gusztustalan előttem ugy beszélt egy idős bácsival hogy azt hittem kiszedem a kasszàból..... Majd ahogy fizettem előkapta a telefonját majd facetimeozott és evett a pult mogott es teli szájjal szolgálta ki a vásárlókat. A kinti kútkezelő idős úr roppant segìtőkêsz és udvarias de a hölgy miatt biztos soha be nem teszem oda a lábam......,Nötr,0
88538,"Lukoil Gödöllő, M3-as Észak",Optimum Way,Macaristan,47.6076177569169,19.2949785152596,ChIJQ-DngzTJQUcRG2DVV-nW_7k,"Én szégyelltem magam hogy oda mentem be! 5000ft a 3 litetes ablakmoso folyadék! Ha nem munkába lettem volna,és nem éjjel 2 óra van, biztos nem veszem meg de a szükség nagy úr!
Undorító hogy így ki akarják forgatni a pénztárcából az embert, pár napja még olcsob volt sokkkkal!",Olumsuz,-1
88538,"Lukoil Gödöllő, M3-as Észak",Optimum Way,Macaristan,47.6076177569169,19.2949785152596,ChIJQ-DngzTJQUcRG2DVV-nW_7k,"Nekem sokadjára van rossz tapasztalatom az ott dolgozó nevezzük hölggyel. Szőke idősebb, magas. Nem értem, hogy ilyen viselkedéssel még, hogyan dolgozhat ott?? Bunkó lekezelő, arrogáns, és negatív. Egyáltalán nem segítőkész!
Kérdez az ember valamit nem válaszol. Liheg és forgatja a szemét. Ha meglátom, hogy ő dolgozik inkább át megyek szembe a másik kútra. Felháborítónak tartom, hogy pénzt megyek be költeni és konkrétan kinézi az embert, hogy minek megy be oda??!!De nem csak velem csinálja ezt nagyon sok panasz érkezett rá. Utolsó volt, hogy oda mentem. Messziről kerülöm ezt a helyet.",Olumsuz,-1
88538,"Lukoil Gödöllő, M3-as Észak",Optimum Way,Macaristan,47.6076177569169,19.2949785152596,ChIJQ-DngzTJQUcRG2DVV-nW_7k,"Szeretek ide járni, de ma kifogytak mindenből. Nyilván nem az ő hibájuk. Tegnap este még hosszú sorok kígyóztak.",Olumsuz,-1
161290,BP Ócsai MOL,MOL,Macaristan,47.37902344045091,19.13049085247178,ChIJ6-uZBgbpQUcRB_czRAKV58k,"Nagyon nehez érteni...Miért dolgoznak az emberek egy munkahelyen ? Miért fektetne be egy fönök több millió forintot és miert nem figyel oda hogy dolgoznak ? Ma le akartam mosatni az autómat,de azt mondtak hogy autómosó nincs nyitva ..Nem indokokták csak ma nincs..Ha kerdezel valami udvarariatlanul beszélnek ...Ez a válasz a bója ott Van...De holnap kinyihatod az autómosó..Micsoda csodálstos munka....Úgy dolgoznak ahogy kedvük tartja..Ha a fönök csödbe megy majd meglátom mi lesz veletek...Vajon törödnek ezekkel ? Persze nem ...Ha ez a hely tönkretesznek akkor máshová mennek azt a helyet is tönkretesznek..A magyar üzletemberek gazdagok..Valójában a penz nem fontos nekik .Hobbiból nyitnak vállalkozást",Olumsuz,-1
161290,BP Ócsai MOL,MOL,Macaristan,47.37902344045091,19.13049085247178,ChIJ6-uZBgbpQUcRB_czRAKV58k,"Rendszeresen tankolunk ezen kúton, legszívesebben visszafordulnék amikor az idősebb szőke nőt látom a pult mögött. Ilyen megszomorodott embert ritkán látni…
Hotdog mindig van, de csak akkor kapunk ha kedve van épp, akkor pedig kedvessége jeléül annyi szószt nyom bele hogy ehetetlen legyen:)  köszönni nèha sikerül csak neki, az pedig ahogyan a vásárlókra néz eszméletlenül lenéző! Ha csak a tankolást fizeti az ember akkor oké, ha mást is kérne inkább menjen máshová, minket balszerencsére bármikor megyünk ugyan az fogad:)",Olumlu,1
161290,BP Ócsai MOL,MOL,Macaristan,47.37902344045091,19.13049085247178,ChIJ6-uZBgbpQUcRB_czRAKV58k,"A kedvenc kutam ❤️
Itt mindig vár valami extra kedvesség: legutóbb pl. a lányomnak szerettem volna kedveskedni, és megkérdeztem, kaphatunk-e pillecukrot a kakaóba. A pultos hölgy erre felhívta a főnökét, aki azt mondta, ha kedvesek vagyunk, nyugodtan bontson fel egy csomaggal és szórja a kakaónkra.
A vicces rózsaszín sapis srác is nagy arc!
Tizenöt csillag.",Olumlu,1
161290,BP Ócsai MOL,MOL,Macaristan,47.37902344045091,19.13049085247178,ChIJ6-uZBgbpQUcRB_czRAKV58k,"A ""Super Premium"" mosás mit ne mondjak katasztrófa! Nagynyomású kerékmosás meg kívülről sem tisztítja le a felnit. Hátsó rendszám szintén sáros maradt. Aktív hab na az sem volt. Nem olcsó, de legalább rossz. Először,  utoljára  soha többet!",Olumsuz,-1
161290,BP Ócsai MOL,MOL,Macaristan,47.37902344045091,19.13049085247178,ChIJ6-uZBgbpQUcRB_czRAKV58k,"Tágas külső tér, könnyű beparkolni, sok kútoszlop, jó shop, gépi mosó, tisztaság, rend. Átlagos személyzet, minden ami elvárható egy jó benzinkúttól. Minden ok, semmi extra.",Olumlu,1
161284,Tatabánya Győri út MOL,MOL,Macaristan,47.596535002804046,18.386919851572657,ChIJSZQ-HABBakcRcCWPdwhcVRQ,Még nem ingyenes az elektromos töltő.,Olumsuz,-1
161947,"Dunaharaszti ALDI, Jedlik Ányos út",E.ON (HU),Macaristan,47.347707,19.117628,ChIJBV0qwjTpQUcRvGL7ThklnnM,"Az alkalmazásból nem tudtam leállítani a töltést, a töltőről sem. Vajon vészhelyzet esetén mi lesz?",Olumsuz,-1
161947,"Dunaharaszti ALDI, Jedlik Ányos út",E.ON (HU),Macaristan,47.347707,19.117628,ChIJBV0qwjTpQUcRvGL7ThklnnM,"Évek óta megfogadtam “soha többet nem mosatok itt autót”
de sajnos a kényszer többször rávitt de mindig megbántam mert pénzkidobás függetlenül attól melyik programot választjuk.Csak az vegye igénybe ezt a szolgáltatásnak nem nevezhető valamit akinek nem baj ha koszos marad az autója!Ha a rendszer engedi érdemes a fotókra rá közelíteni.",Olumsuz,-1
161947,"Dunaharaszti ALDI, Jedlik Ányos út",E.ON (HU),Macaristan,47.347707,19.117628,ChIJBV0qwjTpQUcRvGL7ThklnnM,Már megint működik. Viszont a kijelző foltokban feketedik. Max töltési teljesítmény csak 120 KW / oldal,Nötr,0
103415,"Csongrád, Dózsa György tér - mobiliti",NKM mobiliti,Macaristan,46.709937,20.147972,ChIJkSQjgOf2Q0cRHhxRURXZ49A,"Igaz csak az egyik, de az rendben működött. Jól jelölt, központi helyen.",Olumlu,1
103415,"Csongrád, Dózsa György tér - mobiliti",NKM mobiliti,Macaristan,46.709937,20.147972,ChIJkSQjgOf2Q0cRHhxRURXZ49A,Csak az egyik működik a kettőből...,Olumsuz,-1
103415,"Csongrád, Dózsa György tér - mobiliti",NKM mobiliti,Macaristan,46.709937,20.147972,ChIJkSQjgOf2Q0cRHhxRURXZ49A,"Nem működik, és sajnos ez a város egyetlen töltője!",Olumsuz,-1
130949,"Kajászó, M7 Váli Völgyi Pihenő IONITY",Ionity,Macaristan,47.3075919875228,18.7443356274053,ChIJt0JCrkkHakcRXfvKxXE8JRE,"1-es töltőhely: 30 kW, miután átáltam a 2-esre, ott már hozta a 136 kW-ot. Csak azért próbáltam meg a másodikat, mert a 4-esnél egy BMW-nek 175 kW-tal hasított a töltés",Olumsuz,-1
130949,"Kajászó, M7 Váli Völgyi Pihenő IONITY",Ionity,Macaristan,47.3075919875228,18.7443356274053,ChIJt0JCrkkHakcRXfvKxXE8JRE,"4 töltőből 2 működik de azok is max 36 kW pedig IONITY gyors töltők vannak kiépítve , szégyen!",Olumsuz,-1
130949,"Kajászó, M7 Váli Völgyi Pihenő IONITY",Ionity,Macaristan,47.3075919875228,18.7443356274053,ChIJt0JCrkkHakcRXfvKxXE8JRE,"2 nappal ezelőtt használtam. Eleinte nem sikerült a töltés, a csak angol nyelvű ügyfélszolgálat készséggel segített (bár igen gyenge volt a telefonos kapcsolat). Újraindítás után sikerült töltenem max. 70-80 kW-al az 1-es oszlopon. Konklúzió: viszaváltok a Tesla Supercharger hálózatra.",Olumlu,1
130949,"Kajászó, M7 Váli Völgyi Pihenő IONITY",Ionity,Macaristan,47.3075919875228,18.7443356274053,ChIJt0JCrkkHakcRXfvKxXE8JRE,"Nekem nem sikerült. App vagy hálózat gond volt. Azért a 15e levonas minden probalkozasnal azonnal ugrik és nem jön vissza hónapon belül, ezzel számolni kell.",Olumsuz,-1
130949,"Kajászó, M7 Váli Völgyi Pihenő IONITY",Ionity,Macaristan,47.3075919875228,18.7443356274053,ChIJt0JCrkkHakcRXfvKxXE8JRE,"Nagyon gyors volt a töltés.
Rengeteg töltőfej van, nem kellett várni.",Olumsuz,-1
108049,"Balatonfenyves, Fenyves Yacht Club",E-Mobi,Macaristan,46.7128991,17.47715930000004,ChIJE0RE60JVaEcRsmmCgX5Xloo,"Az alkalmazás a töltés megkezdése után 10 percig nem mutatott beletöltött energiát, ezért nem voltam biztos abban, hogy valóban elindult a töltés. A töltési teljesítményt nekünk nem írta az app, csak hogy 0 kw. Összességében jó töltő.",Olumsuz,-1
108049,"Balatonfenyves, Fenyves Yacht Club",E-Mobi,Macaristan,46.7128991,17.47715930000004,ChIJE0RE60JVaEcRsmmCgX5Xloo,"A hely tökéletes töltésre, csak működjön. Ha nem működik, akkor csak ev ingyenes parkolási funkciót tölt be. Esetemben 16kw töltés után bontotta a töltést és kiállt hibára, amit az ügyfélszolgálat nem tudott megoldani. Na ezzel nálam a mAGYARvILLAMOSmŰVEK elvágta magát. Ezért kár előfizetni, eddig csak itt a Balaton parti ev sivatagban találkoztam ilyennel, érdekes Pesten nincsenek ilyen problémák még náluk se.... Nem baj kipróbáljuk a legközelebbi MOL töltőt, ugyan lassabb, de lehet biztosabban működik, meglátjuk ;)",Olumsuz,-1
108049,"Balatonfenyves, Fenyves Yacht Club",E-Mobi,Macaristan,46.7128991,17.47715930000004,ChIJE0RE60JVaEcRsmmCgX5Xloo,Először voltak nehézségeim de mostanában simán működik.,Nötr,0
108049,"Balatonfenyves, Fenyves Yacht Club",E-Mobi,Macaristan,46.7128991,17.47715930000004,ChIJE0RE60JVaEcRsmmCgX5Xloo,"Tökéletesen működött a Station-E kártyával 0,36 €/kWh + 0,50 € kezdődíjért.",Olumsuz,-1
161297,BP Szentendrei 255 MOL,MOL,Macaristan,47.58136144849502,19.048808526339823,ChIJUwjvosvcQUcRRio5jBK_ZQo,"Undorító alkalmazottak, honnan veszik az önbizalmat ahhoz, hogy ennyire felsőbbrendűnek érezzék magukat? Ha nem szeretik ezt a munkát, ne is csinálják. Nyilvánvalóan fekete VIP-kártyás vagyok, de ő azt mondta, hogy a számítógépén nem jelenik meg, és még meg is kérdezte: „Új tagként regisztráltál?” Mivel megpróbálta lenyúlni a kedvezményt, inkább ott maradtam, és megvártam a nyugtát.",Olumsuz,-1
161297,BP Szentendrei 255 MOL,MOL,Macaristan,47.58136144849502,19.048808526339823,ChIJUwjvosvcQUcRRio5jBK_ZQo,"Hajnali fél 1-kor megálltunk egy hotdog és MOL Cappuchino-t kérni, és az idős kiszolgálónő legalább 5kiló arannyal a nyakában nem akarta megcsinálni a cappuchino-t azzal a szöveggel, hogy nincs kakaó (ott volt a kávégép mellett), majd a hotdog-ot eláztatta ketchuppal, és belenyomta a jóisten tudja mióta ott szottyosodó virslit aminek fémes íze is volt. Enni mentem oda, nem ételmérgezést kapni...",Olumsuz,-1
161297,BP Szentendrei 255 MOL,MOL,Macaristan,47.58136144849502,19.048808526339823,ChIJUwjvosvcQUcRRio5jBK_ZQo,"Tele tankoltam az autót,majd bemenetek fizetni,a hölgy a pult mögött fel volt háborodva,mert megkérdezrem hogy -25 Ft./L csak annyi kedvezményt jelent amennyit mondott és felháborodva mondta hogy ŏ nem nyúlt bele,mire én mondtam hogy nem is állítottam csak kérdést tettem fel és nem bántottam őt, de csak.folytatta tovább.....
Nem hiszem hogy ilyen kiszolgálás kellene legyen!
Köszönöm!",Olumsuz,-1
161297,BP Szentendrei 255 MOL,MOL,Macaristan,47.58136144849502,19.048808526339823,ChIJUwjvosvcQUcRRio5jBK_ZQo,"Adok az itt dolgozó személyzetnek egy jó nagy egyest. Ügyfélkiszolgálásból üljenek vissza az iskolapadba, az első leckével érdemes majd kezdeni.",Olumlu,1
161297,BP Szentendrei 255 MOL,MOL,Macaristan,47.58136144849502,19.048808526339823,ChIJUwjvosvcQUcRRio5jBK_ZQo,"Egy 6 darabos 1,5 literes Szentkirály víz 3500 Ft volt ilyet  még életembe nem láttam soha senkinek nem ajánlom !!",Olumsuz,-1
135118,Szolnok COOP,E.ON (HU),Macaristan,47.121608,20.211994,ChIJm9mk0E5BQUcRBYr9w5KXZ8k,"Minden rendben ment. Ugyan csak 24kW-os töltő, de bevásárlás közben így is gyorsabb mint az AC töltésem.",Olumlu,1
135118,Szolnok COOP,E.ON (HU),Macaristan,47.121608,20.211994,ChIJm9mk0E5BQUcRBYr9w5KXZ8k,Olvad!!!!!!!,Olumsuz,-1
146241,"Igmánd Pihenöhely, E-mobi DC",NKM mobiliti,Macaristan,47.67375603494449,18.11389424388608,ChIJY9_vZGFLakcRsyxMOdeWklo,Zárva. Látszólag örökre,Olumsuz,-1
146241,"Igmánd Pihenöhely, E-mobi DC",NKM mobiliti,Macaristan,47.67375603494449,18.11389424388608,ChIJY9_vZGFLakcRsyxMOdeWklo,Kis parkolo,Nötr,0
146241,"Igmánd Pihenöhely, E-mobi DC",NKM mobiliti,Macaristan,47.67375603494449,18.11389424388608,ChIJY9_vZGFLakcRsyxMOdeWklo,"Túlárazott hely. Az árak nagyon magasak. A személyzet kedves NÉHÁNY vásárlóhoz. Egyesekkel durvák. Mintha rasszisták lennének. A túlárazott ételek minősége szörnyű, és senkinek sem ajánlom, hogy megálljon itt ebédelni.",Olumsuz,-1
146241,"Igmánd Pihenöhely, E-mobi DC",NKM mobiliti,Macaristan,47.67375603494449,18.11389424388608,ChIJY9_vZGFLakcRsyxMOdeWklo,"Mindenhol zsúfolt és koszos. Mintha Nyugat-Európa felé közelednél. Sok szar van ott. Nem kell nyugatra menned. Maradjon Bulgáriában, hallgasson zenét és igyon.",Olumsuz,-1
146241,"Igmánd Pihenöhely, E-mobi DC",NKM mobiliti,Macaristan,47.67375603494449,18.11389424388608,ChIJY9_vZGFLakcRsyxMOdeWklo,"Nyilvános illemhelyek nélküli elhelyezkedés, sok kosz a bokrokban, egészségtelen körülmények egy pihenőhöz parkolóval. És az étterem zárva van és nem működik.",Olumsuz,-1
174036,MOL Plugee M1 Páty S,MOL,Macaristan,47.49449565663852,18.81743592836142,ChIJZ69_XcF0akcRC7L-jEMZcjo,"Tágas kinti tér, könnyű beparkolni a kútoszlopokhoz, bár abból nincs túl sok ahhoz képest, hogy forgalmas autópálya kútról van szó. A belső tér, shop nem kicsi, bár itt nincs étterem, mint a pálya túloldalán lévő Mol kúton. A pénztáros hölgy kicsit mogorva volt, vagy inkább kedvetlen.
A kút mögött kamion parkoló, pihenő is van.",Nötr,0
174036,MOL Plugee M1 Páty S,MOL,Macaristan,47.49449565663852,18.81743592836142,ChIJZ69_XcF0akcRC7L-jEMZcjo,"Nagyon szeretem a mol fresh corneren kapható latte macchiato-t. Finom kávékkal tudnak meglepni, kivéve ezen a kúton. Ilyen borzalmas kávét még egyik kúton sem kaptam. A lettékra jellemző krémes teljes ízvilághelyet egy vizes hosszú kávé kiss tejjelre emlékeztető italt kaptam. A dobozos kóla viszont hozta amire számítottam😉",Olumlu,1
174036,MOL Plugee M1 Páty S,MOL,Macaristan,47.49449565663852,18.81743592836142,ChIJZ69_XcF0akcRC7L-jEMZcjo,"“Takarítás” címén lezárták a mellékhelyiséget, miközben a pályán áll a dugó, tehát esély nincs másik WC-t találni… Máshol miért tudják megoldani, hogy egy fülke mindig használható legyen?? Ez egy nagy, több fülkés, ráadásul fizetős WC - egy szem takarító molyol odabent, de lezárva mind a 3 egység: a roki, a női, a férfi - minden. Áll a sor az eltorlaszolt ajtó előtt!!! anyukák gyerekekkel!! Mire jó ez? Kinek jó ez? Miféle szolgáltatás ez, tisztelt MOL??? 😡",Olumsuz,-1
174036,MOL Plugee M1 Páty S,MOL,Macaristan,47.49449565663852,18.81743592836142,ChIJZ69_XcF0akcRC7L-jEMZcjo,"Szemetes, rangon aluli hely.
A mosdó a fizető vendég vagy akkor is 100Ft (amit emelni fognak).
Se folyékony szappan, se WC papír. 😩
2⭐️ csak a dolgozók miatt akik segítőkészek.",Nötr,0
174036,MOL Plugee M1 Páty S,MOL,Macaristan,47.49449565663852,18.81743592836142,ChIJZ69_XcF0akcRC7L-jEMZcjo,"Sajnos már nem az első eset, hogy csalódunk ezen a kúton de ma elérte az ingerküszöbömet a kiszolgálás unott pofával......megfűszerezve egy kis romlott tejjel felöntött ""prémium brazil kávéval"" és félig nyers hotdoggal. Köszönöm👌, igazán feldobta a napomat. Értem én, hogy a sokszor primitív utazók tömegét nehéz tolerálni, de ennek miért azok esnek áldozatául, akik kedves kiszolgálást és egy jó kávét várnak el az értéktelen magyar forintjukért. Van hova fejlődni........ebben is.🖖",Olumsuz,-1
155780,"Újpest, Görgey Artúr út",Innogy SE (RWE eMobility),Macaristan,47.5564875,19.0817078,ChIJ9-aqjoHbQUcR4gmFWqsXtmM,110 kW-ra korlátozva,Olumlu,1
155780,"Újpest, Görgey Artúr út",Innogy SE (RWE eMobility),Macaristan,47.5564875,19.0817078,ChIJ9-aqjoHbQUcR4gmFWqsXtmM,"A HUMOL0085 (Magyarcsanád) töltőállomás „Elérhető”-ként jelenik meg az alkalmazásban, de valójában nem működik – egyáltalán nem tudtam elindítani a töltést. Nagyon frusztráló, különösen, ha utazás közben is erre van szükségem. Kérjük, ellenőrizze és frissítse a helyes állapotot.",Olumsuz,-1
298510,TEA. Tata Forbild M1,TEA.,Macaristan,47.630395729213234,18.31306397165247,ChIJbQHCORNGakcRef6zgaFXzu4,"Könnyen megtalálható, egyszerűen használható töltő. A regisztráció az appban 5 perc se volt. Az árak mindenféle bérlet, meg hűség nélkül is a legjobbak. Egyedül voltam, 90 kW-tal indult a töltés, és 15 perc alatt végeztem is.",Olumlu,1
298510,TEA. Tata Forbild M1,TEA.,Macaristan,47.630395729213234,18.31306397165247,ChIJbQHCORNGakcRef6zgaFXzu4,Kiváló töltőállomás! Tudja a 100 kW-ot! ✅,Olumlu,1
298510,TEA. Tata Forbild M1,TEA.,Macaristan,47.630395729213234,18.31306397165247,ChIJbQHCORNGakcRef6zgaFXzu4,Nem kellett várni! Máskor is használjuk!,Olumsuz,-1
298510,TEA. Tata Forbild M1,TEA.,Macaristan,47.630395729213234,18.31306397165247,ChIJbQHCORNGakcRef6zgaFXzu4,"Az oszág legjobb és egyben legolcsóbb töltő/gyorstöltő hálózata! Szopadék kormányunk hálás lehet, hogy helyettük teszik a dolgukat!",Olumlu,1
298510,TEA. Tata Forbild M1,TEA.,Macaristan,47.630395729213234,18.31306397165247,ChIJbQHCORNGakcRef6zgaFXzu4,Megbízható.,Olumlu,1
194635,TEA. Tisza-tavi Ökocentrum,TEA.,Macaristan,47.646287,20.660945,ChIJKxIf3czFQEcRSgsDtkQ9b8o,Töltőállomás az Öko Center parkolójában. Látogatásunkkor volt egy díj (1200 ft). A tábla szerint csak az Öko Center nyitvatartási idejében volt nyitva. A töltés zökkenőmentesen működött; közvetlen fizetés a weboldalon regisztráció vagy alkalmazás nélkül.,Olumlu,1
161285,Budaörs METRO MOL,MOL,Macaristan,47.460636779808,18.89338425941196,ChIJcSYWtA7gQUcRlZxy6PSOw4s,"Egyszerű, lekezelő alkalmazottak, miután jeleztem, nem működik a kézi mosó és nem tudom lehasznalni a kártyával befizetett penzt. Jelezték,  saját felelősségre használjam,  biztos kifli.hu-s vagyok, vigyázni kéne rá. Nem ajánlom.",Olumsuz,-1
161285,Budaörs METRO MOL,MOL,Macaristan,47.460636779808,18.89338425941196,ChIJcSYWtA7gQUcRlZxy6PSOw4s,"Szombat hajnal 5, porzó tank. Kútfejre ki van írva 0-24 mobil tankolás.Shop még csak nyitott gondoltam 2025-ben kártyával lehet tankolni, tévedtem ! Gépi hangon, 6 órakor nyitunk... Szerencse a közeli auchan kút nyitva volt.",Olumsuz,-1
161285,Budaörs METRO MOL,MOL,Macaristan,47.460636779808,18.89338425941196,ChIJcSYWtA7gQUcRlZxy6PSOw4s,"A kézi autómosó tök jó. A probélma ott kezdődik hogy kijönni nem lehet onnét.
Úgy van kialakítva hogy maximum egy Suzuki Swift méretű autó tudja benne azt dupla visszafordító. Garantáltan le fogja cseszni az emberek a felinét.",Olumlu,1
161285,Budaörs METRO MOL,MOL,Macaristan,47.460636779808,18.89338425941196,ChIJcSYWtA7gQUcRlZxy6PSOw4s,"Kerülje mindenki a kézi mosót!!!!
Másodjára történt hogy beakadt és nem tudod leállitani,és ha befujtad habbal akkor az szivás.
A pénzt visszaadják azzal nincs gond.",Olumsuz,-1
161285,Budaörs METRO MOL,MOL,Macaristan,47.460636779808,18.89338425941196,ChIJcSYWtA7gQUcRlZxy6PSOw4s,"Meneküljön mindenki! Szerintem innen terjed a sötétség. Az utolsó alkalom, hogy próbálkoztam a tankolással ennél a kútnál. Itt mindig minden problémái ki van írva. Csak a papír hiányzik a kútfejről. Bocs, nem tudunk számlát adni, ja már tankoltál...hát az cumi, pedig mi kiírtuk...hova???!Ja nincs AdBlu, de kiirtuk...ja biztos elvitte a szél...aaa full gáz!!",Olumsuz,-1
161303,Vásárosnamény Nyíregyházi út MOL,MOL,Macaristan,48.11664597595421,22.314235334396017,ChIJY6vQBJyKOEcRc1Slquw_9fM,"Nagyon sokat kel várni !
Kér egy külföldi egy szendvicset és ki szál a kasszából hogy még csinálja te meg ott állsz 10 percig !
Nagyon bunkók és sokat kel várni.
Màtészalkai MOL ott dupla ennyi a kút és a forgalom ott max 1-2 perc az állás…!
Vezetö váltás kellene !",Olumlu,1
161303,Vásárosnamény Nyíregyházi út MOL,MOL,Macaristan,48.11664597595421,22.314235334396017,ChIJY6vQBJyKOEcRc1Slquw_9fM,"Nagyon tiszta rendezett, kedves udvarias gyorsz kiszolgálás.",Olumlu,1
161303,Vásárosnamény Nyíregyházi út MOL,MOL,Macaristan,48.11664597595421,22.314235334396017,ChIJY6vQBJyKOEcRc1Slquw_9fM,Előnye a 24 órás nyitvatartás.,Olumlu,1
161303,Vásárosnamény Nyíregyházi út MOL,MOL,Macaristan,48.11664597595421,22.314235334396017,ChIJY6vQBJyKOEcRc1Slquw_9fM,"Normális kiszolgálás, tiszta mosdók.",Nötr,0
161303,Vásárosnamény Nyíregyházi út MOL,MOL,Macaristan,48.11664597595421,22.314235334396017,ChIJY6vQBJyKOEcRc1Slquw_9fM,Olyan jó lenne h aki kávézni szeretne az miután tankolt elállna és nem váratná meg a tankolni vágyókat😊,Olumlu,1
87177,MOL Plugee M7 Füle N,MOL,Macaristan,47.026952057494746,18.26230535170897,ChIJK3x9N5XuaUcRCBYm1PQKORM,"A nő, aki ma itt dolgozott, nagyon durva és tiszteletlen volt, még csak angolul sem akart beszélni a busszal behozott külföldi vendégekkel! Még az arckifejezése is nagyon negatív és kellemetlen volt! Biztos vagyok benne, hogy ha barátságosabb lett volna és angolul beszélt volna a külföldiekkel, sokkal többet adott volna el. Azt tanácsolom a MOL-nak, hogy cserélje le az eladónőt....mi történne, ha mindenki ilyen durván viselkedne a turistákkal szemben?",Olumsuz,-1
87177,MOL Plugee M7 Füle N,MOL,Macaristan,47.026952057494746,18.26230535170897,ChIJK3x9N5XuaUcRCBYm1PQKORM,"Már harmadszor álltam meg itt tankolni és kávézni 1 hónapon belül és sosem lehetett használni a mosdókat. Ez nagyon kényelmetlen/ kellemetlen.
Többet itt nem állok meg, az biztos! Van benzinkút előtte is, utána is.... Gratulálok az üzemeltetőknek!",Olumlu,1
87177,MOL Plugee M7 Füle N,MOL,Macaristan,47.026952057494746,18.26230535170897,ChIJK3x9N5XuaUcRCBYm1PQKORM,"A vécé viszonylag tiszta volt, 200 forintossal működik, de 900 forintot fizettem két sajtos pogácsáért.",Nötr,0
87177,MOL Plugee M7 Füle N,MOL,Macaristan,47.026952057494746,18.26230535170897,ChIJK3x9N5XuaUcRCBYm1PQKORM,"A mellékhelyiségek koszosak, a szappan helyett a szappantartóba víz volt. A külső térben ahol éppen tankoltunk, a fejünkre söpörték a  plafonról  a szemetet, koszt .A kiszolgálás is gyenge volt, emberség nem sok volt a hölgyekbe.",Olumsuz,-1
87177,MOL Plugee M7 Füle N,MOL,Macaristan,47.026952057494746,18.26230535170897,ChIJK3x9N5XuaUcRCBYm1PQKORM,"Szépen berendezett pihenőhely! A nyári melegben lehet árnyékban parkolni, a fák között padok és asztalok vannak. Itt az otthonról hozott élelmiszert el is lehet fogyasztani. Ha nem hoztál ott van a kávézó, bevásárlókocsi résszel kávéval, itallal! Minden igény kielégítve",Olumlu,1
194601,TEA. Szilvásvárad,TEA.,Macaristan,48.09723494949984,20.38743524741369,ChIJofq-reOHQEcRHqe7hPGQn_Y,"Megszokott TEA színvonal, hiba nélkül tölt 47kWh-val.",Olumsuz,-1
194601,TEA. Szilvásvárad,TEA.,Macaristan,48.09723494949984,20.38743524741369,ChIJofq-reOHQEcRHqe7hPGQn_Y,Mindig tudja a maximális töltési teljesítményt tartani. Ez töltő 50 KW-os. Végig 48 és 51 KW közötti az érték.,Olumlu,1
161307,BP Vágány MOL,MOL,Macaristan,47.52265296517984,19.08127744611181,ChIJEca2kI_bQUcR7SJiyHQp2h8,"Minősíthetetlenül lenéző, bunkó volt a hosszú szőke hajú szemüveges lány, amikor kértünk 3db hotdogot. Derogált neki megcsinálni, ezt jelezte is felénk. Remelem többször nem futok vele össze",Olumsuz,-1
161307,BP Vágány MOL,MOL,Macaristan,47.52265296517984,19.08127744611181,ChIJEca2kI_bQUcR7SJiyHQp2h8,"A mosdó épp most, nagyon elhanyagolt.Se wc papír, se takarítás, de legalább bankkártyával tudsz fizetni érte 200 Ft-ot.A kézszárító, meg oldalra is fúj, így a közvetlen tőle jobbra lévő kukából kifújja a szemetet. De a hot-dog jó!:)",Olumsuz,-1
161307,BP Vágány MOL,MOL,Macaristan,47.52265296517984,19.08127744611181,ChIJEca2kI_bQUcR7SJiyHQp2h8,"Nem szól zene, az a legjobb.

Szolgáltatások OK, nappali személyzet rendes, van hely benne.",Olumlu,1
161307,BP Vágány MOL,MOL,Macaristan,47.52265296517984,19.08127744611181,ChIJEca2kI_bQUcR7SJiyHQp2h8,"Kiszolgálás gyalázatos. Látom kb. mindenki erről ír, miért nem tud ez ellen valamit tenni a munkáltató?",Olumsuz,-1
161307,BP Vágány MOL,MOL,Macaristan,47.52265296517984,19.08127744611181,ChIJEca2kI_bQUcR7SJiyHQp2h8,"November 26-an 23:01-kor szerettem volna fagyállót venni ezen a kúton. Vendég nem volt az üzletben, csak egyvalaki evett hotdogot és egy idős eladónő. Tehát nem volt zsúfoltság. A külső tároló redőnye lehúzva, kérem a segítségét, mire először a telefonját nyomkodja előttem, majd látszott rajta, hogy végigfut az agyán, hogy neki ki kéne menni a hidegbe, így totál bizonytalanul azt mondja: ""most elfogyott"". Elnézést kérek, de ez ma normális egy MOL kúton? Nem akar kiszolgálni az eladó? Tudomásom szerint több fagyállót is árulnak, meg se kérdezte, hogy melyiket szeretném, de ""most elfogyott"". Borzasztó, hogy ezzel az élménnyel kell ma már szembesülnie egy vásárlónak!!!",Olumsuz,-1
174040,MOL Plugee Zalakomár M7 N,MOL,Macaristan,46.51218250976677,17.191351479670857,ChIJ1aPLUrzzaEcRVGz9CYxBBrI,"Kerüljék el ezt a benzinkutat és az itt dolgozó személyzetet! Rendkívül neveletlenek, tiszteletlenek, és csúnyán beszélnek a vásárlókkal. Ha euróban fizetsz, még meg is próbálnak megkárosítani: 8 euróval kevesebb visszajárót kaptunk!
A vezetőségnek sürgősen intézkednie kellene a 2026.01.30-án, helyi idő szerint 6:00-kor szolgálatban lévő két alkalmazottal szemben – egy barna hajú és egy molett szőke nővel –, akik nyíltan kinevették azokat a vásárlókat, akik nem beszélték a magyar nyelvet, és gúnyt űztek belőlük.
Ez elfogadhatatlan viselkedés. Szégyen egy ilyen cég számára, hogy ilyen embereket alkalmaz. Rendkívül negatív tapasztalat. Senkinek nem ajánlom!",Olumlu,1
174040,MOL Plugee Zalakomár M7 N,MOL,Macaristan,46.51218250976677,17.191351479670857,ChIJ1aPLUrzzaEcRVGz9CYxBBrI,"Szlivéniából (Dél-Európából) hazaérve az első kút az M7-en és a Balkánon.....drága, retkes, a wc vállalhatatlan, a Mol-os alkalmazásod b@szhatod, mert hónapok óra rossz a beléptető, a ""hölgyek"" próbálnak kedvesek kenni, de látszik rajtuk, hify szégyellik a méltatlan helyzetet.....Mekkora gyökér lehet ennek a kútnak az üzemeltetője???? Gondolom született komári😂😂😂😂💩",Olumsuz,-1
174040,MOL Plugee Zalakomár M7 N,MOL,Macaristan,46.51218250976677,17.191351479670857,ChIJ1aPLUrzzaEcRVGz9CYxBBrI,"A WC csak 200 Ft-os érmével működik, amit nem találok soknak, és pozítívum, hogy helyben váltanak is pénzt, ha valakinek nem lenne 200 Ft-os érméje. A tisztasága megfelelő. A külső téren sok Tio-toi Wc van elhelyezve, melyekről itt nincs jó tapasztalatom, de ez az WC-t használókat minősíti elsősorban.

Itt sem fér bele a szolgáltatás díjába az ingyenes WC használata.
A nagyon szükséges akkor megfelel a hely egy rövid megállóra, tankolásra.",Nötr,0
174040,MOL Plugee Zalakomár M7 N,MOL,Macaristan,46.51218250976677,17.191351479670857,ChIJ1aPLUrzzaEcRVGz9CYxBBrI,"Horvátországból hazafele az első benzinkút. Na ebből érzem meg igazán ,hogy hazaértem! (szarkazmus!!)  Igénytelen wc, ami persze fizetős, de a padló ragad a kosztól és hányadék az egész , telecsinált, eldugult budival. Szégyellem , hogy egy külföldi ezzel találkozik az országba lépve . Nem értik, hogy ebből ítélik meg az országot ahogy ide érkeznek??Ha már fizetős ,miért nem képesek rendben tartani??? Kíváncsi lennék az üzemeltető szívesen engedné be a kislányát ilyen wc-be? Emberek, ez 2025-ben VÁLLALHATATLAN és UNDORÍTÓ!",Olumsuz,-1
174040,MOL Plugee Zalakomár M7 N,MOL,Macaristan,46.51218250976677,17.191351479670857,ChIJ1aPLUrzzaEcRVGz9CYxBBrI,"Kritikán aluli toalett állapotok!! 🤬🤬🤬🤬mire szednek 200 ft?? A bűz elviselhetetlen, a mocskos wc csészék , csapok😡😡😡 a kiírás szerint reggel 8 órától nem volt takarítva.... sztem már előtte se.. mi 14:15-kor érkeztünk erre a kútra! Bosszantó mert be se mentem volna ha észlelem a bűzt a pénz bedobása előtt! Ilyen igénytelen orlen benzin kúton még nem voltam! Sajnálom h fotót nem készítettem a kétkedőknek!",Olumsuz,-1
155893,"Tata,  Alkotmány u. ",E.ON (HU),Macaristan,47.52870669054053,19.057622181164334,ChIJyQ232ORFakcR48J5vxHsHfg,"App-ról azonnal indult is a töltés. Sajnos a megadott max teljesítményt nem éri el 400V-os rendszerű autóknál, ott 120 kW a legtöbb amit ki lehet belőle facsarni, 800V-nál tudnia kéne a 240 kW-t.",Olumsuz,-1
462170,CURB - Polyduct Nádudvar,Curb (Hungary),Macaristan,47.417240581046286,21.175289942385007,ChIJ3ZBPpEQhR0cRT-9GW-SIHVE,"Working again, 150 HUF/kWh
CCS only, 50 kWh rate.
CHAdeMO and Type2 is disabled!

Újra működik 150 Ft/kWh
CCS 50 kWh
CHAdeMO és Type2 nem működik rajta!",Olumsuz,-1
462170,CURB - Polyduct Nádudvar,Curb (Hungary),Macaristan,47.417240581046286,21.175289942385007,ChIJ3ZBPpEQhR0cRT-9GW-SIHVE,Nem működik,Olumsuz,-1
107435,"Budapest, e-Mobi Látogatóközpont (Millenáris)",E-Mobi,Macaristan,47.5118773274712,19.0230674142083,ChIJ9YoTCNXdQUcRynWQF8HBkcY,"Az E-mobi első villámtöltője,  amit persze jó sok gyorstöltő megelőzött már. Nagyon jó helyen van, és jó az is, hogy ingyen használható! Az egyetlen gond, hogy a töltő a menetirány szerint  hátul van, tehát akinek elöl van a csatlakozója, annak bizony forognia kell. A töltő maga könnyen kezelhető.",Olumlu,1
107435,"Budapest, e-Mobi Látogatóközpont (Millenáris)",E-Mobi,Macaristan,47.5118773274712,19.0230674142083,ChIJ9YoTCNXdQUcRynWQF8HBkcY,"Szuper villámtöltő elektromos autókhoz. Egyszer fordult elő, hogy sokkal kevesebb amperrel töltött a töltő.",Nötr,0
107435,"Budapest, e-Mobi Látogatóközpont (Millenáris)",E-Mobi,Macaristan,47.5118773274712,19.0230674142083,ChIJ9YoTCNXdQUcRynWQF8HBkcY,"Nem működik, nem üzemel",Olumsuz,-1
107435,"Budapest, e-Mobi Látogatóközpont (Millenáris)",E-Mobi,Macaristan,47.5118773274712,19.0230674142083,ChIJ9YoTCNXdQUcRynWQF8HBkcY,2 hely van,Olumsuz,-1
107435,"Budapest, e-Mobi Látogatóközpont (Millenáris)",E-Mobi,Macaristan,47.5118773274712,19.0230674142083,ChIJ9YoTCNXdQUcRynWQF8HBkcY,"A modern csatlakozók nem kaphatók, bár nem reklámozzák őket.",Olumsuz,-1
89014,Lukoil Miskolc,Optimum Way,Macaristan,48.1279211,20.7853893,ChIJl2IIF_yfQEcRCt4qWEiT5Ys,"Sziasztok, írjátok már ki légyszíves egy fecnire, cetlire, darab papírra, hogy ha valaki éjfél után tankolni szeretne a 0-24 ben nyitva tartó benzinkúton, akkor az eljárás az, hogy bemegy meg kéri a pénztárost, hogy nyissa meg a benzin csapot mert e procedúra nélkül nem fog üzemanyaghoz jutni a rengeteg üzemanyag lopás miatt. Köszönöm szépen, boldog új évet és kevesebb ingyen tankolót kivanok",Olumlu,1
89014,Lukoil Miskolc,Optimum Way,Macaristan,48.1279211,20.7853893,ChIJl2IIF_yfQEcRCt4qWEiT5Ys,"MISKOLC KÖZPONTI HELYÉN TALÁLJUK EZT A BENZINKUTAT,- A BÚZA TÉR SZOMSZÉDSÁGÁBAN.
BRAZIL VIVA KÁVÉT LEHETETT 1 SUPERSHOP PONTÉRT KÓSTOLNI A MAI NAPIG.HA ELVITELRE KÉRJÜK A POHARAT KI KELL FIZETNI ,AMI 80 FT.
NAGYON KEDVESEK AZ ITT DOLGOZÓK,A VÁLASZTÉK IS JÓ A MINI SPARBAN.
TISZTA ,RENDEZETT BENZINKÚT VÁRJA A VÁSÁRLÓKAT.",Olumlu,1
89014,Lukoil Miskolc,Optimum Way,Macaristan,48.1279211,20.7853893,ChIJl2IIF_yfQEcRCt4qWEiT5Ys,"2025.06.30. 18.50-kor tankoltam. Beteg kiskutyámat ölben vittem be. Nem volt vásárló a shopban. Fizetni szerettem volna, de minősíthetetlen hangnemben kiküldtek, pedig mondtam, hogy beteg a kutyusom és nem hagyható a kocsiban. Heti 2x tankolok. Soha ilyen stílussal nem találkoztam. Miskolc többi OMV kútjára ölbe bevihetem a kutyust. Nagyon bunkó volt mindkét dolgozó. Soha többet nem tankolok ezen a kúton. Emberiségből is megbuktak! Senkinek nem ajánlom!!!",Olumsuz,-1
89014,Lukoil Miskolc,Optimum Way,Macaristan,48.1279211,20.7853893,ChIJl2IIF_yfQEcRCt4qWEiT5Ys,"A kisboltjuk nagyon jó, olcsó, kedves életvidám eladókkal, akik segitőkészek. Hasznos termékeket lehet venni amit amúgyse veszel meg de hasznos pl hordozható akku, fülhallgató és élelmiszerek mint például tejszínhab, kóla, keksz édességek stb",Olumlu,1
89014,Lukoil Miskolc,Optimum Way,Macaristan,48.1279211,20.7853893,ChIJl2IIF_yfQEcRCt4qWEiT5Ys,"Kulturált hely,jó dolog a Spar jelenlét.",Olumlu,1
194579,TEA. Svábhegy Príma CBA 75 kW,TEA.,Macaristan,47.49729072822865,18.988911783954904,ChIJ3etZ83zfQUcRBFpEHn440T0,"Ahogyan lennie kell, sorompó nyitás aplikációval, kicsit kaptatni kell, így aki közel van a 0-hoz, az óvatosan.. mert zabálja a %-ot a hegy",Nötr,0
194579,TEA. Svábhegy Príma CBA 75 kW,TEA.,Macaristan,47.49729072822865,18.988911783954904,ChIJ3etZ83zfQUcRBFpEHn440T0,"75 kW DC ultra elektromos autó töltő.
Üzemel ✅",Olumlu,1
194579,TEA. Svábhegy Príma CBA 75 kW,TEA.,Macaristan,47.49729072822865,18.988911783954904,ChIJ3etZ83zfQUcRBFpEHn440T0,Jó tapasztalat!,Olumlu,1
155884,"Szentendre, Rév u.",E.ON (HU),Macaristan,47.67179558478887,19.079724896902576,ChIJJyzoetbVQUcRteAW6VubVbw,"Tökéletesen működik. 2db töltő van, a SPAR-oknál megszokott módon. A töltők a parkoló jobb hátsó sarkában, a kukák mellett :( találhatók.",Olumlu,1
107984,"Keszthely, Yacht Kikötő",E-Mobi,Macaristan,46.76485950815973,17.265921715344234,ChIJ5Yf2dQDjaEcRIDAroA3epAU,"500 Ft/óra, szálló vendégeknek",Olumlu,1
161276,Siófok Wesselényi MOL,MOL,Macaristan,46.919025125118935,18.087085690955178,ChIJS9Nf2VvAaUcRFGfJRlcmOV4,"Csatlakozom az előttem szólóhoz.
Az eladók viselkedése szégyen.
Segítőkészség semmi.
A férfi kutas még segített néhany információval de a 2 eladónő kinevetett.
Megaláztak és undorító módon félre hajtott fejjel kinevettek.
Csak remélem, hogy a jövőben nem visz rá a szükség, hogy ide betegyem a lábam. (És itt hagyjam a pénzem).",Olumsuz,-1
161276,Siófok Wesselényi MOL,MOL,Macaristan,46.919025125118935,18.087085690955178,ChIJS9Nf2VvAaUcRFGfJRlcmOV4,"Egy hosszú, meleg, pénteki napon igyekeztem Zalába és örömmel álltam meg itt. A cégcsoport kutjai mindig tiszták, így volt ez itt is. Tankolni ugyan nem kellett, de volt hely az árnyékban a motoromnak, és a shopban is ehettem vagy két szendvicset. A mosdó tiszta, a kút egész környezete az, sokan álltak meg, tehát közismert és kedvenc kútról lehet szó.
Ajánlott hely.",Olumlu,1
161276,Siófok Wesselényi MOL,MOL,Macaristan,46.919025125118935,18.087085690955178,ChIJS9Nf2VvAaUcRFGfJRlcmOV4,"A MOL szégyene ez a mosó!!!!
Rendszeresen járok ide, a személyzet kedves, udvarias!!!! Deeee az, hogy a mosó szerintem a múlt évben többször volt rossz, mint jó!!!! Most is vagy 10 napja nem működik!!! Pedig igény az lenne rá, mert ha jó akkor mindig sor van!!!!",Olumsuz,-1
161276,Siófok Wesselényi MOL,MOL,Macaristan,46.919025125118935,18.087085690955178,ChIJS9Nf2VvAaUcRFGfJRlcmOV4,"A ma délelőtti műszakból a szőke “nő” és barna hosszú hajú kollegája (névtáblát sem viseltek) eszméletlen tiszteletlenül és modortalanul viselkedtek rajtunk kívül még 2 családdal 15 percen belül, ugyanis annyit kellett várni a hotdogokra mert egy darab sem volt felrakva a sütőre… panaszkönyvet is kértek amire a válasz az volt hogy nincsen! Na már most ilyenkor mit tud csinálni az ember ha nem adja oda?! Miután a másik család nem várta meg a hotdogot, a 2 hölgy nevetne utánuk kiabált hogy biztos megsértődtek mindenki füle hallatára
Ők nagyon jól érezték magukat annak ellenére hogy nem valóak ilyen helyre munkaerőnek! Hát ugye ezt kellene ellenőrizni, a saját embereiket 😁",Olumsuz,-1
161276,Siófok Wesselényi MOL,MOL,Macaristan,46.919025125118935,18.087085690955178,ChIJS9Nf2VvAaUcRFGfJRlcmOV4,"Az eladók stílusa minősíthetetlen! Kérném az üzletvezetőt, hogy nagyobb figyelmet fektessen abba, hogy kiket vesz fel dolgozni, mert én a helyében szégyellném magamat, hogy ilyen emberek dolgoznak az üzletemben. Undorító",Olumsuz,-1
108051,"Nagykanizsa, Kanizsai Kulturális Központ",E-Mobi,Macaristan,46.4539531,16.995790599999964,ChIJsc7sd5eTaEcRzb54ArFOzP4,50 kW helyett csak 15kW teljesítményű.,Olumsuz,-1
172542,Penny Market Pesti út,Volthero,Macaristan,47.48470663059285,19.235866986887004,ChIJM0SLLxLcQUcR5bOpQQ2sDfc,"Nem gondolnám, hogy sok értelme volt ide telepíteni. Kevés olyan utca van a belvárosban, amit ennyiszer zárnak le rendezvény, tüntetés, vagy éppen delegációk mozgása miatt. Ezzel természetesen elérhetetlenné téve a gyorstöltőt...",Olumsuz,-1
172542,Penny Market Pesti út,Volthero,Macaristan,47.48470663059285,19.235866986887004,ChIJM0SLLxLcQUcR5bOpQQ2sDfc,"Navigációval egyszerűen oda találtam. Két töltő helyből az egyik éppen szabad volt. Szundítottam egy órát a kocsiban, közben feltöltött a Nissan Leaf 95%-ra. 💪😎👍",Olumlu,1
172542,Penny Market Pesti út,Volthero,Macaristan,47.48470663059285,19.235866986887004,ChIJM0SLLxLcQUcR5bOpQQ2sDfc,"Pont a zebra mellett, a parkolóóránal található. 2 hely van kialakítva, amik általában foglaltak. Fura is így üresen látni!",Olumlu,1
172542,Penny Market Pesti út,Volthero,Macaristan,47.48470663059285,19.235866986887004,ChIJM0SLLxLcQUcR5bOpQQ2sDfc,"CCS, CHAdeMO és 43 kW-os, karos Type 2.
Elbírna még néhány ilyen oszlopot az ország.",Nötr,0
172542,Penny Market Pesti út,Volthero,Macaristan,47.48470663059285,19.235866986887004,ChIJM0SLLxLcQUcR5bOpQQ2sDfc,A hírek szerint nov. 01-től fizetős és így legalább lesz szabad hely,Olumsuz,-1
194633,TEA. Eplény Vibe Park,TEA.,Macaristan,47.214226,17.929103,ChIJZRRdhsCFaUcRhI4UcPXPdkA,"Bár zölden villog, nem sikerült töltést elinditani. A kifüggesztett telefonszámot hívtam, senki nem vette fel, így segítséget sem kaptam. A Síaréna dolgozói már hetekkel ezelött jelezték a hibát, nem történt semmi. Korábban már regisztrálás is nehézséget okozott, nem kaptam ugyanis e-mail-ben a megerösitö kódot. Jeleztem ezt a szolgáltatónak elektronikus üzenetben, az e-mailem egyszerüen ignorálták. Késöbb sikerült másképp regisztrálnom. Az egész szolgáltatás, support, töltés, 0-val egyenlö. Senkinek nem javaslom.",Olumsuz,-1
191367,Budakalász Auchan,Mobiliti.hu,Macaristan,47.61249112817666,19.061339692031424,ChIJbTiA527XQUcRRBkn_a4JbzY,"Sok töltési lehetőség, de a legdrágább is és a parkolóhelyek rövidek. Számos bevásárlási lehetőség.",Olumlu,1
132791,"ALDI, Balatoni út",E.ON (HU),Macaristan,46.84273235,16.8690958237385,ChIJGQDwcBUoaUcRZoaLIvexvok,"Időpont foglalás nélkül, elég nehéz bejutni!
A biztonsági személyzet, kicsit túl gondolja,a feladatát!
A ügyintézés gördülékeny és figyelmes.
Végül jó érzéssel távoztam.",Olumsuz,-1
132791,"ALDI, Balatoni út",E.ON (HU),Macaristan,46.84273235,16.8690958237385,ChIJGQDwcBUoaUcRZoaLIvexvok,"Szerda,ügyfélfogadás 20: 00.- ig! Ok! Érkeztem 17:25- kor,ajtóban biztonsági őr ,nő, utamat állja,és kérdezi,hogy mit akarok.Ügyet intézni! Van időpontom? Kérdezi. Nincs időpontom ,válaszolok neki. Akkor nem mehetek be! Mondom neki,hogy ne szorakozzon velem,hiszen nincs egy ügyfél sem! Válasz ő nem szokott szorakozni! Az látszik, vválaszoltam",Olumsuz,-1
132791,"ALDI, Balatoni út",E.ON (HU),Macaristan,46.84273235,16.8690958237385,ChIJGQDwcBUoaUcRZoaLIvexvok,"Időponra érkeztünk a 9.hónapban lévő állapotos párommal. Ügyfélváróba nem lehet bemenni, a lépcsőn lehet helyet foglalni az udvaron, miután megvárakoztatják!  Szerencse, hogy nyáron mentünk, így legalább nem fagytunk meg!  Sajnálom az ott dolgozó ügyintézőt, mert ő korrekt volt, az értékelés nem neki szól!",Olumsuz,-1
132791,"ALDI, Balatoni út",E.ON (HU),Macaristan,46.84273235,16.8690958237385,ChIJGQDwcBUoaUcRZoaLIvexvok,"Parkolással kezdenem, inkább menj gyalog.
Ugyfelszolgalat, kérj idő pontot.
Bejáratnál tovább nem jutottam, mert nekem nem volt, nem engedett egy kedves néni tovább, csak egy kérdés tettem volna fel. Itt várakozok  a kapujuk elott a 25.dik percbe senki se be, se ki a bejáraton.
Meguntam, elmentem közben telefonon elértem őket.",Olumsuz,-1
132791,"ALDI, Balatoni út",E.ON (HU),Macaristan,46.84273235,16.8690958237385,ChIJGQDwcBUoaUcRZoaLIvexvok,Zárás előtt negyed órával már nem lehet bejutni az ajtón 😌,Olumsuz,-1
107974,"Lenti, Hotel Balance",E-Mobi,Macaristan,46.6205996257084,16.5326280584053,ChIJKUgdPEHLaEcR1CHJpLFiglM,"Lenti Gyógyfürdőnél, a nyílt parkolóban. 0-24. Tehát éjjel is. Hibátlan, működik.
Mobiliti alkalmazással vagy RFID tokennel.
225 Ft/kWh tarifa.",Olumlu,1
193709,TEA. Siklós,TEA.,Macaristan,45.8539227,18.2955948,ChIJsxOKbIo3XUcRVvXp_nJltJ0,"Az alkalmazás jelzi, hogy 5000 Ft elérésekor leáll a töltés, de újraindítható.",Nötr,0
193709,TEA. Siklós,TEA.,Macaristan,45.8539227,18.2955948,ChIJsxOKbIo3XUcRVvXp_nJltJ0,Rendben!,Olumlu,1
92932,Spirit Hotel Thermal Spa,Tesla (Tesla-only charging),Macaristan,47.243913,16.942967,ChIJ9YWVAOC5bkcROlXB_ZLEa40,"A töltő jó helyen van. Sajnos, ha a környező boltok zárva vannak , akkor nincsen mosdó lehetőség a közelben.",Nötr,0
301723,Ionity Sormas,Ionity,Macaristan,46.46053632445594,16.906579053314545,ChIJJ53MPKqVaEcRgkba0sqMdNE,"Hibátlanul ment minden, egyedül nálam arra kellett figyelni hogy töltés indítás előtt be kellett zárni a kocsit. Csak ezután tudtam appból indítani. Ezután 5 másodperc alatt elindult a töltés és már nyitható volt autó.",Olumsuz,-1
301723,Ionity Sormas,Ionity,Macaristan,46.46053632445594,16.906579053314545,ChIJJ53MPKqVaEcRgkba0sqMdNE,"Hááát.... Szóval, nem tudtam elindítani a töltést 4x egymás után (annak ellenére, hogy minden alkalommal befoglalta a 15.000 Ft-ot, azaz 4x 15.000 Ft-ot...!) Balatonkeresztúron hajnalban -7 C fokban, gyerekestől-családostól úgy, hogy volt Ionity Passport-om (előfizetésem) és mentünk volna Horvátországba pihenni. A callcenter-ben természetesen nem beszélnek magyarul, ellenben angolul is elég furán nyomták 🙂 Ez persze hajnalban és -7 C fokban nem volt annyira vicces! Hiába töröltem az app-ot és töltöttem le újra, és húzta újra a kártyaadatokat, stb., stb.,...., semmi nem segített...., a callcenteres útmutatás alapján.
Szerencsére asszonykám gyorsan letöltötte az Ionity app-ot, és pluszba vett Ő is egy előfizezést (itt mindjárt káló volt!) és simán elindította a töltést egyből.....? Tette mindezt nulla e-autós tapasztalattal....?!
Beszéltem később a bankommal, akik szerint minden OK volt, csak az Ionity-nél volt valami gebasz... Az Ionity szerint náluk minden OK volt és a bankomnál volt a probléma....? Mondjuk fura volt, hogy többször befoglalta a pénzt, de a töltés nem indult el egyszer sem...?
A legfurcsább az volt ezután, hogy haza felé  Zágráb mellett majd Balatonkeresztúron simán indult a töltés probléma nélkül....?
De mi van akkor ha nincs mellettem egy másik bankkártya valakinél...?",Olumsuz,-1
301723,Ionity Sormas,Ionity,Macaristan,46.46053632445594,16.906579053314545,ChIJJ53MPKqVaEcRgkba0sqMdNE,"Könnyű megtalálni, gyors! Egyik legjobb ionity spot!",Olumlu,1
301723,Ionity Sormas,Ionity,Macaristan,46.46053632445594,16.906579053314545,ChIJJ53MPKqVaEcRgkba0sqMdNE,Mindig találni üres töltő oszlopot.,Olumlu,1
301723,Ionity Sormas,Ionity,Macaristan,46.46053632445594,16.906579053314545,ChIJJ53MPKqVaEcRgkba0sqMdNE,"A töltők nagyszerűek voltak, gyorsak, mi az Ionityt használtuk, de voltak Tesla állomások is. Ami a környezetet illeti, lehetőség van sétálni, ami nagyszerű, és az éttermet is meglátogatni.

Az étterem nálam 4 csillagos. Az étel rendben volt, nem volt kirívó, de nem is csúcs. Az árak elég eltúlzottak. Két főétel, egy kis leves - halaszle, alkoholmentes sör és 2 dl gyümölcslé összesen 70 euróba került. Ha a bankod talán jobb árfolyamát szeretnéd használni kártyás fizetéskor, nyilván szólj a pincéreknek, hogy forintban szeretnél fizetni, különben azonnal az eurót választják.

Összességében, mint elektromos autó töltési, kávézási, WC-zési megállóhely, nagyszerű hely.",Olumsuz,-1
487075,CURB - Ketrész utcai parkolóház,Curb (Hungary),Macaristan,47.89866715565168,20.384351905314706,ChIJR-NGAOaNQEcR_Mxk0pf3c2E,"Nem működött az elektromos autótöltő, amit csak a parkolóházba történő behajtás után tapasztaltam. Sehol nem volt kiírva, hogy a töltő üzemen kívül van, erről csak a parkolóházon belül, a töltőállomásnál lehetett meggyőződni.
Körbefényképeztem a töltőt, majd elindultam a kijárat felé. Körülbelül 15 méterre láttam egy személyt, aki biztonsági őrnek tűnt. Az ő irányába vezetett a legrövidebb út kifelé, így elhaladtam mellette a kijárat felé.
A sorompó nem nyílt fel, ezért lehúztam az ablakot, köszöntem, és segítséget kértem a kihajtáshoz. Azt a választ kaptam, hogy fizetnem kell. Megkérdeztem, miért kellene fizetnem, mire azt mondta, hogy a parkolásért akkor is fizetni kell, ha az ember tölteni szeretné az autót — annak ellenére, hogy tisztában volt vele, hogy a töltő nem működött.
Mivel egyértelmű volt, hogy kettőnk között nincs meg a közös nevező, kértem, hogy beszélhessek a felettesével. Ez meg is történt, és néhány percnyi beszélgetés és egyeztetés után végül az a döntés született, hogy nem kellett kifizetnem az óránként felszámított 300 Ft parkolási díjat.",Olumsuz,-1
487075,CURB - Ketrész utcai parkolóház,Curb (Hungary),Macaristan,47.89866715565168,20.384351905314706,ChIJR-NGAOaNQEcR_Mxk0pf3c2E,Mindegyik  üzemen kívül,Nötr,0
107923,"Cegléd, Városi Könyvtár",NKM mobiliti,Macaristan,47.17050835966987,19.79906512166417,ChIJR2aOL_RwQUcRRPn9cWE_iW4,Nagyon gyorsan tölt az bisztos,Olumsuz,-1
107480,"Vác, Althann Mihály Frigyes utca",NKM mobiliti,Macaristan,47.7803215840003,19.125736437295476,ChIJTTLbU-0qQEcREXVbzK3Zpc0,"Ez nem hiszem, hogy itt van!",Olumsuz,-1
107460,"Tamási, Penny Market",E-Mobi,Macaristan,46.6363851923569,18.2815023299758,ChIJ0YKx1Q7VaUcRJ_TYpxNK7YI,"Jó lenne, ha jó lenne!
Számomra a legjobb helyen van Pest - Kaposvár útvonalon, kerülve a dugót az M7-en. Amíg tölt az autó, van idő egy kis bevásárlásra vagy megenni egy finom somlói galuskát a szemközti cukrászdában. De mivel nem működik (megint) így ez sajnos elmaradt. Még jó, hogy sikerült hazaértem. Ha olvassa a hölgy az i3-mal 2025.04.25 péntek délutánról remélem Ő is szerencsen hazaért!",Olumsuz,-1
107460,"Tamási, Penny Market",E-Mobi,Macaristan,46.6363851923569,18.2815023299758,ChIJ0YKx1Q7VaUcRJ_TYpxNK7YI,"Az egyetlen előnye, hogy legalább létezik, egy Penny parkoló eldugott csücskében. Sajnos a Siófok-Dombóvár útvonalon nincs töltő, nemrég Dombóváron is megszüntették, így némi kerülővel vészhelyzetben használható.
Az elvileg 44 kW-os oszlop a 70 kW töltési sebességre képes Hyundai Ioniq-ot csak kb. 34-35 kW-tal tudja tölteni, ami nagyon pocsék ilyen árak mellett, főleg, mert az egyedüli hálózat, amelyik felháborító módon perc alapon számláz.",Olumsuz,-1
107460,"Tamási, Penny Market",E-Mobi,Macaristan,46.6363851923569,18.2815023299758,ChIJ0YKx1Q7VaUcRJ_TYpxNK7YI,"Honapok ota rossz, Mobility app is jelzi. Kedves Mobility, mikor tervezitek megjavitani??",Olumsuz,-1
107460,"Tamási, Penny Market",E-Mobi,Macaristan,46.6363851923569,18.2815023299758,ChIJ0YKx1Q7VaUcRJ_TYpxNK7YI,"Jó helyen van, majdnem szemben a töltővel van egy cukrászda, ahol finom kávét, fagyit, sütit lehet kapni. 10-15 perc aztán lehet is tovább menni. 40kw-tal töltötte a Leaf-et.",Olumlu,1
107460,"Tamási, Penny Market",E-Mobi,Macaristan,46.6363851923569,18.2815023299758,ChIJ0YKx1Q7VaUcRJ_TYpxNK7YI,"A lehúzás magasiskolája! Gusztustalan egy társaság. Perc alapú elszámolás, de csak fél tempóval jön az áram! Szégyen, hogy ilyenek még működhetnek!",Nötr,0
193410,McDonald's Mobiliti DC 50kW,Mobiliti.hu,Macaristan,48.23294618388286,22.06546706862582,ChIJ0RuT1fTsOEcRPT15hn4L_Qg,Könnyen használható és problémamentes,Olumlu,1
163406,József Attila út,NKM mobiliti,Macaristan,48.10838550523604,20.834879526373925,ChIJpT6VM_yfQEcREPt1VQVOFPg,"Sajnos nem működött, csak bosszúságot okozott!!!!
Reklamációra, ""majd küldünk szakembert"".
Még jó, hogy volt pár km- re  való energia a kocsiban.
Át kellett állni másik oszlopra a városban.",Olumsuz,-1
163406,József Attila út,NKM mobiliti,Macaristan,48.10838550523604,20.834879526373925,ChIJpT6VM_yfQEcREPt1VQVOFPg,Jól tölti az ioniq5-t,Olumlu,1
163406,József Attila út,NKM mobiliti,Macaristan,48.10838550523604,20.834879526373925,ChIJpT6VM_yfQEcREPt1VQVOFPg,"A szolgáltatótól, miután jelentős problémák merültek fel.

Idézet:

====
Sajnos fizetési partnerünk néhány hete nem kezeli megfelelően a VISA kártyás fizetési tranzakciókat.

Sajnos fizetési partnerünk hetek óta nem megfelelően kezeli a VISA kártyás fizetéseket.

Több mint egyórás levelezés WhatsApp-on keresztül, több sikertelen próbálkozás a fiók betöltésére.

Egy másik Mastercard hitelkártyára volt szükség.

Az ügyfélszolgálat NEM MEGFELELŐ.

BŐVEBBEN itt
Blog.mikes-weltreise.de",Olumsuz,-1
163406,József Attila út,NKM mobiliti,Macaristan,48.10838550523604,20.834879526373925,ChIJpT6VM_yfQEcREPt1VQVOFPg,disszidál,Nötr,0
117816,József Attila út,E.ON (HU),Macaristan,47.1929541457856,18.4152504712519,ChIJm7xOq7D3aUcR5mUSzQqayAk,"Gáz témájú ügyben voltam ott. Közöltékk, hogy ők nem nagyon tudnak segíteni, mivel ök áramosok a nevükből fakadóan.....szerencsére nem volt komplikált a dolog és a papírok elkészültek.
De! Ilyen lel ki etlen embertelen nőszemélyekkel sehol sem találkoztam. Több mint 60 km-t utaztam oda. Wc re kellett mennem, de nem volt. Közölték, hogy nem írja elő a rendelet. Jó, akkor. Beengednének oda, ahová ők járnak? NEM! Csináljak amit akarok.
Szerencsére valaki (nem ügyfélszolgálatos ) beengedett. Ja, 67 éves vagyok..........",Olumsuz,-1
117816,József Attila út,E.ON (HU),Macaristan,47.1929541457856,18.4152504712519,ChIJm7xOq7D3aUcR5mUSzQqayAk,"Az ügyintéző kedves, segítőkész volt, a problémát  megoldotta. De minden más szánalmas!
Nem kötelező időpontot kérni, de két órával és öt várakozó ügyféllel a zárás előtt már az őr elküldi azt akinek nincs előzetes foglalása.
Bár van sorszám automata, de azt csak az őr kezelheti. Ő pedig csak akkor nyomtat sorszámot amikor van szabad ügyintéző 😯
Vagy kicsit később. Gondolom így a statisztikákban az ügyfél várakozási idő átlagosan egy perc alatt tud maradni.
Amikor elvonják az őr figyelmét akkor az ügyintézők a terem egyik végében várják az ügyfeleket, mi pedig azt várjuk, hogy sorszámot kapjunk. Vicc. Kerülendő, ha van rá mód...",Olumsuz,-1
117816,József Attila út,E.ON (HU),Macaristan,47.1929541457856,18.4152504712519,ChIJm7xOq7D3aUcR5mUSzQqayAk,"2023.03.02-án kaptam egy email, miszerint: háztartási méretű kiserőmű üzembe helyezéséhez 2022. 08. 05.-án/én elvégzett mérőcserét/mérőprogramozást számlázási rendszerünkben feldolgoztuk.   Szerettem volna megtudni, ez mit jelent, és mi tartott ezen 209 napig? Telefonos ügyfélszolgálat gyakorlatilag nincs. Senki ne pazaroljon rá időt.",Olumsuz,-1
117816,József Attila út,E.ON (HU),Macaristan,47.1929541457856,18.4152504712519,ChIJm7xOq7D3aUcR5mUSzQqayAk,"Ügyfélszolgálat: - miért kell mások problémáját végig hallgatnom: semmi diszkréció!!!
- miért nincs mosdó????
- biztonsági szolgálat az információ?",Olumsuz,-1
117816,József Attila út,E.ON (HU),Macaristan,47.1929541457856,18.4152504712519,ChIJm7xOq7D3aUcR5mUSzQqayAk,"Csak időpontfoglalással lehet érkezni, itt volt szabad időpont 1 héten belül (ellentétben a budapesti, érdi irodával). 5 perccel a foglalt időpont előtt adnak sorszámot, amivel 10 percet kellett várni a behíváshoz. Ügyintézés gyorsan zajlott, segítőkészek voltak.",Olumsuz,-1
313307,Tesla Supercharger Obuda,Tesla (including non-tesla),Macaristan,47.56108,19.04912,ChIJH4LaM8bZQUcRtsUBjIop-fk,Szuper hogy végre jó áron lehet Teslát tölteni valahol.,Olumlu,1
313307,Tesla Supercharger Obuda,Tesla (including non-tesla),Macaristan,47.56108,19.04912,ChIJH4LaM8bZQUcRtsUBjIop-fk,"V3 töltő. Mindig van hely, tiszta környezet.
Nem volt még meghibásodás.",Olumlu,1
313307,Tesla Supercharger Obuda,Tesla (including non-tesla),Macaristan,47.56108,19.04912,ChIJH4LaM8bZQUcRtsUBjIop-fk,Magasan az egyik legjobb töltőpont Budapesten. Még sosem volt vele problémánk.,Olumlu,1
313307,Tesla Supercharger Obuda,Tesla (including non-tesla),Macaristan,47.56108,19.04912,ChIJH4LaM8bZQUcRtsUBjIop-fk,Gyors és olcsó,Olumlu,1
313307,Tesla Supercharger Obuda,Tesla (including non-tesla),Macaristan,47.56108,19.04912,ChIJH4LaM8bZQUcRtsUBjIop-fk,Működik.,Olumlu,1
174032,MOL Plugee M3 Kál S,MOL,Macaristan,47.72252281695242,20.315338885191068,ChIJPWf5fgDvQEcRFnKFQmHeSg4,"A töltő mindig megbízhatóan üzemel, könnyű rátalálni.
-1 csillag azért, mert fedetlen a töltőhely. Megázok, míg a benzines/dízeles társaság szárazon tankolhat.
A másik mínusz, hogy nehéz beazonosítani, hogy melyik töltőt is indítsam az Ionity appból. Pl. az OMV töltőfejeire rá szokták írni a teljes azonosítószámot. Ez itt hiányzik, találgatni kell. Ami esőben dupla bosszúság...",Olumsuz,-1
174032,MOL Plugee M3 Kál S,MOL,Macaristan,47.72252281695242,20.315338885191068,ChIJPWf5fgDvQEcRFnKFQmHeSg4,"A rendelt hotdogra alapból várni kellett, amivel semmi probléma.
De ha az ember ki fizet közel 4 ezret 3 hot-dogért akkor legyen már benne szósz, a hot-dogban szó szerint az első 1,5 centiméternél van szósz, úgy hogy még pluszt is elkérnek a cheddar szószért, és kb nincs benne semmi.
Az idősebb hölgy nagyon pökhendi módon viselkedik, egyáltalán nem vendégcentrikus.",Olumsuz,-1
174032,MOL Plugee M3 Kál S,MOL,Macaristan,47.72252281695242,20.315338885191068,ChIJPWf5fgDvQEcRFnKFQmHeSg4,"Nagyon bunkó hozzáállás!!!
Odamentem a pénztároshoz és mondtam, hogy tankolnom kell, azt mondták, oké, fél órát vártunk a benzinkútnál, senki sem jött!!!
Újra odamentem hozzá és olyan arckifejezéssel távoztam, mintha nagyon nagy szívességet tett volna.
És miután tankoltam, annak ellenére, hogy 2 autó állt sorban, megfordult és elment!!!🤬😡🤬",Olumsuz,-1
174032,MOL Plugee M3 Kál S,MOL,Macaristan,47.72252281695242,20.315338885191068,ChIJPWf5fgDvQEcRFnKFQmHeSg4,"Durva hozzáállás a pénztárnál!!!
Vigyázat, durva hozzáállás a pénztárnál!",Olumsuz,-1
107702,"Székesfehérvár, Budai úti Interspar",E-Mobi,Macaristan,47.19009378950943,18.425161610944315,ChIJn62InOX3aUcR6m2LUsWuxZY,Megbízhatóan teszi a dolgát,Olumlu,1
107702,"Székesfehérvár, Budai úti Interspar",E-Mobi,Macaristan,47.19009378950943,18.425161610944315,ChIJn62InOX3aUcR6m2LUsWuxZY,22 KW váltóáram,Olumlu,1
88539,"Lukoil Gödöllő, M3-as Dél",Optimum Way,Macaristan,47.606015695799,19.2950115287666,ChIJz3E1gcHPQUcRbxBJ_diTJRQ,Jó.,Nötr,0
135081,"Veszprém ALDI, Észak-keleti útgyűrű",E.ON (HU),Macaristan,47.109343,17.927296,ChIJTZ5g5Y-aaUcRN8yzZyH9a0Q,Sajnos nem működnek a töltők,Olumsuz,-1
92942,"Pécs, Hotel Palatinus City Center",MVM Partner Zrt.,Macaristan,46.0764401,18.2294862,ChIJXZXsEX2xQkcRW5BJKZrR7rE,"Négy megbízhatóan működő gyorstöltő. Shell Recharge töltőkártyával használom őket. Spar, DM és Obi a közvetlen közelben vannak. Egy csillag levonásra került az ár miatt, ami 80 cent/kWh.",Olumlu,1
205268,HUFBAU Hajdúszoboszló,TEA.,Macaristan,47.4394,21.40214,ChIJiznGIt8bR0cRbhtB1wao7dE,"Időalapú díjak ?

112 min x 80,00 HUF/min) = 8 960,00",Olumsuz,-1
258657,Ilona utca,TEA.,Macaristan,47.3663556526179,18.99247297656325,ChIJw76ZR3_mQUcRBFXgSKJqB94,"TEA. magyarországi országos elektromos autó töltőhálózat egyik helyszíne. A töltés ""Teapont"" mobiltelefonos alkalmazásból indítható. Bankkártyával online van lehetőség a töltés díját kifizetni. Bérlet vásárlása esetén kedvezőbb áron lehet tölteni. A ""Teapont"" alkalmazás android és ios áruházakból magyar és angol nyelven egyaránt elérhető. A töltőállomás mindenki számára 0-24 órában nyitva áll.

TEA. one of the locations of the national electric car charging network in Hungary. Charging can be started from the ""Teapont"" mobile phone application. It is possible to pay the charging fee online with a bank card. If you buy a pass, you can charge it at a more favorable price. The ""Teapont"" application is available in both Hungarian and English from Android and iOS stores. The charging station is open to everyone 0-24 hours.",Olumlu,1
258657,Ilona utca,TEA.,Macaristan,47.3663556526179,18.99247297656325,ChIJw76ZR3_mQUcRBFXgSKJqB94,"A töltő alapvetően jól működik, sokszor töltöttem már itt (bérlettel), az árazása kiváló. A teljesítményelosztás kicsivel lehetne jobb, nem mindig arányos, ha 2 autó van.
Az viszont szerintem igen nagy probléma, hogy semmilyen árnyékoló nincs fölötte. Így nyáron a 36-38 fokban iszonyatosan felforrósodik az autó és a töltési veszteség is magasabb.
Egy egyszerű árnyékoló sokat segítene.",Nötr,0
258657,Ilona utca,TEA.,Macaristan,47.3663556526179,18.99247297656325,ChIJw76ZR3_mQUcRBFXgSKJqB94,"Hibátlan rendszer, korrekt árazás. Kár hogy sokan 100%-ig töltenek, napi szinten ugyanaz az autó.  90% felett duplára kellene emelni a kWh árat.",Olumsuz,-1
258657,Ilona utca,TEA.,Macaristan,47.3663556526179,18.99247297656325,ChIJw76ZR3_mQUcRBFXgSKJqB94,Gyors töltőből a legjobb ár!,Olumlu,1
258657,Ilona utca,TEA.,Macaristan,47.3663556526179,18.99247297656325,ChIJw76ZR3_mQUcRBFXgSKJqB94,"Jó áru elektromos autó töltő állomás, 90 kW teljesítményű. Sajnos csak egy autó töltésére van lehetőség. Sorba kellett állni, és utánunk is jöttek.",Olumlu,1
191355,MOL Plugee Magyarcsanád M43,MOL,Macaristan,46.2217434044843,20.652820745274767,ChIJrQa039JXREcR4isRbV25GVE,"Jár az 5 csillag a kútnak az eladók miatt csak miattuk! Sokat járok ide, különösen kiemelném Tóth Bálintot! Rendes pörgős tisztelet tudó kedves segítőkész!! Neki külön repül az 5 csillag!",Olumlu,1
191355,MOL Plugee Magyarcsanád M43,MOL,Macaristan,46.2217434044843,20.652820745274767,ChIJrQa039JXREcR4isRbV25GVE,"A kaja kicsit borsos, de nem a husi :-)
Különben Ez a hely szuper csak igy tovabb. Csak Több és jobb EV töltő kellene. 100-zal tudnek tolteni de csak 80jott belole. Elofutott akku, tuti nem a kocs a gyenge. Akar 150et irnak ra. Csak 1 auto volt raja. Egyszerűbb volt ShellRecharge kartyaval inditani NFCvel mint APPal. Szerinred???",Olumsuz,-1
191355,MOL Plugee Magyarcsanád M43,MOL,Macaristan,46.2217434044843,20.652820745274767,ChIJrQa039JXREcR4isRbV25GVE,"Igazi gasztronómiai rejtély – vajon mennyibe kerül két pici darab krumpli? Nos, itt megtudtam: 1450 Ft.
A rendszer pazarul kifinomult: a csirkecombot a köretre helyezik, majd a köretet külön számlázzák.  Amikor a csirkecombot kivettem a dobozba, két kis krumpli – véletlenül – beleesett. A pult mögött álló hölgy nem jelezte, hogy ez így probléma lenne, azt mondta, hogy rakjam tele a dobozt krumplival. Én mondtam, hogy nem kérek mert soha nem eszek köretet, majd csendben felszámolta a teljes adag köret árát.. A köret ára sehol sincs egyértelműen feltüntetve, csak a pult szélénél jó magasan  lévő tányérokon, mintha egy kincskereső játék lenne.
Roppant kreatív átverés – de legközelebb inkább nem játszanék. A turistákat pedig őszintén sajnálom, akik nem tudják, hogy itt így „működik” a rendszer.",Olumsuz,-1
191355,MOL Plugee Magyarcsanád M43,MOL,Macaristan,46.2217434044843,20.652820745274767,ChIJrQa039JXREcR4isRbV25GVE,"Katasztrófálisan lassú kiszolgálás, kávégépben nincs tej, sorbanállás, előttünk bezár a kassza de egy szót se szól a kasszás, hogy menjünk,a másik pénztárhoz. A mögöttünk álló beáll elénk. Végre fizetjük a tankolást, kérem és kifizetem a lattét, majd várom.... De egy kávégép működik, és a
minket beelőző 6 kávéját készítik. Az utánam,jövőknek mondják a kutasok, hogy menjenek át az étterembe, ott rögtön megkapják a kávét. Én már nem mehetek oda, mert nem ott fizettem. Szóval meguntam és eljöttem. A gúnyhatár előtti utolsó kútnál kicsit jobban föl kéne készülni!!!",Olumsuz,-1
191355,MOL Plugee Magyarcsanád M43,MOL,Macaristan,46.2217434044843,20.652820745274767,ChIJrQa039JXREcR4isRbV25GVE,"Tök jó fej volt a köuépkorú eladó, visszahozta a régi idők hangulatát amikor még nem megtűrt résztvevő volt a vevő hanem a középpont, hisz mégis a pénzforrás. Azt hittem ez generációs probléma, de itt azt tapasztaltam hogy nem kínos hogy megálltam tankolni, sőt egészen ""elviseltek"" a magam stílusával és vigyorral ültem vissza a kocsiba. Pedig épp valami vitába voltak hogy ki hogy menjen cigizni, de a hölgy odapattanva megoldotta, tipik vendéglátós ;)",Olumlu,1
146243,"Igmánd Pihenöhely, E-mobi DC",NKM mobiliti,Macaristan,47.67324646780122,18.11408543969742,ChIJOUnVd2FLakcRbBaHyWOxhDk,A töltő rendben működik.,Olumlu,1
146243,"Igmánd Pihenöhely, E-mobi DC",NKM mobiliti,Macaristan,47.67324646780122,18.11408543969742,ChIJOUnVd2FLakcRbBaHyWOxhDk,Elég drága...,Nötr,0
31194,"Budapest, Akadémia utca",E.ON (HU),Macaristan,47.501086065712,19.0471128712681,ChIJ_-2aODzcQUcRNDA-5aaONik,"Lassú töltés. Kényelmes tölteni, amikor a városban sétálsz.",Olumlu,1
107465,"Baja, Rókus utcai parkoló",NKM mobiliti,Macaristan,46.1742292,18.959515,ChIJ1zjfMJofQ0cRpt7R_JHc4Wc,"Sajnos messze mindentől,  csak egy nyitott töltő a semmi közepén,  pár utcára egy benzinkút ahol mini shop de wc nincs, ez volt az egyetlen dc töltő a környéken de ez sem valami gyors csak 50kwh, ha már ilyen helyre tesznek 175ft/kwh összegért töltőt akkor legalább 175kwh teljesítményűt. Nem vicces autóban űcsörögni 1 órát",Olumsuz,-1
107465,"Baja, Rókus utcai parkoló",NKM mobiliti,Macaristan,46.1742292,18.959515,ChIJ1zjfMJofQ0cRpt7R_JHc4Wc,"Működik és 42kW-val tölt is 😊 hirtelen nem is kell több, persze legyen klotyó, kávé- italaautomata… jah meg mozi stb még csak most kezdünk előzni a kanyarban, majd a kanyar után lesz 😜",Olumlu,1
107465,"Baja, Rókus utcai parkoló",NKM mobiliti,Macaristan,46.1742292,18.959515,ChIJ1zjfMJofQ0cRpt7R_JHc4Wc,"Pécs és Eszék közt csak ez az egy villámtöltő található, a téli mód be van kapcsolva a Konában,de nem lehetett elég meleg az akku,mert csak 40 kWh.körül ment a töltés,így elég drága a töltés, hasonlóan kb 309 Ft ra jön ki mint ami a MOL kútnál lesz ár.",Nötr,0
107465,"Baja, Rókus utcai parkoló",NKM mobiliti,Macaristan,46.1742292,18.959515,ChIJ1zjfMJofQ0cRpt7R_JHc4Wc,"Többszörösen drágább itt tölteni mint egy benzines autót tankolni
Iszonyat lassú,valaki megbuverálta,hogy sz ő zsebébe fojjon a pénzed.",Olumsuz,-1
107465,"Baja, Rókus utcai parkoló",NKM mobiliti,Macaristan,46.1742292,18.959515,ChIJ1zjfMJofQ0cRpt7R_JHc4Wc,"Víz, biztonsági kamera van. De WC, vagy egy büfé (vagy legalább egy kávéautomata) nekem eléggé hiányzik innen.",Nötr,0
128753,Szabadság tér #2,E.ON (HU),Macaristan,47.1053984891633,17.5638673323489,ChIJzXYDvt9zaUcRRGNfpfUUVNs,Keves az ugyfekre szant ido.  !nagy a varos vonzaskorzete,Nötr,0
128753,Szabadság tér #2,E.ON (HU),Macaristan,47.1053984891633,17.5638673323489,ChIJzXYDvt9zaUcRRGNfpfUUVNs,Nagyon kedves emberek. Nagy bravó!,Olumlu,1
107918,"Fót, Városi Könyvtár, Ifjúsági ház",E.ON (HU),Macaristan,47.61070751917956,19.193484271163925,ChIJEwqtt53aQUcRwUct0STJEV0,"Szuper töltő, minden igényt kielégít és relatív nem drága (Shell-hez, OMV-hez képest)",Olumlu,1
107918,"Fót, Városi Könyvtár, Ifjúsági ház",E.ON (HU),Macaristan,47.61070751917956,19.193484271163925,ChIJEwqtt53aQUcRwUct0STJEV0,"Nagyon gyors töltő, általában van szabad hely.",Olumlu,1
107918,"Fót, Városi Könyvtár, Ifjúsági ház",E.ON (HU),Macaristan,47.61070751917956,19.193484271163925,ChIJEwqtt53aQUcRwUct0STJEV0,"Nagyon gyors E-on Drive töltő. Nem túl drága. 4 működőképes töltő áll rendelkezésre, és az Aldi mellett található.",Olumlu,1
107918,"Fót, Városi Könyvtár, Ifjúsági ház",E.ON (HU),Macaristan,47.61070751917956,19.193484271163925,ChIJEwqtt53aQUcRwUct0STJEV0,"Vadonatúj töltőállomás, ami még soha nem látott elektromos autó töltést",Olumsuz,-1
194660,SKI II. Public,TEA.,Macaristan,47.7389466,18.0689237,ChIJn1H8-vOya0cRhTitCKb0ieQ,"Nagyon barátságosak és korrekt minden!!
Tudom ajánlani mindenkinek!",Olumlu,1
194660,SKI II. Public,TEA.,Macaristan,47.7389466,18.0689237,ChIJn1H8-vOya0cRhTitCKb0ieQ,"Nincs oktatás semmilyen nemzetközi nyelven.
Nagyon drága a hálózati töltés.",Olumsuz,-1
107758,"Pécs, Csontváry utcai parkoló",E-Mobi,Macaristan,46.039379,18.222576,ChIJoxBehz6zQkcRdhkBt70ZV7I,"Szuper,hogy nem csak a bevárosban van, hanem a kertvárosban is!",Olumlu,1
107758,"Pécs, Csontváry utcai parkoló",E-Mobi,Macaristan,46.039379,18.222576,ChIJoxBehz6zQkcRdhkBt70ZV7I,"Kiváló! Nagy mázlista aki itt lakik, és elektromos autója van.",Olumlu,1
107758,"Pécs, Csontváry utcai parkoló",E-Mobi,Macaristan,46.039379,18.222576,ChIJoxBehz6zQkcRdhkBt70ZV7I,Elég putri,Olumlu,1
107758,"Pécs, Csontváry utcai parkoló",E-Mobi,Macaristan,46.039379,18.222576,ChIJoxBehz6zQkcRdhkBt70ZV7I,"Jó, hogy nem csak a belvárosban van.",Olumlu,1
107758,"Pécs, Csontváry utcai parkoló",E-Mobi,Macaristan,46.039379,18.222576,ChIJoxBehz6zQkcRdhkBt70ZV7I,"ANK területén töltő, király!",Olumlu,1
107455,"Sopron, Egyetemi parkoló",E-Mobi,Macaristan,47.6826739574729,16.5770263450745,ChIJ0R_5EhU9bEcRzmZX7e_9QPs,"Nem működik. Applikáció csak karikázik, fizetni nem lehet. Fel lett hívva a központ, az legalább egyből kapcsolt; QR kódot javasolt de az sem működik. Az oszlop sötét. Furcsa is volt hogy mindig üres. A városban ajánlom inkább a PARKL applikációs állomást, igaz az is csak QR kóddal indítható. Még azért mindig a Tesla az etalon.",Olumsuz,-1
107455,"Sopron, Egyetemi parkoló",E-Mobi,Macaristan,47.6826739574729,16.5770263450745,ChIJ0R_5EhU9bEcRzmZX7e_9QPs,"A DC töltés szépen indult, az app-ban kell jóváhagyni az indítást és a töltés végét. Tesla Model 3LR 2021 150km megtételét követően előfűtés nélkül a töltési teljesítmény max.46kW volt. Rajtunk kívül nem volt más a töltőkön. A töltés díja most 149Ft/kWh.
A sízésből haza jövet újból itt töltöttünk, sikeres indítás és töltés lett az eredménye.  A töltési teljesítmény max.45kW volt.",Olumlu,1
107455,"Sopron, Egyetemi parkoló",E-Mobi,Macaristan,47.6826739574729,16.5770263450745,ChIJ0R_5EhU9bEcRzmZX7e_9QPs,"Ostoba technika, de nem csak ez, hanem az összes e.on os töltő. Soha többet.",Olumsuz,-1
107455,"Sopron, Egyetemi parkoló",E-Mobi,Macaristan,47.6826739574729,16.5770263450745,ChIJ0R_5EhU9bEcRzmZX7e_9QPs,8 kilowatt betoltese utan a DC tolto abbahagyta toltest. Nem igazan ertem miert...,Olumsuz,-1
107455,"Sopron, Egyetemi parkoló",E-Mobi,Macaristan,47.6826739574729,16.5770263450745,ChIJ0R_5EhU9bEcRzmZX7e_9QPs,Gyorstöltő soha nem üzemel,Olumsuz,-1
56895,"Budapest, Széna tér 1.",E.ON (HU),Macaristan,47.50776391547959,19.027033780957595,ChIJlbQ9mBncQUcRbDZ9DukSBuA,Elektromos autoknak ( 2 db ) toltoallomas. A dohanybolt elott.,Olumlu,1
56895,"Budapest, Széna tér 1.",E.ON (HU),Macaristan,47.50776391547959,19.027033780957595,ChIJlbQ9mBncQUcRbDZ9DukSBuA,Csak két csatlakozó.,Nötr,0
107406,"Badacsonytomaj, kikötő parkoló",E-Mobi,Macaristan,46.7867229077162,17.5058029937755,ChIJy_BLIKAAaUcR5GGBiKJtMqk,"A töltőállomás legalább két hete nem működik. Kár, általában minden héten itt töltjük az autónkat, most egy másik állomást kell használnunk.",Olumsuz,-1
162509,TEA. Katica Tanya,TEA.,Macaristan,46.278714,17.71675,ChIJTbv0PS8TaEcR-aZNo5LCueU,Hűvös,Nötr,0
107410,"Balatonkenese, Táncsics Mihály utca",E-Mobi,Macaristan,47.035032422546,18.1084860492126,ChIJgw1d81mTaUcR89kUzEFjPNE,Könnyű töltés!,Olumlu,1
313306,Tesla Supercharger Szigetszentmiklós,Tesla (including non-tesla),Macaristan,47.38344,19.02683,ChIJ9Xxh44vnQUcRCYC2383D8XI,"Azt nem értem, hogy a mai mindenféle biztonsági rendszerrel ellátott autókkal hogyan lehet nekimenni a töltőoszlopnak?!🤔",Olumsuz,-1
313306,Tesla Supercharger Szigetszentmiklós,Tesla (including non-tesla),Macaristan,47.38344,19.02683,ChIJ9Xxh44vnQUcRCYC2383D8XI,"Lassan emelkedett a töltési sebesség, pedig az autót csak kw-al lehet tölteni.",Olumsuz,-1
313306,Tesla Supercharger Szigetszentmiklós,Tesla (including non-tesla),Macaristan,47.38344,19.02683,ChIJ9Xxh44vnQUcRCYC2383D8XI,"Mindenhol így kellene működni a töltésnek. Nem kell semmi trükkös, bedugod a töltőt a Teslába, aztán már megy is a töltés.",Olumlu,1
313306,Tesla Supercharger Szigetszentmiklós,Tesla (including non-tesla),Macaristan,47.38344,19.02683,ChIJ9Xxh44vnQUcRCYC2383D8XI,"Jól működő töltő.
Sajnos nem volt előmelegített akkumulátor, így nem reklamálhatok, hogy nem töltött gyorsan. 😉",Olumlu,1
313306,Tesla Supercharger Szigetszentmiklós,Tesla (including non-tesla),Macaristan,47.38344,19.02683,ChIJ9Xxh44vnQUcRCYC2383D8XI,"Kicsit szűk az út, de csak akkor probléma, ha jönnek szemben. Tölteni tudsz, plusz ott a hatalmas Auchan, a szokásos töltős káve-szendvics kombóhoz.",Nötr,0
107458,"Szántód, Erdészeti Étterem",E-Mobi,Macaristan,46.8581570947468,17.9020390596329,ChIJOWGqpIO5aUcR4ItQxnx1d6o,"Jól megközelíthető, kényelmesen oda lehet állni a töltőkhöz.  Délelőtt még részben árnyékosak is a helyek. Két autó tölthet egyidejűleg.",Olumlu,1
96170,"Győr, M1 Arrabona pihenő, OMV",Tesla (Tesla-only charging),Macaristan,47.6333469475724,17.6609214250618,ChIJMVjIleTAa0cRVjqXxyhM98M,"Bécs felé pont kapóra jött a supercharger töltő. Gyors, nem kellett vàrni, volt szabad hely. A töltésig s szemben lévő OMW kúton fogyasztottunk, töltöttük magunkat. 😃",Olumlu,1
96170,"Győr, M1 Arrabona pihenő, OMV",Tesla (Tesla-only charging),Macaristan,47.6333469475724,17.6609214250618,ChIJMVjIleTAa0cRVjqXxyhM98M,"OMV benzinkuton vannak a töltők, teljesen OK a hely, nem volt zsufolt szombat delelott.",Olumlu,1
96170,"Győr, M1 Arrabona pihenő, OMV",Tesla (Tesla-only charging),Macaristan,47.6333469475724,17.6609214250618,ChIJMVjIleTAa0cRVjqXxyhM98M,"Szép emlék köt ide, itt vettem meg életem első elektromos autóját, azaz egy Teslát. A töltőpont nem.volt túlterhelt napközben annak ellenére, hogy frekventált helyen van. Bp-re utazáskor gyakrabban meglátogatom.",Olumlu,1
96170,"Győr, M1 Arrabona pihenő, OMV",Tesla (Tesla-only charging),Macaristan,47.6333469475724,17.6609214250618,ChIJMVjIleTAa0cRVjqXxyhM98M,"Super hely,csak kár hogy a kamionosok nem vigyáznak a töltőre!",Olumlu,1
96170,"Győr, M1 Arrabona pihenő, OMV",Tesla (Tesla-only charging),Macaristan,47.6333469475724,17.6609214250618,ChIJMVjIleTAa0cRVjqXxyhM98M,"Kia E Niroval sajnos nem tudtunk tölteni, mert nem ér el a kábel a töltőnyílásig. :(",Olumsuz,-1
130352,"Debrecen, ALDI, Ötvenhatosok tere",E.ON (HU),Macaristan,47.546939,21.6116703,ChIJC6U_G5cNR0cR9bmpYO89n-4,Szuper! Köszönöm szépen az ingyen töltéseket 😉,Olumlu,1
155889,"Gyömrő, Fő tér",E.ON (HU),Macaristan,47.421307,19.394908,ChIJo8Py9vi-QUcRnNnULoPaPAg,"Nehéz megtalálni majd kiderül hogy a postahivatalban egy fülke az övék heti 2x4 órában csak közvetít a hely érdemi ügyintézés nincs, és kell időpontot foglalni amit a telefonos ügyfélszolgálat nem jelzett.
Összességében felesleges!!!",Olumsuz,-1
155889,"Gyömrő, Fő tér",E.ON (HU),Macaristan,47.421307,19.394908,ChIJo8Py9vi-QUcRnNnULoPaPAg,"Free, de az egyik felét az ELMŰ tájékoztatása alapján az önkormányzat kikapcsolta
2xtype-2",Nötr,0
155889,"Gyömrő, Fő tér",E.ON (HU),Macaristan,47.421307,19.394908,ChIJo8Py9vi-QUcRnNnULoPaPAg,"Nem ezt kerestem, hanem az ügyfélszolgálatot...
Kiábrándító volt 😪😪",Olumsuz,-1
176068,TEA. Galyatető,TEA.,Macaristan,47.916747,19.924799,ChIJiaNFSOpdQEcRe1E3hGe8dnY,Ilyen töltési lehetőség kellene minden turista látványossághoz. Applikációval simán indul. Kedvező az ár. TEA minőség!,Olumlu,1
176068,TEA. Galyatető,TEA.,Macaristan,47.916747,19.924799,ChIJiaNFSOpdQEcRe1E3hGe8dnY,"Applikáció jól működik, bár nem értem miért kell minden áron bankkártyát regisztrálni az ingyenes töltéshez...visszahívtak, elmagyarázták, elfogadható az indok",Olumsuz,-1
176068,TEA. Galyatető,TEA.,Macaristan,47.916747,19.924799,ChIJiaNFSOpdQEcRe1E3hGe8dnY,"Jó helyen van, jó áron, és működik gond nélkül.",Olumlu,1
185558,"Hódmezővásárhely ALDI, Kaszap utca",E.ON (HU),Macaristan,46.409142,20.324747,ChIJR5WoqmRvREcR-JJyt9utYoU,"Alapjában véve működik, de a töltés sebessége a 2A oszlopon nem megy feljebb ~65kw nál. Ez jócskán elmarad az ígért 150kW tól.
Az oszlop ténylegesen nem volt indítható bankkártyával, csak applikációból.
Azért 300Ft/kWh árért lehetne minőségi is a szerviz…
Egyetlen pozitívum hogy legalább nem AC töltő.",Nötr,0
185558,"Hódmezővásárhely ALDI, Kaszap utca",E.ON (HU),Macaristan,46.409142,20.324747,ChIJR5WoqmRvREcR-JJyt9utYoU,"Kedves töltő szolgáltató.
Ma 3x próbáltam kártyával elinditani a töltést, de nem ment. Végül az applikációval sikerült. Viszont így ugyan azon az oszlopon 299 Ft-ért töltöttem 179 Ft helyett, ami a kártyás indítás ára lenne. Most komolyan?  Mostantól kerülöm az Eon töltöket.
CSAK A TEA!",Olumlu,1
185558,"Hódmezővásárhely ALDI, Kaszap utca",E.ON (HU),Macaristan,46.409142,20.324747,ChIJR5WoqmRvREcR-JJyt9utYoU,"Bankkártyával nem indítható a töltés és ez az üzemeltetőt a jelek szerint nem zavarja.
Support újraindítja a töltőoszlopot, de ez a hibát nem oldja meg, más megoldást meg nem tud javasolni.",Olumsuz,-1
150018,SPAR Balatonfüred,(Private Residence/Individual),Macaristan,46.945764,17.874208,ChIJd3OOsnm9aUcR07j93fuAPss,"Mi a Romantik szobában voltunk kettő èjszakát.
Csodás környezet, rendezett szoba, sajnos itt terasz nincs. De a hálòbam az ágy mellett ban egy nagymèretű sarokkád. Van szauna (infra) jakuzzi.
Az udvaron az esti világilìtás elèg gyenge volt.
A hely megközelítèse kicsit nehèzkes, tábla nem segít.",Olumsuz,-1
150018,SPAR Balatonfüred,(Private Residence/Individual),Macaristan,46.945764,17.874208,ChIJd3OOsnm9aUcR07j93fuAPss,"Igazi pihenés, privát szféra, privát wellness, csodás panoráma, szép és praktikusan megoldott belső elrendezés, makulátlan tisztaság és nagyon kényelmes ágyak. A megközelítése inkább autóval lehetséges. Minden megtalálható, ami az önellátáshoz szükséges. Ár-érték aránya szuper! Nagyon jól éreztük magunkat!
Köszönjük!!!!",Olumlu,1
150018,SPAR Balatonfüred,(Private Residence/Individual),Macaristan,46.945764,17.874208,ChIJd3OOsnm9aUcR07j93fuAPss,"Nagyon szerettünk volna egy egyetemi csoport találkozót itt tölteni 2023 szeptemberében. Ám hiába az ajánlat utáni, többszöri telefonos megbeszélés a szállásadóval, másnak is kiadta ugyanarra a hétvégére a házat.
Mindenképpen kérjetek e-mailes  visszaigazolás, hátha ez segít!!",Olumsuz,-1
150018,SPAR Balatonfüred,(Private Residence/Individual),Macaristan,46.945764,17.874208,ChIJd3OOsnm9aUcR07j93fuAPss,"Kedves Lotti Apu!

Ezúton is köszönjük a rendkívül korrekt, kedves és segítőkész hozzáállást.
Az apartman is nagyszerű volt, reméljük lesz még alkalom, amiért vissza térhetünk. :)

Köszönettel és üdvözlettel:
Tilla &  Gergő",Olumlu,1
150018,SPAR Balatonfüred,(Private Residence/Individual),Macaristan,46.945764,17.874208,ChIJd3OOsnm9aUcR07j93fuAPss,"Csodás apartman, jól felszerelt, tiszta, és a kilátás csodálatos. Cserébe a Wi-Fi olyan lassú hogy lényegében nincs (kevesebb mint 1 Mb/s amikor én mértem), illetve amikor mi mentünk rossz kódot adtak meg a kulcsszéfhez, amivel sok idő elment",Olumlu,1
194680,TEA. Badacsonytomaj,TEA.,Macaristan,46.80546,17.515451,ChIJS_1FtkMHaUcRb8MJRyhUem4,"Nem működik, de ez előre nem derült ki.",Olumsuz,-1
107509,TEA. AGT Székesfehérvár,TEA.,Macaristan,47.203108,18.431221,ChIJI8-cSVH3aUcRc4N9Lb9saoA,"Egyedüli működő töltőként a közelben nem is kérdés hogy ezt használnám legközelebb is és legalább itt működik a holland töltőkártyám. Hihetetlen élmény volt..:D

Szerk:
Tévedtem, az egyik töltő foglalt volt így a másik sehogy nem indult el. Ez már inkább hasonlított a magyar élményekhez",Olumsuz,-1
107509,TEA. AGT Székesfehérvár,TEA.,Macaristan,47.203108,18.431221,ChIJI8-cSVH3aUcRc4N9Lb9saoA,"Nagyon szeretem a Teát :)
Ezen a helyen két töltőoszlop is van. Az egyik tud villámtölteni (ccs, chademo) és van AC 22kw-os aljzata is (kábel szükséges).
A másik töltőfej ""csak"" gyorstöltő. Van egy 22kw-os, két 7.2kw-os, és két 3.6kw-os AC type2 aljzat.
Olcsó, könnyen kezelhető applikáció, mindig segítőkész ügyfélszolgálat. Ja és természetesen jó árak.
Közel van hozzá minden, még akár a lakótelepről is ide lehet jönni tölteni, hiszen csak pár perces sétára van.",Olumlu,1
107509,TEA. AGT Székesfehérvár,TEA.,Macaristan,47.203108,18.431221,ChIJI8-cSVH3aUcRc4N9Lb9saoA,"Szuperül működött és jó az árazása is. 24-es leafet pedig a teljes felvehető (50kWh) körüli teljesítménnyel töltötte (30% körüli kezdeti töltöttséggel).
Nagyon jól jött az ingyen WiFi, mikor a mobilnetem cserbenhagyott.
(SSID: Tea.Székesfehérvár, PWD: teapont005)",Olumlu,1
107509,TEA. AGT Székesfehérvár,TEA.,Macaristan,47.203108,18.431221,ChIJI8-cSVH3aUcRc4N9Lb9saoA,"Mindig jól működött, Ioniq 28-asba általában 66-68 kW teljesítménnyel tölt. Külön extra, hogy ""bérletet"" vásárolva kedvezményes áron tölthetünk.",Olumlu,1
107509,TEA. AGT Székesfehérvár,TEA.,Macaristan,47.203108,18.431221,ChIJI8-cSVH3aUcRc4N9Lb9saoA,Teánál mindig jó tölteni.,Olumlu,1
161283,Győr Tatai MOL,MOL,Macaristan,47.674302399235785,17.67793834969268,ChIJpZlSODO_a0cR6zTWDUcq0AY,"Szokásos MOL Plugee! Kicsit drága, de működik. Van CHAdeMO.",Olumlu,1
313310,McDonald's ,Mobiliti.hu,Macaristan,47.67710564762419,19.667077206580075,ChIJXan3KOhMQEcRBRqXp0ZwkkA,"Töltés sikerült,töltőfejet csak sokára lehetett kihúzni központi segitseggel.",Nötr,0
313310,McDonald's ,Mobiliti.hu,Macaristan,47.67710564762419,19.667077206580075,ChIJXan3KOhMQEcRBRqXp0ZwkkA,"Ez nem egy gyorstöltő, hanem egy közepes (100!!!). Ez elég jelentős különbség, ha sietsz.",Nötr,0
313310,McDonald's ,Mobiliti.hu,Macaristan,47.67710564762419,19.667077206580075,ChIJXan3KOhMQEcRBRqXp0ZwkkA,"Működik! Nagyszerűen!
Körülbelül 65 kW",Olumlu,1
156278,COOP Domb áruház,Optimum Way,Macaristan,46.914007353128085,19.661913319756195,ChIJMcFGlDHYQ0cRYws3ag-3FDE,Mindig itt tankolok ha arra járok.,Olumlu,1
156278,COOP Domb áruház,Optimum Way,Macaristan,46.914007353128085,19.661913319756195,ChIJMcFGlDHYQ0cRYws3ag-3FDE,"Nagyon kedvesek, benuinkúthoz képest nagyon korrekt árakkal. Le a kalappal. 😀",Olumlu,1
156278,COOP Domb áruház,Optimum Way,Macaristan,46.914007353128085,19.661913319756195,ChIJMcFGlDHYQ0cRYws3ag-3FDE,"Elfogadható töltőállomás, bár a személyzet inkább közömbös, mint kedves... az autófelszerelési termékekhez abszolút nem értenek.
Maximum klímával a bejárati ajtó nyitva...",Nötr,0
156278,COOP Domb áruház,Optimum Way,Macaristan,46.914007353128085,19.661913319756195,ChIJMcFGlDHYQ0cRYws3ag-3FDE,"Nagyon gyors tankolás volt. Maximálisan segítőkészek voltak. Még a szélvédőm is le tudtam mosni, nagyon tiszta, mosószeres vízzel. A shop-ban a kiszolgáló személyzet is nagyon segítőkész. Kifejezetten ajánlom!",Olumlu,1
156278,COOP Domb áruház,Optimum Way,Macaristan,46.914007353128085,19.661913319756195,ChIJMcFGlDHYQ0cRYws3ag-3FDE,Kedves kiszolgálás. Mindig segítenek ha megyek tankolni. Bármi kérdés van kedvesen segítenek.,Olumlu,1
107409,"Balatonföldvár, Budapest utcai parkoló",E-Mobi,Macaristan,46.8489381589972,17.8793760292222,ChIJg8_2SCK6aUcR_j-k6W0bRVM,"4.4 kW töltő, lassú mint a veszedelem...",Olumlu,1
191236,TEA. Nagykovácsi,TEA.,Macaristan,47.57834085219187,18.882771955796105,ChIJDVgJksZ3akcRUjUcwAUVDxE,"Üzemel ✅ 50 kW DC, 22 kW AC
Indítható a ""Teapont"" mobiltelefonos alkalmazásból.",Olumlu,1
191236,TEA. Nagykovácsi,TEA.,Macaristan,47.57834085219187,18.882771955796105,ChIJDVgJksZ3akcRUjUcwAUVDxE,"Ez a 3 hely, ahol elektromos autót lehet tölteni vásárlás közben a bevásárlóközpontban, nagyon kényelmes. A helyszín nagyon jól ki van táblázva, a fenntartott parkolóhelyek pedig tágasak és szélesek. A bevásárlóközponttól biztonságos gyalogút vezet ezekhez a töltőállomásokhoz. Lenyűgöző.",Olumlu,1
