OCM_ID,Istasyon_Adi,Operator,Ulke,Enlem,Boylam,Google_Place_ID,Yorum_Metni,Tutum_Etiketi,Tutum_Skoru
470171,Bump - Best Western Plus Hotel - Metz Technopole,Bump (FR),Fransa,49.10015632625189,6.224718882557909,ChIJEf6_7cbdlEcRyoR0LZ85u6A,"La clé de recharge Shell ne fonctionne pas, facturée via le paiement par carte bancaire",Olumsuz,-1
462880,Electra - Paris 7 - Indigo Parking Joffre Ecole Militaire,Electra,Fransa,48.85422998782013,2.3049644929594706,ChIJRUVEKyFw5kcRKbXW5BkHVJE,"Top dans le centre de Paris, couleurs particulières pour Electra !",Olumlu,1
257195,Lidl - Douarnez Toubalan,Freshmile,Fransa,48.08940853087248,-4.348881231782286,ChIJUbM087rQFkgRiJSkWtGd8AU,"Ne fonctionne pas, cela rend fou de rage",Olumsuz,-1
257195,Lidl - Douarnez Toubalan,Freshmile,Fransa,48.08940853087248,-4.348881231782286,ChIJUbM087rQFkgRiJSkWtGd8AU,Ne fonctionne pas et est partiellement cassée,Olumsuz,-1
257195,Lidl - Douarnez Toubalan,Freshmile,Fransa,48.08940853087248,-4.348881231782286,ChIJUbM087rQFkgRiJSkWtGd8AU,Ne fonctionne jamais. Toujours un PB technique.,Olumsuz,-1
257195,Lidl - Douarnez Toubalan,Freshmile,Fransa,48.08940853087248,-4.348881231782286,ChIJUbM087rQFkgRiJSkWtGd8AU,"Affiche d'En Panne sur le poteau le 2 août 2025. Testé, mais aucune session ne peut être lancée.",Olumsuz,-1
474451,PowerDot - Ibis Budget - Senlis,Power Dot,Fransa,49.20852447100518,2.6060559929819647,ChIJuaW5uOYw5kcRCyAeXn0Jmd0,Recharge rapide effectuée sans problème 👍,Olumlu,1
166919,LONGUENESSE - Avenue Léon Blum,pass pass électrique,Fransa,50.740795,2.269746,ChIJw6fHOTX_3EcRokMrMxCbetk,"Recharge possible en 22Kw en prise T2
Stationnement facile et les places sont toujours disponible
Le prix est très correct et encore mieux la nuit
Je recommande cette borne de recharge Pass Pass",Olumlu,1
189790,Tesla Supercharger Avallon,Tesla (including non-tesla),Fransa,47.50205020456315,3.984220051568201,ChIJsZrZKEgF7kcRH8Nh7EAwhUw,"Bon super chargeur, proche de l’autoroute. Le lieu est propre avec un hotel Ibis dont l’accueil est très sympa avec toilettes (propres) et possibilité de acheter des boissons, des friandises et des sandwiches",Olumlu,1
189790,Tesla Supercharger Avallon,Tesla (including non-tesla),Fransa,47.50205020456315,3.984220051568201,ChIJsZrZKEgF7kcRH8Nh7EAwhUw,"Excellente expérience sur cette aire Tesla d’Avalon. Avec 20 bornes, le site est parfaitement dimensionné pour répondre à la demande, même en ce mois de juillet 2025, pourtant très fréquenté. Lorsque nous sommes arrivés, 7 bornes étaient encore libres, ce qui est très appréciable.

L’emplacement est bien pensé, facile d’accès et bien organisé. La recharge est rapide, fluide et sans stress. C’est exactement ce que l’on attend d’un réseau de recharge fiable et bien anticipé.

Un grand bravo à Tesla pour cet exemple de bonne planification. Ce type d’installation inspire confiance pour les longs trajets en électrique.

Félicitations pour ce Supercharger d’Avalon, au top !",Olumlu,1
189790,Tesla Supercharger Avallon,Tesla (including non-tesla),Fransa,47.50205020456315,3.984220051568201,ChIJsZrZKEgF7kcRH8Nh7EAwhUw,Parfait. Accueil sympathique pour une pause agréable avec possibilité de se restaurer ou prendre un café pour un prix raisonnable. Bornes facilement accessibles et vraiment très proche de l'autoroute.,Olumlu,1
189790,Tesla Supercharger Avallon,Tesla (including non-tesla),Fransa,47.50205020456315,3.984220051568201,ChIJsZrZKEgF7kcRH8Nh7EAwhUw,"Bon relais SUC entre Paris et Lyon.

Stèles et hôtel visibles depuis la route.
Personnel de l'hôtel accueillant, rien à avoir avec les anciens commentaires.

Peut-être qu'ils ont compris l'intérêt commun.
Café et jus d'orange possibles, de la nourriture type croissant, sandwichs triangles et pate à réchauffer en vente comme sur une aire d'autoroute.
Un micro onde à disposition.

3 tables avec bancs dehors si jamais la météo est favorable.

Et bien sûr des toilettes.",Olumlu,1
189790,Tesla Supercharger Avallon,Tesla (including non-tesla),Fransa,47.50205020456315,3.984220051568201,ChIJsZrZKEgF7kcRH8Nh7EAwhUw,Charge rapide. L’hôtel permet de faire une pause café et toilette. Il y a des sandwichs triangle et quelques bocaux mais il vaut mieux avoir son pic nic.,Olumlu,1
296015,PowerDot - Mr. Bricolage - Hendaye,Power Dot,Fransa,43.34955615593955,-1.7688955014286876,ChIJhalqq94IUQ0REmAS0vlWR1E,"Il est plus cher que les autres bornes de recharge du secteur, mais il charge sans problème dès le départ et à une vitesse très correcte. Activé avec la carte Electromaps.",Olumlu,1
198209,RAIZEUX - PLACE DE LA MAIRIE,Izivia (Sodetrel),Fransa,48.624279,1.682583,ChIJ9Xihlkc75EcRnZAD7a0lB4s,Asssistance très réactive pour les néophytes,Olumlu,1
198209,RAIZEUX - PLACE DE LA MAIRIE,Izivia (Sodetrel),Fransa,48.624279,1.682583,ChIJ9Xihlkc75EcRnZAD7a0lB4s,Borne facile d'accès en arrivant sur le parking du mcdo. Recharge rapide simple avec CB.,Olumlu,1
171801,Tesla Supercharger Nice,Tesla (Tesla-only charging),Fransa,43.727823,7.186348,ChIJtYctvTfPzRIRMpu1EJZnNqQ,"Un grand nombre de stèles V3, 1000km/h de charge.
Assez facile d'accès et sur le parking d'un centre commercial.",Olumlu,1
171801,Tesla Supercharger Nice,Tesla (Tesla-only charging),Fransa,43.727823,7.186348,ChIJtYctvTfPzRIRMpu1EJZnNqQ,Bien placé sur le parking d'un centre commercial avec assez de choix pour manger par exemple. Pas d'attente mais les deux fois où j'y suis allé un soir après 19h c'était très chargée (pas mal de Taxi) car le tarif avant 11h et après 19h est très bas donc attire beaucoup de monde.,Olumlu,1
171801,Tesla Supercharger Nice,Tesla (Tesla-only charging),Fransa,43.727823,7.186348,ChIJtYctvTfPzRIRMpu1EJZnNqQ,"Très bon placement des bornes de recharge rapide tesla. Très occupé, il faudrait prévoir une extension bientôt.",Olumlu,1
171801,Tesla Supercharger Nice,Tesla (Tesla-only charging),Fransa,43.727823,7.186348,ChIJtYctvTfPzRIRMpu1EJZnNqQ,"Recharge bridée a 35.2kw ""limitée par la station""...a 0.41 EUR/kwh...cher et très lent !",Olumsuz,-1
171801,Tesla Supercharger Nice,Tesla (Tesla-only charging),Fransa,43.727823,7.186348,ChIJtYctvTfPzRIRMpu1EJZnNqQ,"Je mets 2* car le parking était d'une saleté impressionnante.
Par contre tarif de fou, 26cts le kwh",Olumsuz,-1
197310,AULNAY DE SAINTONGE - PLACE CHARLES DE GAULLE,Izivia (Sodetrel),Fransa,46.019559,-0.345935,ChIJS7D1-DvcAEgRcXNcNsEAMPg,Régulièrement en panne,Olumsuz,-1
197310,AULNAY DE SAINTONGE - PLACE CHARLES DE GAULLE,Izivia (Sodetrel),Fransa,46.019559,-0.345935,ChIJS7D1-DvcAEgRcXNcNsEAMPg,Encore impossible de charger,Olumsuz,-1
197310,AULNAY DE SAINTONGE - PLACE CHARLES DE GAULLE,Izivia (Sodetrel),Fransa,46.019559,-0.345935,ChIJS7D1-DvcAEgRcXNcNsEAMPg,"Ne marche jamais, c’est dommage…",Olumsuz,-1
197310,AULNAY DE SAINTONGE - PLACE CHARLES DE GAULLE,Izivia (Sodetrel),Fransa,46.019559,-0.345935,ChIJS7D1-DvcAEgRcXNcNsEAMPg,"La recharge a été effectuée avec succès, mais il reste étrange que presque chaque borne de recharge fonctionne légèrement différemment.",Nötr,0
197310,AULNAY DE SAINTONGE - PLACE CHARLES DE GAULLE,Izivia (Sodetrel),Fransa,46.019559,-0.345935,ChIJS7D1-DvcAEgRcXNcNsEAMPg,"Payable par carte et seulement 0,35 € par kWh",Olumsuz,-1
475937,PowerDot - Grand Frais - Echirolles,Power Dot,Fransa,45.15078490547984,5.712414753310327,ChIJo1wOvVGLikcRtaAXJcRNvKI,"Bloqué à deux reprises lors d’une charge deux dimanches de suite , le câble ne peut être retiré , la charge n’a pas lieu. On doit appeler le service de dépannage. Pas pratique si vous voulez gagner du temps .",Olumsuz,-1
256861,e-Vadea - La Palme - A9 La Palme Ouest,e-Vadea,Fransa,42.94918753051732,2.969077698270439,ChIJvc3xPgBbsBIR4MiIBBcstXg,"Recharger sa voiture électrique coûte très cher. Dès 5 minutes, on vous facture 0,39 € par minute pour « blocage ». Ainsi, 1 kWh revient à environ 1 euro. Ce coût n'apparaît sur votre facture qu'après coup. Précision : recharge effectuée avec une carte BMW via Gireve. Il existe peut-être une autre solution plus économique. En général, le prix avec la carte BMW est assez raisonnable, mais on ne connaît jamais le coût exact à l'avance.",Olumsuz,-1
256861,e-Vadea - La Palme - A9 La Palme Ouest,e-Vadea,Fransa,42.94918753051732,2.969077698270439,ChIJvc3xPgBbsBIR4MiIBBcstXg,Belle Aire mais j'ai eu du mal à trouver les chargeurs.,Nötr,0
256861,e-Vadea - La Palme - A9 La Palme Ouest,e-Vadea,Fransa,42.94918753051732,2.969077698270439,ChIJvc3xPgBbsBIR4MiIBBcstXg,"Fonctionne du premier coup, beaucoup de chargeurs",Nötr,0
462778,Electra - Saint-Nicolas - Hôtel Campanile,Electra,Fransa,50.3073117396533,2.7809429809743733,ChIJgYsh-gZI3UcRxQCLIS4MxWk,"Emplacement très pratique.
Facilité d’utilisation.
Hotline rapide et efficace pour résoudre mon problème de lancement de charge.",Olumlu,1
462778,Electra - Saint-Nicolas - Hôtel Campanile,Electra,Fransa,50.3073117396533,2.7809429809743733,ChIJgYsh-gZI3UcRxQCLIS4MxWk,1ere recharge avec Electra simple et tarif correct sur autoroute,Olumlu,1
462778,Electra - Saint-Nicolas - Hôtel Campanile,Electra,Fransa,50.3073117396533,2.7809429809743733,ChIJgYsh-gZI3UcRxQCLIS4MxWk,Simple et rapide avec l’application,Olumlu,1
462778,Electra - Saint-Nicolas - Hôtel Campanile,Electra,Fransa,50.3073117396533,2.7809429809743733,ChIJgYsh-gZI3UcRxQCLIS4MxWk,Pas de bornes,Nötr,0
462778,Electra - Saint-Nicolas - Hôtel Campanile,Electra,Fransa,50.3073117396533,2.7809429809743733,ChIJgYsh-gZI3UcRxQCLIS4MxWk,Au TOP 👍🏻,Olumlu,1
196222,BIDART – PLAGE ERRETEGIA,Izivia (Sodetrel),Fransa,43.444202,-1.586527,ChIJ2zPmcQ1AUQ0R4TfvwEU284M,Je met 5 étoiles pour le développement du réseau de charge mis en place par Mc Donald et Izivia. La borne est installée mais non opérationnelle Il faudra patienter un peu pour pouvoir l’utiliser.,Olumlu,1
196222,BIDART – PLAGE ERRETEGIA,Izivia (Sodetrel),Fransa,43.444202,-1.586527,ChIJ2zPmcQ1AUQ0R4TfvwEU284M,Izivia est en train de tout gâcher,Olumsuz,-1
196222,BIDART – PLAGE ERRETEGIA,Izivia (Sodetrel),Fransa,43.444202,-1.586527,ChIJ2zPmcQ1AUQ0R4TfvwEU284M,N'existe pas,Olumsuz,-1
196222,BIDART – PLAGE ERRETEGIA,Izivia (Sodetrel),Fransa,43.444202,-1.586527,ChIJ2zPmcQ1AUQ0R4TfvwEU284M,Le prix est correct. La vitesse de charge est excellente. Je viens ici assez souvent.,Olumlu,1
478332,PowerDot - Carrefour - Colmar,Power Dot,Fransa,48.12777961602902,7.369931091230455,ChIJ38Zp98lnkUcR5RQWr854Ako,"Nul !
Ces bornes (Carrefour Houssen) ne fonctionnent jamais correctement !",Olumsuz,-1
478332,PowerDot - Carrefour - Colmar,Power Dot,Fransa,48.12777961602902,7.369931091230455,ChIJ38Zp98lnkUcR5RQWr854Ako,"Le chargeur se trouve dans une zone fermée, qui est fermée le week-end ou le soir par une barrière. Il n'est donc pas possible de charger le dimanche, par example.",Olumsuz,-1
478332,PowerDot - Carrefour - Colmar,Power Dot,Fransa,48.12777961602902,7.369931091230455,ChIJ38Zp98lnkUcR5RQWr854Ako,"Un pique nique devant un groupe de jazz, formidable",Olumlu,1
478332,PowerDot - Carrefour - Colmar,Power Dot,Fransa,48.12777961602902,7.369931091230455,ChIJ38Zp98lnkUcR5RQWr854Ako,Parfait,Olumlu,1
478332,PowerDot - Carrefour - Colmar,Power Dot,Fransa,48.12777961602902,7.369931091230455,ChIJ38Zp98lnkUcR5RQWr854Ako,Conforme aux attentes,Olumlu,1
165817,SAUVETERRE DE GUYENNE - Parking Cimetière,MObiVE,Fransa,44.694388,-0.088728,ChIJDW4FdlxnVQ0Rs08dI8CiXR0,À côté d'un hôtel-restaurant ce qui est pratique et agréable,Olumlu,1
300037,Lidl,Lidl,Fransa,43.82017407617596,5.79440076061627,ChIJQ-bIzsDNyxIRXUA2OLwJf_4,"Une horreur, la borne dysfonctionne elle me demande de faire le paiement à 3 reprises pour erreur système. Résultat : 3 pré-autorisation pour un montant total de 120€ 2 mois plus tard je me retrouve sans remboursement et les différents services me font tourner en rond en justifiant qu'ils n'ont pas accès à mon dossier. A éviter !",Olumsuz,-1
300037,Lidl,Lidl,Fransa,43.82017407617596,5.79440076061627,ChIJQ-bIzsDNyxIRXUA2OLwJf_4,"5/5 pour la recharge au superchargeur mais emplacement tres difficile d’accès et tellement exiguë que lorsque deux voitures sont côte à côte on ne peut plus ouvrir les portières
Et il n’y a pas de qrcode sur la borne ce qui fait qu’on ne peut pas charger avec le téléphone. Il faut absolument avoir un badge de recharge",Nötr,0
300037,Lidl,Lidl,Fransa,43.82017407617596,5.79440076061627,ChIJQ-bIzsDNyxIRXUA2OLwJf_4,"super de trouver 2 chargeurs
attention quand même 1 chargeur ne fonctionnait pas ce samedi 27 Mai",Olumsuz,-1
300037,Lidl,Lidl,Fransa,43.82017407617596,5.79440076061627,ChIJQ-bIzsDNyxIRXUA2OLwJf_4,Difficile d'accès.  Recharge lente. Faire attention en quittant car la sortie du parking sous terrain jouxte la sortie des recharges....du coup si ils sortent un peu vite....ça cartonne,Olumsuz,-1
300037,Lidl,Lidl,Fransa,43.82017407617596,5.79440076061627,ChIJQ-bIzsDNyxIRXUA2OLwJf_4,J'aime les Lidl il sont bien arrangés et on y trouve tout ce qu'il faut et pas cher.,Olumlu,1
166464,Saint-Nicolas-de-Redon | Rue d'Ahaut,Sydego,Fransa,47.642319,-2.069307,ChIJ1fSRWdSCD0gRRe7PtET9etg,"Borne en parfaite état. 22kw et 3.5kw deux fois. Pas chère (département) parking gratuit, borne peu fréquentée apparemment.",Olumlu,1
475323,PowerDot - Hyper U - Vierzon,Power Dot,Fransa,47.23869306769132,2.092567317718704,ChIJ7aq2REna-kcR8lpbXZtcieA,"La recharge s’est parfaitement déroulée, mon badge Shell Recharge a été immédiatement reconnu et accepté. Pas d’interruption, ni de problème lors de la recharge.
Seul souci, l’incivilité d’un conducteur qui occupe la seconde place alors qu’il n’effectue pas de charge de son véhicule.",Olumlu,1
475323,PowerDot - Hyper U - Vierzon,Power Dot,Fransa,47.23869306769132,2.092567317718704,ChIJ7aq2REna-kcR8lpbXZtcieA,"Les 2 bornes ne fonctionnent pas avec le badge charge Map
1 a perdu la connexion, l'autre  réinitialisée mais ne prend toujours pas le badge chargemap, (confirmé fonctionnel).
Ne sortez pas de l'autoroute, ne comptez pas dessus.",Olumsuz,-1
475323,PowerDot - Hyper U - Vierzon,Power Dot,Fransa,47.23869306769132,2.092567317718704,ChIJ7aq2REna-kcR8lpbXZtcieA,"Tous en panne, ça n'a pas l'air nouveau et pourtant, signalé en fonction sur les différentes applis de charge...",Olumsuz,-1
475681,PowerDot - Super U - Alès,Power Dot,Fransa,44.14090621390383,4.090317137953434,ChIJ9VdVsvRCtBIRZK3OBIDuug0,"Charge max 50kw, 200kw annoncé pour une charge rapide...
Idem pour un autre véhicule au même moment...
Interface claire, connexion simple, Mobilize reconnu.
Petit parking moyennement praticable quand il y a de l'affluence.",Olumlu,1
475681,PowerDot - Super U - Alès,Power Dot,Fransa,44.14090621390383,4.090317137953434,ChIJ9VdVsvRCtBIRZK3OBIDuug0,"4 bornes, toutes hors service. Les charging station tout le temps en panne hormis celles de Tesla c'est pas une légende et c'est une honte.
Que fait l'état pour imposer des normes de services minimum ?",Olumsuz,-1
475681,PowerDot - Super U - Alès,Power Dot,Fransa,44.14090621390383,4.090317137953434,ChIJ9VdVsvRCtBIRZK3OBIDuug0,"Sur 4 bornes , une seule fonctionne

Et elle est souvent occupée",Olumlu,1
475681,PowerDot - Super U - Alès,Power Dot,Fransa,44.14090621390383,4.090317137953434,ChIJ9VdVsvRCtBIRZK3OBIDuug0,Pas de soucis,Olumlu,1
475681,PowerDot - Super U - Alès,Power Dot,Fransa,44.14090621390383,4.090317137953434,ChIJ9VdVsvRCtBIRZK3OBIDuug0,Au top,Olumlu,1
474517,PowerDot - Marie Blachère - Fécamp,Power Dot,Fransa,49.75228144177501,0.3939352186210954,ChIJmRYRt3Rr4EcRA1oBrhfp9t0,"J'ai utilisé le chargeur secteur. Il a fonctionné comme prévu. La plage est à 2,5 km à pied (peu pratique pour les piétons, mais faisable).",Olumlu,1
165697,BISCARROSSE - Parking Mairie,MObiVE,Fransa,44.395639,-1.167335,ChIJ60a-TIKAVA0RghewRiV76ck,"Nul recharge defaillante, assistance impossible à joindre et on a du prendre un abonnement à 18 €.
Tout ça  pour charger à peine 50km 😡",Olumsuz,-1
165697,BISCARROSSE - Parking Mairie,MObiVE,Fransa,44.395639,-1.167335,ChIJ60a-TIKAVA0RghewRiV76ck,"Places disponibles et respectées Chargement rapide sur prise T2
Paiement facilité avec pass Mobive",Olumlu,1
258758,Izivia Norauto - Rue de l'Artisanat,Izivia (Sodetrel),Fransa,49.095853596819126,1.466540652324568,ChIJExd9MuvL5kcREJIm7HLu4ng,"Un seul des quatre fonctionne, aucune description de l'erreur",Olumsuz,-1
198570,SIGEIF - 6  RUE DE PARIS - MEUDON,Izivia (Sodetrel),Fransa,48.816826,2.247755,ChIJ_xSVPiFx5kcRD6qEpfHZEJc,"La borne fonctionne, par contre la puissance de charge n'est pas énorme pour une rapide.",Nötr,0
198570,SIGEIF - 6  RUE DE PARIS - MEUDON,Izivia (Sodetrel),Fransa,48.816826,2.247755,ChIJ_xSVPiFx5kcRD6qEpfHZEJc,"NE FONCTIONNE PAS comme la plupart des bornes izivia, pure perte de temps",Olumsuz,-1
198570,SIGEIF - 6  RUE DE PARIS - MEUDON,Izivia (Sodetrel),Fransa,48.816826,2.247755,ChIJ_xSVPiFx5kcRD6qEpfHZEJc,"Bravo pour l’image de Mac do d avoir des bornes inexploitables depuis plusieurs mois.
Tout comme le fournisseur",Olumlu,1
198570,SIGEIF - 6  RUE DE PARIS - MEUDON,Izivia (Sodetrel),Fransa,48.816826,2.247755,ChIJ_xSVPiFx5kcRD6qEpfHZEJc,"Une honte.
2 mois depuis le dernier commentaire et toujours non actif.
A quoi cela sert il d’investir ??",Olumsuz,-1
198570,SIGEIF - 6  RUE DE PARIS - MEUDON,Izivia (Sodetrel),Fransa,48.816826,2.247755,ChIJ_xSVPiFx5kcRD6qEpfHZEJc,"J'ai dû gérer quelques personnes qui garent leurs voitures non électriques sur les emplacements, mais à part ça, c'était l'expérience la plus agréable et la plus rapide que j'aie jamais vécue. Pas besoin d'application, il suffit de brancher et d'approcher sa carte bancaire NFC.

Bonne vitesse et tarif le plus avantageux jusqu'à présent.",Olumlu,1
462957,Electra - Saint-Nazaire - E.Leclerc,Electra,Fransa,47.28727898541845,-2.256210102070554,ChIJ9bzfhxNmBUgRpaP7P-2fXBw,"Bien mais le système de réservation est étrange : il m'avait réservé la seule borne déjà occupée ! Les autres étaient vides, donc au final ça n'a servi à rien. Tarif au kwh trop élevé par rapport aux super chargeurs tesla.",Nötr,0
462957,Electra - Saint-Nazaire - E.Leclerc,Electra,Fransa,47.28727898541845,-2.256210102070554,ChIJ9bzfhxNmBUgRpaP7P-2fXBw,"Le principal problème de ces bornes est la difficulté à démarrer une charge.
L'identification fonctionne 1 fois sur 5 quand vous n'êtes pas obligé de changer de borne (appli comme carte physique). Et je vois les autres utilisateurs avec le même problème.
Une fois la difficulté passée, qui peut prendre autant de temps que la charge quand même ! Les bornes sont fonctionnelles et propose une bonne courbe de charge.

Edit : je suis retourné sur ces bornes, la solution est de brancher d'abord la voiture puis de scanner la carte RFID et non l'inverse, je passe la note de 2 à 5.",Olumsuz,-1
462957,Electra - Saint-Nazaire - E.Leclerc,Electra,Fransa,47.28727898541845,-2.256210102070554,ChIJ9bzfhxNmBUgRpaP7P-2fXBw,"Top quand on a activé l'autocharge. On branche et ca démarre de suite sans rien faire d'autre la borne reconnait la voiture avec le compte associé. Pas de badge, de CB, d'appli...",Olumlu,1
462957,Electra - Saint-Nazaire - E.Leclerc,Electra,Fransa,47.28727898541845,-2.256210102070554,ChIJ9bzfhxNmBUgRpaP7P-2fXBw,Parfait,Olumlu,1
462957,Electra - Saint-Nazaire - E.Leclerc,Electra,Fransa,47.28727898541845,-2.256210102070554,ChIJ9bzfhxNmBUgRpaP7P-2fXBw,"Parfait recharge efficace, lieu sympa et pratique
Top !",Olumlu,1
478588,PowerDot - Carrefour - Metz-Technopôle,Power Dot,Fransa,49.10621877626272,6.227739836251658,ChIJjzpSTdvdlEcRyu1cHqaxVTA,Parfait,Olumlu,1
478588,PowerDot - Carrefour - Metz-Technopôle,Power Dot,Fransa,49.10621877626272,6.227739836251658,ChIJjzpSTdvdlEcRyu1cHqaxVTA,Idéal pour recharger les voitures électriques,Olumlu,1
478588,PowerDot - Carrefour - Metz-Technopôle,Power Dot,Fransa,49.10621877626272,6.227739836251658,ChIJjzpSTdvdlEcRyu1cHqaxVTA,"Fermé le dimanche, super👍👍👍",Olumsuz,-1
198873,SIGEIF - 21  AVENUE JEAN JAURES - SURESNES,Izivia (Sodetrel),Fransa,48.863623,2.209007,ChIJRfAsfWNi5kcRs_UEfsssuCw,"0,35€/kwh voire 0,30 c’est parfait. Pas besoin d’avoir un compte 👌",Olumlu,1
198873,SIGEIF - 21  AVENUE JEAN JAURES - SURESNES,Izivia (Sodetrel),Fransa,48.863623,2.209007,ChIJRfAsfWNi5kcRs_UEfsssuCw,"40€ débités pour 24 kw, du vol",Olumsuz,-1
198873,SIGEIF - 21  AVENUE JEAN JAURES - SURESNES,Izivia (Sodetrel),Fransa,48.863623,2.209007,ChIJRfAsfWNi5kcRs_UEfsssuCw,"Meilleur rapport qualité prix du coin, suffit d'avoir la carte ou l'application Izivia",Olumlu,1
198873,SIGEIF - 21  AVENUE JEAN JAURES - SURESNES,Izivia (Sodetrel),Fransa,48.863623,2.209007,ChIJRfAsfWNi5kcRs_UEfsssuCw,Super cher. 22e pour 10.8kWh,Olumlu,1
169952,Lidl - Croissy-Beaubourg,Freshmile,Fransa,48.8283821807311,2.641641008856368,ChIJ1fidT2cF5kcR6jsKqwtDwQA,"Ca déconne tout temps , souvent ́e 360watt !",Olumsuz,-1
169952,Lidl - Croissy-Beaubourg,Freshmile,Fransa,48.8283821807311,2.641641008856368,ChIJ1fidT2cF5kcR6jsKqwtDwQA,"Expérience sur plus d'un an d'utilisation ( car l'une des offres les moins cher ). Parfois les bornes bugs ce qui force à relancer un paiement, parfois plusieurs fois avant que la borne se décide à charger ( heureusement les précédents débits sont annulés ). Par moments elle s'arrête toute seule avant la fin du chargement mais j'ai eu le cas assez rarement. La plupart du temps quand c'est lancé ça fonctionne. Par contre la puissance de chargement est largement en dessous de ce qui est annoncé quand je regarde avec mon application. Par moments certaines borne refusent tout simplement de fonctionner et un faut passer sur une autre

C'est la solution la moins cher mais pas la plus efficace et optimisée",Nötr,0
169952,Lidl - Croissy-Beaubourg,Freshmile,Fransa,48.8283821807311,2.641641008856368,ChIJ1fidT2cF5kcR6jsKqwtDwQA,"2 bornes en 180 HS, comme souvent quand il y a affluence.",Olumlu,1
169952,Lidl - Croissy-Beaubourg,Freshmile,Fransa,48.8283821807311,2.641641008856368,ChIJ1fidT2cF5kcR6jsKqwtDwQA,Très bonne idée d installer un station de recharge VE avec des chargeurs rapides le tout pour un prix compétitif Bravo À dupliquer dans d autres magasins Lidl,Olumlu,1
169952,Lidl - Croissy-Beaubourg,Freshmile,Fransa,48.8283821807311,2.641641008856368,ChIJ1fidT2cF5kcR6jsKqwtDwQA,"Trop deg. Je suis venu charger avec un pass izivia. C'est le tarif indiqué + 0,12 euros la minute + 1 euro de mise en service. #vachealait

l faut passer par l'application lidl pour payer le tarif affiché.
Concernant la borne en elle même, elle est très bien.",Olumsuz,-1
202057,PowerDot - Intermarché - Callac,Power Dot,Fransa,48.40756405527608,-3.433940560025235,ChIJlWW8q-yeEUgRGsmObxuW-Js,"Non fonctionnelle le 06/04/2024
Aucun badge possible (6 RFID différents)
Pas de lecteur de carte bleue
QR code fonctionnel mais envoyant sur site internet qui précise que le matériel est non fonctionnel... Frustrations",Olumsuz,-1
202057,PowerDot - Intermarché - Callac,Power Dot,Fransa,48.40756405527608,-3.433940560025235,ChIJlWW8q-yeEUgRGsmObxuW-Js,Simple et rapide,Olumlu,1
202057,PowerDot - Intermarché - Callac,Power Dot,Fransa,48.40756405527608,-3.433940560025235,ChIJlWW8q-yeEUgRGsmObxuW-Js,"Merveilleux, charge rapide pendant les achats",Olumlu,1
475507,PowerDot - Gamm Vert - Morcenx,Power Dot,Fransa,44.02989877540352,-0.92243263631417,ChIJ87JKnekVVA0REfhh2H5EIjU,Cable non détecté depuis 1 semaine...,Olumsuz,-1
475507,PowerDot - Gamm Vert - Morcenx,Power Dot,Fransa,44.02989877540352,-0.92243263631417,ChIJ87JKnekVVA0REfhh2H5EIjU,Parfait simple rapide : top !!,Olumlu,1
475507,PowerDot - Gamm Vert - Morcenx,Power Dot,Fransa,44.02989877540352,-0.92243263631417,ChIJ87JKnekVVA0REfhh2H5EIjU,J'ai voulu recharger ma voiture à cet endroit ce domanche matin et la borne était éteinte...,Olumsuz,-1
460013,Ghisoni Place de la Mairie,e-motum (FR),Fransa,42.10330810202348,9.212608209841846,ChIJh0Wodl3_2RIRv75-Vbi-WCk,"Borne de recharge placée place de l’Eglise. Facilité d’accès.
Village de Ghisoni typique Corse très beau avec de très bons restaurants.
Profitez également d’une balade à cheval À L ÉTAT SAUVAGE ; équipe très sympathique située en bas du cimetière au niveau du camping et tarif très accessible pour une balade à cheval afin de découvrir ce magnifique village.",Olumlu,1
198707,SIGEIF - RUE DORLEANS - SAINT-CLOUD,Izivia (Sodetrel),Fransa,48.841715,2.219264,ChIJQ0vvDZxk5kcRiH17zFwUu94,Inaccessible en dehors des horaires d'ouverture du mac Donald car il ferme le portail qui donne accès aux bornes donc c'est pas accès 24/24 mais uniquement aux heures d'ouverture du mac Donald c'est bien dommage,Olumsuz,-1
475585,PowerDot - Ibis - Perpignan,Power Dot,Fransa,42.68085589982957,2.852753393156263,ChIJcQEQXvttsBIRfsoiXDcJZd4,"C'est cher, ça charge pas a plus de 60kw, impossible de payer en carte bleu direct, et a part l'ibis a coter y'a rien, donc c'est pas terrible, mais elle ont le mérite d'exister et de fonctionné contrairement à celle du mac do et du lidl du coin, sérieux va falloir se bouger pour améliorer les recharges en france",Nötr,0
475585,PowerDot - Ibis - Perpignan,Power Dot,Fransa,42.68085589982957,2.852753393156263,ChIJcQEQXvttsBIRfsoiXDcJZd4,"Borne assez simple d'utilisation (Carte RFID Ford Blueoval). Recharge rapide entre 90 et 100 kWh. Possibilité de se rafraîchir au Bar du Ibis.
3 étoiles, car il vous en coûtera 0,60 cts du Kwh...",Nötr,0
475585,PowerDot - Ibis - Perpignan,Power Dot,Fransa,42.68085589982957,2.852753393156263,ChIJcQEQXvttsBIRfsoiXDcJZd4,Le problème c'est qu'il vous preleve une caution remboursable à plus de 10 jours du coup on n'y va plus dommage,Olumsuz,-1
475585,PowerDot - Ibis - Perpignan,Power Dot,Fransa,42.68085589982957,2.852753393156263,ChIJcQEQXvttsBIRfsoiXDcJZd4,Charge opérationnelle et facile avec le pass charge map.,Olumlu,1
469917,Engie-Vianeo - B&B Hôtel Aix-en-Provence Pont de l'Arc,Engie,Fransa,43.510821779113314,5.446648138316277,ChIJU3bHhIiNyRIRVoM99PTa9nQ,"Bornes 300kW super rapides. Très bonne expérience.

EDIT: il y a maintenant un système de QR code à scanner pour entrer sur la station lorsque la barrière est fermée",Olumlu,1
469917,Engie-Vianeo - B&B Hôtel Aix-en-Provence Pont de l'Arc,Engie,Fransa,43.510821779113314,5.446648138316277,ChIJU3bHhIiNyRIRVoM99PTa9nQ,"Inaccessible en dehors des horaires d’ouverture du B&B Hôtel (réception à l’accueil très sympathique) donc pas très pratique en 24/24.
3 places sur 6 occupées par des clients de l’hôtel.
Bornes très rapides 300kw maxi.",Olumsuz,-1
469917,Engie-Vianeo - B&B Hôtel Aix-en-Provence Pont de l'Arc,Engie,Fransa,43.510821779113314,5.446648138316277,ChIJU3bHhIiNyRIRVoM99PTa9nQ,"Bornes rapides,  mais accès catastrophique. Le code d'entrée qui est envoyé au téléphone ne fonctionne pas",Olumsuz,-1
469917,Engie-Vianeo - B&B Hôtel Aix-en-Provence Pont de l'Arc,Engie,Fransa,43.510821779113314,5.446648138316277,ChIJU3bHhIiNyRIRVoM99PTa9nQ,Fermé en semaine. Impossible d’y entrer si l’hôtel est fermé ?,Olumsuz,-1
469917,Engie-Vianeo - B&B Hôtel Aix-en-Provence Pont de l'Arc,Engie,Fransa,43.510821779113314,5.446648138316277,ChIJU3bHhIiNyRIRVoM99PTa9nQ,"Super stations, bornes fonctionnent parfaitement et super simple de manœuvré dans la station.",Olumlu,1
189922,Ionity Montélimar Ouest,Ionity,Fransa,44.51515149619826,4.780852135606949,ChIJSSghwG9stRIRF2V9tXyv_YY,"Bonjour à tous je suis à la dernière borne de Montélimar excellent produit matériel excellent bien retenu je recommande à tous il IONITY
Compteur n'avait un petit souci avec cette société ils ont débloqué ça très très vite je recommande fortement la voiture électrique",Olumlu,1
189922,Ionity Montélimar Ouest,Ionity,Fransa,44.51515149619826,4.780852135606949,ChIJSSghwG9stRIRF2V9tXyv_YY,"Station située tout au fond de l’aire (pas indiqué à chaque intersection, donc on peut s’y perdre). On est du coup loin des services.
Les places sont par contre très bien délimitées. Une zone d’attente existe pour ne pas gêner les usagers ni le passage.
Charge rapide conforme à ce qui est attendu.",Olumlu,1
189922,Ionity Montélimar Ouest,Ionity,Fransa,44.51515149619826,4.780852135606949,ChIJSSghwG9stRIRF2V9tXyv_YY,"Vous trouverez de nouvelles bornes à l entrée du parking. Si celles-ci sont prisent, n hésitez pas allez 200m plus loin. Vous trouverez 6 bornes supplémentaires de 300KW et 1 de 50KW.  Charge effectuée à 235KW de 20 à 80%.Top",Olumlu,1
189922,Ionity Montélimar Ouest,Ionity,Fransa,44.51515149619826,4.780852135606949,ChIJSSghwG9stRIRF2V9tXyv_YY,"Ahhhh la fameuse révolution prevu de l'électrique sur le thermique...
Bof cest juste jolis  et....cest tout.",Olumsuz,-1
189922,Ionity Montélimar Ouest,Ionity,Fransa,44.51515149619826,4.780852135606949,ChIJSSghwG9stRIRF2V9tXyv_YY,"Pas de toit, on est abrité ni du soleil, ni de la pluie. Souvent des bornes HS mais ça reste le meilleur réseau",Olumlu,1
475186,PowerDot - Jardiland - Groslay,Power Dot,Fransa,48.984061796790826,2.365015734146823,ChIJO6i-IZtp5kcRn1Twf26djks,60Kw maximum alors que je suis seul à charger dans la station et des variations constante entre 30 et 60 pour un tarif d’une borne de 150 Kw. Je déconseille fortement cette enseigne de recharge j’ai eu que des mauvaises expériences sur toutes les bornes testées,Olumsuz,-1
475186,PowerDot - Jardiland - Groslay,Power Dot,Fransa,48.984061796790826,2.365015734146823,ChIJO6i-IZtp5kcRn1Twf26djks,"!!! 0.56€ !!!

Un tel prix c'est scandaleux, le même prix voir plus cher que sur Autoroute sauf que là, c'est à Sarcelles/Groslay et bridé à seulement...150kW.

Pourquoi les gestionnaires de ces zones commerciales acceptent ce genre de fournisseurs qui n'est là que pour le fric alors que d'autres fournisseurs existent et proposent des prix corrects pour souvent plus de puissance (30/35ct maximum)",Olumsuz,-1
475186,PowerDot - Jardiland - Groslay,Power Dot,Fransa,48.984061796790826,2.365015734146823,ChIJO6i-IZtp5kcRn1Twf26djks,"Recharge rapide sans soucis, le temps de faire ses courses !",Olumlu,1
475186,PowerDot - Jardiland - Groslay,Power Dot,Fransa,48.984061796790826,2.365015734146823,ChIJO6i-IZtp5kcRn1Twf26djks,"Bornes vandalisées (câbles coupés). C'est inadmissible ! Une honte !

PowerDot : merci de protéger vos câbles pour éviter aux malfrats de recommencer !",Olumsuz,-1
475408,PowerDot - Mercure - Lyon L'Isle-d'Abeau,Power Dot,Fransa,45.62719413898395,5.166900054356688,ChIJvf9rOpjS9EcRkpDzItw6VpE,2 bornes dont 1 rapide. Il faut rentrer sur le parking de l'hôtel mercure.,Olumsuz,-1
475408,PowerDot - Mercure - Lyon L'Isle-d'Abeau,Power Dot,Fransa,45.62719413898395,5.166900054356688,ChIJvf9rOpjS9EcRkpDzItw6VpE,Le chargeur ne délivre qu'une puissance de 75 kW.,Olumsuz,-1
469332,Carrefour Energies - Beauvais Centre,Allego BV,Fransa,49.42947306591597,2.07352260725952,ChIJSWqflsoG50cRoEUheoh0N-c,"Les bornes ne délivrent pas les 22kw comme annoncé. Cette aire est flinguée. Quand on au que du T2 allez voir ailleurs ici vous perdez votre temps. C'est bridé a 14, sur les 4 bornes. Bien sûr je dis celà en connaissance de cause, mon véhicule prends bien 22 sur tous les autres carrefours et équivalents. Je file faire mes courses chez la concurrence tant pis pour eux",Olumsuz,-1
469332,Carrefour Energies - Beauvais Centre,Allego BV,Fransa,49.42947306591597,2.07352260725952,ChIJSWqflsoG50cRoEUheoh0N-c,"Borne fonctionne mais ne délivre pas plus que 15-16 kWh avec juste une voiture branchée dessus, c'est dommage.",Nötr,0
469332,Carrefour Energies - Beauvais Centre,Allego BV,Fransa,49.42947306591597,2.07352260725952,ChIJSWqflsoG50cRoEUheoh0N-c,"4 bornes HS depuis une semaine, l'opérateur est prévenu mais ne fait rien...",Olumsuz,-1
196137,"Le Fousseret, Place du 11 Novembre",Freshmile,Fransa,43.2811,1.06589,ChIJf-18cLstqRIRLFmofD1ZOZs,Super,Olumlu,1
165576,SAINT SULPICE LA POINTE - ZA LES CADAUX LIEU DIT LES CADAUX,Alizé Liberté,Fransa,43.760885,1.712163,ChIJbYBeu5-jrhIRjy5y8b2ak1U,"Le tarif est maintenant au kWh, mais fortement augmenté. Donc Borne a éviter sauf extrême urgence. Toujours pas de paiement par CB.

Borne efficace et rapide. Cependant, la facturation est à la minute. Un non sens. Il est impératif de bien preconditioné la batterie pour accélérer la recharge. Dans ce cas, le prix est compétitif.",Olumsuz,-1
166320,La Chapelle-Heulin | Rue André Ripoche 10,Sydego,Fransa,47.178242,-1.340886,ChIJH2X7aqXhBUgR166Grt_Txzw,Plutôt pratique pour les véhicules électriques,Nötr,0
486928,Electra - Allonne - Retail Park,Electra,Fransa,49.40734370894228,2.1143569277808183,ChIJGauqB8AA50cRJzhJvmJBAaI,"Les bornes sont situées au coeur de la zone. Pour ceux qui veulent profiter des courses, c'est adapté.Sinon, l'attente est située sur le parking d'un hôtel.tranquillité pour patienter.",Nötr,0
486928,Electra - Allonne - Retail Park,Electra,Fransa,49.40734370894228,2.1143569277808183,ChIJGauqB8AA50cRJzhJvmJBAaI,Bornes situées sur le parking de l'hôtel centres commerciaux à proximité et le réseau Electra est très bon,Olumlu,1
486928,Electra - Allonne - Retail Park,Electra,Fransa,49.40734370894228,2.1143569277808183,ChIJGauqB8AA50cRJzhJvmJBAaI,"Vous pouvez recharger votre téléphone même si vous ne séjournez pas à l'hôtel. Son emplacement est idéal pour se déplacer dans le grand centre commercial où il se trouve, à proximité de La Vie Claire et d'Auchan, ainsi que, bien sûr, de l'Hôtel Campanile lui-même.",Olumlu,1
471233,e-Vadea - Marchaux-Chaudefontaine - A36 Besançon Champoux,e-Vadea,Fransa,47.32890413303187,6.127507583894385,ChIJs8FMHYeDkkcRnQ4PtTLqbYU,"En ce qui me concerne, une super expérience 👍
Une recharge rapide comme l’éclair de ma Tesla.
En plus, ils ont des colonnes lumineuses au dessus des chargeurs pour indiquer l’état de charge de nos chers véhicules à pile, c’est un petit rien mais attendez que votre voiture soit à 95% de charge et là vous verrez… c’est comme une boîte de nuit !!!
Enfin, j’ai eu à faire à leur supervision Orios . Le personnel féminin est compétent et très agréable avec de l’humour. Si la St Valentin n’était pas passée, je leur aurais envoyé une rose 🌹",Olumlu,1
471233,e-Vadea - Marchaux-Chaudefontaine - A36 Besançon Champoux,e-Vadea,Fransa,47.32890413303187,6.127507583894385,ChIJs8FMHYeDkkcRnQ4PtTLqbYU,Borne qui n'a de rapide que le nom.... et la facture... pas plus rapide qu'une 100 kwh,Olumsuz,-1
471233,e-Vadea - Marchaux-Chaudefontaine - A36 Besançon Champoux,e-Vadea,Fransa,47.32890413303187,6.127507583894385,ChIJs8FMHYeDkkcRnQ4PtTLqbYU,"Borne de recharge fonctionnelle, et bien indiquée (tout au bout de l’aire, après le parking donc peut prendre du temps à accéder vu qu’il n’y a qu’une seule voie et que toutes les voitures cherchent des places…), cependant mauvaise information du service client ! Nous avons appelé 2h à l’avance pour être sûrs que notre badge Travelcard était compatible, ce qu’ils ont confirmé ! Arrivés sur place, le badge n’était pas compatible ! Heureusement que nous avions un second badge Eneco qui était compatible sinon nous aurions été très embêtés !!",Nötr,0
471233,e-Vadea - Marchaux-Chaudefontaine - A36 Besançon Champoux,e-Vadea,Fransa,47.32890413303187,6.127507583894385,ChIJs8FMHYeDkkcRnQ4PtTLqbYU,Cette station n’accepte pas des paiements par carte bancaire sauf sur le chargeur 50kW. 30 minutes j’ai essayé (avec trois enfants et un chien dans ma voiture) de démarrer la session mais sans succès (application ne marchait pas - ni comme ‘guest’ ni comme ‘ registered user.’ ) J’ai attendu 10 minutes pour avoir le service client…qui ne pouvait pas m’aider non plus. Seules les voitures munies d'un badge de recharge ont pu être rechargées. Très déçu.,Olumsuz,-1
471233,e-Vadea - Marchaux-Chaudefontaine - A36 Besançon Champoux,e-Vadea,Fransa,47.32890413303187,6.127507583894385,ChIJs8FMHYeDkkcRnQ4PtTLqbYU,"Sûrement la pire expérience de ma vie en termes de borne de recharge! Entreprise incompétente et personnel du service client odieux, irrespectueux et peu comprehensif! J’ai été prélevé de plusieurs pre autorisations mais les bornes ne marchaient pas, j’ai changé de borne puis ça marchait, mais voila plusieurs jours et le prix ne s’est pas actualisé et je suis toujours prélevé de 5x ce que j’ai réellement consommé, une honte! Plus jamais!",Olumsuz,-1
478669,PowerDot - Supermarché Match - Neufchâteau,Power Dot,Fransa,48.35250297370917,5.692557698073074,ChIJxa99L0Kz7EcR1rNlLFOMoWI,"Fonctionne même sans application : il suffit de scanner un QR code et de ne payer que ce que vous consommez par carte. Parmi les prix au kWh les plus bas que j'aie vus en France. Fonctionnement impeccable en charge lente et rapide. Quel soulagement après les mauvaises expériences que j'ai eues en tant qu'étranger louant une voiture électrique en France ! Le supermarché est également excellent : fruits et légumes frais de grande qualité, bon choix de fromages et plats préparés relativement bon marché (par exemple, deux crêpes aux champignons et au fromage pour 5 €, il suffit de les réchauffer).",Olumlu,1
478306,PowerDot - Boulangerie Feuillette - Sausheim,Power Dot,Fransa,47.77519114187871,7.390258028833614,ChIJRzpmfBuckUcRMuEPBCG1sRo,"100kwh max apparement mais c’est très bien

un des chargeurs ne permet pas de bloquer la prise avec la voiture

j’ai du en prendre un autre",Nötr,0
478306,PowerDot - Boulangerie Feuillette - Sausheim,Power Dot,Fransa,47.77519114187871,7.390258028833614,ChIJRzpmfBuckUcRMuEPBCG1sRo,Moi je trouve que c'est cool.,Olumlu,1
463253,Fastned - Aire de Vémars Ouest ,FastNed,Fransa,49.07317932178856,2.551359606441679,ChIJ27xLI5Y-5kcRIKDJgi8o6uQ,Il manque une zone d'attente avec quelques bancs.,Nötr,0
463253,Fastned - Aire de Vémars Ouest ,FastNed,Fransa,49.07317932178856,2.551359606441679,ChIJ27xLI5Y-5kcRIKDJgi8o6uQ,"Excellente expérience de charge.
Présentez la carte bancaire, branchez et c'est terminé.
Si seulement cela pouvait être pareil partout ailleurs, ce serait le bonheur !",Olumlu,1
463253,Fastned - Aire de Vémars Ouest ,FastNed,Fransa,49.07317932178856,2.551359606441679,ChIJ27xLI5Y-5kcRIKDJgi8o6uQ,Prix un peu élevé.,Nötr,0
463253,Fastned - Aire de Vémars Ouest ,FastNed,Fransa,49.07317932178856,2.551359606441679,ChIJ27xLI5Y-5kcRIKDJgi8o6uQ,"Ma station préférée quand on descend dans le sud , en partant de Lille",Olumlu,1
463253,Fastned - Aire de Vémars Ouest ,FastNed,Fransa,49.07317932178856,2.551359606441679,ChIJ27xLI5Y-5kcRIKDJgi8o6uQ,"Très simple d’utilisation : brancher, payer et patienter.
Contrairement aux bornes de recharge IZIVIA.",Olumlu,1
475931,PowerDot - Marie Blachère - Coublevie,Power Dot,Fransa,45.3536685692807,5.597588725467858,ChIJEXkJkUvkikcRRMAfy1gxA4Y,"Malgré la signalisation en place, des véhicules thermiques ou électriques qui ne changent pas, occupent les places",Olumsuz,-1
475931,PowerDot - Marie Blachère - Coublevie,Power Dot,Fransa,45.3536685692807,5.597588725467858,ChIJEXkJkUvkikcRRMAfy1gxA4Y,Ne fonctionne pas. Et SAV inefficace,Olumsuz,-1
475931,PowerDot - Marie Blachère - Coublevie,Power Dot,Fransa,45.3536685692807,5.597588725467858,ChIJEXkJkUvkikcRRMAfy1gxA4Y,"Deux des quatre emplacements ne fonctionnent pas. La charge ne fonctionne pas avec l'autre connecteur CCS. Il y a deux connecteurs, le numéro 01. Il est très difficile de connecter le bon.",Olumsuz,-1
154120,"Bornel, Gambetta",Freshmile,Fransa,49.1986,2.20703,ChIJrQBfaklX5kcR0TJrEQgDbF4,Facile de ce garer sauf que plus freshmile mais passpass électrique,Olumlu,1
257198,Lidl - Brannec,Freshmile,Fransa,47.52175986769939,-2.7833247222865225,ChIJFQBAzpIZEEgRvi3pXJOPGbQ,"Recharge simple d’accès propre
Connexion facile pour les porteurs de carte de charge map",Olumlu,1
257198,Lidl - Brannec,Freshmile,Fransa,47.52175986769939,-2.7833247222865225,ChIJFQBAzpIZEEgRvi3pXJOPGbQ,"Tout est parfait, sauf les informations de Google. Il n'y a pas de borne de recharge de type 2 de 43 kW.

Il y a 4 bornes ultrarapides et 2 bornes de type 2 de 22 kW.

Sinon, c'est facile à trouver.

Il n'y a absolument aucune commodité, même pas une poubelle. Des toilettes et peut-être un café seraient les bienvenus.

Je suis également ravi de signaler que le paiement a fonctionné avec la carte Octopus Electroverse.",Olumlu,1
470014,Engie-Vianeo - B&B Hôtel Rennes Est Cesson-Sévigné,Engie,Fransa,48.11409432530135,-1.600704486442737,ChIJq_yEsSjZDkgRP7hs8xWUTtI,Avec une borne publique affichant les prix au Kwh en  fonction de la vitesse de charge.,Olumlu,1
470014,Engie-Vianeo - B&B Hôtel Rennes Est Cesson-Sévigné,Engie,Fransa,48.11409432530135,-1.600704486442737,ChIJq_yEsSjZDkgRP7hs8xWUTtI,Charge rapide c’est top,Olumlu,1
470014,Engie-Vianeo - B&B Hôtel Rennes Est Cesson-Sévigné,Engie,Fransa,48.11409432530135,-1.600704486442737,ChIJq_yEsSjZDkgRP7hs8xWUTtI,"Super bien placé, accès facile.",Olumlu,1
265882,Engie-Vianeo - A19 - Aire de Loiret,Engie,Fransa,48.08414134512603,2.4689438141068933,ChIJJdwUo3qe5UcRQy_LlzWyjE0,"Un câble qui semblait défectueux , plantage au démarrage de la charge , j'ai l'autre côté : ok. Puis scotché a 56 kW alors normalement la voiture charge a 120 kW
Donc cher (0.6€,HT) pour le service

Encore un essai de charge : 3 cartes bancaires refusées sur 4 ouf puis borne qui refuse la connection heureusement autre borne ok

Cette station c'est le stress au max

A ÉVITER SAUF BESOIN URGENT comme c'est mon cas . Je fais le minimum du plein pour fuire vers des stations moins chères et plus fiable",Olumsuz,-1
265882,Engie-Vianeo - A19 - Aire de Loiret,Engie,Fransa,48.08414134512603,2.4689438141068933,ChIJJdwUo3qe5UcRQy_LlzWyjE0,Recharge qui ne fonctionne simplement pas. Service technique en ligne qui constate le problème mais ne peut rien faire. 4 jours après le problème n'est toujours pas réglé.,Olumsuz,-1
265882,Engie-Vianeo - A19 - Aire de Loiret,Engie,Fransa,48.08414134512603,2.4689438141068933,ChIJJdwUo3qe5UcRQy_LlzWyjE0,Borne hyper rapide.... Mais un cher..26 euros Pour 30 mn de recharge.... Park de bornes isolé du parking thermique... idéale pour faire une petite sieste,Nötr,0
265882,Engie-Vianeo - A19 - Aire de Loiret,Engie,Fransa,48.08414134512603,2.4689438141068933,ChIJJdwUo3qe5UcRQy_LlzWyjE0,"Impossible d’activer le borne avec une carte via le qr code et son APP, testé sur 5 bornes avec 3 carges et 2 téléphones différentes",Olumsuz,-1
265882,Engie-Vianeo - A19 - Aire de Loiret,Engie,Fransa,48.08414134512603,2.4689438141068933,ChIJJdwUo3qe5UcRQy_LlzWyjE0,Pas de recharge car voiture pas electrique,Olumsuz,-1
470423,TotalEnergies - Relais Orléans Gidy,TotalEnergies (FR),Fransa,47.9764464830715,1.8596581686598483,ChIJ1VgzDKjw5EcRNIcJJlc5dko,"Comme d'habitude avec les bornes totals énergie. Pourquoi faire simple quand on peut faire compliqué ?
Fonctionnement avec QR Code au lieu d'avoir un simple TPE de paiement.
Bref je tente le QR code et le paiement ne s'active jamais car le site se mets en erreur avant d'envoyer la vérification à ma banque. Super quand il nous reste que 100km, une vrai source de stress.",Olumsuz,-1
470423,TotalEnergies - Relais Orléans Gidy,TotalEnergies (FR),Fransa,47.9764464830715,1.8596581686598483,ChIJ1VgzDKjw5EcRNIcJJlc5dko,"Toutes les bornes en activité,  un affichage sur le taux de charge qui ne s'affiche pas mais une recharge bien effective.  Le tout avec la présence d'un agent pour aider si nécessaire à l'utilisation de la borne. Une action réduction  de 20% au shopping était également proposée.",Olumlu,1
470423,TotalEnergies - Relais Orléans Gidy,TotalEnergies (FR),Fransa,47.9764464830715,1.8596581686598483,ChIJ1VgzDKjw5EcRNIcJJlc5dko,"Une belle aire avec de bons chargeurs mais clairement pas assez. À chaque fois que nous passons nous devons attendre ou d’autres attendent.
Avec l’augmentation du parc de véhicules électriques ce ne sera pas agréable.",Olumsuz,-1
470423,TotalEnergies - Relais Orléans Gidy,TotalEnergies (FR),Fransa,47.9764464830715,1.8596581686598483,ChIJ1VgzDKjw5EcRNIcJJlc5dko,Sur notre voyage sur les 3 bornes total utilisés à différentes stations sur l’A10 et A63 on a dû contacter le service client (très bon et disponibles) pour redémarrer les bornes. Les bornes total ne sont pas fiables par rapport aux autres marques et souvent plus cher…,Olumsuz,-1
470423,TotalEnergies - Relais Orléans Gidy,TotalEnergies (FR),Fransa,47.9764464830715,1.8596581686598483,ChIJ1VgzDKjw5EcRNIcJJlc5dko,"Sur les 6 bornes 175kw aucunes ne marchent… et sur les 2 bornes 50kw seulement une marche…
Autant dire qu’il a des progrès à faire !
C’est bien d’avoir des bornes encore faudrait il que cela fonctionne !",Olumsuz,-1
469327,Carrefour Energies - Montesson,Allego BV,Fransa,48.928130715017886,2.1423577897263613,ChIJIygtgDFi5kcRhgH66UrvKtc,"Borne de recharge très facile à trouver et pas mal de place pour se garer, généralement pas d'attente du tout. Un énorme plus pour profiter des 1h gratuite de recharge via la carte Carrefour sur les bornes 22Kw uniquement en passant par le site Carrefour energies. Un tout petit peu loin de l'entrée du centre donc pas forcément le plus pratique avec un caddie mais ça fait largement l'affaire.",Olumlu,1
469327,Carrefour Energies - Montesson,Allego BV,Fransa,48.928130715017886,2.1423577897263613,ChIJIygtgDFi5kcRhgH66UrvKtc,Pratique mais temps de recharge pas normaux. 1h30 de recharge sur la borne 300 kw alors que je suis seul dessus... au lieu de 3 fois moins de temps habituel sur d'autres recharges,Nötr,0
469327,Carrefour Energies - Montesson,Allego BV,Fransa,48.928130715017886,2.1423577897263613,ChIJIygtgDFi5kcRhgH66UrvKtc,"Borne tres pratique pres de Carrefour. Dommage, il n’y a pas assez de borne en 22KW",Nötr,0
469327,Carrefour Energies - Montesson,Allego BV,Fransa,48.928130715017886,2.1423577897263613,ChIJIygtgDFi5kcRhgH66UrvKtc,"Charge 10kW (sur une borne ""jusqu'à 22kW"") toutes fonctionnelles",Olumlu,1
469327,Carrefour Energies - Montesson,Allego BV,Fransa,48.928130715017886,2.1423577897263613,ChIJIygtgDFi5kcRhgH66UrvKtc,"Nul !! Ça marche pas , comme d habitude",Olumsuz,-1
199802,Place du Marché - MERLIMONT,Stations-e,Fransa,50.46090694111128,1.581321738638749,ChIJZfKlvtrb3UcRLC-Cnx5MfD0,"Nous étions contents de trouver une borne à l'entrée du sentier.
Grosse déception borne déconnectée au réseau en scannant le qr code",Olumsuz,-1
199802,Place du Marché - MERLIMONT,Stations-e,Fransa,50.46090694111128,1.581321738638749,ChIJZfKlvtrb3UcRLC-Cnx5MfD0,salut j ai essayé de me brancher le 10 fevrier  la borne ne fonctionnait pas,Olumsuz,-1
199802,Place du Marché - MERLIMONT,Stations-e,Fransa,50.46090694111128,1.581321738638749,ChIJZfKlvtrb3UcRLC-Cnx5MfD0,Borne déconnecté impossible de recharger .,Olumsuz,-1
199802,Place du Marché - MERLIMONT,Stations-e,Fransa,50.46090694111128,1.581321738638749,ChIJZfKlvtrb3UcRLC-Cnx5MfD0,Borne plutot 14kW que 22.,Nötr,0
165915,BERGERAC - Aire De Covoiturage - Pombonne,MObiVE,Fransa,44.870893,0.503334,ChIJa69Yfn_QqhIReiT2uhZiY-0,Dysfonctionnement de facturation via l'application problème réglé en soirée.,Olumsuz,-1
471619,Mobilize - Renault Faches-Thumesnil,Mobilize (FR),Fransa,50.58134649119228,3.0867669765470964,ChIJAwwi-SPUwkcR7ROyXMu4qkE,Station de recharge rapide toute neuve. Très proche de l’autoroute à côté de la concession Renault.,Olumlu,1
471619,Mobilize - Renault Faches-Thumesnil,Mobilize (FR),Fransa,50.58134649119228,3.0867669765470964,ChIJAwwi-SPUwkcR7ROyXMu4qkE,"Emplacement, pas évident à trouver. Se repérer à la concession Renault Dacia. Services, OK, cette borne, 320 kilowatts. Pas de toilette.",Nötr,0
471619,Mobilize - Renault Faches-Thumesnil,Mobilize (FR),Fransa,50.58134649119228,3.0867669765470964,ChIJAwwi-SPUwkcR7ROyXMu4qkE,Pratique pour charger juste avant de prendre l’autoroute vers Paris,Olumlu,1
471619,Mobilize - Renault Faches-Thumesnil,Mobilize (FR),Fransa,50.58134649119228,3.0867669765470964,ChIJAwwi-SPUwkcR7ROyXMu4qkE,Recharge rapide station hyper propre avec de nouveaux câbles,Olumlu,1
471619,Mobilize - Renault Faches-Thumesnil,Mobilize (FR),Fransa,50.58134649119228,3.0867669765470964,ChIJAwwi-SPUwkcR7ROyXMu4qkE,"Excellente prestation avec rechargement possible en ultra rapide 350kw.
Tarif très compétitif avec carte Ulys. Toutes les bornes disponibles et fonctionnelles.
Environnement moyen dans zone commerciale",Olumlu,1
463127,Electra - Martigues - Boulangerie Ange,Electra,Fransa,43.39832007979598,5.040848887150219,ChIJUY3_FscfthIRHw2KYv8EEh0,"Très facile d’accès , bonne puissance de charge , prix intéressant avec l’application ( -50%) si on vous parraine",Olumlu,1
463127,Electra - Martigues - Boulangerie Ange,Electra,Fransa,43.39832007979598,5.040848887150219,ChIJUY3_FscfthIRHw2KYv8EEh0,Un peu sale parterre ( nourriture),Nötr,0
463127,Electra - Martigues - Boulangerie Ange,Electra,Fransa,43.39832007979598,5.040848887150219,ChIJUY3_FscfthIRHw2KYv8EEh0,Top comme d'habitude,Olumlu,1
463127,Electra - Martigues - Boulangerie Ange,Electra,Fransa,43.39832007979598,5.040848887150219,ChIJUY3_FscfthIRHw2KYv8EEh0,Se bon!,Olumlu,1
463127,Electra - Martigues - Boulangerie Ange,Electra,Fransa,43.39832007979598,5.040848887150219,ChIJUY3_FscfthIRHw2KYv8EEh0,Ne fonctionne pas,Olumsuz,-1
475384,PowerDot - Ibis - Lyon Villefranche sur Saône,Power Dot,Fransa,45.97622190423206,4.738580297600606,ChIJg1UVcbWa9EcR4O92lPnx8UA,Pas de borne,Nötr,0
475384,PowerDot - Ibis - Lyon Villefranche sur Saône,Power Dot,Fransa,45.97622190423206,4.738580297600606,ChIJg1UVcbWa9EcR4O92lPnx8UA,"D'excellents chargeurs (vitesse de charge moyenne de 75 kWh) sont situés sur le parking de l'hôtel Ibis (rouge), mais sont également facilement accessibles depuis l'Ibis Budget.

Le temps de charge de 6 % à 100 % (batterie de 55 kW) est d'environ 1 heure.",Olumlu,1
475384,PowerDot - Ibis - Lyon Villefranche sur Saône,Power Dot,Fransa,45.97622190423206,4.738580297600606,ChIJg1UVcbWa9EcR4O92lPnx8UA,"Six bornes de recharge rapide Powerdot sont disponibles. Très silencieuses, elles sont situées juste à côté d'un hôtel Ibis où vous pourrez prendre un verre ou faire une pause aux toilettes.",Olumlu,1
475384,PowerDot - Ibis - Lyon Villefranche sur Saône,Power Dot,Fransa,45.97622190423206,4.738580297600606,ChIJg1UVcbWa9EcR4O92lPnx8UA,Lädt schnell und Restaurant direkt daneben.,Olumlu,1
475384,PowerDot - Ibis - Lyon Villefranche sur Saône,Power Dot,Fransa,45.97622190423206,4.738580297600606,ChIJg1UVcbWa9EcR4O92lPnx8UA,6 bornes de recharge disponibles - à seulement 1 km de la sortie d'autoroute - facilement accessible - possibilité de sonner si le portail est fermé,Olumlu,1
469321,Carrefour Energies - Chelles,Allego BV,Fransa,48.87740804473541,2.6102692328487365,ChIJ8d9PIgAR5kcRfb41ipaAqXU,"Très pratique de trouver ces bornes de recharge Allego lors de son passage au centre commercial.
C'est un vrai geste pour l'environnement que de pouvoir recharger son véhicule avec de l'énergie propre pendant son shopping.
La station propose différents types de connecteurs (CCS et Type 2), ce qui la rend accessible à la majorité des voitures électriques.
L'emplacement est bien indiqué et l'accès est libre 24h/24, ce qui soutient efficacement le développement des énergies renouvelables dans notre ville.",Olumlu,1
469321,Carrefour Energies - Chelles,Allego BV,Fransa,48.87740804473541,2.6102692328487365,ChIJ8d9PIgAR5kcRfb41ipaAqXU,"De passage avec une batterie vide, je me suis mis sur un chargeur rapide pour dépanné.
Pas de problème, j'ai payer avec un badge d'une société tièrse.

Par contre, il faut oublier l'idée d'aller manger dans le carrefour à coté, il est abandonné.",Olumsuz,-1
469321,Carrefour Energies - Chelles,Allego BV,Fransa,48.87740804473541,2.6102692328487365,ChIJ8d9PIgAR5kcRfb41ipaAqXU,Station difficile d'accès car trop souvent des véhicules thermique y stationnement.,Olumsuz,-1
469321,Carrefour Energies - Chelles,Allego BV,Fransa,48.87740804473541,2.6102692328487365,ChIJ8d9PIgAR5kcRfb41ipaAqXU,C’est pas chère mais c’est tout le temps blindé c’est difficile de trouver de la place,Nötr,0
469321,Carrefour Energies - Chelles,Allego BV,Fransa,48.87740804473541,2.6102692328487365,ChIJ8d9PIgAR5kcRfb41ipaAqXU,depuis le changement de l'application de recharge carrefour par la webapplication recharge.carrefour.fr il est impossible de recharger mon véhicule.,Olumsuz,-1
174379,SDE76 parking du Grand Val,SDE76 (FR),Fransa,49.7050018,0.209106,ChIJq3eq9MUX4EcRL6jt-rl1cvk,"2 emplacements. Pas de précision retrouvée sur la nécessité ou non de prendre un ticket de parking mais à priori non car paiement de la charge à la minute. Ce qui mène le KWh à 0,44€ en ce qui me concerne en janvier 2024, pour une minute à 8 cts. Pas beaucoup d'autre alternative à Etretat.",Olumsuz,-1
174379,SDE76 parking du Grand Val,SDE76 (FR),Fransa,49.7050018,0.209106,ChIJq3eq9MUX4EcRL6jt-rl1cvk,"Du vol, 8cts la minute pour une recharge de 4kwh en 2h30. Soit 12€... À ce prix là le pétrole a un bel avenir devant lui...",Olumsuz,-1
174379,SDE76 parking du Grand Val,SDE76 (FR),Fransa,49.7050018,0.209106,ChIJq3eq9MUX4EcRL6jt-rl1cvk,"L'endroit est pratique pour visiter les falaises. Je me suis renseigné au centre d'information touristique : le parking est gratuit pendant la recharge.

Il y a une autre borne de recharge à côté du centre d'information touristique.",Olumlu,1
174379,SDE76 parking du Grand Val,SDE76 (FR),Fransa,49.7050018,0.209106,ChIJq3eq9MUX4EcRL6jt-rl1cvk,"Emplacement central idéal ! Bien sûr, il faudra avoir de la chance qu'il soit encore disponible. Les toilettes sont juste à côté. Par précaution, j'ai aussi pris un ticket de parking.",Olumlu,1
174379,SDE76 parking du Grand Val,SDE76 (FR),Fransa,49.7050018,0.209106,ChIJq3eq9MUX4EcRL6jt-rl1cvk,N° 1 ne charge pas,Olumsuz,-1
305907,Station multi-énergies e-Charge 50,E-Charge50 (FR),Fransa,49.30268976472448,-1.211117294343694,ChIJrxyJg8GcC0gRDrGDo5Ognes,"Aucunes des 2 bornes ne fonctionne avec le paiement de carte
Hors service",Olumsuz,-1
305907,Station multi-énergies e-Charge 50,E-Charge50 (FR),Fransa,49.30268976472448,-1.211117294343694,ChIJrxyJg8GcC0gRDrGDo5Ognes,"Deux bornes de recharge adaptées aux véhicules avec remorque (300 kW). Deux autres pour le stationnement perpendiculaire (150 kW). La puissance de charge est divisée par deux lorsque deux véhicules sont en charge simultanément. Facilement accessible depuis l'autoroute. La recharge est rapide. Panneaux solaires sur le toit. Malheureusement, pas de commodités (toilettes, boissons).",Olumlu,1
203955,Carrefour Energies - Anglet,Allego BV,Fransa,43.490319978812096,-1.4969568676385734,ChIJxaam1mtAUQ0RByS0rnim7Co,"Prix intéressants pour la recharge de votre véhicule électrique. Je n’ai jamais eu de soucis pour recharger ma voiture.

Je mettrai une cinquième étoile lorsqu’on pourra voir sur son téléphone le niveau de recharge de sa voiture en direct comme c’est le cas sur de nombreuses autres bornes.",Olumlu,1
203955,Carrefour Energies - Anglet,Allego BV,Fransa,43.490319978812096,-1.4969568676385734,ChIJxaam1mtAUQ0RByS0rnim7Co,"Une catastrophe, les bornes sont souvent hors d'usage. Allégo n'est pas honnête, ils facturent la 1e heure alors qu'ils indiquent qu'elle est gratuite.
Ils ne daignent pas répondre aux réclamations.",Olumsuz,-1
203955,Carrefour Energies - Anglet,Allego BV,Fransa,43.490319978812096,-1.4969568676385734,ChIJxaam1mtAUQ0RByS0rnim7Co,J'ai passé 2 mois sur place avec ma Polestar et j'ai toujours utilisé cette station de recharge. Bien situé à côté du centre commercial. Jamais eu de problèmes d'inscription et toujours des chargements rapides. J'aimerais qu'il en soit de même partout en France.,Olumlu,1
203955,Carrefour Energies - Anglet,Allego BV,Fransa,43.490319978812096,-1.4969568676385734,ChIJxaam1mtAUQ0RByS0rnim7Co,"Les Bornes marchent.... quand elles marchent...
Pas de Numéro de bornes dessus, donc impossible de Flasher la borne pour la connecter.
Connection uniquement par CB.... Quand cela fonctionne... Dans un sens ou dans l'autre car même problème pour se déconnecter : cela ne marche par forcement.
Et vu que la borne n'a pas de numéro, il faut bien 15 min pour qu'un opérateur puisse vous identifier.",Olumsuz,-1
203955,Carrefour Energies - Anglet,Allego BV,Fransa,43.490319978812096,-1.4969568676385734,ChIJxaam1mtAUQ0RByS0rnim7Co,Auto garé dans la rue..... Peu de chargeurs.... Je garde ma voiture a essnece pour faire 600 km,Olumsuz,-1
258761,PowerDot - Intermarché Super – Balma,Power Dot,Fransa,43.61468838377337,1.4883824769745218,ChIJy1bWtI-9rhIRPYaEwFdTpko,"54 centimes le kwh ! C’est du vol total
Même tesla est au Max à 45",Olumsuz,-1
258761,PowerDot - Intermarché Super – Balma,Power Dot,Fransa,43.61468838377337,1.4883824769745218,ChIJy1bWtI-9rhIRPYaEwFdTpko,Possibilité de charger 6 véhicules en même temps sauf qu'un seul véhicule en cours de charge  sur prise AC  et l'autre borne affichant prise occupée????? donc impossibilité de charger mon véhicule en faisant mes courses.....,Olumsuz,-1
258761,PowerDot - Intermarché Super – Balma,Power Dot,Fransa,43.61468838377337,1.4883824769745218,ChIJy1bWtI-9rhIRPYaEwFdTpko,Pas évident de s’y connecter la première fois,Olumsuz,-1
258761,PowerDot - Intermarché Super – Balma,Power Dot,Fransa,43.61468838377337,1.4883824769745218,ChIJy1bWtI-9rhIRPYaEwFdTpko,Ca marche jamais,Olumsuz,-1
188962,TotalEnergies - Relais Lyon Montluel,TotalEnergies (FR),Fransa,45.84466797841807,5.070340548568652,ChIJiX0XsGi39EcRa0khszvfShs,"Prix affiché à 13.50€, facturé 14€...
De plus prix pratiqués bien trop élevés",Olumsuz,-1
188962,TotalEnergies - Relais Lyon Montluel,TotalEnergies (FR),Fransa,45.84466797841807,5.070340548568652,ChIJiX0XsGi39EcRa0khszvfShs,Obligé de faire 3 bornes différentes avant de trouver une fonctionnelle. Heureusement qu'il y en a beaucoup...,Olumsuz,-1
256989,Lidl - La Roche sur Yon,Freshmile,Fransa,46.64672474820031,-1.4347475256293478,ChIJBQ4Ji0UlBEgRGj8pFZRZkRI,"Bornes nulles, pas de lecteur de carte bancaire, QR code qui emmène sur une page pour télécharger l'application Leclerc charge qui est le seul moyen d'utiliser ces bornes, badge Electroverse non reconnu sur les bornes lentes, reconnu sur les rapides mais la charge ne commence pas",Olumsuz,-1
462972,Electra - A10 - Aire de Saint Caprais (direction Bordeaux),Electra,Fransa,45.29660836888695,-0.5558144544114612,ChIJFeqHkok1AEgRRo1yPHn-5CE,Tout neuf et en très bon état.,Olumlu,1
475329,PowerDot - Léon de Bruxelles - Bourges,Power Dot,Fransa,47.048029055731234,2.346251604887243,ChIJi-8ikYmU-kcRwoh-kzVn1H4,Borne facile a utiliser plusieur commerces a proximité pour patienter repas ou pause café,Olumlu,1
475329,PowerDot - Léon de Bruxelles - Bourges,Power Dot,Fransa,47.048029055731234,2.346251604887243,ChIJi-8ikYmU-kcRwoh-kzVn1H4,"Les bornes ont parfaitement fonctionné.
Sur ma Megane , la charge n’est jamais monté au dessus de 73kw mais celle ci est rester à cette valeur jusqu’à 70% avant de finir à 53 pour aller à 80%. Au final , il m’aura fallu 30 minutes pour charger 60%.
Je conseil de payer avec la carte Shell qui offre un tarif attractif à 45 centimes du kWh.
Pour ceux qui voudrais se rafraîchir, il a un pat a pain juste à côté et Léon de Bruxelles pour manger.
Elle est également juste après le rond point après la sortie d’autoroute donc pas de perte de temps.",Olumlu,1
475329,PowerDot - Léon de Bruxelles - Bourges,Power Dot,Fransa,47.048029055731234,2.346251604887243,ChIJi-8ikYmU-kcRwoh-kzVn1H4,"Prix salé et recharge ultra lente, pas plus de 70kw...
Éviter freshmile qui facture a la minute.",Olumsuz,-1
475329,PowerDot - Léon de Bruxelles - Bourges,Power Dot,Fransa,47.048029055731234,2.346251604887243,ChIJi-8ikYmU-kcRwoh-kzVn1H4,Lamentable 40mn avant servir.,Olumsuz,-1
475329,PowerDot - Léon de Bruxelles - Bourges,Power Dot,Fransa,47.048029055731234,2.346251604887243,ChIJi-8ikYmU-kcRwoh-kzVn1H4,Aussi rapide que prévu.,Olumlu,1
301577,Ionity Agde,Ionity,Fransa,43.298570636111634,3.4768670018916623,ChIJQa01h189sRIRmD2ySNGMYrQ,Seul a recharger sur les bornes 350 kw et malgré deux essais sur des bornes différentes la charge s'est faite à 75 kw lamentable ! Cela doit être épique en plein été. Ce n'est pas la peine de créer des stations pour charger a 75 kw.,Olumsuz,-1
301577,Ionity Agde,Ionity,Fransa,43.298570636111634,3.4768670018916623,ChIJQa01h189sRIRmD2ySNGMYrQ,"Nous avons peu apprécié cette station dont les 6 stèles étaient sous dimensionnées pour une station balnéaire de ce calibre.
Nous n'étions qu'en avril.
Je n'ose pas imaginer en haute saison.

Nous avons pu charger sur la borne 50 kw (CCS) proposant 3 types de câbles.
Nous étions au départ sur le type 2 avec 22 kw car la 50 kw était prise et nous sommes passés sur la 50 kw lorsqu'elle s'est libérée.

Positivons, ça sera la 1ère fois que nous aurons utilisé ce type de stèle.
A 50 kw, ça pourrait éventuellement faire l'affaire, notamment si le niveau de charge est déjà élevé, ne permettant pas d'exploiter beaucoup plus que 50 kw",Olumsuz,-1
301577,Ionity Agde,Ionity,Fransa,43.298570636111634,3.4768670018916623,ChIJQa01h189sRIRmD2ySNGMYrQ,"De nombreux refuses bornes de recharge rapide voire très rapide. 50kW et 350kW.
Place à côté du Macdonald et du hypermarché Super U. Vraiment agréable d’avoir des points de recharge rapide près de grand magasin.",Olumlu,1
301577,Ionity Agde,Ionity,Fransa,43.298570636111634,3.4768670018916623,ChIJQa01h189sRIRmD2ySNGMYrQ,"Je ne mets que 2 étoiles car j'ai dû changer 3 fois de borne; Les précédentes ne fonctionnaient pas ! et on le sais que lorsque l'on tente de se connecter en branchant la voiture.
Expliquez-moi pourquoi certaines bornes vous accueillent en Anglais ? alors que la dernière qui m'a permis de brancher est en Français ....Nous sommes en France , elles devraient toutes être en Français.
Je ne sais pas si toutes les stations Ionity ont des bornes différentes mais içi c'est le cas : elles ne fonctionnes pas de la même manière . En tout cas, moi j'ai passé un bon quart d'heure à pouvoir me connecter avec ma carte Mobilize plébiscité par Renault .",Olumsuz,-1
301577,Ionity Agde,Ionity,Fransa,43.298570636111634,3.4768670018916623,ChIJQa01h189sRIRmD2ySNGMYrQ,"Je pourrais mettre 5 étoiles mais je suis outré par le montant de 40€ de préautorisation alors que je suis abonné Power et que je fais des petites recharges.
Si cette préautorisation disparaissait rapidement cela irait mais cela peut rester jusque 28 jours ouvrés maximum et 5 jours ouvrés en moyenne.
Je suggère à minima de passer ce montant de 40 à 20€.",Nötr,0
464461,Allego - Cuisinella Cholet,Allego BV,Fransa,47.07603605694524,-0.8392091526898184,ChIJYRb1pV1GBkgRUuZx9DsFm8k,"Super borne de charge rapide 300 kw, très pratique je recommande fortement",Olumlu,1
464461,Allego - Cuisinella Cholet,Allego BV,Fransa,47.07603605694524,-0.8392091526898184,ChIJYRb1pV1GBkgRUuZx9DsFm8k,Pratique mais deux bornes 22 kilowattheure sont en panne depuis des semaines !,Olumsuz,-1
464461,Allego - Cuisinella Cholet,Allego BV,Fransa,47.07603605694524,-0.8392091526898184,ChIJYRb1pV1GBkgRUuZx9DsFm8k,Station facile d'utilisation pour une charge ultra rapide.,Olumlu,1
464461,Allego - Cuisinella Cholet,Allego BV,Fransa,47.07603605694524,-0.8392091526898184,ChIJYRb1pV1GBkgRUuZx9DsFm8k,Bornes en panne une fois sur deux et le service allegro n’en n’a rien à foutre,Olumsuz,-1
464461,Allego - Cuisinella Cholet,Allego BV,Fransa,47.07603605694524,-0.8392091526898184,ChIJYRb1pV1GBkgRUuZx9DsFm8k,"Super facile à manipuler, borne propre et neuve ! Je recommande",Olumlu,1
471613,Mobilize - Renault Concarneau,Mobilize (FR),Fransa,47.90426174624062,-3.9158484463894174,ChIJ6XglVqXbEEgRREIEODQHg9c,"Station de recharge facile à trouver.

Très facile d'utilisation pour un prix correct (abonnement Mobilize)

Situé entre le parking Renault et un centre de contrôle technique a l'écart.

Une affiche signalant que le café est offert par la concession avec un essai véhicule. Pas testé nous avions un chien avec nous et la concession accessible en longeant une route fréquentée",Olumlu,1
471613,Mobilize - Renault Concarneau,Mobilize (FR),Fransa,47.90426174624062,-3.9158484463894174,ChIJ6XglVqXbEEgRREIEODQHg9c,Impossible de recharger ma voiture avec mon passé chargemap et ni avec ma carte bancaire,Olumsuz,-1
471613,Mobilize - Renault Concarneau,Mobilize (FR),Fransa,47.90426174624062,-3.9158484463894174,ChIJ6XglVqXbEEgRREIEODQHg9c,"Rien à dire, puissance au rendez-vous, en multi usage ! Les bornes font un peu cheap mais c’est comme ça.",Olumlu,1
471613,Mobilize - Renault Concarneau,Mobilize (FR),Fransa,47.90426174624062,-3.9158484463894174,ChIJ6XglVqXbEEgRREIEODQHg9c,La charge type 2 ne fonctionne pas ☹️,Olumsuz,-1
471613,Mobilize - Renault Concarneau,Mobilize (FR),Fransa,47.90426174624062,-3.9158484463894174,ChIJ6XglVqXbEEgRREIEODQHg9c,"Borne de recharge facile d'accès. Compatible avec les cartes de recharge, les cartes de paiement et les applications. J'ai utilisé l'application Polestar Charge pour démarrer une session en toute simplicité et obtenir la puissance maximale supportée par ma voiture. Le concessionnaire Renault situé derrière les bornes vous invite même à prendre un café pendant la recharge.",Olumlu,1
195976,HERSERANGE - Parking de la Mairie,VIRTA,Fransa,5.78494,49.518518,ChIJs70wO2YRyhQROgTxM5TqKu0,"Par une température de 7 à 8 degrés, j'ai démarré à 110 km/h pendant 2 minutes et j'ai ensuite pu obtenir une puissance moyenne de 75 à 80 kW. Mon véhicule est équipé d'une architecture 800 V ; normalement, je peux obtenir entre 150 et 180 kW de différentes sources. Malheureusement, l'infrastructure ou la section des câbles ne sont pas adaptées à une puissance de 360 ​​kW.",Nötr,0
195976,HERSERANGE - Parking de la Mairie,VIRTA,Fransa,5.78494,49.518518,ChIJs70wO2YRyhQROgTxM5TqKu0,"Il fait 10 degrés, ma voiture peut être rechargée à 185 kW, mais ici je ne peux obtenir qu'une charge de 70 kW. Alors on attend…",Nötr,0
166909,ARQUES - Avenue Newton,pass pass électrique,Fransa,50.729771,2.332233,ChIJu5z_uaj-3EcRUZ0Kx4UTEdg,"Borne de recharge qui sont 2 bornes de 22Kva avec donc au total 4 prises de recharge.
Ils sont fiable et délivre bien 22Kva, les places sont accessible facilement et facilement disponible.
Je recommande",Olumlu,1
166909,ARQUES - Avenue Newton,pass pass électrique,Fransa,50.729771,2.332233,ChIJu5z_uaj-3EcRUZ0Kx4UTEdg,Grande zone industrielle. Voici le parking où vous pouvez vous reposer avant de charger ou de décharger… ! Les toilettes sont immondes… !,Olumlu,1
469946,Engie-Vianeo - A6 - Aire des Chères Est,Engie,Fransa,45.90316355843362,4.72961327481994,ChIJXXWB2d2R9EcR17SstNJhzVo,"Pour une halte de nuit
Seule point positif, toilette propre !
Pour le reste, à ce moment-là, endroit pas propre !
Des distributeurs de café où les gens avaient du mal à comprendre le fonctionnement (dont je fais partie)
Je n'ai pas vue d'autres distributeurs de boissons chaudes, à par celles des cafés.
Heureusement qu'il y avait la possibilité de commander en boutique mais à un prix, pour certaines choses, pratiqué pour les touristes !
Mauvaise expérience pour ma part !",Olumsuz,-1
469946,Engie-Vianeo - A6 - Aire des Chères Est,Engie,Fransa,45.90316355843362,4.72961327481994,ChIJXXWB2d2R9EcR17SstNJhzVo,Après on est tous d'accord que la charge commence à être chez juste essayer peut-être que la nuit soit un chouïa moins cher que la journé,Nötr,0
469946,Engie-Vianeo - A6 - Aire des Chères Est,Engie,Fransa,45.90316355843362,4.72961327481994,ChIJXXWB2d2R9EcR17SstNJhzVo,"Ca marche, charge sans soucis, mais 69 cts, quelle dinguerie dans un pays où l'énergie coute si peu avec le nucléaire, c'est de l'abus, même sur une voie rapide.
Imaginez seulement de baisser à 40 cts et là vous aurez du monde partout, tout le temps... imaginez seulement

Màj : merci pour la réponse langue de bois, mon mécontentement porte sur LE PRIX, pas les app et autres pseudo réductions. Chez Tesla, 30 ou 34 cts, point, simple, rapide, efficace.
Chez vous, 69 ou plus, donc non, hors marché, bon courage pour faire le plein d'utilisateurs.",Nötr,0
469946,Engie-Vianeo - A6 - Aire des Chères Est,Engie,Fransa,45.90316355843362,4.72961327481994,ChIJXXWB2d2R9EcR17SstNJhzVo,"Recharge à 59kw sur superchargeur  une honte au tarif de 0.690
Passez votre chemin vous gagnerez du temps et de l'argent.....",Olumsuz,-1
469946,Engie-Vianeo - A6 - Aire des Chères Est,Engie,Fransa,45.90316355843362,4.72961327481994,ChIJXXWB2d2R9EcR17SstNJhzVo,Comme d'habitude les bornes chademo ne marche pas c'est insupportable. On attends des plombes au téléphone avec l'assistance qui visiblement ne connais pas son boulot il m'a raccrocher au nez..,Olumsuz,-1
166763,SAULTAIN - Place Vaillant Couturier,pass pass électrique,Fransa,50.336136,3.578243,ChIJrYlyNF_ywkcR10zBIu8MwzE,"2 Type 2 18kw.
9kw maximum si 2 véhicules.",Nötr,0
279450,Tesla Supercharger Roissy-en-France,Tesla (including non-tesla),Fransa,48.9859844693346,2.511407340290276,ChIJ5Sb7TQgV5kcRXxQ9i-pDiJ4,"C’est tout simplement le pire Supercharger de l’Île-de-France pour les avoir tous essayé

Toujours saturé, surtout à cause des voitures non Tesla, qui se gare en travers et qui occupe deux places chacune

Prix très élevé en journée, par rapport aux autres, super chargeur

À éviter si on peut",Olumsuz,-1
279450,Tesla Supercharger Roissy-en-France,Tesla (including non-tesla),Fransa,48.9859844693346,2.511407340290276,ChIJ5Sb7TQgV5kcRXxQ9i-pDiJ4,"Effectivement, ce superchargeur Tesla de Roissy est clairement l’un des pires d’Île-de-France, avec celui de Val d’Europe.
Il n’y a pas assez de bornes : le nombre de chargeurs est tout simplement honteux au vu de l’emplacement et de la fréquentation. On est dans l’une des zones les plus fréquentées, et l’infrastructure ne suit absolument pas.
De plus, l’ouverture des bornes aux véhicules non Tesla (type BYD) pose un vrai problème. Ces véhicules occupent souvent deux places lorsqu’ils rechargent, ce qui réduit encore davantage la disponibilité : aux heures de pointe, c’est tout le temps invivable.
Sur ce superchargeur de Roissy, il n’est pas rare d’attendre entre 25 et 45 minutes pour obtenir une borne. Ce matin encore, après avoir attendu, j’ai finalement dû repartir sans pouvoir recharger.",Olumsuz,-1
279450,Tesla Supercharger Roissy-en-France,Tesla (including non-tesla),Fransa,48.9859844693346,2.511407340290276,ChIJ5Sb7TQgV5kcRXxQ9i-pDiJ4,"Pire supercharger d'IDF. Déjà qu'il y a peu de places, et en plus c'est occupé par des voitures non tesla qui occupent deux places ou se mettent en travers.
Qu'ils rebloquent les superchargers avec les bornes à gauche qu'aux véhicules Tesla.",Olumsuz,-1
279450,Tesla Supercharger Roissy-en-France,Tesla (including non-tesla),Fransa,48.9859844693346,2.511407340290276,ChIJ5Sb7TQgV5kcRXxQ9i-pDiJ4,"SuperChargers saturés ce samedi vers 17H00: 25 minutes d'attente pour avoir une borne de dispo... 🙄
Et tout cela pour avoir une puissance maximum de 68 kilowatts malgré un préconditionnement de la batterie ! 😐

Le problème n'est pas ce soir de superchargers mais il serait temps que Tesla en déploie un peu plus dans le Val-d'Oise et environs ! 🙄
Celui-ci blindé de VTC et taxis quelle que soit l'heure, lorsque l'on voit les avis... 😬",Olumsuz,-1
279450,Tesla Supercharger Roissy-en-France,Tesla (including non-tesla),Fransa,48.9859844693346,2.511407340290276,ChIJ5Sb7TQgV5kcRXxQ9i-pDiJ4,"Chargeur dans un parking d'hôtel, plus à destination de la clientèle qui abandonne leur voiture et donc impossibilité de se recharger sans attendre des heures !!!",Olumsuz,-1
475256,PowerDot - Super U - Frignicourt,Power Dot,Fransa,48.71395691468683,4.587485747935716,ChIJ4ayxSI_z60cRJktYEwVFNe4,"Borne utilisée avec un badge Chargemap.
Pas de problème pour trouver le borne.
Lancement immédiat, et puissance admissible par le véhicule atteinte de suite.
Suivi de la charge aisé sur l'écran de contrôle.
Toilettes accessibles au Super U à côté et possibilité de manger un morceau.

Bornes pas abritées, la zone au pied de la borne pour accéder au connecteur est rapidement boueuse.",Olumlu,1
475256,PowerDot - Super U - Frignicourt,Power Dot,Fransa,48.71395691468683,4.587485747935716,ChIJ4ayxSI_z60cRJktYEwVFNe4,Parfait !,Olumlu,1
475256,PowerDot - Super U - Frignicourt,Power Dot,Fransa,48.71395691468683,4.587485747935716,ChIJ4ayxSI_z60cRJktYEwVFNe4,Ça fonctionne,Olumlu,1
474875,PowerDot - Hôtel F1 - Limoges,Power Dot,Fransa,45.88816438595677,1.2909606508109164,ChIJwdgevYI1-UcRCHtbO61PLRY,"4 bornes ""rapides"", j'étais la seule voiture au début : charge rapide en effet. Quelques minutes plus tard, 3 autres voitures se connectent et les 4 bornes sont donc occupées : la charge tombe à 24kW... Conclusion, l'alimentation électrique de l'ensemble est totalement sous dimensionnée pour 4 bornes censées délivrer jusqu'à 110kW chacune. Du foutage de g... Merci PowerDot !",Olumsuz,-1
474875,PowerDot - Hôtel F1 - Limoges,Power Dot,Fransa,45.88816438595677,1.2909606508109164,ChIJwdgevYI1-UcRCHtbO61PLRY,Bon courage pour l’identification entre À et B alors que les bornes sont numérotés 1 et 2. Quand cela marche enfin après 3 tentatives ne délivre que 12 kw au lieu de 120 ! A fuir perte de temps!!,Olumsuz,-1
474875,PowerDot - Hôtel F1 - Limoges,Power Dot,Fransa,45.88816438595677,1.2909606508109164,ChIJwdgevYI1-UcRCHtbO61PLRY,"Marche très bien, prix raisonnable 0,35€kwh code QR marche très bien, Apple Pay accepté pas besoin d’insérer les donnes de ta carte. Super",Olumlu,1
474875,PowerDot - Hôtel F1 - Limoges,Power Dot,Fransa,45.88816438595677,1.2909606508109164,ChIJwdgevYI1-UcRCHtbO61PLRY,Bornes bientôt disponibles... aucun intérêt de les signaler,Olumsuz,-1
474875,PowerDot - Hôtel F1 - Limoges,Power Dot,Fransa,45.88816438595677,1.2909606508109164,ChIJwdgevYI1-UcRCHtbO61PLRY,Ça fonctionne,Olumlu,1
202056,PowerDot - Super U - Le Faou,Power Dot,Fransa,48.2984795516384,-4.169153269730828,ChIJHaDPYQk1EUgRaSbNXLgy8aU,Parfait les courses faites et la voiture rechargée,Olumlu,1
478984,PowerDot - Briconautes - Saint-Cyprien,Power Dot,Fransa,44.864081054598216,1.0418946330509016,ChIJGXl-h-pPqxIRH9Qm6aLgXjE,"Il promet 200, mais s'arrête à 50.",Olumsuz,-1
209772,Tesla Supercharger Aire du Bourbonnais,Tesla (Tesla-only charging),Fransa,46.4976700681174,3.362242380625844,ChIJ7wru-9AY8UcRLJ3ie52qaTs,"⭐⭐⭐⭐⭐
Tesla SuperCharger – Aire du Bourbonnais (Domaine de Sannes) – Efficace et bien pensé, malgré un point noir ⚡🚗🛣️

Une étape idéale pour les conducteurs Tesla en transit dans l’Allier ! Ce SuperCharger V3, situé directement à la sortie de l’autoroute 🛣️, offre une recharge ultra rapide, fiable et fluide 🔌⚡. L’accès est simple et immédiat, parfait pour une pause bien optimisée.

Très bon point : une place spécialement dédiée aux Tesla avec remorque 🚙🛻, une rareté bienvenue pour les voyageurs tractant une caravane, une remorque ou une remorque bateau !

La station est bien entretenue, facile à manœuvrer et suffisamment spacieuse pour tous types de véhicules. 👍

👉 Seul bémol : le restaurant/shop sur place pratique des prix clairement excessifs 💸🥤. Une simple collation ou boisson revient bien trop cher, ce qui gâche un peu l’expérience si on souhaite s’y restaurer.

En résumé, une station de recharge performante, accessible et bien pensée, mais à éviter si vous comptez faire une pause gourmande… sauf si vous avez un gros budget !

Parfait pour recharger, moins pour grignoter. 👌🔋",Olumlu,1
209772,Tesla Supercharger Aire du Bourbonnais,Tesla (Tesla-only charging),Fransa,46.4976700681174,3.362242380625844,ChIJ7wru-9AY8UcRLJ3ie52qaTs,Station située dans une aire de forte affluence. Seulement 12 bornes ce qui fait qu'elle est très souvent remplie et obligé des temps d'attente. Ce temps d'attente est de même pour les WC. La cafétéria et les boutiques sont agréables. Station avec 1 place spéciale remorque.,Nötr,0
209772,Tesla Supercharger Aire du Bourbonnais,Tesla (Tesla-only charging),Fransa,46.4976700681174,3.362242380625844,ChIJ7wru-9AY8UcRLJ3ie52qaTs,"La seule aire importante de repos sur l’A79, peu de bornes Ionity en forte affluence, nombre plus important de Tesla, mais impossible de se charger si votre véhicule n'est pas Tesla !!!! Donc les emplacements Tesla restent vides lorsque la file s'allonge côté Ionity .... Belle organisation pour encourager le passage à l'électrique...",Olumsuz,-1
209772,Tesla Supercharger Aire du Bourbonnais,Tesla (Tesla-only charging),Fransa,46.4976700681174,3.362242380625844,ChIJ7wru-9AY8UcRLJ3ie52qaTs,"Les superchargeurs Tesla, c’est clairement ce qui rend les longs trajets électriques possibles sans stress ! 🔋 Grâce à ce réseau, on peut traverser la France (et même l’Europe) en toute tranquillité. Les bornes sont rapides, fiables et bien placées — souvent près de cafés, restaurants ou commerces, parfait pour faire une petite pause pendant la charge.

Et surtout… heureusement que ces bornes existent ! Elles permettent de réduire le coût des recharges par rapport à d’autres réseaux, ce qui fait une vraie différence sur les longs trajets. En plus, la simplicité du système Tesla (on branche, ça charge, point) est un vrai bonheur comparé à certaines applis compliquées d’autres bornes.

Bref, un service efficace, pratique et indispensable pour les conducteurs de Tesla. On se demande comment on faisait avant !",Olumlu,1
209772,Tesla Supercharger Aire du Bourbonnais,Tesla (Tesla-only charging),Fransa,46.4976700681174,3.362242380625844,ChIJ7wru-9AY8UcRLJ3ie52qaTs,"12 chargeurs dont un emplacement avec attelage caravane/remorque.
Pratique d'accès, sur aire d'autoroute. WC, boutique, et cafétéria disponibles. Arrêt agréable.
Charge rapide dans notre cas alors que tous les spots étaient pris ou presque.",Olumlu,1
198232,FLEURY-MEROGIS-PARKING GARDERIE,Izivia (Sodetrel),Fransa,48.63707,2.364956,ChIJc5jJLArf5UcRdCufOKtP3b8,"Fiable, efficace, rapide, mais toujours ce souci potentiel d'accès au parking selon l'heure.",Olumlu,1
197192,FOS02 - MARRONNIERS,Izivia (Sodetrel),Fransa,45.82162,4.863155,ChIJOycmD1XA9EcRj8f6BqHXDi4,Information importante: La borne n'est pas disponible à toutes heures. Vous ne pouvez recharger votre véhicule que pendant les horaires d'ouverture du Mac Donald's. Oubliez la recharge entre 4h et 10h00 du matin l'accès au parking de la borne n'est pas disponible. Dommage car pas indiqué 😡,Olumsuz,-1
197192,FOS02 - MARRONNIERS,Izivia (Sodetrel),Fransa,45.82162,4.863155,ChIJOycmD1XA9EcRj8f6BqHXDi4,Prix ​​raisonnable. Situé sur le parking du McDonald's. Il est nécessaire de faire ses courses et d'obtenir le code d'accès. Soyez prudent.,Olumlu,1
470489,TotalEnergies - Relais les Cantarelles,TotalEnergies (FR),Fransa,43.65097257974952,4.669986145964685,ChIJh1-xO0l0thIRdTWru3stAuc,Prix intéressant pour recharger les VE. Je n’ai pas été dans la station. Je ne juge que la borne de recharge.,Nötr,0
470489,TotalEnergies - Relais les Cantarelles,TotalEnergies (FR),Fransa,43.65097257974952,4.669986145964685,ChIJh1-xO0l0thIRdTWru3stAuc,Recharge qui a fonctionné avec la carte total énergie.,Olumlu,1
470489,TotalEnergies - Relais les Cantarelles,TotalEnergies (FR),Fransa,43.65097257974952,4.669986145964685,ChIJh1-xO0l0thIRdTWru3stAuc,"Facile d'accès, commerces et restaurants sur place.",Olumlu,1
166327,Le Landreau | Rue des Moulins 13,Sydego,Fransa,47.205485,-1.307135,ChIJabcF0_0KBkgRn-LaNLa_sec,"Pas facile d'utilisation et le QR code ne fonctionne pas
Charge lente mais ça fonctionne (type 2)",Olumsuz,-1
166327,Le Landreau | Rue des Moulins 13,Sydego,Fransa,47.205485,-1.307135,ChIJabcF0_0KBkgRn-LaNLa_sec,Impossible de charger meme avec un compte Ouest Charge.  J'ai perdu mon temps pour une des seules bornes de la ville,Olumsuz,-1
166327,Le Landreau | Rue des Moulins 13,Sydego,Fransa,47.205485,-1.307135,ChIJabcF0_0KBkgRn-LaNLa_sec,Borne de charge rapide à seulement 200m du centre ville et de ses commerces. Fonctionne bien malgré qu'elle ne soit pas très intuitif. Je recommande.,Olumlu,1
166327,Le Landreau | Rue des Moulins 13,Sydego,Fransa,47.205485,-1.307135,ChIJabcF0_0KBkgRn-LaNLa_sec,"Impossible de charger le véhicule, malgré l'utilisation de plusieurs cartes / abonnements.  Par ailleurs il y avait des travaux sur le parking, ce qui rendait les manœuvres compliquées (3 places). Ce qui n'a pas empêché un habitant de venir se plaindre. Bref très mauvaise expérience. Nous voulions profité de la re charge pour visiter les commerces. C'est raté. Autant aller un peu plus loin sur la zone de Pont d'Ouit à Bressuire.",Olumsuz,-1
166327,Le Landreau | Rue des Moulins 13,Sydego,Fransa,47.205485,-1.307135,ChIJabcF0_0KBkgRn-LaNLa_sec,Impossible de se connecter à l'application par le QR Code de la birne,Olumsuz,-1
166710,HAUTMONT - Rue du Cimetière,pass pass électrique,Fransa,50.252746,3.927248,ChIJ9RvFjnFowkcRTj_x4ZtTxf0,"Nous y avons raccordé notre DS7 hybride durant nos courses. Après 54 min, le véhicule avait chargé 6 kwh. Facturation de 19,53 euros ! Une vraie arnaque. J'attends la réaction de mon mail de justification ....",Olumsuz,-1
166710,HAUTMONT - Rue du Cimetière,pass pass électrique,Fransa,50.252746,3.927248,ChIJ9RvFjnFowkcRTj_x4ZtTxf0,"Regargé 20KW il y a quelques temps ... facturé plus de 100 € ..
Contact Chargemap qui me dit ne rien faire pour moi car il n'est qu'exploitant !
une vraie arnarque cette borne.
Inadmissible",Olumsuz,-1
166710,HAUTMONT - Rue du Cimetière,pass pass électrique,Fransa,50.252746,3.927248,ChIJ9RvFjnFowkcRTj_x4ZtTxf0,"honteux toute les bornes sur maubeuge en panne le 12 août 2022 nous n avions pas le choix que de se recharger à cette borne et n étant pas de la region nous avions laissé le vehicule la nuit booom vive la facture 167 euros grave bande de profiteur voleur
n allez surtout pas à  cette borne",Olumsuz,-1
166710,HAUTMONT - Rue du Cimetière,pass pass électrique,Fransa,50.252746,3.927248,ChIJ9RvFjnFowkcRTj_x4ZtTxf0,"Borne lente et tarif à la durée. Recharge très chère….. Honteux !
Prise rapide désactivée donc uniquement du type 2",Olumsuz,-1
166710,HAUTMONT - Rue du Cimetière,pass pass électrique,Fransa,50.252746,3.927248,ChIJ9RvFjnFowkcRTj_x4ZtTxf0,"Trop cher!!
13,60kwh pour 14,60€ ! Arnaque",Olumsuz,-1
470166,Bump - Super U - Saint-Langis-lès-Mortagne,Bump (FR),Fransa,48.52659139515393,0.533073520351536,ChIJ4boCtUIw4kcRkxSjirpSuJQ,La station annonce des bornes à 150kw mais la puissance est en fait limitée (150/2 ?) donc 65kw max pour moi alors que la voiture peut accepter bien plus,Nötr,0
470166,Bump - Super U - Saint-Langis-lès-Mortagne,Bump (FR),Fransa,48.52659139515393,0.533073520351536,ChIJ4boCtUIw4kcRkxSjirpSuJQ,"La première borne ne fonctionne pas.
La seconde non plus.
La personne de l assistance téléphonique ne comprend pas les chiffres de l identifiant de la borne, me dit qu elle n existe pas et me laisse sans solution. Incroyable. A fuir",Olumsuz,-1
470166,Bump - Super U - Saint-Langis-lès-Mortagne,Bump (FR),Fransa,48.52659139515393,0.533073520351536,ChIJ4boCtUIw4kcRkxSjirpSuJQ,Service très cher et pas de 150 kWh avec préchauffage actif. Lidl fait le même service à 0.39€,Olumsuz,-1
470166,Bump - Super U - Saint-Langis-lès-Mortagne,Bump (FR),Fransa,48.52659139515393,0.533073520351536,ChIJ4boCtUIw4kcRkxSjirpSuJQ,Chargement à 26kwh un dimanche pour un super chargeur affiché à 150kwh malgré le préchauffage… chargement beaucoup trop lent !,Olumsuz,-1
470166,Bump - Super U - Saint-Langis-lès-Mortagne,Bump (FR),Fransa,48.52659139515393,0.533073520351536,ChIJ4boCtUIw4kcRkxSjirpSuJQ,Parfait ! Charge rapide qui fonctionne sans problème avec l'applicaton.,Olumlu,1
194481,Carrefour Energies - Venette,Allego BV,Fransa,49.40806831161646,2.7809380575999967,ChIJuVqsTP_T50cRC_pTHRC6elU,"Les bornes ne fonctionnent pas tout le temps Et pour un si grand magasin commercial, il n’y a vraiment pas assez de bornes que 4 en type 2 c’est vraiment pas beaucoup il n’en faudrait au moins 8",Olumsuz,-1
194481,Carrefour Energies - Venette,Allego BV,Fransa,49.40806831161646,2.7809380575999967,ChIJuVqsTP_T50cRC_pTHRC6elU,"Il n'y a vraiment pas assez de bornes, même aux heures creuses y a rarement de la place sur les bornes CC, il en faudrait au moins le double voir le triple.

Edit : je modifie ma note suite à une recharge aujourd'hui qui m'a coûté 0.68 le kWh ce qui est BEAUCOUP trop cher, surtout pour une borne de 150kWh max.

Dorénavant j'irais me charger ailleurs.",Olumsuz,-1
194481,Carrefour Energies - Venette,Allego BV,Fransa,49.40806831161646,2.7809380575999967,ChIJuVqsTP_T50cRC_pTHRC6elU,"Borne 150kw maxi pour 42€ les 39kw(soit 260km). C'est 4x le prix de Ionity.
Ont est pas loin de l'escroquerie.
Et service relations clients n'est que par mail et ne répond pas.
Allego 1 fois JAMAIS 2.",Olumsuz,-1
194481,Carrefour Energies - Venette,Allego BV,Fransa,49.40806831161646,2.7809380575999967,ChIJuVqsTP_T50cRC_pTHRC6elU,Belle arnaque. 13kw en 35 min pour ... 18 euros . Alors qu'il était précisé 0.60 euros du kw soit environ 9 euros . Pourquoi le double. Réfléchissez avant de vous brancher.,Olumsuz,-1
194481,Carrefour Energies - Venette,Allego BV,Fransa,49.40806831161646,2.7809380575999967,ChIJuVqsTP_T50cRC_pTHRC6elU,Il y a qu une charge sur les 4 qui fonctionne au niveau des 22! C est tout neuf et ca ne fonctionne pas...  dommage.,Olumsuz,-1
260244,Carrefour Energies - Chartres,Allego BV,Fransa,48.45022857727977,1.5184282369632456,ChIJd9QxuMAN5EcRaW5CxkWy2k0,"Utilisation d'une prise T2 22kW
La borne fonctionne bien, mais le parcours utilisateur est pénible si l'on n'est pas client carrefour (créer un compte, entrer manuellement sa CB, ...). Il serait souhaitable d'avoir accès directement au paiement sans avoir à créer de compte, et idéalement de pouvoir utiliser Apple Pay/Google Pay/Alipay. De plus, l'app bugue, en indiquant une charge de 0 kWh alors que la voiture indique être bel et bien en charge.",Olumsuz,-1
260244,Carrefour Energies - Chartres,Allego BV,Fransa,48.45022857727977,1.5184282369632456,ChIJd9QxuMAN5EcRaW5CxkWy2k0,Les bornes 22kw qui font l'objet d'une heure gratuite avec la carte carrefour buggent. Et dans ce cas les 50 € de caution sont débités et ont me dit que ce sera rendu...ou pas. Malhonnêteté d'après vous? A éviter donc. J'ai payé l'heure gratuite je suis donc un pigeon. La charge gratuite avec la carte carrefour vient de me coûter 50 € pour une charge de 100 km. Vive l'essence!,Olumsuz,-1
260244,Carrefour Energies - Chartres,Allego BV,Fransa,48.45022857727977,1.5184282369632456,ChIJd9QxuMAN5EcRaW5CxkWy2k0,"Plusieurs fois j'ai voulu utiliser les fameuses bornes 22kw bénéficiant d'une heure gratuite, très peu de fois ça a marché, déjà 4 bornes c'est vite pris, et bien souvent elles sont tout simplement en panne. Le plus énervant, c'est qu'il faut essayer pour au final se rendre compte que c'est en panne, car ni l'opérateur, ni carrefour n'a l'intelligence de venir mettre un papier ""HS"" sur les bornes. On paie donc des pré paiement, et on branche et débranche nos câbles pour rien... Aujourd'hui je n'essaie même plus de m'y connecter lorsque je vais à Carrefour.",Olumsuz,-1
260244,Carrefour Energies - Chartres,Allego BV,Fransa,48.45022857727977,1.5184282369632456,ChIJd9QxuMAN5EcRaW5CxkWy2k0,"Je veux me connecter pour la 1ère fois sur la borne 22kW qui bénéficie d'1 heure gratuite avec la carte pass....j'arrive et....déception la borne clignote en rouge.
J'appelle au numéro, je signale le problème la personne me dit que la panne a déjà été remonté et je demande quand ce sera réparé. On me répond on ne sais pas quand!!!! A quoi ça sert d'appeler alors si le gars ne peut pas te dépanner ou s'occuper du problème?
...l'heure gratuite c'est du pur marketing pour te faire venir et si tu as ta batterie à plat tu dois te brancher sur les bornes payantes qui elles fonctionnent très bien et racker un max",Olumsuz,-1
260244,Carrefour Energies - Chartres,Allego BV,Fransa,48.45022857727977,1.5184282369632456,ChIJd9QxuMAN5EcRaW5CxkWy2k0,Charge qui ne commence pas pré paiement de 50€ dans le fion et aucune aide ils ne peuvent pas lancer la charge à distance breff de la daube rendez mon argent et vite,Olumsuz,-1
209391,Carrefour Energies - Lorient,Allego BV,Fransa,47.765624424242816,-3.3953370116103088,ChIJl-5cSc1fEEgR3DCE0zbGK7E,Rien à redire,Olumlu,1
209391,Carrefour Energies - Lorient,Allego BV,Fransa,47.765624424242816,-3.3953370116103088,ChIJl-5cSc1fEEgR3DCE0zbGK7E,"Le chargeur fonctionnait bien tant qu'il n'y avait personne d'autre.

La puissance a chuté brutalement dès qu'une deuxième voiture nous a rejoints.",Olumsuz,-1
469942,Engie-Vianeo - B&B Hôtel Lyon Eurexpo Bron,Engie,Fransa,45.72659377897517,4.925552548887936,ChIJK3RrU2HB9EcRFSTjpSEJfNk,"Impeccable, il y a huit chargeurs 300 kW et six chargeurs 22 kW. Les tarifs sont affichés sur un totem tarif plus que correct
Attention il n’est pas sur la route, il est dans le B&B hôtel",Olumlu,1
469942,Engie-Vianeo - B&B Hôtel Lyon Eurexpo Bron,Engie,Fransa,45.72659377897517,4.925552548887936,ChIJK3RrU2HB9EcRFSTjpSEJfNk,GPS,Olumlu,1
199096,Metropolis - Saint-Denis - George Sand,Métropolis,Fransa,48.907334,2.364625,ChIJmfhGQptu5kcRFJo-KXA9Kmc,La charge de 22 kW de cette borne de recharge est défectueuse. Il n'a pas été réparé depuis longtemps et à quoi sert de l'installer ?,Olumsuz,-1
210600,Carrefour Energies - Châlons-en-Champagne,Allego BV,Fransa,48.94283529616658,4.386284819383718,ChIJ8TsKQbng60cRCjuAoEw5Isg,Fidélité Carrefour Allego,Olumlu,1
210600,Carrefour Energies - Châlons-en-Champagne,Allego BV,Fransa,48.94283529616658,4.386284819383718,ChIJ8TsKQbng60cRCjuAoEw5Isg,Charge trop longue,Olumsuz,-1
210600,Carrefour Energies - Châlons-en-Champagne,Allego BV,Fransa,48.94283529616658,4.386284819383718,ChIJ8TsKQbng60cRCjuAoEw5Isg,Station de charge rapide efficace et intuitive.. je recommande,Olumlu,1
210600,Carrefour Energies - Châlons-en-Champagne,Allego BV,Fransa,48.94283529616658,4.386284819383718,ChIJ8TsKQbng60cRCjuAoEw5Isg,"À notre arrivée, aucune borne de recharge ne fonctionnait. Nous avons donc continué notre route jusqu'aux bornes Electra, quelques kilomètres plus loin.",Olumsuz,-1
302119,Lidl Denain,Lidl,Fransa,50.318002676597445,3.408651635598176,ChIJz5koaCLrwkcRqGzTv0xa7wk,"Elle a fonctionné correctement mais comme les bornes à ""150 kW"" la charge plafonne à 60 kW (59 kW pour être précis selon le retour de différents utilisateurs rencontrés). Le fonctionnement avec QR code ne fonctionne pas de mon côté en plus d'être difficile à utiliser. La charge à 0,25 €/kW est possible avec quelques services de mobilité (cartes RFID+applications mobiles) seulement, dont ChargePoint. Mais pas avec cartes de crédit !!! D'autre part les étiquettes de bornes sont souvent inversées ce qui complique la tâche lorsqu'on utilise la borne avec une application, on ne sait jamais lequel des 2 connecteurs utiliser. Ma carte ChargePoint ne fonctionnant pas actuellement sur les bornes Lidl.",Nötr,0
302119,Lidl Denain,Lidl,Fransa,50.318002676597445,3.408651635598176,ChIJz5koaCLrwkcRqGzTv0xa7wk,"Manque les étiquettes prix, il faut chercher quelqu'un du personnel et ce n'est pas évident,car souvent ce n'est pas leur rayon, aujourd'hui sur les produits solaires(entre autres) aucun prix ,donc je n'ai pas acheté",Olumsuz,-1
302119,Lidl Denain,Lidl,Fransa,50.318002676597445,3.408651635598176,ChIJz5koaCLrwkcRqGzTv0xa7wk,Super rapide,Olumlu,1
302119,Lidl Denain,Lidl,Fransa,50.318002676597445,3.408651635598176,ChIJz5koaCLrwkcRqGzTv0xa7wk,Les bornes ne fonctionnent pas,Olumsuz,-1
475197,PowerDot - Carrefour - Reims Neuvillette,Power Dot,Fransa,49.28655139335481,4.024383354080101,ChIJBZjFv3l16UcRj7xxAoIMz2k,"J’ai une voiture qui recharge avec une ( ac type 2 ) Malheureusement, il y a que une bande pour cette recharge il y a beaucoup de SuperChargers",Olumsuz,-1
475197,PowerDot - Carrefour - Reims Neuvillette,Power Dot,Fransa,49.28655139335481,4.024383354080101,ChIJBZjFv3l16UcRj7xxAoIMz2k,"Borne qui interrompt la charge parce qu’un véhicule s’est branché juste à côté, impossible à redémarrer après 👎",Olumsuz,-1
475197,PowerDot - Carrefour - Reims Neuvillette,Power Dot,Fransa,49.28655139335481,4.024383354080101,ChIJBZjFv3l16UcRj7xxAoIMz2k,Aucun ne fonctionne,Olumsuz,-1
470450,TotalEnergies - Relais de la Croix Blanche,TotalEnergies (FR),Fransa,45.05219355606934,1.4961651654732575,ChIJ4yxTlZCh-EcRfNuhsu8Ea3k,"Photos pas à jour. Il n'y a en réalité que 2 bornes électriques.
Pour l'utilisation des embouts de type 2 il n'y avait que la prise femelle et donc impossible de s'y brancher...",Olumsuz,-1
470450,TotalEnergies - Relais de la Croix Blanche,TotalEnergies (FR),Fransa,45.05219355606934,1.4961651654732575,ChIJ4yxTlZCh-EcRfNuhsu8Ea3k,Les photos publiée ne correspondent pas a la station,Olumsuz,-1
470450,TotalEnergies - Relais de la Croix Blanche,TotalEnergies (FR),Fransa,45.05219355606934,1.4961651654732575,ChIJ4yxTlZCh-EcRfNuhsu8Ea3k,Bornes de charge HS,Olumlu,1
470450,TotalEnergies - Relais de la Croix Blanche,TotalEnergies (FR),Fransa,45.05219355606934,1.4961651654732575,ChIJ4yxTlZCh-EcRfNuhsu8Ea3k,Station en très bon état très facile d'accès et fonctionnant du premier coup . Je vous la conseille en sortie d'autoroute,Olumlu,1
478312,PowerDot - Ma Jardinerie - Wittenheim,Power Dot,Fransa,47.79827053479491,7.3093475486990656,ChIJEzTdf9KckUcRVbEDoaoexQc,Aucune borne de recharge disponible. Tous les câbles étaient coupés.,Olumsuz,-1
259716,Bump - Campanile Lyon Part Dieu,Bump (FR),Fransa,45.76043710396036,4.863414654802455,ChIJBf9vAX3q9EcRC48twv0JSB0,Il faut utiliser l appli Bump pr rentrer sur le site mais c est une des rares bornes 150kW en plein centre ville !,Nötr,0
259716,Bump - Campanile Lyon Part Dieu,Bump (FR),Fransa,45.76043710396036,4.863414654802455,ChIJBf9vAX3q9EcRC48twv0JSB0,"C'est de la pure arnaque. Impossible à trouver sans l'appli Bump. Et même avec, ils vous préviennent que vous pourriez avoir des problèmes de charge ET ils ont le culot de vous infliger une amende de 150 euros si vous ne chargez pas dans les 15 minutes ! Sérieusement ? C'est de l'arnaque pure et simple !",Olumsuz,-1
470535,TotalEnergies - Relais Lyon-Saint-Exupéry,TotalEnergies (FR),Fransa,45.72335478335975,5.070706618585291,ChIJI4oxMdDI9EcRfAhtJ9gzPIE,J'ai rechargé à TotalEnergies Aéroports de Lyon Il montre prélevé trois fois pour une Sel charge,Olumsuz,-1
470535,TotalEnergies - Relais Lyon-Saint-Exupéry,TotalEnergies (FR),Fransa,45.72335478335975,5.070706618585291,ChIJI4oxMdDI9EcRfAhtJ9gzPIE,"Expérience absolument catastrophique. La station facture 79 € pour une seule session, puis s'arrête de charger toute seule après seulement 5 à 10 minutes, alors que ma batterie n'était qu'à 33 %. J'ai essayé deux fois, même problème. Le terminal de paiement par carte ne fonctionnait pas, j'ai donc été obligé de payer avec un QR code, qui n'est même pas disponible dans toutes les stations. C'est totalement inacceptable et frustrant.",Olumsuz,-1
199211,FR*QOV*78-00003,Qovoltis,Fransa,48.9671215,1.8478441,ChIJt43WQo2T5kcRN4jd9hRHRTI,Ce lieu n’est pas public mais privé. Charge impossible,Olumsuz,-1
208291,Lidl - 19 Route d'Orléans - Mer,Freshmile,Fransa,47.70395812158844,1.5146857142747194,ChIJq6paOcW85EcRAmEEnLjf2P8,La borne CCS se trouve à part des bornes classiques. (Faire le tour du parking pour la trouver n'est pas une bonne idée). Fonctionne correctement.,Olumlu,1
208291,Lidl - 19 Route d'Orléans - Mer,Freshmile,Fransa,47.70395812158844,1.5146857142747194,ChIJq6paOcW85EcRAmEEnLjf2P8,Nous rechargeons régulièrement ici car nous sommes dans un camping à proximité. Nous utilisons alors les 150 kWh.,Olumlu,1
208291,Lidl - 19 Route d'Orléans - Mer,Freshmile,Fransa,47.70395812158844,1.5146857142747194,ChIJq6paOcW85EcRAmEEnLjf2P8,6 connexions de type 2. aucune d'entre elles n'est opérationnelle.,Olumsuz,-1
197920,SAINT GILLES PLIGEAUX-PARKING RUE DES BRUYERES,Izivia (Sodetrel),Fransa,48.381386,-3.0,ChIJu3sWTfAcDkgRv1o4fZ_yFtc,Charge impossible ce jour. Indique un problème de charge côté véhicule.,Olumsuz,-1
197920,SAINT GILLES PLIGEAUX-PARKING RUE DES BRUYERES,Izivia (Sodetrel),Fransa,48.381386,-3.0,ChIJu3sWTfAcDkgRv1o4fZ_yFtc,"Enfin un chargeur qui permet le paiement sans contact en quelques secondes : il suffit de le brancher et ça marche.

Je venais de donner 5 étoiles à l'utilisateur, mais le chargeur refusait de reconnaître ma carte bancaire pour arrêter la charge et débrancher le câble. J'ai vérifié avec une autre carte (au cas où l'erreur viendrait de moi), sans succès. J'ai dû appeler le service client trois fois pour débrancher le chargeur, mais j'ai finalement pu payer le dépassement de temps sans problème.

Je suppose que le paiement sans contact nécessitait mon code PIN pour valider la transaction, mais il n'y a aucun moyen de le saisir.",Olumlu,1
203152,Electra - Coquelles - Channel Outlet,Electra,Fransa,50.92727713302796,1.8073830333487424,ChIJv_TAP2M_3EcRnVKB5toLNYw,Ne fonctionne plus avec la carte Totalenergies alors que cela fonctionnait il y a quelques mois et la borne n’est pas reprise dans l’app Mobility my card de total.,Olumsuz,-1
203152,Electra - Coquelles - Channel Outlet,Electra,Fransa,50.92727713302796,1.8073830333487424,ChIJv_TAP2M_3EcRnVKB5toLNYw,"Splendide !!
J'ai pu recharger mon sèche cheveux en moins de 10 minutes",Olumlu,1
203152,Electra - Coquelles - Channel Outlet,Electra,Fransa,50.92727713302796,1.8073830333487424,ChIJv_TAP2M_3EcRnVKB5toLNYw,Très sombre le soir mais facile d accès et bcp de bornes disponibles,Olumlu,1
203152,Electra - Coquelles - Channel Outlet,Electra,Fransa,50.92727713302796,1.8073830333487424,ChIJv_TAP2M_3EcRnVKB5toLNYw,"Emplacement large et bien entretenu.
Attention au sens de stationnement, les câbles sont un peu court.",Olumlu,1
203152,Electra - Coquelles - Channel Outlet,Electra,Fransa,50.92727713302796,1.8073830333487424,ChIJv_TAP2M_3EcRnVKB5toLNYw,Mille fois mieux que ionity ppoyr l interface de gestion. Réactivité de la borne top.,Olumlu,1
474864,PowerDot - Weldom - Saujon,Power Dot,Fransa,45.6798877135474,-0.9159245356079282,ChIJ2Y7erKUMAUgReXBsC01ZvcY,"Charge rapide, fonctionne très bien.",Olumlu,1
474864,PowerDot - Weldom - Saujon,Power Dot,Fransa,45.6798877135474,-0.9159245356079282,ChIJ2Y7erKUMAUgReXBsC01ZvcY,Parfait! Enfin une marque sérieuse. Un dimanche en plus...,Olumlu,1
166225,ANSAC-SUR-VIENNE - Place de la Mairie,MObiVE,Fransa,45.993485,0.646388,ChIJ0_XgaR2J_kcRG-1iw1sGNp0,"Charge rapide en type 2 43kw,lap combo 50 n'a pas voulu démarrer. Le plugsurfing n'a pas marché, appel à la hotline pour démarrer la charge.",Olumsuz,-1
463153,Electra - Cannes - Auchan La Bocca,Electra,Fransa,43.55006111696662,6.970445302055282,ChIJ8atxC1qCzhIRx9xYD31cKAI,site très sale poubelle qui déborde aucun entretien je n'y retournerai plus jamais . et voiture non électrique qui se gare dôc impossible a charger,Olumsuz,-1
463153,Electra - Cannes - Auchan La Bocca,Electra,Fransa,43.55006111696662,6.970445302055282,ChIJ8atxC1qCzhIRx9xYD31cKAI,Bornes rapides sur le parking d'un supermarché Auchan. Pas de WC ni de point de repos. Nombreux cafés à proximité.,Olumlu,1
463153,Electra - Cannes - Auchan La Bocca,Electra,Fransa,43.55006111696662,6.970445302055282,ChIJ8atxC1qCzhIRx9xYD31cKAI,Trop cher,Olumsuz,-1
463153,Electra - Cannes - Auchan La Bocca,Electra,Fransa,43.55006111696662,6.970445302055282,ChIJ8atxC1qCzhIRx9xYD31cKAI,"Une première en France, Electra facture du temps de dépassement même quand voys êtes en charge, 40cts par minute après 75 minutes. C'est de la discrimination pour les voitures citadines dont le taux d'absorption ne dépasse pas 50kw.",Olumlu,1
463153,Electra - Cannes - Auchan La Bocca,Electra,Fransa,43.55006111696662,6.970445302055282,ChIJ8atxC1qCzhIRx9xYD31cKAI,"Rechargée simplement via ENBW. Puissance de charge de seulement 56 kW, malgré une batterie à 10 %, une température de 24 °C et le fait qu'elle soit seule à la borne de recharge !?",Olumsuz,-1
463264,Fastned - Aire de Valmy Orbeval,FastNed,Fransa,49.07226886136473,4.788949447298933,ChIJ-T-DuJq560cR_PFQ32gXjvY,"Pas pratique pour recharger un camion electrique ... la charge s'est arrêtée toute seule à 20% ! Aucune information sur le montant payer ! Cela m'a malgré tout permis de rejoindre la station Engie de Longueville, d'où j'ai pu recharger à 100%.",Olumsuz,-1
463264,Fastned - Aire de Valmy Orbeval,FastNed,Fransa,49.07226886136473,4.788949447298933,ChIJ-T-DuJq560cR_PFQ32gXjvY,"Ne fonctionne pas....
Bouton, carte, ......pff la maintenance de ces bornes électriques c'est une gabegie.
Surle réseau Tesla jamais vu une borne en panne en 2 ans et 110 000 kms.....",Olumsuz,-1
463264,Fastned - Aire de Valmy Orbeval,FastNed,Fransa,49.07226886136473,4.788949447298933,ChIJ-T-DuJq560cR_PFQ32gXjvY,Super borne de recharge télécharger l'appli et mettre en place l'auto recharge ça fonctionne nickel,Olumlu,1
463264,Fastned - Aire de Valmy Orbeval,FastNed,Fransa,49.07226886136473,4.788949447298933,ChIJ-T-DuJq560cR_PFQ32gXjvY,Parfait 👍,Olumlu,1
463264,Fastned - Aire de Valmy Orbeval,FastNed,Fransa,49.07226886136473,4.788949447298933,ChIJ-T-DuJq560cR_PFQ32gXjvY,"En travaux, les places sont squattées par des thermique",Nötr,0
471586,Mobilize - Renault Beaune,Mobilize (FR),Fransa,47.014572388473056,4.81761405955956,ChIJLTkfRp_08kcRcQnwUF_NQHg,"J'ai rechargé 2 fois au cours de mon séjours à beaune, facile d'accès, pas d'attente, aucun point négatif à noter.",Olumlu,1
471586,Mobilize - Renault Beaune,Mobilize (FR),Fransa,47.014572388473056,4.81761405955956,ChIJLTkfRp_08kcRcQnwUF_NQHg,RAS les bornes seraient a l abri de la pluie ce serait bien poignee du connecteur trempee,Nötr,0
471586,Mobilize - Renault Beaune,Mobilize (FR),Fransa,47.014572388473056,4.81761405955956,ChIJLTkfRp_08kcRcQnwUF_NQHg,"Borne en sortie de Beaune,  recharge super efficace !",Olumlu,1
471586,Mobilize - Renault Beaune,Mobilize (FR),Fransa,47.014572388473056,4.81761405955956,ChIJLTkfRp_08kcRcQnwUF_NQHg,"charge lente à fuir 🙂‍↕️
borne 320kw ccs",Olumsuz,-1
471586,Mobilize - Renault Beaune,Mobilize (FR),Fransa,47.014572388473056,4.81761405955956,ChIJLTkfRp_08kcRcQnwUF_NQHg,"La recharge fonctionne avec la carte Mobilita Charge Pass. Malheureusement, il n'y a ni toilettes ni autres commodités à proximité. Un espace de dégustation est accessible à pied.",Nötr,0
462785,Electra - Gonfreville-l'Orcher - Centre commercial Océane,Electra,Fransa,49.50684334308204,0.2236900577661345,ChIJnfWpuvQw4EcRRp1UGcsXJBM,"Pas assez de connecteur T2.
Hypocrisie de croire qu'il n'y a que des voitures en combo...",Olumsuz,-1
462785,Electra - Gonfreville-l'Orcher - Centre commercial Océane,Electra,Fransa,49.50684334308204,0.2236900577661345,ChIJnfWpuvQw4EcRRp1UGcsXJBM,Parfait,Olumlu,1
462785,Electra - Gonfreville-l'Orcher - Centre commercial Océane,Electra,Fransa,49.50684334308204,0.2236900577661345,ChIJnfWpuvQw4EcRRp1UGcsXJBM,Cool,Olumlu,1
462785,Electra - Gonfreville-l'Orcher - Centre commercial Océane,Electra,Fransa,49.50684334308204,0.2236900577661345,ChIJnfWpuvQw4EcRRp1UGcsXJBM,Haut,Olumlu,1
196777,MONTENDRE - PLACE RAYMOND PAILLE,Izivia (Sodetrel),Fransa,45.284856,-0.406388,ChIJxVvGGH4kAEgRIJE337q-oZc,"C'est dans la petite baie tout au bout, en face de McDonald's.",Nötr,0
478728,Rue des Cournues,R3,Fransa,47.067673964829055,5.453606712982264,ChIJyWoo-La08kcRIswDvGW7MpE,"À éviter, une borne sur deux en panne ""arrêt d'urgence"", l'autre indique ""erreur lors du démarrage de la charge""
Deux appels au support, redémarrage de la borne, problème non résolu.
A la place, je charge sur la même borne sur le connecteur annoncé 22kw, mais la borne n'envoie que 10kw. Il est 23h et il me reste plus de 2 heures de route, merci R3.",Olumsuz,-1
478728,Rue des Cournues,R3,Fransa,47.067673964829055,5.453606712982264,ChIJyWoo-La08kcRIswDvGW7MpE,Erreur après 10 minutes de charge lors de notre trajet aller. Pas du tout fonctionnel au trajet retour.,Olumsuz,-1
478728,Rue des Cournues,R3,Fransa,47.067673964829055,5.453606712982264,ChIJyWoo-La08kcRIswDvGW7MpE,"Utilisée hier. Aucun soucis, écran bien lisible, meme avec le soleil. Tout est instructif, parfait. On peut payer par CB ou ChargeMap.
Seul bémol, 0.60cts le kWh. Un peu chèr.",Olumlu,1
478728,Rue des Cournues,R3,Fransa,47.067673964829055,5.453606712982264,ChIJyWoo-La08kcRIswDvGW7MpE,2 bornes sur 4 qui ne fonctionnent pas...,Olumsuz,-1
264508,R3 Norauto - Montbéliard,R3,Fransa,47.50099135413549,6.812531407505503,ChIJ3aoy9CIXkkcRmA2p8qCa9wM,"Ce n'est pas évident au premier abord, j'espère que la photo vous aidera. Les cartes DKV sont acceptées. J'y étais un dimanche, il n'y avait donc pas d'attente.",Olumsuz,-1
264508,R3 Norauto - Montbéliard,R3,Fransa,47.50099135413549,6.812531407505503,ChIJ3aoy9CIXkkcRmA2p8qCa9wM,"Bon, mais cher.",Nötr,0
462873,Electra - Villeparisis - CC Les portes de l'Ambrésis,Electra,Fransa,48.94566549666396,2.6243635064920454,ChIJz_vUTUcX5kcR9viR-THbU5k,"Top d’avoir 4 bornes de charge rapide à Villeparisis.
L’emplacement est bon pour faire une course ou un restaurant.",Olumlu,1
462873,Electra - Villeparisis - CC Les portes de l'Ambrésis,Electra,Fransa,48.94566549666396,2.6243635064920454,ChIJz_vUTUcX5kcR9viR-THbU5k,Au top,Olumlu,1
462847,Electra - Cormeilles-en-Parisis - ZAC des Bois Rochefort,Electra,Fransa,48.95058328553526,2.202125024408474,ChIJjR4jxLFm5kcRDrj9wdKLzqY,"Hyper fiable, tarifs OK avec abonnement. Souvent dispo. Bars et restaurants autour pour patienter.",Olumlu,1
462847,Electra - Cormeilles-en-Parisis - ZAC des Bois Rochefort,Electra,Fransa,48.95058328553526,2.202125024408474,ChIJjR4jxLFm5kcRDrj9wdKLzqY,Chargeur pas assez puissant je trouve,Nötr,0
462847,Electra - Cormeilles-en-Parisis - ZAC des Bois Rochefort,Electra,Fransa,48.95058328553526,2.202125024408474,ChIJjR4jxLFm5kcRDrj9wdKLzqY,23kw plupart du temps,Nötr,0
462847,Electra - Cormeilles-en-Parisis - ZAC des Bois Rochefort,Electra,Fransa,48.95058328553526,2.202125024408474,ChIJjR4jxLFm5kcRDrj9wdKLzqY,Top ! C’est vraiment bien et peu occupé,Olumlu,1
198618,Metropolis - Issy-les-Moulineaux - Guynemer,Métropolis,Fransa,48.82816072,2.27441884,ChIJqc0kWp165kcR98G46WUDfiY,"La charge en 400v est capée à 100kw, j’ai chargé à 36kwh de moyenne c’est très peu et j’étais seul sur l’aire de recharge.
L’accessibilité est désastreuse il faut manœuvrer pour espérer s’approcher de la borne en restant dans la place. (Moins de 10cm devant et - de 10 derrière … au chausse pied…mais l’impression d’essayer une paire en 36 avec des pieds en 44)
La voiture dépasse, la prise de charge aussi … on croise les doigts pour ne pas se faire happer le véhicule.
Le prix est sympa , 24€ les 36kw, ça dépanne … et ça contribue grandement à l’idée générale que « l’électrique c est cher ».",Olumsuz,-1
198618,Metropolis - Issy-les-Moulineaux - Guynemer,Métropolis,Fransa,48.82816072,2.27441884,ChIJqc0kWp165kcR98G46WUDfiY,Recharge boost qui est entre 20-50kw et non à 150kw des bornes qui ne démarre pas la charge. Des places trop petites pour vec des poteaux qui gêne !,Olumsuz,-1
198618,Metropolis - Issy-les-Moulineaux - Guynemer,Métropolis,Fransa,48.82816072,2.27441884,ChIJqc0kWp165kcR98G46WUDfiY,"Du vol, beaucoup trop cher 💶 💶",Olumsuz,-1
198618,Metropolis - Issy-les-Moulineaux - Guynemer,Métropolis,Fransa,48.82816072,2.27441884,ChIJqc0kWp165kcR98G46WUDfiY,"Tres pratique car tout peut se faire sans enregistrement, sans apoli uniquement avec CB sans contact. Ca devrait etre le standard partout !!!!!!!!",Olumlu,1
198618,Metropolis - Issy-les-Moulineaux - Guynemer,Métropolis,Fransa,48.82816072,2.27441884,ChIJqc0kWp165kcR98G46WUDfiY,"19€ pour env 13 kw
C'est tout simplement du vol",Olumsuz,-1
198149,CCTLB VITRIMONT,Izivia (Sodetrel),Fransa,48.600135,6.439919,ChIJhc4taz-DlEcRVTy-_H9fcwk,aucun moyen de paiement accepté.,Olumlu,1
198149,CCTLB VITRIMONT,Izivia (Sodetrel),Fransa,48.600135,6.439919,ChIJhc4taz-DlEcRVTy-_H9fcwk,"Il y a quatre bornes de recharge disponibles. Les deux premières que nous avons essayées n'ont pas fonctionné, mais heureusement la troisième, oui. Quelqu'un d'autre a quitté cette borne et n'a pas pu recharger.",Olumsuz,-1
198149,CCTLB VITRIMONT,Izivia (Sodetrel),Fransa,48.600135,6.439919,ChIJhc4taz-DlEcRVTy-_H9fcwk,Aucun poteau présent,Olumsuz,-1
165603,Les Angles,Electric 55 Charging (FR),Fransa,43.958037,4.764347,ChIJSwQQ5FXqtRIRtdqROPkfxQI,"Utilisée avec carte Shell
Au top ! Il faut avoir son cable, mais j’ai chargé plusieurs fois ici sans soucis.",Olumlu,1
165603,Les Angles,Electric 55 Charging (FR),Fransa,43.958037,4.764347,ChIJSwQQ5FXqtRIRtdqROPkfxQI,"Bonjour, je suis en train de voir pour acheter un véhicule électrique, et habitant aux angles j aimerais savoir si vos prises sont des prises à charges rapide ? Merci",Nötr,0
154365,Beuzeville la Grenier,SDE76 (FR),Fransa,49.584935,0.527887,ChIJR4hSJMtE4EcR_ks7gQYkXu4,Borne de recharge payante et hors service 09/02/2022.,Olumsuz,-1
313024,Tesla Supercharger Taverny,Tesla (including non-tesla),Fransa,49.0260347,2.1983852,ChIJraMfMAde5kcRnLhcArDPPlI,"12 bornes accessibles à ma KIA EV6 car le câble est assez long.
Vitesse limitée à 97 kw pour ma plate-forme 800 v.
Parking du hôtel où il est possible de boire un verre en attendant la fin de la recharge.
38 cts ce qui n'est pas excessif.",Olumlu,1
313024,Tesla Supercharger Taverny,Tesla (including non-tesla),Fransa,49.0260347,2.1983852,ChIJraMfMAde5kcRnLhcArDPPlI,"Temps d'attente très long pour l'ouverture de la barrière, l'accueil est peu respectueux envers les usagers. En revanche, les superchargeurs fonctionnent parfaitement.",Nötr,0
313024,Tesla Supercharger Taverny,Tesla (including non-tesla),Fransa,49.0260347,2.1983852,ChIJraMfMAde5kcRnLhcArDPPlI,"Superchargeur fermer à 00,00, portant indiquer sur Google ouvert 24/24
Très déçu",Olumsuz,-1
313024,Tesla Supercharger Taverny,Tesla (including non-tesla),Fransa,49.0260347,2.1983852,ChIJraMfMAde5kcRnLhcArDPPlI,"Recharge sur Tesla Model Y fonctionne très bien, 12 emplacements disponibles",Olumlu,1
313024,Tesla Supercharger Taverny,Tesla (including non-tesla),Fransa,49.0260347,2.1983852,ChIJraMfMAde5kcRnLhcArDPPlI,"12 bornes toutes neuves, dans le parking de l'hôtel Westotel Taverny.",Olumlu,1
166238,DOMPIERRE SUR MER - espace Michel Crépeau,MObiVE,Fransa,46.188736,-1.064226,ChIJB0vkoL1SAUgReqpOetWfx1w,"Borne OK en Combo avec badge Plugsurfing,",Olumlu,1
166238,DOMPIERRE SUR MER - espace Michel Crépeau,MObiVE,Fransa,46.188736,-1.064226,ChIJB0vkoL1SAUgReqpOetWfx1w,Ne charge pas à 50kw mais à 35 et comme la facturation se fait à la minute ...,Olumsuz,-1
301948,SDE 24 Charging Station,MObiVE,Fransa,45.58969744446895,0.6738582735001728,ChIJXb6wz-cB_0cRuieMX7wuRTY,"Borne hors de pris 0.59€ le kWh alors que la moyenne des chargeurs rapide est a 0.40€.
Passez votre chemin. 2km plus loin une charge rapide est moins chère",Olumsuz,-1
463247,Fastned - Aire de Saint-Léger,FastNed,Fransa,50.17326831743651,2.8735402103850447,ChIJ6YE0h8NN3UcRP3fCIy3kqW8,"La station en elle même ( magasin café etc...) assez bien.
Il manque une couverture  extérieur pour le parking aujourd'hui 33° impossible de faire une pause près de la voiture.",Nötr,0
463247,Fastned - Aire de Saint-Léger,FastNed,Fransa,50.17326831743651,2.8735402103850447,ChIJ6YE0h8NN3UcRP3fCIy3kqW8,"Station toujours bien entretenu et efficace pour la recharge.
Seul bémol, en fonction des stations, les recherches peuvent être assez éloignés de la station essence.",Olumlu,1
463247,Fastned - Aire de Saint-Léger,FastNed,Fransa,50.17326831743651,2.8735402103850447,ChIJ6YE0h8NN3UcRP3fCIy3kqW8,parfait 🤗,Olumlu,1
463247,Fastned - Aire de Saint-Léger,FastNed,Fransa,50.17326831743651,2.8735402103850447,ChIJ6YE0h8NN3UcRP3fCIy3kqW8,Simple et efficace,Olumlu,1
463247,Fastned - Aire de Saint-Léger,FastNed,Fransa,50.17326831743651,2.8735402103850447,ChIJ6YE0h8NN3UcRP3fCIy3kqW8,"Nous nous sommes arrêtés ici en route pour Paris depuis le Royaume-Uni. Très pratique. Paiement sans contact et RFID acceptés.

Les services comprennent des toilettes gratuites, un café et une petite boutique.",Olumlu,1
194480,Carrefour Energies - Epernay,Allego BV,Fransa,49.04896774721618,3.9627840358270983,ChIJhS49K1pr6UcRIO6MrN98GIE,"Borne de recharge très pratique, permettant de recharger rapidement sa voiture, avec haut ou bas ampérage, avec paiement sans contact.
Très fiable car la borne fonctionne parfaitement.",Olumlu,1
194480,Carrefour Energies - Epernay,Allego BV,Fransa,49.04896774721618,3.9627840358270983,ChIJhS49K1pr6UcRIO6MrN98GIE,Can you come pick up your car please thanks !! 2 Bornes 150kw qui fonctionnent habituellement. Dommage que les conducteurs attendent le 100/100 . Attente d' une heure aujourd'hui...pas top du tout ...Du coup cela ressemble à des voitures ventouses ...,Olumsuz,-1
194480,Carrefour Energies - Epernay,Allego BV,Fransa,49.04896774721618,3.9627840358270983,ChIJhS49K1pr6UcRIO6MrN98GIE,"Satisfaisant dans l'ensemble, notamment grâce à un personnel aimable. Un effort pourrait être fait pour diversifier l'offre de viande et de fruits, mais il faut reconnaître 'que la présentation de ces denrées est agréable.
En ce qui concerne le rayon pêche, bravo, il n' a jamais été autant suivi et bien achalandé.
On ne peut en dire autant du rayon jardin réduit à sa plus simple expression
Cet avis bien sur concerne le magasin et non la station de recharge",Olumlu,1
194480,Carrefour Energies - Epernay,Allego BV,Fransa,49.04896774721618,3.9627840358270983,ChIJhS49K1pr6UcRIO6MrN98GIE,"Ok c'est bien pour les voitures hybride, mais en vrai , l'état nous prend vraiment pour des c... : faire des coupures de courant de 02 heures où plus,  et forcer a faire acheter des voitures électriques, quand on sait que l'impacte sur la planète est très mauvais , cc n'est vraiment que commerces et pognons'pognons, vite acheter car coupures de courant, du fric, du fric...
Alors Carrefour font ce quils peuvent pour attirer les clients  !",Nötr,0
194480,Carrefour Energies - Epernay,Allego BV,Fransa,49.04896774721618,3.9627840358270983,ChIJhS49K1pr6UcRIO6MrN98GIE,"Recharge rapide . Dans l'attente, petit dej dans la galerie du carrefour.",Olumlu,1
469974,Engie-Vianeo - A4 - Aire de Brumath Est,Engie,Fransa,48.721060214056905,7.6964380920538815,ChIJz-X2Dt--lkcRGPRdrbSaghU,J’ai voulut charger 3 fois sur 3 différents jours et les bornes de recharge n’ont jamais fonctionné…,Olumsuz,-1
469974,Engie-Vianeo - A4 - Aire de Brumath Est,Engie,Fransa,48.721060214056905,7.6964380920538815,ChIJz-X2Dt--lkcRGPRdrbSaghU,"Le paiement par carte bancaire n'a pas fonctionné, car l'écran s'est figé pendant une minute lorsque j'ai cliqué sur « Paiement par carte bancaire ». Je n'ai même pas eu le temps de présenter ma carte bancaire. Ma carte bancaire habituelle a été acceptée immédiatement.",Olumsuz,-1
469974,Engie-Vianeo - A4 - Aire de Brumath Est,Engie,Fransa,48.721060214056905,7.6964380920538815,ChIJz-X2Dt--lkcRGPRdrbSaghU,"Borne de recharge moderne, à proximité du restaurant et des toilettes.",Olumlu,1
469974,Engie-Vianeo - A4 - Aire de Brumath Est,Engie,Fransa,48.721060214056905,7.6964380920538815,ChIJz-X2Dt--lkcRGPRdrbSaghU,Plusieurs chargeurs CC et je pourrais facilement connecter et charger ma voiture.,Olumlu,1
469974,Engie-Vianeo - A4 - Aire de Brumath Est,Engie,Fransa,48.721060214056905,7.6964380920538815,ChIJz-X2Dt--lkcRGPRdrbSaghU,La puissance de charge était limitée à 150 kW alors qu'une seule autre voiture était branchée à l'autre bout du parking.,Olumsuz,-1
198368,AUFFARGIS - FOYER RURAL,Izivia (Sodetrel),Fransa,48.700056,1.887639,ChIJG6u65iWD5kcRrVpglDTY0ZM,HS tout est dit!,Olumlu,1
481548,Mobilize - Renault Vannes,Mobilize (FR),Fransa,47.65465169433492,-2.737917921195617,ChIJaf9jdJkeEEgR7isTXE6_dKo,"Après quelques essais infructueux avec ma carte Total fleet j'ai enfin réussi ce soir.
Il faut simplement scrupuleusement respecter les différentes étapes (passage carte, ouverture câble, branchement câble, fermeture trappe, branchement voiture).
C'est simplement mal expliqué (voir pas du tout) sur la borne.
Et accessoirement le passage de la carte Total fleet affiche ""carte non gérée"" ... alors que ça fonctionne",Olumlu,1
481548,Mobilize - Renault Vannes,Mobilize (FR),Fransa,47.65465169433492,-2.737917921195617,ChIJaf9jdJkeEEgR7isTXE6_dKo,Bien placée d'accès facile dans le parking. Un peu cher au niveau des frais fixes,Olumlu,1
481548,Mobilize - Renault Vannes,Mobilize (FR),Fransa,47.65465169433492,-2.737917921195617,ChIJaf9jdJkeEEgR7isTXE6_dKo,"Située à proximité de la vieille ville et avec un accès facile au parking, cette unité de production d'énergie ne proposait malheureusement qu'une puissance de 3,6 kWh.",Olumlu,1
481548,Mobilize - Renault Vannes,Mobilize (FR),Fransa,47.65465169433492,-2.737917921195617,ChIJaf9jdJkeEEgR7isTXE6_dKo,"Attention, ce parking est utilisé pour un marché. La borne de recharge n'est pas accessible les jours de marché.",Olumsuz,-1
462888,Electra - Bussy Saint Georges - Hôtel Première Classe,Electra,Fransa,48.83247038586137,2.704844960355217,ChIJe-_xR78E5kcRAYRiEnEM37Q,"j'ai chargé l'application mais pas moyen de faire fonctionner à partir de l'appli la borne. du coup je me suis servi de ma carte bancaire. 31,81€ que j'ai payé pour charger moins de 42kw. Une ruine. Je n'ai jamais payé aussi cher ! c'est la première et la dernière fois.",Olumsuz,-1
462888,Electra - Bussy Saint Georges - Hôtel Première Classe,Electra,Fransa,48.83247038586137,2.704844960355217,ChIJe-_xR78E5kcRAYRiEnEM37Q,Super car pas d’attente mais les bornes sont anormalement lentes donc frustrant quand on sait qu’on y va pour gagner du temps,Nötr,0
462888,Electra - Bussy Saint Georges - Hôtel Première Classe,Electra,Fransa,48.83247038586137,2.704844960355217,ChIJe-_xR78E5kcRAYRiEnEM37Q,"Super rapide
0.49€/kw
Inscription sur l'application pour ouvrir automatiquement la barriere",Olumlu,1
462888,Electra - Bussy Saint Georges - Hôtel Première Classe,Electra,Fransa,48.83247038586137,2.704844960355217,ChIJe-_xR78E5kcRAYRiEnEM37Q,"Charge OK avec code parrainage.

La station est sur le parking de plusieurs hôtels.
Nous avons pris un café et utilisé les sanitaires de l'hôtel Premiere Classe.",Olumlu,1
462888,Electra - Bussy Saint Georges - Hôtel Première Classe,Electra,Fransa,48.83247038586137,2.704844960355217,ChIJe-_xR78E5kcRAYRiEnEM37Q,"L'expérience de recharge est assez top avec une appli qui n'est pas avare en informations.

Pas les moins chers mais la qualité de service est au rendez vous.",Olumlu,1
175054,Ionity Centre de la France Nord,Ionity,Fransa,46.751937,2.417075,ChIJX9zeWQVj-kcRUdsf1lXJCgs,"Aire de recharge a repenser.
4 bornes rapide de chaque côté. Donc si il y a la queue d'un côté, on doit faire un énorme détour pour aller de l'autre côté en voiture. Il y a une barrière entre les deux côtés.
Les bornes sont lentes a réagir.
Il y a peu de place pour manœuvrer et rentrer dans les places de recharge. Il y a des poteaux qui ont du être touché par des véhicules.",Olumsuz,-1
175054,Ionity Centre de la France Nord,Ionity,Fransa,46.751937,2.417075,ChIJX9zeWQVj-kcRUdsf1lXJCgs,"Conception à revoir.
L’aire direction Clermont ne dispose que de 4 bornes de recharge, situées à l’écart du reste des installations. L’accès se fait par une rampe étroite et l’absence de zone d’attente dédiée entraîne la formation d’une file d’attente sur la voie de sortie vers l’autoroute, ce qui gêne les autres usagers.
L’espace réservé aux bornes est très étriqué, rendant les manœuvres compliquées. Le plus incompréhensible reste la séparation par une barrière avec les 4 autres bornes réservées aux usagers venant de l’autre sens de l’autoroute. Résultat : 8 véhicules en attente côté Clermont, alors qu’une seule voiture rechargeait de l’autre côté. 1h30 d’attente.
Pourquoi ne pas avoir fait une aire de recharge commune aux deux sens de circulation ?",Olumsuz,-1
175054,Ionity Centre de la France Nord,Ionity,Fransa,46.751937,2.417075,ChIJX9zeWQVj-kcRUdsf1lXJCgs,"Station toujours fonctionnelle, mais mal conçue.
Il y a 10 bornes, mais cinq dans chaque sens de circulation, et cinq dans l'autre. Et on ne peut pas passer d'un coté à l'autre sur cette aire.

Dans le sens Nord-> Sud, une fois sorti de la station, il n'est pas possible de revenir vers les services sauf à être à contresens.

Faut viser juste pour se garer... attention aux poteaux.
Pas de places d'attente.

nombre de bornes trop limité pour une aire de service sur cet axe.",Olumsuz,-1
175054,Ionity Centre de la France Nord,Ionity,Fransa,46.751937,2.417075,ChIJX9zeWQVj-kcRUdsf1lXJCgs,"Du jamais vu, 1 hors service , l autre saute chaque 5min… il faut rouler contre les règles, dans l autre sense pour y arriver… et fait attention de pas toucher les pilones… demage ionity est normallement top…",Olumsuz,-1
175054,Ionity Centre de la France Nord,Ionity,Fransa,46.751937,2.417075,ChIJX9zeWQVj-kcRUdsf1lXJCgs,"3 bornes fonctionnelles sur 4, 3 voitures à attendre à 19h30 synonyme de grosse galère. IONITY a été un des premiers à poser des bornes ce qui était très bien, mais au vu du nombre de véhicules électriques aujourd'hui, 4 à 6 bornes par aire de repos c'est trop peu!",Olumsuz,-1
201832,PowerDot - Spar - Saze,Power Dot,Fransa,43.94760970315599,4.683880067398604,ChIJ_WGsYvXBtRIRHDTUinn8o-4,"Fonctionne parfaitement, pour mettre la borne en fonction, il faut tourner le bouton rouge d'arrêt d'urgence ! Ensuite utiliser son badge.",Olumlu,1
201832,PowerDot - Spar - Saze,Power Dot,Fransa,43.94760970315599,4.683880067398604,ChIJ_WGsYvXBtRIRHDTUinn8o-4,Pratique,Olumlu,1
476105,Avenue Henri Barbusse,Izivia (Sodetrel),Fransa,45.597068245268986,5.268462613417341,ChIJJeDV6zMsi0cRGRAIPPRgBrA,"On s'arrête ici à chaque fois qulon en a besoin si c'est sur notre route. Acces facile à condition de bien prendre la sortie 8 qui est juste à côté et non pas la sortie comme proposé par google maps. Nous n'avons jamais rencontré de difficulté pour charger et ça fiat bien une 10aine de fois qu'on vient. Aujourd'hui pour la 1ere fois il ne restait qu'1 prise de libre à notre arrivée, toutes les autres était prises",Olumlu,1
476105,Avenue Henri Barbusse,Izivia (Sodetrel),Fransa,45.597068245268986,5.268462613417341,ChIJJeDV6zMsi0cRGRAIPPRgBrA,"Bornes déconnectées, charge impossible",Olumsuz,-1
471307,Fastned - Chartres - Mainvilliers,FastNed,Fransa,48.446649345330144,1.4400503426800526,ChIJ2ymqo5ML5EcRSVJtDunH9U4,"Stations Fastned très visible et reconnaissables entre toutes, design original et soigné, toute neuve, bancs, tables, jeux enfants, espace vert. A côté d'une chaîne resto-rapide. Comme d'habitude, très facile d'accès et d'utilisation, y compris avec une simple CB. Il y a même une piste pour voiture tractant ;-) Comme d'habitude, des thermiques stationnement aux bornes...",Olumlu,1
463282,Fastned - Vitry-en-Charollais,FastNed,Fransa,46.46266820717693,4.083122556628609,ChIJR2XSVAvd80cROLrvfBEAGTs,"Nouvelle station de recharge.
Juste à côté du McDo => nickel en termes d'accès et de facilité d'utilisation.
Charge rapide et bornes Alpitronic neuves 400kW",Olumlu,1
463282,Fastned - Vitry-en-Charollais,FastNed,Fransa,46.46266820717693,4.083122556628609,ChIJR2XSVAvd80cROLrvfBEAGTs,"Fonctionne bien mais le prix pique un peu...
A 50m il y a une borne Izivia 2x moins chère sur le Mcdo",Nötr,0
463282,Fastned - Vitry-en-Charollais,FastNed,Fransa,46.46266820717693,4.083122556628609,ChIJR2XSVAvd80cROLrvfBEAGTs,"10 % de la puissance de charge : 40kw au lieu de 400 !!!
18 euros pour seulement 20%de charge.",Olumsuz,-1
463282,Fastned - Vitry-en-Charollais,FastNed,Fransa,46.46266820717693,4.083122556628609,ChIJR2XSVAvd80cROLrvfBEAGTs,"Excellente charge rapide, très facile à utiliser et qui a parfaitement fonctionné lors de nos deux utilisations.",Olumlu,1
198517,SIGEIF - PARKING - RUE DU GENERAL DE GAULLE - CHENNEVIERES-SUR-MARNE,Izivia (Sodetrel),Fransa,48.798856,2.531936,ChIJb-8d2pkO5kcRo0nDLAyIHag,"Facile d'accès sur le parking à côté de McDonald's.

2 bornes de recharge, 4 chargeurs, tous fonctionnels jusqu'en janvier 2026.",Olumlu,1
462837,Electra - Osny - Marie Blachère Osny,Electra,Fransa,49.05693373546404,2.033418854049046,ChIJm1J3j4X05kcRo8mIg0bPCYk,Lieu propre avec de petits services à côté,Olumlu,1
462837,Electra - Osny - Marie Blachère Osny,Electra,Fransa,49.05693373546404,2.033418854049046,ChIJm1J3j4X05kcRo8mIg0bPCYk,Aucun problème avec cette station de recharge Electra ; mon abonnement s'est parfaitement déroulé.,Olumlu,1
161264,Izivia - Intermarché Super Calais,Izivia (Sodetrel),Fransa,50.946038554148686,1.8914671445147635,ChIJBZYBZmg_3EcRjJQ2c3dVUCg,"Malheureusement, la vitesse est réduite de moitié lorsqu'une autre personne charge.

L'emplacement est également moins adapté aux remorques.",Olumsuz,-1
161264,Izivia - Intermarché Super Calais,Izivia (Sodetrel),Fransa,50.946038554148686,1.8914671445147635,ChIJBZYBZmg_3EcRjJQ2c3dVUCg,"Chargeur très rapide.

Je recharge ma voiture de 10 % à 100 % en 32 minutes.",Olumlu,1
161264,Izivia - Intermarché Super Calais,Izivia (Sodetrel),Fransa,50.946038554148686,1.8914671445147635,ChIJBZYBZmg_3EcRjJQ2c3dVUCg,"Seulement deux chargeurs, mais très bon marché, et McDonald's dispose d'une aire de jeux intérieure.",Olumlu,1
161264,Izivia - Intermarché Super Calais,Izivia (Sodetrel),Fransa,50.946038554148686,1.8914671445147635,ChIJBZYBZmg_3EcRjJQ2c3dVUCg,"0,35 €/kWh, un prix incroyable pour une borne de recharge CCS",Olumlu,1
474373,PowerDot - Carrefour - Saint-Quentin,Power Dot,Fransa,49.865913582511325,3.2911391783461568,ChIJt1njx5kY6EcRFokmkhgfcIE,"Efficace, fonctionnel, et surtout assez facilement repérable, ce qui est assez rare.",Olumlu,1
474373,PowerDot - Carrefour - Saint-Quentin,Power Dot,Fransa,49.865913582511325,3.2911391783461568,ChIJt1njx5kY6EcRFokmkhgfcIE,"Câble sectionné, et idem aux bornes en face de magic dépôt, et aucune information !",Olumsuz,-1
474373,PowerDot - Carrefour - Saint-Quentin,Power Dot,Fransa,49.865913582511325,3.2911391783461568,ChIJt1njx5kY6EcRFokmkhgfcIE,"Catastrophe. Aucune information sur internet,mais les cables sont sectionnés.vandalisés.",Olumsuz,-1
211281,PowerDot - Star Wash - La Chaize-le-Vicomte,Power Dot,Fransa,46.66649597856025,-1.337049594241762,ChIJQYHsuJwoBEgR_asK-RcLdeA,Borne de recharge rapide distributeur de pizza et baguette juste à côté.  Plus restaurant à 100m,Olumlu,1
172935,"Izivia Charger Intermarché, Limoges",Izivia (Sodetrel),Fransa,45.8144,-1.2682,ChIJI2DWNEUz-UcR6LraUvxawhw,"Pourquoi installer des bornes lorsqu'elles ne fonctionnent pas. En 2026, galèrer comme ça c'est inadmissible.",Olumsuz,-1
172935,"Izivia Charger Intermarché, Limoges",Izivia (Sodetrel),Fransa,45.8144,-1.2682,ChIJI2DWNEUz-UcR6LraUvxawhw,Je confirme ça ne fonctionne pas !!!,Olumsuz,-1
475103,PowerDot - Novotel - Bagnolet,Power Dot,Fransa,48.86312774728307,2.415978306223792,ChIJN2m-uXlt5kcRxPMnc4uHv4U,Introuvable,Olumlu,1
475103,PowerDot - Novotel - Bagnolet,Power Dot,Fransa,48.86312774728307,2.415978306223792,ChIJN2m-uXlt5kcRxPMnc4uHv4U,"Ces bornes de recharge se trouvent dans le parking de l'hôtel. Il y en a deux, chacune équipée d'un adaptateur. Le prix est raisonnable et le paiement en ligne se fait obligatoirement via le QR code.

Il peut être agaçant que les clients de l'hôtel se garent sur ces places sans utiliser la borne.",Olumlu,1
199835,SPASAD Rely,ubitricity,Fransa,50.57,2.3533333,ChIJh1g4D4IE3UcRGy1b-95kyns,Impossible d'effectuer ma recharge borne hs ... La hotline ne propose aucune solution( réussi à avoir en ligne après. 10appel en 1 h).... Honteux,Olumsuz,-1
199835,SPASAD Rely,ubitricity,Fransa,50.57,2.3533333,ChIJh1g4D4IE3UcRGy1b-95kyns,"Le 26 décembre à 6°, j'ai chargé à 55 kw de moyenne sur Kia e-niro 64kw.",Olumsuz,-1
199835,SPASAD Rely,ubitricity,Fransa,50.57,2.3533333,ChIJh1g4D4IE3UcRGy1b-95kyns,"3 bornes hors services sur 4
Heureusement qu'on est pas nombreux à charger",Olumsuz,-1
199835,SPASAD Rely,ubitricity,Fransa,50.57,2.3533333,ChIJh1g4D4IE3UcRGy1b-95kyns,"Super Turbo charging station, le top",Olumlu,1
199835,SPASAD Rely,ubitricity,Fransa,50.57,2.3533333,ChIJh1g4D4IE3UcRGy1b-95kyns,Le top,Olumlu,1
196564,Hôtel la Bastide de Vaison,Stadtwerke Grevesmühlen,Fransa,44.24,5.04,ChIJ8aWtPqbrrUcRQd7z7d106f0,"Bien que la borne de recharge fût indiquée comme fonctionnelle sur le site web de goingelectric, elle était en réalité défectueuse. Le numéro de téléphone affiché était en fait un numéro de fax, évidemment inutile dans ce cas.

Plus tard, j'ai réussi à joindre un employé de la régie municipale. La borne défectueuse était connue depuis un certain temps. Cependant, selon lui, cela n'avait pas d'importance, puisqu'une prise de type 2 était toujours disponible. Il ignorait apparemment que cela impliquerait une attente de 2 à 3 heures au lieu de 20 minutes. 🤨

Ce qui m'agace, c'est que ce défaut (connu) n'ait pas été signalé. Je l'ai donc signalé moi-même à goingelectric. Notre voyage était prévu et aurait pu être reporté !",Olumsuz,-1
196564,Hôtel la Bastide de Vaison,Stadtwerke Grevesmühlen,Fransa,44.24,5.04,ChIJ8aWtPqbrrUcRQd7z7d106f0,Une initiative fantastique de la part des services publics de Grevesmühlen. L'électricité donnée sera utilisée à bon escient. Un grand merci !,Olumlu,1
196564,Hôtel la Bastide de Vaison,Stadtwerke Grevesmühlen,Fransa,44.24,5.04,ChIJ8aWtPqbrrUcRQd7z7d106f0,La borne de recharge rapide fonctionne parfaitement… Les dons pour la recharge sont appréciés (la compagnie d'électricité de la ville les reverse à des projets sociaux). Super !,Olumlu,1
300876,Tesla Supercharger Bourg-en-Bresse,Tesla (including non-tesla),Fransa,46.21743110919596,5.244004459162539,ChIJZX_AlkRS80cRx4_-R0miLOo,"Seulement 3 bornes, mais c'est des V4 donc on ne partage pas la puissance de charge. C'est un peu compliqué pour y accéder, on a dû traverser un parking donc tourner plus loin qu'indiquer. Il y a des bars, restaurant, et autres à proximité. Il s'agit aussi d'une zone d'essais Tesla, où l'on peut réserver des voitures pour les tester.",Nötr,0
300876,Tesla Supercharger Bourg-en-Bresse,Tesla (including non-tesla),Fransa,46.21743110919596,5.244004459162539,ChIJZX_AlkRS80cRx4_-R0miLOo,"Sans problème, mais 2 chargeurs et bientôt 2 en plus, il y’a une cave à bière à 50 mètres",Nötr,0
300876,Tesla Supercharger Bourg-en-Bresse,Tesla (including non-tesla),Fransa,46.21743110919596,5.244004459162539,ChIJZX_AlkRS80cRx4_-R0miLOo,Borne qui fonctionnent bien (comme souvent avec Tesla). Un peu compliqué pour comprendre où passer en revanche,Olumlu,1
300876,Tesla Supercharger Bourg-en-Bresse,Tesla (including non-tesla),Fransa,46.21743110919596,5.244004459162539,ChIJZX_AlkRS80cRx4_-R0miLOo,"Ce système d'essais libres sans accompagnateur est très bien fait,bravo",Olumlu,1
300876,Tesla Supercharger Bourg-en-Bresse,Tesla (including non-tesla),Fransa,46.21743110919596,5.244004459162539,ChIJZX_AlkRS80cRx4_-R0miLOo,"Top, 4x chargeurs V4 et juste à côté 10 m un Restaurant Bar avec un personnel très accueillant divers commerce et proche de l’autoroute.",Olumlu,1
312973,Tesla Supercharger Aire-sur-l'Adour,Tesla (including non-tesla),Fransa,43.72509,-0.26733,ChIJKR5cxHALVg0RyU2JP2b8Ekc,"Charge à 1h00 il fait nuit noire . Est ce un blackout? Un vol des câbles alimentations luminaire par les manouches ? Une économie d'électricité à un supercharger de voiture électrique ? La France qui est devenu un pays de tiers monde ?
Que Quelqu'un me réponde svp.
Point intéressant personne ne charge ici donc on peut se mettre en parallèle aux bornes, il y avait une toile et une araignée sur la prise",Olumsuz,-1
312973,Tesla Supercharger Aire-sur-l'Adour,Tesla (including non-tesla),Fransa,43.72509,-0.26733,ChIJKR5cxHALVg0RyU2JP2b8Ekc,"Recharge dimanche 12 octobre vers 20h.
Je n ai pas de tesla. Création d un compte via l application. Recharge du véhicule. Tarif moins onéreux que la station total énergies de l autoroute située à moins d 1 kilomètre.
Bonne surprise cette station avec plus de 10 bornes de recharge.",Olumlu,1
312973,Tesla Supercharger Aire-sur-l'Adour,Tesla (including non-tesla),Fransa,43.72509,-0.26733,ChIJKR5cxHALVg0RyU2JP2b8Ekc,"Aucun service a proximité
Il faut traverser une voie rapide pour trouver des toilettes ou meme a manger
Le dimanche c est encore pire",Olumsuz,-1
312973,Tesla Supercharger Aire-sur-l'Adour,Tesla (including non-tesla),Fransa,43.72509,-0.26733,ChIJKR5cxHALVg0RyU2JP2b8Ekc,"Le gps de notre Tesla Y nous a amené dans un impasse en zone industrielle en pleine nuit.
Il était 2h du matin et nous n’avons pas trouvé les bornes de recharge ….
C’est incroyable.
Nous avons poursuivi notre route à basse vitesse avec l’angoisse de tomber en panne.
Très mauvaise expérience.",Olumsuz,-1
312973,Tesla Supercharger Aire-sur-l'Adour,Tesla (including non-tesla),Fransa,43.72509,-0.26733,ChIJKR5cxHALVg0RyU2JP2b8Ekc,"Point de recharge récent mais rien autour
Pas de resto,pas de wc",Nötr,0
475315,PowerDot - Retail Park Grand Frais - Azay-le-Rideau,Power Dot,Fransa,47.26751371902432,0.4739500630654447,ChIJlY5XhcY6_UcRpcDgrKfBRf0,Les bornes  sont opérationnelles,Olumlu,1
198317,PLOUMILLIAU-RUE ANATOLE LE BRAZ PARKING BARZIC,Izivia (Sodetrel),Fransa,48.679855,-3.523392,ChIJDUslRPYrEkgRB4LXKmt-xaY,"Située à côté d'un McDonald's et d'autres commerces, cette borne est très visible. Son principal avantage ? Un tarif de 0,35 €/kW pour les paiements par carte bancaire.

À certaines heures, le prix descend même à 0,30 €/kW.

Dommage qu'elle ne propose pas une puissance de 300 kW et qu'elle ne dispose que de deux bornes de recharge.",Olumlu,1
462771,Electra - Mons-en-Baroeul - Hôtel F1,Electra,Fransa,50.64492798140307,3.0967712619130907,ChIJxbClNQIqw0cRDWv2r-hKpf8,Extra surtout avec le code promo pour une recharge moins chère.,Olumlu,1
462771,Electra - Mons-en-Baroeul - Hôtel F1,Electra,Fransa,50.64492798140307,3.0967712619130907,ChIJxbClNQIqw0cRDWv2r-hKpf8,Recharge faite avec réservation de borne recharge faite sans incident,Olumlu,1
462771,Electra - Mons-en-Baroeul - Hôtel F1,Electra,Fransa,50.64492798140307,3.0967712619130907,ChIJxbClNQIqw0cRDWv2r-hKpf8,Aucun soucis,Olumlu,1
462771,Electra - Mons-en-Baroeul - Hôtel F1,Electra,Fransa,50.64492798140307,3.0967712619130907,ChIJxbClNQIqw0cRDWv2r-hKpf8,Super facile à utiliser,Olumlu,1
462771,Electra - Mons-en-Baroeul - Hôtel F1,Electra,Fransa,50.64492798140307,3.0967712619130907,ChIJxbClNQIqw0cRDWv2r-hKpf8,Ça ne marche pas !,Olumsuz,-1
166904,HAZEBROUCK - Rue Warein,pass pass électrique,Fransa,50.724579,2.53162,ChIJ378ki1rh3EcRBtrl3meZEKE,"Borne recharge gratuite, cela est vraiment parfait propose une charge rapide et sans avoir besoin de carte de recharge.

Le soucis, c'est que cela ne fonctionne que 1 véhicule à la fois, le mieux est de signale via l'application ChargeMap de faire un check-in pour signaler sa présence et le temps estimé de recharge en borne.

L'emplacement est idéal situer près des commerces et de la grand place de Hazebrouck accessible à pied.",Olumlu,1
166904,HAZEBROUCK - Rue Warein,pass pass électrique,Fransa,50.724579,2.53162,ChIJ378ki1rh3EcRBtrl3meZEKE,Bonne borne de recharge.,Olumlu,1
469652,Atlante - Plounévez-Moëdec - L'Étape Bar restaurant,Atlante,Fransa,48.54940560109543,-3.449385861258861,ChIJ5V_Z26CDEUgRzig3T-eIc4o,"Bornes de recharges de marque Alpitronic 150 KW max réputée pour leur fiabilité. de nombreux point de charge sont disponible avec un accès facile à la nationale.
Dommage qu'il n'y ai pas de toilette à proximité car les alentours du poste ce transforme en toilette improvisé!",Olumlu,1
469652,Atlante - Plounévez-Moëdec - L'Étape Bar restaurant,Atlante,Fransa,48.54940560109543,-3.449385861258861,ChIJ5V_Z26CDEUgRzig3T-eIc4o,"Pratique mais ne charge pas vite 😕
32Kw",Nötr,0
469652,Atlante - Plounévez-Moëdec - L'Étape Bar restaurant,Atlante,Fransa,48.54940560109543,-3.449385861258861,ChIJ5V_Z26CDEUgRzig3T-eIc4o,Recharge très rapide et sans aucun problème. Je recommande !,Olumlu,1
469652,Atlante - Plounévez-Moëdec - L'Étape Bar restaurant,Atlante,Fransa,48.54940560109543,-3.449385861258861,ChIJ5V_Z26CDEUgRzig3T-eIc4o,"Vendredi 13h, nous étions seuls aux bornes de recharge. Chargement rapide et fluide. Plusieurs options de paiement. Nous avons utilisé Totalkaart.",Olumlu,1
198103,SAINT ARNOULT - PARKING DU CONSERVATOIRE,Izivia (Sodetrel),Fransa,48.571835,1.942056,ChIJxbR_emcy5EcRnKDuO8bg6Ns,Impossible de faire la charge sur aucune borne,Olumsuz,-1
469764,Atlante - Chanas - Hôtel initial by Balladins,Atlante,Fransa,45.3155950578834,4.810638373463462,ChIJdTZVzHY99UcR9tVVrXX35a4,Elle dépanne bien sûr Annonay en sortant de l'autoroute avant de grimper dans les montagnes,Olumlu,1
469764,Atlante - Chanas - Hôtel initial by Balladins,Atlante,Fransa,45.3155950578834,4.810638373463462,ChIJdTZVzHY99UcR9tVVrXX35a4,Agréable,Olumlu,1
470013,Engie-Vianeo - B&B Hôtel Rennes Ouest Villejean,Engie,Fransa,48.11694210695308,-1.71596090931439,ChIJg5i-fY3gDkgR4kGUhCkUoVI,Parking fermé la nuit. Il faut un code. Téléchargez l appli. Mais le code de l appli ne marche pas. Il n est pas à jour.  Appeler Engie. Bon 30 min après on a réussi à entrer. Heureusement car on était à 1% 😅,Olumsuz,-1
470013,Engie-Vianeo - B&B Hôtel Rennes Ouest Villejean,Engie,Fransa,48.11694210695308,-1.71596090931439,ChIJg5i-fY3gDkgR4kGUhCkUoVI,"Transparence du tarif avec le totem bien visible à l'entrée du parking.
Environnement propre et agréable , borne ultra puissante , charge rapide et beaucoup de point de charge dispo.
Payement par Badge, CB ou QR code.",Olumlu,1
470013,Engie-Vianeo - B&B Hôtel Rennes Ouest Villejean,Engie,Fransa,48.11694210695308,-1.71596090931439,ChIJg5i-fY3gDkgR4kGUhCkUoVI,Recharge ultra rapide sur des bornes Alpitronics 300kW. QR code à l’entrée pour ouvrir la barrière quand celle-ci est fermée. Emplacement idéal !,Olumlu,1
470013,Engie-Vianeo - B&B Hôtel Rennes Ouest Villejean,Engie,Fransa,48.11694210695308,-1.71596090931439,ChIJg5i-fY3gDkgR4kGUhCkUoVI,Expérience très fluide.,Olumlu,1
470013,Engie-Vianeo - B&B Hôtel Rennes Ouest Villejean,Engie,Fransa,48.11694210695308,-1.71596090931439,ChIJg5i-fY3gDkgR4kGUhCkUoVI,"Simple et rapide.
Plusieurs bornes libres à 17h30 un samedi",Olumlu,1
471663,Mobilize - Renault Orléans,Mobilize (FR),Fransa,47.936350367579706,1.892236965688312,ChIJGzSrzvr65EcRk8fE337Qaf8,"Très agréable station, en bordure d’autoroute pour éviter les files au retour de vacances d’été. Pas loin, un Burger King et un Aldi.",Olumlu,1
471663,Mobilize - Renault Orléans,Mobilize (FR),Fransa,47.936350367579706,1.892236965688312,ChIJGzSrzvr65EcRk8fE337Qaf8,C'était ma toute première recharge très simple d'utilisation et charge totale rapide.,Olumlu,1
471663,Mobilize - Renault Orléans,Mobilize (FR),Fransa,47.936350367579706,1.892236965688312,ChIJGzSrzvr65EcRk8fE337Qaf8,Mobilize charge Pass Intense. Reconnaissance du badge et recharge sans soucis.,Olumlu,1
471663,Mobilize - Renault Orléans,Mobilize (FR),Fransa,47.936350367579706,1.892236965688312,ChIJGzSrzvr65EcRk8fE337Qaf8,"Superbe station, un peu isolée « dans le village », mais elle fonctionnait parfaitement.",Olumlu,1
301679,Ionity Rochefort,Ionity,Fransa,45.95545871107018,-0.9778164510914849,ChIJfw2-vB9BAUgRJREQQVYWt30,"Facile d'accès car juste à côté du Drive Intermarché. Pas d'attente. Prix élevé comme sur les autoroutes, environ 60 cts le kwh. Mais c'est pratique d'avoir des bornes de recharge rapide en ville dans une région qui en manque un peu.",Olumlu,1
301679,Ionity Rochefort,Ionity,Fransa,45.95545871107018,-0.9778164510914849,ChIJfw2-vB9BAUgRJREQQVYWt30,"Emplacement pratique, à côté du supermarché. La première borne ne marchait pas, mais en changeant de borne on a réussi à faire la recharge.",Olumlu,1
301679,Ionity Rochefort,Ionity,Fransa,45.95545871107018,-0.9778164510914849,ChIJfw2-vB9BAUgRJREQQVYWt30,"Petite station bien pratique.

S’il y a du monde, pensez aux autres et respectez le 🪫10-80%🔋, même si vous faites vos courses. Les autres VE vous en remercieront. 😉",Olumlu,1
301679,Ionity Rochefort,Ionity,Fransa,45.95545871107018,-0.9778164510914849,ChIJfw2-vB9BAUgRJREQQVYWt30,"Parfait. Accès pas optimal comme remarqué dans un autre commentaire, mais je n'ai pas eu de soucis.",Olumlu,1
301679,Ionity Rochefort,Ionity,Fransa,45.95545871107018,-0.9778164510914849,ChIJfw2-vB9BAUgRJREQQVYWt30,"Sur la station de recharge, c'est très positif d'avoir des bornes IONITY hors du réseau autoroutier cependant l'accès est compliqué car la route et le parking sont très exigus. Pour ne rien simplifier, dans la même zone il y a le drive de la grande surface, un distributeur de pizza et 2 distributeurs automatiques relais colis. Lors des heures d'affluence, les stationnements sauvages bloquent l'accès aux bornes ! … certaines personnes sont même agressives lorsqu'on le fait remarquer",Olumsuz,-1
474686,PowerDot - Restaurant La Pataterie - Trégueux,Power Dot,Fransa,48.48934652885333,-2.761943662083695,ChIJPd7lLh0dDkgRGU_53L-sIuY,Haut,Olumlu,1
474866,PowerDot - Sogenial - Rivières,Power Dot,Fransa,45.75193321767839,0.3841476602935927,ChIJM3zCFwBG_kcRS893UIFHeD4,"Les bornes ont fonctionné à merveille. Nous sommes arrivés au débit maximum pour notre véhicule, c’est parfait ! Arrêt rapide et efficace !",Olumlu,1
474866,PowerDot - Sogenial - Rivières,Power Dot,Fransa,45.75193321767839,0.3841476602935927,ChIJM3zCFwBG_kcRS893UIFHeD4,Câbles coupés. Bornes HS!,Olumlu,1
474866,PowerDot - Sogenial - Rivières,Power Dot,Fransa,45.75193321767839,0.3841476602935927,ChIJM3zCFwBG_kcRS893UIFHeD4,"Passage 01 septembre 2024, aucune des bornes ne fonctionnent, elles sont toutes éteintes en pleine journée",Olumsuz,-1
474866,PowerDot - Sogenial - Rivières,Power Dot,Fransa,45.75193321767839,0.3841476602935927,ChIJM3zCFwBG_kcRS893UIFHeD4,Plusieurs zones de bornes mais aucun tarif annoncé,Olumsuz,-1
474866,PowerDot - Sogenial - Rivières,Power Dot,Fransa,45.75193321767839,0.3841476602935927,ChIJM3zCFwBG_kcRS893UIFHeD4,Borne éteinte comme souvent avec Powerdot.,Olumsuz,-1
462807,Electra - Frouard - KFC,Electra,Fransa,48.74695249677791,6.149940814663751,ChIJ3cVrCA69lEcRzDWoDK93hbw,"Disponible un samedi de départs en vacances.
Paiement direct carte bleue",Olumsuz,-1
462807,Electra - Frouard - KFC,Electra,Fransa,48.74695249677791,6.149940814663751,ChIJ3cVrCA69lEcRzDWoDK93hbw,"Charge effectuée avec la vitesse maximale autorisée par notre VE.
Aucune attente, système de réservation pratique.

Un KFC est en face si besoin.",Olumlu,1
462807,Electra - Frouard - KFC,Electra,Fransa,48.74695249677791,6.149940814663751,ChIJ3cVrCA69lEcRzDWoDK93hbw,Endroit propre et toutes les bornes fonctionnent.,Olumlu,1
462807,Electra - Frouard - KFC,Electra,Fransa,48.74695249677791,6.149940814663751,ChIJ3cVrCA69lEcRzDWoDK93hbw,"Pratique, près de KFC et d’une boulangerie",Olumlu,1
169552,Ionity Hauconcourt,Ionity,Fransa,49.21518403343032,6.171855032034159,ChIJIdc4cesnlUcR99QqUamV-30,"Bornes en suffisance, il y a aussi les bornes 22kw de leclerc , 30 minutes.possible de manger et consommer autour pendant la charge.",Olumlu,1
169552,Ionity Hauconcourt,Ionity,Fransa,49.21518403343032,6.171855032034159,ChIJIdc4cesnlUcR99QqUamV-30,"Beaucoup de bornes, mais aujourd'hui en tous  charge très lente",Olumsuz,-1
169552,Ionity Hauconcourt,Ionity,Fransa,49.21518403343032,6.171855032034159,ChIJIdc4cesnlUcR99QqUamV-30,Très bien agencé sur le parking du centre E. Leclerc. Par contre le très gros problème de votre station c'est que des personnes qui se rechargent partent au centre faire des achats ou dans l'un des divers restaurant et laisse leurs voitures sans surveillance et donc leur véhicule est chargé mais ne la déplace pas et donc énerve les autres conducteurs qui s'énervent.,Olumlu,1
169552,Ionity Hauconcourt,Ionity,Fransa,49.21518403343032,6.171855032034159,ChIJIdc4cesnlUcR99QqUamV-30,"Superbe station de recharge, il y aura toujours de la place vu le nombre de bornes. En plus, juste en face il y a un restaurant Crescendo bon et pas cher, idéal pour un goûter gourmand le temps de la recharge 😋",Olumlu,1
169552,Ionity Hauconcourt,Ionity,Fransa,49.21518403343032,6.171855032034159,ChIJIdc4cesnlUcR99QqUamV-30,"Recharge effectuée avec une Mégane E-Tech,
Comme habituellement, la 1ere charge pose problème car l’écran reste figé, obligé de déplacer le véhicule sur une deuxième borne afin de lancer la charge.
Mais en général les bornes sont plutôt fonctionnelles.",Nötr,0
154385,Yerville,Izivia (Sodetrel),Fransa,49.669462,0.896854,ChIJkShJu0_v4EcRvjFNj1ncTNc,"Tarif prohibitif
22€ pour 27 kw
Je n'ai jamais eu ce montant de facture !",Olumsuz,-1
154385,Yerville,Izivia (Sodetrel),Fransa,49.669462,0.896854,ChIJkShJu0_v4EcRvjFNj1ncTNc,Borne facile d'accès et aucun problème à la recharge,Olumlu,1
197958,PLAINE HAUTE-PLACE DE LA MAIRIE PARKING SALLE POLYVALENTE,Izivia (Sodetrel),Fransa,48.445023,-2.854698,ChIJmxPLdAsdDkgRCyojBbn7PRs,Le trajet pour y accéder est erroné,Nötr,0
198458,BAR LE DUC,Freshmile,Fransa,48.7571171,5.1928184,ChIJW75Bj5x660cR5obY-_tvO2M,Plutôt fiable et a délivré du 110kwh jusqu’à mes 70%.,Olumlu,1
196661,AIRE DE LA LOZERE,Izivia (Sodetrel),Fransa,44.870074,3.248176,ChIJU4N6xQQusxIRramY3i6cLVE,Prix très compétitifs et deux fois moins cher que ionity,Olumlu,1
196661,AIRE DE LA LOZERE,Izivia (Sodetrel),Fransa,44.870074,3.248176,ChIJU4N6xQQusxIRramY3i6cLVE,Bien placée. Tarifs très compétitifs. Manque juste l'autocharge.,Olumlu,1
196661,AIRE DE LA LOZERE,Izivia (Sodetrel),Fransa,44.870074,3.248176,ChIJU4N6xQQusxIRramY3i6cLVE,"4 chargeurs éteints, Izi ia toujours aussi nul sur les mc do.",Olumsuz,-1
196661,AIRE DE LA LOZERE,Izivia (Sodetrel),Fransa,44.870074,3.248176,ChIJU4N6xQQusxIRramY3i6cLVE,Facile à trouver.,Olumlu,1
196628,Les Viviers - Lège Cap Ferret,SDE76 (FR),Fransa,44.735584,-1.195649,ChIJD1S76AqkVA0RT8m7zv_YMkc,"Dommage, sur 4 bornes 22kw, 2 étaient désactivées.
Et sur les deux autres, que des soucis de connexion. 4 recharges interrompues, sans en connaître la raison.

A côté de ça, service téléphonique assez réactif malgré tout, mais impossible de recharger la voiture, en étant resté plus de 40 min sur place",Olumsuz,-1
196628,Les Viviers - Lège Cap Ferret,SDE76 (FR),Fransa,44.735584,-1.195649,ChIJD1S76AqkVA0RT8m7zv_YMkc,Bien et propre,Olumlu,1
196628,Les Viviers - Lège Cap Ferret,SDE76 (FR),Fransa,44.735584,-1.195649,ChIJD1S76AqkVA0RT8m7zv_YMkc,Bon emplacement,Olumlu,1
196628,Les Viviers - Lège Cap Ferret,SDE76 (FR),Fransa,44.735584,-1.195649,ChIJD1S76AqkVA0RT8m7zv_YMkc,Facile d'accès et pratique pour brancher la voiture à une borne de recharge rapide pendant vos courses !,Olumlu,1
475503,PowerDot - Super U - Podensac,Power Dot,Fransa,44.65562873459479,-0.364684554112614,ChIJic7jzTEUVQ0RzN-FuD5mFvs,"Borne en face du kiosk à pizza.
Tarif élevé pour du Type2, pas de lecteur de carte bleue pour se brancher rapidement.
Pas d'application Power Dot disponible.
Paiement via qrcode mais pas de possibilité de GooglePay ou PayPal.
Jai abandonné l'idée de charger ici, dommage il y a du potentiel.",Olumsuz,-1
210172,Electra - Rennes - Novotel Rennes Alma,Electra,Fransa,48.08182958255901,-1.6827555057420795,ChIJz_jTn03fDkgRwZZsydep5T4,"Ma première charge avec ma toute première voiture électrique. J'ai souscris à l'abonnement Electra+ à 9.99€, pour avoir le kWh à 0,29€. J'ai voulu essayer de charger ma voiture jusque 100% pour voir, en partant de 57% (les prochaines seront faites en 20 à 100% pour optimiser la charge). J'en ai eu pour 5.03€ hors promo, ce qui est plus que raisonnable. L'appli est simple d'usage, les bornes sont facilement accessibles et le top, c'est de pouvoir réserver sa borne et d'activer l'autocharge. Merci Electre 😊.",Olumlu,1
210172,Electra - Rennes - Novotel Rennes Alma,Electra,Fransa,48.08182958255901,-1.6827555057420795,ChIJz_jTn03fDkgRwZZsydep5T4,"Auto charge activée et confirmée sur l'application et pourtant rien ne démarre.
La station me demande de passer par l'application pour finalement m'afficher ""Charge non démarrée*

Du coup suis parti chez le concurrent à côté qui en plus est 2cts moins cher....",Olumsuz,-1
210172,Electra - Rennes - Novotel Rennes Alma,Electra,Fransa,48.08182958255901,-1.6827555057420795,ChIJz_jTn03fDkgRwZZsydep5T4,"Comme d'habitude, station facile d'accès. Recharge effectuée facilement.
Dommage que des abrutis se garent sur une place sans se brancher (d'autant qu'il était noté ""réservé"").",Olumlu,1
210172,Electra - Rennes - Novotel Rennes Alma,Electra,Fransa,48.08182958255901,-1.6827555057420795,ChIJz_jTn03fDkgRwZZsydep5T4,Bonne fréquentation mais certains utilisent ces places pour aller manger au Novotel : charge à 100% voire pas de charge du tout comme ce magnifique véhicule non rechargeable. Un superchargeur est disponible au fond de ce même parking en cas de saturation,Olumlu,1
210172,Electra - Rennes - Novotel Rennes Alma,Electra,Fransa,48.08182958255901,-1.6827555057420795,ChIJz_jTn03fDkgRwZZsydep5T4,"Ces bornes sont très bien placé pas très loin de la rocade sud de Rennes
Pendant la charge, le centre commercial Alma est à proximité pour y aller faire des courses",Olumlu,1
171263,TotalEnergies - Relais Saint Mathurin,TotalEnergies (FR),Fransa,49.40286455916712,2.127957909540214,ChIJjX4o6JkA50cR0KmIyFzdGB4,"Ça y est,  la station de recharge rapide est en service. Ça faisait des mois que j'attendais cela. 2 bornes 175kw avec un abri si jamais il pleut.",Olumlu,1
171263,TotalEnergies - Relais Saint Mathurin,TotalEnergies (FR),Fransa,49.40286455916712,2.127957909540214,ChIJjX4o6JkA50cR0KmIyFzdGB4,Très bonne station très récente. Il y a même des bornes  très rapides pour la recharge des véhicules électrique.,Olumlu,1
171263,TotalEnergies - Relais Saint Mathurin,TotalEnergies (FR),Fransa,49.40286455916712,2.127957909540214,ChIJjX4o6JkA50cR0KmIyFzdGB4,"2 bornes neuves, MAIS 1 seule en fonctionnement normalement (lumière verte). Mais impossible à démarrer la charge pour la voiture connectée !!!!",Olumsuz,-1
171263,TotalEnergies - Relais Saint Mathurin,TotalEnergies (FR),Fransa,49.40286455916712,2.127957909540214,ChIJjX4o6JkA50cR0KmIyFzdGB4,"Propre, carburant permettant plus de kilomètres, mais toujours ce paiement en cabine, le choix carte devrait toujours être possible ...",Olumlu,1
171263,TotalEnergies - Relais Saint Mathurin,TotalEnergies (FR),Fransa,49.40286455916712,2.127957909540214,ChIJjX4o6JkA50cR0KmIyFzdGB4,Indisponible depuis plus d'un mois... Quand va t-il être réparé ?,Olumsuz,-1
469216,Carrefour Energies - Antibes,Allego BV,Fransa,43.60430660918453,7.09101488446413,ChIJm7Pdi9MqzBIRpZaScrPRIQY,Station de rechange très pratique surtout avec la carte Carrefour qui permet de bénéficier d'une heure de rechange gratuite (uniquement en 22 kW). C'est dommage qu'il n'y ait que 4 bornes en 22 kW car du coup il y a un peu d'attente. Pour le reste c'est parfait 👍,Olumlu,1
469216,Carrefour Energies - Antibes,Allego BV,Fransa,43.60430660918453,7.09101488446413,ChIJm7Pdi9MqzBIRpZaScrPRIQY,"Toujours en panne, procédure pour lancer une charge compliquée, on est à des années lumières des Superchargeur Tesla…
Et très cher…",Olumsuz,-1
469216,Carrefour Energies - Antibes,Allego BV,Fransa,43.60430660918453,7.09101488446413,ChIJm7Pdi9MqzBIRpZaScrPRIQY,Rien ne fonctionne ici comme d'habitude,Olumsuz,-1
469216,Carrefour Energies - Antibes,Allego BV,Fransa,43.60430660918453,7.09101488446413,ChIJm7Pdi9MqzBIRpZaScrPRIQY,"Les bornes de recharge sont accessibles uniquement pendant les heures d'ouverture du supermarché. En dehors de ces heures, le site est fermé.

La vitesse de recharge est excellente.",Olumsuz,-1
165440,Avenue François Mitterrand,MObiVE,Fransa,43.38165378833884,-1.6647271467245446,ChIJJT5Md-8RUQ0RXEicjM1UWr8,"Mal positionnée sur maps. Elle se trouve sur le parking de l'école Marinela.
Disponible et en fonction",Olumsuz,-1
165440,Avenue François Mitterrand,MObiVE,Fransa,43.38165378833884,-1.6647271467245446,ChIJJT5Md-8RUQ0RXEicjM1UWr8,Aucune borne de recharge disponible,Olumsuz,-1
462954,Electra - Basse-Goulaine - E.Leclerc,Electra,Fransa,47.18642985945476,-1.4675173745126813,ChIJ_c_7ihjmBUgRGrMXYmYm-cM,"Hors de prix !!!
30,814 kWh pour 40,46 € !!!!
Les bornes viennent d'être installées. A ce tarif là, il y aura souvent de la place libre.",Olumsuz,-1
471668,Mobilize - Renault Sens,Mobilize (FR),Fransa,48.2167787198014,3.276436345010893,ChIJUy6zFmwQ70cREeo7W0eCsKk,Station de recharge rapide et efficace. A l’abris des intempéries. Tarifs attractifs et proximité du Leclerc et du Burger King,Olumlu,1
471668,Mobilize - Renault Sens,Mobilize (FR),Fransa,48.2167787198014,3.276436345010893,ChIJUy6zFmwQ70cREeo7W0eCsKk,"40% de charge en une heure ?
On est très loin de la charge rapide promise… alors que le prix, lui,…
Ouch !",Olumsuz,-1
463245,Fastned - Illies,FastNed,Fransa,50.5485920876346,2.8260672541237,ChIJr4NPWoUv3UcRbMJNbLDVqqE,"Facile d’accès mode de recharge facile
Endroit propre
Reste à revoir le prix à 0,59 kwh",Olumlu,1
463245,Fastned - Illies,FastNed,Fransa,50.5485920876346,2.8260672541237,ChIJr4NPWoUv3UcRbMJNbLDVqqE,Puissance maximale 140 kW,Nötr,0
197161,JOG01 - BOULEVARD LOUIS PRADEL,Izivia (Sodetrel),Fransa,45.795544,5.048532,ChIJlak5ns7H9EcRgTP46efr7X0,"Il n'y a que 4 bornes de disponibles à 150kwh. Je n'ai pas eu de problème de parking, 30cts heure creuse et 35 sinon, c'est raisonnable mais beaucoup plus long à charger que prévu. C'est dans le parking Mac do, venir dans les heures donc.",Olumlu,1
197161,JOG01 - BOULEVARD LOUIS PRADEL,Izivia (Sodetrel),Fransa,45.795544,5.048532,ChIJlak5ns7H9EcRgTP46efr7X0,"Catastrophique !!! Ouvert mais arrivé devant, fermé !!! Ou indisponible...
En face du mc do, donc pas ouvert avant 9h... Libre service ??? Mais indisponible quand on en a besoin... Triste.",Olumsuz,-1
197161,JOG01 - BOULEVARD LOUIS PRADEL,Izivia (Sodetrel),Fransa,45.795544,5.048532,ChIJlak5ns7H9EcRgTP46efr7X0,"Je mets une étoile parce qu'on ne peut pas en mettre moins. Ce lieu de recharge est une pure escroquerie. Si vous avez le malheur de venir en dehors des heures d'ouverture du McDo, cela vous en coûtera 15€ pour sortir du partir, et ce, peu importe si vous n'êtes resté qu'une seconde. Ignobles voleurs.",Olumsuz,-1
197161,JOG01 - BOULEVARD LOUIS PRADEL,Izivia (Sodetrel),Fransa,45.795544,5.048532,ChIJlak5ns7H9EcRgTP46efr7X0,Bonjour station de recharge à fuir !!!!!!  Une fois la recharge terminée pour sortir il mon demandé de payé 15euros c’est inadmissible ci j’aurais su jamais j’aurais rechargé mon véhicule  je la déconseille fortement  cette station,Olumsuz,-1
197161,JOG01 - BOULEVARD LOUIS PRADEL,Izivia (Sodetrel),Fransa,45.795544,5.048532,ChIJlak5ns7H9EcRgTP46efr7X0,"Il faut venir aux horaires d'ouverture du mac do, sinon le parking est fermé et hors de prix.",Nötr,0
196926,GARAT - PARKING SAINTE-CATHERINE,Izivia (Sodetrel),Fransa,45.622856,0.250935,ChIJKQDQZHMz_kcR75W2vA69ycM,Ne marche plus,Olumsuz,-1
469802,Atlante - A10 - Aire de service de Meillac (direction Saintes),Atlante,Fransa,44.974757193183336,-0.4323477688953971,ChIJcbMUZpMyVQ0RGvQFhPvfw-4,Beaucoup de places dispo dimanche 3 août au matin. Mais pb avec une borne dont le connecteur ne detecte pas la connexion à la voiture. On a changé de borne et tout est rentré dans l'ordre.,Olumsuz,-1
469802,Atlante - A10 - Aire de service de Meillac (direction Saintes),Atlante,Fransa,44.974757193183336,-0.4323477688953971,ChIJcbMUZpMyVQ0RGvQFhPvfw-4,Parfait - espace recharge 👍🏻 superchargeur de 300 kw - ras - tout le parc  est en fonctionnement et nickel -  très proche de l'entrée secondaire de la boutique de la station Esso.,Olumlu,1
469802,Atlante - A10 - Aire de service de Meillac (direction Saintes),Atlante,Fransa,44.974757193183336,-0.4323477688953971,ChIJcbMUZpMyVQ0RGvQFhPvfw-4,"Charge adaptée à mon véhicule. Disponibilité des bornes.
Propreté de la zone de charge.",Olumlu,1
469802,Atlante - A10 - Aire de service de Meillac (direction Saintes),Atlante,Fransa,44.974757193183336,-0.4323477688953971,ChIJcbMUZpMyVQ0RGvQFhPvfw-4,les deux bornes HS aujourd’hui pour ma charge,Olumlu,1
264510,R3 Norauto - Sélestat,R3,Fransa,48.28046275687487,7.462172900884639,ChIJA0RzoR5FkUcR9n3G9U1p4As,"Recharge effectuée sur la borne, quelle surprise de voir qu’on m’a facturé 32kwh au lieu de 9kwh.

Mail fait pour réclamation resté sans réponse…
Numéro de téléphone sur la borne = on nous dit de faire un mail.

Je déconseille fortement ce réseau qui malgré une identification par CB a réussi à me facturer la session d’une autre personne ….

A FUIR !!!!",Olumsuz,-1
264510,R3 Norauto - Sélestat,R3,Fransa,48.28046275687487,7.462172900884639,ChIJA0RzoR5FkUcR9n3G9U1p4As,"Sur le parking Norauto, caché à côté du restaurant. Pas idéal pour aller faire ses courses au Leclecq. La charge commence fort à 150 kw mais tombe très vite en dessous de 100.",Olumsuz,-1
264510,R3 Norauto - Sélestat,R3,Fransa,48.28046275687487,7.462172900884639,ChIJA0RzoR5FkUcR9n3G9U1p4As,La ccs numéro 2 n’a pas fonctionné (erreur de com) la 3 a démarré sans problème. Pourtant disponible sans défaut signalé attention,Olumsuz,-1
264510,R3 Norauto - Sélestat,R3,Fransa,48.28046275687487,7.462172900884639,ChIJA0RzoR5FkUcR9n3G9U1p4As,Temps de charge moyen. La borne de recharge est très lente sur l'écran tactile ; nous n'avons pas pu arrêter la voiture. À éviter.,Olumsuz,-1
264510,R3 Norauto - Sélestat,R3,Fransa,48.28046275687487,7.462172900884639,ChIJA0RzoR5FkUcR9n3G9U1p4As,"Borne de recharge à 150 kW, supermarché et boulangerie à proximité, endroit idéal pour faire une pause, proche de l'autoroute",Olumlu,1
475737,PowerDot - Intermarché - Anneyron,Power Dot,Fransa,45.274308660690366,4.896979828656299,ChIJe62xtOc79UcRCWqCM6L3P_A,"L'emplacement de la borne de recharge sur le parking Intermarché était idéal. Malheureusement, elle n'a pas accepté ma carte RFID ; j'ai donc dû l'activer à distance. J'ai voulu utiliser la borne de recharge de 22 kW, mais elle démarrait, fonctionnait quelques minutes, puis s'arrêtait. J'ai finalement pu utiliser la borne de recharge rapide de 50 kW.",Olumsuz,-1
166654,Issy Les moulineaux,Electric 55 Charging (FR),Fransa,48.822768,2.249937,ChIJabmGgfR65kcRt0v94tfFGdg,"Super service équipe très dynamique et très sympathique
Bravo Nicolas pour tous les problèmes que vos avez résolus
Connait bien son sujet très technique.
Hubert",Olumlu,1
166654,Issy Les moulineaux,Electric 55 Charging (FR),Fransa,48.822768,2.249937,ChIJabmGgfR65kcRt0v94tfFGdg,"Toujours des places de libre. Par contre c'est de l'autre côté de la rue, en face du pressing.",Nötr,0
463255,Fastned - Émerainville,FastNed,Fransa,48.821801372886654,2.6161041660708406,ChIJz7sEFpcP5kcRzIuN7mlK1Wo,"Fonctionne parfaitement, merci Fastned !",Olumlu,1
463255,Fastned - Émerainville,FastNed,Fransa,48.821801372886654,2.6161041660708406,ChIJz7sEFpcP5kcRzIuN7mlK1Wo,"Super bien placé ; Au bord de la n 104;  Accès facile et rapide
Burger King avec terrasse  et restaurants italiens
Fonctionne parfaitement avec la carte  TotalEnergies de mon entreprise ,
J'écris cet avis Pendant que le véhicule recharge ;  (Je suis le seul à recharger  )La recharge est super rapide ,  30% en 20min 😆",Olumlu,1
471661,Mobilize - Renault Marignane,Mobilize (FR),Fransa,43.41795777296815,5.228165914801139,ChIJQ9QJcp7oyRIRHKXG5mqQfm0,"Super installation. Très facile d’utilisation. Charge rapide.  Super application de suivi de la charge qui permet de faire ses courses en suivant l’opération. Le
Top !!!",Olumlu,1
471661,Mobilize - Renault Marignane,Mobilize (FR),Fransa,43.41795777296815,5.228165914801139,ChIJQ9QJcp7oyRIRHKXG5mqQfm0,Bien pratique. Rapide. Un peu cher.,Olumlu,1
189791,Tesla Supercharger Blois,Tesla (including non-tesla),Fransa,47.61193065752303,1.3393667199758283,ChIJwcdbeL6n5EcRAkTXh_rZJpw,"Route en terre boueuse avec des gros cratères, une model 3 sous une forte pluie risque de s'embourber...  Aucun toilette accessible la nuit mais c'est le privilège classique Tesla... Heureusement la borne est récente et donc rapide et proche de l'autoroute.",Nötr,0
189791,Tesla Supercharger Blois,Tesla (including non-tesla),Fransa,47.61193065752303,1.3393667199758283,ChIJwcdbeL6n5EcRAkTXh_rZJpw,"L'accès à ce superchargeur est un vrai champ de mines.. Des trous partout, un sol en sable qui salis énormément l'intérieur du véhicule.
Heureusement que cela charge bien et que le reste du site est propre, sinon je mettais 1 etoile",Olumsuz,-1
189791,Tesla Supercharger Blois,Tesla (including non-tesla),Fransa,47.61193065752303,1.3393667199758283,ChIJwcdbeL6n5EcRAkTXh_rZJpw,"C'est honteux, l'accès est chaotique. Il faudrait clarifier si nous avons acheté des 4x4 ou des voitures, car la route est pleine de nid- de-poule, et l'état des véhicules devient déplorable. La situation est vraiment inacceptable!
Cela fait des mois !",Olumsuz,-1
189791,Tesla Supercharger Blois,Tesla (including non-tesla),Fransa,47.61193065752303,1.3393667199758283,ChIJwcdbeL6n5EcRAkTXh_rZJpw,"Pratique lorsque que l'on sort de l'autoroute !
Et pas mal de stèles.
Mais... L'accès est en terre jonché de nids de poules : c'est inadmissible ! 😠 D'autant plus qu'il pleuvait : c'est boueux car revêtement non goudronné ! 🫣🙄
Heureusement que j'ai un Model Y car il est un peu haut pour la garde au sol...

La brasserie ☕  à côté offre 10% de remise pour les utilisateurs du SuC ! 😉",Nötr,0
189791,Tesla Supercharger Blois,Tesla (including non-tesla),Fransa,47.61193065752303,1.3393667199758283,ChIJwcdbeL6n5EcRAkTXh_rZJpw,"Facile d’accès et peu de monde!
Pas de toilettes le dimanche ou lorsque magasin fermé !
Poubelles qui débordent.
Station sur du sable, on salit toute la voiture.
Bornes qui fonctionne parfaitement.",Olumlu,1
462862,Electra - Courbevoie - Hôtel Ibis Budget,Electra,Fransa,48.89526485260564,2.26173048718465,ChIJoxR1SXRl5kcRaDwZGFv4gMU,"C’est une honte que l’hôtel Ibis fasse payer en plus le stationnement après la recharge 3,20 euros pour une demi-heure. Plus jamais sur ce site.",Olumsuz,-1
462862,Electra - Courbevoie - Hôtel Ibis Budget,Electra,Fransa,48.89526485260564,2.26173048718465,ChIJoxR1SXRl5kcRaDwZGFv4gMU,"Attention l'accès se fait sur le parking de l'hôtel ibis, qui est payant !! Soit disant 10 min gratuites,  mais tout de même facturé à la sortie.
Bien si vous résidez à l'hôtel ...
Sinon les bornes Electra au top !",Nötr,0
462862,Electra - Courbevoie - Hôtel Ibis Budget,Electra,Fransa,48.89526485260564,2.26173048718465,ChIJoxR1SXRl5kcRaDwZGFv4gMU,LA STATION ELECTRA de L'Hotel CAMPANILE ARGENTEUIL ça fait PLUSIEURS JOURS QU'IL Y A 4 BORNES EN PANNE SUR 6 ET TOUJOURS PAS réparer UNE CATASTROPHE malgré mon appel (sans compter qu'ils le savent et la seul réponse un Technicien à été demandé il va venir intervenir) il vient du GROENLAND  pour mettre autant de temps.......... ET ce n'est pas la seul station dans cette situation de nombreux manquement s'installe sans compte les mise à jours non stop de leur application qui souvent instable,Olumsuz,-1
462862,Electra - Courbevoie - Hôtel Ibis Budget,Electra,Fransa,48.89526485260564,2.26173048718465,ChIJoxR1SXRl5kcRaDwZGFv4gMU,"Très bien avec Chargemap en 150kWh, mais il faut avoir l'appli Electra et ce sera très rapide en 300kWh et bien-sûr le prix est plus cher 😔.",Olumlu,1
462862,Electra - Courbevoie - Hôtel Ibis Budget,Electra,Fransa,48.89526485260564,2.26173048718465,ChIJoxR1SXRl5kcRaDwZGFv4gMU,Super station de recharge rapide à Courbevoie. Très pratique. Excellent service Electra. Génial de pouvoir réserver sur l’application.,Olumlu,1
195032,Carrefour Energies - Fécamp,Allego BV,Fransa,49.75422613127893,0.372377202176267,ChIJd18vHkFr4EcRUo3t9tDqZ4w,"Impossible de se connecter. Essai sur trois bornes 150kwh.
Dommage car bien situé. Ai du poussé jusque dieppe pour superchargertesla !!!
😣",Olumsuz,-1
195032,Carrefour Energies - Fécamp,Allego BV,Fransa,49.75422613127893,0.372377202176267,ChIJd18vHkFr4EcRUo3t9tDqZ4w,"Places visibles bornes libre et en bonne état il suffit de se connecter et payer 0,49ct du kwh
Raisonnable pour le coin 👍 ont peut même faire des courses en attendant 👌🏼",Olumlu,1
195032,Carrefour Energies - Fécamp,Allego BV,Fransa,49.75422613127893,0.372377202176267,ChIJd18vHkFr4EcRUo3t9tDqZ4w,"Ça ne fonctionne pas. On est censé avec une heure gratuite sur les bornes 22kw, mais ça marche jamais. L'arnaque.",Olumsuz,-1
195032,Carrefour Energies - Fécamp,Allego BV,Fransa,49.75422613127893,0.372377202176267,ChIJd18vHkFr4EcRUo3t9tDqZ4w,"Station très cher 0,49 cts le kW, station 150 kW mais qui fourni que 80kw pendant la charge, bref a eviter",Olumsuz,-1
195032,Carrefour Energies - Fécamp,Allego BV,Fransa,49.75422613127893,0.372377202176267,ChIJd18vHkFr4EcRUo3t9tDqZ4w,Bonne expérience de recharge.,Olumlu,1
265846,Carrefour Energies - Uzès,Allego BV,Fransa,43.98990730716904,4.429190529907601,ChIJx8Kmx_LKtRIROALcq6ovZ10,"Rapide, souvent disponible, on peut faire quelques courses ou flâner dans la galerie marchande en attendant.",Olumlu,1
265846,Carrefour Energies - Uzès,Allego BV,Fransa,43.98990730716904,4.429190529907601,ChIJx8Kmx_LKtRIROALcq6ovZ10,"Top ,pas d'attente , recharge pendant qu'on fait les courses ,1h gratuit sur la type 2 avec la carte fidélité carrefour 👌",Olumlu,1
265846,Carrefour Energies - Uzès,Allego BV,Fransa,43.98990730716904,4.429190529907601,ChIJx8Kmx_LKtRIROALcq6ovZ10,Prise 22kw/h ne fonctionne pas !! Scandaleux...,Olumsuz,-1
464290,Allego - Au Bureau Cambrai,Allego BV,Fransa,50.17788612076208,3.2177918094241704,ChIJcZoAI3W7wkcRFygNxpUWvnM,"Impeccable.
Connexion aisée et charge rapide.",Olumlu,1
464290,Allego - Au Bureau Cambrai,Allego BV,Fransa,50.17788612076208,3.2177918094241704,ChIJcZoAI3W7wkcRFygNxpUWvnM,"Emplacement agréable avec une bonne boulangerie et un restaurant. Cependant, la borne de recharge CCS est très lente : seulement 45 kW. Donc, si vous avez besoin d'une recharge complète, cela prendra un temps fou.",Nötr,0
464290,Allego - Au Bureau Cambrai,Allego BV,Fransa,50.17788612076208,3.2177918094241704,ChIJcZoAI3W7wkcRFygNxpUWvnM,"Parfait, deux chargeurs, donc quatre prises. Restauration et boissons disponibles sur place. Chargeurs neufs et de qualité, aucun problème.",Olumlu,1
464290,Allego - Au Bureau Cambrai,Allego BV,Fransa,50.17788612076208,3.2177918094241704,ChIJcZoAI3W7wkcRFygNxpUWvnM,"J'avais vérifié la disponibilité à l'avance et je n'ai pas eu à attendre pour utiliser la borne de recharge rapide. En attendant, je suis allé manger un hamburger en terrasse (à 10 mètres de là).",Olumsuz,-1
464290,Allego - Au Bureau Cambrai,Allego BV,Fransa,50.17788612076208,3.2177918094241704,ChIJcZoAI3W7wkcRFygNxpUWvnM,Seulement 89 kW au lieu de 150,Olumsuz,-1
479014,Tesla Supercharger Brive-la-Gaillarde,Tesla (including non-tesla),Fransa,45.14681869945289,1.4803039248545249,ChIJXcwYEdC8-EcRMnEnkbNGmAw,Ce n'est pas une station DRIVE ECO mais mobilize Fast charge,Nötr,0
479014,Tesla Supercharger Brive-la-Gaillarde,Tesla (including non-tesla),Fransa,45.14681869945289,1.4803039248545249,ChIJXcwYEdC8-EcRMnEnkbNGmAw,"Très satisfait par cette station Mobilize, recharge rapide et matériel récent, facile d’utilisation.",Olumlu,1
166396,Héric | Avenue de l'Erette,Sydego,Fransa,47.380213,-1.644031,ChIJ7b9ZaMj0BUgRH7n_tKbieN0,"L'état actuel des bornes de recharge est inacceptable. Il est inadmissible de multiplier les installations si elles ne sont pas fonctionnelles. Il serait peut-être temps de considérer sérieusement le déploiement de bornes Tesla, reconnues pour leur fiabilité.",Olumsuz,-1
166396,Héric | Avenue de l'Erette,Sydego,Fransa,47.380213,-1.644031,ChIJ7b9ZaMj0BUgRH7n_tKbieN0,"Charge opérationnelle et rapide (42kW).
Un peu moins de 2h pour une charge complète de e-Niro.",Olumlu,1
166396,Héric | Avenue de l'Erette,Sydego,Fransa,47.380213,-1.644031,ChIJ7b9ZaMj0BUgRH7n_tKbieN0,Borne non fonctionnelle,Olumsuz,-1
166396,Héric | Avenue de l'Erette,Sydego,Fransa,47.380213,-1.644031,ChIJ7b9ZaMj0BUgRH7n_tKbieN0,Borne rapide super,Olumlu,1
166396,Héric | Avenue de l'Erette,Sydego,Fransa,47.380213,-1.644031,ChIJ7b9ZaMj0BUgRH7n_tKbieN0,"Fonctionnement impeccable. J'ai utilisé ma carte Kia Charge RFID sans aucun problème. Chargeur basique, sans options de langue sur l'écran LCD. J'obtenais une puissance de charge de 50 kWh. Aucun autre véhicule n'était branché. Seulement une prise CCS, une de type 2 et une de Chademo disponibles. Très pratique pour recharger ma batterie pendant que je faisais une pause au McDonald's voisin !",Olumlu,1
203886,Carrefour Energies - Barentin,Allego BV,Fransa,49.53559026508918,0.967476305679611,ChIJhZzDl03v4EcRowyxIUiSyLQ,Vraiment pas assez de borne 22kw franchement quand on vient faire c'est course et que ont doit attendre 1h pour avoir une place pour se charger franchement c'est limite vous devriez vous doutez que le marché des voiture electrique augmente et que la demande augmente 🤷‍♂️🤷‍♂️,Olumsuz,-1
203886,Carrefour Energies - Barentin,Allego BV,Fransa,49.53559026508918,0.967476305679611,ChIJhZzDl03v4EcRowyxIUiSyLQ,"J'avais écrit un très mauvais avis sur ces bornes qui depuis ont été remplacées par une nouvelle génération, la fiabilité et simplicité d'usage sont désormais au RDV! Il faut savoir dire quand ça se passe bien et c'est maintenant le cas 👍",Olumlu,1
203886,Carrefour Energies - Barentin,Allego BV,Fransa,49.53559026508918,0.967476305679611,ChIJhZzDl03v4EcRowyxIUiSyLQ,"Bien situé
Dommage qu'une nissan leaft se charge sur prise trottinette en se garant sur une borne de recharge 22kw presque tout les jours et toute la journée, sans compter sur les voiturettes électriques!!!",Olumlu,1
203886,Carrefour Energies - Barentin,Allego BV,Fransa,49.53559026508918,0.967476305679611,ChIJhZzDl03v4EcRowyxIUiSyLQ,Ne fonctionne pas correctement sur les 300kw obligé d'aller charger ailleurs,Olumsuz,-1
203886,Carrefour Energies - Barentin,Allego BV,Fransa,49.53559026508918,0.967476305679611,ChIJhZzDl03v4EcRowyxIUiSyLQ,"Rapide et facile d utilisation
Accès au borne facile également",Olumlu,1
195992,Résidence les calanques,Electromaps,Fransa,41.908579309038,8.657888301758055,ChIJG95SAz1D2hIRPOHC1wtqQ00,Tres Bon accueil téléphonique après appel au numéro affiché sur la borne. Résolution de la difficulté en direct. Merci pour cette réactivité.,Olumlu,1
195992,Résidence les calanques,Electromaps,Fransa,41.908579309038,8.657888301758055,ChIJG95SAz1D2hIRPOHC1wtqQ00,Gros problème de disponibilité des bornes qui sont utilisées comme places de stationnement par n’importe quel véhicule,Olumsuz,-1
195992,Résidence les calanques,Electromaps,Fransa,41.908579309038,8.657888301758055,ChIJG95SAz1D2hIRPOHC1wtqQ00,"0,75cts/kw
150kw combo CCS
Paiement par carte bancaire en sans contact, appli emotum non obligatoire mais très complète.",Olumlu,1
175057,Ionity Larzac,Ionity,Fransa,43.985279,3.183078,ChIJUU5sAFrJsxIROzqbV12XB_I,"Bornes efficaces, même si elles semblent avoir du mal à communiquer avec l’application Electra. La charge s’est toutefois bien déroulée. Les bornes sont assez éloignées de la zone de services et ne sont pas abritées, ce qui n’est pas idéal par mauvais temps. L’aire de service propose tout ce qu’il faut, mais les installations commencent à être vétustes.",Nötr,0
175057,Ionity Larzac,Ionity,Fransa,43.985279,3.183078,ChIJUU5sAFrJsxIROzqbV12XB_I,"Je me suis arrêtée par hasard il y a plein de produits aveyronnais aligot roquefort gâteau à la broche... des produits à base de laine on peut y dormir manger. Il y a même des fruits et légumes. Très sympathique et les machines à boissons cafe chocolat très facile d utilisation.  Très sympa mais attention pas d essence et wc pas très propres

Statues très belles",Nötr,0
175057,Ionity Larzac,Ionity,Fransa,43.985279,3.183078,ChIJUU5sAFrJsxIROzqbV12XB_I,"Le restaurant Léonie vaut le détour pour ses produits de la région et sa cuisine.
Les bornes IONITY fonctionnent très bien, connexion immédiate, puissance maxi de la voiture dès la connexion (110kW) .",Olumlu,1
175057,Ionity Larzac,Ionity,Fransa,43.985279,3.183078,ChIJUU5sAFrJsxIROzqbV12XB_I,5 chargeurs pour trouver bonheur et se restaurer en attendant votre charge.,Olumlu,1
175057,Ionity Larzac,Ionity,Fransa,43.985279,3.183078,ChIJUU5sAFrJsxIROzqbV12XB_I,"Au top. Toutes les bornes fonctionnent. Rechargement parfait.
Par contre Waze voulait absolument me faire sortir avant l’aire. Mais les bornes de rechargement sont bien sur l’aire du Larzac sur la A75",Olumlu,1
209850,Electra - Sérézin-du-Rhône - BYD,Electra,Fransa,45.63507389850509,4.822251100809467,ChIJ4z5e68bn9EcRwyiEnpHwqfg,"Bornes disponibles et fonctionnelles. Attention contrairement à la description actuelle les places sont devant un garage Point S et le concessionnaire est un BYD. L'entrée du parking pour les bornes n'est pas commune avec les garages, en face de Chapuy dépannage.",Nötr,0
209850,Electra - Sérézin-du-Rhône - BYD,Electra,Fransa,45.63507389850509,4.822251100809467,ChIJ4z5e68bn9EcRwyiEnpHwqfg,"Le tout est neuf,
Fonctionne parfaitement.
180kw en pointe.
Très bien.",Olumlu,1
209850,Electra - Sérézin-du-Rhône - BYD,Electra,Fransa,45.63507389850509,4.822251100809467,ChIJ4z5e68bn9EcRwyiEnpHwqfg,Sur les 4 bornes la plupart des cables ayant été volés il reste un cable ccs et un cmos. Quel gâchis !,Olumsuz,-1
209850,Electra - Sérézin-du-Rhône - BYD,Electra,Fransa,45.63507389850509,4.822251100809467,ChIJ4z5e68bn9EcRwyiEnpHwqfg,Bonne station de charge bien située. 200 kw en crête.,Olumlu,1
209850,Electra - Sérézin-du-Rhône - BYD,Electra,Fransa,45.63507389850509,4.822251100809467,ChIJ4z5e68bn9EcRwyiEnpHwqfg,Site horrible sans service ni abri,Olumsuz,-1
470412,TotalEnergies - Relais de la Sarthe,TotalEnergies (FR),Fransa,47.99603217130408,0.1864933143971257,ChIJpV7AAkqP4kcRZRkDmTzaMsw,"Les stations ne fonctionnaient pas, le QR code n'était pas reconnu, le personnel de la station service ne peut pas intervenir et le centre d'appel supposé aider n'était même pas capable de trouver la station. Ils demandent un numéro qui devrait se trouver sur le QR code sauf qu'il n'est pas mentionné, il me demande de chercher un site internet introuvable, et quand après plus de 15 minutes au téléphone je lui dit que ça devient ridicule il me raccroche au nez.
Un service déplorable",Olumsuz,-1
470412,TotalEnergies - Relais de la Sarthe,TotalEnergies (FR),Fransa,47.99603217130408,0.1864933143971257,ChIJpV7AAkqP4kcRZRkDmTzaMsw,Chargeur fonctionnel. Pas de toilettes dans la station Total.,Olumlu,1
470027,Engie-Vianeo - B&B Hôtel Nantes Parc Expos La Beaujoire,Engie,Fransa,47.25312640259202,-1.5139605577057864,ChIJBZiC5rHvBUgRjqbLd1D2ZNs,"Lieu facilement accessible et très bien entretenu. Les bornes de recharge à forte capacité sont modernes, propres et parfaitement fonctionnelles. Les emplacements sont larges et bien conçus, y compris pour les véhicules utilitaires, ce qui facilite grandement les manœuvres et la recharge. Un site propre, clair et pratique, conforme à ce que l’on attend d’une infrastructure de qualité.",Olumlu,1
470027,Engie-Vianeo - B&B Hôtel Nantes Parc Expos La Beaujoire,Engie,Fransa,47.25312640259202,-1.5139605577057864,ChIJBZiC5rHvBUgRjqbLd1D2ZNs,Impeccable. Connexion rapide et aussi simple en paiement par CB que par abonnement chargemap.,Olumlu,1
470027,Engie-Vianeo - B&B Hôtel Nantes Parc Expos La Beaujoire,Engie,Fransa,47.25312640259202,-1.5139605577057864,ChIJBZiC5rHvBUgRjqbLd1D2ZNs,Borne sur le parking de l’hotel. Tres pratique et accessible en permanence.,Olumlu,1
475510,PowerDot - Bricomarché - Aire-sur-l'Adour,Power Dot,Fransa,43.73259392522033,-0.2666749425443413,ChIJX8fLqXQLVg0RJvMN7q3FS7E,"Une interface tactile qui ne marche pas, encore une borne inutile",Olumsuz,-1
475510,PowerDot - Bricomarché - Aire-sur-l'Adour,Power Dot,Fransa,43.73259392522033,-0.2666749425443413,ChIJX8fLqXQLVg0RJvMN7q3FS7E,Une interface simple et pratique,Olumlu,1
463235,Electra - La Ricamarie - Carrefour,Electra,Fransa,45.4112445408397,4.373881083387005,ChIJtUbjftuu9UcR-77BOHqF22A,Facile,Olumlu,1
238374,Rue d'Alsace - Lidl,Lidl,Fransa,48.2775353,6.96235998,ChIJW9WZTrfuk0cRa7UqavQ0M6M,"L’écran ne fonctionne pas depuis un certain
moment, et de ce fait impossible de selectionner une methode de chargement… À régler au plus vite !",Olumsuz,-1
238374,Rue d'Alsace - Lidl,Lidl,Fransa,48.2775353,6.96235998,ChIJW9WZTrfuk0cRa7UqavQ0M6M,Tentative de connexion par hasard et ça fonctionne nickel sur le chargeur combo ccs 120kw 👌 Véhicule : MG5,Olumlu,1
238374,Rue d'Alsace - Lidl,Lidl,Fransa,48.2775353,6.96235998,ChIJW9WZTrfuk0cRa7UqavQ0M6M,Très bonne borne de recharge souvent libre et efficace. J'ai jamais eu de problème et j'ai jamais attendu. Meilleur rapport qualité prix.,Olumlu,1
238374,Rue d'Alsace - Lidl,Lidl,Fransa,48.2775353,6.96235998,ChIJW9WZTrfuk0cRa7UqavQ0M6M,"Repérage de  ce super marché avec borne pour VE , non testé encore à ce jour . Magasin très propre et bien garnie .",Olumlu,1
238374,Rue d'Alsace - Lidl,Lidl,Fransa,48.2775353,6.96235998,ChIJW9WZTrfuk0cRa7UqavQ0M6M,Borne éteinte arrivée a 21h,Olumsuz,-1
196248,INTERMARCHE BAYONNE,Izivia (Sodetrel),Fransa,43.49184,-1.45285,ChIJlegWmrdAUQ0RPXLDeLK7eHs,"Encore en panne longue la recharge rapide de gauche
Maintenant que cela marche se coupe à 70% du coup faut re brancher. Déjà pénible qd on est handi …Ou pas",Olumsuz,-1
196248,INTERMARCHE BAYONNE,Izivia (Sodetrel),Fransa,43.49184,-1.45285,ChIJlegWmrdAUQ0RPXLDeLK7eHs,Mauvais et très cher,Olumsuz,-1
196248,INTERMARCHE BAYONNE,Izivia (Sodetrel),Fransa,43.49184,-1.45285,ChIJlegWmrdAUQ0RPXLDeLK7eHs,L'infrastructure pour véhicules électriques est catastrophique.,Olumsuz,-1
165518,ONDRES - Place Richard Feuillet,MObiVE,Fransa,43.56206512,-1.446481228,ChIJ28v9cfdDUQ0RTFGJRj_dhxQ,"1ère charge hors abonnement et effectivement la tarification en 50kW est élevée (0.319€/min). 84km récupéré /h.
Je vais prendre un abonnement pour bénéficier du tarif bien plus avantageux (-34%)",Olumlu,1
165518,ONDRES - Place Richard Feuillet,MObiVE,Fransa,43.56206512,-1.446481228,ChIJ28v9cfdDUQ0RTFGJRj_dhxQ,12€ de recharge pour gagner 16km d'autonomie... Tarifs trop élevés,Olumsuz,-1
165518,ONDRES - Place Richard Feuillet,MObiVE,Fransa,43.56206512,-1.446481228,ChIJ28v9cfdDUQ0RTFGJRj_dhxQ,"Impossible de recharger notre voiture, leur site ne marche pas. Mail obligatoire, on n'arrive pas à mettre notre mail. Borne inutile !",Olumsuz,-1
165518,ONDRES - Place Richard Feuillet,MObiVE,Fransa,43.56206512,-1.446481228,ChIJ28v9cfdDUQ0RTFGJRj_dhxQ,"7 kms d'autonomie = 10,5€.... trop cher.",Olumsuz,-1
462729,Tesla Supercharger Porto-Vecchio,Tesla (including non-tesla),Fransa,41.57086650689254,9.273782448109388,ChIJ0cpQRomB2RIR4yoausNJ5HE,"Top les recharge rapide de tesla.
Ca serait bien de prevoir des protections quand il pleut ou en cas de forte chaleur pour pouvoir se mettre à l abri.
On ne voit pas quand elles ne fonctionnement sinon y a un truc que je n ai pas compris.",Olumlu,1
462729,Tesla Supercharger Porto-Vecchio,Tesla (including non-tesla),Fransa,41.57086650689254,9.273782448109388,ChIJ0cpQRomB2RIR4yoausNJ5HE,"Superchargeur nouvelle génération ouvert il y a 1 mois dans une station service avec toilettes, distributeur de café, boissons, glaces etc… petite terrasse et salle climatisée. Les commodités sont ouvertes jusqu’à 22h.
Accueil très sympa.",Olumlu,1
462729,Tesla Supercharger Porto-Vecchio,Tesla (including non-tesla),Fransa,41.57086650689254,9.273782448109388,ChIJ0cpQRomB2RIR4yoausNJ5HE,Efficace et prix corrects !,Olumlu,1
462729,Tesla Supercharger Porto-Vecchio,Tesla (including non-tesla),Fransa,41.57086650689254,9.273782448109388,ChIJ0cpQRomB2RIR4yoausNJ5HE,"Utilisé à deux reprises lors de mon séjour à Porto-vechio.
Prix très abordable 0,21 au 23/04/2026.
Et ce tarif toute la journée.
La station s’est bien rempli en peux de temps.
Pas d’attente pour la recharge en tout cas.
C’est propre, les matériel est de bonne qualité.
Y’a de quoi à laver sa voiture et autre.
Des toilettes disponibles dans la station total à proximité.
Des banc dehors pour manger un bout ou autres",Olumlu,1
462729,Tesla Supercharger Porto-Vecchio,Tesla (including non-tesla),Fransa,41.57086650689254,9.273782448109388,ChIJ0cpQRomB2RIR4yoausNJ5HE,Très facile d'accès.,Olumlu,1
198091,Châteauneuf d'Ille-et-Vilaine - 5 Rue des Marais,Izivia (Sodetrel),Fransa,48.55988043985777,-1.928978066960361,ChIJgQtkoiSDDkgRW5y2Ecn4uLU,Bonjour je voulais savoir si on peut recharger une voiture sans permis bonne journée a bientôt,Nötr,0
198091,Châteauneuf d'Ille-et-Vilaine - 5 Rue des Marais,Izivia (Sodetrel),Fransa,48.55988043985777,-1.928978066960361,ChIJgQtkoiSDDkgRW5y2Ecn4uLU,Super rapide facile à trouver.  Idéal pour son placement,Olumlu,1
198091,Châteauneuf d'Ille-et-Vilaine - 5 Rue des Marais,Izivia (Sodetrel),Fransa,48.55988043985777,-1.928978066960361,ChIJgQtkoiSDDkgRW5y2Ecn4uLU,"0,60 €/ kwh
La concession offre le café pendant la recharge",Olumsuz,-1
198091,Châteauneuf d'Ille-et-Vilaine - 5 Rue des Marais,Izivia (Sodetrel),Fransa,48.55988043985777,-1.928978066960361,ChIJgQtkoiSDDkgRW5y2Ecn4uLU,Fonctionne comme annoncé. Apple Pay est pris en charge.,Olumlu,1
476092,PowerDot - Ibis Budget - Grésy-sur-Aix,Power Dot,Fransa,45.71821463778485,5.925868079097427,ChIJ_f9PXGegi0cR7duFLQI5o8Q,"Très lent, il est censé être rapide, mais il ne dépasse pas 82 kWh.",Olumsuz,-1
194428,TotalEnergies - Relais de la Mauldre,TotalEnergies (FR),Fransa,48.961916885200026,1.8121699389691912,ChIJ3VwbfD6U5kcRBFU-vlXSfwI,"Station récente mais il n'y a que la 30/50kw qui fonctionne, moi qui pensais utiliser la 190kw... J'ai bien croisé un technicien un jour qui tentait de réparer la borne HP mais à priori sans succès.",Nötr,0
194428,TotalEnergies - Relais de la Mauldre,TotalEnergies (FR),Fransa,48.961916885200026,1.8121699389691912,ChIJ3VwbfD6U5kcRBFU-vlXSfwI,"14,50€ pour 4,2 kWh...(soit 20km d'autonomie sur une Zoé). La borne ""50kWh"" n'a délivré que 4,2kWh en 20min, soit un débit de 12,6 kWh... (or le tarif est à la minute chez Total). Une pure arnaque.",Olumsuz,-1
194428,TotalEnergies - Relais de la Mauldre,TotalEnergies (FR),Fransa,48.961916885200026,1.8121699389691912,ChIJ3VwbfD6U5kcRBFU-vlXSfwI,Pourrait dépanner quand ça fonctionne .... Lidl pas très loin fonctionne mieux pour moins  cher !!!!un comble pour total quoi ? Ah oui Total énergies !!! 😂,Olumsuz,-1
194428,TotalEnergies - Relais de la Mauldre,TotalEnergies (FR),Fransa,48.961916885200026,1.8121699389691912,ChIJ3VwbfD6U5kcRBFU-vlXSfwI,Borne 175 kw en panne depuis 3 mois. Service pitoyable 0 maintenance. Merci Total,Olumsuz,-1
194428,TotalEnergies - Relais de la Mauldre,TotalEnergies (FR),Fransa,48.961916885200026,1.8121699389691912,ChIJ3VwbfD6U5kcRBFU-vlXSfwI,Recharge rapide très utile pour prendre la route vers le grand ouest,Olumlu,1
475506,PowerDot - Carrefour Market - Mimizan,Power Dot,Fransa,44.19325188649279,-1.2285358512488074,ChIJoZxyM8aJUw0R5bZmCF_T-1s,L’écran est noir car ensoleillé et je pense que maintenant il s’en remettra pas,Olumsuz,-1
475506,PowerDot - Carrefour Market - Mimizan,Power Dot,Fransa,44.19325188649279,-1.2285358512488074,ChIJoZxyM8aJUw0R5bZmCF_T-1s,"Les deux connecteurs CCS ne fonctionnent pas, et il n'y a pas d'autres chargeurs rapides à proximité.",Olumsuz,-1
469928,Engie-Vianeo - B&B Hôtel Bruges Bordeau Lac,Engie,Fransa,44.88809465768216,-0.594775794042107,ChIJh4i_HdMpVQ0R0EF9wXC9SnU,"Grande station à proximité immédiate de l'autoroute avec de la charge rapide et charge lente. Paiement accepté par carte de mobilité, CB ou application.
Un QR code est à l'entrée du portail afin d'obtenir un code d'ouverture si ce dernier est fermé",Nötr,0
469928,Engie-Vianeo - B&B Hôtel Bruges Bordeau Lac,Engie,Fransa,44.88809465768216,-0.594775794042107,ChIJh4i_HdMpVQ0R0EF9wXC9SnU,Recharge 300 kW appréciable. Possibilité de prendre un café à l'Hôtel B&B.,Olumlu,1
469928,Engie-Vianeo - B&B Hôtel Bruges Bordeau Lac,Engie,Fransa,44.88809465768216,-0.594775794042107,ChIJh4i_HdMpVQ0R0EF9wXC9SnU,"Quatre bornes de recharge doubles de 300 kW chacune – la Tesla Model Y a atteint un pic de 151 kW avant de légèrement baisser… pleine en un rien de temps.

Toilettes OK – café, etc., du distributeur automatique :-( mais ça va.",Olumlu,1
165877,SAINT JEAN D'ILLAC - Place De L’Eglise,MObiVE,Fransa,44.812154,-0.780595,ChIJjybkFx3FVA0Rl1d79GKvBTk,"Très bonne charge mobile avec un temps de chargement rapide.
Mais l'emplacement est mal choisi avec les vélos qui passent sans prévenir pendant ma manoeuvre, le parking pile poil pour y rentrer et le lieu, juste à côté de l'église ; j'ai déprimé pendant ma charge à cause d'un enterrement 10 mètres devant moi.",Nötr,0
478672,PowerDot - Hôtel F1 - Chaumont,Power Dot,Fransa,48.0866995565265,5.146001063769063,ChIJOx4ay9nl7EcR6-65bP5sLzs,Trop lent,Olumsuz,-1
478672,PowerDot - Hôtel F1 - Chaumont,Power Dot,Fransa,48.0866995565265,5.146001063769063,ChIJOx4ay9nl7EcR6-65bP5sLzs,"Je n'ai pu recharger qu'à 50 kW, alors que la borne indiquait 100 kW à 400 V. La batterie de ma voiture était configurée pour la recharge rapide et, au moment de la recharge, j'étais le seul utilisateur ; la puissance disponible n'était donc pas partagée. Ce n'était donc pas une option de recharge rapide fiable.

Entre l'hôtel F1 et le garage Volkswagen, il y a une borne de recharge rapide d'un autre fournisseur qui, elle, fonctionnait.",Olumsuz,-1
