OCM_ID,Istasyon_Adi,Operator,Ulke,Enlem,Boylam,Google_Place_ID,Yorum_Metni,Tutum_Etiketi,Tutum_Skoru
480730,Qelo Stop Shop Daruvar,Kaufland eCharge,Hirvatistan,45.59300330794864,17.200266281520953,ChIJx9KiQ74DZ0cRkn7PADhuwhs,"Užasna trgovina, u srijedu sam htjela vratiti neke boce sa sinom, ostalo je 10 minuta do zatvaranja, ali osoblje nije htjelo raditi, vikali su na nas i izbacili nas, osoblje je jako zlobno",Olumsuz,-1
480730,Qelo Stop Shop Daruvar,Kaufland eCharge,Hirvatistan,45.59300330794864,17.200266281520953,ChIJx9KiQ74DZ0cRkn7PADhuwhs,"Negativna recenzija – Kaufland Kutina

Danas sam imala jako neugodno iskustvo na blagajni u Kauflandu Kutina. Pitala sam blagajnicu trebam li podizati cijeli paket mlijeka ili je dovoljno reći koliko je unutra. Rekla mi je da moram podići. Ja sam žena i to mi je preteško, jedva sam uspjela staviti paket na donju policu jer ga ne mogu dignuti visoko. Ona mi je rekla da ipak moram podići, a zatim dodala da bi „ona kucala jedan po jedan paketić mlijeka“.

Osim toga, način ophođenja bio je vrlo neugodan – kad je otkucavala stvari, doslovno mi ih je bacala kao da sam pas.

Očekujem više poštovanja prema kupcima i ljudskiji pristup.",Olumsuz,-1
480730,Qelo Stop Shop Daruvar,Kaufland eCharge,Hirvatistan,45.59300330794864,17.200266281520953,ChIJx9KiQ74DZ0cRkn7PADhuwhs,"Da je bar u Lipovljanima.?
Grad kojem treba trgovački centar, kao Kaufland, i trgovina sa svim mogućim stvarima za kuće, i obitelji.! Nisu svi u mogućnosti, otiči do KT, u kupovinu.!",Olumsuz,-1
480730,Qelo Stop Shop Daruvar,Kaufland eCharge,Hirvatistan,45.59300330794864,17.200266281520953,ChIJx9KiQ74DZ0cRkn7PADhuwhs,"Kupila sam Baranjski kulen u komadu (zapakiran) pa je djelatnica na mesnici izvagala i kulen i pakiranje te novu naljepnicu prelijepila preko  originalne. Težina kulena 1,084 kg a s pakiranjem 1,099 kg. I pakiranje naplaćeno po cijeni kulena. Sramota zar ne?",Olumsuz,-1
480730,Qelo Stop Shop Daruvar,Kaufland eCharge,Hirvatistan,45.59300330794864,17.200266281520953,ChIJx9KiQ74DZ0cRkn7PADhuwhs,"Kada čovjek ode u Kaufland uvijek se tako dobro osjeca jer pronađe za sebe nešto što ga raduje! Ili je to proizvod po želji ili pronađe proizvod po povoljnoj cijeni, posebno kada je tu još i Kaufland card!
Ugodno je i izmjeniti koju rijeć s ljubaznim djelatnicima koji će na trenutak zastati da pomognu u traženju željenim proizvida 😃",Olumlu,1
480727,Kaufland Đakovo,Kaufland eCharge,Hirvatistan,45.31004524568681,18.397415585435738,ChIJf2bZDppVXEcRmalIxJsBmqY,"Trgovina je prostrana, dobro organizirana i lako je pronaći proizvode. Prostor je čist i uredan. Izbor je velik – od svježeg voća i povrća do kućanskih potrepština. Često imaju dobre akcije i popuste, što je veliki plus. Osoblje je ljubazno i uvijek spremno pomoći. Sve u svemu, Kaufland je odličan izbor za tjednu kupovinu i rado se vraćam!",Olumlu,1
480727,Kaufland Đakovo,Kaufland eCharge,Hirvatistan,45.31004524568681,18.397415585435738,ChIJf2bZDppVXEcRmalIxJsBmqY,"Ugodno sam iznenađena urednošću same poslovnice i jako ljubaznim te pristupačnim osobljem 😍 Uz to, voljela bih istaknuti “rezač na kruh” kao otkriće godine!!! Da je više ovakvih poslovnica, odlazak u trgovinu bio preostao biti tlaka 👍🏻",Olumlu,1
480727,Kaufland Đakovo,Kaufland eCharge,Hirvatistan,45.31004524568681,18.397415585435738,ChIJf2bZDppVXEcRmalIxJsBmqY,"Pohvalila bih čistoću, sve je na svom mjestu, uredno je i pregledno. Voće i povrće nije trulo kao što to zna biti u drugim trgovinama, proizvodi nisu oštećeni a najvažnije od svega je osoblje koje je ljubazno i uvijek spremno pomoći.Preporučujem.",Olumlu,1
480727,Kaufland Đakovo,Kaufland eCharge,Hirvatistan,45.31004524568681,18.397415585435738,ChIJf2bZDppVXEcRmalIxJsBmqY,"Kupujem dorucak na dnevnoj bazi i moram reci u posljednje vrijeme trgovina je dozivjela preporod, sta god radit nastavite tako. Uredno, cisto, police popunjene, proizvodi svjezi i uvijek dostupni, u trgovini vlada jako ugodna atmosfera.",Olumlu,1
480727,Kaufland Đakovo,Kaufland eCharge,Hirvatistan,45.31004524568681,18.397415585435738,ChIJf2bZDppVXEcRmalIxJsBmqY,"Kupovina u Kauflandu mi je uvijek ugodna. Trgovina je prostrana, uredna i dobro organizirana, s velikim izborom proizvoda. Svježi proizvodi su kvalitetni, a akcije uvijek dobre.Osoblje je ljubazno, a rad na blagajnama brz i učinkovit. Rado se vraćam i preporučujem drugima.",Olumlu,1
480726,Qelo Stop Shop Đakovo,Kaufland eCharge,Hirvatistan,45.28586753335532,18.40844483955448,ChIJPURerW5VXEcRes2fhKUPqPE,"Radi odlično...

Funkcionalno super...",Olumlu,1
480726,Qelo Stop Shop Đakovo,Kaufland eCharge,Hirvatistan,45.28586753335532,18.40844483955448,ChIJPURerW5VXEcRes2fhKUPqPE,Brzo punjenje i pouzdana usluga.,Olumlu,1
480725,Qelo Stop Show Vinkovci,Kaufland eCharge,Hirvatistan,45.28719819454841,18.75240742564256,ChIJ053axN6KXEcR0THomwj57wo,"Isprva punjač nije radio, nakon kratkog poziva podršci i resetiranja, puni sa stabilnih 55 kW. Nije savršeno, ali barem radi.",Olumsuz,-1
480725,Qelo Stop Show Vinkovci,Kaufland eCharge,Hirvatistan,45.28719819454841,18.75240742564256,ChIJ053axN6KXEcR0THomwj57wo,"Odlično, stvarno jednostavno: Uključite ga, skenirajte kod, otvorite stranicu, unesite svoje podatke i podatke o kreditnoj kartici... i odmah se učitava, i to prilično brzo!

Ali mislim da radi samo tijekom radnog vremena trgovine.",Olumlu,1
480725,Qelo Stop Show Vinkovci,Kaufland eCharge,Hirvatistan,45.28719819454841,18.75240742564256,ChIJ053axN6KXEcR0THomwj57wo,"Sporije nego što se očekivalo, ali ipak dobro.",Nötr,0
480724,Kaufland Vinkovci,Kaufland eCharge,Hirvatistan,45.291728388639,18.79644656427024,ChIJCcvXlOCKXEcRnge4FPmHE0s,"Jel možete uvesti neku kontrolu na odjelu pekarskih proizvoda ili barem staviti kruh u vrećice kao u nekim drugim dućanima, jer skoro svaki put vidim da više pojedinaca bez rukavica pipa te proizvode bez rukavica i to vaši djelatnici vide i ne reagiraju. Stvarno fuj.",Olumsuz,-1
480724,Kaufland Vinkovci,Kaufland eCharge,Hirvatistan,45.291728388639,18.79644656427024,ChIJCcvXlOCKXEcRnge4FPmHE0s,"Jako puno proizvoda i sve na jednom mjestu, najbolji market opčenito u hrvatskoj, ali i u Vinkovcima.",Olumlu,1
480724,Kaufland Vinkovci,Kaufland eCharge,Hirvatistan,45.291728388639,18.79644656427024,ChIJCcvXlOCKXEcRnge4FPmHE0s,"Veliki besplatni parking i velika ponuda hrane i ostale robe. Zadovoljna ponudom. Iako kad je na parkingu puno auta, što je zaista često, znači da je dug red čekanja na blagajnama. Radije odem u plodine ili špar koji imaju samoposlužne blagajne ovdje u gradu i nemoram čekati na red nego sam brzo gotova s kupnjom. Ako imate višak vremena kaufland je super, za brzu kupnju preporučam plodine ili špar, baš zbog samoposlužnih blagajni i brze kupnje.",Olumlu,1
480724,Kaufland Vinkovci,Kaufland eCharge,Hirvatistan,45.291728388639,18.79644656427024,ChIJCcvXlOCKXEcRnge4FPmHE0s,"Ogromna trgovina, velik izbor. Ogromno parkiralište. Po akcijskim cijenama se nađe dosta povoljnih stvari. Osoblje jako ljubazno i uvijek stoje na usluzi.",Olumlu,1
480724,Kaufland Vinkovci,Kaufland eCharge,Hirvatistan,45.291728388639,18.79644656427024,ChIJCcvXlOCKXEcRnge4FPmHE0s,"Sve super dok na blagajni ne krenu letit.. Izbacite iz broj proizvoda u min ili smanjite.. Djelatnice ubijate, a kupce kao da izbacujete.",Olumsuz,-1
480723,Electrip Telesat Vinkovci,Electrip,Hirvatistan,45.29224796826699,18.804041431446763,ChIJE--iawCLXEcRkiU8Pi0dsQc,"Nažalost, punjenje nije moguće nakon nekoliko pokušaja s Electrip aplikacijom...",Olumsuz,-1
480722,Kaufland Vukovar,Kaufland eCharge,Hirvatistan,45.36723036445417,18.96585884090985,ChIJLXnkej6OXEcRD3Cj7j0ZUwg,Papreno podižu cijene iz tjedna u tjedan i debelo se bogate vlasnici! Mišljenja sam da nas smatraju R. E. T. A. R. D. I. M. A!,Olumlu,1
480722,Kaufland Vukovar,Kaufland eCharge,Hirvatistan,45.36723036445417,18.96585884090985,ChIJLXnkej6OXEcRD3Cj7j0ZUwg,"Nema nikog a mesar novi nece da usluzi ,kaze bije njegovo da daje suve kosti !",Olumsuz,-1
480722,Kaufland Vukovar,Kaufland eCharge,Hirvatistan,45.36723036445417,18.96585884090985,ChIJLXnkej6OXEcRD3Cj7j0ZUwg,Srednji izbor proizvoda ali svezina je za 5 cene vece nego u Srbiji,Nötr,0
480722,Kaufland Vukovar,Kaufland eCharge,Hirvatistan,45.36723036445417,18.96585884090985,ChIJLXnkej6OXEcRD3Cj7j0ZUwg,Najbolja usluga i trgovina u Vukovaru.,Olumlu,1
480722,Kaufland Vukovar,Kaufland eCharge,Hirvatistan,45.36723036445417,18.96585884090985,ChIJLXnkej6OXEcRD3Cj7j0ZUwg,"Kaufland Vukovar jedna od najboljih trgovina u kojoj redovito kupujem. Asortiman je izuzetno širok-od svjezeg voca i povrca,mesa,pekarskih proizvoda do kućanskih potrepština i sezonskih artikala, sve na jednom mjestu. Cijene su vrlo pristupačne, a akcije i popusti često odlično pogođeni.
Posebna pohvala čistoca poslovnice i ljubaznost osoblja-uvijek spremni pomoći.
Sve u svemu-Kaufland Vukovar je top trgovina i pravo je zadovoljstvo kupovati kod njih.",Olumlu,1
480721,Qelo Retail Park Županja,Electrip,Hirvatistan,45.080001672861215,18.69806865970304,ChIJg8Y8suJoXEcRmwc3yuCNBYU,"Radilo je savršeno. Oko 150 kW za Teslu model 3. Okruženo je lijepim trgovinama i tržnicama, tako da je jako ugodno za kratku pauzu za kavu.",Olumlu,1
480719,Restoran Gradina,Electrip,Hirvatistan,45.18320861804244,15.28715885811016,ChIJ4Z3wZgALZEcRYcZF2kbw-CE,"60kW punionica uz vrlo dobar lokalni restoran.
Za punjenje potrebno instalirati ""electrip"" aplikaciju i kreirati korisnički račun. Nakon registracije treba skenirati QR kod i započeti punjenje. Dok se auto puni, u restoranu možete probati domaće specijalitete.",Olumlu,1
480719,Restoran Gradina,Electrip,Hirvatistan,45.18320861804244,15.28715885811016,ChIJ4Z3wZgALZEcRYcZF2kbw-CE,Najbolje iskustvo s javnom punionicom ikada.,Olumlu,1
480719,Restoran Gradina,Electrip,Hirvatistan,45.18320861804244,15.28715885811016,ChIJ4Z3wZgALZEcRYcZF2kbw-CE,"Ovaj DC punjač odbija Shell Recharge karticu, nema NFC podršku za obične platne kartice i radi samo putem posebne aplikacije koja ne dopušta punjenje za goste. Nakon što je prošao kroz sve prepreke postavljanja aplikacije, punjač isporučuje samo oko 50 kW, daleko ispod onoga što biste očekivali od modernog DC punjača. Uopće nije jednostavan za korištenje.",Olumsuz,-1
480719,Restoran Gradina,Electrip,Hirvatistan,45.18320861804244,15.28715885811016,ChIJ4Z3wZgALZEcRYcZF2kbw-CE,"Ne znam da li je gora aplikacija ili punjač, ​​došao sam do procesa punjenja već 4. put jer je prva tri puta aplikacija izbacila greške, a zadnji put je bila greška na punjaču. zaobići ga u širokom luku",Olumsuz,-1
480719,Restoran Gradina,Electrip,Hirvatistan,45.18320861804244,15.28715885811016,ChIJ4Z3wZgALZEcRYcZF2kbw-CE,"Laden war möglich, aber nicht über die DKV charge Karte. Man muss sich erst die Electrip App herunterladen und sich registrieren.
Dann zuverlässig mit 60kw",Nötr,0
480718,Petrol jug gas station Dugoppolje,PETROL,Hirvatistan,43.58286655843122,16.560571179316753,ChIJUXXSmNOnShMR-l8fPfBt-3w,"Bas se treba namucit da pokrenes punjenje, trebalo mi je pola sata da punjenje napokon krene. Na stanicama je vjerovatno spor internet pa treba 100 godina. Uzeli su mi predautorizaciju 3 puta. Jedna punionica (desna) ima razbijeno staklo pa touchscreen slabo radi. Cijene ogromne, višestruko skuplje nego gorivo.",Olumsuz,-1
480718,Petrol jug gas station Dugoppolje,PETROL,Hirvatistan,43.58286655843122,16.560571179316753,ChIJUXXSmNOnShMR-l8fPfBt-3w,Punjenje se stalno prekida. Snaga punjenja ide do 171 kW. Iako je naznačeno da korisnička služba radi od 0-24 u stvarnosti je to radnim danom od 8-16.,Olumsuz,-1
480718,Petrol jug gas station Dugoppolje,PETROL,Hirvatistan,43.58286655843122,16.560571179316753,ChIJUXXSmNOnShMR-l8fPfBt-3w,"izbjegavati. punionica ne radi, korisnička služba se ne javlja, ali zaključala nam je 3x455 kn za tri pokušaja paljenja",Olumsuz,-1
480718,Petrol jug gas station Dugoppolje,PETROL,Hirvatistan,43.58286655843122,16.560571179316753,ChIJUXXSmNOnShMR-l8fPfBt-3w,"Skupo, ali punjenje brzo i jednostavno",Nötr,0
480718,Petrol jug gas station Dugoppolje,PETROL,Hirvatistan,43.58286655843122,16.560571179316753,ChIJUXXSmNOnShMR-l8fPfBt-3w,"Sve sređeno na brzinu, bez čekanja!",Olumlu,1
478546,Odmoriste Jance Zapad 2,Tesla (including non-tesla),Hirvatistan,44.75115798852005,15.373442170261342,ChIJWVEm6B7rY0cR-SlW9nB8f9I,Daleko najgori supercharger u Hrvatskoj prije uvođenja novih od 250kw. Puni 45kw jer je konstantno pun. Bogu hvala ima barem kafic pored. Obzirom da su već u funkciji preko dana 250kw a čeka se samo HEP ova će lokacija postati ubrzo jedna od boljih. 1 zvjezdica u ovom trenutku se tiče HEPa. Izbjegavajte preko noći dok ne puste u pogon 250kw.,Olumlu,1
478546,Odmoriste Jance Zapad 2,Tesla (including non-tesla),Hirvatistan,44.75115798852005,15.373442170261342,ChIJWVEm6B7rY0cR-SlW9nB8f9I,"Samo 6 stajališta koja su skoro uvijek puna. Umjesto deklariranih 150, puni samo 34 kwh :(",Olumsuz,-1
478546,Odmoriste Jance Zapad 2,Tesla (including non-tesla),Hirvatistan,44.75115798852005,15.373442170261342,ChIJWVEm6B7rY0cR-SlW9nB8f9I,"Punionica je bila gotovo sva zauzeta, punjenje snagom 39kw pritom. Vrlo blizu autoceste",Olumsuz,-1
478546,Odmoriste Jance Zapad 2,Tesla (including non-tesla),Hirvatistan,44.75115798852005,15.373442170261342,ChIJWVEm6B7rY0cR-SlW9nB8f9I,"Pise da puni sa 90 kw,  ne puni ni sa pola navedenog. Uzas.",Olumsuz,-1
478546,Odmoriste Jance Zapad 2,Tesla (including non-tesla),Hirvatistan,44.75115798852005,15.373442170261342,ChIJWVEm6B7rY0cR-SlW9nB8f9I,Gužva Tesla vozila koji silaze s autoceste na izlaz Otočac gdje se nalazi 6 punionica Tesla Model 3 priority.,Olumsuz,-1
478544,Odmoriste Jance Istok 2,Tesla (including non-tesla),Hirvatistan,44.75109901250525,15.375067913172645,ChIJi2UGUA_ZY0cRvUCSMDMxLo8,4 punjača. Punio sam sam sa 100-150kW. TM3LR22,Nötr,0
478544,Odmoriste Jance Istok 2,Tesla (including non-tesla),Hirvatistan,44.75109901250525,15.375067913172645,ChIJi2UGUA_ZY0cRvUCSMDMxLo8,"Toplo preporučeni punjač. 250 kW i kompatibilan s AFIR-om, što znači da možete puniti bez ikakvih aplikacija - jednostavno platite beskontaktnom kreditnom ili debitnom karticom.",Olumlu,1
460409,Greenway Restaurant Feniks,Greenway,Hirvatistan,45.1009293288426,15.589514082212276,ChIJLcwuC6z_Y0cRorhCLrIw8u0,"einfach diese Ladestation ignorieren, da ständig Verbrenner diese Station zu parken und man somit nicht laden kann.",Olumsuz,-1
460362,Hotel Porto,Hrvatski Telekom,Hirvatistan,44.10191063049811,15.2684147223099,ChIJMe7bgZzwYUcR-qJctPlmnrM,"Punjenje više nije besplatno.
Morate preuzeti aplikaciju i uplatiti novac prije punjenja. Sada mi je u aplikaciji ostalo 0,29 €, uskoro se vraćam kući. Dakle, ta jeftina cijena od 0,35 € po kWh je smiješna jer morate ostaviti malo prostora za novac koji ostane na aplikaciji, što ovo zapravo čini puno skupljim.
Ovo bih preporučio samo za hitne slučajeve.",Olumsuz,-1
460362,Hotel Porto,Hrvatski Telekom,Hirvatistan,44.10191063049811,15.2684147223099,ChIJMe7bgZzwYUcR-qJctPlmnrM,"Radi odlično! Nalazi se u parkirnoj garaži i dalje od ulaza tako da se automobili s motorima s unutarnjim izgaranjem ne parkiraju. Punjenje je besplatno između 7 i 22 sata (radno vrijeme trgovine Tommy). Nakon zatvaranja, naknada za punjenje iznosi 2,60 kn (0,35 €)/kW.",Olumlu,1
460362,Hotel Porto,Hrvatski Telekom,Hirvatistan,44.10191063049811,15.2684147223099,ChIJMe7bgZzwYUcR-qJctPlmnrM,Djeluje trenutno. Aktivirano s Mercedes Charge karticom.,Olumlu,1
460362,Hotel Porto,Hrvatski Telekom,Hirvatistan,44.10191063049811,15.2684147223099,ChIJMe7bgZzwYUcR-qJctPlmnrM,Smiješno sporo. Maksimalno 12 kW,Olumsuz,-1
460362,Hotel Porto,Hrvatski Telekom,Hirvatistan,44.10191063049811,15.2684147223099,ChIJMe7bgZzwYUcR-qJctPlmnrM,👍,Olumlu,1
460283,Tesla Super Charger Varazdin,Tesla (including non-tesla),Hirvatistan,46.26468659854061,16.3788977674094,ChIJKc3OY98BZkcRGY6a0CgT2U0,Jednostavan pristup i jeftina cijena po kw poslje 21h..,Olumlu,1
460283,Tesla Super Charger Varazdin,Tesla (including non-tesla),Hirvatistan,46.26468659854061,16.3788977674094,ChIJKc3OY98BZkcRGY6a0CgT2U0,"Najbolji Tesla Supercharger, potpuno nov, vrlo čist, 8 stanica za punjenje, brz, blizu autoceste, isto mjesto i s punjačima koji nisu od Tesle, prazan u četvrtak u 13:50, na parkiralištu novog trgovačkog centra, vrlo čisti toaleti, mnogo trgovina, autopraonica. Vrlo lijepo iskustvo.",Olumlu,1
460283,Tesla Super Charger Varazdin,Tesla (including non-tesla),Hirvatistan,46.26468659854061,16.3788977674094,ChIJKc3OY98BZkcRGY6a0CgT2U0,"Novi!
Brzo!
Čist!
Uvijek na raspolaganju!
Punionica se nalazi na parkingu novog trgovačkog centra s javnim sanitarijama!",Olumlu,1
460283,Tesla Super Charger Varazdin,Tesla (including non-tesla),Hirvatistan,46.26468659854061,16.3788977674094,ChIJKc3OY98BZkcRGY6a0CgT2U0,"Ima puno punjača (uključujući ionity), možete ubiti vrijeme u trgovinama, a kupaonica je otvorena čak i u zoru i čista je. Ako netko treba puniti u pokretu, toplo preporučujem ovo mjesto.",Olumlu,1
460283,Tesla Super Charger Varazdin,Tesla (including non-tesla),Hirvatistan,46.26468659854061,16.3788977674094,ChIJKc3OY98BZkcRGY6a0CgT2U0,"Odlična sesija presvlačenja, nije gužva, preporučujem",Olumlu,1
460243,Ionity Varazdin,Ionity,Hirvatistan,46.26387716080188,16.379128767101065,ChIJUe--g98BZkcRQSPDgTKJAWA,"Odlično mjesto za punjenje i ima besplatne WiFi mreže za surfanje kad cekate da se auto napuni.Wc-i super uredjeni i otvoreni cijelu noć ,sto je cista 10-ka i pohvala, i nama koji smo sad upravo do ovdje 10h putovali puno znaci.Usput možete kupiti na kiosku kavu ili nešto za pice i grickanje. Sve u svemu svaka pohvala.🙂",Olumlu,1
460243,Ionity Varazdin,Ionity,Hirvatistan,46.26387716080188,16.379128767101065,ChIJUe--g98BZkcRQSPDgTKJAWA,Super moderno mjesto...👍,Olumlu,1
460243,Ionity Varazdin,Ionity,Hirvatistan,46.26387716080188,16.379128767101065,ChIJUe--g98BZkcRQSPDgTKJAWA,"Punjenje bez problema, odmah uz autocestu. Potpuno novi kompleks s čistim toaletima i trgovinama. U blizini nekoliko trgovačkih centara.",Olumlu,1
460243,Ionity Varazdin,Ionity,Hirvatistan,46.26387716080188,16.379128767101065,ChIJUe--g98BZkcRQSPDgTKJAWA,"Lako se nalazi. Jednostavan za pokretanje i plaćanje za punjenje iz aplikacije. Sjajno okruženje! Mogućnosti kupovine, čisti besplatni toaleti, itd...",Olumlu,1
460243,Ionity Varazdin,Ionity,Hirvatistan,46.26387716080188,16.379128767101065,ChIJUe--g98BZkcRQSPDgTKJAWA,"Sve je prošlo u redu, blizu trgovačkog centra.. Preporučujem",Olumlu,1
459836,Stop shop Gospic,Greenway,Hirvatistan,44.55641549069625,15.381643227979112,ChIJXRaXYC5_YUcRUqUzxiqvkEk,Savršen punjač pored malog shopping centra pa se može sjesti i popiti kava.,Olumlu,1
459836,Stop shop Gospic,Greenway,Hirvatistan,44.55641549069625,15.381643227979112,ChIJXRaXYC5_YUcRUqUzxiqvkEk,Odlicno 👍🏻,Nötr,0
459836,Stop shop Gospic,Greenway,Hirvatistan,44.55641549069625,15.381643227979112,ChIJXRaXYC5_YUcRUqUzxiqvkEk,"Radilo je dobro putem aplikacije! Moja alternativa punjenju bez Ionity pretplate. Punjenje trenutno košta 45 centi/kWh putem Electroversea i stoga je jeftinije od Ionityja u Hrvatskoj, ali i sporije (maksimalno moguće 120 kW).
S negativne strane: stanica nije mogla očitati nijednu RFID karticu, jer su mnogi drugi vozači električnih vozila htjeli puniti svojom RFID karticom, nijedna od njih nije radila, bilo je moguće samo punjenje putem aplikacije.",Olumlu,1
459836,Stop shop Gospic,Greenway,Hirvatistan,44.55641549069625,15.381643227979112,ChIJXRaXYC5_YUcRUqUzxiqvkEk,"Much improved since last time. I got max speed of 111kW (I was the only, so no power sharing), and since last time I got myself a Qelo card which makes paying here cheap and easy.

Old review:
Very expensive and slow - only 35 kW. I got 70kW only for a short period while station didn't share power with two cars.

The only reason I visited was because nearby Ionity was out of order and my battery was empty.

Ultimately I paid 39€ for 1h 15min of charging (11% - 74%).

Avoid it if you can.

Additional notes:
After finishing my trip I tried to install the official Qelo app in order to avoid roaming chargers in the future if I ever get stuck again due to Ionity being offline (the price quoted above was cca 4€ via plugsurfing (1.18 €/kWh) on the 22 kW AC while waiting for DC charger to become free and the rest via mobility+ (89 cents per kWh) roaming apps), since the position of the charger in Gospić is at ideal half-way between Zagreb and Šibenik.

The Qelo app required me to register and enter so much data about me that no other app ever required (neither mobility+, nor plugsurfing, nor ionity, nor elen, nor petrol, nor e-spots, ... (continue)) - you need to provide both VAT ID and personal number even if you are registering as a private person (those are usually needed for businesses), not to mention ""usual stuff"" such as name, address, and phone number.
And even after you provide all that, you *still* cannot charge with the app because it requires to have some kind of ""contract"" active (I've never seen anything like that in any other charging apps). I even tried to create a new contract (there is a button in the app), and it just resulted with ""There is no data available, Try again later"". - I tried multiple times and much later with no changes.

Even with all that and even with accepting the high roaming price, the one thing that bothers me the most is that the DC charger is advertised as 150kW, but it's not. The charger can provide at most 75 kW and this is then shared between two cars if they are plugged-in at the same time. Personally, it wouldn't bother me to pay 89 cents per kWh roaming chargers **if I could really charge at 75+ kW** (although that still a lot more than Ionity that offers much better charging speeds), especially in situations like I was on Saturday.",Olumlu,1
459836,Stop shop Gospic,Greenway,Hirvatistan,44.55641549069625,15.381643227979112,ChIJXRaXYC5_YUcRUqUzxiqvkEk,"Preporučam ovaj punjač kao alternativu ""čuvenom"" Ionityju koji je udaljen oko 4 km i uvijek je pun punjenja električnih vozila i drugih čekanja na punjenje, pronašao sam ovu stanicu na ABRP-u i iskoristio priliku da dođem ovamo, imaju samo 2 štanda sa 150 kW, ali bili su besplatni, a cijene su transparentne i dobre koliko sam mogao vidjeti.
Ovo mi je spasilo dan nakon vrlo dugog putovanja jer je ovo bilo posljednje punjenje dana.",Olumlu,1
459832,Greenway sv. Nedelja,Greenway,Hirvatistan,45.7967598373574,15.763655609325497,ChIJ70P3l9LNZUcRXu5YtRq80FU,"Prvi put nije bilo problema. Četiri CCS2 konektora, za to vrijeme smo pojeli ciklu i popili kavu, tako da nema problema👍",Olumlu,1
459832,Greenway sv. Nedelja,Greenway,Hirvatistan,45.7967598373574,15.763655609325497,ChIJ70P3l9LNZUcRXu5YtRq80FU,"Always down, needs calling support.",Olumsuz,-1
311908,Petrol Sesvete West,PETROL,Hirvatistan,45.86992724864385,16.19275291637132,ChIJ4aLA8i9xZkcRVesxfFJXxCs,Vrlo brz punjač za McDonald's,Olumlu,1
311908,Petrol Sesvete West,PETROL,Hirvatistan,45.86992724864385,16.19275291637132,ChIJ4aLA8i9xZkcRVesxfFJXxCs,"Vrlo pošteno, uslužno i časno osoblje",Olumlu,1
308217,Metro Cash & Carry,Monta,Hirvatistan,45.80524104336078,15.7726967412097,ChIJWTqrIfzNZUcRT9txdbIOq_o,"Usluga čišćenja nije bila na razini koja se očekuje od profesionalnog obrta. Kvaliteta obavljenog posla nije odgovarala opisu usluge niti visokoj cijeni.

Konačan rezultat bio je nezadovoljavajući. Korištena su osnovna sredstva, a čišćenje nije bilo temeljito. Nakon obavljenog čišćenja bilo je potrebno ponovno čistiti stan jer su površine ostale zamazane.

Ovaj obrt ne mogu preporučiti. Recenzija je objavljena isključivo radi informiranja drugih potencijalnih korisnika.

EDIT: Vaš odgovor je sramotno obmanjivanje javnosti. Naplatiti 175 eura za par loše opranih prozora i pod koji ste samo 'razmazali' bez prethodnog usisavanja je čista pljačka.

Evo prave istine:
1. Laž o prešetavanju: Partner i ja smo sjedili na kauču 3 sata. Došla je jedna osoba umjesto dvije dogovorene i postavila 150 pitanja umjesto da radi.
2. Kuhinja i pećnica: Naplatili ste čišćenje kuhinje iznutra i pećnice. Stvari iz elemenata niste ni takli ni pomaknuli, a pećnicu sam na kraju morala očistiti sama nakon vašeg odlaska!
3. Rolete i police: Nijedna polica nije taknuta, a rolete koje su bile u cijeni niste ni pogledali.
Vratili ste 50 eura jer ste i sami znali da niste obavili posao, ali i preostalih 125 eura je previše za ovakvu sramotu. Umjesto da lažete i krivite klijente za svoju nesposobnost i nerad, radije zatvorite obrt jer o profesionalnom čišćenju nemate pojma.",Olumsuz,-1
308217,Metro Cash & Carry,Monta,Hirvatistan,45.80524104336078,15.7726967412097,ChIJWTqrIfzNZUcRT9txdbIOq_o,"Savršena usluga,jakoo sam zadovoljan sa brzinom i lijepom uslužnosti gospodina Puhanića. Svaka preporuka svima,nećete požaliti.",Olumlu,1
308217,Metro Cash & Carry,Monta,Hirvatistan,45.80524104336078,15.7726967412097,ChIJWTqrIfzNZUcRT9txdbIOq_o,"Nema pohvale kojom mozemo pohvaliti gospodina. Usred noći, preljubazan, brz, povoljan! Hvala jos jednom, spremamo broj i preporučujemo vas dalje :)",Olumlu,1
308217,Metro Cash & Carry,Monta,Hirvatistan,45.80524104336078,15.7726967412097,ChIJWTqrIfzNZUcRT9txdbIOq_o,Brza usluga i profesionalnost. Jako zadovoljan odrađenim poslom i komunikacijom.,Olumlu,1
308217,Metro Cash & Carry,Monta,Hirvatistan,45.80524104336078,15.7726967412097,ChIJWTqrIfzNZUcRT9txdbIOq_o,Usluga savršena brz pouzdan uvijek na usluzi,Olumlu,1
308214,Petrol Samobor,PETROL,Hirvatistan,45.811833496195504,15.713261925632594,ChIJ63P0Nv7LZUcRKio7YN2H-nI,"Lako dostupno. Nažalost, punjenje nije uspjelo prilikom moje prve posjete jer punionica nije radila... ali dva dana kasnije sve se vratilo u normalu i uspio sam prilično brzo napuniti svoje vozilo, kao i obično (u Njemačkoj), i iskoristiti vrijeme da pokupim par stvari u trgovačkom centru preko puta. Cijena je također OK.",Olumlu,1
307598,Ionity Rascane,Ionity,Hirvatistan,43.32040866994845,17.166227928743865,ChIJTagcpCDkShMRsGDYZvlw7YQ,👍😊,Olumlu,1
307598,Ionity Rascane,Ionity,Hirvatistan,43.32040866994845,17.166227928743865,ChIJTagcpCDkShMRsGDYZvlw7YQ,"Otvoreno, sve radi.",Olumlu,1
307598,Ionity Rascane,Ionity,Hirvatistan,43.32040866994845,17.166227928743865,ChIJTagcpCDkShMRsGDYZvlw7YQ,"Punjačnica na odmorištu s prekrasnim pogledom. Međutim, odmorište (benzinska postaja) i toaleti još nisu otvoreni.

Ono što mi je bilo gore jest to što se reklamira punjenje od 350 kW, ali u stvarnosti postoje samo punionice od 150 kW.",Olumsuz,-1
307598,Ionity Rascane,Ionity,Hirvatistan,43.32040866994845,17.166227928743865,ChIJTagcpCDkShMRsGDYZvlw7YQ,"Odlična stanica za punjenje! Radi s Plugsurf karticom. A ako Ionity ne radi, tu su i dvije Elen konzole.",Olumlu,1
307598,Ionity Rascane,Ionity,Hirvatistan,43.32040866994845,17.166227928743865,ChIJTagcpCDkShMRsGDYZvlw7YQ,"Sve super, brzo punjenje i jednostavno plaćanje",Olumlu,1
307597,Camping Plitvice,Electrip,Hirvatistan,44.93384375349498,15.630229035016782,ChIJa9MtYwBZYUcRyzWE4SyJWh0,"Dobro je funkcioniralo sa Shell karticom. Dok smo jeli u restoranu, auto se napunio do 100%.",Olumlu,1
307597,Camping Plitvice,Electrip,Hirvatistan,44.93384375349498,15.630229035016782,ChIJa9MtYwBZYUcRyzWE4SyJWh0,"werkt niet, oplader staat in error..",Olumsuz,-1
307597,Camping Plitvice,Electrip,Hirvatistan,44.93384375349498,15.630229035016782,ChIJa9MtYwBZYUcRyzWE4SyJWh0,Ne radi s shell ili Aral karticama,Olumsuz,-1
307597,Camping Plitvice,Electrip,Hirvatistan,44.93384375349498,15.630229035016782,ChIJa9MtYwBZYUcRyzWE4SyJWh0,Izvan reda!!!,Olumsuz,-1
307344,Odmorište Mosor Jug ,PETROL,Hirvatistan,43.49227121207025,16.783531642434355,ChIJLyWSEU28ShMRyIo0OZkLzzU,"Potpuni kaos – nitko nije znao za što je odgovoran na ovoj stanici. Pridružio sam se redu za blagajnu s namjerom da kupim nešto i na stanici i u kafiću. Zaposlenik me uputio na kolegu na sljedećem šalteru. Čekao sam neko vrijeme u drugom redu, gdje se ispostavilo da mogu kupiti samo artikle na stanici. Tako su me poslali u drugi red, ovaj put u kafić, gdje je osoblje bilo potpuno nezainteresirano za kupce; jedna osoba je besciljno lutala, ne obraćajući pažnju ni na koga. Na kraju sam otišao bez kave. Vrlo neugodni i nezainteresirani ljudi.",Olumsuz,-1
307344,Odmorište Mosor Jug ,PETROL,Hirvatistan,43.49227121207025,16.783531642434355,ChIJLyWSEU28ShMRyIo0OZkLzzU,"Ne radi, nepouzdan je. Izbjegavajte benzinske punjače pod svaku cijenu.",Olumsuz,-1
307078,Tesla Supercharger Jastrebarsko,Tesla (including non-tesla),Hirvatistan,45.65356443514705,15.655529018487016,ChIJaYOIqgExZEcRp-y37NlkmKE,"Trenutno najbolji supercharger u Hrvatskoj, odlična lokacija i puno stallova",Olumlu,1
307078,Tesla Supercharger Jastrebarsko,Tesla (including non-tesla),Hirvatistan,45.65356443514705,15.655529018487016,ChIJaYOIqgExZEcRp-y37NlkmKE,"Top, puno punjača i odlična snaga.",Olumlu,1
307078,Tesla Supercharger Jastrebarsko,Tesla (including non-tesla),Hirvatistan,45.65356443514705,15.655529018487016,ChIJaYOIqgExZEcRp-y37NlkmKE,"Lijep broj v4 punjača. Pune se punom brzinom. Neka mjesta čak imaju i krovnu nadstrešnicu. Područje oko njih je vrlo dosadno i prazno. Nema sadržaja, osim ako u hotelu nema nečega, ali to je izgledalo pusto tijekom glavne turističke sezone.",Olumlu,1
307078,Tesla Supercharger Jastrebarsko,Tesla (including non-tesla),Hirvatistan,45.65356443514705,15.655529018487016,ChIJaYOIqgExZEcRp-y37NlkmKE,"Odlicni punjaci! V4, odlična lokacija, jednostavan pristup. 8 običnih punionica, 1 za osobe smanjene pokretljivosti i 3 pokrivene punionice. U hotelu postoji samo toalet.",Olumlu,1
307078,Tesla Supercharger Jastrebarsko,Tesla (including non-tesla),Hirvatistan,45.65356443514705,15.655529018487016,ChIJaYOIqgExZEcRp-y37NlkmKE,"V4 bez čekanja. I dalje samo oko 120 kW.
Ali ima i mjesta sa sjenom.",Nötr,0
307076,Mall of Split,Electrip,Hirvatistan,43.518990238085735,16.48487998063493,ChIJ9Ss5OGRfNRMRf0uWuYkYSeY,"Najgora punionica za električne automobile u području Splita. Izgubio sam hrpu vremena, aplikacija, punionica i kabel su stalno grijali. Moj depozit je naplaćen više puta, ali bezuspješno. Na jednoj punionici, zaslon je bio potpuno naopak. Nisam se mogao ni pravilno registrirati u aplikaciji. Najgore iskustvo u mom životu.",Olumsuz,-1
307076,Mall of Split,Electrip,Hirvatistan,43.518990238085735,16.48487998063493,ChIJ9Ss5OGRfNRMRf0uWuYkYSeY,"Punjači od 20-60 kW zasad rade savršeno; s jačim stanicama prvo se morate poigrati s utikačem, ali zasad nema problema. Cijene su između 40 i 55 centi po kWh.",Olumlu,1
307076,Mall of Split,Electrip,Hirvatistan,43.518990238085735,16.48487998063493,ChIJ9Ss5OGRfNRMRf0uWuYkYSeY,Punjači se nalaze u parkirnoj garaži na katu. 3. kat. Nema oznaka. Teško ih je pronaći.,Olumsuz,-1
307076,Mall of Split,Electrip,Hirvatistan,43.518990238085735,16.48487998063493,ChIJ9Ss5OGRfNRMRf0uWuYkYSeY,"Apsolutna sramota. Nema oznake, teško za pronaći. 15. kolovoza bio je državni praznik u Hrvatskoj, pa je garaža bila zatvorena. Vožnju električnim automobilom u Hrvatsku ne bih preporučio ni najgorem neprijatelju.",Olumsuz,-1
307076,Mall of Split,Electrip,Hirvatistan,43.518990238085735,16.48487998063493,ChIJ9Ss5OGRfNRMRf0uWuYkYSeY,"Dobre stanice za punjenje, ali ih je izuzetno teško pronaći. P3, narančasta zona, u samom stražnjem kutu.

Oznake u parkirnoj garaži su neadekvatne.",Nötr,0
301724,Ionity Gospic,Ionity,Hirvatistan,44.576392,15.394323,ChIJbSLH3KB_YUcRDcdXoI6P660,"Izvrsna punionica, snage 350kW.
Dovoljno mjesta, za 6 automobila. Uz nju aparat za kavu, sokove, čisti wc ali i odličan kafić-restoran. Sve preporuke, pogotovo za one nestrpljive jer se auto uistinu brzo napuni.",Olumlu,1
301724,Ionity Gospic,Ionity,Hirvatistan,44.576392,15.394323,ChIJbSLH3KB_YUcRDcdXoI6P660,"broj 2 nije htio puniti, wc se nemoze zaključati!? blizu ima mali restoran, radi od 9 do 1700. dnevni menu u slikama.",Olumsuz,-1
301724,Ionity Gospic,Ionity,Hirvatistan,44.576392,15.394323,ChIJbSLH3KB_YUcRDcdXoI6P660,"Zona Organic odlična hrana i kava
Ionity super brzo punjenje
Automati za piće i grickalice.
Sve 5+",Olumlu,1
301724,Ionity Gospic,Ionity,Hirvatistan,44.576392,15.394323,ChIJbSLH3KB_YUcRDcdXoI6P660,"Par minuta od izlaza s autoceste, punjači uredno rade, gužve nije bilo, ali ja sam bio u gluho zimsko doba, pretpostavljam da se ljeti čeka.",Nötr,0
301724,Ionity Gospic,Ionity,Hirvatistan,44.576392,15.394323,ChIJbSLH3KB_YUcRDcdXoI6P660,"Brzina punjenja max 50kw,
Punjač br.3 neispravan",Olumsuz,-1
300261,ELEN Pitvice,Elen,Hirvatistan,44.90620127647375,15.612808592733586,ChIJJ-xdQABdYUcR22ZnjmB40oA,6 wallbox punionica snage 11 kW,Olumlu,1
300261,ELEN Pitvice,Elen,Hirvatistan,44.90620127647375,15.612808592733586,ChIJJ-xdQABdYUcR22ZnjmB40oA,"1. Qr-kod, potrebno preuzimanje aplikacije i registracija. ELEN aplikacija! 2. Priključak pištolja. 3. Dodir bankovne kartice. 4. Punjenje počinje. Jednostavno, dobro radi! 2025. Nema potrebe čekati jutro na kraju listopada. 0,35 eur/kwh",Olumlu,1
300261,ELEN Pitvice,Elen,Hirvatistan,44.90620127647375,15.612808592733586,ChIJJ-xdQABdYUcR22ZnjmB40oA,6 AC punjača od 22 kW svaki.,Olumlu,1
300261,ELEN Pitvice,Elen,Hirvatistan,44.90620127647375,15.612808592733586,ChIJJ-xdQABdYUcR22ZnjmB40oA,Preporučujem povećanje broja sporoprodajnih mjesta. Mnogi koji su kasnije stigli nisu imali više slobodnog prostora.,Nötr,0
300261,ELEN Pitvice,Elen,Hirvatistan,44.90620127647375,15.612808592733586,ChIJJ-xdQABdYUcR22ZnjmB40oA,"Samo za goste hotela iako je navedeno kao ""javno""",Nötr,0
300259,ELEN Udbina,Elen,Hirvatistan,44.532288627357474,15.766838210435935,ChIJm4L5HLALYUcRyhgg5zXEG08,"Odlična punionica, 3 priključka, radi bez greške",Olumlu,1
300259,ELEN Udbina,Elen,Hirvatistan,44.532288627357474,15.766838210435935,ChIJm4L5HLALYUcRyhgg5zXEG08,"Obično nema čekanja , zgodno mjesto za punjenje na putu za jug starom cestom ili za Liku, u blizini dobar Kafić !",Olumlu,1
300259,ELEN Udbina,Elen,Hirvatistan,44.532288627357474,15.766838210435935,ChIJm4L5HLALYUcRyhgg5zXEG08,"Dobro punjenje, nije gužva. Ali selo se činilo gotovo mrtvim. Nema restorana.",Nötr,0
300259,ELEN Udbina,Elen,Hirvatistan,44.532288627357474,15.766838210435935,ChIJm4L5HLALYUcRyhgg5zXEG08,"Stanica je radila prošlog ljeta, jedini problem je što nemate ništa za jesti u blizini kada parkirate za punjenje",Olumlu,1
300259,ELEN Udbina,Elen,Hirvatistan,44.532288627357474,15.766838210435935,ChIJm4L5HLALYUcRyhgg5zXEG08,Samo jedan sudački bod i ne tako brzo,Olumsuz,-1
300258,Elen Gracac,Elen,Hirvatistan,44.299964390959474,15.852841465011238,ChIJ47JGpv-wYUcRZ3n3tusjSuE,"AC ne radi, DC radi sasvim dobro",Olumsuz,-1
300086,Kaufland Sinj,Kaufland eCharge,Hirvatistan,43.70134384070249,16.64421062963038,ChIJHQDArR2sShMR-SWZy_5yZLE,"Jednom punili, dva puta naplaćana usluga punjenja bez razloga.
Nakon više reklamacija novac ne vraćaju ni nakon desetak dana.",Olumsuz,-1
300086,Kaufland Sinj,Kaufland eCharge,Hirvatistan,43.70134384070249,16.64421062963038,ChIJHQDArR2sShMR-SWZy_5yZLE,Učitano bez problema s mojom EnBW karticom.,Olumlu,1
281023,Podstrana Petrićevo,Elen,Hirvatistan,43.4835955896543,16.55453983266716,ChIJ_xmnVt6hShMRjnoDsVBljrw,Ne radi s EuroShell ili Routex karticama za punjenje,Olumsuz,-1
279139,IONITY Roses Outlet,Ionity,Hirvatistan,46.08643038473394,15.9127568335621,ChIJ729Mp0LpZUcRO4pbN1nraYY,Sve radi kak treba,Olumlu,1
279139,IONITY Roses Outlet,Ionity,Hirvatistan,46.08643038473394,15.9127568335621,ChIJ729Mp0LpZUcRO4pbN1nraYY,Jako brzo punjemej,Olumlu,1
279139,IONITY Roses Outlet,Ionity,Hirvatistan,46.08643038473394,15.9127568335621,ChIJ729Mp0LpZUcRO4pbN1nraYY,nemam pojma..vozim dizelasa 😁,Olumsuz,-1
279139,IONITY Roses Outlet,Ionity,Hirvatistan,46.08643038473394,15.9127568335621,ChIJ729Mp0LpZUcRO4pbN1nraYY,Pristupačno,Olumlu,1
279139,IONITY Roses Outlet,Ionity,Hirvatistan,46.08643038473394,15.9127568335621,ChIJ729Mp0LpZUcRO4pbN1nraYY,"Lako dostupno s autoceste. Trgovački centar je pomalo jeziv noću, a toaleti 🚽 su doista zatvoreni kada trgovački centar nije otvoren. Ponekad se iz trgovačkog centra čuje čudno pucketanje, stvarajući pomalo ugođaj horor filma. Ali punjenje ovdje zasad uvijek dobro funkcionira (210 kW) i noću ima svjetla. Međutim, kante za smeće 🚮 se rijetko prazne.",Olumlu,1
267063,Ilovac,Be Energised (has-to-be),Hirvatistan,45.52066560070395,15.545342412247464,ChIJSXX_6q4-ZEcRcI4YODOMGvM,"Ova punionica je trebala biti Audijev partner. Naravno, to nije uspjelo. Jedina mogućnost plaćanja bila je Visa (kreditna kartica).

150 kW dostupno je samo pri samostalnom punjenju – s dva vozila bilo je 75 kW.

Punili smo ukupno 45 minuta!

Polog za ovo je bio preko 130 €.
Jedva čekamo račun!",Olumsuz,-1
267063,Ilovac,Be Energised (has-to-be),Hirvatistan,45.52066560070395,15.545342412247464,ChIJSXX_6q4-ZEcRcI4YODOMGvM,"Ne radi s Powerpassom, iako je prikazan, a 1,36 € po kW preko aplikacije prikazane na punionici je varalica. Nažalost, u okolici postoje samo punjače od 50 kW.",Olumsuz,-1
267063,Ilovac,Be Energised (has-to-be),Hirvatistan,45.52066560070395,15.545342412247464,ChIJSXX_6q4-ZEcRcI4YODOMGvM,"Izuzetno skupo, više od 1 eur po kWh
izbjegavajte pod svaku cijenu, ima boljih opcija (Tesla supercharger otvoren za sve u Jastrebarskom - 250 kW, upola jeftinije)",Olumlu,1
267063,Ilovac,Be Energised (has-to-be),Hirvatistan,45.52066560070395,15.545342412247464,ChIJSXX_6q4-ZEcRcI4YODOMGvM,"Radilo je savršeno s Mercedes Me karticom isprva na 148 kW, zatim se između 50-80% punilo na gotovo 100 kW.",Olumsuz,-1
267063,Ilovac,Be Energised (has-to-be),Hirvatistan,45.52066560070395,15.545342412247464,ChIJSXX_6q4-ZEcRcI4YODOMGvM,"Naplata uspješna, ali me iznenadio osigurani iznos od 130 eura. Inače je od 30 do 50 eura.",Nötr,0
267058,Odmorište Krka Zapad,PETROL,Hirvatistan,43.80501726413186,15.916369018649275,ChIJI9L0PCosNRMRSRuHmzQFBSc,"01.12.2026. Punjenje ne radi ni na jednom od priključaka. Stanica prikazuje poruku ""molimo pričekajte"". Ponovno pokretanje stanice crvenim gumbom ne rješava problem.",Olumsuz,-1
267058,Odmorište Krka Zapad,PETROL,Hirvatistan,43.80501726413186,15.916369018649275,ChIJI9L0PCosNRMRSRuHmzQFBSc,"4.5.25 punjenje nije bilo moguće. Samo je bankovni račun terećen sa 50 eura, koji ni nakon 24 sata nisu vraćeni jer nadoplata nije uspjela",Olumsuz,-1
267058,Odmorište Krka Zapad,PETROL,Hirvatistan,43.80501726413186,15.916369018649275,ChIJI9L0PCosNRMRSRuHmzQFBSc,Nikako se nisam mogao povezati i puniti. Služba za korisnike 24/7 nije bila dostupna.,Olumsuz,-1
267058,Odmorište Krka Zapad,PETROL,Hirvatistan,43.80501726413186,15.916369018649275,ChIJI9L0PCosNRMRSRuHmzQFBSc,"Punjenje nije moguće!

Simbol kave na zaslonu.

Nemam pojma što to znači.",Olumsuz,-1
267058,Odmorište Krka Zapad,PETROL,Hirvatistan,43.80501726413186,15.916369018649275,ChIJI9L0PCosNRMRSRuHmzQFBSc,Punjenje nije uspjelo. Vrlo skupo!!!,Olumsuz,-1
267055,Odmorište Mosor - Sjever,PETROL,Hirvatistan,43.49323630185148,16.784171148553384,ChIJjTWmSE28ShMRxd4pCTGQibI,👍😊,Olumlu,1
267055,Odmorište Mosor - Sjever,PETROL,Hirvatistan,43.49323630185148,16.784171148553384,ChIJjTWmSE28ShMRxd4pCTGQibI,Funktioniert nicht wie leider 80% der Schnell Ladestationen in Kroatien,Olumsuz,-1
267055,Odmorište Mosor - Sjever,PETROL,Hirvatistan,43.49323630185148,16.784171148553384,ChIJjTWmSE28ShMRxd4pCTGQibI,Zaslon i RFID čitač stanice za punjenje bili su uništeni. Postupak punjenja nije mogao započeti.,Olumsuz,-1
267055,Odmorište Mosor - Sjever,PETROL,Hirvatistan,43.49323630185148,16.784171148553384,ChIJjTWmSE28ShMRxd4pCTGQibI,Hat mit der Petrol App einwandfrei funktioniert!,Olumlu,1
266870,DC-Amigo,Elen,Hirvatistan,42.94107906429932,17.364446616327,ChIJH6sbuA-tSxMRdhEWLR3IiYk,"Bili smo prije 2 tjedna, stanica radi, čak i brzi punjač.",Olumsuz,-1
266870,DC-Amigo,Elen,Hirvatistan,42.94107906429932,17.364446616327,ChIJH6sbuA-tSxMRdhEWLR3IiYk,"Radi dobro, ali nažalost nudi samo 50 kW, a čak ni to nije u potpunosti postignuto. Registracija je malo komplicirana; morate biti upoznati s korištenjem VISA kartice za online kupnje. U blizini se nalazi mali restoran. Inače, nema puno toga za vidjeti na lokaciji.",Nötr,0
203003,ELEN Knin,Elen,Hirvatistan,44.04168075287862,16.19420193351425,ChIJK-hbY4k9YEcRuQMGVdH3xK8,Elen nije prihvatila dvije registrirane norveške kreditne kartice (čini se da nisu u skladu s norveškim sigurnosnim standardima). Na kraju smo se prebacili na korištenje aplikacije Plugsurfing (s istim kreditnim karticama) i uspjeli koristiti isti punjač.,Olumsuz,-1
203003,ELEN Knin,Elen,Hirvatistan,44.04168075287862,16.19420193351425,ChIJK-hbY4k9YEcRuQMGVdH3xK8,"Nije baš brzo punjenje, ali sam napunio dovoljno da stignem do Splita.",Nötr,0
203003,ELEN Knin,Elen,Hirvatistan,44.04168075287862,16.19420193351425,ChIJK-hbY4k9YEcRuQMGVdH3xK8,"Punjenje preko Elen aplikacije je radilo. Međutim, AC punjenje radilo je samo na maksimalnih 7 kW, a ne na navedenih 22 kW.",Olumsuz,-1
203003,ELEN Knin,Elen,Hirvatistan,44.04168075287862,16.19420193351425,ChIJK-hbY4k9YEcRuQMGVdH3xK8,"Češće offline nego online. Nemojte se oslanjati na ovaj, čak i ako aplikacija tvrdi da je online..",Olumsuz,-1
203003,ELEN Knin,Elen,Hirvatistan,44.04168075287862,16.19420193351425,ChIJK-hbY4k9YEcRuQMGVdH3xK8,47 kW cm³,Olumlu,1
202446,Auto Kuca Kovacic - Audi centar Split,PlugSurfing,Hirvatistan,43.506758,16.506286,ChIJlbNNaslfNRMRXv1NnEWoXY0,"Ne radi nijedna od 3 punionice, uzasno",Olumsuz,-1
202446,Auto Kuca Kovacic - Audi centar Split,PlugSurfing,Hirvatistan,43.506758,16.506286,ChIJlbNNaslfNRMRXv1NnEWoXY0,"Bilo ga je nevjerojatno teško pronaći, s užasnim natpisima. Jedna je punionica očito bila pokvarena, a na zaslonu se prikazivao tekst unatrag.",Olumsuz,-1
202441,Porsche (Moon) Rijeka,PlugSurfing,Hirvatistan,45.357032,14.414817,ChIJ9-Py9JahZEcRUkopfEOUH3A,Ne radi iako je moguce puniti od 07 do 18 h. Jako lose,Olumsuz,-1
202441,Porsche (Moon) Rijeka,PlugSurfing,Hirvatistan,45.357032,14.414817,ChIJ9-Py9JahZEcRUkopfEOUH3A,"Ne radi s Fleetpassom (nije prepoznao RFId), kreirao sam račun u aplikaciji, a zatim ne počinje s punjenjem.",Olumsuz,-1
202441,Porsche (Moon) Rijeka,PlugSurfing,Hirvatistan,45.357032,14.414817,ChIJ9-Py9JahZEcRUkopfEOUH3A,Stanica za punjenje unutar parkirališta autokuće. Vrata su bila zatvorena i stoga nepristupačna.,Olumsuz,-1
202441,Porsche (Moon) Rijeka,PlugSurfing,Hirvatistan,45.357032,14.414817,ChIJ9-Py9JahZEcRUkopfEOUH3A,Samo trebate preuzeti aplikaciju i sve radi savršeno. Brzo i odlično punjenje.,Olumlu,1
202441,Porsche (Moon) Rijeka,PlugSurfing,Hirvatistan,45.357032,14.414817,ChIJ9-Py9JahZEcRUkopfEOUH3A,Dobra punionica; sve je savršeno radilo s VW karticom za punjenje. 180 kW,Olumlu,1
202433,Porsche Moon Zagreb,PlugSurfing,Hirvatistan,45.7606655909903,15.983633258019154,ChIJUxUEJHDXZUcRSosYLbUFCpc,"Meni nije htjelo puniti, ali na nju je bilo spojeno vozilo koje se punilo, tako da je možda riječ o kompatibilnosti. Odmah pored ove koja je besplatna nalazi se punionica koja se naplaćuje, no ispred nje su bila parkirana vozila koje se ne pune i time priječila prilaz punionici.",Olumsuz,-1
202433,Porsche Moon Zagreb,PlugSurfing,Hirvatistan,45.7606655909903,15.983633258019154,ChIJUxUEJHDXZUcRSosYLbUFCpc,👍,Olumlu,1
202433,Porsche Moon Zagreb,PlugSurfing,Hirvatistan,45.7606655909903,15.983633258019154,ChIJUxUEJHDXZUcRSosYLbUFCpc,"Brzina punjenja od 4 do 6kw. 2025?
Punjači od 150kw postaju standardni i nude snagu kućne utičnice?",Olumsuz,-1
202433,Porsche Moon Zagreb,PlugSurfing,Hirvatistan,45.7606655909903,15.983633258019154,ChIJUxUEJHDXZUcRSosYLbUFCpc,"Djeluje! Benzinska punionica, tip 2, 11 kW. Trebate koristiti aplikaciju OneCharge od Petrola",Olumlu,1
195346,Lidl ,Lidl,Hirvatistan,44.10985804551731,15.243711935037824,ChIJT0EMFon6YUcRJ4OX8NlaWM0,"Dolazimo često iz Novalje u sva tri Lidla u kupovinu,nikad nije bilo nikakvih problema,ali danas smo bili u kupovini,i nakon kupovine otisli kupiti nesto u drugim trgovinama,posto smo nesto zaboravili kupiti,vratili smo se u lidl,neljubazni kontrolor na parkingu,nas je udaljio,jer smo vise od sat vremena na parkingu,pokusali smo objasniti,ali nas je udaljio,pa evo izgubili ste kupce",Olumsuz,-1
195346,Lidl ,Lidl,Hirvatistan,44.10985804551731,15.243711935037824,ChIJT0EMFon6YUcRJ4OX8NlaWM0,Na ovom mjestu nema javne punionice za električna vozila,Olumsuz,-1
195346,Lidl ,Lidl,Hirvatistan,44.10985804551731,15.243711935037824,ChIJT0EMFon6YUcRJ4OX8NlaWM0,"Nažalost, DC punionica isporučuje samo do 37 kW umjesto reklamiranih 50 kW; zaslon je zamrznut ili je zaslon osjetljiv na dodir vjerojatno neispravan. Punjenje putem QR koda na kraju je bilo moguće uz pomoć ljubaznog lokalnog vozača Tesle, jer je sve bilo na hrvatskom i nije bilo mogućnosti prebacivanja na engleski. Cijela stvar koštala je 0,45 €/kWh za DC punjenje; ovu punionicu je najbolje izbjegavati i više je rješenje za hitne slučajeve.",Olumsuz,-1
195346,Lidl ,Lidl,Hirvatistan,44.10985804551731,15.243711935037824,ChIJT0EMFon6YUcRJ4OX8NlaWM0,"Punjač je zamrznut i ne radi

Možete pokrenuti punjenje putem roaming aplikacije.
Međutim, lokacija je udaljena 300 metara",Olumsuz,-1
195346,Lidl ,Lidl,Hirvatistan,44.10985804551731,15.243711935037824,ChIJT0EMFon6YUcRJ4OX8NlaWM0,Brzo punjenje istosmjernom strujom ne radi od 28/07! Zaslon osjetljiv na dodir je pokvaren.,Olumsuz,-1
194468,IONITY Kanfanar,Ionity,Hirvatistan,45.112074,13.8025447200395,ChIJ0WBx0nq3fEcRSFiUac2zK1k,"Jednostavno radi. Naplata brza. Lako za pronaći, tik uz naplatne kućice.",Olumlu,1
194468,IONITY Kanfanar,Ionity,Hirvatistan,45.112074,13.8025447200395,ChIJ0WBx0nq3fEcRSFiUac2zK1k,Sporo punjenje. Samo moje vozilo na chargeru a brzina  punjenja ne ide preko 80 KW. U varaždinu ionity ide i preko 200KW. Ovo ovdje šrot....kuruza,Olumsuz,-1
194468,IONITY Kanfanar,Ionity,Hirvatistan,45.112074,13.8025447200395,ChIJ0WBx0nq3fEcRSFiUac2zK1k,Brzina je ok ali cijena najveca u RH. 0.77eura/kW,Nötr,0
194468,IONITY Kanfanar,Ionity,Hirvatistan,45.112074,13.8025447200395,ChIJ0WBx0nq3fEcRSFiUac2zK1k,"Punjačnica Ionity Kanfanar nezaobilazna je za putnike s električnim automobilima u Istri, posebno one koji putuju u Rovinj ili duž hrvatske obale. Strateški smještena uz cestu D303, lako je dostupna i nudi dovoljno parkirnih mjesta, što omogućuje lako manevriranje čak i većim vozilima.

Punjače su moderne i dobro održavane, s četiri ultrabrze punionice koje mogu isporučiti do 350 kW, što osigurava vrlo brzo punjenje i smanjuje vrijeme mirovanja. Utičnice su CCS Combo 2, najčešći standard u Europi, što ih čini kompatibilnima s gotovo svim električnim vozilima. Plaćanje je jednostavno: možete koristiti aplikaciju Ionity ili skenirati QR kod za početak punjenja, čak i bez pretplate.

Područje je čisto i sigurno, dobro osvijetljeno i tiho. Budući da se nalazi u pomalo ruralnom području, u neposrednoj blizini nema trgovina ni barova, stoga preporučujem da unaprijed isplanirate odmor ili iskoristite brzo punjenje.

Sveukupno, Ionity Kanfanar je pouzdana i praktična punionica, savršena za one koji žele putovati električnim automobilima po Istri bez stresa. Toplo ga preporučujem svima kojima je potrebno brzo i jednostavno punjenje.",Olumlu,1
194468,IONITY Kanfanar,Ionity,Hirvatistan,45.112074,13.8025447200395,ChIJ0WBx0nq3fEcRSFiUac2zK1k,"Postoje samo četiri mjesta za punjenje, ali rade savršeno. Punio sam tamo četiri puta u posljednja dva tjedna, svaki put na drugom mjestu i uvijek maksimalnom brzinom punjenja mog automobila.

Benzinska postaja s nekoliko mjesta za sjedenje nalazi se točno nasuprot. Područje je također pogodno za kratku šetnju.",Olumlu,1
193527,Interspar,E.ON Drive,Hirvatistan,45.33856053523616,14.4010624721368,ChIJZSvvnjuhZEcRhNiX2HyNQho,"Lako se nalazi. Savršeno je radio sa Škoda Powerpassom.

Punjenje od 50 centi/kWh malo je skupo, ali ipak u redu. Loša strana je što se nalazi na parkiralištu s barijerom, pa se dodatno naplaćuje.

Dva priključka tipa 2 dostupna su na licu mjesta.",Olumlu,1
193527,Interspar,E.ON Drive,Hirvatistan,45.33856053523616,14.4010624721368,ChIJZSvvnjuhZEcRhNiX2HyNQho,"Isprobao sam direktno s Elen aplikacijom i odmah je proradilo. 0,35 centi po kWh. Međutim, nakon 3 sata punjenja, primjenjuju se naknade za blokiranje od 6 centi po minuti, bez obzira na to je li automobil potpuno napunjen ili ne.

Potreban vam je prilično dug kabel ili parkiranje na dobrom mjestu.",Olumsuz,-1
193527,Interspar,E.ON Drive,Hirvatistan,45.33856053523616,14.4010624721368,ChIJZSvvnjuhZEcRhNiX2HyNQho,"Punionica 2x Tip 2 11 kW
Puni se pomoću aplikacije EnBW
Punionica se nalazi na parkiralištu s barijerom. Primjenjuju se dodatne naknade za parkiranje.
Parkiranje je nedjeljom, međutim, besplatno.",Olumlu,1
193527,Interspar,E.ON Drive,Hirvatistan,45.33856053523616,14.4010624721368,ChIJZSvvnjuhZEcRhNiX2HyNQho,"Prvo, radi, a plaćanje po korištenju je oko 0,40 €/kWh (samo imajte na umu da je naplata putem ELEN aplikacije užasna). Loša stvar je što morate platiti parkirno mjesto povrh cijene punjenja, koje je također bez krova pa je prilično sunčano i pretvorit će vam automobil u vatrenu kuglu. Dragi upravitelju parkirališta, tko god da ste: molim vas, razmislite o postavljanju fotonaponskog panela, zaradit ćete puno novca.",Olumsuz,-1
193527,Interspar,E.ON Drive,Hirvatistan,45.33856053523616,14.4010624721368,ChIJZSvvnjuhZEcRhNiX2HyNQho,"Upozoravam, cijena vrtoglavo raste nakon 3 sata, tako da se sporo punjenje od 10 kW ne može koristiti preko noći. To je apsurdno. Aplikacija je ćudljiva.",Olumsuz,-1
193429,Odmorište Desinec,PETROL,Hirvatistan,45.66303143848995,15.710863872867549,ChIJYWyX-iEyZEcR5pet1aEPaOQ,"Benzinska postaja uredna i praktična za kratki odmor. Kava je sasvim solidna, ništa posebno, ali dovoljna za pauzu na putu. Osoblje je korektno, odrađuju svoj posao bez previše ljubaznosti, no bez zamjerki. WC-i su čisti i održavani, što je veliki plus.

Dodatna prednost je što se odmah pored nalazi McDonald’s, pa se lako može nešto pojesti ako ste u prolazu.",Olumlu,1
193429,Odmorište Desinec,PETROL,Hirvatistan,45.66303143848995,15.710863872867549,ChIJYWyX-iEyZEcR5pet1aEPaOQ,Kupila sam nešto da bi dobila kod za wc. Kod za wc nije radio ni meni ni jos 2 čovjeka iza mene pa sam još morala ubacit 1€ za prljav wc.,Olumsuz,-1
193429,Odmorište Desinec,PETROL,Hirvatistan,45.66303143848995,15.710863872867549,ChIJYWyX-iEyZEcR5pet1aEPaOQ,WC je odvratno prljav da ti se gadi i ući unutra. Za 1€ koliko se plaća trebalo bi se moći jesti s poda. Odvratno i sramotno!,Olumsuz,-1
193429,Odmorište Desinec,PETROL,Hirvatistan,45.66303143848995,15.710863872867549,ChIJYWyX-iEyZEcR5pet1aEPaOQ,Naplati veliku kavu a kap mlijeka!!!! Neljubazni arogantni i kava nevalja!! 2.60e,Olumsuz,-1
193429,Odmorište Desinec,PETROL,Hirvatistan,45.66303143848995,15.710863872867549,ChIJYWyX-iEyZEcR5pet1aEPaOQ,"Znači toliko prljav i smrdljiv WC nisam u životu vidjela i još ga uredno treba platit 1€!! Katastrofa!! Parking također pun smeća i hrane. Daleko od toga da su i ljudi neuredni i ostavljaju iza sebe sve i svašta, ali ova količina smrada i smeća u WC je nedopustiva. I još pored McDonalds-a gdje se konzumira hrana. Fuj!",Olumsuz,-1
191028,IONITY Charging Station Zadar Tromilja,Ionity,Hirvatistan,44.1142383140226,15.407447320955214,ChIJjdeRQo3pYUcRFS-LfeExkt0,"Sve je bilo super, jako brzo punjenje. Odlična i čista stanica 😄",Olumlu,1
191028,IONITY Charging Station Zadar Tromilja,Ionity,Hirvatistan,44.1142383140226,15.407447320955214,ChIJjdeRQo3pYUcRFS-LfeExkt0,Brzo i efikasno,Olumlu,1
191028,IONITY Charging Station Zadar Tromilja,Ionity,Hirvatistan,44.1142383140226,15.407447320955214,ChIJjdeRQo3pYUcRFS-LfeExkt0,"Brzo punjenje, prema očekivanjima",Olumlu,1
191028,IONITY Charging Station Zadar Tromilja,Ionity,Hirvatistan,44.1142383140226,15.407447320955214,ChIJjdeRQo3pYUcRFS-LfeExkt0,"Dok se buba puni, gazda jede burek👍💪",Olumsuz,-1
191028,IONITY Charging Station Zadar Tromilja,Ionity,Hirvatistan,44.1142383140226,15.407447320955214,ChIJjdeRQo3pYUcRFS-LfeExkt0,IONITY radi brže od Teslinih superpunjača u blizini za malo višu cijenu kWh. Također je manje posjećena od Tesle (udaljena 50 m) i to će biti moj izbor sljedeći put. Neki navigacijski sustavi imaju problema s izračunavanjem rute do ove lokacije. WeCharge kartica radi besprijekorno.,Nötr,0
190801,Camping Odmoree,(Private Residence/Individual),Hirvatistan,44.300278,15.288889,ChIJLfF4xhyLYUcR1lrXpKQek68,"Predivan pogled na more i otoke koji se vide kao na dlanu. Kuća za odmor moderna ,a bazen sve to nadopunjuje. Čisto i uredno",Nötr,0
190801,Camping Odmoree,(Private Residence/Individual),Hirvatistan,44.300278,15.288889,ChIJLfF4xhyLYUcR1lrXpKQek68,Prekrasno mjesto,Olumsuz,-1
190801,Camping Odmoree,(Private Residence/Individual),Hirvatistan,44.300278,15.288889,ChIJLfF4xhyLYUcR1lrXpKQek68,"Savršeno opremljena kuća u kojoj apsolutno ništa nije nedostajalo. Nikada nisam vidio tako ukusno namještenu kuću za odmor. Bazen je bio jednostavno fantastičan. Lokacija je bila savršena za sve koji traže mir i tišinu daleko od gužve i buke. Plaža je bila praktički pusta sa zapanjujuće čistom vodom.

Boris je uvijek bio na raspolaganju ako smo imali pitanje ili problem.

Slike na web stranici su točno onakve kakve su u stvarnosti.

Osjećali smo se vrlo ugodno i rado bismo se vratili.",Olumlu,1
190801,Camping Odmoree,(Private Residence/Individual),Hirvatistan,44.300278,15.288889,ChIJLfF4xhyLYUcR1lrXpKQek68,"Apsolutno fantastičan smještaj, toplo preporučujem! Boravimo ovdje drugu godinu zaredom i sigurno neće biti zadnja.",Olumlu,1
190801,Camping Odmoree,(Private Residence/Individual),Hirvatistan,44.300278,15.288889,ChIJLfF4xhyLYUcR1lrXpKQek68,Apsolutno opuštajuće mjesto. Objekt ima nekoliko stanova. Preporučujem da pogledate one s bazenom umjesto jacuzzija i one na prvoj liniji. Imaju puno širi pogled na more.,Olumsuz,-1
175713,ELEN Postira,Elen,Hirvatistan,43.373865,16.627056,ChIJpycaKwmdShMRXVBFu_MHI9w,"Radi na CCS, ne radi na tipu 2. Automobil: Hyundai.",Nötr,0
175713,ELEN Postira,Elen,Hirvatistan,43.373865,16.627056,ChIJpycaKwmdShMRXVBFu_MHI9w,"Najjednostavnija stanica od 50 kW, Elene je najbolja čak i u udaljenim područjima, preporučujem.",Olumlu,1
175713,ELEN Postira,Elen,Hirvatistan,43.373865,16.627056,ChIJpycaKwmdShMRXVBFu_MHI9w,"Za mene je ELEN ili pogodio ili promašio. Pokušao sam s oba utikača više puta po 20 minuta, ali aplikacija je uvijek imala grešku pri koraku plaćanja. Nakon nekoliko pokušaja jedan od utikača je otišao u način rada ""van pogona"".

Uredi: Samo koristite web stranicu umjesto aplikacije. Tada radi. I dalje je dosadno.",Olumsuz,-1
175713,ELEN Postira,Elen,Hirvatistan,43.373865,16.627056,ChIJpycaKwmdShMRXVBFu_MHI9w,Stanica za punjenje uvijek je dobro radila. Lokacija je vrlo povoljna. Nema naknada za skladištenje i parkiranje.,Olumlu,1
175713,ELEN Postira,Elen,Hirvatistan,43.373865,16.627056,ChIJpycaKwmdShMRXVBFu_MHI9w,Jako sporoooo,Nötr,0
175712,ELEN Sutivan,Elen,Hirvatistan,43.38273071408455,16.478641030039853,ChIJI1Pl2xpjNRMRltQb0q9hhWI,"Sama punionica radi. Nažalost, uz vrlo visoke troškove punjenja, morate kupiti i parkirnu kartu. Vrlo dosadno. Ne moram kupiti parkirnu kartu dok točim gorivo na benzinskoj postaji. Uvijek ta pohlepa.",Olumsuz,-1
175712,ELEN Sutivan,Elen,Hirvatistan,43.38273071408455,16.478641030039853,ChIJI1Pl2xpjNRMRltQb0q9hhWI,"Nama je dobro funkcioniralo, bez ikakvih problema. Važno je imati aplikaciju Elen ili RFID karticu, poput Powerpassa.
Jedini minus je što morate platiti i parking - 2€ za nešto više od 1 sata.",Olumlu,1
175712,ELEN Sutivan,Elen,Hirvatistan,43.38273071408455,16.478641030039853,ChIJI1Pl2xpjNRMRltQb0q9hhWI,Preuzeto s Elen aplikacijom. Također ponovno preuzeto s EnBW SIM karticom jer je internetska veza u gradu jako loša.,Olumsuz,-1
175712,ELEN Sutivan,Elen,Hirvatistan,43.38273071408455,16.478641030039853,ChIJI1Pl2xpjNRMRltQb0q9hhWI,"Uopće ne radi. Obavezno imajte druge mogućnosti punjenja (Split, prije ulaska u trajekt)!",Olumsuz,-1
175712,ELEN Sutivan,Elen,Hirvatistan,43.38273071408455,16.478641030039853,ChIJI1Pl2xpjNRMRltQb0q9hhWI,Super. Uvijek besplatno i puni se 50 kW do 80%.,Olumlu,1
175711,ELEN Kanfanar,Elen,Hirvatistan,45.1232724553154,13.83854735625971,ChIJCx8i4ZG3fEcRqmk2s_v6Vh4,"Za svaku pohvalu, ali koliko zaista Kanfanar ima žitelja s električnim autima. Hmmm osim možda sada turista po ljeti.",Nötr,0
175711,ELEN Kanfanar,Elen,Hirvatistan,45.1232724553154,13.83854735625971,ChIJCx8i4ZG3fEcRqmk2s_v6Vh4,"Htio sam napuniti na putu kući 19.9. i dogodilo se sljedeće. Tko god se sjetio postaviti tribinu točno na JEDINOJ stanici za punjenje u Kanfanaru, treba ga udariti nogom u stražnjicu.",Olumsuz,-1
175711,ELEN Kanfanar,Elen,Hirvatistan,45.1232724553154,13.83854735625971,ChIJCx8i4ZG3fEcRqmk2s_v6Vh4,"Djeluje i nije skup. Preuzmite aplikaciju, unesite svoju kreditnu karticu i krenite. Ponekad morate pokušati dva ili tri puta prije nego što punjenje uspije.",Olumlu,1
175711,ELEN Kanfanar,Elen,Hirvatistan,45.1232724553154,13.83854735625971,ChIJCx8i4ZG3fEcRqmk2s_v6Vh4,Radi kako se očekivalo. Cijena je u redu.,Olumlu,1
175711,ELEN Kanfanar,Elen,Hirvatistan,45.1232724553154,13.83854735625971,ChIJCx8i4ZG3fEcRqmk2s_v6Vh4,Molimo dodajte još stanica od 50 kW!,Olumlu,1
174655,Odmorište Janjče Istok,Elen,Hirvatistan,44.75133868885808,15.37507247479823,ChIJ0c-AJ2zZY0cR7l3qarRFJqc,"ELEN stanice za punjenje dobre su za prijevoz. Samo dobro, ne izvrsno. Samo 50kW snage i nešto viša cijena. Treba im nadogradnja, možda izrada hubova sa 4-6 CCS konektora i nekakve pretplate za ljude koji putuju lijepom Hrvatskom.",Nötr,0
174655,Odmorište Janjče Istok,Elen,Hirvatistan,44.75133868885808,15.37507247479823,ChIJ0c-AJ2zZY0cR7l3qarRFJqc,"Stanica radi putem elen aplikacije. Daje 46-49 kW putem CCS-a.
Ali samo jedan CCS priključak na odmorištu. Čekao sam 20 minuta jer je bio drugi auto. Ne razumijem zašto postoji tip 2? Tko želi čekati 2-3 sata na autocesti da bi barem nešto napunio? Dodajte još nekoliko CCS priključaka.",Olumsuz,-1
174655,Odmorište Janjče Istok,Elen,Hirvatistan,44.75133868885808,15.37507247479823,ChIJ0c-AJ2zZY0cR7l3qarRFJqc,"Uključili smo ga u CCS punjač. Nažalost, aplikacija Plugsurfing (Renault Zoe) nije radila. Imali smo Elli karticu kao dodatnu karticu i radila je.",Olumsuz,-1
174655,Odmorište Janjče Istok,Elen,Hirvatistan,44.75133868885808,15.37507247479823,ChIJ0c-AJ2zZY0cR7l3qarRFJqc,"DC punjač ne radi!!!
Vrlo dug postupak prijave ni za što.
15 minuta moje obitelji ovdje je potraćeno...",Olumsuz,-1
174655,Odmorište Janjče Istok,Elen,Hirvatistan,44.75133868885808,15.37507247479823,ChIJ0c-AJ2zZY0cR7l3qarRFJqc,"Osoba s punjačem od 50 kW loše je parkirala, a ja sam imao dostupnu samo utičnicu od 22 kW (11 kW). Planirao sam otići do Ionityja na sljedećem izlazu, maksimalno 30 km udaljenosti.",Olumsuz,-1
172973,Belisce Municipality,PlugSurfing,Hirvatistan,45.68410160497234,18.40573905989322,ChIJkVKtXhAjXUcRZMdIrYFzfAc,Radi bez problema. Maksimalna snaga za cijelu punionicu je 45kW. Ako se puni na dvije onda je po izlazu 22kW,Olumlu,1
172973,Belisce Municipality,PlugSurfing,Hirvatistan,45.68410160497234,18.40573905989322,ChIJkVKtXhAjXUcRZMdIrYFzfAc,Punjenje izmjeničnom strujom možda neće raditi po ovoj vrućini! Vrlo je prometno poslijepodne.,Olumsuz,-1
172973,Belisce Municipality,PlugSurfing,Hirvatistan,45.68410160497234,18.40573905989322,ChIJkVKtXhAjXUcRZMdIrYFzfAc,Sve je radilo besprijekorno.,Olumlu,1
172972,Tržnica,Elen,Hirvatistan,45.75968066508781,18.16385266542352,ChIJl0866rhHXUcRg5qCKZ9vg_Q,Snaga 45 kw,Olumlu,1
172972,Tržnica,Elen,Hirvatistan,45.75968066508781,18.16385266542352,ChIJl0866rhHXUcRg5qCKZ9vg_Q,Punjenje je bilo bez problema.,Olumlu,1
172972,Tržnica,Elen,Hirvatistan,45.75968066508781,18.16385266542352,ChIJl0866rhHXUcRg5qCKZ9vg_Q,All good. Charger worked well.,Olumlu,1
172971,ELEN Virovitica,Elen,Hirvatistan,45.83515772973101,17.386351149327766,ChIJ09lF-snrZ0cROnBffAlQ3a8,"Dva parkirna mjesta, tri vrste priključka",Olumlu,1
172971,ELEN Virovitica,Elen,Hirvatistan,45.83515772973101,17.386351149327766,ChIJ09lF-snrZ0cROnBffAlQ3a8,Uredna i brza punionica,Olumlu,1
172934,ELEN Trg Kralja Tomislava,Elen,Hirvatistan,45.952653118018105,17.23398793309525,ChIJx_LVudTFZ0cR1yayLLQTo8E,Jednostavno kreirajte račun putem aplikacije i uplatite kreditnu karticu i krenite,Olumlu,1
172934,ELEN Trg Kralja Tomislava,Elen,Hirvatistan,45.952653118018105,17.23398793309525,ChIJx_LVudTFZ0cR1yayLLQTo8E,"Punjeno ovdje više puta, sve je bilo u redu. Snaga ograničena na 45 kW DC.",Olumsuz,-1
172933,Odmorište Lepa Bukva,Elen,Hirvatistan,46.239600673250266,15.847420282573694,ChIJNTZVsm2NZUcRnkhImuXLtdQ,Radilo je savršeno i bilo je besplatno!,Olumlu,1
172182,Apartment Adriana,Elen,Hirvatistan,44.53231694134274,14.46508847940254,ChIJdVBjRDj5YkcRlKqqVNlugqY,"U špici sezone znaju biti zauzeta oba priključka, inače je skoro uvijek 1 slobodan",Olumsuz,-1
172182,Apartment Adriana,Elen,Hirvatistan,44.53231694134274,14.46508847940254,ChIJdVBjRDj5YkcRlKqqVNlugqY,"Rijetko vidim da se koristi, možda još nema puno električnih vozila ili ne radi.",Olumsuz,-1
172182,Apartment Adriana,Elen,Hirvatistan,44.53231694134274,14.46508847940254,ChIJdVBjRDj5YkcRlKqqVNlugqY,Ne radi!,Olumsuz,-1
172182,Apartment Adriana,Elen,Hirvatistan,44.53231694134274,14.46508847940254,ChIJdVBjRDj5YkcRlKqqVNlugqY,"Vrlo lako za pronaći. Radi 100% dobro. Navečer je parking pun, ali stanica nije bila zauzeta. Za našu karticu za punjenje (ZSE drive) radi odmah nakon aktivacije kartice. ELEN aplikacija također radi.",Olumlu,1
172182,Apartment Adriana,Elen,Hirvatistan,44.53231694134274,14.46508847940254,ChIJdVBjRDj5YkcRlKqqVNlugqY,"Instalirajte ELEN aplikaciju, unesite svoju platnu karticu, fotografirajte QR kod na štandu, potvrdite 33 EU blok (naplatit će se samo konačni iznos) i naplatite. Preporučujem dolazak u 7 ujutro, besplatno je i možete doručkovati u restoranu pored punjača.",Olumlu,1
170820,ELEN Odmorište Spačva,Elen,Hirvatistan,45.04533476375411,18.999731256352675,ChIJz3I6Z89pXEcRQT4WEgK3nfQ,"50 kW kako je obećano, ali samo s ELEN aplikacijom",Olumlu,1
170820,ELEN Odmorište Spačva,Elen,Hirvatistan,45.04533476375411,18.999731256352675,ChIJz3I6Z89pXEcRQT4WEgK3nfQ,"50 kW nije dostupno. Potrebna vam je aplikacija Elen, a tada radi samo AC punjenje od 11 kW.",Olumsuz,-1
170707,Hep Elen charger,Elen,Hirvatistan,45.33075560813037,17.674889767057607,ChIJJZGXYnCFXUcRbJh6h5D6Kb0,"Nekad radi normalno, nekad proradi tek iz drugog ili trećeg pokušaja, a nekad ne radi uopće. Type 2 konektor je oštećen već duže vrijeme. Desno parkirno mjesto je preblizu prolazu i zidu i gotovo je nemoguće u njega smjestiti veći automobil",Olumsuz,-1
170707,Hep Elen charger,Elen,Hirvatistan,45.33075560813037,17.674889767057607,ChIJJZGXYnCFXUcRbJh6h5D6Kb0,Punjenje Maingain karticom za punjenje. Shell kartica ne radi. Pouka priče: putujte sa svim mogućim karticama i aplikacijama za punjenje. Ali sve ide na bolje. Ovako je Chargingland u Danskoj izgledao 2018.,Olumsuz,-1
170460,ELEN Antuna Mihanovića,Elen,Hirvatistan,46.15828511846894,16.825426133335668,ChIJO6rEukInZkcR9q0OCcYanqA,"Ako uopće radi, skoro je nemoguće pokrenuti punjenje preko aplikacije. Korisnička podrška 0! Nemojte se nadati da će se netko iz korisničke službe udostojiti javiti na telefon.",Olumsuz,-1
170460,ELEN Antuna Mihanovića,Elen,Hirvatistan,46.15828511846894,16.825426133335668,ChIJO6rEukInZkcR9q0OCcYanqA,"Brza punionica, uredna i održavana. Uglavnom ima slobodan punjač. Blizu trgovine na  7 minuta pješice od centra grada.",Olumlu,1
170460,ELEN Antuna Mihanovića,Elen,Hirvatistan,46.15828511846894,16.825426133335668,ChIJO6rEukInZkcR9q0OCcYanqA,Ne radi zato sto nema napajanja,Olumsuz,-1
170459,Bana J. Jelačića 22,Elen,Hirvatistan,42.97716847374116,17.18785582700491,ChIJDY1A6pxRShMRSBlPGLHgZ0I,"Stanicu za punjenje lako pronaći. Dobre cijene. U blizini je mali supermarket za grickalice ili nešto slično.
Punionicu je malo blokirao kamion, ali smo uspjeli ući.",Olumlu,1
170459,Bana J. Jelačića 22,Elen,Hirvatistan,42.97716847374116,17.18785582700491,ChIJDY1A6pxRShMRSBlPGLHgZ0I,"Nadoplatu sam započeo s vlastitom karticom za nadoplatu, tako da aplikacija Elen nije nepotrebno rezervirala novac s računa, već sam samo platio naknadu za nadoplatu.",Olumsuz,-1
170459,Bana J. Jelačića 22,Elen,Hirvatistan,42.97716847374116,17.18785582700491,ChIJDY1A6pxRShMRSBlPGLHgZ0I,"Radi i prilično je pristupačan, ali to je otprilike sve pozitivne strane. Prije početka punjenja blokira 53 € na kartici, s maksimalnom snagom od 53 kW. Ponekad ga mogu blokirati i automobili koji nisu električni.",Nötr,0
170459,Bana J. Jelačića 22,Elen,Hirvatistan,42.97716847374116,17.18785582700491,ChIJDY1A6pxRShMRSBlPGLHgZ0I,"Ova punionica će vam naplatiti novac čak i prije nego što počne stvarno punjenje akumulatora automobila. Budite oprezni, NIJE BESPLATNO kao što i samo ime kaže. Odmah su mi vratili novac jer je došlo do greške u sustavu uređaja.",Olumsuz,-1
170459,Bana J. Jelačića 22,Elen,Hirvatistan,42.97716847374116,17.18785582700491,ChIJDY1A6pxRShMRSBlPGLHgZ0I,"Punjač radi s Elen aplikacijom i kreditnom karticom. Međutim, nije besplatan, kao što i samo ime sugerira.",Nötr,0
170457,Ston Municipality,Hrvatski Telekom,Hirvatistan,42.83794008411908,17.69814228464179,ChIJEbrYoL6XSxMRmri6mFYeesI,Prisloniti bilo koju karticu za početak punjenja,Olumsuz,-1
170457,Ston Municipality,Hrvatski Telekom,Hirvatistan,42.83794008411908,17.69814228464179,ChIJEbrYoL6XSxMRmri6mFYeesI,"Moje mišljenje o punionici Hrvatskog Telekoma je izrazito pozitivno, iako moram priznati da postoje neka ograničenja koja mogu utjecati na ukupnu ocjenu.

Prije svega, punionica je izuzetno pristupačna, što je veliki plus, pogotovo u vrijeme kada su punionice za električna vozila sve važnije u svakodnevnom životu. Prikladan položaj stanice olakšava brzo i jednostavno spajanje vašeg automobila na punjač. Međutim, vrijedi napomenuti da je stanica dizajnirana samo za dva vozila istovremeno, što može biti problematično tijekom vršnih sati ili kada više ljudi koristi punjače.

Najveća prednost ove punionice nedvojbeno je činjenica da nema potrebe za registracijom na bilo kojoj web stranici ili kupnjom pretplate. Ovo je veliko olakšanje za one koji cijene jednostavnost i ne žele gubiti vrijeme na komplicirane postupke. Jednostavno priđite čuvaru parkirališta, koji provjerava karte i izdaje kazne. Ovaj ljubazni gospodin ima RFID karticu koja aktivira punjač. Cijeli proces je vrlo intuitivan i ne zahtijeva praktički nikakav naš unos – jednostavan razgovor sa čuvarom je sve što je potrebno za početak punjenja.

Ono što ovu stanicu izdvaja od ostalih je to što je punjenje potpuno besplatno. U današnjem svijetu, kada punjenje električnih vozila često uključuje dodatne naknade, prilika za korištenje besplatne punionice doista je jedinstvena. Nadalje, nema potrebe za posebnom kupnjom parkirne karte, što je još jedna pogodnost za vozače.

Ukratko, punionica Hrvatskog Telekoma je dobro osmišljena punionica koja će zasigurno ispuniti očekivanja mnogih korisnika električnih vozila. Unatoč tome što je ograničen na dva vozila, njegova dostupnost, nepotrebna registracija ili pretplata, a prije svega besplatno punjenje, čine ga mjestom koje vrijedi preporučiti svima koji traže jednostavan i učinkovit način punjenja svog električnog automobila.",Nötr,0
170457,Ston Municipality,Hrvatski Telekom,Hirvatistan,42.83794008411908,17.69814228464179,ChIJEbrYoL6XSxMRmri6mFYeesI,"Napokon, stanica za punjenje koja radi. Slano i Dubrovnik su noćna mora, pogotovo s Tesla destinacijskim punjačima. Ovaj radi savršeno i brz je. 22 kWh. Zaslon se ne vidi, ali koristio sam svoju ANWB karticu za punjenje i radi savršeno. Nakon toga sam se popeo na zidić i nešto pojeo, a auto je opet napunjen.",Nötr,0
170457,Ston Municipality,Hrvatski Telekom,Hirvatistan,42.83794008411908,17.69814228464179,ChIJEbrYoL6XSxMRmri6mFYeesI,Desna strana ne radi. Lijeva strana je bila zauzeta. Punjenje nije moglo započeti. LCD zaslon je neispravan. QR kod na stanici za punjenje je zastario.,Olumsuz,-1
170457,Ston Municipality,Hrvatski Telekom,Hirvatistan,42.83794008411908,17.69814228464179,ChIJEbrYoL6XSxMRmri6mFYeesI,"Besplatan punjač - zaslon je pokvaren, ali s Chargemapom ili drugom karticom možete ga pokrenuti. Radi samo lijevi konektor!",Nötr,0
170396,ELEN Iza Grada,Elen,Hirvatistan,42.64288690489721,18.1079222887754,ChIJUR7wYoZ1TBMRiB_t-dSx0-o,48kw brzina. Ujutro su mjesta u hladu. Nejasno je samo da li je potrebno dodatno platiti i parkiranje ili ne…,Olumsuz,-1
170396,ELEN Iza Grada,Elen,Hirvatistan,42.64288690489721,18.1079222887754,ChIJUR7wYoZ1TBMRiB_t-dSx0-o,"AC utičnica je pokvarena, ali CSS utičnica radi. Nema čekaonice ni kafića na lokaciji. Provjerite aplikaciju i idite ako je dostupna.",Nötr,0
170396,ELEN Iza Grada,Elen,Hirvatistan,42.64288690489721,18.1079222887754,ChIJUR7wYoZ1TBMRiB_t-dSx0-o,"HEP punionica. Punite s lokalnim propusnicama i ANWB propusnicom. Ne sa Shell propusnicom za punjenje.
Maks. 50 kW srpanj 2024.",Olumsuz,-1
170396,ELEN Iza Grada,Elen,Hirvatistan,42.64288690489721,18.1079222887754,ChIJUR7wYoZ1TBMRiB_t-dSx0-o,CCS kabel od 50kw radio je u drugom pokušaju pomoću aplikacije ELEN. Dva namjenska EV mjesta na parkiralištu. Nismo platili parking iako biste možda trebali. Trgovine i restorani te plaža u blizini. Mislim da je bolja opcija nego u centru Dubrovnika.,Olumlu,1
170396,ELEN Iza Grada,Elen,Hirvatistan,42.64288690489721,18.1079222887754,ChIJUR7wYoZ1TBMRiB_t-dSx0-o,Omogućili smo punjenje s 50 kW. Moguće je i sporo punjenje.,Olumlu,1
170322,Petrol Mala Subotica,PETROL,Hirvatistan,46.352153965339966,16.520392816577782,ChIJm0qT1ByvaEcRn-R46_YJhUc,"Odlična kava u bistrou pored benziske Barracuda.
Ljubazno osoblje",Olumlu,1
170322,Petrol Mala Subotica,PETROL,Hirvatistan,46.352153965339966,16.520392816577782,ChIJm0qT1ByvaEcRn-R46_YJhUc,"Nije lose.
Iza parking za kamione, moze stati 10ak, jedno mjesto za tocenje kamiona, bar ovaj Petrol ima veliki pištolj za sipanje, svi neke male pa nikad natocit.",Nötr,0
170322,Petrol Mala Subotica,PETROL,Hirvatistan,46.352153965339966,16.520392816577782,ChIJm0qT1ByvaEcRn-R46_YJhUc,"Noć 1.20, nama svijetli lampica za ulje, dvije žene u automobilu. Dolazimo na benzinsku postaju Petrol Sveti Križ kad tamo noćnu radi gđa. Jelena. Hvala vam na vašoj ljubaznosti, stručnosti i dolijevanju ulja. Zahvaljujući vama sretno smo stigle kući... Vratiti ćemo se sigurno, hvala još jednom, pozdrav iz Koprivnice",Olumlu,1
170322,Petrol Mala Subotica,PETROL,Hirvatistan,46.352153965339966,16.520392816577782,ChIJm0qT1ByvaEcRn-R46_YJhUc,"Jako usluzno osoblje,u svakom sektoru benzinske.Hvala!!",Olumlu,1
170322,Petrol Mala Subotica,PETROL,Hirvatistan,46.352153965339966,16.520392816577782,ChIJm0qT1ByvaEcRn-R46_YJhUc,Posjeta trgovine u sklopu benzinske .Dobra ponuda malo više cijene Usluga na vrhu,Olumlu,1
170237,Petrol Sv. Nedjelja,PETROL,Hirvatistan,45.80159754485194,15.78743743192706,ChIJt4ekdt_NZUcRVsR_Y_pMfRE,"Radno vrijeme
radnim danom

06:00 - 21:00

subota

06:00 - 21:00

nedjelja i praznici

07:00 - 20:00",Olumlu,1
170237,Petrol Sv. Nedjelja,PETROL,Hirvatistan,45.80159754485194,15.78743743192706,ChIJt4ekdt_NZUcRVsR_Y_pMfRE,"Dovoljno dugo traje gorivo,ali je malo skup ducan",Nötr,0
170237,Petrol Sv. Nedjelja,PETROL,Hirvatistan,45.80159754485194,15.78743743192706,ChIJt4ekdt_NZUcRVsR_Y_pMfRE,Najbolja Benzinska postaja....ali samo zbog djelatnika muških i ženskih koji tamo rade....bez njih ne bi bilo tako,Olumlu,1
170237,Petrol Sv. Nedjelja,PETROL,Hirvatistan,45.80159754485194,15.78743743192706,ChIJt4ekdt_NZUcRVsR_Y_pMfRE,Odlicna pozicija i pristup.Kafic pokraj,Olumlu,1
170237,Petrol Sv. Nedjelja,PETROL,Hirvatistan,45.80159754485194,15.78743743192706,ChIJt4ekdt_NZUcRVsR_Y_pMfRE,"Ljubazni i uslužni, a sve ostalo je klasika.",Olumlu,1
162231,Odmorište Kozjak jug,Elen,Hirvatistan,43.58637124261915,16.458154483171256,ChIJm1vCW4hZNRMR-atzCYwDKCU,"Praktično punjenje, sporije i po visokoj cijeni. Ali barem je drveće pružalo malo hlada. Nema problema s spajanjem i punjenjem s VW We Charge karticom. Dovoljan izbor na pumpi, toaleti uz naknadu.",Olumlu,1
162231,Odmorište Kozjak jug,Elen,Hirvatistan,43.58637124261915,16.458154483171256,ChIJm1vCW4hZNRMR-atzCYwDKCU,"Tako Sustav ne bi trebao biti.
Dragi Hrvati promijenite Charging u User Friendly.
Omogućite 180kw i plaćanje RFI karticom",Olumsuz,-1
161649,16 Lakes Hotel,Hrvatski Telekom,Hirvatistan,44.971369,15.650676,ChIJlyBBEONZYUcRItGh1fgLeqU,"Otišli smo do Telekomove punionice, ali na kraju nije radila. Srećom, ona u obližnjem hotelu radi. Naplaćuju 10 eura po satu.
Osim toga, ako se odlučite puniti noću, nećete moći!",Olumsuz,-1
161649,16 Lakes Hotel,Hrvatski Telekom,Hirvatistan,44.971369,15.650676,ChIJlyBBEONZYUcRItGh1fgLeqU,"Stanica za punjenje električnih vozila u prekrasnom okruženju hotela 16 Lakes!
Model Tesla S",Olumlu,1
161649,16 Lakes Hotel,Hrvatski Telekom,Hirvatistan,44.971369,15.650676,ChIJlyBBEONZYUcRItGh1fgLeqU,odlično! Bili smo gosti na 16 jezera i punjenje je radilo savršeno.,Olumlu,1
161649,16 Lakes Hotel,Hrvatski Telekom,Hirvatistan,44.971369,15.650676,ChIJlyBBEONZYUcRItGh1fgLeqU,"Punjači pored hotela 16 Lakes.
Besplatno punjenje uz doručak, ručak ili večeru! :)",Olumlu,1
161649,16 Lakes Hotel,Hrvatski Telekom,Hirvatistan,44.971369,15.650676,ChIJlyBBEONZYUcRItGh1fgLeqU,"2 stanice 22 kW, konektor tipa 2. Idite u hotel 16lakes po RF ključ. Ako tamo večerate, naplaćujete besplatno. Super lijepo mjesto.",Olumlu,1
157473,Park Slavonski Brod,Elen,Hirvatistan,45.15439041267081,18.009197832330074,ChIJFxlTKPC5XUcR3o5bnGB1EzQ,Sporo puni ali još uvijek brže od elenovog pored koji uopče ne radi,Olumsuz,-1
157473,Park Slavonski Brod,Elen,Hirvatistan,45.15439041267081,18.009197832330074,ChIJFxlTKPC5XUcR3o5bnGB1EzQ,"Nalazi se pored ELENove, i puno bolja. Ima 50kW DC punjenje.",Olumlu,1
157473,Park Slavonski Brod,Elen,Hirvatistan,45.15439041267081,18.009197832330074,ChIJFxlTKPC5XUcR3o5bnGB1EzQ,Pojedinci koriste kao povlašteni parking a ne punionicu.,Olumlu,1
157473,Park Slavonski Brod,Elen,Hirvatistan,45.15439041267081,18.009197832330074,ChIJFxlTKPC5XUcR3o5bnGB1EzQ,"Punjenje je bilo samo 25 kW, a ja sam bio jedini koji je tamo punio. Morao sam čekati da netko pomakne svoj automobil na benzin s mjesta rezerviranog za punjenje vozila. Ovo mjesto se obično koristi za besplatno parkiranje...",Olumsuz,-1
157473,Park Slavonski Brod,Elen,Hirvatistan,45.15439041267081,18.009197832330074,ChIJFxlTKPC5XUcR3o5bnGB1EzQ,"Punionice se nalaze na ulazu u kompleks tvrđave iu neposrednoj su blizini centra grada. Tijekom punjenja možete prošetati tvrđavom, uz Savsku šetnicu ili uživati ​​u piću u gradu. Sustavi su jedan s dvije utičnice tipa 2 snage 11 kW i jedan brzi s jednim CCS i jednim CHAdeMO utikačem. Brzi punjač dio je DKV mreže.",Olumlu,1
157472,ELEN Odmoriste Nadin Sjever,Elen,Hirvatistan,44.06242666294122,15.531105100887087,ChIJTyicjKDdYUcRYF7Nft-9R-0,"To je normalno mjesto, ima WC, ali tuš se plaća. 2 sobe su na istom katu.",Nötr,0
157472,ELEN Odmoriste Nadin Sjever,Elen,Hirvatistan,44.06242666294122,15.531105100887087,ChIJTyicjKDdYUcRYF7Nft-9R-0,Nema dugog čekanja u redu,Nötr,0
157472,ELEN Odmoriste Nadin Sjever,Elen,Hirvatistan,44.06242666294122,15.531105100887087,ChIJTyicjKDdYUcRYF7Nft-9R-0,Odličan servis,Olumlu,1
157472,ELEN Odmoriste Nadin Sjever,Elen,Hirvatistan,44.06242666294122,15.531105100887087,ChIJTyicjKDdYUcRYF7Nft-9R-0,Nije bilo druge,Nötr,0
157472,ELEN Odmoriste Nadin Sjever,Elen,Hirvatistan,44.06242666294122,15.531105100887087,ChIJTyicjKDdYUcRYF7Nft-9R-0,Dobra usluga,Olumlu,1
157439,Konzum centar Sarajevska,Hrvatski Telekom,Hirvatistan,45.77050804774066,16.003827510625797,ChIJH0I5tA7WZUcRI9wUuc_svNE,Odlično mjesto za punjenje električnih vozila. Začudo slabo je korišteno. Mogući razlog je što je smješteno u omanjoj uličici izvan glavnih tokova gradskog prometa. Ne pomaže ni to što se nalazi odmah uz sjedište Hrvatskog autokluba. Malo promocije bi dobro došlo!,Olumsuz,-1
157439,Konzum centar Sarajevska,Hrvatski Telekom,Hirvatistan,45.77050804774066,16.003827510625797,ChIJH0I5tA7WZUcRI9wUuc_svNE,"Vrlo loša lokacija za punjenje električnog automobila, aplikacija se stalno ruši i nemoguće je pokrenuti seriju punjenja...
Aplikacija esposTs od T-coma je napravljena na razini učenika osnovne škole i zapravo je samo smeće...
Vlasti u T-comu, posebno IT sektor, trebale bi se sramiti....
Lp!",Olumsuz,-1
157439,Konzum centar Sarajevska,Hrvatski Telekom,Hirvatistan,45.77050804774066,16.003827510625797,ChIJH0I5tA7WZUcRI9wUuc_svNE,Sve je dobro,Olumlu,1
157437,ELEN Odmorište Nadin jug,Elen,Hirvatistan,44.06237068136082,15.529318854165467,ChIJ6aTrOr7dYUcRUCJGwXQ3Gns,…. sve radi perfektno ….,Olumlu,1
157437,ELEN Odmorište Nadin jug,Elen,Hirvatistan,44.06237068136082,15.529318854165467,ChIJ6aTrOr7dYUcRUCJGwXQ3Gns,"Ne radi. Kao i obično. Ako želite električni auto, samo uzmite moj, ključ ostavljam na haubi. Počet ću pješice, ako me netko želi pokupiti po besplatan auto, kontaktirajte me. Hvala ELEN, stvarno si dobra u ovoj novoj svjetskoj energiji.",Olumsuz,-1
157437,ELEN Odmorište Nadin jug,Elen,Hirvatistan,44.06237068136082,15.529318854165467,ChIJ6aTrOr7dYUcRUCJGwXQ3Gns,"To je nevjerojatno komplicirano. Može se koristiti samo s aplikacijom. To je potpuno smiješno. Umjesto da to bude jednostavno, potrošit ćete 20 minuta na samo registraciju u aplikaciji.",Olumsuz,-1
157437,ELEN Odmorište Nadin jug,Elen,Hirvatistan,44.06237068136082,15.529318854165467,ChIJ6aTrOr7dYUcRUCJGwXQ3Gns,Kod je bio otkinut sa stele i stoga se nije mogao pokrenuti proces punjenja.,Olumsuz,-1
157437,ELEN Odmorište Nadin jug,Elen,Hirvatistan,44.06237068136082,15.529318854165467,ChIJ6aTrOr7dYUcRUCJGwXQ3Gns,Radi savršeno s Elen aplikacijom! 💪 48kW / ID7,Olumlu,1
149661,Imotski public parking,Elen,Hirvatistan,43.44675932293487,17.215091710366778,ChIJRYcBv73eShMRinriVlJ4OQI,Ne radi i blokirano je,Olumsuz,-1
149661,Imotski public parking,Elen,Hirvatistan,43.44675932293487,17.215091710366778,ChIJRYcBv73eShMRinriVlJ4OQI,"Odličan punjač, ​​stvarno dobro radi. Priključio sam ga na svoj bicikl i počeo se puniti, nije potrebna aplikacija. Hvala svima koji su odgovorni za ovo.",Olumlu,1
149661,Imotski public parking,Elen,Hirvatistan,43.44675932293487,17.215091710366778,ChIJRYcBv73eShMRinriVlJ4OQI,Punjač ponovno radi i daje preko 10kw snage,Olumlu,1
149554,Zir - zapad,Elen,Hirvatistan,44.4626634103478,15.602758739810724,ChIJDTd-H6SfYUcRBh14fkz4-zM,"Samo jedan prikljucak radi od 3 stanice za punjenje, i to već dugo ne radi!! Sramota. Najbliža sljedeća punionica je 18 km dalje, u Udbini. Ali morate izaći s autoceste.",Olumsuz,-1
149554,Zir - zapad,Elen,Hirvatistan,44.4626634103478,15.602758739810724,ChIJDTd-H6SfYUcRBh14fkz4-zM,"Punionice imaju kvar na softwareu za koji se zna već 2 tjedna, ništa se ne poduzima a sezona je u tijeku",Olumsuz,-1
149554,Zir - zapad,Elen,Hirvatistan,44.4626634103478,15.602758739810724,ChIJDTd-H6SfYUcRBh14fkz4-zM,"Grozno, loše označene stanice ali novac je bio uredno predautoriziran s kartice, parkiralište na zadnjoj stanici gdje je bila brza punjača bilo je prekriveno planinom snijega, bilo je nemoguće uopće doći do njega, katastrofa!",Olumsuz,-1
149554,Zir - zapad,Elen,Hirvatistan,44.4626634103478,15.602758739810724,ChIJDTd-H6SfYUcRBh14fkz4-zM,"Nažalost, radilo je samo s Elen aplikacijom. Tehničar je upravo bio ovdje i popravlja ga. Radi samo jedna točka za punjenje!",Olumsuz,-1
149177,IONITY Sop,Ionity,Hirvatistan,45.783814856804526,16.15123835573945,ChIJpcLnQ8l7ZkcR-T1DgXJ3l9Q,Stanica ok ali brzina punjenja ne ide preko 235KW pa tako da baš i nije super fast charger,Nötr,0
149177,IONITY Sop,Ionity,Hirvatistan,45.783814856804526,16.15123835573945,ChIJpcLnQ8l7ZkcR-T1DgXJ3l9Q,Nemas sta radit dok je zatvorena benziska a i dok radi ono rupa od kafica.,Olumsuz,-1
149177,IONITY Sop,Ionity,Hirvatistan,45.783814856804526,16.15123835573945,ChIJpcLnQ8l7ZkcR-T1DgXJ3l9Q,Najbolji punjaci koji mogu biti 😊,Olumlu,1
149177,IONITY Sop,Ionity,Hirvatistan,45.783814856804526,16.15123835573945,ChIJpcLnQ8l7ZkcR-T1DgXJ3l9Q,"Stanica je bila neispravna,nismo uspjeli napuniti vozilo.",Olumsuz,-1
149177,IONITY Sop,Ionity,Hirvatistan,45.783814856804526,16.15123835573945,ChIJpcLnQ8l7ZkcR-T1DgXJ3l9Q,Odlično 👌,Nötr,0
149176,Zadar Supercharger,Tesla (including non-tesla),Hirvatistan,44.11406683808539,15.407182857387395,ChIJ7enavLDoYUcR_-HEixtgNuM,"Jedina Tesla, model S, piše da je 250kw, a puni se samo na 44KW 😥",Olumsuz,-1
149176,Zadar Supercharger,Tesla (including non-tesla),Hirvatistan,44.11406683808539,15.407182857387395,ChIJ7enavLDoYUcR_-HEixtgNuM,"Jedna od boljih lokacija za punjenje.
Dobra Shell pumpa omogućuje i neki gablec, povrh pića.
Na istom mjestu je i Ionity punionica, koja kad je gužva na Superchargeru je brža opcija.

Jedina loša strana je pristup kada se ide iz smjera Zagreba.
Logično je da treba napraviti prekršaj pri prilasku,  što baš i nije pametno izvedeno.",Olumlu,1
149176,Zadar Supercharger,Tesla (including non-tesla),Hirvatistan,44.11406683808539,15.407182857387395,ChIJ7enavLDoYUcR_-HEixtgNuM,Podosta daleko od autoceste. Teško legalno uči u benzinsku najkraćem putem od autoceste. Samo 125KW. Ostalo ok.,Olumsuz,-1
149176,Zadar Supercharger,Tesla (including non-tesla),Hirvatistan,44.11406683808539,15.407182857387395,ChIJ7enavLDoYUcR_-HEixtgNuM,"Super,Lagano  🇭🇷",Olumlu,1
149176,Zadar Supercharger,Tesla (including non-tesla),Hirvatistan,44.11406683808539,15.407182857387395,ChIJ7enavLDoYUcR_-HEixtgNuM,"Odlično, ima caffe bar, ugodna atmosfera.",Olumlu,1
149054,Konzum Varaždin,Hrvatski Telekom,Hirvatistan,46.31206930148068,16.326170858190153,ChIJ2ShDhCpVb0cR0yLewrAA2Bo,"Posluje kao jedan od rijetkih Hrvatski Telekom, snaga 45kW, potrošnja je bila zatvorena.",Olumlu,1
149053,Konzum Centar Samobor,Hrvatski Telekom,Hirvatistan,45.81093351794885,15.711717088865498,ChIJQRMU4QfMZUcREjlVWnJcwig,"Češće ne radi nego radi zadnjih godinu dana, brzo nakon pokretanja punjenja dolazi prekida. Problem prijavljen odavno, ali nikako da ga riješe. Osim besplatnog parkinga ova punionica ne služi ničemu u ovakvom stanju, čista lutrija je da uspijete išta napuniti.",Olumsuz,-1
149053,Konzum Centar Samobor,Hrvatski Telekom,Hirvatistan,45.81093351794885,15.711717088865498,ChIJQRMU4QfMZUcREjlVWnJcwig,"Cijena punjenja je vrlo visoka. Bolje je preskočiti punjenje na ovom mjestu.
Ali stanica radi dobro, nema problema.",Nötr,0
149053,Konzum Centar Samobor,Hrvatski Telekom,Hirvatistan,45.81093351794885,15.711717088865498,ChIJQRMU4QfMZUcREjlVWnJcwig,Super,Olumlu,1
148882,Odmorište Dragalić Jug A3 (by HEP Elen),Elen,Hirvatistan,45.2330900252623,17.289961174965242,ChIJA9rQMHdnZ0cRUox4J_pqTHk,zahodi i umivaonici bili su čisti,Olumsuz,-1
148882,Odmorište Dragalić Jug A3 (by HEP Elen),Elen,Hirvatistan,45.2330900252623,17.289961174965242,ChIJA9rQMHdnZ0cRUox4J_pqTHk,"Radi s aplikacijom Elen i debetnom ili kreditnom karticom. Bilo bi lijepo da je brži, ima samo 45-50kW. Trenutno se izrađuje 6 utora za punjenje (kolovoz 2025.). Ovo će biti super!",Olumlu,1
148882,Odmorište Dragalić Jug A3 (by HEP Elen),Elen,Hirvatistan,45.2330900252623,17.289961174965242,ChIJA9rQMHdnZ0cRUox4J_pqTHk,"ELEN je spas pri putovanju na istok Hrvatske... ali brzina od 50 kW je već neko vrijeme daleko ispod standarda. Također, neki konektori su oštećeni i oprema izgleda kao da bi joj dobro došla pomoć.",Nötr,0
148882,Odmorište Dragalić Jug A3 (by HEP Elen),Elen,Hirvatistan,45.2330900252623,17.289961174965242,ChIJA9rQMHdnZ0cRUox4J_pqTHk,"radi očekivano, svježe obnovljen, ima 2 superchargera i jedan dc+ac",Olumlu,1
148882,Odmorište Dragalić Jug A3 (by HEP Elen),Elen,Hirvatistan,45.2330900252623,17.289961174965242,ChIJA9rQMHdnZ0cRUox4J_pqTHk,Prekrasno,Olumsuz,-1
148881,Nova Gradiška ELEN,Elen,Hirvatistan,45.26034345890528,17.380228314848864,ChIJR3I448djZ0cRou57rL90FQk,"Radi super, brzina 38-50kw",Olumlu,1
148881,Nova Gradiška ELEN,Elen,Hirvatistan,45.26034345890528,17.380228314848864,ChIJR3I448djZ0cRou57rL90FQk,"Radi dobro, dobra lokacija",Olumlu,1
148881,Nova Gradiška ELEN,Elen,Hirvatistan,45.26034345890528,17.380228314848864,ChIJR3I448djZ0cRou57rL90FQk,Radi dobro na 50 kW,Nötr,0
148881,Nova Gradiška ELEN,Elen,Hirvatistan,45.26034345890528,17.380228314848864,ChIJR3I448djZ0cRou57rL90FQk,"2022-08
CCS defekt
Typ2 funktioniert",Olumsuz,-1
148769,Odmorište Plitvice - jug,Elen,Hirvatistan,45.77462226983448,15.87849685466722,ChIJWZxpp1jWZUcR6kjbCv0yw3M,Moraš prvo uplatiti 250 za sporo odnosno 400 kn za brzo punjenje da bi uopće išta mogao. Katastrofa iskustvo.,Olumsuz,-1
148769,Odmorište Plitvice - jug,Elen,Hirvatistan,45.77462226983448,15.87849685466722,ChIJWZxpp1jWZUcR6kjbCv0yw3M,Odlična lokacija. Možda malo promijeniti opremu (pištolji za punjenje i kablovi djeluju pohabano),Olumlu,1
148769,Odmorište Plitvice - jug,Elen,Hirvatistan,45.77462226983448,15.87849685466722,ChIJWZxpp1jWZUcR6kjbCv0yw3M,"Lijepo je sto postoji,treba povecati broj i redovitije ih servisirati jer ponekad neka ne radi,cesce provjeravati zauzetost parkiranih auta na istim😎",Nötr,0
148769,Odmorište Plitvice - jug,Elen,Hirvatistan,45.77462226983448,15.87849685466722,ChIJWZxpp1jWZUcR6kjbCv0yw3M,Umjesto 50 isporučeno mi je 37kw u dozvoljenom vremenu od jednog sata,Olumsuz,-1
148769,Odmorište Plitvice - jug,Elen,Hirvatistan,45.77462226983448,15.87849685466722,ChIJWZxpp1jWZUcR6kjbCv0yw3M,Jedna od tri punionice uvijek neispravna a najbolje je što ekipa parkira el.auto na punionici a ne puni auto,Olumsuz,-1
148767,Odmorište Gradna - sjever,Elen,Hirvatistan,45.826938471600016,15.738439910891202,ChIJea5xFADPZUcRmnkXSQxM8Ps,Prakticna punionica uz Kaufland u barutanskom jarku !,Olumlu,1
148301,INA Vukova Gorica North,Elen,Hirvatistan,45.45603546677975,15.377398928864295,ChIJ10ZR7tRrZEcRcxvy09vxkQs,👌,Olumlu,1
148301,INA Vukova Gorica North,Elen,Hirvatistan,45.45603546677975,15.377398928864295,ChIJ10ZR7tRrZEcRcxvy09vxkQs,"Punjenje putem WeCharge kartice prošlo je bez problema. Cijena veća, brzina manja. Prednost je McD i dostupni toaleti, kava i grickalice. Brzina do 50kW.",Olumlu,1
148301,INA Vukova Gorica North,Elen,Hirvatistan,45.45603546677975,15.377398928864295,ChIJ10ZR7tRrZEcRcxvy09vxkQs,"Nažalost, prilično loše, iako se samostalno punilo samo sa 75 kW, a zatim pred kraj sa 80 kW. To je razočaravajuće kada automobil može imati 270 kW, a stanica za punjenje bi teoretski trebala imati 180 kW.

Odmorište sa svom hranom i McDonald'som je u redu, a ako ga koristite za večeru, onda je u redu.",Olumsuz,-1
148301,INA Vukova Gorica North,Elen,Hirvatistan,45.45603546677975,15.377398928864295,ChIJ10ZR7tRrZEcRcxvy09vxkQs,"Sve je prošlo glatko, odmah je krenulo punjenje preko ELEN aplikacije i punih 50 kW.

McDonald's i odmorište na pješačkoj udaljenosti.

!!! Morate paziti na dostupnost stanica za punjenje. Na ovom odmorištu postoji nekoliko stanica za punjenje, ali nisu dostupne iz svih smjerova. Postaje su sjeverozapadno prema Zagrebu, jugoistočno prema moru. !!!",Olumsuz,-1
148301,INA Vukova Gorica North,Elen,Hirvatistan,45.45603546677975,15.377398928864295,ChIJ10ZR7tRrZEcRcxvy09vxkQs,"Punjenje je s Elen aplikacijom funkcioniralo kako se očekivalo bez ikakvih problema. Nažalost, za razliku od punionice koja ide prema jugu, ova nema pravi brzi punjač, ​​samo 50 kW. To može potrajati gotovo sat vremena.",Nötr,0
146603,ELEN Velika Gorica,Elen,Hirvatistan,45.71186354339628,16.080062958255667,ChIJ50TVVjR_ZkcRtq8ryugp_XE,Odlično prometno i često posjećeno. Ukoliko se dogodi kvar brzo uklonjen problem. Koristim i posječujem dva do tri puta dnevno na više lokacija. Stvarno ugodno,Olumlu,1
146331,Salona Mall,Hrvatski Telekom,Hirvatistan,43.53000384542099,16.492323249525384,ChIJMRPsbqxfNRMRB8JtXmQ6Mzk,Ne radi,Olumlu,1
146331,Salona Mall,Hrvatski Telekom,Hirvatistan,43.53000384542099,16.492323249525384,ChIJMRPsbqxfNRMRB8JtXmQ6Mzk,"Bio sam tamo dva puta na punjenju; radi savršeno, ali ga je teško pronaći jer nema znakova.",Nötr,0
146331,Salona Mall,Hrvatski Telekom,Hirvatistan,43.53000384542099,16.492323249525384,ChIJMRPsbqxfNRMRB8JtXmQ6Mzk,Besmisleno je da ljudi ovdje parkiraju i ne pune svoja vozila.,Olumsuz,-1
135381,Designer Outlet Croatia,Tesla (Tesla-only charging),Hirvatistan,45.793383,16.15318,ChIJwxyz4s1kZkcRWYFkfX4DcVU,"Punjenje brzo i pouzdano, lokacija praktična i sve je uredno. Jedino se ponekad zna desiti da se malo pričeka kad je gužva, ali sve ostalo je stvarno super. Nedavno renovirana Shell benzinska i cafe uz Shell dodatno podižu cijelo iskustvo.",Olumlu,1
135381,Designer Outlet Croatia,Tesla (Tesla-only charging),Hirvatistan,45.793383,16.15318,ChIJwxyz4s1kZkcRWYFkfX4DcVU,"Punjenje limitirano na 90 bez obzira jeste li sami ili dijelite stanicu. Ovo bi hitno trebali promijeniti.
Guzve nema. Sam preko tjedna u popodnevnim satima",Olumsuz,-1
135381,Designer Outlet Croatia,Tesla (Tesla-only charging),Hirvatistan,45.793383,16.15318,ChIJwxyz4s1kZkcRWYFkfX4DcVU,"Previše sporo i samo šest starih superchargera, još su svi bili zauzeti tri tesle već čekale i mi četvrti , za napuniti do slavonskog broda 50 minuta!
Za ovako važan grad i čvor trebalo bi biti nešto ispred i iza Zagreba barem po 12 novih V4 superchargera!",Olumsuz,-1
135381,Designer Outlet Croatia,Tesla (Tesla-only charging),Hirvatistan,45.793383,16.15318,ChIJwxyz4s1kZkcRWYFkfX4DcVU,Često je gužva i punjenje max 50kW ako netko puni na stallu pokraj,Olumsuz,-1
135381,Designer Outlet Croatia,Tesla (Tesla-only charging),Hirvatistan,45.793383,16.15318,ChIJwxyz4s1kZkcRWYFkfX4DcVU,"Budemo tamo svaki put kada idemo negdje i jako je brz. Stignemo i ručati na benzinskoj postaji Shell.
Preporučujem vlasnicima Tesla vozila 🥳!",Olumlu,1
135145,ELEN Ulica Petra Preradovića,Elen,Hirvatistan,46.310774548512,16.338185918005593,ChIJM-cvamSraEcRN8elkP-IytA,"Punionica sa 3 priključka. Nakon inicijalnog problema sa spajanjem i početkom punjenja, pozivom korisničkoj podršci, punjenje je pokrenuto. CCS puni brzinom 44 kwh. Uzeti u obzir da je max vrijeme punjenja 60 minuta (DC) ili 180 minuta (AC).",Olumlu,1
135145,ELEN Ulica Petra Preradovića,Elen,Hirvatistan,46.310774548512,16.338185918005593,ChIJM-cvamSraEcRN8elkP-IytA,nemogucnost spajanja i neljubazno osoblje,Olumsuz,-1
135145,ELEN Ulica Petra Preradovića,Elen,Hirvatistan,46.310774548512,16.338185918005593,ChIJM-cvamSraEcRN8elkP-IytA,S aplikacijom je sve u redu 👍,Olumlu,1
135138,Odmorište Brinje - Istok,Elen,Hirvatistan,45.0060963577244,15.128368551802057,ChIJAeeFSxSTY0cR03q2LVokfIc,"3 i pol sata sam pokusavao na puniti,i konacno uspio tek kad su resetirali sustav. PRVO I ZADNJE ISKUSTVO. Htjeli bi da s vremenom svi pređu na strujice,a komplicirano do bola i infrastruktura koma.",Olumsuz,-1
135138,Odmorište Brinje - Istok,Elen,Hirvatistan,45.0060963577244,15.128368551802057,ChIJAeeFSxSTY0cR03q2LVokfIc,"Nažalost mogu dati nula zvjezdica, definitivno najgora stanica za punjene električnih vozila općenito, ili ne rade, ili ste u kvaru ili nempostojite… užas",Olumsuz,-1
135138,Odmorište Brinje - Istok,Elen,Hirvatistan,45.0060963577244,15.128368551802057,ChIJAeeFSxSTY0cR03q2LVokfIc,"Problem s opskrbom električnom energijom. U posljednje vrijeme, ELEN-ove elektrane su u katastrofalnom stanju, bez struje ili problema. Infrastruktura zahtijeva određeno održavanje.",Olumsuz,-1
135138,Odmorište Brinje - Istok,Elen,Hirvatistan,45.0060963577244,15.128368551802057,ChIJAeeFSxSTY0cR03q2LVokfIc,"Više snage! Trebamo više energije u tranzitu, to je sigurno. Za tu cijenu morate isporučiti više kvalitete. Inače sesija ide dobro. Hvala!",Olumlu,1
135138,Odmorište Brinje - Istok,Elen,Hirvatistan,45.0060963577244,15.128368551802057,ChIJAeeFSxSTY0cR03q2LVokfIc,"Radi, ali šteta što svaki put kad puniš s Elen moraš platiti 400 kuna + naplata... također bi se moglo platiti putem e-spot aplikacije.",Nötr,0
135136,Odmorište Dobra - Istok,MOL,Hirvatistan,45.30864583342285,15.280497615315994,ChIJQ_viu7FzZEcR9s4Aq2Uhpow,Radi samo sporo punjenje. Kaze da treba 10 sati punjenja za 70 posto. Izbjegavajte....,Olumsuz,-1
135136,Odmorište Dobra - Istok,MOL,Hirvatistan,45.30864583342285,15.280497615315994,ChIJQ_viu7FzZEcR9s4Aq2Uhpow,Punjenje nije moguće. Osoblje na benzinskoj postaji jednostavno kaže da ne radi. Obavijest na stanici za punjenje bila bi od pomoći.,Olumsuz,-1
135136,Odmorište Dobra - Istok,MOL,Hirvatistan,45.30864583342285,15.280497615315994,ChIJQ_viu7FzZEcR9s4Aq2Uhpow,"CCS i CHAdeMO ne rade, osoblje pozivnog centra nije briga, osoblje benzinske postaje također nije briga. Izbjegavajte ovo mjesto ako je moguće!",Olumsuz,-1
135136,Odmorište Dobra - Istok,MOL,Hirvatistan,45.30864583342285,15.280497615315994,ChIJQ_viu7FzZEcR9s4Aq2Uhpow,"Nakon što je registracija završena, danas ne radi!",Olumsuz,-1
135136,Odmorište Dobra - Istok,MOL,Hirvatistan,45.30864583342285,15.280497615315994,ChIJQ_viu7FzZEcR9s4Aq2Uhpow,"Morao sam kreirati račun, ali nakon toga se učitavanje odvijalo bez problema.",Nötr,0
135122,ELEN Cres,Elen,Hirvatistan,44.96028420597705,14.405878058342635,ChIJc1EMPBQVY0cRujKpWvD5Fs0,Sjajna pozicija i jako blizu centra grada. Za doslovno 5 min dođete u sam centar i stari grad. Jedini nedostatak je da nema hlada.,Olumlu,1
135122,ELEN Cres,Elen,Hirvatistan,44.96028420597705,14.405878058342635,ChIJc1EMPBQVY0cRujKpWvD5Fs0,"Novi sam vozač elektro vozila.Kod prvog punjenja malo problema sa učitavanje aplikacije( imam 69 god,) a poslije kod drugog punjenja sve ok",Olumlu,1
135122,ELEN Cres,Elen,Hirvatistan,44.96028420597705,14.405878058342635,ChIJc1EMPBQVY0cRujKpWvD5Fs0,Odmah je radilo. Elen aplikacija je bila najjeftinija. 50 kW.,Olumlu,1
135122,ELEN Cres,Elen,Hirvatistan,44.96028420597705,14.405878058342635,ChIJc1EMPBQVY0cRujKpWvD5Fs0,"Važno: Tijekom punjenja morate platiti parkiranje (1 €/h) ili riskirate kaznu od 30 €.

Punjenje je glatko počelo putem Elen aplikacije, ali nakon otprilike sat vremena neočekivano je prestalo i morali smo ga ponovno pokrenuti na punjaču. Na kraju je sve prošlo u redu.",Nötr,0
135122,ELEN Cres,Elen,Hirvatistan,44.96028420597705,14.405878058342635,ChIJc1EMPBQVY0cRujKpWvD5Fs0,"Punjenje na 50kW dobro funkcionira, međutim, punionica se nalazi na plaćenom parkiralištu. Mislio sam da će punjenje biti besplatno, ali nije tako. Dobio sam kaznu od 30 € za parkiranje bez karte, zato budite oprezni.",Olumsuz,-1
135091,Tifon Ravna Gora,MOL,Hirvatistan,45.381976038487466,14.936062299534116,ChIJS4R1PgmIZEcRZRGYPTyBkRg,"Ovaj punjač se može koristiti samo s jedne strane, one koja ide prema moru.",Olumsuz,-1
135034,ELEN Karlovac,Elen,Hirvatistan,45.520729447140496,15.54763601458069,ChIJJfefAa8_ZEcR9TvrgVp7WLI,"Aplikacija Elen radi odlično i pouzdano. Tijekom 2 tjedna odmora, niti jedan restoran Rucica nekoliko metara dalje. Vrh. Ili besplatan benzin 🤗",Olumlu,1
135034,ELEN Karlovac,Elen,Hirvatistan,45.520729447140496,15.54763601458069,ChIJJfefAa8_ZEcR9TvrgVp7WLI,"Sve je prošlo u redu, koristio sam punjač drugi put.",Olumlu,1
135033,Elen Osijek,Elen,Hirvatistan,45.5601467872429,18.69996880884889,ChIJdzM9Ut_mXEcRzUfhgRBkmIQ,"Najgore punione i uzasno nekulturan i bezobrazan zaposlenik u sluzbi za korisnike.
Prilikom pisanja prigovora nista nisu poduzeli.
UŽAS!",Olumsuz,-1
135033,Elen Osijek,Elen,Hirvatistan,45.5601467872429,18.69996880884889,ChIJdzM9Ut_mXEcRzUfhgRBkmIQ,Još samo električni pogon,Nötr,0
135033,Elen Osijek,Elen,Hirvatistan,45.5601467872429,18.69996880884889,ChIJdzM9Ut_mXEcRzUfhgRBkmIQ,sve super,Olumlu,1
135033,Elen Osijek,Elen,Hirvatistan,45.5601467872429,18.69996880884889,ChIJdzM9Ut_mXEcRzUfhgRBkmIQ,Odlicno,Olumsuz,-1
135033,Elen Osijek,Elen,Hirvatistan,45.5601467872429,18.69996880884889,ChIJdzM9Ut_mXEcRzUfhgRBkmIQ,"Iznimno loša korisnička podrška – bezobrazni i potpuno nezainteresirani za rješavanje problema. Punjač u Osijeku ne radi već mjesecima, bez ikakvih ažuriranja ili pokušaja popravka. Očito je da je tvrtka u državnom vlasništvu, što savršeno odražava cjelokupno stanje u zemlji – skupa i beskorisna usluga, a njih jednostavno nije briga.",Olumsuz,-1
134837,Lidl Velika Gorica,Lidl,Hirvatistan,45.72033888074279,16.05360917763005,ChIJZW1ZBFp-ZkcRSby-tEPSTj8,Užas prodavačica neugodna i bezobrazna i još mene optuži da sam izuzetno neugodna i bezobrazna.Ako ne želi raditi taj posao neka ga i ne radi. za tu plaću bi trebala biti uljudnija i profesionalnija al danas se na to ne gleda na žalost,Olumsuz,-1
134837,Lidl Velika Gorica,Lidl,Hirvatistan,45.72033888074279,16.05360917763005,ChIJZW1ZBFp-ZkcRSby-tEPSTj8,"Ovaj Lidl ima užasan signal na mobitelu. Ne mogu vidjeti što mi aplikacija nudi i gotovo je nemoguće očitati Lidl karticu. Bio bi red da se stavi neki repetitor unutra jer na ovaj način svakom kupcu uskraćujete njegova prava. Pokazuje 4G, dok konstrukcija guši signal.",Olumsuz,-1
134837,Lidl Velika Gorica,Lidl,Hirvatistan,45.72033888074279,16.05360917763005,ChIJZW1ZBFp-ZkcRSby-tEPSTj8,"Odlična vam je fora da dajete određenu količinu proizvoda gratis tipo 20 % gratis. Samo se pitam zašto nikad ne dajete duplu količinu pa da bude 100 % gratis?!
Inače kvaliteta na razini koliko para toliko muzike.",Olumlu,1
134837,Lidl Velika Gorica,Lidl,Hirvatistan,45.72033888074279,16.05360917763005,ChIJZW1ZBFp-ZkcRSby-tEPSTj8,"Povremeno u LIDL kod Čulinečke donesem par boca od majke nepokretne skoro nikad  automat za prihvat ambalaže ne radi kao u drugim trgovinama gdje se može ubacivati dok trgovina radi i kad se napuni odmah je tu djelatnik koji ga osposobi samo u tom to nije pravilo iako su dečki unutra ili ih nema i nekoliko sati prije zatvaranja!Jučer u nedj.već u 17 h nisu radili pa sam otišla gore da pitam prodavačicu koja je bila jako neljubazna te se izderala na mene šta se čudim da ne radi jer je nedjelja,zatim kako tako tih glas imam da me ne čuje a kad sam joj se prije obratila,oprostite da vas nešto pitam šutjela je pa sam mislila ne čuje zbog slušalica ali se izderala na drugo ponovljeno da čuje i radi.Ja dođem rijetko s najviše 15 boca i vidim s podcjenjivanjem gledaju na ljude koji ih donose pa tako i prema meni koja imam 65 god.bibliotekar, vss radila u Hazu i nije u redu da me se podcjenjuje i tako bezobrazan nastup arogantan prodav.ujedno moja šogorica Njemica u Munchenu baš u Lidlu računov.i kaže da se tamo takvo ponašanje prema kupcima ne odobrava!",Olumsuz,-1
134837,Lidl Velika Gorica,Lidl,Hirvatistan,45.72033888074279,16.05360917763005,ChIJZW1ZBFp-ZkcRSby-tEPSTj8,"Moraju li se osobe koje rade na blagajnama histericno  zuriti naplatiti proizvode ? U Lidlu ima dosta starijih ljudi koji ne mogu pratiti to suludo nabacivanje stvari ne bi li sto prije preuzeli sljedeceg kupca . Ja im to nikad ne dopustam i cim dodem na red opomenem ih da cu im svu robu ostaviti na blagajni ,ali da li je politika tvrtke da se to tako radi ,da li su blagajnici placeni po kolicini kupaca koje obrade ili je to samo osobna frustracija na kupce ?",Olumsuz,-1
134831,ELEN Goričan,Elen,Hirvatistan,46.415035804762624,16.688636582789968,ChIJ5Yt__ES7aEcRyi8C4JKPe4w,"Lijepa punjanica od 50 kWh pored hrvatsko-mađarske granice s hrvatske strane, lako se može doći do nje s obje carinske točke. Moja RFID kartica nije prihvaćena iako je moja aplikacija prikazuje kao prilagođenu, ali jedna zvjezdica je skinuta jer morate instalirati aplikaciju (internet na granici...), morate dati karticu i iznos od 400 HRK bit će odmah blokiran. Kasnije će sustav izračunati i poništiti blokadu, ali da bih napravio tri naplate (trošak od oko 120 HRK) moram imati dovoljan saldo od 1200 HRK, što ne smatram baš prilagođenim korisnicima.",Olumsuz,-1
134831,ELEN Goričan,Elen,Hirvatistan,46.415035804762624,16.688636582789968,ChIJ5Yt__ES7aEcRyi8C4JKPe4w,"Njihova aplikacija ima ozbiljnih problema i meni radi dobro. Instalacija je trajala više od sat vremena, a onda je počela raditi.",Nötr,0
134831,ELEN Goričan,Elen,Hirvatistan,46.415035804762624,16.688636582789968,ChIJ5Yt__ES7aEcRyi8C4JKPe4w,Najbolji,Olumlu,1
134830,ELEN Odmorište Ljubešćica ISTOK,Elen,Hirvatistan,46.16920219048461,16.375852787552276,ChIJwVQd6uoFZkcRJqVrOb-OMVE,"Nažalost, danas ne radimo",Olumsuz,-1
134830,ELEN Odmorište Ljubešćica ISTOK,Elen,Hirvatistan,46.16920219048461,16.375852787552276,ChIJwVQd6uoFZkcRJqVrOb-OMVE,Aplikacija se ne želi prijaviti.,Olumsuz,-1
134830,ELEN Odmorište Ljubešćica ISTOK,Elen,Hirvatistan,46.16920219048461,16.375852787552276,ChIJwVQd6uoFZkcRJqVrOb-OMVE,Ima sve što vam treba,Olumlu,1
134819,ELEN Kobiljak,Elen,Hirvatistan,45.82542257488777,16.143310548450245,ChIJod2YFAx5ZkcRMDM5AIl2VXA,Ne radi ako ne radi benzinska.,Olumsuz,-1
134819,ELEN Kobiljak,Elen,Hirvatistan,45.82542257488777,16.143310548450245,ChIJod2YFAx5ZkcRMDM5AIl2VXA,"Sve je radilo dobro. Cijena klima uređaja od 22 kWh je 0,35 eura.",Olumlu,1
134819,ELEN Kobiljak,Elen,Hirvatistan,45.82542257488777,16.143310548450245,ChIJod2YFAx5ZkcRMDM5AIl2VXA,"Sada je moja omiljena stanica za punjenje, jer je udaljena samo dvije minute hoda od kuće! Gotovo je uvijek besplatno i gotovo uvijek imam vrhunsku izvedbu 👏👏👏",Olumlu,1
134819,ELEN Kobiljak,Elen,Hirvatistan,45.82542257488777,16.143310548450245,ChIJod2YFAx5ZkcRMDM5AIl2VXA,Punjač radi. Pokreće se s Elen aplikacijom.,Olumlu,1
134819,ELEN Kobiljak,Elen,Hirvatistan,45.82542257488777,16.143310548450245,ChIJod2YFAx5ZkcRMDM5AIl2VXA,Punjač radi kao šarm.,Nötr,0
134818,Tifon Buzin,MOL,Hirvatistan,45.74919192837186,15.99137996749755,ChIJUTp9zuzVZUcRI94s-BGLZFI,"Lijepo uređeno, prostor za djecu i igru, Leggiero i Batak za trenutke odmora i okrijepe.
Ima dosta parkirnih mjesta, i dobrih trgovina … preporučam. 👌",Olumlu,1
134818,Tifon Buzin,MOL,Hirvatistan,45.74919192837186,15.99137996749755,ChIJUTp9zuzVZUcRI94s-BGLZFI,"Nedjelja 25.01.2026. google kaze otvoreno, nisam jedini koji je ljubio vrata.",Olumsuz,-1
134818,Tifon Buzin,MOL,Hirvatistan,45.74919192837186,15.99137996749755,ChIJUTp9zuzVZUcRI94s-BGLZFI,"Kajmak samo na računu, uz ćevape sa sojom ne dođe luk, salata ne začinjena, lepinja ok. Od 5 namirnica uspjeli ste sj...ti 4, ili ti 1/5",Olumsuz,-1
134818,Tifon Buzin,MOL,Hirvatistan,45.74919192837186,15.99137996749755,ChIJUTp9zuzVZUcRI94s-BGLZFI,"Ostali smo u shopingu 4:10 min. Zapravo 1h u shopingu i ostalo u restoranu u batku. Parking smo platili 6E. Nije me toliko ljutilo sto se parking nakon 3h naplacuje, vec ""bezobraznih"" 3E po satu. Mislim da se parkirna mjesta mogu bolje rijesiti, bilo smanjenjem cijene po satu, bilo produljenjem uz neki uvjet... Takodjer nije dobro istaknuto.",Olumsuz,-1
134818,Tifon Buzin,MOL,Hirvatistan,45.74919192837186,15.99137996749755,ChIJUTp9zuzVZUcRI94s-BGLZFI,"Supernova Buzin je ugodno i praktično trgovačko središte u kojem mi sve odgovara. Prostor je pregledan, ponuda raznolika i lako je pronaći sve što mi treba na jednom mjestu.
Atmosfera je ugodna, a centar je dobro organiziran i funkcionalan, što čini kupovinu jednostavnom i bez stresa. Lokacija je također praktična i lako dostupna.
Sve u svemu, pozitivno iskustvo i mjesto na koje se rado vraćam.",Olumlu,1
134815,Tifon Draganić SJEVER,MOL,Hirvatistan,45.55994057084294,15.607433736932537,ChIJlaVgch_XZUcRxUwKuH93Jq8,"Pohvalila bih specijalnu bolnicu Goljak, a osobito fizioterapeutkinju SUZANU koja je više od godinu dana vježbala kroz igru s našim dječakom, s puno ljubavi i truda. Uvijek susretljiva, brižna, izrazito draga i topla. Osim toga, vrlo je stručna i zaista u potpunosti posvećena poslu.
Od srca joj hvala",Olumlu,1
134815,Tifon Draganić SJEVER,MOL,Hirvatistan,45.55994057084294,15.607433736932537,ChIJlaVgch_XZUcRxUwKuH93Jq8,"Vrlo loše iskustvo,logopedija posebno.Česta otkazivanja i krivo dogovoreni termini, bez jasne komunikacije. Na pregledima se premalo radi s djetetom, a previše se postavljaju pitanja nevezana uz logopediju, unatoč postojećim liječničkim nalazima. Neprofesionalno i frustrirajuće. Nažalost smo žrtve ovog našeg divnog sustava",Olumsuz,-1
134815,Tifon Draganić SJEVER,MOL,Hirvatistan,45.55994057084294,15.607433736932537,ChIJlaVgch_XZUcRxUwKuH93Jq8,"Sve pohvale za ljubaznost, empatiju, susretljivost i stručnost svog osoblja. Daleko od toga da bi uvijeti rada trebali biti znatno bolji ali što se tiče djelatnika samo riječi hvale i zahvalnost.",Olumlu,1
134815,Tifon Draganić SJEVER,MOL,Hirvatistan,45.55994057084294,15.607433736932537,ChIJlaVgch_XZUcRxUwKuH93Jq8,"Ocjena odličan! Za svaku preporuku. Osoblje ljubazno, profesionalno. Za fizijatra preporučam odličnog dr. Žučka. Cijeli tim u obradi je divan. Hvala svima na predanom radu. Još samo da su im uvjeti rada vrhunski.",Olumlu,1
134815,Tifon Draganić SJEVER,MOL,Hirvatistan,45.55994057084294,15.607433736932537,ChIJlaVgch_XZUcRxUwKuH93Jq8,"Pozitivna iskustva. Doktor Zucko vrlo pedantan, postavlja puno pitanja kako bi dobio najbolji uvid u stanje djeteta. Vjezbice sa kcerkom su bile od velike koristi za njen motoricki razvoj. Teta Darinka nam je bila super. Kod narucivanja  sestre su ljubazne, izlaze u susret.",Nötr,0
134813,ELEN - Prokljan SJEVER,Elen,Hirvatistan,43.85658909079047,15.845832124483197,ChIJhSIga3ArNRMR6bqB6BmmIu0,"Uz neke izazove pri registraciji, uspio je. Punjen prilično sporo s maksimalno 36 kW.",Nötr,0
134813,ELEN - Prokljan SJEVER,Elen,Hirvatistan,43.85658909079047,15.845832124483197,ChIJhSIga3ArNRMR6bqB6BmmIu0,2 postaje. Bot radi dobro.,Olumlu,1
134813,ELEN - Prokljan SJEVER,Elen,Hirvatistan,43.85658909079047,15.845832124483197,ChIJhSIga3ArNRMR6bqB6BmmIu0,"Savršeno!
Dobro smješteno, jednostavno za korištenje i prihvatljiva cijena, hvala.",Olumlu,1
134813,ELEN - Prokljan SJEVER,Elen,Hirvatistan,43.85658909079047,15.845832124483197,ChIJhSIga3ArNRMR6bqB6BmmIu0,Maks. 35 kW,Olumlu,1
134813,ELEN - Prokljan SJEVER,Elen,Hirvatistan,43.85658909079047,15.845832124483197,ChIJhSIga3ArNRMR6bqB6BmmIu0,Radi savršeno dobro,Olumlu,1
134812,Elen - Prokljan - jug,Elen,Hirvatistan,43.855826810826045,15.845726359857167,ChIJKxVty2wrNRMRa1sZaA1o5FM,"Zapravo OK, odmah uz autocestu, iza INA benzinske postaje. Punio se bez problema na 44 kW koristeći moju EnBW karticu. Jedna zvjezdica oduzeta jer je punjač samo od 50 kW, kao i većina u Hrvatskoj... Svi standardni sadržaji, poput toaleta i kave na benzinskoj postaji, su tu.",Nötr,0
134812,Elen - Prokljan - jug,Elen,Hirvatistan,43.855826810826045,15.845726359857167,ChIJKxVty2wrNRMRa1sZaA1o5FM,"Definitivno najgora punionica vozila, Elen-katastrofa! Ne znam zašto te je sram??? Noćna mora svakog vozača... jeleni u odmaralištu... uzeli ste novac iz EU fondova ni za što...",Olumsuz,-1
134812,Elen - Prokljan - jug,Elen,Hirvatistan,43.855826810826045,15.845726359857167,ChIJKxVty2wrNRMRa1sZaA1o5FM,Tipični Balkan. Uz autocestu A1 ima više pokvarenih nego ispravnih punionica.,Nötr,0
134811,ELEN Jelsa,Elen,Hirvatistan,43.162193021235765,16.69012506414333,ChIJNQ5HFex9ShMRL85w5ECcPlU,Noćna mora! Vozili smo se 1200 km do Hvara i tada smo na otoku imali samo probleme s našim električnim automobilom. Nije radila ni brza punionica u Jelsi ni u Starom Gradu – tako nešto nismo doživjeli. Na kraju smo uspjeli puniti samo na 11 kW na parkingu 4 u Hvaru. Trenutno se apsolutno ne preporučuje vozačima električnih automobila! Punionica u Jelsi se gasi nakon 10 minuta :(.,Olumsuz,-1
134811,ELEN Jelsa,Elen,Hirvatistan,43.162193021235765,16.69012506414333,ChIJNQ5HFex9ShMRL85w5ECcPlU,"Nažalost, punjač se nalazi na parkingu koji se plaća. Još jedna zvjezdica manje jer naša RFID kartica nije radila, iako je bila navedena kao dostupna u aplikaciji. Morali smo skinuti aplikaciju Elen koja je u početku koštala 53 eura. Ipak, uspjeli smo ga naplatiti.",Olumsuz,-1
134811,ELEN Jelsa,Elen,Hirvatistan,43.162193021235765,16.69012506414333,ChIJNQ5HFex9ShMRL85w5ECcPlU,"Punjač se potpuno pokvario. Preostalo je 4% napunjenosti, a onda... punionica se nije htjela sinkronizirati s automobilom (50 kW CCS).

Nazvali smo broj za podršku na punionici i žena s druge strane bila je jako uslužna i pokušala je pomoći (nije bila njezina krivnja), ali nije uspjelo. Stanica je ponovno pokrenuta, ali nakon drugog pokušaja potpuno je prestala raditi.

S preostalih samo 3% napunjenosti, bili smo sretni što je barem konektor tipa 2, koji je bio toliko oštećen da su se mogle vidjeti žice unutra, počeo puniti. Nije izgledalo sigurno, ali je radilo. Aleluja. Bojao sam se da smo se izgubili u Jelsi. Žena iz podrške obavijestila je tehničara, ali nakon čitanja ostalih objava, nisam optimističan da će se išta promijeniti.

Za mene je ovo izvan shvaćanja, Elenin skandal i tužno je što se ova tvrtka ne čini da mari što su njezini kupci ostavljeni nasukani i pomalo očajni.

Dame koje su me podržavale bile su sjajne, ali usluga pružatelja usluga bila je apsolutno užasna.",Olumsuz,-1
134811,ELEN Jelsa,Elen,Hirvatistan,43.162193021235765,16.69012506414333,ChIJNQ5HFex9ShMRL85w5ECcPlU,"Sramota je što Elen ne uspijeva pravilno osposobiti svoje stanice za punjenje. Na Hvaru postoji lokacija u Jelsi. Ali nakon više od 30 minuta pokušaja, ne mogu pokrenuti sesiju punjenja. Nevjerojatno. Loše za turizam.",Olumsuz,-1
134811,ELEN Jelsa,Elen,Hirvatistan,43.162193021235765,16.69012506414333,ChIJNQ5HFex9ShMRL85w5ECcPlU,"Punjenje je bilo bez problema; konstantno sam primao do 48 kW putem CCS priključka i dobro napunio automobil za jedan sat. U ovom slučaju ne mogu potvrditi negativne recenzije drugih, ali na temelju mog iskustva s drugim ELEN stanicama, mogu ih razumjeti.",Olumlu,1
134810,ELEN Stari Grad,Elen,Hirvatistan,43.185607604383534,16.600181683578285,ChIJp3vsmpZfNRMR_mCdotvjO-M,Katastrofa! U Splitu od 3 punionice ne radi niti jedna za najslabije punjenje!!! Ili se bavite poslom ili oslobodite dizel i benzincima parking misto!!!,Olumsuz,-1
134810,ELEN Stari Grad,Elen,Hirvatistan,43.185607604383534,16.600181683578285,ChIJp3vsmpZfNRMR_mCdotvjO-M,4 punijonice u Splitu i sve 4 su pokvarene a neke ne rade vec duže vrijeme,Olumsuz,-1
134810,ELEN Stari Grad,Elen,Hirvatistan,43.185607604383534,16.600181683578285,ChIJp3vsmpZfNRMR_mCdotvjO-M,"Punjač tipa 2 je pokvaren. Kaže da ne radi. Ali naravno, ipak su uzeli naknadu za prethodnu autorizaciju 🙂",Olumsuz,-1
134810,ELEN Stari Grad,Elen,Hirvatistan,43.185607604383534,16.600181683578285,ChIJp3vsmpZfNRMR_mCdotvjO-M,Dvije 50kW punionice. Povoljno smješten ispred trgovačkog centra.,Olumlu,1
134810,ELEN Stari Grad,Elen,Hirvatistan,43.185607604383534,16.600181683578285,ChIJp3vsmpZfNRMR_mCdotvjO-M,Stanica za punjenje u kvaru!!!!,Olumlu,1
134808,ELEN Raščane,Elen,Hirvatistan,43.32029566583739,17.166160192356614,ChIJK5sQt4HlShMRQjkvg25-3gM,Meni je punilo maksimalno 38kw,Olumsuz,-1
134808,ELEN Raščane,Elen,Hirvatistan,43.32029566583739,17.166160192356614,ChIJK5sQt4HlShMRQjkvg25-3gM,"Slaba struja, ne moze puniti preko 15kw...",Olumsuz,-1
134808,ELEN Raščane,Elen,Hirvatistan,43.32029566583739,17.166160192356614,ChIJK5sQt4HlShMRQjkvg25-3gM,"Od dva stalka, jedan (desni) nije u potpunosti funkcionalan, tj. CCS kabel je oštećen i ne može se koristiti.
Lijevi je bez oštećenja, puni 47 kW za 1 h i 17 min.",Olumsuz,-1
134808,ELEN Raščane,Elen,Hirvatistan,43.32029566583739,17.166160192356614,ChIJK5sQt4HlShMRQjkvg25-3gM,"Slučajno smo navratili i otkrili ovaj punjač, ​​radi bez ikakvih problema.",Olumlu,1
134808,ELEN Raščane,Elen,Hirvatistan,43.32029566583739,17.166160192356614,ChIJK5sQt4HlShMRQjkvg25-3gM,"Osim brzine punjenja, objekt i benzinska postaja bili su izvrsni. Šteta što nisu postavili punionicu od 150 kW. Morali smo puniti više od sat vremena da stignemo do sljedeće stanice.",Olumsuz,-1
134807,Elen Makarska,Elen,Hirvatistan,43.29751355439785,17.019359895885486,ChIJA1kgx0zvShMREso9p5_NKh4,"Punionica radi preko aplikacije na pametnom telefonu i prednaplate od 33 eura putem kreditne kartice. Jednostavan za postavljanje, ali problem je u tome što su tijekom ljetnih mjeseci samo 2 vozila mogla biti usko parkirana jer je cijelo parkirno mjesto zauzeto drugom konstrukcijom kao na slikama (status 2025). Zato ne vjerujte kada su mjesta za punjenje dostupna, to je lutrija.",Nötr,0
134807,Elen Makarska,Elen,Hirvatistan,43.29751355439785,17.019359895885486,ChIJA1kgx0zvShMREso9p5_NKh4,Nažalost nije dostupno jer je blokirano zbog raspadanja zabavnog parka!,Olumsuz,-1
134807,Elen Makarska,Elen,Hirvatistan,43.29751355439785,17.019359895885486,ChIJA1kgx0zvShMREso9p5_NKh4,Zaista preporučujem da ne koristite Elen punjače. Naplaćuju količinu energije za punjenje s vašeg računa i blokiraju za svaku sesiju punjenja 400 kuna na vašem računu također na najmanje 7 dana.,Olumsuz,-1
134807,Elen Makarska,Elen,Hirvatistan,43.29751355439785,17.019359895885486,ChIJA1kgx0zvShMREso9p5_NKh4,"Preuzmite aplikaciju, registrirajte se, preuzmite bez problema.",Olumlu,1
134807,Elen Makarska,Elen,Hirvatistan,43.29751355439785,17.019359895885486,ChIJA1kgx0zvShMREso9p5_NKh4,Besplatno parkiranje tijekom punjenja na plaži. Obično 4 € po satu.,Olumlu,1
134805,ELEN Odmorište Lepenica Sjever,Elen,Hirvatistan,45.326784405203625,14.657385764330684,ChIJa_x4A4iDZEcRxrZFlS3se48,"Savršeno mjesto za ostaviti automobil. Smješteno u vrlo lijepom kraju s prekrasnim jezerom koje vrijedi posjetiti.
Otišli smo do špilje Spilja Vrelo. Treba oko 30-40 hoda do tamo.",Olumlu,1
134805,ELEN Odmorište Lepenica Sjever,Elen,Hirvatistan,45.326784405203625,14.657385764330684,ChIJa_x4A4iDZEcRxrZFlS3se48,"Standardna HEP/Elen punionica s 3 adaptera. Elen aplikacija radi odlično. Mogu se istovremeno puniti dva automobila. DC maksimalno 50 kW. Nalazi se u kutu parkirališta, odmah pored INA benzinske postaje, u centru Fužina.",Olumlu,1
134805,ELEN Odmorište Lepenica Sjever,Elen,Hirvatistan,45.326784405203625,14.657385764330684,ChIJa_x4A4iDZEcRxrZFlS3se48,"Vrijedi koristiti Revolut debitnu karticu, ne mogu naplatiti Raiffeisen kreditnom karticom, cijene su u elen aplikaciji.",Olumlu,1
134805,ELEN Odmorište Lepenica Sjever,Elen,Hirvatistan,45.326784405203625,14.657385764330684,ChIJa_x4A4iDZEcRxrZFlS3se48,Trostruki punjač ccs 50kw radio je bez problema s njemačkom karticom za punjenje,Olumlu,1
134506,ELEN Odmorište Ljubešćica ZAPAD,Elen,Hirvatistan,46.16910132418792,16.37430129888253,ChIJo6Xne-4nZkcR7A2bdzkujwo,Trenutno je u kvaru ali ako kojim slučajem i radi gotovo je nemoguće pristupiti punjenju preko aplikacije,Olumsuz,-1
134202,Marina Borik,Tesla (Tesla-only charging),Hirvatistan,44.131059,15.210139,ChIJP8RRHcTkYUcRQbBGV91E4B8,radi bez problema,Olumlu,1
134060,Petrol Karlovac,PETROL,Hirvatistan,45.513335339562445,15.54746329694899,ChIJ_QkOFqc-ZEcR3HcIYw-V4DI,Lijepa pumpa.Drže kvalitetno gorivo i autoplin.Lijep pristup.Odmah uz naplatne kućice u Karlovcu,Olumlu,1
134060,Petrol Karlovac,PETROL,Hirvatistan,45.513335339562445,15.54746329694899,ChIJ_QkOFqc-ZEcR3HcIYw-V4DI,"Čaša smrdi po cigarama svaki put, a konobarica nadrkana",Olumsuz,-1
134060,Petrol Karlovac,PETROL,Hirvatistan,45.513335339562445,15.54746329694899,ChIJ_QkOFqc-ZEcR3HcIYw-V4DI,"Neuredna i zapuštena crpka, ne bi bilo loše povremeno bar asfalt oprat od goriva, ulja i sl.!!!",Olumsuz,-1
134060,Petrol Karlovac,PETROL,Hirvatistan,45.513335339562445,15.54746329694899,ChIJ_QkOFqc-ZEcR3HcIYw-V4DI,Nikada nisam tako neljubaznu osobu sreo a da radu sa ljudima na blagajni. Fuj. Nema šanse da dođem na ovu pumpu više,Olumsuz,-1
134060,Petrol Karlovac,PETROL,Hirvatistan,45.513335339562445,15.54746329694899,ChIJ_QkOFqc-ZEcR3HcIYw-V4DI,"Ja sam vrlo razmažena i ne volim miomirise na benzinskim postajama. Uđem unutra pružim ključ i kažem(🤫) nije moj auto ,  dajte molim vas natočite. Uvijek sa smješkom odrade , srdačni i simpatični.",Olumlu,1
134059,Odmaraliste Babina Greda - jug,Elen,Hirvatistan,45.1082336276892,18.5236575896664,ChIJ5UWnmtZFXEcR9uTI4hZH0Fc,Moguće je punjenje samo 11 kW. Punjenje od 50 kW nije dostupno.,Olumsuz,-1
133793,ELEN Samobor,Elen,Hirvatistan,45.80800937475925,15.716535645653948,ChIJZ0Jh1sPNZUcRUwzH_Bb4BW8,"Na parkiralištu autobusnog kolodvora. 2 parkirna mjesta. 3 priključka. 2 AC do 50KW, i jedan DC. Lokacija je malo daleko od bilo kakvih događanja.",Olumlu,1
133793,ELEN Samobor,Elen,Hirvatistan,45.80800937475925,15.716535645653948,ChIJZ0Jh1sPNZUcRUwzH_Bb4BW8,"Praktično smješteno na autobusnom kolodvoru. Supermarket Lidl udaljen je oko 150 metara. Supermarket Eurospin udaljen je oko 300 metara dalje. Pekarnica sa snack barom (döner kebab, burek, sendviči itd.) udaljena je 150 metara u drugom smjeru.

Jedini nedostatak je što punionica ima samo jednu točku za punjenje i puni se brzinom od 50 kW/h. Stoga biste trebali predvidjeti dovoljno vremena ako planirate puno puniti. Međutim, vrijeme možete dobro iskoristiti zahvaljujući obližnjim trgovinama.",Olumlu,1
133793,ELEN Samobor,Elen,Hirvatistan,45.80800937475925,15.716535645653948,ChIJZ0Jh1sPNZUcRUwzH_Bb4BW8,"AC punjenje se stalno isključuje i ponovno pokreće, što uvijek oduzima polog od 33 €. Automobili stoje parkirani nakon što je DC punjenje završeno i do 3 sata, što je potpuno glupo. Nažalost, to je najbolji koji postoji.",Olumlu,1
133793,ELEN Samobor,Elen,Hirvatistan,45.80800937475925,15.716535645653948,ChIJZ0Jh1sPNZUcRUwzH_Bb4BW8,"Brzo, ali pristup blokiran zbog gradnje. Vozite se pješačkim pločnikom pored crvene WiFi skulpture da biste došli do punjača. Također, način na koji Elen radi je malo čudan. Prvo naplate 53 dolara, a zatim vrate razliku za 2 tjedna ili tako nešto... Prvo novac, struja kasnije. Možda bi imalo smisla platiti koliko god se naplati, a ne 53 dolara, a zatim se nadati da će se novac vratiti.",Olumsuz,-1
133793,ELEN Samobor,Elen,Hirvatistan,45.80800937475925,15.716535645653948,ChIJZ0Jh1sPNZUcRUwzH_Bb4BW8,Punjenje pri 49 kW,Olumlu,1
133449,Grand Hotel Park Rovinj,Tesla (Tesla-only charging),Hirvatistan,45.075573,13.636981,ChIJT81QpprAfEcRleVcx8VkcRg,"Ispred hotela Grand Park, 8 punjača, svi besplatni, koristi se espots aplikacija",Olumlu,1
133449,Grand Hotel Park Rovinj,Tesla (Tesla-only charging),Hirvatistan,45.075573,13.636981,ChIJT81QpprAfEcRleVcx8VkcRg,"Od rujna 2022. punjači su otvoreni za korištenje svima. Punjenje nije jeftino ni brzo, ali lokacija je prekrasna.",Nötr,0
133449,Grand Hotel Park Rovinj,Tesla (Tesla-only charging),Hirvatistan,45.075573,13.636981,ChIJT81QpprAfEcRleVcx8VkcRg,"Svakako i za goste koji nisu u hotelu, ali se naplaćuje (8 € po satu). Nažalost samo 11 kW, ali usluga visoke klase.",Olumlu,1
133449,Grand Hotel Park Rovinj,Tesla (Tesla-only charging),Hirvatistan,45.075573,13.636981,ChIJT81QpprAfEcRleVcx8VkcRg,Izvrsna lokacija za punjenje u Grand Park Hotelu Rovinj,Olumlu,1
133449,Grand Hotel Park Rovinj,Tesla (Tesla-only charging),Hirvatistan,45.075573,13.636981,ChIJT81QpprAfEcRleVcx8VkcRg,Samo za goste hotela,Nötr,0
133039,Tehnomont Marina Veruda,Tesla (Tesla-only charging),Hirvatistan,44.839138,13.842745,ChIJpcqIhF7TfEcRHSTmXPTWHxU,"Seit 2 Jahren keine Tesla  charger mehr (laut Plaza Rezeption ), jetzt Telekom Kroatia. Könnte mal aktualisiert werden, keine gute Werbung für Tesla.",Olumsuz,-1
133039,Tehnomont Marina Veruda,Tesla (Tesla-only charging),Hirvatistan,44.839138,13.842745,ChIJpcqIhF7TfEcRHSTmXPTWHxU,Ovo je bila stara Teslina destinacija; sada je potreban novi operater.,Olumlu,1
133039,Tehnomont Marina Veruda,Tesla (Tesla-only charging),Hirvatistan,44.839138,13.842745,ChIJpcqIhF7TfEcRHSTmXPTWHxU,Ovi punjači nisu iz Tesle😅,Olumsuz,-1
131030,Camping Mon Perin,Tesla (Tesla-only charging),Hirvatistan,45.019967,13.723083,ChIJmTzvdj_GfEcRicOtANLiveA,Najvažnije je da ljudi poštuju jedni druge. Napuniš svoj auto i ostaviš prostor nekom drugom.,Olumlu,1
131030,Camping Mon Perin,Tesla (Tesla-only charging),Hirvatistan,45.019967,13.723083,ChIJmTzvdj_GfEcRicOtANLiveA,"Toplo preporučujemo gostima resorta s električnim automobilom. Oni koji ovdje borave mogu besplatno puniti svoja vozila na 11 kW. Resort nudi dva seta od tri mjesta za punjenje, pogodna za sva vozila s priključkom tipa 2. Priključio sam svoj BYD na Tesla stanicu za punjenje i radilo je savršeno. Fantastična usluga od strane operatera resorta.",Olumlu,1
131030,Camping Mon Perin,Tesla (Tesla-only charging),Hirvatistan,45.019967,13.723083,ChIJmTzvdj_GfEcRicOtANLiveA,Radilo je savršeno. 11 kW!,Olumlu,1
121535,Slavonski Brod Supercharger,Tesla (Tesla-only charging),Hirvatistan,45.17588,18.063641,ChIJGWnkevKwXUcRxNxvI2yGnUs,"Prima sve automobile. Brzo i lako, naslonis karticu i gotovo. Bez apliakcija i komplikacija",Olumlu,1
121535,Slavonski Brod Supercharger,Tesla (Tesla-only charging),Hirvatistan,45.17588,18.063641,ChIJGWnkevKwXUcRxNxvI2yGnUs,"Odličan Tesla punjač u Slavonskom Brodu, brzo i pouzdano punjenje, lokacija praktična, sve radi bez komplikacija. Super iskustvo!",Olumlu,1
121535,Slavonski Brod Supercharger,Tesla (Tesla-only charging),Hirvatistan,45.17588,18.063641,ChIJGWnkevKwXUcRxNxvI2yGnUs,"Punjenje je bilo max 40kw na 2d, susjednom autu je bilo max 25kw. Sve ostalo je ok. Ali jako sporo.",Nötr,0
121535,Slavonski Brod Supercharger,Tesla (Tesla-only charging),Hirvatistan,45.17588,18.063641,ChIJGWnkevKwXUcRxNxvI2yGnUs,Praonica vozila u neposrednoj blizini punionice. Malo neobično jer sitne kapi vode nošene vjetrom dopiru do vozila spojenih na punionicu.,Nötr,0
121535,Slavonski Brod Supercharger,Tesla (Tesla-only charging),Hirvatistan,45.17588,18.063641,ChIJGWnkevKwXUcRxNxvI2yGnUs,"Oprez, pola punjača ne funkcionira, samo 5 od 10 a uz to skoro svi zauzeti pa se sporo puni
Zgodno mjesto, blizu autoputa a uz punionicu se nalazi i samouslužna autopraona te caffe sa WC-om... i jako ljubaznom djelatnicom i djelatnikom caffea 🙂",Olumsuz,-1
113998,Marina Frapa Dubrovnik,Tesla (Tesla-only charging),Hirvatistan,42.6574643,18.0799177,ChIJWQcYeDp1TBMRwyZXzQIdZSs,"Punjač je bio besplatan i uz pomoć mornaričkog osoblja uspio sam nabaviti malo ""soka"". Prilično sporo punjenje 7kw na sat.",Olumsuz,-1
113998,Marina Frapa Dubrovnik,Tesla (Tesla-only charging),Hirvatistan,42.6574643,18.0799177,ChIJWQcYeDp1TBMRwyZXzQIdZSs,"Ne radi unatoč upaljenom svjetlu. Iznimno arogantan, bezobrazan i agresivan čovjek na ulaznim vratima napao me je samo zato što sam pokušao uključiti u struju.",Olumsuz,-1
113998,Marina Frapa Dubrovnik,Tesla (Tesla-only charging),Hirvatistan,42.6574643,18.0799177,ChIJWQcYeDp1TBMRwyZXzQIdZSs,"Skriveno mjesto za Tesla punjenje tipa 2. Potražite vrata s desne strane i uđite u marinu.
Postoje 2 punjača, ali se može koristiti samo jedan.",Olumsuz,-1
113998,Marina Frapa Dubrovnik,Tesla (Tesla-only charging),Hirvatistan,42.6574643,18.0799177,ChIJWQcYeDp1TBMRwyZXzQIdZSs,"Prema riječima čuvara, dostupno samo gostima marine. Skočili su na mene ubrzo nakon što sam se priključio.",Nötr,0
113998,Marina Frapa Dubrovnik,Tesla (Tesla-only charging),Hirvatistan,42.6574643,18.0799177,ChIJWQcYeDp1TBMRwyZXzQIdZSs,Neće ti dopustiti da napuniš auto! Au!,Olumsuz,-1
113974,Marina Frapa Rogoznica,Tesla (Tesla-only charging),Hirvatistan,43.5320192,15.9589793,ChIJJySC6NEZNRMR7ac_UYRmprw,"Radi savršeno. Morali smo ukloniti barijeru na mostu kako bismo mogli parkirati i utovariti tamo. Budući da smo unajmili brod u luci, to nije bio problem i osoblje nam je to dopustilo.",Olumlu,1
113974,Marina Frapa Rogoznica,Tesla (Tesla-only charging),Hirvatistan,43.5320192,15.9589793,ChIJJySC6NEZNRMR7ac_UYRmprw,Vrlo ljubazno osoblje; pomažu vam pronaći punjač odmah nakon ulaska u luku. Parking za posjetitelje košta 2 € po satu. Gosti hotela i vlasnici brodova parkiraju besplatno. Kratko smo obaviješteni da se naplata tolerira samo za goste koji nisu u hotelu ili za one koji nemaju brodove.,Olumlu,1
113974,Marina Frapa Rogoznica,Tesla (Tesla-only charging),Hirvatistan,43.5320192,15.9589793,ChIJJySC6NEZNRMR7ac_UYRmprw,Besplatno za goste ili ako se plaća parking,Olumlu,1
109364,Falkensteiner Hotel Park Punat,Tesla (Tesla-only charging),Hirvatistan,45.020224,14.627794,ChIJf5ku0MZzY0cRqpfOFc78QFg,Ovi punjači su zamijenjeni - više nema Teslinih odredišnih punjača,Nötr,0
109364,Falkensteiner Hotel Park Punat,Tesla (Tesla-only charging),Hirvatistan,45.020224,14.627794,ChIJf5ku0MZzY0cRqpfOFc78QFg,"Punjač ne radi, hotel je zatvoren.",Olumsuz,-1
109364,Falkensteiner Hotel Park Punat,Tesla (Tesla-only charging),Hirvatistan,45.020224,14.627794,ChIJf5ku0MZzY0cRqpfOFc78QFg,👍,Olumlu,1
109276,Arena One99 Glamping,Tesla (Tesla-only charging),Hirvatistan,44.8231613,13.8979146,ChIJ-5jh-vwrY0cRWeC24clPtbM,"Punjač radi dobro, lako je pokrenuti plaćanje kreditnom karticom ili Apple Payom. Ali, nema upravljanja parkiralištem. Dakle, u većini slučajeva, 3 mjesta za električna vozila su blokirana. U mnogim slučajevima vozilima koja nisu električna.",Nötr,0
109276,Arena One99 Glamping,Tesla (Tesla-only charging),Hirvatistan,44.8231613,13.8979146,ChIJ-5jh-vwrY0cRWeC24clPtbM,"Postoji jedna Tesla punjač (koji se mogao koristiti i za druga električna vozila dok smo bili tamo) i dvije druge stanice za punjenje. Savršeno upotrebljiv, samo za goste hotela Park Plaza Belvedere. Gotovo uvijek je bilo slobodnog mjesta, unatoč vrhuncu sezone. Upute su dane na recepciji. Radi dobro.",Olumlu,1
109276,Arena One99 Glamping,Tesla (Tesla-only charging),Hirvatistan,44.8231613,13.8979146,ChIJ-5jh-vwrY0cRWeC24clPtbM,"Savršen. U Medulinu se možete bez problema zadržati dok je vrijeme punjenja oko 22 kW. Skenirajte, odaberite način plaćanja (Google Pay/Apple Pay/Visa itd.) i krenite.",Olumlu,1
109276,Arena One99 Glamping,Tesla (Tesla-only charging),Hirvatistan,44.8231613,13.8979146,ChIJ-5jh-vwrY0cRWeC24clPtbM,"Novi punjači, novi pružatelj usluga, 4 kom, tip 2, jednostavno plaćanje (Gpay, Apple Pay, kreditna kartica)",Olumlu,1
109276,Arena One99 Glamping,Tesla (Tesla-only charging),Hirvatistan,44.8231613,13.8979146,ChIJ-5jh-vwrY0cRWeC24clPtbM,"Radi savršeno, a čak je i besplatno!",Olumlu,1
109179,Apartments Dada,Tesla (Tesla-only charging),Hirvatistan,44.984205,14.907966,ChIJIXUWwXeZY0cRP72w7bpaQP4,Dok punite svog limenog ljubimca možete napuniti i svoje baterije šetnjom uz more. Predivno mjesto.,Olumsuz,-1
109179,Apartments Dada,Tesla (Tesla-only charging),Hirvatistan,44.984205,14.907966,ChIJIXUWwXeZY0cRP72w7bpaQP4,ok 5 mjesta za punjenje auta Tesla,Olumlu,1
109179,Apartments Dada,Tesla (Tesla-only charging),Hirvatistan,44.984205,14.907966,ChIJIXUWwXeZY0cRP72w7bpaQP4,"Lijepo, ali Tesle nemam",Nötr,0
109179,Apartments Dada,Tesla (Tesla-only charging),Hirvatistan,44.984205,14.907966,ChIJIXUWwXeZY0cRP72w7bpaQP4,"Tesla punionica u Senju pravi je vrhunac za svakoga tko putuje električnim automobilom. Nalazi se tik uz more, prekrasno je uređena i nudi besplatno parkiranje, što punjenje čini opuštenim i ugodnim iskustvom.

Lokacija je posebno povoljna: u blizini se nalazi fantastičan restoran, tako da vrijeme punjenja možete savršeno iskoristiti za predah, uživati ​​u ukusnom obroku ili kavi – sve to uz prekrasan pogled na more. Okolica je dobro održavana i privlačna.

Za mene je ova punionica u Senju jedna od najboljih koje sam ikad vidio – praktična, prekrasno smještena i s prekrasnim pogledom na more. Toplo preporučujem svakom vozaču Tesle koji putuje ovom rutom!",Olumlu,1
109179,Apartments Dada,Tesla (Tesla-only charging),Hirvatistan,44.984205,14.907966,ChIJIXUWwXeZY0cRP72w7bpaQP4,"Izvrsna stanica. Veličanstven pogled. Vrlo ugodno selo. Zaustavili smo se na 40 minuta i imali smo vremena brzo istražiti uske ulice, pojesti sladoled i brzo se okupati (imajte na umu da tuševi od 0,50 € nisu u funkciji) na maloj šljunčanoj plaži odmah iza niskog zida nasuprot punjača. Sve što vam treba za savršenu stanicu!",Olumlu,1
108748,Marina Punat Hotel & Resort,Tesla (Tesla-only charging),Hirvatistan,45.033333,14.630833,ChIJE65ztNlzY0cRziWPx0yyoGY,Punjač je radio 20. srpnja 2023. Čini se da pripada hotelskom kompleksu (iako je označen kao Tesla punjač). Paušalna naknada od 25 eura plaća se na recepciji. Stoga se ne isplati onima koji žele naplatiti samo mali iznos.,Olumsuz,-1
106513,Aci Marina Supetarska Draga,Tesla (Tesla-only charging),Hirvatistan,44.803197,14.725996,ChIJSdUvcBimY0cRD3KjQS2QUU0,"Nažalost, na otoku Rabu gotovo da i nema mogućnosti punjenja (gotovo isključivo AC), a i mi smo svoju AC naljepnicu ostavili doma. Srećom, Tesla punjač je radio i za naš Audi E-Tron (onaj u hotelu Arbiana na Rabu nije). Ali 35 € za 3 sata punjenja je izuzetno skupo. Prema recepciji, punionice su zapravo namijenjene samo lučarima s plovilima.",Olumsuz,-1
106513,Aci Marina Supetarska Draga,Tesla (Tesla-only charging),Hirvatistan,44.803197,14.725996,ChIJSdUvcBimY0cRD3KjQS2QUU0,"Vrlo ljubazno i ​​uslužno osoblje. Tri Tesla punjača, koja se ne mogu blokirati jer su tri parkirna mjesta osigurana barijerama. Ključeve možete dobiti od osoblja. 35 € za jedno potpuno punjenje (od 5% do 100%) je po mom mišljenju razumno. U susjedstvu je ukusan restoran (ovdje je riba vrlo dobra).",Olumlu,1
106513,Aci Marina Supetarska Draga,Tesla (Tesla-only charging),Hirvatistan,44.803197,14.725996,ChIJSdUvcBimY0cRD3KjQS2QUU0,"U sezoni punjač zauzimaju drugi automobili. Arogantno blokiraju pristup punjenju.
U sezoni punjač zauzimaju drugi automobili. Arogantno blokiraju pristup punjenju.",Olumsuz,-1
106513,Aci Marina Supetarska Draga,Tesla (Tesla-only charging),Hirvatistan,44.803197,14.725996,ChIJSdUvcBimY0cRD3KjQS2QUU0,"Potpuna prevara! 33 eura za 30 minuta!!!!

Zaključano lancem 😱",Olumsuz,-1
106513,Aci Marina Supetarska Draga,Tesla (Tesla-only charging),Hirvatistan,44.803197,14.725996,ChIJSdUvcBimY0cRD3KjQS2QUU0,"Totalna pljačka!
33 € za 3 sata",Olumsuz,-1
106509,Aci Marina Vrboska,Tesla (Tesla-only charging),Hirvatistan,43.1787,16.675852,ChIJPy0MBHiHShMR8WNjEQ4a-jo,"Hvala ti, Elon! Ovo je bilo jedino mjesto u blizini Jelse i Hvara gdje su punjači zapravo radili. Bili smo očajni, zvali smo toliko hotela, pa čak i isprobali Elen punjače, ali bezuspješno.

Ovo mjesto nas je jedino spasilo. Svakako nazovi unaprijed da provjeriš je li dostupno. Košta 35 eura, ali iskreno, kada ti ponestaje baterije i uhvati te strah od dometa, vrijedi svake lipe.",Olumsuz,-1
106509,Aci Marina Vrboska,Tesla (Tesla-only charging),Hirvatistan,43.1787,16.675852,ChIJPy0MBHiHShMR8WNjEQ4a-jo,"Iskorištavaju činjenicu da su jedini Tesla punjač na otoku (za sada), naplaćuju 35 € za uključivanje, ali iako piše 22 kW, puni se samo 11 kW. Ručao sam i jedva sam napunio 5%. Unatoč tome što je trebalo 1 sat i 45 minuta jer sam morao ići u hotel (što je određeno aplikacijom Diversnote koja mi pravi mapu mojih putovanja), (a računajući i da sam morao čekati 30 minuta da mornar aktivira punjač jer je pomagao privezati brod), vratio sam se sljedeći dan objašnjavajući situaciju i hoćemo li dopustiti da se punjenje nastavi, a oni su odbili ako ponovno ne platim... srećom nije bilo potpuno neophodno i samo sam htio da bude mirnije... ali bio sam razočaran što se nisu složili, unatoč tome što sam platio 35 € da ne punim više od 11 kW, to znači 10 puta više od cijene supercharger punjača od 250 kW, uvredljivo!!. Puno hvala na ljubaznosti koju sam naišao diljem Hrvatske. Dodajem da sam na otoku kasnije pronašao dvije ELEN zone za punjenje gdje sam... mogao sam puniti po razumnim cijenama iako jedan nije radio, a drugi sam morao puniti s 11 kW (izmjenična struja) s odgovarajućim crijevom jer Combo s istosmjernom strujom koji mi je omogućavao punjenje s 50 kW nije radio.",Olumsuz,-1
106509,Aci Marina Vrboska,Tesla (Tesla-only charging),Hirvatistan,43.1787,16.675852,ChIJPy0MBHiHShMR8WNjEQ4a-jo,Najskuplje punjenje tijekom cijelog putovanja u Hrvatsku. ACI marina naplaćuje naknadu od 35 € za aktivaciju punjača.,Olumlu,1
106509,Aci Marina Vrboska,Tesla (Tesla-only charging),Hirvatistan,43.1787,16.675852,ChIJPy0MBHiHShMR8WNjEQ4a-jo,35 eura za 3 sata 😂,Olumsuz,-1
106509,Aci Marina Vrboska,Tesla (Tesla-only charging),Hirvatistan,43.1787,16.675852,ChIJPy0MBHiHShMR8WNjEQ4a-jo,Ovaj Teslin punjač za odredište je potpuna prijevara (40€ za punjač od 22kw),Olumlu,1
106443,Aci Marina Korcula,Tesla (Tesla-only charging),Hirvatistan,42.958976,17.135738,ChIJ9_v9ujpQShMR8LmD5BwpAP4,"To je zidna spojnica, a naplaćuju 35 eura za 3 sata. Za aktivaciju je potrebno pitati u ACI marini. Zaboravi, bolje je ići u Žrnovo!",Olumsuz,-1
106443,Aci Marina Korcula,Tesla (Tesla-only charging),Hirvatistan,42.958976,17.135738,ChIJ9_v9ujpQShMR8LmD5BwpAP4,"Puniti tri sata na Destination Chargeru za 35 eura, što bi trebalo biti besplatno, jednostavno je nečuveno. Wallbox isporučuje samo 9 kW, što je ekvivalentno cijeni znatno višoj od 1 eura po kWh. Bolje je puniti na punjaču Hrvatskog Telekoma na Korčuli, gdje košta 0,29 eura.",Olumsuz,-1
106443,Aci Marina Korcula,Tesla (Tesla-only charging),Hirvatistan,42.958976,17.135738,ChIJ9_v9ujpQShMR8LmD5BwpAP4,"Marina je trenutno u izgradnji. Ako ste vozač električnog vozila, u vrijeme ove recenzije postoji NULTA opcija za punjenje na Korčuli.",Nötr,0
106203,Aci Marina Jezera,Tesla (Tesla-only charging),Hirvatistan,43.784819,15.642171,ChIJzy6rE4rQNBMR0ccuCpdb0Iw,"Savršeno! 3 stanice 22 kW, 1 samo za Teslu, 2 za sva električna vozila. Samo 2 EUR/sat za parkiranje i besplatno punjenje. Također ne morate platiti parkiranje ako jedete/popijete piće u restoranu u marini. Ali pretpostavljam da će se i dalje naći ljudi koji će se žaliti da ovo nije superpunjač. Ne, nije i nigdje se ne oglašava da jest. Savršena lokacija za punjenje i besplatno. 👍",Olumlu,1
106203,Aci Marina Jezera,Tesla (Tesla-only charging),Hirvatistan,43.784819,15.642171,ChIJzy6rE4rQNBMR0ccuCpdb0Iw,"Tesla Sucs praktički za ekskluzivno korištenje korisnika Marine. Bez obzira na to što su vrlo male snage, menadžment Marine vam nudi fiksni paket po cijeni od 38 € za punjenje od 3 sata. Sramotna situacija za kupca Tesle naviknutog na moderne i učinkovite SUC-ove i nadasve slobodan ulaz... Otišao sam potražiti Fast stupac u obližnji grad i s puno manje naplatio
Grozno iskustvo",Olumsuz,-1
106203,Aci Marina Jezera,Tesla (Tesla-only charging),Hirvatistan,43.784819,15.642171,ChIJzy6rE4rQNBMR0ccuCpdb0Iw,"Vrlo ljubazan prijem, dobra lokacija. Nažalost, pristup je moguć samo preko rampe s vremenski ograničenom naplatom parkiranja. Vrlo skupo, 12 € po satu.",Nötr,0
106203,Aci Marina Jezera,Tesla (Tesla-only charging),Hirvatistan,43.784819,15.642171,ChIJzy6rE4rQNBMR0ccuCpdb0Iw,"Punjenje e-automobila je najbolje u marini pored brodova, konobe i bazena 😎🙂",Olumlu,1
106203,Aci Marina Jezera,Tesla (Tesla-only charging),Hirvatistan,43.784819,15.642171,ChIJzy6rE4rQNBMR0ccuCpdb0Iw,"Tri Tesla Destination punjača na području ACI marine, otvorena za javnost. Koristio sam jedan od njih i radio je savršeno. Nažalost, morao sam platiti parkirnu naknadu od 90 kuna.",Olumlu,1
106195,Aci Marina Šimuni,Tesla (Tesla-only charging),Hirvatistan,44.471036,14.954802,ChIJt3hA7Wc3YkcRKZ-TEx8h3eA,"Kolovoz 2025.: naplatili bi vam 55 EUR za 3 sata punjenja. Potpuno ludo. Općenito postoji problem s punjenjem u Šimunima. Postoji mogućnost punjenja u Kolanu (5 minuta automobilom, samo jedna punjačnica od 22 kW) ili Novalji (hotel Olea, 15 minuta automobilom, 22 i 50 kW).",Olumsuz,-1
106195,Aci Marina Šimuni,Tesla (Tesla-only charging),Hirvatistan,44.471036,14.954802,ChIJt3hA7Wc3YkcRKZ-TEx8h3eA,Gratis punjenje 22kW/h... dok se vaša Tesla puni možete posjetiti (pješačka udaljenost) 2 restorana s 5 zvjezdica: Konoba Didova Kuća i/ili Ribarska koliba Šimuni.,Olumlu,1
106195,Aci Marina Šimuni,Tesla (Tesla-only charging),Hirvatistan,44.471036,14.954802,ChIJt3hA7Wc3YkcRKZ-TEx8h3eA,"Morate kupiti dnevnu kartu za 18 € I platiti 32 € za 3 sata punjenja. Ukupno 50 € za 3 sata punjenja, definitivno se ne isplati zaustavljati.",Olumsuz,-1
106195,Aci Marina Šimuni,Tesla (Tesla-only charging),Hirvatistan,44.471036,14.954802,ChIJt3hA7Wc3YkcRKZ-TEx8h3eA,Sporo i skupo. Plaćanje unaprijed od 55 Eur za 3 sata. A dobili smo samo 12 kW u 3 sata. Čudno 🤨,Olumlu,1
106195,Aci Marina Šimuni,Tesla (Tesla-only charging),Hirvatistan,44.471036,14.954802,ChIJt3hA7Wc3YkcRKZ-TEx8h3eA,Punjač se nalazi iza zatvorenih vrata marine. Pristup je moguć s parkirnom karticom marine ili s dnevnim ulazom za 18 eura.,Olumlu,1
106190,Aci Marina Vodice,Tesla (Tesla-only charging),Hirvatistan,43.758391,15.7793,ChIJC2zUHf3XNBMRYVhEdfwEc8Y,"35 € za 3 sata punjenja?
To je sramota, a ne ono što je Tesla namjeravao ili želio. Tesla punjače daje besplatno pod uvjetom da se električna energija kupcima daje besplatno.

Dakle, luka ovdje pokušava ostvariti pristojan profit. Šteta, pa će se sljedeći put vjerojatno uputiti u drugu luku.",Olumsuz,-1
106190,Aci Marina Vodice,Tesla (Tesla-only charging),Hirvatistan,43.758391,15.7793,ChIJC2zUHf3XNBMRYVhEdfwEc8Y,"Cijena je, naravno, visoka, ali budući da je jedina druga punionica u Kauflandu, to je dobra alternativa ako idete na večeru. Automobil se automatski parkira vrlo centralno u Vodicama i puni od 30% do 90% u mom Modelu Y Standard dok smo jeli.",Olumlu,1
106190,Aci Marina Vodice,Tesla (Tesla-only charging),Hirvatistan,43.758391,15.7793,ChIJC2zUHf3XNBMRYVhEdfwEc8Y,"3 sata punjenja trenutno koštaju 42 €.

Je li cilj zaraditi više novca od punjenja nego od pomorskog poslovanja?",Olumsuz,-1
106190,Aci Marina Vodice,Tesla (Tesla-only charging),Hirvatistan,43.758391,15.7793,ChIJC2zUHf3XNBMRYVhEdfwEc8Y,"Besplatna usluga, punjač radi dobro, ali problem je ulazak u ACI marinu gdje se punjač nalazi. Automobil morate ostaviti ispred ulaza, otići na recepciju i pouzdane gospođe na recepciji će vas pustiti unutra.",Nötr,0
106190,Aci Marina Vodice,Tesla (Tesla-only charging),Hirvatistan,43.758391,15.7793,ChIJC2zUHf3XNBMRYVhEdfwEc8Y,30 € za punjenje bilo kojeg električnog vozila do 3 sata,Olumsuz,-1
106182,Aci Marina Milna,Tesla (Tesla-only charging),Hirvatistan,43.326264,16.447465,ChIJUcqQTpt8NRMRm5Tz5MgNFDs,"Unutar marine, iza kapije. Nedostupno široj javnosti.",Olumsuz,-1
102073,Apartments Bianca Premantura,Tesla (Tesla-only charging),Hirvatistan,44.802514,13.914198,ChIJEbIyu78rY0cR5_k4UZsaJkM,"Djeluje. Vlasnik Apartmana Bianca pali wallbox preko mobitela. Jednostavna komunikacija, hvala! Punjenje je ipak relativno sporo (5 kW), a cijena je 50 centi po kilovatsatu (od srpnja 2024.). P.S.: Ovdje se mogu puniti i električni automobili drugih marki, ne samo Tesla.",Olumlu,1
101919,National Park Paklenica,Tesla (Tesla-only charging),Hirvatistan,44.288512,15.44607,ChIJ9_rKEayTYUcR_Q282yAwoiQ,"Auf Nachfrage per Mail zwei Tage vor Ankunft wurde mitgeteilt, dass der charger funktioniert. Beim Ladeversuch wurde mitgeteilt, dass der charger schon seit einem Jahr nicht mehr funktioniert. Danke Paklenica Nationalpark Verwaltung.",Olumsuz,-1
101919,National Park Paklenica,Tesla (Tesla-only charging),Hirvatistan,44.288512,15.44607,ChIJ9_rKEayTYUcR_Q282yAwoiQ,Obje punionice nisu u funkciji! Punjenje nije moguće.,Olumsuz,-1
101919,National Park Paklenica,Tesla (Tesla-only charging),Hirvatistan,44.288512,15.44607,ChIJ9_rKEayTYUcR_Q282yAwoiQ,Obje stanice za punjenje su mrtve - ne rade!!!,Olumsuz,-1
101919,National Park Paklenica,Tesla (Tesla-only charging),Hirvatistan,44.288512,15.44607,ChIJ9_rKEayTYUcR_Q282yAwoiQ,"Nažalost, sve stanice za punjenje nisu uspjele",Olumsuz,-1
101919,National Park Paklenica,Tesla (Tesla-only charging),Hirvatistan,44.288512,15.44607,ChIJ9_rKEayTYUcR_Q282yAwoiQ,Nije moguće punjenje,Olumsuz,-1
99973,Hotel Bastion,Tesla (Tesla-only charging),Hirvatistan,44.118009,15.223634,ChIJU9C6n-DxYUcRnbTcnSG2KLQ,Gratis punjenje el.auta. zamislite i u ovoj državi ima nesto gratis,Olumlu,1
99973,Hotel Bastion,Tesla (Tesla-only charging),Hirvatistan,44.118009,15.223634,ChIJU9C6n-DxYUcRnbTcnSG2KLQ,Ne radi,Olumlu,1
99973,Hotel Bastion,Tesla (Tesla-only charging),Hirvatistan,44.118009,15.223634,ChIJU9C6n-DxYUcRnbTcnSG2KLQ,There is nothing. It’s impossible to drive inside of the parking lot. It’s reserved for clubs members,Olumsuz,-1
99973,Hotel Bastion,Tesla (Tesla-only charging),Hirvatistan,44.118009,15.223634,ChIJU9C6n-DxYUcRnbTcnSG2KLQ,Prošle godine su isključili punjače!,Olumlu,1
99973,Hotel Bastion,Tesla (Tesla-only charging),Hirvatistan,44.118009,15.223634,ChIJU9C6n-DxYUcRnbTcnSG2KLQ,Izvan reda! Ne rade.,Olumsuz,-1
97563,National Park Vransko Lake,Tesla (Tesla-only charging),Hirvatistan,43.933301,15.511804,ChIJIU_o8K3MNBMRiK3AvwgKN10,"Samo je jedna od dvije punionice radila, ali punjenje je bilo besplatno sve dok ste posjećivali nacionalni park. Brzina punjenja bila je samo četiri kW, ali je bilo potpuno besplatno.",Olumsuz,-1
97563,National Park Vransko Lake,Tesla (Tesla-only charging),Hirvatistan,43.933301,15.511804,ChIJIU_o8K3MNBMRiK3AvwgKN10,"Nisam mogao napuniti svoj Tesla Model 3 28. svibnja 2022. Još nisam spojen na Teslin sustav punjenja, prema osoblju Vranskog jezera.",Olumsuz,-1
97563,National Park Vransko Lake,Tesla (Tesla-only charging),Hirvatistan,43.933301,15.511804,ChIJIU_o8K3MNBMRiK3AvwgKN10,Ovaj punjač je neupotrebljiv i puni manje od 1 kW...,Olumsuz,-1
97563,National Park Vransko Lake,Tesla (Tesla-only charging),Hirvatistan,43.933301,15.511804,ChIJIU_o8K3MNBMRiK3AvwgKN10,Punjač ne radi. Nemoj dolaziti.,Olumsuz,-1
94664,Aci Marina Umag,Tesla (Tesla-only charging),Hirvatistan,45.441047,13.517096,ChIJ1wGLZB59e0cRp4MG7NnyTb4,"Ovo je šala. Parkiranje je 1,3 eura/sat i 3/1 punjač radi. Punjači samo za Teslu ne rade. Sada radi samo onaj koji je otvoren za druga vozila.",Olumsuz,-1
94664,Aci Marina Umag,Tesla (Tesla-only charging),Hirvatistan,45.441047,13.517096,ChIJ1wGLZB59e0cRp4MG7NnyTb4,"Došao sam ovdje i pokušao dva puta napuniti. Jedan punjač je pokvaren i ne radi. Drugi koji radi parkirao je auto koji se ne puni. Parkirao je cijeli dan. I nije Teslin auto. Dakle, beskoristan je.",Olumsuz,-1
94664,Aci Marina Umag,Tesla (Tesla-only charging),Hirvatistan,45.441047,13.517096,ChIJ1wGLZB59e0cRp4MG7NnyTb4,"3/1 stanica radi
+ naknada za parkiranje od 1,2 eura/h (samo bankomat)",Nötr,0
94664,Aci Marina Umag,Tesla (Tesla-only charging),Hirvatistan,45.441047,13.517096,ChIJ1wGLZB59e0cRp4MG7NnyTb4,Do Not work,Olumsuz,-1
94664,Aci Marina Umag,Tesla (Tesla-only charging),Hirvatistan,45.441047,13.517096,ChIJ1wGLZB59e0cRp4MG7NnyTb4,Punionica za “ne-Tesle” posljednje dvije godine radi samo povremeno.,Olumsuz,-1
94635,Aci Marina Slano,Tesla (Tesla-only charging),Hirvatistan,42.7839,17.889723,ChIJeRIIa0-OSxMR77KMN0Zv084,Prilično beskoristan jer cijena iznosi 35 € za najviše tri sata. Točno sam rekao. TRIDESET PET EURA. Potpuna ludnica. Izbjegavati.,Olumsuz,-1
94635,Aci Marina Slano,Tesla (Tesla-only charging),Hirvatistan,42.7839,17.889723,ChIJeRIIa0-OSxMR77KMN0Zv084,"Teslin punjač ne radi. Osigurači su dva puta pregorjeli. Platio sam 35 eura za 3 sata punjenja. Rekli su da će vratiti novac, ali četiri dana kasnije još uvijek nisam ništa primio. Također morate platiti parking da biste koristili punjač. Ovo je samo punjač od 11 kWh.",Olumsuz,-1
94635,Aci Marina Slano,Tesla (Tesla-only charging),Hirvatistan,42.7839,17.889723,ChIJeRIIa0-OSxMR77KMN0Zv084,"Elvileg 22 kW-os töltő, de csak egy fázist kötöttek be, így valójában csak 7 kW-tal tölt. Viszont a töltés díját - 35€ három órára - előre ki kell fizetni. Semmiképpen nem éri meg használni, de legalább némi huzavona után visszaadták a pénzem.",Olumsuz,-1
94635,Aci Marina Slano,Tesla (Tesla-only charging),Hirvatistan,42.7839,17.889723,ChIJeRIIa0-OSxMR77KMN0Zv084,Hotel charges 230 kruns for 3hrs charging.. not sure if Tesla allows that as usually other destination chargers are for free,Olumsuz,-1
94635,Aci Marina Slano,Tesla (Tesla-only charging),Hirvatistan,42.7839,17.889723,ChIJeRIIa0-OSxMR77KMN0Zv084,Naplaćuju 230 kuna za omogućavanje korištenja odredišnih punjača na 3 sata.,Olumlu,1
94632,Aci Marina Split,Tesla (Tesla-only charging),Hirvatistan,43.500872,16.42971,ChIJNUIhl1BnNRMRFiPq4tKeidY,Punjač se nalazi iza barijere i nedostupan je.,Olumsuz,-1
94632,Aci Marina Split,Tesla (Tesla-only charging),Hirvatistan,43.500872,16.42971,ChIJNUIhl1BnNRMRFiPq4tKeidY,"Trebalo je malo vremena, ali onda je proradilo. Naplatili su 31 € za 3 sata, ali ja sam na kraju naplatio 5 sati.",Olumsuz,-1
94632,Aci Marina Split,Tesla (Tesla-only charging),Hirvatistan,43.500872,16.42971,ChIJNUIhl1BnNRMRFiPq4tKeidY,31 euro za 3 sata. Vau...,Olumsuz,-1
94608,Apartment Hotel Zigzag Zagreb,Tesla (Tesla-only charging),Hirvatistan,45.811083,15.97991,ChIJDwnF-v7WZUcRe7a-XSRHOL0,Na ovoj lokaciji nema punjača,Olumsuz,-1
94002,Apartment Resort Kaldana,Tesla (Tesla-only charging),Hirvatistan,44.763683,14.749569,ChIJP-OoUyOvY0cR2_ESutdMeqk,„To je samo za goste hotela“... pa mi nisu dopustili da tamo naplatim :(,Olumsuz,-1
94002,Apartment Resort Kaldana,Tesla (Tesla-only charging),Hirvatistan,44.763683,14.749569,ChIJP-OoUyOvY0cR2_ESutdMeqk,Teško je voziti tamo i punjač nije u funkciji.,Olumsuz,-1
93415,Zagreb Supercharger,Tesla (Tesla-only charging),Hirvatistan,45.76711,16.233636,ChIJaRsh3fnWZUcRTNrDIlDsXLo,Uključite i koristite s 11 kW. 3 stanice za punjenje. Zamolite parkiralište da vas pusti na parkiralište.,Olumlu,1
93415,Zagreb Supercharger,Tesla (Tesla-only charging),Hirvatistan,45.76711,16.233636,ChIJaRsh3fnWZUcRTNrDIlDsXLo,SAMO ZA GOSTE HOTELA. Nije za tebe ako prolaziš.,Olumsuz,-1
93401,Relais & Chauteaux Meneghetti,Tesla (Tesla-only charging),Hirvatistan,45.007561,13.744938,ChIJN07dV6bIfEcRg2G0hDgY_fk,"još da mi je tesla, top",Olumlu,1
93003,Remisens Hotel Palace-Bellevue,Tesla (Tesla-only charging),Hirvatistan,45.332199,14.302402,ChIJNX1TTnGoZEcRflzwQ9ZgggE,"Oprez! Wallbox ne radi sa svakim automobilom. Ostavio sam svoj Tesla Model 75D iz 2016. preko noći u hotelu. Iz tog sam razloga odabrao hotel, ali nažalost, wallbox je stalno prikazivao poruku o pogrešci.

Jučer je wallbox navodno napunio Audi.",Olumsuz,-1
92994,Public Garage Ilijina Glavica,Tesla (Tesla-only charging),Hirvatistan,42.645114,18.103151,ChIJCUSRPtN0TBMR45izm64bAMw,"Teslin punjač ne radi. Parkirni službenik je rekao da će to prijaviti Tesli, ali oni jednostavno neće popraviti. Punjenje u Dubrovniku je stvarno teško.",Olumsuz,-1
92994,Public Garage Ilijina Glavica,Tesla (Tesla-only charging),Hirvatistan,42.645114,18.103151,ChIJCUSRPtN0TBMR45izm64bAMw,Trebali smo napuniti našu Teslu na putu za Crnu Goru. Bilo je to prije godinu dana - 25. kolovoza 2024. Prekrasan gradić pa smo htjeli pogledati povijesni dio grada dok punimo. Ali ogromno razočaranje! Tesla Destination Charger nije radio. Osoblje nas je poticalo da koristimo sekundarni - plaćeni punjač. A onda bismo morali platiti parking! Mislim da je ovo namjerno. Ovo je potpuno neozbiljno i Tesla bi trebala naučiti o ovim nepoštenim praksama! Krenuli smo unutar ograničenja od 15 minuta kako ne bismo morali nepotrebno plaćati parking. Nemojte se ni voziti ovdje. Ne nude ništa za obične putnike kao dio usluga Tesla Destination Charger besplatno :( Zamka za vlasnike električnih vozila koji očajnički traže punjač na ovoj lokaciji :(((,Olumsuz,-1
92994,Public Garage Ilijina Glavica,Tesla (Tesla-only charging),Hirvatistan,42.645114,18.103151,ChIJCUSRPtN0TBMR45izm64bAMw,"Nismo mogli napuniti auto. Parkiralište je besplatno prvih 15 minuta, zatim se naplaćuje 7 € za prvi sat i 1 € za svaki sljedeći sat. Također se plaća dodatna naknada. Ako vaš automobil nije Tesla, u blizini postoje drugi punjači gdje ga možete napuniti. Također možete dobiti tehničku podršku od osoblja parkirališta; oni su uslužni. Naš auto se nije napunio, nismo mogli razumjeti problem i morali smo napustiti parkiralište. Ako prekoračite 15 minuta, dužni ste platiti naknadu od 7 €.",Olumsuz,-1
92994,Public Garage Ilijina Glavica,Tesla (Tesla-only charging),Hirvatistan,42.645114,18.103151,ChIJCUSRPtN0TBMR45izm64bAMw,"Teslin punjač ne radi. Međutim, u blizini se nalaze još dvije tvrtke.",Olumsuz,-1
92994,Public Garage Ilijina Glavica,Tesla (Tesla-only charging),Hirvatistan,42.645114,18.103151,ChIJCUSRPtN0TBMR45izm64bAMw,"Preskupo!

Prije svega, Teslin punjač se ne slaže s radom. Alternativne naplate su lude!
Pisala je neka cijena po satu, ali to očito nije bila cijena parkiranja. Bio sam tamo i nikad se ne vraćam 🤷‍♂️",Olumsuz,-1
92990,Remisens Hotel Giorgio Ii,Tesla (Tesla-only charging),Hirvatistan,45.317481,14.291063,ChIJGybWpwSoZEcRhAos9DKqfbo,"Nema struje, brodski klub naplaćuje 230 tisuća dolara za 3 sata. Previše za 22kW. Kakva šteta!",Olumsuz,-1
92990,Remisens Hotel Giorgio Ii,Tesla (Tesla-only charging),Hirvatistan,45.317481,14.291063,ChIJGybWpwSoZEcRhAos9DKqfbo,Nema napajanja na odredišnom punjaču i e-spots punjač nije prepoznat u aplikaciji.,Olumsuz,-1
92990,Remisens Hotel Giorgio Ii,Tesla (Tesla-only charging),Hirvatistan,45.317481,14.291063,ChIJGybWpwSoZEcRhAos9DKqfbo,"Lijeva nikad ne radi, desna s puno sreće.",Olumsuz,-1
92990,Remisens Hotel Giorgio Ii,Tesla (Tesla-only charging),Hirvatistan,45.317481,14.291063,ChIJGybWpwSoZEcRhAos9DKqfbo,Oba izvan redoslijeda. Uslijedio je Ballache.,Olumsuz,-1
92987,Remisens Hotel Ambasador,Tesla (Tesla-only charging),Hirvatistan,45.34012,14.311788,ChIJVUjlNX-oZEcRY77AoAY5KjM,U redu 100%,Olumlu,1
92987,Remisens Hotel Ambasador,Tesla (Tesla-only charging),Hirvatistan,45.34012,14.311788,ChIJVUjlNX-oZEcRY77AoAY5KjM,Vrhunski hotel,Olumlu,1
92320,Tui Blue Jadran,Tesla (Tesla-only charging),Hirvatistan,43.273486,17.045267,ChIJWaV4Ky7uShMRKEAJgpukUNM,"Punjači su pokvareni, ali kada rezervirate hotel, obećavaju da ih možete besplatno napuniti. Nakon dolaska u hotel, ispostavilo se da već neko vrijeme ne rade i da postoji mogućnost punjenja u drugom hotelu. Ali već tri dana čekam informacije o dostupnom punjaču i još uvijek ništa. Morao sam ići u Makarsku da se sam napunim. Da sam znao da punjač ne radi, planirao bih to ranije. Ali oni i dalje inzistiraju da je punjenje moguće. KATASTROFA!!!!!",Olumsuz,-1
92320,Tui Blue Jadran,Tesla (Tesla-only charging),Hirvatistan,43.273486,17.045267,ChIJWaV4Ky7uShMRKEAJgpukUNM,"Htjeli smo ovdje napuniti auto i rezervirati sobu preko noći, ali čim smo parkirali na punionici, osoblje hotela je potrčalo kao da smo pokušali ponijeti punionicu sa sobom i grubo nam reklo da tamo ne smijemo puniti. Ne znam zašto je to označeno na karti. Naša Tesla nas je tamo navigirala. Čak i nakon što sam rekao da nam je ostalo samo 8% baterije, nisu nam dopustili da se priključimo, iako su obje punionice bile besplatne. Pa, naravno, nismo rezervirali sobu.",Olumsuz,-1
92320,Tui Blue Jadran,Tesla (Tesla-only charging),Hirvatistan,43.273486,17.045267,ChIJWaV4Ky7uShMRKEAJgpukUNM,"Prema informacijama na recepciji hotela, oba punjača su pokvarena.",Olumsuz,-1
92249,Eco Aparthotel the Dreamers Club,Tesla (Tesla-only charging),Hirvatistan,42.924181,17.173011,ChIJ55nYTBVOShMRezHclVt_HKk,ECO hotel ili netko drugi je isključio struju u punjaču 20 minuta nakon što sam se uključio.,Olumsuz,-1
92249,Eco Aparthotel the Dreamers Club,Tesla (Tesla-only charging),Hirvatistan,42.924181,17.173011,ChIJ55nYTBVOShMRezHclVt_HKk,Slobodno dostupno.,Olumlu,1
91800,Sentido Bluesun Berulia,Tesla (Tesla-only charging),Hirvatistan,43.362709,16.939043,ChIJ_eJv_2brShMR1CDl19wm02A,"Nakon što sam dogovorio termin na recepciji, preko noći sam potpuno napunio svoju Teslu. Odlično.",Olumsuz,-1
91800,Sentido Bluesun Berulia,Tesla (Tesla-only charging),Hirvatistan,43.362709,16.939043,ChIJ_eJv_2brShMR1CDl19wm02A,Besplatno parkiranje za goste hotela (profesionalna i ljubazna usluga parkiranja)🙂👍,Olumlu,1
91800,Sentido Bluesun Berulia,Tesla (Tesla-only charging),Hirvatistan,43.362709,16.939043,ChIJ_eJv_2brShMR1CDl19wm02A,Izvrsna usluga! Samo nazovite unaprijed 👌🏼,Olumlu,1
91798,Bluesun Hotel Alan,Tesla (Tesla-only charging),Hirvatistan,44.287665,15.448845,ChIJEZy6za6TYUcRL8tlWFJakGI,Oba punjača izgledaju moderno i rade dobro. Punjači se nalaze na parkiralištu hotela Alan. Samo pitajte portira možete li ući ako su rampe zatvorene.,Olumlu,1
91798,Bluesun Hotel Alan,Tesla (Tesla-only charging),Hirvatistan,44.287665,15.448845,ChIJEZy6za6TYUcRL8tlWFJakGI,"Samo jedan punjač koji je smanjio snagu s 22 kW na 10 kW, a zatim je prestao raditi zbog pregrijavanja. Novi pokušaj, ponovno pregrijavanje na punjaču. Već su uklonili drugi punjač s lokacije.",Olumsuz,-1
91798,Bluesun Hotel Alan,Tesla (Tesla-only charging),Hirvatistan,44.287665,15.448845,ChIJEZy6za6TYUcRL8tlWFJakGI,Vrlo dobro iskustvo,Olumlu,1
91798,Bluesun Hotel Alan,Tesla (Tesla-only charging),Hirvatistan,44.287665,15.448845,ChIJEZy6za6TYUcRL8tlWFJakGI,Ova stanica za punjenje ne postoji.,Olumsuz,-1
91798,Bluesun Hotel Alan,Tesla (Tesla-only charging),Hirvatistan,44.287665,15.448845,ChIJEZy6za6TYUcRL8tlWFJakGI,Uopće ne radi,Olumsuz,-1
91183,Hotel Sol Sipar,Tesla (Tesla-only charging),Hirvatistan,45.442938,13.510625,ChIJi6imtAJ9e0cRne9JAG8ulA8,"Za goste hotela Sipar besplatan je.
Punjač je 11 kw.",Olumlu,1
91183,Hotel Sol Sipar,Tesla (Tesla-only charging),Hirvatistan,45.442938,13.510625,ChIJi6imtAJ9e0cRne9JAG8ulA8,"15 eura / ako niste gost hotela
Besplatno za goste. Lokacija je u garaži.",Olumsuz,-1
91183,Hotel Sol Sipar,Tesla (Tesla-only charging),Hirvatistan,45.442938,13.510625,ChIJi6imtAJ9e0cRne9JAG8ulA8,15 € po sesiji punjenja!,Olumsuz,-1
91041,Aci Marina Dubrovnik,Tesla (Tesla-only charging),Hirvatistan,42.670937,18.126023,ChIJhUCDY450TBMRFbv2JtYISbU,Nema dostupnih punjača! Ovaj unos jednostavno nema smisla i samo zavarava.,Olumsuz,-1
90987,Aci Marina Cres,Tesla (Tesla-only charging),Hirvatistan,44.949565,14.415852,ChIJk6sYKH4UY0cRucitV0Fxa8s,"Izvrsno (rijetko) mjesto za punjenje. 11kW besplatno, ukupno 3 stajališta. Parkiranje košta 2 €/sat od srpnja 2024. 10 minuta hoda vodi vas do centra grada. Izvrsna ponuda ako ste na odmoru u Cresu s električnim vozilom.
AŽURIRANJE 10/07/24: Sada plaćate i parkiranje i punjenje, 38 € po punjenju! U osnovi košta više od supercharger-a (više nego duplo) za moj model 3. Stoga je ovdje najbolje puniti samo ako je prijeko potrebno jer su cijene sada sulude.",Nötr,0
90987,Aci Marina Cres,Tesla (Tesla-only charging),Hirvatistan,44.949565,14.415852,ChIJk6sYKH4UY0cRucitV0Fxa8s,VRH! 3 x 11 KW besplatno; parking €1/h 👍; lijepa šetnja gradom i lukom,Olumlu,1
90987,Aci Marina Cres,Tesla (Tesla-only charging),Hirvatistan,44.949565,14.415852,ChIJk6sYKH4UY0cRucitV0Fxa8s,"Odlično mjesto za punjenje, besplatno punjenje od 11 kW, potrebno je platiti samo parkirne troškove u marini (1 €/sat). Proveli smo nekoliko sati u luci i kafiću po prekrasnom vremenu – toplo preporučujemo!",Olumlu,1
90987,Aci Marina Cres,Tesla (Tesla-only charging),Hirvatistan,44.949565,14.415852,ChIJk6sYKH4UY0cRucitV0Fxa8s,"3 mjesta, parking malo košta, punjenje je bilo besplatno. Odmah na ulazu na parking.",Olumsuz,-1
90987,Aci Marina Cres,Tesla (Tesla-only charging),Hirvatistan,44.949565,14.415852,ChIJk6sYKH4UY0cRucitV0Fxa8s,Iz Pordenonea u Cres s Modelom Y dugim bijesom. Stigao sam s baterijom na 53% od 100%. Punjač je 11 kW. Trošim 12 € za 6 sati parkiranja.,Olumlu,1
90439,Dioklecijan Hotel & Residence,Tesla (Tesla-only charging),Hirvatistan,43.509121,16.45764,ChIJT8gb2xteNRMRlDsDRFVbU4Y,"Punjači se nalaze u podzemnoj garaži hotela Dioclețian. Postoje 3 stanice tipa 2. Osoblje hotela je vrlo ljubazno. Kada napuštate stanicu, morate dobiti kartu na recepciji.",Nötr,0
90439,Dioklecijan Hotel & Residence,Tesla (Tesla-only charging),Hirvatistan,43.509121,16.45764,ChIJT8gb2xteNRMRlDsDRFVbU4Y,"Navodno je punjač otvoren za javnost, ali nalazi se unutar hotelskog parkirališta. Nisam dobio parkirnu kartu da bih mogao platiti i izaći, ali osoblje hotela nije imalo ništa protiv i dalo mi je izlaznu kartu bez naknade: Puna naplata i besplatno parkiranje preko noći! Nekoliko mjesta koristila su velika, loše parkirana neelektrična vozila: stvarno sam se morao ugurati…",Olumsuz,-1
90325,Vrgorac Supercharger,Tesla (including non-tesla),Hirvatistan,43.204105,17.373824,ChIJj3kcq1oDSxMRCZQ0YGmLoUc,"Apsolutna sramota što su postavili rampu pa je obavezno platiti ""parkirnu naknadu"" čak i ako ste ovdje samo da biste napunili.
Tesla treba istražiti - ovo NIJE normalno. Izbjegavajte ako možete!",Olumsuz,-1
90325,Vrgorac Supercharger,Tesla (including non-tesla),Hirvatistan,43.204105,17.373824,ChIJj3kcq1oDSxMRCZQ0YGmLoUc,"Ne preporučuje se. Naplaćuju 2 € za parkiranje.

I povrh svega, rampa vas udari strujom.

Hvala ni za što.",Olumsuz,-1
90325,Vrgorac Supercharger,Tesla (including non-tesla),Hirvatistan,43.204105,17.373824,ChIJj3kcq1oDSxMRCZQ0YGmLoUc,"Morate platiti 2 eura za izlazak iz zone za punjenje... a najgore od svega, treba vam kovanica od točno 2 eura.",Olumsuz,-1
90325,Vrgorac Supercharger,Tesla (including non-tesla),Hirvatistan,43.204105,17.373824,ChIJj3kcq1oDSxMRCZQ0YGmLoUc,Ovo je prvi put da smo morali platiti 1 euro za parkiranje kako bismo se napunili na superpunjaču. Mislim da to nije ispravno.,Olumsuz,-1
90325,Vrgorac Supercharger,Tesla (including non-tesla),Hirvatistan,43.204105,17.373824,ChIJj3kcq1oDSxMRCZQ0YGmLoUc,"U blizini kafića i WC-a, kafić dostupan 24 sata dnevno.",Olumlu,1
90181,Remisens Hotel Admiral,Tesla (Tesla-only charging),Hirvatistan,45.327594,14.300129,ChIJOWUgxySpZEcRy-59ODWDDJA,Postoji novi model Tesla i nitko mi nije rekao za njega!,Olumsuz,-1
90181,Remisens Hotel Admiral,Tesla (Tesla-only charging),Hirvatistan,45.327594,14.300129,ChIJOWUgxySpZEcRy-59ODWDDJA,Kolodvor više ne postoji - samo bijeli Audi.,Olumsuz,-1
90181,Remisens Hotel Admiral,Tesla (Tesla-only charging),Hirvatistan,45.327594,14.300129,ChIJOWUgxySpZEcRy-59ODWDDJA,"Izgleda kao mjesto koje često zauzimaju automobili koji nisu električni. Našao sam barem 5 punionica za električne automobile na Opatijskoj rivijeri! To je tako dobro za Hrvatsku, ali bit će budale ako to mjesto ne zauzmu automobili koji nisu električni!",Olumlu,1
90181,Remisens Hotel Admiral,Tesla (Tesla-only charging),Hirvatistan,45.327594,14.300129,ChIJOWUgxySpZEcRy-59ODWDDJA,Teslin punjač u luci,Olumsuz,-1
88806,Arbiana Hotel,Tesla (Tesla-only charging),Hirvatistan,44.754807,14.762446,ChIJoxVhJh2vY0cRgdtrOz3ufGk,"Nažalost, moram dati jednu zvjezdicu.

Nula zvjezdica nije opcija!

U blizini Lopara uopće nema Testa punionice!

A nema ni u Supatraški punionice.

Ne može biti da se moram dogovoriti s lučkim kapetanom prije nego što mogu puniti. Stanica je i dalje slobodno dostupna zbog rampe, a i zaključana je!

Jedna od navedenih stanica je samo za goste hotela!

Posljednja prilika: Turistička zajednica Raba, Stari Grad.

Da vidimo.

ZAKLJUČAK: Hrvatska, a posebno Rab, nije ""zemlja neograničenih mogućnosti (e-mobilnosti)!"" Živio napredak, živio motor s unutarnjim izgaranjem!",Olumsuz,-1
88341,Hotel Kvarner Palace,Tesla (Tesla-only charging),Hirvatistan,45.181918,14.684029,ChIJnX3GgIJ8Y0cRkXLGs1Z2SaE,"32A je bio isključen, ali 6A je radio sasvim dobro. Ne zato što je to samo jedan punjač od 32A.
Malo ga je teško pronaći. Morate se odvesti do stražnje strane kuće da biste ga pronašli.",Nötr,0
88341,Hotel Kvarner Palace,Tesla (Tesla-only charging),Hirvatistan,45.181918,14.684029,ChIJnX3GgIJ8Y0cRkXLGs1Z2SaE,Vlasnici hotela naplaćuju 25 €/sat za goste koji nisu gosti hotela. U centru grada možete besplatno naplaćivati ​​putem aplikacije Elen. 👌🏽,Olumlu,1
88341,Hotel Kvarner Palace,Tesla (Tesla-only charging),Hirvatistan,45.181918,14.684029,ChIJnX3GgIJ8Y0cRkXLGs1Z2SaE,Hotel Kvarna Palace ima 3-4 punjača i sam hotel je stvarno lijep!,Olumlu,1
87717,Bila Lucica,Tesla (Tesla-only charging),Hirvatistan,43.615252,15.922859,ChIJRdzNgFUiNRMRVhMYu01sQOk,"Lijepo mjesto za kratko opuštanje. Preporučujem da probate nešto s jelovnika u restoranu. Jeli smo tiramisu i kušali kućno vino za 1,8 € po čaši.",Olumlu,1
87717,Bila Lucica,Tesla (Tesla-only charging),Hirvatistan,43.615252,15.922859,ChIJRdzNgFUiNRMRVhMYu01sQOk,Nisu nam dopustili da punimo u jutarnjim satima. Strašno je koliko malo ljudskosti imaju.,Olumsuz,-1
87717,Bila Lucica,Tesla (Tesla-only charging),Hirvatistan,43.615252,15.922859,ChIJRdzNgFUiNRMRVhMYu01sQOk,Amazing restaurant and 2 chargers with nice owners.,Olumlu,1
84548,Marina Baotic,Tesla (Tesla-only charging),Hirvatistan,43.517714,16.231941,ChIJR_RdgxVqNRMR0NOIH8nGYzw,"Ovo je zapravo privatna punjača, punjača ogromne marine/jaht kluba, 3x16A, dakle punjenje 11 kW/h. Cijena je 66 centi/kWh, nisu tražili ništa drugo, niti za korištenje parkinga, niti je bilo osnovne naknade. Morali smo platiti polog od 100 eura, recepcionar nam je dao papir za to, dobili smo ga natrag, nije bilo problema. Osoba je bila ljubazna i uslužna, nedaleko od kluba je plaža, lijepo malo selo, bilo je to dobro iskustvo za nas, ali ne preporučujem nikome tko se žuri.",Olumsuz,-1
84548,Marina Baotic,Tesla (Tesla-only charging),Hirvatistan,43.517714,16.231941,ChIJR_RdgxVqNRMR0NOIH8nGYzw,"Bilo je sporo, ali to se zna već od prije. Čovjek tamo je isprva bio malo neljubazan, vjerojatno zato što sam ga pokušao sam uključiti. Morate prethodno ostaviti polog od 100 eura kod parkirališta, dati im broj registarske pločice i potpisati obrazac; zatim on uklanja crveno-bijelu plastičnu barijeru. Punjenje reklamiranom brzinom tada je funkcioniralo savršeno.",Olumsuz,-1
84548,Marina Baotic,Tesla (Tesla-only charging),Hirvatistan,43.517714,16.231941,ChIJR_RdgxVqNRMR0NOIH8nGYzw,"U marini prođite kroz rampu s lijeve strane. Taksi ili vodeni taksi odvest će vas do starog grada za 5 minuta. Savjet: Postoji prečac pješice kroz luku pored industrijske ruševine, oko 15 minuta. Parkiranje je ovdje besplatno, ali je potreban polog od 100 €.",Olumsuz,-1
84548,Marina Baotic,Tesla (Tesla-only charging),Hirvatistan,43.517714,16.231941,ChIJR_RdgxVqNRMR0NOIH8nGYzw,Savršeno mjesto susreta za ljubitelje Tesle. Ovdje se vlasnici Tesle mogu sastati i razgovarati dok se njihova vozila pune. Mnoga prijateljstva su se već ovdje razvila između dva entuzijasta :),Olumlu,1
84548,Marina Baotic,Tesla (Tesla-only charging),Hirvatistan,43.517714,16.231941,ChIJR_RdgxVqNRMR0NOIH8nGYzw,"Ovdje smo punili dva puta. Cijena je 66 centi po kWh. Parkiranje je besplatno. Oba puta je radilo savršeno.

A s mojim Modelom Y, naravno, punio se samo s 11 kW jer 22 kW nije moguće.",Olumsuz,-1
82314,Rixos Libertas Dubrovnik,Tesla (Tesla-only charging),Hirvatistan,42.645566,18.090182,ChIJHdk4pdQKTBMRZAr323gG4aw,"Punjači se ne koriste. Ne rade. Pokušao sam ih oba resetirati, ali ništa. Razgovarao sam s osobljem hotela i rekli su mi da su punjači pokvareni i da su kontaktirali Teslu, ali bezuspješno. Hotel naplaćuje 50 eura po punjenju.",Olumsuz,-1
82314,Rixos Libertas Dubrovnik,Tesla (Tesla-only charging),Hirvatistan,42.645566,18.090182,ChIJHdk4pdQKTBMRZAr323gG4aw,Ne razumijem loše recenzije. Ovo je fantastična punjačnica za odredište od 11 kW. Besplatno za goste hotela. Samo zamolite nosača prtljage da je otključa i dajte mu broj svoje sobe.,Olumlu,1
82314,Rixos Libertas Dubrovnik,Tesla (Tesla-only charging),Hirvatistan,42.645566,18.090182,ChIJHdk4pdQKTBMRZAr323gG4aw,U podrumu je hotela i naplaćuju 50 € po satu punjenja.,Olumlu,1
82314,Rixos Libertas Dubrovnik,Tesla (Tesla-only charging),Hirvatistan,42.645566,18.090182,ChIJHdk4pdQKTBMRZAr323gG4aw,Super stanica za punjenje,Olumlu,1
82119,Falkensteiner Hotel & Spa Iadera,Tesla (Tesla-only charging),Hirvatistan,44.193629,15.1523,ChIJk514RBb2YUcRXGcd_Ae4VgU,Ovdje nema Teslinog punjača!,Olumsuz,-1
82119,Falkensteiner Hotel & Spa Iadera,Tesla (Tesla-only charging),Hirvatistan,44.193629,15.1523,ChIJk514RBb2YUcRXGcd_Ae4VgU,Ovdje nema Teslinog punjača za odredište,Nötr,0
82119,Falkensteiner Hotel & Spa Iadera,Tesla (Tesla-only charging),Hirvatistan,44.193629,15.1523,ChIJk514RBb2YUcRXGcd_Ae4VgU,Punjač 22kW iz hotela.,Olumsuz,-1
82119,Falkensteiner Hotel & Spa Iadera,Tesla (Tesla-only charging),Hirvatistan,44.193629,15.1523,ChIJk514RBb2YUcRXGcd_Ae4VgU,Teslin punjač za odredište više nije dostupan,Olumsuz,-1
82024,Design Hotel Navis,Tesla (Tesla-only charging),Hirvatistan,45.355518,14.326323,ChIJDTFVkiamZEcRDMNQZHag1yw,"Tesla, molimo vas da obavijestite ovaj hotel da ne dopuštaju punjenje Teslinih automobila čak ni ako ste zaglavljeni. Neće pomoći vrlo nepristojnim ljudima i neljubaznom osoblju.",Olumsuz,-1
82024,Design Hotel Navis,Tesla (Tesla-only charging),Hirvatistan,45.355518,14.326323,ChIJDTFVkiamZEcRDMNQZHag1yw,"Nije za Teslin kompresor, nalazi se u blizini hotela.",Olumsuz,-1
82024,Design Hotel Navis,Tesla (Tesla-only charging),Hirvatistan,45.355518,14.326323,ChIJDTFVkiamZEcRDMNQZHag1yw,Bilo je vrlo dobro,Olumlu,1
81786,Hotel Bellevue,Tesla (Tesla-only charging),Hirvatistan,44.532405,14.455644,ChIJp7tMiNT5YkcRcW8AHPen7VM,"Punjačnica se nalazi u sklopu hotela Bellevue. Rampe su bile otvorene, tako da smo mogli doći direktno do stanice bez prolaska kroz recepciju. Stanica radi i s vozilima koja nisu Porsche 😉. Odmah pored nje nalaze se tri Tesla punionice.",Olumlu,1
79290,Hotel Boskinac,Tesla (Tesla-only charging),Hirvatistan,44.572198,14.900164,ChIJa0yj7ERKYkcRA21rsz7G7hQ,"Ovo nije namjenska Tesla stanica za punjenje.

Za korisnike hotela postoje samo visokonaponske utičnice! Ovdje se zlorabi naziv ""Tesla destinacija"".",Olumsuz,-1
78702,Hotel Split,Tesla (Tesla-only charging),Hirvatistan,43.498051,16.53613,ChIJubGKdAegShMR18uLft2O8ew,"69 km/hr, charger at the Split Hotel parking.",Olumlu,1
75359,Hotel Monte Mulini,Tesla (Tesla-only charging),Hirvatistan,45.07241,13.636564,ChIJlahrupHAfEcRXD3Mb6wxjT8,"Htio sam napuniti svoju Teslu ovdje, ali na recepciji su mi rekli da je to isključivo za goste hotela. Čak i nakon što sam na recepciji rekao da sam spreman platiti parking dok ga naplaćujem, odgovor je i dalje bio ne. Pitam se zašto je to uopće na karti. Također, 2. Tesla odredišni punjač u Rovijnu pripada hotelu tako da se također ne može koristiti.",Olumsuz,-1
75359,Hotel Monte Mulini,Tesla (Tesla-only charging),Hirvatistan,45.07241,13.636564,ChIJlahrupHAfEcRXD3Mb6wxjT8,Zanimljiv,Olumlu,1
74361,Kempinski Hotel Adriatic,Tesla (Tesla-only charging),Hirvatistan,45.497657,13.528364,ChIJR9tu73R7e0cRKgJB3cuRx0U,"Punjač je u garaži. 30 eura/korištenje
18/20kw",Olumsuz,-1
74361,Kempinski Hotel Adriatic,Tesla (Tesla-only charging),Hirvatistan,45.497657,13.528364,ChIJR9tu73R7e0cRKgJB3cuRx0U,Sve je prošlo glatko i uz to je bio i dobar restoran.,Olumlu,1
