OCM_ID,Istasyon_Adi,Operator,Ulke,Enlem,Boylam,Google_Place_ID,Yorum_Metni,Tutum_Etiketi,Tutum_Skoru
103175,Fultonstraße vor 31/4,TANKE Wien Energie,Avusturya,48.25301228195645,16.413620317520554,ChIJlRTVMF4HbUcRa6qp47d2JC8,Ladestationen sind jetzt auf der Straße verfügbar!,Olumlu,1
313238,Tesla Supercharger Pasching - PlusCity,Tesla (including non-tesla),Avusturya,48.24495,14.234207,ChIJdwdgyJqWc0cR7FWLxZ3q7js,"Ist fast immer ruhig, funktioniert alles einwandfrei,  sauber, in der Nähe Getränkeautomaten mit Getränken und Kaffee usw.",Olumlu,1
313238,Tesla Supercharger Pasching - PlusCity,Tesla (including non-tesla),Avusturya,48.24495,14.234207,ChIJdwdgyJqWc0cR7FWLxZ3q7js,"Leider nur 6 Plätze, oft belegt",Nötr,0
313238,Tesla Supercharger Pasching - PlusCity,Tesla (including non-tesla),Avusturya,48.24495,14.234207,ChIJdwdgyJqWc0cR7FWLxZ3q7js,"Einfach ein Traum zum Laden, schnell und immer was frei",Olumlu,1
313238,Tesla Supercharger Pasching - PlusCity,Tesla (including non-tesla),Avusturya,48.24495,14.234207,ChIJdwdgyJqWc0cR7FWLxZ3q7js,"Die Lage ist zum Laden während des Einkaufs sehr praktisch. Allerdings gibt es nur sechs Ladestationen, daher vergebe ich vorerst drei Sterne.

Es gibt viele andere Supercharger in weniger frequentierten Einkaufszentren mit deutlich mehr Ladestationen. Daher ist es schwer nachzuvollziehen, warum diese relativ neue Anlage nur sechs Ladestationen bietet.

Wenn Sie während der Stoßzeiten vorbeischauen, müssen Sie mit Wartezeiten rechnen, bis ein Ladeplatz frei wird.",Nötr,0
88568,Hotel Alte Schmiede,Tesla (Tesla-only charging),Avusturya,47.327746,11.187788,ChIJe-VO9BwRnUcR9Katx3-cvUY,Sehr schlecht! Ladesäule war defekt und wir mussten nur für das reinfahren 3€ bezahlen!!!!! Was soll den das?! Wir waren nicht einmal 1 Minute auf dem Parkplatz....,Olumsuz,-1
88568,Hotel Alte Schmiede,Tesla (Tesla-only charging),Avusturya,47.327746,11.187788,ChIJe-VO9BwRnUcR9Katx3-cvUY,"Genau so er ging es mir,Ladestation def. , 3 Euro Gebühr, für nicht einmal eine Minute aufenthalt!!",Olumlu,1
266421,Rankweil Supercharger,Tesla (including non-tesla),Avusturya,47.27279023132334,9.617596381745445,ChIJ19BIPPg5m0cRWhaiOIn9CNo,"Neue V4 Lader TOP! Einkaufen, Kaffee, Kebab, McDonalds usw. gleich nebenan.",Olumlu,1
266421,Rankweil Supercharger,Tesla (including non-tesla),Avusturya,47.27279023132334,9.617596381745445,ChIJ19BIPPg5m0cRWhaiOIn9CNo,"Google versucht,  einen über den Parkplatz des Supermarkts zu führen.  Dort ist die Durchfahrt derzeit gesperrt. Zufahrt über die Straße ""Auf der Maut"".

Einkaufszentrum und Fast Food für den Kaffee während der Ladezeit liegen direkt nebenan.",Olumlu,1
266421,Rankweil Supercharger,Tesla (including non-tesla),Avusturya,47.27279023132334,9.617596381745445,ChIJ19BIPPg5m0cRWhaiOIn9CNo,"Gute Lage, gute Ladeleistung trotz kalter Batterie. Fast zu krasse Beleuchtung 😎 Snackbox ok.",Olumlu,1
266421,Rankweil Supercharger,Tesla (including non-tesla),Avusturya,47.27279023132334,9.617596381745445,ChIJ19BIPPg5m0cRWhaiOIn9CNo,"Einwandfreie Ladestation und auch die Navigation hat korrekt über „An der Maut“ zum Charger geleitet.

McDonald’s fussläufig erreichbar, wenn auch nicht der Beste",Olumlu,1
266421,Rankweil Supercharger,Tesla (including non-tesla),Avusturya,47.27279023132334,9.617596381745445,ChIJ19BIPPg5m0cRWhaiOIn9CNo,"Alles super... McD/Toilette direkt ums Eck...
Zufahrt derzeit nicht über Parkplatz des Einkaufzentrums... Google Maps Navigiert hier falsch...
Die vorhandenen Mülleimer sind voll...",Olumlu,1
162098,Gemeinde Walchsee,Be Energised (has-to-be),Avusturya,47.65376376957914,12.316763546013249,ChIJVVUFwEpHdkcRhYaSojwY-aQ,Mit smartrics karte pro kwh 1.80 euro!!!!!,Olumlu,1
75556,Wipark Garage Palais Hansen,TANKE Wien Energie,Avusturya,48.2164825,16.3690397,ChIJqepJSXYHbUcRK1HUfhowt_U,"Laden mit CCS nicht möglich mit Kreditkarten Payment. Supportnummer verweist auf andere Telefonnummer, Mitarbeiter am Telefon sagt dann, dass sie nicht zuständig sind. Keine Fehlermeldung sichtbar - man muss alle Schritte durchlaufen. Das Parken kostet dann 4,50 EUR.",Olumsuz,-1
75556,Wipark Garage Palais Hansen,TANKE Wien Energie,Avusturya,48.2164825,16.3690397,ChIJqepJSXYHbUcRK1HUfhowt_U,"Abgesehen davon, dass es die teuerste Ladestation in Europa war, gab es keine Probleme. Ich zahlte 90 € für 70 kW Leistung. Hinzu kamen 15 € Parkgebühren. Die Ladezeit betrug insgesamt etwa anderthalb Stunden.",Olumlu,1
75556,Wipark Garage Palais Hansen,TANKE Wien Energie,Avusturya,48.2164825,16.3690397,ChIJqepJSXYHbUcRK1HUfhowt_U,"Nur 3,7 kW Laden möglich; 3,28 Stunden geladen, 11,2 kW gesamt. Preis 20,80 €. Daher Diebstahl.",Olumsuz,-1
105047,Schnellladestation Genol Wilfersdorf,SMATRICS Netz,Avusturya,48.564032,16.636891,ChIJ_S1_TwYkbUcRTCA0jfTF-YM,"Standort super, Leistung zu gering mit 40-50kw/h —> besser wären 150-300kw/h",Nötr,0
105047,Schnellladestation Genol Wilfersdorf,SMATRICS Netz,Avusturya,48.564032,16.636891,ChIJ_S1_TwYkbUcRTCA0jfTF-YM,40 kW,Olumlu,1
114327,Ladestation Aura,SMATRICS Netz,Avusturya,47.929392,16.16637,ChIJY3iTrQe3bUcR8bsCmREIhyg,"Nicht die billigste, aber sehr zuverlässig!",Olumlu,1
114327,Ladestation Aura,SMATRICS Netz,Avusturya,47.929392,16.16637,ChIJY3iTrQe3bUcR8bsCmREIhyg,"Viel zu teuer!
Stationen gammeln die meiste Zeit vor sich hin, Kunden sieht man nur selten.
So funktioniert Verkehrswende NICHT!",Olumsuz,-1
114327,Ladestation Aura,SMATRICS Netz,Avusturya,47.929392,16.16637,ChIJY3iTrQe3bUcR8bsCmREIhyg,Lade Leistung 91 DC,Olumlu,1
93991,Baby & Kinderhotel Laurentius,Tesla (Tesla-only charging),Avusturya,47.054367,10.611416,ChIJexVDeeDRnEcRDKvxcX08F_o,Gibt es nichtmehr!,Olumsuz,-1
93991,Baby & Kinderhotel Laurentius,Tesla (Tesla-only charging),Avusturya,47.054367,10.611416,ChIJexVDeeDRnEcRDKvxcX08F_o,"Diese Ladestationen stehen nur Hotelgästen privat zur Verfügung. Daher ist es unpraktisch, sie auf einer Karte als Ladestationen zu markieren, da man nicht einfach hingehen und laden kann.",Nötr,0
162191,Landeskrankenhaus Bregenz,Vlotte,Avusturya,47.49759764188752,9.745662058553648,ChIJMZB2jr8Sm0cR3KYG-6CoIok,"Dort gelanden mit einigen Schwierigkeiten.

Waren in Österreich auf der auf der Durchreise.

Wollte Laden und nur eine der viele Ladesäulen hat überhaupt ein Kreditkarten Terminal. Paar haben gar keins,  und paar sehen so aus aber es funktioniert nicht.
3 mal umgeparkt bis ich dann eine Säule mit Kreditkartenleser gefunden habe.

Und dann, 69 Cent die kWh, das ist echt heftig

In den Toilettenraum und zu den Snackautomaten kommt man auch nur per App.
Ein Glück war jemand da und hat uns die Tür geöffnet.

Ich würde bessere Preise machen dann kommen auch mehr Leute..",Olumsuz,-1
162191,Landeskrankenhaus Bregenz,Vlotte,Avusturya,47.49759764188752,9.745662058553648,ChIJMZB2jr8Sm0cR3KYG-6CoIok,"Schöner Ladepark mit Lounge.  Für die Lounge ist ein Zugang (Pin bei Tesla/ App sonst Ladekarte) erforderlich.
Am 06.12.2024 waren einige Ladepunkte temporär nicht verfügbar (Ghost charging).",Olumlu,1
162191,Landeskrankenhaus Bregenz,Vlotte,Avusturya,47.49759764188752,9.745662058553648,ChIJMZB2jr8Sm0cR3KYG-6CoIok,Tesla Supercharger Station mit 20 Ladesäulen und Lounge mit Toilette und Wartebereich mit Getränke bzw. Snackautomaten.,Olumlu,1
162191,Landeskrankenhaus Bregenz,Vlotte,Avusturya,47.49759764188752,9.745662058553648,ChIJMZB2jr8Sm0cR3KYG-6CoIok,Super Ladestation mit Toilette und Shop. Wenn die Ladesäulen jetzt noch überdacht wären *****,Olumlu,1
162191,Landeskrankenhaus Bregenz,Vlotte,Avusturya,47.49759764188752,9.745662058553648,ChIJMZB2jr8Sm0cR3KYG-6CoIok,"Zuverlässige Ladestation mit zahlreichen Ladepunkten für AC und DC. Es können alle Intercharge-kompatiblen Apps und RFID-Karten genutzt werden. Direktzahlung mit PayPal oder Kreditkarte ist auch möglich.

Erwähenswert ist die exklusive E-Mobility-Lounge, die man mit einer RFID-Ladekarte betreten kann. Dort gibt es saubere Toiletten sowie einen Kaffeautomaten und Süßigkeitenautomat.

Die Automaten haben kontaktlose RFID-Leser, so dass man bequem per Handy oder SmartWatch mit GooglePay oder ApplePay zahlen kann. Wenn es unbedingt sein muss, kann man auch mit Plastikkarte oder diesen runden Metallplättchen zahlen.",Olumlu,1
77286,Raststation Mondsee,SMATRICS Netz,Avusturya,47.8365633159187,13.3949856895492,ChIJl_akt8uldkcRVQKPQL91Gjg,"Schneehaufen verstellt Zugang zur Ladesäule, sehr rutschig!
Nur 50 kW (und 22 kW) max., hat aber nur 37,8 kW erreicht obwohl Batterie die richtige Temperatur hatte und mein Auto alleine dort war.",Olumsuz,-1
77286,Raststation Mondsee,SMATRICS Netz,Avusturya,47.8365633159187,13.3949856895492,ChIJl_akt8uldkcRVQKPQL91Gjg,"Ladestation funktioniert gut. CCS ladet wirklich mit fast 50 kW.
Raststation-Cafe (Viva) und Raststation-Restaurant gleich daneben für die Wartezeit.
Die Chademo Lader sind noch etwa 30 Meter weiter dahinter Richtung Ausfahrt.",Olumlu,1
77286,Raststation Mondsee,SMATRICS Netz,Avusturya,47.8365633159187,13.3949856895492,ChIJl_akt8uldkcRVQKPQL91Gjg,Ladestation sowie die Schneeräumung funktionieren. Herrliche Aussicht. Schutz findet man in der OMV bzw. Landzeit,Olumlu,1
77286,Raststation Mondsee,SMATRICS Netz,Avusturya,47.8365633159187,13.3949856895492,ChIJl_akt8uldkcRVQKPQL91Gjg,"Achtung beim Typ 2 Laden (22 kw) bleibt das Kabel häufig in der Ladestation stecken und lässt sich ohne Kundendienst nicht mehr lösen.
Die Ladeleistung schwankt auch ohne Grund von 22 kw auf 11 kw. Der QR Code am rechten Anschluss fehlt auch. Sobald die Probleme beseitigt worden sind werde ich die schlechte Bewertung löschen.",Olumsuz,-1
77286,Raststation Mondsee,SMATRICS Netz,Avusturya,47.8365633159187,13.3949856895492,ChIJl_akt8uldkcRVQKPQL91Gjg,"Tut was er tun soll, nämlich mit 50kW laden. Mit 50kW Ladeleistung passt der Lader ganz gut, wenn man nicht in Eile ist und vielleicht ins Restaurant zum Essen geht und daher eh länger brauchen wird.",Olumlu,1
175226,Raststation Steinhäusl,SMATRICS Netz,Avusturya,48.15794564497676,15.941816430521158,ChIJdZ9To-ObbUcR7ul_HJZO4l4,"50kW Max. Ladeleistung sind natürlich ein Witz.
Jedoch hat mir die Ladesäule den Tag gerettet, da der Ladevorgang bei der Ionity sofort abgebrochen ist.
So konnte ich wenigstens genug laden um bis nach St. Pölten zur nächsten Smatrics beim Brauhaus zu kommen.",Nötr,0
175226,Raststation Steinhäusl,SMATRICS Netz,Avusturya,48.15794564497676,15.941816430521158,ChIJdZ9To-ObbUcR7ul_HJZO4l4,"Ein älterer Triple Charger. Chademo Ladevorgang muss das eine oder andere Mal neu gestartet werden aber in Summe klappt es. Ich möchte smatrics / EnBW danken, dass Sie zumindest eine minimale Versorgung mit CHADEMO Anschlüssen aufrecht erhalten, während die Mehrzahl der Anbieter uns schon vergessen hat.",Nötr,0
175226,Raststation Steinhäusl,SMATRICS Netz,Avusturya,48.15794564497676,15.941816430521158,ChIJdZ9To-ObbUcR7ul_HJZO4l4,"Super, danke! Is ja schneller gangen als i dacht hab – ruckzuck, zack fertig 😄 So mag i des! Echt top, bin positiv überrascht. Haha!",Olumlu,1
175226,Raststation Steinhäusl,SMATRICS Netz,Avusturya,48.15794564497676,15.941816430521158,ChIJdZ9To-ObbUcR7ul_HJZO4l4,"Wie üblich komplizierte Anmeldung. Dafür langsames laden.
Als Draufgabe kostet der Cappuccino bei der Landzeit 6,75 € und schmeckt wie Abwasser.",Nötr,0
175226,Raststation Steinhäusl,SMATRICS Netz,Avusturya,48.15794564497676,15.941816430521158,ChIJdZ9To-ObbUcR7ul_HJZO4l4,SMATRICS… fühlt sich immer an wie der kleine Bruder der IONITYS. Klappt aber in der Regel.,Olumlu,1
313243,Tesla Supercharger St. Lorenzen im Mürztal,Tesla (including non-tesla),Avusturya,47.468973,15.34504,ChIJi9zgUukbbkcRl96lBrt-QpQ,"Am 22.08.2025 nur 26kW Ladeleistung. Zum Glück befanden sich 125kW Ladesäulen innerhalb von 10 Fahrminuten. Jedoch ist das besonders mit den Zeittarifen direkt mit Kosten für den Kunden verbunden, somit eig. ein No-Go.
Deshalb auch die schlechteste Bewertung.",Olumsuz,-1
313243,Tesla Supercharger St. Lorenzen im Mürztal,Tesla (including non-tesla),Avusturya,47.468973,15.34504,ChIJi9zgUukbbkcRl96lBrt-QpQ,"1 Säule war offenbar defekt, da nur 26kw Leistung, aber eine andere lieferte den vollen Saft also 4/5",Olumsuz,-1
313243,Tesla Supercharger St. Lorenzen im Mürztal,Tesla (including non-tesla),Avusturya,47.468973,15.34504,ChIJi9zgUukbbkcRl96lBrt-QpQ,"ausserhalb der Geschäftsöffnungszeiten des Einkaufzentrums nicht empfehlenswert:
Nichts hat offen (no-na) ... aber die Toiletten sind auch zugesperrt.
Also nur hard core laden. Nicht schön.",Olumsuz,-1
313243,Tesla Supercharger St. Lorenzen im Mürztal,Tesla (including non-tesla),Avusturya,47.468973,15.34504,ChIJi9zgUukbbkcRl96lBrt-QpQ,Sonntags leider keine offene Toilette,Olumsuz,-1
313243,Tesla Supercharger St. Lorenzen im Mürztal,Tesla (including non-tesla),Avusturya,47.468973,15.34504,ChIJi9zgUukbbkcRl96lBrt-QpQ,"Sehr gute Lage! 250-kWh-V3-Ladestationen, Einkaufszentrum und Dönerladen direkt nebenan. WC ist ebenfalls vorhanden. Ich ziehe diesen Standort Kapfenberg vor!",Olumlu,1
266931,Steiner-Bau,Be Energised (has-to-be),Avusturya,47.12004659575129,15.372268263515023,ChIJxYxddAI0bkcRJGcACSRoc5I,Leider nur 92 Kilowatt maximal bekommen obwohl 150 Kilowatt beworben werden das ist doch deutlich zu wenig positiv kann man erwähnen es gibt nebenbei einen geheizten Raum mit einem Kaffee und Getränkeautomaten sowie ein Dixi Klo vor Ort die Preise mit der ladekarte scheinen in Ordnung zu sein,Olumsuz,-1
266931,Steiner-Bau,Be Energised (has-to-be),Avusturya,47.12004659575129,15.372268263515023,ChIJxYxddAI0bkcRJGcACSRoc5I,"Ladeleistung 64kW
Mit vortemperiertem Akku mit 18% Akkustand angekommen an der Säule. Dennoch nur max. 70kW möglich... War das einzige Auto an der Säule. So geht Elektromobilität NICHT.

PS: wenn jetzt jemand sagt: dann liegt es am Auto -> nein. Denn bei einer Fahrt 2 Tage vorher wurde in der Nähe bei fast identen Bedingungen stabile 125kW erzielt (Säule eines anderen Anbieters).",Olumsuz,-1
266931,Steiner-Bau,Be Energised (has-to-be),Avusturya,47.12004659575129,15.372268263515023,ChIJxYxddAI0bkcRJGcACSRoc5I,"Top HPC (max 150 kW) Ladestation nahe zur A9 Auf-/Abfahrt bei Gratkorn. Sitzmöglichkeiten draußen und drinnen. Aufenthaltsraum mit Tisch, TV und Getränke-Automaten. 👍",Olumlu,1
266931,Steiner-Bau,Be Energised (has-to-be),Avusturya,47.12004659575129,15.372268263515023,ChIJxYxddAI0bkcRJGcACSRoc5I,"So geht Ladestation. Richtig schön. Mit allem vor Ort was es braucht...

Jetzt noch eine Toilette für die Zeit außerhalb der Öffnungszeit der Firma und es wäre perfekt",Olumlu,1
266931,Steiner-Bau,Be Energised (has-to-be),Avusturya,47.12004659575129,15.372268263515023,ChIJxYxddAI0bkcRJGcACSRoc5I,"Schon mehrfach an dieser Ladesäule geladen. Immer sofort einen freien Platz bekommen und jedes Mal direkt mit 150 kW geladen. Der kleine Pausenraum ist super, es gibt Erfrischungsmöglichkeiten und alles ist sauber und gepflegt. Klare Empfehlung für einen Zwischenstopp.",Olumlu,1
77725,Schnellladestation Penny,SMATRICS Netz,Avusturya,47.900232,14.125937,ChIJVZFS0J3gc0cRlSG4GAQyWps,Leicht zu Finden. 48kw bei 50kw geladen. Top.,Olumlu,1
162155,Sportplatz Matrei,da emobil,Avusturya,47.13107989859509,11.452085543461637,ChIJQ0Mdf8pcnUcRKLxLx6DlHFM,"Ladepunkt ist in einen gebührenpflichtigen Parkhaus und es ist unklar, ob man auch während des Ladens zusätzlich noch Parkgebühren bezahlen muss. So etwas sollte in den Ladepreisen klar und deutlich kommuniziert werden. Wäre schlicht fair.",Olumlu,1
64784,Tesla Supercharger Lermoos,Tesla (including non-tesla),Avusturya,47.39486577953602,10.8875244385857,ChIJ0_RxZyjjnEcRTn-KM-9inWs,Hier sind wir an der Ladestation beim Hotel Hingefahren da wo dich das GPS hin bringt wie du feststellst hast du auch die Bilder mit drauf von der oberen Ladestation mit wesentlich mehr Platzvolumen wo du besser wenden kannst. Sollte es unten zu sein kannst du auch nach oben fahren die Schilder Sind Verdammt blöd zu finden wenn du von der italienischen Seite kommst.  ski lift da musst du hochfahren und dann einmal komplett um den Häusern drum rum. Die am Hotel haben nur 4 und sind Recht Larm und veraltert.  Bilder sieht ihr auch die Lade Station am Hotel wo sich nur die vier Lade Station befinden sollte euch das dann zu eng sein mit euer Fahrzeug nimmt die oberen da habt ihr wesentlich mehr Wende Möglichkeit. Allerdings hier ist es auch so das sie die Station falschrum eingebaut haben weil hier kannst du nicht richtig vernünftig an den Station ran fahren allerdings Platz hast du da oben genug.,Nötr,0
64784,Tesla Supercharger Lermoos,Tesla (including non-tesla),Avusturya,47.39486577953602,10.8875244385857,ChIJ0_RxZyjjnEcRTn-KM-9inWs,"Ein kleiner aber sehr feiner Supercharger. Ich war jetzt schon mehrfach dort und habe immer einen freien Platz gefunden. Besonders beeindruckend ist das gegeüberliegende Hotel Mohr. Dort darf man ausdrücklick die kostenlosen Toiletten nutzen. Und natürlich kann man auch beim Laden etwas trinken und/oder essen. Das Panorama ist traumhaft. Ich mag den Supercharger aufgrund der guten Lage und dem Hotel Mohr und empfehle ihn gerne weiter,",Olumlu,1
64784,Tesla Supercharger Lermoos,Tesla (including non-tesla),Avusturya,47.39486577953602,10.8875244385857,ChIJ0_RxZyjjnEcRTn-KM-9inWs,"Gut gelegene (Fernpass Bundesstraße) in wirklich pittoresker Umgebung! Zahlreiche Hotels, Restaurants und Bars in unmittelbarer Umgebung. Der Supercharger Ist geteilt in je 4 Stalls, die oberen 4 Stalls sind am Parkplatz der Seilbahn Hochmoos Express bzw Pension Garni Hochmoos.",Olumlu,1
64784,Tesla Supercharger Lermoos,Tesla (including non-tesla),Avusturya,47.39486577953602,10.8875244385857,ChIJ0_RxZyjjnEcRTn-KM-9inWs,Sehr schöner Ort um entspannt Pause zu machen. Das Hotel Mohr direkt bei der Ladestation bietet Kaffee und auch kleine Speisen an. Zudem tollen Ausblick. Die Tesla Station klappt wie immer problemlos. Wird sicher min Stammplatz.,Olumlu,1
64784,Tesla Supercharger Lermoos,Tesla (including non-tesla),Avusturya,47.39486577953602,10.8875244385857,ChIJ0_RxZyjjnEcRTn-KM-9inWs,Das Hotel hat eigene Supercharger nur für Gäste. Hinter dem Hotel sind noch sechs Plätze für alle anderen...,Olumsuz,-1
31693,Laaer-Berg-Straße 66,Essent (NL),Avusturya,48.165903,16.388721,ChIJzzDMkFAHbUcR6O_09XZZu0g,"Laden ist okay, akzeptiert enbw+ Karte, und Kreditkarten, Bedienung über Bildschirm, lädt meinen MG5 mit knapp 69kW.
Leider Parkgebühr von 3,30/Std (Oscar 2.90), daher 2 Punkte Abzug.",Nötr,0
31693,Laaer-Berg-Straße 66,Essent (NL),Avusturya,48.165903,16.388721,ChIJzzDMkFAHbUcR6O_09XZZu0g,"Ob da jemand wirklich will, dass man die Stationen nutzt, ist fraglich. Man kann den Parkplatz nur befahren, wenn ein ""normaler"" Parkplatz frei ist, ansonsten wird beim Schranken ""Besetzt"" angezeigt. Trotz zweier freier Stellplätze mit Schnellladern darf man dort nicht hin. Nach Stunden konnten wir den Lader dann gnädiger weise nutzen, jedoch war es nicht möglich einen Beleg zu erhalten. Das Wien Energie Kontaktformular - wenn man es endlich gefunden hat - hat sich nach dem Erstbefüllen und hochladen der Fotos dann auch noch geleert und es musste ein 2. Mal befüllt werden. ""Hoch leben die glücklichen Verbrennerfahrer"", die mit einer Volltankung maximal 10 Minuten für 1000km Reichweite vergeuden.
Wien Energie Hotline: Wartezeit 13 Minuten ohne Antwort ""Service ist uns wichtig :-D""",Olumsuz,-1
31693,Laaer-Berg-Straße 66,Essent (NL),Avusturya,48.165903,16.388721,ChIJzzDMkFAHbUcR6O_09XZZu0g,"Leider nur die 5 polige es gibt 2 Anschlüsse und die haben beide Typ 2
Bin verärgert wieder weiter",Olumsuz,-1
31693,Laaer-Berg-Straße 66,Essent (NL),Avusturya,48.165903,16.388721,ChIJzzDMkFAHbUcR6O_09XZZu0g,Man muss,Olumlu,1
31693,Laaer-Berg-Straße 66,Essent (NL),Avusturya,48.165903,16.388721,ChIJzzDMkFAHbUcR6O_09XZZu0g,"Das Laden ist sehr gut und schnell, da es sich um eine 50-kW-Ladestation handelt. Sie können einen Skoda ENYAQ in 40 Minuten vollständig aufladen (wenn andere das Auto rechtzeitig für andere Benutzer aufladen, insbesondere bei WienMobile). Beachten Sie jedoch, dass Sie 3 EUR pro Stunde für das Parken an der Station (Parkplatz) bezahlen müssen, was SEHR ENTTÄUSCHEND ist.",Nötr,0
70577,"Schnellladestation BILLA, 3400 Klosterneuburg",SMATRICS Netz,Avusturya,48.2979231228426,16.3340681791306,ChIJwbaq0xcPbUcRvhTDB00vByA,"Leider nur 1 CCS Ladepunkt und dieser gibt meist nur um die 40kW, heute funktionierte er Mal sicherheitshalber gar nicht, dafür war er frei.",Olumsuz,-1
70577,"Schnellladestation BILLA, 3400 Klosterneuburg",SMATRICS Netz,Avusturya,48.2979231228426,16.3340681791306,ChIJwbaq0xcPbUcRvhTDB00vByA,War super,Olumlu,1
70577,"Schnellladestation BILLA, 3400 Klosterneuburg",SMATRICS Netz,Avusturya,48.2979231228426,16.3340681791306,ChIJwbaq0xcPbUcRvhTDB00vByA,"It’s not allowed to use the charger outside of the opening hours of the Billa store.  I wanted to charge yesterday, Easter Monday, but this was prohibited, even if the charger is online and accessible.",Olumsuz,-1
149897,Wirtschaftspark West,Ionity,Avusturya,47.37403162775473,16.093668833685797,ChIJ_dQe5TeJbkcRgjyxZklPdn8,"Die Einfahrt ist nicht ganz übersichtlich gestaltet und der Platz wird relativ eng, wenn alles voll ist.

Volle Leistung wie bei Ionity üblich.",Olumlu,1
149897,Wirtschaftspark West,Ionity,Avusturya,47.37403162775473,16.093668833685797,ChIJ_dQe5TeJbkcRgjyxZklPdn8,"Bei Ladestation 2 ist RFID Kartenleser schon längere Zeit Out of Order.
Ladeleistung 150kw (BYD Seal)
Nebenan entstehen gerade mehrere neue Ladestationen",Olumlu,1
149897,Wirtschaftspark West,Ionity,Avusturya,47.37403162775473,16.093668833685797,ChIJ_dQe5TeJbkcRgjyxZklPdn8,Derzeit 6 Ladesäulen fertig. Meist wenig los und immer ein Platz frei.,Olumlu,1
149897,Wirtschaftspark West,Ionity,Avusturya,47.37403162775473,16.093668833685797,ChIJ_dQe5TeJbkcRgjyxZklPdn8,"Ionity ist und bleibt der supercharger für nicht Teslas!!! 😊 TOP 🔝!

Danke für diesen sehr tollen Standort.
Und das Rekordcafe am Standort hat sehr gute Öffnungszeiten. 👌",Olumlu,1
149897,Wirtschaftspark West,Ionity,Avusturya,47.37403162775473,16.093668833685797,ChIJ_dQe5TeJbkcRgjyxZklPdn8,"Lage direkt neben Autobahn, Ladeleistung ist wie angegeben. Je Ladesäule ausreichend Platz, keine Überdachung, leider hatte das Café am Platz schon ab 15:00 geschlossen, Toilette war noch zugänglich. Pizzaautomat ist am Platz (nicht probiert)
Ladesäule funktionierte erst beim 2. Versuch",Nötr,0
115038,EWA Assling  (System www.enercharge.at),Enercharge,Avusturya,46.7832144786204,12.6622893852985,ChIJU5sOEQp6d0cRHH0N16gf3HQ,"Scheint offline zu sein, keine Anzeige am Bildschirm..",Olumsuz,-1
75572,Wipark P+R Siebenhirten,TANKE Wien Energie,Avusturya,48.129319,16.310528,ChIJU9cP7YyobUcRtZeEpkrEOF0,"Schnelladen funktioniert nicht - nur 11kW. Trotzdem wird teurer abgerechnet, mit dem Schnelladetarif. Heißt wenn man 2h da steht, weil nur langsam geladen werden kann, kommt dann eine Rechnung von 65€, statt den üblichen 15€ für die Zeit",Olumsuz,-1
75572,Wipark P+R Siebenhirten,TANKE Wien Energie,Avusturya,48.129319,16.310528,ChIJU9cP7YyobUcRtZeEpkrEOF0,Schnelllader 50kw geht nicht- Vorgang abgeschlossen- und nichts tut sich. Die Nummer der Hotline geht auch nicht. So wird das nichts mit den eAutos -die 2. Ladesäule funktioniert statt mit 43kw nur mit 11-😡😡😡😡NULL Sterne!!!,Olumsuz,-1
75572,Wipark P+R Siebenhirten,TANKE Wien Energie,Avusturya,48.129319,16.310528,ChIJU9cP7YyobUcRtZeEpkrEOF0,101kWh bei 0°C,Olumsuz,-1
75572,Wipark P+R Siebenhirten,TANKE Wien Energie,Avusturya,48.129319,16.310528,ChIJU9cP7YyobUcRtZeEpkrEOF0,"Der Platz zum Laden von vorne war ausreichend, selbst wenn ein anderes Auto ebenfalls lud. Das Kabel war lang genug.",Olumlu,1
313250,Tesla Supercharger Zeltweg,Tesla (including non-tesla),Avusturya,47.194048,14.722817,ChIJK-dZounLcUcRM1LUTM7i1o0,"Tesla Supercharger in der Nähe des Red Bull Rings. Auch für andere Automarken nutzbar. Direkt an einem Spar Markt und Restaurant. Dort gibt es Frühstück, Mittag- und Abendessen. Außenterasse. Freundliche Bedienung, flotter Service.",Olumlu,1
313250,Tesla Supercharger Zeltweg,Tesla (including non-tesla),Avusturya,47.194048,14.722817,ChIJK-dZounLcUcRM1LUTM7i1o0,"Sehr gute und schnelle Ladestation. Ein Lokal, Hotel, Spar und eine Wiese sind in unmittelbarer Nähe. Hier kann man auch Nachts sicher laden.",Olumlu,1
313250,Tesla Supercharger Zeltweg,Tesla (including non-tesla),Avusturya,47.194048,14.722817,ChIJK-dZounLcUcRM1LUTM7i1o0,TESLA Ladepark gleich neben einem großen SPAR mit Gastronomie.,Olumlu,1
313250,Tesla Supercharger Zeltweg,Tesla (including non-tesla),Avusturya,47.194048,14.722817,ChIJK-dZounLcUcRM1LUTM7i1o0,Immer wieder Klasse wie schnell und einfach das geht bei Tesla,Olumlu,1
313250,Tesla Supercharger Zeltweg,Tesla (including non-tesla),Avusturya,47.194048,14.722817,ChIJK-dZounLcUcRM1LUTM7i1o0,"Sehr gelegen, tolles Kaffee neben der Statio n",Olumlu,1
100776,Romantik Hotel das Schiff,Tesla (Tesla-only charging),Avusturya,47.456452,9.964185,ChIJoy0qiXplm0cR0DCe_k1cKK8,"Sollte 50kw laden, packt keine 30.",Olumsuz,-1
75365,Innsbruck Supercharger,Tesla (including non-tesla),Avusturya,47.264861,11.428453,ChIJI-UkXTZpnUcRq5XUDL1HlYc,"Immer wieder das gleiche!!!
Kommt ein Skoda der die Ladebuchse auf der anderen Seite hat und blockiert somit gleich 2Ladeparkplätze!!!!!",Olumsuz,-1
75365,Innsbruck Supercharger,Tesla (including non-tesla),Avusturya,47.264861,11.428453,ChIJI-UkXTZpnUcRq5XUDL1HlYc,"früh morgens oder abends kann es passieren, daß Ladeplätze durch Hotelgäste verstellt werden. Der Platz ist begrenzt und mir ist schon mal aufgefallen, daß hin und wieder Lkws und Busse die Zufahrt versperren!",Nötr,0
75365,Innsbruck Supercharger,Tesla (including non-tesla),Avusturya,47.264861,11.428453,ChIJI-UkXTZpnUcRq5XUDL1HlYc,"Ladestation ist hinter dem Hotel. Wenn man es weiß, sehr gut zu finden.
Ladevorgang wird in Österreich nach Zeit und nicht nach kW abgerechnet.
Ist für einen Einkaufsbummel eher schlecht. Dafür sind die Ladesäulen schnell frei.",Nötr,0
75365,Innsbruck Supercharger,Tesla (including non-tesla),Avusturya,47.264861,11.428453,ChIJI-UkXTZpnUcRq5XUDL1HlYc,"Von wegen Supercarger, mit max. 46kw wg Drosselung durch die Ladesäule. Dann lieber in Hall laden",Nötr,0
75365,Innsbruck Supercharger,Tesla (including non-tesla),Avusturya,47.264861,11.428453,ChIJI-UkXTZpnUcRq5XUDL1HlYc,"Sehr eng (im Hof eines Hotels mit vielen anderen Parkplätzen), nur 6 Säulen und sehr stark frequentiert (Wartezeit einplanen). Würde ich ohne Not nicht noch einmal anfahren.",Olumsuz,-1
100526,Schnellladestation Tankstelle Roth,SMATRICS Netz,Avusturya,47.480774,16.091809,ChIJjd9tK419bkcRNcFZV3oyfcA,"Der Ort, wo man seine Ladekarte hinhalten soll ist perfekt getarnt. Weißes Feld auf weißen Grund ohne irgenteiner Beschriftung. Habe mit einem zweitem Tankwilligen 20 Minuten gerätselt. Das Laden geschah sehr zögerlich mit vielen Aussetzern und bei 43kW AC mit max. 22 kW AC.",Olumsuz,-1
75352,Liezen Supercharger,Tesla (Tesla-only charging),Avusturya,47.559299,14.252501,ChIJW5AD4bxzcUcRx42I8iUartY,"Stand 18.10.2025 05:01:29
Tesla Ladestation Liezen
Gesäusestraße 14

Sehr zu empfehlen, alle Ladesäulen funktionieren. Die eine Ladesäule 4B die defekt war wurde repariert. Ladeleistung 125kW.",Olumlu,1
75352,Liezen Supercharger,Tesla (Tesla-only charging),Avusturya,47.559299,14.252501,ChIJW5AD4bxzcUcRx42I8iUartY,Park&Control PAC Wien hat wegen Abstellen eines Bootsanhängers während des Ladevorgangs um 6 Uhr Morgens einen Strafzettel in Höhe von satten 85€ unter die Windschutzscheibe gehängt. Wir stellen die sich das vor???? Soll man lieber gleich alle Säulen blockieren?,Olumsuz,-1
75352,Liezen Supercharger,Tesla (Tesla-only charging),Avusturya,47.559299,14.252501,ChIJW5AD4bxzcUcRx42I8iUartY,"Einer der häßlichsten SuC die ich kenne. Wenig Leistung, viel Müll. Ausblick auf bröselnden Beton. Einer schönen Einkaufscity wie Liezen nicht würdig.",Olumsuz,-1
75352,Liezen Supercharger,Tesla (Tesla-only charging),Avusturya,47.559299,14.252501,ChIJW5AD4bxzcUcRx42I8iUartY,"Müllkübel sind überfüllt, es gibt keine öffentliche Toiletten (gegenüber gibts einen Burger King). Ladesäulen 4A+4B dürften Defekt haben, nach ein paar Minuten wird nur noch mit 0-2kw geladen. Auf Säule 3A mit 80kw bei 60% geladen, nur 1A war noch besetzt.",Olumsuz,-1
75352,Liezen Supercharger,Tesla (Tesla-only charging),Avusturya,47.559299,14.252501,ChIJW5AD4bxzcUcRx42I8iUartY,Ladestation soweit ok. Habe seit Anfang an dort geladen. Nun leider sehr heruntergekommen aufgrund KIKA Schließung. Nächste Toilette beim Bugerking ist halt auch von Nachteil!,Nötr,0
175764,Designer-Outlet-Straße,Tesla (Tesla-only charging),Avusturya,47.97679210270008,16.852638221416555,ChIJkfVAa_JdbEcR_4qq7v6hBl0,"Viele V4 Lader und heute Sonntag da das Einkaufszentrum geschlossen hatte gabs viel Platz, ausserdem gibts nebenan gleich einen BurgerKing somit ist die Ladezeit kurzweilig.",Nötr,0
175764,Designer-Outlet-Straße,Tesla (Tesla-only charging),Avusturya,47.97679210270008,16.852638221416555,ChIJkfVAa_JdbEcR_4qq7v6hBl0,Der SC ansich..... Super gut.... Nur wenn Du nach 22 Uhr hier ankommst hat der Burger King zu und es gibt keine Toiletten mehr. Da muss unbedingt eine Lösung her. Hier und an vielen anderen Standorten auch,Nötr,0
175764,Designer-Outlet-Straße,Tesla (Tesla-only charging),Avusturya,47.97679210270008,16.852638221416555,ChIJkfVAa_JdbEcR_4qq7v6hBl0,"„Top Supercharger! Sehr schnelle Ladegeschwindigkeit, absolut zuverlässig und einfach zu bedienen. Die Station ist sauber, gut beleuchtet und leicht zu erreichen. Besonders angenehm ist, dass die Ladeplätze ausreichend vorhanden sind und man selten warten muss. Dank der gewohnt unkomplizierten Tesla-Abwicklung (einfach einstecken, laden, fertig) ist das Ganze stressfrei und effizient. Perfekter Zwischenstopp für eine entspannte Weiterfahrt – so macht Elektromobilität richtig Spaß!“",Olumlu,1
175764,Designer-Outlet-Straße,Tesla (Tesla-only charging),Avusturya,47.97679210270008,16.852638221416555,ChIJkfVAa_JdbEcR_4qq7v6hBl0,"Zuwenige Ladesäulen für so einen viel frequentierten Standort verfügbar. Bekam gerade noch den letzten Lader, 30 Sekunden später hätte ich warten müssen...",Olumlu,1
175764,Designer-Outlet-Straße,Tesla (Tesla-only charging),Avusturya,47.97679210270008,16.852638221416555,ChIJkfVAa_JdbEcR_4qq7v6hBl0,"Mittlerweile gibts grosses Geschäft, Centershop, am Standort. Burgerking auch sehr gut. Sonst leider nichts sehenswertes. Besser im Outletcenter laden, dort gibts HPC-Lader zu hauf",Nötr,0
81547,1a Landhotel Schicklberg,Tesla (Tesla-only charging),Avusturya,48.078444,14.16303,ChIJtSq3T3_pc0cRYm1DNP8j0JE,Super Hotel und günstiges gutes Restaurant mit hausgemachten Sachen!,Olumlu,1
162153,Gemeinde Kramsach,Be Energised (has-to-be),Avusturya,47.4482722538796,11.883231796731025,ChIJuwh4LZrUd0cRd5SDJ-lnm14,Habe mit QR Code 3x probiert mit 2 verschiedenen Kreditkarten .. hat nicht geladen ! Schade um die Zeit ! Fahrt woanders hin ..,Olumsuz,-1
127992,Ladestation Hotel Zur Post,SMATRICS Netz,Avusturya,46.782546,13.657371,ChIJA9NECcGZcEcRyGyttbyVjKI,"Am Terminal der CCS Ladesäule muss man zuerst auswählen an welcher Säule man laden will: Terminal 1 oder 2 (beide CCS) oder einen der AC Lader. Wartezeit entsteht da es nur ein Bedienfeld für alle Ladepunkte gibt.
Einmal brauchte es 3 Versuche um den Ladevorgang zu starten, einmal ging es sofort. 150kW erreicht.",Olumlu,1
127992,Ladestation Hotel Zur Post,SMATRICS Netz,Avusturya,46.782546,13.657371,ChIJA9NECcGZcEcRyGyttbyVjKI,Sehr schnelle und zuverlässige Säule. Leider oft belegt.,Olumlu,1
127992,Ladestation Hotel Zur Post,SMATRICS Netz,Avusturya,46.782546,13.657371,ChIJA9NECcGZcEcRyGyttbyVjKI,"top, dass man einfach mit Kreditkarte zahlen kann. See, Spazierwege und Restaurants in der Nähe!",Olumlu,1
127992,Ladestation Hotel Zur Post,SMATRICS Netz,Avusturya,46.782546,13.657371,ChIJA9NECcGZcEcRyGyttbyVjKI,Schnell!,Olumlu,1
127992,Ladestation Hotel Zur Post,SMATRICS Netz,Avusturya,46.782546,13.657371,ChIJA9NECcGZcEcRyGyttbyVjKI,"Heute, am 4. März 2025, außer Betrieb.",Olumsuz,-1
75623,Gumpoldskirchen Bahnhof,TANKE Wien Energie,Avusturya,48.041175,16.284724,ChIJa7lVRCqubUcRJrQkVlLVQjs,"Für Notfälle gut zu wissen dass es sie gibt,  nur für ein Auto, gleich bei der Einfahrt zum Parkplatz",Nötr,0
92456,Kulturraum Trenk.s,Tesla (Tesla-only charging),Avusturya,48.194409,14.11134,ChIJcY4gw-GSc0cRuKxrr3B68IY,"Ladestation eben, früher gratis nun aber teuer wie überall mittlerweile 🤷🏻‍♂️",Olumlu,1
92456,Kulturraum Trenk.s,Tesla (Tesla-only charging),Avusturya,48.194409,14.11134,ChIJcY4gw-GSc0cRuKxrr3B68IY,Meiner wollte nicht laden?,Olumsuz,-1
92456,Kulturraum Trenk.s,Tesla (Tesla-only charging),Avusturya,48.194409,14.11134,ChIJcY4gw-GSc0cRuKxrr3B68IY,Funktioniert einwandfrei,Olumlu,1
301713,Ionity Meggenhofen,Ionity,Avusturya,48.183412,13.785334,ChIJd36WWuQKdEcR4q7j1KxPN6Y,"Guter sauberer Ladeplatz, konnte schnell und zügig laden, die Säulen haben ordentlich Power!

Kleines Bistro mit Automaten dabei, einzig die Toilette fand ich jetzt nicht sooo berauschend, aber alle Mal besser als dieses grauenvolle Dixi welches noch vor einem Jahr stand.

Also Immerhin gibt es eine brauchbare Toilette, das ist mir immer ganz wichtig, Ladestationen ohne Toiletten werden nicht angesteuert!",Olumlu,1
301713,Ionity Meggenhofen,Ionity,Avusturya,48.183412,13.785334,ChIJd36WWuQKdEcR4q7j1KxPN6Y,"Mega Ladepark mit mehreren Anbieter.

Diese Ladestation kann ich nur empfehlen!
Neben IONITY sind noch weitere Betreiber vorhanden.

Wir selber haben nur die IONITY-Station benutzt, welche reibungslos funktioniert hat.

Der Gesamte Parkt ist überdacht.
☀️ ☔️ Somit kann man bequem beim jeden
Wetter trocken laden.

🚻🍕🥛 Im Ladepark befindet sich ein kleines Häuschen, hier befinden sich die Toiletten, ein Getränke-/Schnackautomat. So wie eine Pizzastation wo man sich eine warme oder kalte Pizza herauslassen kann. Das Häuschen wird ohne Personal betrieben und hat 24/7 geöffnet.

🚙 Der Ladepark befindet sich in der Nähe von der Autobahn und kann in wenigen Minuten angefahren werden.",Olumlu,1
301713,Ionity Meggenhofen,Ionity,Avusturya,48.183412,13.785334,ChIJd36WWuQKdEcR4q7j1KxPN6Y,"Großer neuer Ladepark mit sehr vielen Säulen von mehreren Anbietern. Es wird immer noch gebaut und erweitert. Einen Stern Abzug wegen den fehlenden Toiletten, würde es hier ausreichend saubere WCs geben, wäre es perfekt. Evtl. werden diese noch gebaut. Sehr coole Idee ist der Eisautomat, auch wenn das Eis nicht so günstig ist.",Olumlu,1
301713,Ionity Meggenhofen,Ionity,Avusturya,48.183412,13.785334,ChIJd36WWuQKdEcR4q7j1KxPN6Y,"Einfach super! Es gibt zig Lader , Tesla, Ionity,  Smartrics.
Einziger Schwachpunkt ist Müllplatz! Zu wenig und ganz voll! Es ist aber auch nicht ganz fertig der Ladepark. Kommen noch viele dazu. Ebenfalls toll Überdacht mit PV Anlagen. Sonnig ganzen Tag dort. Nebenbei Kleine Gaststätte, jedoch nicht immer geöffnet. Preise top und einfach gutes Speisen.
200 Meter Bistro bei Lagerhaus Tankstelle!⛽️! Billa Geschäft neben an. Sehr günstig und top Auswahl für Weiterreise! Ausfahrt Meggenhofen nur 200 Meter ist dieser Mega Park entfernt. Wird reichlich genutzt, aber immer was frei. Mindestens 3 verschiedene Anbieter, je nach belieben und Preisen.
Wünsche allen schönen Urlaub und gute Heimfahrt.",Olumlu,1
301713,Ionity Meggenhofen,Ionity,Avusturya,48.183412,13.785334,ChIJd36WWuQKdEcR4q7j1KxPN6Y,"Hervorragend. Saubere Toilette, Pizza- und Kaffe Automaten, auch für Snacks und Eiscreme ist gesorgt, so macht laden Spaß.",Olumlu,1
82305,Hotel Hochschober,Tesla (Tesla-only charging),Avusturya,46.915857,13.875192,ChIJWQrSZwDzcEcREXY39qfD8Bg,"Ad hoc laden für 0,49€ / kWh ist fair.  Sind mehrere Säulen besetzt so reduziert sich wohl die Ladeleistung. Siehe Info vom Auto im Screenshot. Dennoch 5 Sterne weil funktionstüchtig und einzige Lademöglichkeit zum fairen Preis.",Olumlu,1
82305,Hotel Hochschober,Tesla (Tesla-only charging),Avusturya,46.915857,13.875192,ChIJWQrSZwDzcEcREXY39qfD8Bg,Ein Witz. Kein Roaming sondern nur Ad-Hoc ohne vorherige Preisanzeige und dann funktioniert das Zahlen nicht egal mit welcher Karte. Offenbar hatte das Terminal kein Netzwerk. War zugeparkt aber geladen hat da kein einziges Auto sondern die Leute waren Skifahren und nutzten das als Parkplatz.,Olumsuz,-1
82305,Hotel Hochschober,Tesla (Tesla-only charging),Avusturya,46.915857,13.875192,ChIJWQrSZwDzcEcREXY39qfD8Bg,Die Ladestationen sind offensichtlich schon lange Zeit nicht in Betrieb. Es gibt im ganze Ort keinerlei Lademöglichkeit. Ladepunkte für Elektrofahrzeuge sollten heutzutage in so einem Urlaubsort eine Selbstverständlichkeit sein!,Olumsuz,-1
82305,Hotel Hochschober,Tesla (Tesla-only charging),Avusturya,46.915857,13.875192,ChIJWQrSZwDzcEcREXY39qfD8Bg,Ladestationen außer Betrieb,Olumsuz,-1
82305,Hotel Hochschober,Tesla (Tesla-only charging),Avusturya,46.915857,13.875192,ChIJWQrSZwDzcEcREXY39qfD8Bg,Außer Betrieb,Olumsuz,-1
75613,Gewerbepark Traiskirchen Station 1+2,TANKE Wien Energie,Avusturya,48.011605,16.291473,ChIJ0YxfIJaxbUcRKuUQNZhacEY,...es stromt....,Olumsuz,-1
95481,Hotel Am See - die Forelle,Tesla (Tesla-only charging),Avusturya,46.801427,13.573133,ChIJbUy8JBG9cEcRTA6m3wII8Qo,Display bei Sonnenschein kaum sichtbar. Meine ENBW Ladekarte wurde akzeptiert aber es ist kein Strom geflossen. Hotline freundlich aber keine Ahnung von der Ladesäule. Insgesamt 2 mal mit der Hotline gesprochen. Sollte dann eine andere Nummer anrufen. Hat nicht geklappt.. Menüführung total unverständlich. Auswahl des Ladepunktes unmöglich.,Olumsuz,-1
95481,Hotel Am See - die Forelle,Tesla (Tesla-only charging),Avusturya,46.801427,13.573133,ChIJbUy8JBG9cEcRTA6m3wII8Qo,"Eine Säule außer Betrieb, an der zweiten (110kw) Säule aber ohne Probleme mit Kreditkarte geladen. 45,- werden blockiert.
Leider mit 78 ct pro kWh nicht wirklich günstig. Rechnungs-Download hat auch funktioniert.",Olumsuz,-1
95481,Hotel Am See - die Forelle,Tesla (Tesla-only charging),Avusturya,46.801427,13.573133,ChIJbUy8JBG9cEcRTA6m3wII8Qo,"Leider ist die AC Ladestelle für Typ 2 seit mehr als 1 Jahr außer Betrieb. Sehr ärgerlich!!!
Hier sollte dringend die Gemeinde nachbessern.",Olumsuz,-1
95481,Hotel Am See - die Forelle,Tesla (Tesla-only charging),Avusturya,46.801427,13.573133,ChIJbUy8JBG9cEcRTA6m3wII8Qo,Funktioniert zuverlässig und hat unseren Firmenwagen in 2 Stunden die wir abends noch im Strandbad baden waren zu 80% aufgeladen. Zahlung mit Bankomat-Karte vollkommen unkompliziert. So geht Elektromobilität! 👍🏻,Olumlu,1
95481,Hotel Am See - die Forelle,Tesla (Tesla-only charging),Avusturya,46.801427,13.573133,ChIJbUy8JBG9cEcRTA6m3wII8Qo,Funktioniert NUR mit Kredidkarte - keine Flottenkarten - E-Mobilität sieht anders aus!!,Olumsuz,-1
170504,Frunpark Asten,Tesla (Tesla-only charging),Avusturya,48.220545,14.40708,ChIJTdI-Ivm7c0cRX_5n6X0z1lI,"Eine sehr große SuC Fläche mit bestimmt über 40 Säulen, großflächig verteilt über mehrere Reihen.
Wir sind mit dem Camper unterwegs und leider gibt es hier in Österreich nicht viele SuC mit Anhänger-Platz. Wir hatten das Glück , dass es hier in Ästen am den Säulen nicht voll war. Somit haben wir uns auf mehrere Plätze stellen können , ohne den Wohnwagen abzukoppeln und ohne anderen Autos die Plätze zu klauen/versperren. Es waren super viele alternativen Plätze frei.

Super praktisch,  dass es direkt am Funpark liegt, mit unzähligen Geschäften oder Essensmöglichkeiten. Da vergeht die Lade-Wartezeit wie im Flug.",Olumlu,1
170504,Frunpark Asten,Tesla (Tesla-only charging),Avusturya,48.220545,14.40708,ChIJTdI-Ivm7c0cRX_5n6X0z1lI,"Achtung! Abzocke! Nicht MIT dem TESLA nach 2030 Uhr zum laden einfahren! Zwischen 2030 und 0630 ist dort ""einfahrverbot"" ich habe 2 geldstrafen erhalten, weil ich dort von 0:05 bis 1:02 angeblich geparkt habe! Dabei habe ich nur laden müssen! Strafe ist 2x 120 EUR!!! Ich habe bereit Fotos hochgeladen. Bin sehr sauer!
Der Witz ist, dass die Toiletten 24/7 benutzbar sind... Siehe Fotos",Olumsuz,-1
170504,Frunpark Asten,Tesla (Tesla-only charging),Avusturya,48.220545,14.40708,ChIJTdI-Ivm7c0cRX_5n6X0z1lI,"Keine Parkplatzgebühr bezahlt nur den Strom per KWh, es sind etliche V4 Lader von Tesla",Olumsuz,-1
170504,Frunpark Asten,Tesla (Tesla-only charging),Avusturya,48.220545,14.40708,ChIJTdI-Ivm7c0cRX_5n6X0z1lI,Ladeleistung aufgrund kalter Batterie etwas reduziert aber trotzdem mit ausreichend Wums! Sehr viele Ladesäulen verfügbar. Viele Einkaufsmöglichkeiten direkt rund um den Supercharger. Sehr nahe an der Autobahn gelegen.,Olumlu,1
170504,Frunpark Asten,Tesla (Tesla-only charging),Avusturya,48.220545,14.40708,ChIJTdI-Ivm7c0cRX_5n6X0z1lI,Neue Ladestationen lädt aber nur mit 37 kw - eventuell weiß draußen 0 grad hat. Genügend Säulen vorhanden und Shopping Center direkt dabei,Nötr,0
53557,Süd Autobahn,Essent (NL),Avusturya,46.682182,14.67626,ChIJJ20CI2kbcEcRa01Gk4u9HNU,"Lädt wie angegeben. 4 Ladepunkte

1 Stern Abzug, da Ladestation nicht überdacht.
1 Stern Abzug, da Ladesäulen in einer Einbahnstrasse geführt sind, die Parkplätze jedoch schräg angeordnet. 90% haben jedoch Ladeanschluss am Heck. Um korrekt zu parken ist das Ladekabel zu kurz.
Man muss gegen die Einbahn rückwärts einparken",Olumlu,1
133551,Bergparadies Dorfgastein,Tesla (Tesla-only charging),Avusturya,47.242382,13.109452,ChIJFRcsBy0kd0cR5IeTYlm8ZYM,Problemlos während des Einkaufs geladen.,Olumlu,1
133551,Bergparadies Dorfgastein,Tesla (Tesla-only charging),Avusturya,47.242382,13.109452,ChIJFRcsBy0kd0cR5IeTYlm8ZYM,"EWE GO funktioniert nicht, obwohl die Zahlung möglich sein sollte.",Olumsuz,-1
87385,Montforthaus,Tesla (Tesla-only charging),Avusturya,47.235541,9.598113,ChIJ223Oppk5m0cRcuxbUgb4f0g,22kw Charger in der Parkgerage. Geteilt mit vlotte 4 Parkplätze. Tesla gratis,Olumlu,1
94518,ENI Gutmann Tankstelle,Be Energised (has-to-be),Avusturya,47.0915478,10.6667537,ChIJvVlH0WDQnEcRn7J-oH_7LL4,"Von mir gibt es einen Stern Abzug - obwohl das Auto angezeigt hat das es mit >200kw laden könnte - kamen nur max. 91kwh aus der Säule - ich habe zwei unterschiedliche probiert - gleiches Ergebnis.
Sonst sind die Lader gut gelegen - direkt an der Hauptstraße hinter der Tankstelle.",Olumlu,1
94518,ENI Gutmann Tankstelle,Be Energised (has-to-be),Avusturya,47.0915478,10.6667537,ChIJvVlH0WDQnEcRn7J-oH_7LL4,"Ladekarte von EWEGo und Octopus an zwei Säulen vergebens authentifiziert. Dann Ladevorgang über QR code vor Ort ad-hoc gestartet, weil zwei verschiedene Kreditkarten abgelehnt wurden. Ladevorgang nach 10 min grundlos abgebrochen und das selbe Spiel. von vorne. Auf dem Parkplatz standen noch 2 LKW, was das rangieren nicht erleichterte.",Olumsuz,-1
94518,ENI Gutmann Tankstelle,Be Energised (has-to-be),Avusturya,47.0915478,10.6667537,ChIJvVlH0WDQnEcRn7J-oH_7LL4,"Wenn viel los ist laden alle Autos nur mit ca. 60kW. Habe mehrmals hier geladen, selten mehr als 150kW bekommen, auch wenn man alleine an der Säule steht.",Olumsuz,-1
94518,ENI Gutmann Tankstelle,Be Energised (has-to-be),Avusturya,47.0915478,10.6667537,ChIJvVlH0WDQnEcRn7J-oH_7LL4,"Sauber, leicht zu finden und mit guter Infrastruktur vor Ort. Per Apple Pay wurde keine VISA-Karte akzeptiert, mit EnBW ging es sofort",Olumlu,1
94518,ENI Gutmann Tankstelle,Be Energised (has-to-be),Avusturya,47.0915478,10.6667537,ChIJvVlH0WDQnEcRn7J-oH_7LL4,Nicht genug Power da. 300 KW angegeben und max 140 KW gezogen,Olumsuz,-1
85162,Hotel Moselebauer,Tesla (Tesla-only charging),Avusturya,46.955563,14.779286,ChIJw0GfPnklcEcR92qxdxnR-N4,Leicht zum finden. Drei exklusive Parkplätze für Tesla-Autos mit AC-Ladegerät.,Olumlu,1
461459,EVN Public Charging Station (AC).,EVN (Bulgaria),Avusturya,48.198526582622975,16.900907728273523,ChIJcYOYqnYdqUAR1a2LTFc5krE,"Problemloses Laden, alles war perfekt!",Olumlu,1
101957,Austria Classic Hotel Wien,Tesla (Tesla-only charging),Avusturya,48.217133,16.389555,ChIJS9livAgHbUcRCGwCNk5zl8M,Destination Charger funktioniert prima. Man muss das Aufladen an der Hotelrezeption vorher anmelden und dazubuchen. Leider ist der Aufpreis von 20€ pro Ladung recht happig. On top kommt die reguläre Parkplatzgebühr im Innenhof für 30€. Die Preise sind Stand 04/2023.,Olumlu,1
101957,Austria Classic Hotel Wien,Tesla (Tesla-only charging),Avusturya,48.217133,16.389555,ChIJS9livAgHbUcRCGwCNk5zl8M,"Tesla Destination charger vorhanden, jedoch nur für Hotelgäste. Nichtgäste zahlen 45€.",Nötr,0
101957,Austria Classic Hotel Wien,Tesla (Tesla-only charging),Avusturya,48.217133,16.389555,ChIJS9livAgHbUcRCGwCNk5zl8M,Ich konnte keinen Charger dort finden!,Olumsuz,-1
75285,Kitzbühel Supercharger,Tesla (Tesla-only charging),Avusturya,47.459205,12.385998,ChIJrVaaxbxNdkcRoWoeOB4TfaI,"Auf der Fahrt in den Urlaub als Ladestation  (fahre Fremdfabrikat) ausgewählt, da lt. Tesla App 24 Std.geöffnet mit Lounge und Toilette. Das einzige 24 Std. sind die Ladestationen...sonst nichts. Da wir antizyklisch gefahren sind waren die Ladestationen frei um 21.30 Uhr. Wer eine Hauptverkehrsroute nutzt muss zwangsläufig mit Wartezeiten bei 3 Ladestationen rechnen. Allerdings muss man nicht mit fehlerhaften Angaben des Betreibers rechnen.",Olumlu,1
75285,Kitzbühel Supercharger,Tesla (Tesla-only charging),Avusturya,47.459205,12.385998,ChIJrVaaxbxNdkcRoWoeOB4TfaI,"Schnell ist man an diesem Supercharger mit nur 3 Ladesäulen vorbeigefahren. Und mit einem Tesla X muss man eng manövrieren. Positiv: es gibt eine Lounge mit Sitzmöglichkeit, Kaffee-, Getränke- und Snack-Automat. Was noch fehlt ist eine Toilette.",Olumlu,1
75285,Kitzbühel Supercharger,Tesla (Tesla-only charging),Avusturya,47.459205,12.385998,ChIJrVaaxbxNdkcRoWoeOB4TfaI,"Hier meine erste negative Erfahrung an einem Tesla Supercharger. Alle drei Ladesäulen waren belegt, zwei weitere Teslas standen bereits wartend dahinter. An zwei Säulen luden Fremdfabrikate, was die Ladezeiten zusätzlich verlängerte. Ich wartete ca. 20 Minuten, bis eine Frau aus dem angrenzenden Blumengeschäft kam und uns ziemlich unfreundlich aufforderte, den Platz zu verlassen, obwohl es keine andere Möglichkeit gab zu warten. Verständnis für die Ladenbesitzerin ist da, aber die Infrastruktur ist einfach schlecht gelöst. Letztlich sind wir ohne Ladevorgang wieder abgefahren, da vor uns nichts passierte und sich hinter uns weitere Fahrzeuge staute. Die Stimmung unter den Wartenden war zunehmend gereizt.",Olumsuz,-1
75285,Kitzbühel Supercharger,Tesla (Tesla-only charging),Avusturya,47.459205,12.385998,ChIJrVaaxbxNdkcRoWoeOB4TfaI,"Einer der schlechtesten Supercharger, die ich bisher besucht habe. Die Säulen sind sehr alt, die Stecker gebrochen und stark abgenützt.

Die Position ist ebenfalls ungünstig. Man muss vorwärts einparken, aber die Kabel sind zu kurz, sodass viel mechanische Spannung auf der Steckverbindung liegt.

Die Lounge war werktags untertags nicht geöffnet. Generell ist die Lage nicht ideal, da die Zufahrt aufgrund eines angrenzenden Geschäfts erschwert ist. Zudem war eine Position von einem Nicht-E-Auto einer benachbarten Firma blockiert.

Mein Lade-Nachbar erreichte nicht einmal 60 kW.
Für eine Stadt wie Kitzbühel eigentlich eine Frechheit.

3 Sterne, da ich immerhin 120 kW Ladeleistung hatte – und weil Kitzbühel schön ist.",Olumsuz,-1
75285,Kitzbühel Supercharger,Tesla (Tesla-only charging),Avusturya,47.459205,12.385998,ChIJrVaaxbxNdkcRoWoeOB4TfaI,Frechheit. Für Kitzbühel ein Armutszeugnis. Hochsaison und immense Wartezeiten. Parkende Fakrzeuge ohne Ende.nur drei Stationen. Eine davon belegt ohne insassen,Olumsuz,-1
176200,Wagramer Straße,TANKE Wien Energie,Avusturya,48.232640777311104,16.417705668235385,ChIJ8RhNTOYGbUcR_1mF6Agu_eY,Die Position ist nur wenige Meter vom Hotel entfernt.,Nötr,0
176200,Wagramer Straße,TANKE Wien Energie,Avusturya,48.232640777311104,16.417705668235385,ChIJ8RhNTOYGbUcR_1mF6Agu_eY,Erneut wird ein freier ladepunkt angezeigt jedoch sind beide ladepunkte mit ladenden fzg belegt. Äußerst ärgerlich.. bereits die dritte Station die ich anfahre am heutigen Tag,Olumsuz,-1
107753,Ladestation FMZ,SMATRICS Netz,Avusturya,47.2185498723973,10.7334140048062,ChIJyzr3Gg7dnEcRPsT28ZAJ-yQ,gut zu finden gute möglichkeit kurz shoppen zu gehen😀,Olumlu,1
107753,Ladestation FMZ,SMATRICS Netz,Avusturya,47.2185498723973,10.7334140048062,ChIJyzr3Gg7dnEcRPsT28ZAJ-yQ,"Gut zu finden, schnell und günstig geladen. Prima Infrastruktur.",Olumlu,1
107753,Ladestation FMZ,SMATRICS Netz,Avusturya,47.2185498723973,10.7334140048062,ChIJyzr3Gg7dnEcRPsT28ZAJ-yQ,"Super Bäcker mit Café!
Auch WC",Olumlu,1
107753,Ladestation FMZ,SMATRICS Netz,Avusturya,47.2185498723973,10.7334140048062,ChIJyzr3Gg7dnEcRPsT28ZAJ-yQ,Alles perfekt geklappt!!,Olumlu,1
107753,Ladestation FMZ,SMATRICS Netz,Avusturya,47.2185498723973,10.7334140048062,ChIJyzr3Gg7dnEcRPsT28ZAJ-yQ,"Die EnBW Karte wurde nicht akzeptiert! Deri  der EnBW App angegebene Preis hat nicht gestimmt. Das Laden war mit 99 Cent,/kWh sehr teuer!",Olumsuz,-1
90301,Golfclub Gut Altentann,Tesla (Tesla-only charging),Avusturya,47.890311,13.199724,ChIJ_X_NZdqedkcR3eT3aCWUYIw,"Ladet leider nur unter 45kW und unterstützt offenbar keine Ladekarten, dafür funktioniert das bezahlen mit Kreditkarte super einfach.",Nötr,0
90301,Golfclub Gut Altentann,Tesla (Tesla-only charging),Avusturya,47.890311,13.199724,ChIJ_X_NZdqedkcR3eT3aCWUYIw,Sehr unkompliziert per QR Code laden und die Rechnung erhalten.,Nötr,0
108788,Hotel Unterellmau,Tesla (Tesla-only charging),Avusturya,47.3792741,12.6026835,ChIJwRfXadD_dkcR6w8WLfM9Yno,"5 verschiedene Kreditkarten probiert, nur eine wurde überhaupt akzeptiert. Danach Kommunikationsprobleme und Abbruch. Nach mehreren Versuchen habe ich aufgegeben. Erst am nächsten Tag hat es dann geklappt, aber nur mit 11 kW.",Olumsuz,-1
108788,Hotel Unterellmau,Tesla (Tesla-only charging),Avusturya,47.3792741,12.6026835,ChIJwRfXadD_dkcR6w8WLfM9Yno,30 bis 40kW kommen am 10.01.2026 nur an. Von 150kW weit entfernt.,Olumsuz,-1
108788,Hotel Unterellmau,Tesla (Tesla-only charging),Avusturya,47.3792741,12.6026835,ChIJwRfXadD_dkcR6w8WLfM9Yno,"Unglaublich schlechte ladeleistung dür einen so genannten ""hyper-charger"" def salzburc ag. Mit 26kw im durchschnitt unterirdisch und weit weg von den versprochenen kw. So vergrault mal e-auto fahrer indem man die urlaubspläne torpediert.",Olumsuz,-1
108788,Hotel Unterellmau,Tesla (Tesla-only charging),Avusturya,47.3792741,12.6026835,ChIJwRfXadD_dkcR6w8WLfM9Yno,"Eine Säule war heute kaputt.  Zu meiner Überraschung war das Laden über Kreditkarte günstiger als über eine ""Partnerapp"".",Olumsuz,-1
108788,Hotel Unterellmau,Tesla (Tesla-only charging),Avusturya,47.3792741,12.6026835,ChIJwRfXadD_dkcR6w8WLfM9Yno,150 kw sind angegeben und kommen auch an.,Olumlu,1
82247,Einkaufszentrum der Grissemann,Tesla (Tesla-only charging),Avusturya,47.166809,10.590407,ChIJPblC5VrEnEcR6rBprMVkOb4,Es war leider kein Tesla-Charger vorhanden...,Olumsuz,-1
77338,Ladestation Gottwald,SMATRICS Netz,Avusturya,48.22514,15.349178,ChIJJ0dA-1RkckcRwAkE09SOfXA,"Bei meiner heutigen Fahrt hat mich das Auto zum ersten Mal zu diesem neuen Ladepark geführt. Was soll ich sagen, ich bin begeistert davon, wie viele Ladepunkte hier zur Verfügung stehen und wie perfekt alles organisiert ist. Wenn künftig auch noch etwas Infrastruktur rundherum vorhanden ist, wird das wirklich nahezu perfekt sein.

Ein kleiner Minuspunkt: Die 200-kW-Ladesäule lieferte bei mir nur etwa 150 kW und nicht mehr. Da es mir heute aber nicht darum ging, einen Lade-Rekord aufzustellen, sehe ich das nicht als kritischen Punkt. PS: Die Begrenzung auf 150 kW wurde nicht durch das Auto verursacht.",Olumlu,1
77338,Ladestation Gottwald,SMATRICS Netz,Avusturya,48.22514,15.349178,ChIJJ0dA-1RkckcRwAkE09SOfXA,"Top Ladeinfrastruktur! Toller brandneuer Ladepark von Solarcap -  Ladepartner von SMATRICS ! Brandneue Alpitronic Lader mit bis zu 400kW!!!
Achtung ⚠️ - Jetzt Anfang Januar 2026 ist der Ladepark noch nicht komplett fertiggestellt aber die Ladesäulen sind soweit verfügbar. Infrastruktur wie WC's oder Snackautomaten noch nicht vorhanden. Update folgt!",Olumlu,1
77338,Ladestation Gottwald,SMATRICS Netz,Avusturya,48.22514,15.349178,ChIJJ0dA-1RkckcRwAkE09SOfXA,"Keine Toilette, nix zum Trinken zu kaufen, keinen Mistkübel, sieht aus wie eine Baustelle. Dafür alle Ladestationen frei",Olumsuz,-1
113914,St.anton Am Arlberg,Tesla (Tesla-only charging),Avusturya,47.128074,10.263712,ChIJZ_lMNGmwnEcRN-r_Pe-KldM,"Seit ca. 2 Jahren (oder länger?) sind die VORHANDENEN Toiletten am Supercharger gesperrt mit entsprechendem Hinweis des Bürgermeisters. Man soll zum Bahnhof laufen... Wo ist das Problem dass man die verfügbaren Toiletten direkt am Supercharger nicht nutzen darf?
Ladesäulen sind langsam. Also man kann in St. Anton laden, aber nur wenn man sonst nichts findet und keine Toilette braucht.
Beste Grüsse aus Schilda...",Olumsuz,-1
113914,St.anton Am Arlberg,Tesla (Tesla-only charging),Avusturya,47.128074,10.263712,ChIJZ_lMNGmwnEcRN-r_Pe-KldM,"Laden für Fremdfabrikate nicht möglich. Achtung Anschlüsse nur Links!
Leider stehen auch Teslas dort, heute 2 die ohne Anschluss an die Säule während meiner Wartezeit von mir von 30minuten.",Olumsuz,-1
113914,St.anton Am Arlberg,Tesla (Tesla-only charging),Avusturya,47.128074,10.263712,ChIJZ_lMNGmwnEcRN-r_Pe-KldM,8 Supercharger direkt an der Arlbergpass-Strasse. Sehr gut zugänglich. Aktuell waren nur zwei Fahrzeuge beim Ladevorgang und demnach ausreichend Power zur Verfügung.,Olumlu,1
113914,St.anton Am Arlberg,Tesla (Tesla-only charging),Avusturya,47.128074,10.263712,ChIJZ_lMNGmwnEcRN-r_Pe-KldM,"Der Supercharger ist neu aufgebaut und eingerichtet. Er liegt nicht mehr ganz am Einkaufsladen.

Da das direkt am Charger liegende Hotel über den Sommer geschlossen ist nutzt die Zeit für einen kleinen Spaziergang ins Dorf. Keine 5 Minuten entfernt gibt es leckeres zu Essen und gemütliche Auszeit bzw.  Einkaufsmöglichkeiten.",Olumlu,1
113914,St.anton Am Arlberg,Tesla (Tesla-only charging),Avusturya,47.128074,10.263712,ChIJZ_lMNGmwnEcRN-r_Pe-KldM,"Super Sache! Ranfahren, anstecken & die Laderei startet! Ein Mülleimer würde das Angebot wunderbar abreunden.",Olumlu,1
210021,Marktgemeindegasse,TANKE Wien Energie,Avusturya,48.156301375033024,16.280762886785624,ChIJPcAPki6mbUcRAD1viXJSseY,"Sonntag Abend beide Anschlüsse frei, beide Parkplätze frei, meine Karte (EMC) wird akzeptiert - alles bestens. Bissl günstiger wäre schön, aber das ist es ja mit dem entsprechenden Tarif, nicht wahr? 😉",Olumlu,1
125554,Lidl Wieselburg - Zeiselgraben,Lidl,Avusturya,48.138988,15.138216,ChIJEx8Xy3RCckcRmowA2bgcuHI,Habe heute bei Lidl eingekauft und geladen. Entgegen den Angaben im www sind sowohl der CCS- als auch der Chademoanschluß mit 50kW ausgestattet! Danke Lidl!,Olumlu,1
125554,Lidl Wieselburg - Zeiselgraben,Lidl,Avusturya,48.138988,15.138216,ChIJEx8Xy3RCckcRmowA2bgcuHI,"Wollte laden, nach 3 Versuche bin ich wieder gefahren! (50kw)",Olumsuz,-1
125554,Lidl Wieselburg - Zeiselgraben,Lidl,Avusturya,48.138988,15.138216,ChIJEx8Xy3RCckcRmowA2bgcuHI,Leider ohne Grund abgebrochen,Olumsuz,-1
113859,Hotel Rainers21,Tesla (Tesla-only charging),Avusturya,48.114743,16.296551,ChIJz8hZAkqvbUcRK6RJI-RXVE8,"Der Sender meldet „offline“ und es gibt keine Möglichkeit, ihn von außen zurückzusetzen – das ist weder cool noch hilfreich.",Olumsuz,-1
90351,Hotel Restaurant Vötterl,Tesla (Tesla-only charging),Avusturya,47.724528,12.906581,ChIJh71qiPOadkcRtSS2a70GS3s,Leistung fällt innerhalb weniger Minuten von 150 auf unter 50 kw. Toiletten/Kaffee netterweise beim nahegelegenen Campingplatz.,Olumsuz,-1
90351,Hotel Restaurant Vötterl,Tesla (Tesla-only charging),Avusturya,47.724528,12.906581,ChIJh71qiPOadkcRtSS2a70GS3s,"Schrecklich wirklich !!!

Als direkter Anrainer, einfach nur zum kotzen!!

Die Ladestationen sind 3 m von meinem Schlafzimmerfenster entfernt, wie sich dort manche Menschen benehmen ist wirklich zum kotzen!!

Wer mitten in der Nacht laden muss, sollte wenigstens ruhig sein und nicht Filme, Musik oder Telefonieren mit voller Lautstärke, so das ich es in meinem Schlafzimmer höre.

Würde mir mehr mitdenken von einigen Leuten wünschen!!!!!",Olumsuz,-1
90351,Hotel Restaurant Vötterl,Tesla (Tesla-only charging),Avusturya,47.724528,12.906581,ChIJh71qiPOadkcRtSS2a70GS3s,Schnell geladen ohne den Wohnwagen anzuhängen,Olumlu,1
90351,Hotel Restaurant Vötterl,Tesla (Tesla-only charging),Avusturya,47.724528,12.906581,ChIJh71qiPOadkcRtSS2a70GS3s,"Leider keine Toiletten; das Gasthaus gegenüber hst am Wochenende geschlossen, gerne hätten wir dort zu Mittag gegessen; fußläufig ist ein McDonalds in 13 Min. erreichbar",Olumsuz,-1
90351,Hotel Restaurant Vötterl,Tesla (Tesla-only charging),Avusturya,47.724528,12.906581,ChIJh71qiPOadkcRtSS2a70GS3s,Ladeleistung 200 KW - also alles gut (wir waren zu viert). Leider ist das Gasthaus geschlossen und somit weder Toilette noch Kaffee verfügbar. Nicht so gut...,Nötr,0
313245,Tesla Supercharger Graz,Tesla (including non-tesla),Avusturya,47.033508,15.414669,ChIJm5OnHq3Kb0cRM_JB5KTuL5g,"Die Lage ist wirklich top, leicht zu finden und ideal, wenn man auf der Durchreise ist. Es gibt ausreichend Ladeplätze, sodass man in den meisten Fällen schnell dran kommt, und die Ladeleistung war bei mir stabil und zügig. Besonders angenehm: Während das Auto lädt, kann man in der Nähe kurz etwas essen oder einen Kaffee holen, so fühlt sich die Pause nicht wie „Wartezeit“ an.",Olumlu,1
313245,Tesla Supercharger Graz,Tesla (including non-tesla),Avusturya,47.033508,15.414669,ChIJm5OnHq3Kb0cRM_JB5KTuL5g,"Die Lage ist super, aber die Ladesäulen liefern immer nur 30 kW, maximal 60 kW. Es ist kein Problem, ich war überall – in Kroatien, Slowenien, Italien – und überall liegt die Ladeleistung immer über 100 kW. Hier ist sie jedoch immer niedrig. Ist das absichtlich so oder warum?",Nötr,0
313245,Tesla Supercharger Graz,Tesla (including non-tesla),Avusturya,47.033508,15.414669,ChIJm5OnHq3Kb0cRM_JB5KTuL5g,"Der Standort befindet sich noch im Aufbau, scheint auch deshalb noch kleinere Probleme zu geben. An zwei verschiedenen Tagen geladen und jedesmal ging eine andere Säule nicht .
In der App werden aber alle als Funktionstüchtig angezeigt.
Zur Zeit sind 8 Säulen installiert,wenn alles fertig ist sind es 16 Säulen .

Aber sonst ein guter Standort,wenn das Center offen ist gibt es genug Möglichkeiten um die Ladezeit zu überbrücken .",Nötr,0
313245,Tesla Supercharger Graz,Tesla (including non-tesla),Avusturya,47.033508,15.414669,ChIJm5OnHq3Kb0cRM_JB5KTuL5g,"Großartiger Tesla Supercharger! 16 Stationen und alle sind eindeutig als Ladeplätze gekennzeichnet, bis 250 kW Ladeleistung und das Center West gleich daneben - Perfekt 👌",Olumlu,1
313245,Tesla Supercharger Graz,Tesla (including non-tesla),Avusturya,47.033508,15.414669,ChIJm5OnHq3Kb0cRM_JB5KTuL5g,"Ganz schlecht hinzufinden. Standen letztendlich vor einem behördlich geschlossenem Schranken. Fuhren dann weiter zum nächsten Supercharger in der Marggstaße, wo wir wieder(!) erfolglos waren, da dies lediglich eine aufgelasene TeslaServicestation war, ohne Ladestationen. Eine unglaubliche Schlamperei, dass diese noch angezeigt wird am Navi!",Olumsuz,-1
188195,Tenne Bad & Fliessen,Tesla (Tesla-only charging),Avusturya,48.127488964842826,16.326515944866742,ChIJCX1yGNmobUcR9KR6JFAjCuM,Funktioniert nicht,Olumsuz,-1
188195,Tenne Bad & Fliessen,Tesla (Tesla-only charging),Avusturya,48.127488964842826,16.326515944866742,ChIJCX1yGNmobUcR9KR6JFAjCuM,nicht funktionsfähig,Olumsuz,-1
313235,Tesla Supercharger Kalwang,Tesla (including non-tesla),Avusturya,47.422725,14.759266,ChIJocnnswrAcUcRvyJhIf_67iI,"Der SuC ist TOP. Genug V4 Stalls, mit voller Leistung, schöne Umgebung und Aussicht, die Lounge ist ein Traum. Das WC Thema an der Tanke ist nicht ganz optimal. Warum hat Tesla keine Toilette in die Lounge integriert 🤔🤔🤔",Olumlu,1
313235,Tesla Supercharger Kalwang,Tesla (including non-tesla),Avusturya,47.422725,14.759266,ChIJocnnswrAcUcRvyJhIf_67iI,"Das beste Tesla Supercharger. Die Lounge ist traumhaft. Es war schön gemütlich warm, wo gerade draußen Schnee auf der Straßen lag. Es war so toll und geschmackvoll eingerichtet.
Die Toilette gibt es bei der Raststätte neben an.
Kaffee und Snacks gibt es von zwei Automaten draußen.
Auch deswegen liebe ich Tesla und es gibt für mich keine andere Elektroautos, die in Frage kommen würden.
Danke Tesla! Es war ein Vergnügen ♥️",Olumlu,1
313235,Tesla Supercharger Kalwang,Tesla (including non-tesla),Avusturya,47.422725,14.759266,ChIJocnnswrAcUcRvyJhIf_67iI,"Supercharger samt Lounge top!
Ebenso die Raststation Viertler, bei der wir Sonntag Mittag ein hervorragendes, günstiges Mittagsmenü bekommen haben (kein Convenience-Food !!!!).",Olumlu,1
313235,Tesla Supercharger Kalwang,Tesla (including non-tesla),Avusturya,47.422725,14.759266,ChIJocnnswrAcUcRvyJhIf_67iI,"Es ist ein eigenes Häuschen zum Sitzen, mit Klimaanlage und Automaten für Kaffee und Snacks. Alles sehr sauber. Gleich neben an, ein Rasthaus mit gutem Essen.",Olumlu,1
313235,Tesla Supercharger Kalwang,Tesla (including non-tesla),Avusturya,47.422725,14.759266,ChIJocnnswrAcUcRvyJhIf_67iI,"Ein sehr schöner Supercharger mit toller Aussicht, mit bis zu 250 kW kann man hier seinen Tesla an den V3 laden.
Es gibt eine Lounge mit freiem Wlan, Kaffeeautomat und Snacks.
Bisher mein Favorit.",Olumlu,1
126061,Langkampfen Supercharger,Tesla (Tesla-only charging),Avusturya,47.534597,12.092972,ChIJJzz-w8YxdkcRa_cqKPfyLaU,"Nach 12 Stunden Fahrt mit unserem Model Y zum Laden angesteuert. Location ist gut, die Tesla Lounge wäre uns 5 Sterne wert aber wir haben schmerzlich einen Wickeltisch vermisst. Dabei wäre das keine große Sache, einfach an der Wald montiert und fertig. Schade ☹️",Olumsuz,-1
126061,Langkampfen Supercharger,Tesla (Tesla-only charging),Avusturya,47.534597,12.092972,ChIJJzz-w8YxdkcRa_cqKPfyLaU,"Toller Supercharger inkl. Lounge für die Ladeweile. Standort liegt direkt an der Autobahn und ein Supermarkt ist auch direkt gegenüber. Die Tür zur Lounge ist mit Pin Code zu öffnen, den man im Navi findet. Die Lounge ist im ersten Stock und daher nicht barrierefrei. Die Toiletten sind sauber und es gibt Sitzgelegenheiten sowie Automaten mit Snacks und Getränken. WiFi und Steckdose sind ebenso vorhanden. So sollten alle Supercharger sein.",Olumlu,1
126061,Langkampfen Supercharger,Tesla (Tesla-only charging),Avusturya,47.534597,12.092972,ChIJJzz-w8YxdkcRa_cqKPfyLaU,"Schöner Ladepark mit eigener Tesla Lounge über der Tankstelle. Lounge nur für Tesla Kunden da diese eine Pin gesicherte Eingangstür hat.
Ansonsten super mit Sitzmöglichkeiten, Automaten für Getränke,Essen und diversen Sachen.
Toilette ist auch vorhanden.
Daher recht entspanntes lade",Olumlu,1
126061,Langkampfen Supercharger,Tesla (Tesla-only charging),Avusturya,47.534597,12.092972,ChIJJzz-w8YxdkcRa_cqKPfyLaU,"Schnelles Laden bei 27 Ladesäulen.
Sehr schöne Tesla Lounge mit Kaffee für faire 2€. Für einen Schokoriegel 2,20€ ist allerdings sportlich. Aber gegenüber ist ein großer Supermarkt. Sehr saubere Toiletten und auch ne Decke liegt im Wartebereich.",Olumlu,1
126061,Langkampfen Supercharger,Tesla (Tesla-only charging),Avusturya,47.534597,12.092972,ChIJJzz-w8YxdkcRa_cqKPfyLaU,"Die Lage und die Tesla lounge sind super, es gibt auch einen Supermarkt über die Straße und eine Waschanlage hier. Einziges Manko sind die wenigen ladeplätze und da jetzt auch andere Marken hier laden ist es sehr voll... Sorry
muss leider die Bewertung nach unten revidieren, da mein Auto an drei verschiedenen Ladesäulen einen Fehler angezeigt hat. Ist super wenn man das nicht gleich checkt und gemütlich in der lounge wartet und wenn man zurück kommt gibt es 0,00 Kilometer mehr...",Nötr,0
113872,Gruenwald Resort Soelden,Tesla (Tesla-only charging),Avusturya,46.973527,11.002724,ChIJn3EzDFkynUcRD3fIximvqtY,"Entgegen dem Eintrag in der Shell App gibt es zwei CCS Kabel (davon 1 defekt, das andere lädt nur 75kwh) und an der gleichen Säule eine Dose für Typ2. Das heißt selbst im Idealfall können hier nur 2 Autos laden.
Der kWh Preis ist außergewöhnlich hoch und unterscheidet nicht zwischen schnell und langsamen Laden.
(Auf Grund der vielen anderen Rezensionen zum Preis noch der Hinweis: es geht eine üppige Blockiergebühr. Wer also meint, den ganzen Tag beim wandern einen Schnelllader blockieren zu müssen, sollte mit dem Preis leben. Ich habe 0,85€ pro kw/h gezahlt. )",Nötr,0
113872,Gruenwald Resort Soelden,Tesla (Tesla-only charging),Avusturya,46.973527,11.002724,ChIJn3EzDFkynUcRD3fIximvqtY,"Siehe andere Rezensionen. Statt der angeblichen 4 Stecker gibt es nur 2, und die sind defekt. Kein Aufladen möglich.",Olumsuz,-1
113872,Gruenwald Resort Soelden,Tesla (Tesla-only charging),Avusturya,46.973527,11.002724,ChIJn3EzDFkynUcRD3fIximvqtY,"Ladesäule funktioniert nicht, keine Stecker verfügbar trotz freiem Stecker.",Olumsuz,-1
113872,Gruenwald Resort Soelden,Tesla (Tesla-only charging),Avusturya,46.973527,11.002724,ChIJn3EzDFkynUcRD3fIximvqtY,Laden startet nicht. Auch nicht mit QR Code. Lediglich Typ 2 hat funktioniert.,Olumsuz,-1
113872,Gruenwald Resort Soelden,Tesla (Tesla-only charging),Avusturya,46.973527,11.002724,ChIJn3EzDFkynUcRD3fIximvqtY,Funktion wie erwartet. Mit der Ladekarte lädt das Auto sofort keine Probleme. Etwas friedlich zum einparken.,Olumlu,1
84245,Hotel Trattlerhof,Tesla (Tesla-only charging),Avusturya,46.810697,13.769889,ChIJ77y-RTOQcEcRhPfs78qix88,Heute geladen hat problemlos funktioniert,Olumlu,1
84245,Hotel Trattlerhof,Tesla (Tesla-only charging),Avusturya,46.810697,13.769889,ChIJ77y-RTOQcEcRhPfs78qix88,"Der Festpreis von 35 € ist angemessen, wenn der Akku leer ist. Ansonsten finden Sie in der Nähe bestimmt etwas Günstigeres! Bezahlen Sie im Voraus an der Rezeption, dann wird Ihnen das Ladegerät geöffnet.",Nötr,0
84245,Hotel Trattlerhof,Tesla (Tesla-only charging),Avusturya,46.810697,13.769889,ChIJ77y-RTOQcEcRhPfs78qix88,"Leicht zu finden. Hinweis: Festpreis von 25 € pro Ladevorgang (unabhängig von der Anzahl der verbrauchten kWh). Die Bezahlung erfolgt an der Rezeption des Parks (Sie sind daher an die Öffnungszeiten der Rezeption gebunden, um mit dem Laden zu beginnen).",Olumlu,1
84245,Hotel Trattlerhof,Tesla (Tesla-only charging),Avusturya,46.810697,13.769889,ChIJ77y-RTOQcEcRhPfs78qix88,Das Ladegerät funktioniert nicht.,Olumsuz,-1
108703,Hotel & Golfclub Gut Brandlhof,Tesla (Tesla-only charging),Avusturya,47.482136,12.83139,ChIJU5PSGdn6dkcR5opd2CPs20E,"Hat gut geklappt. Hab mit dem Scancode für 66 Cent laden können. Ladeleistung war wie zu erwarten, gut. Es ist halt nichts unterhaltsames in der Nähe. Evtl. wenn gerade ein Fahrtraining vom ÖAMTC ist gäbe es was zum zuschauen. Sehr Positiv: es gibt ein ziemlich langes CCS Kabel",Olumlu,1
108703,Hotel & Golfclub Gut Brandlhof,Tesla (Tesla-only charging),Avusturya,47.482136,12.83139,ChIJU5PSGdn6dkcR5opd2CPs20E,Top – 150 kW,Olumlu,1
75578,Millenium City Garage Ph 1,TANKE Wien Energie,Avusturya,48.2409586,16.3861415,ChIJr7Th1TQGbUcRAqekFgRLw5A,"Update: 1 Ladepunkt ist schon seit längerem außer Betrieb, wann wird der repariert?

2 x 100 kW, liegen etwas versteckt unter der Brücke am Eingang zur Müllverbrennungsanlage, nur von oben erreichbar, wer vom Kanal kommt muss also erstmal hoch zur Spittelau",Olumsuz,-1
75578,Millenium City Garage Ph 1,TANKE Wien Energie,Avusturya,48.2409586,16.3861415,ChIJr7Th1TQGbUcRAqekFgRLw5A,Ich konnte mein Auto hier problemlos aufladen. Es liegt in der Nähe des Stadtzentrums. Meine NL Alphabet-Karte funktioniert einwandfrei.,Olumlu,1
81500,Hotel Almesberger,Tesla (Tesla-only charging),Avusturya,48.646221,13.971745,ChIJX1K4_W2DdEcRODtWD0lFt8s,"Hier ist kein Tesla Supercharger. Vielleicht ein Destinationcharger.. Aber auf der Tesla Seite ist der hier nicht eingetragen...
würde mich auch wundern warum man hier einen Schnellader braucht",Olumsuz,-1
31486,Siemensstraße,Essent (NL),Avusturya,46.595491,13.85395,ChIJQTSS4XB_ekcR_5vG5LMiUZA,"Offenbar sehr neu, bisschen versteckt aber mit Navi gut zu finden!
Nicht überlaufen und Ladeleistung sehr gut!",Olumlu,1
31486,Siemensstraße,Essent (NL),Avusturya,46.595491,13.85395,ChIJQTSS4XB_ekcR_5vG5LMiUZA,Suppa auswahl echt mega cool,Olumlu,1
31486,Siemensstraße,Essent (NL),Avusturya,46.595491,13.85395,ChIJQTSS4XB_ekcR_5vG5LMiUZA,Kein WC in der Nähe....,Olumsuz,-1
31486,Siemensstraße,Essent (NL),Avusturya,46.595491,13.85395,ChIJQTSS4XB_ekcR_5vG5LMiUZA,"Schnell, sauber, leider weder Klo noch etwas zu trinken oder essen.",Olumlu,1
97460,Hotel Restaurant Boehlerstern,Tesla (Tesla-only charging),Avusturya,47.443155,15.287829,ChIJo_LrwZkebkcRJpeVhQTKNW8,"Verrechnen nach kWh, ca. 0,8€ ja kWh
Muss vom der Rezeption freigeschaltet werden",Olumsuz,-1
97643,Poysdorf Supercharger,Tesla (Tesla-only charging),Avusturya,48.676461,16.622836,ChIJP2lfocgvbUcRIbdA4yD6Cko,"Liegt direkt am Golfplatz, nicht viel los hier. Spaziergang durch die Weingärten während des Ladens ist möglich. Wegweiser zum SC wäre hilfreich.",Olumlu,1
97643,Poysdorf Supercharger,Tesla (Tesla-only charging),Avusturya,48.676461,16.622836,ChIJP2lfocgvbUcRIbdA4yD6Cko,"Sind am späteren Abend ca. 20 Uhr dort angekommen, war nicht gut beschildert, vor allem in der Dunkelheit. Laden funktioniert gut, so wie man es vom Supercharger erwartet.
Toiletten müssen im Golfhotel benutzt werden. Insgesamt standen 6 Supercharger zur Verfügung.",Nötr,0
97643,Poysdorf Supercharger,Tesla (Tesla-only charging),Avusturya,48.676461,16.622836,ChIJP2lfocgvbUcRIbdA4yD6Cko,"Extravagant Schön und wunderbar Atmosphäre. Super zu Finden und Wunderschön anzusehen.
Ultimative 👍.
Gleich Daneben ein Extravagant tolles Hotel",Olumlu,1
97643,Poysdorf Supercharger,Tesla (Tesla-only charging),Avusturya,48.676461,16.622836,ChIJP2lfocgvbUcRIbdA4yD6Cko,"Praktisch nicht beschildert, wenig Platz fürs Rangieren und etwas weit von der Autobahn entfernt. Die erste Ladesäule hat auf Anhieb nur ca. 30 kW geliefert, was auch bei der Abrechnung nach Minuten (Stand Juni 2025) doch eher ärgerlich war (andere Säulen haben ganz normal funktioniert). Dafür liegt der Charger direkt neben einem Hotel/Restaurant mit entsprechenden Annehmlichkeiten und lädt daher zu einer Mittagspause ein.",Olumsuz,-1
97643,Poysdorf Supercharger,Tesla (Tesla-only charging),Avusturya,48.676461,16.622836,ChIJP2lfocgvbUcRIbdA4yD6Cko,Super schön gelegen. Tolles Restaurant im Anschluss. Klare Empfehlung für einen tollen Stop ohne Ladeweile von Doc Tesla #doctesla,Olumlu,1
106488,Active Chalet,Tesla (Tesla-only charging),Avusturya,47.409222,12.920642,ChIJzbm6jMPjdkcR6UcAt9lVTWU,Könnt ihr vergessen. Nur mit Salzburger Ladekarte…,Nötr,0
106488,Active Chalet,Tesla (Tesla-only charging),Avusturya,47.409222,12.920642,ChIJzbm6jMPjdkcR6UcAt9lVTWU,"Hinter der Wand etws versteckt, aber lädt zuverlässig 👌🏻",Olumlu,1
106488,Active Chalet,Tesla (Tesla-only charging),Avusturya,47.409222,12.920642,ChIJzbm6jMPjdkcR6UcAt9lVTWU,Kein destination charger,Olumsuz,-1
106488,Active Chalet,Tesla (Tesla-only charging),Avusturya,47.409222,12.920642,ChIJzbm6jMPjdkcR6UcAt9lVTWU,"Hier gibt es keine Tesla Destination Charger. Das Schild ist zwar da, aber die Ladestation fehlt. Es gibt eine Standardladestation, die per App oder Ladekarte aktiviert werden kann. (Übrigens: Nur für ein Auto.)",Nötr,0
273174,Supercharger Spittal an der Bau,Tesla (including non-tesla),Avusturya,46.77937164364195,13.53168180582179,ChIJUUcn4tCjcEcRyjSt0Kt8klI,"Wunschgemäß geladen, viele Stationen frei. Einkaufszentrum und Geschäfte In der Nähe, McDonald’s gegenüber. In der Tankstelle gleich daneben kann man gratis auf Toilette gehen und es gibt faire Preise für Getränke und Kaffee. Top!",Olumlu,1
273174,Supercharger Spittal an der Bau,Tesla (including non-tesla),Avusturya,46.77937164364195,13.53168180582179,ChIJUUcn4tCjcEcRyjSt0Kt8klI,"V3 Supercharger mit 250 kW. Leicht zu finden. Waren Sonntags da, dementsprechend keine Läden offen. Direkt gegenüber ist eine Tankstelle. Toiletten wurden uns kostenlos angeboten. Haben natürlich der Kassiererin ein großzügiges Trinkgeld gegeben in der Hoffnung dass das auch zukünftig so bleibt. War alles sehr sauber. McDonald's gegenüber auf der anderen Straßenseite. Ein Baum spendete uns Schatten. Leider viel Müll um die Charger herum...",Olumlu,1
273174,Supercharger Spittal an der Bau,Tesla (including non-tesla),Avusturya,46.77937164364195,13.53168180582179,ChIJUUcn4tCjcEcRyjSt0Kt8klI,"Sehr gut  gelegen, direkt neben der Autobahn, diverse Einkaufsmöglichkeiten gleich in der Nähe, schnelle Aufladung, Toiletten in der Tankstelle daneben. Passt alles !",Olumlu,1
273174,Supercharger Spittal an der Bau,Tesla (including non-tesla),Avusturya,46.77937164364195,13.53168180582179,ChIJUUcn4tCjcEcRyjSt0Kt8klI,"Beim Charger ist soweit alles in Ordnung.. aber es wurde wieder mal ohne Hirn hingebaut....bei Regen steht das Wasser überall  bis zu den Säulen.. man muss ins Wasser steigen beim anstecken.
Zudem ist kein Spiegel bei der Einfahrt - Tankstellen-Kunden und Tesla-Kunden  knallen fast jedes mal in der unübersichtlichen Ecke zusammen.  Deswegen nur 2 Sterne",Olumsuz,-1
273174,Supercharger Spittal an der Bau,Tesla (including non-tesla),Avusturya,46.77937164364195,13.53168180582179,ChIJUUcn4tCjcEcRyjSt0Kt8klI,"Zwar ein Stückchen von der Autobahnabfahrt entfernt, dafür praktisch gelegen an einem Fachmarktzentrum. McDonald’s in unmittelbarer. An manchen Säulen zwar etwas eng zu parken aber schaffbar.",Olumlu,1
77337,Ladestation Outlet Center 2,SMATRICS Netz,Avusturya,47.976832,16.852587,ChIJb-AIN2tdbEcR7BUbx-Zyx48,"Hände weg von dieser Ladestation!
AB DER 60.MINUTE LADEZEIT WIRD EINE STANDGEBÜHR VERRECHNET!
Es werden EUR 0,19/Min. Standgebühr trotz Ladetätigkeit verrechnet!",Olumsuz,-1
77337,Ladestation Outlet Center 2,SMATRICS Netz,Avusturya,47.976832,16.852587,ChIJb-AIN2tdbEcR7BUbx-Zyx48,"Bereits das zweite Mal innerhalb von 3 Monaten an der Ladestation der Smatrics in Parndorf gewesen und diese funktionierte wieder nicht. Ein Restart wäre laut dem Telefonsupport der Smatrics, die Lösung, aber da ein weiteres Auto angeschlossen war, konnte man das nicht umsetzen, obwohl das Display vom anderen Fahrzeug nicht so aussah, als würde es laden. Mit einem leeren Akku ist man bei dieser Station verloren.",Olumsuz,-1
77337,Ladestation Outlet Center 2,SMATRICS Netz,Avusturya,47.976832,16.852587,ChIJb-AIN2tdbEcR7BUbx-Zyx48,"Schritt 1: Ladekabel an die passende Dose stecken (Typ2, Schukostecker, 16A Drehstromdose)
Schritt 2: Ladekarte an die Ladesäule halten oder mittels QR-Code adhoc Ladevorgang starten.
Schritt 3: Ladekabel an das Fahrzeug stecken.",Olumlu,1
77337,Ladestation Outlet Center 2,SMATRICS Netz,Avusturya,47.976832,16.852587,ChIJb-AIN2tdbEcR7BUbx-Zyx48,"Kurzer Weg von der Autobahn, gute Lage.",Olumlu,1
77337,Ladestation Outlet Center 2,SMATRICS Netz,Avusturya,47.976832,16.852587,ChIJb-AIN2tdbEcR7BUbx-Zyx48,defekt,Olumsuz,-1
75560,Wipark Garage Agnes-Primocic-Gasse,TANKE Wien Energie,Avusturya,48.2259324,16.5014404,ChIJHz32mAkBbUcRN-2i6Dnm0Zg,Gut,Olumlu,1
162137,Biohotel Grafenast,Vlotte,Avusturya,47.32002278041361,11.71900632718257,ChIJVXoTpLJinUcR4vwbjBt81vI,"QR Code scannen, Kreditkarte oder PayPal als Zahlung und man kann laden - 22 kW, Typ2",Olumlu,1
92358,Mödling CityCenter,Ella,Avusturya,48.0860756,16.2964368,ChIJP2XvQgSvbUcRhGkJNLsHqBA,"Das erste Mal dort aufgeladen. Unmittelbar neben der Autobahn Abfahrt, Kaffee und Getränke Automaten ca 50 Meter neben Super Charcher 👌",Olumlu,1
82083,Natur und Vitalhotel Innsholz,Tesla (Tesla-only charging),Avusturya,48.705157,13.94708,ChIJhSvUChSbdEcRbKGuBTJZ7-s,Nicht mehr vorhanden,Olumsuz,-1
82083,Natur und Vitalhotel Innsholz,Tesla (Tesla-only charging),Avusturya,48.705157,13.94708,ChIJhSvUChSbdEcRbKGuBTJZ7-s,2x Typ 2 11kW,Olumlu,1
103709,Hotel Karnerhof,Tesla (Tesla-only charging),Avusturya,46.586523,13.925681,ChIJ75G19BeAekcRnSOhsTlgvjw,"Es erweckt den Eindruck, als diese Tesla Destination Charger nur für Hotelgäste sind.",Olumlu,1
103709,Hotel Karnerhof,Tesla (Tesla-only charging),Avusturya,46.586523,13.925681,ChIJ75G19BeAekcRnSOhsTlgvjw,8 Super Charger Stationen,Olumlu,1
127990,Schnellladestation Vogl + Co,SMATRICS Netz,Avusturya,47.292561,16.19714,ChIJIdd4FQeNbkcR6p73VXxpLyI,"super schöne Ladestation mit 300 kwh am Billaparkplatz.
Leider gibt es keinen Mistkübel für den Kaffeebecher oder Müll.",Olumlu,1
127990,Schnellladestation Vogl + Co,SMATRICS Netz,Avusturya,47.292561,16.19714,ChIJIdd4FQeNbkcR6p73VXxpLyI,"Ladestation grundsätzlich in Ordnung. Aber ob man es wohl schafft den vollen Müllsack, welcher schon seit Monaten hinter der Ladesäule liegt, zu entfernen? (27.6.2025)",Nötr,0
127990,Schnellladestation Vogl + Co,SMATRICS Netz,Avusturya,47.292561,16.19714,ChIJIdd4FQeNbkcR6p73VXxpLyI,Hat Problemlos funktioniert mit SMATRICS Karte. Allerdings nur rund 75kW Ladeleistung obwohl ich ganz alleine dort stand.,Olumlu,1
127990,Schnellladestation Vogl + Co,SMATRICS Netz,Avusturya,47.292561,16.19714,ChIJIdd4FQeNbkcR6p73VXxpLyI,Schmutzig und 1x300kW für 4 Säulen😐,Olumsuz,-1
127990,Schnellladestation Vogl + Co,SMATRICS Netz,Avusturya,47.292561,16.19714,ChIJIdd4FQeNbkcR6p73VXxpLyI,Leider wird auch hier der Skoda Powerpass nicht akzeptiert,Olumsuz,-1
162402,WIFI Innsbruck,Be Energised (has-to-be),Avusturya,47.25557135781625,11.38116869274063,ChIJ5b-B8OtrnUcRW9-rTQI5VJU,In der Tiefgarage des Hotels. Hat für uns nicht funktioniert,Olumsuz,-1
107227, ENI-GUTMANN Tankstelle - Kematen in Tirol Austria,da emobil,Avusturya,47.2618376595704,11.2644848800087,ChIJGzr7yO4UnUcRTRujhbmyXJ0,"Ladegeschwindigkeit wie angegeben, jedoch wurde der Ladevorgang 2x von der Station eigenständig abgebrochen, so dass 2x Grundgebühr gezahlt wurde",Nötr,0
107227, ENI-GUTMANN Tankstelle - Kematen in Tirol Austria,da emobil,Avusturya,47.2618376595704,11.2644848800087,ChIJGzr7yO4UnUcRTRujhbmyXJ0,"Ladestationen werden immer wieder von Verbrennen als Parkplatz genutzt und versperren die Plätze dadurch.

Ladegeschwindigkeit war bei 50kw, könnte jedoch an den Temperaturen liegen.",Olumlu,1
107227, ENI-GUTMANN Tankstelle - Kematen in Tirol Austria,da emobil,Avusturya,47.2618376595704,11.2644848800087,ChIJGzr7yO4UnUcRTRujhbmyXJ0,"300kW sind zwar angegeben, doch anscheinend teilen sich alle 3 Säulen diese 300kW. Denn wir haben parallel mit einem anderen Auto nur mit 49kW geladen. Auch als dieses Auto dann fertig war, ging es nicht höher als 90kW.",Olumsuz,-1
107227, ENI-GUTMANN Tankstelle - Kematen in Tirol Austria,da emobil,Avusturya,47.2618376595704,11.2644848800087,ChIJGzr7yO4UnUcRTRujhbmyXJ0,langsam,Olumsuz,-1
107227, ENI-GUTMANN Tankstelle - Kematen in Tirol Austria,da emobil,Avusturya,47.2618376595704,11.2644848800087,ChIJGzr7yO4UnUcRTRujhbmyXJ0,Ladeleistung schwankt stark. Trotz 300kw angegeben bin ich im Schnitt nur auf 60kw gekommen. In der Spitze nur auf max 95.,Olumsuz,-1
97589,Hotel Educare,Tesla (Tesla-only charging),Avusturya,46.655961,13.881045,ChIJjTCa4B2BcEcRD80XURPpogY,Top Verfügbarkeit und sehr Modern V2 und V3,Olumlu,1
77751,Schnellladestation Burger King,SMATRICS Netz,Avusturya,48.187714,16.338949,ChIJDfWxaCKobUcRQA5PC3IdHHo,Hat prima funktioniert. Die Zufahrt ist  für Ortsunkundige etwas verwirrend (viele Einbahnstraßen ringsum).,Olumlu,1
77751,Schnellladestation Burger King,SMATRICS Netz,Avusturya,48.187714,16.338949,ChIJDfWxaCKobUcRQA5PC3IdHHo,"Besser geht es nicht. Maximal schnelles Laden, und in der Zeit ein Whopper oder ein Kaffee. Perfekt! Nach 20 Chicken Wings ist dein Auto vollgetankt! 😃😃😃",Olumlu,1
77751,Schnellladestation Burger King,SMATRICS Netz,Avusturya,48.187714,16.338949,ChIJDfWxaCKobUcRQA5PC3IdHHo,Leicht zu finden. Direkt neben Burger King für eine kurze Pause.,Olumlu,1
77751,Schnellladestation Burger King,SMATRICS Netz,Avusturya,48.187714,16.338949,ChIJDfWxaCKobUcRQA5PC3IdHHo,😃🖖,Olumlu,1
77751,Schnellladestation Burger King,SMATRICS Netz,Avusturya,48.187714,16.338949,ChIJDfWxaCKobUcRQA5PC3IdHHo,"Zahlung per Karte ist am Terminal nicht möglich, aber per QR-Code, Internet usw.",Nötr,0
88305,SC Traisenpark,Tesla (Tesla-only charging),Avusturya,48.223068,15.635872,ChIJV6Z7p1B_ckcRk57bPMf0-dE,"Schöne und saubere Tankstelle. Große Auswahl, sehr nette und freundliche Bedienung auch am Wochenende :)",Olumlu,1
279098,Autohof Leitner,SMATRICS Netz,Avusturya,47.00909142211452,15.44099641173446,ChIJK-8GSti1b0cRazOmGvrDeT0,"Laden funktioniert hier in der Regel sehr gut. Da der Standort über einen HPC-Hub mit integriertem BESS (der große Batterie-Container direkt daneben) verfügt, wird das schwache Stromnetz gut genutzt. Wenn allerdings zu viele Fahrzeuge gleichzeitig laden, merkt man, dass die Leistung der Ladesäulen etwas in die Knie geht, sobald der Puffer beansprucht wird. Die Hardware (Stecker und Dispenser) ist sehr zuverlässig. Ich lade hier oft, da der Standort super zu erreichen ist und man die Zeit bei McDonald’s oder an der Tankstelle (mit Waschanlage) gut überbrücken kann.",Olumlu,1
279098,Autohof Leitner,SMATRICS Netz,Avusturya,47.00909142211452,15.44099641173446,ChIJK-8GSti1b0cRazOmGvrDeT0,"Ich lade hier recht oft meine Autos, hab einen Peugeot Bus und einen E-Niro.
Eigentlich funktioniert die Ladung immer. Kann mich jetzt nicht erinnern das wir mal Probleme hatten. Was ich aber echt mal sagen muss ist: Bei den Preisen dürfen die Plätze echt mal aufgeräumt werden. Sehr viel Müll liegt herum, leider ist der Mülleimer auch oft übervoll, wird der nur 1x im Jahr geleert? Und die Büsche stehen bis ins Auto. Bitte nachbessern",Olumsuz,-1
279098,Autohof Leitner,SMATRICS Netz,Avusturya,47.00909142211452,15.44099641173446,ChIJK-8GSti1b0cRazOmGvrDeT0,"Wir haben an einer Smatrics-Ladestation versucht, unser Elektroauto zu laden – angeblich sollte das einfach und ohne Registrierung per Bankkarte möglich sein. Leider wurde die Zahlung viermal abgelehnt, dabei wurden viermal 100 € auf unserem Konto reserviert, und dieser Betrag ist seit über einem Monat immer noch blockiert!

Wir haben dreimal mit dem Kundendienst telefoniert, jedes Mal wurde ein Rückruf versprochen – aber niemand hat sich je gemeldet, und es ist bis heute nichts passiert.

So ein Service ist absolut inakzeptabel. Keine Kommunikation, kein Rückruf, keine Lösung – nur Ärger und blockiertes Geld. Nie wieder Smatrics!",Olumsuz,-1
279098,Autohof Leitner,SMATRICS Netz,Avusturya,47.00909142211452,15.44099641173446,ChIJK-8GSti1b0cRazOmGvrDeT0,Hallo erstmal! Also man kann hier Laden. Nix besonderes hier!,Olumlu,1
279098,Autohof Leitner,SMATRICS Netz,Avusturya,47.00909142211452,15.44099641173446,ChIJK-8GSti1b0cRazOmGvrDeT0,"Update 02.2022
Von 3 auf 4 Sterne
Landeplatz dieses Mal sauber
Alle Lader funktionieren

——
4x 175kW HPC
Ein Lader war bei unserem Besuch kaputt

Auf der Rückseite der Tankstelle
Fast food und Supermarkt in der Nähe

Der Ladeplatz war sehr schmutzig
Im Dunkeln ist es hier wahrscheinlich nicht sehr angenehm zu laden",Nötr,0
77309,Ladestation Billa,SMATRICS Netz,Avusturya,47.066536,15.46855,ChIJQ1btKZpKbkcROrDkaxFLbSI,"ACHTUNG ABZOCKE: Diese Fläche gehört zu McDonald’s, auch wenn nicht zweifelsfrei erkennbar, und führt dazu, dass die erlaubte Parkdauer von 90min bei einer tiefentladenen E-Auto Batterie überschritten wird und dem zur Folge eine Strafzahlung ins Haus flattert.

Schnell laden funktioniert bei Typ 2 ebenso nicht, die 22kWh sind mit 11kWh am Limit.",Olumsuz,-1
77309,Ladestation Billa,SMATRICS Netz,Avusturya,47.066536,15.46855,ChIJQ1btKZpKbkcROrDkaxFLbSI,"Achtung!!!
Die maximale Parkdauer von 90 min wird sehr streng kontrolliert und es kommt bei Überschreitung zu eine Strafe von (übertriebenen!!!!) 120 Euro.",Olumsuz,-1
77309,Ladestation Billa,SMATRICS Netz,Avusturya,47.066536,15.46855,ChIJQ1btKZpKbkcROrDkaxFLbSI,Für eine 300kwh Anlage ist die Ladeleistung mehr als bescheiden ….,Olumsuz,-1
77309,Ladestation Billa,SMATRICS Netz,Avusturya,47.066536,15.46855,ChIJQ1btKZpKbkcROrDkaxFLbSI,"Finger weg von dieser Ladestation. Habe dort im Mai geladen und jetzt Anfang August die Abmahnung von Park Control bekommen, ich hätte auf dem McDonald's Parkplatz die erlaubte Parkdauer überschritten. Hätten sich die zwei Wochen Frist mit meinem Urlaub überschritten wäre die Forderung von knapp 100 Euro an ein Inkassobüro gegangen. Telefonisch bei Park Control niemanden erreicht...dabei hat man ja jeden Tag von 10 - 12 Uhr.... Nach Nachweis des Ladens per Email wurde die Forderung storniert...",Olumsuz,-1
77309,Ladestation Billa,SMATRICS Netz,Avusturya,47.066536,15.46855,ChIJQ1btKZpKbkcROrDkaxFLbSI,"Erst beim zweiten Mal anstecken hat der Ladevorgang gestartet.
Abbruch durch die Ladesäule (CCS) nach kurzer Zeit, Grund unbekannt.",Olumsuz,-1
162166,Riedz Apartments,Vlotte,Avusturya,47.27164881326533,11.387569143844871,ChIJqSCnK5JrnUcRGv3Fxvlj1mg,"An der Shell Tankstelle weiß niemand bescheid... Es geht keine einzige Lade-App man kann nur tanken mit der Shell App. Interessant ist.. Diesel kann ich auch ohne Shell App tanken..
Mit der Kreditkarte hat auch nicht gleich funktioniert... Stecker musste zweimal ein und ausgesteckt werden.
Alle Plätze mit Verbrenner belegt die Autos putzen.",Olumsuz,-1
162166,Riedz Apartments,Vlotte,Avusturya,47.27164881326533,11.387569143844871,ChIJqSCnK5JrnUcRGv3Fxvlj1mg,"Sonntags um 18 Uhr herrschte hier Chaos. Die Ladesäulen sind gleichzeitig Staubsaugerplätze, was dazu führt, dass fast alle Ladeplätze von Verbrennerfahrern blockiert werden – ein echtes Ärgernis für E-Auto-Fahrer. Selbst wenn man einen Platz bekommt, liegt die Ladeleistung unter idealen Bedingungen bei mir nur bei maximal 130 kW – deutlich weniger wie bei mir üblich.",Olumsuz,-1
162166,Riedz Apartments,Vlotte,Avusturya,47.27164881326533,11.387569143844871,ChIJqSCnK5JrnUcRGv3Fxvlj1mg,"Insbesondere an sonnigen Wochenenden sind gerne alle Ladestation belegt - mit Verbrennern, die nicht laden, aber ihre Autos saugen und putzen. Die diversen Apps zeigen natürlich 4 freie Ladeplätze.
Nachfrage beim Personal: Ist halt so, kann man nichts machen.
Bei drei Besuchen meinerseits konnte ich nur einmal laden - war auch ein regnerischer Abend, an dem niemand sein Auto putzt.",Olumlu,1
162166,Riedz Apartments,Vlotte,Avusturya,47.27164881326533,11.387569143844871,ChIJqSCnK5JrnUcRGv3Fxvlj1mg,2 x 300kW Ladestation von Shell Recharge. Ladeleistung voll da. Mit Shell Recharge App gibt es einen Gratis Kaffee. Jippey. Auch Staubsauger sind bei den Ladeplätzen platziert. Ladeplätze sind alle Überdacht und Beleuchtet.,Olumlu,1
162166,Riedz Apartments,Vlotte,Avusturya,47.27164881326533,11.387569143844871,ChIJqSCnK5JrnUcRGv3Fxvlj1mg,Am liebsten null Sterne! Ladeleistung 70kw bei maximaler 300kw Leistung.,Olumsuz,-1
84284,Vienna Sporthotel,Tesla (Tesla-only charging),Avusturya,48.191284,16.408041,ChIJE9g8D5KnbUcRADtdTQBMALE,"Soweit alles bestens nur die Zufahrt kann man leicht übersehen, besonders in der Nacht.  Wenn man beobachtet wie jeder 2. mindestens einmal vorbei fährt bis er die Einfahrt gefunden hat. Zwei beleuchtete Pfosten oder so wären da sehr hilfreich.",Olumlu,1
84284,Vienna Sporthotel,Tesla (Tesla-only charging),Avusturya,48.191284,16.408041,ChIJE9g8D5KnbUcRADtdTQBMALE,"Alle 8 Ladestationen waren in Betrieb, 6 davon frei.
McDonalds nebenan.",Olumlu,1
84284,Vienna Sporthotel,Tesla (Tesla-only charging),Avusturya,48.191284,16.408041,ChIJE9g8D5KnbUcRADtdTQBMALE,Kleiner supercharger an der Ausfahrt von Wien.,Olumlu,1
84284,Vienna Sporthotel,Tesla (Tesla-only charging),Avusturya,48.191284,16.408041,ChIJE9g8D5KnbUcRADtdTQBMALE,"Angeblich 250 kW max, also Testweise einmal hingefahren um den neuen Supercharger zu testen der am Weg zur Arbeit liegt. Über 45 Minuten, während der fahrt die Batterie vorkonditioniert um dann mit einer herben Enttäuschung zu Laden. Von 20 - 80% hat er Perfekt die 61 kW gehalten nicht mehr/nicht weniger, sodass man brav in die teuere Ladegebühren für 0,63€ pro Minute für 60-100 kW zahlen darf (für 0-60 kW wären wir bei 0,31€ / Min). Einerseits sind 61 kW bei einen Model 3 Highland in Verbindung mit einen Supercharger ein schlechter Witz, andererseits ist ein Preis von 0,50€ per kW am Haus eigenen Supercharger einfach nicht mehr Zeitgemäß.",Olumsuz,-1
84284,Vienna Sporthotel,Tesla (Tesla-only charging),Avusturya,48.191284,16.408041,ChIJE9g8D5KnbUcRADtdTQBMALE,"Neuer Supercharger im Westen Wiens. Zufahrt mit tieferem Wagen etwas erschwert, sonst etwas verschachteltes Parken, daher Abzug eines Sternes. McDonald’s in 5 Min. fussläufig erreichbar, hier kostenfreie WC Nutzung.",Olumlu,1
87909,Alpen Wellnesshotel Barbarahof,Tesla (Tesla-only charging),Avusturya,47.269147,12.752638,ChIJM8YoFU0bd0cRe2f5MG5D7g0,"Ladung ließ sich einfach über App starten und beenden. Ladestation ist überdacht, sodass auch bei Regen und Schnee eine geschützte Bedienung möglich ist. Daneben gibt es eine Lounge mit Getränken.",Olumlu,1
87909,Alpen Wellnesshotel Barbarahof,Tesla (Tesla-only charging),Avusturya,47.269147,12.752638,ChIJM8YoFU0bd0cRe2f5MG5D7g0,sehr schöner neuer ladehub inkl. lounge zum sitzen. toll gemacht salzburg AG 🤝⚡️,Olumlu,1
87909,Alpen Wellnesshotel Barbarahof,Tesla (Tesla-only charging),Avusturya,47.269147,12.752638,ChIJM8YoFU0bd0cRe2f5MG5D7g0,"Klasse Charging Hub.
Sogar mit kleiner Lounge mit Getränkeautomat.
Laden lief einwandfrei mit ADAC/EnBW Karte.
Gerne wieder 👍",Olumlu,1
87909,Alpen Wellnesshotel Barbarahof,Tesla (Tesla-only charging),Avusturya,47.269147,12.752638,ChIJM8YoFU0bd0cRe2f5MG5D7g0,Zwei Ladestationen haben nicht funktioniert und mussten per Telefon Service gestartet werden,Olumsuz,-1
87909,Alpen Wellnesshotel Barbarahof,Tesla (Tesla-only charging),Avusturya,47.269147,12.752638,ChIJM8YoFU0bd0cRe2f5MG5D7g0,Toller kleiner Ladepark mit Lounge. Genau so muss das aussehen!,Olumlu,1
172929,Wohlfühlhotel Schiestl,Tesla (Tesla-only charging),Avusturya,47.337255,11.841019,ChIJPUA9UC3Xd0cRM1eob5tXybk,"Betreiber kümmert sich nicht darum, dass parkende Autos welche kein E-Auto sind bzw. nicht laden, den Parkplatz räumen. Somit keine Lademöglichkeit vorhanden.",Olumsuz,-1
172929,Wohlfühlhotel Schiestl,Tesla (Tesla-only charging),Avusturya,47.337255,11.841019,ChIJPUA9UC3Xd0cRM1eob5tXybk,"Bisserl versteckt hinter der Seilbahn-Talstation. Aber gut als Ladestationen markiert und einfach anzufahren.
Zwei HPC Ladepunkte und direkt daneben noch mehrere AC Ladepunkte.",Olumlu,1
172929,Wohlfühlhotel Schiestl,Tesla (Tesla-only charging),Avusturya,47.337255,11.841019,ChIJPUA9UC3Xd0cRM1eob5tXybk,"6 Ladepunkte AC Typ2 und 2 CCS vorhanden
Preis AC laden 9/2025 bei 55ct/kWh",Olumlu,1
172929,Wohlfühlhotel Schiestl,Tesla (Tesla-only charging),Avusturya,47.337255,11.841019,ChIJPUA9UC3Xd0cRM1eob5tXybk,Sehr gute Ladestation,Olumlu,1
172929,Wohlfühlhotel Schiestl,Tesla (Tesla-only charging),Avusturya,47.337255,11.841019,ChIJPUA9UC3Xd0cRM1eob5tXybk,"Lädt einwandfrei. Bezahlung mit gängigen Bankkarten. 2 Schnellladestationen, 120 kW CCS, 45 Cent/kWh. 6 Standardladestationen Typ 2, 11 kW, 30 Cent/kWh.",Olumlu,1
91877,Talstation Mölltalexpress,Kelag AG,Avusturya,46.9803219991419,13.0516030264587,ChIJ6UyI_01Jd0cR5zEddvagWqM,"4 Plätze, 2x 11kw, 2x 50kw (typ2, chademo, ccs)",Olumlu,1
91877,Talstation Mölltalexpress,Kelag AG,Avusturya,46.9803219991419,13.0516030264587,ChIJ6UyI_01Jd0cR5zEddvagWqM,Funktioniert hervorragend Danke.,Olumlu,1
472438,SMATRICS EnBW Hadikgasse,SMATRICS Netz,Avusturya,48.1923263224968,16.280491263382714,ChIJia_sBbWnbUcRC95j5aY21L4,Sehr gute Erreichbarkeit und sehr guter Zustand der Anlage,Olumlu,1
472438,SMATRICS EnBW Hadikgasse,SMATRICS Netz,Avusturya,48.1923263224968,16.280491263382714,ChIJia_sBbWnbUcRC95j5aY21L4,Lädt nicht,Olumsuz,-1
472438,SMATRICS EnBW Hadikgasse,SMATRICS Netz,Avusturya,48.1923263224968,16.280491263382714,ChIJia_sBbWnbUcRC95j5aY21L4,Nur 120 kW,Olumsuz,-1
82279,Naturhotel Waldklause,Tesla (Tesla-only charging),Avusturya,47.072291,10.965781,ChIJnyjG-YEvnUcRQj6Uc-8VUno,Schön schnell - es werden auch deutsche Shell Ladekarten akzeptiert,Olumlu,1
82279,Naturhotel Waldklause,Tesla (Tesla-only charging),Avusturya,47.072291,10.965781,ChIJnyjG-YEvnUcRQj6Uc-8VUno,"Funktioniert mit DaMobil/Gutmann Karte schafft aber keine 150 kW, hänge alleine dran und max. 110kW sind möglich.",Nötr,0
82279,Naturhotel Waldklause,Tesla (Tesla-only charging),Avusturya,47.072291,10.965781,ChIJnyjG-YEvnUcRQj6Uc-8VUno,"Direkt an der Hauptstraße, Parkplatz und Säule frei und funktionstüchtig mit der EnBW App. In der Nähe gibt es verschiedene Restaurants.",Olumlu,1
82279,Naturhotel Waldklause,Tesla (Tesla-only charging),Avusturya,47.072291,10.965781,ChIJnyjG-YEvnUcRQj6Uc-8VUno,Perfekt gelegen 2 Stecker und eine Seperate Dose. Preis ist auch wirklich akzeptabel.,Olumlu,1
82279,Naturhotel Waldklause,Tesla (Tesla-only charging),Avusturya,47.072291,10.965781,ChIJnyjG-YEvnUcRQj6Uc-8VUno,Kurze Ladekabel,Nötr,0
95263,Pension Waldruhe,Tesla (Tesla-only charging),Avusturya,47.617543,13.809711,ChIJde7WsURGcUcRBOyxZIWi1UM,"Ladestation anscheinend nur für Gäste der Pension Waldruhe. Kostenpflichtig, was leider erst beim Auschecken mitgeteilt wurde, und sehr teuer 0,75€/kWh (Stand 02.01.24)",Nötr,0
95263,Pension Waldruhe,Tesla (Tesla-only charging),Avusturya,47.617543,13.809711,ChIJde7WsURGcUcRBOyxZIWi1UM,"Beide Ladegeräte funktionierten überhaupt nicht. Besonders ärgerlich, wenn man gerade Strom für den Tesla braucht.",Olumsuz,-1
31533,Dr.-Arthur-Lemisch-Straße,Essent (NL),Avusturya,46.769535,14.359492,ChIJKRDfCIlscEcRbM4GK6Imwrk,Liefert die volle Ladeleistung. 240kW sind kein Problem.,Olumlu,1
313236,Tesla Supercharger Klagenfurt,Tesla (including non-tesla),Avusturya,46.62725,14.344498,ChIJl0XtWUxzcEcRbxguRp-iuw8,Kann ich empfehlen. Rasches Laden Preis ok.,Olumlu,1
313236,Tesla Supercharger Klagenfurt,Tesla (including non-tesla),Avusturya,46.62725,14.344498,ChIJl0XtWUxzcEcRbxguRp-iuw8,Nur mit 132 KW geladen aber ok !,Nötr,0
313236,Tesla Supercharger Klagenfurt,Tesla (including non-tesla),Avusturya,46.62725,14.344498,ChIJl0XtWUxzcEcRbxguRp-iuw8,"Das Ladegerät befindet sich auf dem Parkplatz einer geschlossenen Filiale, daher gibt es in der Nähe keine Toiletten.
Die Ladestation ist übrigens gut erreichbar.",Olumlu,1
313236,Tesla Supercharger Klagenfurt,Tesla (including non-tesla),Avusturya,46.62725,14.344498,ChIJl0XtWUxzcEcRbxguRp-iuw8,"Die Ladegeräte funktionieren. Schade, dass es keine Toiletten oder auch nur einen Automaten in der Nähe gab. Die wären auf einer langen Reise sehr praktisch gewesen 😊, vor allem, da hier sonntags alles geschlossen ist.",Olumlu,1
313236,Tesla Supercharger Klagenfurt,Tesla (including non-tesla),Avusturya,46.62725,14.344498,ChIJl0XtWUxzcEcRbxguRp-iuw8,Neue und schnelle Ladestationen. Viel besser als die beiden Standorte in Villach.,Olumlu,1
125553,Lidl Wien - Herzgasse ,Lidl,Avusturya,48.173321,16.366474,ChIJ5Yslb8mpbUcRfnLTEgk9sc4,"Guter Parkplatz, überdacht und sauber.
Ladestation ist nur wärend der Lidl Zeiten offen & es kann max. Ein Auto laden auch wenn es zwei Parkplätze und drei Abschlüsse gibt. Ladung klappte bis max. 47kw aber manchmal auch nur bis 22kw. Anzeige bei Google stimmt damit so nicht ganz: wenn 1 angesteckt ist auch kein anderer mehr tatsächlich frei.",Olumlu,1
125553,Lidl Wien - Herzgasse ,Lidl,Avusturya,48.173321,16.366474,ChIJ5Yslb8mpbUcRfnLTEgk9sc4,Gute überdachte Lademöglichkeit. Max 1h erlaubt was extrem unverständlich ist wenn man mit dem 22kw Stecker ladet. Wenn zwei Autos gleichzeitig ladet nimm die Ladesleistung extrem ab. Bei mir waren es von 20kw auf 6kw.,Olumlu,1
125553,Lidl Wien - Herzgasse ,Lidl,Avusturya,48.173321,16.366474,ChIJ5Yslb8mpbUcRfnLTEgk9sc4,Es konnte bis zu 42 kW laden. Funktionierte einwandfrei. Einziger Nachteil: Es kann immer nur ein Auto gleichzeitig laden.,Olumlu,1
313231,Tesla Supercharger Eberstalzell,Tesla (including non-tesla),Avusturya,48.039397,13.991102,ChIJUzjxZw7vc0cRq_OLESHqlvs,"Hotel daneben sehr günstig
Burger King ebenfalls
Tankstelle auch
Ladeplätze sehr sauber und alle funktionieren einwandfrei wie immer in Österreich 🇦🇹.
Komme gerne wieder
Jeden zu empfehlen!!",Olumlu,1
313231,Tesla Supercharger Eberstalzell,Tesla (including non-tesla),Avusturya,48.039397,13.991102,ChIJUzjxZw7vc0cRq_OLESHqlvs,"Aufladen war nicht möglich, da eine Störung der Ladestation vorlag (Security violation) dies betraf mehrere Stationen. Ladevorgang sollte per Tesla app für ein nicht Tesla Fahrzeug gestartet werden. In der App wurden keine Fehler angezeigt. Hat in der Vergangenheit gut funktioniert. Zum Glück sind direkt daneben auch Ladesäulen eines anderen Anbieters, die funktioniert haben.",Olumsuz,-1
313231,Tesla Supercharger Eberstalzell,Tesla (including non-tesla),Avusturya,48.039397,13.991102,ChIJUzjxZw7vc0cRq_OLESHqlvs,"Hier gibt’s HPC ohne Ende. Tesla, IONITY und Smatic alles da.",Olumlu,1
313231,Tesla Supercharger Eberstalzell,Tesla (including non-tesla),Avusturya,48.039397,13.991102,ChIJUzjxZw7vc0cRq_OLESHqlvs,"Alle Stationen im Betrieb!
Der Ladepark ist sauber, gut beleuchtet und liegt verkehrsgünstig.",Olumlu,1
313231,Tesla Supercharger Eberstalzell,Tesla (including non-tesla),Avusturya,48.039397,13.991102,ChIJUzjxZw7vc0cRq_OLESHqlvs,"Alles da was man braucht: Lounge, Snack-Automaten, WC, Fastfood-Lokal. Super Standort zum laden. Danke Tesla!",Olumlu,1
92982,Landidyll Hotel Weidenbrueck & Eli's Deli,Tesla (Tesla-only charging),Avusturya,46.983187,16.109947,ChIJIy3v3QbjbkcRqrjL2aT5Nz8,"Laden nur für Gäste des Hotel Stoiser!
(Ladestation ist in der Garage, in die nur mit Zimmerkarte eingefahren werden kann)

- 4×11kW Ladepunkte
- KEBA Wallboxen mit Remea.io Abrechnung
- Zahlung nur mit Kreditkarte (kein Roaming mit RFID Karten oder Apps)
- € 0,60 / kWh
- Plätze werden oft als Dauerparkplatz genutzt (von Verbrennern aber auch E-Autos - tagelang)

Fazit: macht was es soll, aber mühsam (Ladepunkte zugeparkt von nicht ladenden Autos, E-Mail & Kreditkartendaten eintippen, extra Rechnung,...) und extrem teuer für AC Laden",Nötr,0
92487,Hotel Stubaierhof,Tesla (Tesla-only charging),Avusturya,47.113196,11.310413,ChIJa32bUcZGnUcRbGhH1UCW6gk,"2x Tesla Destination charger
2x 22kw Typ 2 Ladestationen",Olumlu,1
79365,Hotel Enziana,Tesla (Tesla-only charging),Avusturya,48.194043,16.389112,ChIJZbddQ2QHbUcRU0eoPepV__U,Nur für Kunden von Hotel Enziana verfügbar.,Olumsuz,-1
162280,Fastcharger ENI Gutmann Vomp,da emobil,Avusturya,47.35335506188838,11.7006464892263,ChIJk2OnpwR9nUcRcwWqqpUoEf8,Bezahlen mit Kundenkarte und Kreditkarte via Kartenterminal funktioniert nicht - nur über Weboberfläche (QR-Code) und Kreditkarte. Ladeleistung nur bei ca. 50 kW,Olumsuz,-1
162280,Fastcharger ENI Gutmann Vomp,da emobil,Avusturya,47.35335506188838,11.7006464892263,ChIJk2OnpwR9nUcRcwWqqpUoEf8,"Ich mag diese Ladestation grundsätzlich, da nahe der Autobahn und gegenüber einen Tankstelle gelegen, wo eine kurze Pause gut verbracht werden kann. (Kaffee, Snack, WC)
Aber das Laden hat erst nach mehreren Versuchen funktioniert, ich würde die Wartung erhöhen, wenn ich der Betreiber bin.",Nötr,0
162280,Fastcharger ENI Gutmann Vomp,da emobil,Avusturya,47.35335506188838,11.7006464892263,ChIJk2OnpwR9nUcRcwWqqpUoEf8,Heute hat das Laden an zwei Stationen gar nicht geklappt. Dennoch hohe Abbuchungen und Reservationen durch den hohen Gundbetrag,Nötr,0
162280,Fastcharger ENI Gutmann Vomp,da emobil,Avusturya,47.35335506188838,11.7006464892263,ChIJk2OnpwR9nUcRcwWqqpUoEf8,Das Laden an diesen Säulen hat nicht funktioniert. Vorgang mehrfach abgebrochen.,Olumsuz,-1
162280,Fastcharger ENI Gutmann Vomp,da emobil,Avusturya,47.35335506188838,11.7006464892263,ChIJk2OnpwR9nUcRcwWqqpUoEf8,"Wollte mit meinem Cupra Born heute dort laden.
War der einzige zu der Zeit.
Ladevorgang hat schon nur mit 60 kW gestartet und dann immer wieder zwischen 20kW, 0kW, 50kW hin und her gewechselt. Nach ca. 15 min waren es im Durchschnitt nur ca. 38kW Leistung. Selbst bei Kälte und 50% Ladezustand schafft der Born normalerweise mindestens 75kW konstant.
Dann noch eine andere der Säulen getestet. War nicht besser. Bin dann weitergefahren und hab woanders (deutlich schneller) geladen.
Angegeben sind die Säulen mit 150kW.
Keine Ahnung ob das was defekt ist, oder was das soll.

Ansonsten von der Autobahn relativ gut erreichbar. In der Nähe ist ein Tankstellenshop mit einem einzigen Klo (war aber sauber und kostenlos) und paar Kleinigkeiten zum Essen zu kaufen.",Olumsuz,-1
79339,Flemings's Deluxe Hotel Wien City,Tesla (Tesla-only charging),Avusturya,48.209358,16.353338,ChIJM2am85QHbUcRSpSlIuuOsug,"Super Lage.
Während laden kann man in der nähe Zeit verbringen.",Olumlu,1
79339,Flemings's Deluxe Hotel Wien City,Tesla (Tesla-only charging),Avusturya,48.209358,16.353338,ChIJM2am85QHbUcRSpSlIuuOsug,Hotelgäste dürfen aufladen.,Olumsuz,-1
75577,Wipark Garage Votivpark,TANKE Wien Energie,Avusturya,48.214156,16.360452,ChIJZ-IQ1r0HbUcRpqs8zFD4VVU,"Eine äußerst praktische Ladestation für Elektroautos. Je mehr ich durch Europa reise, desto mehr beobachte ich ein wachsendes Umweltbewusstsein, insbesondere im Norden, und die zunehmende Nutzung von Elektroautos ist ein deutlicher Beweis dafür. Wir hinken zwar noch weit hinterher, aber ich bin sehr zuversichtlich, was die Zukunft angeht.",Olumlu,1
113526,Ladestation City Shopping,SMATRICS Netz,Avusturya,47.382509,15.096177,ChIJU_Bycz7ecUcRTIXaIlNygOA,"Der Aufkleber sagt 22kW Ladeleistung, es sind aber nur 11kW.
Nach 1,5 Stunden fallen 0,50 € pro angefangener halben Stunde Parkgebühren zusätzlich an.",Olumsuz,-1
31505,B111,Essent (NL),Avusturya,46.629011,13.379168,ChIJde5rkZ4JekcRhCjSN-m1nI8,"Superschnelle Ladestation für eAutos: unser Firmenwagen war in 60 Minuten komplett aufgeladen! Bravo und gerne beim nächsten Besuch in Hermagor wieder: die Blumengasse ist eingespeichert!
:-)",Olumlu,1
31505,B111,Essent (NL),Avusturya,46.629011,13.379168,ChIJde5rkZ4JekcRhCjSN-m1nI8,Alle Ladeplätze mit Zettel als defekt gekennzeichnet aber gemeldet als frei…,Nötr,0
31505,B111,Essent (NL),Avusturya,46.629011,13.379168,ChIJde5rkZ4JekcRhCjSN-m1nI8,"Die ""schnelle"" Option ist ein einziger Ladepunkt mit 20kw, der fehleranfällig und nicht absperrbar ist. Beengte Platzverhältnisse.",Olumsuz,-1
31505,B111,Essent (NL),Avusturya,46.629011,13.379168,ChIJde5rkZ4JekcRhCjSN-m1nI8,Maximale Ladeleistung 20 kW!,Olumlu,1
75609,Spar Ebreichsdorf,TANKE Wien Energie,Avusturya,47.9710079,16.398306,ChIJg2XTPTCzbUcR7j9uou_PdFk,"Direkt und schnell, während des Einkaufens, sein Elektrofahrzeug aufladen, finde ich gut und umweltbewusst. Deshalb gibt es auch hierfür 5 Sterne.",Olumlu,1
31514,Laaser Straße 39,Essent (NL),Avusturya,46.698886,12.98964,ChIJ8TLnZX_-eUcR_6zbFBACdfo,"1x180KW, 2x120KW und 2x240KW. Bezahlung mit Kreditkarte hat super geklappt.",Olumlu,1
31514,Laaser Straße 39,Essent (NL),Avusturya,46.698886,12.98964,ChIJ8TLnZX_-eUcR_6zbFBACdfo,erst die zweite Ladesäule und der zweite Versuch gaben den gewünschten Strom für ein Elektro Motorrad. Schöne Umgebung und neben an Gastro für eine schöne Ladepause !,Olumlu,1
31514,Laaser Straße 39,Essent (NL),Avusturya,46.698886,12.98964,ChIJ8TLnZX_-eUcR_6zbFBACdfo,"Einige Probleme beim Laden. Kein Wetterschutz. Kein Abfallkorb, kein Aschenbecher. Zwar ist ein Restaurant benachbart, aber wenn man nur schnell laden möchte, ist es nicht so das Passende; man nutzt dann auch ungern dort die Toilette, wenn man nichts verzehrt. Da auf dem Weg nach Oberitalien dieser Ort günstig liegt, wäre eine bessere Ausstattung sehr zu wünschen.",Nötr,0
31514,Laaser Straße 39,Essent (NL),Avusturya,46.698886,12.98964,ChIJ8TLnZX_-eUcR_6zbFBACdfo,Ein Gaststätte und ein Sparmarkt direkt an der Ladestation. So kann man sich während des Ladens schnell die Zeit vertreiben. Mit Shell-Ladekarte problemlos geladen,Olumlu,1
31514,Laaser Straße 39,Essent (NL),Avusturya,46.698886,12.98964,ChIJ8TLnZX_-eUcR_6zbFBACdfo,"2024:Es ist ein schöner Ladeplatz mit Gaststätte in unmittebarer Nähe. Die Volvo-Ladekarte hat problemlos funktioniert.
2025:Ladung nach 3min einfach abgebrochen aber sofort 70€ Reservierung abgebucht. Zum erneuten Starten mit EC-Karte werden wieder 70€ fällig. Die Höhe dieser Beträge empfinde ich als unverschämt. Leider werden die echten Beträge nicht ebensoschnell korrigiert.
EWE-go Karte wurde für die Zahlung hier abgelehnt.",Olumsuz,-1
301717,Ionity Parndorf,Ionity,Avusturya,47.975942639352304,16.854406302430963,ChIJFcP122ldbEcRT2jChWfrCx4,"Immer einen Halt bei der Fahrt nach Ungarn Wert. Unter der Woche kann man sich entspannt in dem Geschäften aufhalten, da vergeht die Ladezeit wie im fluge",Olumlu,1
301717,Ionity Parndorf,Ionity,Avusturya,47.975942639352304,16.854406302430963,ChIJFcP122ldbEcRT2jChWfrCx4,Hat alles super geklappt!,Olumlu,1
301717,Ionity Parndorf,Ionity,Avusturya,47.975942639352304,16.854406302430963,ChIJFcP122ldbEcRT2jChWfrCx4,Alles prima. Funktioniert einwandfrei. 210 kw in der Spitze. Gleich daneben die Osteria ist sowieso ein Geheimtipp.,Olumlu,1
301717,Ionity Parndorf,Ionity,Avusturya,47.975942639352304,16.854406302430963,ChIJFcP122ldbEcRT2jChWfrCx4,Mit Renault wieder mal nicht möglich da keine Kommunikation mit KFZ.,Olumsuz,-1
301717,Ionity Parndorf,Ionity,Avusturya,47.975942639352304,16.854406302430963,ChIJFcP122ldbEcRT2jChWfrCx4,"Start des Ladevorgangs hat beim ersten Mal nicht funktioniert, daher war umparken notwendig. Sechs Säulen vorhanden, Vorrichtung für Erweiterung auf gesamt 12 Säulen auf der anderen Seite des Parkplatzes. Gegenüber L‘Osteria mit traumhaft leckerem essen, perfekt für die Verweildauer während des Ladevorgangs.",Olumlu,1
301716,Ionity St. Lorenzen,Ionity,Avusturya,47.46866499999908,15.34408299999916,ChIJGWkeOowbbkcR_Jd-2pHMC6Y,"Bei Ionity weiß man immer, dass es schnell geht mit dem Auto aufladen. Werktags ist viel praktische Infrastruktur in der Nähe, inklusive WC und sogar kleinem Spielplatz.",Olumlu,1
301716,Ionity St. Lorenzen,Ionity,Avusturya,47.46866499999908,15.34408299999916,ChIJGWkeOowbbkcR_Jd-2pHMC6Y,Die Lage passt gut in meine Reiseroute. Infrastruktur ist mit Spar und mcDonalds auf der anderen Straßenseite sehr gut. Aktuell sind nur 3 von 6 Säulen aktiv. Dies ist derzeit noch nicht das Problem . Leider war die Ladeleistung mit knapp über 50 Kw zu gering. Die Ladeleistung ist für mich bei einer Schnell-ladestation das wichtigste Kriterium. Ich werde dies beobachten.,Olumlu,1
301716,Ionity St. Lorenzen,Ionity,Avusturya,47.46866499999908,15.34408299999916,ChIJGWkeOowbbkcR_Jd-2pHMC6Y,Elektroauto mit Wohnwagen Laden ohne Abkoppeln wenn nicht viel los ist. :),Olumlu,1
301716,Ionity St. Lorenzen,Ionity,Avusturya,47.46866499999908,15.34408299999916,ChIJGWkeOowbbkcR_Jd-2pHMC6Y,Immer wieder laden wir hier mit voller power. Danke für diese tolle Ladeinfrastruktur. Mitten im Einkaufszentrum Karpfenbergs kann man  die Ladezeit gut überbrücken. Am Wochenende steht die Polizei gerne nach dem Kreisverkehr.,Olumlu,1
301716,Ionity St. Lorenzen,Ionity,Avusturya,47.46866499999908,15.34408299999916,ChIJGWkeOowbbkcR_Jd-2pHMC6Y,"Alles Top! 6 Ladestationen. Nur 1min von der Autobahnabfahrt entfernt. Mc Donalds in 3min Gehweite. Einkaufszentrum mit Hofer, DM und vielen mehr auch gleich daneben",Olumlu,1
108327,Ladestation Autohof Handels und Service,SMATRICS Netz,Avusturya,46.629642,14.355684,ChIJVyuNNa4McEcRIzOdto59Kpc,Direkt neben Mc Donalds Café und laden gleichzeitig 👍,Olumlu,1
108327,Ladestation Autohof Handels und Service,SMATRICS Netz,Avusturya,46.629642,14.355684,ChIJVyuNNa4McEcRIzOdto59Kpc,Ladeplätze werden von Autos verstellt,Olumlu,1
97714,Hotel Penzinghof,Tesla (Tesla-only charging),Avusturya,47.495878,12.395087,ChIJHc24PmNOdkcR9YHaCC5IfoY,"Sehr teuer! Abrechnung mit Shell Karte nach Minuten! 1,2 Euro/kwh
Nächste Abrechnung bekommen! 46 kWh geladen, 78 min Standzeit = 78 Euro !! ABZOCKE!!",Olumsuz,-1
97714,Hotel Penzinghof,Tesla (Tesla-only charging),Avusturya,47.495878,12.395087,ChIJHc24PmNOdkcR9YHaCC5IfoY,"laden von 2 autos gleichzeitig nicht möglich.

EDIT: dieser fehler wurde behoben. 1x150kw oder 2x75kw laden jetzt möglich und deshalb auch 5 sterne jetzt.",Olumsuz,-1
97714,Hotel Penzinghof,Tesla (Tesla-only charging),Avusturya,47.495878,12.395087,ChIJHc24PmNOdkcR9YHaCC5IfoY,"Laden klappt einwandfrei und es können auch zwei Autos gleichzeitig laden. Restaurants, Cafes, Hofladen und Supermarkt im der Nähe. Super!",Olumlu,1
97714,Hotel Penzinghof,Tesla (Tesla-only charging),Avusturya,47.495878,12.395087,ChIJHc24PmNOdkcR9YHaCC5IfoY,"Alles gut geklappt schnell geladen, zur Hauptstraße nur wenige Meter",Olumlu,1
97714,Hotel Penzinghof,Tesla (Tesla-only charging),Avusturya,47.495878,12.395087,ChIJHc24PmNOdkcR9YHaCC5IfoY,Das Ladegerät funktionierte nicht. Es könnte an meinem Auto oder am Ladegerät gelegen haben. Ich bin mir nicht sicher… zum Glück gab es daneben noch ein funktionierendes 12-V-Ladegerät.,Olumsuz,-1
77320,Ladestation Sparkasse,SMATRICS Netz,Avusturya,48.603931,15.167391,ChIJK17T0P_lckcRsV95FtfHfrc,"Zuerst musste die ladesäule neu gestartet werden und dazu der Kundendienst angerufen, nach ladeende konnte das ladekabel nicht abgesteckt werden und der Kundendienst war nicht erreichbar (23 uhr) Also musste ich das ladekabel an der Säule stecken lassen und konnte nicht weiterfahren und musste eine weitere Nacht bleiben oder das ladekabel opfern. Sorry, aber das ist bereits das 2. Mal, dass es mit smatrics nicht klappt!",Olumsuz,-1
162176,MPREIS (da-emobil),da emobil,Avusturya,47.29209502011656,11.6014725774794,ChIJdYLgrIlknUcRefGf0L_6VIg,keine nfc bezahlfunktion und funktioniert nicht.,Olumsuz,-1
162176,MPREIS (da-emobil),da emobil,Avusturya,47.29209502011656,11.6014725774794,ChIJdYLgrIlknUcRefGf0L_6VIg,"Offiziell für Busse gedacht, wenn man sich die Größe der grünen Parkplätze ansieht 😀, funktioniert aber auch bei Elektroautos. Ich habe nicht mal 50 kW rausgeholt. Vielleicht klappt es ja mit einem VW ID.3 und kalter Batterie… Ich hoffe, du kannst mehr herausholen. Aber es ist toll, dass es das gibt.",Olumlu,1
162176,MPREIS (da-emobil),da emobil,Avusturya,47.29209502011656,11.6014725774794,ChIJdYLgrIlknUcRefGf0L_6VIg,"Mir wurde nicht erlaubt, mein Auto aufzuladen.",Olumsuz,-1
109201,Hotel Restaurant Hexenalm,Tesla (Tesla-only charging),Avusturya,47.49806247,12.198091,ChIJVwBjHOg1dkcR1Y_8VowTLTI,Ausschließlich für Hotelgäste,Nötr,0
133813,Mitterweg,SMATRICS Netz,Avusturya,47.25806092427703,11.376666553662176,ChIJncQTROprnUcRxuSRlnssGrc,"Ich (aus Bremen) war im Sommer dort, an einem Sonnabend abend. Die Säule wollte nicht starten, also Hotline-Anruf. Man hat die Säule zurückgesetzt (die Säulen waren wohl noch so neu, dass sich 3 Tage lang niemand gemeldet hat, sondern möglicherweise frustriert weiter gefahren ist), und alles lief. Übrigens: Mit dem EnBW-L-Abo 39 Cent. Auf der Rückfahrt von Venedig dann auch noch bei SMATRICS in IT-Palmanova und AT-Radstadt (ebenfalls 39 Cent). Da .AT und .IT nicht sonderlich niedrigen Fahrstrom haben, war das natürlich ein schönes Gefühl.",Olumsuz,-1
133813,Mitterweg,SMATRICS Netz,Avusturya,47.25806092427703,11.376666553662176,ChIJncQTROprnUcRxuSRlnssGrc,"Leider war ein Laden über die EnBW-App nicht möglich. An beiden Säulen wurde der Ladevorgang zwar gestartet, an einer jedoch nach wenigen Minuten und 0,02 geladenen kWh automatisch abgebrochen, bei der anderen habe ich es vorher beendet, da auch hier keine Ladeleistung vorhanden war. Anschließend waren die Ladesäulen außer Betrieb.",Olumsuz,-1
133813,Mitterweg,SMATRICS Netz,Avusturya,47.25806092427703,11.376666553662176,ChIJncQTROprnUcRxuSRlnssGrc,An den ersten zwei Säulen war das Laden auch nicht möglich obwohl vor mir einer geladen hat. Die anderen zwei sind hinter einem Container versteckt hätte ich fast übersehen wenn mich nicht zwei Leidensgenossen darauf hingewiesen hätten. Die gingen.,Olumsuz,-1
133813,Mitterweg,SMATRICS Netz,Avusturya,47.25806092427703,11.376666553662176,ChIJncQTROprnUcRxuSRlnssGrc,"Auf der Durchreise in Richtung Brenner zum Zwischenladen genutzt.
Das Laden hat problemlos funktioniert, ich wünsche mir weitere Ladesäulen, da bei der Anfahrt schon gut durch andere E-Mobilisten besucht.
In unmittelbarer Nähe gibt es einen Supermarkt und nur wenige Schritte weiter ein Schnellrestaurant.",Olumlu,1
133813,Mitterweg,SMATRICS Netz,Avusturya,47.25806092427703,11.376666553662176,ChIJncQTROprnUcRxuSRlnssGrc,"Der Anbieter gibt an, dass man als Gast mit einer Kreditkarte laden kann. Wenn man den nervigen und langwierigen Prozess des Anmelden und Registrieren hinter sich gebracht hat, lädt die Säule partout nicht.
Auch nach mehrfachen Versuchen an verschiedenen Säulen kein laden möglich, was wirklich toll ist wenn man dann mit 30% Akku den Brenner hinauffahren muss.",Olumsuz,-1
82223,Dasposthotel,Tesla (Tesla-only charging),Avusturya,47.233818,11.882926,ChIJETOAXEPbd0cRj3IqGUMESZ4,"Hat super funktioniert. Ladesäule steht an der Gebäudeseite bei der Straße Unterdorf, von dort kann man direkt an die Ladesäule fahren. 150KW Ladesäule mit 2 CCS Steckern, scheint auch einen Kartenleser für Kreditkarten zu haben.",Olumlu,1
77747,Schnellladestation Raststation,SMATRICS Netz,Avusturya,47.182847,15.993636,ChIJU_OKUGX2bkcRZTLAaHEiPDU,"Bei einer guten 24 stunden Raststation gelegen. Meist frei, da etwas abseits von der Autobahn.
Leider liegt die Ladestation wirklich hinter der Raststätte eher im Dunkeln.
Abends/nachts für Frauen alleine nicht wirklich zu empfehlen.",Nötr,0
77747,Schnellladestation Raststation,SMATRICS Netz,Avusturya,47.182847,15.993636,ChIJU_OKUGX2bkcRZTLAaHEiPDU,"Ein Dach über der STROM-Ladestelle  und ein Licht-Bewegungsmelder, dass währe sehr  erfreulich !!!",Olumlu,1
77747,Schnellladestation Raststation,SMATRICS Netz,Avusturya,47.182847,15.993636,ChIJU_OKUGX2bkcRZTLAaHEiPDU,Alles in Ordnung,Olumlu,1
77747,Schnellladestation Raststation,SMATRICS Netz,Avusturya,47.182847,15.993636,ChIJU_OKUGX2bkcRZTLAaHEiPDU,100 Km vor  Wien und für einen  Zwischenstop gut geeignet,Olumlu,1
77747,Schnellladestation Raststation,SMATRICS Netz,Avusturya,47.182847,15.993636,ChIJU_OKUGX2bkcRZTLAaHEiPDU,Funktioniert nicht 13.01.2024,Olumsuz,-1
83905,Ladestation Autowelt Linz GmbH,SMATRICS Netz,Avusturya,48.246036,14.294471,ChIJieLzxMKXc0cRZtR4kmOAIIQ,Passt und sauber und funktioniert,Olumlu,1
83905,Ladestation Autowelt Linz GmbH,SMATRICS Netz,Avusturya,48.246036,14.294471,ChIJieLzxMKXc0cRZtR4kmOAIIQ,fairer Preis,Olumlu,1
83905,Ladestation Autowelt Linz GmbH,SMATRICS Netz,Avusturya,48.246036,14.294471,ChIJieLzxMKXc0cRZtR4kmOAIIQ,"Wow... Was für ein toller Ladepark. Das sollten sich einige andere ""abkupfern""",Olumlu,1
83905,Ladestation Autowelt Linz GmbH,SMATRICS Netz,Avusturya,48.246036,14.294471,ChIJieLzxMKXc0cRZtR4kmOAIIQ,"Sie haben 100 Euro abgebucht, ich konnte mein Konto nicht aufladen, und das Geld ist nach 14 Tagen immer noch nicht zurück.",Olumsuz,-1
85668,Kletterakademie Mitterdorf,Tesla (Tesla-only charging),Avusturya,47.545322,15.522278,ChIJZbUp26IPbkcRNLwYg7vE2uA,"Vier 50-kW-Ladegeräte. Es ist immer Platz. Sie können im Spar einkaufen, während Ihr Auto lädt.",Olumlu,1
130041,IONITY Innerbraz,Ionity,Avusturya,47.140914,9.924473,ChIJw460YdlQm0cRB-pcyCk9IsY,"Schöne Ladestation, sauber, gute Aussicht, Tankstelle mit Toilette und warmen Essen direkt daneben. Alle 4 Schnellladesäulen funktionsfähig. Leider etwas wenig Parkplätze um die Tankstelle, so dass Verbrenner an den Ladesäulen geparkt haben.",Olumlu,1
130041,IONITY Innerbraz,Ionity,Avusturya,47.140914,9.924473,ChIJw460YdlQm0cRB-pcyCk9IsY,"Direkt an der Autobahn, keine Wartezeit. Stecker sind sehr abgenutzt",Olumsuz,-1
130041,IONITY Innerbraz,Ionity,Avusturya,47.140914,9.924473,ChIJw460YdlQm0cRB-pcyCk9IsY,"Standort gut, direkt an der Schnellstrasee mit Tankstelenshop. Abzug, da 2 von 4 350kW Säulen nicht funktioniert haben. Hatte Glück, dass nur ein anderer am Laden war.",Nötr,0
130041,IONITY Innerbraz,Ionity,Avusturya,47.140914,9.924473,ChIJw460YdlQm0cRB-pcyCk9IsY,"Sehr gute Ladestation. Verstehe zwar nicht warum man auf Start drücken muss um laden zu können, aber was soll’s, es hat funktioniert mit einer EnBw Ladekarte.",Olumlu,1
130041,IONITY Innerbraz,Ionity,Avusturya,47.140914,9.924473,ChIJw460YdlQm0cRB-pcyCk9IsY,"Bin mit den Ionity Ladestationen sehr zufrieden. Fuktionieren einwandfrei, laden schnell und sind einfachbzu bedienen. Benutze wenn mlglich immer Ionity Ladestationen, da sehr zuverlässig.",Olumlu,1
474195,WOW WIMBERGER GmbH - UMBAUER FÜR MORGEN,Monta,Avusturya,48.52601814585546,14.29373958282929,ChIJY9bxcOV2c0cRz4La9X6E3ng,40 Cent ad hoc laden und mit Elinx um 39 Cent. Das passt...,Olumlu,1
474195,WOW WIMBERGER GmbH - UMBAUER FÜR MORGEN,Monta,Avusturya,48.52601814585546,14.29373958282929,ChIJY9bxcOV2c0cRz4La9X6E3ng,40 Cent fürs DC Laden,Olumlu,1
461655,EVN Public Charging Station (AC+DC).,EVN (Bulgaria),Avusturya,48.67382708106558,16.49140961773628,ChIJK333zK8wbUcRzoHBakAUM5A,"Sehr gut gelegen, auf den Weg zur Therme Laa.",Olumlu,1
94147,Smatrics Fast Distributore OMV  ,SMATRICS Netz,Avusturya,48.425499,16.548136,ChIJvWUMe0YZbUcRklnqPl4cByY,"Diese Ladestation kann 50kW DC Laden und damit bin ich nach einer kleinen Stärkung nicht weit von hier, meist 70 - 80% geladen. Das funktioniert seit die Station gebaut ist super stehe lade da ein zwei mal im Monat, und musste neuer ein mal warten. Tolle Sache, somit kann ich ohne Sorgen meine Arbeiten in und rund um Wien super erreichen.",Olumlu,1
94147,Smatrics Fast Distributore OMV  ,SMATRICS Netz,Avusturya,48.425499,16.548136,ChIJvWUMe0YZbUcRklnqPl4cByY,"50 kW ist leider etwas hinter der Zeit, niemand braucht mehr als 22kW AC, und die Preise sind auch nicht das Beste...

Spezifisch auf DIESE Ladestation bezogen aber VORSICHT:
In der Typ 2 Ladesäule wo man sein eigenes Kabel anschließen kann hatte ich einen Fehler wodurch sich mein Kabel nicht mehr von der Säule abstecken ließ. Nur ein 30 Minuten (!) Telefonat mit der Serviceline hat dann Schlussendlich mein Kabel befreien können.

Meines Erachtens nach ist es nicht sehr sinnvoll an der Raststätte zu Slow-Chargen. Und wenn der Akkustand niedrig ist, daneben steht eine IONITY Säule, die Funktioniert problemlos und liefert 350kW...",Nötr,0
94147,Smatrics Fast Distributore OMV  ,SMATRICS Netz,Avusturya,48.425499,16.548136,ChIJvWUMe0YZbUcRklnqPl4cByY,"50 kWh. Viele Ladekarten akzeptiert. Bedienungsanleitung an Säule. KEIN Flugdach. Auto wird heiß bei warmen Wetter.
Aber fast immer frei, auch wenn 2. Ladesäule schön wäre.",Olumlu,1
94147,Smatrics Fast Distributore OMV  ,SMATRICS Netz,Avusturya,48.425499,16.548136,ChIJvWUMe0YZbUcRklnqPl4cByY,Teuer...,Olumsuz,-1
94147,Smatrics Fast Distributore OMV  ,SMATRICS Netz,Avusturya,48.425499,16.548136,ChIJvWUMe0YZbUcRklnqPl4cByY,Die Burger sind nicht besonders gut.,Nötr,0
133283,Tischlerei Krumboeck,Tesla (Tesla-only charging),Avusturya,48.201422,15.548954,ChIJl6xAWRR5ckcRpwuCix_hlLE,Nicht mehr vorhanden,Olumsuz,-1
96400,Ladestation Bergbahnen Westendorf,SMATRICS Netz,Avusturya,47.427845,12.214093,ChIJV1-9u7ZKdkcRpsSL6BtGNYM,"Achtung Ladesäule ist ca 100m entfernt die Dorfstraße weiter. Ladesäule ist nicht am Parkplatz, Standort ist falsch! Laden mit EnBW App funktionierte nicht, mit EnBW Karte dann schon.",Olumsuz,-1
77329,Ladestation das Futterhaus,SMATRICS Netz,Avusturya,47.81106,16.214792,ChIJ7S777gfMbUcR0oRjOtD-j80,"Funktioniert, direkt neben Billa und Bipa.
Genug Ladeplätze.

-1 Stern Abzug da nicht Überdacht und kein Abfalleimer
-1 Stern Abzug da kein WC vorhanden
Diese Zwei Punkte sind Ende 2025 nicht mehr Zeitgemäß, es gibt bereits genug Ladestationen die eine besseren Standard vorgeben.",Olumlu,1
77329,Ladestation das Futterhaus,SMATRICS Netz,Avusturya,47.81106,16.214792,ChIJ7S777gfMbUcR0oRjOtD-j80,"Von der Ladeleistung nach wie vor eine der schlechtesten Stationen…. Heute wieder nur maximal 150kw bekommen obwohl nur ein anderes Auto noch geladen hat. Seitens Betreiber auf schriftliche Kritik per email seit Monaten keine Antwort. Ich empfehle die unmittelbar daneben liegenden Stationen von Electra, ionity und EVN zu nützen diese sind zu den gleichen Konditionen beispielsweise mit der wien Energie Karte nutzbar und liefern zuverlässig Leistung was den tankvorgang sehr günstig macht!",Olumsuz,-1
77329,Ladestation das Futterhaus,SMATRICS Netz,Avusturya,47.81106,16.214792,ChIJ7S777gfMbUcR0oRjOtD-j80,"2x 300kW Alpitronic Hypercharger 300 auf der einen Seite und gegenüber nochmal zwei
——
Dh. 4x je bis zu 300kW alleine oder 150kW zu zweit pro Lader
—
Billa Markt, Tankstelle und Relaod 24 Restaurant wenige Meter entfernt",Olumlu,1
77329,Ladestation das Futterhaus,SMATRICS Netz,Avusturya,47.81106,16.214792,ChIJ7S777gfMbUcR0oRjOtD-j80,"300kW is wohl ein Witz; war alles gut mit 170kW, bis ein zweites Auto sich angesteckt hat; jetzt werden beide nur noch mit 30kW geladen",Olumsuz,-1
77329,Ladestation das Futterhaus,SMATRICS Netz,Avusturya,47.81106,16.214792,ChIJ7S777gfMbUcR0oRjOtD-j80,"Ist OK, max 180kwh und an wenn das Reload oder Billa nicht offen haben gibt es nur eine Toilette bei der Jet Tankstelle - und die ist nicht sehr sauber",Nötr,0
31596,Kirchweg,ladenetz.de,Avusturya,47.358002,10.187,ChIJM0eqLIOfnEcRPf31P8U1K-A,"Die Ladestation befindet sich hinter dem Gebäude der Walmendingerhornbahn.

Es stehen zwei AC-Ladeplätze zur Verfügung.
Mit einer Ladekarte, welche man an die markierte Stelle der Ladestation hält, beginnt auch sofort der Ladevorgang.

Ich wünsche mir eine bessere Beschilderung zur Ladestation, am Boden gekennzeichnete Ladestellplätze und natürlich einen weiteren Ausbau weiterer Ladestationen. Gerade an solchen Plätzen sind diese eine wunderbare Lösung.",Olumlu,1
31596,Kirchweg,ladenetz.de,Avusturya,47.358002,10.187,ChIJM0eqLIOfnEcRPf31P8U1K-A,"Von zwei Ladepunkte ist einer defekt. Anruf bei Hotline nach 5min Warteschleife abgebrochen.
Leider Standard bei Ladeinfrastruktur 2025.",Olumsuz,-1
31596,Kirchweg,ladenetz.de,Avusturya,47.358002,10.187,ChIJM0eqLIOfnEcRPf31P8U1K-A,Zu teuer. Macht keinen Sinn.!!!!!!,Olumsuz,-1
97444,Bregenz Supercharger,Tesla (Tesla-only charging),Avusturya,47.48848,9.739919,ChIJzS1GV5USm0cRI0iVJOWZoE0,"Die Supercharger sind schon veraltet .. und soweit alles schön aber manche fahrer setzen ihren Haufen am WC einfach daneben... Und sowas ist wirklich unter aller würde...  Wenn ich so einen erwische ,reib ich den mit dem Gesicht selbst rein.
Ansonsten ist es in Ordnung.",Nötr,0
97444,Bregenz Supercharger,Tesla (Tesla-only charging),Avusturya,47.48848,9.739919,ChIJzS1GV5USm0cRI0iVJOWZoE0,Top Ladestation mit Lounge-Zugang (Code auf Map im Tesla einsehbar) und gratis Toilettenzugang. Die Reinigung erfolgt täglich! Die Ladepreise sind spitze und nach meinem Kenntnisstand bisher die günstigsten auf der Fahrt zwischen Schweiz-Österreich-Deutschland!,Olumlu,1
97444,Bregenz Supercharger,Tesla (Tesla-only charging),Avusturya,47.48848,9.739919,ChIJzS1GV5USm0cRI0iVJOWZoE0,"Der Ladepark in Bregenz ist wirklich top! Es gibt sowohl Tesla Supercharger als auch Ladesäulen eines weiteren Anbieters, also für jeden was dabei. Ich habe bei Tesla geladen und, wie gewohnt, lief alles problemlos. Besonders cool finde ich den Pizzaautomaten, super smart! Perfekt, um sich schnell eine Pizza zu gönnen, während das Auto lädt. Für Tesla-Fahrer gibt es sogar eine gemütliche Box, in der man sich hinsetzen kann. Hier ist es sehr sauber und ordentlich, top Arbeit von den Reinigungskräften. Hier gibt’s Snack-Automaten und saubere Toiletten, was ideal für eine kurze Ladepause ist. 5 Sterne von mir!",Olumlu,1
97444,Bregenz Supercharger,Tesla (Tesla-only charging),Avusturya,47.48848,9.739919,ChIJzS1GV5USm0cRI0iVJOWZoE0,"Es ist wie immer sehr schön gemacht, mit Steckdosen, Ladegerät Anschlüsse, Tische und sneck Automaten. Toiletten sind sauber.

Heute am 14.8.2024 waren wir wieder da und stellte fest, dass es drei Sorten von ""Schweine"" Frauen auch Tesla Toiletten benutzen

1 Sorte = kommen aus der Toilettenkabine raus und waschen die Hände nicht

2 Sorte = können das Toiletten Loch nicht treffen und pinkeln alles an

3 Sorte = trinken Getränke und lassen die leere Dosen stehen oder trocknen die Hände mit Toiletten Papier ab und lassen es neben dem Waschbecken liegen.

Leute !!!!!
Aaaaauuuuuu

Ihr wollt doch auch saubere Toiletten benutzen, wie so hinterlässt ihr die Räume wie auf dem Bahnhof.",Olumlu,1
97444,Bregenz Supercharger,Tesla (Tesla-only charging),Avusturya,47.48848,9.739919,ChIJzS1GV5USm0cRI0iVJOWZoE0,"Kfz Teilehandel gleich mit dabei - sehr gut
In der Tankstelle gegenüber ist ein Shop, den man direkt bom SuC betreten kann und dort am Automaten Kaffe ziehen oder in Shop (an Autobahnpreisen gemessen) recht günstige Artikel wie Wasser oder Backwaren bekommt",Olumlu,1
104234,Lebe Pur Resort Country - Hotel Foersterhof,Tesla (Tesla-only charging),Avusturya,47.742077,13.436481,ChIJAWnFuEWwdkcR-wjuUGyXOwk,"Kostet 20 Euro die Stunde das sind fast 2 Euro pro kw
Zum Vergleich in Wien selber Service mit Parkplatz knapp 3 Euro die Stunde",Olumsuz,-1
104234,Lebe Pur Resort Country - Hotel Foersterhof,Tesla (Tesla-only charging),Avusturya,47.742077,13.436481,ChIJAWnFuEWwdkcR-wjuUGyXOwk,Man Elon mach döner 5€,Olumsuz,-1
62776,Weidachstraße,Stadtwerke Clausthal-Zellerfeld,Avusturya,47.488377,9.736969,ChIJvaEaJpASm0cRDxTHU_Hejwc,"Gutes Gerät und mehrere, aber nicht viel zu tun in der Gegend während man wartet, wenn die Großläden zu haben. Es gibt einen kleinen café c. 500m weg.",Olumlu,1
80004,Silva Peak Residences,Tesla (Tesla-only charging),Avusturya,46.967794,10.186911,ChIJO3WY_WRNg0cRGcPdhyzGE0o,"Nicht gefunden, kein Tesla-Ladegerät verfügbar.",Olumsuz,-1
74384,Villach Supercharger,Tesla (including non-tesla),Avusturya,46.604164,13.869183,ChIJPT3ZIiiAcEcRGSXpGhlrC_Y,"Relativ kleiner Supercharger, war aber bis jetzt immer ein Platz frei. Die nächste Toilette ist im Lokal Racers ( über die Hauptstraße)  in der ersten Etage.  In diesen Lokal gibt es auch Leckere Burger oder Frühstücksangebote. Die zweite Option ist der 300 Meter entfernter MacDonalds. Das MacCafé ist prädestiniert für einen kleinen Kaffestop mit Croissant.",Olumlu,1
74384,Villach Supercharger,Tesla (including non-tesla),Avusturya,46.604164,13.869183,ChIJPT3ZIiiAcEcRGSXpGhlrC_Y,"Leicht zu finden, sauber, Montag mittags ohne Wartezeit, gleich über die Straße ein sehr gutes Lokal mit sehr freundlicher Bedienung, die sauberen Toiletten sehr gut  gestylt 👍👍👍",Olumlu,1
74384,Villach Supercharger,Tesla (including non-tesla),Avusturya,46.604164,13.869183,ChIJPT3ZIiiAcEcRGSXpGhlrC_Y,Dieser Supercharger hat deutlich zu wenig Ladesäulen. Für diesen Standort werden mind. Doppelt so viele Säulen benötigt. Leider keine Shopping-Möglichkeiten in unmittelbarer Nähe.,Olumsuz,-1
74384,Villach Supercharger,Tesla (including non-tesla),Avusturya,46.604164,13.869183,ChIJPT3ZIiiAcEcRGSXpGhlrC_Y,"Lage direkt an der Autobahnabfahrt in einen Industriegebiet. Burgerlokal und Haubenlokal übersetzt die Straße, Supermarkt, Apotheke und vielen andere Geschäfte in der Nähe. Lader mit echt super Umfeld 👍",Olumlu,1
74384,Villach Supercharger,Tesla (including non-tesla),Avusturya,46.604164,13.869183,ChIJPT3ZIiiAcEcRGSXpGhlrC_Y,"Kabel extrem kurz (ich weiß, für Teslas reicht das natürlich, aber einen Audi e tron kann man da nur laden wenn man quer 3 oder 4 stalls blockiert...).
Dann lieber nicht für alle Marken freigeben, wenn man das nicht will.",Olumsuz,-1
130026,IONITY Golling,Ionity,Avusturya,47.584781,13.157939,ChIJ52SQtWXBdkcRMAAhgmmupnE,"Haben hier am 21.2.2026 wieder einmal geladen. Die Anfahrt zu den Ladesäulen erfolgt über die Autobahn in Fahrtrichtung Villach/Gastein, Bischofshofen. Man biegt zur Raststätte rechts ab, dann nach der Tankstelle über eine kleine Straße unter der Autobahn durch, auf die andere Seite. Dort dann rechts halten und vor der Tankstelle rechts abbiegen, dann links sieht man die Ionity Flaggen. Die Zufahrt zu den Ladern ist eher knapp und eng. Da alle Lader besetzt waren, 2 von Dauerparkern, mussten wir 10 min. warten. Wenn man wieder Richtung Bischofshofen möchte, muss man regelkonform den Pfeilen folgend eine größere Schleife fahren, wieder zurück Richtung Salzburg.
Wenn man es riskiert illegal 30 m gegen die Einbahn zurück den Weg bis zur Tankstelle, dann ginge es unter der Autobahn auch wieder legal zurück.
Diesen Weg sollte man legalisieren.
Wirklich empfehlen kann ich diesen Ladeplatz wegen oft hoher Auslastung, Wartezeiten und der Einbahnregelung nicht, auch wenn gleich eine Tankstelle und eine Autogrill Raststätte daneben ist. Alle Säulen haben übrigens 350 KW Nennleistung",Olumlu,1
130026,IONITY Golling,Ionity,Avusturya,47.584781,13.157939,ChIJ52SQtWXBdkcRMAAhgmmupnE,"Ionity wie es sein muss, schnell und fehlerfrei 260kw. Einzig das Rangieren aufgrund der kleine Buchten könnte eng werden. Die Aussicht ist super!
Umgeben von Halbwegs bezahlbarer Toilette und Restaurant an der Station.",Olumlu,1
130026,IONITY Golling,Ionity,Avusturya,47.584781,13.157939,ChIJ52SQtWXBdkcRMAAhgmmupnE,"Wenig ausgelastet. Wichtig ionity über Parkplatz anfahren nicht hinten um Tankstelle, da gibt's nur das Autobahneigene 50kw Gerät. Rosenberg direkt in 50m",Nötr,0
130026,IONITY Golling,Ionity,Avusturya,47.584781,13.157939,ChIJ52SQtWXBdkcRMAAhgmmupnE,"Hat alles super geklappt. War nichts los. Sehr gute Leistung.
Eine wirklich kleine Parkfläche für die E-Ladestationen. Da nichts los war, war es kein Problem. Wenn alle Ladesäulen belegt sind, ist das Ein- und Ausparken sicher ""tricky"".

Die Beschilderung von der Autobahnabfahrt und vor allem auch von der anderen Autobahnseite könnte besser sein (ist eigentlich garnicht vorhanden).
Wie schon erwähnt Raststation und Tankstelle in unmittelbarer Nähe.",Olumlu,1
130026,IONITY Golling,Ionity,Avusturya,47.584781,13.157939,ChIJ52SQtWXBdkcRMAAhgmmupnE,"Sehr schlechte Ladeerfahrung.
1. Nicht ausgeschildert
2. Musste ewig warten weil alle belegt waren
3. Die Wartezeit hing wohl damit zusammen, dass alle maximal 70 KW bekommen haben. Ich stand ne Stunde mit 30 KW
3. Ladesäulen teilweise veraltet und auch sehr langsame Menüführung
4. Keine richtige Sitzgelegenheiten zum verweilen
5. Was positives: Der Rasthof macht innen einen ganz ordentlichen Eindruck.",Olumsuz,-1
92359,Wien Autohof Schnellader und Supportlader,Ella,Avusturya,48.2064441582941,16.2227759521148,ChIJufnJhFmnbUcRerx7eF9qDxQ,"Abrechnung nur mit Kreditkarte möglich. Powerpass und Shell Recharge wurden nicht akzeptiert. Pauschal 30 Euro, egal wieviel man lädt.",Olumsuz,-1
92359,Wien Autohof Schnellader und Supportlader,Ella,Avusturya,48.2064441582941,16.2227759521148,ChIJufnJhFmnbUcRerx7eF9qDxQ,"Mit Ella Ladekarte werden bei der 11kW Station die Menge abgerechnet (0,29 €/kWh)",Olumlu,1
92359,Wien Autohof Schnellader und Supportlader,Ella,Avusturya,48.2064441582941,16.2227759521148,ChIJufnJhFmnbUcRerx7eF9qDxQ,"Abrechnung nach Minuten ist unbrauchbar teuer. Und dann ""nur"" 50 kW",Olumsuz,-1
92359,Wien Autohof Schnellader und Supportlader,Ella,Avusturya,48.2064441582941,16.2227759521148,ChIJufnJhFmnbUcRerx7eF9qDxQ,Als Kunde der MAINGAU-Energie GmbH lade ich hier derzeit für 15ct./kWh .,Olumlu,1
92359,Wien Autohof Schnellader und Supportlader,Ella,Avusturya,48.2064441582941,16.2227759521148,ChIJufnJhFmnbUcRerx7eF9qDxQ,Die 50kW Ladung hat super funktioniert,Olumlu,1
77318,Ladestation Mpreis,SMATRICS Netz,Avusturya,47.284346,12.490123,ChIJqaoHYwSpd0cRIeh_MuvmNc0,"Zum dritten Nal versucht hier zu laden. Säule sagt, Fahrzeug verbunden, Zahlterminal sagt, Fahrzeug nicht verbinden.
Benutzerfreundlichkeit sieht anders aus.",Olumsuz,-1
77318,Ladestation Mpreis,SMATRICS Netz,Avusturya,47.284346,12.490123,ChIJqaoHYwSpd0cRIeh_MuvmNc0,"Mit EnBW App schwierig, da weder Barcode noch Ladepunkt ID auf der Säule zu finden sind (bzw ich fand sie nicht).
Ladeleistung schien mir auf 100kw beschränkt, da von 35% auf 80% konstant bei 99kw, trotz vorgewärmter Batterie.",Nötr,0
77318,Ladestation Mpreis,SMATRICS Netz,Avusturya,47.284346,12.490123,ChIJqaoHYwSpd0cRIeh_MuvmNc0,"Gut gelegen, einfach zu finden und lädt super schnell",Olumlu,1
77318,Ladestation Mpreis,SMATRICS Netz,Avusturya,47.284346,12.490123,ChIJqaoHYwSpd0cRIeh_MuvmNc0,"Super Station, manche sind halt zu dumm zum Laden.",Olumlu,1
77318,Ladestation Mpreis,SMATRICS Netz,Avusturya,47.284346,12.490123,ChIJqaoHYwSpd0cRIeh_MuvmNc0,"Leider bestätigt diese Ladestation nicht das, was ich sonst über EnBW Ladestationen sagen kann! Beim ersten Mal hat die Anmeldung (Karte) gut funktioniert, nur die Ladeleistung war nicht zufriedenstellend! An der 300 KW Säule alleine 79 KW anstatt möglichen 130 KW! Enttäuschend. Bei der zweiten Ladung ein paar Tage später Katastrophe! Keine Verbindung möglich, an keiner Säule. Eine halbe Stunde versucht! Dann funktionierte es wieder aber die Ladeleistung wieder nicht zufriedenstellend. Da funktionieren die EnBW Ladesäulen in Deutschland wesentlich besser!",Olumsuz,-1
88078,Panoramahaus Dornbirn,Tesla (Tesla-only charging),Avusturya,47.412277,9.714029,ChIJiYLGv78Um0cRpB3eJK2hszg,Die Tesla Destination Charger werden nicht mehr betrieben. Sie wurden durch die VKV-Ladestationen ersetzt.,Olumsuz,-1
88078,Panoramahaus Dornbirn,Tesla (Tesla-only charging),Avusturya,47.412277,9.714029,ChIJiYLGv78Um0cRpB3eJK2hszg,"4 Ladestationen
Audi hat nur mit Tesla-Ladestationen gearbeitet.
Vielleicht ist das Schild an der falschen Stelle.",Olumsuz,-1
88078,Panoramahaus Dornbirn,Tesla (Tesla-only charging),Avusturya,47.412277,9.714029,ChIJiYLGv78Um0cRpB3eJK2hszg,GEGANGEN!!,Olumlu,1
130063,IONITY St. Valentin,Ionity,Avusturya,48.196397,14.52822,ChIJpZao78y3c0cRDDdFl-t9zT8,"Soweit alles ok und der angrenzende Imbiss sehr sauber und einladend.
Die 200 bis 350W werden aber nur in den selteneren Fällen geliefert, eher knapp unter 100",Olumlu,1
130063,IONITY St. Valentin,Ionity,Avusturya,48.196397,14.52822,ChIJpZao78y3c0cRDDdFl-t9zT8,6 IONITY Ladestationen. 8 Tesla Super Chargers. OMV Tankstelle gleich nebenan. INSTADRIVE Mustang Mach-E lädt mit vollen kW. Wie üblich: leider keine Überdachung. Trotz unüblich viel Verkehr - alles leer.,Olumsuz,-1
130063,IONITY St. Valentin,Ionity,Avusturya,48.196397,14.52822,ChIJpZao78y3c0cRDDdFl-t9zT8,"Ladestation mit top Infrastruktur. Landzeit und ein American Diner sind fussläufig erreichbar. In der OMV gibt es Getränke, warme Mahlzeiten sowie eine Toilette (kostet € 0,70), man erhält einen aber einen Wertbon in gleicher Höhe.",Olumlu,1
130063,IONITY St. Valentin,Ionity,Avusturya,48.196397,14.52822,ChIJpZao78y3c0cRDDdFl-t9zT8,Nicht immer Sauber viel Abfall.Neu aufgebaute Tankstelle.,Olumsuz,-1
130063,IONITY St. Valentin,Ionity,Avusturya,48.196397,14.52822,ChIJpZao78y3c0cRDDdFl-t9zT8,"Säulen funktionieren gut.
Leider ist alles drum herum eine Katastrophe

Im Bereich der Säulen sieht es aus wie nach einem Hochwasser.
Die Tankstelle verlangt 50cent fürs WC - ansich kein Thema. Aber die Preise für Getränke könnten sich in einem halbwegs normalen Niveau bewegen, 3,79€ für eine 250ml RB-Dose",Olumsuz,-1
31537,Kelag Ladesäule (Freizeitbad Drautalperle),Innogy SE (RWE eMobility),Avusturya,46.79424046107238,13.486813798776666,ChIJfyMQmEWjcEcRwGI2C_P39ek,"Laden mit Kreditkarte funktionierte nicht.
Station brachte nur 48 statt 150 kW Ladeleistung.",Olumsuz,-1
313239,Tesla Supercharger St. Veit an der Glan,Tesla (including non-tesla),Avusturya,46.730393,14.378565,ChIJBQ9EDSRtcEcRmTGXj0rORcI,"Schöner, neuer Supercharger mit ein paar Smatrics Stationen und gut mit PV überdacht.

Einziger Kritikpunkt könnte sein, dass am Klo(noch) keine Seife ist... ist aber alles noch offensichtlich am Entstehen. Uns gefällts!",Olumlu,1
313239,Tesla Supercharger St. Veit an der Glan,Tesla (including non-tesla),Avusturya,46.730393,14.378565,ChIJBQ9EDSRtcEcRmTGXj0rORcI,"Einfahrt zu den Ladesäulen etwas eng und gewöhnungsbedürftig… Ladegeschwindigkekt top, Überdachung ebenfalls top!
Sanitärbereich vorhanden. Jedoch sind Snack- und Getränkeautomaten eine Katastrophe und nicht mehr zeitgemäß. Wenn sie mal funktionieren dann nur mit Barzahlung… Bei einer Lounge eines Photovoltaik Spezialisten möchte man fortschrittlicheres erwarten.",Nötr,0
313239,Tesla Supercharger St. Veit an der Glan,Tesla (including non-tesla),Avusturya,46.730393,14.378565,ChIJBQ9EDSRtcEcRmTGXj0rORcI,"Laden klappt gut. Lounge (vorübergehend) geschlossen, Mülleimer gehen über und seit einiger Zeit ist auch der Snack Automat außer Betrieb",Olumlu,1
313239,Tesla Supercharger St. Veit an der Glan,Tesla (including non-tesla),Avusturya,46.730393,14.378565,ChIJBQ9EDSRtcEcRmTGXj0rORcI,"Die supercharger haben eine blöde Anordnung. Es können keine 4 tesla auf auf so wenige Meter stehen.
Keine Bodenmarkierungen. ( Gelände ist allerdings ganz neu errichtet worden und noch nicht fertig.)
Ganz am Anfang lud die Station mit  195kwh ins Auto. Danach sank es wie gewohnt ab.

Das Solargeschäft hat mit Tesla einen Vertrag abgeschlossen. Tankstellen und eine kleine Lounge wo es Kaffee gibt ( derzeit leider defekt) mit 2 Kühlautomaten wo Getränke und kleine süße Snacks drinnen waren haben wir vorgefunden.
Kein Teekocher, keine Sandwiche vorhanden !",Olumsuz,-1
313239,Tesla Supercharger St. Veit an der Glan,Tesla (including non-tesla),Avusturya,46.730393,14.378565,ChIJBQ9EDSRtcEcRmTGXj0rORcI,"Grundsätzlich super, dass Tesla hier eine großzügige und günstige Ladestation gebaut hat. Leider ist der Grundstücksbesitzer offenbar bemüht der gesamten Location ein dreckiges und hinderliches Ambiente zu verpassen. Schade. Unnötige Einengung der Zufahrt. Hässlich und ärgerlich. So präsentiert sich St. Veit an der Glan wohlhabenden Teslafahrern. Pfui",Olumsuz,-1
87401,Hotel Arlberg Stuben,Tesla (Tesla-only charging),Avusturya,47.139908,10.158462,ChIJ_0VASkGvnEcR99755eJfKi4,"Im Tiefgaragenbereich der Arlberg Lodges, die sich in der Nähe des Hotels Alte Post befinden, stehen zwei Ladestationen zur Verfügung. 300 m Fußweg.",Olumlu,1
162107,Hotel Mondschein,Vlotte,Avusturya,47.13833832669641,10.161275523826587,ChIJeQ9bSkGvnEcRJZbkiPcdDuI,Die Ladesäule ist in der Garage des Hotels und als Nicht-Gast muss man 8€ bezahlen um die Ladesäule benutzen zu dürfen.,Olumlu,1
175283,ÖAMTC - St. Valentin,SMATRICS Netz,Avusturya,48.19687,14.52685,ChIJV3CbzU63c0cRtI7UNjRhHiw,"3 Säulen, 2 Apps. 5 Kreditkarten versucht. Nichts ging. Bei -5 Grad 20 min für nichts. Auch telefonisch freischalten lassen. Was nach 15% Unterbrochen wurde und dann nicht mehr freischalten konnte.",Olumsuz,-1
175283,ÖAMTC - St. Valentin,SMATRICS Netz,Avusturya,48.19687,14.52685,ChIJV3CbzU63c0cRtI7UNjRhHiw,"Wenn nicht gerade von einem Verbrenner mit Anhänger alle 6 Lademöglichkeiten verpaekt sind, ganz ok …",Nötr,0
175283,ÖAMTC - St. Valentin,SMATRICS Netz,Avusturya,48.19687,14.52685,ChIJV3CbzU63c0cRtI7UNjRhHiw,"das war richtig richtig elend. keine meiner zwei karten sind akzeptiert worden. kreditkarten zahlung? unmoeglich. und sogar die preise waeren hoch gewesen. wenn selbst fuer zwei IT leute das zeugs unusable ist, klemmt es wohl bei der usability. ich will keine bloede app installieren, 2000 mal die selben daten eingeben und am ende trotzdem nicht laden koennen.
wieso kann man nicht einfach wie im supermarkt eine kreditkarte durchziehen und fertig.
500 m gibt es eine oeamtc ladestation - die hat auf anhieb geklappt.
never again.",Olumsuz,-1
175283,ÖAMTC - St. Valentin,SMATRICS Netz,Avusturya,48.19687,14.52685,ChIJV3CbzU63c0cRtI7UNjRhHiw,Ladeleistung wie versprochen !,Olumlu,1
31694,Quaringasse,Essent (NL),Avusturya,48.17102,16.356819,ChIJ2SKbf06obUcRc_4imWUGZzI,"Am 09.06.2024: 88ct/kWh in der MER App, 84ct/kWh laut EnBW mobility+. Salzburg AG und Linz AG Karten wurden abgelehnt, obwohl diese normalerweise bei MER funktionieren.",Olumsuz,-1
31694,Quaringasse,Essent (NL),Avusturya,48.17102,16.356819,ChIJ2SKbf06obUcRc_4imWUGZzI,"MER verspricht wie immer viel doch leistet nichts

300KW soll 70KW ist bei alleiniger Nutzung",Olumsuz,-1
31694,Quaringasse,Essent (NL),Avusturya,48.17102,16.356819,ChIJ2SKbf06obUcRc_4imWUGZzI,Ladestation teilt sich anscheinend den Strom - 150kW pro Auto. Bei Doppelbelegung,Nötr,0
31694,Quaringasse,Essent (NL),Avusturya,48.17102,16.356819,ChIJ2SKbf06obUcRc_4imWUGZzI,"Hat Anfangs alles geklappt, aber Ladevorgang wird mach 10 min. einfach unterbrochen😒",Olumlu,1
31694,Quaringasse,Essent (NL),Avusturya,48.17102,16.356819,ChIJ2SKbf06obUcRc_4imWUGZzI,"Günstig gelegen bei der Einfahrt nach Wien. In einem McDonald's. Nur eine Ladestation mit zwei Steckdosen, aber sie war frei, als ich dort war, und die Leistung war gut.",Olumlu,1
299136,Tesla Supecharger Imst,Tesla (including non-tesla),Avusturya,47.21857067335426,10.731638652998186,ChIJ5Svg8FLcnEcRVC7QS5nOB6c,"Wir waren auf der Durchreise durch Österreich und haben hier geladen. Es gibt viele Ladestationen mit langen Kabeln, geeignet für alle E-Autos. Während des Ladevorgangs kann man in der Nähe beim Bäcker Ruetz etwas essen und auf Toilette gehen. Es gibt auch einen Wickeltisch.",Olumlu,1
299136,Tesla Supecharger Imst,Tesla (including non-tesla),Avusturya,47.21857067335426,10.731638652998186,ChIJ5Svg8FLcnEcRVC7QS5nOB6c,"Einkaufsmöglichkeiten und ein grosses Restaurant und einem Bäcker mit allem was das herz begehrt, Toiletten etc.
13x Tesla Superchar
Ladung bei mir mit 194kw 👍🏻",Olumlu,1
299136,Tesla Supecharger Imst,Tesla (including non-tesla),Avusturya,47.21857067335426,10.731638652998186,ChIJ5Svg8FLcnEcRVC7QS5nOB6c,"08/2024 unter der Woche mittags
Genug Ladestation, so dass immer eine verfügbar ist.
Lidl in unmittelbarer Nähe, Restaurants in unmittelbarer Nähe, Sport und Schuhgeschäfte, dm, Müller alles da.
Toiletten habe ich sofort nicht gefunden, wird es aber bestimmt im Geschäft geben.
Ladegeschwindigkeit sowie wie gewohnt.",Olumlu,1
299136,Tesla Supecharger Imst,Tesla (including non-tesla),Avusturya,47.21857067335426,10.731638652998186,ChIJ5Svg8FLcnEcRVC7QS5nOB6c,"Station grundsätzlich in Ordnung, Ladestation stabil und Parkplätze gut zugänglich. Am Abend viel belegt und der Mülleimer war Randvoll überladen...",Olumlu,1
299136,Tesla Supecharger Imst,Tesla (including non-tesla),Avusturya,47.21857067335426,10.731638652998186,ChIJ5Svg8FLcnEcRVC7QS5nOB6c,"Leicht zu finden, viele Säulen, Ladeleistung sehr hoch, Geschäfte und Essen in der Nähe bis ca 17:30 Uhr, alles in Ordnung!",Olumlu,1
31521,Dorfstraße 165,Essent (NL),Avusturya,46.713763,13.687499,ChIJRZFhUIWbcEcRCXLFy4xRkl8,Wird nie gebraucht,Olumsuz,-1
67850,12,EVBox,Avusturya,47.2413,12.15512,ChIJjVMVzOO4d0cRVH6uMoYWEpg,"Verfügbar, günstig, mit physischem Guthaben ohne all die komplizierten Apps aktivierbar, aber mitten in einer Mautstraße gelegen",Olumlu,1
67850,12,EVBox,Avusturya,47.2413,12.15512,ChIJjVMVzOO4d0cRVH6uMoYWEpg,"Leicht zu finden, lädt schnell und einfach.",Olumlu,1
82336,Hotel Rauter,Tesla (Tesla-only charging),Avusturya,47.00135,12.538863,ChIJz-BUuvxzd0cRokuHPvuHKGo,"Leider ken Tesla Destination Charger mehr, also kein Grund extra deswegen herzufahren.",Olumsuz,-1
94510,Ladestation Jägerstüberl,SMATRICS Netz,Avusturya,47.226567,12.041923,ChIJn56jS93Gd0cRgYQGWjOcmm4,"Vorsicht bei dieser Ladestation!!! Betrug!
Sie lädt nur mit 7 kW, also sehr langsam. Der Preis pro kWh beträgt 0,72 €. Das ist noch okay, aber dann kommen noch Parkgebühren dazu, die nirgends erwähnt werden. Ich musste sage und schreibe 140,05 € für 40,47 kWh bezahlen! Also Vorsicht!",Olumsuz,-1
313234,Tesla Supercharger Inning,Tesla (including non-tesla),Avusturya,48.183654,15.417881,ChIJMYRo9MB6ckcRXFsIQ-1tG0Y,"Unglaublich happy,  hier Station zu machen.  Der Pellets  Ofen ist einfach genial. So mach ich gerne e Auto Ladepause... mit einem warmen Tee,  juchee 😃❤️👍🏻",Olumlu,1
313234,Tesla Supercharger Inning,Tesla (including non-tesla),Avusturya,48.183654,15.417881,ChIJMYRo9MB6ckcRXFsIQ-1tG0Y,"Super! Charger. Auto lädt durchgehend schnell, auch in kalten Temperaturen.
Toilette und Snacks gibt's auch. Top",Olumlu,1
313234,Tesla Supercharger Inning,Tesla (including non-tesla),Avusturya,48.183654,15.417881,ChIJMYRo9MB6ckcRXFsIQ-1tG0Y,Schöne neue v4 lader und einen 7x24Std Aufenthaltsraum mit WC,Olumlu,1
313234,Tesla Supercharger Inning,Tesla (including non-tesla),Avusturya,48.183654,15.417881,ChIJMYRo9MB6ckcRXFsIQ-1tG0Y,"Supercharger in der Nähe der Autobahn, maximale ladegeschwindigkeit 250 kW, Toilette im Schnitzelwirt 12 Ladesäulen verfügbar.",Olumlu,1
313234,Tesla Supercharger Inning,Tesla (including non-tesla),Avusturya,48.183654,15.417881,ChIJMYRo9MB6ckcRXFsIQ-1tG0Y,Man ist froh über das saubere Wc und den Snackautomaten. Der Schnitzelwirt hatte Weuhnachtsferien...,Olumlu,1
24708,Salzburg Supercharger,Tesla (Tesla-only charging),Avusturya,47.7270698,13.0606792999999,ChIJJ29Z8fuTdkcRjE7hHyIqhuY,"Laden hat gut funktioniert.
Der Cappuccino mit 5,50 im Hotel nebenan ist nicht günstig aber war in Ordnung. Und neben dem Supercharger gibt es auch eine Hotel eigene Ladestation und eine von smartrics.",Olumlu,1
24708,Salzburg Supercharger,Tesla (Tesla-only charging),Avusturya,47.7270698,13.0606792999999,ChIJJ29Z8fuTdkcRjE7hHyIqhuY,Sehr schöne Lademöglichkeit. Man kann dort einiges Entdecken wie ZB die Zero Motorcycles. Wer Hunger hat oder Durst kann sich gleich im Hotel daneben stärken oder auch nur Frisch machen.,Olumlu,1
24708,Salzburg Supercharger,Tesla (Tesla-only charging),Avusturya,47.7270698,13.0606792999999,ChIJJ29Z8fuTdkcRjE7hHyIqhuY,"Sehr schöne Ladepunkt mit Möglichkeit für einen kleinen Snack im Hotel nebenan sowie Nutzung der Toiletten.
Hier treibt man die Nutzung der Elektromobilität mit großen Schritten voran.",Olumlu,1
24708,Salzburg Supercharger,Tesla (Tesla-only charging),Avusturya,47.7270698,13.0606792999999,ChIJJ29Z8fuTdkcRjE7hHyIqhuY,Anfahrt aus dem Westen etwas schwierig. Am Supercharger wird eine alternative schnellere Route beschrieben. Sonst toller Supercharger mit 24/7 Kiosk mit Bioprodukten. Toiletten sind sehr sauber.  Einige Meter weiter gibt es ein nettes Café (Kaffee Mühle),Olumlu,1
24708,Salzburg Supercharger,Tesla (Tesla-only charging),Avusturya,47.7270698,13.0606792999999,ChIJJ29Z8fuTdkcRjE7hHyIqhuY,"Hier merkt man wirklich, wie begeistert die Eigentümer vom zugehörigen Kaiserhof von der Elektromobilität sind.
Hier gibt es nicht nur Ladesäulen für Tesla Fahrzeuge, sondern auch Ladesäulen für andere Marken.

Sehr entspanntes Ambiente im Restaurant 😊👍",Olumlu,1
75188,Hotel Schloss Thannegg-Moosheim,Tesla (Tesla-only charging),Avusturya,47.4259,13.906865,ChIJ9588d84XcUcRMkyHQiHFwVM,Außer Betrieb seit dem 22. Juli 2022,Olumsuz,-1
127981,Ladestation Hotel Grüner Baum,SMATRICS Netz,Avusturya,47.324173,12.798599,ChIJz9reG98cd0cRuHQR6AJM19Y,Funktioniert einwandfrei und lädt die umweltfreundliche E-Autos wunschgemäß auf. Störend nur der Lärm der angrenzenden Bahn.,Olumlu,1
75580,Spar Auhof,TANKE Wien Energie,Avusturya,48.2076335,16.2225032,ChIJZwOOl1mnbUcRwmqid9ScH4I,"Leider unzuverlässig. Der westliche Pylon lädt meistens einigermaßen problemlos (ist aber auch schon vorgekommen, dass man 2-3 Mal starten muss). Der süd-östlichere hat stets noch immer nach ein paar Min abgebrochen kurz nachdem man das Geschäft betreten hat - wenn er überhaupt startet, denn von ca. 6 Versuchen hat er überhaupt nur 2x gestartet.

WENN es lädt, ist die Leistung weitgehend OK.

Bitte kümmert euch da drum. Das darf bei neuen Ladesäulen echt nicht mehr sein.",Olumsuz,-1
75580,Spar Auhof,TANKE Wien Energie,Avusturya,48.2076335,16.2225032,ChIJZwOOl1mnbUcRwmqid9ScH4I,KEINER der vier CCS Schnelllader ( 120kW sowie 60kW) hat funktioniert. Entweder der Ladevorgang wurde nicht gestartet od nach einer Minute wieder abgebrochen.,Olumsuz,-1
75580,Spar Auhof,TANKE Wien Energie,Avusturya,48.2076335,16.2225032,ChIJZwOOl1mnbUcRwmqid9ScH4I,"keine NFC Zahlung, laden mit EMC Karte hat aucht nicht geklappt",Olumsuz,-1
75580,Spar Auhof,TANKE Wien Energie,Avusturya,48.2076335,16.2225032,ChIJZwOOl1mnbUcRwmqid9ScH4I,11 KW Ladung hat problemlos funktioniert.,Olumlu,1
75580,Spar Auhof,TANKE Wien Energie,Avusturya,48.2076335,16.2225032,ChIJZwOOl1mnbUcRwmqid9ScH4I,"Enttäuschend, alle Schnellladepunkte frei, KEINER funktioniert.",Olumsuz,-1
162186,Bahnhof Dornbin,SMATRICS Netz,Avusturya,47.41785788685039,9.73982782967812,ChIJE8Ek-0xrm0cRqP47d_9-PzM,"Die Ladestationen waren eine totale Enttäuschung! Sie waren besetzt von Verbrennern und Elektroautos die nicht laden!! Obwohl es genug andere freie Parkplätze gab. Der Verbrenner-Fahrer hat es vielleicht nicht besser gewusst, aber der Elektroauto-Fahrer, der einfach nur geparkt hat, ohne zu laden, macht es richtig ärgerlich. Für jemanden, der auf Lademöglichkeiten angewiesen ist nach einer langen Autofahrt, einfach inakzeptabel. Sehr schlecht!",Olumsuz,-1
162186,Bahnhof Dornbin,SMATRICS Netz,Avusturya,47.41785788685039,9.73982782967812,ChIJE8Ek-0xrm0cRqP47d_9-PzM,Genau so soll es sein! Die Ladestation war sofort auffindbar und das Laden verlief völlig problemlos. Wir waren als Hotelgäste vor Ort.,Olumlu,1
75948,Parkplatz Achensee Schifffahrt GmbH,TIWAG Tiroler Wasserkraft AG (AT),Avusturya,47.441994,11.702648,ChIJDZdiayB_nUcRokQ7itPZCp0,"2 Ladesäulen ""out of service"", die letzte läßt sich weder mit der TIWAG-App noch mit  BMW Charging Card, 2 anderen Ladekarten u. Kreditkarte dazu bringen, ein paar Kilowatt rauszurücken. Da ist wahrlich noch Luft nach oben",Olumsuz,-1
75948,Parkplatz Achensee Schifffahrt GmbH,TIWAG Tiroler Wasserkraft AG (AT),Avusturya,47.441994,11.702648,ChIJDZdiayB_nUcRokQ7itPZCp0,"Station ist gut versteckt in der Tiefgarage des Hotels. Statt der online ausgewiesenen 22Kw gibt es nur 11kw, Abrechnung erfolgt nach Ladezeit, nicht nach kw.",Olumlu,1
75948,Parkplatz Achensee Schifffahrt GmbH,TIWAG Tiroler Wasserkraft AG (AT),Avusturya,47.441994,11.702648,ChIJDZdiayB_nUcRokQ7itPZCp0,"Die Ladestation war schlecht sichtbar und schwer zu finden. Zum Glück war sie frei, als ich sie endlich entdeckt hatte. Ich vermute jedoch, dass sie entweder defekt oder nur sehr langsam funktionierte, da der Ladevorgang extrem langsam war. Positiv ist hingegen die Nähe zu einer sauberen, großen und kostenlosen Toilette.",Nötr,0
87710,Gasthof Risserhof,Tesla (Tesla-only charging),Avusturya,47.39026,11.264504,ChIJpS_K3MMNnUcR0xfOSkyTH80,"Nein,  es gibt  da keine Ladestation",Olumsuz,-1
87710,Gasthof Risserhof,Tesla (Tesla-only charging),Avusturya,47.39026,11.264504,ChIJpS_K3MMNnUcR0xfOSkyTH80,Keine Tesla charger da,Olumsuz,-1
87710,Gasthof Risserhof,Tesla (Tesla-only charging),Avusturya,47.39026,11.264504,ChIJpS_K3MMNnUcR0xfOSkyTH80,Die 3 Tesla Charger sind demontiert.,Olumsuz,-1
