OCM_ID,Istasyon_Adi,Operator,Sehir,Google_Place_ID,Genel_Puan,Verilen_Yildiz,Yorum_Metni
477323,Jumbo 3748 Oud-Beijerland (PowerGo),PowerGo,Oud-Beijerland,ChIJhYGsh1k3xEcRqPCI2AVkwQw,5.0,5,"Vier beschikbare laadpunten, 150kW, goedkoper dan de buren"
464088,Jumbo 5111 Nieuwegein WC Galecop (PowerGo),PowerGo,Nieuwegein,ChIJ5Z5yL6RlxkcReGG1G_yvM7Q,5.0,5,Super handig zo'n snellader in de buurt!
458923,Total Energies,Circle K,IJmuiden,ChIJVyfEd8rxxUcRF2nb-afntEw,4.4,5,Handige laadplek naast de Total. Ligt dichtbij DFDS ferry en werkt prima. Is een 300 kW lader met 2x CCS aansluiting en 1x chademo
458923,Total Energies,Circle K,IJmuiden,ChIJVyfEd8rxxUcRF2nb-afntEw,4.4,5,Binnen 28 minuten naar 40%
458923,Total Energies,Circle K,IJmuiden,ChIJVyfEd8rxxUcRF2nb-afntEw,4.4,5,"Even snel bijgeladen na de overtocht vanuit Newcastle, ideale lokatie."
458923,Total Energies,Circle K,IJmuiden,ChIJVyfEd8rxxUcRF2nb-afntEw,4.4,1,"Laden niet gelukt, staat al een aantal weken defect."
458923,Total Energies,Circle K,IJmuiden,ChIJVyfEd8rxxUcRF2nb-afntEw,4.4,5,Goedkope LPG
456489,Basic-Fit 1241 Badhoevedorp Sloterweg (PowerGo),PowerGo,Badhoevedorp,ChIJd6LJ2EXhxUcRcunV6xNMqSo,5.0,5,"Compatibel met de visitekaartjes van TOTAL Energies.

Perfecte locatie. 3 laadpunten van 30 kW."
456467,Jumbo 3770 Voorschoten Planciusplantsoen (PowerGo),PowerGo,Voorschoten,ChIJ39URy6zHxUcRBMOs5bGkWHY,4.3,3,Via de app duurt het even voordat het laden daadwerkelijk start. Laadsnelheid viel ook tegen iets over de 50kw waar de paal 80kw zou moeten kunnen. De auto kan op het startniveau 100kw pakken en was de enige gebruiker dus daar ligt het niet aan.
456467,Jumbo 3770 Voorschoten Planciusplantsoen (PowerGo),PowerGo,Voorschoten,ChIJ39URy6zHxUcRBMOs5bGkWHY,4.3,5,Fijn zo’n snellader bij de Jumbo supermarkt! Gebruikt om van 8% te laden tot 50%. Dit ging lekker snel met constante hoge snelheid. Prima laadpunt dus!
456467,Jumbo 3770 Voorschoten Planciusplantsoen (PowerGo),PowerGo,Voorschoten,ChIJ39URy6zHxUcRBMOs5bGkWHY,4.3,5,Beide oplaadpunten werken prima.
456457,Jumbo 3144 Nieuwegein Walnootgaarde (PowerGo),PowerGo,Nieuwegein,ChIJt06pcv9kxkcRaAF15Zonwfc,5.0,5,Beide verkooppunten zijn operationeel.
313370,EQUANS-oplaadstation,(Unknown Operator),Hellevoetsluis,ChIJeahBAdpRxEcRxLOnjPEO0ck,3.0,3,"Inmiddels staan er twee laadpalen van Orange Charging, met in totaal 4 CCS-laadstekkers.
Het maximale vermogen is momenteel 40 kW per stekker, vanwege beperkingen bij de netbeheerder Stedin.
De aanbieder bekijkt momenteel samen met de gemeente of het mogelijk is om een accu te plaatsen, zodat er wel sneller geladen kan worden. Even geduld dus...."
313056,Tesla Supercharger Sassenheim,Tesla (including non-tesla),,ChIJM5kSGmrBxUcRnxSjdoBQNZk,4.4,5,Prettige plek direct naast de A44. Je kan eventueel een bakkie doen bij het hotel. Lekkere koffie wel aan de prijs. Al met al prima plek om je Tesla op te laden!
313056,Tesla Supercharger Sassenheim,Tesla (including non-tesla),,ChIJM5kSGmrBxUcRnxSjdoBQNZk,4.4,5,"Super hoge laadsnelheid: piekte zelfs op 258kw. Makkelijk bereikbaar, afvalbakken beschikbaar (en recent geleegd zodat er nog iets bij kan 😀).
Toilet bij vd Valk eenvoudig bereikbaar."
313056,Tesla Supercharger Sassenheim,Tesla (including non-tesla),,ChIJM5kSGmrBxUcRnxSjdoBQNZk,4.4,4,Wrkt goed. Alleen 1 apparaat stond in storing.
313056,Tesla Supercharger Sassenheim,Tesla (including non-tesla),,ChIJM5kSGmrBxUcRnxSjdoBQNZk,4.4,5,"Prima lokatie voor superchargen, naast van der valk hotel langs de A44. Meestal voldoende plaats om te laden ( Het wordt wel steeds drukker) maar heeft alleen de CCS2 stekkers (voor bijvoorbeeld Tesla model 3). Dus auto's met een Mennekes stekker (onderandere Tesla model S en X) moeten omgebouwd zijn zodat je met een adapter kan laden."
313056,Tesla Supercharger Sassenheim,Tesla (including non-tesla),,ChIJM5kSGmrBxUcRnxSjdoBQNZk,4.4,1,Wat een onzinnig verhaal. Dit station gaat gewoon een week dicht voor dat zotte NAVO gezeur.
313055,Tesla Supercharger Haarlem,Tesla (including non-tesla),,ChIJL09wyFvvxUcRoP8GTG_M_AA,4.1,2,"Wordt de laatste tijd te druk met al die taxi's. Nog even en het is net zo'n gekkenhuis als in Bathoevendorp waar het allemaal veel te druk is.
Het wordt tijd dat ze gaan uitbreiden of nog een lokatie in de buurt gaan bouwen."
313055,Tesla Supercharger Haarlem,Tesla (including non-tesla),,ChIJL09wyFvvxUcRoP8GTG_M_AA,4.1,2,"Het is hier super druk meestal zijn de laadpalen bezet en werken er 1 of 2 van de 12 laders niet. Er zijn gewoon te weinig laadplekken voor een stad als Haarlem, het hadden er veel meer laadplekken moeten zijn."
313055,Tesla Supercharger Haarlem,Tesla (including non-tesla),,ChIJL09wyFvvxUcRoP8GTG_M_AA,4.1,4,Prima locatie en laadsnelheid is goed. Alleen vaak erg druk met veel taxi's. Zou graag zien dat het aantal laadstations wordt uitgebreid.
313055,Tesla Supercharger Haarlem,Tesla (including non-tesla),,ChIJL09wyFvvxUcRoP8GTG_M_AA,4.1,4,Je kan ook een testrit booken met de QR code op de Tesla Model 3 en de Tesla model Y Juniper. Hotel heeft schone toiletten
313055,Tesla Supercharger Haarlem,Tesla (including non-tesla),,ChIJL09wyFvvxUcRoP8GTG_M_AA,4.1,1,Meest vreselijke oplaad locatie. Te druk met die taxis. Lang moeten wachten om te kunnen laden.
313054,Tesla Supercharger Ridderkerk,Tesla (including non-tesla),,ChIJcWLvAPMzxEcRYUG0NYt415w,4.2,5,"Goede laad locatie, centraal gelegen aan verschillende invalswegen.
De locatie was zeer netjes en er waren genoeg laadpalen vrij.
Er is een van dervalk hotel naast met bar en toiletten.
Kortom een algemeen goede ervaring om je Tesla op te laden."
313054,Tesla Supercharger Ridderkerk,Tesla (including non-tesla),,ChIJcWLvAPMzxEcRYUG0NYt415w,4.2,4,Mooie ruime plaats met veel beschikbare opladers. Hotel vd Valk is vlakbij voor als wat wilt eten/drinken
313054,Tesla Supercharger Ridderkerk,Tesla (including non-tesla),,ChIJcWLvAPMzxEcRYUG0NYt415w,4.2,5,"Prima laadpunt, super geregeld zonder pasjes of tags. Je komt aanrijden, slagboom gaat open, stekker erin en chillen maar, heerlijk!"
313054,Tesla Supercharger Ridderkerk,Tesla (including non-tesla),,ChIJcWLvAPMzxEcRYUG0NYt415w,4.2,3,Helaas elke keer weer een aantal laders buiten werking en snelladen soms niet optimaal mede vanwege oudere/verouderde laadpalen.
313054,Tesla Supercharger Ridderkerk,Tesla (including non-tesla),,ChIJcWLvAPMzxEcRYUG0NYt415w,4.2,2,"Opladen gaat al een tijdje met minder snelheid. Max 35 kW haal ik nu al verschillende weken achter elkaar. Gelukkig heb ik steeds de tijd, maar is niet echt snel. Op sommige momenten best druk hier.
Slagbomen gaan automatisch open bij aankomst en vertrek.

Komen ook veel niet Tesla rijders hier laden, dat terwijl er ook een aantal ""gewone"" snelladers staan.

Bar en toilet in Valk hotel. Prima geregeld trouwens."
313053,Tesla Supercharger Gorinchem,Tesla (including non-tesla),,ChIJIfeuagyJxkcR23YZ2KZ8Gs4,4.7,5,"Mooie overdekte laadplaats met v4 superchargers dus alle merken kunnen hier zonder problemen laden.

Hier kan je gebruik maken van je laadpas, bank pas of laden via de Tesla app.
Laden via de tesla app is het voordeligste helemaal in combinatie met het abonnement van tesla.

Rijd de hoofdingang van de valk voorbij en rij naar de 2de set slagbomen direct voor de superchargers.(leveranciers ingang)

De laders staan achter een slagboom, even de knop indrukken voor een bon en hij gaat open.
Als je binnen een uur weer weg ben kan je gratis uit rijden, de slagboom gaat open als je op de intercom knopt drukt."
313053,Tesla Supercharger Gorinchem,Tesla (including non-tesla),,ChIJIfeuagyJxkcR23YZ2KZ8Gs4,4.7,5,"Luxe overdekt laden bij snelle V4 laders. De lagers bevinden zich achteraan op de parkeerplaats van het Van Der Valk hotel. Afslag van de parkeerplaats voorbij rijden, dan krijg je een aparte afslag naar de superchargers."
313053,Tesla Supercharger Gorinchem,Tesla (including non-tesla),,ChIJIfeuagyJxkcR23YZ2KZ8Gs4,4.7,5,"We overnachten af en toe bij van der Valk Gorinchem. En dat is het maar wat handig dat onze Tesla M3 kan bijladen op het terrein zelf. Een uitstekende laadvoorziening, waarbij de auto ook nog eens overdekt staat. Dus geen last van sneeuw of hitte van de zon.
Tip: Er zijn onder deze overkapping ook enkele plekken waar je wel overdekt staat, maar niet per sé hoeft te laden. Dus als ik klaar ben met laden en er is nog een plekje vrij, dan zet ik het liefst daar mijn auto neer."
313053,Tesla Supercharger Gorinchem,Tesla (including non-tesla),,ChIJIfeuagyJxkcR23YZ2KZ8Gs4,4.7,5,"Mooie oplaadplaats met zonnepanelendak. Weer voor een goekope prijs mogen laden met mijn Corsa e. Wat een verschil in prijs met de andere aanbieders. Zeer blij dat Tesla zijn laders heeft opengesteld voor andere merken. Snap niet dat mensen nog ergens anders snelladen, die mag je gerust zaķkenvullers noemen ! Top Tesla bedankt !"
313053,Tesla Supercharger Gorinchem,Tesla (including non-tesla),,ChIJIfeuagyJxkcR23YZ2KZ8Gs4,4.7,2,"Mooie plaats om te laden.
Aan de ingang van het hotel staat dat je je parkeerticket moet laten valideren in de Cinema. Die vroegen ons daar €2 voor. Spijtig was niet nodig geweest..."
313052,Tesla Supercharger Nieuwerkerk aan den IJssel,Tesla (including non-tesla),,ChIJ1U5Kc17SxUcRWlTp87LOp2s,4.3,4,"Fijn dat hier om 22.00 al goedkoper wordt. Wel vervelend dat je alleen een melding via de app ontvang als ineens druk is en je niet meer dan 80% kan laden anders krijg je extra kosten. De auto verspringt nl niet automatisch naar 80% als later pas drukker wordt. Let je even niet op, dan betaal je ineens 50 cent per minuut meer. Moet niet kunnen."
313052,Tesla Supercharger Nieuwerkerk aan den IJssel,Tesla (including non-tesla),,ChIJ1U5Kc17SxUcRWlTp87LOp2s,4.3,5,even de juiste weg nemen (navigatie volgen) en dan laden. Valk hotel vlakbij voor koffie/toilet
313052,Tesla Supercharger Nieuwerkerk aan den IJssel,Tesla (including non-tesla),,ChIJ1U5Kc17SxUcRWlTp87LOp2s,4.3,1,Zelfs deze nieuwste Tesla Supercharger kan 800 volt architectuur niet aan 🥴. Slaat elke keer af.
313052,Tesla Supercharger Nieuwerkerk aan den IJssel,Tesla (including non-tesla),,ChIJ1U5Kc17SxUcRWlTp87LOp2s,4.3,5,"Beste parkeren in mijn leven, ik ga nog nooit zien zo parkeren domme mensen"
313052,Tesla Supercharger Nieuwerkerk aan den IJssel,Tesla (including non-tesla),,ChIJ1U5Kc17SxUcRWlTp87LOp2s,4.3,1,slechte plek en Tesla is slecht
313048,Tesla Supercharger Schiedam,Tesla (including non-tesla),,ChIJJ64eszlLxEcRHKF9y_8h8RM,3.1,5,"⭐⭐⭐⭐⭐
Zeer goede Tesla Supercharger-locatie. Veel laadpunten beschikbaar en laden gaat snel en stabiel, zelfs op drukkere momenten. De locatie is goed bereikbaar en duidelijk aangegeven. Groot pluspunt is de nabijheid van voorzieningen zoals horeca en toiletten, waardoor wachten tijdens het laden geen probleem is.

Alles werkt zoals het hoort, geen gedoe met apps of passen – gewoon inpluggen en laden. Ideaal voor zowel korte stops als langere pauzes tijdens de reis. Absoluut een betrouwbare en comfortabele laadlocatie."
313048,Tesla Supercharger Schiedam,Tesla (including non-tesla),,ChIJJ64eszlLxEcRHKF9y_8h8RM,3.1,4,"Niet megasnel, maar ik kreeg wel 75kw met een lege plek links en rechts. Dus niet 35 zoals anderen aangeven."
313048,Tesla Supercharger Schiedam,Tesla (including non-tesla),,ChIJJ64eszlLxEcRHKF9y_8h8RM,3.1,4,"Je moet wel onder een slagboom door, maar je kunt die ticket meteen kostenloos valideren in het Van der Valk Hotel, dus dat is geen enkel probleem."
313048,Tesla Supercharger Schiedam,Tesla (including non-tesla),,ChIJJ64eszlLxEcRHKF9y_8h8RM,3.1,3,De oplader is snel als het rustig is. Als het druk is is het maximaal 150 KW. Let op: Je moet naar binnen om je parkeerticket te valideren.
313048,Tesla Supercharger Schiedam,Tesla (including non-tesla),,ChIJJ64eszlLxEcRHKF9y_8h8RM,3.1,1,"Zoals al in meerdere reviews gemeld, snellader met maximaal 35kW terwijl er volop lege laadplaatsen zijn. Zou dit een strategie zijn van het hotel, om de wachttijd van een uur te gebruiken voor een lunch, of een technische beperking van deze Tesla laadlocatie? Ik ga voortaan naar Rijswijk of Ridderkerk, snellader met 170 kW."
313046,Tesla Supercharger Nootdorp,Tesla (including non-tesla),,ChIJ7YWZP9vJxUcR5EqikGoAdS0,4.5,5,"Fijne locatie om te laden. V4 Chargers zijn een stuk beter, ook voor non-tesla's met de laadklep aan de verkeerde kant. De schermpjes lijken nog niet geactiveerd te zijn? Gebruik gewoon de Tesla App voor nu."
313046,Tesla Supercharger Nootdorp,Tesla (including non-tesla),,ChIJ7YWZP9vJxUcR5EqikGoAdS0,4.5,5,"Fijn laadpunt, veel V4 Tesla Superchargers aanwezig. De nieuwe Superchargers zijn ook prettig om te gebruiken voor de niet-Teslarijders. De locatie is makkelijk bereikbaar en zit vlakbij de A12."
313046,Tesla Supercharger Nootdorp,Tesla (including non-tesla),,ChIJ7YWZP9vJxUcR5EqikGoAdS0,4.5,3,"In de avond bezocht. Goedkoop na 23:00 uur. Donker, druk en ontzettend veel taxi’s waarvan vrijwel alle chauffeurs staan te roken. Is op een parkeerplaats van een vd Valk hotel, naast een ontmoetingsplek van luide auto’s en motoren op het terrein van het tankstation ernaast. Ik zou je adviseren bij de auto te blijven gezien hoeveel taxi’s bij het manoeuvreren een bumper aantikken of een opgerookte sigaret op een geparkeerde auto mikken."
313046,Tesla Supercharger Nootdorp,Tesla (including non-tesla),,ChIJ7YWZP9vJxUcR5EqikGoAdS0,4.5,5,"Heel fijn de Supercharger V4, beter dan de V3. Nu kan je makkelijk laden zonder een plek bezet te houden als niet-Tesla auto."
313046,Tesla Supercharger Nootdorp,Tesla (including non-tesla),,ChIJ7YWZP9vJxUcR5EqikGoAdS0,4.5,2,Meerendeel van de plaatsen bezet door geparkeerde niet-elektrische auto’s. We hadden nog net het laatste plekje terwijl het systeem dacht dat er nog 13 beschikbaar waren.
311774,Formule 2 Tankstations,(Unknown Operator),Noordwijkerhout,ChIJx3NGFwzqxUcR8BCq8sP4bG8,4.0,4,Snellaadstation
301686,Ionity Gorinchem,Ionity,Gorinchem,ChIJy8vpsNiFxkcRbheUZA0I4jk,4.3,5,"Op woensdagochtend 9:45 uur was ik de enige die stond te laden. 3 weken geleden onderweg naar vakantieadres ook hier geladen. Er zijn vier doorrijplekken beschikbaar, waardoor de vouwwagen aangekoppeld kon blijven. Ook toen (maandag eind van de ochtend) vrijwel de enige die stond te laden.
Toilet was beide keren schoon en wordt automatisch schoongemaakt. Naast toilet en bankjes geen andere voorzieningen beschikbaar, dus kop koffie en snack zelf even meenemen."
301686,Ionity Gorinchem,Ionity,Gorinchem,ChIJy8vpsNiFxkcRbheUZA0I4jk,4.3,4,"Veel laadpalen, weinig bezetting dus altijd gelijk de mogelijkheid tot laden. Mijn auto kan tot 140KW laden en dat heb ik ook gehaald. Enig minpuntje: geen prullenbakken waardoor er wat zwerfafval ligt"
301686,Ionity Gorinchem,Ionity,Gorinchem,ChIJy8vpsNiFxkcRbheUZA0I4jk,4.3,3,"21 laadunits, als enige aan het laden. Toch komt de laadstroom niet boven de 130 kW, terwijl dit op andere plaatsen, onder gelijke omstandigheden, 200+ is. Er staat 350 kW op de  units, maar het lijkt of ze beperkt zijn. Dit heb ik nu voor de 4e keer waargenomen."
301686,Ionity Gorinchem,Ionity,Gorinchem,ChIJy8vpsNiFxkcRbheUZA0I4jk,4.3,5,"Nog wel altijd plek, simpele   manier om te laden en te stoppen.
Prijs is gelijk aan laden op de snelweg en dat is jammer, mag wel wat minder."
301686,Ionity Gorinchem,Ionity,Gorinchem,ChIJy8vpsNiFxkcRbheUZA0I4jk,4.3,2,"Geen maximale snelheid helaas. Ik was de enige bij deze locatie en de snelheid ging niet boven de 185kw, terwijl mijn auto boven de 280kw moet komen.

Gemiste kans"
297266,LEAP24 Charging Station,Leap24 (NL),Oostzaan,ChIJO-nNdKrixUcRtx6CDecVZqI,3.0,1,"3 vd 4 snelladers deden het niet, en de ene die werkte laadde maar met een vermogen van 20.1 kW, terwijl mijn auto normaal gesproken bij andere snelladers 100 kW snellaadt."
290270,LEAP24 Charging Station,Leap24 (NL),Haarlem,ChIJ3yvIiYDvxUcRf81Lq3frv88,3.6,4,"Helaas op het moment van opladen (19:00) slecht verlicht. Mogelijk zijn ze ermee bezig, maar de aanwezige straatlantaarns brandden niet.
Verder een ruim opgezet oplaadstation met meerdere oplaadpunten, extra snelle laders en er is ook een “Quiosk”-automaat aanwezig.
Het opladen gaat er prima en lekker snel."
290270,LEAP24 Charging Station,Leap24 (NL),Haarlem,ChIJ3yvIiYDvxUcRf81Lq3frv88,3.6,1,"Waardeloos. Eerste laadstation gaf foutmelding en werkte helemaal niet. Tweede laadstation had een laadsnelheid van maximaal 34 kW en niet de geadverteerde 160 kW. De accu van mijn auto was bijna leeg (4%) en kan normaal met 180 kW laden...

Daarnaast is de positionering van de lader en kabellengte super onhandig voor auto's met de laadpoort linksachter (zoals bijvoorbeeld Tesla).

Verder staat laadstation ook niet goed op Google Maps aangegeven."
290270,LEAP24 Charging Station,Leap24 (NL),Haarlem,ChIJ3yvIiYDvxUcRf81Lq3frv88,3.6,5,Goede en snelle laadpaal. Geen problemen gehad. Werkte gelijk bij het scannen van mijn laadpas en begon daarna gelijk met snelladen. Mijn auto kan maximaal met 50kW laden en met die snelheid heb ik van 19% tot 50% geladen in ongeveer 20 minuten.
290270,LEAP24 Charging Station,Leap24 (NL),Haarlem,ChIJ3yvIiYDvxUcRf81Lq3frv88,3.6,3,"Laden prima, helaas wel vier keer de auto moeten verplaatsen. Drie laadstations werkten niet. Ik heb een Ford e-transit Custom. Het nummer van de laadpas deel ik liever niet online. Ik was overigens niet de enige. Bij wie het laden niet lukte. Meerdere taxibusjes en personenauto's een poging zien wagen."
290270,LEAP24 Charging Station,Leap24 (NL),Haarlem,ChIJ3yvIiYDvxUcRf81Lq3frv88,3.6,5,"Nieuwe laadpaal locatie van Leap24 8 laadpalen met voldoende laadsnelheid 500km p uur, superblij met deze locatie en er staat nu zelfs een snoep/drink automaat, maar deze moet nog wel even gevuld worden erg handig 👍"
290267,LEAP24 Charging Station,Leap24 (NL),Haarlem,ChIJe6gWVb_nxUcRhOimoWLilF0,3.3,3,Laad er dagelijks op. Echter nu hanteren ze een kleeftarief dit begrijp ik zeker bij snellader. Maar bij normale kader niet 9 vd 10 zijn ze niet allemaal bezet. Nu moet ik om 22.00- 23.00 terug om wagen vd lader te halen terwijl er genoeg palen onbezet zijn.
290267,LEAP24 Charging Station,Leap24 (NL),Haarlem,ChIJe6gWVb_nxUcRhOimoWLilF0,3.3,4,Prettig maar soms moeilijk te vinden
290267,LEAP24 Charging Station,Leap24 (NL),Haarlem,ChIJe6gWVb_nxUcRhOimoWLilF0,3.3,5,"Prima laadpunt vaak zijn ze niet in gebruik die 2 snelladers, vandaag stonden er 2 auto’s met de stekker onder de auto’s gelegd zodat er niemand kan laden, het zullen wel bewoners zijn die het niet zo leuk vinden dat ze achter hun huis die laders hebben, maar wat heb ik daar mee te maken ik ben aan het werk 🧐

Hoop dat jullie hier iets mee doen, of wat kan ik doen als het weer zo is ??

Ik heb er een aantal foto’s van gemaakt.

Groetjes Martijn"
290267,LEAP24 Charging Station,Leap24 (NL),Haarlem,ChIJe6gWVb_nxUcRhOimoWLilF0,3.3,5,"Ik maak geen gebruik van de snelladers, die lawaai als een stofzuiger maken. Bij de 4 gewone laadpalen staan vaak gewone auto's geparkeerd die niet aan het opladen zijn, vooral 's avonds. Soms staat er een dieselbusje midden op 2 laadplaatsen zodat je er niet bij kan. Terrein zou van een VVE zijn. Die zou de auto's moeten laten wegslepen. Volgens het bord is er een wegsleepregeling van toepassing."
290267,LEAP24 Charging Station,Leap24 (NL),Haarlem,ChIJe6gWVb_nxUcRhOimoWLilF0,3.3,1,"Op bezoek bij mijn vrienden voor een barbecue werd het lawaai van de Leap24 oplaadpunten enkel overdonderd door de muziek die de chauffeurs door de wijk lieten galmen.
Het is volledig absurd en on-sociaal om dit soort laadstations in woonwijken te plaatsen.
Voor mij was het slechts een tijdelijke overlast, maar voor de buurtbewoners is dit dus élke dag én nacht een absoluut ontoelaatbare bron van ergernis.
Leap24 verklaart maar één doel voor ogen te hebben: De overstap naar schone mobiliteit zo makkelijk mogelijk maken.'
De drijvende krachten achter Leap24; Pelle Schlichting en Ferry Bosgra, wil ik tóch dringend vragen om ten minste één tweede doel voor ogen te krijgen: Een schone mobiliteit met respect voor particuliere buurtbewoners.
Het plaatsen van laadstations in woonwijken getuigt van een gebrek aan respect voor mensen, in de drang naar een erkenning van een schone mobiliteit."
290266,LEAP24 Charging Station,Leap24 (NL),Badhoevedorp,ChIJ447uLRXhxUcRzsww6BOyvtM,4.3,3,"Is een goede oplaad plaats jammer dat van de week 7 plekken bezet waren door hoveniers, die zekerop 4 plaatsen boompjes hadden neergegooid een aanhanger hadden neergezet en nog 2 busjes.
Beetje aso."
290266,LEAP24 Charging Station,Leap24 (NL),Badhoevedorp,ChIJ447uLRXhxUcRzsww6BOyvtM,4.3,5,Netjes dat er toiletten zijn geplaatst nu alleen ook nog ffies in Haarlem ook plaatsen en bijhouden om schoon te maken.
290266,LEAP24 Charging Station,Leap24 (NL),Badhoevedorp,ChIJ447uLRXhxUcRzsww6BOyvtM,4.3,3,Zou wel handig zijn als ze zouden vermelden hoe we de 24% korting kunnen krijgen. Kheb niet meer als 10% gehaald. En komt ook vaak voor dat er sommige niet werken.
290266,LEAP24 Charging Station,Leap24 (NL),Badhoevedorp,ChIJ447uLRXhxUcRzsww6BOyvtM,4.3,5,Zelfs met een electrische bakwagen is hier vaak wel plek om even snel wat bij te laden om de route af te kunnen maken. Het laden gaat ook super snel.
290266,LEAP24 Charging Station,Leap24 (NL),Badhoevedorp,ChIJ447uLRXhxUcRzsww6BOyvtM,4.3,5,Prima laadplek. De Tesla lader aan de overkant is achter een slagboom dus heb hier even geladen onderweg naar huis. Zag er schoon en verzorgd uit.
285212,Shell Recharge Charging Station,Shell Recharge Solutions (NL),Amsterdam,ChIJydMJ2kLjxUcRIdrBTbL-tZI,3.2,1,"Werkt nooit, verspil je tijd niet.
Het is ook echt een onverzorgde omgeving"
285212,Shell Recharge Charging Station,Shell Recharge Solutions (NL),Amsterdam,ChIJydMJ2kLjxUcRIdrBTbL-tZI,3.2,2,"Op de website staat 24/7 open, maar de winkel was mooi dicht en kon geen aankoop doen want ik had alleen contant geld. Openingstijden mogen aangepast worden om verwarring te voorkomen want ik ben nu voor niks die kant op gegaan."
285212,Shell Recharge Charging Station,Shell Recharge Solutions (NL),Amsterdam,ChIJydMJ2kLjxUcRIdrBTbL-tZI,3.2,2,"Laad met slechts 35kW, niet dr 150kW die op de banners staat. Is regelmatig buiten gebruik dan wel volledig bezet (meer plekken zou fijn zijn)."
285212,Shell Recharge Charging Station,Shell Recharge Solutions (NL),Amsterdam,ChIJydMJ2kLjxUcRIdrBTbL-tZI,3.2,1,Zijn allebei kapot
285212,Shell Recharge Charging Station,Shell Recharge Solutions (NL),Amsterdam,ChIJydMJ2kLjxUcRIdrBTbL-tZI,3.2,1,"Gemiddeld opladen, niet snel.
De afgelopen weken meerdere keren geprobeerd, met voorverwarmen van de accu, maar haalde niet meer dan 40 kWh in plaats van 100+."
260616,LEAP24 Fastcharging station,Leap24 (NL),Delft,ChIJRcnIUHW2xUcR2zVotlcN48k,3.7,5,"Ook gelukt met een 16ton vrachtwagen,  had wel de parking van de buren nodig om recht voor de laadpaal te parkeren,  maar er stond geen een auto dus dat kwam mooi uit, als het vol staat met luxe auto s is het een ander verhaal, werkt prima verder"
260616,LEAP24 Fastcharging station,Leap24 (NL),Delft,ChIJRcnIUHW2xUcR2zVotlcN48k,3.7,3,"Met moeite een lader aan de praat gekregen.

Ze hadden een spotprijs waardoor ik hier ben gaan laden.

Verder is de plek wat donker."
260616,LEAP24 Fastcharging station,Leap24 (NL),Delft,ChIJRcnIUHW2xUcR2zVotlcN48k,3.7,5,"Twee rechter oplaadpunten werkten niet, bij de linker twee kon ik gewoon opladen"
260616,LEAP24 Fastcharging station,Leap24 (NL),Delft,ChIJRcnIUHW2xUcR2zVotlcN48k,3.7,5,"Goed bereikbaar, nette plaatsen en burgerrestaurant om de hoek."
238388,Mc Donalds Nieuwegein ,Shell Recharge Solutions (NL),Nieuwegein,ChIJJ8AHjEtkxkcRCkRUcXChm0Q,5.0,5,Naast de rivier
238385,Shell Recharge Veldhuizen,Shell Recharge Solutions (NL),Harmelen,ChIJrSIBjIN6xkcR1GPePLq33R8,3.9,4,"Heb een beetje een haat/liefe verhoudung met de laadstations van Shell. Informatie en display zijn top, Helaas werken ze mij te vaak niet of is de capaciteit (ineens) veel minder tijdens het laden. Van 150kw plotseling naar 58 of 48kw. Dat is echt irritant. Gelukkig gaat het ook vaak wel goed. Dus over het algemeen wel tevreden"
238385,Shell Recharge Veldhuizen,Shell Recharge Solutions (NL),Harmelen,ChIJrSIBjIN6xkcR1GPePLq33R8,3.9,1,Altijd gezeik bij de shell recharge palen. Je betaald een godsvermogen en mag blij zijn als dat onding het doet. Fix t
238385,Shell Recharge Veldhuizen,Shell Recharge Solutions (NL),Harmelen,ChIJrSIBjIN6xkcR1GPePLq33R8,3.9,4,"Prima bij de snelweg gelokaliseerde pompstation. Groot. Enige wat fijn zou zijn als je zonder vrachtwagen ook AddBlue zou kunnen tanken, want 10L AddBlue met vaatjes vullen en kans op morsen is gewoon niet fijn..."
238385,Shell Recharge Veldhuizen,Shell Recharge Solutions (NL),Harmelen,ChIJrSIBjIN6xkcR1GPePLq33R8,3.9,2,Onhandig. Geen bebording hoe je bij het laden komt dus sta je 'gevangen' bij het reguliere tankstation. Maar weer doorgereden dus.
238385,Shell Recharge Veldhuizen,Shell Recharge Solutions (NL),Harmelen,ChIJrSIBjIN6xkcR1GPePLq33R8,3.9,2,"Je kunt een ander die aan het laden is ontkoppelen met jouw eigen pas. Dat lijkt mij niet de bedoeling.
Als laadpunt 1 is aangesloten kun je laadpunt 2 niet starten. Als laadpunt 2 is aangesloten kun je laadpunt 1 wel aansluiten."
235545,Rivierenlaan 164,Last Mile Solutions,Pijnacker,ChIJtR8N1lLLxUcRPAN-843AuHA,3.0,3,Ik was er wel maar niet voor de laadpaal. Zag er wel mooi uit hoor. Jammer dat de rest zo'n bouwput is.
212423,Zeemansstraat,Leap24 (NL),Zaandam,ChIJSXJ_k4r9xUcRJ3wHTS4UhBE,3.0,1,"Tot 40% kunnen laden op 60kw, daarna stopte de paal geheel met laden. Ook de stekker opnieuw pluggen en opnieuw de laadpas scannen maakte geen verschil.
Ford Transit Custom met ayvens laadpas"
212423,Zeemansstraat,Leap24 (NL),Zaandam,ChIJSXJ_k4r9xUcRJ3wHTS4UhBE,3.0,2,Werkt niet
208214,Avelingen-West,(Unknown Operator),Gorinchem,ChIJy8vpsNiFxkcRbheUZA0I4jk,4.3,5,"Op woensdagochtend 9:45 uur was ik de enige die stond te laden. 3 weken geleden onderweg naar vakantieadres ook hier geladen. Er zijn vier doorrijplekken beschikbaar, waardoor de vouwwagen aangekoppeld kon blijven. Ook toen (maandag eind van de ochtend) vrijwel de enige die stond te laden.
Toilet was beide keren schoon en wordt automatisch schoongemaakt. Naast toilet en bankjes geen andere voorzieningen beschikbaar, dus kop koffie en snack zelf even meenemen."
208214,Avelingen-West,(Unknown Operator),Gorinchem,ChIJy8vpsNiFxkcRbheUZA0I4jk,4.3,4,"Veel laadpalen, weinig bezetting dus altijd gelijk de mogelijkheid tot laden. Mijn auto kan tot 140KW laden en dat heb ik ook gehaald. Enig minpuntje: geen prullenbakken waardoor er wat zwerfafval ligt"
208214,Avelingen-West,(Unknown Operator),Gorinchem,ChIJy8vpsNiFxkcRbheUZA0I4jk,4.3,3,"21 laadunits, als enige aan het laden. Toch komt de laadstroom niet boven de 130 kW, terwijl dit op andere plaatsen, onder gelijke omstandigheden, 200+ is. Er staat 350 kW op de  units, maar het lijkt of ze beperkt zijn. Dit heb ik nu voor de 4e keer waargenomen."
208214,Avelingen-West,(Unknown Operator),Gorinchem,ChIJy8vpsNiFxkcRbheUZA0I4jk,4.3,5,"Nog wel altijd plek, simpele   manier om te laden en te stoppen.
Prijs is gelijk aan laden op de snelweg en dat is jammer, mag wel wat minder."
208214,Avelingen-West,(Unknown Operator),Gorinchem,ChIJy8vpsNiFxkcRbheUZA0I4jk,4.3,2,"Geen maximale snelheid helaas. Ik was de enige bij deze locatie en de snelheid ging niet boven de 185kw, terwijl mijn auto boven de 280kw moet komen.

Gemiste kans"
204328,McDonald's Parallelweg,Vattenfall InCharge,,ChIJ1wEQrX3wxUcRvLPNGJssQ6w,5.0,5,Snel opgeladen tussen de vergaderingen door.
194365,IONITY Sandelingen Oost,Ionity,Hendrik-Ido-Ambacht,ChIJ-T0b_IcuxEcRvCJf9lqqWMc,3.7,2,1 lader defect en bij 2 andere werkt display niet.
194365,IONITY Sandelingen Oost,Ionity,Hendrik-Ido-Ambacht,ChIJ-T0b_IcuxEcRvCJf9lqqWMc,3.7,3,Mooi ruime plaatsen. Echter is restaurant leeg en gesloten. Brug naar andere zijde snelweg ook niet beschikbaar.
194365,IONITY Sandelingen Oost,Ionity,Hendrik-Ido-Ambacht,ChIJ-T0b_IcuxEcRvCJf9lqqWMc,3.7,3,Opladers deden het allemaal. En er was plek. Wel afgelegen plekje helemaal achteraan een beetje een ongure parkeerplaats. Er is een pomp waar je kan plassen of een broodje ka. Halen maar dat is 5 min lopen
194365,IONITY Sandelingen Oost,Ionity,Hendrik-Ido-Ambacht,ChIJ-T0b_IcuxEcRvCJf9lqqWMc,3.7,4,"Nette snelle lader, alleen wat ver van 't Shell station voor versnaperingen/toilet"
194365,IONITY Sandelingen Oost,Ionity,Hendrik-Ido-Ambacht,ChIJ-T0b_IcuxEcRvCJf9lqqWMc,3.7,5,Het enige dat ik hier mis is een toilet.
193861,LEAP24 Snellaadstation,Leap24 (NL),Rotterdam,ChIJxapRUVsyxEcRfrs4GlhKc14,3.8,5,"Het is handig om op te laden, maar er zouden wel plekken moeten zijn waar je tijdens het wachten koffie kunt drinken en naar het toilet kunt gaan."
193861,LEAP24 Snellaadstation,Leap24 (NL),Rotterdam,ChIJxapRUVsyxEcRfrs4GlhKc14,3.8,5,Snel laden met voldoende laadpunten
193861,LEAP24 Snellaadstation,Leap24 (NL),Rotterdam,ChIJxapRUVsyxEcRfrs4GlhKc14,3.8,1,"Willen vaak niet starten met laden, ik rijd voortaan naar de Shell toe."
193861,LEAP24 Snellaadstation,Leap24 (NL),Rotterdam,ChIJxapRUVsyxEcRfrs4GlhKc14,3.8,5,"Storing bij veel laadpalen in de omgeving , maar leap24 blijkt stabiel . Daarnaast nog eens razendsnel ook ! Thanks voor de service"
193861,LEAP24 Snellaadstation,Leap24 (NL),Rotterdam,ChIJxapRUVsyxEcRfrs4GlhKc14,3.8,2,Niet goed omdat we niet konden opladen met onze Vattenfall pas
192549,LEAP 24 Fast Charging Station - Almere Transistorstraat,Leap24 (NL),Almere,ChIJdWvOxU0RxkcR2UjJm80A_o8,3.5,4,"Dit Leap-laadpunt ligt enigszins verscholen, maar daardoor is er meestal ook wel plek. Het zijn 150kWh palen. Voor de meesten voldoende snel. Heb je een auto die sneller laad, mijn auto kan 320kWh, dan is het een heel klein beetje balen. Het voordeel hier wel is dat de meeste palen enkele laders zijn en dat alle stroom dus voor jou is en niet zoals bij Fastned dat je het moet delen als beide laders in gebruik zijn. Een upgrade naar 300+kWh zou vijf sterren opleveren."
192549,LEAP 24 Fast Charging Station - Almere Transistorstraat,Leap24 (NL),Almere,ChIJdWvOxU0RxkcR2UjJm80A_o8,3.5,2,"veel te duur 0,83 Cent per kw ook zijn er meerdere laders niet actief"
192549,LEAP 24 Fast Charging Station - Almere Transistorstraat,Leap24 (NL),Almere,ChIJdWvOxU0RxkcR2UjJm80A_o8,3.5,3,"Als je woont in een wijk waar de ratio laadstations en elektrische auto's ongelijk is (veel minder laadstations dan auto's), zul je moeten uitwijken naar naastgelegen gebieden. Want deze laadstations zijn altijd bezet.

Na best wel lang zoeken via allerlei apps, kwam ik uit op Leap24 (""my heart 'leapt' with joy"") en nog snelladers ook. Fijn. Het ligt wat afgelegen in een industrieterrein, maar 5 minuten rijden is niet ver als je niet te lang hoeft te wachten op een volle batterij.

De eerste keer ging soepel. 40 minuten en BAM volle batterij. De overige keren merkte ik dat de startsnelheid altijd tot snel oploopt, maar daarna in snelheid afneemt (en niet omdat ik op 80% zit van de capaciteit. Ik hoor jullie denken)

En dat er enige tijd één laadstation defect is. Ik blijf hier komen omdat er geen andere snelle optie is, maar als dit verholpen kan worden ben ik een happy camper.....=)"
192549,LEAP 24 Fast Charging Station - Almere Transistorstraat,Leap24 (NL),Almere,ChIJdWvOxU0RxkcR2UjJm80A_o8,3.5,1,Was een hangplek voor rare types die met luide muziek daar stonden. Weinig kunnen opladen want ging meer af dan bij. Kom er niet meer. Ga wel naar andere plekken.
192549,LEAP 24 Fast Charging Station - Almere Transistorstraat,Leap24 (NL),Almere,ChIJdWvOxU0RxkcR2UjJm80A_o8,3.5,5,Goed geholpen op locatie! Pas deed raar en eerste paal functioneerde niet en medewerkster hier heeft mij geholpen met laden. Top service!
192438,Fastned Peulwijk-Oost,FastNed,Den Hoorn,ChIJGwA0TT60xUcRF1V0v3evEiw,4.5,2,"Het opladen gaat prima maar als je naar de shop van Shell wilt lopen moet je door de bagger en over de afrit waar best hard gereden wordt. Leg eens een fatsoenlijke oversteekplaats aan waardoor je niet door de blubber en het water hoeft te lopen, zeker in de herfst en winter. Paar tegels, hoop gemak."
192438,Fastned Peulwijk-Oost,FastNed,Den Hoorn,ChIJGwA0TT60xUcRF1V0v3evEiw,4.5,5,"Goede combinatie, Polestar en Fastned. Blij met de mogelijkheid om de aanhanger aan de auto te laten, maar vooral met Autocharge!!"
192438,Fastned Peulwijk-Oost,FastNed,Den Hoorn,ChIJGwA0TT60xUcRF1V0v3evEiw,4.5,5,Goede locatie
192438,Fastned Peulwijk-Oost,FastNed,Den Hoorn,ChIJGwA0TT60xUcRF1V0v3evEiw,4.5,5,"Snel opladen, zeer goed bereikbaar vanaf de snelweg, tankstation met een geïntegreerde Starbucks. Perfecte locatie."
192438,Fastned Peulwijk-Oost,FastNed,Den Hoorn,ChIJGwA0TT60xUcRF1V0v3evEiw,4.5,5,"Ik heb geen elektrische auto, maar ik vind het ontwerp mooi, bravo!"
192437,Fastned Hogenhoorn,FastNed,Den Hoorn,ChIJofRXGTy0xUcRFpz34NnPzsw,4.5,1,"Zoveel plaats en geen een type2 lader erg jammer.
Ik heb geen chademo of css :-(

Op het hele parkeer terein ook niet erg vervelend dat er qlleen aangegeven staat dat je electriesh kan opladen maar geen icoontjes of iets dergelijks. Mischien een idee. Mensen zoals ik (die alleen type2 heeft) zou weten of ik moet door rijden.
En ja de app is handig maar dat mag niet als je aan het rijden bent ...

En nog steeds geen AC opladers.
Zo jammer.
Al was er maar één plekje zou zoveel schelen."
192437,Fastned Hogenhoorn,FastNed,Den Hoorn,ChIJofRXGTy0xUcRFpz34NnPzsw,4.5,5,Was eventjes schikken om te laden zag dat er 🤔🤔🤔40 euro opstond maar dat zal wel maximaal zijn voor de allergrootste accu pakket ik zal echt nooit een elektrische auto gaan kopen heb de wegenwacht opgebeld omdat ik nog 4 procent nog had ik ga gewoon lekker benzine rijden 😊😊😊
192437,Fastned Hogenhoorn,FastNed,Den Hoorn,ChIJofRXGTy0xUcRFpz34NnPzsw,4.5,5,Voldoende plek om op te laden.
192437,Fastned Hogenhoorn,FastNed,Den Hoorn,ChIJofRXGTy0xUcRFpz34NnPzsw,4.5,5,"Autocharge en Alles bij de hand: laden, shop, wc etc"
192437,Fastned Hogenhoorn,FastNed,Den Hoorn,ChIJofRXGTy0xUcRFpz34NnPzsw,4.5,5,Ruim opgezet Fastned station met veel eetgelegenheden.
191365,Lidl - Woerden,Lidl,Woerden,ChIJZc8pO9J5xkcRoIboHEgHeEk,4.3,4,"Gratis, dus ik klaag niet, maar er kan maar 1 auto tegelijk opladen. CCS, CHAdeMO, en Mennekes type 2 stekkers zijn aanwezig. Ook kan iedereen jouw sessie beëindigen, omdat je sessie niet gelocked is (door bijv. swipen met een pasje)."
191365,Lidl - Woerden,Lidl,Woerden,ChIJZc8pO9J5xkcRoIboHEgHeEk,4.3,5,Oplader doet het weer
191365,Lidl - Woerden,Lidl,Woerden,ChIJZc8pO9J5xkcRoIboHEgHeEk,4.3,4,"Fijne gratis laadservice van 50 kW, erg populair!

Helaas zijn de kabels te kort, of de paalpositie is niet optimaal.

Helaas geen type 2-laders... (hopelijk komen die er snel, hint hint)"
190852,Oranjeboomstraat 192,TotalEnergies (FR),Haarlem,ChIJh04I7j_vxUcREfFvFDPZSDw,4.0,4,Goede laadunit om je auto op te laden.
190741,Partou Kinderopvang,(Unknown Operator),Utrecht,ChIJ5bJyXFxvxkcRy-0W2BDI8TA,5.0,5,"300 kW
2xCCS"
190740,2 Johan de Wittstraat,(Unknown Operator),Utrecht,ChIJ5bJyXFxvxkcRy-0W2BDI8TA,5.0,5,"300 kW
2xCCS"
190739,50 Maliesingel,(Unknown Operator),Utrecht,ChIJ5bJyXFxvxkcRy-0W2BDI8TA,5.0,5,"300 kW
2xCCS"
190738,146-BS Frederik Hendrikstraat,(Unknown Operator),Utrecht,ChIJ5bJyXFxvxkcRy-0W2BDI8TA,5.0,5,"300 kW
2xCCS"
190737,Frederik Hendrikstraat,(Unknown Operator),Utrecht,ChIJ5bJyXFxvxkcRy-0W2BDI8TA,5.0,5,"300 kW
2xCCS"
190734,22 Johan Willem Frisostraat,(Unknown Operator),Utrecht,ChIJ5bJyXFxvxkcRy-0W2BDI8TA,5.0,5,"300 kW
2xCCS"
190733,Johan Willem Frisostraat,(Unknown Operator),Utrecht,ChIJ5bJyXFxvxkcRy-0W2BDI8TA,5.0,5,"300 kW
2xCCS"
190732,Stolberglaan,(Unknown Operator),Utrecht,ChIJ5bJyXFxvxkcRy-0W2BDI8TA,5.0,5,"300 kW
2xCCS"
190730,74 Wolter Heukelslaan,(Unknown Operator),Utrecht,ChIJ5bJyXFxvxkcRy-0W2BDI8TA,5.0,5,"300 kW
2xCCS"
190729,70 Wolter Heukelslaan,(Unknown Operator),Utrecht,ChIJ5bJyXFxvxkcRy-0W2BDI8TA,5.0,5,"300 kW
2xCCS"
190728,65A-BS Wolter Heukelslaan,(Unknown Operator),Utrecht,ChIJ5bJyXFxvxkcRy-0W2BDI8TA,5.0,5,"300 kW
2xCCS"
190727,Zonnehof,(Unknown Operator),Utrecht,ChIJ5bJyXFxvxkcRy-0W2BDI8TA,5.0,5,"300 kW
2xCCS"
190726,62 Homeruslaan,(Unknown Operator),Utrecht,ChIJ5bJyXFxvxkcRy-0W2BDI8TA,5.0,5,"300 kW
2xCCS"
190723,15 Bloesemstraat,(Unknown Operator),Utrecht,ChIJ5bJyXFxvxkcRy-0W2BDI8TA,5.0,5,"300 kW
2xCCS"
190722,Minervaplein,(Unknown Operator),Utrecht,ChIJ5bJyXFxvxkcRy-0W2BDI8TA,5.0,5,"300 kW
2xCCS"
190721,80 Bankstraat,(Unknown Operator),Utrecht,ChIJ5bJyXFxvxkcRy-0W2BDI8TA,5.0,5,"300 kW
2xCCS"
190720,Willem de Zwijgerstraat,(Unknown Operator),Utrecht,ChIJ5bJyXFxvxkcRy-0W2BDI8TA,5.0,5,"300 kW
2xCCS"
190719,Dillenburgstraat,(Unknown Operator),Utrecht,ChIJ5bJyXFxvxkcRy-0W2BDI8TA,5.0,5,"300 kW
2xCCS"
190718,Van Alphenplein,(Unknown Operator),Utrecht,ChIJ5bJyXFxvxkcRy-0W2BDI8TA,5.0,5,"300 kW
2xCCS"
190717,Wolter Heukelslaan,(Unknown Operator),Utrecht,ChIJ5bJyXFxvxkcRy-0W2BDI8TA,5.0,5,"300 kW
2xCCS"
190716,Oudwijkerveldstraat,(Unknown Operator),Utrecht,ChIJ5bJyXFxvxkcRy-0W2BDI8TA,5.0,5,"300 kW
2xCCS"
190715,Baanstraat,(Unknown Operator),Utrecht,ChIJ5bJyXFxvxkcRy-0W2BDI8TA,5.0,5,"300 kW
2xCCS"
190714,Wilhelminapark,(Unknown Operator),Utrecht,ChIJ5bJyXFxvxkcRy-0W2BDI8TA,5.0,5,"300 kW
2xCCS"
190713,Van der Duijnstraat,(Unknown Operator),Utrecht,ChIJ5bJyXFxvxkcRy-0W2BDI8TA,5.0,5,"300 kW
2xCCS"
190533,IONITY De Knoest,Ionity,Nieuwegein,ChIJa7QYSG5nxkcR9MKwn_B_hsw,3.8,5,"Voldoende laders van 350kW dus ""ruime keus""
Wel een luchttemperatuur van nauwelijks boven nul dus trage start ondanks batterij voorwarmen. Daarna up to max"
190533,IONITY De Knoest,Ionity,Nieuwegein,ChIJa7QYSG5nxkcR9MKwn_B_hsw,3.8,3,"Slechts 2 aansluitingen, kapot hek om de laadplaats waardoor het lijkt alsof je in een kooi staat te wachten.  Geen bankjes oid in buiten de auto te zitten. Geen prullenbak en geen looproute naar het tankstation om effe koffie te halen.

De concurrent (Fastned) heeft het hier duidelijk beter voor elkaar en laadt ook nog eens goedkoper."
190533,IONITY De Knoest,Ionity,Nieuwegein,ChIJa7QYSG5nxkcR9MKwn_B_hsw,3.8,5,Laden gaat sneller dan bij jullie conculega FastNed om een of andere technische reden. Mooi ook in Nieuwegein die nieuwe laadterminals met het licht aan de bovenkant. 1 terminal pakte mijn laadpas alleen niet helaas. De andere gelukkig wel
190533,IONITY De Knoest,Ionity,Nieuwegein,ChIJa7QYSG5nxkcR9MKwn_B_hsw,3.8,1,1 van de 2 laadpalen al geruime tijd buiten gebruik. Laadsnelheid schommelt tussen 50-100Kw. Dit is nauwelijks te bestempelen als “snelladen”
190533,IONITY De Knoest,Ionity,Nieuwegein,ChIJa7QYSG5nxkcR9MKwn_B_hsw,3.8,3,Aansluiten ging goed maar snelheid bleef tussen 40 en 80 kw
189833,Fastned Bodegraven,FastNed,Bodegraven,ChIJlbP8EBfXxUcRzwX4ZrDPRJY,4.0,1,"Alle tegels lagen eruit dus je kan niet de laadpaal gebruiken!! Let dus goed op als je bijna leeg, je kan de auto niet dichtbij de paal zetten dus hem niet gebruiken!"
189833,Fastned Bodegraven,FastNed,Bodegraven,ChIJlbP8EBfXxUcRzwX4ZrDPRJY,4.0,1,Afgesloten door twee betonblokken waar mijn mercedes EQV niet doorheen kan (ik wilde het risico althans niet lopen). Gelukkig nog voldoende lading voor de volgende snellader. Blijkbaar dat een elektrische bus hier niet opgeladen mag worden. (de ID Buzz is zelfs nog een paar centimeter breder)
189833,Fastned Bodegraven,FastNed,Bodegraven,ChIJlbP8EBfXxUcRzwX4ZrDPRJY,4.0,3,"Laadpunt voor 2 auto’s, max 150kw, niet overdekt. Werkt prima, maar gemiddelde fastned locatie is beter dan deze."
189833,Fastned Bodegraven,FastNed,Bodegraven,ChIJlbP8EBfXxUcRzwX4ZrDPRJY,4.0,3,"Moeilijk te vinden, kleine laadlocatie zonder dak, met maar 1 dubbele laadpaal. Slecht verlicht."
189833,Fastned Bodegraven,FastNed,Bodegraven,ChIJlbP8EBfXxUcRzwX4ZrDPRJY,4.0,3,Zeer grote parkeerplaats maar er zijn maar 2 oplaadpalen
189190,Kagerdreef 90,Allego BV,Teylingen,ChIJBUsy0m3BxUcRACvEEWcexaM,5.0,5,2 nieuwe oplaadpunten bij dit laadstation van Allego
175091,IONITY Sandelingen West,Ionity,Hendrik-Ido-Ambacht,ChIJ-T0b_IcuxEcRvCJf9lqqWMc,3.7,2,1 lader defect en bij 2 andere werkt display niet.
175091,IONITY Sandelingen West,Ionity,Hendrik-Ido-Ambacht,ChIJ-T0b_IcuxEcRvCJf9lqqWMc,3.7,3,Mooi ruime plaatsen. Echter is restaurant leeg en gesloten. Brug naar andere zijde snelweg ook niet beschikbaar.
175091,IONITY Sandelingen West,Ionity,Hendrik-Ido-Ambacht,ChIJ-T0b_IcuxEcRvCJf9lqqWMc,3.7,3,Opladers deden het allemaal. En er was plek. Wel afgelegen plekje helemaal achteraan een beetje een ongure parkeerplaats. Er is een pomp waar je kan plassen of een broodje ka. Halen maar dat is 5 min lopen
175091,IONITY Sandelingen West,Ionity,Hendrik-Ido-Ambacht,ChIJ-T0b_IcuxEcRvCJf9lqqWMc,3.7,4,"Nette snelle lader, alleen wat ver van 't Shell station voor versnaperingen/toilet"
175091,IONITY Sandelingen West,Ionity,Hendrik-Ido-Ambacht,ChIJ-T0b_IcuxEcRvCJf9lqqWMc,3.7,5,Het enige dat ik hier mis is een toilet.
175087,IONITY Bodegraven,Ionity,Bodegraven,ChIJgQEjthfXxUcRiwbGl2nFfV0,4.1,4,"Prima te bereiken, bij La Place, dus je kan er gelijk wat eten of drinken"
175087,IONITY Bodegraven,Ionity,Bodegraven,ChIJgQEjthfXxUcRiwbGl2nFfV0,4.1,1,"2 palen geprobeerd. 3 keer communicatiefout. Niet kunnen laden dus, gebeurt me niet vaak bij Ionity.
Terug naar de A12 richting Den Haag is niet handig. Drukke weg om over te steken of weer op en neer naar Bodegraven."
175087,IONITY Bodegraven,Ionity,Bodegraven,ChIJgQEjthfXxUcRiwbGl2nFfV0,4.1,4,"Prima laadplek met veel ruimte, maar ik vraag me wel af hoe makkelijk je hier met 4 auto's tegelijk tankt...  (Tot nu toe telkens alleen gestaan)."
175087,IONITY Bodegraven,Ionity,Bodegraven,ChIJgQEjthfXxUcRiwbGl2nFfV0,4.1,1,"Deel van de palen die niet werken doordat ze zijn blijven hangen, wel werkende laadpalen niet op vol vermogen. Daarnaast nu al drie keer auto in storing direct na gebruik deze laadpaal. Andere snelladers geen problemen mee. Er lijkt dus toch iets structureel niet goed te zitten hier."
175087,IONITY Bodegraven,Ionity,Bodegraven,ChIJgQEjthfXxUcRiwbGl2nFfV0,4.1,3,Ok laadstation maar veroorzaakt wel vaker storing na of vóór het laden met verschillende EV’s. Verder een prima laadplaats.
175086,IONITY De Kroon,Ionity,Nieuwegein,ChIJ8aSKrh9kxkcR-bVGH34Ab1M,3.9,5,Effe het snelladen testen voor de vakantie. Werkte prima met onze Kia Charge Laadpas bij Ionity (1 jaar geen abonnementskosten en laden voor 29ct/kWh). Binnen 12 minuten van 40 naar 80%.
175086,IONITY De Kroon,Ionity,Nieuwegein,ChIJ8aSKrh9kxkcR-bVGH34Ab1M,3.9,5,"Prima laadsnelheid, en dankzij de deal met Polestar ook een fijne lage prijs. Enige is dat de kaartlezer niet werkte ondanks diverse pogingen, ik moest de sessies starten via de app.

Om de palen te vinden moet je wel even goed op de bordjes letten als je de parkeerplek op rijdt."
175086,IONITY De Kroon,Ionity,Nieuwegein,ChIJ8aSKrh9kxkcR-bVGH34Ab1M,3.9,3,"Je kan hier laden, daar is het meeste wel mee gezegd. De Fastned een paar honderd meter eerder is wel stukken beter verzorgd, want het lijkt er niet op dat er enig onderhoud aan de uitstraling van de IONITY laadplek gedaan wordt, behoorlijk smerig en overal onkruid door de stenen. De op- en afrit lijken bijna karrensporen zo overwoekerd zijn ze."
175086,IONITY De Kroon,Ionity,Nieuwegein,ChIJ8aSKrh9kxkcR-bVGH34Ab1M,3.9,5,Jammer dat er niet meer IONITY punten zijn in Noord Holland b.v. maar ben er zeer content mee.
175086,IONITY De Kroon,Ionity,Nieuwegein,ChIJ8aSKrh9kxkcR-bVGH34Ab1M,3.9,5,Supersnel en heel goedkoop (31 cent) met de laadpas van Audi Charging Service.
171094,Meerkerk Supercharger,Tesla (Tesla-only charging),Utrecht,ChIJr2dNlChwxkcR-uL3A33qnx4,3.1,1,Behaald nauwelijks meer dan 100kW. Wanneer je met twee voertuigen op een station staat komt de station niet boven de 70kW uit.
171094,Meerkerk Supercharger,Tesla (Tesla-only charging),Utrecht,ChIJr2dNlChwxkcR-uL3A33qnx4,3.1,4,"Prima laadpalen, was gelukkig wel plek nadat er bij de Shell iets eerder aan de A2 geen plekken waren.
Wel vrij afgelegen voor een vrouw alleen in het donker op een industrieterrein."
171094,Meerkerk Supercharger,Tesla (Tesla-only charging),Utrecht,ChIJr2dNlChwxkcR-uL3A33qnx4,3.1,1,Geen 300 maar 30 kW
171094,Meerkerk Supercharger,Tesla (Tesla-only charging),Utrecht,ChIJr2dNlChwxkcR-uL3A33qnx4,3.1,5,300kw lekker snel
171094,Meerkerk Supercharger,Tesla (Tesla-only charging),Utrecht,ChIJr2dNlChwxkcR-uL3A33qnx4,3.1,1,"De meest idiote ingang die ik ooit heb gezien, geen borden... waarom kun je er maar vanaf één kant in? Heel Nederlands... dat betonnen blok in het midden? Waarom?"
171086,Carlton President Hotel,Tesla (Tesla-only charging),Utrecht,ChIJr2dNlChwxkcR-uL3A33qnx4,3.1,1,Behaald nauwelijks meer dan 100kW. Wanneer je met twee voertuigen op een station staat komt de station niet boven de 70kW uit.
171086,Carlton President Hotel,Tesla (Tesla-only charging),Utrecht,ChIJr2dNlChwxkcR-uL3A33qnx4,3.1,4,"Prima laadpalen, was gelukkig wel plek nadat er bij de Shell iets eerder aan de A2 geen plekken waren.
Wel vrij afgelegen voor een vrouw alleen in het donker op een industrieterrein."
171086,Carlton President Hotel,Tesla (Tesla-only charging),Utrecht,ChIJr2dNlChwxkcR-uL3A33qnx4,3.1,1,Geen 300 maar 30 kW
171086,Carlton President Hotel,Tesla (Tesla-only charging),Utrecht,ChIJr2dNlChwxkcR-uL3A33qnx4,3.1,5,300kw lekker snel
171086,Carlton President Hotel,Tesla (Tesla-only charging),Utrecht,ChIJr2dNlChwxkcR-uL3A33qnx4,3.1,1,"De meest idiote ingang die ik ooit heb gezien, geen borden... waarom kun je er maar vanaf één kant in? Heel Nederlands... dat betonnen blok in het midden? Waarom?"
170696,Dcb energy hub Schiphol,(Unknown Operator),Hoofddorp,ChIJn3qGrH_nxUcRh_Z3Kd-7p58,2.3,5,"Bij de Fastned of andere grote stations vaak lager snelheden bij het laden. Bij dit station aangekoppeld met 35% in de batterij, en schiet in 10 tellen naar de 200+ kW. Bij 70% zakte dit in naar 166kW, maar dit is nog altijd veel sneller dan ergens anders. Prima ervaring!"
170696,Dcb energy hub Schiphol,(Unknown Operator),Hoofddorp,ChIJn3qGrH_nxUcRh_Z3Kd-7p58,2.3,1,"Jammer dat ook hier geen prijzen staan aangegeven. Kennelijk geen populair laadpunt. Nooit meer dan 1 auto gezien. Maar ja, met Europese subsidie aangelegd dus is de opbrengst en het gebruik niet relevant. Jammer."
170696,Dcb energy hub Schiphol,(Unknown Operator),Hoofddorp,ChIJn3qGrH_nxUcRh_Z3Kd-7p58,2.3,1,"Aan de snellader, en, nee, helaas. Er komt een melding dat het snellaadproces gaat beginnen en vervolgens telt er een 150 seconden timer af tot 0, en gebeurt er niks. Ook bij een tweede paal geprobeerd. Nee, sla deze locatie maar over. En, alleen die 150 seconden al dat ze je laten wachten."
170696,Dcb energy hub Schiphol,(Unknown Operator),Hoofddorp,ChIJn3qGrH_nxUcRh_Z3Kd-7p58,2.3,1,"De 150kw lader haalt maar 80. Dit ligt niet aan mijn auto, want bij fastned haal ik met gemak 120. Ook zijn de laadkabels te kort. Lachwekkend slecht."
170696,Dcb energy hub Schiphol,(Unknown Operator),Hoofddorp,ChIJn3qGrH_nxUcRh_Z3Kd-7p58,2.3,5,Super snel en praktische locatie!!
169654,Graaf Adolfstraat,(Unknown Operator),,ChIJeawWzHZ4xkcRibUuIVeEzjw,5.0,5,"Snel opladen voor de eerste 30 min
Geen probleem. Snel tot 50% komen. Geen gedoe. Duidelijk overzicht"
169654,Graaf Adolfstraat,(Unknown Operator),,ChIJeawWzHZ4xkcRibUuIVeEzjw,5.0,5,"Perfect plekje, even van de snelweg af. Die gele dakken zijn toch mooi makkelijk te herkennen. Ruime plekken, maar minder geschikt met een bijv. een aanhanger. Ook een toilet zou fijn zijn, maar goed zo blijft er altijd wel iets te wensen over 😁"
161270,Rijswijk Supercharger,Tesla (Tesla-only charging),Rijswijk,ChIJST_0pVK3xUcRiodM8r9WgBM,4.3,1,"Dit is voor mij de minst prettige Supercharger-locatie. Het is er donker en overal ligt vuil. De afgelopen weken zijn er regelmatig drie tot vier laders defect. Het geeft mij sterk de indruk dat Tesla hier weinig tot geen onderhoud pleegt. De locatie oogt smerig en onverzorgd. Ik rijd daarom liever door naar Nootdorp, ondanks dat deze Supercharger voor mij dichterbij is."
161270,Rijswijk Supercharger,Tesla (Tesla-only charging),Rijswijk,ChIJST_0pVK3xUcRiodM8r9WgBM,4.3,4,"Fijne Supercharger, er staat vanaf de parkeerplaats aangegeven waar je naar de wc kunt in het hotel. Dit is ook een fijne en schone wc. Enige wat ik er minder aan vind is dat het om de ouder SC’s gaat. Zonder display etc."
161270,Rijswijk Supercharger,Tesla (Tesla-only charging),Rijswijk,ChIJST_0pVK3xUcRiodM8r9WgBM,4.3,4,"Mooi laadpunt met V3 chargers met 5 AC -> DC cabinets voor 20 palen dus 4 per station.
Geen code meer benodigd sinds het openstellen van de laders.

Leuk menu kaart en 12,50 voor een combo van broodje en drankje lijkt duur maar als ze 4,50 voor een koffie rekenen dan valt het wel weer meer ;)
Toiletten waren erg netjes."
161270,Rijswijk Supercharger,Tesla (Tesla-only charging),Rijswijk,ChIJST_0pVK3xUcRiodM8r9WgBM,4.3,5,"Code voor het hek: 0257 E(enter)
Snelladen met 250 kW (als het niet vol staat)
Savarin een leuke plek om even wat te drinken (lekker alcohol vrij bier trouwens).
Goeie actie van de eigenaar om hier een Supercharger aan te leggen."
161270,Rijswijk Supercharger,Tesla (Tesla-only charging),Rijswijk,ChIJST_0pVK3xUcRiodM8r9WgBM,4.3,1,Vreselijk gen geen wc’s en er staat borden aangegeven maar nergens te vinden
149869,Schuddebeursstraat,Vattenfall InCharge,Zoetermeer,ChIJu6oaUsrOxUcRE71YsJ4MR7E,3.0,4,Laadpaal stond er netjes bij en het scherm werkte gewoon. Hij stond alleen niet heel duidelijk aangegeven dus ik moest even zoeken op de parkeerplaats . Ook jammer dat er zoveel afval omheen lag.
149869,Schuddebeursstraat,Vattenfall InCharge,Zoetermeer,ChIJu6oaUsrOxUcRE71YsJ4MR7E,3.0,1,"Vattenfall laadpas of 'telefoon'' nodig.
Bedoeld wordt app InCharge. En dan niet aanmelden. Laadpaal nr of QR code gebruiken.  Complex.
Plek verlaten zonder opladen.  Te weinig info. Nu thuis uitgezocht."
148324,Strawinskylaan,Allego BV,Amsterdam,ChIJFcXYggQKxkcRrLNZW77XUc0,3.0,1,Kan deze oplader niet vinden
133792,Fastned Ravensewetering,FastNed,Nieuwegein,ChIJOVrz2jxlxkcRzElI2UhGjBM,3.8,5,"Een middagje mee met een instructeur van FIRSTT Opleidingen. Erg leerzaam om te ervaren op welk niveau een cursist die de opleiding tot rijinstructeur volgt moet worden gebracht! Je denkt dan: de cursist heeft het rijbewijs al jaren! Wat een afwisselende baan, wat een vrijheden heb je als rijinstructeur, en je bent ook nog eens maatschappelijk verantwoord bezig😊. Rijinstructeur worden doe je bij FIRSTT Opleidingen! Je elektrische auto laadt je op bij Fastned!"
133792,Fastned Ravensewetering,FastNed,Nieuwegein,ChIJOVrz2jxlxkcRzElI2UhGjBM,3.8,4,Heerlijke snelle laadpalen. Wel wat duurder dan gemiddeld en relatief kleine laadplek maar prima
133792,Fastned Ravensewetering,FastNed,Nieuwegein,ChIJOVrz2jxlxkcRzElI2UhGjBM,3.8,2,Laag vermogen. Er staat 150KW op maar je haalt nog geen 50KW. Duurt een eeuwigheid.
133792,Fastned Ravensewetering,FastNed,Nieuwegein,ChIJOVrz2jxlxkcRzElI2UhGjBM,3.8,1,"Laadpunt deed het niet. Chatdemo zat vast aan de auto. Klantenservice wilde pas na 15 minuten op afstand resetten  na 3x overleggen met een collega.

Eerst was het allemaal niet mogelijk omdat het aan de auto zou liggen.. totdat ik aangaf de noodknop op het laadstation in de drukken.
Toen was de reset binnen 30 seconden gedaan en was de stekker uit de auto te halen."
133792,Fastned Ravensewetering,FastNed,Nieuwegein,ChIJOVrz2jxlxkcRzElI2UhGjBM,3.8,3,"Fastned is geweldig altijd ruimte, en lekker sociale mensen komen hier. Enige nadeel is Dat als je voor 10:00 komt er geen Starbucks of andere ontbijt/lunch ketens zijn. Waardoor je dus moet wachten in je auto. En geen koffie kan score."
133791,Fastned Jutphaas,FastNed,Nieuwegein,ChIJXb3NvopkxkcR2qa8Nw4Yj5M,4.3,2,"De eerste keer dat ik bij Fastned op moest laden. Werkt heel anders dan andere laadpalen waar je aankoppelt en je pas voor de kezer houdt en dan start het proces. Hier moet je eerst een menu doorlopen, afhankelijk van je kaart. Voor vaste gebruikers zal het geen probleem zijn. De prijs is echter exorbitant €0,79 per kWh! Dit maakt elektrisch rijden net zo duur als op benzine. Gelukkig hoefde ik alleen maar wat bij te laden en ik adviseer iedereen dit ook, laad thuis op of aan een straatpaal en alleen Fastned gebruiken als het echt niet anders kan."
133791,Fastned Jutphaas,FastNed,Nieuwegein,ChIJXb3NvopkxkcR2qa8Nw4Yj5M,4.3,3,3 palen geprobeerd met onze pas. Gelukkig ‘pakte’ wel de derde poging en was er voldoende vrij. Ik zou er in het donker niet alleen (als vrouw) gaan staan. Te ver van het tankstation af.
133791,Fastned Jutphaas,FastNed,Nieuwegein,ChIJXb3NvopkxkcR2qa8Nw4Yj5M,4.3,5,"Voldoende laadplekken, haalt prima snelheden, moet niet al te breed parkeren want dan wordt het lastig langs elkaar manoeuvreren wat lastiger als iemand achter je eerder klaar is."
133791,Fastned Jutphaas,FastNed,Nieuwegein,ChIJXb3NvopkxkcR2qa8Nw4Yj5M,4.3,5,Alle laad punten waren vrij bij aankomst. Laadpunt 6(CCS) was defect. Verder prima voor elkaar.
133791,Fastned Jutphaas,FastNed,Nieuwegein,ChIJXb3NvopkxkcR2qa8Nw4Yj5M,4.3,2,Er is slechts aan 1 kant van de snelweg de mogelijkheid om je EV op te laden. Je moet een stukje lopen om bij de shop te komen. Geen verhard wandelpad aanwezig. In de shop is er (tijdelijk) niet eens de mogelijkheid om het toilet te bezoeken.
133376,Fastned De Hackelaar,FastNed,Muiden,ChIJpxLjrmgTxkcRoN2VUxz8CKk,4.3,1,"Komt niet verder dan 55 kw. Belachelijk hoe fastnet de snelheden knijpt, overal!

Edit na reactie. Ik rij in (en van de) snelst opladende auto's van Europa (zeekr 7x). En niet alleen mijn station functioneerde niet ook alle andere auto's kwamen niet boven te 55kw.

Dus erken gewoon dat jullie de snelheid knijpen of dat de netwerk de vraag niet kan leveren, maar pas je prijs daar op aan!!

Dit is doelbewust jokken wat je doet..."
133376,Fastned De Hackelaar,FastNed,Muiden,ChIJpxLjrmgTxkcRoN2VUxz8CKk,4.3,3,Al sta je aan een 400 kw lader. Auto vertelt dat de laadsnelheid word beperkt door lader. Bijzonder lastig voor een snel lader
133376,Fastned De Hackelaar,FastNed,Muiden,ChIJpxLjrmgTxkcRoN2VUxz8CKk,4.3,1,Op de snelweg staat ondermeer een bord dat op deze plek (Hackelaar Muiden) een laadstation is. Na de afslag naar het laadstation bleek dat het Fastned laadstation nog in aanbouw is oftewel niet operationeel. Ik was niet de enige die voor niets deze afslag nam om te laden. Waarom niet simpelweg het bord met laadoptie langs de snelweg tijdelijk afdekken?
133376,Fastned De Hackelaar,FastNed,Muiden,ChIJpxLjrmgTxkcRoN2VUxz8CKk,4.3,1,"Als alle laadpalen bezet zijn, en je wilt even wachten tot je erbij kunt is er geen optie om opnieuw de oprit in te rijden zonder jezelf in hele rare overtredingen te rijden. Wat een klote ontwerp hier. En niet dat er niet genoeg ruimte was om het beter te doen, want het is hier 1 grote kaalvlakte om die laadpalen heen. Een zinloze middenberm vond men belangrijker dan de EV's wat ruimte bieden om in te parkeren. Echt, beschamend slecht.   fastned heeft het in hun antwoord over 'het wachtgedeelte', maar dat was nu net het punt: Er IS geen wachtgedeelte hier!"
133376,Fastned De Hackelaar,FastNed,Muiden,ChIJpxLjrmgTxkcRoN2VUxz8CKk,4.3,5,"Tip
Loop niet direct weg na koppelen. Tevaak zie ik nog dat gebeuren terwijl de koppeling niet aanslaat. Zonde van je tijd!!"
133004,SpaSereen,(Unknown Operator),Tienhoven,ChIJMWjQdWduxkcR7JNsT-4T2ik,3.0,5,"Ik heb nog geen kosten gezien! Want ik moest op de enige vrije plek staan, was alleen met laadpaal. Na stekker plaatsen begon hij ongevraagd en gratis te laden🎉👍"
133004,SpaSereen,(Unknown Operator),Tienhoven,ChIJMWjQdWduxkcR7JNsT-4T2ik,3.0,1,Niet voor fietsen
132397,Fastned De Knoest,FastNed,Nieuwegein,ChIJRWlVHwZlxkcRchI9R3kFlXY,4.5,5,"Prima laadlocatie aan de A27, met drie laadpalen en zes stekkers van max 300kw. En één laadpaal met twee stekkers van max 50kw. Het naastgelegen tankstation is ideaal voor een broodje en een sanitaire stop. Ook staat er honderd meter verderop nog een Ionity laadlocatie!"
132397,Fastned De Knoest,FastNed,Nieuwegein,ChIJRWlVHwZlxkcRchI9R3kFlXY,4.5,5,Zijn nu allemaal 400kw laadpalen
132397,Fastned De Knoest,FastNed,Nieuwegein,ChIJRWlVHwZlxkcRchI9R3kFlXY,4.5,3,"Veel 350kw laders, hoewel de eerste links wel zonder reden afsloeg en de laadsessie stopte. Daarna wel kunnen laden.

Na 18:00 is hier alles dicht, doodsaai"
132397,Fastned De Knoest,FastNed,Nieuwegein,ChIJRWlVHwZlxkcRchI9R3kFlXY,4.5,3,in verbouwing dus midder laders beschikbaar. Ben naar Ionity er vlak naast gegaan te lange wachttijd
132397,Fastned De Knoest,FastNed,Nieuwegein,ChIJRWlVHwZlxkcRchI9R3kFlXY,4.5,2,Na 10 min er gestaan te hebben tot  2x toe afgeslagen wegens laadfout.
132391,Fastned Den Ruygen Hoek-Oost,FastNed,Rijsenhout,ChIJHRHQB23dxUcRWCmLvdd2UdY,4.0,4,"Laden eenvoudig omdat kabel al aanwezig is. Even zoeken naar laadcodes. Helaas scherm toont niet permanent de laadstand. Moet juiste knop zoeken en indrukken. Knoppen hebben geen referentie met scherm. Niet handig. Laadcode staat niet op scherm , maar het getal staat als sticker boven de stekkerhouder. Geen uitleg / helpfunctie op scherm. Plaatsen laaddruppel niet helder. Fastned App maar gebruikt wat hielp.  Alles dus niet op eenduidige plek en eenvoudig op het scherm met helpfuncties analoog aan app functies. Een gemiste kans. Laden snel dat dan weet wel. Dus toch daarvoor 4 sterren."
132391,Fastned Den Ruygen Hoek-Oost,FastNed,Rijsenhout,ChIJHRHQB23dxUcRWCmLvdd2UdY,4.0,5,Snellaad voorziening dichtbij Schiphol. Als je voldoende tijd hebt kun je hier nog snel een beetje bijladen. Scheelt weer in de parkeerkosten op Schiphol.
132391,Fastned Den Ruygen Hoek-Oost,FastNed,Rijsenhout,ChIJHRHQB23dxUcRWCmLvdd2UdY,4.0,4,Prima locatie. Alleen onhandig dat er geen stoep loopt van Fastned naar het wegrestaurant. Je moet nu over de weg lopen.
132391,Fastned Den Ruygen Hoek-Oost,FastNed,Rijsenhout,ChIJHRHQB23dxUcRWCmLvdd2UdY,4.0,3,Laden geen probleem zoals altijd. Jammer van het zwerfvuil. Er staan helaas geen afvalbakken.
132391,Fastned Den Ruygen Hoek-Oost,FastNed,Rijsenhout,ChIJHRHQB23dxUcRWCmLvdd2UdY,4.0,3,"Genoeg laders, alleen helaas geen afvalbakken dichtbij de snelladers"
132387,Fastned Honswijck,FastNed,Muiden,ChIJOzCcLsATxkcRdGSHiL5UGAw,4.4,5,"Bij Fastned weer snel geladen. Best veel plekken en we hadden gelukkig de laatste laadplek. Verder een mooi tankstation erbij, waar je iets kan eten en drinken."
132387,Fastned Honswijck,FastNed,Muiden,ChIJOzCcLsATxkcRdGSHiL5UGAw,4.4,2,"Alles op 'blauw', dus deze ronde lukte het even niet. Bij aanrijden voldoende plek, maar na aansluiten wilde het opladen niet starten.

Bij de volgende stop wel 🤷🏼‍♂️"
132387,Fastned Honswijck,FastNed,Muiden,ChIJOzCcLsATxkcRdGSHiL5UGAw,4.4,4,Voldoende vrije oplaadpunten. Vlakbij benzinestation maar er is geen weg om tussen het oplaadpunt en het benzinestation te rijden (voor bijvoorbeeld koffie of sigaretten)
132387,Fastned Honswijck,FastNed,Muiden,ChIJOzCcLsATxkcRdGSHiL5UGAw,4.4,5,Lekker snel tot 80 % tanken wel wat duur
132387,Fastned Honswijck,FastNed,Muiden,ChIJOzCcLsATxkcRdGSHiL5UGAw,4.4,5,Royaal modern oplaadpunt met hypercharging. Gesitueerd op een overzichtelijke punt op een 100m van parkeerplaatsen. Net en zeer groot benzinepomp dichtbij met een mooi cafetaria. Daarom ook savonds veilig.
132386,Fastned Portland,FastNed,Rhoon,ChIJQ8zMjQU0xEcRwYiUBU5bhu8,4.5,3,"4 Opladers beschikbaar. Inrit wel erg smal, wanneer auto staat te laden kan je niet passeren."
132386,Fastned Portland,FastNed,Rhoon,ChIJQ8zMjQU0xEcRwYiUBU5bhu8,4.5,3,Jammer dat je maar 40 uit het laden krijgt terwijl 100 op de laadapp staat wat moet kunnen halen
132386,Fastned Portland,FastNed,Rhoon,ChIJQ8zMjQU0xEcRwYiUBU5bhu8,4.5,3,In januari 2021 bij Portland Rhoon nog met mijn zoe kunnen laden. Maar oktober 2021 niet meer. Kasten met 50kw zijn weg.
132386,Fastned Portland,FastNed,Rhoon,ChIJQ8zMjQU0xEcRwYiUBU5bhu8,4.5,4,"1 kapotte aansluiting, daarom geen 5 sterren. Wordt hopelijk snel gemaakt, want is er altijd redelijk druk"
132386,Fastned Portland,FastNed,Rhoon,ChIJQ8zMjQU0xEcRwYiUBU5bhu8,4.5,5,Lekker plekje. In 35 minuten met 150kW weer op 80%. En natuurlijk even een koffie en een broodje bij de Shell halen.
132380,Fastned Prinses Máximaplein,FastNed,Den Haag,ChIJq5RdQPG3xUcRt5ZZAurzGYA,3.8,3,"Erg traag, kan ook door drukte komen maar kwam niet boven de 65kw uit."
132380,Fastned Prinses Máximaplein,FastNed,Den Haag,ChIJq5RdQPG3xUcRt5ZZAurzGYA,3.8,1,Geen chademo aanwezig!!!
132380,Fastned Prinses Máximaplein,FastNed,Den Haag,ChIJq5RdQPG3xUcRt5ZZAurzGYA,3.8,4,Goed en snel laadpunt. Wel 3x moeten proberen voordat het laden echt begon. Dichtbij station Nootdorp en een grote parkeerplaats. Wel jammer dat er geen winkeltje bij zit waar je tijdens het laden even kan zitten en wat kan kopen en eten.
132380,Fastned Prinses Máximaplein,FastNed,Den Haag,ChIJq5RdQPG3xUcRt5ZZAurzGYA,3.8,1,Geen chademo punt jammer
132380,Fastned Prinses Máximaplein,FastNed,Den Haag,ChIJq5RdQPG3xUcRt5ZZAurzGYA,3.8,5,Goed en duidelijk bereikbaar. Prima oplaadpunt.
132379,Fastned Sandelingen-Oost,FastNed,Hendrik-Ido-Ambacht,ChIJ90YAFvsvxEcRylkVBmyvjw8,4.3,3,"Overdag prima,  maar in de avond brand hier geen licht toen ik er was in December 2025. Beter een kleine stukje doorrijden op de parkeerplaats, vlak voor de uitrit, waar (zoals het lijkt) nieuwe Ionity Super chargers staan. Deze zijn ook sneller dan de oude versie van de Fastned chargers"
132379,Fastned Sandelingen-Oost,FastNed,Hendrik-Ido-Ambacht,ChIJ90YAFvsvxEcRylkVBmyvjw8,4.3,4,Voldoende plekken. Echter alle linker plekken (voor laadklep rechts) bezet. Kabels erg kort dus je moet je auto maar net goed positioneren. Lader werkt intuitief rn laaft snel op.
132379,Fastned Sandelingen-Oost,FastNed,Hendrik-Ido-Ambacht,ChIJ90YAFvsvxEcRylkVBmyvjw8,4.3,4,Helaas is dit een beetje zielige locatie. Gelukkig doet de lader het prima. Wel lekker rustig
132379,Fastned Sandelingen-Oost,FastNed,Hendrik-Ido-Ambacht,ChIJ90YAFvsvxEcRylkVBmyvjw8,4.3,4,"Bij aankomst alle laadpunten bezet. Na lang wachten omdat een aantal voertuigen al vol zaten, maar de bestuurder weg was eindelijk kunnen laden. Jammer dat hier net als bij Tesla stations geen boete op staat."
132379,Fastned Sandelingen-Oost,FastNed,Hendrik-Ido-Ambacht,ChIJ90YAFvsvxEcRylkVBmyvjw8,4.3,3,"Opladen gaat goed, parkeerplaatsen zijn erg vies en ligt erg veel rotzooi overal, opruimen zou welkom zijn, vooral voor het aangezicht"
132378,Fastned Vrijenban,FastNed,Delft,ChIJsbufLz7LxUcRNfhJTKW2Mwc,4.5,4,"Kijk eens,….een Fastned oplaadpunt zoals ik die graag vaker tegenkom. Netjes, ruim en van aanvullende gemakken voorzien. Bankjes om buiten de auto te zitten en netjes een pad gelegd om bij het tankstation te komen voor een versnapering."
132378,Fastned Vrijenban,FastNed,Delft,ChIJsbufLz7LxUcRNfhJTKW2Mwc,4.5,4,"Oplader nummer 4 werkte niet, na 2 keer proberen. Lader nummer 3 werkte wel zonder problemen"
132378,Fastned Vrijenban,FastNed,Delft,ChIJsbufLz7LxUcRNfhJTKW2Mwc,4.5,5,"Laadpunten: 8 CCS + 2 ChadeMo
Tarief: 0.74 / kW (23.9.2025)
Ruime plaatsen / betaald toilet bij Esso binnen"
132378,Fastned Vrijenban,FastNed,Delft,ChIJsbufLz7LxUcRNfhJTKW2Mwc,4.5,5,"Snellader met ruime plaatsen , tankstation ernaast met winkel ."
132378,Fastned Vrijenban,FastNed,Delft,ChIJsbufLz7LxUcRNfhJTKW2Mwc,4.5,2,"Meerdere malen een Tesla aangesloten op de 350kW lader, maar nog nooit een hogere snelheid dan 62kW gehaald."
132375,Fastned Molenkamp,FastNed,Gellicum,ChIJmxVfBNyLxkcR2T1xZsq0sL8,3.6,4,"3x 175 kW laders, (losstaande laders dus volgens mij geen laadsnelheid verlies bij 2 auto's tegelijkertijd) en 1x 50 kW lader. Tankstation/ shop dichtbij. Geen zitbankjes"
132375,Fastned Molenkamp,FastNed,Gellicum,ChIJmxVfBNyLxkcR2T1xZsq0sL8,3.6,3,"Erg druk en bovendien al vele dagen één van de 150kW laders buiten werking hetgeen leidt tot wat chaotische taferelen. Men probeert te laden, steekt vervolgens achteruit om bij een andere lader te komen die vervolgens net wordt ingepikt door een ander.

De beschadigde oplader wordt getoond in de app als 'beschikbaar'."
132375,Fastned Molenkamp,FastNed,Gellicum,ChIJmxVfBNyLxkcR2T1xZsq0sL8,3.6,2,"Zoals elk andere fastned oplaadpunt ziet het er top uit en werkt direct met de kaart. Minpunt is dat dit specifieke oplaadpunt mij maar 35kw gaf. Ik had bij aankomst 30%. Ter info, ik heb een Volvo EX30 die dus prima 155kw hoort te krijgen. Wel stonden er 3 andere auto s aan de fastned, dit had denk ik invloed op de snellaad vermogen. Kortom alleen snel snel laden als je in je uppie bent denk ik?"
132375,Fastned Molenkamp,FastNed,Gellicum,ChIJmxVfBNyLxkcR2T1xZsq0sL8,3.6,1,"1 buiten werking, bij de andere kan ik niet met mn laadbak betalen"
132375,Fastned Molenkamp,FastNed,Gellicum,ChIJmxVfBNyLxkcR2T1xZsq0sL8,3.6,1,Opladen 1/3/26 niet mogelijk!
132374,Fastned Eigenblok,FastNed,Gellicum,ChIJmxVfBNyLxkcR2T1xZsq0sL8,3.6,4,"3x 175 kW laders, (losstaande laders dus volgens mij geen laadsnelheid verlies bij 2 auto's tegelijkertijd) en 1x 50 kW lader. Tankstation/ shop dichtbij. Geen zitbankjes"
132374,Fastned Eigenblok,FastNed,Gellicum,ChIJmxVfBNyLxkcR2T1xZsq0sL8,3.6,3,"Erg druk en bovendien al vele dagen één van de 150kW laders buiten werking hetgeen leidt tot wat chaotische taferelen. Men probeert te laden, steekt vervolgens achteruit om bij een andere lader te komen die vervolgens net wordt ingepikt door een ander.

De beschadigde oplader wordt getoond in de app als 'beschikbaar'."
132374,Fastned Eigenblok,FastNed,Gellicum,ChIJmxVfBNyLxkcR2T1xZsq0sL8,3.6,2,"Zoals elk andere fastned oplaadpunt ziet het er top uit en werkt direct met de kaart. Minpunt is dat dit specifieke oplaadpunt mij maar 35kw gaf. Ik had bij aankomst 30%. Ter info, ik heb een Volvo EX30 die dus prima 155kw hoort te krijgen. Wel stonden er 3 andere auto s aan de fastned, dit had denk ik invloed op de snellaad vermogen. Kortom alleen snel snel laden als je in je uppie bent denk ik?"
132374,Fastned Eigenblok,FastNed,Gellicum,ChIJmxVfBNyLxkcR2T1xZsq0sL8,3.6,1,"1 buiten werking, bij de andere kan ik niet met mn laadbak betalen"
132374,Fastned Eigenblok,FastNed,Gellicum,ChIJmxVfBNyLxkcR2T1xZsq0sL8,3.6,1,Opladen 1/3/26 niet mogelijk!
132371,Fastned Tussenhoek,FastNed,Vierpolders,ChIJiWEnz-JNxEcR_JlP9l9gZas,4.3,3,"Helaas nog steeds de enige 'snel' laders (&1 bij de McDonald's) van slechts 50kw op het eiland Voorne Putten. Het wordt serieus tijd dat er flink wordt uitgebreid met vele >=300kw snelladers. Weet niet wat de reden is, maar kom op zeg. Bij Spijkenisse heel hard nodig."
132371,Fastned Tussenhoek,FastNed,Vierpolders,ChIJiWEnz-JNxEcR_JlP9l9gZas,4.3,5,"Fijne locatie, zeker als er langs de snelweg en op het strand niet direct laadstations beschikbaar waren."
132371,Fastned Tussenhoek,FastNed,Vierpolders,ChIJiWEnz-JNxEcR_JlP9l9gZas,4.3,3,"Zouden meer oplaadpunten per locatie moeten zijn, zeker nu het aantal elektrische auto's sterk is toegenomen. Wachten is geen optie, dan ben je samen met het laden uren kwijt."
132371,Fastned Tussenhoek,FastNed,Vierpolders,ChIJiWEnz-JNxEcR_JlP9l9gZas,4.3,5,Nu 400 kw laders
132371,Fastned Tussenhoek,FastNed,Vierpolders,ChIJiWEnz-JNxEcR_JlP9l9gZas,4.3,4,"Kan hier opladen,  wel juiste stekker nemen anders duurt t erg lang 😉"
132370,Fastned Coosenhoek,FastNed,Vierpolders,ChIJzfBp9eZNxEcRWNTyGsRbeuc,4.1,1,Armoedige bedoeling veel laders doen het niet geeft aan niet genoeg stroom beschikbaar. Ook de mensen die er komen zijn vreselijk ik stap weer over op diesel na deze ervaring!
132370,Fastned Coosenhoek,FastNed,Vierpolders,ChIJzfBp9eZNxEcRWNTyGsRbeuc,4.1,5,Gelukkig hier momenteel nog wel type 2 voor de Renault Zoe
132370,Fastned Coosenhoek,FastNed,Vierpolders,ChIJzfBp9eZNxEcRWNTyGsRbeuc,4.1,5,Snel en schoon laden je kan ook nog even lekker zitten aan een picknick tafel
132370,Fastned Coosenhoek,FastNed,Vierpolders,ChIJzfBp9eZNxEcRWNTyGsRbeuc,4.1,1,"Ouderwetse trage palen, het is maar 50kW. Ze werken niet snel en handig. Het moet gewoon gelijk werken als je je laadpas er voor houdt en die stekker er in zit. En je kunt niet eens droog staan. Bij regen wordt je als nog nat onder die overkapping."
132370,Fastned Coosenhoek,FastNed,Vierpolders,ChIJzfBp9eZNxEcRWNTyGsRbeuc,4.1,4,Koude winderige plek om te laden
132366,Fastned Beatrixkwartier,FastNed,Den Haag,ChIJq5RdQPG3xUcRt5ZZAurzGYA,3.8,3,"Erg traag, kan ook door drukte komen maar kwam niet boven de 65kw uit."
132366,Fastned Beatrixkwartier,FastNed,Den Haag,ChIJq5RdQPG3xUcRt5ZZAurzGYA,3.8,1,Geen chademo aanwezig!!!
132366,Fastned Beatrixkwartier,FastNed,Den Haag,ChIJq5RdQPG3xUcRt5ZZAurzGYA,3.8,4,Goed en snel laadpunt. Wel 3x moeten proberen voordat het laden echt begon. Dichtbij station Nootdorp en een grote parkeerplaats. Wel jammer dat er geen winkeltje bij zit waar je tijdens het laden even kan zitten en wat kan kopen en eten.
132366,Fastned Beatrixkwartier,FastNed,Den Haag,ChIJq5RdQPG3xUcRt5ZZAurzGYA,3.8,1,Geen chademo punt jammer
132366,Fastned Beatrixkwartier,FastNed,Den Haag,ChIJq5RdQPG3xUcRt5ZZAurzGYA,3.8,5,Goed en duidelijk bereikbaar. Prima oplaadpunt.
131004,Qurios Zandvoort,Tesla (Tesla-only charging),Zandvoort,ChIJBQCxdjzsxUcR4Ja2nrKD2x8,2.0,2,"Drie van de zes laadstations zijn defect en het laadvermogen ligt slechts tussen de 2 en 3 kW. Daardoor zijn er zelden vrije plekken, omdat iedereen er urenlang aan het opladen is. Bovendien is het er duurder dan in de stad."
130748,Nyeveltstraat 1,(Unknown Operator),Utrecht,ChIJ5bJyXFxvxkcRy-0W2BDI8TA,5.0,5,"300 kW
2xCCS"
125954,Leiderdorp Supercharger,Tesla (Tesla-only charging),Leiderdorp,ChIJ_SewvtrFxUcRW4jT_xLWy-8,4.2,1,"Altijd een puinhoop hier, overal afval en “superchargers” zijn altijd langzaam ook als het rustig is en je de batterij voorverwarmd hebt."
125954,Leiderdorp Supercharger,Tesla (Tesla-only charging),Leiderdorp,ChIJ_SewvtrFxUcRW4jT_xLWy-8,4.2,1,Puinzooi. Auto's met oost-europese kentekens worden 'neergezet' ipv parkeren. Er wordt door de twee fastfood restaurants en budget hotel niks gedaan aan een veilige omgeving.
125954,Leiderdorp Supercharger,Tesla (Tesla-only charging),Leiderdorp,ChIJ_SewvtrFxUcRW4jT_xLWy-8,4.2,2,"Een ontzettende rotzooi, wegdek in deplorabele staat, overal afval van de fastfood restaurants op het terrein, laadplekken die bezet worden gehouden door autootjes van een uitzendbureau. Snelheid niet boven de 75KW."
125954,Leiderdorp Supercharger,Tesla (Tesla-only charging),Leiderdorp,ChIJ_SewvtrFxUcRW4jT_xLWy-8,4.2,2,Let op: toerit is onduidelijk en slecht verlicht. Er zit een gat in de weg waarin je komt vast te zitten als je niet uitkijkt.
125954,Leiderdorp Supercharger,Tesla (Tesla-only charging),Leiderdorp,ChIJ_SewvtrFxUcRW4jT_xLWy-8,4.2,5,"Vlak bij de autoweg. Supersnel laden en erg voordelig. Je moet wel van tevoren de Tesla app installeren en een betaalrekening koppelen, maar daarna kun je met je app de sessie starten en stoppen. Laadsnoer zit linksachter, dus je moet je auto goed parkeren want het snoer is erg kort."
125565,Lidl - Zaandam,Lidl,Zaanstad,ChIJ7fAmUe_8xUcRpK8rn7UtbLY,3.7,5,"Gratis 50kW lader ChaDeMo en CCS met 43kW AC type, wel vaak bezet."
125565,Lidl - Zaandam,Lidl,Zaanstad,ChIJ7fAmUe_8xUcRpK8rn7UtbLY,3.7,5,"Deze Locatie heeft terminste 50kw AC Snelladen, Dat heeft Fastned A8 niet.
ev charging  EV charging stations"
125565,Lidl - Zaandam,Lidl,Zaanstad,ChIJ7fAmUe_8xUcRpK8rn7UtbLY,3.7,1,"Veel te duur, laadtarief is ruim 2x zo veel als alternatieven. De tijd dat dit laadpunt gratis was is voorbij."
125565,Lidl - Zaandam,Lidl,Zaanstad,ChIJ7fAmUe_8xUcRpK8rn7UtbLY,3.7,5,"Top, zo'n gratis oplaadpunt. Dat zouden meer bedrijven moeten doen:)"
125565,Lidl - Zaandam,Lidl,Zaanstad,ChIJ7fAmUe_8xUcRpK8rn7UtbLY,3.7,4,Doet 44kwh op CCS.
118594,Cornelis Dirkszstraat 92,Shell Recharge Solutions (NL),Utrecht,ChIJxcuA_9RvxkcRT_qk7LlxH4Q,3.4,4,"Lader werkt goed, alleen beetje krappe ruimte om met 2 auto's te laden."
118594,Cornelis Dirkszstraat 92,Shell Recharge Solutions (NL),Utrecht,ChIJxcuA_9RvxkcRT_qk7LlxH4Q,3.4,5,"Schoon, inclusief handschoenen"
118594,Cornelis Dirkszstraat 92,Shell Recharge Solutions (NL),Utrecht,ChIJxcuA_9RvxkcRT_qk7LlxH4Q,3.4,1,Maar 2 laders en daar is er 1 van kapot. Zo te zien al erg lang...
118594,Cornelis Dirkszstraat 92,Shell Recharge Solutions (NL),Utrecht,ChIJxcuA_9RvxkcRT_qk7LlxH4Q,3.4,5,"Super netjes, top laders"
118594,Cornelis Dirkszstraat 92,Shell Recharge Solutions (NL),Utrecht,ChIJxcuA_9RvxkcRT_qk7LlxH4Q,3.4,1,"Beide laders werken niet (5 mei, 2024)"
118265,Gouda Supercharger,Tesla (Tesla-only charging),Gouda,ChIJT_GCm33RxUcRRu0Cje2yv8E,4.2,2,Zoals op een enkele plek elders bij Tesla  zijn ook hier de laadkabel veelal tekort voor mijn Lexus. Het is een afgelegen plek met enerzijds restaurant De Beren en anderzijds een fastfood van dertien uit een dozijn. De stroom is er niet minder om en meestal is er plek.
118265,Gouda Supercharger,Tesla (Tesla-only charging),Gouda,ChIJT_GCm33RxUcRRu0Cje2yv8E,4.2,5,"Prima locatie met veel restaurants, enkel niet toegankelijk als de restaurant gesloten zijn. Anders kan je geen toegang krijgen tot de superchargers, dus hierbij de code: 2803"
118265,Gouda Supercharger,Tesla (Tesla-only charging),Gouda,ChIJT_GCm33RxUcRRu0Cje2yv8E,4.2,5,"Prima laadplaats met 16 150kw palen.
KFC en de Beren op de plek aanwezig.
Met aanhanger zou je hier ook goed kunnen laden, blokkeer je wel een extra paal."
118265,Gouda Supercharger,Tesla (Tesla-only charging),Gouda,ChIJT_GCm33RxUcRRu0Cje2yv8E,4.2,1,Sta voor dichte slagbomen. Zaterdagochtend om 8:30 en kan dus niet laden!
118265,Gouda Supercharger,Tesla (Tesla-only charging),Gouda,ChIJT_GCm33RxUcRRu0Cje2yv8E,4.2,4,Hij doet wat hij moet doen helaas niet erg snel. Max 668km/hr
118003,Masami,Tesla (Tesla-only charging),Hoofddorp,ChIJm___kxPnxUcRWElY9rB83g0,2.1,1,"Deze oplader is net roulette, Werkt vaker niet dan wel. Beheer is niet bij de pomp dus meer dan eens gebeld en op het resetten op afstand na is er niet veel meer wat de medewerkers kunnen doen. Gelukkig zijn er meer dan voldoende alternatieven in de omgeving."
118003,Masami,Tesla (Tesla-only charging),Hoofddorp,ChIJm___kxPnxUcRWElY9rB83g0,2.1,1,Geen Chademo. Jammer dat alle Nissan bezitters door Allego en BP over het goofd worden gezien.
118003,Masami,Tesla (Tesla-only charging),Hoofddorp,ChIJm___kxPnxUcRWElY9rB83g0,2.1,1,Lader defect en uitgeschakeld
118003,Masami,Tesla (Tesla-only charging),Hoofddorp,ChIJm___kxPnxUcRWElY9rB83g0,2.1,1,"Dit laadstation was het eerste snellaadstation waar we in zes maanden tijd problemen met onze elektrische auto hebben ondervonden. Het laadproces startte normaal, maar na ongeveer 10 minuten werd het laadvermogen teruggebracht tot 11 kW. Daarom raden we dit station af."
118003,Masami,Tesla (Tesla-only charging),Hoofddorp,ChIJm___kxPnxUcRWElY9rB83g0,2.1,4,"Uitstekend laadstation met hoge snelheden. De kabel is wel erg kort, dus ik moest wachten tot iemand klaar was met opladen voordat ik zelf kon opladen. Maar verder is het heel eenvoudig en snel in gebruik."
117932,Parkeerplaats achter Stoholm 4,(Unknown Operator),Hoofddorp,ChIJb0B99jTmxUcRJdWqJbuOcco,1.0,1,Hier staat geen laadpaal.
114251,"Daslook, Nootdorp",EVBox,Nootdorp ,ChIJJeMAkubJxUcRwMeGrS7p95c,1.0,1,"Werkt niet met openbare pas, is een privé aansluiting op privé terrein."
114119,Hotel Van der Valk Sassenheim-Leiden,Tesla (Tesla-only charging),Sassenheim,ChIJM5kSGmrBxUcRnxSjdoBQNZk,4.4,5,Prettige plek direct naast de A44. Je kan eventueel een bakkie doen bij het hotel. Lekkere koffie wel aan de prijs. Al met al prima plek om je Tesla op te laden!
114119,Hotel Van der Valk Sassenheim-Leiden,Tesla (Tesla-only charging),Sassenheim,ChIJM5kSGmrBxUcRnxSjdoBQNZk,4.4,5,"Super hoge laadsnelheid: piekte zelfs op 258kw. Makkelijk bereikbaar, afvalbakken beschikbaar (en recent geleegd zodat er nog iets bij kan 😀).
Toilet bij vd Valk eenvoudig bereikbaar."
114119,Hotel Van der Valk Sassenheim-Leiden,Tesla (Tesla-only charging),Sassenheim,ChIJM5kSGmrBxUcRnxSjdoBQNZk,4.4,4,Wrkt goed. Alleen 1 apparaat stond in storing.
114119,Hotel Van der Valk Sassenheim-Leiden,Tesla (Tesla-only charging),Sassenheim,ChIJM5kSGmrBxUcRnxSjdoBQNZk,4.4,5,"Prima lokatie voor superchargen, naast van der valk hotel langs de A44. Meestal voldoende plaats om te laden ( Het wordt wel steeds drukker) maar heeft alleen de CCS2 stekkers (voor bijvoorbeeld Tesla model 3). Dus auto's met een Mennekes stekker (onderandere Tesla model S en X) moeten omgebouwd zijn zodat je met een adapter kan laden."
114119,Hotel Van der Valk Sassenheim-Leiden,Tesla (Tesla-only charging),Sassenheim,ChIJM5kSGmrBxUcRnxSjdoBQNZk,4.4,1,Wat een onzinnig verhaal. Dit station gaat gewoon een week dicht voor dat zotte NAVO gezeur.
114034,Badhoevedorp Supercharger,Tesla (Tesla-only charging),Badhoevedorp,ChIJgxal-WzhxUcRgq9R_JESOfk,3.8,5,"⭐️⭐️⭐️⭐️⭐️
De Tesla-laadpaal bij Hotel Corendon is echt een uitstekende faciliteit voor elektrische bestuurders. De locatie is erg handig – direct bij het hotel, op een veilige en goed verlichte parkeerplaats. Het laadpunt is modern, werkt zonder problemen en maakt het mogelijk om snel op te laden voor een verdere reis of tijdens het verblijf in het hotel.

Het personeel van het hotel was zeer behulpzaam – ze gaven graag informatie over het gebruik van de laadpaal en de beschikbare opties. De parkeerplaats rondom het laadpunt is ruim, wat het manoeuvreren van grotere voertuigen vergemakkelijkt. Bovendien is de locatie vlakbij luchthaven Schiphol, ideaal voor zakenreizigers of mensen onderweg.

Dankzij deze laadpaal is een verblijf in Hotel Corendon nog comfortabeler – je kunt je auto rustig opladen tijdens het ontbijt, vergaderingen of het ontspannen in het hotel. Het punt is schoon, veilig en goed onderhouden, wat een volledig gevoel van gemak en zekerheid geeft voor elektrische bestuurders. Ik beveel dit zeker aan voor iedereen met een Tesla of een ander elektrisch voertuig die in deze omgeving verblijft!"
114034,Badhoevedorp Supercharger,Tesla (Tesla-only charging),Badhoevedorp,ChIJgxal-WzhxUcRgq9R_JESOfk,3.8,1,"Deze Supercharger locatie is al sinds 25 oktober 2025 niet in gebruik. Bellen met tesla support levert geen info op. Er zou een essentieel onderdeel stuk zijn, maar zo lang off line is ongehoord. Jamner dat ik niet 0 sterren kan geven. Zeer slechte service en dus ook 0 info over hoe lang dit nog gaat

duren. Tesla lijkt zich niet de beseffen hoeveel mensen hier last van hebben. Voor taxichauffeurs is een speciale SuC aan dd Loevestijnse randweg bij de Mac maar daar moeten chauffeurs dus bijna altijd wachten. Bij Leaf snellader betaal je twee x zoveel voor een kWh en bovendien staan daar maar enkele laders. Tesla! Doe er wat aan! Snel!"
114034,Badhoevedorp Supercharger,Tesla (Tesla-only charging),Badhoevedorp,ChIJgxal-WzhxUcRgq9R_JESOfk,3.8,1,"Al meer dan een maand niet beschikbaar - bizar. Geen idee of verantwoordelijkheid bij het hotel of bij Tesla ligt - maar jongens doe er eens wat aan!
Als buurtbewoner met gratis laden is dit mijn to-go station. Helaas ook niet-Tesla rijders en bijna alleen maar taxi’s. Zeer druk en daarom ook zeker geen fast-charge maar slow-charge."
114034,Badhoevedorp Supercharger,Tesla (Tesla-only charging),Badhoevedorp,ChIJgxal-WzhxUcRgq9R_JESOfk,3.8,1,Helaas Tesla geeft aan dat alle laders beschikbaar zijn en laat ons erheen rijden. Helaas geen enkele lader beschikbaar.
114034,Badhoevedorp Supercharger,Tesla (Tesla-only charging),Badhoevedorp,ChIJgxal-WzhxUcRgq9R_JESOfk,3.8,1,Er werd nergens aangegeven dat deze supercharger het niet deed. Eenmaal aangekomen bleken ze out of order te zijn en volgens de reviews is dit al meerdere weken aan de gang(!)
112286,Hoefijzerstraat,(Unknown Operator),Utrecht,ChIJ5bJyXFxvxkcRy-0W2BDI8TA,5.0,5,"300 kW
2xCCS"
108631,Hoek Gijsbrecht van Amstelstraat en Oude Loosdrechtseweg,(Unknown Operator),,ChIJk_8LzIVsxkcRcQegpp6F_Po,3.0,1,"Kwam aan bij deze laadpaal, autotje meesterlijk achteruit ingeparkeerd, doe de stekker in m'n wagen, loop zeer naief naar het scherm om met mijn tag het laden te starten. Betalen alleen via de BP app. Okay prima, nood breekt wet (principes). Online de app opzoeken, niet beschikbaar in je land. Das niet handig, ik het hulp nummer bellen (staat op het scherm bij het laadststion). Krijg ik even leuk een automatisch bericht dat ik een mailtje kan sturen. Donderstraal lekker op BP. 5 minuten verder zit een laadstation van de Shell bij de Karwei. Zou lekker doorrijden daarheen, niet je kostbare accu procentjes verspillen aan deze grap."
108631,Hoek Gijsbrecht van Amstelstraat en Oude Loosdrechtseweg,(Unknown Operator),,ChIJk_8LzIVsxkcRcQegpp6F_Po,3.0,1,Laadstation accepteert geen laadpassen. Enkel de app
108631,Hoek Gijsbrecht van Amstelstraat en Oude Loosdrechtseweg,(Unknown Operator),,ChIJk_8LzIVsxkcRcQegpp6F_Po,3.0,4,max 60Kwh hier
107922,Boyleweg,(Unknown Operator),Spijkenisse,ChIJmzLbuH1JxEcR6Ey1dhqTaGg,4.0,5,"Voor de beheerders: de locatie op Google Maps klopt niet helemaal. De laadlocatie bevindt zich tegenover de KeukenKampioen, aan het begin van het winkelcentrumterrein vanaf de Sportlaan/Lucebertstraat, aan de linkerkant, in plaats van aan het einde van het terrein zoals momenteel staat aangegeven.

Het laden gaat snel en alles verloopt soepel: aanmelden, het proces doorlopen en beëindigen."
107922,Boyleweg,(Unknown Operator),Spijkenisse,ChIJmzLbuH1JxEcR6Ey1dhqTaGg,4.0,3,"75kw maximale laadsnelheid als er iemand naast je staat, 150 als je alleen staat. Waarom zo'n langzame oplossing neerzetten? Is niet erg toekomstvast. Jammer, gemiste kans. Laadsnelheden van de auto's worden alleen maar hoger."
107922,Boyleweg,(Unknown Operator),Spijkenisse,ChIJmzLbuH1JxEcR6Ey1dhqTaGg,4.0,3,De beschikbaarheid komt niet overeen. Er is geen snellader beschikbaar .. dus nu sta ik bij een langzame lader... Met de minst snel oplaadbare auto. Dat wordt koffie drinken...
107697,50 kW Fastcharger  Winkelcentrum Struytse Hoeck 62 tegenover BCC,Allego BV,Hellevoetsluis,ChIJeahBAdpRxEcRxLOnjPEO0ck,3.0,3,"Inmiddels staan er twee laadpalen van Orange Charging, met in totaal 4 CCS-laadstekkers.
Het maximale vermogen is momenteel 40 kW per stekker, vanwege beperkingen bij de netbeheerder Stedin.
De aanbieder bekijkt momenteel samen met de gemeente of het mogelijk is om een accu te plaatsen, zodat er wel sneller geladen kan worden. Even geduld dus...."
104994,Breukelen Supercharger,Tesla (Tesla-only charging),Breukelen,ChIJl-Tq6ApxxkcRMaW16NX4NzA,4.5,4,"Fijne ervaring bij deze locatie, gelegen het parkeerterrein van Van der Valk. Je kunt even naar het toilet of iets eten of drinken. Er zijn genoeg laadplekken beschikbaar en de laadsnelheid is uitstekend. De laadprijs kan nog beter, dan was het een volle 5 sterren geweest."
104994,Breukelen Supercharger,Tesla (Tesla-only charging),Breukelen,ChIJl-Tq6ApxxkcRMaW16NX4NzA,4.5,3,"Rommelig, sommige niet tesla auto's verkeerd geparkeerd (opstakel),veel zwerfvuil, overvolle vuilnisbakken."
104994,Breukelen Supercharger,Tesla (Tesla-only charging),Breukelen,ChIJl-Tq6ApxxkcRMaW16NX4NzA,4.5,5,Fijne plek om even wat te drinken
104994,Breukelen Supercharger,Tesla (Tesla-only charging),Breukelen,ChIJl-Tq6ApxxkcRMaW16NX4NzA,4.5,5,Perfecte plek centraal in Nederland van 20 naar 60% in 15 minuten. Top!!
104994,Breukelen Supercharger,Tesla (Tesla-only charging),Breukelen,ChIJl-Tq6ApxxkcRMaW16NX4NzA,4.5,5,"Helaas komt het voor dat een niet-EV aan Tesla Supercharger geparkeerd staat. Elke niet-EV die er geparkeerd staat, krijgt van mij hier een prominente plek."
104466,Evenementenhal Gorinchem,Tesla (Tesla-only charging),Gorinchem,ChIJIfeuagyJxkcR23YZ2KZ8Gs4,4.7,5,"Mooie overdekte laadplaats met v4 superchargers dus alle merken kunnen hier zonder problemen laden.

Hier kan je gebruik maken van je laadpas, bank pas of laden via de Tesla app.
Laden via de tesla app is het voordeligste helemaal in combinatie met het abonnement van tesla.

Rijd de hoofdingang van de valk voorbij en rij naar de 2de set slagbomen direct voor de superchargers.(leveranciers ingang)

De laders staan achter een slagboom, even de knop indrukken voor een bon en hij gaat open.
Als je binnen een uur weer weg ben kan je gratis uit rijden, de slagboom gaat open als je op de intercom knopt drukt."
104466,Evenementenhal Gorinchem,Tesla (Tesla-only charging),Gorinchem,ChIJIfeuagyJxkcR23YZ2KZ8Gs4,4.7,5,"Luxe overdekt laden bij snelle V4 laders. De lagers bevinden zich achteraan op de parkeerplaats van het Van Der Valk hotel. Afslag van de parkeerplaats voorbij rijden, dan krijg je een aparte afslag naar de superchargers."
104466,Evenementenhal Gorinchem,Tesla (Tesla-only charging),Gorinchem,ChIJIfeuagyJxkcR23YZ2KZ8Gs4,4.7,5,"We overnachten af en toe bij van der Valk Gorinchem. En dat is het maar wat handig dat onze Tesla M3 kan bijladen op het terrein zelf. Een uitstekende laadvoorziening, waarbij de auto ook nog eens overdekt staat. Dus geen last van sneeuw of hitte van de zon.
Tip: Er zijn onder deze overkapping ook enkele plekken waar je wel overdekt staat, maar niet per sé hoeft te laden. Dus als ik klaar ben met laden en er is nog een plekje vrij, dan zet ik het liefst daar mijn auto neer."
104466,Evenementenhal Gorinchem,Tesla (Tesla-only charging),Gorinchem,ChIJIfeuagyJxkcR23YZ2KZ8Gs4,4.7,5,"Mooie oplaadplaats met zonnepanelendak. Weer voor een goekope prijs mogen laden met mijn Corsa e. Wat een verschil in prijs met de andere aanbieders. Zeer blij dat Tesla zijn laders heeft opengesteld voor andere merken. Snap niet dat mensen nog ergens anders snelladen, die mag je gerust zaķkenvullers noemen ! Top Tesla bedankt !"
104466,Evenementenhal Gorinchem,Tesla (Tesla-only charging),Gorinchem,ChIJIfeuagyJxkcR23YZ2KZ8Gs4,4.7,2,"Mooie plaats om te laden.
Aan de ingang van het hotel staat dat je je parkeerticket moet laten valideren in de Cinema. Die vroegen ons daar €2 voor. Spijtig was niet nodig geweest..."
101107,Vuren Supercharger,Tesla (Tesla-only charging),Vuren,ChIJO3-QkOKLxkcRgb87CqEPwHg,4.7,5,"Prima laadpaal vlak bij de snelweg met 13 palen, 150kwh.
Goudrenet restaurant en een Mac Donalds dus ook prima horeca."
101107,Vuren Supercharger,Tesla (Tesla-only charging),Vuren,ChIJO3-QkOKLxkcRgb87CqEPwHg,4.7,3,"Niet om het een of ander, maar met de Allego supercharger die pal naast de tesla  opladers staat, laadt mijn auto 2x tot 3x zo snel bij wat lagere temperaturen, en heb ik de batterij nog 45 minuten voorverwarmd tijdens het rijden. En dat geldt ook voor andere locaties. Dus staat er een Alkego, kies de Aliego!! Sorry tesla"
101107,Vuren Supercharger,Tesla (Tesla-only charging),Vuren,ChIJO3-QkOKLxkcRgb87CqEPwHg,4.7,5,Wel irritant staat er een bmw met de laadstekker aan de verkeerde kant en neemt dus 2 plekken in beslag. Pffff
101107,Vuren Supercharger,Tesla (Tesla-only charging),Vuren,ChIJO3-QkOKLxkcRgb87CqEPwHg,4.7,4,Locatie is ok. Niet de mooiste plekjes maar wel vlakbij afslag en mcDonalds.
101107,Vuren Supercharger,Tesla (Tesla-only charging),Vuren,ChIJO3-QkOKLxkcRgb87CqEPwHg,4.7,5,"Tesla Supercharger langs de A15 met 12 laders die tot 120kW kunnen laden. Je kan in de tussentijd een kopje koffie doen of wat eten bij de Goudreinet of McDonalds. Een handige tussenstop met de kinderen! In tegenstelling tot sommige andere Superchargers is hier geen tijdslimiet, dus je kan laden tot de auto vol is."
100886,Race Planet,(Unknown Operator),Amsterdam,ChIJxX3HWgnjxUcRf5P254x3bWw,3.5,2,Zo vaak geweest en elke keer is er wat met het laden.
100886,Race Planet,(Unknown Operator),Amsterdam,ChIJxX3HWgnjxUcRf5P254x3bWw,3.5,3,Lekkere broodjes elektrisch laden drama met 2 laders
100886,Race Planet,(Unknown Operator),Amsterdam,ChIJxX3HWgnjxUcRf5P254x3bWw,3.5,1,Kom je aan en dan is er weer wat waardoor je niet kan laden.
100886,Race Planet,(Unknown Operator),Amsterdam,ChIJxX3HWgnjxUcRf5P254x3bWw,3.5,4,jammer dat er maar 2 voertuigen kunnen laden
100886,Race Planet,(Unknown Operator),Amsterdam,ChIJxX3HWgnjxUcRf5P254x3bWw,3.5,3,Slechts 2 laadstations
100774,Skidiscovery den Haag,Tesla (Tesla-only charging),Den Haag,ChIJZ5GKME-2xUcRd_PpdWXWXlM,5.0,5,"U bent bij ons van harte welkom om uw elektrische auto GRATIS te laden tijdens uw skiles of snowboard les. Het gratis laden is mogelijk voor alle Europesche elektrische auto’s waaronder Audi, BMW, Ford, Mercedes, Mini, Opel, Peugeot, Volvo, VW."
100619,Fastned - De Watering,FastNed,zaandam,ChIJS4RLA0j9xUcRCZVcW1V180I,4.4,5,Heel fijn dat hier een 400 kw lader is. Veel laders die je auto snel kunnen opladen als je niet door heb gehad dat hij toch wat minder was dan je dacht.
100619,Fastned - De Watering,FastNed,zaandam,ChIJS4RLA0j9xUcRCZVcW1V180I,4.4,3,"Opzich is er voldoende ruimte (12 auto's) en capaciteit, maar 0 faciliteiten"
100619,Fastned - De Watering,FastNed,zaandam,ChIJS4RLA0j9xUcRCZVcW1V180I,4.4,4,"Ruim opgezet, veel (super)snelle laders en Spar winkel vlakbij het Esso station. Daar hebben ze lekkere koffie. Afvalbakken zijn vies en paadje naar de Spar kan beter, daarom 4 sterren."
100619,Fastned - De Watering,FastNed,zaandam,ChIJS4RLA0j9xUcRCZVcW1V180I,4.4,1,"Heel fijn die supersnelladers maar als je een wat oudere EV hebt val je hier 100% buiten de boot
Benzine blijft gewoon benzine, maar EV is na een korte tijd alweer doorgeëvalueerd."
100619,Fastned - De Watering,FastNed,zaandam,ChIJS4RLA0j9xUcRCZVcW1V180I,4.4,3,"De laadpaal die op 2e in de rij staat, staat deels in de regen. Met dit weer is dat vandaag niet fijn. Ook is het een eindje lopen naar het benzinestation, halverwege zou een stoepje/ paadje gemaakt kunnen worden  ( via dat bankje wat er staat) , zodat je sneller met nat weer binnen bent."
100356,Hotel Restaurant de Nachtegaal,Tesla (Tesla-only charging),Lisse,ChIJwUGfCnXCxUcRTz06uLpF0JM,4.7,5,Uitstekende service
97668,Dutch Design Hotel Artemis Amsterdam,Tesla (Tesla-only charging),Amsterdam,ChIJxxf88e_hxUcR5mmY53cZGvQ,2.3,1,Deze oplader is erg traag (24 km/u) en er zijn geen voorzieningen in de buurt. Het restaurant ernaast is pas na 18:00 uur open! Eén ster is alleen voor de mooie zonsondergang op deze locatie.
97668,Dutch Design Hotel Artemis Amsterdam,Tesla (Tesla-only charging),Amsterdam,ChIJxxf88e_hxUcR5mmY53cZGvQ,2.3,1,De bestemmingslader niet gevonden. Er is een andere lader in de buurt die compatibel is met plugsurfing.
92984,Olympia Charters Sloepenverhuur,Tesla (Tesla-only charging),,ChIJM5kSGmrBxUcRnxSjdoBQNZk,4.4,5,Prettige plek direct naast de A44. Je kan eventueel een bakkie doen bij het hotel. Lekkere koffie wel aan de prijs. Al met al prima plek om je Tesla op te laden!
92984,Olympia Charters Sloepenverhuur,Tesla (Tesla-only charging),,ChIJM5kSGmrBxUcRnxSjdoBQNZk,4.4,5,"Super hoge laadsnelheid: piekte zelfs op 258kw. Makkelijk bereikbaar, afvalbakken beschikbaar (en recent geleegd zodat er nog iets bij kan 😀).
Toilet bij vd Valk eenvoudig bereikbaar."
92984,Olympia Charters Sloepenverhuur,Tesla (Tesla-only charging),,ChIJM5kSGmrBxUcRnxSjdoBQNZk,4.4,4,Wrkt goed. Alleen 1 apparaat stond in storing.
92984,Olympia Charters Sloepenverhuur,Tesla (Tesla-only charging),,ChIJM5kSGmrBxUcRnxSjdoBQNZk,4.4,5,"Prima lokatie voor superchargen, naast van der valk hotel langs de A44. Meestal voldoende plaats om te laden ( Het wordt wel steeds drukker) maar heeft alleen de CCS2 stekkers (voor bijvoorbeeld Tesla model 3). Dus auto's met een Mennekes stekker (onderandere Tesla model S en X) moeten omgebouwd zijn zodat je met een adapter kan laden."
92984,Olympia Charters Sloepenverhuur,Tesla (Tesla-only charging),,ChIJM5kSGmrBxUcRnxSjdoBQNZk,4.4,1,Wat een onzinnig verhaal. Dit station gaat gewoon een week dicht voor dat zotte NAVO gezeur.
92556,Ramada the Hague - Scheveningen,Tesla (Tesla-only charging),Den Haag,ChIJw1rkZ6ewxUcR-UC6kkkMCGw,2.5,1,Voor het gebruik van Tesla's bestemmingslader moet je 45 euro betalen.
92556,Ramada the Hague - Scheveningen,Tesla (Tesla-only charging),Den Haag,ChIJw1rkZ6ewxUcR-UC6kkkMCGw,2.5,4,Bijdragen
91767,J. M. De Muinck Keizerlaan 27,Shell Recharge Solutions (NL),Utrecht ,ChIJxcuA_9RvxkcRT_qk7LlxH4Q,3.4,4,"Lader werkt goed, alleen beetje krappe ruimte om met 2 auto's te laden."
91767,J. M. De Muinck Keizerlaan 27,Shell Recharge Solutions (NL),Utrecht ,ChIJxcuA_9RvxkcRT_qk7LlxH4Q,3.4,5,"Schoon, inclusief handschoenen"
91767,J. M. De Muinck Keizerlaan 27,Shell Recharge Solutions (NL),Utrecht ,ChIJxcuA_9RvxkcRT_qk7LlxH4Q,3.4,1,Maar 2 laders en daar is er 1 van kapot. Zo te zien al erg lang...
91767,J. M. De Muinck Keizerlaan 27,Shell Recharge Solutions (NL),Utrecht ,ChIJxcuA_9RvxkcRT_qk7LlxH4Q,3.4,5,"Super netjes, top laders"
91767,J. M. De Muinck Keizerlaan 27,Shell Recharge Solutions (NL),Utrecht ,ChIJxcuA_9RvxkcRT_qk7LlxH4Q,3.4,1,"Beide laders werken niet (5 mei, 2024)"
90311,Het Bosch @ the Waterfront,Tesla (Tesla-only charging),Amsterdam,ChIJxxf88e_hxUcR5mmY53cZGvQ,2.3,1,Deze oplader is erg traag (24 km/u) en er zijn geen voorzieningen in de buurt. Het restaurant ernaast is pas na 18:00 uur open! Eén ster is alleen voor de mooie zonsondergang op deze locatie.
90311,Het Bosch @ the Waterfront,Tesla (Tesla-only charging),Amsterdam,ChIJxxf88e_hxUcR5mmY53cZGvQ,2.3,1,De bestemmingslader niet gevonden. Er is een andere lader in de buurt die compatibel is met plugsurfing.
87448,"Fastned Fustweg, Haarlem",FastNed,Haarlem,ChIJq6rqRIjlxUcRHmWZGABIKTQ,4.1,4,"Top ervaring, heb helaas wel het gevoel alsof het altijd vol staat. Haarlem zou er nog wel makkelijk 2 Fastned stations bij kunnen hebben."
87448,"Fastned Fustweg, Haarlem",FastNed,Haarlem,ChIJq6rqRIjlxUcRHmWZGABIKTQ,4.1,3,Als er geen plek beschikbaar is heb je als 1st wachtende geen duidelijke plek om te wachten laat staan als er meer wachtenden zijn…
87448,"Fastned Fustweg, Haarlem",FastNed,Haarlem,ChIJq6rqRIjlxUcRHmWZGABIKTQ,4.1,4,"Dit laadpunt zit centraal langs de Oudeweg in de Waarderpolder. Einde middag wel wat druk met verkeer, waardoor het lastig is om er te komen en om er weer weg te rijden. Voor het thuiskomen nog even snel laden. Minder is dat er vaak auto's heel dicht langsrijden om te parkeren voor de Febo."
87448,"Fastned Fustweg, Haarlem",FastNed,Haarlem,ChIJq6rqRIjlxUcRHmWZGABIKTQ,4.1,4,Prima plek. Beetje rommelige omgeving. Snelle laadsessie.
87448,"Fastned Fustweg, Haarlem",FastNed,Haarlem,ChIJq6rqRIjlxUcRHmWZGABIKTQ,4.1,5,Fijne snelladers. Meestal genoeg plek en power. En een lekker broodje kip van Joosies tijdens het wachten natuurlijk.
85841,"MisterGreen, A4 richting Amsterdam, Leiderdorp",Allego BV, Leiderdorp,ChIJcdNbIETExUcRFWT3efOo8Gc,3.6,1,Geen cademo
85841,"MisterGreen, A4 richting Amsterdam, Leiderdorp",Allego BV, Leiderdorp,ChIJcdNbIETExUcRFWT3efOo8Gc,3.6,1,Absoluut WAARDELOOS station. Pas na 3 pogingen lukte het laden. Wel traag met 50 kW terwijl ik bij een 300 kW lader stond. Zeker 4 andere auto's die op dat tijdstip ook hier probeerden te laden kregen ook geen contact met de laadpaal. Ze probeerden alle vrije laadpalen. Kansloos!
85841,"MisterGreen, A4 richting Amsterdam, Leiderdorp",Allego BV, Leiderdorp,ChIJcdNbIETExUcRFWT3efOo8Gc,3.6,1,43kW opladen werkt niet
85841,"MisterGreen, A4 richting Amsterdam, Leiderdorp",Allego BV, Leiderdorp,ChIJcdNbIETExUcRFWT3efOo8Gc,3.6,4,Werkt goed en snel
85740,Rijksstraatweg 75,EVnetNL,Delfgauw,ChIJMSYWGX3KxUcRWiLrJIzSvX0,3.7,3,"Zo net gelukt met het laden van mijn voertuig via de app.
Jammer dat het laden meestal niet lukte voor mijn voertuig op dit station, waardoor ik door moest rijden naar een andere laadstation verder gelegen. Vervelend als je niet zoveel kilometers kunt rijden. Gelukkig komen er nieuwe laadpalen.
Er is verbouwing aan de rechterzijde op deze locatie (andere kant), voor een groter laadstation met veel meer laadpalen."
85740,Rijksstraatweg 75,EVnetNL,Delfgauw,ChIJMSYWGX3KxUcRWiLrJIzSvX0,3.7,3,Jammer dat er voor zo'n grote parkeerplaats maar twee oplaadpunten zijn. Veder doen ze uiteraard wat ze moeten doen. Bij het laatste bezoek kon ik niet unlocken met mijn mobiel omdat het laadpunt offline zou zijn.
85740,Rijksstraatweg 75,EVnetNL,Delfgauw,ChIJMSYWGX3KxUcRWiLrJIzSvX0,3.7,3,"Deel van de Fastned is gesloten ivm verbouwing, 1 fastned en 2 shell laders zijn open."
85740,Rijksstraatweg 75,EVnetNL,Delfgauw,ChIJMSYWGX3KxUcRWiLrJIzSvX0,3.7,1,Jammer dat er niet op de snelweg aangegeven staat dat dit Fastned station afgesloten is..
85740,Rijksstraatweg 75,EVnetNL,Delfgauw,ChIJMSYWGX3KxUcRWiLrJIzSvX0,3.7,4,"Prima laadunit, voldoet aan verwachtingen. Fijn dat er op steeds meer locaties de mogelijk komt tot snel laden."
85709,"Fastned Den Ruygen Hoek-West, A4",FastNed,Hoofddorp,ChIJPb23FnndxUcR0BfkiAZIb-A,4.2,5,"Fastned vlakbij Schiphol. Er zijn veel ruime plekken, 16 in totaal. Het laden gaat gewoon snel en zonder problemen. Daarnaast vlakbij een tankstation en verschillende restaurants op loopafstand. Ook zijn de laders nieuw hier tot maximaal 400kw. Verder in de avond ook mooi verlicht, wat een veilig gevoel geeft."
85709,"Fastned Den Ruygen Hoek-West, A4",FastNed,Hoofddorp,ChIJPb23FnndxUcR0BfkiAZIb-A,4.2,5,"Grote (16 stuks) en moderne (400kw) Fastned-chargers. Mooi verlicht, makkelijk te vinden, vlakbij een tankstation met broodjes/drankjes en wc en verderop een Burger King etc. Enige minpuntje: hoewel hij 400kw zou moeten kunnen laden bleef hij bij mij hangen op 70kw. Mijn wagen kan normaal 150kw max aan . Vermoedelijk omdat het net niet aan het vriezen was? Uiteindelijk kwartiertje langer gestaan dan ik had verwacht, maar dat is ook geen ramp."
85709,"Fastned Den Ruygen Hoek-West, A4",FastNed,Hoofddorp,ChIJPb23FnndxUcR0BfkiAZIb-A,4.2,4,"Fastned oplaadpunt met 16 400KW laders. Rechts aanhouden bij afslag A4 Ruyhgenhoek en dan is het aan de rechterkant. Je moet om de Total heen om daar naar WC, shop en broodjeszaak te gaan. Vlakbij ook de loopbrug over de A4 met vele eetgelegenheden. Toch is het oplaadpunt een te beetje afgelegen om je snachts helemaal veilig te voelen."
85709,"Fastned Den Ruygen Hoek-West, A4",FastNed,Hoofddorp,ChIJPb23FnndxUcR0BfkiAZIb-A,4.2,1,Echt ongelofelijk geen CHAdeMO meer.  Wat een moeite had het gekost om er één te laten staan. Fastned niet reageren als je er toch niets mee doe.
85709,"Fastned Den Ruygen Hoek-West, A4",FastNed,Hoofddorp,ChIJPb23FnndxUcR0BfkiAZIb-A,4.2,3,Hoewel ik hier op dit moment alleen stond en de laadpaal 400kw/u zou moeten kunnen leveren kwam mijn jaguar ipace uit 2024 niet boven de 65 kw/u uit. Nu weet ik dat mijn wagen niet met 400 kw/u kan laden maar ik zie meestal wel ruim 100 kw/u
85290,Van der Valk Hotel Ridderkerk,Tesla (Tesla-only charging),Ridderkerk,ChIJcWLvAPMzxEcRYUG0NYt415w,4.2,5,"Goede laad locatie, centraal gelegen aan verschillende invalswegen.
De locatie was zeer netjes en er waren genoeg laadpalen vrij.
Er is een van dervalk hotel naast met bar en toiletten.
Kortom een algemeen goede ervaring om je Tesla op te laden."
85290,Van der Valk Hotel Ridderkerk,Tesla (Tesla-only charging),Ridderkerk,ChIJcWLvAPMzxEcRYUG0NYt415w,4.2,4,Mooie ruime plaats met veel beschikbare opladers. Hotel vd Valk is vlakbij voor als wat wilt eten/drinken
85290,Van der Valk Hotel Ridderkerk,Tesla (Tesla-only charging),Ridderkerk,ChIJcWLvAPMzxEcRYUG0NYt415w,4.2,5,"Prima laadpunt, super geregeld zonder pasjes of tags. Je komt aanrijden, slagboom gaat open, stekker erin en chillen maar, heerlijk!"
85290,Van der Valk Hotel Ridderkerk,Tesla (Tesla-only charging),Ridderkerk,ChIJcWLvAPMzxEcRYUG0NYt415w,4.2,3,Helaas elke keer weer een aantal laders buiten werking en snelladen soms niet optimaal mede vanwege oudere/verouderde laadpalen.
85290,Van der Valk Hotel Ridderkerk,Tesla (Tesla-only charging),Ridderkerk,ChIJcWLvAPMzxEcRYUG0NYt415w,4.2,2,"Opladen gaat al een tijdje met minder snelheid. Max 35 kW haal ik nu al verschillende weken achter elkaar. Gelukkig heb ik steeds de tijd, maar is niet echt snel. Op sommige momenten best druk hier.
Slagbomen gaan automatisch open bij aankomst en vertrek.

Komen ook veel niet Tesla rijders hier laden, dat terwijl er ook een aantal ""gewone"" snelladers staan.

Bar en toilet in Valk hotel. Prima geregeld trouwens."
84373,Allego Shell Hobbemakade Amsterdam,Allego BV,Amsterdam,ChIJG1mWGPQJxkcRfa1xyJZuoeY,3.2,3,"Max 95kw, vergeet niet noodknop terug te trekken, anders werkt het niet. ruime parkeerplek."
84373,Allego Shell Hobbemakade Amsterdam,Allego BV,Amsterdam,ChIJG1mWGPQJxkcRfa1xyJZuoeY,3.2,1,9 van de 10 keer defect
84373,Allego Shell Hobbemakade Amsterdam,Allego BV,Amsterdam,ChIJG1mWGPQJxkcRfa1xyJZuoeY,3.2,5,Fijn met laadpunt
84373,Allego Shell Hobbemakade Amsterdam,Allego BV,Amsterdam,ChIJG1mWGPQJxkcRfa1xyJZuoeY,3.2,4,"Tesla-adapters zijn verdwenen, laders vereisen vaak wat geduld om te werken. Erg druk met taxi's, maar fijn om een ​​snellader dicht bij het stadscentrum te hebben."
84347,"Overschiestraat 172, Amsterdam",Allego BV,Amsterdam,ChIJ01j80_XhxUcRso169G0MxYw,3.0,1,Fix je kutzooi
81743,Van der Valk Hotel Haarlem,Tesla (Tesla-only charging),Haarlem,ChIJL09wyFvvxUcRoP8GTG_M_AA,4.1,2,"Wordt de laatste tijd te druk met al die taxi's. Nog even en het is net zo'n gekkenhuis als in Bathoevendorp waar het allemaal veel te druk is.
Het wordt tijd dat ze gaan uitbreiden of nog een lokatie in de buurt gaan bouwen."
81743,Van der Valk Hotel Haarlem,Tesla (Tesla-only charging),Haarlem,ChIJL09wyFvvxUcRoP8GTG_M_AA,4.1,2,"Het is hier super druk meestal zijn de laadpalen bezet en werken er 1 of 2 van de 12 laders niet. Er zijn gewoon te weinig laadplekken voor een stad als Haarlem, het hadden er veel meer laadplekken moeten zijn."
81743,Van der Valk Hotel Haarlem,Tesla (Tesla-only charging),Haarlem,ChIJL09wyFvvxUcRoP8GTG_M_AA,4.1,4,Prima locatie en laadsnelheid is goed. Alleen vaak erg druk met veel taxi's. Zou graag zien dat het aantal laadstations wordt uitgebreid.
81743,Van der Valk Hotel Haarlem,Tesla (Tesla-only charging),Haarlem,ChIJL09wyFvvxUcRoP8GTG_M_AA,4.1,4,Je kan ook een testrit booken met de QR code op de Tesla Model 3 en de Tesla model Y Juniper. Hotel heeft schone toiletten
81743,Van der Valk Hotel Haarlem,Tesla (Tesla-only charging),Haarlem,ChIJL09wyFvvxUcRoP8GTG_M_AA,4.1,1,Meest vreselijke oplaad locatie. Te druk met die taxis. Lang moeten wachten om te kunnen laden.
75325,"Restaurant, Hotel & Spa Savarin",Tesla (Tesla-only charging),Rijswijk,ChIJST_0pVK3xUcRiodM8r9WgBM,4.3,1,"Dit is voor mij de minst prettige Supercharger-locatie. Het is er donker en overal ligt vuil. De afgelopen weken zijn er regelmatig drie tot vier laders defect. Het geeft mij sterk de indruk dat Tesla hier weinig tot geen onderhoud pleegt. De locatie oogt smerig en onverzorgd. Ik rijd daarom liever door naar Nootdorp, ondanks dat deze Supercharger voor mij dichterbij is."
75325,"Restaurant, Hotel & Spa Savarin",Tesla (Tesla-only charging),Rijswijk,ChIJST_0pVK3xUcRiodM8r9WgBM,4.3,4,"Fijne Supercharger, er staat vanaf de parkeerplaats aangegeven waar je naar de wc kunt in het hotel. Dit is ook een fijne en schone wc. Enige wat ik er minder aan vind is dat het om de ouder SC’s gaat. Zonder display etc."
75325,"Restaurant, Hotel & Spa Savarin",Tesla (Tesla-only charging),Rijswijk,ChIJST_0pVK3xUcRiodM8r9WgBM,4.3,4,"Mooi laadpunt met V3 chargers met 5 AC -> DC cabinets voor 20 palen dus 4 per station.
Geen code meer benodigd sinds het openstellen van de laders.

Leuk menu kaart en 12,50 voor een combo van broodje en drankje lijkt duur maar als ze 4,50 voor een koffie rekenen dan valt het wel weer meer ;)
Toiletten waren erg netjes."
75325,"Restaurant, Hotel & Spa Savarin",Tesla (Tesla-only charging),Rijswijk,ChIJST_0pVK3xUcRiodM8r9WgBM,4.3,5,"Code voor het hek: 0257 E(enter)
Snelladen met 250 kW (als het niet vol staat)
Savarin een leuke plek om even wat te drinken (lekker alcohol vrij bier trouwens).
Goeie actie van de eigenaar om hier een Supercharger aan te leggen."
75325,"Restaurant, Hotel & Spa Savarin",Tesla (Tesla-only charging),Rijswijk,ChIJST_0pVK3xUcRiodM8r9WgBM,4.3,1,Vreselijk gen geen wc’s en er staat borden aangegeven maar nergens te vinden
75311,Park Hotel Amsterdam,Tesla (Tesla-only charging),Amsterdam,ChIJgT23K-8JxkcRR79Qa5lvdtg,1.0,1,Het hotel zegt dat beide opladers kapot zijn en gerepareerd moeten worden.
75044,Worldhotel Wings,Tesla (Tesla-only charging),Rotterdam,ChIJV1iptijLxUcRpuxBhGoebY8,3.0,1,Er is helemaal geen openbare supercharger hier
74979,Fastned Maatveld,FastNed,Nieuwerkerk aan den IJssel,ChIJlb_5h8_NxUcRwOjmQTMmpIU,4.5,4,"Goed laad station. Ze hebben het uitgebreid en Iijn 8 laadstations, zie foto. Ook laden via iDeal mogelijk."
74979,Fastned Maatveld,FastNed,Nieuwerkerk aan den IJssel,ChIJlb_5h8_NxUcRwOjmQTMmpIU,4.5,3,Geen aanduiding van de 300KWH palen. De vier buitenste zijn 150 (wat wel staat aangegeven) de vier palen in het midden zijn 300. Sjongejonge...
74979,Fastned Maatveld,FastNed,Nieuwerkerk aan den IJssel,ChIJlb_5h8_NxUcRwOjmQTMmpIU,4.5,1,Ontzettend balen dat er geen Mennekes type 2 aansluiting meer is
74979,Fastned Maatveld,FastNed,Nieuwerkerk aan den IJssel,ChIJlb_5h8_NxUcRwOjmQTMmpIU,4.5,5,Snel en rustig. Koffie ver weg
74979,Fastned Maatveld,FastNed,Nieuwerkerk aan den IJssel,ChIJlb_5h8_NxUcRwOjmQTMmpIU,4.5,5,Super laadpunt
74978,Fastned De Vink,FastNed,Nieuwerkerk aan den IJssel,ChIJbcR9LIbSxUcRtf0eYXPUcW4,4.2,2,Waarom maar 70kW aan een 300kW lader terwijl mijn auto sneller dan 300kW kan laden. Je haalt zelden de opgegeven laadsnelheid bij Fastned maar zo laat als nu begrijp ik niks van
74978,Fastned De Vink,FastNed,Nieuwerkerk aan den IJssel,ChIJbcR9LIbSxUcRtf0eYXPUcW4,4.2,4,Prima laad voorzieningen. Helaas werd het laden meerdere keren onderbroken. Ik kreeg de melding 'Laad apparatuur niet gereed' tevens waren meerdere palen buiten gebruik. Wellicht omdat het allemaal nog nieuw is.
74978,Fastned De Vink,FastNed,Nieuwerkerk aan den IJssel,ChIJbcR9LIbSxUcRtf0eYXPUcW4,4.2,5,"Nu ik inmiddels 2 weken elektrisch rij ontstaat er wat meer handigheid rondom het laden. Is toch wel ff wennen... Hier bij Nieuwerkerk de functie 'autocharge' van Fastned geactiveerd. Erg handig; het werkt nu precies zoals bij een Tesla Supercharger: je komt aanrijden, parkeren, stekker in de wagen en gelijk laden omdat de auto via de Fastned app aan je profiel gelinkt is."
74978,Fastned De Vink,FastNed,Nieuwerkerk aan den IJssel,ChIJbcR9LIbSxUcRtf0eYXPUcW4,4.2,1,"Laadstation gesloten, op google vermeld als zijnde geopend"
74978,Fastned De Vink,FastNed,Nieuwerkerk aan den IJssel,ChIJbcR9LIbSxUcRtf0eYXPUcW4,4.2,5,Zoals het merk aangeeft kun je lekker snel laden. Geen wachttijd. McDonald in de buurt!
74874, Fastned ten Bosch,FastNed,Den Haag,ChIJO2iHH063xUcRotHvBGJ8AaI,4.0,5,"Beste laadpaal evvverrrr
De stroom kwam er perfect uit, gleed zo door mn combi stekker mn accu in, wat een feest! Als ik 10 sterren had kunnen geven had ik het gedaan!"
74874, Fastned ten Bosch,FastNed,Den Haag,ChIJO2iHH063xUcRotHvBGJ8AaI,4.0,5,"Werkt altijd , meestal voldoende laadplekken. Je merkt wel dat het drukker wordt de laatste tijd maar dat is alleen maar goed nieuws voor fastned. Prijzen aan de hoge kant, maar dat is inherent aan het snelladen. In elk geval de prijs waard t.o.v. de meeste concurrenten"
74874, Fastned ten Bosch,FastNed,Den Haag,ChIJO2iHH063xUcRotHvBGJ8AaI,4.0,1,Deed niks. Reageerde niet op label. Dan maar via QR naar website. Laadde ook niet
74874, Fastned ten Bosch,FastNed,Den Haag,ChIJO2iHH063xUcRotHvBGJ8AaI,4.0,1,"2 palen, laden start, maar wordt kort daarna gestopt.
Verderop bij allego geen probleem."
74874, Fastned ten Bosch,FastNed,Den Haag,ChIJO2iHH063xUcRotHvBGJ8AaI,4.0,5,Geweldig dat Fastned elektrisch rijden veel gemakkelijker maakt met zulke stations in Nederland en straks hopelijk ook in heel Europa!
74873,Fastned Laan van Meerdervoort,FastNed,Den Haag,ChIJq5RdQPG3xUcRt5ZZAurzGYA,3.8,3,"Erg traag, kan ook door drukte komen maar kwam niet boven de 65kw uit."
74873,Fastned Laan van Meerdervoort,FastNed,Den Haag,ChIJq5RdQPG3xUcRt5ZZAurzGYA,3.8,1,Geen chademo aanwezig!!!
74873,Fastned Laan van Meerdervoort,FastNed,Den Haag,ChIJq5RdQPG3xUcRt5ZZAurzGYA,3.8,4,Goed en snel laadpunt. Wel 3x moeten proberen voordat het laden echt begon. Dichtbij station Nootdorp en een grote parkeerplaats. Wel jammer dat er geen winkeltje bij zit waar je tijdens het laden even kan zitten en wat kan kopen en eten.
74873,Fastned Laan van Meerdervoort,FastNed,Den Haag,ChIJq5RdQPG3xUcRt5ZZAurzGYA,3.8,1,Geen chademo punt jammer
74873,Fastned Laan van Meerdervoort,FastNed,Den Haag,ChIJq5RdQPG3xUcRt5ZZAurzGYA,3.8,5,Goed en duidelijk bereikbaar. Prima oplaadpunt.
74793,Conscious Hotel Vondelpark,Tesla (Tesla-only charging),Amsterdam,ChIJ0Xlzfw_ixUcRlTIjhIfEB_o,1.0,1,Geen echt laadstation
70892,"Houttuinen 31, Dordrecht",(Private Residence/Individual),Dordrecht,ChIJuzkV2s8uxEcRvFQsCKeUcV8,5.0,5,Hier staan meerdere laadpalen per parkeerplaats 😊
68257,Kopermolenstraat 61A,Allego BV,Zaanstad,ChIJd3FCsW39xUcR0xd41OhnpeE,1.0,1,"€0,81 /kWh. Oftewel oplichting!"
68249,Kadoelenweg 169H,Nuon,Amsterdam,ChIJ00qSJ0MIxkcRtlzwaoUOSac,4.0,4,goed laad station allen een beetje traag
68218,Wim Kanplein 1,Allego BV,Almere,ChIJmZBTyi4RxkcRDOkZxdOzHic,5.0,5,Handige laadpaal naast gezondheidscentrum De Notenkraker!
68198,Ottho Heldringstraat 37A,Nuon,Amsterdam,ChIJxWjLZPbhxUcR-w6gi_mmmV8,2.3,1,Dit is een grote grap. Een kerkhof met meer dan 10 defecte laders zonder enige guidance hoe ze uberhaupt zouden werken
68198,Ottho Heldringstraat 37A,Nuon,Amsterdam,ChIJxWjLZPbhxUcR-w6gi_mmmV8,2.3,1,"waardeloze oplaadplaats. Helft van de stations is gesloopt, stekkers liggen op straat, alles kapot. En de overgebleven laders zijn in storing"
68198,Ottho Heldringstraat 37A,Nuon,Amsterdam,ChIJxWjLZPbhxUcR-w6gi_mmmV8,2.3,2,"De laatste tijd veel storingen bij deze oplaadpalen, vele palen doen het niet, moet vaak een aantaal aansluiten en proberen totdat eentje het doet. Beetje jammer."
68198,Ottho Heldringstraat 37A,Nuon,Amsterdam,ChIJxWjLZPbhxUcR-w6gi_mmmV8,2.3,3,"Veel ruimte, wel onduidelijk welke chargers de 175kW zijn en welke 50kW. De smalle witte zijn 175kW en de brede grijze 50"
68198,Ottho Heldringstraat 37A,Nuon,Amsterdam,ChIJxWjLZPbhxUcR-w6gi_mmmV8,2.3,1,Kan hier geen werkend laadstation vinden…. Ben ook niet de eerste als ik de recensies lees
68169,Hogehilweg 4,EVBox,Amsterdam,ChIJKflr-JoLxkcRkRnRU0n8YlM,2.0,2,Binnen een parkeerplaats
68159,Oberonstraat 21,Allego BV,Amstelveen,ChIJG6xTpYsKxkcRDYVQzfox6uA,5.0,5,"De helft van de tijd niet gebruikt, prima laadstation"
68151,Adriaan Dortsmanplein,Allego BV,Gooise Meren,ChIJ8d39ooMTxkcRbll7ZKMFtlg,5.0,5,Ook voor EnBW-klanten is opladen eenvoudig en in de directe nabijheid van de accommodatie Room One-Twety-One.
68138,Zwarteweg 55,EVBox,Gooise Meren,ChIJV4dWh5kTxkcRZlTH-vWrZNU,4.0,4,Gewoon opladen
68136,Stuwdam 13,Allego BV,Amstelveen,ChIJmcTXRQsLxkcRBezFGwzZd7w,3.0,3,"Dit is ook een laadstation. Als je hem nodig hebt, dan is hij er. Behalve als hij bezet is. Dan is hij er wel, maar dan bezet. Dit laadstation."
68126,Herenweg 206,Allego BV,De Ronde Venen,ChIJ5yXMwYh0xkcRt5PMSDgo154,4.0,4,"Er zijn daar twee laadstations van 11 kW! Het opladen werkte prima. Helaas zijn de nummers van station 1 en 2 niet zichtbaar, dus we hebben ze succesvol uitgeprobeerd."
68109,Cosmeaduin 17,Allego BV,Leiden,ChIJR32tya_GxUcR_0B23uMyuVo,1.0,1,Altijd in storing
68104,Verbeekstraat 8,Allego BV,Leiden,ChIJl4-EwB3HxUcRE1FW3sgpouI,4.5,5,"Nou het was leuk om op te laden, duurt alleen te lang en dit moet de toekomst zijn? Nou ik zie dat niet zitten...."
68104,Verbeekstraat 8,Allego BV,Leiden,ChIJl4-EwB3HxUcRE1FW3sgpouI,4.5,4,Goed
68101,De Genestetstraat 73,Allego BV,Leiden,ChIJixIdf_rGxUcRGVAISJRAodk,3.0,1,Wordt nooit gebruikt. Er is al weinig parkeerplek in de wijk.
68079,Ariadnedreef 2,Nuon,Utrecht,ChIJnY57TkRvxkcR7HwaP03d-vg,1.0,1,بويا 😂😂
68078,Rembrandtlaan 70,Nuon,Utrecht,ChIJnY57TkRvxkcR7HwaP03d-vg,1.0,1,بويا 😂😂
68075,Adriaen Beyerkade 20,Nuon,Utrecht,ChIJnY57TkRvxkcR7HwaP03d-vg,1.0,1,بويا 😂😂
68074,Kerkdwarslaan 21,Allego BV,De Bilt,ChIJSWR4JF9oxkcRLU-PMKbvUgE,3.9,4,Doet wat tie moet doen. Wel onhandig dat de automaat niet kijkt welke auto de stekker ingestoken is en vervolgens vraagt welke stekker je wilt gebruiken zonder dat je dan kan zien of het de linker of rechter is.... Je raad het al: ik eindigde met gekruiste kabels
68074,Kerkdwarslaan 21,Allego BV,De Bilt,ChIJSWR4JF9oxkcRLU-PMKbvUgE,3.9,5,"2x 300 kw laders en 2x 50kw laders
Bij vd Valk ernaast even rustig een bakkie doen en weer op je route uitgerust."
68074,Kerkdwarslaan 21,Allego BV,De Bilt,ChIJSWR4JF9oxkcRLU-PMKbvUgE,3.9,1,Plek voor 4 bezet door drie autos
68074,Kerkdwarslaan 21,Allego BV,De Bilt,ChIJSWR4JF9oxkcRLU-PMKbvUgE,3.9,4,Snellader met 300 KW
68074,Kerkdwarslaan 21,Allego BV,De Bilt,ChIJSWR4JF9oxkcRLU-PMKbvUgE,3.9,3,"Werkte zoals verwacht, wel een beetje traag, maar dat kan aan een koude batterij hebben gelegen."
68073,Samuel van Houtenstraat 500,Nuon,Utrecht,ChIJnY57TkRvxkcR7HwaP03d-vg,1.0,1,بويا 😂😂
68070,Fregatstraat 101,Nuon,Utrecht,ChIJnY57TkRvxkcR7HwaP03d-vg,1.0,1,بويا 😂😂
68068,Van Asch van Wijckskade,Nuon,Utrecht,ChIJnY57TkRvxkcR7HwaP03d-vg,1.0,1,بويا 😂😂
68066,Kleine Slachtstraat 3,Nuon,Utrecht,ChIJnY57TkRvxkcR7HwaP03d-vg,1.0,1,بويا 😂😂
68065,Romeinse weg,Nuon,Utrecht,ChIJnY57TkRvxkcR7HwaP03d-vg,1.0,1,بويا 😂😂
68059,Zonnedauw 2,Nuon,Utrecht,ChIJnY57TkRvxkcR7HwaP03d-vg,1.0,1,بويا 😂😂
68058,Mytylweg,Nuon,Utrecht,ChIJnY57TkRvxkcR7HwaP03d-vg,1.0,1,بويا 😂😂
68055,Houtensepad 49,Nuon,Utrecht,ChIJnY57TkRvxkcR7HwaP03d-vg,1.0,1,بويا 😂😂
68050,Cabrallaan 3,Nuon,Utrecht,ChIJnY57TkRvxkcR7HwaP03d-vg,1.0,1,بويا 😂😂
68044,Hof van Waarder 14,Shell Recharge Solutions (BE),Bodegraven-Reeuwijk,ChIJvx_xVjPRxUcRkQskGO6_Sn4,3.3,1,"Als enige aan de pakken. De Fastned staat wel helemaal vol. Snelheid komt niet boven de 15kw.

Maar even wachten op een plekje bij de Fastned."
68044,Hof van Waarder 14,Shell Recharge Solutions (BE),Bodegraven-Reeuwijk,ChIJvx_xVjPRxUcRkQskGO6_Sn4,3.3,5,Werkt prima 👍
68044,Hof van Waarder 14,Shell Recharge Solutions (BE),Bodegraven-Reeuwijk,ChIJvx_xVjPRxUcRkQskGO6_Sn4,3.3,5,Even aan de snellader paal
68044,Hof van Waarder 14,Shell Recharge Solutions (BE),Bodegraven-Reeuwijk,ChIJvx_xVjPRxUcRkQskGO6_Sn4,3.3,1,"Alleen langzame laders, korte kabels, vreemde locatie, de meeste andere Shell laadstations hebben dit allemaal veel beter, ging naar die van Fastned ernaast."
67978,Patrijs 8,EVBox,Ridderkerk,ChIJK-KCvI4txEcRFAwsPghZpAc,3.0,1,Snellader accepteert veel bekende laadpassen niet. Zinloos om hier heen te rijden als je snel wilt laden.
67978,Patrijs 8,EVBox,Ridderkerk,ChIJK-KCvI4txEcRFAwsPghZpAc,3.0,5,"Prima laadstation. Blij dat ie er is want ik moet nogal eens in de buurt zijn, en deze doet (op datum van review) 190 kW."
67955,'s-Gravendeelsedijk 10,EVBox,Dordrecht,ChIJMTrTTt8uxEcRgJFsoPtPPiA,2.8,1,"Tanken is prima, maar het eten bah! Vroegen om 2 ham kaas tosti's kregen we een tosti met heel raar vlees erop, ik ben zwanger dus iets wat er niet goed uit ziet ga ik niet eten. Vervolgens terug gegaan want t was ook nog verband krijgen ons geld niet terug en ook geen nieuwe tosti's heel erg slecht!!!!"
67955,'s-Gravendeelsedijk 10,EVBox,Dordrecht,ChIJMTrTTt8uxEcRgJFsoPtPPiA,2.8,4,"Hie zit ook een goede wasstraat, waar jezelf je auto kunt wassen. Je kan er ook stofzuigen"
65756,Spoorbuurt 12a,Allego BV,Edam-Volendam,ChIJD5TR_ZMExkcRjUG8sTIsXwc,2.0,1,89 ct/kWh. Een verdriedubbeling van de prijs die je gemiddeld betaalt voor je elektra thuis. Dit is gewoon pure diefstal.
65756,Spoorbuurt 12a,Allego BV,Edam-Volendam,ChIJD5TR_ZMExkcRjUG8sTIsXwc,2.0,3,Parkeerplaats zijn drama
65755,Slobbeland 4,Allego BV,Edam-Volendam,ChIJD5TR_ZMExkcRjUG8sTIsXwc,2.0,1,89 ct/kWh. Een verdriedubbeling van de prijs die je gemiddeld betaalt voor je elektra thuis. Dit is gewoon pure diefstal.
65755,Slobbeland 4,Allego BV,Edam-Volendam,ChIJD5TR_ZMExkcRjUG8sTIsXwc,2.0,3,Parkeerplaats zijn drama
65748,Waterput 1,Allego BV,Oostzaan,ChIJY5J-DarixUcRZW_7XXaui-A,5.0,5,"Meestal erg rustig,..prima te bereiken"
65745,Dukdalfweg 51,Ecotap,Amsterdam,ChIJObeLBgrjxUcR7KJFzHJqsYc,1.0,1,"Laadpaal Ecotap werkt niet, klanten service kon geen ondersteuning bieden. Laadpaal was niet bij Ecotap in beheer. Eigen E nummer  van Ecotap was niet op laadpaal aanwezig. Klanten service deed weinig moeite."
65736,Cesar Franckweg 59,Allego BV,Almere,ChIJf8nDMlsWxkcRHv28W_MYlWo,5.0,5,Accu vullen en door. Koffie en wc bij de Valkjes.
65735,Schönbergweg 80,Allego BV,Almere,ChIJf8nDMlsWxkcRHv28W_MYlWo,5.0,5,Accu vullen en door. Koffie en wc bij de Valkjes.
65731,Delflandlaan 15,EVBox,Amsterdam,ChIJlY2bEB_ixUcRHllQ58o4Sho,4.5,4,Het verblijf in dit hotel is zeer aangenaam.
65731,Delflandlaan 15,EVBox,Amsterdam,ChIJlY2bEB_ixUcRHllQ58o4Sho,4.5,5,Oplader in de parkeergarage van hotel XO Couture
65713,Landleeuw 5,Allego BV,Haarlemmermeer,ChIJJzpSD6jnxUcRE75R_l2oAuE,1.0,1,"App nodig, kon geen betaalpas toevoegen."
65706,Fokkerweg,Shell Recharge Solutions (BE),Oude Meer,ChIJ-Q8muezgxUcRDacQSf1MEnE,4.3,5,Mijn noodlaadpunt als ik door drukte mijn accu leeg rijd. Als ik op Schiphol mijn werk aan het doen ben.
65706,Fokkerweg,Shell Recharge Solutions (BE),Oude Meer,ChIJ-Q8muezgxUcRDacQSf1MEnE,4.3,4,Jammer dat het warm was in het winkeltje de chocolade was al gesmolten
65706,Fokkerweg,Shell Recharge Solutions (BE),Oude Meer,ChIJ-Q8muezgxUcRDacQSf1MEnE,4.3,2,"Opladen werkte niet, 2 van de 4 oplader buiten werking"
65706,Fokkerweg,Shell Recharge Solutions (BE),Oude Meer,ChIJ-Q8muezgxUcRDacQSf1MEnE,4.3,5,Modern tankstation waar veel te krijgen is
65706,Fokkerweg,Shell Recharge Solutions (BE),Oude Meer,ChIJ-Q8muezgxUcRDacQSf1MEnE,4.3,5,Heb er getankt
65695,Iepenlaan 352A,Allego BV,Gooise Meren,ChIJ8d39ooMTxkcRbll7ZKMFtlg,5.0,5,Ook voor EnBW-klanten is opladen eenvoudig en in de directe nabijheid van de accommodatie Room One-Twety-One.
65694,Lange Heul 181,Allego BV,Gooise Meren,ChIJ8d39ooMTxkcRbll7ZKMFtlg,5.0,5,Ook voor EnBW-klanten is opladen eenvoudig en in de directe nabijheid van de accommodatie Room One-Twety-One.
65683,Stichtstraat 2,Allego BV,Stichtse Vecht,ChIJj8GpGX9xxkcRuQe6v7F2rk0,4.8,5,"Veel opties, snelladen en minder snel laden (prijs is afhankelijk van type laadpas) grote auto past alleen niet op de parkeerplaats (steekt uit op de weg), maar verder top!"
65683,Stichtstraat 2,Allego BV,Stichtse Vecht,ChIJj8GpGX9xxkcRuQe6v7F2rk0,4.8,5,Betrouwbaar (snel-)laadpunt tot 300 kW. Prijs is afhankelijk van welke laadpas je hebt.
65683,Stichtstraat 2,Allego BV,Stichtse Vecht,ChIJj8GpGX9xxkcRuQe6v7F2rk0,4.8,5,Goed oplaad punt dicht bij het hotel en de snelweg
65673,Noodweg 37D-13A,Shell Recharge Solutions (BE),Hilversum,ChIJtUgEUpdsxkcRhh7doCAgPCY,2.8,5,Deze charging station staat op het parkeerterrein van de Karwei achter slagbomen. Hierdoor buiten openingstijden van Karwei niet toegankelijk. Zie foto.
65673,Noodweg 37D-13A,Shell Recharge Solutions (BE),Hilversum,ChIJtUgEUpdsxkcRhh7doCAgPCY,2.8,1,"Het terrein is snachts niet toegankelijk,  hierdoor niet kunnen laden."
65673,Noodweg 37D-13A,Shell Recharge Solutions (BE),Hilversum,ChIJtUgEUpdsxkcRhh7doCAgPCY,2.8,1,Laadpaal niet toegankelijk
65673,Noodweg 37D-13A,Shell Recharge Solutions (BE),Hilversum,ChIJtUgEUpdsxkcRhh7doCAgPCY,2.8,2,"De laadpalen bevinden zich niet op de locatie die Google Maps aangeeft, maar op de parkeerplaats van de Karwei-winkel. Daar zijn ze alleen toegankelijk tijdens openingstijden, wat eerlijk gezegd een beetje onhandig is."
65663,Keulschevaart 4,Shell Recharge Solutions (BE),Stichtse Vecht,ChIJbTyoULtxxkcRmVg3d0VwDTw,2.7,2,"Gasten, aub ik bestel een broodje roomkaas. Ben je onderweg en je opent een broodje met een halve groentetuin erop met rucola, ui en amper roomkaas. Teleurstelling en smerig zeg... Zo uit het raam geflikkerd. Meteen laatste keer dus"
65663,Keulschevaart 4,Shell Recharge Solutions (BE),Stichtse Vecht,ChIJbTyoULtxxkcRmVg3d0VwDTw,2.7,1,"Geweldig, met vlaggen enal… behalve dat de laders (tijdelijk? denk het niet als ik de reviews hier bekijk…) niet werken. Achteraan een fastned waar men stond aan te schuiven. Dan maar doorgereden."
65663,Keulschevaart 4,Shell Recharge Solutions (BE),Stichtse Vecht,ChIJbTyoULtxxkcRmVg3d0VwDTw,2.7,1,"Erg fijn dat Shell nu zelf ook snelladers heeft, goed aangegeven op de bewegwijzering. Maar je komt bij dit Shell station van een koude kermis thuis... Vanavond waren beide snelladers van dit Shell station buiten gebruik. Echt top want zonder tegen het verkeer in te rijden kom je ook niet bij de Fastned bij dit station waar alle andere EV rijders stonden te wachten die graag bij dit Shell station even hadden willen snelladen. ( dit Fastned station heeft maar 2 snelladers )
Vervelend dat er een storing is Shell, maar pas dan 1 je website aan en zet ze op niet beschikbaar. 2 pas de bewegwijzering op de locatie zelf aan!"
65663,Keulschevaart 4,Shell Recharge Solutions (BE),Stichtse Vecht,ChIJbTyoULtxxkcRmVg3d0VwDTw,2.7,1,"Werken alle vier niet!

Ik gebruik geen FB, dus lastig contact opnemen. Maar de klacht is duidelijk toch? Zorg dat ze werken en niet zijn afgekruist met lint. Of haal ze uit apps en van Google Maps."
65663,Keulschevaart 4,Shell Recharge Solutions (BE),Stichtse Vecht,ChIJbTyoULtxxkcRmVg3d0VwDTw,2.7,1,Beide palen werkten niet afgelopen zaterdagavond. Gelukkig zit er ook een (kleine) Fastned! Gebruik die vooral want dit was wederom waardeloos van Shell.
65654,Voorstraat 26,Allego BV,Stichtse Vecht,ChIJj8GpGX9xxkcRuQe6v7F2rk0,4.8,5,"Veel opties, snelladen en minder snel laden (prijs is afhankelijk van type laadpas) grote auto past alleen niet op de parkeerplaats (steekt uit op de weg), maar verder top!"
65654,Voorstraat 26,Allego BV,Stichtse Vecht,ChIJj8GpGX9xxkcRuQe6v7F2rk0,4.8,5,Betrouwbaar (snel-)laadpunt tot 300 kW. Prijs is afhankelijk van welke laadpas je hebt.
65654,Voorstraat 26,Allego BV,Stichtse Vecht,ChIJj8GpGX9xxkcRuQe6v7F2rk0,4.8,5,Goed oplaad punt dicht bij het hotel en de snelweg
65652,Maarsseveensevaart 7A,Shell Recharge Solutions (BE),Stichtse Vecht,ChIJW-Ds8BVuxkcReLLVgMM7Z0Q,2.0,1,Lader werkt niet. Binnenwerk lijkt kapot
65652,Maarsseveensevaart 7A,Shell Recharge Solutions (BE),Stichtse Vecht,ChIJW-Ds8BVuxkcReLLVgMM7Z0Q,2.0,1,Werkt niet...
65643,Van Lingelaan 85,Allego BV,Stichtse Vecht,ChIJj8GpGX9xxkcRuQe6v7F2rk0,4.8,5,"Veel opties, snelladen en minder snel laden (prijs is afhankelijk van type laadpas) grote auto past alleen niet op de parkeerplaats (steekt uit op de weg), maar verder top!"
65643,Van Lingelaan 85,Allego BV,Stichtse Vecht,ChIJj8GpGX9xxkcRuQe6v7F2rk0,4.8,5,Betrouwbaar (snel-)laadpunt tot 300 kW. Prijs is afhankelijk van welke laadpas je hebt.
65643,Van Lingelaan 85,Allego BV,Stichtse Vecht,ChIJj8GpGX9xxkcRuQe6v7F2rk0,4.8,5,Goed oplaad punt dicht bij het hotel en de snelweg
65640,Watertorenpark 3,Shell Recharge Solutions (BE),Alphen aan den Rijn,ChIJeU4w9BvbxUcR7I8b12cK5R4,3.7,2,Vaak een paal van de twee defect. Vandaag is één paal defect en de andere paal start niet op na de betalingsmethode te hebben geaccepteerd. Zegt direct dat de sessie is gestopt.
65640,Watertorenpark 3,Shell Recharge Solutions (BE),Alphen aan den Rijn,ChIJeU4w9BvbxUcR7I8b12cK5R4,3.7,2,Met enige regelmaat dat een van de twee het niet meer doet. Nu vandaag werkte het scherm van de andere ook niet meer dus kon niet meer snel laden. Zelfs met support gebeld en er niet uitgekomen. In het vervolg zou het beter zijn de actuele status door te kunnen geven dat het hele snel laad station niet werkt
65640,Watertorenpark 3,Shell Recharge Solutions (BE),Alphen aan den Rijn,ChIJeU4w9BvbxUcR7I8b12cK5R4,3.7,1,1 van de laadpalen is volgens mij al meer dan een maand defect en het is natuurlijk belachelijk dat er geen toilet beschikbaar is!
65640,Watertorenpark 3,Shell Recharge Solutions (BE),Alphen aan den Rijn,ChIJeU4w9BvbxUcR7I8b12cK5R4,3.7,3,Tanken op dit moment is wat zuiniger hier alleen er is geen toilet helaas maar wel redelijk goedkopere koffie Haha 😜
65640,Watertorenpark 3,Shell Recharge Solutions (BE),Alphen aan den Rijn,ChIJeU4w9BvbxUcR7I8b12cK5R4,3.7,4,Zo weer volle bak.
65635,Nimrodlaan 31,Allego BV,De Bilt,ChIJSWR4JF9oxkcRLU-PMKbvUgE,3.9,4,Doet wat tie moet doen. Wel onhandig dat de automaat niet kijkt welke auto de stekker ingestoken is en vervolgens vraagt welke stekker je wilt gebruiken zonder dat je dan kan zien of het de linker of rechter is.... Je raad het al: ik eindigde met gekruiste kabels
65635,Nimrodlaan 31,Allego BV,De Bilt,ChIJSWR4JF9oxkcRLU-PMKbvUgE,3.9,5,"2x 300 kw laders en 2x 50kw laders
Bij vd Valk ernaast even rustig een bakkie doen en weer op je route uitgerust."
65635,Nimrodlaan 31,Allego BV,De Bilt,ChIJSWR4JF9oxkcRLU-PMKbvUgE,3.9,1,Plek voor 4 bezet door drie autos
65635,Nimrodlaan 31,Allego BV,De Bilt,ChIJSWR4JF9oxkcRLU-PMKbvUgE,3.9,4,Snellader met 300 KW
65635,Nimrodlaan 31,Allego BV,De Bilt,ChIJSWR4JF9oxkcRLU-PMKbvUgE,3.9,3,"Werkte zoals verwacht, wel een beetje traag, maar dat kan aan een koude batterij hebben gelegen."
65554,Zwaluwenlaan 387,EVBox,Vlaardingen,ChIJKafvYdRLxEcR_F60QbLlG1k,5.0,5,"Werkt prima, mooie plek."
65540,Warande,EVBox,Schiedam,ChIJh5_9ims1xEcRKZ2be8ZnWxw,1.0,1,Op 18 julli was deze laadpaal niet toegankelijk door werkzaamheden.
65530,Boterdiep 26,Shell Recharge Solutions (BE),Rotterdam,ChIJMw415ac0xEcRCvzOuuAcu3U,4.2,1,"Afgelopen nacht met auto van werk wezen laden en ook deze keer zeer zeer traag laden. Betreft Renault Kangoo 1,5 jaar oud. Kom nooit boven de 16 kw wat dan ook snel terug zakt naar 3 kw. 1 uur en 42 minuten van 66% naar 91% noem ik echt geen snellader. Ben er maar mee gestopt. Kom hier nooit meer."
65530,Boterdiep 26,Shell Recharge Solutions (BE),Rotterdam,ChIJMw415ac0xEcRCvzOuuAcu3U,4.2,5,"Ruim aanbod van hyper/snelladers. Verzorgde omgeving, ook in de avond. Voorzieningen (toilet) zeer beperkt na sluiting shop. Laadpunten 24/7."
65530,Boterdiep 26,Shell Recharge Solutions (BE),Rotterdam,ChIJMw415ac0xEcRCvzOuuAcu3U,4.2,4,Perfecte locatie midden in het centrum van Rotterdam (12 oplaadpunten). Enige nadeel is de trage laadsnelheid (bij kwam die niet hoger dan 62kw).
65530,Boterdiep 26,Shell Recharge Solutions (BE),Rotterdam,ChIJMw415ac0xEcRCvzOuuAcu3U,4.2,5,"Geparkeerd aan de laadpaal. meneer van de Shell kwam gelijk en heeft de laadkabel direct in mn auto aangesloten. Vervolgens een gratis kopje koffie of thee aangeboden binnen de Shell pand.
Dames achter de balie super aardig en goed geholpen. Dit maakt laden weer leuk en gezellig"
65530,Boterdiep 26,Shell Recharge Solutions (BE),Rotterdam,ChIJMw415ac0xEcRCvzOuuAcu3U,4.2,1,"Belachelijk dat je alleen nog maar terecht kan met elektrische auto’s en dat er geen brandstof meer getankt kan worden. Leuk voor de mensen die in de stad wonen! De werkende mensen in de pomp hebben ook nog lekker veel aanloop zo voordat ze worden wegbezuinigd.

Lang leve de toekomst!"
65527,Vondelingenweg 550,Shell Recharge Solutions (BE),Rotterdam,ChIJg-uG5880xEcR-6QFfDzKVVI,3.3,1,Nog net geen euro per KWh betaald; echt heel veel teveel.
65527,Vondelingenweg 550,Shell Recharge Solutions (BE),Rotterdam,ChIJg-uG5880xEcR-6QFfDzKVVI,3.3,4,Gelegen bij de parkeerplaats van een Shell-station. Makkelijk te vinden en werkte prima. Er is echter niet veel te doen in de buurt.
65522,Welplaatweg 26,Shell Recharge Solutions (BE),Rotterdam,ChIJg-uG5880xEcR-6QFfDzKVVI,3.3,1,Nog net geen euro per KWh betaald; echt heel veel teveel.
65522,Welplaatweg 26,Shell Recharge Solutions (BE),Rotterdam,ChIJg-uG5880xEcR-6QFfDzKVVI,3.3,4,Gelegen bij de parkeerplaats van een Shell-station. Makkelijk te vinden en werkte prima. Er is echter niet veel te doen in de buurt.
65514,Heulenslag 57,Shell Recharge Solutions (BE),Molenwaard,ChIJJ3b7Y30rxEcRU8r2NI6XMGw,3.5,1,"Erg langzaam, blijft onder de 75kw en zakt terug naar 60 kW.
Geen andere auto’s aan de 4 aanwezige laadpunten."
65514,Heulenslag 57,Shell Recharge Solutions (BE),Molenwaard,ChIJJ3b7Y30rxEcRU8r2NI6XMGw,3.5,5,Makkelijk aan te rijden. Twee laadpunten werken goed met een korte stop.
65514,Heulenslag 57,Shell Recharge Solutions (BE),Molenwaard,ChIJJ3b7Y30rxEcRU8r2NI6XMGw,3.5,4,Beter en vaster
65502,Multatulistraat 50,Allego BV,Gorinchem,ChIJnY_u1LmIxkcRlNEQDE-j8BU,5.0,5,Parkeren 1e uur gratis
65499,De Heerenhof 33,Shell Recharge Solutions (BE),Hendrik-Ido-Ambacht,ChIJbyzKSYguxEcRCHIrqwfwTHw,4.3,5,👍👍👍
65499,De Heerenhof 33,Shell Recharge Solutions (BE),Hendrik-Ido-Ambacht,ChIJbyzKSYguxEcRCHIrqwfwTHw,4.3,5,Top oplaadpunt
65499,De Heerenhof 33,Shell Recharge Solutions (BE),Hendrik-Ido-Ambacht,ChIJbyzKSYguxEcRCHIrqwfwTHw,4.3,4,"Het toilet kost 1 euro, er is geen douche, maar er is wel water. Het is er rustig en vredig. Winkels bevinden zich op 2-3 km afstand."
65499,De Heerenhof 33,Shell Recharge Solutions (BE),Hendrik-Ido-Ambacht,ChIJbyzKSYguxEcRCHIrqwfwTHw,4.3,5,"De medewerkster was erg behulpzaam.

Goed gedaan, mevrouw."
65499,De Heerenhof 33,Shell Recharge Solutions (BE),Hendrik-Ido-Ambacht,ChIJbyzKSYguxEcRCHIrqwfwTHw,4.3,2,Waarom staat het achter een tankstation? Schaam je je?
65487,Loevestein 2,EVnetNL,Werkendam,ChIJV3l3aq6FxkcRquavybGZybI,3.0,3,11kW max geladen
65484,Nieuwe Haven 53,Allego BV,Dordrecht,ChIJgUk61c0uxEcR4tak6lxmygQ,3.0,3,Heel moeilijk om hier met 2 wagens aan de laadpaal te staan. Dit komt door de boom die op de linker plek staat.
65291,Grand Hotel Amrâth ,Tesla (Tesla-only charging),Den Haag,ChIJw1rkZ6ewxUcR-UC6kkkMCGw,2.5,1,Voor het gebruik van Tesla's bestemmingslader moet je 45 euro betalen.
65291,Grand Hotel Amrâth ,Tesla (Tesla-only charging),Den Haag,ChIJw1rkZ6ewxUcR-UC6kkkMCGw,2.5,4,Bijdragen
65044,Bisde,Allego BV,Beesd,ChIJaQU80diDyEcRyUQhbOdgMWc,4.1,2,"Snellader was het niet ,andere laadpunten van Fastned laad ik met een snelheid tussen 150 en 220 .
Deze met 2 laadunit kwam ik niet verder dan 30"
65044,Bisde,Allego BV,Beesd,ChIJaQU80diDyEcRyUQhbOdgMWc,4.1,5,Zeer mooie/grote Fastned locatie (5 palen met 10 stekkers van 300kw). Ook het naastgelegen BP tankstation is ideaal voor een sanitaire stop en een bakje koffie👌.
65044,Bisde,Allego BV,Beesd,ChIJaQU80diDyEcRyUQhbOdgMWc,4.1,2,"De laatste tijd is Fastned helaas geen Fastned meer. Zonnig, warm, koud, batterij voorverwarmd zonder verschil. 80% van de tijd blijft hij rond de 70kW hangen, soms een piek van 130 voor 2 minuten, en dan weer terug naar 40. De 200+ heb ik al een half jaar of meer niet gehaald. In het buitenland draait hij binnen no time naar 200+, dus het ligt niet aan de auto."
65044,Bisde,Allego BV,Beesd,ChIJaQU80diDyEcRyUQhbOdgMWc,4.1,4,"Heeel veel laadpalen. Vandaag lekker rustig trouwens.

Prima plek om bij te laden. Voldoende bankjes en afvalbakken."
65044,Bisde,Allego BV,Beesd,ChIJaQU80diDyEcRyUQhbOdgMWc,4.1,4,"Veel snel laders, wel druk bij aankomst 12:30. Op dat moment 2 vrije laadpunten. Wel duur eur 0,74 per kwh."
64916,Goudreinet Vuren,Allego BV,Vuren,ChIJ9zK-mKCLxkcROWHVK93Da3s,4.0,3,"Allego 1 x Snel lader aan wezig met chademo 50 kw.
Dat is top!
Locatie is zelf een puinhoop."
64916,Goudreinet Vuren,Allego BV,Vuren,ChIJ9zK-mKCLxkcROWHVK93Da3s,4.0,1,Peperdur
64594,Travelcard Lingehorst,"MisterGreen, The Fast Charger Network",Beesd,ChIJaQU80diDyEcRyUQhbOdgMWc,4.1,2,"Snellader was het niet ,andere laadpunten van Fastned laad ik met een snelheid tussen 150 en 220 .
Deze met 2 laadunit kwam ik niet verder dan 30"
64594,Travelcard Lingehorst,"MisterGreen, The Fast Charger Network",Beesd,ChIJaQU80diDyEcRyUQhbOdgMWc,4.1,5,Zeer mooie/grote Fastned locatie (5 palen met 10 stekkers van 300kw). Ook het naastgelegen BP tankstation is ideaal voor een sanitaire stop en een bakje koffie👌.
64594,Travelcard Lingehorst,"MisterGreen, The Fast Charger Network",Beesd,ChIJaQU80diDyEcRyUQhbOdgMWc,4.1,2,"De laatste tijd is Fastned helaas geen Fastned meer. Zonnig, warm, koud, batterij voorverwarmd zonder verschil. 80% van de tijd blijft hij rond de 70kW hangen, soms een piek van 130 voor 2 minuten, en dan weer terug naar 40. De 200+ heb ik al een half jaar of meer niet gehaald. In het buitenland draait hij binnen no time naar 200+, dus het ligt niet aan de auto."
64594,Travelcard Lingehorst,"MisterGreen, The Fast Charger Network",Beesd,ChIJaQU80diDyEcRyUQhbOdgMWc,4.1,4,"Heeel veel laadpalen. Vandaag lekker rustig trouwens.

Prima plek om bij te laden. Voldoende bankjes en afvalbakken."
64594,Travelcard Lingehorst,"MisterGreen, The Fast Charger Network",Beesd,ChIJaQU80diDyEcRyUQhbOdgMWc,4.1,4,"Veel snel laders, wel druk bij aankomst 12:30. Op dat moment 2 vrije laadpunten. Wel duur eur 0,74 per kwh."
64015,Akermaat,FastNed,Heemskerk,ChIJXdY1jWv6xUcRyH5bAuafRFs,4.2,4,"Chademo creditcard probleem...... Ik heb contact opgenomen met nummer op probleeme aparaat, waarna het probleem werd opgelost en ik een gratis navulling kreeg.
Bedankt voor de snelle reactie!"
64015,Akermaat,FastNed,Heemskerk,ChIJXdY1jWv6xUcRyH5bAuafRFs,4.2,5,Fijne plek om bij te laden. Laad snel. Het is er rustig
64015,Akermaat,FastNed,Heemskerk,ChIJXdY1jWv6xUcRyH5bAuafRFs,4.2,4,Gelukkig past de trailer onder de balk door. Wordt een hele uitdaging om met trailer met paard (kan tijdens vervoer niet losgekoppeld worden) komende zomer naar Limburg te rijden. Tips? (Laden op Insteekvakken zijn onmogelijk met trailer)
64015,Akermaat,FastNed,Heemskerk,ChIJXdY1jWv6xUcRyH5bAuafRFs,4.2,4,"Mijn nieuwe Kia ev6 had moeite met laadpunt 4, viel steeds weg. Laadpunt 3 ging prima.

Edit:
[bedankt voor de snelle reactie! ik zag hem maandag al bezig met paal 4!]"
64015,Akermaat,FastNed,Heemskerk,ChIJXdY1jWv6xUcRyH5bAuafRFs,4.2,1,"Slecht. Nieuwe laders is pruts . CHaDemo iedere x onderbroken. CCS gaan voor. Laders slecht gepositioneerd. Achteraf op benzine station geduwd . Laders van Shell nergens last van , die hebben een eigen scherm. Dat werkt beter ."
64013,Luxemburglaan 217,Allego BV,Heemskerk,ChIJG3rfB53wxUcRKFda3uxJ5WA,4.0,4,Er mist een sticker met pijl voor de parkeer plek om op te laden. Nu staat er af en toe een gewone wagen..
63993,Swaensborch 1,Allego BV,Waterland,ChIJLdMbBKQFxkcRZDHC8QRW15M,3.0,3,Nix mis gewoon laden!
63982,Pieter Jelles Troelstralaan 54,Allego BV,Zaanstad,ChIJhRGD38zixUcRi6lQiP7Haj8,3.0,1,Stomme lelijke laadpaal. Wordt nooit gebruikt en kost parkeer gelegenheid.
63969,Corsicaweg 10,Shell Recharge Solutions (BE),Amsterdam,ChIJxX3HWgnjxUcRf5P254x3bWw,3.5,2,Zo vaak geweest en elke keer is er wat met het laden.
63969,Corsicaweg 10,Shell Recharge Solutions (BE),Amsterdam,ChIJxX3HWgnjxUcRf5P254x3bWw,3.5,3,Lekkere broodjes elektrisch laden drama met 2 laders
63969,Corsicaweg 10,Shell Recharge Solutions (BE),Amsterdam,ChIJxX3HWgnjxUcRf5P254x3bWw,3.5,1,Kom je aan en dan is er weer wat waardoor je niet kan laden.
63969,Corsicaweg 10,Shell Recharge Solutions (BE),Amsterdam,ChIJxX3HWgnjxUcRf5P254x3bWw,3.5,4,jammer dat er maar 2 voertuigen kunnen laden
63969,Corsicaweg 10,Shell Recharge Solutions (BE),Amsterdam,ChIJxX3HWgnjxUcRf5P254x3bWw,3.5,3,Slechts 2 laadstations
63954,IJdok,Shell Recharge Solutions (BE),Amsterdam,ChIJOQBAwEoIxkcRnisYzsZIn2E,3.7,1,prive terrein
63954,IJdok,Shell Recharge Solutions (BE),Amsterdam,ChIJOQBAwEoIxkcRnisYzsZIn2E,3.7,5,"Dit is een fijne plek voor een kop koffie met gebak of een maaltijd. Het ligt vlak bij de hoofdweg naar Purmerend, Edam, Amsterdam. Er zijn oplaadpunten voor elektrische auto's, dus het is zeker de moeite waard om even te stoppen als je je accu moet opladen."
63937,A. Roland Holststraat 37,Allego BV,Almere,ChIJf8nDMlsWxkcRHv28W_MYlWo,5.0,5,Accu vullen en door. Koffie en wc bij de Valkjes.
63933,Science Park,Shell Recharge Solutions (BE),Amsterdam,ChIJk4i2e08JxkcRWxd5kBUX2KM,5.0,5,Service prima
63914,Kazernestraat 14b,Allego BV,Gooise Meren,ChIJaSXZuMUTxkcRqNDbjNTSQZQ,5.0,5,"Es gibt viele Ladepunkte,wunschgemäß aufgeladen, alles hat einwandfrei funktioniert."
63901,Engelsholm 140,Allego BV,Haarlemmermeer,ChIJJzpSD6jnxUcRE75R_l2oAuE,1.0,1,"App nodig, kon geen betaalpas toevoegen."
63899,Jan Benninghstraat 62,Allego BV,Amstelveen,ChIJg52wC9fhxUcRBcK6AA1B360,5.0,5,Goede plek
63873,Meerkade 2a,EVBox,Naarden,ChIJNRTadQoTxkcR-tn__cfe2RI,4.0,4,"2 aansluitingen, bijna nooit bezet"
63857,Luttickduin 56B,Allego BV,Amstelveen,ChIJ-9nT0UHgxUcRR3AmuFmXqqw,1.0,1,Dat schiet niet op !
63852,Comeniuslaan 12,EVBox,Gooise Meren,ChIJV4dWh5kTxkcRZlTH-vWrZNU,4.0,4,Gewoon opladen
63841,Dorpsstraat 47,Shell Recharge Solutions (BE),Stichtse Vecht,ChIJ5xun0cRzxkcRJMfviNQ82II,4.2,1,"Werkt niet, alle palen weigeren dienst, 6/12/23 11800. Ze staan wel aan, maar ccepteren geen laadpas, maar ook geen andere betaalmiddelen. Alles geeft een foutmelding, voor iedereen en op alle palen.. Service nummer door diverse mensen gebeld, daar wordt alleen gezegd: we resetten hem, dan werkt het zo weer"". Maar er gebeurt niets, en verder lijkt het Shell het allemaal niet zo serieus te nemen. Veel mensen met te weinig charge om de volgende sbellader te kunnen bereiken.  Gelukkig een andere laadpaal van Fastned op dit parkeerterrein, met 2 plekken. Het grote Fastbed station is hier dich, maar reken dus niet op Shell! om te zorgen dat je kunt laden. Het is echt altjjd iets met Shell recharge stations."
63841,Dorpsstraat 47,Shell Recharge Solutions (BE),Stichtse Vecht,ChIJ5xun0cRzxkcRJMfviNQ82II,4.2,4,Ga eerst naar toilet en ontvang voucher 80 eurocent!
63841,Dorpsstraat 47,Shell Recharge Solutions (BE),Stichtse Vecht,ChIJ5xun0cRzxkcRJMfviNQ82II,4.2,5,"Super fijn om snel te kunnen laden. Voor nu nog genoeg laders... maar er zullen snel meerderen moeten komen, denk ik"
63841,Dorpsstraat 47,Shell Recharge Solutions (BE),Stichtse Vecht,ChIJ5xun0cRzxkcRJMfviNQ82II,4.2,4,Prima laadpunt alleen de 2e paal werkt niet (paslezer geeft een fout)
63841,Dorpsstraat 47,Shell Recharge Solutions (BE),Stichtse Vecht,ChIJ5xun0cRzxkcRJMfviNQ82II,4.2,5,Netjes en schoon plek om jouw voertuig op te laden
63840,Spinner 20,Allego BV,Haarlemmermeer,ChIJe8zttwHoxUcRVHiaxz7-nZ8,5.0,5,24 uur per dagoperstioneel. Geschikt voor het opladen van 2 voertuigen
63840,Spinner 20,Allego BV,Haarlemmermeer,ChIJe8zttwHoxUcRVHiaxz7-nZ8,5.0,5,Snel 11 KW
63800,Eemnesserweg 210,Shell Recharge Solutions (BE),Hilversum,ChIJtUgEUpdsxkcRhh7doCAgPCY,2.8,5,Deze charging station staat op het parkeerterrein van de Karwei achter slagbomen. Hierdoor buiten openingstijden van Karwei niet toegankelijk. Zie foto.
63800,Eemnesserweg 210,Shell Recharge Solutions (BE),Hilversum,ChIJtUgEUpdsxkcRhh7doCAgPCY,2.8,1,"Het terrein is snachts niet toegankelijk,  hierdoor niet kunnen laden."
63800,Eemnesserweg 210,Shell Recharge Solutions (BE),Hilversum,ChIJtUgEUpdsxkcRhh7doCAgPCY,2.8,1,Laadpaal niet toegankelijk
63800,Eemnesserweg 210,Shell Recharge Solutions (BE),Hilversum,ChIJtUgEUpdsxkcRhh7doCAgPCY,2.8,2,"De laadpalen bevinden zich niet op de locatie die Google Maps aangeeft, maar op de parkeerplaats van de Karwei-winkel. Daar zijn ze alleen toegankelijk tijdens openingstijden, wat eerlijk gezegd een beetje onhandig is."
63791,Kleine Drift 62,Shell Recharge Solutions (BE),Hilversum,ChIJtUgEUpdsxkcRhh7doCAgPCY,2.8,5,Deze charging station staat op het parkeerterrein van de Karwei achter slagbomen. Hierdoor buiten openingstijden van Karwei niet toegankelijk. Zie foto.
63791,Kleine Drift 62,Shell Recharge Solutions (BE),Hilversum,ChIJtUgEUpdsxkcRhh7doCAgPCY,2.8,1,"Het terrein is snachts niet toegankelijk,  hierdoor niet kunnen laden."
63791,Kleine Drift 62,Shell Recharge Solutions (BE),Hilversum,ChIJtUgEUpdsxkcRhh7doCAgPCY,2.8,1,Laadpaal niet toegankelijk
63791,Kleine Drift 62,Shell Recharge Solutions (BE),Hilversum,ChIJtUgEUpdsxkcRhh7doCAgPCY,2.8,2,"De laadpalen bevinden zich niet op de locatie die Google Maps aangeeft, maar op de parkeerplaats van de Karwei-winkel. Daar zijn ze alleen toegankelijk tijdens openingstijden, wat eerlijk gezegd een beetje onhandig is."
63785,Mauritslaan 36,Shell Recharge Solutions (BE),Hilversum,ChIJtUgEUpdsxkcRhh7doCAgPCY,2.8,5,Deze charging station staat op het parkeerterrein van de Karwei achter slagbomen. Hierdoor buiten openingstijden van Karwei niet toegankelijk. Zie foto.
63785,Mauritslaan 36,Shell Recharge Solutions (BE),Hilversum,ChIJtUgEUpdsxkcRhh7doCAgPCY,2.8,1,"Het terrein is snachts niet toegankelijk,  hierdoor niet kunnen laden."
63785,Mauritslaan 36,Shell Recharge Solutions (BE),Hilversum,ChIJtUgEUpdsxkcRhh7doCAgPCY,2.8,1,Laadpaal niet toegankelijk
63785,Mauritslaan 36,Shell Recharge Solutions (BE),Hilversum,ChIJtUgEUpdsxkcRhh7doCAgPCY,2.8,2,"De laadpalen bevinden zich niet op de locatie die Google Maps aangeeft, maar op de parkeerplaats van de Karwei-winkel. Daar zijn ze alleen toegankelijk tijdens openingstijden, wat eerlijk gezegd een beetje onhandig is."
63778,Soestdijkerstraatweg 27,Shell Recharge Solutions (BE),Hilversum,ChIJtUgEUpdsxkcRhh7doCAgPCY,2.8,5,Deze charging station staat op het parkeerterrein van de Karwei achter slagbomen. Hierdoor buiten openingstijden van Karwei niet toegankelijk. Zie foto.
63778,Soestdijkerstraatweg 27,Shell Recharge Solutions (BE),Hilversum,ChIJtUgEUpdsxkcRhh7doCAgPCY,2.8,1,"Het terrein is snachts niet toegankelijk,  hierdoor niet kunnen laden."
63778,Soestdijkerstraatweg 27,Shell Recharge Solutions (BE),Hilversum,ChIJtUgEUpdsxkcRhh7doCAgPCY,2.8,1,Laadpaal niet toegankelijk
63778,Soestdijkerstraatweg 27,Shell Recharge Solutions (BE),Hilversum,ChIJtUgEUpdsxkcRhh7doCAgPCY,2.8,2,"De laadpalen bevinden zich niet op de locatie die Google Maps aangeeft, maar op de parkeerplaats van de Karwei-winkel. Daar zijn ze alleen toegankelijk tijdens openingstijden, wat eerlijk gezegd een beetje onhandig is."
63772,Johan de Wittstraat 16,Shell Recharge Solutions (BE),Hilversum,ChIJtUgEUpdsxkcRhh7doCAgPCY,2.8,5,Deze charging station staat op het parkeerterrein van de Karwei achter slagbomen. Hierdoor buiten openingstijden van Karwei niet toegankelijk. Zie foto.
63772,Johan de Wittstraat 16,Shell Recharge Solutions (BE),Hilversum,ChIJtUgEUpdsxkcRhh7doCAgPCY,2.8,1,"Het terrein is snachts niet toegankelijk,  hierdoor niet kunnen laden."
63772,Johan de Wittstraat 16,Shell Recharge Solutions (BE),Hilversum,ChIJtUgEUpdsxkcRhh7doCAgPCY,2.8,1,Laadpaal niet toegankelijk
63772,Johan de Wittstraat 16,Shell Recharge Solutions (BE),Hilversum,ChIJtUgEUpdsxkcRhh7doCAgPCY,2.8,2,"De laadpalen bevinden zich niet op de locatie die Google Maps aangeeft, maar op de parkeerplaats van de Karwei-winkel. Daar zijn ze alleen toegankelijk tijdens openingstijden, wat eerlijk gezegd een beetje onhandig is."
63769,Johan de Wittstraat 27,Shell Recharge Solutions (BE),Hilversum,ChIJtUgEUpdsxkcRhh7doCAgPCY,2.8,5,Deze charging station staat op het parkeerterrein van de Karwei achter slagbomen. Hierdoor buiten openingstijden van Karwei niet toegankelijk. Zie foto.
63769,Johan de Wittstraat 27,Shell Recharge Solutions (BE),Hilversum,ChIJtUgEUpdsxkcRhh7doCAgPCY,2.8,1,"Het terrein is snachts niet toegankelijk,  hierdoor niet kunnen laden."
63769,Johan de Wittstraat 27,Shell Recharge Solutions (BE),Hilversum,ChIJtUgEUpdsxkcRhh7doCAgPCY,2.8,1,Laadpaal niet toegankelijk
63769,Johan de Wittstraat 27,Shell Recharge Solutions (BE),Hilversum,ChIJtUgEUpdsxkcRhh7doCAgPCY,2.8,2,"De laadpalen bevinden zich niet op de locatie die Google Maps aangeeft, maar op de parkeerplaats van de Karwei-winkel. Daar zijn ze alleen toegankelijk tijdens openingstijden, wat eerlijk gezegd een beetje onhandig is."
63762,Veerstraat 1a,Shell Recharge Solutions (BE),Kaag en Braassem,ChIJ6XGmWkPExUcRyAqoc6iV3XI,3.4,5,"Mooie kleine laadlocatie, met twee laadpalen van max 160kw, aan de snelweg A4. Bij het tankstation kun je prima terecht voor een broodje en/of sanitaire stop. En direct naast het laadstation zit een Starbucks voor een heerlijke koffie. Goed om te weten; aan de andere kant van het tankstation zit ook nog een Fastned met meerdere laadpalen!"
63762,Veerstraat 1a,Shell Recharge Solutions (BE),Kaag en Braassem,ChIJ6XGmWkPExUcRyAqoc6iV3XI,3.4,2,"Twee shell EV laadpunten, beiden waren kapot op 1e kerstdag! De ene melde in het scherm ""excuses voor de overlast"", de andere bleek niet te werken; Na 5 keer opnieuw proberen bleef die mijn auto maar de schuld geven. Stukje verder was gelukkig nog een fastned plek, maar doordat de shell palen stuk waren was 't hier extra druk, en moesten we wachten tot er weer een poort vrij was. Helaas is ook hier de inrichting dermate onhandig dat wachten vrijwel onmogelijk is zonder al het verkeer te hinderen, en keren is sowieso niet te doen. Welke gek dit zo heeft ontworpen is mij een raadsel, maar het deugt niet; Paar parkeerplekjes minder en de laders iets meer ruimte geven en het is OK, maar de fastned locaties die dat begrepen hebben zijn voor heel NL op 1 hand te tellen. De EV-bezitter lijkt ook hier weer te worden weggemoffeld als 'n soort minder volk. Oh ja, en niet iedere EV is een tesla of een smart!"
63762,Veerstraat 1a,Shell Recharge Solutions (BE),Kaag en Braassem,ChIJ6XGmWkPExUcRyAqoc6iV3XI,3.4,3,"Prima laadpalen, maar staan slecht aangegeven. Als je de borden voor elektrisch laden volgt komt je uit bij Fastned. De laadpalen bevinden zich net na het tankstation, dus die moet je volgen (links aanhouden)."
63762,Veerstraat 1a,Shell Recharge Solutions (BE),Kaag en Braassem,ChIJ6XGmWkPExUcRyAqoc6iV3XI,3.4,1,Toiletbezoek met Rabobankcard lukt al tijden niet. Best lastig met hoge nood. Beetje jammer…..
63762,Veerstraat 1a,Shell Recharge Solutions (BE),Kaag en Braassem,ChIJ6XGmWkPExUcRyAqoc6iV3XI,3.4,5,"Inpluggen, straat oversteken naar Starbucks en een koffietje halen en dan door. Top plek voor een top-up"
63761,Kastanjelaan 1,EVBox,Hilversum,ChIJZfkU13trxkcRclKG9xrhXi0,5.0,5,"Fijne lader, lekker snel!"
63746,Seinpoststraat 14,Allego BV,Katwijk,ChIJmdIsuDG_xUcRrl5cjePiGoc,4.5,5,Het opladen ging hier prima (Type 2). Het werkt over het algemeen erg goed in Katwijk.
63746,Seinpoststraat 14,Allego BV,Katwijk,ChIJmdIsuDG_xUcRrl5cjePiGoc,4.5,4,Helaas wordt de doorgang vaak geblokkeerd door benzineauto's.
63701,Fastned Bospoort,FastNed,Leiderdorp,ChIJyc-hbkPExUcR1n550TiAf8U,4.3,1,Deze Fastnet (A4 Leiderdorp) is klein en nauw. Weinig oplaadpunten en met een busje en een auto met aanhanger was er bijna niet uit te komen. Je verwacht langs zo'n drukke snelweg een betere locatie. Mijn minst favoriete van alle Fastnets.
63701,Fastned Bospoort,FastNed,Leiderdorp,ChIJyc-hbkPExUcR1n550TiAf8U,4.3,5,150 kW laden. Kleine en smalle uitrit. Daadwerkelijke laadsnelheid wordt niet weergegeven op het kleurendisplay. En de 150 kW stickers linker laadpalen op de onzichtbare achterzijde plakken is wellicht te verbeteren. Tarieven duidelijk vermelden.
63701,Fastned Bospoort,FastNed,Leiderdorp,ChIJyc-hbkPExUcR1n550TiAf8U,4.3,5,"Lekker dicht bij benzinestation en Starbucks voor koffie, een broodje of toiletbezoek. Ook picknicktafels genoeg in de buurt. Goed opletten bij oprijden terrein anders sta je bij de gewone pomp."
63701,Fastned Bospoort,FastNed,Leiderdorp,ChIJyc-hbkPExUcR1n550TiAf8U,4.3,4,Prima snellader langs de snelweg. Tot op heden altijd direct kunnen laden zonder wachttijd. Tankshop en Starbucks op loopafstand
63701,Fastned Bospoort,FastNed,Leiderdorp,ChIJyc-hbkPExUcR1n550TiAf8U,4.3,5,De beste oplaadstations in Nederland. Verzorgde locaties met snelladers tot 300kw. De tarieven zijn hoog.
63686,Kerkdijk 5A,Allego BV,De Bilt,ChIJSWR4JF9oxkcRLU-PMKbvUgE,3.9,4,Doet wat tie moet doen. Wel onhandig dat de automaat niet kijkt welke auto de stekker ingestoken is en vervolgens vraagt welke stekker je wilt gebruiken zonder dat je dan kan zien of het de linker of rechter is.... Je raad het al: ik eindigde met gekruiste kabels
63686,Kerkdijk 5A,Allego BV,De Bilt,ChIJSWR4JF9oxkcRLU-PMKbvUgE,3.9,5,"2x 300 kw laders en 2x 50kw laders
Bij vd Valk ernaast even rustig een bakkie doen en weer op je route uitgerust."
63686,Kerkdijk 5A,Allego BV,De Bilt,ChIJSWR4JF9oxkcRLU-PMKbvUgE,3.9,1,Plek voor 4 bezet door drie autos
63686,Kerkdijk 5A,Allego BV,De Bilt,ChIJSWR4JF9oxkcRLU-PMKbvUgE,3.9,4,Snellader met 300 KW
63686,Kerkdijk 5A,Allego BV,De Bilt,ChIJSWR4JF9oxkcRLU-PMKbvUgE,3.9,3,"Werkte zoals verwacht, wel een beetje traag, maar dat kan aan een koude batterij hebben gelegen."
63681,Stuifzwam 2,Allego BV,Alphen aan den Rijn,ChIJo0EdU67bxUcR7YCtgeE8anc,1.0,1,Al een tijdje in storing! Zal tot half maart kunnen duren
63679,Junostraat 2,Allego BV,Leiden,ChIJRUqFQoDGxUcR-p6U9yMGZBg,3.0,3,Prima plek. Lekker makkelijk te bereiken en bijna altijd plek
63670,Waterloospolder,Shell Recharge Solutions (BE),Kaag en Braassem,ChIJ6XGmWkPExUcRyAqoc6iV3XI,3.4,5,"Mooie kleine laadlocatie, met twee laadpalen van max 160kw, aan de snelweg A4. Bij het tankstation kun je prima terecht voor een broodje en/of sanitaire stop. En direct naast het laadstation zit een Starbucks voor een heerlijke koffie. Goed om te weten; aan de andere kant van het tankstation zit ook nog een Fastned met meerdere laadpalen!"
63670,Waterloospolder,Shell Recharge Solutions (BE),Kaag en Braassem,ChIJ6XGmWkPExUcRyAqoc6iV3XI,3.4,2,"Twee shell EV laadpunten, beiden waren kapot op 1e kerstdag! De ene melde in het scherm ""excuses voor de overlast"", de andere bleek niet te werken; Na 5 keer opnieuw proberen bleef die mijn auto maar de schuld geven. Stukje verder was gelukkig nog een fastned plek, maar doordat de shell palen stuk waren was 't hier extra druk, en moesten we wachten tot er weer een poort vrij was. Helaas is ook hier de inrichting dermate onhandig dat wachten vrijwel onmogelijk is zonder al het verkeer te hinderen, en keren is sowieso niet te doen. Welke gek dit zo heeft ontworpen is mij een raadsel, maar het deugt niet; Paar parkeerplekjes minder en de laders iets meer ruimte geven en het is OK, maar de fastned locaties die dat begrepen hebben zijn voor heel NL op 1 hand te tellen. De EV-bezitter lijkt ook hier weer te worden weggemoffeld als 'n soort minder volk. Oh ja, en niet iedere EV is een tesla of een smart!"
63670,Waterloospolder,Shell Recharge Solutions (BE),Kaag en Braassem,ChIJ6XGmWkPExUcRyAqoc6iV3XI,3.4,3,"Prima laadpalen, maar staan slecht aangegeven. Als je de borden voor elektrisch laden volgt komt je uit bij Fastned. De laadpalen bevinden zich net na het tankstation, dus die moet je volgen (links aanhouden)."
63670,Waterloospolder,Shell Recharge Solutions (BE),Kaag en Braassem,ChIJ6XGmWkPExUcRyAqoc6iV3XI,3.4,1,Toiletbezoek met Rabobankcard lukt al tijden niet. Best lastig met hoge nood. Beetje jammer…..
63670,Waterloospolder,Shell Recharge Solutions (BE),Kaag en Braassem,ChIJ6XGmWkPExUcRyAqoc6iV3XI,3.4,5,"Inpluggen, straat oversteken naar Starbucks en een koffietje halen en dan door. Top plek voor een top-up"
63661,Zuideinde 141,Allego BV,Nieuwkoop,ChIJyXxT1gbZxUcRxXe4zz8fQTk,4.5,4,"Het is een grote gratis parkeerplaats en er is ook elektrisch parkeren, maar slechts 1"
63645,Brem 12,Allego BV,De Bilt,ChIJSWR4JF9oxkcRLU-PMKbvUgE,3.9,4,Doet wat tie moet doen. Wel onhandig dat de automaat niet kijkt welke auto de stekker ingestoken is en vervolgens vraagt welke stekker je wilt gebruiken zonder dat je dan kan zien of het de linker of rechter is.... Je raad het al: ik eindigde met gekruiste kabels
63645,Brem 12,Allego BV,De Bilt,ChIJSWR4JF9oxkcRLU-PMKbvUgE,3.9,5,"2x 300 kw laders en 2x 50kw laders
Bij vd Valk ernaast even rustig een bakkie doen en weer op je route uitgerust."
63645,Brem 12,Allego BV,De Bilt,ChIJSWR4JF9oxkcRLU-PMKbvUgE,3.9,1,Plek voor 4 bezet door drie autos
63645,Brem 12,Allego BV,De Bilt,ChIJSWR4JF9oxkcRLU-PMKbvUgE,3.9,4,Snellader met 300 KW
63645,Brem 12,Allego BV,De Bilt,ChIJSWR4JF9oxkcRLU-PMKbvUgE,3.9,3,"Werkte zoals verwacht, wel een beetje traag, maar dat kan aan een koude batterij hebben gelegen."
63643,Pieter Breughellaan 28,Allego BV,De Bilt,ChIJSWR4JF9oxkcRLU-PMKbvUgE,3.9,4,Doet wat tie moet doen. Wel onhandig dat de automaat niet kijkt welke auto de stekker ingestoken is en vervolgens vraagt welke stekker je wilt gebruiken zonder dat je dan kan zien of het de linker of rechter is.... Je raad het al: ik eindigde met gekruiste kabels
63643,Pieter Breughellaan 28,Allego BV,De Bilt,ChIJSWR4JF9oxkcRLU-PMKbvUgE,3.9,5,"2x 300 kw laders en 2x 50kw laders
Bij vd Valk ernaast even rustig een bakkie doen en weer op je route uitgerust."
63643,Pieter Breughellaan 28,Allego BV,De Bilt,ChIJSWR4JF9oxkcRLU-PMKbvUgE,3.9,1,Plek voor 4 bezet door drie autos
63643,Pieter Breughellaan 28,Allego BV,De Bilt,ChIJSWR4JF9oxkcRLU-PMKbvUgE,3.9,4,Snellader met 300 KW
63643,Pieter Breughellaan 28,Allego BV,De Bilt,ChIJSWR4JF9oxkcRLU-PMKbvUgE,3.9,3,"Werkte zoals verwacht, wel een beetje traag, maar dat kan aan een koude batterij hebben gelegen."
63641,Hans Memlinglaan 49,Allego BV,De Bilt,ChIJSWR4JF9oxkcRLU-PMKbvUgE,3.9,4,Doet wat tie moet doen. Wel onhandig dat de automaat niet kijkt welke auto de stekker ingestoken is en vervolgens vraagt welke stekker je wilt gebruiken zonder dat je dan kan zien of het de linker of rechter is.... Je raad het al: ik eindigde met gekruiste kabels
63641,Hans Memlinglaan 49,Allego BV,De Bilt,ChIJSWR4JF9oxkcRLU-PMKbvUgE,3.9,5,"2x 300 kw laders en 2x 50kw laders
Bij vd Valk ernaast even rustig een bakkie doen en weer op je route uitgerust."
63641,Hans Memlinglaan 49,Allego BV,De Bilt,ChIJSWR4JF9oxkcRLU-PMKbvUgE,3.9,1,Plek voor 4 bezet door drie autos
63641,Hans Memlinglaan 49,Allego BV,De Bilt,ChIJSWR4JF9oxkcRLU-PMKbvUgE,3.9,4,Snellader met 300 KW
63641,Hans Memlinglaan 49,Allego BV,De Bilt,ChIJSWR4JF9oxkcRLU-PMKbvUgE,3.9,3,"Werkte zoals verwacht, wel een beetje traag, maar dat kan aan een koude batterij hebben gelegen."
63626,Prins Hendrikstraat 69B,Allego BV,Alphen aan den Rijn,ChIJP7Z41vTbxUcRuMlHIHn0BnQ,1.0,1,Laden word regelmatig na 1 uur zonder reden gestopt.
63620,Copepad 55,Shell Recharge Solutions (BE),Alphen aan den Rijn,ChIJeU4w9BvbxUcR7I8b12cK5R4,3.7,2,Vaak een paal van de twee defect. Vandaag is één paal defect en de andere paal start niet op na de betalingsmethode te hebben geaccepteerd. Zegt direct dat de sessie is gestopt.
63620,Copepad 55,Shell Recharge Solutions (BE),Alphen aan den Rijn,ChIJeU4w9BvbxUcR7I8b12cK5R4,3.7,2,Met enige regelmaat dat een van de twee het niet meer doet. Nu vandaag werkte het scherm van de andere ook niet meer dus kon niet meer snel laden. Zelfs met support gebeld en er niet uitgekomen. In het vervolg zou het beter zijn de actuele status door te kunnen geven dat het hele snel laad station niet werkt
63620,Copepad 55,Shell Recharge Solutions (BE),Alphen aan den Rijn,ChIJeU4w9BvbxUcR7I8b12cK5R4,3.7,1,1 van de laadpalen is volgens mij al meer dan een maand defect en het is natuurlijk belachelijk dat er geen toilet beschikbaar is!
63620,Copepad 55,Shell Recharge Solutions (BE),Alphen aan den Rijn,ChIJeU4w9BvbxUcR7I8b12cK5R4,3.7,3,Tanken op dit moment is wat zuiniger hier alleen er is geen toilet helaas maar wel redelijk goedkopere koffie Haha 😜
63620,Copepad 55,Shell Recharge Solutions (BE),Alphen aan den Rijn,ChIJeU4w9BvbxUcR7I8b12cK5R4,3.7,4,Zo weer volle bak.
63618,Beatrixlaan 134,Allego BV,De Bilt,ChIJSWR4JF9oxkcRLU-PMKbvUgE,3.9,4,Doet wat tie moet doen. Wel onhandig dat de automaat niet kijkt welke auto de stekker ingestoken is en vervolgens vraagt welke stekker je wilt gebruiken zonder dat je dan kan zien of het de linker of rechter is.... Je raad het al: ik eindigde met gekruiste kabels
63618,Beatrixlaan 134,Allego BV,De Bilt,ChIJSWR4JF9oxkcRLU-PMKbvUgE,3.9,5,"2x 300 kw laders en 2x 50kw laders
Bij vd Valk ernaast even rustig een bakkie doen en weer op je route uitgerust."
63618,Beatrixlaan 134,Allego BV,De Bilt,ChIJSWR4JF9oxkcRLU-PMKbvUgE,3.9,1,Plek voor 4 bezet door drie autos
63618,Beatrixlaan 134,Allego BV,De Bilt,ChIJSWR4JF9oxkcRLU-PMKbvUgE,3.9,4,Snellader met 300 KW
63618,Beatrixlaan 134,Allego BV,De Bilt,ChIJSWR4JF9oxkcRLU-PMKbvUgE,3.9,3,"Werkte zoals verwacht, wel een beetje traag, maar dat kan aan een koude batterij hebben gelegen."
63611,Aartsbisschop Romerostraat 423,eNovates,Utrecht,ChIJ5bJyXFxvxkcRy-0W2BDI8TA,5.0,5,"300 kW
2xCCS"
63610,Lester Pearsonweg 22,Allego BV,De Bilt,ChIJSWR4JF9oxkcRLU-PMKbvUgE,3.9,4,Doet wat tie moet doen. Wel onhandig dat de automaat niet kijkt welke auto de stekker ingestoken is en vervolgens vraagt welke stekker je wilt gebruiken zonder dat je dan kan zien of het de linker of rechter is.... Je raad het al: ik eindigde met gekruiste kabels
63610,Lester Pearsonweg 22,Allego BV,De Bilt,ChIJSWR4JF9oxkcRLU-PMKbvUgE,3.9,5,"2x 300 kw laders en 2x 50kw laders
Bij vd Valk ernaast even rustig een bakkie doen en weer op je route uitgerust."
63610,Lester Pearsonweg 22,Allego BV,De Bilt,ChIJSWR4JF9oxkcRLU-PMKbvUgE,3.9,1,Plek voor 4 bezet door drie autos
63610,Lester Pearsonweg 22,Allego BV,De Bilt,ChIJSWR4JF9oxkcRLU-PMKbvUgE,3.9,4,Snellader met 300 KW
63610,Lester Pearsonweg 22,Allego BV,De Bilt,ChIJSWR4JF9oxkcRLU-PMKbvUgE,3.9,3,"Werkte zoals verwacht, wel een beetje traag, maar dat kan aan een koude batterij hebben gelegen."
63606,Loevenhoutsedijk 335,eNovates,Utrecht,ChIJ5bJyXFxvxkcRy-0W2BDI8TA,5.0,5,"300 kW
2xCCS"
63600,Park Arenberg 54,Allego BV,De Bilt,ChIJSWR4JF9oxkcRLU-PMKbvUgE,3.9,4,Doet wat tie moet doen. Wel onhandig dat de automaat niet kijkt welke auto de stekker ingestoken is en vervolgens vraagt welke stekker je wilt gebruiken zonder dat je dan kan zien of het de linker of rechter is.... Je raad het al: ik eindigde met gekruiste kabels
63600,Park Arenberg 54,Allego BV,De Bilt,ChIJSWR4JF9oxkcRLU-PMKbvUgE,3.9,5,"2x 300 kw laders en 2x 50kw laders
Bij vd Valk ernaast even rustig een bakkie doen en weer op je route uitgerust."
63600,Park Arenberg 54,Allego BV,De Bilt,ChIJSWR4JF9oxkcRLU-PMKbvUgE,3.9,1,Plek voor 4 bezet door drie autos
63600,Park Arenberg 54,Allego BV,De Bilt,ChIJSWR4JF9oxkcRLU-PMKbvUgE,3.9,4,Snellader met 300 KW
63600,Park Arenberg 54,Allego BV,De Bilt,ChIJSWR4JF9oxkcRLU-PMKbvUgE,3.9,3,"Werkte zoals verwacht, wel een beetje traag, maar dat kan aan een koude batterij hebben gelegen."
63599,Dorpsstraat vanouds Steenstraat 34A,Allego BV,De Bilt,ChIJSWR4JF9oxkcRLU-PMKbvUgE,3.9,4,Doet wat tie moet doen. Wel onhandig dat de automaat niet kijkt welke auto de stekker ingestoken is en vervolgens vraagt welke stekker je wilt gebruiken zonder dat je dan kan zien of het de linker of rechter is.... Je raad het al: ik eindigde met gekruiste kabels
63599,Dorpsstraat vanouds Steenstraat 34A,Allego BV,De Bilt,ChIJSWR4JF9oxkcRLU-PMKbvUgE,3.9,5,"2x 300 kw laders en 2x 50kw laders
Bij vd Valk ernaast even rustig een bakkie doen en weer op je route uitgerust."
63599,Dorpsstraat vanouds Steenstraat 34A,Allego BV,De Bilt,ChIJSWR4JF9oxkcRLU-PMKbvUgE,3.9,1,Plek voor 4 bezet door drie autos
63599,Dorpsstraat vanouds Steenstraat 34A,Allego BV,De Bilt,ChIJSWR4JF9oxkcRLU-PMKbvUgE,3.9,4,Snellader met 300 KW
63599,Dorpsstraat vanouds Steenstraat 34A,Allego BV,De Bilt,ChIJSWR4JF9oxkcRLU-PMKbvUgE,3.9,3,"Werkte zoals verwacht, wel een beetje traag, maar dat kan aan een koude batterij hebben gelegen."
63595,Paddenstoelenlaan 1,eNovates,Utrecht,ChIJ5bJyXFxvxkcRy-0W2BDI8TA,5.0,5,"300 kW
2xCCS"
63591,Wilhelminalaan 37,Allego BV,De Bilt,ChIJSWR4JF9oxkcRLU-PMKbvUgE,3.9,4,Doet wat tie moet doen. Wel onhandig dat de automaat niet kijkt welke auto de stekker ingestoken is en vervolgens vraagt welke stekker je wilt gebruiken zonder dat je dan kan zien of het de linker of rechter is.... Je raad het al: ik eindigde met gekruiste kabels
63591,Wilhelminalaan 37,Allego BV,De Bilt,ChIJSWR4JF9oxkcRLU-PMKbvUgE,3.9,5,"2x 300 kw laders en 2x 50kw laders
Bij vd Valk ernaast even rustig een bakkie doen en weer op je route uitgerust."
63591,Wilhelminalaan 37,Allego BV,De Bilt,ChIJSWR4JF9oxkcRLU-PMKbvUgE,3.9,1,Plek voor 4 bezet door drie autos
63591,Wilhelminalaan 37,Allego BV,De Bilt,ChIJSWR4JF9oxkcRLU-PMKbvUgE,3.9,4,Snellader met 300 KW
63591,Wilhelminalaan 37,Allego BV,De Bilt,ChIJSWR4JF9oxkcRLU-PMKbvUgE,3.9,3,"Werkte zoals verwacht, wel een beetje traag, maar dat kan aan een koude batterij hebben gelegen."
63590,Utrechtseweg 419,Allego BV,De Bilt,ChIJSWR4JF9oxkcRLU-PMKbvUgE,3.9,4,Doet wat tie moet doen. Wel onhandig dat de automaat niet kijkt welke auto de stekker ingestoken is en vervolgens vraagt welke stekker je wilt gebruiken zonder dat je dan kan zien of het de linker of rechter is.... Je raad het al: ik eindigde met gekruiste kabels
63590,Utrechtseweg 419,Allego BV,De Bilt,ChIJSWR4JF9oxkcRLU-PMKbvUgE,3.9,5,"2x 300 kw laders en 2x 50kw laders
Bij vd Valk ernaast even rustig een bakkie doen en weer op je route uitgerust."
63590,Utrechtseweg 419,Allego BV,De Bilt,ChIJSWR4JF9oxkcRLU-PMKbvUgE,3.9,1,Plek voor 4 bezet door drie autos
63590,Utrechtseweg 419,Allego BV,De Bilt,ChIJSWR4JF9oxkcRLU-PMKbvUgE,3.9,4,Snellader met 300 KW
63590,Utrechtseweg 419,Allego BV,De Bilt,ChIJSWR4JF9oxkcRLU-PMKbvUgE,3.9,3,"Werkte zoals verwacht, wel een beetje traag, maar dat kan aan een koude batterij hebben gelegen."
63582,Vleutenseweg 60,Shell Recharge Solutions (BE),Utrecht,ChIJ1ez-N29vxkcRkKQNf-TF1Ms,1.0,1,"Geen ster waardig k kreeg mijn laadstekker niet uit de paal. De desbetreffende persoon van de storing dienst. Kon me niet helpen... Sta je daar met een stekker. Moest het maar aan de basic fit vragen.... Of EVBox bellen, die niet bereikbaar zijn, en je doorverwijzen naar het stotingsnr. Daarna wil de meneer mij niet meer te woord staan omdat ik boos deed... (Belde voor de tweede keer, aangezien ik daar nog steeds stond....zonder hulp) Vind je het gek. Mn auto moet opgeladen worden... En mn stekker zit vast."
63581,Vlaskamp 412,Alfen,Den Haag,ChIJO2iHH063xUcRotHvBGJ8AaI,4.0,5,"Beste laadpaal evvverrrr
De stroom kwam er perfect uit, gleed zo door mn combi stekker mn accu in, wat een feest! Als ik 10 sterren had kunnen geven had ik het gedaan!"
63581,Vlaskamp 412,Alfen,Den Haag,ChIJO2iHH063xUcRotHvBGJ8AaI,4.0,5,"Werkt altijd , meestal voldoende laadplekken. Je merkt wel dat het drukker wordt de laatste tijd maar dat is alleen maar goed nieuws voor fastned. Prijzen aan de hoge kant, maar dat is inherent aan het snelladen. In elk geval de prijs waard t.o.v. de meeste concurrenten"
63581,Vlaskamp 412,Alfen,Den Haag,ChIJO2iHH063xUcRotHvBGJ8AaI,4.0,1,Deed niks. Reageerde niet op label. Dan maar via QR naar website. Laadde ook niet
63581,Vlaskamp 412,Alfen,Den Haag,ChIJO2iHH063xUcRotHvBGJ8AaI,4.0,1,"2 palen, laden start, maar wordt kort daarna gestopt.
Verderop bij allego geen probleem."
63581,Vlaskamp 412,Alfen,Den Haag,ChIJO2iHH063xUcRotHvBGJ8AaI,4.0,5,Geweldig dat Fastned elektrisch rijden veel gemakkelijker maakt met zulke stations in Nederland en straks hopelijk ook in heel Europa!
63539,Claudiuslaan 86,Shell Recharge Solutions (BE),Utrecht,ChIJgS8MR01lxkcRJTFnk9VXXxc,4.0,3,Handig als je moet plassen.
63539,Claudiuslaan 86,Shell Recharge Solutions (BE),Utrecht,ChIJgS8MR01lxkcRJTFnk9VXXxc,4.0,5,Leuk
63536,Waardsedijk,EVBox,Woerden,ChIJZc8pO9J5xkcRoIboHEgHeEk,4.3,4,"Gratis, dus ik klaag niet, maar er kan maar 1 auto tegelijk opladen. CCS, CHAdeMO, en Mennekes type 2 stekkers zijn aanwezig. Ook kan iedereen jouw sessie beëindigen, omdat je sessie niet gelocked is (door bijv. swipen met een pasje)."
63536,Waardsedijk,EVBox,Woerden,ChIJZc8pO9J5xkcRoIboHEgHeEk,4.3,5,Oplader doet het weer
63536,Waardsedijk,EVBox,Woerden,ChIJZc8pO9J5xkcRoIboHEgHeEk,4.3,4,"Fijne gratis laadservice van 50 kW, erg populair!

Helaas zijn de kabels te kort, of de paalpositie is niet optimaal.

Helaas geen type 2-laders... (hopelijk komen die er snel, hint hint)"
63509,Mozartlaan 247,Alfen,Den Haag,ChIJqRz2UaWxxUcRGMt5W6kBD64,3.7,5,Prima plek!!
63509,Mozartlaan 247,Alfen,Den Haag,ChIJqRz2UaWxxUcRGMt5W6kBD64,3.7,4,Prijs kan beter
63509,Mozartlaan 247,Alfen,Den Haag,ChIJqRz2UaWxxUcRGMt5W6kBD64,3.7,3,Google denkt dat deze locatie gesloten is nadat fastned daar weg is
63509,Mozartlaan 247,Alfen,Den Haag,ChIJqRz2UaWxxUcRGMt5W6kBD64,3.7,2,Duur
63509,Mozartlaan 247,Alfen,Den Haag,ChIJqRz2UaWxxUcRGMt5W6kBD64,3.7,3,Max 30 kWh snelheid :(
63489,de Bleek 6,EVBox,Woerden,ChIJZc8pO9J5xkcRoIboHEgHeEk,4.3,4,"Gratis, dus ik klaag niet, maar er kan maar 1 auto tegelijk opladen. CCS, CHAdeMO, en Mennekes type 2 stekkers zijn aanwezig. Ook kan iedereen jouw sessie beëindigen, omdat je sessie niet gelocked is (door bijv. swipen met een pasje)."
63489,de Bleek 6,EVBox,Woerden,ChIJZc8pO9J5xkcRoIboHEgHeEk,4.3,5,Oplader doet het weer
63489,de Bleek 6,EVBox,Woerden,ChIJZc8pO9J5xkcRoIboHEgHeEk,4.3,4,"Fijne gratis laadservice van 50 kW, erg populair!

Helaas zijn de kabels te kort, of de paalpositie is niet optimaal.

Helaas geen type 2-laders... (hopelijk komen die er snel, hint hint)"
63487,B. Thoenplantsoen 32,Alfen,Den Haag,ChIJIyx-uHaxxUcR_V0hktMzLuQ,5.0,5,Mooie plek om te laden. Gelijk naast bouwmarkt.
63480,Orpheuslaan 54,Allego BV,Nieuwegein,ChIJARQGfE1lxkcRq8Orx9PUaLk,5.0,5,Mijn docent laat hier z'n auto vaak staan. Gewoon prima denk ik dan
63478,'s-Gravenbroekseweg 25,EVBox,Bodegraven-Reeuwijk,ChIJraavSCDXxUcR2EZ6f6wn5HA,1.0,1,"Ongelofelijk dat een partij als landal zich verbind aan een partij als EVbox. Ook hier weer opladers die niet werken (inherent aan EVbox) en ook nog een voor een belachelijk tarief, snelladen aan de snelweg is nog goedkoper.

Landal, schaam je."
63476,Amsterdamseweg 53,EVBox,Amersfoort,ChIJtfXuBCBExkcRZ3lc5QolNfA,1.0,1,"4  publieke laadpunten in parkeergarage  koesteeg 1 van deze 3 is al een maand defect en de overige 3 worden permanent in beslag genomen door telkens dezelfde hybrides
Beetje jammer dat deze egoisten andere gebruikers dit niet gunnen."
63474,Harplaan 7,Allego BV,Nieuwegein,ChIJwVf87VJkxkcRetvcCtnRpv4,5.0,5,"Ik heb geen auto maar ik vind deze plek er cool uitzien, er zitten ook wat eenden in de buurt soms"
63466,Richterslaan 54,Allego BV,Nieuwegein,ChIJwVf87VJkxkcRetvcCtnRpv4,5.0,5,"Ik heb geen auto maar ik vind deze plek er cool uitzien, er zitten ook wat eenden in de buurt soms"
63464,Herenstraat 53,Allego BV,Nieuwegein,ChIJwVf87VJkxkcRetvcCtnRpv4,5.0,5,"Ik heb geen auto maar ik vind deze plek er cool uitzien, er zitten ook wat eenden in de buurt soms"
63453,Coenecoop 85B,Shell Recharge Solutions (BE),Waddinxveen,ChIJN1WVHgjRxUcRSmvoQ_Z9Yco,4.8,5,"Momenteel een van de snelste laders in Waddinxveen.
50 kWh met CCS en ChaDeMo aansluitingen
Makkelijk bereikbare lader met mogelijkheden om een goede kop koffie en een lekker broodje te halen in de Shell Shop"
63453,Coenecoop 85B,Shell Recharge Solutions (BE),Waddinxveen,ChIJN1WVHgjRxUcRSmvoQ_Z9Yco,4.8,5,Zeer fijn dat er een snellader is in het dorp!
63435,Kruisvaardersland 41,Allego BV,Houten,ChIJDQ-CWxtnxkcRP93f0PFXPAw,3.0,5,"Twee goede oplaadplaatsen in de wijk. Ik ben van mening dat er veel meer oplaadplaatsen moeten komen omdat het electrische wagenpark zich in de week aan het uitbreiden is. Als iedere bestuurder waarvan zijn accu is opgeladen zijn auto verwijderd kunnen ook de andere buurtgenoten laden. Gelukkig wordt hier doorgaans wel rekening mee gehouden.

Alleen de laadtarieven zijn erg hoog! Als ik mijn accu vol oplaadt in Den Dolder ben ik 50% van de kosten kwijt dan wanneer ik hem oplaadt aan het Geuzenland. Daar kan nog wel wat in verbeteren als ze elektrische rijden willen stimuleren."
63435,Kruisvaardersland 41,Allego BV,Houten,ChIJDQ-CWxtnxkcRP93f0PFXPAw,3.0,1,rij is nou met een gas auto tesla liefhebbers zelfs mijn vriend waar ik een foto van stuur vindt het ook zo gas is gewoon better
63407,Westervoortsedijk 73-VB,Allego BV,Arnhem,ChIJL47ZDbqlx0cRAIXn4LHsnwY,4.0,4,goed om te hebben
63405,Schaepmanstraat 1,Allego BV,IJsselstein,ChIJPzj_xbtkxkcR6K39gGig4-k,5.0,5,Goed!
63305,Sevillaweg 142,Shell Recharge Solutions (BE),Rotterdam,ChIJg-uG5880xEcR-6QFfDzKVVI,3.3,1,Nog net geen euro per KWh betaald; echt heel veel teveel.
63305,Sevillaweg 142,Shell Recharge Solutions (BE),Rotterdam,ChIJg-uG5880xEcR-6QFfDzKVVI,3.3,4,Gelegen bij de parkeerplaats van een Shell-station. Makkelijk te vinden en werkte prima. Er is echter niet veel te doen in de buurt.
63303,Esdoorndreef 114,EVBox,Vlaardingen,ChIJgXg7IMlKxEcR2gP9ptfDGqY,5.0,5,Goede oplaad locatie
63278,Laan van Hooglede 19,EVBox,Vlaardingen,ChIJKafvYdRLxEcR_F60QbLlG1k,5.0,5,"Werkt prima, mooie plek."
63270,Prins Bernhardlaan 43,EVBox,Vlaardingen,ChIJKafvYdRLxEcR_F60QbLlG1k,5.0,5,"Werkt prima, mooie plek."
63260,Irisstraat 1,EVBox,Vlaardingen,ChIJKafvYdRLxEcR_F60QbLlG1k,5.0,5,"Werkt prima, mooie plek."
63257,Van Beverenstraat 2A,EVBox,Schiedam,ChIJh5_9ims1xEcRKZ2be8ZnWxw,1.0,1,Op 18 julli was deze laadpaal niet toegankelijk door werkzaamheden.
63250,Gedempte Biersloot 3,EVBox,Vlaardingen,ChIJKafvYdRLxEcR_F60QbLlG1k,5.0,5,"Werkt prima, mooie plek."
63249,Ambonlaan 24,EVBox,Vlaardingen,ChIJKafvYdRLxEcR_F60QbLlG1k,5.0,5,"Werkt prima, mooie plek."
63247,Fastned Blommendaal,FastNed,Zederik,ChIJxz5-4vmHxkcRetm4NYPLnrs,4.3,5,"Sneeuw, en ik kan nog steeds met 240 kW opladen. Fijn."
63247,Fastned Blommendaal,FastNed,Zederik,ChIJxz5-4vmHxkcRetm4NYPLnrs,4.3,5,"Laadstation is prima, echter de weg naar het laadstation is gevaarlijk. Er zit een hele diepe kuil aan de linkerkant die je echt moet vermijden!!! Vooral in het donker slecht te zien dus wees voorzichtig."
63247,Fastned Blommendaal,FastNed,Zederik,ChIJxz5-4vmHxkcRetm4NYPLnrs,4.3,5,"Gemakkelijk te vinden, makkelijk te laden"
63247,Fastned Blommendaal,FastNed,Zederik,ChIJxz5-4vmHxkcRetm4NYPLnrs,4.3,5,"Shell was bezet, Fastned rustig. Groot parkeerterrein om een rondje te lopen. 4x 150kw. Gaat lekker dus."
63247,Fastned Blommendaal,FastNed,Zederik,ChIJxz5-4vmHxkcRetm4NYPLnrs,4.3,5,Het was m'n eerste ervaring met Fastned. In het begin even moeite met aanmelden maar toen het eenmaal gelukt was ging het als een speer. Super.
63243,Hofsingel 33,EVBox,Vlaardingen,ChIJKafvYdRLxEcR_F60QbLlG1k,5.0,5,"Werkt prima, mooie plek."
63240,Rochus Meeuwiszweg 43,EVBox,Brielle,ChIJM72ERXhNxEcRZgO5N3JjgE8,4.0,4,Om in te leven. Rustig...
63229,Industrieweg 14,Ecotap,Vlaardingen,ChIJnQOwpVk1xEcRDLv7rI_1-dk,4.0,4,"Een handige oplaadpaal voor elektrische fietsen en scooters precies tussen de sportschool en de sauna in op een looppad dat zich bevindt tussen de prinses Beatrixlaan en de Groenoordstraat.
Je kunt hier maximaal één uur laden maar dat is genoeg voor je fiets of scooter.
Ik had nog nooit zo een laadpaal gezien, maar mijn oog viel erop omdat ik een hybride auto heb en zelf dus ook graag aan het opladen ben.
Ideaal dus voor de bezoekers van de sportschool die hier niet urenlanglang vertoeven zoals de bezoekers van de Sauna Thermen."
63219,Bakkersoordsekade 38,Ecotap,Rotterdam,ChIJnQOwpVk1xEcRDLv7rI_1-dk,4.0,4,"Een handige oplaadpaal voor elektrische fietsen en scooters precies tussen de sportschool en de sauna in op een looppad dat zich bevindt tussen de prinses Beatrixlaan en de Groenoordstraat.
Je kunt hier maximaal één uur laden maar dat is genoeg voor je fiets of scooter.
Ik had nog nooit zo een laadpaal gezien, maar mijn oog viel erop omdat ik een hybride auto heb en zelf dus ook graag aan het opladen ben.
Ideaal dus voor de bezoekers van de sportschool die hier niet urenlanglang vertoeven zoals de bezoekers van de Sauna Thermen."
63212,Markstraat 116,EVBox,Ridderkerk,ChIJK-KCvI4txEcRFAwsPghZpAc,3.0,1,Snellader accepteert veel bekende laadpassen niet. Zinloos om hier heen te rijden als je snel wilt laden.
63212,Markstraat 116,EVBox,Ridderkerk,ChIJK-KCvI4txEcRFAwsPghZpAc,3.0,5,"Prima laadstation. Blij dat ie er is want ik moet nogal eens in de buurt zijn, en deze doet (op datum van review) 190 kW."
63208,Brahmsstraat 1,EVBox,Ridderkerk,ChIJK-KCvI4txEcRFAwsPghZpAc,3.0,1,Snellader accepteert veel bekende laadpassen niet. Zinloos om hier heen te rijden als je snel wilt laden.
63208,Brahmsstraat 1,EVBox,Ridderkerk,ChIJK-KCvI4txEcRFAwsPghZpAc,3.0,5,"Prima laadstation. Blij dat ie er is want ik moet nogal eens in de buurt zijn, en deze doet (op datum van review) 190 kW."
63198,Mozartstraat 55,EVBox,Ridderkerk,ChIJK-KCvI4txEcRFAwsPghZpAc,3.0,1,Snellader accepteert veel bekende laadpassen niet. Zinloos om hier heen te rijden als je snel wilt laden.
63198,Mozartstraat 55,EVBox,Ridderkerk,ChIJK-KCvI4txEcRFAwsPghZpAc,3.0,5,"Prima laadstation. Blij dat ie er is want ik moet nogal eens in de buurt zijn, en deze doet (op datum van review) 190 kW."
63183,Sleedoornlaan 17,EVBox,Ridderkerk,ChIJK-KCvI4txEcRFAwsPghZpAc,3.0,1,Snellader accepteert veel bekende laadpassen niet. Zinloos om hier heen te rijden als je snel wilt laden.
63183,Sleedoornlaan 17,EVBox,Ridderkerk,ChIJK-KCvI4txEcRFAwsPghZpAc,3.0,5,"Prima laadstation. Blij dat ie er is want ik moet nogal eens in de buurt zijn, en deze doet (op datum van review) 190 kW."
63176,Driemanssteeweg 188,Shell Recharge Solutions (BE),Rotterdam,ChIJg-uG5880xEcR-6QFfDzKVVI,3.3,1,Nog net geen euro per KWh betaald; echt heel veel teveel.
63176,Driemanssteeweg 188,Shell Recharge Solutions (BE),Rotterdam,ChIJg-uG5880xEcR-6QFfDzKVVI,3.3,4,Gelegen bij de parkeerplaats van een Shell-station. Makkelijk te vinden en werkte prima. Er is echter niet veel te doen in de buurt.
63174,Putteweye 3,EVBox,Heenvliet,ChIJU_nMAh1MxEcRUvuYFvAsAMY,5.0,5,Erg leuk!
63172,Brasem 275,EVBox,Ridderkerk,ChIJK-KCvI4txEcRFAwsPghZpAc,3.0,1,Snellader accepteert veel bekende laadpassen niet. Zinloos om hier heen te rijden als je snel wilt laden.
63172,Brasem 275,EVBox,Ridderkerk,ChIJK-KCvI4txEcRFAwsPghZpAc,3.0,5,"Prima laadstation. Blij dat ie er is want ik moet nogal eens in de buurt zijn, en deze doet (op datum van review) 190 kW."
63170,Meerkoet 2,EVBox,Ridderkerk,ChIJK-KCvI4txEcRFAwsPghZpAc,3.0,1,Snellader accepteert veel bekende laadpassen niet. Zinloos om hier heen te rijden als je snel wilt laden.
63170,Meerkoet 2,EVBox,Ridderkerk,ChIJK-KCvI4txEcRFAwsPghZpAc,3.0,5,"Prima laadstation. Blij dat ie er is want ik moet nogal eens in de buurt zijn, en deze doet (op datum van review) 190 kW."
63155,Pruimendijk 332,EVBox,Ridderkerk,ChIJK-KCvI4txEcRFAwsPghZpAc,3.0,1,Snellader accepteert veel bekende laadpassen niet. Zinloos om hier heen te rijden als je snel wilt laden.
63155,Pruimendijk 332,EVBox,Ridderkerk,ChIJK-KCvI4txEcRFAwsPghZpAc,3.0,5,"Prima laadstation. Blij dat ie er is want ik moet nogal eens in de buurt zijn, en deze doet (op datum van review) 190 kW."
63151,Oranjestraat 36a,Shell Recharge Solutions (BE),Barendrecht,ChIJJVEVo30xxEcRe1DmYQhbkAI,2.6,1,"De snellader is na sluitingstijd van de Karwei niet meer bereikbaar, omdat het parkeerterrein wordt afgesloten. Door domme pech met timing stond ik vast op het parkeerterrein en kostte dat me een vermogen aan een taxirit naar huis, omdat niemand het hek kon openen."
63151,Oranjestraat 36a,Shell Recharge Solutions (BE),Barendrecht,ChIJJVEVo30xxEcRe1DmYQhbkAI,2.6,1,"NO RECHARGE
LOCATIE =
KARWEI BARENDRECHT"
63151,Oranjestraat 36a,Shell Recharge Solutions (BE),Barendrecht,ChIJJVEVo30xxEcRe1DmYQhbkAI,2.6,5,"Bij mij, tijdens openingsuren, werkte deze goed!"
63151,Oranjestraat 36a,Shell Recharge Solutions (BE),Barendrecht,ChIJJVEVo30xxEcRe1DmYQhbkAI,2.6,1,"De oplader is goed en snel, maar de PowerGoodies-app gaf aan dat deze om 19:00 uur sluit.

De oplader bevindt zich op de parkeerplaats van Karwei, waar niet alleen de winkel, maar ook de poort om 18:00 uur op zaterdag sluit, waardoor ik mijn auto niet kan ophalen.

Ik vraag me af wie de kosten gaat betalen voor iemand die 120 km moet rijden om mij op te halen en de volgende dag terug te komen om mijn auto op te halen?

Kijk maar naar de recensies, dit is niet de eerste keer.

Shell, dit is onacceptabel!"
63151,Oranjestraat 36a,Shell Recharge Solutions (BE),Barendrecht,ChIJJVEVo30xxEcRe1DmYQhbkAI,2.6,4,"Het is prettig om zulke snelladers in het stadscentrum te vinden, maar wel dicht bij de snelweg en met veel winkels in de buurt.

Handig."
63123,Kweeklust,Allego BV,Gorinchem,ChIJg9EXmQeGxkcR9fx15gpO8Qk,2.5,3,"Ruime plaatsen, goed aangegeven."
63123,Kweeklust,Allego BV,Gorinchem,ChIJg9EXmQeGxkcR9fx15gpO8Qk,2.5,2,"De ene dag kon ik prima opladen, er waren genoeg vrije plekken. De andere dag lukte dat niet, omdat 2 van de 6 laadplekken bezet waren door auto's die niet aangesloten waren.
Nog een nadeel: ik vind het opladen duur in vergelijking met andere openbare laadstations."
63120,A15 Fastned Den Bout Hardinxveld-Noord,FastNed,Hardinxveld-Giessendam,ChIJu2eV7gCExkcRvpOdD3nJs_A,4.2,5,"Even de bus geladen en door, 4 mooie ruime plaatsen om te laden. no problemo😄"
63120,A15 Fastned Den Bout Hardinxveld-Noord,FastNed,Hardinxveld-Giessendam,ChIJu2eV7gCExkcRvpOdD3nJs_A,4.2,4,Ver van de benzinepomp en dus koffie. Verder ok.
63120,A15 Fastned Den Bout Hardinxveld-Noord,FastNed,Hardinxveld-Giessendam,ChIJu2eV7gCExkcRvpOdD3nJs_A,4.2,2,Helaas is 150kw gewoon te traag
63120,A15 Fastned Den Bout Hardinxveld-Noord,FastNed,Hardinxveld-Giessendam,ChIJu2eV7gCExkcRvpOdD3nJs_A,4.2,5,"FastNed is de beste, snelste en prettigste ! Er moeten veel meer FastNed stations komen !"
63120,A15 Fastned Den Bout Hardinxveld-Noord,FastNed,Hardinxveld-Giessendam,ChIJu2eV7gCExkcRvpOdD3nJs_A,4.2,3,Meest vindbare snelladers voor mijn bakken electra slurpende Peugeot e2008 GT
63119,Zalmhaak 11,Shell Recharge Solutions (BE),Papendrecht,ChIJhWw-Q5opxEcROzpkdWud7PY,4.0,4,"Nette snelle laadpaal, zonder afdak, en vrij korte aansluitkabel, je kan niet links parkeren en dan links opladen; dus opletten of je vooruit of achteruit moet parkeren. Ook uitkijken met wegrijden wegens 1-richtingsverkeer: je moet tussen de tankzuilen door richting Papendrecht wegrijden en dan eventueel bij de eerste kruising omdraaien."
63117,Watermolen 66,Shell Recharge Solutions (BE),Papendrecht,ChIJhWw-Q5opxEcROzpkdWud7PY,4.0,4,"Nette snelle laadpaal, zonder afdak, en vrij korte aansluitkabel, je kan niet links parkeren en dan links opladen; dus opletten of je vooruit of achteruit moet parkeren. Ook uitkijken met wegrijden wegens 1-richtingsverkeer: je moet tussen de tankzuilen door richting Papendrecht wegrijden en dan eventueel bij de eerste kruising omdraaien."
63116,Anne Frankstraat 103,Shell Recharge Solutions (BE),Nissewaard,ChIJmzLbuH1JxEcR6Ey1dhqTaGg,4.0,5,"Voor de beheerders: de locatie op Google Maps klopt niet helemaal. De laadlocatie bevindt zich tegenover de KeukenKampioen, aan het begin van het winkelcentrumterrein vanaf de Sportlaan/Lucebertstraat, aan de linkerkant, in plaats van aan het einde van het terrein zoals momenteel staat aangegeven.

Het laden gaat snel en alles verloopt soepel: aanmelden, het proces doorlopen en beëindigen."
63116,Anne Frankstraat 103,Shell Recharge Solutions (BE),Nissewaard,ChIJmzLbuH1JxEcR6Ey1dhqTaGg,4.0,3,"75kw maximale laadsnelheid als er iemand naast je staat, 150 als je alleen staat. Waarom zo'n langzame oplossing neerzetten? Is niet erg toekomstvast. Jammer, gemiste kans. Laadsnelheden van de auto's worden alleen maar hoger."
63116,Anne Frankstraat 103,Shell Recharge Solutions (BE),Nissewaard,ChIJmzLbuH1JxEcR6Ey1dhqTaGg,4.0,3,De beschikbaarheid komt niet overeen. Er is geen snellader beschikbaar .. dus nu sta ik bij een langzame lader... Met de minst snel oplaadbare auto. Dat wordt koffie drinken...
63107,Oude Veerdam 4,Shell Recharge Solutions (BE),Nissewaard,ChIJmzLbuH1JxEcR6Ey1dhqTaGg,4.0,5,"Voor de beheerders: de locatie op Google Maps klopt niet helemaal. De laadlocatie bevindt zich tegenover de KeukenKampioen, aan het begin van het winkelcentrumterrein vanaf de Sportlaan/Lucebertstraat, aan de linkerkant, in plaats van aan het einde van het terrein zoals momenteel staat aangegeven.

Het laden gaat snel en alles verloopt soepel: aanmelden, het proces doorlopen en beëindigen."
63107,Oude Veerdam 4,Shell Recharge Solutions (BE),Nissewaard,ChIJmzLbuH1JxEcR6Ey1dhqTaGg,4.0,3,"75kw maximale laadsnelheid als er iemand naast je staat, 150 als je alleen staat. Waarom zo'n langzame oplossing neerzetten? Is niet erg toekomstvast. Jammer, gemiste kans. Laadsnelheden van de auto's worden alleen maar hoger."
63107,Oude Veerdam 4,Shell Recharge Solutions (BE),Nissewaard,ChIJmzLbuH1JxEcR6Ey1dhqTaGg,4.0,3,De beschikbaarheid komt niet overeen. Er is geen snellader beschikbaar .. dus nu sta ik bij een langzame lader... Met de minst snel oplaadbare auto. Dat wordt koffie drinken...
60607,Marlot II,Alfen,The Hague,ChIJO2iHH063xUcRotHvBGJ8AaI,4.0,5,"Beste laadpaal evvverrrr
De stroom kwam er perfect uit, gleed zo door mn combi stekker mn accu in, wat een feest! Als ik 10 sterren had kunnen geven had ik het gedaan!"
60607,Marlot II,Alfen,The Hague,ChIJO2iHH063xUcRotHvBGJ8AaI,4.0,5,"Werkt altijd , meestal voldoende laadplekken. Je merkt wel dat het drukker wordt de laatste tijd maar dat is alleen maar goed nieuws voor fastned. Prijzen aan de hoge kant, maar dat is inherent aan het snelladen. In elk geval de prijs waard t.o.v. de meeste concurrenten"
60607,Marlot II,Alfen,The Hague,ChIJO2iHH063xUcRotHvBGJ8AaI,4.0,1,Deed niks. Reageerde niet op label. Dan maar via QR naar website. Laadde ook niet
60607,Marlot II,Alfen,The Hague,ChIJO2iHH063xUcRotHvBGJ8AaI,4.0,1,"2 palen, laden start, maar wordt kort daarna gestopt.
Verderop bij allego geen probleem."
60607,Marlot II,Alfen,The Hague,ChIJO2iHH063xUcRotHvBGJ8AaI,4.0,5,Geweldig dat Fastned elektrisch rijden veel gemakkelijker maakt met zulke stations in Nederland en straks hopelijk ook in heel Europa!
57993,FastNed,FastNed,Bodegraven-Reeuwijk,ChIJlbP8EBfXxUcRzwX4ZrDPRJY,4.0,1,"Alle tegels lagen eruit dus je kan niet de laadpaal gebruiken!! Let dus goed op als je bijna leeg, je kan de auto niet dichtbij de paal zetten dus hem niet gebruiken!"
57993,FastNed,FastNed,Bodegraven-Reeuwijk,ChIJlbP8EBfXxUcRzwX4ZrDPRJY,4.0,1,Afgesloten door twee betonblokken waar mijn mercedes EQV niet doorheen kan (ik wilde het risico althans niet lopen). Gelukkig nog voldoende lading voor de volgende snellader. Blijkbaar dat een elektrische bus hier niet opgeladen mag worden. (de ID Buzz is zelfs nog een paar centimeter breder)
57993,FastNed,FastNed,Bodegraven-Reeuwijk,ChIJlbP8EBfXxUcRzwX4ZrDPRJY,4.0,3,"Laadpunt voor 2 auto’s, max 150kw, niet overdekt. Werkt prima, maar gemiddelde fastned locatie is beter dan deze."
57993,FastNed,FastNed,Bodegraven-Reeuwijk,ChIJlbP8EBfXxUcRzwX4ZrDPRJY,4.0,3,"Moeilijk te vinden, kleine laadlocatie zonder dak, met maar 1 dubbele laadpaal. Slecht verlicht."
57993,FastNed,FastNed,Bodegraven-Reeuwijk,ChIJlbP8EBfXxUcRzwX4ZrDPRJY,4.0,3,Zeer grote parkeerplaats maar er zijn maar 2 oplaadpalen
54724,Keienbergweg 56,EVBox,Amsterdam,ChIJk_Y2O3YLxkcR6hfPIUxNFss,3.0,1,"Vermogen veel lager dan aangegeven, ondanks dat er geen andere auto’s bij de laadpalen stonden. Geen van beide laadpalen kwam verder dan 3.5 kW.  Ik zou adviseren de laadpalen van Ikea aan de overkant te gebruiken."
54700,Kalvermarkt 5,Allego BV,Leiden,ChIJ6cpj8ALHxUcRwNTUo0WK-wo,1.0,1,"Pas op, een val voor toeristen!

Als je accu leeg is en je wilt hier opladen, komt de politie 's nachts een boete van €98 uitdelen. Omdat ik een Tesla heb, kon ik zien hoe ze mijn auto direct in de gaten hielden toen ze voorbijreden. Ik weet zeker dat dit niet de eerste keer is dat ze een Duitser dit welkomstcadeau geven. Of dit geen racisme is, weet ik ook niet."
54692,Clara Visserplaats 1,Allego BV,Leiden,ChIJUcuwlvTHxUcRM_Ybu6em1zg,3.0,2,Handig dat er een laadpaal in dr wijk aanwezig is maar dit beperkte de parkeergelegenheid van mijn benzine aangedreven voertuig.
54692,Clara Visserplaats 1,Allego BV,Leiden,ChIJUcuwlvTHxUcRM_Ybu6em1zg,3.0,3,"Goede service, de elektriciteit is van goede kwaliteit en smaakte lekker met het voorgerecht. Maar het voltage was net iets te veel voor mijn smaak."
54656,Boezembocht 23,Ecotap,Rotterdam,ChIJnQOwpVk1xEcRDLv7rI_1-dk,4.0,4,"Een handige oplaadpaal voor elektrische fietsen en scooters precies tussen de sportschool en de sauna in op een looppad dat zich bevindt tussen de prinses Beatrixlaan en de Groenoordstraat.
Je kunt hier maximaal één uur laden maar dat is genoeg voor je fiets of scooter.
Ik had nog nooit zo een laadpaal gezien, maar mijn oog viel erop omdat ik een hybride auto heb en zelf dus ook graag aan het opladen ben.
Ideaal dus voor de bezoekers van de sportschool die hier niet urenlanglang vertoeven zoals de bezoekers van de Sauna Thermen."
54653,Bahialaan 100,Ecotap,Rotterdam,ChIJnQOwpVk1xEcRDLv7rI_1-dk,4.0,4,"Een handige oplaadpaal voor elektrische fietsen en scooters precies tussen de sportschool en de sauna in op een looppad dat zich bevindt tussen de prinses Beatrixlaan en de Groenoordstraat.
Je kunt hier maximaal één uur laden maar dat is genoeg voor je fiets of scooter.
Ik had nog nooit zo een laadpaal gezien, maar mijn oog viel erop omdat ik een hybride auto heb en zelf dus ook graag aan het opladen ben.
Ideaal dus voor de bezoekers van de sportschool die hier niet urenlanglang vertoeven zoals de bezoekers van de Sauna Thermen."
54650,Goudenregenplantsoen 207,EVBox,Ridderkerk,ChIJK-KCvI4txEcRFAwsPghZpAc,3.0,1,Snellader accepteert veel bekende laadpassen niet. Zinloos om hier heen te rijden als je snel wilt laden.
54650,Goudenregenplantsoen 207,EVBox,Ridderkerk,ChIJK-KCvI4txEcRFAwsPghZpAc,3.0,5,"Prima laadstation. Blij dat ie er is want ik moet nogal eens in de buurt zijn, en deze doet (op datum van review) 190 kW."
53946,Kingsfordweg 151,EVBox,Amsterdam,ChIJb3sTqFY9xkcR6AVgjhCMM9g,2.6,1,"Zeer matig product dat ze leveren. 2 keer stuk gegaan in 3 maanden tijd. Ik ben nu 4 maanden bezig om een monteur aan huis te krijgen, dus ik kan al die tijd niet laden thuis. Zeer matige klanten service, slecht bereik baar, duurt super lang voordat ze reageren. En dan durven ze ook nog een offerte te sturen voor het fixen van hun eigen falen. Nooit iets bestellen of van afnemen! Hebben hun zaakjes absoluut niet op orde..."
53946,Kingsfordweg 151,EVBox,Amsterdam,ChIJb3sTqFY9xkcR6AVgjhCMM9g,2.6,1,"Geen ster waardig!

EVBOX houd mensen aan het lijntje. Ook uitbetalingen van creditnota’s worden niet uitbetaald terwijl deze wel aan EVBOX zijn uitbetaald door de laadpas aanbieders we hebben dat geïnformeerd en getest.

Ze vragen een sinterklaas boek dik aan documenten en vervolgens laten ze niks meer van hun horen naar meerdere mailtjes te hebben gestuurd eindelijk weer eens een reactie na twee weken!

We hebben zwart op wit staan dat EVBOX onze gelden zou betalen op 17 oktober 2024 dit is tevens door lullige smoesjes weer niet gebeurd. Ze verduisteren je inkomsten waar je als bedrijf recht op hebt ze brengen op deze manier mensen in de schulden doordat de energie en laadkosten gewoon betaald moeten worden van onze gegenereerde inkomsten, maar ze betalen vervolgens de ondernemers niet uit.

We hebben veel gedoe met EVBOX en zijn nog niet klaar met EVBOX. Als EVBOX de betaling blijft uitstellen met hun onderbouwde smoesje dan zullen we dit hogerop gaan uitvechten!

EVBOX! Laatste waarschuwing!! Als wij onze geld niet krijgen uitbetaald vóór 21 december 2024 gaan wij alle kosten inclusief waaronder we hebben geleden verhalen op jullie onderneming wat echt in de cijfers kan gaan lopen.

Hoop dat we gezamenlijk tot een oplossing zullen gaan komen. En voor de mensen die graag in zee willen gaan met EVBOX en haar onderneming en apparatuur willen we nog even aanmanen om een keer extra goed na te denken!"
53946,Kingsfordweg 151,EVBox,Amsterdam,ChIJb3sTqFY9xkcR6AVgjhCMM9g,2.6,1,"Vandaag  is het 21 juli 2024. Ik heb op 16 juli een support verzoek gestuurd. Deze is bevestigd op email. Tot op de dag van vandaag geen verdere reactie. Denken jullie dat bij storing laden er zoveel dagen beschikbaar zijn?
Wat een extreem slechte service!
Volgende laders worden van een ander merk.

Ik heb een lokale installateur ingeschakeld om het probleem op te lossen. Nog niet opgelost maar wel bezig met acties!

Graag deze melding doorgeven aan jullie directie.

Update 30 juli 2024: nog niks vernomen of enige reactie gehad."
53946,Kingsfordweg 151,EVBox,Amsterdam,ChIJb3sTqFY9xkcR6AVgjhCMM9g,2.6,1,Wat leveren jullie een slecht product. In onze gezamenlijke parkeergarage staan jullie opladers al 4 jaar en ze doen het vaker niet dan wel.
53946,Kingsfordweg 151,EVBox,Amsterdam,ChIJb3sTqFY9xkcR6AVgjhCMM9g,2.6,1,"Niet doen! 0 sterren voor dit bedrijf, voor de communicatie, de klantvriendelijkheid en de service. Ongelofelijk dat dit zo kan. Je wacht weken om reactie, het portaal is bagger en onduidelijk en op de uitbetaling mag je manden wachten na tientallen bezwaarschriften gestuurd te hebben"
53944,Dolhaantjestraat 37,Essent (NL),Amsterdam,ChIJ44dOM8sLxkcRSP9kYAxh6m8,4.4,4,"Voor auto en persoon, Fastned & Fastfood.
Goed gelegen locatie voor het opladen van je auto en de inwendige mens. Vervelend aan die locatie, zijn die vreselijke drempels en soms is er een wachtrij doordat er taxi's en bedrijfsbusjes staan op te laden."
53944,Dolhaantjestraat 37,Essent (NL),Amsterdam,ChIJ44dOM8sLxkcRSP9kYAxh6m8,4.4,5,"Genoeg tentjes om wat te eten
Wel druk maar ook veel laadplekken."
53944,Dolhaantjestraat 37,Essent (NL),Amsterdam,ChIJ44dOM8sLxkcRSP9kYAxh6m8,4.4,4,Eigenlijk altijd druk maar genoeg te snacken vlakbij
53944,Dolhaantjestraat 37,Essent (NL),Amsterdam,ChIJ44dOM8sLxkcRSP9kYAxh6m8,4.4,4,"Ruime plaatsen met afvalbakken. In de nacht goed verlicht, geen onveilig gevoel (was enige gebruiker om 4:00 uur)"
53944,Dolhaantjestraat 37,Essent (NL),Amsterdam,ChIJ44dOM8sLxkcRSP9kYAxh6m8,4.4,5,Goede locatie om de auto weer snel op te laden. Veel laadpunten en ook genoeg fastfood dichtbij als je toch even moet wachten.
53938,Dokter Meurerlaan 4,Essent (NL),Amsterdam,ChIJ44dOM8sLxkcRSP9kYAxh6m8,4.4,4,"Voor auto en persoon, Fastned & Fastfood.
Goed gelegen locatie voor het opladen van je auto en de inwendige mens. Vervelend aan die locatie, zijn die vreselijke drempels en soms is er een wachtrij doordat er taxi's en bedrijfsbusjes staan op te laden."
53938,Dokter Meurerlaan 4,Essent (NL),Amsterdam,ChIJ44dOM8sLxkcRSP9kYAxh6m8,4.4,5,"Genoeg tentjes om wat te eten
Wel druk maar ook veel laadplekken."
53938,Dokter Meurerlaan 4,Essent (NL),Amsterdam,ChIJ44dOM8sLxkcRSP9kYAxh6m8,4.4,4,Eigenlijk altijd druk maar genoeg te snacken vlakbij
53938,Dokter Meurerlaan 4,Essent (NL),Amsterdam,ChIJ44dOM8sLxkcRSP9kYAxh6m8,4.4,4,"Ruime plaatsen met afvalbakken. In de nacht goed verlicht, geen onveilig gevoel (was enige gebruiker om 4:00 uur)"
53938,Dokter Meurerlaan 4,Essent (NL),Amsterdam,ChIJ44dOM8sLxkcRSP9kYAxh6m8,4.4,5,Goede locatie om de auto weer snel op te laden. Veel laadpunten en ook genoeg fastfood dichtbij als je toch even moet wachten.
53920,Bastenakenstraat 81,Essent (NL),Amsterdam,ChIJ44dOM8sLxkcRSP9kYAxh6m8,4.4,4,"Voor auto en persoon, Fastned & Fastfood.
Goed gelegen locatie voor het opladen van je auto en de inwendige mens. Vervelend aan die locatie, zijn die vreselijke drempels en soms is er een wachtrij doordat er taxi's en bedrijfsbusjes staan op te laden."
53920,Bastenakenstraat 81,Essent (NL),Amsterdam,ChIJ44dOM8sLxkcRSP9kYAxh6m8,4.4,5,"Genoeg tentjes om wat te eten
Wel druk maar ook veel laadplekken."
53920,Bastenakenstraat 81,Essent (NL),Amsterdam,ChIJ44dOM8sLxkcRSP9kYAxh6m8,4.4,4,Eigenlijk altijd druk maar genoeg te snacken vlakbij
53920,Bastenakenstraat 81,Essent (NL),Amsterdam,ChIJ44dOM8sLxkcRSP9kYAxh6m8,4.4,4,"Ruime plaatsen met afvalbakken. In de nacht goed verlicht, geen onveilig gevoel (was enige gebruiker om 4:00 uur)"
53920,Bastenakenstraat 81,Essent (NL),Amsterdam,ChIJ44dOM8sLxkcRSP9kYAxh6m8,4.4,5,Goede locatie om de auto weer snel op te laden. Veel laadpunten en ook genoeg fastfood dichtbij als je toch even moet wachten.
53863,Vaartweg 137A,EVnetNL,Hilversum,ChIJHVpKgJlsxkcR5ts76xMDbrE,3.2,1,"Ik dacht m'n auto even snel op te laden tijdens een bezoekje aan de Gamma. Als ik terugkom lees ik ""kabel fout"" in het display. Lekker betrouwbaar...."
53863,Vaartweg 137A,EVnetNL,Hilversum,ChIJHVpKgJlsxkcR5ts76xMDbrE,3.2,4,Snel opladen
53844,Poelwetering,EVBox,Leiden,ChIJ8aKCHOTGxUcRz6vEhdhRSdU,3.0,2,Werken niet
53844,Poelwetering,EVBox,Leiden,ChIJ8aKCHOTGxUcRz6vEhdhRSdU,3.0,2,"Gunstige locatie bij een bezoek aan Naturalis.

Maar... ook behoorlijk duur. Wij betaalden 2 euro per kWh."
53835,Van Foreestlaan 1,Shell Recharge Solutions (BE),Alphen aan den Rijn,ChIJeU4w9BvbxUcR7I8b12cK5R4,3.7,2,Vaak een paal van de twee defect. Vandaag is één paal defect en de andere paal start niet op na de betalingsmethode te hebben geaccepteerd. Zegt direct dat de sessie is gestopt.
53835,Van Foreestlaan 1,Shell Recharge Solutions (BE),Alphen aan den Rijn,ChIJeU4w9BvbxUcR7I8b12cK5R4,3.7,2,Met enige regelmaat dat een van de twee het niet meer doet. Nu vandaag werkte het scherm van de andere ook niet meer dus kon niet meer snel laden. Zelfs met support gebeld en er niet uitgekomen. In het vervolg zou het beter zijn de actuele status door te kunnen geven dat het hele snel laad station niet werkt
53835,Van Foreestlaan 1,Shell Recharge Solutions (BE),Alphen aan den Rijn,ChIJeU4w9BvbxUcR7I8b12cK5R4,3.7,1,1 van de laadpalen is volgens mij al meer dan een maand defect en het is natuurlijk belachelijk dat er geen toilet beschikbaar is!
53835,Van Foreestlaan 1,Shell Recharge Solutions (BE),Alphen aan den Rijn,ChIJeU4w9BvbxUcR7I8b12cK5R4,3.7,3,Tanken op dit moment is wat zuiniger hier alleen er is geen toilet helaas maar wel redelijk goedkopere koffie Haha 😜
53835,Van Foreestlaan 1,Shell Recharge Solutions (BE),Alphen aan den Rijn,ChIJeU4w9BvbxUcR7I8b12cK5R4,3.7,4,Zo weer volle bak.
53829,Doctor A.D. Sacharovlaan 1,Allego BV,Alphen aan den Rijn,ChIJXwlN6SLbxUcRprp-ZE2thoU,4.0,4,"Alhoewel centraal gelegen, ook erg vaak bezet"
53805,Cor Spaanslaan 1,Alfen,Den Haag,ChIJleyn7-K3xUcRc-EzGWoh2Kk,3.9,4,"Beetje afgelegen maar je zit zo weer op de A4
Van 34% naar 91% in 40min en
15kw geladen met een Dacia Spring."
53805,Cor Spaanslaan 1,Alfen,Den Haag,ChIJleyn7-K3xUcRc-EzGWoh2Kk,3.9,3,"Beetje afgelegen maar prima te bereiken als je vanaf de snelweg komt of het Foodpark. Het is alleen jammer dat er soms elektrische DHL-busjes onnodig een paal bezet houden.
Verder zijn er geen voorzieningen in de buurt. Om de tijd te doden zou je best de Volvo of Audi-dealer kunnen bezoeken."
53805,Cor Spaanslaan 1,Alfen,Den Haag,ChIJleyn7-K3xUcRc-EzGWoh2Kk,3.9,2,"1 buiten werking, ander bezet door vrachtwagen die al lang vol was"
53805,Cor Spaanslaan 1,Alfen,Den Haag,ChIJleyn7-K3xUcRc-EzGWoh2Kk,3.9,5,"2 palen, 2x chademo,  2x ccs
Heerlijk afgelegen dus lekker rustig."
53805,Cor Spaanslaan 1,Alfen,Den Haag,ChIJleyn7-K3xUcRc-EzGWoh2Kk,3.9,5,Normaal prima nu deden beide palen het niet helaas.
53794,Delftweg 58,Shell Recharge Solutions (BE),Rijswijk,ChIJHYd6Z3a2xUcRfvjHrb0f3JA,3.4,1,3 van de 4 laadpalen werkt niet. Verspil je tijd en moeite niet en zoek een betere laadpaal.
53794,Delftweg 58,Shell Recharge Solutions (BE),Rijswijk,ChIJHYd6Z3a2xUcRfvjHrb0f3JA,3.4,4,"Prima plek, voor mij dicht bij huis voor noodgevallen. Jammer dat het maar Max 50KwH ‘snel lader’ is. Maar gelukkig is er een Starbucks waar je even iets kan drinken."
53794,Delftweg 58,Shell Recharge Solutions (BE),Rijswijk,ChIJHYd6Z3a2xUcRfvjHrb0f3JA,3.4,5,"Werkt prima, 4x tot 250 kwh laadpalen"
53794,Delftweg 58,Shell Recharge Solutions (BE),Rijswijk,ChIJHYd6Z3a2xUcRfvjHrb0f3JA,3.4,5,"Lekker veel laadpalen en enigszins niet vreselijk duur
En lekkere patat"
53753,Zuidzijde 131,Shell Recharge Solutions (BE),Molenwaard,ChIJJ3b7Y30rxEcRU8r2NI6XMGw,3.5,1,"Erg langzaam, blijft onder de 75kw en zakt terug naar 60 kW.
Geen andere auto’s aan de 4 aanwezige laadpunten."
53753,Zuidzijde 131,Shell Recharge Solutions (BE),Molenwaard,ChIJJ3b7Y30rxEcRU8r2NI6XMGw,3.5,5,Makkelijk aan te rijden. Twee laadpunten werken goed met een korte stop.
53753,Zuidzijde 131,Shell Recharge Solutions (BE),Molenwaard,ChIJJ3b7Y30rxEcRU8r2NI6XMGw,3.5,4,Beter en vaster
53752,Heijplaatweg 4,Shell Recharge Solutions (BE),Rotterdam,ChIJg-uG5880xEcR-6QFfDzKVVI,3.3,1,Nog net geen euro per KWh betaald; echt heel veel teveel.
53752,Heijplaatweg 4,Shell Recharge Solutions (BE),Rotterdam,ChIJg-uG5880xEcR-6QFfDzKVVI,3.3,4,Gelegen bij de parkeerplaats van een Shell-station. Makkelijk te vinden en werkte prima. Er is echter niet veel te doen in de buurt.
53751,Leliestraat 10,Allego BV,Molenwaard,ChIJ4TcyIKyBxkcRKKZKPvIaDyw,1.0,1,"veel en veel te duur zeker met een toeslag van 3  euro per lading
er word nu totaal geen gebruik van gemaakt er staan alleen maar benzine auto geparkeerd"
51331,Hofzichtstraat 10,Allego BV,Alphen aan den Rijn,ChIJx744k_baxUcRT5Hya3B_K5s,4.5,4,Prima ig
51314,Rijksstraatweg 293,EVBox,Ridderkerk,ChIJK-KCvI4txEcRFAwsPghZpAc,3.0,1,Snellader accepteert veel bekende laadpassen niet. Zinloos om hier heen te rijden als je snel wilt laden.
51314,Rijksstraatweg 293,EVBox,Ridderkerk,ChIJK-KCvI4txEcRFAwsPghZpAc,3.0,5,"Prima laadstation. Blij dat ie er is want ik moet nogal eens in de buurt zijn, en deze doet (op datum van review) 190 kW."
51022,Zeedijk,Ecotap,Waterland,ChIJk40VWlkFxkcRCOpT2Egym8w,2.7,2,Een behoorlijk onveilige parkeerplaats. Geen enkele lantarenpaal werkt meer. 7 februari 2020 5 auto's open gebroken.
51022,Zeedijk,Ecotap,Waterland,ChIJk40VWlkFxkcRCOpT2Egym8w,2.7,5,شحن السيارات اللتي تعمل بالطاقة النظيفة ..
51022,Zeedijk,Ecotap,Waterland,ChIJk40VWlkFxkcRCOpT2Egym8w,2.7,1,Buiten gebruik!
50993,Transistorstraat 16,Shell Recharge Solutions (BE),Almere,ChIJeQDAo0kRxkcROOG5tZ8ErtY,3.0,3,"Fantastisch deze snelladers. Ideaal zo dicht bij de woonwijk.

Helaas is er sinds de komst van deze laadpalen een gigantische toename van zwerfvuil"
50993,Transistorstraat 16,Shell Recharge Solutions (BE),Almere,ChIJeQDAo0kRxkcROOG5tZ8ErtY,3.0,3,Prima laadpaal en locatie. Wel valt op dat ik bij lange na niet de beloofde 150 kW aan vermogen haal. Ik kwam niet verder dan 75 kW.
50979,Provincialeweg 38,Shell Recharge Solutions (BE),Amsterdam,ChIJNxpM6m4MxkcRR_m-rxvGjtc,2.1,2,Om bij de DHL pakketautomaat Total te komen zonder een auto is het niet onmogelijk als je maar een beetje lef hebt. Ga dus langs de Kwikfit lopen of fietsen. Plan het op een rustige moment in want je moet wel een stukje langs de autoweg lopen/ fietsen. Het waren de angstige en stressvolle 20 seconden van mijn leven deze week. Pakketautomaat werkt verder goed.
50979,Provincialeweg 38,Shell Recharge Solutions (BE),Amsterdam,ChIJNxpM6m4MxkcRR_m-rxvGjtc,2.1,2,"88kW voor een 400kW lader, dat is matig"
50979,Provincialeweg 38,Shell Recharge Solutions (BE),Amsterdam,ChIJNxpM6m4MxkcRR_m-rxvGjtc,2.1,5,"Uitstekende, schone en nette oplader, alles werkt, er is stroom!"
50979,Provincialeweg 38,Shell Recharge Solutions (BE),Amsterdam,ChIJNxpM6m4MxkcRR_m-rxvGjtc,2.1,1,Niets te doen als je moet opladen. Trage opladers.
50979,Provincialeweg 38,Shell Recharge Solutions (BE),Amsterdam,ChIJNxpM6m4MxkcRR_m-rxvGjtc,2.1,1,"Die vrouw die daar werkt, moet ontslagen worden. Ik ging Pueblo Classic tabak kopen en ze bleef maar zeggen dat ze het niet begreep. Ze vroeg me vier keer met een onvriendelijke toon welk merk ik wilde... het leek wel een verborgen camera. Daarna vroeg ze me om een ​​online foto te laten zien van wat ik wilde! Serieus? Ik liet haar een foto zien - ook al zijn alle verpakkingen in Nederland hetzelfde - en toen zei ze: ""Die heb ik niet. Welke wilt u?"" Hoe moet ik dat weten? Zeg me wat u wel heeft! ""Ik heb er genoeg, zeg maar wat u wilt."" Ik zei: laten we het kort houden, geef me een pakje Camel sigaretten. Toen ze om mijn identiteitsbewijs vroeg, terwijl ik 45 ben, besloot ik mijn aankopen ergens anders te doen. Stuur die clown terug naar waar ze vandaan komt."
50976,Karspeldreef 4,EVBox,Amsterdam Zuidoost,ChIJKflr-JoLxkcRkRnRU0n8YlM,2.0,2,Binnen een parkeerplaats
50894,Planetensingel 19,Shell Recharge Solutions (BE),Alphen aan den Rijn,ChIJeU4w9BvbxUcR7I8b12cK5R4,3.7,2,Vaak een paal van de twee defect. Vandaag is één paal defect en de andere paal start niet op na de betalingsmethode te hebben geaccepteerd. Zegt direct dat de sessie is gestopt.
50894,Planetensingel 19,Shell Recharge Solutions (BE),Alphen aan den Rijn,ChIJeU4w9BvbxUcR7I8b12cK5R4,3.7,2,Met enige regelmaat dat een van de twee het niet meer doet. Nu vandaag werkte het scherm van de andere ook niet meer dus kon niet meer snel laden. Zelfs met support gebeld en er niet uitgekomen. In het vervolg zou het beter zijn de actuele status door te kunnen geven dat het hele snel laad station niet werkt
50894,Planetensingel 19,Shell Recharge Solutions (BE),Alphen aan den Rijn,ChIJeU4w9BvbxUcR7I8b12cK5R4,3.7,1,1 van de laadpalen is volgens mij al meer dan een maand defect en het is natuurlijk belachelijk dat er geen toilet beschikbaar is!
50894,Planetensingel 19,Shell Recharge Solutions (BE),Alphen aan den Rijn,ChIJeU4w9BvbxUcR7I8b12cK5R4,3.7,3,Tanken op dit moment is wat zuiniger hier alleen er is geen toilet helaas maar wel redelijk goedkopere koffie Haha 😜
50894,Planetensingel 19,Shell Recharge Solutions (BE),Alphen aan den Rijn,ChIJeU4w9BvbxUcR7I8b12cK5R4,3.7,4,Zo weer volle bak.
50892,Produktieweg 17,Shell Recharge Solutions (BE),Alphen aan den Rijn,ChIJeU4w9BvbxUcR7I8b12cK5R4,3.7,2,Vaak een paal van de twee defect. Vandaag is één paal defect en de andere paal start niet op na de betalingsmethode te hebben geaccepteerd. Zegt direct dat de sessie is gestopt.
50892,Produktieweg 17,Shell Recharge Solutions (BE),Alphen aan den Rijn,ChIJeU4w9BvbxUcR7I8b12cK5R4,3.7,2,Met enige regelmaat dat een van de twee het niet meer doet. Nu vandaag werkte het scherm van de andere ook niet meer dus kon niet meer snel laden. Zelfs met support gebeld en er niet uitgekomen. In het vervolg zou het beter zijn de actuele status door te kunnen geven dat het hele snel laad station niet werkt
50892,Produktieweg 17,Shell Recharge Solutions (BE),Alphen aan den Rijn,ChIJeU4w9BvbxUcR7I8b12cK5R4,3.7,1,1 van de laadpalen is volgens mij al meer dan een maand defect en het is natuurlijk belachelijk dat er geen toilet beschikbaar is!
50892,Produktieweg 17,Shell Recharge Solutions (BE),Alphen aan den Rijn,ChIJeU4w9BvbxUcR7I8b12cK5R4,3.7,3,Tanken op dit moment is wat zuiniger hier alleen er is geen toilet helaas maar wel redelijk goedkopere koffie Haha 😜
50892,Produktieweg 17,Shell Recharge Solutions (BE),Alphen aan den Rijn,ChIJeU4w9BvbxUcR7I8b12cK5R4,3.7,4,Zo weer volle bak.
50887,Lisdodde 64,Allego BV,Alphen aan den Rijn,ChIJVZs8iKzbxUcR9KMchGXu8Y8,5.0,5,Goed geplaatste laadpaal
50886,Zonneplein,Shell Recharge Solutions (BE),De Bilt,ChIJEcadqPNoxkcRdwXOsvMF58c,4.0,4,Mooie ruime kerkgebouw met een enthousiaste gemeente
50878,Suzannaland 374,Alfen,Den Haag,ChIJO2iHH063xUcRotHvBGJ8AaI,4.0,5,"Beste laadpaal evvverrrr
De stroom kwam er perfect uit, gleed zo door mn combi stekker mn accu in, wat een feest! Als ik 10 sterren had kunnen geven had ik het gedaan!"
50878,Suzannaland 374,Alfen,Den Haag,ChIJO2iHH063xUcRotHvBGJ8AaI,4.0,5,"Werkt altijd , meestal voldoende laadplekken. Je merkt wel dat het drukker wordt de laatste tijd maar dat is alleen maar goed nieuws voor fastned. Prijzen aan de hoge kant, maar dat is inherent aan het snelladen. In elk geval de prijs waard t.o.v. de meeste concurrenten"
50878,Suzannaland 374,Alfen,Den Haag,ChIJO2iHH063xUcRotHvBGJ8AaI,4.0,1,Deed niks. Reageerde niet op label. Dan maar via QR naar website. Laadde ook niet
50878,Suzannaland 374,Alfen,Den Haag,ChIJO2iHH063xUcRotHvBGJ8AaI,4.0,1,"2 palen, laden start, maar wordt kort daarna gestopt.
Verderop bij allego geen probleem."
50878,Suzannaland 374,Alfen,Den Haag,ChIJO2iHH063xUcRotHvBGJ8AaI,4.0,5,Geweldig dat Fastned elektrisch rijden veel gemakkelijker maakt met zulke stations in Nederland en straks hopelijk ook in heel Europa!
50852,Middellandse zee 9,EVBox,Woerden,ChIJZc8pO9J5xkcRoIboHEgHeEk,4.3,4,"Gratis, dus ik klaag niet, maar er kan maar 1 auto tegelijk opladen. CCS, CHAdeMO, en Mennekes type 2 stekkers zijn aanwezig. Ook kan iedereen jouw sessie beëindigen, omdat je sessie niet gelocked is (door bijv. swipen met een pasje)."
50852,Middellandse zee 9,EVBox,Woerden,ChIJZc8pO9J5xkcRoIboHEgHeEk,4.3,5,Oplader doet het weer
50852,Middellandse zee 9,EVBox,Woerden,ChIJZc8pO9J5xkcRoIboHEgHeEk,4.3,4,"Fijne gratis laadservice van 50 kW, erg populair!

Helaas zijn de kabels te kort, of de paalpositie is niet optimaal.

Helaas geen type 2-laders... (hopelijk komen die er snel, hint hint)"
50850,Broekveldselaan 7a,Blue Corner (Belgium),Bodegraven-Reeuwijk,ChIJQeNqChTXxUcRaoEAjWgGknU,3.1,1,"Traag!!
Max 65KW
Tesla model3 bj ‘21, accu voorverwarmd.

Nu meermaals bij dit station geweest. Ook op verschillende tijden. Laadsnelheid altijd traag."
50850,Broekveldselaan 7a,Blue Corner (Belgium),Bodegraven-Reeuwijk,ChIJQeNqChTXxUcRaoEAjWgGknU,3.1,4,"Loopt prima.
Plek zat voor een vrachtwagen
4 sterren, ondat er naar 1 vrachtwagenplek is."
50850,Broekveldselaan 7a,Blue Corner (Belgium),Bodegraven-Reeuwijk,ChIJQeNqChTXxUcRaoEAjWgGknU,3.1,1,Zeer traag! 47kW laadsnelheid bij 150 kW CCS  aansluiting.
50850,Broekveldselaan 7a,Blue Corner (Belgium),Bodegraven-Reeuwijk,ChIJQeNqChTXxUcRaoEAjWgGknU,3.1,1,"Hier moet je alleen proberen te laden als je je geld kwijt wilt. Ik ben samen met mijn man hier geweest en beiden hebben we geprobeerd om te laden. Onze laadpas deed het niet, vervolgens scanden we de qr code maar was er een storing met het betaalplatform, toen hebben we mijn bankpas maar gebruikt. Nadat er 49 euro borg was betaald, dachten we te kunnen laden, maar dit ging mis. Dus ik hield m'n pas er nog een keer tegen en er is 2x 49 euro vanaf geschreven zonder dat we ook maar iets hebben kunnen laden. Vervolgens bel je het nummer, dan krijg je een robot en niemand is daar verder aan de andere kant. Nu maar een klacht geprobeerd in te dienen via de website. Nogmaals: oplichting hier!"
50850,Broekveldselaan 7a,Blue Corner (Belgium),Bodegraven-Reeuwijk,ChIJQeNqChTXxUcRaoEAjWgGknU,3.1,3,"Mooie locatie en overdekt laden vlakbij de N11. Helaas was de laadsnelheid teleurstellend met een voorverwarmde batterij, het begin was goed rond 150 kW (dit is ook de max) maar al na een halve minuut begon dit te dalen tot ongeveer 80 kW."
50849,Distelveld 1,Alfen,Den Haag,ChIJ14ATvynIxUcRUID05NQc7O4,5.0,5,Alles perfect!
50849,Distelveld 1,Alfen,Den Haag,ChIJ14ATvynIxUcRUID05NQc7O4,5.0,5,Mooie locatie met maar liefst 12 snelladers!
50849,Distelveld 1,Alfen,Den Haag,ChIJ14ATvynIxUcRUID05NQc7O4,5.0,5,"Zeer mooie en snelle laadpalen, 6 stations met 12 laders, schoon, vlakbij de snelweg, bijna altijd leeg, geen wachttijd, op de parkeerplaats van Gamma, andere winkels en op loopafstand van het Esso Peco-station waar je verschillende laadmogelijkheden hebt."
50849,Distelveld 1,Alfen,Den Haag,ChIJ14ATvynIxUcRUID05NQc7O4,5.0,5,Snellaadstations van 150 kW. Let op: er is geen Chademo-optie.
50848,Kijkduinsestraat 914,Alfen,Den Haag,ChIJqRz2UaWxxUcRGMt5W6kBD64,3.7,5,Prima plek!!
50848,Kijkduinsestraat 914,Alfen,Den Haag,ChIJqRz2UaWxxUcRGMt5W6kBD64,3.7,4,Prijs kan beter
50848,Kijkduinsestraat 914,Alfen,Den Haag,ChIJqRz2UaWxxUcRGMt5W6kBD64,3.7,3,Google denkt dat deze locatie gesloten is nadat fastned daar weg is
50848,Kijkduinsestraat 914,Alfen,Den Haag,ChIJqRz2UaWxxUcRGMt5W6kBD64,3.7,2,Duur
50848,Kijkduinsestraat 914,Alfen,Den Haag,ChIJqRz2UaWxxUcRGMt5W6kBD64,3.7,3,Max 30 kWh snelheid :(
50846,Loenensestraat 169,Alfen,Den Haag,ChIJbecFwiKxxUcRMUzpdFH94Ao,1.0,1,Kon niet opladen. Tijdsverspilling! Zorg ervoor dat je je snelladers goed onderhoudt. Zowel A als B konden niet opladen.
50779,Rijndwarsweg 6,Ecotap,Rotterdam,ChIJnQOwpVk1xEcRDLv7rI_1-dk,4.0,4,"Een handige oplaadpaal voor elektrische fietsen en scooters precies tussen de sportschool en de sauna in op een looppad dat zich bevindt tussen de prinses Beatrixlaan en de Groenoordstraat.
Je kunt hier maximaal één uur laden maar dat is genoeg voor je fiets of scooter.
Ik had nog nooit zo een laadpaal gezien, maar mijn oog viel erop omdat ik een hybride auto heb en zelf dus ook graag aan het opladen ben.
Ideaal dus voor de bezoekers van de sportschool die hier niet urenlanglang vertoeven zoals de bezoekers van de Sauna Thermen."
50753,Maasboulevard,EVBox,Vlaardingen,ChIJKafvYdRLxEcR_F60QbLlG1k,5.0,5,"Werkt prima, mooie plek."
50726,A15 1a,FastNed,Alblasserdam,ChIJdwalZ_krxEcRTY-uKkky2hc,4.3,5,Wekte perfect en erg makkelijk
50726,A15 1a,FastNed,Alblasserdam,ChIJdwalZ_krxEcRTY-uKkky2hc,4.3,4,Voor het eerst wachten bij fastned
50726,A15 1a,FastNed,Alblasserdam,ChIJdwalZ_krxEcRTY-uKkky2hc,4.3,4,"Ok . Dus zo ziet de toekomst eruit 😶...plugged-in  life ..
Ik rij tegenwoordig elektrisch en fastnet heeft voor mij toch wel de voorkeur als het op opladen komt . Hoop dat verder op in de toekomt het toch twee keer zo snel gaat en de afstanden tot het opladen verdubbeld word ."
50726,A15 1a,FastNed,Alblasserdam,ChIJdwalZ_krxEcRTY-uKkky2hc,4.3,5,Werkt perfect. Je kunt tegenwoordig ook met draadloos pin of nfc betalen. Of via de app. Echt heel fijn. En ik heb nooit wacht tijd. Ook niet tijdens de ochtend of avond spits
50726,A15 1a,FastNed,Alblasserdam,ChIJdwalZ_krxEcRTY-uKkky2hc,4.3,5,"Netjes opgeruimd, jammer alleen dat ik ff moest wachten er stonden er al 2 te stekkeren"
50713,Ring 198,Allego BV,Hendrik-Ido-Ambacht,ChIJj94zzIUuxEcRqoRVzSaUzBA,1.0,1,"Bijna altijd beschikbaar, want de prijzen liggen tegen de 60ct de kwh. Alleen voor leaserijders? Thuis laden is minimaal 3x zo goedkoop. En de snelheid varieert ook enorm dus je kan ook niet uitrekenen hoe laat je hem weg moet halen. Maar wel vaste uurtarieven rekenen. Belachelijk. Tesla supercharger in dordt of Ridderkerk zijn veel goedkoper en sneller."
47636,Fastned De Kroon,FastNed,Nieuwegein,ChIJWRyTrB9kxkcRrtca8PN7Zo8,4.5,1,"Zo snel een 2e auto op de zuil aansluit is het bekeken met het ""fast"". Maar naar concurrent Ionity die het beter op orde heeft. Vele slechte ervaringen qua snelheid bij Fastned het laatste half jaar."
47636,Fastned De Kroon,FastNed,Nieuwegein,ChIJWRyTrB9kxkcRrtca8PN7Zo8,4.5,4,"Beetje ongezellig uitzicht rechts op geparkeerde  vrachtwagens, maar de piston koffiemachine bij de BP links maakt alles goed."
47636,Fastned De Kroon,FastNed,Nieuwegein,ChIJWRyTrB9kxkcRrtca8PN7Zo8,4.5,4,Alle laadpalen werkten. Alleen vervelend dat er nergens een vuilbak in de buurt te vinden is.
47636,Fastned De Kroon,FastNed,Nieuwegein,ChIJWRyTrB9kxkcRrtca8PN7Zo8,4.5,5,Ik kwam vanaf houten en ging naar het noorden. Moest er een klein stukje voor omrijden. Laden ging snel
47636,Fastned De Kroon,FastNed,Nieuwegein,ChIJWRyTrB9kxkcRrtca8PN7Zo8,4.5,4,"Duidelijk de weinig laadplaatsen, zelfs op zaterdagmiddag vol."
44764,Zuiderweg,Ecotap,Haarlemmerliede en Spaarnwoude,ChIJxzxA14fkxUcR2AsjDvbQ-ck,3.0,3,"Het is geweldig dat er laadpunten op het Europarc-terrein zijn, maar die werden vaak geblokkeerd door geparkeerde auto's met verbrandingsmotor."
44740,Vaartweg 48,Shell Recharge Solutions (BE),Hilversum,ChIJtUgEUpdsxkcRhh7doCAgPCY,2.8,5,Deze charging station staat op het parkeerterrein van de Karwei achter slagbomen. Hierdoor buiten openingstijden van Karwei niet toegankelijk. Zie foto.
44740,Vaartweg 48,Shell Recharge Solutions (BE),Hilversum,ChIJtUgEUpdsxkcRhh7doCAgPCY,2.8,1,"Het terrein is snachts niet toegankelijk,  hierdoor niet kunnen laden."
44740,Vaartweg 48,Shell Recharge Solutions (BE),Hilversum,ChIJtUgEUpdsxkcRhh7doCAgPCY,2.8,1,Laadpaal niet toegankelijk
44740,Vaartweg 48,Shell Recharge Solutions (BE),Hilversum,ChIJtUgEUpdsxkcRhh7doCAgPCY,2.8,2,"De laadpalen bevinden zich niet op de locatie die Google Maps aangeeft, maar op de parkeerplaats van de Karwei-winkel. Daar zijn ze alleen toegankelijk tijdens openingstijden, wat eerlijk gezegd een beetje onhandig is."
43042,Pieter Ghijsenlaan 22,Ecotap,Zaanstad,ChIJfzbeNijjxUcRl4nIB6F--S8,2.5,1,Werkt helaas niet. Jammer dat er zoveel elektrische laadpalen niet werken.
43042,Pieter Ghijsenlaan 22,Ecotap,Zaanstad,ChIJfzbeNijjxUcRl4nIB6F--S8,2.5,1,Werkt al maanden niet meer.
43042,Pieter Ghijsenlaan 22,Ecotap,Zaanstad,ChIJfzbeNijjxUcRl4nIB6F--S8,2.5,5,Werkt
42979,Ambachtsweg 45,Ecotap,Utrecht,ChIJZ6nc--9lxkcRYcpRwy2OW2A,1.0,1,Dit is geen openbare laadpaal. Deze is uitsluitend bedoeld voor medewerkers van de gemeente.
42975,Veurseweg,Ecotap,Voorschoten,ChIJY7-7ut3HxUcRsEeFFZOLIb8,4.5,4,"Op Google Maps staan ​​meerdere locaties die hetzelfde laadstation aangeven (één heeft een beoordeling van 1 ster, geen idee waarom). Deze lader doet wat hij moet doen: opladen. Dus tijdens het eten, lunchen of winkelen in de Versmarkt is dit een perfect laadstation. Alleen snelladers verdienen wat mij betreft 5 sterren ;)"
42974,Veurseweg 180a,Ecotap,Voorschoten,ChIJY7-7ut3HxUcRsEeFFZOLIb8,4.5,4,"Op Google Maps staan ​​meerdere locaties die hetzelfde laadstation aangeven (één heeft een beoordeling van 1 ster, geen idee waarom). Deze lader doet wat hij moet doen: opladen. Dus tijdens het eten, lunchen of winkelen in de Versmarkt is dit een perfect laadstation. Alleen snelladers verdienen wat mij betreft 5 sterren ;)"
42973,Het Kerkehout 2,Alfen,Wassenaar,ChIJs5XMnYa3xUcR0GvtxHBaDV4,4.2,5,Palen zijn pas vernieuwd nu zijn er 10 snelladers
42973,Het Kerkehout 2,Alfen,Wassenaar,ChIJs5XMnYa3xUcR0GvtxHBaDV4,4.2,1,Is gesloten. Hele terrein ligt opengebroken. Duurt nog tot december 2023
42973,Het Kerkehout 2,Alfen,Wassenaar,ChIJs5XMnYa3xUcR0GvtxHBaDV4,4.2,3,"Startknop kapot van de enige chademo lader.
Helpdesk allego iedereen in gesprek."
42973,Het Kerkehout 2,Alfen,Wassenaar,ChIJs5XMnYa3xUcR0GvtxHBaDV4,4.2,5,Top plek om te laden!
42973,Het Kerkehout 2,Alfen,Wassenaar,ChIJs5XMnYa3xUcR0GvtxHBaDV4,4.2,4,"Heel goed. Bij een laadstation van 300 kW haalde ik een maximale laadsnelheid van 125 kW, wat oké is, maar niet perfect (daarom één ster minder). Mijn auto kan maximaal 200 kW aan.

Betalen is heel eenvoudig, geen lidmaatschapskaarten nodig. Binnen een week heb ik Allego-stations in het VK, Nederland en België gebruikt - het opladen verliep soepel tegen een kostprijs van ongeveer £ 0,60 per kWh."
42962,Werflaan 76,Alfen,Zoetermeer,ChIJ0SGjFSrJxUcRxEa85syv-bA,3.0,3,11KW geen 22kw
42955,Engelandlaan 350,Alfen,Zoetermeer,ChIJ0SGjFSrJxUcRxEa85syv-bA,3.0,3,11KW geen 22kw
42953,Mozartlaan 288,Alfen,Den Haag,ChIJqRz2UaWxxUcRGMt5W6kBD64,3.7,5,Prima plek!!
42953,Mozartlaan 288,Alfen,Den Haag,ChIJqRz2UaWxxUcRGMt5W6kBD64,3.7,4,Prijs kan beter
42953,Mozartlaan 288,Alfen,Den Haag,ChIJqRz2UaWxxUcRGMt5W6kBD64,3.7,3,Google denkt dat deze locatie gesloten is nadat fastned daar weg is
42953,Mozartlaan 288,Alfen,Den Haag,ChIJqRz2UaWxxUcRGMt5W6kBD64,3.7,2,Duur
42953,Mozartlaan 288,Alfen,Den Haag,ChIJqRz2UaWxxUcRGMt5W6kBD64,3.7,3,Max 30 kWh snelheid :(
42951,Kerketuinenweg,EVBox,Den Haag,ChIJVU3yRxOxxUcR1DqH_K9wY1U,1.0,1,Bestaat niet
42950,Jaap Edenweg,Alfen,Den Haag,ChIJIyx-uHaxxUcR_V0hktMzLuQ,5.0,5,Mooie plek om te laden. Gelijk naast bouwmarkt.
42776,Hellevliet,FastNed,Harmelen,ChIJEQ-_R2x7xkcRJ55tzjF8zhw,4.1,5,"Prima laadplek. Ze hebben veel plekken, maar toen wij aankwamen waren bijna alle plekken bezet. Vandaar dat de laadsnelheid misschien ook lager dan verwacht was."
42776,Hellevliet,FastNed,Harmelen,ChIJEQ-_R2x7xkcRJ55tzjF8zhw,4.1,4,Ruime laadlocatie met voldoende parkeer en manoeuvreerruimte. Inrit echt te smal na net een kleine versmalling met betonpalen aan weerskanten. Kan en mag wel wat ruimer. [Vooral met grote auto]
42776,Hellevliet,FastNed,Harmelen,ChIJEQ-_R2x7xkcRJ55tzjF8zhw,4.1,2,Minder druk dan normaal en dan nog steeds maar 75kW (aan een 300kW lader!) 😡
42776,Hellevliet,FastNed,Harmelen,ChIJEQ-_R2x7xkcRJ55tzjF8zhw,4.1,1,Max 33 kw op meerdere palen. Bijzonder matig. Gebeurt te vaak bij Fastned
42776,Hellevliet,FastNed,Harmelen,ChIJEQ-_R2x7xkcRJ55tzjF8zhw,4.1,3,"Ondanks een oplaadpunt voor langere voertuigen kon ik helaas niet van de juiste rij inrichting in rijden vanwege een krappe bocht en betonpalen aan beide zijden van de weg.
Tijdens het laden 3 x een foutmelding gehad.
Positief: heel net en ruim laadstation."
42658,Total Alexandrium,(Unknown Operator),Capelle aan den IJssel,ChIJl8ynO0DNxUcRbFPmy9gX6v4,4.6,5,"Total wordt dagelijks bezocht. Als oplaadpunt centraal. Vlakbij op/afrit A20. Helaas komt vertraging  bij laden steeds vaker voor.

Door personeelsgebrek is de shop pas vanaf 09.00 uur open en sluit om 18.00. De lunch mogelijkheid hebben ze ook gesloten. Jamner, was een aanrader."
42658,Total Alexandrium,(Unknown Operator),Capelle aan den IJssel,ChIJl8ynO0DNxUcRbFPmy9gX6v4,4.6,4,Niet getankt. Maar de broodjes zijn de moeite waard.
42084,Energieweg 21,Alfen,Zoeterwoude,ChIJNUILJ87FxUcRWkZy7Z2kmno,1.0,1,"Dit is géén oplaadstation. Deze palen zijn alleen te gebruiken met een pas van Interstuhl NL & BE, 't bedrijf op wiens terrein ze staan. Foto's zijn ook van Interstuhl. Alfen wil zijn site niet aanpassen."
42081,Braziliëstraat 62,Shell Recharge Solutions (BE),Alphen aan den Rijn,ChIJeU4w9BvbxUcR7I8b12cK5R4,3.7,2,Vaak een paal van de twee defect. Vandaag is één paal defect en de andere paal start niet op na de betalingsmethode te hebben geaccepteerd. Zegt direct dat de sessie is gestopt.
42081,Braziliëstraat 62,Shell Recharge Solutions (BE),Alphen aan den Rijn,ChIJeU4w9BvbxUcR7I8b12cK5R4,3.7,2,Met enige regelmaat dat een van de twee het niet meer doet. Nu vandaag werkte het scherm van de andere ook niet meer dus kon niet meer snel laden. Zelfs met support gebeld en er niet uitgekomen. In het vervolg zou het beter zijn de actuele status door te kunnen geven dat het hele snel laad station niet werkt
42081,Braziliëstraat 62,Shell Recharge Solutions (BE),Alphen aan den Rijn,ChIJeU4w9BvbxUcR7I8b12cK5R4,3.7,1,1 van de laadpalen is volgens mij al meer dan een maand defect en het is natuurlijk belachelijk dat er geen toilet beschikbaar is!
42081,Braziliëstraat 62,Shell Recharge Solutions (BE),Alphen aan den Rijn,ChIJeU4w9BvbxUcR7I8b12cK5R4,3.7,3,Tanken op dit moment is wat zuiniger hier alleen er is geen toilet helaas maar wel redelijk goedkopere koffie Haha 😜
42081,Braziliëstraat 62,Shell Recharge Solutions (BE),Alphen aan den Rijn,ChIJeU4w9BvbxUcR7I8b12cK5R4,3.7,4,Zo weer volle bak.
42072,Lozerlaan 211,Alfen,Den Haag,ChIJIyx-uHaxxUcR_V0hktMzLuQ,5.0,5,Mooie plek om te laden. Gelijk naast bouwmarkt.
42055,Sientje Mesdag-van Houtenstraat 91,Shell Recharge Solutions (BE),Nissewaard,ChIJmzLbuH1JxEcR6Ey1dhqTaGg,4.0,5,"Voor de beheerders: de locatie op Google Maps klopt niet helemaal. De laadlocatie bevindt zich tegenover de KeukenKampioen, aan het begin van het winkelcentrumterrein vanaf de Sportlaan/Lucebertstraat, aan de linkerkant, in plaats van aan het einde van het terrein zoals momenteel staat aangegeven.

Het laden gaat snel en alles verloopt soepel: aanmelden, het proces doorlopen en beëindigen."
42055,Sientje Mesdag-van Houtenstraat 91,Shell Recharge Solutions (BE),Nissewaard,ChIJmzLbuH1JxEcR6Ey1dhqTaGg,4.0,3,"75kw maximale laadsnelheid als er iemand naast je staat, 150 als je alleen staat. Waarom zo'n langzame oplossing neerzetten? Is niet erg toekomstvast. Jammer, gemiste kans. Laadsnelheden van de auto's worden alleen maar hoger."
42055,Sientje Mesdag-van Houtenstraat 91,Shell Recharge Solutions (BE),Nissewaard,ChIJmzLbuH1JxEcR6Ey1dhqTaGg,4.0,3,De beschikbaarheid komt niet overeen. Er is geen snellader beschikbaar .. dus nu sta ik bij een langzame lader... Met de minst snel oplaadbare auto. Dat wordt koffie drinken...
41908,Marlot,(Private Residence/Individual),Den Haag,ChIJO2iHH063xUcRotHvBGJ8AaI,4.0,5,"Beste laadpaal evvverrrr
De stroom kwam er perfect uit, gleed zo door mn combi stekker mn accu in, wat een feest! Als ik 10 sterren had kunnen geven had ik het gedaan!"
41908,Marlot,(Private Residence/Individual),Den Haag,ChIJO2iHH063xUcRotHvBGJ8AaI,4.0,5,"Werkt altijd , meestal voldoende laadplekken. Je merkt wel dat het drukker wordt de laatste tijd maar dat is alleen maar goed nieuws voor fastned. Prijzen aan de hoge kant, maar dat is inherent aan het snelladen. In elk geval de prijs waard t.o.v. de meeste concurrenten"
41908,Marlot,(Private Residence/Individual),Den Haag,ChIJO2iHH063xUcRotHvBGJ8AaI,4.0,1,Deed niks. Reageerde niet op label. Dan maar via QR naar website. Laadde ook niet
41908,Marlot,(Private Residence/Individual),Den Haag,ChIJO2iHH063xUcRotHvBGJ8AaI,4.0,1,"2 palen, laden start, maar wordt kort daarna gestopt.
Verderop bij allego geen probleem."
41908,Marlot,(Private Residence/Individual),Den Haag,ChIJO2iHH063xUcRotHvBGJ8AaI,4.0,5,Geweldig dat Fastned elektrisch rijden veel gemakkelijker maakt met zulke stations in Nederland en straks hopelijk ook in heel Europa!
41700,De Eenvoud 15,Shell Recharge Solutions (BE),Almere,ChIJeQDAo0kRxkcROOG5tZ8ErtY,3.0,3,"Fantastisch deze snelladers. Ideaal zo dicht bij de woonwijk.

Helaas is er sinds de komst van deze laadpalen een gigantische toename van zwerfvuil"
41700,De Eenvoud 15,Shell Recharge Solutions (BE),Almere,ChIJeQDAo0kRxkcROOG5tZ8ErtY,3.0,3,Prima laadpaal en locatie. Wel valt op dat ik bij lange na niet de beloofde 150 kW aan vermogen haal. Ik kwam niet verder dan 75 kW.
41697,Nieuwpoortkade 27,Essent (NL),Amsterdam,ChIJ44dOM8sLxkcRSP9kYAxh6m8,4.4,4,"Voor auto en persoon, Fastned & Fastfood.
Goed gelegen locatie voor het opladen van je auto en de inwendige mens. Vervelend aan die locatie, zijn die vreselijke drempels en soms is er een wachtrij doordat er taxi's en bedrijfsbusjes staan op te laden."
41697,Nieuwpoortkade 27,Essent (NL),Amsterdam,ChIJ44dOM8sLxkcRSP9kYAxh6m8,4.4,5,"Genoeg tentjes om wat te eten
Wel druk maar ook veel laadplekken."
41697,Nieuwpoortkade 27,Essent (NL),Amsterdam,ChIJ44dOM8sLxkcRSP9kYAxh6m8,4.4,4,Eigenlijk altijd druk maar genoeg te snacken vlakbij
41697,Nieuwpoortkade 27,Essent (NL),Amsterdam,ChIJ44dOM8sLxkcRSP9kYAxh6m8,4.4,4,"Ruime plaatsen met afvalbakken. In de nacht goed verlicht, geen onveilig gevoel (was enige gebruiker om 4:00 uur)"
41697,Nieuwpoortkade 27,Essent (NL),Amsterdam,ChIJ44dOM8sLxkcRSP9kYAxh6m8,4.4,5,Goede locatie om de auto weer snel op te laden. Veel laadpunten en ook genoeg fastfood dichtbij als je toch even moet wachten.
41662,Burgemeester Smeetsweg 1-37,Alfen,Zoeterwoude,ChIJNUILJ87FxUcRWkZy7Z2kmno,1.0,1,"Dit is géén oplaadstation. Deze palen zijn alleen te gebruiken met een pas van Interstuhl NL & BE, 't bedrijf op wiens terrein ze staan. Foto's zijn ook van Interstuhl. Alfen wil zijn site niet aanpassen."
41660,Mijzijde 32,EVBox,Woerden,ChIJZc8pO9J5xkcRoIboHEgHeEk,4.3,4,"Gratis, dus ik klaag niet, maar er kan maar 1 auto tegelijk opladen. CCS, CHAdeMO, en Mennekes type 2 stekkers zijn aanwezig. Ook kan iedereen jouw sessie beëindigen, omdat je sessie niet gelocked is (door bijv. swipen met een pasje)."
41660,Mijzijde 32,EVBox,Woerden,ChIJZc8pO9J5xkcRoIboHEgHeEk,4.3,5,Oplader doet het weer
41660,Mijzijde 32,EVBox,Woerden,ChIJZc8pO9J5xkcRoIboHEgHeEk,4.3,4,"Fijne gratis laadservice van 50 kW, erg populair!

Helaas zijn de kabels te kort, of de paalpositie is niet optimaal.

Helaas geen type 2-laders... (hopelijk komen die er snel, hint hint)"
41640,Van Limburg Stirumstraat 1,Alfen,Den Haag,ChIJN6pq2SO3xUcRoPoGcsm4u-s,5.0,5,"6 x 300kW laders, heerlijke koffie tijdens het wachten en een ruime tafel om te werken."
41640,Van Limburg Stirumstraat 1,Alfen,Den Haag,ChIJN6pq2SO3xUcRoPoGcsm4u-s,5.0,5,"Fijne locatie midden in het centrum van Den Haag. Goede koffie & een schoon toilet in de Shell Café, erg leuk concept en lekkere stoelen om in te wachten tijdens het laden. Aanrader!"
41640,Van Limburg Stirumstraat 1,Alfen,Den Haag,ChIJN6pq2SO3xUcRoPoGcsm4u-s,5.0,5,"Wat een mooie winkel is dit zeg. Goede koffie, nette WC en even laptopje open terwijl de auto oplaad. Ideaal zo midden in de stad."
41640,Van Limburg Stirumstraat 1,Alfen,Den Haag,ChIJN6pq2SO3xUcRoPoGcsm4u-s,5.0,5,Ideale locatie! Tijdens mijn meeting kunnen laden onder het genot van een heerlijke koffie. Aanrader!
41640,Van Limburg Stirumstraat 1,Alfen,Den Haag,ChIJN6pq2SO3xUcRoPoGcsm4u-s,5.0,5,"Een hele prettige locatie in het centrum van Den Haag (overdekt, 30 minuten gratis parkeren bij snelladen en ruimte om te werken)."
41616,Veren Ambachtseweg,ThePluginCompany (Belgium),Ridderkerk,ChIJcWLvAPMzxEcRYUG0NYt415w,4.2,5,"Goede laad locatie, centraal gelegen aan verschillende invalswegen.
De locatie was zeer netjes en er waren genoeg laadpalen vrij.
Er is een van dervalk hotel naast met bar en toiletten.
Kortom een algemeen goede ervaring om je Tesla op te laden."
41616,Veren Ambachtseweg,ThePluginCompany (Belgium),Ridderkerk,ChIJcWLvAPMzxEcRYUG0NYt415w,4.2,4,Mooie ruime plaats met veel beschikbare opladers. Hotel vd Valk is vlakbij voor als wat wilt eten/drinken
41616,Veren Ambachtseweg,ThePluginCompany (Belgium),Ridderkerk,ChIJcWLvAPMzxEcRYUG0NYt415w,4.2,5,"Prima laadpunt, super geregeld zonder pasjes of tags. Je komt aanrijden, slagboom gaat open, stekker erin en chillen maar, heerlijk!"
41616,Veren Ambachtseweg,ThePluginCompany (Belgium),Ridderkerk,ChIJcWLvAPMzxEcRYUG0NYt415w,4.2,3,Helaas elke keer weer een aantal laders buiten werking en snelladen soms niet optimaal mede vanwege oudere/verouderde laadpalen.
41616,Veren Ambachtseweg,ThePluginCompany (Belgium),Ridderkerk,ChIJcWLvAPMzxEcRYUG0NYt415w,4.2,2,"Opladen gaat al een tijdje met minder snelheid. Max 35 kW haal ik nu al verschillende weken achter elkaar. Gelukkig heb ik steeds de tijd, maar is niet echt snel. Op sommige momenten best druk hier.
Slagbomen gaan automatisch open bij aankomst en vertrek.

Komen ook veel niet Tesla rijders hier laden, dat terwijl er ook een aantal ""gewone"" snelladers staan.

Bar en toilet in Valk hotel. Prima geregeld trouwens."
41615,Veren Ambachtseweg,ThePluginCompany (Belgium),Ridderkerk,ChIJcWLvAPMzxEcRYUG0NYt415w,4.2,5,"Goede laad locatie, centraal gelegen aan verschillende invalswegen.
De locatie was zeer netjes en er waren genoeg laadpalen vrij.
Er is een van dervalk hotel naast met bar en toiletten.
Kortom een algemeen goede ervaring om je Tesla op te laden."
41615,Veren Ambachtseweg,ThePluginCompany (Belgium),Ridderkerk,ChIJcWLvAPMzxEcRYUG0NYt415w,4.2,4,Mooie ruime plaats met veel beschikbare opladers. Hotel vd Valk is vlakbij voor als wat wilt eten/drinken
41615,Veren Ambachtseweg,ThePluginCompany (Belgium),Ridderkerk,ChIJcWLvAPMzxEcRYUG0NYt415w,4.2,5,"Prima laadpunt, super geregeld zonder pasjes of tags. Je komt aanrijden, slagboom gaat open, stekker erin en chillen maar, heerlijk!"
41615,Veren Ambachtseweg,ThePluginCompany (Belgium),Ridderkerk,ChIJcWLvAPMzxEcRYUG0NYt415w,4.2,3,Helaas elke keer weer een aantal laders buiten werking en snelladen soms niet optimaal mede vanwege oudere/verouderde laadpalen.
41615,Veren Ambachtseweg,ThePluginCompany (Belgium),Ridderkerk,ChIJcWLvAPMzxEcRYUG0NYt415w,4.2,2,"Opladen gaat al een tijdje met minder snelheid. Max 35 kW haal ik nu al verschillende weken achter elkaar. Gelukkig heb ik steeds de tijd, maar is niet echt snel. Op sommige momenten best druk hier.
Slagbomen gaan automatisch open bij aankomst en vertrek.

Komen ook veel niet Tesla rijders hier laden, dat terwijl er ook een aantal ""gewone"" snelladers staan.

Bar en toilet in Valk hotel. Prima geregeld trouwens."
40829,Bordewijklaan 18,Shell Recharge Solutions (BE),Den Haag,ChIJHaMqFpa3xUcRx4_EQPsTPug,1.0,1,Geen publieke opladers
40821,Jacques Urlusstraat 47,Alfen,Den Haag,ChIJqRz2UaWxxUcRGMt5W6kBD64,3.7,5,Prima plek!!
40821,Jacques Urlusstraat 47,Alfen,Den Haag,ChIJqRz2UaWxxUcRGMt5W6kBD64,3.7,4,Prijs kan beter
40821,Jacques Urlusstraat 47,Alfen,Den Haag,ChIJqRz2UaWxxUcRGMt5W6kBD64,3.7,3,Google denkt dat deze locatie gesloten is nadat fastned daar weg is
40821,Jacques Urlusstraat 47,Alfen,Den Haag,ChIJqRz2UaWxxUcRGMt5W6kBD64,3.7,2,Duur
40821,Jacques Urlusstraat 47,Alfen,Den Haag,ChIJqRz2UaWxxUcRGMt5W6kBD64,3.7,3,Max 30 kWh snelheid :(
38257,Euratomplein,EVnetNL,Heemskerk,ChIJZXoR7mr6xUcREG23Ry-xhos,3.7,4,Opzich een prima laadplaats alleen jammer dat er maar twee laadpunten zijn waardoor er vaak een wachttijd is
38257,Euratomplein,EVnetNL,Heemskerk,ChIJZXoR7mr6xUcREG23Ry-xhos,3.7,1,Vreeselijk! Autos wachten zolang om geladen te worden! Twee maanden geleden zag ik met mijn ogen hoe een auto tijdens het opladen in vlammen op ging!
38257,Euratomplein,EVnetNL,Heemskerk,ChIJZXoR7mr6xUcREG23Ry-xhos,3.7,5,Hele fijne paal. Auto rijdt uitstekend op de geleverde stroom.
38257,Euratomplein,EVnetNL,Heemskerk,ChIJZXoR7mr6xUcREG23Ry-xhos,3.7,4,"1e keer opgeladen bij fastned
Geen problemen ervaren.
Laadsessie duurde langer dan ik had verwacht.  Op 70% losgekoppeld"
38257,Euratomplein,EVnetNL,Heemskerk,ChIJZXoR7mr6xUcREG23Ry-xhos,3.7,5,Altijd lekker als je de accu weer op tijd kan opladen met een kopje koffie van Twaalfmaat erbij
38256,Mississippistraat 110,Shell Recharge Solutions (BE),Purmerend,ChIJU8qJiSUHxkcRR_jCCHr7pRY,2.0,1,"Verschrikkelijke fastcharger. Al ruim een jaar minimaal 2 kapotte palen, slechte service wanneer de servicedesk wordt gebeld en aan de andere reviews te zien wordt er niks aan gedaan behalve ‘mogen wij je benaderen’. NEE, stuur monteurs om de palen te fixen, ik heb geen behoefte aan een praatje over de defecte apparatuur.
De 160kw is een utopie, want meer dan 60kw uit de charger halen met een auto die ruim 100 aankan is een ‘mazzeltje’.
Lekker doorrijden naar een Fastned, deze charger is de centen niet waard."
38256,Mississippistraat 110,Shell Recharge Solutions (BE),Purmerend,ChIJU8qJiSUHxkcRR_jCCHr7pRY,2.0,1,"Geen aanrader, laden gaat langzaam (160kw aangegeven op de paal, 45kw komt binnen) en stopt regelmatig (foutmeldingen, verbindingsfouten).
Iets verder langs de snelweg zitten FastNed stations, daar zou ik eerder naartoe gaan."
38256,Mississippistraat 110,Shell Recharge Solutions (BE),Purmerend,ChIJU8qJiSUHxkcRR_jCCHr7pRY,2.0,1,"3 van de 4 palen werken niet

5 sept 2023: wederom een paal die werkte nu niet meer werkt..

9 sept: Ze hebben alle CCS stekkers gesloopt.."
38256,Mississippistraat 110,Shell Recharge Solutions (BE),Purmerend,ChIJU8qJiSUHxkcRR_jCCHr7pRY,2.0,4,Prima laadplek. 2 van de 4 laadpunten werkte naar behoren. Laadpunt dichtbij de shop waar je een lekker broodje kunt halen.
38256,Mississippistraat 110,Shell Recharge Solutions (BE),Purmerend,ChIJU8qJiSUHxkcRR_jCCHr7pRY,2.0,1,1 van de 2 werkende laders is zeer slecht onderbreekt vaak als hij al start
38254,Verlengde Voorstraat 42,EVnetNL,Beverwijk,ChIJ1T8FCYfwxUcRC_KgrpVEPL8,4.0,3,"Doordat de vakken schuin zijn, en mijn laadpunt achterop de auto zit, moet ik tegen de richting in, achteruit inparkeren om de stekker in de auto te kunnen steken, niet echt handig. Verder heel fijn dat er een snellader beschikbaar is!"
38254,Verlengde Voorstraat 42,EVnetNL,Beverwijk,ChIJ1T8FCYfwxUcRC_KgrpVEPL8,4.0,5,Werkt perfect. 👍🏼
38245,Pieterman 2,EVnetNL,Edam-Volendam,ChIJvV4Hc5IExkcRcYabREB4OY4,2.5,4,Het werkt prima als je de ChargeAssist-app downloadt zoals beschreven bij het laadstation. Het werkte echter niet met een van mijn Duitse EV-kaarten.
38245,Pieterman 2,EVnetNL,Edam-Volendam,ChIJvV4Hc5IExkcRcYabREB4OY4,2.5,1,Geen stroom... helemaal niets. Teleurstellend.
38222,Van Borsselestraat 26,EVnetNL,Beverwijk,ChIJ1T8FCYfwxUcRC_KgrpVEPL8,4.0,3,"Doordat de vakken schuin zijn, en mijn laadpunt achterop de auto zit, moet ik tegen de richting in, achteruit inparkeren om de stekker in de auto te kunnen steken, niet echt handig. Verder heel fijn dat er een snellader beschikbaar is!"
38222,Van Borsselestraat 26,EVnetNL,Beverwijk,ChIJ1T8FCYfwxUcRC_KgrpVEPL8,4.0,5,Werkt perfect. 👍🏼
38196,Randweg 43,EVnetNL,Beverwijk,ChIJ_ww8N4L6xUcRfEHcTLSCius,4.0,4,Mag.wel.een laadpaaltje meer of 3
38187,Zuiderkade 27,EVnetNL,Beverwijk,ChIJ_ww8N4L6xUcRfEHcTLSCius,4.0,4,Mag.wel.een laadpaaltje meer of 3
38152,Jonkerplantsoen 7,EVnetNL,Zaanstad,ChIJ7fAmUe_8xUcRpK8rn7UtbLY,3.7,5,"Gratis 50kW lader ChaDeMo en CCS met 43kW AC type, wel vaak bezet."
38152,Jonkerplantsoen 7,EVnetNL,Zaanstad,ChIJ7fAmUe_8xUcRpK8rn7UtbLY,3.7,5,"Deze Locatie heeft terminste 50kw AC Snelladen, Dat heeft Fastned A8 niet.
ev charging  EV charging stations"
38152,Jonkerplantsoen 7,EVnetNL,Zaanstad,ChIJ7fAmUe_8xUcRpK8rn7UtbLY,3.7,1,"Veel te duur, laadtarief is ruim 2x zo veel als alternatieven. De tijd dat dit laadpunt gratis was is voorbij."
38152,Jonkerplantsoen 7,EVnetNL,Zaanstad,ChIJ7fAmUe_8xUcRpK8rn7UtbLY,3.7,5,"Top, zo'n gratis oplaadpunt. Dat zouden meer bedrijven moeten doen:)"
38152,Jonkerplantsoen 7,EVnetNL,Zaanstad,ChIJ7fAmUe_8xUcRpK8rn7UtbLY,3.7,4,Doet 44kwh op CCS.
38122,IJmuiderslag 1,Stadtwerke Clausthal-Zellerfeld,Velsen,ChIJVyfEd8rxxUcRF2nb-afntEw,4.4,5,Handige laadplek naast de Total. Ligt dichtbij DFDS ferry en werkt prima. Is een 300 kW lader met 2x CCS aansluiting en 1x chademo
38122,IJmuiderslag 1,Stadtwerke Clausthal-Zellerfeld,Velsen,ChIJVyfEd8rxxUcRF2nb-afntEw,4.4,5,Binnen 28 minuten naar 40%
38122,IJmuiderslag 1,Stadtwerke Clausthal-Zellerfeld,Velsen,ChIJVyfEd8rxxUcRF2nb-afntEw,4.4,5,"Even snel bijgeladen na de overtocht vanuit Newcastle, ideale lokatie."
38122,IJmuiderslag 1,Stadtwerke Clausthal-Zellerfeld,Velsen,ChIJVyfEd8rxxUcRF2nb-afntEw,4.4,1,"Laden niet gelukt, staat al een aantal weken defect."
38122,IJmuiderslag 1,Stadtwerke Clausthal-Zellerfeld,Velsen,ChIJVyfEd8rxxUcRF2nb-afntEw,4.4,5,Goedkope LPG
38098,Zon Bastion 21,EVnetNL,Velsen,ChIJ25MyD_zvxUcRzp9MHEnAUPc,4.0,5,Oplaadpunt voor electrische auto's
38098,Zon Bastion 21,EVnetNL,Velsen,ChIJ25MyD_zvxUcRzp9MHEnAUPc,4.0,5,Gratis parkeren. Veel ruimte.
38097,Zwanebloembocht 57,EVnetNL,Velsen,ChIJ25MyD_zvxUcRzp9MHEnAUPc,4.0,5,Oplaadpunt voor electrische auto's
38097,Zwanebloembocht 57,EVnetNL,Velsen,ChIJ25MyD_zvxUcRzp9MHEnAUPc,4.0,5,Gratis parkeren. Veel ruimte.
38076,Symon Spiersweg 6,Ecotap,Zaanstad,ChIJfzbeNijjxUcRl4nIB6F--S8,2.5,1,Werkt helaas niet. Jammer dat er zoveel elektrische laadpalen niet werken.
38076,Symon Spiersweg 6,Ecotap,Zaanstad,ChIJfzbeNijjxUcRl4nIB6F--S8,2.5,1,Werkt al maanden niet meer.
38076,Symon Spiersweg 6,Ecotap,Zaanstad,ChIJfzbeNijjxUcRl4nIB6F--S8,2.5,5,Werkt
38069,Adriaan Loosjesstraat 7,Essent (NL),Amsterdam,ChIJ44dOM8sLxkcRSP9kYAxh6m8,4.4,4,"Voor auto en persoon, Fastned & Fastfood.
Goed gelegen locatie voor het opladen van je auto en de inwendige mens. Vervelend aan die locatie, zijn die vreselijke drempels en soms is er een wachtrij doordat er taxi's en bedrijfsbusjes staan op te laden."
38069,Adriaan Loosjesstraat 7,Essent (NL),Amsterdam,ChIJ44dOM8sLxkcRSP9kYAxh6m8,4.4,5,"Genoeg tentjes om wat te eten
Wel druk maar ook veel laadplekken."
38069,Adriaan Loosjesstraat 7,Essent (NL),Amsterdam,ChIJ44dOM8sLxkcRSP9kYAxh6m8,4.4,4,Eigenlijk altijd druk maar genoeg te snacken vlakbij
38069,Adriaan Loosjesstraat 7,Essent (NL),Amsterdam,ChIJ44dOM8sLxkcRSP9kYAxh6m8,4.4,4,"Ruime plaatsen met afvalbakken. In de nacht goed verlicht, geen onveilig gevoel (was enige gebruiker om 4:00 uur)"
38069,Adriaan Loosjesstraat 7,Essent (NL),Amsterdam,ChIJ44dOM8sLxkcRSP9kYAxh6m8,4.4,5,Goede locatie om de auto weer snel op te laden. Veel laadpunten en ook genoeg fastfood dichtbij als je toch even moet wachten.
38028,Elpermeer 207,Essent (NL),Amsterdam,ChIJ44dOM8sLxkcRSP9kYAxh6m8,4.4,4,"Voor auto en persoon, Fastned & Fastfood.
Goed gelegen locatie voor het opladen van je auto en de inwendige mens. Vervelend aan die locatie, zijn die vreselijke drempels en soms is er een wachtrij doordat er taxi's en bedrijfsbusjes staan op te laden."
38028,Elpermeer 207,Essent (NL),Amsterdam,ChIJ44dOM8sLxkcRSP9kYAxh6m8,4.4,5,"Genoeg tentjes om wat te eten
Wel druk maar ook veel laadplekken."
38028,Elpermeer 207,Essent (NL),Amsterdam,ChIJ44dOM8sLxkcRSP9kYAxh6m8,4.4,4,Eigenlijk altijd druk maar genoeg te snacken vlakbij
38028,Elpermeer 207,Essent (NL),Amsterdam,ChIJ44dOM8sLxkcRSP9kYAxh6m8,4.4,4,"Ruime plaatsen met afvalbakken. In de nacht goed verlicht, geen onveilig gevoel (was enige gebruiker om 4:00 uur)"
38028,Elpermeer 207,Essent (NL),Amsterdam,ChIJ44dOM8sLxkcRSP9kYAxh6m8,4.4,5,Goede locatie om de auto weer snel op te laden. Veel laadpunten en ook genoeg fastfood dichtbij als je toch even moet wachten.
38016,Buiksloterdijk 314,Essent (NL),Amsterdam,ChIJ44dOM8sLxkcRSP9kYAxh6m8,4.4,4,"Voor auto en persoon, Fastned & Fastfood.
Goed gelegen locatie voor het opladen van je auto en de inwendige mens. Vervelend aan die locatie, zijn die vreselijke drempels en soms is er een wachtrij doordat er taxi's en bedrijfsbusjes staan op te laden."
38016,Buiksloterdijk 314,Essent (NL),Amsterdam,ChIJ44dOM8sLxkcRSP9kYAxh6m8,4.4,5,"Genoeg tentjes om wat te eten
Wel druk maar ook veel laadplekken."
38016,Buiksloterdijk 314,Essent (NL),Amsterdam,ChIJ44dOM8sLxkcRSP9kYAxh6m8,4.4,4,Eigenlijk altijd druk maar genoeg te snacken vlakbij
38016,Buiksloterdijk 314,Essent (NL),Amsterdam,ChIJ44dOM8sLxkcRSP9kYAxh6m8,4.4,4,"Ruime plaatsen met afvalbakken. In de nacht goed verlicht, geen onveilig gevoel (was enige gebruiker om 4:00 uur)"
38016,Buiksloterdijk 314,Essent (NL),Amsterdam,ChIJ44dOM8sLxkcRSP9kYAxh6m8,4.4,5,Goede locatie om de auto weer snel op te laden. Veel laadpunten en ook genoeg fastfood dichtbij als je toch even moet wachten.
38006,Kamillestraat 1,Essent (NL),Amsterdam,ChIJ44dOM8sLxkcRSP9kYAxh6m8,4.4,4,"Voor auto en persoon, Fastned & Fastfood.
Goed gelegen locatie voor het opladen van je auto en de inwendige mens. Vervelend aan die locatie, zijn die vreselijke drempels en soms is er een wachtrij doordat er taxi's en bedrijfsbusjes staan op te laden."
38006,Kamillestraat 1,Essent (NL),Amsterdam,ChIJ44dOM8sLxkcRSP9kYAxh6m8,4.4,5,"Genoeg tentjes om wat te eten
Wel druk maar ook veel laadplekken."
38006,Kamillestraat 1,Essent (NL),Amsterdam,ChIJ44dOM8sLxkcRSP9kYAxh6m8,4.4,4,Eigenlijk altijd druk maar genoeg te snacken vlakbij
38006,Kamillestraat 1,Essent (NL),Amsterdam,ChIJ44dOM8sLxkcRSP9kYAxh6m8,4.4,4,"Ruime plaatsen met afvalbakken. In de nacht goed verlicht, geen onveilig gevoel (was enige gebruiker om 4:00 uur)"
38006,Kamillestraat 1,Essent (NL),Amsterdam,ChIJ44dOM8sLxkcRSP9kYAxh6m8,4.4,5,Goede locatie om de auto weer snel op te laden. Veel laadpunten en ook genoeg fastfood dichtbij als je toch even moet wachten.
38001,Archangelkade 22,Essent (NL),Amsterdam,ChIJ44dOM8sLxkcRSP9kYAxh6m8,4.4,4,"Voor auto en persoon, Fastned & Fastfood.
Goed gelegen locatie voor het opladen van je auto en de inwendige mens. Vervelend aan die locatie, zijn die vreselijke drempels en soms is er een wachtrij doordat er taxi's en bedrijfsbusjes staan op te laden."
38001,Archangelkade 22,Essent (NL),Amsterdam,ChIJ44dOM8sLxkcRSP9kYAxh6m8,4.4,5,"Genoeg tentjes om wat te eten
Wel druk maar ook veel laadplekken."
38001,Archangelkade 22,Essent (NL),Amsterdam,ChIJ44dOM8sLxkcRSP9kYAxh6m8,4.4,4,Eigenlijk altijd druk maar genoeg te snacken vlakbij
38001,Archangelkade 22,Essent (NL),Amsterdam,ChIJ44dOM8sLxkcRSP9kYAxh6m8,4.4,4,"Ruime plaatsen met afvalbakken. In de nacht goed verlicht, geen onveilig gevoel (was enige gebruiker om 4:00 uur)"
38001,Archangelkade 22,Essent (NL),Amsterdam,ChIJ44dOM8sLxkcRSP9kYAxh6m8,4.4,5,Goede locatie om de auto weer snel op te laden. Veel laadpunten en ook genoeg fastfood dichtbij als je toch even moet wachten.
37989,Papaverweg 9,Essent (NL),Amsterdam,ChIJ44dOM8sLxkcRSP9kYAxh6m8,4.4,4,"Voor auto en persoon, Fastned & Fastfood.
Goed gelegen locatie voor het opladen van je auto en de inwendige mens. Vervelend aan die locatie, zijn die vreselijke drempels en soms is er een wachtrij doordat er taxi's en bedrijfsbusjes staan op te laden."
37989,Papaverweg 9,Essent (NL),Amsterdam,ChIJ44dOM8sLxkcRSP9kYAxh6m8,4.4,5,"Genoeg tentjes om wat te eten
Wel druk maar ook veel laadplekken."
37989,Papaverweg 9,Essent (NL),Amsterdam,ChIJ44dOM8sLxkcRSP9kYAxh6m8,4.4,4,Eigenlijk altijd druk maar genoeg te snacken vlakbij
37989,Papaverweg 9,Essent (NL),Amsterdam,ChIJ44dOM8sLxkcRSP9kYAxh6m8,4.4,4,"Ruime plaatsen met afvalbakken. In de nacht goed verlicht, geen onveilig gevoel (was enige gebruiker om 4:00 uur)"
37989,Papaverweg 9,Essent (NL),Amsterdam,ChIJ44dOM8sLxkcRSP9kYAxh6m8,4.4,5,Goede locatie om de auto weer snel op te laden. Veel laadpunten en ook genoeg fastfood dichtbij als je toch even moet wachten.
37972,Distelkade,Stadtwerke Clausthal-Zellerfeld,Amsterdam,ChIJOQBAwEoIxkcRnisYzsZIn2E,3.7,1,prive terrein
37972,Distelkade,Stadtwerke Clausthal-Zellerfeld,Amsterdam,ChIJOQBAwEoIxkcRnisYzsZIn2E,3.7,5,"Dit is een fijne plek voor een kop koffie met gebak of een maaltijd. Het ligt vlak bij de hoofdweg naar Purmerend, Edam, Amsterdam. Er zijn oplaadpunten voor elektrische auto's, dus het is zeker de moeite waard om even te stoppen als je je accu moet opladen."
37963,Purmerplein 33,Essent (NL),Amsterdam,ChIJ44dOM8sLxkcRSP9kYAxh6m8,4.4,4,"Voor auto en persoon, Fastned & Fastfood.
Goed gelegen locatie voor het opladen van je auto en de inwendige mens. Vervelend aan die locatie, zijn die vreselijke drempels en soms is er een wachtrij doordat er taxi's en bedrijfsbusjes staan op te laden."
37963,Purmerplein 33,Essent (NL),Amsterdam,ChIJ44dOM8sLxkcRSP9kYAxh6m8,4.4,5,"Genoeg tentjes om wat te eten
Wel druk maar ook veel laadplekken."
37963,Purmerplein 33,Essent (NL),Amsterdam,ChIJ44dOM8sLxkcRSP9kYAxh6m8,4.4,4,Eigenlijk altijd druk maar genoeg te snacken vlakbij
37963,Purmerplein 33,Essent (NL),Amsterdam,ChIJ44dOM8sLxkcRSP9kYAxh6m8,4.4,4,"Ruime plaatsen met afvalbakken. In de nacht goed verlicht, geen onveilig gevoel (was enige gebruiker om 4:00 uur)"
37963,Purmerplein 33,Essent (NL),Amsterdam,ChIJ44dOM8sLxkcRSP9kYAxh6m8,4.4,5,Goede locatie om de auto weer snel op te laden. Veel laadpunten en ook genoeg fastfood dichtbij als je toch even moet wachten.
37960,Meeuwenlaan 140,Essent (NL),Amsterdam,ChIJ44dOM8sLxkcRSP9kYAxh6m8,4.4,4,"Voor auto en persoon, Fastned & Fastfood.
Goed gelegen locatie voor het opladen van je auto en de inwendige mens. Vervelend aan die locatie, zijn die vreselijke drempels en soms is er een wachtrij doordat er taxi's en bedrijfsbusjes staan op te laden."
37960,Meeuwenlaan 140,Essent (NL),Amsterdam,ChIJ44dOM8sLxkcRSP9kYAxh6m8,4.4,5,"Genoeg tentjes om wat te eten
Wel druk maar ook veel laadplekken."
37960,Meeuwenlaan 140,Essent (NL),Amsterdam,ChIJ44dOM8sLxkcRSP9kYAxh6m8,4.4,4,Eigenlijk altijd druk maar genoeg te snacken vlakbij
37960,Meeuwenlaan 140,Essent (NL),Amsterdam,ChIJ44dOM8sLxkcRSP9kYAxh6m8,4.4,4,"Ruime plaatsen met afvalbakken. In de nacht goed verlicht, geen onveilig gevoel (was enige gebruiker om 4:00 uur)"
37960,Meeuwenlaan 140,Essent (NL),Amsterdam,ChIJ44dOM8sLxkcRSP9kYAxh6m8,4.4,5,Goede locatie om de auto weer snel op te laden. Veel laadpunten en ook genoeg fastfood dichtbij als je toch even moet wachten.
37954,Asterweg 15C,Essent (NL),Amsterdam,ChIJ44dOM8sLxkcRSP9kYAxh6m8,4.4,4,"Voor auto en persoon, Fastned & Fastfood.
Goed gelegen locatie voor het opladen van je auto en de inwendige mens. Vervelend aan die locatie, zijn die vreselijke drempels en soms is er een wachtrij doordat er taxi's en bedrijfsbusjes staan op te laden."
37954,Asterweg 15C,Essent (NL),Amsterdam,ChIJ44dOM8sLxkcRSP9kYAxh6m8,4.4,5,"Genoeg tentjes om wat te eten
Wel druk maar ook veel laadplekken."
37954,Asterweg 15C,Essent (NL),Amsterdam,ChIJ44dOM8sLxkcRSP9kYAxh6m8,4.4,4,Eigenlijk altijd druk maar genoeg te snacken vlakbij
37954,Asterweg 15C,Essent (NL),Amsterdam,ChIJ44dOM8sLxkcRSP9kYAxh6m8,4.4,4,"Ruime plaatsen met afvalbakken. In de nacht goed verlicht, geen onveilig gevoel (was enige gebruiker om 4:00 uur)"
37954,Asterweg 15C,Essent (NL),Amsterdam,ChIJ44dOM8sLxkcRSP9kYAxh6m8,4.4,5,Goede locatie om de auto weer snel op te laden. Veel laadpunten en ook genoeg fastfood dichtbij als je toch even moet wachten.
37952,Barentszplein 5-H,Essent (NL),Amsterdam,ChIJ44dOM8sLxkcRSP9kYAxh6m8,4.4,4,"Voor auto en persoon, Fastned & Fastfood.
Goed gelegen locatie voor het opladen van je auto en de inwendige mens. Vervelend aan die locatie, zijn die vreselijke drempels en soms is er een wachtrij doordat er taxi's en bedrijfsbusjes staan op te laden."
37952,Barentszplein 5-H,Essent (NL),Amsterdam,ChIJ44dOM8sLxkcRSP9kYAxh6m8,4.4,5,"Genoeg tentjes om wat te eten
Wel druk maar ook veel laadplekken."
37952,Barentszplein 5-H,Essent (NL),Amsterdam,ChIJ44dOM8sLxkcRSP9kYAxh6m8,4.4,4,Eigenlijk altijd druk maar genoeg te snacken vlakbij
37952,Barentszplein 5-H,Essent (NL),Amsterdam,ChIJ44dOM8sLxkcRSP9kYAxh6m8,4.4,4,"Ruime plaatsen met afvalbakken. In de nacht goed verlicht, geen onveilig gevoel (was enige gebruiker om 4:00 uur)"
37952,Barentszplein 5-H,Essent (NL),Amsterdam,ChIJ44dOM8sLxkcRSP9kYAxh6m8,4.4,5,Goede locatie om de auto weer snel op te laden. Veel laadpunten en ook genoeg fastfood dichtbij als je toch even moet wachten.
37948,Geraniumweg,Essent (NL),Amsterdam,ChIJ44dOM8sLxkcRSP9kYAxh6m8,4.4,4,"Voor auto en persoon, Fastned & Fastfood.
Goed gelegen locatie voor het opladen van je auto en de inwendige mens. Vervelend aan die locatie, zijn die vreselijke drempels en soms is er een wachtrij doordat er taxi's en bedrijfsbusjes staan op te laden."
37948,Geraniumweg,Essent (NL),Amsterdam,ChIJ44dOM8sLxkcRSP9kYAxh6m8,4.4,5,"Genoeg tentjes om wat te eten
Wel druk maar ook veel laadplekken."
37948,Geraniumweg,Essent (NL),Amsterdam,ChIJ44dOM8sLxkcRSP9kYAxh6m8,4.4,4,Eigenlijk altijd druk maar genoeg te snacken vlakbij
37948,Geraniumweg,Essent (NL),Amsterdam,ChIJ44dOM8sLxkcRSP9kYAxh6m8,4.4,4,"Ruime plaatsen met afvalbakken. In de nacht goed verlicht, geen onveilig gevoel (was enige gebruiker om 4:00 uur)"
37948,Geraniumweg,Essent (NL),Amsterdam,ChIJ44dOM8sLxkcRSP9kYAxh6m8,4.4,5,Goede locatie om de auto weer snel op te laden. Veel laadpunten en ook genoeg fastfood dichtbij als je toch even moet wachten.
37944,Planciusstraat 1A-1,Essent (NL),Amsterdam,ChIJ44dOM8sLxkcRSP9kYAxh6m8,4.4,4,"Voor auto en persoon, Fastned & Fastfood.
Goed gelegen locatie voor het opladen van je auto en de inwendige mens. Vervelend aan die locatie, zijn die vreselijke drempels en soms is er een wachtrij doordat er taxi's en bedrijfsbusjes staan op te laden."
37944,Planciusstraat 1A-1,Essent (NL),Amsterdam,ChIJ44dOM8sLxkcRSP9kYAxh6m8,4.4,5,"Genoeg tentjes om wat te eten
Wel druk maar ook veel laadplekken."
37944,Planciusstraat 1A-1,Essent (NL),Amsterdam,ChIJ44dOM8sLxkcRSP9kYAxh6m8,4.4,4,Eigenlijk altijd druk maar genoeg te snacken vlakbij
37944,Planciusstraat 1A-1,Essent (NL),Amsterdam,ChIJ44dOM8sLxkcRSP9kYAxh6m8,4.4,4,"Ruime plaatsen met afvalbakken. In de nacht goed verlicht, geen onveilig gevoel (was enige gebruiker om 4:00 uur)"
37944,Planciusstraat 1A-1,Essent (NL),Amsterdam,ChIJ44dOM8sLxkcRSP9kYAxh6m8,4.4,5,Goede locatie om de auto weer snel op te laden. Veel laadpunten en ook genoeg fastfood dichtbij als je toch even moet wachten.
37926,Haarlemmerweg 51-1,Essent (NL),Amsterdam,ChIJ44dOM8sLxkcRSP9kYAxh6m8,4.4,4,"Voor auto en persoon, Fastned & Fastfood.
Goed gelegen locatie voor het opladen van je auto en de inwendige mens. Vervelend aan die locatie, zijn die vreselijke drempels en soms is er een wachtrij doordat er taxi's en bedrijfsbusjes staan op te laden."
37926,Haarlemmerweg 51-1,Essent (NL),Amsterdam,ChIJ44dOM8sLxkcRSP9kYAxh6m8,4.4,5,"Genoeg tentjes om wat te eten
Wel druk maar ook veel laadplekken."
37926,Haarlemmerweg 51-1,Essent (NL),Amsterdam,ChIJ44dOM8sLxkcRSP9kYAxh6m8,4.4,4,Eigenlijk altijd druk maar genoeg te snacken vlakbij
37926,Haarlemmerweg 51-1,Essent (NL),Amsterdam,ChIJ44dOM8sLxkcRSP9kYAxh6m8,4.4,4,"Ruime plaatsen met afvalbakken. In de nacht goed verlicht, geen onveilig gevoel (was enige gebruiker om 4:00 uur)"
37926,Haarlemmerweg 51-1,Essent (NL),Amsterdam,ChIJ44dOM8sLxkcRSP9kYAxh6m8,4.4,5,Goede locatie om de auto weer snel op te laden. Veel laadpunten en ook genoeg fastfood dichtbij als je toch even moet wachten.
37907,Nieuwe Wagenstraat 10-H,Essent (NL),Amsterdam,ChIJ44dOM8sLxkcRSP9kYAxh6m8,4.4,4,"Voor auto en persoon, Fastned & Fastfood.
Goed gelegen locatie voor het opladen van je auto en de inwendige mens. Vervelend aan die locatie, zijn die vreselijke drempels en soms is er een wachtrij doordat er taxi's en bedrijfsbusjes staan op te laden."
37907,Nieuwe Wagenstraat 10-H,Essent (NL),Amsterdam,ChIJ44dOM8sLxkcRSP9kYAxh6m8,4.4,5,"Genoeg tentjes om wat te eten
Wel druk maar ook veel laadplekken."
37907,Nieuwe Wagenstraat 10-H,Essent (NL),Amsterdam,ChIJ44dOM8sLxkcRSP9kYAxh6m8,4.4,4,Eigenlijk altijd druk maar genoeg te snacken vlakbij
37907,Nieuwe Wagenstraat 10-H,Essent (NL),Amsterdam,ChIJ44dOM8sLxkcRSP9kYAxh6m8,4.4,4,"Ruime plaatsen met afvalbakken. In de nacht goed verlicht, geen onveilig gevoel (was enige gebruiker om 4:00 uur)"
37907,Nieuwe Wagenstraat 10-H,Essent (NL),Amsterdam,ChIJ44dOM8sLxkcRSP9kYAxh6m8,4.4,5,Goede locatie om de auto weer snel op te laden. Veel laadpunten en ook genoeg fastfood dichtbij als je toch even moet wachten.
37906,Koudenhorn 2,EVnetNL,Haarlem,ChIJL8I85m7vxUcR9g8kmPT6bIk,5.0,5,Goed
37887,Haarlemmer Houttuinen 273,Essent (NL),Amsterdam,ChIJ44dOM8sLxkcRSP9kYAxh6m8,4.4,4,"Voor auto en persoon, Fastned & Fastfood.
Goed gelegen locatie voor het opladen van je auto en de inwendige mens. Vervelend aan die locatie, zijn die vreselijke drempels en soms is er een wachtrij doordat er taxi's en bedrijfsbusjes staan op te laden."
37887,Haarlemmer Houttuinen 273,Essent (NL),Amsterdam,ChIJ44dOM8sLxkcRSP9kYAxh6m8,4.4,5,"Genoeg tentjes om wat te eten
Wel druk maar ook veel laadplekken."
37887,Haarlemmer Houttuinen 273,Essent (NL),Amsterdam,ChIJ44dOM8sLxkcRSP9kYAxh6m8,4.4,4,Eigenlijk altijd druk maar genoeg te snacken vlakbij
37887,Haarlemmer Houttuinen 273,Essent (NL),Amsterdam,ChIJ44dOM8sLxkcRSP9kYAxh6m8,4.4,4,"Ruime plaatsen met afvalbakken. In de nacht goed verlicht, geen onveilig gevoel (was enige gebruiker om 4:00 uur)"
37887,Haarlemmer Houttuinen 273,Essent (NL),Amsterdam,ChIJ44dOM8sLxkcRSP9kYAxh6m8,4.4,5,Goede locatie om de auto weer snel op te laden. Veel laadpunten en ook genoeg fastfood dichtbij als je toch even moet wachten.
37886,Van Slingelandtstraat 11,Essent (NL),Amsterdam,ChIJ44dOM8sLxkcRSP9kYAxh6m8,4.4,4,"Voor auto en persoon, Fastned & Fastfood.
Goed gelegen locatie voor het opladen van je auto en de inwendige mens. Vervelend aan die locatie, zijn die vreselijke drempels en soms is er een wachtrij doordat er taxi's en bedrijfsbusjes staan op te laden."
37886,Van Slingelandtstraat 11,Essent (NL),Amsterdam,ChIJ44dOM8sLxkcRSP9kYAxh6m8,4.4,5,"Genoeg tentjes om wat te eten
Wel druk maar ook veel laadplekken."
37886,Van Slingelandtstraat 11,Essent (NL),Amsterdam,ChIJ44dOM8sLxkcRSP9kYAxh6m8,4.4,4,Eigenlijk altijd druk maar genoeg te snacken vlakbij
37886,Van Slingelandtstraat 11,Essent (NL),Amsterdam,ChIJ44dOM8sLxkcRSP9kYAxh6m8,4.4,4,"Ruime plaatsen met afvalbakken. In de nacht goed verlicht, geen onveilig gevoel (was enige gebruiker om 4:00 uur)"
37886,Van Slingelandtstraat 11,Essent (NL),Amsterdam,ChIJ44dOM8sLxkcRSP9kYAxh6m8,4.4,5,Goede locatie om de auto weer snel op te laden. Veel laadpunten en ook genoeg fastfood dichtbij als je toch even moet wachten.
37885,Palmgracht 14-H,Essent (NL),Amsterdam,ChIJ44dOM8sLxkcRSP9kYAxh6m8,4.4,4,"Voor auto en persoon, Fastned & Fastfood.
Goed gelegen locatie voor het opladen van je auto en de inwendige mens. Vervelend aan die locatie, zijn die vreselijke drempels en soms is er een wachtrij doordat er taxi's en bedrijfsbusjes staan op te laden."
37885,Palmgracht 14-H,Essent (NL),Amsterdam,ChIJ44dOM8sLxkcRSP9kYAxh6m8,4.4,5,"Genoeg tentjes om wat te eten
Wel druk maar ook veel laadplekken."
37885,Palmgracht 14-H,Essent (NL),Amsterdam,ChIJ44dOM8sLxkcRSP9kYAxh6m8,4.4,4,Eigenlijk altijd druk maar genoeg te snacken vlakbij
37885,Palmgracht 14-H,Essent (NL),Amsterdam,ChIJ44dOM8sLxkcRSP9kYAxh6m8,4.4,4,"Ruime plaatsen met afvalbakken. In de nacht goed verlicht, geen onveilig gevoel (was enige gebruiker om 4:00 uur)"
37885,Palmgracht 14-H,Essent (NL),Amsterdam,ChIJ44dOM8sLxkcRSP9kYAxh6m8,4.4,5,Goede locatie om de auto weer snel op te laden. Veel laadpunten en ook genoeg fastfood dichtbij als je toch even moet wachten.
37873,Amsterdamsevaart 118G,EVnetNL,Haarlem,ChIJq6rqRIjlxUcRHmWZGABIKTQ,4.1,4,"Top ervaring, heb helaas wel het gevoel alsof het altijd vol staat. Haarlem zou er nog wel makkelijk 2 Fastned stations bij kunnen hebben."
37873,Amsterdamsevaart 118G,EVnetNL,Haarlem,ChIJq6rqRIjlxUcRHmWZGABIKTQ,4.1,3,Als er geen plek beschikbaar is heb je als 1st wachtende geen duidelijke plek om te wachten laat staan als er meer wachtenden zijn…
37873,Amsterdamsevaart 118G,EVnetNL,Haarlem,ChIJq6rqRIjlxUcRHmWZGABIKTQ,4.1,4,"Dit laadpunt zit centraal langs de Oudeweg in de Waarderpolder. Einde middag wel wat druk met verkeer, waardoor het lastig is om er te komen en om er weer weg te rijden. Voor het thuiskomen nog even snel laden. Minder is dat er vaak auto's heel dicht langsrijden om te parkeren voor de Febo."
37873,Amsterdamsevaart 118G,EVnetNL,Haarlem,ChIJq6rqRIjlxUcRHmWZGABIKTQ,4.1,4,Prima plek. Beetje rommelige omgeving. Snelle laadsessie.
37873,Amsterdamsevaart 118G,EVnetNL,Haarlem,ChIJq6rqRIjlxUcRHmWZGABIKTQ,4.1,5,Fijne snelladers. Meestal genoeg plek en power. En een lekker broodje kip van Joosies tijdens het wachten natuurlijk.
37871,Van Beuningenplein 71,Essent (NL),Amsterdam,ChIJ44dOM8sLxkcRSP9kYAxh6m8,4.4,4,"Voor auto en persoon, Fastned & Fastfood.
Goed gelegen locatie voor het opladen van je auto en de inwendige mens. Vervelend aan die locatie, zijn die vreselijke drempels en soms is er een wachtrij doordat er taxi's en bedrijfsbusjes staan op te laden."
37871,Van Beuningenplein 71,Essent (NL),Amsterdam,ChIJ44dOM8sLxkcRSP9kYAxh6m8,4.4,5,"Genoeg tentjes om wat te eten
Wel druk maar ook veel laadplekken."
37871,Van Beuningenplein 71,Essent (NL),Amsterdam,ChIJ44dOM8sLxkcRSP9kYAxh6m8,4.4,4,Eigenlijk altijd druk maar genoeg te snacken vlakbij
37871,Van Beuningenplein 71,Essent (NL),Amsterdam,ChIJ44dOM8sLxkcRSP9kYAxh6m8,4.4,4,"Ruime plaatsen met afvalbakken. In de nacht goed verlicht, geen onveilig gevoel (was enige gebruiker om 4:00 uur)"
37871,Van Beuningenplein 71,Essent (NL),Amsterdam,ChIJ44dOM8sLxkcRSP9kYAxh6m8,4.4,5,Goede locatie om de auto weer snel op te laden. Veel laadpunten en ook genoeg fastfood dichtbij als je toch even moet wachten.
37866,Lindengracht 6A,Essent (NL),Amsterdam,ChIJ44dOM8sLxkcRSP9kYAxh6m8,4.4,4,"Voor auto en persoon, Fastned & Fastfood.
Goed gelegen locatie voor het opladen van je auto en de inwendige mens. Vervelend aan die locatie, zijn die vreselijke drempels en soms is er een wachtrij doordat er taxi's en bedrijfsbusjes staan op te laden."
37866,Lindengracht 6A,Essent (NL),Amsterdam,ChIJ44dOM8sLxkcRSP9kYAxh6m8,4.4,5,"Genoeg tentjes om wat te eten
Wel druk maar ook veel laadplekken."
37866,Lindengracht 6A,Essent (NL),Amsterdam,ChIJ44dOM8sLxkcRSP9kYAxh6m8,4.4,4,Eigenlijk altijd druk maar genoeg te snacken vlakbij
37866,Lindengracht 6A,Essent (NL),Amsterdam,ChIJ44dOM8sLxkcRSP9kYAxh6m8,4.4,4,"Ruime plaatsen met afvalbakken. In de nacht goed verlicht, geen onveilig gevoel (was enige gebruiker om 4:00 uur)"
37866,Lindengracht 6A,Essent (NL),Amsterdam,ChIJ44dOM8sLxkcRSP9kYAxh6m8,4.4,5,Goede locatie om de auto weer snel op te laden. Veel laadpunten en ook genoeg fastfood dichtbij als je toch even moet wachten.
37865,Nico Andriessenstraat 1,EVnetNL,Haarlem,ChIJq6rqRIjlxUcRHmWZGABIKTQ,4.1,4,"Top ervaring, heb helaas wel het gevoel alsof het altijd vol staat. Haarlem zou er nog wel makkelijk 2 Fastned stations bij kunnen hebben."
37865,Nico Andriessenstraat 1,EVnetNL,Haarlem,ChIJq6rqRIjlxUcRHmWZGABIKTQ,4.1,3,Als er geen plek beschikbaar is heb je als 1st wachtende geen duidelijke plek om te wachten laat staan als er meer wachtenden zijn…
37865,Nico Andriessenstraat 1,EVnetNL,Haarlem,ChIJq6rqRIjlxUcRHmWZGABIKTQ,4.1,4,"Dit laadpunt zit centraal langs de Oudeweg in de Waarderpolder. Einde middag wel wat druk met verkeer, waardoor het lastig is om er te komen en om er weer weg te rijden. Voor het thuiskomen nog even snel laden. Minder is dat er vaak auto's heel dicht langsrijden om te parkeren voor de Febo."
37865,Nico Andriessenstraat 1,EVnetNL,Haarlem,ChIJq6rqRIjlxUcRHmWZGABIKTQ,4.1,4,Prima plek. Beetje rommelige omgeving. Snelle laadsessie.
37865,Nico Andriessenstraat 1,EVnetNL,Haarlem,ChIJq6rqRIjlxUcRHmWZGABIKTQ,4.1,5,Fijne snelladers. Meestal genoeg plek en power. En een lekker broodje kip van Joosies tijdens het wachten natuurlijk.
37860,Singel 2B,Essent (NL),Amsterdam,ChIJ44dOM8sLxkcRSP9kYAxh6m8,4.4,4,"Voor auto en persoon, Fastned & Fastfood.
Goed gelegen locatie voor het opladen van je auto en de inwendige mens. Vervelend aan die locatie, zijn die vreselijke drempels en soms is er een wachtrij doordat er taxi's en bedrijfsbusjes staan op te laden."
37860,Singel 2B,Essent (NL),Amsterdam,ChIJ44dOM8sLxkcRSP9kYAxh6m8,4.4,5,"Genoeg tentjes om wat te eten
Wel druk maar ook veel laadplekken."
37860,Singel 2B,Essent (NL),Amsterdam,ChIJ44dOM8sLxkcRSP9kYAxh6m8,4.4,4,Eigenlijk altijd druk maar genoeg te snacken vlakbij
37860,Singel 2B,Essent (NL),Amsterdam,ChIJ44dOM8sLxkcRSP9kYAxh6m8,4.4,4,"Ruime plaatsen met afvalbakken. In de nacht goed verlicht, geen onveilig gevoel (was enige gebruiker om 4:00 uur)"
37860,Singel 2B,Essent (NL),Amsterdam,ChIJ44dOM8sLxkcRSP9kYAxh6m8,4.4,5,Goede locatie om de auto weer snel op te laden. Veel laadpunten en ook genoeg fastfood dichtbij als je toch even moet wachten.
37858,Herenmarkt 23,Essent (NL),Amsterdam,ChIJ44dOM8sLxkcRSP9kYAxh6m8,4.4,4,"Voor auto en persoon, Fastned & Fastfood.
Goed gelegen locatie voor het opladen van je auto en de inwendige mens. Vervelend aan die locatie, zijn die vreselijke drempels en soms is er een wachtrij doordat er taxi's en bedrijfsbusjes staan op te laden."
37858,Herenmarkt 23,Essent (NL),Amsterdam,ChIJ44dOM8sLxkcRSP9kYAxh6m8,4.4,5,"Genoeg tentjes om wat te eten
Wel druk maar ook veel laadplekken."
37858,Herenmarkt 23,Essent (NL),Amsterdam,ChIJ44dOM8sLxkcRSP9kYAxh6m8,4.4,4,Eigenlijk altijd druk maar genoeg te snacken vlakbij
37858,Herenmarkt 23,Essent (NL),Amsterdam,ChIJ44dOM8sLxkcRSP9kYAxh6m8,4.4,4,"Ruime plaatsen met afvalbakken. In de nacht goed verlicht, geen onveilig gevoel (was enige gebruiker om 4:00 uur)"
37858,Herenmarkt 23,Essent (NL),Amsterdam,ChIJ44dOM8sLxkcRSP9kYAxh6m8,4.4,5,Goede locatie om de auto weer snel op te laden. Veel laadpunten en ook genoeg fastfood dichtbij als je toch even moet wachten.
37854,Keizersgracht 21,Essent (NL),Amsterdam,ChIJ44dOM8sLxkcRSP9kYAxh6m8,4.4,4,"Voor auto en persoon, Fastned & Fastfood.
Goed gelegen locatie voor het opladen van je auto en de inwendige mens. Vervelend aan die locatie, zijn die vreselijke drempels en soms is er een wachtrij doordat er taxi's en bedrijfsbusjes staan op te laden."
37854,Keizersgracht 21,Essent (NL),Amsterdam,ChIJ44dOM8sLxkcRSP9kYAxh6m8,4.4,5,"Genoeg tentjes om wat te eten
Wel druk maar ook veel laadplekken."
37854,Keizersgracht 21,Essent (NL),Amsterdam,ChIJ44dOM8sLxkcRSP9kYAxh6m8,4.4,4,Eigenlijk altijd druk maar genoeg te snacken vlakbij
37854,Keizersgracht 21,Essent (NL),Amsterdam,ChIJ44dOM8sLxkcRSP9kYAxh6m8,4.4,4,"Ruime plaatsen met afvalbakken. In de nacht goed verlicht, geen onveilig gevoel (was enige gebruiker om 4:00 uur)"
37854,Keizersgracht 21,Essent (NL),Amsterdam,ChIJ44dOM8sLxkcRSP9kYAxh6m8,4.4,5,Goede locatie om de auto weer snel op te laden. Veel laadpunten en ook genoeg fastfood dichtbij als je toch even moet wachten.
37838,Herengracht 69K,Essent (NL),Amsterdam,ChIJ44dOM8sLxkcRSP9kYAxh6m8,4.4,4,"Voor auto en persoon, Fastned & Fastfood.
Goed gelegen locatie voor het opladen van je auto en de inwendige mens. Vervelend aan die locatie, zijn die vreselijke drempels en soms is er een wachtrij doordat er taxi's en bedrijfsbusjes staan op te laden."
37838,Herengracht 69K,Essent (NL),Amsterdam,ChIJ44dOM8sLxkcRSP9kYAxh6m8,4.4,5,"Genoeg tentjes om wat te eten
Wel druk maar ook veel laadplekken."
37838,Herengracht 69K,Essent (NL),Amsterdam,ChIJ44dOM8sLxkcRSP9kYAxh6m8,4.4,4,Eigenlijk altijd druk maar genoeg te snacken vlakbij
37838,Herengracht 69K,Essent (NL),Amsterdam,ChIJ44dOM8sLxkcRSP9kYAxh6m8,4.4,4,"Ruime plaatsen met afvalbakken. In de nacht goed verlicht, geen onveilig gevoel (was enige gebruiker om 4:00 uur)"
37838,Herengracht 69K,Essent (NL),Amsterdam,ChIJ44dOM8sLxkcRSP9kYAxh6m8,4.4,5,Goede locatie om de auto weer snel op te laden. Veel laadpunten en ook genoeg fastfood dichtbij als je toch even moet wachten.
37835,Piet Heinkade,Stadtwerke Clausthal-Zellerfeld,Amsterdam,ChIJQQgTV6UJxkcRhcJM4C6pzqw,4.8,4,Veel laadpalen in deze grote garage. Palen staan zo ver weg als mogelijk van de hoofdingang.
37835,Piet Heinkade,Stadtwerke Clausthal-Zellerfeld,Amsterdam,ChIJQQgTV6UJxkcRhcJM4C6pzqw,4.8,5,"Binnen in parkeergarage Centrum Amsterdam Oosterdok, niveau -2
Erg praktisch en het werkt.

Laden met 11 kW, € 0,60/kW voor een willekeurige klant zonder Eneco-kaart.

Het is echter niet makkelijk te vinden.

Om er te komen, moet je een flink stuk verder rijden vanaf de auto-ingang
(richting de P-Q-rij in groen + rood)."
37835,Piet Heinkade,Stadtwerke Clausthal-Zellerfeld,Amsterdam,ChIJQQgTV6UJxkcRhcJM4C6pzqw,4.8,5,Er zijn veel plekken waar je je elektrische auto kunt opladen.
37832,Keizersgracht 95B-1,Essent (NL),Amsterdam,ChIJ44dOM8sLxkcRSP9kYAxh6m8,4.4,4,"Voor auto en persoon, Fastned & Fastfood.
Goed gelegen locatie voor het opladen van je auto en de inwendige mens. Vervelend aan die locatie, zijn die vreselijke drempels en soms is er een wachtrij doordat er taxi's en bedrijfsbusjes staan op te laden."
37832,Keizersgracht 95B-1,Essent (NL),Amsterdam,ChIJ44dOM8sLxkcRSP9kYAxh6m8,4.4,5,"Genoeg tentjes om wat te eten
Wel druk maar ook veel laadplekken."
37832,Keizersgracht 95B-1,Essent (NL),Amsterdam,ChIJ44dOM8sLxkcRSP9kYAxh6m8,4.4,4,Eigenlijk altijd druk maar genoeg te snacken vlakbij
37832,Keizersgracht 95B-1,Essent (NL),Amsterdam,ChIJ44dOM8sLxkcRSP9kYAxh6m8,4.4,4,"Ruime plaatsen met afvalbakken. In de nacht goed verlicht, geen onveilig gevoel (was enige gebruiker om 4:00 uur)"
37832,Keizersgracht 95B-1,Essent (NL),Amsterdam,ChIJ44dOM8sLxkcRSP9kYAxh6m8,4.4,5,Goede locatie om de auto weer snel op te laden. Veel laadpunten en ook genoeg fastfood dichtbij als je toch even moet wachten.
37824,Herengracht 74,Essent (NL),Amsterdam,ChIJ44dOM8sLxkcRSP9kYAxh6m8,4.4,4,"Voor auto en persoon, Fastned & Fastfood.
Goed gelegen locatie voor het opladen van je auto en de inwendige mens. Vervelend aan die locatie, zijn die vreselijke drempels en soms is er een wachtrij doordat er taxi's en bedrijfsbusjes staan op te laden."
37824,Herengracht 74,Essent (NL),Amsterdam,ChIJ44dOM8sLxkcRSP9kYAxh6m8,4.4,5,"Genoeg tentjes om wat te eten
Wel druk maar ook veel laadplekken."
37824,Herengracht 74,Essent (NL),Amsterdam,ChIJ44dOM8sLxkcRSP9kYAxh6m8,4.4,4,Eigenlijk altijd druk maar genoeg te snacken vlakbij
37824,Herengracht 74,Essent (NL),Amsterdam,ChIJ44dOM8sLxkcRSP9kYAxh6m8,4.4,4,"Ruime plaatsen met afvalbakken. In de nacht goed verlicht, geen onveilig gevoel (was enige gebruiker om 4:00 uur)"
37824,Herengracht 74,Essent (NL),Amsterdam,ChIJ44dOM8sLxkcRSP9kYAxh6m8,4.4,5,Goede locatie om de auto weer snel op te laden. Veel laadpunten en ook genoeg fastfood dichtbij als je toch even moet wachten.
37821,Visseringstraat 41-1,Essent (NL),Amsterdam,ChIJ44dOM8sLxkcRSP9kYAxh6m8,4.4,4,"Voor auto en persoon, Fastned & Fastfood.
Goed gelegen locatie voor het opladen van je auto en de inwendige mens. Vervelend aan die locatie, zijn die vreselijke drempels en soms is er een wachtrij doordat er taxi's en bedrijfsbusjes staan op te laden."
37821,Visseringstraat 41-1,Essent (NL),Amsterdam,ChIJ44dOM8sLxkcRSP9kYAxh6m8,4.4,5,"Genoeg tentjes om wat te eten
Wel druk maar ook veel laadplekken."
37821,Visseringstraat 41-1,Essent (NL),Amsterdam,ChIJ44dOM8sLxkcRSP9kYAxh6m8,4.4,4,Eigenlijk altijd druk maar genoeg te snacken vlakbij
37821,Visseringstraat 41-1,Essent (NL),Amsterdam,ChIJ44dOM8sLxkcRSP9kYAxh6m8,4.4,4,"Ruime plaatsen met afvalbakken. In de nacht goed verlicht, geen onveilig gevoel (was enige gebruiker om 4:00 uur)"
37821,Visseringstraat 41-1,Essent (NL),Amsterdam,ChIJ44dOM8sLxkcRSP9kYAxh6m8,4.4,5,Goede locatie om de auto weer snel op te laden. Veel laadpunten en ook genoeg fastfood dichtbij als je toch even moet wachten.
37820,Haarlemmermeerstraat 4,EVnetNL,Haarlem,ChIJ7f70JWjvxUcR9cvtnqcBBcc,4.0,4,"1 van de 2 parkeerplaatsen is een gereserveerde plek (mindervalide, op kenteken)"
37811,Zuiderzeeweg,Stadtwerke Clausthal-Zellerfeld,Amsterdam,ChIJlUfZ7TMJxkcRgZlOHTAkLKM,2.9,1,Hoge laadsnelheid wordt niet eens bij benadering gehaald
37811,Zuiderzeeweg,Stadtwerke Clausthal-Zellerfeld,Amsterdam,ChIJlUfZ7TMJxkcRgZlOHTAkLKM,2.9,5,"Gemakkelijk te vinden en te gebruiken CCS2-laadstations, er zijn momenteel 4 stopcontacten met een capaciteit van 400 kW"
37811,Zuiderzeeweg,Stadtwerke Clausthal-Zellerfeld,Amsterdam,ChIJlUfZ7TMJxkcRgZlOHTAkLKM,2.9,2,"Ik kon het laadproces niet stoppen; dat kan alleen via het voertuig zelf!

Voor iedereen die niet uit Nederland komt, raad ik af om deze laadstations te gebruiken. Het personeel van het tankstation kon me ook niet helpen."
37811,Zuiderzeeweg,Stadtwerke Clausthal-Zellerfeld,Amsterdam,ChIJlUfZ7TMJxkcRgZlOHTAkLKM,2.9,1,"Langzaam opladen, slechts 94 kW"
37811,Zuiderzeeweg,Stadtwerke Clausthal-Zellerfeld,Amsterdam,ChIJlUfZ7TMJxkcRgZlOHTAkLKM,2.9,5,Goed
37799,Veemkade 1008,Essent (NL),Amsterdam,ChIJ44dOM8sLxkcRSP9kYAxh6m8,4.4,4,"Voor auto en persoon, Fastned & Fastfood.
Goed gelegen locatie voor het opladen van je auto en de inwendige mens. Vervelend aan die locatie, zijn die vreselijke drempels en soms is er een wachtrij doordat er taxi's en bedrijfsbusjes staan op te laden."
37799,Veemkade 1008,Essent (NL),Amsterdam,ChIJ44dOM8sLxkcRSP9kYAxh6m8,4.4,5,"Genoeg tentjes om wat te eten
Wel druk maar ook veel laadplekken."
37799,Veemkade 1008,Essent (NL),Amsterdam,ChIJ44dOM8sLxkcRSP9kYAxh6m8,4.4,4,Eigenlijk altijd druk maar genoeg te snacken vlakbij
37799,Veemkade 1008,Essent (NL),Amsterdam,ChIJ44dOM8sLxkcRSP9kYAxh6m8,4.4,4,"Ruime plaatsen met afvalbakken. In de nacht goed verlicht, geen onveilig gevoel (was enige gebruiker om 4:00 uur)"
37799,Veemkade 1008,Essent (NL),Amsterdam,ChIJ44dOM8sLxkcRSP9kYAxh6m8,4.4,5,Goede locatie om de auto weer snel op te laden. Veel laadpunten en ook genoeg fastfood dichtbij als je toch even moet wachten.
37790,J.F. van Hengelstraat 12,Essent (NL),Amsterdam,ChIJ44dOM8sLxkcRSP9kYAxh6m8,4.4,4,"Voor auto en persoon, Fastned & Fastfood.
Goed gelegen locatie voor het opladen van je auto en de inwendige mens. Vervelend aan die locatie, zijn die vreselijke drempels en soms is er een wachtrij doordat er taxi's en bedrijfsbusjes staan op te laden."
37790,J.F. van Hengelstraat 12,Essent (NL),Amsterdam,ChIJ44dOM8sLxkcRSP9kYAxh6m8,4.4,5,"Genoeg tentjes om wat te eten
Wel druk maar ook veel laadplekken."
37790,J.F. van Hengelstraat 12,Essent (NL),Amsterdam,ChIJ44dOM8sLxkcRSP9kYAxh6m8,4.4,4,Eigenlijk altijd druk maar genoeg te snacken vlakbij
37790,J.F. van Hengelstraat 12,Essent (NL),Amsterdam,ChIJ44dOM8sLxkcRSP9kYAxh6m8,4.4,4,"Ruime plaatsen met afvalbakken. In de nacht goed verlicht, geen onveilig gevoel (was enige gebruiker om 4:00 uur)"
37790,J.F. van Hengelstraat 12,Essent (NL),Amsterdam,ChIJ44dOM8sLxkcRSP9kYAxh6m8,4.4,5,Goede locatie om de auto weer snel op te laden. Veel laadpunten en ook genoeg fastfood dichtbij als je toch even moet wachten.
37778,Hoofdweg 439-1,Essent (NL),Amsterdam,ChIJ44dOM8sLxkcRSP9kYAxh6m8,4.4,4,"Voor auto en persoon, Fastned & Fastfood.
Goed gelegen locatie voor het opladen van je auto en de inwendige mens. Vervelend aan die locatie, zijn die vreselijke drempels en soms is er een wachtrij doordat er taxi's en bedrijfsbusjes staan op te laden."
37778,Hoofdweg 439-1,Essent (NL),Amsterdam,ChIJ44dOM8sLxkcRSP9kYAxh6m8,4.4,5,"Genoeg tentjes om wat te eten
Wel druk maar ook veel laadplekken."
37778,Hoofdweg 439-1,Essent (NL),Amsterdam,ChIJ44dOM8sLxkcRSP9kYAxh6m8,4.4,4,Eigenlijk altijd druk maar genoeg te snacken vlakbij
37778,Hoofdweg 439-1,Essent (NL),Amsterdam,ChIJ44dOM8sLxkcRSP9kYAxh6m8,4.4,4,"Ruime plaatsen met afvalbakken. In de nacht goed verlicht, geen onveilig gevoel (was enige gebruiker om 4:00 uur)"
37778,Hoofdweg 439-1,Essent (NL),Amsterdam,ChIJ44dOM8sLxkcRSP9kYAxh6m8,4.4,5,Goede locatie om de auto weer snel op te laden. Veel laadpunten en ook genoeg fastfood dichtbij als je toch even moet wachten.
37777,Westermarkt 1-H,Essent (NL),Amsterdam,ChIJ44dOM8sLxkcRSP9kYAxh6m8,4.4,4,"Voor auto en persoon, Fastned & Fastfood.
Goed gelegen locatie voor het opladen van je auto en de inwendige mens. Vervelend aan die locatie, zijn die vreselijke drempels en soms is er een wachtrij doordat er taxi's en bedrijfsbusjes staan op te laden."
37777,Westermarkt 1-H,Essent (NL),Amsterdam,ChIJ44dOM8sLxkcRSP9kYAxh6m8,4.4,5,"Genoeg tentjes om wat te eten
Wel druk maar ook veel laadplekken."
37777,Westermarkt 1-H,Essent (NL),Amsterdam,ChIJ44dOM8sLxkcRSP9kYAxh6m8,4.4,4,Eigenlijk altijd druk maar genoeg te snacken vlakbij
37777,Westermarkt 1-H,Essent (NL),Amsterdam,ChIJ44dOM8sLxkcRSP9kYAxh6m8,4.4,4,"Ruime plaatsen met afvalbakken. In de nacht goed verlicht, geen onveilig gevoel (was enige gebruiker om 4:00 uur)"
37777,Westermarkt 1-H,Essent (NL),Amsterdam,ChIJ44dOM8sLxkcRSP9kYAxh6m8,4.4,5,Goede locatie om de auto weer snel op te laden. Veel laadpunten en ook genoeg fastfood dichtbij als je toch even moet wachten.
37775,Herengracht 209,Essent (NL),Amsterdam,ChIJ44dOM8sLxkcRSP9kYAxh6m8,4.4,4,"Voor auto en persoon, Fastned & Fastfood.
Goed gelegen locatie voor het opladen van je auto en de inwendige mens. Vervelend aan die locatie, zijn die vreselijke drempels en soms is er een wachtrij doordat er taxi's en bedrijfsbusjes staan op te laden."
37775,Herengracht 209,Essent (NL),Amsterdam,ChIJ44dOM8sLxkcRSP9kYAxh6m8,4.4,5,"Genoeg tentjes om wat te eten
Wel druk maar ook veel laadplekken."
37775,Herengracht 209,Essent (NL),Amsterdam,ChIJ44dOM8sLxkcRSP9kYAxh6m8,4.4,4,Eigenlijk altijd druk maar genoeg te snacken vlakbij
37775,Herengracht 209,Essent (NL),Amsterdam,ChIJ44dOM8sLxkcRSP9kYAxh6m8,4.4,4,"Ruime plaatsen met afvalbakken. In de nacht goed verlicht, geen onveilig gevoel (was enige gebruiker om 4:00 uur)"
37775,Herengracht 209,Essent (NL),Amsterdam,ChIJ44dOM8sLxkcRSP9kYAxh6m8,4.4,5,Goede locatie om de auto weer snel op te laden. Veel laadpunten en ook genoeg fastfood dichtbij als je toch even moet wachten.
37771,Rozengracht 79,Essent (NL),Amsterdam,ChIJ44dOM8sLxkcRSP9kYAxh6m8,4.4,4,"Voor auto en persoon, Fastned & Fastfood.
Goed gelegen locatie voor het opladen van je auto en de inwendige mens. Vervelend aan die locatie, zijn die vreselijke drempels en soms is er een wachtrij doordat er taxi's en bedrijfsbusjes staan op te laden."
37771,Rozengracht 79,Essent (NL),Amsterdam,ChIJ44dOM8sLxkcRSP9kYAxh6m8,4.4,5,"Genoeg tentjes om wat te eten
Wel druk maar ook veel laadplekken."
37771,Rozengracht 79,Essent (NL),Amsterdam,ChIJ44dOM8sLxkcRSP9kYAxh6m8,4.4,4,Eigenlijk altijd druk maar genoeg te snacken vlakbij
37771,Rozengracht 79,Essent (NL),Amsterdam,ChIJ44dOM8sLxkcRSP9kYAxh6m8,4.4,4,"Ruime plaatsen met afvalbakken. In de nacht goed verlicht, geen onveilig gevoel (was enige gebruiker om 4:00 uur)"
37771,Rozengracht 79,Essent (NL),Amsterdam,ChIJ44dOM8sLxkcRSP9kYAxh6m8,4.4,5,Goede locatie om de auto weer snel op te laden. Veel laadpunten en ook genoeg fastfood dichtbij als je toch even moet wachten.
37769,Windroosplein 61A,Essent (NL),Amsterdam,ChIJ44dOM8sLxkcRSP9kYAxh6m8,4.4,4,"Voor auto en persoon, Fastned & Fastfood.
Goed gelegen locatie voor het opladen van je auto en de inwendige mens. Vervelend aan die locatie, zijn die vreselijke drempels en soms is er een wachtrij doordat er taxi's en bedrijfsbusjes staan op te laden."
37769,Windroosplein 61A,Essent (NL),Amsterdam,ChIJ44dOM8sLxkcRSP9kYAxh6m8,4.4,5,"Genoeg tentjes om wat te eten
Wel druk maar ook veel laadplekken."
37769,Windroosplein 61A,Essent (NL),Amsterdam,ChIJ44dOM8sLxkcRSP9kYAxh6m8,4.4,4,Eigenlijk altijd druk maar genoeg te snacken vlakbij
37769,Windroosplein 61A,Essent (NL),Amsterdam,ChIJ44dOM8sLxkcRSP9kYAxh6m8,4.4,4,"Ruime plaatsen met afvalbakken. In de nacht goed verlicht, geen onveilig gevoel (was enige gebruiker om 4:00 uur)"
37769,Windroosplein 61A,Essent (NL),Amsterdam,ChIJ44dOM8sLxkcRSP9kYAxh6m8,4.4,5,Goede locatie om de auto weer snel op te laden. Veel laadpunten en ook genoeg fastfood dichtbij als je toch even moet wachten.
37766,Geldersekade,Essent (NL),Amsterdam,ChIJ44dOM8sLxkcRSP9kYAxh6m8,4.4,4,"Voor auto en persoon, Fastned & Fastfood.
Goed gelegen locatie voor het opladen van je auto en de inwendige mens. Vervelend aan die locatie, zijn die vreselijke drempels en soms is er een wachtrij doordat er taxi's en bedrijfsbusjes staan op te laden."
37766,Geldersekade,Essent (NL),Amsterdam,ChIJ44dOM8sLxkcRSP9kYAxh6m8,4.4,5,"Genoeg tentjes om wat te eten
Wel druk maar ook veel laadplekken."
37766,Geldersekade,Essent (NL),Amsterdam,ChIJ44dOM8sLxkcRSP9kYAxh6m8,4.4,4,Eigenlijk altijd druk maar genoeg te snacken vlakbij
37766,Geldersekade,Essent (NL),Amsterdam,ChIJ44dOM8sLxkcRSP9kYAxh6m8,4.4,4,"Ruime plaatsen met afvalbakken. In de nacht goed verlicht, geen onveilig gevoel (was enige gebruiker om 4:00 uur)"
37766,Geldersekade,Essent (NL),Amsterdam,ChIJ44dOM8sLxkcRSP9kYAxh6m8,4.4,5,Goede locatie om de auto weer snel op te laden. Veel laadpunten en ook genoeg fastfood dichtbij als je toch even moet wachten.
37763,Paleisstraat 14,Essent (NL),Amsterdam,ChIJ44dOM8sLxkcRSP9kYAxh6m8,4.4,4,"Voor auto en persoon, Fastned & Fastfood.
Goed gelegen locatie voor het opladen van je auto en de inwendige mens. Vervelend aan die locatie, zijn die vreselijke drempels en soms is er een wachtrij doordat er taxi's en bedrijfsbusjes staan op te laden."
37763,Paleisstraat 14,Essent (NL),Amsterdam,ChIJ44dOM8sLxkcRSP9kYAxh6m8,4.4,5,"Genoeg tentjes om wat te eten
Wel druk maar ook veel laadplekken."
37763,Paleisstraat 14,Essent (NL),Amsterdam,ChIJ44dOM8sLxkcRSP9kYAxh6m8,4.4,4,Eigenlijk altijd druk maar genoeg te snacken vlakbij
37763,Paleisstraat 14,Essent (NL),Amsterdam,ChIJ44dOM8sLxkcRSP9kYAxh6m8,4.4,4,"Ruime plaatsen met afvalbakken. In de nacht goed verlicht, geen onveilig gevoel (was enige gebruiker om 4:00 uur)"
37763,Paleisstraat 14,Essent (NL),Amsterdam,ChIJ44dOM8sLxkcRSP9kYAxh6m8,4.4,5,Goede locatie om de auto weer snel op te laden. Veel laadpunten en ook genoeg fastfood dichtbij als je toch even moet wachten.
37756,Zuiderzeeweg 46A,Stadtwerke Clausthal-Zellerfeld,Amsterdam,ChIJlUfZ7TMJxkcRgZlOHTAkLKM,2.9,1,Hoge laadsnelheid wordt niet eens bij benadering gehaald
37756,Zuiderzeeweg 46A,Stadtwerke Clausthal-Zellerfeld,Amsterdam,ChIJlUfZ7TMJxkcRgZlOHTAkLKM,2.9,5,"Gemakkelijk te vinden en te gebruiken CCS2-laadstations, er zijn momenteel 4 stopcontacten met een capaciteit van 400 kW"
37756,Zuiderzeeweg 46A,Stadtwerke Clausthal-Zellerfeld,Amsterdam,ChIJlUfZ7TMJxkcRgZlOHTAkLKM,2.9,2,"Ik kon het laadproces niet stoppen; dat kan alleen via het voertuig zelf!

Voor iedereen die niet uit Nederland komt, raad ik af om deze laadstations te gebruiken. Het personeel van het tankstation kon me ook niet helpen."
37756,Zuiderzeeweg 46A,Stadtwerke Clausthal-Zellerfeld,Amsterdam,ChIJlUfZ7TMJxkcRgZlOHTAkLKM,2.9,1,"Langzaam opladen, slechts 94 kW"
37756,Zuiderzeeweg 46A,Stadtwerke Clausthal-Zellerfeld,Amsterdam,ChIJlUfZ7TMJxkcRgZlOHTAkLKM,2.9,5,Goed
37749,Kloveniersburgwal 25,Essent (NL),Amsterdam,ChIJ44dOM8sLxkcRSP9kYAxh6m8,4.4,4,"Voor auto en persoon, Fastned & Fastfood.
Goed gelegen locatie voor het opladen van je auto en de inwendige mens. Vervelend aan die locatie, zijn die vreselijke drempels en soms is er een wachtrij doordat er taxi's en bedrijfsbusjes staan op te laden."
37749,Kloveniersburgwal 25,Essent (NL),Amsterdam,ChIJ44dOM8sLxkcRSP9kYAxh6m8,4.4,5,"Genoeg tentjes om wat te eten
Wel druk maar ook veel laadplekken."
37749,Kloveniersburgwal 25,Essent (NL),Amsterdam,ChIJ44dOM8sLxkcRSP9kYAxh6m8,4.4,4,Eigenlijk altijd druk maar genoeg te snacken vlakbij
37749,Kloveniersburgwal 25,Essent (NL),Amsterdam,ChIJ44dOM8sLxkcRSP9kYAxh6m8,4.4,4,"Ruime plaatsen met afvalbakken. In de nacht goed verlicht, geen onveilig gevoel (was enige gebruiker om 4:00 uur)"
37749,Kloveniersburgwal 25,Essent (NL),Amsterdam,ChIJ44dOM8sLxkcRSP9kYAxh6m8,4.4,5,Goede locatie om de auto weer snel op te laden. Veel laadpunten en ook genoeg fastfood dichtbij als je toch even moet wachten.
37744,Groenmarktkade,Essent (NL),Amsterdam,ChIJ44dOM8sLxkcRSP9kYAxh6m8,4.4,4,"Voor auto en persoon, Fastned & Fastfood.
Goed gelegen locatie voor het opladen van je auto en de inwendige mens. Vervelend aan die locatie, zijn die vreselijke drempels en soms is er een wachtrij doordat er taxi's en bedrijfsbusjes staan op te laden."
37744,Groenmarktkade,Essent (NL),Amsterdam,ChIJ44dOM8sLxkcRSP9kYAxh6m8,4.4,5,"Genoeg tentjes om wat te eten
Wel druk maar ook veel laadplekken."
37744,Groenmarktkade,Essent (NL),Amsterdam,ChIJ44dOM8sLxkcRSP9kYAxh6m8,4.4,4,Eigenlijk altijd druk maar genoeg te snacken vlakbij
37744,Groenmarktkade,Essent (NL),Amsterdam,ChIJ44dOM8sLxkcRSP9kYAxh6m8,4.4,4,"Ruime plaatsen met afvalbakken. In de nacht goed verlicht, geen onveilig gevoel (was enige gebruiker om 4:00 uur)"
37744,Groenmarktkade,Essent (NL),Amsterdam,ChIJ44dOM8sLxkcRSP9kYAxh6m8,4.4,5,Goede locatie om de auto weer snel op te laden. Veel laadpunten en ook genoeg fastfood dichtbij als je toch even moet wachten.
37740,Borneolaan 512,Essent (NL),Amsterdam,ChIJ44dOM8sLxkcRSP9kYAxh6m8,4.4,4,"Voor auto en persoon, Fastned & Fastfood.
Goed gelegen locatie voor het opladen van je auto en de inwendige mens. Vervelend aan die locatie, zijn die vreselijke drempels en soms is er een wachtrij doordat er taxi's en bedrijfsbusjes staan op te laden."
37740,Borneolaan 512,Essent (NL),Amsterdam,ChIJ44dOM8sLxkcRSP9kYAxh6m8,4.4,5,"Genoeg tentjes om wat te eten
Wel druk maar ook veel laadplekken."
37740,Borneolaan 512,Essent (NL),Amsterdam,ChIJ44dOM8sLxkcRSP9kYAxh6m8,4.4,4,Eigenlijk altijd druk maar genoeg te snacken vlakbij
37740,Borneolaan 512,Essent (NL),Amsterdam,ChIJ44dOM8sLxkcRSP9kYAxh6m8,4.4,4,"Ruime plaatsen met afvalbakken. In de nacht goed verlicht, geen onveilig gevoel (was enige gebruiker om 4:00 uur)"
37740,Borneolaan 512,Essent (NL),Amsterdam,ChIJ44dOM8sLxkcRSP9kYAxh6m8,4.4,5,Goede locatie om de auto weer snel op te laden. Veel laadpunten en ook genoeg fastfood dichtbij als je toch even moet wachten.
37733,Marnixstraat 210P,Essent (NL),Amsterdam,ChIJ44dOM8sLxkcRSP9kYAxh6m8,4.4,4,"Voor auto en persoon, Fastned & Fastfood.
Goed gelegen locatie voor het opladen van je auto en de inwendige mens. Vervelend aan die locatie, zijn die vreselijke drempels en soms is er een wachtrij doordat er taxi's en bedrijfsbusjes staan op te laden."
37733,Marnixstraat 210P,Essent (NL),Amsterdam,ChIJ44dOM8sLxkcRSP9kYAxh6m8,4.4,5,"Genoeg tentjes om wat te eten
Wel druk maar ook veel laadplekken."
37733,Marnixstraat 210P,Essent (NL),Amsterdam,ChIJ44dOM8sLxkcRSP9kYAxh6m8,4.4,4,Eigenlijk altijd druk maar genoeg te snacken vlakbij
37733,Marnixstraat 210P,Essent (NL),Amsterdam,ChIJ44dOM8sLxkcRSP9kYAxh6m8,4.4,4,"Ruime plaatsen met afvalbakken. In de nacht goed verlicht, geen onveilig gevoel (was enige gebruiker om 4:00 uur)"
37733,Marnixstraat 210P,Essent (NL),Amsterdam,ChIJ44dOM8sLxkcRSP9kYAxh6m8,4.4,5,Goede locatie om de auto weer snel op te laden. Veel laadpunten en ook genoeg fastfood dichtbij als je toch even moet wachten.
37724,Appeltjesmarkt,Shell Recharge Solutions (BE),Amsterdam,ChIJh1XJtd0JxkcR6IS0_iKXWOM,4.0,4,Bovenkant
37723,Matrozenhof 74,Stadtwerke Clausthal-Zellerfeld,Amsterdam,ChIJQQgTV6UJxkcRhcJM4C6pzqw,4.8,4,Veel laadpalen in deze grote garage. Palen staan zo ver weg als mogelijk van de hoofdingang.
37723,Matrozenhof 74,Stadtwerke Clausthal-Zellerfeld,Amsterdam,ChIJQQgTV6UJxkcRhcJM4C6pzqw,4.8,5,"Binnen in parkeergarage Centrum Amsterdam Oosterdok, niveau -2
Erg praktisch en het werkt.

Laden met 11 kW, € 0,60/kW voor een willekeurige klant zonder Eneco-kaart.

Het is echter niet makkelijk te vinden.

Om er te komen, moet je een flink stuk verder rijden vanaf de auto-ingang
(richting de P-Q-rij in groen + rood)."
37723,Matrozenhof 74,Stadtwerke Clausthal-Zellerfeld,Amsterdam,ChIJQQgTV6UJxkcRhcJM4C6pzqw,4.8,5,Er zijn veel plekken waar je je elektrische auto kunt opladen.
37716,Rapenburgerstraat 48,Stadtwerke Clausthal-Zellerfeld,Amsterdam,ChIJT4ZBgrsJxkcRjsT3p1RiWio,1.0,1,"Pas op voor inbrekers die je auto vernielen tijdens het opladen. Ze hebben ook geen beveiligingscamera, wat echt belachelijk is. Onze auto is geplunderd en alles is gestolen :("
37712,Zeeburgerkade 7,Essent (NL),Amsterdam,ChIJ44dOM8sLxkcRSP9kYAxh6m8,4.4,4,"Voor auto en persoon, Fastned & Fastfood.
Goed gelegen locatie voor het opladen van je auto en de inwendige mens. Vervelend aan die locatie, zijn die vreselijke drempels en soms is er een wachtrij doordat er taxi's en bedrijfsbusjes staan op te laden."
37712,Zeeburgerkade 7,Essent (NL),Amsterdam,ChIJ44dOM8sLxkcRSP9kYAxh6m8,4.4,5,"Genoeg tentjes om wat te eten
Wel druk maar ook veel laadplekken."
37712,Zeeburgerkade 7,Essent (NL),Amsterdam,ChIJ44dOM8sLxkcRSP9kYAxh6m8,4.4,4,Eigenlijk altijd druk maar genoeg te snacken vlakbij
37712,Zeeburgerkade 7,Essent (NL),Amsterdam,ChIJ44dOM8sLxkcRSP9kYAxh6m8,4.4,4,"Ruime plaatsen met afvalbakken. In de nacht goed verlicht, geen onveilig gevoel (was enige gebruiker om 4:00 uur)"
37712,Zeeburgerkade 7,Essent (NL),Amsterdam,ChIJ44dOM8sLxkcRSP9kYAxh6m8,4.4,5,Goede locatie om de auto weer snel op te laden. Veel laadpunten en ook genoeg fastfood dichtbij als je toch even moet wachten.
37699,Zuider IJdijk 102,Stadtwerke Clausthal-Zellerfeld,Amsterdam,ChIJlUfZ7TMJxkcRgZlOHTAkLKM,2.9,1,Hoge laadsnelheid wordt niet eens bij benadering gehaald
37699,Zuider IJdijk 102,Stadtwerke Clausthal-Zellerfeld,Amsterdam,ChIJlUfZ7TMJxkcRgZlOHTAkLKM,2.9,5,"Gemakkelijk te vinden en te gebruiken CCS2-laadstations, er zijn momenteel 4 stopcontacten met een capaciteit van 400 kW"
37699,Zuider IJdijk 102,Stadtwerke Clausthal-Zellerfeld,Amsterdam,ChIJlUfZ7TMJxkcRgZlOHTAkLKM,2.9,2,"Ik kon het laadproces niet stoppen; dat kan alleen via het voertuig zelf!

Voor iedereen die niet uit Nederland komt, raad ik af om deze laadstations te gebruiken. Het personeel van het tankstation kon me ook niet helpen."
37699,Zuider IJdijk 102,Stadtwerke Clausthal-Zellerfeld,Amsterdam,ChIJlUfZ7TMJxkcRgZlOHTAkLKM,2.9,1,"Langzaam opladen, slechts 94 kW"
37699,Zuider IJdijk 102,Stadtwerke Clausthal-Zellerfeld,Amsterdam,ChIJlUfZ7TMJxkcRgZlOHTAkLKM,2.9,5,Goed
37698,Douwes Dekkerstraat 20,Essent (NL),Amsterdam,ChIJ44dOM8sLxkcRSP9kYAxh6m8,4.4,4,"Voor auto en persoon, Fastned & Fastfood.
Goed gelegen locatie voor het opladen van je auto en de inwendige mens. Vervelend aan die locatie, zijn die vreselijke drempels en soms is er een wachtrij doordat er taxi's en bedrijfsbusjes staan op te laden."
37698,Douwes Dekkerstraat 20,Essent (NL),Amsterdam,ChIJ44dOM8sLxkcRSP9kYAxh6m8,4.4,5,"Genoeg tentjes om wat te eten
Wel druk maar ook veel laadplekken."
37698,Douwes Dekkerstraat 20,Essent (NL),Amsterdam,ChIJ44dOM8sLxkcRSP9kYAxh6m8,4.4,4,Eigenlijk altijd druk maar genoeg te snacken vlakbij
37698,Douwes Dekkerstraat 20,Essent (NL),Amsterdam,ChIJ44dOM8sLxkcRSP9kYAxh6m8,4.4,4,"Ruime plaatsen met afvalbakken. In de nacht goed verlicht, geen onveilig gevoel (was enige gebruiker om 4:00 uur)"
37698,Douwes Dekkerstraat 20,Essent (NL),Amsterdam,ChIJ44dOM8sLxkcRSP9kYAxh6m8,4.4,5,Goede locatie om de auto weer snel op te laden. Veel laadpunten en ook genoeg fastfood dichtbij als je toch even moet wachten.
37692,Looiersgracht 19F,Essent (NL),Amsterdam,ChIJ44dOM8sLxkcRSP9kYAxh6m8,4.4,4,"Voor auto en persoon, Fastned & Fastfood.
Goed gelegen locatie voor het opladen van je auto en de inwendige mens. Vervelend aan die locatie, zijn die vreselijke drempels en soms is er een wachtrij doordat er taxi's en bedrijfsbusjes staan op te laden."
37692,Looiersgracht 19F,Essent (NL),Amsterdam,ChIJ44dOM8sLxkcRSP9kYAxh6m8,4.4,5,"Genoeg tentjes om wat te eten
Wel druk maar ook veel laadplekken."
37692,Looiersgracht 19F,Essent (NL),Amsterdam,ChIJ44dOM8sLxkcRSP9kYAxh6m8,4.4,4,Eigenlijk altijd druk maar genoeg te snacken vlakbij
37692,Looiersgracht 19F,Essent (NL),Amsterdam,ChIJ44dOM8sLxkcRSP9kYAxh6m8,4.4,4,"Ruime plaatsen met afvalbakken. In de nacht goed verlicht, geen onveilig gevoel (was enige gebruiker om 4:00 uur)"
37692,Looiersgracht 19F,Essent (NL),Amsterdam,ChIJ44dOM8sLxkcRSP9kYAxh6m8,4.4,5,Goede locatie om de auto weer snel op te laden. Veel laadpunten en ook genoeg fastfood dichtbij als je toch even moet wachten.
37691,Da Costakade 138B,Essent (NL),Amsterdam,ChIJ44dOM8sLxkcRSP9kYAxh6m8,4.4,4,"Voor auto en persoon, Fastned & Fastfood.
Goed gelegen locatie voor het opladen van je auto en de inwendige mens. Vervelend aan die locatie, zijn die vreselijke drempels en soms is er een wachtrij doordat er taxi's en bedrijfsbusjes staan op te laden."
37691,Da Costakade 138B,Essent (NL),Amsterdam,ChIJ44dOM8sLxkcRSP9kYAxh6m8,4.4,5,"Genoeg tentjes om wat te eten
Wel druk maar ook veel laadplekken."
37691,Da Costakade 138B,Essent (NL),Amsterdam,ChIJ44dOM8sLxkcRSP9kYAxh6m8,4.4,4,Eigenlijk altijd druk maar genoeg te snacken vlakbij
37691,Da Costakade 138B,Essent (NL),Amsterdam,ChIJ44dOM8sLxkcRSP9kYAxh6m8,4.4,4,"Ruime plaatsen met afvalbakken. In de nacht goed verlicht, geen onveilig gevoel (was enige gebruiker om 4:00 uur)"
37691,Da Costakade 138B,Essent (NL),Amsterdam,ChIJ44dOM8sLxkcRSP9kYAxh6m8,4.4,5,Goede locatie om de auto weer snel op te laden. Veel laadpunten en ook genoeg fastfood dichtbij als je toch even moet wachten.
37689,Herengracht 393,Essent (NL),Amsterdam,ChIJ44dOM8sLxkcRSP9kYAxh6m8,4.4,4,"Voor auto en persoon, Fastned & Fastfood.
Goed gelegen locatie voor het opladen van je auto en de inwendige mens. Vervelend aan die locatie, zijn die vreselijke drempels en soms is er een wachtrij doordat er taxi's en bedrijfsbusjes staan op te laden."
37689,Herengracht 393,Essent (NL),Amsterdam,ChIJ44dOM8sLxkcRSP9kYAxh6m8,4.4,5,"Genoeg tentjes om wat te eten
Wel druk maar ook veel laadplekken."
37689,Herengracht 393,Essent (NL),Amsterdam,ChIJ44dOM8sLxkcRSP9kYAxh6m8,4.4,4,Eigenlijk altijd druk maar genoeg te snacken vlakbij
37689,Herengracht 393,Essent (NL),Amsterdam,ChIJ44dOM8sLxkcRSP9kYAxh6m8,4.4,4,"Ruime plaatsen met afvalbakken. In de nacht goed verlicht, geen onveilig gevoel (was enige gebruiker om 4:00 uur)"
37689,Herengracht 393,Essent (NL),Amsterdam,ChIJ44dOM8sLxkcRSP9kYAxh6m8,4.4,5,Goede locatie om de auto weer snel op te laden. Veel laadpunten en ook genoeg fastfood dichtbij als je toch even moet wachten.
37688,Jan Hanzenstraat 19,Essent (NL),Amsterdam,ChIJ44dOM8sLxkcRSP9kYAxh6m8,4.4,4,"Voor auto en persoon, Fastned & Fastfood.
Goed gelegen locatie voor het opladen van je auto en de inwendige mens. Vervelend aan die locatie, zijn die vreselijke drempels en soms is er een wachtrij doordat er taxi's en bedrijfsbusjes staan op te laden."
37688,Jan Hanzenstraat 19,Essent (NL),Amsterdam,ChIJ44dOM8sLxkcRSP9kYAxh6m8,4.4,5,"Genoeg tentjes om wat te eten
Wel druk maar ook veel laadplekken."
37688,Jan Hanzenstraat 19,Essent (NL),Amsterdam,ChIJ44dOM8sLxkcRSP9kYAxh6m8,4.4,4,Eigenlijk altijd druk maar genoeg te snacken vlakbij
37688,Jan Hanzenstraat 19,Essent (NL),Amsterdam,ChIJ44dOM8sLxkcRSP9kYAxh6m8,4.4,4,"Ruime plaatsen met afvalbakken. In de nacht goed verlicht, geen onveilig gevoel (was enige gebruiker om 4:00 uur)"
37688,Jan Hanzenstraat 19,Essent (NL),Amsterdam,ChIJ44dOM8sLxkcRSP9kYAxh6m8,4.4,5,Goede locatie om de auto weer snel op te laden. Veel laadpunten en ook genoeg fastfood dichtbij als je toch even moet wachten.
37685,Hof van Versailles 35,Essent (NL),Amsterdam,ChIJ44dOM8sLxkcRSP9kYAxh6m8,4.4,4,"Voor auto en persoon, Fastned & Fastfood.
Goed gelegen locatie voor het opladen van je auto en de inwendige mens. Vervelend aan die locatie, zijn die vreselijke drempels en soms is er een wachtrij doordat er taxi's en bedrijfsbusjes staan op te laden."
37685,Hof van Versailles 35,Essent (NL),Amsterdam,ChIJ44dOM8sLxkcRSP9kYAxh6m8,4.4,5,"Genoeg tentjes om wat te eten
Wel druk maar ook veel laadplekken."
37685,Hof van Versailles 35,Essent (NL),Amsterdam,ChIJ44dOM8sLxkcRSP9kYAxh6m8,4.4,4,Eigenlijk altijd druk maar genoeg te snacken vlakbij
37685,Hof van Versailles 35,Essent (NL),Amsterdam,ChIJ44dOM8sLxkcRSP9kYAxh6m8,4.4,4,"Ruime plaatsen met afvalbakken. In de nacht goed verlicht, geen onveilig gevoel (was enige gebruiker om 4:00 uur)"
37685,Hof van Versailles 35,Essent (NL),Amsterdam,ChIJ44dOM8sLxkcRSP9kYAxh6m8,4.4,5,Goede locatie om de auto weer snel op te laden. Veel laadpunten en ook genoeg fastfood dichtbij als je toch even moet wachten.
37683,Amstel 3,Essent (NL),Amsterdam,ChIJ44dOM8sLxkcRSP9kYAxh6m8,4.4,4,"Voor auto en persoon, Fastned & Fastfood.
Goed gelegen locatie voor het opladen van je auto en de inwendige mens. Vervelend aan die locatie, zijn die vreselijke drempels en soms is er een wachtrij doordat er taxi's en bedrijfsbusjes staan op te laden."
37683,Amstel 3,Essent (NL),Amsterdam,ChIJ44dOM8sLxkcRSP9kYAxh6m8,4.4,5,"Genoeg tentjes om wat te eten
Wel druk maar ook veel laadplekken."
37683,Amstel 3,Essent (NL),Amsterdam,ChIJ44dOM8sLxkcRSP9kYAxh6m8,4.4,4,Eigenlijk altijd druk maar genoeg te snacken vlakbij
37683,Amstel 3,Essent (NL),Amsterdam,ChIJ44dOM8sLxkcRSP9kYAxh6m8,4.4,4,"Ruime plaatsen met afvalbakken. In de nacht goed verlicht, geen onveilig gevoel (was enige gebruiker om 4:00 uur)"
37683,Amstel 3,Essent (NL),Amsterdam,ChIJ44dOM8sLxkcRSP9kYAxh6m8,4.4,5,Goede locatie om de auto weer snel op te laden. Veel laadpunten en ook genoeg fastfood dichtbij als je toch even moet wachten.
37682,Ir. G. Friedhoffplein,EVnetNL,Zandvoort,ChIJgySLLXPsxUcRhRtQXAiNHgI,5.0,5,Op een toegankelijke plaats
37678,Herengracht 410,Essent (NL),Amsterdam,ChIJ44dOM8sLxkcRSP9kYAxh6m8,4.4,4,"Voor auto en persoon, Fastned & Fastfood.
Goed gelegen locatie voor het opladen van je auto en de inwendige mens. Vervelend aan die locatie, zijn die vreselijke drempels en soms is er een wachtrij doordat er taxi's en bedrijfsbusjes staan op te laden."
37678,Herengracht 410,Essent (NL),Amsterdam,ChIJ44dOM8sLxkcRSP9kYAxh6m8,4.4,5,"Genoeg tentjes om wat te eten
Wel druk maar ook veel laadplekken."
37678,Herengracht 410,Essent (NL),Amsterdam,ChIJ44dOM8sLxkcRSP9kYAxh6m8,4.4,4,Eigenlijk altijd druk maar genoeg te snacken vlakbij
37678,Herengracht 410,Essent (NL),Amsterdam,ChIJ44dOM8sLxkcRSP9kYAxh6m8,4.4,4,"Ruime plaatsen met afvalbakken. In de nacht goed verlicht, geen onveilig gevoel (was enige gebruiker om 4:00 uur)"
37678,Herengracht 410,Essent (NL),Amsterdam,ChIJ44dOM8sLxkcRSP9kYAxh6m8,4.4,5,Goede locatie om de auto weer snel op te laden. Veel laadpunten en ook genoeg fastfood dichtbij als je toch even moet wachten.
37677,Passeerdersgracht 20A,Essent (NL),Amsterdam,ChIJ44dOM8sLxkcRSP9kYAxh6m8,4.4,4,"Voor auto en persoon, Fastned & Fastfood.
Goed gelegen locatie voor het opladen van je auto en de inwendige mens. Vervelend aan die locatie, zijn die vreselijke drempels en soms is er een wachtrij doordat er taxi's en bedrijfsbusjes staan op te laden."
37677,Passeerdersgracht 20A,Essent (NL),Amsterdam,ChIJ44dOM8sLxkcRSP9kYAxh6m8,4.4,5,"Genoeg tentjes om wat te eten
Wel druk maar ook veel laadplekken."
37677,Passeerdersgracht 20A,Essent (NL),Amsterdam,ChIJ44dOM8sLxkcRSP9kYAxh6m8,4.4,4,Eigenlijk altijd druk maar genoeg te snacken vlakbij
37677,Passeerdersgracht 20A,Essent (NL),Amsterdam,ChIJ44dOM8sLxkcRSP9kYAxh6m8,4.4,4,"Ruime plaatsen met afvalbakken. In de nacht goed verlicht, geen onveilig gevoel (was enige gebruiker om 4:00 uur)"
37677,Passeerdersgracht 20A,Essent (NL),Amsterdam,ChIJ44dOM8sLxkcRSP9kYAxh6m8,4.4,5,Goede locatie om de auto weer snel op te laden. Veel laadpunten en ook genoeg fastfood dichtbij als je toch even moet wachten.
37667,Nieuwe Herengracht 55C,Essent (NL),Amsterdam,ChIJ44dOM8sLxkcRSP9kYAxh6m8,4.4,4,"Voor auto en persoon, Fastned & Fastfood.
Goed gelegen locatie voor het opladen van je auto en de inwendige mens. Vervelend aan die locatie, zijn die vreselijke drempels en soms is er een wachtrij doordat er taxi's en bedrijfsbusjes staan op te laden."
37667,Nieuwe Herengracht 55C,Essent (NL),Amsterdam,ChIJ44dOM8sLxkcRSP9kYAxh6m8,4.4,5,"Genoeg tentjes om wat te eten
Wel druk maar ook veel laadplekken."
37667,Nieuwe Herengracht 55C,Essent (NL),Amsterdam,ChIJ44dOM8sLxkcRSP9kYAxh6m8,4.4,4,Eigenlijk altijd druk maar genoeg te snacken vlakbij
37667,Nieuwe Herengracht 55C,Essent (NL),Amsterdam,ChIJ44dOM8sLxkcRSP9kYAxh6m8,4.4,4,"Ruime plaatsen met afvalbakken. In de nacht goed verlicht, geen onveilig gevoel (was enige gebruiker om 4:00 uur)"
37667,Nieuwe Herengracht 55C,Essent (NL),Amsterdam,ChIJ44dOM8sLxkcRSP9kYAxh6m8,4.4,5,Goede locatie om de auto weer snel op te laden. Veel laadpunten en ook genoeg fastfood dichtbij als je toch even moet wachten.
37656,Nassaukade 930,Essent (NL),Amsterdam,ChIJ44dOM8sLxkcRSP9kYAxh6m8,4.4,4,"Voor auto en persoon, Fastned & Fastfood.
Goed gelegen locatie voor het opladen van je auto en de inwendige mens. Vervelend aan die locatie, zijn die vreselijke drempels en soms is er een wachtrij doordat er taxi's en bedrijfsbusjes staan op te laden."
37656,Nassaukade 930,Essent (NL),Amsterdam,ChIJ44dOM8sLxkcRSP9kYAxh6m8,4.4,5,"Genoeg tentjes om wat te eten
Wel druk maar ook veel laadplekken."
37656,Nassaukade 930,Essent (NL),Amsterdam,ChIJ44dOM8sLxkcRSP9kYAxh6m8,4.4,4,Eigenlijk altijd druk maar genoeg te snacken vlakbij
37656,Nassaukade 930,Essent (NL),Amsterdam,ChIJ44dOM8sLxkcRSP9kYAxh6m8,4.4,4,"Ruime plaatsen met afvalbakken. In de nacht goed verlicht, geen onveilig gevoel (was enige gebruiker om 4:00 uur)"
37656,Nassaukade 930,Essent (NL),Amsterdam,ChIJ44dOM8sLxkcRSP9kYAxh6m8,4.4,5,Goede locatie om de auto weer snel op te laden. Veel laadpunten en ook genoeg fastfood dichtbij als je toch even moet wachten.
37653,Boymansweg 1,Essent (NL),Amsterdam,ChIJ44dOM8sLxkcRSP9kYAxh6m8,4.4,4,"Voor auto en persoon, Fastned & Fastfood.
Goed gelegen locatie voor het opladen van je auto en de inwendige mens. Vervelend aan die locatie, zijn die vreselijke drempels en soms is er een wachtrij doordat er taxi's en bedrijfsbusjes staan op te laden."
37653,Boymansweg 1,Essent (NL),Amsterdam,ChIJ44dOM8sLxkcRSP9kYAxh6m8,4.4,5,"Genoeg tentjes om wat te eten
Wel druk maar ook veel laadplekken."
37653,Boymansweg 1,Essent (NL),Amsterdam,ChIJ44dOM8sLxkcRSP9kYAxh6m8,4.4,4,Eigenlijk altijd druk maar genoeg te snacken vlakbij
37653,Boymansweg 1,Essent (NL),Amsterdam,ChIJ44dOM8sLxkcRSP9kYAxh6m8,4.4,4,"Ruime plaatsen met afvalbakken. In de nacht goed verlicht, geen onveilig gevoel (was enige gebruiker om 4:00 uur)"
37653,Boymansweg 1,Essent (NL),Amsterdam,ChIJ44dOM8sLxkcRSP9kYAxh6m8,4.4,5,Goede locatie om de auto weer snel op te laden. Veel laadpunten en ook genoeg fastfood dichtbij als je toch even moet wachten.
37648,Borgerstraat,Essent (NL),Amsterdam,ChIJ44dOM8sLxkcRSP9kYAxh6m8,4.4,4,"Voor auto en persoon, Fastned & Fastfood.
Goed gelegen locatie voor het opladen van je auto en de inwendige mens. Vervelend aan die locatie, zijn die vreselijke drempels en soms is er een wachtrij doordat er taxi's en bedrijfsbusjes staan op te laden."
37648,Borgerstraat,Essent (NL),Amsterdam,ChIJ44dOM8sLxkcRSP9kYAxh6m8,4.4,5,"Genoeg tentjes om wat te eten
Wel druk maar ook veel laadplekken."
37648,Borgerstraat,Essent (NL),Amsterdam,ChIJ44dOM8sLxkcRSP9kYAxh6m8,4.4,4,Eigenlijk altijd druk maar genoeg te snacken vlakbij
37648,Borgerstraat,Essent (NL),Amsterdam,ChIJ44dOM8sLxkcRSP9kYAxh6m8,4.4,4,"Ruime plaatsen met afvalbakken. In de nacht goed verlicht, geen onveilig gevoel (was enige gebruiker om 4:00 uur)"
37648,Borgerstraat,Essent (NL),Amsterdam,ChIJ44dOM8sLxkcRSP9kYAxh6m8,4.4,5,Goede locatie om de auto weer snel op te laden. Veel laadpunten en ook genoeg fastfood dichtbij als je toch even moet wachten.
37647,Herengracht 507,Essent (NL),Amsterdam,ChIJ44dOM8sLxkcRSP9kYAxh6m8,4.4,4,"Voor auto en persoon, Fastned & Fastfood.
Goed gelegen locatie voor het opladen van je auto en de inwendige mens. Vervelend aan die locatie, zijn die vreselijke drempels en soms is er een wachtrij doordat er taxi's en bedrijfsbusjes staan op te laden."
37647,Herengracht 507,Essent (NL),Amsterdam,ChIJ44dOM8sLxkcRSP9kYAxh6m8,4.4,5,"Genoeg tentjes om wat te eten
Wel druk maar ook veel laadplekken."
37647,Herengracht 507,Essent (NL),Amsterdam,ChIJ44dOM8sLxkcRSP9kYAxh6m8,4.4,4,Eigenlijk altijd druk maar genoeg te snacken vlakbij
37647,Herengracht 507,Essent (NL),Amsterdam,ChIJ44dOM8sLxkcRSP9kYAxh6m8,4.4,4,"Ruime plaatsen met afvalbakken. In de nacht goed verlicht, geen onveilig gevoel (was enige gebruiker om 4:00 uur)"
37647,Herengracht 507,Essent (NL),Amsterdam,ChIJ44dOM8sLxkcRSP9kYAxh6m8,4.4,5,Goede locatie om de auto weer snel op te laden. Veel laadpunten en ook genoeg fastfood dichtbij als je toch even moet wachten.
37635,Postjesweg 124,Essent (NL),Amsterdam,ChIJ44dOM8sLxkcRSP9kYAxh6m8,4.4,4,"Voor auto en persoon, Fastned & Fastfood.
Goed gelegen locatie voor het opladen van je auto en de inwendige mens. Vervelend aan die locatie, zijn die vreselijke drempels en soms is er een wachtrij doordat er taxi's en bedrijfsbusjes staan op te laden."
37635,Postjesweg 124,Essent (NL),Amsterdam,ChIJ44dOM8sLxkcRSP9kYAxh6m8,4.4,5,"Genoeg tentjes om wat te eten
Wel druk maar ook veel laadplekken."
37635,Postjesweg 124,Essent (NL),Amsterdam,ChIJ44dOM8sLxkcRSP9kYAxh6m8,4.4,4,Eigenlijk altijd druk maar genoeg te snacken vlakbij
37635,Postjesweg 124,Essent (NL),Amsterdam,ChIJ44dOM8sLxkcRSP9kYAxh6m8,4.4,4,"Ruime plaatsen met afvalbakken. In de nacht goed verlicht, geen onveilig gevoel (was enige gebruiker om 4:00 uur)"
37635,Postjesweg 124,Essent (NL),Amsterdam,ChIJ44dOM8sLxkcRSP9kYAxh6m8,4.4,5,Goede locatie om de auto weer snel op te laden. Veel laadpunten en ook genoeg fastfood dichtbij als je toch even moet wachten.
37633,Boymansweg 101,Essent (NL),Amsterdam,ChIJ44dOM8sLxkcRSP9kYAxh6m8,4.4,4,"Voor auto en persoon, Fastned & Fastfood.
Goed gelegen locatie voor het opladen van je auto en de inwendige mens. Vervelend aan die locatie, zijn die vreselijke drempels en soms is er een wachtrij doordat er taxi's en bedrijfsbusjes staan op te laden."
37633,Boymansweg 101,Essent (NL),Amsterdam,ChIJ44dOM8sLxkcRSP9kYAxh6m8,4.4,5,"Genoeg tentjes om wat te eten
Wel druk maar ook veel laadplekken."
37633,Boymansweg 101,Essent (NL),Amsterdam,ChIJ44dOM8sLxkcRSP9kYAxh6m8,4.4,4,Eigenlijk altijd druk maar genoeg te snacken vlakbij
37633,Boymansweg 101,Essent (NL),Amsterdam,ChIJ44dOM8sLxkcRSP9kYAxh6m8,4.4,4,"Ruime plaatsen met afvalbakken. In de nacht goed verlicht, geen onveilig gevoel (was enige gebruiker om 4:00 uur)"
37633,Boymansweg 101,Essent (NL),Amsterdam,ChIJ44dOM8sLxkcRSP9kYAxh6m8,4.4,5,Goede locatie om de auto weer snel op te laden. Veel laadpunten en ook genoeg fastfood dichtbij als je toch even moet wachten.
37627,Keizersgracht 666A,Essent (NL),Amsterdam,ChIJ44dOM8sLxkcRSP9kYAxh6m8,4.4,4,"Voor auto en persoon, Fastned & Fastfood.
Goed gelegen locatie voor het opladen van je auto en de inwendige mens. Vervelend aan die locatie, zijn die vreselijke drempels en soms is er een wachtrij doordat er taxi's en bedrijfsbusjes staan op te laden."
37627,Keizersgracht 666A,Essent (NL),Amsterdam,ChIJ44dOM8sLxkcRSP9kYAxh6m8,4.4,5,"Genoeg tentjes om wat te eten
Wel druk maar ook veel laadplekken."
37627,Keizersgracht 666A,Essent (NL),Amsterdam,ChIJ44dOM8sLxkcRSP9kYAxh6m8,4.4,4,Eigenlijk altijd druk maar genoeg te snacken vlakbij
37627,Keizersgracht 666A,Essent (NL),Amsterdam,ChIJ44dOM8sLxkcRSP9kYAxh6m8,4.4,4,"Ruime plaatsen met afvalbakken. In de nacht goed verlicht, geen onveilig gevoel (was enige gebruiker om 4:00 uur)"
37627,Keizersgracht 666A,Essent (NL),Amsterdam,ChIJ44dOM8sLxkcRSP9kYAxh6m8,4.4,5,Goede locatie om de auto weer snel op te laden. Veel laadpunten en ook genoeg fastfood dichtbij als je toch even moet wachten.
37625,Postjeskade 61-1,Essent (NL),Amsterdam,ChIJ44dOM8sLxkcRSP9kYAxh6m8,4.4,4,"Voor auto en persoon, Fastned & Fastfood.
Goed gelegen locatie voor het opladen van je auto en de inwendige mens. Vervelend aan die locatie, zijn die vreselijke drempels en soms is er een wachtrij doordat er taxi's en bedrijfsbusjes staan op te laden."
37625,Postjeskade 61-1,Essent (NL),Amsterdam,ChIJ44dOM8sLxkcRSP9kYAxh6m8,4.4,5,"Genoeg tentjes om wat te eten
Wel druk maar ook veel laadplekken."
37625,Postjeskade 61-1,Essent (NL),Amsterdam,ChIJ44dOM8sLxkcRSP9kYAxh6m8,4.4,4,Eigenlijk altijd druk maar genoeg te snacken vlakbij
37625,Postjeskade 61-1,Essent (NL),Amsterdam,ChIJ44dOM8sLxkcRSP9kYAxh6m8,4.4,4,"Ruime plaatsen met afvalbakken. In de nacht goed verlicht, geen onveilig gevoel (was enige gebruiker om 4:00 uur)"
37625,Postjeskade 61-1,Essent (NL),Amsterdam,ChIJ44dOM8sLxkcRSP9kYAxh6m8,4.4,5,Goede locatie om de auto weer snel op te laden. Veel laadpunten en ook genoeg fastfood dichtbij als je toch even moet wachten.
37621,Pedro de Medinalaan 1C,EVBox,Amsterdam,ChIJCdeUcsoOxkcRH2YG-Gv_kRk,4.4,1,"Dit is het meest amateuristische bedrijf op het gebied van laad(paal)technologie. Wat een aanfluiting! Adviseren om maar 11 uur per dag te gaan laden ipv 4 1/2 uur want je slaapt toch 's nachts... En meer van dat soort onprofessionele adviezen.  Vervolgens een eigen laadpaalproduct proberen te slijten ipv marktleider NewMotion zoals aangevraagd. En dat ook niet van te voren vertellen maar de klant gewoon op de dag van installatie zelf voor het blok plaatsen, weer erg onprofessioneel. Tenslotte nooit terug bellen, maar zodra je het bedrijf aansprakelijk stelt voor gevolgschade van hun slechte adviezen krijg je binnen een kwartier een email van de directeur. Mijn advies : doe hier geen zaken mee, maar kies een klasse bedrijf als NewMotion met uitstekende en professionele werknemers."
37621,Pedro de Medinalaan 1C,EVBox,Amsterdam,ChIJCdeUcsoOxkcRH2YG-Gv_kRk,4.4,2,"klantvriendelijk bij 1e gesprek en bestellen
beloofde levertijd.....met enkele weken overschreden
monteur wilde graag een dag eerder komen (10-4 ipv 11-4) en de unit wisselen, terwijl er een unit op paal besteld is......vreemd, unit had hij maar geen paal.
postnl had het laten liggen op sorteercentrum......was verstuurd op 8-4. terwijl er pas een afspraak gepland zou worden als alles binnen was......vreemd.
monteur vertelde ook dat ze hun alleen de paal plaatsen en elektrisch aansluiten en niets inregelen. vreemde gang van zaken"
37621,Pedro de Medinalaan 1C,EVBox,Amsterdam,ChIJCdeUcsoOxkcRH2YG-Gv_kRk,4.4,5,"Top bedrijf met veel kennis over laden en de mogelijkheden van producten en dienstverlening op het gebied van elektrisch rijden.

Snelle levering en montage van mijn laadpunt thuis"
37621,Pedro de Medinalaan 1C,EVBox,Amsterdam,ChIJCdeUcsoOxkcRH2YG-Gv_kRk,4.4,5,"Fijne plek om te laden , naast winkelcentrum , sneltram naar Amsterdam en de bus naar Schiphol  alles binnen 100 meter afstand  en geen parkeergeld te betalen !"
37621,Pedro de Medinalaan 1C,EVBox,Amsterdam,ChIJCdeUcsoOxkcRH2YG-Gv_kRk,4.4,5,Levering volgens afspraak. Prettig contact. Denken met je mee over passende oplossingen.
37617,Meer en Vaart 131,Essent (NL),Amsterdam,ChIJ44dOM8sLxkcRSP9kYAxh6m8,4.4,4,"Voor auto en persoon, Fastned & Fastfood.
Goed gelegen locatie voor het opladen van je auto en de inwendige mens. Vervelend aan die locatie, zijn die vreselijke drempels en soms is er een wachtrij doordat er taxi's en bedrijfsbusjes staan op te laden."
37617,Meer en Vaart 131,Essent (NL),Amsterdam,ChIJ44dOM8sLxkcRSP9kYAxh6m8,4.4,5,"Genoeg tentjes om wat te eten
Wel druk maar ook veel laadplekken."
37617,Meer en Vaart 131,Essent (NL),Amsterdam,ChIJ44dOM8sLxkcRSP9kYAxh6m8,4.4,4,Eigenlijk altijd druk maar genoeg te snacken vlakbij
37617,Meer en Vaart 131,Essent (NL),Amsterdam,ChIJ44dOM8sLxkcRSP9kYAxh6m8,4.4,4,"Ruime plaatsen met afvalbakken. In de nacht goed verlicht, geen onveilig gevoel (was enige gebruiker om 4:00 uur)"
37617,Meer en Vaart 131,Essent (NL),Amsterdam,ChIJ44dOM8sLxkcRSP9kYAxh6m8,4.4,5,Goede locatie om de auto weer snel op te laden. Veel laadpunten en ook genoeg fastfood dichtbij als je toch even moet wachten.
37614,Martin Cortesstraat 1,Essent (NL),Amsterdam,ChIJ44dOM8sLxkcRSP9kYAxh6m8,4.4,4,"Voor auto en persoon, Fastned & Fastfood.
Goed gelegen locatie voor het opladen van je auto en de inwendige mens. Vervelend aan die locatie, zijn die vreselijke drempels en soms is er een wachtrij doordat er taxi's en bedrijfsbusjes staan op te laden."
37614,Martin Cortesstraat 1,Essent (NL),Amsterdam,ChIJ44dOM8sLxkcRSP9kYAxh6m8,4.4,5,"Genoeg tentjes om wat te eten
Wel druk maar ook veel laadplekken."
37614,Martin Cortesstraat 1,Essent (NL),Amsterdam,ChIJ44dOM8sLxkcRSP9kYAxh6m8,4.4,4,Eigenlijk altijd druk maar genoeg te snacken vlakbij
37614,Martin Cortesstraat 1,Essent (NL),Amsterdam,ChIJ44dOM8sLxkcRSP9kYAxh6m8,4.4,4,"Ruime plaatsen met afvalbakken. In de nacht goed verlicht, geen onveilig gevoel (was enige gebruiker om 4:00 uur)"
37614,Martin Cortesstraat 1,Essent (NL),Amsterdam,ChIJ44dOM8sLxkcRSP9kYAxh6m8,4.4,5,Goede locatie om de auto weer snel op te laden. Veel laadpunten en ook genoeg fastfood dichtbij als je toch even moet wachten.
37611,IJburglaan 436,Essent (NL),Amsterdam,ChIJ44dOM8sLxkcRSP9kYAxh6m8,4.4,4,"Voor auto en persoon, Fastned & Fastfood.
Goed gelegen locatie voor het opladen van je auto en de inwendige mens. Vervelend aan die locatie, zijn die vreselijke drempels en soms is er een wachtrij doordat er taxi's en bedrijfsbusjes staan op te laden."
37611,IJburglaan 436,Essent (NL),Amsterdam,ChIJ44dOM8sLxkcRSP9kYAxh6m8,4.4,5,"Genoeg tentjes om wat te eten
Wel druk maar ook veel laadplekken."
37611,IJburglaan 436,Essent (NL),Amsterdam,ChIJ44dOM8sLxkcRSP9kYAxh6m8,4.4,4,Eigenlijk altijd druk maar genoeg te snacken vlakbij
37611,IJburglaan 436,Essent (NL),Amsterdam,ChIJ44dOM8sLxkcRSP9kYAxh6m8,4.4,4,"Ruime plaatsen met afvalbakken. In de nacht goed verlicht, geen onveilig gevoel (was enige gebruiker om 4:00 uur)"
37611,IJburglaan 436,Essent (NL),Amsterdam,ChIJ44dOM8sLxkcRSP9kYAxh6m8,4.4,5,Goede locatie om de auto weer snel op te laden. Veel laadpunten en ook genoeg fastfood dichtbij als je toch even moet wachten.
37608,Jacob van Lennepkade 613,Essent (NL),Amsterdam,ChIJ44dOM8sLxkcRSP9kYAxh6m8,4.4,4,"Voor auto en persoon, Fastned & Fastfood.
Goed gelegen locatie voor het opladen van je auto en de inwendige mens. Vervelend aan die locatie, zijn die vreselijke drempels en soms is er een wachtrij doordat er taxi's en bedrijfsbusjes staan op te laden."
37608,Jacob van Lennepkade 613,Essent (NL),Amsterdam,ChIJ44dOM8sLxkcRSP9kYAxh6m8,4.4,5,"Genoeg tentjes om wat te eten
Wel druk maar ook veel laadplekken."
37608,Jacob van Lennepkade 613,Essent (NL),Amsterdam,ChIJ44dOM8sLxkcRSP9kYAxh6m8,4.4,4,Eigenlijk altijd druk maar genoeg te snacken vlakbij
37608,Jacob van Lennepkade 613,Essent (NL),Amsterdam,ChIJ44dOM8sLxkcRSP9kYAxh6m8,4.4,4,"Ruime plaatsen met afvalbakken. In de nacht goed verlicht, geen onveilig gevoel (was enige gebruiker om 4:00 uur)"
37608,Jacob van Lennepkade 613,Essent (NL),Amsterdam,ChIJ44dOM8sLxkcRSP9kYAxh6m8,4.4,5,Goede locatie om de auto weer snel op te laden. Veel laadpunten en ook genoeg fastfood dichtbij als je toch even moet wachten.
37602,Ruimzicht 173,Essent (NL),Amsterdam,ChIJ44dOM8sLxkcRSP9kYAxh6m8,4.4,4,"Voor auto en persoon, Fastned & Fastfood.
Goed gelegen locatie voor het opladen van je auto en de inwendige mens. Vervelend aan die locatie, zijn die vreselijke drempels en soms is er een wachtrij doordat er taxi's en bedrijfsbusjes staan op te laden."
37602,Ruimzicht 173,Essent (NL),Amsterdam,ChIJ44dOM8sLxkcRSP9kYAxh6m8,4.4,5,"Genoeg tentjes om wat te eten
Wel druk maar ook veel laadplekken."
37602,Ruimzicht 173,Essent (NL),Amsterdam,ChIJ44dOM8sLxkcRSP9kYAxh6m8,4.4,4,Eigenlijk altijd druk maar genoeg te snacken vlakbij
37602,Ruimzicht 173,Essent (NL),Amsterdam,ChIJ44dOM8sLxkcRSP9kYAxh6m8,4.4,4,"Ruime plaatsen met afvalbakken. In de nacht goed verlicht, geen onveilig gevoel (was enige gebruiker om 4:00 uur)"
37602,Ruimzicht 173,Essent (NL),Amsterdam,ChIJ44dOM8sLxkcRSP9kYAxh6m8,4.4,5,Goede locatie om de auto weer snel op te laden. Veel laadpunten en ook genoeg fastfood dichtbij als je toch even moet wachten.
37599,Sarphatistraat 125-1,Essent (NL),Amsterdam,ChIJ44dOM8sLxkcRSP9kYAxh6m8,4.4,4,"Voor auto en persoon, Fastned & Fastfood.
Goed gelegen locatie voor het opladen van je auto en de inwendige mens. Vervelend aan die locatie, zijn die vreselijke drempels en soms is er een wachtrij doordat er taxi's en bedrijfsbusjes staan op te laden."
37599,Sarphatistraat 125-1,Essent (NL),Amsterdam,ChIJ44dOM8sLxkcRSP9kYAxh6m8,4.4,5,"Genoeg tentjes om wat te eten
Wel druk maar ook veel laadplekken."
37599,Sarphatistraat 125-1,Essent (NL),Amsterdam,ChIJ44dOM8sLxkcRSP9kYAxh6m8,4.4,4,Eigenlijk altijd druk maar genoeg te snacken vlakbij
37599,Sarphatistraat 125-1,Essent (NL),Amsterdam,ChIJ44dOM8sLxkcRSP9kYAxh6m8,4.4,4,"Ruime plaatsen met afvalbakken. In de nacht goed verlicht, geen onveilig gevoel (was enige gebruiker om 4:00 uur)"
37599,Sarphatistraat 125-1,Essent (NL),Amsterdam,ChIJ44dOM8sLxkcRSP9kYAxh6m8,4.4,5,Goede locatie om de auto weer snel op te laden. Veel laadpunten en ook genoeg fastfood dichtbij als je toch even moet wachten.
37595,Staringstraat 163,Essent (NL),Amsterdam,ChIJ44dOM8sLxkcRSP9kYAxh6m8,4.4,4,"Voor auto en persoon, Fastned & Fastfood.
Goed gelegen locatie voor het opladen van je auto en de inwendige mens. Vervelend aan die locatie, zijn die vreselijke drempels en soms is er een wachtrij doordat er taxi's en bedrijfsbusjes staan op te laden."
37595,Staringstraat 163,Essent (NL),Amsterdam,ChIJ44dOM8sLxkcRSP9kYAxh6m8,4.4,5,"Genoeg tentjes om wat te eten
Wel druk maar ook veel laadplekken."
37595,Staringstraat 163,Essent (NL),Amsterdam,ChIJ44dOM8sLxkcRSP9kYAxh6m8,4.4,4,Eigenlijk altijd druk maar genoeg te snacken vlakbij
37595,Staringstraat 163,Essent (NL),Amsterdam,ChIJ44dOM8sLxkcRSP9kYAxh6m8,4.4,4,"Ruime plaatsen met afvalbakken. In de nacht goed verlicht, geen onveilig gevoel (was enige gebruiker om 4:00 uur)"
37595,Staringstraat 163,Essent (NL),Amsterdam,ChIJ44dOM8sLxkcRSP9kYAxh6m8,4.4,5,Goede locatie om de auto weer snel op te laden. Veel laadpunten en ook genoeg fastfood dichtbij als je toch even moet wachten.
37584,Pieter Cornelisz. Hooftstraat 5,Essent (NL),Amsterdam,ChIJ44dOM8sLxkcRSP9kYAxh6m8,4.4,4,"Voor auto en persoon, Fastned & Fastfood.
Goed gelegen locatie voor het opladen van je auto en de inwendige mens. Vervelend aan die locatie, zijn die vreselijke drempels en soms is er een wachtrij doordat er taxi's en bedrijfsbusjes staan op te laden."
37584,Pieter Cornelisz. Hooftstraat 5,Essent (NL),Amsterdam,ChIJ44dOM8sLxkcRSP9kYAxh6m8,4.4,5,"Genoeg tentjes om wat te eten
Wel druk maar ook veel laadplekken."
37584,Pieter Cornelisz. Hooftstraat 5,Essent (NL),Amsterdam,ChIJ44dOM8sLxkcRSP9kYAxh6m8,4.4,4,Eigenlijk altijd druk maar genoeg te snacken vlakbij
37584,Pieter Cornelisz. Hooftstraat 5,Essent (NL),Amsterdam,ChIJ44dOM8sLxkcRSP9kYAxh6m8,4.4,4,"Ruime plaatsen met afvalbakken. In de nacht goed verlicht, geen onveilig gevoel (was enige gebruiker om 4:00 uur)"
37584,Pieter Cornelisz. Hooftstraat 5,Essent (NL),Amsterdam,ChIJ44dOM8sLxkcRSP9kYAxh6m8,4.4,5,Goede locatie om de auto weer snel op te laden. Veel laadpunten en ook genoeg fastfood dichtbij als je toch even moet wachten.
37580,Zandpad 5,Essent (NL),Amsterdam,ChIJ44dOM8sLxkcRSP9kYAxh6m8,4.4,4,"Voor auto en persoon, Fastned & Fastfood.
Goed gelegen locatie voor het opladen van je auto en de inwendige mens. Vervelend aan die locatie, zijn die vreselijke drempels en soms is er een wachtrij doordat er taxi's en bedrijfsbusjes staan op te laden."
37580,Zandpad 5,Essent (NL),Amsterdam,ChIJ44dOM8sLxkcRSP9kYAxh6m8,4.4,5,"Genoeg tentjes om wat te eten
Wel druk maar ook veel laadplekken."
37580,Zandpad 5,Essent (NL),Amsterdam,ChIJ44dOM8sLxkcRSP9kYAxh6m8,4.4,4,Eigenlijk altijd druk maar genoeg te snacken vlakbij
37580,Zandpad 5,Essent (NL),Amsterdam,ChIJ44dOM8sLxkcRSP9kYAxh6m8,4.4,4,"Ruime plaatsen met afvalbakken. In de nacht goed verlicht, geen onveilig gevoel (was enige gebruiker om 4:00 uur)"
37580,Zandpad 5,Essent (NL),Amsterdam,ChIJ44dOM8sLxkcRSP9kYAxh6m8,4.4,5,Goede locatie om de auto weer snel op te laden. Veel laadpunten en ook genoeg fastfood dichtbij als je toch even moet wachten.
37574,Obiplein 14,Essent (NL),Amsterdam,ChIJ44dOM8sLxkcRSP9kYAxh6m8,4.4,4,"Voor auto en persoon, Fastned & Fastfood.
Goed gelegen locatie voor het opladen van je auto en de inwendige mens. Vervelend aan die locatie, zijn die vreselijke drempels en soms is er een wachtrij doordat er taxi's en bedrijfsbusjes staan op te laden."
37574,Obiplein 14,Essent (NL),Amsterdam,ChIJ44dOM8sLxkcRSP9kYAxh6m8,4.4,5,"Genoeg tentjes om wat te eten
Wel druk maar ook veel laadplekken."
37574,Obiplein 14,Essent (NL),Amsterdam,ChIJ44dOM8sLxkcRSP9kYAxh6m8,4.4,4,Eigenlijk altijd druk maar genoeg te snacken vlakbij
37574,Obiplein 14,Essent (NL),Amsterdam,ChIJ44dOM8sLxkcRSP9kYAxh6m8,4.4,4,"Ruime plaatsen met afvalbakken. In de nacht goed verlicht, geen onveilig gevoel (was enige gebruiker om 4:00 uur)"
37574,Obiplein 14,Essent (NL),Amsterdam,ChIJ44dOM8sLxkcRSP9kYAxh6m8,4.4,5,Goede locatie om de auto weer snel op te laden. Veel laadpunten en ook genoeg fastfood dichtbij als je toch even moet wachten.
37568,J.J. Cremerplein 6-1,Essent (NL),Amsterdam,ChIJ44dOM8sLxkcRSP9kYAxh6m8,4.4,4,"Voor auto en persoon, Fastned & Fastfood.
Goed gelegen locatie voor het opladen van je auto en de inwendige mens. Vervelend aan die locatie, zijn die vreselijke drempels en soms is er een wachtrij doordat er taxi's en bedrijfsbusjes staan op te laden."
37568,J.J. Cremerplein 6-1,Essent (NL),Amsterdam,ChIJ44dOM8sLxkcRSP9kYAxh6m8,4.4,5,"Genoeg tentjes om wat te eten
Wel druk maar ook veel laadplekken."
37568,J.J. Cremerplein 6-1,Essent (NL),Amsterdam,ChIJ44dOM8sLxkcRSP9kYAxh6m8,4.4,4,Eigenlijk altijd druk maar genoeg te snacken vlakbij
37568,J.J. Cremerplein 6-1,Essent (NL),Amsterdam,ChIJ44dOM8sLxkcRSP9kYAxh6m8,4.4,4,"Ruime plaatsen met afvalbakken. In de nacht goed verlicht, geen onveilig gevoel (was enige gebruiker om 4:00 uur)"
37568,J.J. Cremerplein 6-1,Essent (NL),Amsterdam,ChIJ44dOM8sLxkcRSP9kYAxh6m8,4.4,5,Goede locatie om de auto weer snel op te laden. Veel laadpunten en ook genoeg fastfood dichtbij als je toch even moet wachten.
37567,Oosterpark 8-1,Essent (NL),Amsterdam,ChIJ44dOM8sLxkcRSP9kYAxh6m8,4.4,4,"Voor auto en persoon, Fastned & Fastfood.
Goed gelegen locatie voor het opladen van je auto en de inwendige mens. Vervelend aan die locatie, zijn die vreselijke drempels en soms is er een wachtrij doordat er taxi's en bedrijfsbusjes staan op te laden."
37567,Oosterpark 8-1,Essent (NL),Amsterdam,ChIJ44dOM8sLxkcRSP9kYAxh6m8,4.4,5,"Genoeg tentjes om wat te eten
Wel druk maar ook veel laadplekken."
37567,Oosterpark 8-1,Essent (NL),Amsterdam,ChIJ44dOM8sLxkcRSP9kYAxh6m8,4.4,4,Eigenlijk altijd druk maar genoeg te snacken vlakbij
37567,Oosterpark 8-1,Essent (NL),Amsterdam,ChIJ44dOM8sLxkcRSP9kYAxh6m8,4.4,4,"Ruime plaatsen met afvalbakken. In de nacht goed verlicht, geen onveilig gevoel (was enige gebruiker om 4:00 uur)"
37567,Oosterpark 8-1,Essent (NL),Amsterdam,ChIJ44dOM8sLxkcRSP9kYAxh6m8,4.4,5,Goede locatie om de auto weer snel op te laden. Veel laadpunten en ook genoeg fastfood dichtbij als je toch even moet wachten.
37566,Weteringschans 187A-1,Essent (NL),Amsterdam,ChIJ44dOM8sLxkcRSP9kYAxh6m8,4.4,4,"Voor auto en persoon, Fastned & Fastfood.
Goed gelegen locatie voor het opladen van je auto en de inwendige mens. Vervelend aan die locatie, zijn die vreselijke drempels en soms is er een wachtrij doordat er taxi's en bedrijfsbusjes staan op te laden."
37566,Weteringschans 187A-1,Essent (NL),Amsterdam,ChIJ44dOM8sLxkcRSP9kYAxh6m8,4.4,5,"Genoeg tentjes om wat te eten
Wel druk maar ook veel laadplekken."
37566,Weteringschans 187A-1,Essent (NL),Amsterdam,ChIJ44dOM8sLxkcRSP9kYAxh6m8,4.4,4,Eigenlijk altijd druk maar genoeg te snacken vlakbij
37566,Weteringschans 187A-1,Essent (NL),Amsterdam,ChIJ44dOM8sLxkcRSP9kYAxh6m8,4.4,4,"Ruime plaatsen met afvalbakken. In de nacht goed verlicht, geen onveilig gevoel (was enige gebruiker om 4:00 uur)"
37566,Weteringschans 187A-1,Essent (NL),Amsterdam,ChIJ44dOM8sLxkcRSP9kYAxh6m8,4.4,5,Goede locatie om de auto weer snel op te laden. Veel laadpunten en ook genoeg fastfood dichtbij als je toch even moet wachten.
37565,Jan Miense Molenaerplein 7,EVnetNL,Heemstede,ChIJN6SEjzXvxUcRXIQumcDOh0g,5.0,5,Ruime oplaadmogelijkheid. Niet druk. Een vrije plaats om te laden is overdag makkelijker te krijgen dan na 17.00 uur. 2 plaatsen beschikbaar.
37561,'s-Gravesandeplein 3-1,Essent (NL),Amsterdam,ChIJ44dOM8sLxkcRSP9kYAxh6m8,4.4,4,"Voor auto en persoon, Fastned & Fastfood.
Goed gelegen locatie voor het opladen van je auto en de inwendige mens. Vervelend aan die locatie, zijn die vreselijke drempels en soms is er een wachtrij doordat er taxi's en bedrijfsbusjes staan op te laden."
37561,'s-Gravesandeplein 3-1,Essent (NL),Amsterdam,ChIJ44dOM8sLxkcRSP9kYAxh6m8,4.4,5,"Genoeg tentjes om wat te eten
Wel druk maar ook veel laadplekken."
37561,'s-Gravesandeplein 3-1,Essent (NL),Amsterdam,ChIJ44dOM8sLxkcRSP9kYAxh6m8,4.4,4,Eigenlijk altijd druk maar genoeg te snacken vlakbij
37561,'s-Gravesandeplein 3-1,Essent (NL),Amsterdam,ChIJ44dOM8sLxkcRSP9kYAxh6m8,4.4,4,"Ruime plaatsen met afvalbakken. In de nacht goed verlicht, geen onveilig gevoel (was enige gebruiker om 4:00 uur)"
37561,'s-Gravesandeplein 3-1,Essent (NL),Amsterdam,ChIJ44dOM8sLxkcRSP9kYAxh6m8,4.4,5,Goede locatie om de auto weer snel op te laden. Veel laadpunten en ook genoeg fastfood dichtbij als je toch even moet wachten.
37557,Den Texstraat 41-2,Essent (NL),Amsterdam,ChIJ44dOM8sLxkcRSP9kYAxh6m8,4.4,4,"Voor auto en persoon, Fastned & Fastfood.
Goed gelegen locatie voor het opladen van je auto en de inwendige mens. Vervelend aan die locatie, zijn die vreselijke drempels en soms is er een wachtrij doordat er taxi's en bedrijfsbusjes staan op te laden."
37557,Den Texstraat 41-2,Essent (NL),Amsterdam,ChIJ44dOM8sLxkcRSP9kYAxh6m8,4.4,5,"Genoeg tentjes om wat te eten
Wel druk maar ook veel laadplekken."
37557,Den Texstraat 41-2,Essent (NL),Amsterdam,ChIJ44dOM8sLxkcRSP9kYAxh6m8,4.4,4,Eigenlijk altijd druk maar genoeg te snacken vlakbij
37557,Den Texstraat 41-2,Essent (NL),Amsterdam,ChIJ44dOM8sLxkcRSP9kYAxh6m8,4.4,4,"Ruime plaatsen met afvalbakken. In de nacht goed verlicht, geen onveilig gevoel (was enige gebruiker om 4:00 uur)"
37557,Den Texstraat 41-2,Essent (NL),Amsterdam,ChIJ44dOM8sLxkcRSP9kYAxh6m8,4.4,5,Goede locatie om de auto weer snel op te laden. Veel laadpunten en ook genoeg fastfood dichtbij als je toch even moet wachten.
37552,Stadhouderskade 141-1,Essent (NL),Amsterdam,ChIJ44dOM8sLxkcRSP9kYAxh6m8,4.4,4,"Voor auto en persoon, Fastned & Fastfood.
Goed gelegen locatie voor het opladen van je auto en de inwendige mens. Vervelend aan die locatie, zijn die vreselijke drempels en soms is er een wachtrij doordat er taxi's en bedrijfsbusjes staan op te laden."
37552,Stadhouderskade 141-1,Essent (NL),Amsterdam,ChIJ44dOM8sLxkcRSP9kYAxh6m8,4.4,5,"Genoeg tentjes om wat te eten
Wel druk maar ook veel laadplekken."
37552,Stadhouderskade 141-1,Essent (NL),Amsterdam,ChIJ44dOM8sLxkcRSP9kYAxh6m8,4.4,4,Eigenlijk altijd druk maar genoeg te snacken vlakbij
37552,Stadhouderskade 141-1,Essent (NL),Amsterdam,ChIJ44dOM8sLxkcRSP9kYAxh6m8,4.4,4,"Ruime plaatsen met afvalbakken. In de nacht goed verlicht, geen onveilig gevoel (was enige gebruiker om 4:00 uur)"
37552,Stadhouderskade 141-1,Essent (NL),Amsterdam,ChIJ44dOM8sLxkcRSP9kYAxh6m8,4.4,5,Goede locatie om de auto weer snel op te laden. Veel laadpunten en ook genoeg fastfood dichtbij als je toch even moet wachten.
37549,Stadhouderskade 140,Essent (NL),Amsterdam,ChIJ44dOM8sLxkcRSP9kYAxh6m8,4.4,4,"Voor auto en persoon, Fastned & Fastfood.
Goed gelegen locatie voor het opladen van je auto en de inwendige mens. Vervelend aan die locatie, zijn die vreselijke drempels en soms is er een wachtrij doordat er taxi's en bedrijfsbusjes staan op te laden."
37549,Stadhouderskade 140,Essent (NL),Amsterdam,ChIJ44dOM8sLxkcRSP9kYAxh6m8,4.4,5,"Genoeg tentjes om wat te eten
Wel druk maar ook veel laadplekken."
37549,Stadhouderskade 140,Essent (NL),Amsterdam,ChIJ44dOM8sLxkcRSP9kYAxh6m8,4.4,4,Eigenlijk altijd druk maar genoeg te snacken vlakbij
37549,Stadhouderskade 140,Essent (NL),Amsterdam,ChIJ44dOM8sLxkcRSP9kYAxh6m8,4.4,4,"Ruime plaatsen met afvalbakken. In de nacht goed verlicht, geen onveilig gevoel (was enige gebruiker om 4:00 uur)"
37549,Stadhouderskade 140,Essent (NL),Amsterdam,ChIJ44dOM8sLxkcRSP9kYAxh6m8,4.4,5,Goede locatie om de auto weer snel op te laden. Veel laadpunten en ook genoeg fastfood dichtbij als je toch even moet wachten.
37548,Osdorpplein 1000,Essent (NL),Amsterdam,ChIJ44dOM8sLxkcRSP9kYAxh6m8,4.4,4,"Voor auto en persoon, Fastned & Fastfood.
Goed gelegen locatie voor het opladen van je auto en de inwendige mens. Vervelend aan die locatie, zijn die vreselijke drempels en soms is er een wachtrij doordat er taxi's en bedrijfsbusjes staan op te laden."
37548,Osdorpplein 1000,Essent (NL),Amsterdam,ChIJ44dOM8sLxkcRSP9kYAxh6m8,4.4,5,"Genoeg tentjes om wat te eten
Wel druk maar ook veel laadplekken."
37548,Osdorpplein 1000,Essent (NL),Amsterdam,ChIJ44dOM8sLxkcRSP9kYAxh6m8,4.4,4,Eigenlijk altijd druk maar genoeg te snacken vlakbij
37548,Osdorpplein 1000,Essent (NL),Amsterdam,ChIJ44dOM8sLxkcRSP9kYAxh6m8,4.4,4,"Ruime plaatsen met afvalbakken. In de nacht goed verlicht, geen onveilig gevoel (was enige gebruiker om 4:00 uur)"
37548,Osdorpplein 1000,Essent (NL),Amsterdam,ChIJ44dOM8sLxkcRSP9kYAxh6m8,4.4,5,Goede locatie om de auto weer snel op te laden. Veel laadpunten en ook genoeg fastfood dichtbij als je toch even moet wachten.
37541,Jan Campertstraat 37,EVnetNL,Almere,ChIJeQDAo0kRxkcROOG5tZ8ErtY,3.0,3,"Fantastisch deze snelladers. Ideaal zo dicht bij de woonwijk.

Helaas is er sinds de komst van deze laadpalen een gigantische toename van zwerfvuil"
37541,Jan Campertstraat 37,EVnetNL,Almere,ChIJeQDAo0kRxkcROOG5tZ8ErtY,3.0,3,Prima laadpaal en locatie. Wel valt op dat ik bij lange na niet de beloofde 150 kW aan vermogen haal. Ik kwam niet verder dan 75 kW.
37536,Hemonylaan 2,Essent (NL),Amsterdam,ChIJ44dOM8sLxkcRSP9kYAxh6m8,4.4,4,"Voor auto en persoon, Fastned & Fastfood.
Goed gelegen locatie voor het opladen van je auto en de inwendige mens. Vervelend aan die locatie, zijn die vreselijke drempels en soms is er een wachtrij doordat er taxi's en bedrijfsbusjes staan op te laden."
37536,Hemonylaan 2,Essent (NL),Amsterdam,ChIJ44dOM8sLxkcRSP9kYAxh6m8,4.4,5,"Genoeg tentjes om wat te eten
Wel druk maar ook veel laadplekken."
37536,Hemonylaan 2,Essent (NL),Amsterdam,ChIJ44dOM8sLxkcRSP9kYAxh6m8,4.4,4,Eigenlijk altijd druk maar genoeg te snacken vlakbij
37536,Hemonylaan 2,Essent (NL),Amsterdam,ChIJ44dOM8sLxkcRSP9kYAxh6m8,4.4,4,"Ruime plaatsen met afvalbakken. In de nacht goed verlicht, geen onveilig gevoel (was enige gebruiker om 4:00 uur)"
37536,Hemonylaan 2,Essent (NL),Amsterdam,ChIJ44dOM8sLxkcRSP9kYAxh6m8,4.4,5,Goede locatie om de auto weer snel op te laden. Veel laadpunten en ook genoeg fastfood dichtbij als je toch even moet wachten.
37533,Terpstraat 35,Essent (NL),Amsterdam,ChIJ44dOM8sLxkcRSP9kYAxh6m8,4.4,4,"Voor auto en persoon, Fastned & Fastfood.
Goed gelegen locatie voor het opladen van je auto en de inwendige mens. Vervelend aan die locatie, zijn die vreselijke drempels en soms is er een wachtrij doordat er taxi's en bedrijfsbusjes staan op te laden."
37533,Terpstraat 35,Essent (NL),Amsterdam,ChIJ44dOM8sLxkcRSP9kYAxh6m8,4.4,5,"Genoeg tentjes om wat te eten
Wel druk maar ook veel laadplekken."
37533,Terpstraat 35,Essent (NL),Amsterdam,ChIJ44dOM8sLxkcRSP9kYAxh6m8,4.4,4,Eigenlijk altijd druk maar genoeg te snacken vlakbij
37533,Terpstraat 35,Essent (NL),Amsterdam,ChIJ44dOM8sLxkcRSP9kYAxh6m8,4.4,4,"Ruime plaatsen met afvalbakken. In de nacht goed verlicht, geen onveilig gevoel (was enige gebruiker om 4:00 uur)"
37533,Terpstraat 35,Essent (NL),Amsterdam,ChIJ44dOM8sLxkcRSP9kYAxh6m8,4.4,5,Goede locatie om de auto weer snel op te laden. Veel laadpunten en ook genoeg fastfood dichtbij als je toch even moet wachten.
37527,Van Baerlestraat 33-b,Shell Recharge Solutions (BE),Amsterdam,ChIJVS2msvoJxkcROQPBLn81IHw,5.0,5,Bovenkant
37519,Willemsparkweg 160K,Essent (NL),Amsterdam,ChIJ44dOM8sLxkcRSP9kYAxh6m8,4.4,4,"Voor auto en persoon, Fastned & Fastfood.
Goed gelegen locatie voor het opladen van je auto en de inwendige mens. Vervelend aan die locatie, zijn die vreselijke drempels en soms is er een wachtrij doordat er taxi's en bedrijfsbusjes staan op te laden."
37519,Willemsparkweg 160K,Essent (NL),Amsterdam,ChIJ44dOM8sLxkcRSP9kYAxh6m8,4.4,5,"Genoeg tentjes om wat te eten
Wel druk maar ook veel laadplekken."
37519,Willemsparkweg 160K,Essent (NL),Amsterdam,ChIJ44dOM8sLxkcRSP9kYAxh6m8,4.4,4,Eigenlijk altijd druk maar genoeg te snacken vlakbij
37519,Willemsparkweg 160K,Essent (NL),Amsterdam,ChIJ44dOM8sLxkcRSP9kYAxh6m8,4.4,4,"Ruime plaatsen met afvalbakken. In de nacht goed verlicht, geen onveilig gevoel (was enige gebruiker om 4:00 uur)"
37519,Willemsparkweg 160K,Essent (NL),Amsterdam,ChIJ44dOM8sLxkcRSP9kYAxh6m8,4.4,5,Goede locatie om de auto weer snel op te laden. Veel laadpunten en ook genoeg fastfood dichtbij als je toch even moet wachten.
37509,Vitus Beringstraat 14,Shell Recharge Solutions (BE),Almere,ChIJeQDAo0kRxkcROOG5tZ8ErtY,3.0,3,"Fantastisch deze snelladers. Ideaal zo dicht bij de woonwijk.

Helaas is er sinds de komst van deze laadpalen een gigantische toename van zwerfvuil"
37509,Vitus Beringstraat 14,Shell Recharge Solutions (BE),Almere,ChIJeQDAo0kRxkcROOG5tZ8ErtY,3.0,3,Prima laadpaal en locatie. Wel valt op dat ik bij lange na niet de beloofde 150 kW aan vermogen haal. Ik kwam niet verder dan 75 kW.
37508,Nicolaas Maesstraat,Essent (NL),Amsterdam,ChIJ44dOM8sLxkcRSP9kYAxh6m8,4.4,4,"Voor auto en persoon, Fastned & Fastfood.
Goed gelegen locatie voor het opladen van je auto en de inwendige mens. Vervelend aan die locatie, zijn die vreselijke drempels en soms is er een wachtrij doordat er taxi's en bedrijfsbusjes staan op te laden."
37508,Nicolaas Maesstraat,Essent (NL),Amsterdam,ChIJ44dOM8sLxkcRSP9kYAxh6m8,4.4,5,"Genoeg tentjes om wat te eten
Wel druk maar ook veel laadplekken."
37508,Nicolaas Maesstraat,Essent (NL),Amsterdam,ChIJ44dOM8sLxkcRSP9kYAxh6m8,4.4,4,Eigenlijk altijd druk maar genoeg te snacken vlakbij
37508,Nicolaas Maesstraat,Essent (NL),Amsterdam,ChIJ44dOM8sLxkcRSP9kYAxh6m8,4.4,4,"Ruime plaatsen met afvalbakken. In de nacht goed verlicht, geen onveilig gevoel (was enige gebruiker om 4:00 uur)"
37508,Nicolaas Maesstraat,Essent (NL),Amsterdam,ChIJ44dOM8sLxkcRSP9kYAxh6m8,4.4,5,Goede locatie om de auto weer snel op te laden. Veel laadpunten en ook genoeg fastfood dichtbij als je toch even moet wachten.
37504,IJburglaan 1099,Essent (NL),Amsterdam,ChIJ44dOM8sLxkcRSP9kYAxh6m8,4.4,4,"Voor auto en persoon, Fastned & Fastfood.
Goed gelegen locatie voor het opladen van je auto en de inwendige mens. Vervelend aan die locatie, zijn die vreselijke drempels en soms is er een wachtrij doordat er taxi's en bedrijfsbusjes staan op te laden."
37504,IJburglaan 1099,Essent (NL),Amsterdam,ChIJ44dOM8sLxkcRSP9kYAxh6m8,4.4,5,"Genoeg tentjes om wat te eten
Wel druk maar ook veel laadplekken."
37504,IJburglaan 1099,Essent (NL),Amsterdam,ChIJ44dOM8sLxkcRSP9kYAxh6m8,4.4,4,Eigenlijk altijd druk maar genoeg te snacken vlakbij
37504,IJburglaan 1099,Essent (NL),Amsterdam,ChIJ44dOM8sLxkcRSP9kYAxh6m8,4.4,4,"Ruime plaatsen met afvalbakken. In de nacht goed verlicht, geen onveilig gevoel (was enige gebruiker om 4:00 uur)"
37504,IJburglaan 1099,Essent (NL),Amsterdam,ChIJ44dOM8sLxkcRSP9kYAxh6m8,4.4,5,Goede locatie om de auto weer snel op te laden. Veel laadpunten en ook genoeg fastfood dichtbij als je toch even moet wachten.
37501,Sarphatipark 105K,Essent (NL),Amsterdam,ChIJ44dOM8sLxkcRSP9kYAxh6m8,4.4,4,"Voor auto en persoon, Fastned & Fastfood.
Goed gelegen locatie voor het opladen van je auto en de inwendige mens. Vervelend aan die locatie, zijn die vreselijke drempels en soms is er een wachtrij doordat er taxi's en bedrijfsbusjes staan op te laden."
37501,Sarphatipark 105K,Essent (NL),Amsterdam,ChIJ44dOM8sLxkcRSP9kYAxh6m8,4.4,5,"Genoeg tentjes om wat te eten
Wel druk maar ook veel laadplekken."
37501,Sarphatipark 105K,Essent (NL),Amsterdam,ChIJ44dOM8sLxkcRSP9kYAxh6m8,4.4,4,Eigenlijk altijd druk maar genoeg te snacken vlakbij
37501,Sarphatipark 105K,Essent (NL),Amsterdam,ChIJ44dOM8sLxkcRSP9kYAxh6m8,4.4,4,"Ruime plaatsen met afvalbakken. In de nacht goed verlicht, geen onveilig gevoel (was enige gebruiker om 4:00 uur)"
37501,Sarphatipark 105K,Essent (NL),Amsterdam,ChIJ44dOM8sLxkcRSP9kYAxh6m8,4.4,5,Goede locatie om de auto weer snel op te laden. Veel laadpunten en ook genoeg fastfood dichtbij als je toch even moet wachten.
37496,Sloterkade 61-1,Essent (NL),Amsterdam,ChIJ44dOM8sLxkcRSP9kYAxh6m8,4.4,4,"Voor auto en persoon, Fastned & Fastfood.
Goed gelegen locatie voor het opladen van je auto en de inwendige mens. Vervelend aan die locatie, zijn die vreselijke drempels en soms is er een wachtrij doordat er taxi's en bedrijfsbusjes staan op te laden."
37496,Sloterkade 61-1,Essent (NL),Amsterdam,ChIJ44dOM8sLxkcRSP9kYAxh6m8,4.4,5,"Genoeg tentjes om wat te eten
Wel druk maar ook veel laadplekken."
37496,Sloterkade 61-1,Essent (NL),Amsterdam,ChIJ44dOM8sLxkcRSP9kYAxh6m8,4.4,4,Eigenlijk altijd druk maar genoeg te snacken vlakbij
37496,Sloterkade 61-1,Essent (NL),Amsterdam,ChIJ44dOM8sLxkcRSP9kYAxh6m8,4.4,4,"Ruime plaatsen met afvalbakken. In de nacht goed verlicht, geen onveilig gevoel (was enige gebruiker om 4:00 uur)"
37496,Sloterkade 61-1,Essent (NL),Amsterdam,ChIJ44dOM8sLxkcRSP9kYAxh6m8,4.4,5,Goede locatie om de auto weer snel op te laden. Veel laadpunten en ook genoeg fastfood dichtbij als je toch even moet wachten.
37494,Science Park,Stadtwerke Clausthal-Zellerfeld,Amsterdam,ChIJk4i2e08JxkcRWxd5kBUX2KM,5.0,5,Service prima
37481,Zeussingel 63,Shell Recharge Solutions (BE),Almere,ChIJeQDAo0kRxkcROOG5tZ8ErtY,3.0,3,"Fantastisch deze snelladers. Ideaal zo dicht bij de woonwijk.

Helaas is er sinds de komst van deze laadpalen een gigantische toename van zwerfvuil"
37481,Zeussingel 63,Shell Recharge Solutions (BE),Almere,ChIJeQDAo0kRxkcROOG5tZ8ErtY,3.0,3,Prima laadpaal en locatie. Wel valt op dat ik bij lange na niet de beloofde 150 kW aan vermogen haal. Ik kwam niet verder dan 75 kW.
37478,Krugerplein 23-2,Essent (NL),Amsterdam,ChIJ44dOM8sLxkcRSP9kYAxh6m8,4.4,4,"Voor auto en persoon, Fastned & Fastfood.
Goed gelegen locatie voor het opladen van je auto en de inwendige mens. Vervelend aan die locatie, zijn die vreselijke drempels en soms is er een wachtrij doordat er taxi's en bedrijfsbusjes staan op te laden."
37478,Krugerplein 23-2,Essent (NL),Amsterdam,ChIJ44dOM8sLxkcRSP9kYAxh6m8,4.4,5,"Genoeg tentjes om wat te eten
Wel druk maar ook veel laadplekken."
37478,Krugerplein 23-2,Essent (NL),Amsterdam,ChIJ44dOM8sLxkcRSP9kYAxh6m8,4.4,4,Eigenlijk altijd druk maar genoeg te snacken vlakbij
37478,Krugerplein 23-2,Essent (NL),Amsterdam,ChIJ44dOM8sLxkcRSP9kYAxh6m8,4.4,4,"Ruime plaatsen met afvalbakken. In de nacht goed verlicht, geen onveilig gevoel (was enige gebruiker om 4:00 uur)"
37478,Krugerplein 23-2,Essent (NL),Amsterdam,ChIJ44dOM8sLxkcRSP9kYAxh6m8,4.4,5,Goede locatie om de auto weer snel op te laden. Veel laadpunten en ook genoeg fastfood dichtbij als je toch even moet wachten.
37476,Waldeck Pyrmontlaan 9,Stadtwerke Clausthal-Zellerfeld,Amsterdam,ChIJiyYCWgTixUcRN83OX9YYyiU,4.0,4,Het laadt goed op.
37473,Emmalaan 21,Essent (NL),Amsterdam,ChIJ44dOM8sLxkcRSP9kYAxh6m8,4.4,4,"Voor auto en persoon, Fastned & Fastfood.
Goed gelegen locatie voor het opladen van je auto en de inwendige mens. Vervelend aan die locatie, zijn die vreselijke drempels en soms is er een wachtrij doordat er taxi's en bedrijfsbusjes staan op te laden."
37473,Emmalaan 21,Essent (NL),Amsterdam,ChIJ44dOM8sLxkcRSP9kYAxh6m8,4.4,5,"Genoeg tentjes om wat te eten
Wel druk maar ook veel laadplekken."
37473,Emmalaan 21,Essent (NL),Amsterdam,ChIJ44dOM8sLxkcRSP9kYAxh6m8,4.4,4,Eigenlijk altijd druk maar genoeg te snacken vlakbij
37473,Emmalaan 21,Essent (NL),Amsterdam,ChIJ44dOM8sLxkcRSP9kYAxh6m8,4.4,4,"Ruime plaatsen met afvalbakken. In de nacht goed verlicht, geen onveilig gevoel (was enige gebruiker om 4:00 uur)"
37473,Emmalaan 21,Essent (NL),Amsterdam,ChIJ44dOM8sLxkcRSP9kYAxh6m8,4.4,5,Goede locatie om de auto weer snel op te laden. Veel laadpunten en ook genoeg fastfood dichtbij als je toch even moet wachten.
37471,Zwanebloemlaan 224,Essent (NL),Amsterdam,ChIJ44dOM8sLxkcRSP9kYAxh6m8,4.4,4,"Voor auto en persoon, Fastned & Fastfood.
Goed gelegen locatie voor het opladen van je auto en de inwendige mens. Vervelend aan die locatie, zijn die vreselijke drempels en soms is er een wachtrij doordat er taxi's en bedrijfsbusjes staan op te laden."
37471,Zwanebloemlaan 224,Essent (NL),Amsterdam,ChIJ44dOM8sLxkcRSP9kYAxh6m8,4.4,5,"Genoeg tentjes om wat te eten
Wel druk maar ook veel laadplekken."
37471,Zwanebloemlaan 224,Essent (NL),Amsterdam,ChIJ44dOM8sLxkcRSP9kYAxh6m8,4.4,4,Eigenlijk altijd druk maar genoeg te snacken vlakbij
37471,Zwanebloemlaan 224,Essent (NL),Amsterdam,ChIJ44dOM8sLxkcRSP9kYAxh6m8,4.4,4,"Ruime plaatsen met afvalbakken. In de nacht goed verlicht, geen onveilig gevoel (was enige gebruiker om 4:00 uur)"
37471,Zwanebloemlaan 224,Essent (NL),Amsterdam,ChIJ44dOM8sLxkcRSP9kYAxh6m8,4.4,5,Goede locatie om de auto weer snel op te laden. Veel laadpunten en ook genoeg fastfood dichtbij als je toch even moet wachten.
37468,Franz Zieglerstraat,Essent (NL),Amsterdam,ChIJ44dOM8sLxkcRSP9kYAxh6m8,4.4,4,"Voor auto en persoon, Fastned & Fastfood.
Goed gelegen locatie voor het opladen van je auto en de inwendige mens. Vervelend aan die locatie, zijn die vreselijke drempels en soms is er een wachtrij doordat er taxi's en bedrijfsbusjes staan op te laden."
37468,Franz Zieglerstraat,Essent (NL),Amsterdam,ChIJ44dOM8sLxkcRSP9kYAxh6m8,4.4,5,"Genoeg tentjes om wat te eten
Wel druk maar ook veel laadplekken."
37468,Franz Zieglerstraat,Essent (NL),Amsterdam,ChIJ44dOM8sLxkcRSP9kYAxh6m8,4.4,4,Eigenlijk altijd druk maar genoeg te snacken vlakbij
37468,Franz Zieglerstraat,Essent (NL),Amsterdam,ChIJ44dOM8sLxkcRSP9kYAxh6m8,4.4,4,"Ruime plaatsen met afvalbakken. In de nacht goed verlicht, geen onveilig gevoel (was enige gebruiker om 4:00 uur)"
37468,Franz Zieglerstraat,Essent (NL),Amsterdam,ChIJ44dOM8sLxkcRSP9kYAxh6m8,4.4,5,Goede locatie om de auto weer snel op te laden. Veel laadpunten en ook genoeg fastfood dichtbij als je toch even moet wachten.
37463,Prins Hendriklaan 49,Essent (NL),Amsterdam,ChIJ44dOM8sLxkcRSP9kYAxh6m8,4.4,4,"Voor auto en persoon, Fastned & Fastfood.
Goed gelegen locatie voor het opladen van je auto en de inwendige mens. Vervelend aan die locatie, zijn die vreselijke drempels en soms is er een wachtrij doordat er taxi's en bedrijfsbusjes staan op te laden."
37463,Prins Hendriklaan 49,Essent (NL),Amsterdam,ChIJ44dOM8sLxkcRSP9kYAxh6m8,4.4,5,"Genoeg tentjes om wat te eten
Wel druk maar ook veel laadplekken."
37463,Prins Hendriklaan 49,Essent (NL),Amsterdam,ChIJ44dOM8sLxkcRSP9kYAxh6m8,4.4,4,Eigenlijk altijd druk maar genoeg te snacken vlakbij
37463,Prins Hendriklaan 49,Essent (NL),Amsterdam,ChIJ44dOM8sLxkcRSP9kYAxh6m8,4.4,4,"Ruime plaatsen met afvalbakken. In de nacht goed verlicht, geen onveilig gevoel (was enige gebruiker om 4:00 uur)"
37463,Prins Hendriklaan 49,Essent (NL),Amsterdam,ChIJ44dOM8sLxkcRSP9kYAxh6m8,4.4,5,Goede locatie om de auto weer snel op te laden. Veel laadpunten en ook genoeg fastfood dichtbij als je toch even moet wachten.
37460,Linnaeushof 92-1,Essent (NL),Amsterdam,ChIJ44dOM8sLxkcRSP9kYAxh6m8,4.4,4,"Voor auto en persoon, Fastned & Fastfood.
Goed gelegen locatie voor het opladen van je auto en de inwendige mens. Vervelend aan die locatie, zijn die vreselijke drempels en soms is er een wachtrij doordat er taxi's en bedrijfsbusjes staan op te laden."
37460,Linnaeushof 92-1,Essent (NL),Amsterdam,ChIJ44dOM8sLxkcRSP9kYAxh6m8,4.4,5,"Genoeg tentjes om wat te eten
Wel druk maar ook veel laadplekken."
37460,Linnaeushof 92-1,Essent (NL),Amsterdam,ChIJ44dOM8sLxkcRSP9kYAxh6m8,4.4,4,Eigenlijk altijd druk maar genoeg te snacken vlakbij
37460,Linnaeushof 92-1,Essent (NL),Amsterdam,ChIJ44dOM8sLxkcRSP9kYAxh6m8,4.4,4,"Ruime plaatsen met afvalbakken. In de nacht goed verlicht, geen onveilig gevoel (was enige gebruiker om 4:00 uur)"
37460,Linnaeushof 92-1,Essent (NL),Amsterdam,ChIJ44dOM8sLxkcRSP9kYAxh6m8,4.4,5,Goede locatie om de auto weer snel op te laden. Veel laadpunten en ook genoeg fastfood dichtbij als je toch even moet wachten.
37453,Hegeraatstraat 58,Essent (NL),Amsterdam,ChIJ44dOM8sLxkcRSP9kYAxh6m8,4.4,4,"Voor auto en persoon, Fastned & Fastfood.
Goed gelegen locatie voor het opladen van je auto en de inwendige mens. Vervelend aan die locatie, zijn die vreselijke drempels en soms is er een wachtrij doordat er taxi's en bedrijfsbusjes staan op te laden."
37453,Hegeraatstraat 58,Essent (NL),Amsterdam,ChIJ44dOM8sLxkcRSP9kYAxh6m8,4.4,5,"Genoeg tentjes om wat te eten
Wel druk maar ook veel laadplekken."
37453,Hegeraatstraat 58,Essent (NL),Amsterdam,ChIJ44dOM8sLxkcRSP9kYAxh6m8,4.4,4,Eigenlijk altijd druk maar genoeg te snacken vlakbij
37453,Hegeraatstraat 58,Essent (NL),Amsterdam,ChIJ44dOM8sLxkcRSP9kYAxh6m8,4.4,4,"Ruime plaatsen met afvalbakken. In de nacht goed verlicht, geen onveilig gevoel (was enige gebruiker om 4:00 uur)"
37453,Hegeraatstraat 58,Essent (NL),Amsterdam,ChIJ44dOM8sLxkcRSP9kYAxh6m8,4.4,5,Goede locatie om de auto weer snel op te laden. Veel laadpunten en ook genoeg fastfood dichtbij als je toch even moet wachten.
37448,Pieter Aertszstraat 99-1,Essent (NL),Amsterdam,ChIJ44dOM8sLxkcRSP9kYAxh6m8,4.4,4,"Voor auto en persoon, Fastned & Fastfood.
Goed gelegen locatie voor het opladen van je auto en de inwendige mens. Vervelend aan die locatie, zijn die vreselijke drempels en soms is er een wachtrij doordat er taxi's en bedrijfsbusjes staan op te laden."
37448,Pieter Aertszstraat 99-1,Essent (NL),Amsterdam,ChIJ44dOM8sLxkcRSP9kYAxh6m8,4.4,5,"Genoeg tentjes om wat te eten
Wel druk maar ook veel laadplekken."
37448,Pieter Aertszstraat 99-1,Essent (NL),Amsterdam,ChIJ44dOM8sLxkcRSP9kYAxh6m8,4.4,4,Eigenlijk altijd druk maar genoeg te snacken vlakbij
37448,Pieter Aertszstraat 99-1,Essent (NL),Amsterdam,ChIJ44dOM8sLxkcRSP9kYAxh6m8,4.4,4,"Ruime plaatsen met afvalbakken. In de nacht goed verlicht, geen onveilig gevoel (was enige gebruiker om 4:00 uur)"
37448,Pieter Aertszstraat 99-1,Essent (NL),Amsterdam,ChIJ44dOM8sLxkcRSP9kYAxh6m8,4.4,5,Goede locatie om de auto weer snel op te laden. Veel laadpunten en ook genoeg fastfood dichtbij als je toch even moet wachten.
37444,Julius Pergerstraat 139,Essent (NL),Amsterdam,ChIJ44dOM8sLxkcRSP9kYAxh6m8,4.4,4,"Voor auto en persoon, Fastned & Fastfood.
Goed gelegen locatie voor het opladen van je auto en de inwendige mens. Vervelend aan die locatie, zijn die vreselijke drempels en soms is er een wachtrij doordat er taxi's en bedrijfsbusjes staan op te laden."
37444,Julius Pergerstraat 139,Essent (NL),Amsterdam,ChIJ44dOM8sLxkcRSP9kYAxh6m8,4.4,5,"Genoeg tentjes om wat te eten
Wel druk maar ook veel laadplekken."
37444,Julius Pergerstraat 139,Essent (NL),Amsterdam,ChIJ44dOM8sLxkcRSP9kYAxh6m8,4.4,4,Eigenlijk altijd druk maar genoeg te snacken vlakbij
37444,Julius Pergerstraat 139,Essent (NL),Amsterdam,ChIJ44dOM8sLxkcRSP9kYAxh6m8,4.4,4,"Ruime plaatsen met afvalbakken. In de nacht goed verlicht, geen onveilig gevoel (was enige gebruiker om 4:00 uur)"
37444,Julius Pergerstraat 139,Essent (NL),Amsterdam,ChIJ44dOM8sLxkcRSP9kYAxh6m8,4.4,5,Goede locatie om de auto weer snel op te laden. Veel laadpunten en ook genoeg fastfood dichtbij als je toch even moet wachten.
37443,Linnaeushof 40-1,Essent (NL),Amsterdam,ChIJ44dOM8sLxkcRSP9kYAxh6m8,4.4,4,"Voor auto en persoon, Fastned & Fastfood.
Goed gelegen locatie voor het opladen van je auto en de inwendige mens. Vervelend aan die locatie, zijn die vreselijke drempels en soms is er een wachtrij doordat er taxi's en bedrijfsbusjes staan op te laden."
37443,Linnaeushof 40-1,Essent (NL),Amsterdam,ChIJ44dOM8sLxkcRSP9kYAxh6m8,4.4,5,"Genoeg tentjes om wat te eten
Wel druk maar ook veel laadplekken."
37443,Linnaeushof 40-1,Essent (NL),Amsterdam,ChIJ44dOM8sLxkcRSP9kYAxh6m8,4.4,4,Eigenlijk altijd druk maar genoeg te snacken vlakbij
37443,Linnaeushof 40-1,Essent (NL),Amsterdam,ChIJ44dOM8sLxkcRSP9kYAxh6m8,4.4,4,"Ruime plaatsen met afvalbakken. In de nacht goed verlicht, geen onveilig gevoel (was enige gebruiker om 4:00 uur)"
37443,Linnaeushof 40-1,Essent (NL),Amsterdam,ChIJ44dOM8sLxkcRSP9kYAxh6m8,4.4,5,Goede locatie om de auto weer snel op te laden. Veel laadpunten en ook genoeg fastfood dichtbij als je toch even moet wachten.
37440,Koninginneweg 209,Essent (NL),Amsterdam,ChIJ44dOM8sLxkcRSP9kYAxh6m8,4.4,4,"Voor auto en persoon, Fastned & Fastfood.
Goed gelegen locatie voor het opladen van je auto en de inwendige mens. Vervelend aan die locatie, zijn die vreselijke drempels en soms is er een wachtrij doordat er taxi's en bedrijfsbusjes staan op te laden."
37440,Koninginneweg 209,Essent (NL),Amsterdam,ChIJ44dOM8sLxkcRSP9kYAxh6m8,4.4,5,"Genoeg tentjes om wat te eten
Wel druk maar ook veel laadplekken."
37440,Koninginneweg 209,Essent (NL),Amsterdam,ChIJ44dOM8sLxkcRSP9kYAxh6m8,4.4,4,Eigenlijk altijd druk maar genoeg te snacken vlakbij
37440,Koninginneweg 209,Essent (NL),Amsterdam,ChIJ44dOM8sLxkcRSP9kYAxh6m8,4.4,4,"Ruime plaatsen met afvalbakken. In de nacht goed verlicht, geen onveilig gevoel (was enige gebruiker om 4:00 uur)"
37440,Koninginneweg 209,Essent (NL),Amsterdam,ChIJ44dOM8sLxkcRSP9kYAxh6m8,4.4,5,Goede locatie om de auto weer snel op te laden. Veel laadpunten en ook genoeg fastfood dichtbij als je toch even moet wachten.
37434,Pieter Calandlaan 893,Essent (NL),Amsterdam,ChIJ44dOM8sLxkcRSP9kYAxh6m8,4.4,4,"Voor auto en persoon, Fastned & Fastfood.
Goed gelegen locatie voor het opladen van je auto en de inwendige mens. Vervelend aan die locatie, zijn die vreselijke drempels en soms is er een wachtrij doordat er taxi's en bedrijfsbusjes staan op te laden."
37434,Pieter Calandlaan 893,Essent (NL),Amsterdam,ChIJ44dOM8sLxkcRSP9kYAxh6m8,4.4,5,"Genoeg tentjes om wat te eten
Wel druk maar ook veel laadplekken."
37434,Pieter Calandlaan 893,Essent (NL),Amsterdam,ChIJ44dOM8sLxkcRSP9kYAxh6m8,4.4,4,Eigenlijk altijd druk maar genoeg te snacken vlakbij
37434,Pieter Calandlaan 893,Essent (NL),Amsterdam,ChIJ44dOM8sLxkcRSP9kYAxh6m8,4.4,4,"Ruime plaatsen met afvalbakken. In de nacht goed verlicht, geen onveilig gevoel (was enige gebruiker om 4:00 uur)"
37434,Pieter Calandlaan 893,Essent (NL),Amsterdam,ChIJ44dOM8sLxkcRSP9kYAxh6m8,4.4,5,Goede locatie om de auto weer snel op te laden. Veel laadpunten en ook genoeg fastfood dichtbij als je toch even moet wachten.
37432,Prof. R. Casimirstraat 85,Essent (NL),Amsterdam,ChIJ44dOM8sLxkcRSP9kYAxh6m8,4.4,4,"Voor auto en persoon, Fastned & Fastfood.
Goed gelegen locatie voor het opladen van je auto en de inwendige mens. Vervelend aan die locatie, zijn die vreselijke drempels en soms is er een wachtrij doordat er taxi's en bedrijfsbusjes staan op te laden."
37432,Prof. R. Casimirstraat 85,Essent (NL),Amsterdam,ChIJ44dOM8sLxkcRSP9kYAxh6m8,4.4,5,"Genoeg tentjes om wat te eten
Wel druk maar ook veel laadplekken."
37432,Prof. R. Casimirstraat 85,Essent (NL),Amsterdam,ChIJ44dOM8sLxkcRSP9kYAxh6m8,4.4,4,Eigenlijk altijd druk maar genoeg te snacken vlakbij
37432,Prof. R. Casimirstraat 85,Essent (NL),Amsterdam,ChIJ44dOM8sLxkcRSP9kYAxh6m8,4.4,4,"Ruime plaatsen met afvalbakken. In de nacht goed verlicht, geen onveilig gevoel (was enige gebruiker om 4:00 uur)"
37432,Prof. R. Casimirstraat 85,Essent (NL),Amsterdam,ChIJ44dOM8sLxkcRSP9kYAxh6m8,4.4,5,Goede locatie om de auto weer snel op te laden. Veel laadpunten en ook genoeg fastfood dichtbij als je toch even moet wachten.
37431,Lutmastraat 180A,Essent (NL),Amsterdam,ChIJ44dOM8sLxkcRSP9kYAxh6m8,4.4,4,"Voor auto en persoon, Fastned & Fastfood.
Goed gelegen locatie voor het opladen van je auto en de inwendige mens. Vervelend aan die locatie, zijn die vreselijke drempels en soms is er een wachtrij doordat er taxi's en bedrijfsbusjes staan op te laden."
37431,Lutmastraat 180A,Essent (NL),Amsterdam,ChIJ44dOM8sLxkcRSP9kYAxh6m8,4.4,5,"Genoeg tentjes om wat te eten
Wel druk maar ook veel laadplekken."
37431,Lutmastraat 180A,Essent (NL),Amsterdam,ChIJ44dOM8sLxkcRSP9kYAxh6m8,4.4,4,Eigenlijk altijd druk maar genoeg te snacken vlakbij
37431,Lutmastraat 180A,Essent (NL),Amsterdam,ChIJ44dOM8sLxkcRSP9kYAxh6m8,4.4,4,"Ruime plaatsen met afvalbakken. In de nacht goed verlicht, geen onveilig gevoel (was enige gebruiker om 4:00 uur)"
37431,Lutmastraat 180A,Essent (NL),Amsterdam,ChIJ44dOM8sLxkcRSP9kYAxh6m8,4.4,5,Goede locatie om de auto weer snel op te laden. Veel laadpunten en ook genoeg fastfood dichtbij als je toch even moet wachten.
37429,Maassluisstraat,Essent (NL),Amsterdam,ChIJ44dOM8sLxkcRSP9kYAxh6m8,4.4,4,"Voor auto en persoon, Fastned & Fastfood.
Goed gelegen locatie voor het opladen van je auto en de inwendige mens. Vervelend aan die locatie, zijn die vreselijke drempels en soms is er een wachtrij doordat er taxi's en bedrijfsbusjes staan op te laden."
37429,Maassluisstraat,Essent (NL),Amsterdam,ChIJ44dOM8sLxkcRSP9kYAxh6m8,4.4,5,"Genoeg tentjes om wat te eten
Wel druk maar ook veel laadplekken."
37429,Maassluisstraat,Essent (NL),Amsterdam,ChIJ44dOM8sLxkcRSP9kYAxh6m8,4.4,4,Eigenlijk altijd druk maar genoeg te snacken vlakbij
37429,Maassluisstraat,Essent (NL),Amsterdam,ChIJ44dOM8sLxkcRSP9kYAxh6m8,4.4,4,"Ruime plaatsen met afvalbakken. In de nacht goed verlicht, geen onveilig gevoel (was enige gebruiker om 4:00 uur)"
37429,Maassluisstraat,Essent (NL),Amsterdam,ChIJ44dOM8sLxkcRSP9kYAxh6m8,4.4,5,Goede locatie om de auto weer snel op te laden. Veel laadpunten en ook genoeg fastfood dichtbij als je toch even moet wachten.
37413,Burgemeester Tellegenstraat 200,Essent (NL),Amsterdam,ChIJ44dOM8sLxkcRSP9kYAxh6m8,4.4,4,"Voor auto en persoon, Fastned & Fastfood.
Goed gelegen locatie voor het opladen van je auto en de inwendige mens. Vervelend aan die locatie, zijn die vreselijke drempels en soms is er een wachtrij doordat er taxi's en bedrijfsbusjes staan op te laden."
37413,Burgemeester Tellegenstraat 200,Essent (NL),Amsterdam,ChIJ44dOM8sLxkcRSP9kYAxh6m8,4.4,5,"Genoeg tentjes om wat te eten
Wel druk maar ook veel laadplekken."
37413,Burgemeester Tellegenstraat 200,Essent (NL),Amsterdam,ChIJ44dOM8sLxkcRSP9kYAxh6m8,4.4,4,Eigenlijk altijd druk maar genoeg te snacken vlakbij
37413,Burgemeester Tellegenstraat 200,Essent (NL),Amsterdam,ChIJ44dOM8sLxkcRSP9kYAxh6m8,4.4,4,"Ruime plaatsen met afvalbakken. In de nacht goed verlicht, geen onveilig gevoel (was enige gebruiker om 4:00 uur)"
37413,Burgemeester Tellegenstraat 200,Essent (NL),Amsterdam,ChIJ44dOM8sLxkcRSP9kYAxh6m8,4.4,5,Goede locatie om de auto weer snel op te laden. Veel laadpunten en ook genoeg fastfood dichtbij als je toch even moet wachten.
37391,Holendrechtstraat 6-1,Essent (NL),Amsterdam,ChIJ44dOM8sLxkcRSP9kYAxh6m8,4.4,4,"Voor auto en persoon, Fastned & Fastfood.
Goed gelegen locatie voor het opladen van je auto en de inwendige mens. Vervelend aan die locatie, zijn die vreselijke drempels en soms is er een wachtrij doordat er taxi's en bedrijfsbusjes staan op te laden."
37391,Holendrechtstraat 6-1,Essent (NL),Amsterdam,ChIJ44dOM8sLxkcRSP9kYAxh6m8,4.4,5,"Genoeg tentjes om wat te eten
Wel druk maar ook veel laadplekken."
37391,Holendrechtstraat 6-1,Essent (NL),Amsterdam,ChIJ44dOM8sLxkcRSP9kYAxh6m8,4.4,4,Eigenlijk altijd druk maar genoeg te snacken vlakbij
37391,Holendrechtstraat 6-1,Essent (NL),Amsterdam,ChIJ44dOM8sLxkcRSP9kYAxh6m8,4.4,4,"Ruime plaatsen met afvalbakken. In de nacht goed verlicht, geen onveilig gevoel (was enige gebruiker om 4:00 uur)"
37391,Holendrechtstraat 6-1,Essent (NL),Amsterdam,ChIJ44dOM8sLxkcRSP9kYAxh6m8,4.4,5,Goede locatie om de auto weer snel op te laden. Veel laadpunten en ook genoeg fastfood dichtbij als je toch even moet wachten.
37390,Jozef Israëlskade 97-3,Essent (NL),Amsterdam,ChIJ44dOM8sLxkcRSP9kYAxh6m8,4.4,4,"Voor auto en persoon, Fastned & Fastfood.
Goed gelegen locatie voor het opladen van je auto en de inwendige mens. Vervelend aan die locatie, zijn die vreselijke drempels en soms is er een wachtrij doordat er taxi's en bedrijfsbusjes staan op te laden."
37390,Jozef Israëlskade 97-3,Essent (NL),Amsterdam,ChIJ44dOM8sLxkcRSP9kYAxh6m8,4.4,5,"Genoeg tentjes om wat te eten
Wel druk maar ook veel laadplekken."
37390,Jozef Israëlskade 97-3,Essent (NL),Amsterdam,ChIJ44dOM8sLxkcRSP9kYAxh6m8,4.4,4,Eigenlijk altijd druk maar genoeg te snacken vlakbij
37390,Jozef Israëlskade 97-3,Essent (NL),Amsterdam,ChIJ44dOM8sLxkcRSP9kYAxh6m8,4.4,4,"Ruime plaatsen met afvalbakken. In de nacht goed verlicht, geen onveilig gevoel (was enige gebruiker om 4:00 uur)"
37390,Jozef Israëlskade 97-3,Essent (NL),Amsterdam,ChIJ44dOM8sLxkcRSP9kYAxh6m8,4.4,5,Goede locatie om de auto weer snel op te laden. Veel laadpunten en ook genoeg fastfood dichtbij als je toch even moet wachten.
37384,Gerrit van der Veenstraat 121-2,Essent (NL),Amsterdam,ChIJ44dOM8sLxkcRSP9kYAxh6m8,4.4,4,"Voor auto en persoon, Fastned & Fastfood.
Goed gelegen locatie voor het opladen van je auto en de inwendige mens. Vervelend aan die locatie, zijn die vreselijke drempels en soms is er een wachtrij doordat er taxi's en bedrijfsbusjes staan op te laden."
37384,Gerrit van der Veenstraat 121-2,Essent (NL),Amsterdam,ChIJ44dOM8sLxkcRSP9kYAxh6m8,4.4,5,"Genoeg tentjes om wat te eten
Wel druk maar ook veel laadplekken."
37384,Gerrit van der Veenstraat 121-2,Essent (NL),Amsterdam,ChIJ44dOM8sLxkcRSP9kYAxh6m8,4.4,4,Eigenlijk altijd druk maar genoeg te snacken vlakbij
37384,Gerrit van der Veenstraat 121-2,Essent (NL),Amsterdam,ChIJ44dOM8sLxkcRSP9kYAxh6m8,4.4,4,"Ruime plaatsen met afvalbakken. In de nacht goed verlicht, geen onveilig gevoel (was enige gebruiker om 4:00 uur)"
37384,Gerrit van der Veenstraat 121-2,Essent (NL),Amsterdam,ChIJ44dOM8sLxkcRSP9kYAxh6m8,4.4,5,Goede locatie om de auto weer snel op te laden. Veel laadpunten en ook genoeg fastfood dichtbij als je toch even moet wachten.
37381,Kruislaan 182,Essent (NL),Amsterdam,ChIJ44dOM8sLxkcRSP9kYAxh6m8,4.4,4,"Voor auto en persoon, Fastned & Fastfood.
Goed gelegen locatie voor het opladen van je auto en de inwendige mens. Vervelend aan die locatie, zijn die vreselijke drempels en soms is er een wachtrij doordat er taxi's en bedrijfsbusjes staan op te laden."
37381,Kruislaan 182,Essent (NL),Amsterdam,ChIJ44dOM8sLxkcRSP9kYAxh6m8,4.4,5,"Genoeg tentjes om wat te eten
Wel druk maar ook veel laadplekken."
37381,Kruislaan 182,Essent (NL),Amsterdam,ChIJ44dOM8sLxkcRSP9kYAxh6m8,4.4,4,Eigenlijk altijd druk maar genoeg te snacken vlakbij
37381,Kruislaan 182,Essent (NL),Amsterdam,ChIJ44dOM8sLxkcRSP9kYAxh6m8,4.4,4,"Ruime plaatsen met afvalbakken. In de nacht goed verlicht, geen onveilig gevoel (was enige gebruiker om 4:00 uur)"
37381,Kruislaan 182,Essent (NL),Amsterdam,ChIJ44dOM8sLxkcRSP9kYAxh6m8,4.4,5,Goede locatie om de auto weer snel op te laden. Veel laadpunten en ook genoeg fastfood dichtbij als je toch even moet wachten.
37380,Karperstraat 2,Essent (NL),Amsterdam,ChIJ44dOM8sLxkcRSP9kYAxh6m8,4.4,4,"Voor auto en persoon, Fastned & Fastfood.
Goed gelegen locatie voor het opladen van je auto en de inwendige mens. Vervelend aan die locatie, zijn die vreselijke drempels en soms is er een wachtrij doordat er taxi's en bedrijfsbusjes staan op te laden."
37380,Karperstraat 2,Essent (NL),Amsterdam,ChIJ44dOM8sLxkcRSP9kYAxh6m8,4.4,5,"Genoeg tentjes om wat te eten
Wel druk maar ook veel laadplekken."
37380,Karperstraat 2,Essent (NL),Amsterdam,ChIJ44dOM8sLxkcRSP9kYAxh6m8,4.4,4,Eigenlijk altijd druk maar genoeg te snacken vlakbij
37380,Karperstraat 2,Essent (NL),Amsterdam,ChIJ44dOM8sLxkcRSP9kYAxh6m8,4.4,4,"Ruime plaatsen met afvalbakken. In de nacht goed verlicht, geen onveilig gevoel (was enige gebruiker om 4:00 uur)"
37380,Karperstraat 2,Essent (NL),Amsterdam,ChIJ44dOM8sLxkcRSP9kYAxh6m8,4.4,5,Goede locatie om de auto weer snel op te laden. Veel laadpunten en ook genoeg fastfood dichtbij als je toch even moet wachten.
37374,Abbenesstraat 5,Essent (NL),Amsterdam,ChIJ01j80_XhxUcRso169G0MxYw,3.0,1,Fix je kutzooi
37371,Amsteldijk 128A,Essent (NL),Amsterdam,ChIJ44dOM8sLxkcRSP9kYAxh6m8,4.4,4,"Voor auto en persoon, Fastned & Fastfood.
Goed gelegen locatie voor het opladen van je auto en de inwendige mens. Vervelend aan die locatie, zijn die vreselijke drempels en soms is er een wachtrij doordat er taxi's en bedrijfsbusjes staan op te laden."
37371,Amsteldijk 128A,Essent (NL),Amsterdam,ChIJ44dOM8sLxkcRSP9kYAxh6m8,4.4,5,"Genoeg tentjes om wat te eten
Wel druk maar ook veel laadplekken."
37371,Amsteldijk 128A,Essent (NL),Amsterdam,ChIJ44dOM8sLxkcRSP9kYAxh6m8,4.4,4,Eigenlijk altijd druk maar genoeg te snacken vlakbij
37371,Amsteldijk 128A,Essent (NL),Amsterdam,ChIJ44dOM8sLxkcRSP9kYAxh6m8,4.4,4,"Ruime plaatsen met afvalbakken. In de nacht goed verlicht, geen onveilig gevoel (was enige gebruiker om 4:00 uur)"
37371,Amsteldijk 128A,Essent (NL),Amsterdam,ChIJ44dOM8sLxkcRSP9kYAxh6m8,4.4,5,Goede locatie om de auto weer snel op te laden. Veel laadpunten en ook genoeg fastfood dichtbij als je toch even moet wachten.
37368,Pond Sterlinglaan 47,Essent (NL),Amsterdam,ChIJ44dOM8sLxkcRSP9kYAxh6m8,4.4,4,"Voor auto en persoon, Fastned & Fastfood.
Goed gelegen locatie voor het opladen van je auto en de inwendige mens. Vervelend aan die locatie, zijn die vreselijke drempels en soms is er een wachtrij doordat er taxi's en bedrijfsbusjes staan op te laden."
37368,Pond Sterlinglaan 47,Essent (NL),Amsterdam,ChIJ44dOM8sLxkcRSP9kYAxh6m8,4.4,5,"Genoeg tentjes om wat te eten
Wel druk maar ook veel laadplekken."
37368,Pond Sterlinglaan 47,Essent (NL),Amsterdam,ChIJ44dOM8sLxkcRSP9kYAxh6m8,4.4,4,Eigenlijk altijd druk maar genoeg te snacken vlakbij
37368,Pond Sterlinglaan 47,Essent (NL),Amsterdam,ChIJ44dOM8sLxkcRSP9kYAxh6m8,4.4,4,"Ruime plaatsen met afvalbakken. In de nacht goed verlicht, geen onveilig gevoel (was enige gebruiker om 4:00 uur)"
37368,Pond Sterlinglaan 47,Essent (NL),Amsterdam,ChIJ44dOM8sLxkcRSP9kYAxh6m8,4.4,5,Goede locatie om de auto weer snel op te laden. Veel laadpunten en ook genoeg fastfood dichtbij als je toch even moet wachten.
37361,Aalsmeerplein 8-1,Essent (NL),Amsterdam,ChIJ01j80_XhxUcRso169G0MxYw,3.0,1,Fix je kutzooi
37357,Clara Meyer-Wichmannstraat 28,Essent (NL),Amsterdam,ChIJ44dOM8sLxkcRSP9kYAxh6m8,4.4,4,"Voor auto en persoon, Fastned & Fastfood.
Goed gelegen locatie voor het opladen van je auto en de inwendige mens. Vervelend aan die locatie, zijn die vreselijke drempels en soms is er een wachtrij doordat er taxi's en bedrijfsbusjes staan op te laden."
37357,Clara Meyer-Wichmannstraat 28,Essent (NL),Amsterdam,ChIJ44dOM8sLxkcRSP9kYAxh6m8,4.4,5,"Genoeg tentjes om wat te eten
Wel druk maar ook veel laadplekken."
37357,Clara Meyer-Wichmannstraat 28,Essent (NL),Amsterdam,ChIJ44dOM8sLxkcRSP9kYAxh6m8,4.4,4,Eigenlijk altijd druk maar genoeg te snacken vlakbij
37357,Clara Meyer-Wichmannstraat 28,Essent (NL),Amsterdam,ChIJ44dOM8sLxkcRSP9kYAxh6m8,4.4,4,"Ruime plaatsen met afvalbakken. In de nacht goed verlicht, geen onveilig gevoel (was enige gebruiker om 4:00 uur)"
37357,Clara Meyer-Wichmannstraat 28,Essent (NL),Amsterdam,ChIJ44dOM8sLxkcRSP9kYAxh6m8,4.4,5,Goede locatie om de auto weer snel op te laden. Veel laadpunten en ook genoeg fastfood dichtbij als je toch even moet wachten.
37354,Haringvlietstraat 2,Essent (NL),Amsterdam,ChIJ44dOM8sLxkcRSP9kYAxh6m8,4.4,4,"Voor auto en persoon, Fastned & Fastfood.
Goed gelegen locatie voor het opladen van je auto en de inwendige mens. Vervelend aan die locatie, zijn die vreselijke drempels en soms is er een wachtrij doordat er taxi's en bedrijfsbusjes staan op te laden."
37354,Haringvlietstraat 2,Essent (NL),Amsterdam,ChIJ44dOM8sLxkcRSP9kYAxh6m8,4.4,5,"Genoeg tentjes om wat te eten
Wel druk maar ook veel laadplekken."
37354,Haringvlietstraat 2,Essent (NL),Amsterdam,ChIJ44dOM8sLxkcRSP9kYAxh6m8,4.4,4,Eigenlijk altijd druk maar genoeg te snacken vlakbij
37354,Haringvlietstraat 2,Essent (NL),Amsterdam,ChIJ44dOM8sLxkcRSP9kYAxh6m8,4.4,4,"Ruime plaatsen met afvalbakken. In de nacht goed verlicht, geen onveilig gevoel (was enige gebruiker om 4:00 uur)"
37354,Haringvlietstraat 2,Essent (NL),Amsterdam,ChIJ44dOM8sLxkcRSP9kYAxh6m8,4.4,5,Goede locatie om de auto weer snel op te laden. Veel laadpunten en ook genoeg fastfood dichtbij als je toch even moet wachten.
37347,Beethovenstraat 108-1,Essent (NL),Amsterdam,ChIJ44dOM8sLxkcRSP9kYAxh6m8,4.4,4,"Voor auto en persoon, Fastned & Fastfood.
Goed gelegen locatie voor het opladen van je auto en de inwendige mens. Vervelend aan die locatie, zijn die vreselijke drempels en soms is er een wachtrij doordat er taxi's en bedrijfsbusjes staan op te laden."
37347,Beethovenstraat 108-1,Essent (NL),Amsterdam,ChIJ44dOM8sLxkcRSP9kYAxh6m8,4.4,5,"Genoeg tentjes om wat te eten
Wel druk maar ook veel laadplekken."
37347,Beethovenstraat 108-1,Essent (NL),Amsterdam,ChIJ44dOM8sLxkcRSP9kYAxh6m8,4.4,4,Eigenlijk altijd druk maar genoeg te snacken vlakbij
37347,Beethovenstraat 108-1,Essent (NL),Amsterdam,ChIJ44dOM8sLxkcRSP9kYAxh6m8,4.4,4,"Ruime plaatsen met afvalbakken. In de nacht goed verlicht, geen onveilig gevoel (was enige gebruiker om 4:00 uur)"
37347,Beethovenstraat 108-1,Essent (NL),Amsterdam,ChIJ44dOM8sLxkcRSP9kYAxh6m8,4.4,5,Goede locatie om de auto weer snel op te laden. Veel laadpunten en ook genoeg fastfood dichtbij als je toch even moet wachten.
37343,Van der Kunstraat 18,Essent (NL),Amsterdam,ChIJ44dOM8sLxkcRSP9kYAxh6m8,4.4,4,"Voor auto en persoon, Fastned & Fastfood.
Goed gelegen locatie voor het opladen van je auto en de inwendige mens. Vervelend aan die locatie, zijn die vreselijke drempels en soms is er een wachtrij doordat er taxi's en bedrijfsbusjes staan op te laden."
37343,Van der Kunstraat 18,Essent (NL),Amsterdam,ChIJ44dOM8sLxkcRSP9kYAxh6m8,4.4,5,"Genoeg tentjes om wat te eten
Wel druk maar ook veel laadplekken."
37343,Van der Kunstraat 18,Essent (NL),Amsterdam,ChIJ44dOM8sLxkcRSP9kYAxh6m8,4.4,4,Eigenlijk altijd druk maar genoeg te snacken vlakbij
37343,Van der Kunstraat 18,Essent (NL),Amsterdam,ChIJ44dOM8sLxkcRSP9kYAxh6m8,4.4,4,"Ruime plaatsen met afvalbakken. In de nacht goed verlicht, geen onveilig gevoel (was enige gebruiker om 4:00 uur)"
37343,Van der Kunstraat 18,Essent (NL),Amsterdam,ChIJ44dOM8sLxkcRSP9kYAxh6m8,4.4,5,Goede locatie om de auto weer snel op te laden. Veel laadpunten en ook genoeg fastfood dichtbij als je toch even moet wachten.
37341,Willem Royaardsstraat,Essent (NL),Amsterdam,ChIJ44dOM8sLxkcRSP9kYAxh6m8,4.4,4,"Voor auto en persoon, Fastned & Fastfood.
Goed gelegen locatie voor het opladen van je auto en de inwendige mens. Vervelend aan die locatie, zijn die vreselijke drempels en soms is er een wachtrij doordat er taxi's en bedrijfsbusjes staan op te laden."
37341,Willem Royaardsstraat,Essent (NL),Amsterdam,ChIJ44dOM8sLxkcRSP9kYAxh6m8,4.4,5,"Genoeg tentjes om wat te eten
Wel druk maar ook veel laadplekken."
37341,Willem Royaardsstraat,Essent (NL),Amsterdam,ChIJ44dOM8sLxkcRSP9kYAxh6m8,4.4,4,Eigenlijk altijd druk maar genoeg te snacken vlakbij
37341,Willem Royaardsstraat,Essent (NL),Amsterdam,ChIJ44dOM8sLxkcRSP9kYAxh6m8,4.4,4,"Ruime plaatsen met afvalbakken. In de nacht goed verlicht, geen onveilig gevoel (was enige gebruiker om 4:00 uur)"
37341,Willem Royaardsstraat,Essent (NL),Amsterdam,ChIJ44dOM8sLxkcRSP9kYAxh6m8,4.4,5,Goede locatie om de auto weer snel op te laden. Veel laadpunten en ook genoeg fastfood dichtbij als je toch even moet wachten.
37325,Stadionkade 15-1,Essent (NL),Amsterdam,ChIJFcXYggQKxkcRrLNZW77XUc0,3.0,1,Kan deze oplader niet vinden
37319,Stadionkade 68-1,Essent (NL),Amsterdam,ChIJFcXYggQKxkcRrLNZW77XUc0,3.0,1,Kan deze oplader niet vinden
37318,Wielingenstraat 26R,Essent (NL),Amsterdam,ChIJ44dOM8sLxkcRSP9kYAxh6m8,4.4,4,"Voor auto en persoon, Fastned & Fastfood.
Goed gelegen locatie voor het opladen van je auto en de inwendige mens. Vervelend aan die locatie, zijn die vreselijke drempels en soms is er een wachtrij doordat er taxi's en bedrijfsbusjes staan op te laden."
37318,Wielingenstraat 26R,Essent (NL),Amsterdam,ChIJ44dOM8sLxkcRSP9kYAxh6m8,4.4,5,"Genoeg tentjes om wat te eten
Wel druk maar ook veel laadplekken."
37318,Wielingenstraat 26R,Essent (NL),Amsterdam,ChIJ44dOM8sLxkcRSP9kYAxh6m8,4.4,4,Eigenlijk altijd druk maar genoeg te snacken vlakbij
37318,Wielingenstraat 26R,Essent (NL),Amsterdam,ChIJ44dOM8sLxkcRSP9kYAxh6m8,4.4,4,"Ruime plaatsen met afvalbakken. In de nacht goed verlicht, geen onveilig gevoel (was enige gebruiker om 4:00 uur)"
37318,Wielingenstraat 26R,Essent (NL),Amsterdam,ChIJ44dOM8sLxkcRSP9kYAxh6m8,4.4,5,Goede locatie om de auto weer snel op te laden. Veel laadpunten en ook genoeg fastfood dichtbij als je toch even moet wachten.
37312,Middenweg 340,Essent (NL),Amsterdam,ChIJ44dOM8sLxkcRSP9kYAxh6m8,4.4,4,"Voor auto en persoon, Fastned & Fastfood.
Goed gelegen locatie voor het opladen van je auto en de inwendige mens. Vervelend aan die locatie, zijn die vreselijke drempels en soms is er een wachtrij doordat er taxi's en bedrijfsbusjes staan op te laden."
37312,Middenweg 340,Essent (NL),Amsterdam,ChIJ44dOM8sLxkcRSP9kYAxh6m8,4.4,5,"Genoeg tentjes om wat te eten
Wel druk maar ook veel laadplekken."
37312,Middenweg 340,Essent (NL),Amsterdam,ChIJ44dOM8sLxkcRSP9kYAxh6m8,4.4,4,Eigenlijk altijd druk maar genoeg te snacken vlakbij
37312,Middenweg 340,Essent (NL),Amsterdam,ChIJ44dOM8sLxkcRSP9kYAxh6m8,4.4,4,"Ruime plaatsen met afvalbakken. In de nacht goed verlicht, geen onveilig gevoel (was enige gebruiker om 4:00 uur)"
37312,Middenweg 340,Essent (NL),Amsterdam,ChIJ44dOM8sLxkcRSP9kYAxh6m8,4.4,5,Goede locatie om de auto weer snel op te laden. Veel laadpunten en ook genoeg fastfood dichtbij als je toch even moet wachten.
37311,Prinses Margrietstraat 5,Essent (NL),Amsterdam,ChIJFcXYggQKxkcRrLNZW77XUc0,3.0,1,Kan deze oplader niet vinden
37307,Torricellistraat 8,Essent (NL),Amsterdam,ChIJ44dOM8sLxkcRSP9kYAxh6m8,4.4,4,"Voor auto en persoon, Fastned & Fastfood.
Goed gelegen locatie voor het opladen van je auto en de inwendige mens. Vervelend aan die locatie, zijn die vreselijke drempels en soms is er een wachtrij doordat er taxi's en bedrijfsbusjes staan op te laden."
37307,Torricellistraat 8,Essent (NL),Amsterdam,ChIJ44dOM8sLxkcRSP9kYAxh6m8,4.4,5,"Genoeg tentjes om wat te eten
Wel druk maar ook veel laadplekken."
37307,Torricellistraat 8,Essent (NL),Amsterdam,ChIJ44dOM8sLxkcRSP9kYAxh6m8,4.4,4,Eigenlijk altijd druk maar genoeg te snacken vlakbij
37307,Torricellistraat 8,Essent (NL),Amsterdam,ChIJ44dOM8sLxkcRSP9kYAxh6m8,4.4,4,"Ruime plaatsen met afvalbakken. In de nacht goed verlicht, geen onveilig gevoel (was enige gebruiker om 4:00 uur)"
37307,Torricellistraat 8,Essent (NL),Amsterdam,ChIJ44dOM8sLxkcRSP9kYAxh6m8,4.4,5,Goede locatie om de auto weer snel op te laden. Veel laadpunten en ook genoeg fastfood dichtbij als je toch even moet wachten.
37306,Uiterwaardenstraat 41-1,Essent (NL),Amsterdam,ChIJ44dOM8sLxkcRSP9kYAxh6m8,4.4,4,"Voor auto en persoon, Fastned & Fastfood.
Goed gelegen locatie voor het opladen van je auto en de inwendige mens. Vervelend aan die locatie, zijn die vreselijke drempels en soms is er een wachtrij doordat er taxi's en bedrijfsbusjes staan op te laden."
37306,Uiterwaardenstraat 41-1,Essent (NL),Amsterdam,ChIJ44dOM8sLxkcRSP9kYAxh6m8,4.4,5,"Genoeg tentjes om wat te eten
Wel druk maar ook veel laadplekken."
37306,Uiterwaardenstraat 41-1,Essent (NL),Amsterdam,ChIJ44dOM8sLxkcRSP9kYAxh6m8,4.4,4,Eigenlijk altijd druk maar genoeg te snacken vlakbij
37306,Uiterwaardenstraat 41-1,Essent (NL),Amsterdam,ChIJ44dOM8sLxkcRSP9kYAxh6m8,4.4,4,"Ruime plaatsen met afvalbakken. In de nacht goed verlicht, geen onveilig gevoel (was enige gebruiker om 4:00 uur)"
37306,Uiterwaardenstraat 41-1,Essent (NL),Amsterdam,ChIJ44dOM8sLxkcRSP9kYAxh6m8,4.4,5,Goede locatie om de auto weer snel op te laden. Veel laadpunten en ook genoeg fastfood dichtbij als je toch even moet wachten.
37304,Brandts Buysstraat 3,Essent (NL),Amsterdam,ChIJFcXYggQKxkcRrLNZW77XUc0,3.0,1,Kan deze oplader niet vinden
37291,Valschermkade 19,Essent (NL),Amsterdam,ChIJ01j80_XhxUcRso169G0MxYw,3.0,1,Fix je kutzooi
37288,Hartenveld 51,Shell Recharge Solutions (BE),Almere,ChIJeQDAo0kRxkcROOG5tZ8ErtY,3.0,3,"Fantastisch deze snelladers. Ideaal zo dicht bij de woonwijk.

Helaas is er sinds de komst van deze laadpalen een gigantische toename van zwerfvuil"
37288,Hartenveld 51,Shell Recharge Solutions (BE),Almere,ChIJeQDAo0kRxkcROOG5tZ8ErtY,3.0,3,Prima laadpaal en locatie. Wel valt op dat ik bij lange na niet de beloofde 150 kW aan vermogen haal. Ik kwam niet verder dan 75 kW.
37280,Europaplein,Stadtwerke Clausthal-Zellerfeld,Amsterdam,ChIJY3AvqSYKxkcRWSBeZ9BEl14,5.0,5,"Prima laadplek, rustige buurt en vlakbij uitvalswegen A10, A2 en RAI"
37279,Beethovenstraat 298,Stadtwerke Clausthal-Zellerfeld,Amsterdam,ChIJFcXYggQKxkcRrLNZW77XUc0,3.0,1,Kan deze oplader niet vinden
37278,President Kennedylaan 112-1,Essent (NL),Amsterdam,ChIJ44dOM8sLxkcRSP9kYAxh6m8,4.4,4,"Voor auto en persoon, Fastned & Fastfood.
Goed gelegen locatie voor het opladen van je auto en de inwendige mens. Vervelend aan die locatie, zijn die vreselijke drempels en soms is er een wachtrij doordat er taxi's en bedrijfsbusjes staan op te laden."
37278,President Kennedylaan 112-1,Essent (NL),Amsterdam,ChIJ44dOM8sLxkcRSP9kYAxh6m8,4.4,5,"Genoeg tentjes om wat te eten
Wel druk maar ook veel laadplekken."
37278,President Kennedylaan 112-1,Essent (NL),Amsterdam,ChIJ44dOM8sLxkcRSP9kYAxh6m8,4.4,4,Eigenlijk altijd druk maar genoeg te snacken vlakbij
37278,President Kennedylaan 112-1,Essent (NL),Amsterdam,ChIJ44dOM8sLxkcRSP9kYAxh6m8,4.4,4,"Ruime plaatsen met afvalbakken. In de nacht goed verlicht, geen onveilig gevoel (was enige gebruiker om 4:00 uur)"
37278,President Kennedylaan 112-1,Essent (NL),Amsterdam,ChIJ44dOM8sLxkcRSP9kYAxh6m8,4.4,5,Goede locatie om de auto weer snel op te laden. Veel laadpunten en ook genoeg fastfood dichtbij als je toch even moet wachten.
37277,IJsbaanpad 98,Essent (NL),Amsterdam,ChIJ01j80_XhxUcRso169G0MxYw,3.0,1,Fix je kutzooi
37270,Jaagpad 38,Essent (NL),Amsterdam,ChIJ01j80_XhxUcRso169G0MxYw,3.0,1,Fix je kutzooi
37268,Damveld 5,Shell Recharge Solutions (BE),Almere,ChIJeQDAo0kRxkcROOG5tZ8ErtY,3.0,3,"Fantastisch deze snelladers. Ideaal zo dicht bij de woonwijk.

Helaas is er sinds de komst van deze laadpalen een gigantische toename van zwerfvuil"
37268,Damveld 5,Shell Recharge Solutions (BE),Almere,ChIJeQDAo0kRxkcROOG5tZ8ErtY,3.0,3,Prima laadpaal en locatie. Wel valt op dat ik bij lange na niet de beloofde 150 kW aan vermogen haal. Ik kwam niet verder dan 75 kW.
37267,Tweede Amstelvlietpad 1,Essent (NL),Amsterdam,ChIJ44dOM8sLxkcRSP9kYAxh6m8,4.4,4,"Voor auto en persoon, Fastned & Fastfood.
Goed gelegen locatie voor het opladen van je auto en de inwendige mens. Vervelend aan die locatie, zijn die vreselijke drempels en soms is er een wachtrij doordat er taxi's en bedrijfsbusjes staan op te laden."
37267,Tweede Amstelvlietpad 1,Essent (NL),Amsterdam,ChIJ44dOM8sLxkcRSP9kYAxh6m8,4.4,5,"Genoeg tentjes om wat te eten
Wel druk maar ook veel laadplekken."
37267,Tweede Amstelvlietpad 1,Essent (NL),Amsterdam,ChIJ44dOM8sLxkcRSP9kYAxh6m8,4.4,4,Eigenlijk altijd druk maar genoeg te snacken vlakbij
37267,Tweede Amstelvlietpad 1,Essent (NL),Amsterdam,ChIJ44dOM8sLxkcRSP9kYAxh6m8,4.4,4,"Ruime plaatsen met afvalbakken. In de nacht goed verlicht, geen onveilig gevoel (was enige gebruiker om 4:00 uur)"
37267,Tweede Amstelvlietpad 1,Essent (NL),Amsterdam,ChIJ44dOM8sLxkcRSP9kYAxh6m8,4.4,5,Goede locatie om de auto weer snel op te laden. Veel laadpunten en ook genoeg fastfood dichtbij als je toch even moet wachten.
37259,Gustav Mahlerlaan,Shell Recharge Solutions (BE),Amsterdam,ChIJFcXYggQKxkcRrLNZW77XUc0,3.0,1,Kan deze oplader niet vinden
37254,Gustav Mahlerlaan,Stadtwerke Clausthal-Zellerfeld,Amsterdam,ChIJFcXYggQKxkcRrLNZW77XUc0,3.0,1,Kan deze oplader niet vinden
37248,Gustav Mahlerlaan,Shell Recharge Solutions (BE),Amsterdam,ChIJFcXYggQKxkcRrLNZW77XUc0,3.0,1,Kan deze oplader niet vinden
37247,Antonio Vivaldistraat 50,Essent (NL),Amsterdam,ChIJ44dOM8sLxkcRSP9kYAxh6m8,4.4,4,"Voor auto en persoon, Fastned & Fastfood.
Goed gelegen locatie voor het opladen van je auto en de inwendige mens. Vervelend aan die locatie, zijn die vreselijke drempels en soms is er een wachtrij doordat er taxi's en bedrijfsbusjes staan op te laden."
37247,Antonio Vivaldistraat 50,Essent (NL),Amsterdam,ChIJ44dOM8sLxkcRSP9kYAxh6m8,4.4,5,"Genoeg tentjes om wat te eten
Wel druk maar ook veel laadplekken."
37247,Antonio Vivaldistraat 50,Essent (NL),Amsterdam,ChIJ44dOM8sLxkcRSP9kYAxh6m8,4.4,4,Eigenlijk altijd druk maar genoeg te snacken vlakbij
37247,Antonio Vivaldistraat 50,Essent (NL),Amsterdam,ChIJ44dOM8sLxkcRSP9kYAxh6m8,4.4,4,"Ruime plaatsen met afvalbakken. In de nacht goed verlicht, geen onveilig gevoel (was enige gebruiker om 4:00 uur)"
37247,Antonio Vivaldistraat 50,Essent (NL),Amsterdam,ChIJ44dOM8sLxkcRSP9kYAxh6m8,4.4,5,Goede locatie om de auto weer snel op te laden. Veel laadpunten en ook genoeg fastfood dichtbij als je toch even moet wachten.
37237,Daniël Goedkoopstraat 13B,Essent (NL),Amsterdam,ChIJ44dOM8sLxkcRSP9kYAxh6m8,4.4,4,"Voor auto en persoon, Fastned & Fastfood.
Goed gelegen locatie voor het opladen van je auto en de inwendige mens. Vervelend aan die locatie, zijn die vreselijke drempels en soms is er een wachtrij doordat er taxi's en bedrijfsbusjes staan op te laden."
37237,Daniël Goedkoopstraat 13B,Essent (NL),Amsterdam,ChIJ44dOM8sLxkcRSP9kYAxh6m8,4.4,5,"Genoeg tentjes om wat te eten
Wel druk maar ook veel laadplekken."
37237,Daniël Goedkoopstraat 13B,Essent (NL),Amsterdam,ChIJ44dOM8sLxkcRSP9kYAxh6m8,4.4,4,Eigenlijk altijd druk maar genoeg te snacken vlakbij
37237,Daniël Goedkoopstraat 13B,Essent (NL),Amsterdam,ChIJ44dOM8sLxkcRSP9kYAxh6m8,4.4,4,"Ruime plaatsen met afvalbakken. In de nacht goed verlicht, geen onveilig gevoel (was enige gebruiker om 4:00 uur)"
37237,Daniël Goedkoopstraat 13B,Essent (NL),Amsterdam,ChIJ44dOM8sLxkcRSP9kYAxh6m8,4.4,5,Goede locatie om de auto weer snel op te laden. Veel laadpunten en ook genoeg fastfood dichtbij als je toch even moet wachten.
37234,Wedderborg 2,Essent (NL),Amsterdam,ChIJFcXYggQKxkcRrLNZW77XUc0,3.0,1,Kan deze oplader niet vinden
37224,Amstelveenseweg 740C,Essent (NL),Amsterdam,ChIJ44dOM8sLxkcRSP9kYAxh6m8,4.4,4,"Voor auto en persoon, Fastned & Fastfood.
Goed gelegen locatie voor het opladen van je auto en de inwendige mens. Vervelend aan die locatie, zijn die vreselijke drempels en soms is er een wachtrij doordat er taxi's en bedrijfsbusjes staan op te laden."
37224,Amstelveenseweg 740C,Essent (NL),Amsterdam,ChIJ44dOM8sLxkcRSP9kYAxh6m8,4.4,5,"Genoeg tentjes om wat te eten
Wel druk maar ook veel laadplekken."
37224,Amstelveenseweg 740C,Essent (NL),Amsterdam,ChIJ44dOM8sLxkcRSP9kYAxh6m8,4.4,4,Eigenlijk altijd druk maar genoeg te snacken vlakbij
37224,Amstelveenseweg 740C,Essent (NL),Amsterdam,ChIJ44dOM8sLxkcRSP9kYAxh6m8,4.4,4,"Ruime plaatsen met afvalbakken. In de nacht goed verlicht, geen onveilig gevoel (was enige gebruiker om 4:00 uur)"
37224,Amstelveenseweg 740C,Essent (NL),Amsterdam,ChIJ44dOM8sLxkcRSP9kYAxh6m8,4.4,5,Goede locatie om de auto weer snel op te laden. Veel laadpunten en ook genoeg fastfood dichtbij als je toch even moet wachten.
37219,Arent Janszoon Ernststraat 865A,Essent (NL),Amsterdam,ChIJ44dOM8sLxkcRSP9kYAxh6m8,4.4,4,"Voor auto en persoon, Fastned & Fastfood.
Goed gelegen locatie voor het opladen van je auto en de inwendige mens. Vervelend aan die locatie, zijn die vreselijke drempels en soms is er een wachtrij doordat er taxi's en bedrijfsbusjes staan op te laden."
37219,Arent Janszoon Ernststraat 865A,Essent (NL),Amsterdam,ChIJ44dOM8sLxkcRSP9kYAxh6m8,4.4,5,"Genoeg tentjes om wat te eten
Wel druk maar ook veel laadplekken."
37219,Arent Janszoon Ernststraat 865A,Essent (NL),Amsterdam,ChIJ44dOM8sLxkcRSP9kYAxh6m8,4.4,4,Eigenlijk altijd druk maar genoeg te snacken vlakbij
37219,Arent Janszoon Ernststraat 865A,Essent (NL),Amsterdam,ChIJ44dOM8sLxkcRSP9kYAxh6m8,4.4,4,"Ruime plaatsen met afvalbakken. In de nacht goed verlicht, geen onveilig gevoel (was enige gebruiker om 4:00 uur)"
37219,Arent Janszoon Ernststraat 865A,Essent (NL),Amsterdam,ChIJ44dOM8sLxkcRSP9kYAxh6m8,4.4,5,Goede locatie om de auto weer snel op te laden. Veel laadpunten en ook genoeg fastfood dichtbij als je toch even moet wachten.
37211,Weesperweg 2a,EVnetNL,Muiden,ChIJF7JMcQ4SxkcRHxtL5suCf4Y,4.2,5,"Mijn auto is perfect opgeladen bij het oplaadpunt en dat ging helemaal zonder problemen. Het systeem werkte vlot en duidelijk, waardoor ik snel kon starten met laden. De locatie is handig bereikbaar en de parkeerplek ruim genoeg, wat het gebruik extra prettig maakt. Ook de snelheid van het opladen viel positief op, want binnen korte tijd zat de accu alweer flink vol. Een betrouwbare en fijne ervaring."
37211,Weesperweg 2a,EVnetNL,Muiden,ChIJF7JMcQ4SxkcRHxtL5suCf4Y,4.2,5,"Prima oplaadplek voor EV's, bijna altijd direct plek, loopafstand naar tankstation en restaurants zeer acceptabel!"
37211,Weesperweg 2a,EVnetNL,Muiden,ChIJF7JMcQ4SxkcRHxtL5suCf4Y,4.2,2,"Laad hier prima hoor maar 3 koffieautomaten waarvan er 2 in ""onderhoud"" zijn en de 3e defect is wel heel vervelend. Blijkbaar kunnen de kassamedewerkers dit niet verhelpen. Ook komt het personeel blijkbaar niet achter de kassa vandaan en ziet dus niet de berg kassabonnetjes welke voor de zelfkassa op de grond liggen."
37211,Weesperweg 2a,EVnetNL,Muiden,ChIJF7JMcQ4SxkcRHxtL5suCf4Y,4.2,5,Mooie grote laadlocatie aan de A1 ter hoogte van Muiden (6 laadpalen van max 175kw). In het tankstation kun je prima terecht voor een sanitaire stop en/of een kopje koffie/broodje. Er bevindt zich ook nog een Fastned locatie aan de andere kant van het tankstation.
37211,Weesperweg 2a,EVnetNL,Muiden,ChIJF7JMcQ4SxkcRHxtL5suCf4Y,4.2,1,"Hele matige ux., het duurde minuten voor het laden lukte. Helaas i.v.m. sluiten Fastned hier moeten opladen. 0.85 per kWh is het tarief hier, dus de prijzen zijn wel de top van Nederland"
37204,Van Nijenrodeweg 2,Essent (NL),Amsterdam,ChIJ44dOM8sLxkcRSP9kYAxh6m8,4.4,4,"Voor auto en persoon, Fastned & Fastfood.
Goed gelegen locatie voor het opladen van je auto en de inwendige mens. Vervelend aan die locatie, zijn die vreselijke drempels en soms is er een wachtrij doordat er taxi's en bedrijfsbusjes staan op te laden."
37204,Van Nijenrodeweg 2,Essent (NL),Amsterdam,ChIJ44dOM8sLxkcRSP9kYAxh6m8,4.4,5,"Genoeg tentjes om wat te eten
Wel druk maar ook veel laadplekken."
37204,Van Nijenrodeweg 2,Essent (NL),Amsterdam,ChIJ44dOM8sLxkcRSP9kYAxh6m8,4.4,4,Eigenlijk altijd druk maar genoeg te snacken vlakbij
37204,Van Nijenrodeweg 2,Essent (NL),Amsterdam,ChIJ44dOM8sLxkcRSP9kYAxh6m8,4.4,4,"Ruime plaatsen met afvalbakken. In de nacht goed verlicht, geen onveilig gevoel (was enige gebruiker om 4:00 uur)"
37204,Van Nijenrodeweg 2,Essent (NL),Amsterdam,ChIJ44dOM8sLxkcRSP9kYAxh6m8,4.4,5,Goede locatie om de auto weer snel op te laden. Veel laadpunten en ook genoeg fastfood dichtbij als je toch even moet wachten.
37203,G.A. Heinzelaan 4,EVnetNL,Muiden,ChIJF7JMcQ4SxkcRHxtL5suCf4Y,4.2,5,"Mijn auto is perfect opgeladen bij het oplaadpunt en dat ging helemaal zonder problemen. Het systeem werkte vlot en duidelijk, waardoor ik snel kon starten met laden. De locatie is handig bereikbaar en de parkeerplek ruim genoeg, wat het gebruik extra prettig maakt. Ook de snelheid van het opladen viel positief op, want binnen korte tijd zat de accu alweer flink vol. Een betrouwbare en fijne ervaring."
37203,G.A. Heinzelaan 4,EVnetNL,Muiden,ChIJF7JMcQ4SxkcRHxtL5suCf4Y,4.2,5,"Prima oplaadplek voor EV's, bijna altijd direct plek, loopafstand naar tankstation en restaurants zeer acceptabel!"
37203,G.A. Heinzelaan 4,EVnetNL,Muiden,ChIJF7JMcQ4SxkcRHxtL5suCf4Y,4.2,2,"Laad hier prima hoor maar 3 koffieautomaten waarvan er 2 in ""onderhoud"" zijn en de 3e defect is wel heel vervelend. Blijkbaar kunnen de kassamedewerkers dit niet verhelpen. Ook komt het personeel blijkbaar niet achter de kassa vandaan en ziet dus niet de berg kassabonnetjes welke voor de zelfkassa op de grond liggen."
37203,G.A. Heinzelaan 4,EVnetNL,Muiden,ChIJF7JMcQ4SxkcRHxtL5suCf4Y,4.2,5,Mooie grote laadlocatie aan de A1 ter hoogte van Muiden (6 laadpalen van max 175kw). In het tankstation kun je prima terecht voor een sanitaire stop en/of een kopje koffie/broodje. Er bevindt zich ook nog een Fastned locatie aan de andere kant van het tankstation.
37203,G.A. Heinzelaan 4,EVnetNL,Muiden,ChIJF7JMcQ4SxkcRHxtL5suCf4Y,4.2,1,"Hele matige ux., het duurde minuten voor het laden lukte. Helaas i.v.m. sluiten Fastned hier moeten opladen. 0.85 per kWh is het tarief hier, dus de prijzen zijn wel de top van Nederland"
37201,Van Nijenrodeweg 649,Essent (NL),Amsterdam,ChIJ44dOM8sLxkcRSP9kYAxh6m8,4.4,4,"Voor auto en persoon, Fastned & Fastfood.
Goed gelegen locatie voor het opladen van je auto en de inwendige mens. Vervelend aan die locatie, zijn die vreselijke drempels en soms is er een wachtrij doordat er taxi's en bedrijfsbusjes staan op te laden."
37201,Van Nijenrodeweg 649,Essent (NL),Amsterdam,ChIJ44dOM8sLxkcRSP9kYAxh6m8,4.4,5,"Genoeg tentjes om wat te eten
Wel druk maar ook veel laadplekken."
37201,Van Nijenrodeweg 649,Essent (NL),Amsterdam,ChIJ44dOM8sLxkcRSP9kYAxh6m8,4.4,4,Eigenlijk altijd druk maar genoeg te snacken vlakbij
37201,Van Nijenrodeweg 649,Essent (NL),Amsterdam,ChIJ44dOM8sLxkcRSP9kYAxh6m8,4.4,4,"Ruime plaatsen met afvalbakken. In de nacht goed verlicht, geen onveilig gevoel (was enige gebruiker om 4:00 uur)"
37201,Van Nijenrodeweg 649,Essent (NL),Amsterdam,ChIJ44dOM8sLxkcRSP9kYAxh6m8,4.4,5,Goede locatie om de auto weer snel op te laden. Veel laadpunten en ook genoeg fastfood dichtbij als je toch even moet wachten.
37193,Nooit Gedacht 46,EVnetNL,Muiden,ChIJF7JMcQ4SxkcRHxtL5suCf4Y,4.2,5,"Mijn auto is perfect opgeladen bij het oplaadpunt en dat ging helemaal zonder problemen. Het systeem werkte vlot en duidelijk, waardoor ik snel kon starten met laden. De locatie is handig bereikbaar en de parkeerplek ruim genoeg, wat het gebruik extra prettig maakt. Ook de snelheid van het opladen viel positief op, want binnen korte tijd zat de accu alweer flink vol. Een betrouwbare en fijne ervaring."
37193,Nooit Gedacht 46,EVnetNL,Muiden,ChIJF7JMcQ4SxkcRHxtL5suCf4Y,4.2,5,"Prima oplaadplek voor EV's, bijna altijd direct plek, loopafstand naar tankstation en restaurants zeer acceptabel!"
37193,Nooit Gedacht 46,EVnetNL,Muiden,ChIJF7JMcQ4SxkcRHxtL5suCf4Y,4.2,2,"Laad hier prima hoor maar 3 koffieautomaten waarvan er 2 in ""onderhoud"" zijn en de 3e defect is wel heel vervelend. Blijkbaar kunnen de kassamedewerkers dit niet verhelpen. Ook komt het personeel blijkbaar niet achter de kassa vandaan en ziet dus niet de berg kassabonnetjes welke voor de zelfkassa op de grond liggen."
37193,Nooit Gedacht 46,EVnetNL,Muiden,ChIJF7JMcQ4SxkcRHxtL5suCf4Y,4.2,5,Mooie grote laadlocatie aan de A1 ter hoogte van Muiden (6 laadpalen van max 175kw). In het tankstation kun je prima terecht voor een sanitaire stop en/of een kopje koffie/broodje. Er bevindt zich ook nog een Fastned locatie aan de andere kant van het tankstation.
37193,Nooit Gedacht 46,EVnetNL,Muiden,ChIJF7JMcQ4SxkcRHxtL5suCf4Y,4.2,1,"Hele matige ux., het duurde minuten voor het laden lukte. Helaas i.v.m. sluiten Fastned hier moeten opladen. 0.85 per kWh is het tarief hier, dus de prijzen zijn wel de top van Nederland"
37175,Ouborg 10,Essent (NL),Amsterdam,ChIJ44dOM8sLxkcRSP9kYAxh6m8,4.4,4,"Voor auto en persoon, Fastned & Fastfood.
Goed gelegen locatie voor het opladen van je auto en de inwendige mens. Vervelend aan die locatie, zijn die vreselijke drempels en soms is er een wachtrij doordat er taxi's en bedrijfsbusjes staan op te laden."
37175,Ouborg 10,Essent (NL),Amsterdam,ChIJ44dOM8sLxkcRSP9kYAxh6m8,4.4,5,"Genoeg tentjes om wat te eten
Wel druk maar ook veel laadplekken."
37175,Ouborg 10,Essent (NL),Amsterdam,ChIJ44dOM8sLxkcRSP9kYAxh6m8,4.4,4,Eigenlijk altijd druk maar genoeg te snacken vlakbij
37175,Ouborg 10,Essent (NL),Amsterdam,ChIJ44dOM8sLxkcRSP9kYAxh6m8,4.4,4,"Ruime plaatsen met afvalbakken. In de nacht goed verlicht, geen onveilig gevoel (was enige gebruiker om 4:00 uur)"
37175,Ouborg 10,Essent (NL),Amsterdam,ChIJ44dOM8sLxkcRSP9kYAxh6m8,4.4,5,Goede locatie om de auto weer snel op te laden. Veel laadpunten en ook genoeg fastfood dichtbij als je toch even moet wachten.
37172,Bijlmerdreef,Essent (NL),Amsterdam Zuidoost,ChIJ44dOM8sLxkcRSP9kYAxh6m8,4.4,4,"Voor auto en persoon, Fastned & Fastfood.
Goed gelegen locatie voor het opladen van je auto en de inwendige mens. Vervelend aan die locatie, zijn die vreselijke drempels en soms is er een wachtrij doordat er taxi's en bedrijfsbusjes staan op te laden."
37172,Bijlmerdreef,Essent (NL),Amsterdam Zuidoost,ChIJ44dOM8sLxkcRSP9kYAxh6m8,4.4,5,"Genoeg tentjes om wat te eten
Wel druk maar ook veel laadplekken."
37172,Bijlmerdreef,Essent (NL),Amsterdam Zuidoost,ChIJ44dOM8sLxkcRSP9kYAxh6m8,4.4,4,Eigenlijk altijd druk maar genoeg te snacken vlakbij
37172,Bijlmerdreef,Essent (NL),Amsterdam Zuidoost,ChIJ44dOM8sLxkcRSP9kYAxh6m8,4.4,4,"Ruime plaatsen met afvalbakken. In de nacht goed verlicht, geen onveilig gevoel (was enige gebruiker om 4:00 uur)"
37172,Bijlmerdreef,Essent (NL),Amsterdam Zuidoost,ChIJ44dOM8sLxkcRSP9kYAxh6m8,4.4,5,Goede locatie om de auto weer snel op te laden. Veel laadpunten en ook genoeg fastfood dichtbij als je toch even moet wachten.
37171,De Duizendmeterweg 2,Essent (NL),Amstelveen,ChIJKf-Far_hxUcR8_Ohl0jnpLE,3.0,1,Zo een grote parkeerplaats en maar één dubbele laadpaal...... niet te geloven en niet meer van deze tijd!!!!
37171,De Duizendmeterweg 2,Essent (NL),Amstelveen,ChIJKf-Far_hxUcR8_Ohl0jnpLE,3.0,5,Werkt goed
37166,Amstelveenseweg 965,Essent (NL),Amsterdam,ChIJ44dOM8sLxkcRSP9kYAxh6m8,4.4,4,"Voor auto en persoon, Fastned & Fastfood.
Goed gelegen locatie voor het opladen van je auto en de inwendige mens. Vervelend aan die locatie, zijn die vreselijke drempels en soms is er een wachtrij doordat er taxi's en bedrijfsbusjes staan op te laden."
37166,Amstelveenseweg 965,Essent (NL),Amsterdam,ChIJ44dOM8sLxkcRSP9kYAxh6m8,4.4,5,"Genoeg tentjes om wat te eten
Wel druk maar ook veel laadplekken."
37166,Amstelveenseweg 965,Essent (NL),Amsterdam,ChIJ44dOM8sLxkcRSP9kYAxh6m8,4.4,4,Eigenlijk altijd druk maar genoeg te snacken vlakbij
37166,Amstelveenseweg 965,Essent (NL),Amsterdam,ChIJ44dOM8sLxkcRSP9kYAxh6m8,4.4,4,"Ruime plaatsen met afvalbakken. In de nacht goed verlicht, geen onveilig gevoel (was enige gebruiker om 4:00 uur)"
37166,Amstelveenseweg 965,Essent (NL),Amsterdam,ChIJ44dOM8sLxkcRSP9kYAxh6m8,4.4,5,Goede locatie om de auto weer snel op te laden. Veel laadpunten en ook genoeg fastfood dichtbij als je toch even moet wachten.
37144,Karspeldreef,Essent (NL),Amsterdam Zuidoost,ChIJ44dOM8sLxkcRSP9kYAxh6m8,4.4,4,"Voor auto en persoon, Fastned & Fastfood.
Goed gelegen locatie voor het opladen van je auto en de inwendige mens. Vervelend aan die locatie, zijn die vreselijke drempels en soms is er een wachtrij doordat er taxi's en bedrijfsbusjes staan op te laden."
37144,Karspeldreef,Essent (NL),Amsterdam Zuidoost,ChIJ44dOM8sLxkcRSP9kYAxh6m8,4.4,5,"Genoeg tentjes om wat te eten
Wel druk maar ook veel laadplekken."
37144,Karspeldreef,Essent (NL),Amsterdam Zuidoost,ChIJ44dOM8sLxkcRSP9kYAxh6m8,4.4,4,Eigenlijk altijd druk maar genoeg te snacken vlakbij
37144,Karspeldreef,Essent (NL),Amsterdam Zuidoost,ChIJ44dOM8sLxkcRSP9kYAxh6m8,4.4,4,"Ruime plaatsen met afvalbakken. In de nacht goed verlicht, geen onveilig gevoel (was enige gebruiker om 4:00 uur)"
37144,Karspeldreef,Essent (NL),Amsterdam Zuidoost,ChIJ44dOM8sLxkcRSP9kYAxh6m8,4.4,5,Goede locatie om de auto weer snel op te laden. Veel laadpunten en ook genoeg fastfood dichtbij als je toch even moet wachten.
37127,Graftermeerstraat 34,EVBox,Haarlemmermeer,ChIJsXjDdlPmxUcROkMtLaSMpxk,1.0,1,Auto was niet opgeladen
37123,Loosdrechtdreef,Stadtwerke Clausthal-Zellerfeld,Amsterdam,ChIJNxpM6m4MxkcRR_m-rxvGjtc,2.1,2,Om bij de DHL pakketautomaat Total te komen zonder een auto is het niet onmogelijk als je maar een beetje lef hebt. Ga dus langs de Kwikfit lopen of fietsen. Plan het op een rustige moment in want je moet wel een stukje langs de autoweg lopen/ fietsen. Het waren de angstige en stressvolle 20 seconden van mijn leven deze week. Pakketautomaat werkt verder goed.
37123,Loosdrechtdreef,Stadtwerke Clausthal-Zellerfeld,Amsterdam,ChIJNxpM6m4MxkcRR_m-rxvGjtc,2.1,2,"88kW voor een 400kW lader, dat is matig"
37123,Loosdrechtdreef,Stadtwerke Clausthal-Zellerfeld,Amsterdam,ChIJNxpM6m4MxkcRR_m-rxvGjtc,2.1,5,"Uitstekende, schone en nette oplader, alles werkt, er is stroom!"
37123,Loosdrechtdreef,Stadtwerke Clausthal-Zellerfeld,Amsterdam,ChIJNxpM6m4MxkcRR_m-rxvGjtc,2.1,1,Niets te doen als je moet opladen. Trage opladers.
37123,Loosdrechtdreef,Stadtwerke Clausthal-Zellerfeld,Amsterdam,ChIJNxpM6m4MxkcRR_m-rxvGjtc,2.1,1,"Die vrouw die daar werkt, moet ontslagen worden. Ik ging Pueblo Classic tabak kopen en ze bleef maar zeggen dat ze het niet begreep. Ze vroeg me vier keer met een onvriendelijke toon welk merk ik wilde... het leek wel een verborgen camera. Daarna vroeg ze me om een ​​online foto te laten zien van wat ik wilde! Serieus? Ik liet haar een foto zien - ook al zijn alle verpakkingen in Nederland hetzelfde - en toen zei ze: ""Die heb ik niet. Welke wilt u?"" Hoe moet ik dat weten? Zeg me wat u wel heeft! ""Ik heb er genoeg, zeg maar wat u wilt."" Ik zei: laten we het kort houden, geef me een pakje Camel sigaretten. Toen ze om mijn identiteitsbewijs vroeg, terwijl ik 45 ben, besloot ik mijn aankopen ergens anders te doen. Stuur die clown terug naar waar ze vandaan komt."
37122,Bijlmerplein,Stadtwerke Clausthal-Zellerfeld,Amsterdam Zuidoost,ChIJNxpM6m4MxkcRR_m-rxvGjtc,2.1,2,Om bij de DHL pakketautomaat Total te komen zonder een auto is het niet onmogelijk als je maar een beetje lef hebt. Ga dus langs de Kwikfit lopen of fietsen. Plan het op een rustige moment in want je moet wel een stukje langs de autoweg lopen/ fietsen. Het waren de angstige en stressvolle 20 seconden van mijn leven deze week. Pakketautomaat werkt verder goed.
37122,Bijlmerplein,Stadtwerke Clausthal-Zellerfeld,Amsterdam Zuidoost,ChIJNxpM6m4MxkcRR_m-rxvGjtc,2.1,2,"88kW voor een 400kW lader, dat is matig"
37122,Bijlmerplein,Stadtwerke Clausthal-Zellerfeld,Amsterdam Zuidoost,ChIJNxpM6m4MxkcRR_m-rxvGjtc,2.1,5,"Uitstekende, schone en nette oplader, alles werkt, er is stroom!"
37122,Bijlmerplein,Stadtwerke Clausthal-Zellerfeld,Amsterdam Zuidoost,ChIJNxpM6m4MxkcRR_m-rxvGjtc,2.1,1,Niets te doen als je moet opladen. Trage opladers.
37122,Bijlmerplein,Stadtwerke Clausthal-Zellerfeld,Amsterdam Zuidoost,ChIJNxpM6m4MxkcRR_m-rxvGjtc,2.1,1,"Die vrouw die daar werkt, moet ontslagen worden. Ik ging Pueblo Classic tabak kopen en ze bleef maar zeggen dat ze het niet begreep. Ze vroeg me vier keer met een onvriendelijke toon welk merk ik wilde... het leek wel een verborgen camera. Daarna vroeg ze me om een ​​online foto te laten zien van wat ik wilde! Serieus? Ik liet haar een foto zien - ook al zijn alle verpakkingen in Nederland hetzelfde - en toen zei ze: ""Die heb ik niet. Welke wilt u?"" Hoe moet ik dat weten? Zeg me wat u wel heeft! ""Ik heb er genoeg, zeg maar wat u wilt."" Ik zei: laten we het kort houden, geef me een pakje Camel sigaretten. Toen ze om mijn identiteitsbewijs vroeg, terwijl ik 45 ben, besloot ik mijn aankopen ergens anders te doen. Stuur die clown terug naar waar ze vandaan komt."
37119,Gaasperdammerpad,Essent (NL),Amsterdam,ChIJ44dOM8sLxkcRSP9kYAxh6m8,4.4,4,"Voor auto en persoon, Fastned & Fastfood.
Goed gelegen locatie voor het opladen van je auto en de inwendige mens. Vervelend aan die locatie, zijn die vreselijke drempels en soms is er een wachtrij doordat er taxi's en bedrijfsbusjes staan op te laden."
37119,Gaasperdammerpad,Essent (NL),Amsterdam,ChIJ44dOM8sLxkcRSP9kYAxh6m8,4.4,5,"Genoeg tentjes om wat te eten
Wel druk maar ook veel laadplekken."
37119,Gaasperdammerpad,Essent (NL),Amsterdam,ChIJ44dOM8sLxkcRSP9kYAxh6m8,4.4,4,Eigenlijk altijd druk maar genoeg te snacken vlakbij
37119,Gaasperdammerpad,Essent (NL),Amsterdam,ChIJ44dOM8sLxkcRSP9kYAxh6m8,4.4,4,"Ruime plaatsen met afvalbakken. In de nacht goed verlicht, geen onveilig gevoel (was enige gebruiker om 4:00 uur)"
37119,Gaasperdammerpad,Essent (NL),Amsterdam,ChIJ44dOM8sLxkcRSP9kYAxh6m8,4.4,5,Goede locatie om de auto weer snel op te laden. Veel laadpunten en ook genoeg fastfood dichtbij als je toch even moet wachten.
37093,Huntum 72,Essent (NL),Amsterdam Zuidoost,ChIJ44dOM8sLxkcRSP9kYAxh6m8,4.4,4,"Voor auto en persoon, Fastned & Fastfood.
Goed gelegen locatie voor het opladen van je auto en de inwendige mens. Vervelend aan die locatie, zijn die vreselijke drempels en soms is er een wachtrij doordat er taxi's en bedrijfsbusjes staan op te laden."
37093,Huntum 72,Essent (NL),Amsterdam Zuidoost,ChIJ44dOM8sLxkcRSP9kYAxh6m8,4.4,5,"Genoeg tentjes om wat te eten
Wel druk maar ook veel laadplekken."
37093,Huntum 72,Essent (NL),Amsterdam Zuidoost,ChIJ44dOM8sLxkcRSP9kYAxh6m8,4.4,4,Eigenlijk altijd druk maar genoeg te snacken vlakbij
37093,Huntum 72,Essent (NL),Amsterdam Zuidoost,ChIJ44dOM8sLxkcRSP9kYAxh6m8,4.4,4,"Ruime plaatsen met afvalbakken. In de nacht goed verlicht, geen onveilig gevoel (was enige gebruiker om 4:00 uur)"
37093,Huntum 72,Essent (NL),Amsterdam Zuidoost,ChIJ44dOM8sLxkcRSP9kYAxh6m8,4.4,5,Goede locatie om de auto weer snel op te laden. Veel laadpunten en ook genoeg fastfood dichtbij als je toch even moet wachten.
37078,Hakfort 133,Essent (NL),Amsterdam Zuidoost,ChIJ44dOM8sLxkcRSP9kYAxh6m8,4.4,4,"Voor auto en persoon, Fastned & Fastfood.
Goed gelegen locatie voor het opladen van je auto en de inwendige mens. Vervelend aan die locatie, zijn die vreselijke drempels en soms is er een wachtrij doordat er taxi's en bedrijfsbusjes staan op te laden."
37078,Hakfort 133,Essent (NL),Amsterdam Zuidoost,ChIJ44dOM8sLxkcRSP9kYAxh6m8,4.4,5,"Genoeg tentjes om wat te eten
Wel druk maar ook veel laadplekken."
37078,Hakfort 133,Essent (NL),Amsterdam Zuidoost,ChIJ44dOM8sLxkcRSP9kYAxh6m8,4.4,4,Eigenlijk altijd druk maar genoeg te snacken vlakbij
37078,Hakfort 133,Essent (NL),Amsterdam Zuidoost,ChIJ44dOM8sLxkcRSP9kYAxh6m8,4.4,4,"Ruime plaatsen met afvalbakken. In de nacht goed verlicht, geen onveilig gevoel (was enige gebruiker om 4:00 uur)"
37078,Hakfort 133,Essent (NL),Amsterdam Zuidoost,ChIJ44dOM8sLxkcRSP9kYAxh6m8,4.4,5,Goede locatie om de auto weer snel op te laden. Veel laadpunten en ook genoeg fastfood dichtbij als je toch even moet wachten.
37072,Lange Stammerdijk 9D,Essent (NL),Amsterdam,ChIJ44dOM8sLxkcRSP9kYAxh6m8,4.4,4,"Voor auto en persoon, Fastned & Fastfood.
Goed gelegen locatie voor het opladen van je auto en de inwendige mens. Vervelend aan die locatie, zijn die vreselijke drempels en soms is er een wachtrij doordat er taxi's en bedrijfsbusjes staan op te laden."
37072,Lange Stammerdijk 9D,Essent (NL),Amsterdam,ChIJ44dOM8sLxkcRSP9kYAxh6m8,4.4,5,"Genoeg tentjes om wat te eten
Wel druk maar ook veel laadplekken."
37072,Lange Stammerdijk 9D,Essent (NL),Amsterdam,ChIJ44dOM8sLxkcRSP9kYAxh6m8,4.4,4,Eigenlijk altijd druk maar genoeg te snacken vlakbij
37072,Lange Stammerdijk 9D,Essent (NL),Amsterdam,ChIJ44dOM8sLxkcRSP9kYAxh6m8,4.4,4,"Ruime plaatsen met afvalbakken. In de nacht goed verlicht, geen onveilig gevoel (was enige gebruiker om 4:00 uur)"
37072,Lange Stammerdijk 9D,Essent (NL),Amsterdam,ChIJ44dOM8sLxkcRSP9kYAxh6m8,4.4,5,Goede locatie om de auto weer snel op te laden. Veel laadpunten en ook genoeg fastfood dichtbij als je toch even moet wachten.
37067,Maldenhof 13,Essent (NL),Amsterdam Zuidoost,ChIJ44dOM8sLxkcRSP9kYAxh6m8,4.4,4,"Voor auto en persoon, Fastned & Fastfood.
Goed gelegen locatie voor het opladen van je auto en de inwendige mens. Vervelend aan die locatie, zijn die vreselijke drempels en soms is er een wachtrij doordat er taxi's en bedrijfsbusjes staan op te laden."
37067,Maldenhof 13,Essent (NL),Amsterdam Zuidoost,ChIJ44dOM8sLxkcRSP9kYAxh6m8,4.4,5,"Genoeg tentjes om wat te eten
Wel druk maar ook veel laadplekken."
37067,Maldenhof 13,Essent (NL),Amsterdam Zuidoost,ChIJ44dOM8sLxkcRSP9kYAxh6m8,4.4,4,Eigenlijk altijd druk maar genoeg te snacken vlakbij
37067,Maldenhof 13,Essent (NL),Amsterdam Zuidoost,ChIJ44dOM8sLxkcRSP9kYAxh6m8,4.4,4,"Ruime plaatsen met afvalbakken. In de nacht goed verlicht, geen onveilig gevoel (was enige gebruiker om 4:00 uur)"
37067,Maldenhof 13,Essent (NL),Amsterdam Zuidoost,ChIJ44dOM8sLxkcRSP9kYAxh6m8,4.4,5,Goede locatie om de auto weer snel op te laden. Veel laadpunten en ook genoeg fastfood dichtbij als je toch even moet wachten.
37061,Maldenhof 463,Essent (NL),Amsterdam Zuidoost,ChIJ44dOM8sLxkcRSP9kYAxh6m8,4.4,4,"Voor auto en persoon, Fastned & Fastfood.
Goed gelegen locatie voor het opladen van je auto en de inwendige mens. Vervelend aan die locatie, zijn die vreselijke drempels en soms is er een wachtrij doordat er taxi's en bedrijfsbusjes staan op te laden."
37061,Maldenhof 463,Essent (NL),Amsterdam Zuidoost,ChIJ44dOM8sLxkcRSP9kYAxh6m8,4.4,5,"Genoeg tentjes om wat te eten
Wel druk maar ook veel laadplekken."
37061,Maldenhof 463,Essent (NL),Amsterdam Zuidoost,ChIJ44dOM8sLxkcRSP9kYAxh6m8,4.4,4,Eigenlijk altijd druk maar genoeg te snacken vlakbij
37061,Maldenhof 463,Essent (NL),Amsterdam Zuidoost,ChIJ44dOM8sLxkcRSP9kYAxh6m8,4.4,4,"Ruime plaatsen met afvalbakken. In de nacht goed verlicht, geen onveilig gevoel (was enige gebruiker om 4:00 uur)"
37061,Maldenhof 463,Essent (NL),Amsterdam Zuidoost,ChIJ44dOM8sLxkcRSP9kYAxh6m8,4.4,5,Goede locatie om de auto weer snel op te laden. Veel laadpunten en ook genoeg fastfood dichtbij als je toch even moet wachten.
37047,De Parelvisserslaan 1,EVnetNL,Amstelveen,ChIJ_yMFNYgKxkcRQtaJ1Rzormg,5.0,5,Voor t eerst met 171 kW geladen super snel fijne plek
37033,Markenburg 143,EVnetNL,Haarlemmermeer,ChIJC833BsbnxUcRQJ639cmgYJw,1.0,1,"Deze laadpalen zijn altijd bezet. Het sushi restaurant laadt zijn twee autos hier de hele nacht op, vaak van sluitingstijd totdat de zaak weer open gaat. Bewoners hebben weinig kans om na werk ook hun autos op te laden."
37033,Markenburg 143,EVnetNL,Haarlemmermeer,ChIJC833BsbnxUcRQJ639cmgYJw,1.0,1,"Dit is alleen een benzinestation
Niet voor Electrische auto's
vandaar 1 ster"
37029,Muntbergweg 16,EVBox,Amsterdam Zuidoost,ChIJk_Y2O3YLxkcR6hfPIUxNFss,3.0,1,"Vermogen veel lager dan aangegeven, ondanks dat er geen andere auto’s bij de laadpalen stonden. Geen van beide laadpalen kwam verder dan 3.5 kW.  Ik zou adviseren de laadpalen van Ikea aan de overkant te gebruiken."
37021,Paasheuvelweg 35,EVBox,Amsterdam Zuidoost,ChIJk_Y2O3YLxkcR6hfPIUxNFss,3.0,1,"Vermogen veel lager dan aangegeven, ondanks dat er geen andere auto’s bij de laadpalen stonden. Geen van beide laadpalen kwam verder dan 3.5 kW.  Ik zou adviseren de laadpalen van Ikea aan de overkant te gebruiken."
37014,Snijdersbergweg 101,Stadtwerke Clausthal-Zellerfeld,Amsterdam Zuidoost,ChIJNxpM6m4MxkcRR_m-rxvGjtc,2.1,2,Om bij de DHL pakketautomaat Total te komen zonder een auto is het niet onmogelijk als je maar een beetje lef hebt. Ga dus langs de Kwikfit lopen of fietsen. Plan het op een rustige moment in want je moet wel een stukje langs de autoweg lopen/ fietsen. Het waren de angstige en stressvolle 20 seconden van mijn leven deze week. Pakketautomaat werkt verder goed.
37014,Snijdersbergweg 101,Stadtwerke Clausthal-Zellerfeld,Amsterdam Zuidoost,ChIJNxpM6m4MxkcRR_m-rxvGjtc,2.1,2,"88kW voor een 400kW lader, dat is matig"
37014,Snijdersbergweg 101,Stadtwerke Clausthal-Zellerfeld,Amsterdam Zuidoost,ChIJNxpM6m4MxkcRR_m-rxvGjtc,2.1,5,"Uitstekende, schone en nette oplader, alles werkt, er is stroom!"
37014,Snijdersbergweg 101,Stadtwerke Clausthal-Zellerfeld,Amsterdam Zuidoost,ChIJNxpM6m4MxkcRR_m-rxvGjtc,2.1,1,Niets te doen als je moet opladen. Trage opladers.
37014,Snijdersbergweg 101,Stadtwerke Clausthal-Zellerfeld,Amsterdam Zuidoost,ChIJNxpM6m4MxkcRR_m-rxvGjtc,2.1,1,"Die vrouw die daar werkt, moet ontslagen worden. Ik ging Pueblo Classic tabak kopen en ze bleef maar zeggen dat ze het niet begreep. Ze vroeg me vier keer met een onvriendelijke toon welk merk ik wilde... het leek wel een verborgen camera. Daarna vroeg ze me om een ​​online foto te laten zien van wat ik wilde! Serieus? Ik liet haar een foto zien - ook al zijn alle verpakkingen in Nederland hetzelfde - en toen zei ze: ""Die heb ik niet. Welke wilt u?"" Hoe moet ik dat weten? Zeg me wat u wel heeft! ""Ik heb er genoeg, zeg maar wat u wilt."" Ik zei: laten we het kort houden, geef me een pakje Camel sigaretten. Toen ze om mijn identiteitsbewijs vroeg, terwijl ik 45 ben, besloot ik mijn aankopen ergens anders te doen. Stuur die clown terug naar waar ze vandaan komt."
37011,Wisseloordplein 10,Essent (NL),Amsterdam Zuidoost,ChIJ44dOM8sLxkcRSP9kYAxh6m8,4.4,4,"Voor auto en persoon, Fastned & Fastfood.
Goed gelegen locatie voor het opladen van je auto en de inwendige mens. Vervelend aan die locatie, zijn die vreselijke drempels en soms is er een wachtrij doordat er taxi's en bedrijfsbusjes staan op te laden."
37011,Wisseloordplein 10,Essent (NL),Amsterdam Zuidoost,ChIJ44dOM8sLxkcRSP9kYAxh6m8,4.4,5,"Genoeg tentjes om wat te eten
Wel druk maar ook veel laadplekken."
37011,Wisseloordplein 10,Essent (NL),Amsterdam Zuidoost,ChIJ44dOM8sLxkcRSP9kYAxh6m8,4.4,4,Eigenlijk altijd druk maar genoeg te snacken vlakbij
37011,Wisseloordplein 10,Essent (NL),Amsterdam Zuidoost,ChIJ44dOM8sLxkcRSP9kYAxh6m8,4.4,4,"Ruime plaatsen met afvalbakken. In de nacht goed verlicht, geen onveilig gevoel (was enige gebruiker om 4:00 uur)"
37011,Wisseloordplein 10,Essent (NL),Amsterdam Zuidoost,ChIJ44dOM8sLxkcRSP9kYAxh6m8,4.4,5,Goede locatie om de auto weer snel op te laden. Veel laadpunten en ook genoeg fastfood dichtbij als je toch even moet wachten.
37008,Jan Nautahof 2,Essent (NL),Amsterdam,ChIJ44dOM8sLxkcRSP9kYAxh6m8,4.4,4,"Voor auto en persoon, Fastned & Fastfood.
Goed gelegen locatie voor het opladen van je auto en de inwendige mens. Vervelend aan die locatie, zijn die vreselijke drempels en soms is er een wachtrij doordat er taxi's en bedrijfsbusjes staan op te laden."
37008,Jan Nautahof 2,Essent (NL),Amsterdam,ChIJ44dOM8sLxkcRSP9kYAxh6m8,4.4,5,"Genoeg tentjes om wat te eten
Wel druk maar ook veel laadplekken."
37008,Jan Nautahof 2,Essent (NL),Amsterdam,ChIJ44dOM8sLxkcRSP9kYAxh6m8,4.4,4,Eigenlijk altijd druk maar genoeg te snacken vlakbij
37008,Jan Nautahof 2,Essent (NL),Amsterdam,ChIJ44dOM8sLxkcRSP9kYAxh6m8,4.4,4,"Ruime plaatsen met afvalbakken. In de nacht goed verlicht, geen onveilig gevoel (was enige gebruiker om 4:00 uur)"
37008,Jan Nautahof 2,Essent (NL),Amsterdam,ChIJ44dOM8sLxkcRSP9kYAxh6m8,4.4,5,Goede locatie om de auto weer snel op te laden. Veel laadpunten en ook genoeg fastfood dichtbij als je toch even moet wachten.
36999,Schurenbergweg 5A,Stadtwerke Clausthal-Zellerfeld,Amsterdam Zuidoost,ChIJNxpM6m4MxkcRR_m-rxvGjtc,2.1,2,Om bij de DHL pakketautomaat Total te komen zonder een auto is het niet onmogelijk als je maar een beetje lef hebt. Ga dus langs de Kwikfit lopen of fietsen. Plan het op een rustige moment in want je moet wel een stukje langs de autoweg lopen/ fietsen. Het waren de angstige en stressvolle 20 seconden van mijn leven deze week. Pakketautomaat werkt verder goed.
36999,Schurenbergweg 5A,Stadtwerke Clausthal-Zellerfeld,Amsterdam Zuidoost,ChIJNxpM6m4MxkcRR_m-rxvGjtc,2.1,2,"88kW voor een 400kW lader, dat is matig"
36999,Schurenbergweg 5A,Stadtwerke Clausthal-Zellerfeld,Amsterdam Zuidoost,ChIJNxpM6m4MxkcRR_m-rxvGjtc,2.1,5,"Uitstekende, schone en nette oplader, alles werkt, er is stroom!"
36999,Schurenbergweg 5A,Stadtwerke Clausthal-Zellerfeld,Amsterdam Zuidoost,ChIJNxpM6m4MxkcRR_m-rxvGjtc,2.1,1,Niets te doen als je moet opladen. Trage opladers.
36999,Schurenbergweg 5A,Stadtwerke Clausthal-Zellerfeld,Amsterdam Zuidoost,ChIJNxpM6m4MxkcRR_m-rxvGjtc,2.1,1,"Die vrouw die daar werkt, moet ontslagen worden. Ik ging Pueblo Classic tabak kopen en ze bleef maar zeggen dat ze het niet begreep. Ze vroeg me vier keer met een onvriendelijke toon welk merk ik wilde... het leek wel een verborgen camera. Daarna vroeg ze me om een ​​online foto te laten zien van wat ik wilde! Serieus? Ik liet haar een foto zien - ook al zijn alle verpakkingen in Nederland hetzelfde - en toen zei ze: ""Die heb ik niet. Welke wilt u?"" Hoe moet ik dat weten? Zeg me wat u wel heeft! ""Ik heb er genoeg, zeg maar wat u wilt."" Ik zei: laten we het kort houden, geef me een pakje Camel sigaretten. Toen ze om mijn identiteitsbewijs vroeg, terwijl ik 45 ben, besloot ik mijn aankopen ergens anders te doen. Stuur die clown terug naar waar ze vandaan komt."
36995,Handweg 103C,EVnetNL,Amstelveen,ChIJCx_Dli_gxUcRgdOnqZjOlpE,1.0,1,"Weigert al mijn laadpassen: Eins-e Mobil, Elbizz, Elec2go, Newmotion"
36993,Renooiplein 9,Essent (NL),Amsterdam Zuidoost,ChIJ44dOM8sLxkcRSP9kYAxh6m8,4.4,4,"Voor auto en persoon, Fastned & Fastfood.
Goed gelegen locatie voor het opladen van je auto en de inwendige mens. Vervelend aan die locatie, zijn die vreselijke drempels en soms is er een wachtrij doordat er taxi's en bedrijfsbusjes staan op te laden."
36993,Renooiplein 9,Essent (NL),Amsterdam Zuidoost,ChIJ44dOM8sLxkcRSP9kYAxh6m8,4.4,5,"Genoeg tentjes om wat te eten
Wel druk maar ook veel laadplekken."
36993,Renooiplein 9,Essent (NL),Amsterdam Zuidoost,ChIJ44dOM8sLxkcRSP9kYAxh6m8,4.4,4,Eigenlijk altijd druk maar genoeg te snacken vlakbij
36993,Renooiplein 9,Essent (NL),Amsterdam Zuidoost,ChIJ44dOM8sLxkcRSP9kYAxh6m8,4.4,4,"Ruime plaatsen met afvalbakken. In de nacht goed verlicht, geen onveilig gevoel (was enige gebruiker om 4:00 uur)"
36993,Renooiplein 9,Essent (NL),Amsterdam Zuidoost,ChIJ44dOM8sLxkcRSP9kYAxh6m8,4.4,5,Goede locatie om de auto weer snel op te laden. Veel laadpunten en ook genoeg fastfood dichtbij als je toch even moet wachten.
36976,Hoeksteen 60,Stadtwerke Clausthal-Zellerfeld,Haarlemmermeer,ChIJoe9hkz_nxUcR8VukfO2HEXI,2.6,3,"Snelladen met slechts 38kW... Het regende, geen afdakje. Heb laden maar gestopt en ben doorgereden naar Fastned"
36976,Hoeksteen 60,Stadtwerke Clausthal-Zellerfeld,Haarlemmermeer,ChIJoe9hkz_nxUcR8VukfO2HEXI,2.6,5,Goede prijs kwaliteit. Gratis naar toilet bij de mc donalds. prima 50 kW snellader!
36976,Hoeksteen 60,Stadtwerke Clausthal-Zellerfeld,Haarlemmermeer,ChIJoe9hkz_nxUcR8VukfO2HEXI,2.6,5,Mooie laadpaal. Werkt als de brandweer
36976,Hoeksteen 60,Stadtwerke Clausthal-Zellerfeld,Haarlemmermeer,ChIJoe9hkz_nxUcR8VukfO2HEXI,2.6,1,"Geen chademo stekker.
En type 2 is echt mega traag aan deze paal"
36976,Hoeksteen 60,Stadtwerke Clausthal-Zellerfeld,Haarlemmermeer,ChIJoe9hkz_nxUcR8VukfO2HEXI,2.6,1,chadeno kabel ontbreekt!
36925,Jacobus Verhoeflaan 4,EVBox,Naarden,ChIJV4dWh5kTxkcRZlTH-vWrZNU,4.0,4,Gewoon opladen
36898,Tamarindelaan 16,EVnetNL,Amstelveen,ChIJESqdLxXgxUcRPM-eAeWwHVo,3.3,4,"CCS laadpaal 2x, werkt goed, maar wel prijzig en vaak bezet"
36898,Tamarindelaan 16,EVnetNL,Amstelveen,ChIJESqdLxXgxUcRPM-eAeWwHVo,3.3,1,"Nog duurder dan benzine, waarom zou je hier opladen??"
36890,Tamarindelaan 51,EVnetNL,Amstelveen,ChIJESqdLxXgxUcRPM-eAeWwHVo,3.3,4,"CCS laadpaal 2x, werkt goed, maar wel prijzig en vaak bezet"
36890,Tamarindelaan 51,EVnetNL,Amstelveen,ChIJESqdLxXgxUcRPM-eAeWwHVo,3.3,1,"Nog duurder dan benzine, waarom zou je hier opladen??"
36881,'t Markvelt,EVnetNL,De Ronde Venen,ChIJ2_hyI6d1xkcRpiLkZwa7gE0,3.5,1,Helaas werd mijn laadpas niet herkend (laadpas van Arval lease) en was de helpdesk niet bereik. Er stond niemand te laden dus ik vraag me af of dit al wel helemaal operationeel is. Of is dit geen publiek laadpunt? Want langs de weg is geen aanduiding te vinden.
36881,'t Markvelt,EVnetNL,De Ronde Venen,ChIJ2_hyI6d1xkcRpiLkZwa7gE0,3.5,1,"Dit keer was vreselijk... iedere keer liep de oplaadsnelheid terug naar 0 of weinig, dus zeer lang gestaan ...."
36881,'t Markvelt,EVnetNL,De Ronde Venen,ChIJ2_hyI6d1xkcRpiLkZwa7gE0,3.5,1,"Waardeloos oplaadpunt. Maximum oplaadsnelheid was 2KW (!!!), ik heb meerdere punten geprobeerd. Ik sta nu bij Fastned en die laadt gewoon normaal op. Wel nog 1 ster omdat het oplaadpunt keihard Merry Christmas speelde, maar misschien zou de focus van deze aanbieder moeten liggen bij het daadwerkelijk bieden van snelladen."
36881,'t Markvelt,EVnetNL,De Ronde Venen,ChIJ2_hyI6d1xkcRpiLkZwa7gE0,3.5,5,Mooi oplaadpunt! Laadsessie ging zoals gepland
36881,'t Markvelt,EVnetNL,De Ronde Venen,ChIJ2_hyI6d1xkcRpiLkZwa7gE0,3.5,3,"Na lang proberen om via de app te laden - zelfs staand in de regen - begon het uiteindelijk alleen via de interface van de lader zelf te laden. Ik kreeg geen korting en was 25 minuten bezig om het voor elkaar te krijgen. Toen het eindelijk op gang kwam, was de snelheid slechts rond de 100 kW. Wat een schande en oplichterij."
36860,Krekelmeent 17,Shell Recharge Solutions (BE),Hilversumse Meent,ChIJi_vQfxYTxkcRAV_kL8tfNFE,5.0,5,Mooie plek in de wijk
36846,Elemastraat 95,EVnetNL,Haarlemmermeer,ChIJNaLkGLfCxUcRV6aTW4pLJlg,1.0,1,"Helaas is nul sterren geen optie. Opladen met een ENBW-kaart uit Duitsland en met een creditcard werkt hier niet. Vreemd genoeg werkt het wel met alle andere providers... De app van de provider heeft een beoordeling van 1,0 uit 5 in de Google Play Store, wat alles al zegt."
36828,Den Ruygen Hoek-West,Shell Recharge Solutions (NL),Rijsenhout,ChIJdxp373ndxUcRTsE84VGGARY,4.0,3,"Niet druk (in tegenstelling tot het Fastned station 50 meter verderop). Ik was de enige die aan het laden was, maar dit ging erg traag. Na lange tijd kwam hij uiteindelijk op 66kW, dus de laadstop duurde langer dan gepland. De eerste paal die ik probeerde kwam niet boven de 48kW. Volgende keer toch maar aansluiten bij Fastned."
36828,Den Ruygen Hoek-West,Shell Recharge Solutions (NL),Rijsenhout,ChIJdxp373ndxUcRTsE84VGGARY,4.0,3,"Shell Recharge: tijd om op te laden? Blijkbaar geldt dat ook voor de laadpalen zelf! Hoewel ik de enige auto was, kwam ik niet verder dan 70 tot 120 kW op een paal die tot 175 kW zou moeten aankunnen. Shell, stap op het gas (nou ja, figuurlijk dan) en geef ons die volle power! Helaas duurde de pitstop hierdoor net wat langer dan gehoopt."
36828,Den Ruygen Hoek-West,Shell Recharge Solutions (NL),Rijsenhout,ChIJdxp373ndxUcRTsE84VGGARY,4.0,4,"Een prima locatie om je auto op te laden. Als je bijvoorbeeld op vakantie gaat en je auto op Schiphol weg wilt zetten, kun je er voor kiezen om hem hier even snel op te laden zodat je een volle accu hebt als je terug komt van vakantie. De bediening is vrij eenvoudig en wordt duidelijk op het display aangegeven. 1 laadstation heeft aan beide zijden een laatstekker. Ik begreep alleen niet waarom de ene blauw van kleur is, en de andere zwart. Zelf had ik de zwarte laadstekker gebruikt. Toch deed hij niet snelladen bij bij. Geen idee waar dat nou aan lag. Had ik misschien de blauwe laadstekker moeten gebruiken?"
36828,Den Ruygen Hoek-West,Shell Recharge Solutions (NL),Rijsenhout,ChIJdxp373ndxUcRTsE84VGGARY,4.0,5,"Vandaag supersnel geladen bij Shell station Den Ruygenhoek. Tijdens het laden de nieuwe shop naast de Starbucks bezocht.
Hier kom je dus niets te kort als je even moet wachten!"
36828,Den Ruygen Hoek-West,Shell Recharge Solutions (NL),Rijsenhout,ChIJdxp373ndxUcRTsE84VGGARY,4.0,3,In de spits wil iedereen een bakkie koffie halen. Maar goed dan gaan er helaas ook veel parkeren op een van de oplaadpunten zonder op te laden.
36814,Nachtschadestraat 17,EVnetNL,Haarlemmermeer,ChIJNaLkGLfCxUcRV6aTW4pLJlg,1.0,1,"Helaas is nul sterren geen optie. Opladen met een ENBW-kaart uit Duitsland en met een creditcard werkt hier niet. Vreemd genoeg werkt het wel met alle andere providers... De app van de provider heeft een beoordeling van 1,0 uit 5 in de Google Play Store, wat alles al zegt."
36782,Zand- en Jaagpad,EVnetNL,De Ronde Venen,ChIJ2_hyI6d1xkcRpiLkZwa7gE0,3.5,1,Helaas werd mijn laadpas niet herkend (laadpas van Arval lease) en was de helpdesk niet bereik. Er stond niemand te laden dus ik vraag me af of dit al wel helemaal operationeel is. Of is dit geen publiek laadpunt? Want langs de weg is geen aanduiding te vinden.
36782,Zand- en Jaagpad,EVnetNL,De Ronde Venen,ChIJ2_hyI6d1xkcRpiLkZwa7gE0,3.5,1,"Dit keer was vreselijk... iedere keer liep de oplaadsnelheid terug naar 0 of weinig, dus zeer lang gestaan ...."
36782,Zand- en Jaagpad,EVnetNL,De Ronde Venen,ChIJ2_hyI6d1xkcRpiLkZwa7gE0,3.5,1,"Waardeloos oplaadpunt. Maximum oplaadsnelheid was 2KW (!!!), ik heb meerdere punten geprobeerd. Ik sta nu bij Fastned en die laadt gewoon normaal op. Wel nog 1 ster omdat het oplaadpunt keihard Merry Christmas speelde, maar misschien zou de focus van deze aanbieder moeten liggen bij het daadwerkelijk bieden van snelladen."
36782,Zand- en Jaagpad,EVnetNL,De Ronde Venen,ChIJ2_hyI6d1xkcRpiLkZwa7gE0,3.5,5,Mooi oplaadpunt! Laadsessie ging zoals gepland
36782,Zand- en Jaagpad,EVnetNL,De Ronde Venen,ChIJ2_hyI6d1xkcRpiLkZwa7gE0,3.5,3,"Na lang proberen om via de app te laden - zelfs staand in de regen - begon het uiteindelijk alleen via de interface van de lader zelf te laden. Ik kreeg geen korting en was 25 minuten bezig om het voor elkaar te krijgen. Toen het eindelijk op gang kwam, was de snelheid slechts rond de 100 kW. Wat een schande en oplichterij."
36727,Larenseweg 136A,Shell Recharge Solutions (BE),Hilversum,ChIJtUgEUpdsxkcRhh7doCAgPCY,2.8,5,Deze charging station staat op het parkeerterrein van de Karwei achter slagbomen. Hierdoor buiten openingstijden van Karwei niet toegankelijk. Zie foto.
36727,Larenseweg 136A,Shell Recharge Solutions (BE),Hilversum,ChIJtUgEUpdsxkcRhh7doCAgPCY,2.8,1,"Het terrein is snachts niet toegankelijk,  hierdoor niet kunnen laden."
36727,Larenseweg 136A,Shell Recharge Solutions (BE),Hilversum,ChIJtUgEUpdsxkcRhh7doCAgPCY,2.8,1,Laadpaal niet toegankelijk
36727,Larenseweg 136A,Shell Recharge Solutions (BE),Hilversum,ChIJtUgEUpdsxkcRhh7doCAgPCY,2.8,2,"De laadpalen bevinden zich niet op de locatie die Google Maps aangeeft, maar op de parkeerplaats van de Karwei-winkel. Daar zijn ze alleen toegankelijk tijdens openingstijden, wat eerlijk gezegd een beetje onhandig is."
36724,Kangoeroelaan 4,EVBox,Hilversum,ChIJZfkU13trxkcRclKG9xrhXi0,5.0,5,"Fijne lader, lekker snel!"
36684,Nieuwe Havenweg 31,EVnetNL,Hilversum,ChIJHVpKgJlsxkcR5ts76xMDbrE,3.2,1,"Ik dacht m'n auto even snel op te laden tijdens een bezoekje aan de Gamma. Als ik terugkom lees ik ""kabel fout"" in het display. Lekker betrouwbaar...."
36684,Nieuwe Havenweg 31,EVnetNL,Hilversum,ChIJHVpKgJlsxkcR5ts76xMDbrE,3.2,4,Snel opladen
36666,Mussenstraat 49,Shell Recharge Solutions (BE),Hilversum,ChIJtUgEUpdsxkcRhh7doCAgPCY,2.8,5,Deze charging station staat op het parkeerterrein van de Karwei achter slagbomen. Hierdoor buiten openingstijden van Karwei niet toegankelijk. Zie foto.
36666,Mussenstraat 49,Shell Recharge Solutions (BE),Hilversum,ChIJtUgEUpdsxkcRhh7doCAgPCY,2.8,1,"Het terrein is snachts niet toegankelijk,  hierdoor niet kunnen laden."
36666,Mussenstraat 49,Shell Recharge Solutions (BE),Hilversum,ChIJtUgEUpdsxkcRhh7doCAgPCY,2.8,1,Laadpaal niet toegankelijk
36666,Mussenstraat 49,Shell Recharge Solutions (BE),Hilversum,ChIJtUgEUpdsxkcRhh7doCAgPCY,2.8,2,"De laadpalen bevinden zich niet op de locatie die Google Maps aangeeft, maar op de parkeerplaats van de Karwei-winkel. Daar zijn ze alleen toegankelijk tijdens openingstijden, wat eerlijk gezegd een beetje onhandig is."
36659,Rooseveltlaan 5,Shell Recharge Solutions (BE),Teylingen,ChIJ22VeFmrBxUcR45HijA8eYWA,1.0,1,Zit niks.
36650,Hermelijnlaan 9,EVBox,Hilversum,ChIJZfkU13trxkcRclKG9xrhXi0,5.0,5,"Fijne lader, lekker snel!"
36633,Franciscusweg 221,Shell Recharge Solutions (BE),Hilversum,ChIJtUgEUpdsxkcRhh7doCAgPCY,2.8,5,Deze charging station staat op het parkeerterrein van de Karwei achter slagbomen. Hierdoor buiten openingstijden van Karwei niet toegankelijk. Zie foto.
36633,Franciscusweg 221,Shell Recharge Solutions (BE),Hilversum,ChIJtUgEUpdsxkcRhh7doCAgPCY,2.8,1,"Het terrein is snachts niet toegankelijk,  hierdoor niet kunnen laden."
36633,Franciscusweg 221,Shell Recharge Solutions (BE),Hilversum,ChIJtUgEUpdsxkcRhh7doCAgPCY,2.8,1,Laadpaal niet toegankelijk
36633,Franciscusweg 221,Shell Recharge Solutions (BE),Hilversum,ChIJtUgEUpdsxkcRhh7doCAgPCY,2.8,2,"De laadpalen bevinden zich niet op de locatie die Google Maps aangeeft, maar op de parkeerplaats van de Karwei-winkel. Daar zijn ze alleen toegankelijk tijdens openingstijden, wat eerlijk gezegd een beetje onhandig is."
36627,Kerklaan,EVnetNL,De Ronde Venen,ChIJ2_hyI6d1xkcRpiLkZwa7gE0,3.5,1,Helaas werd mijn laadpas niet herkend (laadpas van Arval lease) en was de helpdesk niet bereik. Er stond niemand te laden dus ik vraag me af of dit al wel helemaal operationeel is. Of is dit geen publiek laadpunt? Want langs de weg is geen aanduiding te vinden.
36627,Kerklaan,EVnetNL,De Ronde Venen,ChIJ2_hyI6d1xkcRpiLkZwa7gE0,3.5,1,"Dit keer was vreselijk... iedere keer liep de oplaadsnelheid terug naar 0 of weinig, dus zeer lang gestaan ...."
36627,Kerklaan,EVnetNL,De Ronde Venen,ChIJ2_hyI6d1xkcRpiLkZwa7gE0,3.5,1,"Waardeloos oplaadpunt. Maximum oplaadsnelheid was 2KW (!!!), ik heb meerdere punten geprobeerd. Ik sta nu bij Fastned en die laadt gewoon normaal op. Wel nog 1 ster omdat het oplaadpunt keihard Merry Christmas speelde, maar misschien zou de focus van deze aanbieder moeten liggen bij het daadwerkelijk bieden van snelladen."
36627,Kerklaan,EVnetNL,De Ronde Venen,ChIJ2_hyI6d1xkcRpiLkZwa7gE0,3.5,5,Mooi oplaadpunt! Laadsessie ging zoals gepland
36627,Kerklaan,EVnetNL,De Ronde Venen,ChIJ2_hyI6d1xkcRpiLkZwa7gE0,3.5,3,"Na lang proberen om via de app te laden - zelfs staand in de regen - begon het uiteindelijk alleen via de interface van de lader zelf te laden. Ik kreeg geen korting en was 25 minuten bezig om het voor elkaar te krijgen. Toen het eindelijk op gang kwam, was de snelheid slechts rond de 100 kW. Wat een schande en oplichterij."
36617,Warmonderweg,Shell Recharge Solutions (BE),Teylingen,ChIJ22VeFmrBxUcR45HijA8eYWA,1.0,1,Zit niks.
36612,Noordduinseweg 3T,EVnetNL,Katwijk,ChIJy0CABdq_xUcRoJqsGu7vTZY,2.5,1,"Laagste punt van de parkeerplaats, staat na regen altijd onder water. Tevens is een van de twee aansluitingen defect of heeft storing."
36612,Noordduinseweg 3T,EVnetNL,Katwijk,ChIJy0CABdq_xUcRoJqsGu7vTZY,2.5,1,"Let op, ook betalen voor parkeren, werkt niet met RFID kaart"
36612,Noordduinseweg 3T,EVnetNL,Katwijk,ChIJy0CABdq_xUcRoJqsGu7vTZY,2.5,2,Laden alleen mogelijk met app van Smoov
36612,Noordduinseweg 3T,EVnetNL,Katwijk,ChIJy0CABdq_xUcRoJqsGu7vTZY,2.5,4,"Got car to charge with a RFID charge pass by waving it infront of the black rectangle in the front, any former markings have worn off.

...figuring this out took me back nostalgia lane, playing Duke Nukem 3D pushing all the walls hoping to find a secret doorway"
36612,Noordduinseweg 3T,EVnetNL,Katwijk,ChIJy0CABdq_xUcRoJqsGu7vTZY,2.5,1,Ik kon niet opladen.
36611,Wattstraat 36,Shell Recharge Solutions (BE),Teylingen,ChIJ22VeFmrBxUcR45HijA8eYWA,1.0,1,Zit niks.
36607,Graaf Florishof 7,Shell Recharge Solutions (BE),Stichtse Vecht,ChIJ5xun0cRzxkcRJMfviNQ82II,4.2,1,"Werkt niet, alle palen weigeren dienst, 6/12/23 11800. Ze staan wel aan, maar ccepteren geen laadpas, maar ook geen andere betaalmiddelen. Alles geeft een foutmelding, voor iedereen en op alle palen.. Service nummer door diverse mensen gebeld, daar wordt alleen gezegd: we resetten hem, dan werkt het zo weer"". Maar er gebeurt niets, en verder lijkt het Shell het allemaal niet zo serieus te nemen. Veel mensen met te weinig charge om de volgende sbellader te kunnen bereiken.  Gelukkig een andere laadpaal van Fastned op dit parkeerterrein, met 2 plekken. Het grote Fastbed station is hier dich, maar reken dus niet op Shell! om te zorgen dat je kunt laden. Het is echt altjjd iets met Shell recharge stations."
36607,Graaf Florishof 7,Shell Recharge Solutions (BE),Stichtse Vecht,ChIJ5xun0cRzxkcRJMfviNQ82II,4.2,4,Ga eerst naar toilet en ontvang voucher 80 eurocent!
36607,Graaf Florishof 7,Shell Recharge Solutions (BE),Stichtse Vecht,ChIJ5xun0cRzxkcRJMfviNQ82II,4.2,5,"Super fijn om snel te kunnen laden. Voor nu nog genoeg laders... maar er zullen snel meerderen moeten komen, denk ik"
36607,Graaf Florishof 7,Shell Recharge Solutions (BE),Stichtse Vecht,ChIJ5xun0cRzxkcRJMfviNQ82II,4.2,4,Prima laadpunt alleen de 2e paal werkt niet (paslezer geeft een fout)
36607,Graaf Florishof 7,Shell Recharge Solutions (BE),Stichtse Vecht,ChIJ5xun0cRzxkcRJMfviNQ82II,4.2,5,Netjes en schoon plek om jouw voertuig op te laden
36600,Rijksstraatweg 104,EVnetNL,Stichtse Vecht,ChIJyZrXcdVzxkcRaKs9yJnFHW4,4.0,5,"Prima plaats om op te laden. Snel, maximaal 150 kwh (bij gebruik van 1 auto)."
36600,Rijksstraatweg 104,EVnetNL,Stichtse Vecht,ChIJyZrXcdVzxkcRaKs9yJnFHW4,4.0,4,Makkelijk te gebruiken met een oplaadkaart. Perfect om even een kopje koffie te halen.
36600,Rijksstraatweg 104,EVnetNL,Stichtse Vecht,ChIJyZrXcdVzxkcRaKs9yJnFHW4,4.0,5,"Een ideale, veilige en schone oplaadlocatie, pal naast je ijs- of koffiezaak."
36600,Rijksstraatweg 104,EVnetNL,Stichtse Vecht,ChIJyZrXcdVzxkcRaKs9yJnFHW4,4.0,5,Prima laadstation bij McDonald's. Snel opladen. Betrouwbaar.
36596,Stationsweg,EVnetNL,De Ronde Venen,ChIJB8UjPLt1xkcRHBmIRUeKi6k,3.0,1,Veel storingen en vaak moet ik het laden 2/3 keer opnieuw starten voordat er wat gebeurd.
36596,Stationsweg,EVnetNL,De Ronde Venen,ChIJB8UjPLt1xkcRHBmIRUeKi6k,3.0,5,"Enige snellader in Mijdrecht, top!"
36590,Croonstadtlaan 10,EVnetNL,De Ronde Venen,ChIJB8UjPLt1xkcRHBmIRUeKi6k,3.0,1,Veel storingen en vaak moet ik het laden 2/3 keer opnieuw starten voordat er wat gebeurd.
36590,Croonstadtlaan 10,EVnetNL,De Ronde Venen,ChIJB8UjPLt1xkcRHBmIRUeKi6k,3.0,5,"Enige snellader in Mijdrecht, top!"
36586,Rijksstraatweg 24,Shell Recharge Solutions (BE),Teylingen,ChIJ22VeFmrBxUcR45HijA8eYWA,1.0,1,Zit niks.
36581,Loosdrechtse Bos 7-N2,EVBox,Hilversum,ChIJZfkU13trxkcRclKG9xrhXi0,5.0,5,"Fijne lader, lekker snel!"
36574,Merelslag 27,EVnetNL,De Ronde Venen,ChIJ2_hyI6d1xkcRpiLkZwa7gE0,3.5,1,Helaas werd mijn laadpas niet herkend (laadpas van Arval lease) en was de helpdesk niet bereik. Er stond niemand te laden dus ik vraag me af of dit al wel helemaal operationeel is. Of is dit geen publiek laadpunt? Want langs de weg is geen aanduiding te vinden.
36574,Merelslag 27,EVnetNL,De Ronde Venen,ChIJ2_hyI6d1xkcRpiLkZwa7gE0,3.5,1,"Dit keer was vreselijk... iedere keer liep de oplaadsnelheid terug naar 0 of weinig, dus zeer lang gestaan ...."
36574,Merelslag 27,EVnetNL,De Ronde Venen,ChIJ2_hyI6d1xkcRpiLkZwa7gE0,3.5,1,"Waardeloos oplaadpunt. Maximum oplaadsnelheid was 2KW (!!!), ik heb meerdere punten geprobeerd. Ik sta nu bij Fastned en die laadt gewoon normaal op. Wel nog 1 ster omdat het oplaadpunt keihard Merry Christmas speelde, maar misschien zou de focus van deze aanbieder moeten liggen bij het daadwerkelijk bieden van snelladen."
36574,Merelslag 27,EVnetNL,De Ronde Venen,ChIJ2_hyI6d1xkcRpiLkZwa7gE0,3.5,5,Mooi oplaadpunt! Laadsessie ging zoals gepland
36574,Merelslag 27,EVnetNL,De Ronde Venen,ChIJ2_hyI6d1xkcRpiLkZwa7gE0,3.5,3,"Na lang proberen om via de app te laden - zelfs staand in de regen - begon het uiteindelijk alleen via de interface van de lader zelf te laden. Ik kreeg geen korting en was 25 minuten bezig om het voor elkaar te krijgen. Toen het eindelijk op gang kwam, was de snelheid slechts rond de 100 kW. Wat een schande en oplichterij."
36573,Wethouder van Damlaan 62,EVnetNL,De Ronde Venen,ChIJB8UjPLt1xkcRHBmIRUeKi6k,3.0,1,Veel storingen en vaak moet ik het laden 2/3 keer opnieuw starten voordat er wat gebeurd.
36573,Wethouder van Damlaan 62,EVnetNL,De Ronde Venen,ChIJB8UjPLt1xkcRHBmIRUeKi6k,3.0,5,"Enige snellader in Mijdrecht, top!"
36566,Vossestaart 46,EVnetNL,De Ronde Venen,ChIJB8UjPLt1xkcRHBmIRUeKi6k,3.0,1,Veel storingen en vaak moet ik het laden 2/3 keer opnieuw starten voordat er wat gebeurd.
36566,Vossestaart 46,EVnetNL,De Ronde Venen,ChIJB8UjPLt1xkcRHBmIRUeKi6k,3.0,5,"Enige snellader in Mijdrecht, top!"
36563,Molmlaan 15,EVnetNL,De Ronde Venen,ChIJB8UjPLt1xkcRHBmIRUeKi6k,3.0,1,Veel storingen en vaak moet ik het laden 2/3 keer opnieuw starten voordat er wat gebeurd.
36563,Molmlaan 15,EVnetNL,De Ronde Venen,ChIJB8UjPLt1xkcRHBmIRUeKi6k,3.0,5,"Enige snellader in Mijdrecht, top!"
36554,Gerrit Rietveldlaan 79,EVnetNL,Oegstgeest,ChIJq-s16inBxUcRMm88BmEUCaY,4.3,1,"Ze zeggen dat de snelheid van opladen afhankelijk is van de auto, ik zeg dat dit soms niet klopt en dat is bij deze fastned het geval.
Veel te vaak kom ik niet verder dan 50KW. Terwijl ik bij andere in de zelfde straal gewoon hogere oplaad snelheden haal."
36554,Gerrit Rietveldlaan 79,EVnetNL,Oegstgeest,ChIJq-s16inBxUcRMm88BmEUCaY,4.3,3,Het was niet duidelijk hoe het werkte met name omdat toen het eindelijk wel werkte het startscherm weer verscheen met wat je moet doen om te starten. Dit was de eerste keer dus zal de volgende keer duidelijker zijn.
36554,Gerrit Rietveldlaan 79,EVnetNL,Oegstgeest,ChIJq-s16inBxUcRMm88BmEUCaY,4.3,5,"Even een update. Snelladers zijn inmiddels vervangen door 300kW laders en draaien nu op topsnelheid. Werken perfect!

—

Werkt prima maar met max 50kW eigenlijk te ‘traag’."
36554,Gerrit Rietveldlaan 79,EVnetNL,Oegstgeest,ChIJq-s16inBxUcRMm88BmEUCaY,4.3,2,Dit laadstation zegt 4x 300kw en 4x150kw te kunnen laden. Bij de Tesla supercharger haal ik regelmatig >200kw maar hier haal je max 90kw. Nu sta ik alleen om 23:00 en 68kw lever vermogen. Beetje jammer als je de Tesla stations gewend bent en niet onnodig lang wilt laden.
36554,Gerrit Rietveldlaan 79,EVnetNL,Oegstgeest,ChIJq-s16inBxUcRMm88BmEUCaY,4.3,3,Vlakbij een mcdonalds die is 5 min vandaan ga altijd eerst langs mac dan naar hier. Rustgevend. Alleen die apparaten met 1 lader eraan mogen jullie echt vervangen. Zovaak gezeik met die en niet alleen bij jullie elke fastned.
36543,Tjalk 27,Shell Recharge Solutions (BE),Wijdemeren,ChIJtTQ0DGZsxkcRQmqtSR9ecHM,3.0,3,"Staan bijna nooit auto’s, de meeste mensen in deze omgeving hebben een eigen oprit en laadpaal. Laten we maar denken een blik op de toekomst. Heel de prinsessen buurt ligt op de schop en er worden veel nieuwe parkeerplaatsen gerealiseerd maar geen laadpalen."
36537,Veenderveld 43i,Shell Recharge Solutions (NL),Kaag en Braassem,ChIJ6XGmWkPExUcRyAqoc6iV3XI,3.4,5,"Mooie kleine laadlocatie, met twee laadpalen van max 160kw, aan de snelweg A4. Bij het tankstation kun je prima terecht voor een broodje en/of sanitaire stop. En direct naast het laadstation zit een Starbucks voor een heerlijke koffie. Goed om te weten; aan de andere kant van het tankstation zit ook nog een Fastned met meerdere laadpalen!"
36537,Veenderveld 43i,Shell Recharge Solutions (NL),Kaag en Braassem,ChIJ6XGmWkPExUcRyAqoc6iV3XI,3.4,2,"Twee shell EV laadpunten, beiden waren kapot op 1e kerstdag! De ene melde in het scherm ""excuses voor de overlast"", de andere bleek niet te werken; Na 5 keer opnieuw proberen bleef die mijn auto maar de schuld geven. Stukje verder was gelukkig nog een fastned plek, maar doordat de shell palen stuk waren was 't hier extra druk, en moesten we wachten tot er weer een poort vrij was. Helaas is ook hier de inrichting dermate onhandig dat wachten vrijwel onmogelijk is zonder al het verkeer te hinderen, en keren is sowieso niet te doen. Welke gek dit zo heeft ontworpen is mij een raadsel, maar het deugt niet; Paar parkeerplekjes minder en de laders iets meer ruimte geven en het is OK, maar de fastned locaties die dat begrepen hebben zijn voor heel NL op 1 hand te tellen. De EV-bezitter lijkt ook hier weer te worden weggemoffeld als 'n soort minder volk. Oh ja, en niet iedere EV is een tesla of een smart!"
36537,Veenderveld 43i,Shell Recharge Solutions (NL),Kaag en Braassem,ChIJ6XGmWkPExUcRyAqoc6iV3XI,3.4,3,"Prima laadpalen, maar staan slecht aangegeven. Als je de borden voor elektrisch laden volgt komt je uit bij Fastned. De laadpalen bevinden zich net na het tankstation, dus die moet je volgen (links aanhouden)."
36537,Veenderveld 43i,Shell Recharge Solutions (NL),Kaag en Braassem,ChIJ6XGmWkPExUcRyAqoc6iV3XI,3.4,1,Toiletbezoek met Rabobankcard lukt al tijden niet. Best lastig met hoge nood. Beetje jammer…..
36537,Veenderveld 43i,Shell Recharge Solutions (NL),Kaag en Braassem,ChIJ6XGmWkPExUcRyAqoc6iV3XI,3.4,5,"Inpluggen, straat oversteken naar Starbucks en een koffietje halen en dan door. Top plek voor een top-up"
36528,Queridolaan 23,EVnetNL,Oegstgeest,ChIJq-s16inBxUcRMm88BmEUCaY,4.3,1,"Ze zeggen dat de snelheid van opladen afhankelijk is van de auto, ik zeg dat dit soms niet klopt en dat is bij deze fastned het geval.
Veel te vaak kom ik niet verder dan 50KW. Terwijl ik bij andere in de zelfde straal gewoon hogere oplaad snelheden haal."
36528,Queridolaan 23,EVnetNL,Oegstgeest,ChIJq-s16inBxUcRMm88BmEUCaY,4.3,3,Het was niet duidelijk hoe het werkte met name omdat toen het eindelijk wel werkte het startscherm weer verscheen met wat je moet doen om te starten. Dit was de eerste keer dus zal de volgende keer duidelijker zijn.
36528,Queridolaan 23,EVnetNL,Oegstgeest,ChIJq-s16inBxUcRMm88BmEUCaY,4.3,5,"Even een update. Snelladers zijn inmiddels vervangen door 300kW laders en draaien nu op topsnelheid. Werken perfect!

—

Werkt prima maar met max 50kW eigenlijk te ‘traag’."
36528,Queridolaan 23,EVnetNL,Oegstgeest,ChIJq-s16inBxUcRMm88BmEUCaY,4.3,2,Dit laadstation zegt 4x 300kw en 4x150kw te kunnen laden. Bij de Tesla supercharger haal ik regelmatig >200kw maar hier haal je max 90kw. Nu sta ik alleen om 23:00 en 68kw lever vermogen. Beetje jammer als je de Tesla stations gewend bent en niet onnodig lang wilt laden.
36528,Queridolaan 23,EVnetNL,Oegstgeest,ChIJq-s16inBxUcRMm88BmEUCaY,4.3,3,Vlakbij een mcdonalds die is 5 min vandaan ga altijd eerst langs mac dan naar hier. Rustgevend. Alleen die apparaten met 1 lader eraan mogen jullie echt vervangen. Zovaak gezeik met die en niet alleen bij jullie elke fastned.
36499,Scheendijk 15-1,EVnetNL,Stichtse Vecht,ChIJyZrXcdVzxkcRaKs9yJnFHW4,4.0,5,"Prima plaats om op te laden. Snel, maximaal 150 kwh (bij gebruik van 1 auto)."
36499,Scheendijk 15-1,EVnetNL,Stichtse Vecht,ChIJyZrXcdVzxkcRaKs9yJnFHW4,4.0,4,Makkelijk te gebruiken met een oplaadkaart. Perfect om even een kopje koffie te halen.
36499,Scheendijk 15-1,EVnetNL,Stichtse Vecht,ChIJyZrXcdVzxkcRaKs9yJnFHW4,4.0,5,"Een ideale, veilige en schone oplaadlocatie, pal naast je ijs- of koffiezaak."
36499,Scheendijk 15-1,EVnetNL,Stichtse Vecht,ChIJyZrXcdVzxkcRaKs9yJnFHW4,4.0,5,Prima laadstation bij McDonald's. Snel opladen. Betrouwbaar.
36467,Markt,EVnetNL,Stichtse Vecht,ChIJyZrXcdVzxkcRaKs9yJnFHW4,4.0,5,"Prima plaats om op te laden. Snel, maximaal 150 kwh (bij gebruik van 1 auto)."
36467,Markt,EVnetNL,Stichtse Vecht,ChIJyZrXcdVzxkcRaKs9yJnFHW4,4.0,4,Makkelijk te gebruiken met een oplaadkaart. Perfect om even een kopje koffie te halen.
36467,Markt,EVnetNL,Stichtse Vecht,ChIJyZrXcdVzxkcRaKs9yJnFHW4,4.0,5,"Een ideale, veilige en schone oplaadlocatie, pal naast je ijs- of koffiezaak."
36467,Markt,EVnetNL,Stichtse Vecht,ChIJyZrXcdVzxkcRaKs9yJnFHW4,4.0,5,Prima laadstation bij McDonald's. Snel opladen. Betrouwbaar.
36421,Persant Snoepweg,Shell Recharge Solutions (BE),Leiderdorp,ChIJ6XGmWkPExUcRyAqoc6iV3XI,3.4,5,"Mooie kleine laadlocatie, met twee laadpalen van max 160kw, aan de snelweg A4. Bij het tankstation kun je prima terecht voor een broodje en/of sanitaire stop. En direct naast het laadstation zit een Starbucks voor een heerlijke koffie. Goed om te weten; aan de andere kant van het tankstation zit ook nog een Fastned met meerdere laadpalen!"
36421,Persant Snoepweg,Shell Recharge Solutions (BE),Leiderdorp,ChIJ6XGmWkPExUcRyAqoc6iV3XI,3.4,2,"Twee shell EV laadpunten, beiden waren kapot op 1e kerstdag! De ene melde in het scherm ""excuses voor de overlast"", de andere bleek niet te werken; Na 5 keer opnieuw proberen bleef die mijn auto maar de schuld geven. Stukje verder was gelukkig nog een fastned plek, maar doordat de shell palen stuk waren was 't hier extra druk, en moesten we wachten tot er weer een poort vrij was. Helaas is ook hier de inrichting dermate onhandig dat wachten vrijwel onmogelijk is zonder al het verkeer te hinderen, en keren is sowieso niet te doen. Welke gek dit zo heeft ontworpen is mij een raadsel, maar het deugt niet; Paar parkeerplekjes minder en de laders iets meer ruimte geven en het is OK, maar de fastned locaties die dat begrepen hebben zijn voor heel NL op 1 hand te tellen. De EV-bezitter lijkt ook hier weer te worden weggemoffeld als 'n soort minder volk. Oh ja, en niet iedere EV is een tesla of een smart!"
36421,Persant Snoepweg,Shell Recharge Solutions (BE),Leiderdorp,ChIJ6XGmWkPExUcRyAqoc6iV3XI,3.4,3,"Prima laadpalen, maar staan slecht aangegeven. Als je de borden voor elektrisch laden volgt komt je uit bij Fastned. De laadpalen bevinden zich net na het tankstation, dus die moet je volgen (links aanhouden)."
36421,Persant Snoepweg,Shell Recharge Solutions (BE),Leiderdorp,ChIJ6XGmWkPExUcRyAqoc6iV3XI,3.4,1,Toiletbezoek met Rabobankcard lukt al tijden niet. Best lastig met hoge nood. Beetje jammer…..
36421,Persant Snoepweg,Shell Recharge Solutions (BE),Leiderdorp,ChIJ6XGmWkPExUcRyAqoc6iV3XI,3.4,5,"Inpluggen, straat oversteken naar Starbucks en een koffietje halen en dan door. Top plek voor een top-up"
36397,Sperwerlaan 1,Shell Recharge Solutions (BE),De Bilt,ChIJEcadqPNoxkcRdwXOsvMF58c,4.0,4,Mooie ruime kerkgebouw met een enthousiaste gemeente
36393,Willem-Alexanderlaan,EVnetNL,Leiderdorp,ChIJcdNbIETExUcRFWT3efOo8Gc,3.6,1,Geen cademo
36393,Willem-Alexanderlaan,EVnetNL,Leiderdorp,ChIJcdNbIETExUcRFWT3efOo8Gc,3.6,1,Absoluut WAARDELOOS station. Pas na 3 pogingen lukte het laden. Wel traag met 50 kW terwijl ik bij een 300 kW lader stond. Zeker 4 andere auto's die op dat tijdstip ook hier probeerden te laden kregen ook geen contact met de laadpaal. Ze probeerden alle vrije laadpalen. Kansloos!
36393,Willem-Alexanderlaan,EVnetNL,Leiderdorp,ChIJcdNbIETExUcRFWT3efOo8Gc,3.6,1,43kW opladen werkt niet
36393,Willem-Alexanderlaan,EVnetNL,Leiderdorp,ChIJcdNbIETExUcRFWT3efOo8Gc,3.6,4,Werkt goed en snel
36391,Fuut 11,Shell Recharge Solutions (BE),Stichtse Vecht,ChIJbTyoULtxxkcRmVg3d0VwDTw,2.7,2,"Gasten, aub ik bestel een broodje roomkaas. Ben je onderweg en je opent een broodje met een halve groentetuin erop met rucola, ui en amper roomkaas. Teleurstelling en smerig zeg... Zo uit het raam geflikkerd. Meteen laatste keer dus"
36391,Fuut 11,Shell Recharge Solutions (BE),Stichtse Vecht,ChIJbTyoULtxxkcRmVg3d0VwDTw,2.7,1,"Geweldig, met vlaggen enal… behalve dat de laders (tijdelijk? denk het niet als ik de reviews hier bekijk…) niet werken. Achteraan een fastned waar men stond aan te schuiven. Dan maar doorgereden."
36391,Fuut 11,Shell Recharge Solutions (BE),Stichtse Vecht,ChIJbTyoULtxxkcRmVg3d0VwDTw,2.7,1,"Erg fijn dat Shell nu zelf ook snelladers heeft, goed aangegeven op de bewegwijzering. Maar je komt bij dit Shell station van een koude kermis thuis... Vanavond waren beide snelladers van dit Shell station buiten gebruik. Echt top want zonder tegen het verkeer in te rijden kom je ook niet bij de Fastned bij dit station waar alle andere EV rijders stonden te wachten die graag bij dit Shell station even hadden willen snelladen. ( dit Fastned station heeft maar 2 snelladers )
Vervelend dat er een storing is Shell, maar pas dan 1 je website aan en zet ze op niet beschikbaar. 2 pas de bewegwijzering op de locatie zelf aan!"
36391,Fuut 11,Shell Recharge Solutions (BE),Stichtse Vecht,ChIJbTyoULtxxkcRmVg3d0VwDTw,2.7,1,"Werken alle vier niet!

Ik gebruik geen FB, dus lastig contact opnemen. Maar de klacht is duidelijk toch? Zorg dat ze werken en niet zijn afgekruist met lint. Of haal ze uit apps en van Google Maps."
36391,Fuut 11,Shell Recharge Solutions (BE),Stichtse Vecht,ChIJbTyoULtxxkcRmVg3d0VwDTw,2.7,1,Beide palen werkten niet afgelopen zaterdagavond. Gelukkig zit er ook een (kleine) Fastned! Gebruik die vooral want dit was wederom waardeloos van Shell.
36388,Prinsenlaan 19,Shell Recharge Solutions (BE),De Bilt,ChIJEcadqPNoxkcRdwXOsvMF58c,4.0,4,Mooie ruime kerkgebouw met een enthousiaste gemeente
36363,Bevrijdingsplein,EVBox,Leiden,ChIJ8aKCHOTGxUcRz6vEhdhRSdU,3.0,2,Werken niet
36363,Bevrijdingsplein,EVBox,Leiden,ChIJ8aKCHOTGxUcRz6vEhdhRSdU,3.0,2,"Gunstige locatie bij een bezoek aan Naturalis.

Maar... ook behoorlijk duur. Wij betaalden 2 euro per kWh."
36344,Kloosterland,EVnetNL,Wassenaar,ChIJuf9w4GC4xUcRWS0R0ybcy04,1.8,1,"je zou je toch moeten schamen Duinrel €1,41 per KWh"
36344,Kloosterland,EVnetNL,Wassenaar,ChIJuf9w4GC4xUcRWS0R0ybcy04,1.8,1,Veel te duur. Heel jammer dit. Kost al genoeg hier allemaal
36344,Kloosterland,EVnetNL,Wassenaar,ChIJuf9w4GC4xUcRWS0R0ybcy04,1.8,1,"E1,41 per kw... zeer onredelijk."
36344,Kloosterland,EVnetNL,Wassenaar,ChIJuf9w4GC4xUcRWS0R0ybcy04,1.8,4,"Opladen werkte perfect. Shell Recharge Card. Beetje een gok, want hij wordt veel gebruikt. Al met al had ik graag meer opladers gehad, daarom maar 4 sterren."
36344,Kloosterland,EVnetNL,Wassenaar,ChIJuf9w4GC4xUcRWS0R0ybcy04,1.8,3,"De enige elektrische laadpaal die op het hele park beschikbaar is. Er zijn twee laadpalen. De plek is een beetje vreemd geplaatst achter de winkels, restaurants en bars op het kampeerterrein van Duinrell. Je moet op het park overnachten om deze laadpaal te kunnen gebruiken, hij is niet te gebruiken als je er maar één dag bent. De gereserveerde plaatsen bevinden zich voor een garagedeur, wat een beetje vreemd aanvoelt. De plek het dichtst bij het gebouw vereist een lange laadkabel om je laadpunt te bereiken als je die aan de achterkant hebt, zoals bij Tesla. Het receptiepersoneel vertelde me dat de laadkosten voor deze elektrische laadpaal belachelijk hoog zijn en adviseerde me om in plaats daarvan langs de straat voor Duinrell te laden. Deze laadpaal staat niet vermeld bij de laadpalen die ik heb gecontroleerd, dus ik heb geen idee wat het me heeft gekost. Ik denk dat ik het wel te weten kom als de rekening binnenkomt. Wees in ieder geval gewaarschuwd, als het personeel dit zelf al heeft vermeld."
36337,De Savornin Lohmanplantsoen 43,Shell Recharge Solutions (BE),Voorschoten,ChIJ__-TIUzGxUcRSca7wxsiE7o,3.7,5,Snelle opladers. Ziet er wel een beetje rommelig uit maar het werkt prima. Parkeerplek naast de lader is matig.
36335,Lange Kerkdam 9,EVnetNL,Wassenaar,ChIJuf9w4GC4xUcRWS0R0ybcy04,1.8,1,"je zou je toch moeten schamen Duinrel €1,41 per KWh"
36335,Lange Kerkdam 9,EVnetNL,Wassenaar,ChIJuf9w4GC4xUcRWS0R0ybcy04,1.8,1,Veel te duur. Heel jammer dit. Kost al genoeg hier allemaal
36335,Lange Kerkdam 9,EVnetNL,Wassenaar,ChIJuf9w4GC4xUcRWS0R0ybcy04,1.8,1,"E1,41 per kw... zeer onredelijk."
36335,Lange Kerkdam 9,EVnetNL,Wassenaar,ChIJuf9w4GC4xUcRWS0R0ybcy04,1.8,4,"Opladen werkte perfect. Shell Recharge Card. Beetje een gok, want hij wordt veel gebruikt. Al met al had ik graag meer opladers gehad, daarom maar 4 sterren."
36335,Lange Kerkdam 9,EVnetNL,Wassenaar,ChIJuf9w4GC4xUcRWS0R0ybcy04,1.8,3,"De enige elektrische laadpaal die op het hele park beschikbaar is. Er zijn twee laadpalen. De plek is een beetje vreemd geplaatst achter de winkels, restaurants en bars op het kampeerterrein van Duinrell. Je moet op het park overnachten om deze laadpaal te kunnen gebruiken, hij is niet te gebruiken als je er maar één dag bent. De gereserveerde plaatsen bevinden zich voor een garagedeur, wat een beetje vreemd aanvoelt. De plek het dichtst bij het gebouw vereist een lange laadkabel om je laadpunt te bereiken als je die aan de achterkant hebt, zoals bij Tesla. Het receptiepersoneel vertelde me dat de laadkosten voor deze elektrische laadpaal belachelijk hoog zijn en adviseerde me om in plaats daarvan langs de straat voor Duinrell te laden. Deze laadpaal staat niet vermeld bij de laadpalen die ik heb gecontroleerd, dus ik heb geen idee wat het me heeft gekost. Ik denk dat ik het wel te weten kom als de rekening binnenkomt. Wees in ieder geval gewaarschuwd, als het personeel dit zelf al heeft vermeld."
36311,Bisonspoor 1235,EVnetNL,Maarssenbroek,ChIJRajfQNBxxkcRwI5sMGpXiqQ,3.0,4,"Zoals op de foto te zien is, is het een laadstation voor elektrische auto's. Ik geef het 4 sterren. Het werkt waarschijnlijk en doet zijn werk, maar ik krijg één ster minder omdat het een beetje vies is."
36278,Computerweg,Shell Recharge Solutions (BE),Utrecht,ChIJxcuA_9RvxkcRT_qk7LlxH4Q,3.4,4,"Lader werkt goed, alleen beetje krappe ruimte om met 2 auto's te laden."
36278,Computerweg,Shell Recharge Solutions (BE),Utrecht,ChIJxcuA_9RvxkcRT_qk7LlxH4Q,3.4,5,"Schoon, inclusief handschoenen"
36278,Computerweg,Shell Recharge Solutions (BE),Utrecht,ChIJxcuA_9RvxkcRT_qk7LlxH4Q,3.4,1,Maar 2 laders en daar is er 1 van kapot. Zo te zien al erg lang...
36278,Computerweg,Shell Recharge Solutions (BE),Utrecht,ChIJxcuA_9RvxkcRT_qk7LlxH4Q,3.4,5,"Super netjes, top laders"
36278,Computerweg,Shell Recharge Solutions (BE),Utrecht,ChIJxcuA_9RvxkcRT_qk7LlxH4Q,3.4,1,"Beide laders werken niet (5 mei, 2024)"
36270,J. Keplerweg 8,Shell Recharge Solutions (BE),Alphen aan den Rijn,ChIJeU4w9BvbxUcR7I8b12cK5R4,3.7,2,Vaak een paal van de twee defect. Vandaag is één paal defect en de andere paal start niet op na de betalingsmethode te hebben geaccepteerd. Zegt direct dat de sessie is gestopt.
36270,J. Keplerweg 8,Shell Recharge Solutions (BE),Alphen aan den Rijn,ChIJeU4w9BvbxUcR7I8b12cK5R4,3.7,2,Met enige regelmaat dat een van de twee het niet meer doet. Nu vandaag werkte het scherm van de andere ook niet meer dus kon niet meer snel laden. Zelfs met support gebeld en er niet uitgekomen. In het vervolg zou het beter zijn de actuele status door te kunnen geven dat het hele snel laad station niet werkt
36270,J. Keplerweg 8,Shell Recharge Solutions (BE),Alphen aan den Rijn,ChIJeU4w9BvbxUcR7I8b12cK5R4,3.7,1,1 van de laadpalen is volgens mij al meer dan een maand defect en het is natuurlijk belachelijk dat er geen toilet beschikbaar is!
36270,J. Keplerweg 8,Shell Recharge Solutions (BE),Alphen aan den Rijn,ChIJeU4w9BvbxUcR7I8b12cK5R4,3.7,3,Tanken op dit moment is wat zuiniger hier alleen er is geen toilet helaas maar wel redelijk goedkopere koffie Haha 😜
36270,J. Keplerweg 8,Shell Recharge Solutions (BE),Alphen aan den Rijn,ChIJeU4w9BvbxUcR7I8b12cK5R4,3.7,4,Zo weer volle bak.
36252,Rosmolen 102,EVnetNL,Alphen aan den Rijn,ChIJeU4w9BvbxUcR7I8b12cK5R4,3.7,2,Vaak een paal van de twee defect. Vandaag is één paal defect en de andere paal start niet op na de betalingsmethode te hebben geaccepteerd. Zegt direct dat de sessie is gestopt.
36252,Rosmolen 102,EVnetNL,Alphen aan den Rijn,ChIJeU4w9BvbxUcR7I8b12cK5R4,3.7,2,Met enige regelmaat dat een van de twee het niet meer doet. Nu vandaag werkte het scherm van de andere ook niet meer dus kon niet meer snel laden. Zelfs met support gebeld en er niet uitgekomen. In het vervolg zou het beter zijn de actuele status door te kunnen geven dat het hele snel laad station niet werkt
36252,Rosmolen 102,EVnetNL,Alphen aan den Rijn,ChIJeU4w9BvbxUcR7I8b12cK5R4,3.7,1,1 van de laadpalen is volgens mij al meer dan een maand defect en het is natuurlijk belachelijk dat er geen toilet beschikbaar is!
36252,Rosmolen 102,EVnetNL,Alphen aan den Rijn,ChIJeU4w9BvbxUcR7I8b12cK5R4,3.7,3,Tanken op dit moment is wat zuiniger hier alleen er is geen toilet helaas maar wel redelijk goedkopere koffie Haha 😜
36252,Rosmolen 102,EVnetNL,Alphen aan den Rijn,ChIJeU4w9BvbxUcR7I8b12cK5R4,3.7,4,Zo weer volle bak.
36250,Floraweg 25,Shell Recharge Solutions (BE),Utrecht,ChIJxcuA_9RvxkcRT_qk7LlxH4Q,3.4,4,"Lader werkt goed, alleen beetje krappe ruimte om met 2 auto's te laden."
36250,Floraweg 25,Shell Recharge Solutions (BE),Utrecht,ChIJxcuA_9RvxkcRT_qk7LlxH4Q,3.4,5,"Schoon, inclusief handschoenen"
36250,Floraweg 25,Shell Recharge Solutions (BE),Utrecht,ChIJxcuA_9RvxkcRT_qk7LlxH4Q,3.4,1,Maar 2 laders en daar is er 1 van kapot. Zo te zien al erg lang...
36250,Floraweg 25,Shell Recharge Solutions (BE),Utrecht,ChIJxcuA_9RvxkcRT_qk7LlxH4Q,3.4,5,"Super netjes, top laders"
36250,Floraweg 25,Shell Recharge Solutions (BE),Utrecht,ChIJxcuA_9RvxkcRT_qk7LlxH4Q,3.4,1,"Beide laders werken niet (5 mei, 2024)"
36246,Nepalstraat 47,Shell Recharge Solutions (BE),Alphen aan den Rijn,ChIJeU4w9BvbxUcR7I8b12cK5R4,3.7,2,Vaak een paal van de twee defect. Vandaag is één paal defect en de andere paal start niet op na de betalingsmethode te hebben geaccepteerd. Zegt direct dat de sessie is gestopt.
36246,Nepalstraat 47,Shell Recharge Solutions (BE),Alphen aan den Rijn,ChIJeU4w9BvbxUcR7I8b12cK5R4,3.7,2,Met enige regelmaat dat een van de twee het niet meer doet. Nu vandaag werkte het scherm van de andere ook niet meer dus kon niet meer snel laden. Zelfs met support gebeld en er niet uitgekomen. In het vervolg zou het beter zijn de actuele status door te kunnen geven dat het hele snel laad station niet werkt
36246,Nepalstraat 47,Shell Recharge Solutions (BE),Alphen aan den Rijn,ChIJeU4w9BvbxUcR7I8b12cK5R4,3.7,1,1 van de laadpalen is volgens mij al meer dan een maand defect en het is natuurlijk belachelijk dat er geen toilet beschikbaar is!
36246,Nepalstraat 47,Shell Recharge Solutions (BE),Alphen aan den Rijn,ChIJeU4w9BvbxUcR7I8b12cK5R4,3.7,3,Tanken op dit moment is wat zuiniger hier alleen er is geen toilet helaas maar wel redelijk goedkopere koffie Haha 😜
36246,Nepalstraat 47,Shell Recharge Solutions (BE),Alphen aan den Rijn,ChIJeU4w9BvbxUcR7I8b12cK5R4,3.7,4,Zo weer volle bak.
36241,Antonie van Leeuwenhoeklaan 35,EVBox,De Bilt,ChIJ9UPERv5oxkcRfktCE1k0dRk,3.0,3,"Let op, je betaald na 4 uur wel 5 ct per minuut bovenop laadtarief, 11 kWh kost dan voor een volle werkdag al snel 19 euro"
36238,Fermiweg 93,Shell Recharge Solutions (BE),Utrecht,ChIJxcuA_9RvxkcRT_qk7LlxH4Q,3.4,4,"Lader werkt goed, alleen beetje krappe ruimte om met 2 auto's te laden."
36238,Fermiweg 93,Shell Recharge Solutions (BE),Utrecht,ChIJxcuA_9RvxkcRT_qk7LlxH4Q,3.4,5,"Schoon, inclusief handschoenen"
36238,Fermiweg 93,Shell Recharge Solutions (BE),Utrecht,ChIJxcuA_9RvxkcRT_qk7LlxH4Q,3.4,1,Maar 2 laders en daar is er 1 van kapot. Zo te zien al erg lang...
36238,Fermiweg 93,Shell Recharge Solutions (BE),Utrecht,ChIJxcuA_9RvxkcRT_qk7LlxH4Q,3.4,5,"Super netjes, top laders"
36238,Fermiweg 93,Shell Recharge Solutions (BE),Utrecht,ChIJxcuA_9RvxkcRT_qk7LlxH4Q,3.4,1,"Beide laders werken niet (5 mei, 2024)"
36233,De Schans 25,Shell Recharge Solutions (BE),Alphen aan den Rijn,ChIJeU4w9BvbxUcR7I8b12cK5R4,3.7,2,Vaak een paal van de twee defect. Vandaag is één paal defect en de andere paal start niet op na de betalingsmethode te hebben geaccepteerd. Zegt direct dat de sessie is gestopt.
36233,De Schans 25,Shell Recharge Solutions (BE),Alphen aan den Rijn,ChIJeU4w9BvbxUcR7I8b12cK5R4,3.7,2,Met enige regelmaat dat een van de twee het niet meer doet. Nu vandaag werkte het scherm van de andere ook niet meer dus kon niet meer snel laden. Zelfs met support gebeld en er niet uitgekomen. In het vervolg zou het beter zijn de actuele status door te kunnen geven dat het hele snel laad station niet werkt
36233,De Schans 25,Shell Recharge Solutions (BE),Alphen aan den Rijn,ChIJeU4w9BvbxUcR7I8b12cK5R4,3.7,1,1 van de laadpalen is volgens mij al meer dan een maand defect en het is natuurlijk belachelijk dat er geen toilet beschikbaar is!
36233,De Schans 25,Shell Recharge Solutions (BE),Alphen aan den Rijn,ChIJeU4w9BvbxUcR7I8b12cK5R4,3.7,3,Tanken op dit moment is wat zuiniger hier alleen er is geen toilet helaas maar wel redelijk goedkopere koffie Haha 😜
36233,De Schans 25,Shell Recharge Solutions (BE),Alphen aan den Rijn,ChIJeU4w9BvbxUcR7I8b12cK5R4,3.7,4,Zo weer volle bak.
36216,Seinedreef 25,EVnetNL,Utrecht,ChIJH6FZIBhvxkcRSg-5vCECI_Q,2.0,2,"Stopte na 10min de laadsessie, slechts 10% kunnen laden"
36215,Archeonlaan 2,EVBox,Alphen aan den Rijn,ChIJ-3QmOo7axUcR8wYq7q1rhyg,1.0,1,Één laadpaal startte helemaal niet. De ander stopte iedere 10 minuten met laden.
36215,Archeonlaan 2,EVBox,Alphen aan den Rijn,ChIJ-3QmOo7axUcR8wYq7q1rhyg,1.0,1,Heel laag laadvermogen: slechts 7 kWh in 3:50 uur
36132,Hofzichtlaan 19,Alfen,Den Haag,ChIJO2iHH063xUcRotHvBGJ8AaI,4.0,5,"Beste laadpaal evvverrrr
De stroom kwam er perfect uit, gleed zo door mn combi stekker mn accu in, wat een feest! Als ik 10 sterren had kunnen geven had ik het gedaan!"
36132,Hofzichtlaan 19,Alfen,Den Haag,ChIJO2iHH063xUcRotHvBGJ8AaI,4.0,5,"Werkt altijd , meestal voldoende laadplekken. Je merkt wel dat het drukker wordt de laatste tijd maar dat is alleen maar goed nieuws voor fastned. Prijzen aan de hoge kant, maar dat is inherent aan het snelladen. In elk geval de prijs waard t.o.v. de meeste concurrenten"
36132,Hofzichtlaan 19,Alfen,Den Haag,ChIJO2iHH063xUcRotHvBGJ8AaI,4.0,1,Deed niks. Reageerde niet op label. Dan maar via QR naar website. Laadde ook niet
36132,Hofzichtlaan 19,Alfen,Den Haag,ChIJO2iHH063xUcRotHvBGJ8AaI,4.0,1,"2 palen, laden start, maar wordt kort daarna gestopt.
Verderop bij allego geen probleem."
36132,Hofzichtlaan 19,Alfen,Den Haag,ChIJO2iHH063xUcRotHvBGJ8AaI,4.0,5,Geweldig dat Fastned elektrisch rijden veel gemakkelijker maakt met zulke stations in Nederland en straks hopelijk ook in heel Europa!
36117,Leidsestraatweg 57,Shell Recharge Solutions (BE),Den Haag,ChIJO2iHH063xUcRotHvBGJ8AaI,4.0,5,"Beste laadpaal evvverrrr
De stroom kwam er perfect uit, gleed zo door mn combi stekker mn accu in, wat een feest! Als ik 10 sterren had kunnen geven had ik het gedaan!"
36117,Leidsestraatweg 57,Shell Recharge Solutions (BE),Den Haag,ChIJO2iHH063xUcRotHvBGJ8AaI,4.0,5,"Werkt altijd , meestal voldoende laadplekken. Je merkt wel dat het drukker wordt de laatste tijd maar dat is alleen maar goed nieuws voor fastned. Prijzen aan de hoge kant, maar dat is inherent aan het snelladen. In elk geval de prijs waard t.o.v. de meeste concurrenten"
36117,Leidsestraatweg 57,Shell Recharge Solutions (BE),Den Haag,ChIJO2iHH063xUcRotHvBGJ8AaI,4.0,1,Deed niks. Reageerde niet op label. Dan maar via QR naar website. Laadde ook niet
36117,Leidsestraatweg 57,Shell Recharge Solutions (BE),Den Haag,ChIJO2iHH063xUcRotHvBGJ8AaI,4.0,1,"2 palen, laden start, maar wordt kort daarna gestopt.
Verderop bij allego geen probleem."
36117,Leidsestraatweg 57,Shell Recharge Solutions (BE),Den Haag,ChIJO2iHH063xUcRotHvBGJ8AaI,4.0,5,Geweldig dat Fastned elektrisch rijden veel gemakkelijker maakt met zulke stations in Nederland en straks hopelijk ook in heel Europa!
36095,Berekuil,Ecotap,Utrecht,ChIJZ6nc--9lxkcRYcpRwy2OW2A,1.0,1,Dit is geen openbare laadpaal. Deze is uitsluitend bedoeld voor medewerkers van de gemeente.
36079,Johan van Oldenbarneveltlaan 19,EVnetNL,Den Haag,ChIJL6q1It2xxUcRgiBBNZXaMA4,3.8,5,"2 laadpalen 2x chademo en 2x ccs.

Update 20 dec 22
Rechterpaal blijft connect plug weergegeven bij chademo. Please fix."
36079,Johan van Oldenbarneveltlaan 19,EVnetNL,Den Haag,ChIJL6q1It2xxUcRgiBBNZXaMA4,3.8,5,top opladen hier.
36079,Johan van Oldenbarneveltlaan 19,EVnetNL,Den Haag,ChIJL6q1It2xxUcRgiBBNZXaMA4,3.8,1,"Verschrikkelijke ervaring, één station is buiten gebruik, een ander kan geen verbinding maken!"
36056,Ary Schefferstraat 127,Alfen,Den Haag,ChIJO2iHH063xUcRotHvBGJ8AaI,4.0,5,"Beste laadpaal evvverrrr
De stroom kwam er perfect uit, gleed zo door mn combi stekker mn accu in, wat een feest! Als ik 10 sterren had kunnen geven had ik het gedaan!"
36056,Ary Schefferstraat 127,Alfen,Den Haag,ChIJO2iHH063xUcRotHvBGJ8AaI,4.0,5,"Werkt altijd , meestal voldoende laadplekken. Je merkt wel dat het drukker wordt de laatste tijd maar dat is alleen maar goed nieuws voor fastned. Prijzen aan de hoge kant, maar dat is inherent aan het snelladen. In elk geval de prijs waard t.o.v. de meeste concurrenten"
36056,Ary Schefferstraat 127,Alfen,Den Haag,ChIJO2iHH063xUcRotHvBGJ8AaI,4.0,1,Deed niks. Reageerde niet op label. Dan maar via QR naar website. Laadde ook niet
36056,Ary Schefferstraat 127,Alfen,Den Haag,ChIJO2iHH063xUcRotHvBGJ8AaI,4.0,1,"2 palen, laden start, maar wordt kort daarna gestopt.
Verderop bij allego geen probleem."
36056,Ary Schefferstraat 127,Alfen,Den Haag,ChIJO2iHH063xUcRotHvBGJ8AaI,4.0,5,Geweldig dat Fastned elektrisch rijden veel gemakkelijker maakt met zulke stations in Nederland en straks hopelijk ook in heel Europa!
36007,Balistraat 95,Alfen,Den Haag,ChIJ0YC5G0i3xUcR2Ze_CTh5vnw,1.0,1,Hier staan constant elektrische auto's geparkeerd maar niet aan het opladen en de gemeente Den Haag doet er niets aan!
35993,Surinamestraat 60,Alfen,Den Haag,ChIJ0YC5G0i3xUcR2Ze_CTh5vnw,1.0,1,Hier staan constant elektrische auto's geparkeerd maar niet aan het opladen en de gemeente Den Haag doet er niets aan!
35982,Derde Westerparklaan 305,eNovates,Utrecht,ChIJ5bJyXFxvxkcRy-0W2BDI8TA,5.0,5,"300 kW
2xCCS"
35965,P1 Moreelsepark Utrecht,Shell Recharge Solutions (NL),Utrecht,ChIJxcuA_9RvxkcRT_qk7LlxH4Q,3.4,4,"Lader werkt goed, alleen beetje krappe ruimte om met 2 auto's te laden."
35965,P1 Moreelsepark Utrecht,Shell Recharge Solutions (NL),Utrecht,ChIJxcuA_9RvxkcRT_qk7LlxH4Q,3.4,5,"Schoon, inclusief handschoenen"
35965,P1 Moreelsepark Utrecht,Shell Recharge Solutions (NL),Utrecht,ChIJxcuA_9RvxkcRT_qk7LlxH4Q,3.4,1,Maar 2 laders en daar is er 1 van kapot. Zo te zien al erg lang...
35965,P1 Moreelsepark Utrecht,Shell Recharge Solutions (NL),Utrecht,ChIJxcuA_9RvxkcRT_qk7LlxH4Q,3.4,5,"Super netjes, top laders"
35965,P1 Moreelsepark Utrecht,Shell Recharge Solutions (NL),Utrecht,ChIJxcuA_9RvxkcRT_qk7LlxH4Q,3.4,1,"Beide laders werken niet (5 mei, 2024)"
35959,Mariaplaats 23,Essent (NL),Utrecht,ChIJ5bJyXFxvxkcRy-0W2BDI8TA,5.0,5,"300 kW
2xCCS"
35928,Geertebolwerk 1,ChargePoint,Utrecht,ChIJ5bJyXFxvxkcRy-0W2BDI8TA,5.0,5,"300 kW
2xCCS"
35926,Geertebolwerk 1,ChargePoint,Utrecht,ChIJ5bJyXFxvxkcRy-0W2BDI8TA,5.0,5,"300 kW
2xCCS"
35898,Muntkade 100,Stadtwerke Clausthal-Zellerfeld,Utrecht,ChIJ5bJyXFxvxkcRy-0W2BDI8TA,5.0,5,"300 kW
2xCCS"
35875,Hoge Rijndijk 14,EVBox,Woerden,ChIJZc8pO9J5xkcRoIboHEgHeEk,4.3,4,"Gratis, dus ik klaag niet, maar er kan maar 1 auto tegelijk opladen. CCS, CHAdeMO, en Mennekes type 2 stekkers zijn aanwezig. Ook kan iedereen jouw sessie beëindigen, omdat je sessie niet gelocked is (door bijv. swipen met een pasje)."
35875,Hoge Rijndijk 14,EVBox,Woerden,ChIJZc8pO9J5xkcRoIboHEgHeEk,4.3,5,Oplader doet het weer
35875,Hoge Rijndijk 14,EVBox,Woerden,ChIJZc8pO9J5xkcRoIboHEgHeEk,4.3,4,"Fijne gratis laadservice van 50 kW, erg populair!

Helaas zijn de kabels te kort, of de paalpositie is niet optimaal.

Helaas geen type 2-laders... (hopelijk komen die er snel, hint hint)"
35869,Daggeldersweg 18,EVBox,Woerden,ChIJZc8pO9J5xkcRoIboHEgHeEk,4.3,4,"Gratis, dus ik klaag niet, maar er kan maar 1 auto tegelijk opladen. CCS, CHAdeMO, en Mennekes type 2 stekkers zijn aanwezig. Ook kan iedereen jouw sessie beëindigen, omdat je sessie niet gelocked is (door bijv. swipen met een pasje)."
35869,Daggeldersweg 18,EVBox,Woerden,ChIJZc8pO9J5xkcRoIboHEgHeEk,4.3,5,Oplader doet het weer
35869,Daggeldersweg 18,EVBox,Woerden,ChIJZc8pO9J5xkcRoIboHEgHeEk,4.3,4,"Fijne gratis laadservice van 50 kW, erg populair!

Helaas zijn de kabels te kort, of de paalpositie is niet optimaal.

Helaas geen type 2-laders... (hopelijk komen die er snel, hint hint)"
35864,Frans Halsstraat 53,eNovates,Utrecht,ChIJ5bJyXFxvxkcRy-0W2BDI8TA,5.0,5,"300 kW
2xCCS"
35842,Hugo de Grootstraat 85,Essent (NL),Den Haag,ChIJO2iHH063xUcRotHvBGJ8AaI,4.0,5,"Beste laadpaal evvverrrr
De stroom kwam er perfect uit, gleed zo door mn combi stekker mn accu in, wat een feest! Als ik 10 sterren had kunnen geven had ik het gedaan!"
35842,Hugo de Grootstraat 85,Essent (NL),Den Haag,ChIJO2iHH063xUcRotHvBGJ8AaI,4.0,5,"Werkt altijd , meestal voldoende laadplekken. Je merkt wel dat het drukker wordt de laatste tijd maar dat is alleen maar goed nieuws voor fastned. Prijzen aan de hoge kant, maar dat is inherent aan het snelladen. In elk geval de prijs waard t.o.v. de meeste concurrenten"
35842,Hugo de Grootstraat 85,Essent (NL),Den Haag,ChIJO2iHH063xUcRotHvBGJ8AaI,4.0,1,Deed niks. Reageerde niet op label. Dan maar via QR naar website. Laadde ook niet
35842,Hugo de Grootstraat 85,Essent (NL),Den Haag,ChIJO2iHH063xUcRotHvBGJ8AaI,4.0,1,"2 palen, laden start, maar wordt kort daarna gestopt.
Verderop bij allego geen probleem."
35842,Hugo de Grootstraat 85,Essent (NL),Den Haag,ChIJO2iHH063xUcRotHvBGJ8AaI,4.0,5,Geweldig dat Fastned elektrisch rijden veel gemakkelijker maakt met zulke stations in Nederland en straks hopelijk ook in heel Europa!
35837,Pyreneeënstraat,EVBox,Woerden,ChIJZc8pO9J5xkcRoIboHEgHeEk,4.3,4,"Gratis, dus ik klaag niet, maar er kan maar 1 auto tegelijk opladen. CCS, CHAdeMO, en Mennekes type 2 stekkers zijn aanwezig. Ook kan iedereen jouw sessie beëindigen, omdat je sessie niet gelocked is (door bijv. swipen met een pasje)."
35837,Pyreneeënstraat,EVBox,Woerden,ChIJZc8pO9J5xkcRoIboHEgHeEk,4.3,5,Oplader doet het weer
35837,Pyreneeënstraat,EVBox,Woerden,ChIJZc8pO9J5xkcRoIboHEgHeEk,4.3,4,"Fijne gratis laadservice van 50 kW, erg populair!

Helaas zijn de kabels te kort, of de paalpositie is niet optimaal.

Helaas geen type 2-laders... (hopelijk komen die er snel, hint hint)"
35825,Groot Hertoginnelaan 171B,Essent (NL),Den Haag,ChIJO2iHH063xUcRotHvBGJ8AaI,4.0,5,"Beste laadpaal evvverrrr
De stroom kwam er perfect uit, gleed zo door mn combi stekker mn accu in, wat een feest! Als ik 10 sterren had kunnen geven had ik het gedaan!"
35825,Groot Hertoginnelaan 171B,Essent (NL),Den Haag,ChIJO2iHH063xUcRotHvBGJ8AaI,4.0,5,"Werkt altijd , meestal voldoende laadplekken. Je merkt wel dat het drukker wordt de laatste tijd maar dat is alleen maar goed nieuws voor fastned. Prijzen aan de hoge kant, maar dat is inherent aan het snelladen. In elk geval de prijs waard t.o.v. de meeste concurrenten"
35825,Groot Hertoginnelaan 171B,Essent (NL),Den Haag,ChIJO2iHH063xUcRotHvBGJ8AaI,4.0,1,Deed niks. Reageerde niet op label. Dan maar via QR naar website. Laadde ook niet
35825,Groot Hertoginnelaan 171B,Essent (NL),Den Haag,ChIJO2iHH063xUcRotHvBGJ8AaI,4.0,1,"2 palen, laden start, maar wordt kort daarna gestopt.
Verderop bij allego geen probleem."
35825,Groot Hertoginnelaan 171B,Essent (NL),Den Haag,ChIJO2iHH063xUcRotHvBGJ8AaI,4.0,5,Geweldig dat Fastned elektrisch rijden veel gemakkelijker maakt met zulke stations in Nederland en straks hopelijk ook in heel Europa!
35808,Heulstraat 3,Alfen,Den Haag,ChIJqaJCqzq3xUcR4jQEYZIro3g,4.0,4,"Ik heb een positieve ervaring gehad met deze parkeergelegenheid. We verbleven in een hotel in het stadscentrum en hadden de parkeerplaats via het hotel gereserveerd. Bij het uitrijden was er een klein probleempje: de code werd niet goed gescand. Maar na contact te hebben opgenomen met de klantenservice van de slagboom, kreeg ik snel en professioneel hulp en was alles direct opgelost."
35802,Vondelstraat 203,Essent (NL),Den Haag,ChIJO2iHH063xUcRotHvBGJ8AaI,4.0,5,"Beste laadpaal evvverrrr
De stroom kwam er perfect uit, gleed zo door mn combi stekker mn accu in, wat een feest! Als ik 10 sterren had kunnen geven had ik het gedaan!"
35802,Vondelstraat 203,Essent (NL),Den Haag,ChIJO2iHH063xUcRotHvBGJ8AaI,4.0,5,"Werkt altijd , meestal voldoende laadplekken. Je merkt wel dat het drukker wordt de laatste tijd maar dat is alleen maar goed nieuws voor fastned. Prijzen aan de hoge kant, maar dat is inherent aan het snelladen. In elk geval de prijs waard t.o.v. de meeste concurrenten"
35802,Vondelstraat 203,Essent (NL),Den Haag,ChIJO2iHH063xUcRotHvBGJ8AaI,4.0,1,Deed niks. Reageerde niet op label. Dan maar via QR naar website. Laadde ook niet
35802,Vondelstraat 203,Essent (NL),Den Haag,ChIJO2iHH063xUcRotHvBGJ8AaI,4.0,1,"2 palen, laden start, maar wordt kort daarna gestopt.
Verderop bij allego geen probleem."
35802,Vondelstraat 203,Essent (NL),Den Haag,ChIJO2iHH063xUcRotHvBGJ8AaI,4.0,5,Geweldig dat Fastned elektrisch rijden veel gemakkelijker maakt met zulke stations in Nederland en straks hopelijk ook in heel Europa!
35793,Marotplan 60,Alfen,Zoetermeer,ChIJ0SGjFSrJxUcRxEa85syv-bA,3.0,3,11KW geen 22kw
35777,Oostzee 18,EVBox,Woerden,ChIJZc8pO9J5xkcRoIboHEgHeEk,4.3,4,"Gratis, dus ik klaag niet, maar er kan maar 1 auto tegelijk opladen. CCS, CHAdeMO, en Mennekes type 2 stekkers zijn aanwezig. Ook kan iedereen jouw sessie beëindigen, omdat je sessie niet gelocked is (door bijv. swipen met een pasje)."
35777,Oostzee 18,EVBox,Woerden,ChIJZc8pO9J5xkcRoIboHEgHeEk,4.3,5,Oplader doet het weer
35777,Oostzee 18,EVBox,Woerden,ChIJZc8pO9J5xkcRoIboHEgHeEk,4.3,4,"Fijne gratis laadservice van 50 kW, erg populair!

Helaas zijn de kabels te kort, of de paalpositie is niet optimaal.

Helaas geen type 2-laders... (hopelijk komen die er snel, hint hint)"
35752,Kalvermarkt,Shell Recharge Solutions (BE),Den Haag,ChIJN6pq2SO3xUcRoPoGcsm4u-s,5.0,5,"6 x 300kW laders, heerlijke koffie tijdens het wachten en een ruime tafel om te werken."
35752,Kalvermarkt,Shell Recharge Solutions (BE),Den Haag,ChIJN6pq2SO3xUcRoPoGcsm4u-s,5.0,5,"Fijne locatie midden in het centrum van Den Haag. Goede koffie & een schoon toilet in de Shell Café, erg leuk concept en lekkere stoelen om in te wachten tijdens het laden. Aanrader!"
35752,Kalvermarkt,Shell Recharge Solutions (BE),Den Haag,ChIJN6pq2SO3xUcRoPoGcsm4u-s,5.0,5,"Wat een mooie winkel is dit zeg. Goede koffie, nette WC en even laptopje open terwijl de auto oplaad. Ideaal zo midden in de stad."
35752,Kalvermarkt,Shell Recharge Solutions (BE),Den Haag,ChIJN6pq2SO3xUcRoPoGcsm4u-s,5.0,5,Ideale locatie! Tijdens mijn meeting kunnen laden onder het genot van een heerlijke koffie. Aanrader!
35752,Kalvermarkt,Shell Recharge Solutions (BE),Den Haag,ChIJN6pq2SO3xUcRoPoGcsm4u-s,5.0,5,"Een hele prettige locatie in het centrum van Den Haag (overdekt, 30 minuten gratis parkeren bij snelladen en ruimte om te werken)."
35749,Spui,Shell Recharge Solutions (BE),Den Haag,ChIJN6pq2SO3xUcRoPoGcsm4u-s,5.0,5,"6 x 300kW laders, heerlijke koffie tijdens het wachten en een ruime tafel om te werken."
35749,Spui,Shell Recharge Solutions (BE),Den Haag,ChIJN6pq2SO3xUcRoPoGcsm4u-s,5.0,5,"Fijne locatie midden in het centrum van Den Haag. Goede koffie & een schoon toilet in de Shell Café, erg leuk concept en lekkere stoelen om in te wachten tijdens het laden. Aanrader!"
35749,Spui,Shell Recharge Solutions (BE),Den Haag,ChIJN6pq2SO3xUcRoPoGcsm4u-s,5.0,5,"Wat een mooie winkel is dit zeg. Goede koffie, nette WC en even laptopje open terwijl de auto oplaad. Ideaal zo midden in de stad."
35749,Spui,Shell Recharge Solutions (BE),Den Haag,ChIJN6pq2SO3xUcRoPoGcsm4u-s,5.0,5,Ideale locatie! Tijdens mijn meeting kunnen laden onder het genot van een heerlijke koffie. Aanrader!
35749,Spui,Shell Recharge Solutions (BE),Den Haag,ChIJN6pq2SO3xUcRoPoGcsm4u-s,5.0,5,"Een hele prettige locatie in het centrum van Den Haag (overdekt, 30 minuten gratis parkeren bij snelladen en ruimte om te werken)."
35747,Barwoutswaarder,EVBox,Woerden,ChIJZc8pO9J5xkcRoIboHEgHeEk,4.3,4,"Gratis, dus ik klaag niet, maar er kan maar 1 auto tegelijk opladen. CCS, CHAdeMO, en Mennekes type 2 stekkers zijn aanwezig. Ook kan iedereen jouw sessie beëindigen, omdat je sessie niet gelocked is (door bijv. swipen met een pasje)."
35747,Barwoutswaarder,EVBox,Woerden,ChIJZc8pO9J5xkcRoIboHEgHeEk,4.3,5,Oplader doet het weer
35747,Barwoutswaarder,EVBox,Woerden,ChIJZc8pO9J5xkcRoIboHEgHeEk,4.3,4,"Fijne gratis laadservice van 50 kW, erg populair!

Helaas zijn de kabels te kort, of de paalpositie is niet optimaal.

Helaas geen type 2-laders... (hopelijk komen die er snel, hint hint)"
35745,Spuiplein 150,Shell Recharge Solutions (BE),Den Haag,ChIJN6pq2SO3xUcRoPoGcsm4u-s,5.0,5,"6 x 300kW laders, heerlijke koffie tijdens het wachten en een ruime tafel om te werken."
35745,Spuiplein 150,Shell Recharge Solutions (BE),Den Haag,ChIJN6pq2SO3xUcRoPoGcsm4u-s,5.0,5,"Fijne locatie midden in het centrum van Den Haag. Goede koffie & een schoon toilet in de Shell Café, erg leuk concept en lekkere stoelen om in te wachten tijdens het laden. Aanrader!"
35745,Spuiplein 150,Shell Recharge Solutions (BE),Den Haag,ChIJN6pq2SO3xUcRoPoGcsm4u-s,5.0,5,"Wat een mooie winkel is dit zeg. Goede koffie, nette WC en even laptopje open terwijl de auto oplaad. Ideaal zo midden in de stad."
35745,Spuiplein 150,Shell Recharge Solutions (BE),Den Haag,ChIJN6pq2SO3xUcRoPoGcsm4u-s,5.0,5,Ideale locatie! Tijdens mijn meeting kunnen laden onder het genot van een heerlijke koffie. Aanrader!
35745,Spuiplein 150,Shell Recharge Solutions (BE),Den Haag,ChIJN6pq2SO3xUcRoPoGcsm4u-s,5.0,5,"Een hele prettige locatie in het centrum van Den Haag (overdekt, 30 minuten gratis parkeren bij snelladen en ruimte om te werken)."
35738,Nieuwe Haven 71,EVnetNL,Den Haag,ChIJN6pq2SO3xUcRoPoGcsm4u-s,5.0,5,"6 x 300kW laders, heerlijke koffie tijdens het wachten en een ruime tafel om te werken."
35738,Nieuwe Haven 71,EVnetNL,Den Haag,ChIJN6pq2SO3xUcRoPoGcsm4u-s,5.0,5,"Fijne locatie midden in het centrum van Den Haag. Goede koffie & een schoon toilet in de Shell Café, erg leuk concept en lekkere stoelen om in te wachten tijdens het laden. Aanrader!"
35738,Nieuwe Haven 71,EVnetNL,Den Haag,ChIJN6pq2SO3xUcRoPoGcsm4u-s,5.0,5,"Wat een mooie winkel is dit zeg. Goede koffie, nette WC en even laptopje open terwijl de auto oplaad. Ideaal zo midden in de stad."
35738,Nieuwe Haven 71,EVnetNL,Den Haag,ChIJN6pq2SO3xUcRoPoGcsm4u-s,5.0,5,Ideale locatie! Tijdens mijn meeting kunnen laden onder het genot van een heerlijke koffie. Aanrader!
35738,Nieuwe Haven 71,EVnetNL,Den Haag,ChIJN6pq2SO3xUcRoPoGcsm4u-s,5.0,5,"Een hele prettige locatie in het centrum van Den Haag (overdekt, 30 minuten gratis parkeren bij snelladen en ruimte om te werken)."
35737,Burgemeester Colijnstraat 101,Shell Recharge Solutions (BE),Alphen aan den Rijn,ChIJeU4w9BvbxUcR7I8b12cK5R4,3.7,2,Vaak een paal van de twee defect. Vandaag is één paal defect en de andere paal start niet op na de betalingsmethode te hebben geaccepteerd. Zegt direct dat de sessie is gestopt.
35737,Burgemeester Colijnstraat 101,Shell Recharge Solutions (BE),Alphen aan den Rijn,ChIJeU4w9BvbxUcR7I8b12cK5R4,3.7,2,Met enige regelmaat dat een van de twee het niet meer doet. Nu vandaag werkte het scherm van de andere ook niet meer dus kon niet meer snel laden. Zelfs met support gebeld en er niet uitgekomen. In het vervolg zou het beter zijn de actuele status door te kunnen geven dat het hele snel laad station niet werkt
35737,Burgemeester Colijnstraat 101,Shell Recharge Solutions (BE),Alphen aan den Rijn,ChIJeU4w9BvbxUcR7I8b12cK5R4,3.7,1,1 van de laadpalen is volgens mij al meer dan een maand defect en het is natuurlijk belachelijk dat er geen toilet beschikbaar is!
35737,Burgemeester Colijnstraat 101,Shell Recharge Solutions (BE),Alphen aan den Rijn,ChIJeU4w9BvbxUcR7I8b12cK5R4,3.7,3,Tanken op dit moment is wat zuiniger hier alleen er is geen toilet helaas maar wel redelijk goedkopere koffie Haha 😜
35737,Burgemeester Colijnstraat 101,Shell Recharge Solutions (BE),Alphen aan den Rijn,ChIJeU4w9BvbxUcR7I8b12cK5R4,3.7,4,Zo weer volle bak.
35733,Ammunitiehaven 111,Essent (NL),Den Haag,ChIJO2iHH063xUcRotHvBGJ8AaI,4.0,5,"Beste laadpaal evvverrrr
De stroom kwam er perfect uit, gleed zo door mn combi stekker mn accu in, wat een feest! Als ik 10 sterren had kunnen geven had ik het gedaan!"
35733,Ammunitiehaven 111,Essent (NL),Den Haag,ChIJO2iHH063xUcRotHvBGJ8AaI,4.0,5,"Werkt altijd , meestal voldoende laadplekken. Je merkt wel dat het drukker wordt de laatste tijd maar dat is alleen maar goed nieuws voor fastned. Prijzen aan de hoge kant, maar dat is inherent aan het snelladen. In elk geval de prijs waard t.o.v. de meeste concurrenten"
35733,Ammunitiehaven 111,Essent (NL),Den Haag,ChIJO2iHH063xUcRotHvBGJ8AaI,4.0,1,Deed niks. Reageerde niet op label. Dan maar via QR naar website. Laadde ook niet
35733,Ammunitiehaven 111,Essent (NL),Den Haag,ChIJO2iHH063xUcRotHvBGJ8AaI,4.0,1,"2 palen, laden start, maar wordt kort daarna gestopt.
Verderop bij allego geen probleem."
35733,Ammunitiehaven 111,Essent (NL),Den Haag,ChIJO2iHH063xUcRotHvBGJ8AaI,4.0,5,Geweldig dat Fastned elektrisch rijden veel gemakkelijker maakt met zulke stations in Nederland en straks hopelijk ook in heel Europa!
35729,Eisenhowerlaan,EVnetNL,Utrecht,ChIJR-ZwqohlxkcRUck_GWK5q4U,5.0,5,Fijn parkeren airco restaurant open en leuk winkelen  zonder haasten
35721,Jan Hendrikstraat,Shell Recharge Solutions (BE),Den Haag,ChIJN6pq2SO3xUcRoPoGcsm4u-s,5.0,5,"6 x 300kW laders, heerlijke koffie tijdens het wachten en een ruime tafel om te werken."
35721,Jan Hendrikstraat,Shell Recharge Solutions (BE),Den Haag,ChIJN6pq2SO3xUcRoPoGcsm4u-s,5.0,5,"Fijne locatie midden in het centrum van Den Haag. Goede koffie & een schoon toilet in de Shell Café, erg leuk concept en lekkere stoelen om in te wachten tijdens het laden. Aanrader!"
35721,Jan Hendrikstraat,Shell Recharge Solutions (BE),Den Haag,ChIJN6pq2SO3xUcRoPoGcsm4u-s,5.0,5,"Wat een mooie winkel is dit zeg. Goede koffie, nette WC en even laptopje open terwijl de auto oplaad. Ideaal zo midden in de stad."
35721,Jan Hendrikstraat,Shell Recharge Solutions (BE),Den Haag,ChIJN6pq2SO3xUcRoPoGcsm4u-s,5.0,5,Ideale locatie! Tijdens mijn meeting kunnen laden onder het genot van een heerlijke koffie. Aanrader!
35721,Jan Hendrikstraat,Shell Recharge Solutions (BE),Den Haag,ChIJN6pq2SO3xUcRoPoGcsm4u-s,5.0,5,"Een hele prettige locatie in het centrum van Den Haag (overdekt, 30 minuten gratis parkeren bij snelladen en ruimte om te werken)."
35719,Sint Jacobstraat 65,Shell Recharge Solutions (BE),Den Haag,ChIJN6pq2SO3xUcRoPoGcsm4u-s,5.0,5,"6 x 300kW laders, heerlijke koffie tijdens het wachten en een ruime tafel om te werken."
35719,Sint Jacobstraat 65,Shell Recharge Solutions (BE),Den Haag,ChIJN6pq2SO3xUcRoPoGcsm4u-s,5.0,5,"Fijne locatie midden in het centrum van Den Haag. Goede koffie & een schoon toilet in de Shell Café, erg leuk concept en lekkere stoelen om in te wachten tijdens het laden. Aanrader!"
35719,Sint Jacobstraat 65,Shell Recharge Solutions (BE),Den Haag,ChIJN6pq2SO3xUcRoPoGcsm4u-s,5.0,5,"Wat een mooie winkel is dit zeg. Goede koffie, nette WC en even laptopje open terwijl de auto oplaad. Ideaal zo midden in de stad."
35719,Sint Jacobstraat 65,Shell Recharge Solutions (BE),Den Haag,ChIJN6pq2SO3xUcRoPoGcsm4u-s,5.0,5,Ideale locatie! Tijdens mijn meeting kunnen laden onder het genot van een heerlijke koffie. Aanrader!
35719,Sint Jacobstraat 65,Shell Recharge Solutions (BE),Den Haag,ChIJN6pq2SO3xUcRoPoGcsm4u-s,5.0,5,"Een hele prettige locatie in het centrum van Den Haag (overdekt, 30 minuten gratis parkeren bij snelladen en ruimte om te werken)."
35716,Sint Jacobstraat 99,Shell Recharge Solutions (BE),Den Haag,ChIJN6pq2SO3xUcRoPoGcsm4u-s,5.0,5,"6 x 300kW laders, heerlijke koffie tijdens het wachten en een ruime tafel om te werken."
35716,Sint Jacobstraat 99,Shell Recharge Solutions (BE),Den Haag,ChIJN6pq2SO3xUcRoPoGcsm4u-s,5.0,5,"Fijne locatie midden in het centrum van Den Haag. Goede koffie & een schoon toilet in de Shell Café, erg leuk concept en lekkere stoelen om in te wachten tijdens het laden. Aanrader!"
35716,Sint Jacobstraat 99,Shell Recharge Solutions (BE),Den Haag,ChIJN6pq2SO3xUcRoPoGcsm4u-s,5.0,5,"Wat een mooie winkel is dit zeg. Goede koffie, nette WC en even laptopje open terwijl de auto oplaad. Ideaal zo midden in de stad."
35716,Sint Jacobstraat 99,Shell Recharge Solutions (BE),Den Haag,ChIJN6pq2SO3xUcRoPoGcsm4u-s,5.0,5,Ideale locatie! Tijdens mijn meeting kunnen laden onder het genot van een heerlijke koffie. Aanrader!
35716,Sint Jacobstraat 99,Shell Recharge Solutions (BE),Den Haag,ChIJN6pq2SO3xUcRoPoGcsm4u-s,5.0,5,"Een hele prettige locatie in het centrum van Den Haag (overdekt, 30 minuten gratis parkeren bij snelladen en ruimte om te werken)."
35715,Cort Heyligersstraat 15,Alfen,Den Haag,ChIJ7eVIWyu3xUcRNdJCV9GafKc,1.0,1,"Er staan hier drie laadpalen, 6 laadplekken dus maar deze zijn allemaal voor WeDriveSolar, een auto deel bedrijf. Als je hier met je eigen auto gaat staan krijg je een boete. Er staat zowat nooit een auto op die plekken."
35714,Akeleiweide 5,EVBox,Woerden,ChIJZc8pO9J5xkcRoIboHEgHeEk,4.3,4,"Gratis, dus ik klaag niet, maar er kan maar 1 auto tegelijk opladen. CCS, CHAdeMO, en Mennekes type 2 stekkers zijn aanwezig. Ook kan iedereen jouw sessie beëindigen, omdat je sessie niet gelocked is (door bijv. swipen met een pasje)."
35714,Akeleiweide 5,EVBox,Woerden,ChIJZc8pO9J5xkcRoIboHEgHeEk,4.3,5,Oplader doet het weer
35714,Akeleiweide 5,EVBox,Woerden,ChIJZc8pO9J5xkcRoIboHEgHeEk,4.3,4,"Fijne gratis laadservice van 50 kW, erg populair!

Helaas zijn de kabels te kort, of de paalpositie is niet optimaal.

Helaas geen type 2-laders... (hopelijk komen die er snel, hint hint)"
35710,Oude Middenweg 84,EVnetNL,Den Haag,ChIJ14ATvynIxUcRUID05NQc7O4,5.0,5,Alles perfect!
35710,Oude Middenweg 84,EVnetNL,Den Haag,ChIJ14ATvynIxUcRUID05NQc7O4,5.0,5,Mooie locatie met maar liefst 12 snelladers!
35710,Oude Middenweg 84,EVnetNL,Den Haag,ChIJ14ATvynIxUcRUID05NQc7O4,5.0,5,"Zeer mooie en snelle laadpalen, 6 stations met 12 laders, schoon, vlakbij de snelweg, bijna altijd leeg, geen wachttijd, op de parkeerplaats van Gamma, andere winkels en op loopafstand van het Esso Peco-station waar je verschillende laadmogelijkheden hebt."
35710,Oude Middenweg 84,EVnetNL,Den Haag,ChIJ14ATvynIxUcRUID05NQc7O4,5.0,5,Snellaadstations van 150 kW. Let op: er is geen Chademo-optie.
35707,Varkenmarkt,EVnetNL,Den Haag,ChIJN6pq2SO3xUcRoPoGcsm4u-s,5.0,5,"6 x 300kW laders, heerlijke koffie tijdens het wachten en een ruime tafel om te werken."
35707,Varkenmarkt,EVnetNL,Den Haag,ChIJN6pq2SO3xUcRoPoGcsm4u-s,5.0,5,"Fijne locatie midden in het centrum van Den Haag. Goede koffie & een schoon toilet in de Shell Café, erg leuk concept en lekkere stoelen om in te wachten tijdens het laden. Aanrader!"
35707,Varkenmarkt,EVnetNL,Den Haag,ChIJN6pq2SO3xUcRoPoGcsm4u-s,5.0,5,"Wat een mooie winkel is dit zeg. Goede koffie, nette WC en even laptopje open terwijl de auto oplaad. Ideaal zo midden in de stad."
35707,Varkenmarkt,EVnetNL,Den Haag,ChIJN6pq2SO3xUcRoPoGcsm4u-s,5.0,5,Ideale locatie! Tijdens mijn meeting kunnen laden onder het genot van een heerlijke koffie. Aanrader!
35707,Varkenmarkt,EVnetNL,Den Haag,ChIJN6pq2SO3xUcRoPoGcsm4u-s,5.0,5,"Een hele prettige locatie in het centrum van Den Haag (overdekt, 30 minuten gratis parkeren bij snelladen en ruimte om te werken)."
35706,Lutherse Burgwal 33,Shell Recharge Solutions (BE),Den Haag,ChIJN6pq2SO3xUcRoPoGcsm4u-s,5.0,5,"6 x 300kW laders, heerlijke koffie tijdens het wachten en een ruime tafel om te werken."
35706,Lutherse Burgwal 33,Shell Recharge Solutions (BE),Den Haag,ChIJN6pq2SO3xUcRoPoGcsm4u-s,5.0,5,"Fijne locatie midden in het centrum van Den Haag. Goede koffie & een schoon toilet in de Shell Café, erg leuk concept en lekkere stoelen om in te wachten tijdens het laden. Aanrader!"
35706,Lutherse Burgwal 33,Shell Recharge Solutions (BE),Den Haag,ChIJN6pq2SO3xUcRoPoGcsm4u-s,5.0,5,"Wat een mooie winkel is dit zeg. Goede koffie, nette WC en even laptopje open terwijl de auto oplaad. Ideaal zo midden in de stad."
35706,Lutherse Burgwal 33,Shell Recharge Solutions (BE),Den Haag,ChIJN6pq2SO3xUcRoPoGcsm4u-s,5.0,5,Ideale locatie! Tijdens mijn meeting kunnen laden onder het genot van een heerlijke koffie. Aanrader!
35706,Lutherse Burgwal 33,Shell Recharge Solutions (BE),Den Haag,ChIJN6pq2SO3xUcRoPoGcsm4u-s,5.0,5,"Een hele prettige locatie in het centrum van Den Haag (overdekt, 30 minuten gratis parkeren bij snelladen en ruimte om te werken)."
35704,Lutherse Burgwal 37,Shell Recharge Solutions (BE),Den Haag,ChIJN6pq2SO3xUcRoPoGcsm4u-s,5.0,5,"6 x 300kW laders, heerlijke koffie tijdens het wachten en een ruime tafel om te werken."
35704,Lutherse Burgwal 37,Shell Recharge Solutions (BE),Den Haag,ChIJN6pq2SO3xUcRoPoGcsm4u-s,5.0,5,"Fijne locatie midden in het centrum van Den Haag. Goede koffie & een schoon toilet in de Shell Café, erg leuk concept en lekkere stoelen om in te wachten tijdens het laden. Aanrader!"
35704,Lutherse Burgwal 37,Shell Recharge Solutions (BE),Den Haag,ChIJN6pq2SO3xUcRoPoGcsm4u-s,5.0,5,"Wat een mooie winkel is dit zeg. Goede koffie, nette WC en even laptopje open terwijl de auto oplaad. Ideaal zo midden in de stad."
35704,Lutherse Burgwal 37,Shell Recharge Solutions (BE),Den Haag,ChIJN6pq2SO3xUcRoPoGcsm4u-s,5.0,5,Ideale locatie! Tijdens mijn meeting kunnen laden onder het genot van een heerlijke koffie. Aanrader!
35704,Lutherse Burgwal 37,Shell Recharge Solutions (BE),Den Haag,ChIJN6pq2SO3xUcRoPoGcsm4u-s,5.0,5,"Een hele prettige locatie in het centrum van Den Haag (overdekt, 30 minuten gratis parkeren bij snelladen en ruimte om te werken)."
35701,Oog in 't Zeilstraat,Alfen,Den Haag,ChIJN6pq2SO3xUcRoPoGcsm4u-s,5.0,5,"6 x 300kW laders, heerlijke koffie tijdens het wachten en een ruime tafel om te werken."
35701,Oog in 't Zeilstraat,Alfen,Den Haag,ChIJN6pq2SO3xUcRoPoGcsm4u-s,5.0,5,"Fijne locatie midden in het centrum van Den Haag. Goede koffie & een schoon toilet in de Shell Café, erg leuk concept en lekkere stoelen om in te wachten tijdens het laden. Aanrader!"
35701,Oog in 't Zeilstraat,Alfen,Den Haag,ChIJN6pq2SO3xUcRoPoGcsm4u-s,5.0,5,"Wat een mooie winkel is dit zeg. Goede koffie, nette WC en even laptopje open terwijl de auto oplaad. Ideaal zo midden in de stad."
35701,Oog in 't Zeilstraat,Alfen,Den Haag,ChIJN6pq2SO3xUcRoPoGcsm4u-s,5.0,5,Ideale locatie! Tijdens mijn meeting kunnen laden onder het genot van een heerlijke koffie. Aanrader!
35701,Oog in 't Zeilstraat,Alfen,Den Haag,ChIJN6pq2SO3xUcRoPoGcsm4u-s,5.0,5,"Een hele prettige locatie in het centrum van Den Haag (overdekt, 30 minuten gratis parkeren bij snelladen en ruimte om te werken)."
35696,Groenewegje 158,Alfen,Den Haag,ChIJN6pq2SO3xUcRoPoGcsm4u-s,5.0,5,"6 x 300kW laders, heerlijke koffie tijdens het wachten en een ruime tafel om te werken."
35696,Groenewegje 158,Alfen,Den Haag,ChIJN6pq2SO3xUcRoPoGcsm4u-s,5.0,5,"Fijne locatie midden in het centrum van Den Haag. Goede koffie & een schoon toilet in de Shell Café, erg leuk concept en lekkere stoelen om in te wachten tijdens het laden. Aanrader!"
35696,Groenewegje 158,Alfen,Den Haag,ChIJN6pq2SO3xUcRoPoGcsm4u-s,5.0,5,"Wat een mooie winkel is dit zeg. Goede koffie, nette WC en even laptopje open terwijl de auto oplaad. Ideaal zo midden in de stad."
35696,Groenewegje 158,Alfen,Den Haag,ChIJN6pq2SO3xUcRoPoGcsm4u-s,5.0,5,Ideale locatie! Tijdens mijn meeting kunnen laden onder het genot van een heerlijke koffie. Aanrader!
35696,Groenewegje 158,Alfen,Den Haag,ChIJN6pq2SO3xUcRoPoGcsm4u-s,5.0,5,"Een hele prettige locatie in het centrum van Den Haag (overdekt, 30 minuten gratis parkeren bij snelladen en ruimte om te werken)."
35694,Squashstraat 1,Alfen,Den Haag,ChIJ14ATvynIxUcRUID05NQc7O4,5.0,5,Alles perfect!
35694,Squashstraat 1,Alfen,Den Haag,ChIJ14ATvynIxUcRUID05NQc7O4,5.0,5,Mooie locatie met maar liefst 12 snelladers!
35694,Squashstraat 1,Alfen,Den Haag,ChIJ14ATvynIxUcRUID05NQc7O4,5.0,5,"Zeer mooie en snelle laadpalen, 6 stations met 12 laders, schoon, vlakbij de snelweg, bijna altijd leeg, geen wachttijd, op de parkeerplaats van Gamma, andere winkels en op loopafstand van het Esso Peco-station waar je verschillende laadmogelijkheden hebt."
35694,Squashstraat 1,Alfen,Den Haag,ChIJ14ATvynIxUcRUID05NQc7O4,5.0,5,Snellaadstations van 150 kW. Let op: er is geen Chademo-optie.
35689,Oude Middenweg 30,Alfen,Den Haag,ChIJ14ATvynIxUcRUID05NQc7O4,5.0,5,Alles perfect!
35689,Oude Middenweg 30,Alfen,Den Haag,ChIJ14ATvynIxUcRUID05NQc7O4,5.0,5,Mooie locatie met maar liefst 12 snelladers!
35689,Oude Middenweg 30,Alfen,Den Haag,ChIJ14ATvynIxUcRUID05NQc7O4,5.0,5,"Zeer mooie en snelle laadpalen, 6 stations met 12 laders, schoon, vlakbij de snelweg, bijna altijd leeg, geen wachttijd, op de parkeerplaats van Gamma, andere winkels en op loopafstand van het Esso Peco-station waar je verschillende laadmogelijkheden hebt."
35689,Oude Middenweg 30,Alfen,Den Haag,ChIJ14ATvynIxUcRUID05NQc7O4,5.0,5,Snellaadstations van 150 kW. Let op: er is geen Chademo-optie.
35685,Kamperfoelieplein 11A,EVnetNL,Den Haag,ChIJR4rxcuCwxUcRe4QRIaF9wBU,1.0,1,Slechts 1 aansluiting doet het.
35683,Huijgenspark 56T,Alfen,Den Haag,ChIJN6pq2SO3xUcRoPoGcsm4u-s,5.0,5,"6 x 300kW laders, heerlijke koffie tijdens het wachten en een ruime tafel om te werken."
35683,Huijgenspark 56T,Alfen,Den Haag,ChIJN6pq2SO3xUcRoPoGcsm4u-s,5.0,5,"Fijne locatie midden in het centrum van Den Haag. Goede koffie & een schoon toilet in de Shell Café, erg leuk concept en lekkere stoelen om in te wachten tijdens het laden. Aanrader!"
35683,Huijgenspark 56T,Alfen,Den Haag,ChIJN6pq2SO3xUcRoPoGcsm4u-s,5.0,5,"Wat een mooie winkel is dit zeg. Goede koffie, nette WC en even laptopje open terwijl de auto oplaad. Ideaal zo midden in de stad."
35683,Huijgenspark 56T,Alfen,Den Haag,ChIJN6pq2SO3xUcRoPoGcsm4u-s,5.0,5,Ideale locatie! Tijdens mijn meeting kunnen laden onder het genot van een heerlijke koffie. Aanrader!
35683,Huijgenspark 56T,Alfen,Den Haag,ChIJN6pq2SO3xUcRoPoGcsm4u-s,5.0,5,"Een hele prettige locatie in het centrum van Den Haag (overdekt, 30 minuten gratis parkeren bij snelladen en ruimte om te werken)."
35679,Noordenburglaan 21,EVnetNL,Voorburg,ChIJkfK77rO3xUcR16ERbHA7Qns,4.0,4,"Equans laadpaal, voor 1 auto. 7 parkeerplaatsen naar links ( in dezelfde rij) staat er een laadpaal voor 2 auto's"
35675,Meerndijk 59,Allego BV,De Meern,ChIJk1ERzLJ6xkcRsINWgRilR5E,3.2,2,"Was de enige die zijn auto hier ging opladen, dacht laat ik de 300KW lader pakken. Max 50KW vermogen kreeg ik.
Uiteindelijk na een paar minuten besloten om de auto te koppelen aan de andere laadpaal. Max 77KW, iets beter maar niet wat ze beweren te leveren. Rij je dan speciaal voor om beetje jammer."
35675,Meerndijk 59,Allego BV,De Meern,ChIJk1ERzLJ6xkcRsINWgRilR5E,3.2,3,Matige snelheid. Helemaal achterin de hoek van een groezelig parkeerterrein. Nabij burger King en La Place.
35675,Meerndijk 59,Allego BV,De Meern,ChIJk1ERzLJ6xkcRsINWgRilR5E,3.2,1,Voor laden met een trailer een ideale locatie. Helaas zijn koperdieven hier actief geweest en zijn bijna alle kabels afgesneden
35675,Meerndijk 59,Allego BV,De Meern,ChIJk1ERzLJ6xkcRsINWgRilR5E,3.2,5,"Top! Alle verschillende laad mogelijkheden inclusief NIET snelladers voor bijvoorbeeld Smart ForTwo, Fiat 500e, en zelfbouw/ombouw auto’s.
Let op: laadpalen zijn ietsje verplaatst en bevinden zich nu links naast het restaurant ipv. voor het restaurant."
35675,Meerndijk 59,Allego BV,De Meern,ChIJk1ERzLJ6xkcRsINWgRilR5E,3.2,4,"2 snellaadpunten werken, rechter laadpunt doet de paslezer het niet, ter info Allego!"
35669,Kampioensingel 13,EVnetNL,Den Haag,ChIJ14ATvynIxUcRUID05NQc7O4,5.0,5,Alles perfect!
35669,Kampioensingel 13,EVnetNL,Den Haag,ChIJ14ATvynIxUcRUID05NQc7O4,5.0,5,Mooie locatie met maar liefst 12 snelladers!
35669,Kampioensingel 13,EVnetNL,Den Haag,ChIJ14ATvynIxUcRUID05NQc7O4,5.0,5,"Zeer mooie en snelle laadpalen, 6 stations met 12 laders, schoon, vlakbij de snelweg, bijna altijd leeg, geen wachttijd, op de parkeerplaats van Gamma, andere winkels en op loopafstand van het Esso Peco-station waar je verschillende laadmogelijkheden hebt."
35669,Kampioensingel 13,EVnetNL,Den Haag,ChIJ14ATvynIxUcRUID05NQc7O4,5.0,5,Snellaadstations van 150 kW. Let op: er is geen Chademo-optie.
35665,Kampweg 46,EVnetNL,Bunnik,ChIJSzQyfTRmxkcR6mKZnXFl0S8,4.2,5,"06-25
Groot laadstation met 8 laadplekken van Fastned. Met de bekende goede kwaliteit.
300kW laders. Overdekt, voldoende prullenbakken, goede verlichting.  Voelt ook veilig."
35665,Kampweg 46,EVnetNL,Bunnik,ChIJSzQyfTRmxkcR6mKZnXFl0S8,4.2,3,De schuine parkeerplaatsen zijn erg onhandig. Zeker wanneer je links achter je laadpunt op de auto zit. Dan moet je toch op een bijzondere manier weten in te parkeren zo aan het begin van de parkeerplaats.
35665,Kampweg 46,EVnetNL,Bunnik,ChIJSzQyfTRmxkcR6mKZnXFl0S8,4.2,4,"Laadpunt is weer open na geruime tijd. Nieuw is dat je nu ook met je pinpas contactloos kan betalen. Het laadpunt ligt handig op de route voor mij. Ik laad met Chademo met 50kWh. Verder kun je laden met CCS of type 2 stekker. Bij de Esso kun je binnen zitten, wat ik prettig vind"
35665,Kampweg 46,EVnetNL,Bunnik,ChIJSzQyfTRmxkcR6mKZnXFl0S8,4.2,5,"Mooi aangelegde Fastned.
Veel laadpalen en verkooppunt voor koffie in de buurt."
35665,Kampweg 46,EVnetNL,Bunnik,ChIJSzQyfTRmxkcR6mKZnXFl0S8,4.2,5,"Een fijne FastNed-lokatie: Goed bereikbaar, meestal een plek vrij, mooie laadcapaciteit."
35660,Italiëweg 25,Shell Recharge Solutions (BE),Bodegraven-Reeuwijk,ChIJvx_xVjPRxUcRkQskGO6_Sn4,3.3,1,"Als enige aan de pakken. De Fastned staat wel helemaal vol. Snelheid komt niet boven de 15kw.

Maar even wachten op een plekje bij de Fastned."
35660,Italiëweg 25,Shell Recharge Solutions (BE),Bodegraven-Reeuwijk,ChIJvx_xVjPRxUcRkQskGO6_Sn4,3.3,5,Werkt prima 👍
35660,Italiëweg 25,Shell Recharge Solutions (BE),Bodegraven-Reeuwijk,ChIJvx_xVjPRxUcRkQskGO6_Sn4,3.3,5,Even aan de snellader paal
35660,Italiëweg 25,Shell Recharge Solutions (BE),Bodegraven-Reeuwijk,ChIJvx_xVjPRxUcRkQskGO6_Sn4,3.3,1,"Alleen langzame laders, korte kabels, vreemde locatie, de meeste andere Shell laadstations hebben dit allemaal veel beter, ging naar die van Fastned ernaast."
35659,Sartrezijde 60,Alfen,Zoetermeer,ChIJ0SGjFSrJxUcRxEa85syv-bA,3.0,3,11KW geen 22kw
35646,Thea Beckmanpad 9,EVnetNL,Bunnik,ChIJSzQyfTRmxkcR6mKZnXFl0S8,4.2,5,"06-25
Groot laadstation met 8 laadplekken van Fastned. Met de bekende goede kwaliteit.
300kW laders. Overdekt, voldoende prullenbakken, goede verlichting.  Voelt ook veilig."
35646,Thea Beckmanpad 9,EVnetNL,Bunnik,ChIJSzQyfTRmxkcR6mKZnXFl0S8,4.2,3,De schuine parkeerplaatsen zijn erg onhandig. Zeker wanneer je links achter je laadpunt op de auto zit. Dan moet je toch op een bijzondere manier weten in te parkeren zo aan het begin van de parkeerplaats.
35646,Thea Beckmanpad 9,EVnetNL,Bunnik,ChIJSzQyfTRmxkcR6mKZnXFl0S8,4.2,4,"Laadpunt is weer open na geruime tijd. Nieuw is dat je nu ook met je pinpas contactloos kan betalen. Het laadpunt ligt handig op de route voor mij. Ik laad met Chademo met 50kWh. Verder kun je laden met CCS of type 2 stekker. Bij de Esso kun je binnen zitten, wat ik prettig vind"
35646,Thea Beckmanpad 9,EVnetNL,Bunnik,ChIJSzQyfTRmxkcR6mKZnXFl0S8,4.2,5,"Mooi aangelegde Fastned.
Veel laadpalen en verkooppunt voor koffie in de buurt."
35646,Thea Beckmanpad 9,EVnetNL,Bunnik,ChIJSzQyfTRmxkcR6mKZnXFl0S8,4.2,5,"Een fijne FastNed-lokatie: Goed bereikbaar, meestal een plek vrij, mooie laadcapaciteit."
35645,Nieuwlandstraat 16,Alfen,Zoetermeer,ChIJ0SGjFSrJxUcRxEa85syv-bA,3.0,3,11KW geen 22kw
35644,Duitslandweg 4,EVnetNL,Bodegraven-Reeuwijk,ChIJB02EiA7XxUcRijrp9GGL6LQ,3.0,3,Beetje uit de richting en vaak bezet door personeel
35643,Tolnasingel 3,Shell Recharge Solutions (BE),Bodegraven-Reeuwijk,ChIJvx_xVjPRxUcRkQskGO6_Sn4,3.3,1,"Als enige aan de pakken. De Fastned staat wel helemaal vol. Snelheid komt niet boven de 15kw.

Maar even wachten op een plekje bij de Fastned."
35643,Tolnasingel 3,Shell Recharge Solutions (BE),Bodegraven-Reeuwijk,ChIJvx_xVjPRxUcRkQskGO6_Sn4,3.3,5,Werkt prima 👍
35643,Tolnasingel 3,Shell Recharge Solutions (BE),Bodegraven-Reeuwijk,ChIJvx_xVjPRxUcRkQskGO6_Sn4,3.3,5,Even aan de snellader paal
35643,Tolnasingel 3,Shell Recharge Solutions (BE),Bodegraven-Reeuwijk,ChIJvx_xVjPRxUcRkQskGO6_Sn4,3.3,1,"Alleen langzame laders, korte kabels, vreemde locatie, de meeste andere Shell laadstations hebben dit allemaal veel beter, ging naar die van Fastned ernaast."
35639,J F Kennedylaan 2n,EVnetNL,Bunnik,ChIJSzQyfTRmxkcR6mKZnXFl0S8,4.2,5,"06-25
Groot laadstation met 8 laadplekken van Fastned. Met de bekende goede kwaliteit.
300kW laders. Overdekt, voldoende prullenbakken, goede verlichting.  Voelt ook veilig."
35639,J F Kennedylaan 2n,EVnetNL,Bunnik,ChIJSzQyfTRmxkcR6mKZnXFl0S8,4.2,3,De schuine parkeerplaatsen zijn erg onhandig. Zeker wanneer je links achter je laadpunt op de auto zit. Dan moet je toch op een bijzondere manier weten in te parkeren zo aan het begin van de parkeerplaats.
35639,J F Kennedylaan 2n,EVnetNL,Bunnik,ChIJSzQyfTRmxkcR6mKZnXFl0S8,4.2,4,"Laadpunt is weer open na geruime tijd. Nieuw is dat je nu ook met je pinpas contactloos kan betalen. Het laadpunt ligt handig op de route voor mij. Ik laad met Chademo met 50kWh. Verder kun je laden met CCS of type 2 stekker. Bij de Esso kun je binnen zitten, wat ik prettig vind"
35639,J F Kennedylaan 2n,EVnetNL,Bunnik,ChIJSzQyfTRmxkcR6mKZnXFl0S8,4.2,5,"Mooi aangelegde Fastned.
Veel laadpalen en verkooppunt voor koffie in de buurt."
35639,J F Kennedylaan 2n,EVnetNL,Bunnik,ChIJSzQyfTRmxkcR6mKZnXFl0S8,4.2,5,"Een fijne FastNed-lokatie: Goed bereikbaar, meestal een plek vrij, mooie laadcapaciteit."
35636,Lavendelstraat 96,Alfen,Den Haag,ChIJbecFwiKxxUcRMUzpdFH94Ao,1.0,1,Kon niet opladen. Tijdsverspilling! Zorg ervoor dat je je snelladers goed onderhoudt. Zowel A als B konden niet opladen.
35630,Van Zijldreef,EVnetNL,Bunnik,ChIJSzQyfTRmxkcR6mKZnXFl0S8,4.2,5,"06-25
Groot laadstation met 8 laadplekken van Fastned. Met de bekende goede kwaliteit.
300kW laders. Overdekt, voldoende prullenbakken, goede verlichting.  Voelt ook veilig."
35630,Van Zijldreef,EVnetNL,Bunnik,ChIJSzQyfTRmxkcR6mKZnXFl0S8,4.2,3,De schuine parkeerplaatsen zijn erg onhandig. Zeker wanneer je links achter je laadpunt op de auto zit. Dan moet je toch op een bijzondere manier weten in te parkeren zo aan het begin van de parkeerplaats.
35630,Van Zijldreef,EVnetNL,Bunnik,ChIJSzQyfTRmxkcR6mKZnXFl0S8,4.2,4,"Laadpunt is weer open na geruime tijd. Nieuw is dat je nu ook met je pinpas contactloos kan betalen. Het laadpunt ligt handig op de route voor mij. Ik laad met Chademo met 50kWh. Verder kun je laden met CCS of type 2 stekker. Bij de Esso kun je binnen zitten, wat ik prettig vind"
35630,Van Zijldreef,EVnetNL,Bunnik,ChIJSzQyfTRmxkcR6mKZnXFl0S8,4.2,5,"Mooi aangelegde Fastned.
Veel laadpalen en verkooppunt voor koffie in de buurt."
35630,Van Zijldreef,EVnetNL,Bunnik,ChIJSzQyfTRmxkcR6mKZnXFl0S8,4.2,5,"Een fijne FastNed-lokatie: Goed bereikbaar, meestal een plek vrij, mooie laadcapaciteit."
35628,Deltaplein 654,EVnetNL,Den Haag,ChIJqRz2UaWxxUcRGMt5W6kBD64,3.7,5,Prima plek!!
35628,Deltaplein 654,EVnetNL,Den Haag,ChIJqRz2UaWxxUcRGMt5W6kBD64,3.7,4,Prijs kan beter
35628,Deltaplein 654,EVnetNL,Den Haag,ChIJqRz2UaWxxUcRGMt5W6kBD64,3.7,3,Google denkt dat deze locatie gesloten is nadat fastned daar weg is
35628,Deltaplein 654,EVnetNL,Den Haag,ChIJqRz2UaWxxUcRGMt5W6kBD64,3.7,2,Duur
35628,Deltaplein 654,EVnetNL,Den Haag,ChIJqRz2UaWxxUcRGMt5W6kBD64,3.7,3,Max 30 kWh snelheid :(
35627,Lobelialaan 62,Alfen,Den Haag,ChIJqRz2UaWxxUcRGMt5W6kBD64,3.7,5,Prima plek!!
35627,Lobelialaan 62,Alfen,Den Haag,ChIJqRz2UaWxxUcRGMt5W6kBD64,3.7,4,Prijs kan beter
35627,Lobelialaan 62,Alfen,Den Haag,ChIJqRz2UaWxxUcRGMt5W6kBD64,3.7,3,Google denkt dat deze locatie gesloten is nadat fastned daar weg is
35627,Lobelialaan 62,Alfen,Den Haag,ChIJqRz2UaWxxUcRGMt5W6kBD64,3.7,2,Duur
35627,Lobelialaan 62,Alfen,Den Haag,ChIJqRz2UaWxxUcRGMt5W6kBD64,3.7,3,Max 30 kWh snelheid :(
35623,Goudsbloemtuin,Alfen,Zoetermeer,ChIJ0SGjFSrJxUcRxEa85syv-bA,3.0,3,11KW geen 22kw
35621,Goudseweg 32,Allego BV,Bodegraven,ChIJz-NdPBfXxUcRod8f9oAt-DQ,2.7,1,"Vreselijke ervaring.....

Ten eerste hangen de laadkabels niet netjes in de paal, ze vallen makkelijk uit de houder en raken beschadigd.

De software op de paal is vreselijk, en hij heeft ontzettende veel moeite om met de auto te verbinden. En om mijn laaddruppel te accepteren.

Na een paar keer proberen lukt het toch. En laden gaat vlot en goed.

Waren het niet dat vervolgens de software op de paal vervolgens HELEMAAL NIKS MEER DOET, ik kan de sessie niet bekijken, niet stoppen, helemaal niks doet de paal meer.

Uiteindelijk maar de kabel uit mijn auto gehaald.

Circle K, Jullie moeten hier echt verbetering in aanbrengen, dit was echt niet fijn!"
35621,Goudseweg 32,Allego BV,Bodegraven,ChIJz-NdPBfXxUcRod8f9oAt-DQ,2.7,2,"Het werkt. Volgens het laadstation kan het tot 175 kW leveren, maar het kwam niet hoger dan 90 kW toen er geen andere mensen aan het laden waren.

De handgrepen van de lader waren erg vies. Iets verderop op de parkeerplaats is een FastNet-station dat beter is."
35618,Piershilstraat 25,Alfen,Zoetermeer,ChIJ0SGjFSrJxUcRxEa85syv-bA,3.0,3,11KW geen 22kw
35617,Laan van Meerdervoort 1229,Alfen,Den Haag,ChIJ-1BTfQexxUcRwMda9wrKHsc,1.0,1,"Deze laadpaal staat al maanden uit waarvan de beheerder op de hoogte is, maar geen onderhoud uitvoert om de dienst te herstellen."
35616,Julianaweg 221,EVnetNL,Utrecht,ChIJZ6nc--9lxkcRYcpRwy2OW2A,1.0,1,Dit is geen openbare laadpaal. Deze is uitsluitend bedoeld voor medewerkers van de gemeente.
35610,Cliviastraat 35,Alfen,Den Haag,ChIJqRz2UaWxxUcRGMt5W6kBD64,3.7,5,Prima plek!!
35610,Cliviastraat 35,Alfen,Den Haag,ChIJqRz2UaWxxUcRGMt5W6kBD64,3.7,4,Prijs kan beter
35610,Cliviastraat 35,Alfen,Den Haag,ChIJqRz2UaWxxUcRGMt5W6kBD64,3.7,3,Google denkt dat deze locatie gesloten is nadat fastned daar weg is
35610,Cliviastraat 35,Alfen,Den Haag,ChIJqRz2UaWxxUcRGMt5W6kBD64,3.7,2,Duur
35610,Cliviastraat 35,Alfen,Den Haag,ChIJqRz2UaWxxUcRGMt5W6kBD64,3.7,3,Max 30 kWh snelheid :(
35607,Pieter van der Meulenlaan 2,EVnetNL,Den Haag,ChIJleyn7-K3xUcRc-EzGWoh2Kk,3.9,4,"Beetje afgelegen maar je zit zo weer op de A4
Van 34% naar 91% in 40min en
15kw geladen met een Dacia Spring."
35607,Pieter van der Meulenlaan 2,EVnetNL,Den Haag,ChIJleyn7-K3xUcRc-EzGWoh2Kk,3.9,3,"Beetje afgelegen maar prima te bereiken als je vanaf de snelweg komt of het Foodpark. Het is alleen jammer dat er soms elektrische DHL-busjes onnodig een paal bezet houden.
Verder zijn er geen voorzieningen in de buurt. Om de tijd te doden zou je best de Volvo of Audi-dealer kunnen bezoeken."
35607,Pieter van der Meulenlaan 2,EVnetNL,Den Haag,ChIJleyn7-K3xUcRc-EzGWoh2Kk,3.9,2,"1 buiten werking, ander bezet door vrachtwagen die al lang vol was"
35607,Pieter van der Meulenlaan 2,EVnetNL,Den Haag,ChIJleyn7-K3xUcRc-EzGWoh2Kk,3.9,5,"2 palen, 2x chademo,  2x ccs
Heerlijk afgelegen dus lekker rustig."
35607,Pieter van der Meulenlaan 2,EVnetNL,Den Haag,ChIJleyn7-K3xUcRc-EzGWoh2Kk,3.9,5,Normaal prima nu deden beide palen het niet helaas.
35599,Spartastraat 3,Alfen,Zoetermeer,ChIJ0SGjFSrJxUcRxEa85syv-bA,3.0,3,11KW geen 22kw
35593,Poortugaalstraat 89,EVnetNL,Zoetermeer,ChIJdUOm3wLPxUcRtLvmARy5t84,1.0,1,"Al bijna een jaar kapot, echt dramatisch"
35585,Willem Hanegraaflaan 1T,EVnetNL,Den Haag,ChIJleyn7-K3xUcRc-EzGWoh2Kk,3.9,4,"Beetje afgelegen maar je zit zo weer op de A4
Van 34% naar 91% in 40min en
15kw geladen met een Dacia Spring."
35585,Willem Hanegraaflaan 1T,EVnetNL,Den Haag,ChIJleyn7-K3xUcRc-EzGWoh2Kk,3.9,3,"Beetje afgelegen maar prima te bereiken als je vanaf de snelweg komt of het Foodpark. Het is alleen jammer dat er soms elektrische DHL-busjes onnodig een paal bezet houden.
Verder zijn er geen voorzieningen in de buurt. Om de tijd te doden zou je best de Volvo of Audi-dealer kunnen bezoeken."
35585,Willem Hanegraaflaan 1T,EVnetNL,Den Haag,ChIJleyn7-K3xUcRc-EzGWoh2Kk,3.9,2,"1 buiten werking, ander bezet door vrachtwagen die al lang vol was"
35585,Willem Hanegraaflaan 1T,EVnetNL,Den Haag,ChIJleyn7-K3xUcRc-EzGWoh2Kk,3.9,5,"2 palen, 2x chademo,  2x ccs
Heerlijk afgelegen dus lekker rustig."
35585,Willem Hanegraaflaan 1T,EVnetNL,Den Haag,ChIJleyn7-K3xUcRc-EzGWoh2Kk,3.9,5,Normaal prima nu deden beide palen het niet helaas.
35583,Ingenieur Veltplein,Alfen,Zoetermeer,ChIJ0SGjFSrJxUcRxEa85syv-bA,3.0,3,11KW geen 22kw
35580,Maarseveensestraat 4,Alfen,Den Haag,ChIJ68Lzmi6xxUcRz6gcJhcDHcE,2.0,2,Slecht
35568,Nederlandlaan,Stadtwerke Clausthal-Zellerfeld,MRDH,ChIJSWh2q_o7pUcRgwk5oAWAKKk,3.5,5,"Mijn verwarmingssysteem viel de laatste weken regelmatig uit. Helaas kon mijn loodgieter tijdens het onderhoud de oorzaak van het probleem niet vinden. Omdat de gasdruk van 18 mbar aan de ondergrens van mijn verwarmingssysteem lag, vermoedde ik dat dat de oorzaak was. Ik heb direct het lokale energiebedrijf gebeld en de situatie uitgelegd. Nog geen half uur later waren er twee medewerkers die de drukregelaar op de gasmeter vervingen. De daaropvolgende meting gaf 25 mbar aan. De verwarming werkt weer. Uitstekende service! 👍🏻"
35568,Nederlandlaan,Stadtwerke Clausthal-Zellerfeld,MRDH,ChIJSWh2q_o7pUcRgwk5oAWAKKk,3.5,1,Eén ster is veel te genereus. Het is vrijwel onmogelijk om contact op te nemen met het energiebedrijf. De klantenservice is er gewoon niet. Ze stellen de overstap naar een andere leverancier opzettelijk zo lang mogelijk uit. Het is schandalig.
35568,Nederlandlaan,Stadtwerke Clausthal-Zellerfeld,MRDH,ChIJSWh2q_o7pUcRgwk5oAWAKKk,3.5,1,"Het is natuurlijk vervelend als je als klant geen stroom meer hebt en zelf de stroomstoring moet melden bij de juiste instantie. Klantenservice staat hier helaas niet voorop, waardoor je je afvraagt ​​of het niet verstandiger is om regelmatig van leverancier te wisselen. Qua service kunnen anderen het net zo goed en misschien zelfs wel goedkoper!"
35568,Nederlandlaan,Stadtwerke Clausthal-Zellerfeld,MRDH,ChIJSWh2q_o7pUcRgwk5oAWAKKk,3.5,1,"Al wekenlang komt er alleen maar vervuild water uit de kraan. We moeten al het water koken om te drinken, groenten te wassen, enzovoort, om het te mogen gebruiken. Dit is een onacceptabele situatie die tot nader order zal aanhouden. Niemand weet hoe lang dit gaat duren, en niemand lijkt zich er druk om te maken. Het moet toch mogelijk zijn om zo snel mogelijk nieuwe filtersystemen of iets dergelijks te installeren? Het voelt alsof we in een ontwikkelingsland leven. De gemeentelijke nutsbedrijven zouden zich moeten schamen dat ze zoveel mensen zo lang laten wachten zonder merkbare veranderingen door te voeren. Waarom zorgt onze overheid of andere verantwoordelijke partijen hier niet voor? Ik dacht dat drinkwater een basisrecht was in Duitsland."
35568,Nederlandlaan,Stadtwerke Clausthal-Zellerfeld,MRDH,ChIJSWh2q_o7pUcRgwk5oAWAKKk,3.5,2,"De medewerkers van de gemeentelijke nutsbedrijven die ik heb ontmoet, zijn zeker vriendelijk. Mijn ervaring is echter dat ze niet over de nodige competentie beschikken om taken efficiënt en effectief af te handelen. Als iemand uit de Boven-Harz is dit natuurlijk teleurstellend, maar helaas is dit mijn ervaring."
35566,IJsselsteinstraat 6,Alfen,Den Haag,ChIJbecFwiKxxUcRMUzpdFH94Ao,1.0,1,Kon niet opladen. Tijdsverspilling! Zorg ervoor dat je je snelladers goed onderhoudt. Zowel A als B konden niet opladen.
35553,Heiloostraat 945,Alfen,Den Haag,ChIJbecFwiKxxUcRMUzpdFH94Ao,1.0,1,Kon niet opladen. Tijdsverspilling! Zorg ervoor dat je je snelladers goed onderhoudt. Zowel A als B konden niet opladen.
35551,Oscar Romeroplein 41,Alfen,Den Haag,ChIJbecFwiKxxUcRMUzpdFH94Ao,1.0,1,Kon niet opladen. Tijdsverspilling! Zorg ervoor dat je je snelladers goed onderhoudt. Zowel A als B konden niet opladen.
35543,Allard Piersonlaan 139C,Alfen,Den Haag,ChIJU99z-uW2xUcRmOOD5BU5D0I,5.0,5,Werkte prima
35540,Zuidwijkstraat 118,Alfen,Zoetermeer,ChIJ0SGjFSrJxUcRxEa85syv-bA,3.0,3,11KW geen 22kw
35536,Van Leeuwenhoeklaan 153,Alfen,Zoetermeer,ChIJ0SGjFSrJxUcRxEa85syv-bA,3.0,3,11KW geen 22kw
35535,Schoutenhoek 150,Alfen,Zoetermeer,ChIJ___jwNDOxUcR1H-BqRned0Y,1.1,1,google map geef an dat ie foet maar kom je lang doe ie niet
35535,Schoutenhoek 150,Alfen,Zoetermeer,ChIJ___jwNDOxUcR1H-BqRned0Y,1.1,2,"Let op, de laadstekker is erg kort, te kort! Met een lange auto of je laadpoort aan de verkeerde kant tov de lader kun je pech hebben. Er is weinig ruimte om te manoeuvreren met je auto. De snellader werkt verder prima. 2x150 kW."
35535,Schoutenhoek 150,Alfen,Zoetermeer,ChIJ___jwNDOxUcR1H-BqRned0Y,1.1,1,De hele dag is de rechter laadpaal buiten gebruik. Snap niet dat er meer in Zoetermeer is
35535,Schoutenhoek 150,Alfen,Zoetermeer,ChIJ___jwNDOxUcR1H-BqRned0Y,1.1,1,Software op de laadpaal werkt niet goed
35535,Schoutenhoek 150,Alfen,Zoetermeer,ChIJ___jwNDOxUcR1H-BqRned0Y,1.1,1,kapot
35530,Albert Schweitzerlaan 2,Alfen,Den Haag,ChIJbecFwiKxxUcRMUzpdFH94Ao,1.0,1,Kon niet opladen. Tijdsverspilling! Zorg ervoor dat je je snelladers goed onderhoudt. Zowel A als B konden niet opladen.
35525,Prinses Máximaplein,EVnetNL,Den Haag,ChIJq5RdQPG3xUcRt5ZZAurzGYA,3.8,3,"Erg traag, kan ook door drukte komen maar kwam niet boven de 65kw uit."
35525,Prinses Máximaplein,EVnetNL,Den Haag,ChIJq5RdQPG3xUcRt5ZZAurzGYA,3.8,1,Geen chademo aanwezig!!!
35525,Prinses Máximaplein,EVnetNL,Den Haag,ChIJq5RdQPG3xUcRt5ZZAurzGYA,3.8,4,Goed en snel laadpunt. Wel 3x moeten proberen voordat het laden echt begon. Dichtbij station Nootdorp en een grote parkeerplaats. Wel jammer dat er geen winkeltje bij zit waar je tijdens het laden even kan zitten en wat kan kopen en eten.
35525,Prinses Máximaplein,EVnetNL,Den Haag,ChIJq5RdQPG3xUcRt5ZZAurzGYA,3.8,1,Geen chademo punt jammer
35525,Prinses Máximaplein,EVnetNL,Den Haag,ChIJq5RdQPG3xUcRt5ZZAurzGYA,3.8,5,Goed en duidelijk bereikbaar. Prima oplaadpunt.
35522,Melodiestraat 3,Alfen,Den Haag,ChIJqRz2UaWxxUcRGMt5W6kBD64,3.7,5,Prima plek!!
35522,Melodiestraat 3,Alfen,Den Haag,ChIJqRz2UaWxxUcRGMt5W6kBD64,3.7,4,Prijs kan beter
35522,Melodiestraat 3,Alfen,Den Haag,ChIJqRz2UaWxxUcRGMt5W6kBD64,3.7,3,Google denkt dat deze locatie gesloten is nadat fastned daar weg is
35522,Melodiestraat 3,Alfen,Den Haag,ChIJqRz2UaWxxUcRGMt5W6kBD64,3.7,2,Duur
35522,Melodiestraat 3,Alfen,Den Haag,ChIJqRz2UaWxxUcRGMt5W6kBD64,3.7,3,Max 30 kWh snelheid :(
35520,Reeuwijkse Poort 103,Shell Recharge Solutions (BE),Bodegraven-Reeuwijk,ChIJvx_xVjPRxUcRkQskGO6_Sn4,3.3,1,"Als enige aan de pakken. De Fastned staat wel helemaal vol. Snelheid komt niet boven de 15kw.

Maar even wachten op een plekje bij de Fastned."
35520,Reeuwijkse Poort 103,Shell Recharge Solutions (BE),Bodegraven-Reeuwijk,ChIJvx_xVjPRxUcRkQskGO6_Sn4,3.3,5,Werkt prima 👍
35520,Reeuwijkse Poort 103,Shell Recharge Solutions (BE),Bodegraven-Reeuwijk,ChIJvx_xVjPRxUcRkQskGO6_Sn4,3.3,5,Even aan de snellader paal
35520,Reeuwijkse Poort 103,Shell Recharge Solutions (BE),Bodegraven-Reeuwijk,ChIJvx_xVjPRxUcRkQskGO6_Sn4,3.3,1,"Alleen langzame laders, korte kabels, vreemde locatie, de meeste andere Shell laadstations hebben dit allemaal veel beter, ging naar die van Fastned ernaast."
35519,Ravenswade,Stadtwerke Clausthal-Zellerfeld,Nieuwegein,ChIJcwAwidplxkcRBoayU5UNdLk,2.0,1,De prijs van electriciteit is hier te hoog. Woekerprijzen.
35515,Veenweg 77a,EVnetNL,Pijnacker-Nootdorp,ChIJtR8N1lLLxUcRPAN-843AuHA,3.0,3,Ik was er wel maar niet voor de laadpaal. Zag er wel mooi uit hoor. Jammer dat de rest zo'n bouwput is.
35509,Alexanderstraat 53,Alfen,Zoetermeer,ChIJ0SGjFSrJxUcRxEa85syv-bA,3.0,3,11KW geen 22kw
35508,Javalaan 71,Alfen,Zoetermeer,ChIJ0SGjFSrJxUcRxEa85syv-bA,3.0,3,11KW geen 22kw
35507,Brede Schouw,Shell Recharge Solutions (BE),Bodegraven-Reeuwijk,ChIJvx_xVjPRxUcRkQskGO6_Sn4,3.3,1,"Als enige aan de pakken. De Fastned staat wel helemaal vol. Snelheid komt niet boven de 15kw.

Maar even wachten op een plekje bij de Fastned."
35507,Brede Schouw,Shell Recharge Solutions (BE),Bodegraven-Reeuwijk,ChIJvx_xVjPRxUcRkQskGO6_Sn4,3.3,5,Werkt prima 👍
35507,Brede Schouw,Shell Recharge Solutions (BE),Bodegraven-Reeuwijk,ChIJvx_xVjPRxUcRkQskGO6_Sn4,3.3,5,Even aan de snellader paal
35507,Brede Schouw,Shell Recharge Solutions (BE),Bodegraven-Reeuwijk,ChIJvx_xVjPRxUcRkQskGO6_Sn4,3.3,1,"Alleen langzame laders, korte kabels, vreemde locatie, de meeste andere Shell laadstations hebben dit allemaal veel beter, ging naar die van Fastned ernaast."
35500,Buizerdlaan 48,Alfen,Den Haag,ChIJleyn7-K3xUcRc-EzGWoh2Kk,3.9,4,"Beetje afgelegen maar je zit zo weer op de A4
Van 34% naar 91% in 40min en
15kw geladen met een Dacia Spring."
35500,Buizerdlaan 48,Alfen,Den Haag,ChIJleyn7-K3xUcRc-EzGWoh2Kk,3.9,3,"Beetje afgelegen maar prima te bereiken als je vanaf de snelweg komt of het Foodpark. Het is alleen jammer dat er soms elektrische DHL-busjes onnodig een paal bezet houden.
Verder zijn er geen voorzieningen in de buurt. Om de tijd te doden zou je best de Volvo of Audi-dealer kunnen bezoeken."
35500,Buizerdlaan 48,Alfen,Den Haag,ChIJleyn7-K3xUcRc-EzGWoh2Kk,3.9,2,"1 buiten werking, ander bezet door vrachtwagen die al lang vol was"
35500,Buizerdlaan 48,Alfen,Den Haag,ChIJleyn7-K3xUcRc-EzGWoh2Kk,3.9,5,"2 palen, 2x chademo,  2x ccs
Heerlijk afgelegen dus lekker rustig."
35500,Buizerdlaan 48,Alfen,Den Haag,ChIJleyn7-K3xUcRc-EzGWoh2Kk,3.9,5,Normaal prima nu deden beide palen het niet helaas.
35499,Westland 1,Alfen,Zoetermeer,ChIJ0SGjFSrJxUcRxEa85syv-bA,3.0,3,11KW geen 22kw
35491,Kapelaan Meereboerweg,EVnetNL,Den Haag,ChIJIyx-uHaxxUcR_V0hktMzLuQ,5.0,5,Mooie plek om te laden. Gelijk naast bouwmarkt.
35484,J.C. van der Lansstraat 27,Alfen,Den Haag,ChIJIyx-uHaxxUcR_V0hktMzLuQ,5.0,5,Mooie plek om te laden. Gelijk naast bouwmarkt.
35468,Zebraweide 16,EVnetNL,Nieuwegein,ChIJwaq6ya9lxkcRysiSMiTjWXo,5.0,5,Dit is een 50 kW-lader. Ik heb deze geprobeerd en hij laadt op 5 km/minuut.
35464,Alonehout 31,Alfen,Zoetermeer,ChIJ0SGjFSrJxUcRxEa85syv-bA,3.0,3,11KW geen 22kw
35463,Laan van Nootdorp 58,EVnetNL,Pijnacker-Nootdorp,ChIJS5aaIiC2xUcR-kqVDGpTc0M,1.0,1,Werkt niet / geeft op geen enkele manier feedback
35452,Vuurvliegweide 17,EVnetNL,Nieuwegein,ChIJl6-GYD5kxkcRFU_xIS42NJQ,1.0,1,Kon niet laden
35449,Brasemdaal 5,Alfen,Den Haag,ChIJIyx-uHaxxUcR_V0hktMzLuQ,5.0,5,Mooie plek om te laden. Gelijk naast bouwmarkt.
35447,Hermelijnwit 4,Alfen,Zoetermeer,ChIJ0SGjFSrJxUcRxEa85syv-bA,3.0,3,11KW geen 22kw
35424,Kerkweg-Oost,EVnetNL,Waddinxveen,ChIJN1WVHgjRxUcRSmvoQ_Z9Yco,4.8,5,"Momenteel een van de snelste laders in Waddinxveen.
50 kWh met CCS en ChaDeMo aansluitingen
Makkelijk bereikbare lader met mogelijkheden om een goede kop koffie en een lekker broodje te halen in de Shell Shop"
35424,Kerkweg-Oost,EVnetNL,Waddinxveen,ChIJN1WVHgjRxUcRSmvoQ_Z9Yco,4.8,5,Zeer fijn dat er een snellader is in het dorp!
35420,Cobbenhagenstraat 22,Stadtwerke Clausthal-Zellerfeld,Rijswijk,ChIJlSU1JIa2xUcR_bLFo2LFTfo,4.7,5,Laden bij Mac
35411,Mgr P.J. Willekenslaan 141,Shell Recharge Solutions (BE),Rijswijk,ChIJlwFob2C2xUcRiEvUgI-Ujv0,5.0,5,Terwijl je je tesla oplaadt kan je heerlijk barbecuen
35411,Mgr P.J. Willekenslaan 141,Shell Recharge Solutions (BE),Rijswijk,ChIJlwFob2C2xUcRiEvUgI-Ujv0,5.0,5,Goede bbq voor bij het wachten. Je kan gewoon aankloppen en aanschuiven
35411,Mgr P.J. Willekenslaan 141,Shell Recharge Solutions (BE),Rijswijk,ChIJlwFob2C2xUcRiEvUgI-Ujv0,5.0,5,Wel maar 11kw maarja staat wel meestal een bmw
35392,Meidoornkade,EVnetNL,Houten,ChIJAYNRm4RmxkcRiHwMTPRi9GA,2.0,1,Bestaat niet!
35392,Meidoornkade,EVnetNL,Houten,ChIJAYNRm4RmxkcRiHwMTPRi9GA,2.0,1,Is prive
35384,Zuidplaslaan 412,EVnetNL,Waddinxveen,ChIJvdYShr3RxUcRwjE3pK7UDIc,3.0,3,Mooie plek voor een laadpaal
35371,Edelgasstraat,Stadtwerke Clausthal-Zellerfeld,Zoetermeer,ChIJu6oaUsrOxUcRE71YsJ4MR7E,3.0,4,Laadpaal stond er netjes bij en het scherm werkte gewoon. Hij stond alleen niet heel duidelijk aangegeven dus ik moest even zoeken op de parkeerplaats . Ook jammer dat er zoveel afval omheen lag.
35371,Edelgasstraat,Stadtwerke Clausthal-Zellerfeld,Zoetermeer,ChIJu6oaUsrOxUcRE71YsJ4MR7E,3.0,1,"Vattenfall laadpas of 'telefoon'' nodig.
Bedoeld wordt app InCharge. En dan niet aanmelden. Laadpaal nr of QR code gebruiken.  Complex.
Plek verlaten zonder opladen.  Te weinig info. Nu thuis uitgezocht."
35354,Coenecoop 6,Shell Recharge Solutions (BE),Waddinxveen,ChIJN1WVHgjRxUcRSmvoQ_Z9Yco,4.8,5,"Momenteel een van de snelste laders in Waddinxveen.
50 kWh met CCS en ChaDeMo aansluitingen
Makkelijk bereikbare lader met mogelijkheden om een goede kop koffie en een lekker broodje te halen in de Shell Shop"
35354,Coenecoop 6,Shell Recharge Solutions (BE),Waddinxveen,ChIJN1WVHgjRxUcRSmvoQ_Z9Yco,4.8,5,Zeer fijn dat er een snellader is in het dorp!
35340,Heulweg 25,Shell Recharge Solutions (BE),Rijswijk,ChIJHYd6Z3a2xUcRfvjHrb0f3JA,3.4,1,3 van de 4 laadpalen werkt niet. Verspil je tijd en moeite niet en zoek een betere laadpaal.
35340,Heulweg 25,Shell Recharge Solutions (BE),Rijswijk,ChIJHYd6Z3a2xUcRfvjHrb0f3JA,3.4,4,"Prima plek, voor mij dicht bij huis voor noodgevallen. Jammer dat het maar Max 50KwH ‘snel lader’ is. Maar gelukkig is er een Starbucks waar je even iets kan drinken."
35340,Heulweg 25,Shell Recharge Solutions (BE),Rijswijk,ChIJHYd6Z3a2xUcRfvjHrb0f3JA,3.4,5,"Werkt prima, 4x tot 250 kwh laadpalen"
35340,Heulweg 25,Shell Recharge Solutions (BE),Rijswijk,ChIJHYd6Z3a2xUcRfvjHrb0f3JA,3.4,5,"Lekker veel laadpalen en enigszins niet vreselijk duur
En lekkere patat"
35325,Brinkwal 3,EVnetNL,Nieuwegein,ChIJtTnTDEZkxkcR-vlXPy4P7BI,4.0,4,"Paal ontkoppelt niet. Kabel kan er niet meer uit. Mocht gelukkig even bellen bij Zwembad Merwestein maar de juffrouw van Allego kon me alleen maar melden dat ze de paal niet op afstand kon bedienen. Internetverbinding verbroken. Kreeg wat tips maar dat werkte niet. Dan maar naar huis zonder kabel.
Weer gebeld en nu met succes. Kabel wordt ontkoppeld en binnen 4 uur afspraak over bezorging.
Pech maar wel met goede afloop. Fingers crossed want de 4 uur zijn nog lang niet om. 😊
Kabel is inmiddels netjes thuis bezorgd. Top Service!"
35316,Hoofdveste,EVnetNL,Houten,ChIJAYNRm4RmxkcRiHwMTPRi9GA,2.0,1,Bestaat niet!
35316,Hoofdveste,EVnetNL,Houten,ChIJAYNRm4RmxkcRiHwMTPRi9GA,2.0,1,Is prive
35302,Noordweg,EVnetNL,Pijnacker-Nootdorp,ChIJtR8N1lLLxUcRPAN-843AuHA,3.0,3,Ik was er wel maar niet voor de laadpaal. Zag er wel mooi uit hoor. Jammer dat de rest zo'n bouwput is.
35298,Coenecoop 250,Shell Recharge Solutions (BE),Waddinxveen,ChIJN1WVHgjRxUcRSmvoQ_Z9Yco,4.8,5,"Momenteel een van de snelste laders in Waddinxveen.
50 kWh met CCS en ChaDeMo aansluitingen
Makkelijk bereikbare lader met mogelijkheden om een goede kop koffie en een lekker broodje te halen in de Shell Shop"
35298,Coenecoop 250,Shell Recharge Solutions (BE),Waddinxveen,ChIJN1WVHgjRxUcRSmvoQ_Z9Yco,4.8,5,Zeer fijn dat er een snellader is in het dorp!
35297,Eerste Abel Tasmanhof 1,EVnetNL,Gouda,ChIJm7JuurLWxUcRxD9J97Z5Ea4,5.0,5,Handige oplader
35297,Eerste Abel Tasmanhof 1,EVnetNL,Gouda,ChIJm7JuurLWxUcRxD9J97Z5Ea4,5.0,5,Super
35296,Nieuweweg 12C,Stadtwerke Clausthal-Zellerfeld,MRDH,ChIJSWh2q_o7pUcRgwk5oAWAKKk,3.5,5,"Mijn verwarmingssysteem viel de laatste weken regelmatig uit. Helaas kon mijn loodgieter tijdens het onderhoud de oorzaak van het probleem niet vinden. Omdat de gasdruk van 18 mbar aan de ondergrens van mijn verwarmingssysteem lag, vermoedde ik dat dat de oorzaak was. Ik heb direct het lokale energiebedrijf gebeld en de situatie uitgelegd. Nog geen half uur later waren er twee medewerkers die de drukregelaar op de gasmeter vervingen. De daaropvolgende meting gaf 25 mbar aan. De verwarming werkt weer. Uitstekende service! 👍🏻"
35296,Nieuweweg 12C,Stadtwerke Clausthal-Zellerfeld,MRDH,ChIJSWh2q_o7pUcRgwk5oAWAKKk,3.5,1,Eén ster is veel te genereus. Het is vrijwel onmogelijk om contact op te nemen met het energiebedrijf. De klantenservice is er gewoon niet. Ze stellen de overstap naar een andere leverancier opzettelijk zo lang mogelijk uit. Het is schandalig.
35296,Nieuweweg 12C,Stadtwerke Clausthal-Zellerfeld,MRDH,ChIJSWh2q_o7pUcRgwk5oAWAKKk,3.5,1,"Het is natuurlijk vervelend als je als klant geen stroom meer hebt en zelf de stroomstoring moet melden bij de juiste instantie. Klantenservice staat hier helaas niet voorop, waardoor je je afvraagt ​​of het niet verstandiger is om regelmatig van leverancier te wisselen. Qua service kunnen anderen het net zo goed en misschien zelfs wel goedkoper!"
35296,Nieuweweg 12C,Stadtwerke Clausthal-Zellerfeld,MRDH,ChIJSWh2q_o7pUcRgwk5oAWAKKk,3.5,1,"Al wekenlang komt er alleen maar vervuild water uit de kraan. We moeten al het water koken om te drinken, groenten te wassen, enzovoort, om het te mogen gebruiken. Dit is een onacceptabele situatie die tot nader order zal aanhouden. Niemand weet hoe lang dit gaat duren, en niemand lijkt zich er druk om te maken. Het moet toch mogelijk zijn om zo snel mogelijk nieuwe filtersystemen of iets dergelijks te installeren? Het voelt alsof we in een ontwikkelingsland leven. De gemeentelijke nutsbedrijven zouden zich moeten schamen dat ze zoveel mensen zo lang laten wachten zonder merkbare veranderingen door te voeren. Waarom zorgt onze overheid of andere verantwoordelijke partijen hier niet voor? Ik dacht dat drinkwater een basisrecht was in Duitsland."
35296,Nieuweweg 12C,Stadtwerke Clausthal-Zellerfeld,MRDH,ChIJSWh2q_o7pUcRgwk5oAWAKKk,3.5,2,"De medewerkers van de gemeentelijke nutsbedrijven die ik heb ontmoet, zijn zeker vriendelijk. Mijn ervaring is echter dat ze niet over de nodige competentie beschikken om taken efficiënt en effectief af te handelen. Als iemand uit de Boven-Harz is dit natuurlijk teleurstellend, maar helaas is dit mijn ervaring."
35283,Zwolleweg 10,Shell Recharge Solutions (BE),Gouda,ChIJvx_xVjPRxUcRkQskGO6_Sn4,3.3,1,"Als enige aan de pakken. De Fastned staat wel helemaal vol. Snelheid komt niet boven de 15kw.

Maar even wachten op een plekje bij de Fastned."
35283,Zwolleweg 10,Shell Recharge Solutions (BE),Gouda,ChIJvx_xVjPRxUcRkQskGO6_Sn4,3.3,5,Werkt prima 👍
35283,Zwolleweg 10,Shell Recharge Solutions (BE),Gouda,ChIJvx_xVjPRxUcRkQskGO6_Sn4,3.3,5,Even aan de snellader paal
35283,Zwolleweg 10,Shell Recharge Solutions (BE),Gouda,ChIJvx_xVjPRxUcRkQskGO6_Sn4,3.3,1,"Alleen langzame laders, korte kabels, vreemde locatie, de meeste andere Shell laadstations hebben dit allemaal veel beter, ging naar die van Fastned ernaast."
35266,Sint Eustatiusstraat 2,EVnetNL,Delft,ChIJdQDWFHW2xUcR9Q2k60ILAvs,2.2,2,150kW laadpaal werkt niet
35266,Sint Eustatiusstraat 2,EVnetNL,Delft,ChIJdQDWFHW2xUcR9Q2k60ILAvs,2.2,1,Geeft lang melding dat er geen power beschikbaar is. Na 5 min afgebroken. Niet kunnen laden n
35266,Sint Eustatiusstraat 2,EVnetNL,Delft,ChIJdQDWFHW2xUcR9Q2k60ILAvs,2.2,1,"Het zag er erg verwaarloosd uit toen ik het probeerde te gebruiken. Overal lag afval van onbeschofte McDonald's-bezoekers. Uiteindelijk bleek geen enkel laadstation bruikbaar. Ik kon bij geen enkel station opladen, wat jammer. Ik moest naar Shell."
35266,Sint Eustatiusstraat 2,EVnetNL,Delft,ChIJdQDWFHW2xUcR9Q2k60ILAvs,2.2,5,Goede zenders!
35242,Jan van der Heydenweg 36,EVnetNL,IJsselstein,ChIJZ_6_141kxkcRGC7to4S44Tw,3.0,3,"Een goede plek om even snel ""bij"" te laden met 150kw. Een afdakje en prullenbakken zou fijn zijn.

Wat mij wel opvalt is dat mensen met een elektrische auto er ook gewoon parkeren, zonder te laden. Om de winkel ernaast te bezoeken."
35241,Distributieweg 13,Shell Recharge Solutions (BE),Waddinxveen,ChIJN1WVHgjRxUcRSmvoQ_Z9Yco,4.8,5,"Momenteel een van de snelste laders in Waddinxveen.
50 kWh met CCS en ChaDeMo aansluitingen
Makkelijk bereikbare lader met mogelijkheden om een goede kop koffie en een lekker broodje te halen in de Shell Shop"
35241,Distributieweg 13,Shell Recharge Solutions (BE),Waddinxveen,ChIJN1WVHgjRxUcRSmvoQ_Z9Yco,4.8,5,Zeer fijn dat er een snellader is in het dorp!
35228,AC Restaurant Nieuwegein West / De Kroon,Allego BV,Nieuwegein,ChIJE7RovqlnxkcRoftOYRCtPaw,3.8,1,"Oppassen voor overschrijdingstoeslag. Dat staat nergens vermeld en dat zie je pas als je de app (of factuur) van je kaart leverancier bekijkt. Zo was ik dus 7,5 euro (incl. btw) kwijt voor 1,4 kWh. Ik heb er 2 uur gestaan. De reguliere palen worden amper gebruikt."
35228,AC Restaurant Nieuwegein West / De Kroon,Allego BV,Nieuwegein,ChIJE7RovqlnxkcRoftOYRCtPaw,3.8,5,"Haje heeft 4 x 300 kWh ccs ,laadsnelheid boven 215 kWh (Ioniq5) dus..geen klagen en prima restaurant met uitzicht (nu moest onze auto op ons wachten ipv wij op de auto 😀)"
35228,AC Restaurant Nieuwegein West / De Kroon,Allego BV,Nieuwegein,ChIJE7RovqlnxkcRoftOYRCtPaw,3.8,4,2 nieuwe snelladers en 1 oudere type. Hotel/Restaurant aanwezig voor ontbijt/lunch/diner en sanitaire stop.
35228,AC Restaurant Nieuwegein West / De Kroon,Allego BV,Nieuwegein,ChIJE7RovqlnxkcRoftOYRCtPaw,3.8,2,Paal geeft slechts 70 Kw van de 350 Kw waarmee wordt gepromoot.
35228,AC Restaurant Nieuwegein West / De Kroon,Allego BV,Nieuwegein,ChIJE7RovqlnxkcRoftOYRCtPaw,3.8,4,350kw lader pakte de laadpas wel moeilijk. Verder ok!
35223,Freule van Dorthsingel 1,Alfen,Pijnacker-Nootdorp,ChIJtR8N1lLLxUcRPAN-843AuHA,3.0,3,Ik was er wel maar niet voor de laadpaal. Zag er wel mooi uit hoor. Jammer dat de rest zo'n bouwput is.
35218,Prinsenhof 26,Alfen,Pijnacker-Nootdorp,ChIJtR8N1lLLxUcRPAN-843AuHA,3.0,3,Ik was er wel maar niet voor de laadpaal. Zag er wel mooi uit hoor. Jammer dat de rest zo'n bouwput is.
35213,Graaf Dirklaan 7001,EVnetNL,Nieuwegein,ChIJl6-GYD5kxkcRFU_xIS42NJQ,1.0,1,Kon niet laden
35211,Klapwijkseweg 91,Alfen,Pijnacker-Nootdorp,ChIJtR8N1lLLxUcRPAN-843AuHA,3.0,3,Ik was er wel maar niet voor de laadpaal. Zag er wel mooi uit hoor. Jammer dat de rest zo'n bouwput is.
35210,Nijverheidsweg,EVnetNL,Pijnacker-Nootdorp,ChIJtR8N1lLLxUcRPAN-843AuHA,3.0,3,Ik was er wel maar niet voor de laadpaal. Zag er wel mooi uit hoor. Jammer dat de rest zo'n bouwput is.
35198,Rivierenlaan 2,Alfen,Pijnacker-Nootdorp,ChIJtR8N1lLLxUcRPAN-843AuHA,3.0,3,Ik was er wel maar niet voor de laadpaal. Zag er wel mooi uit hoor. Jammer dat de rest zo'n bouwput is.
35194,Maria Vosstraat 1,Alfen,Pijnacker-Nootdorp,ChIJtR8N1lLLxUcRPAN-843AuHA,3.0,3,Ik was er wel maar niet voor de laadpaal. Zag er wel mooi uit hoor. Jammer dat de rest zo'n bouwput is.
35181,Gantellaan 52,Alfen,Pijnacker-Nootdorp,ChIJtR8N1lLLxUcRPAN-843AuHA,3.0,3,Ik was er wel maar niet voor de laadpaal. Zag er wel mooi uit hoor. Jammer dat de rest zo'n bouwput is.
35160,Klapwijkseweg,EVnetNL,Pijnacker-Nootdorp,ChIJtR8N1lLLxUcRPAN-843AuHA,3.0,3,Ik was er wel maar niet voor de laadpaal. Zag er wel mooi uit hoor. Jammer dat de rest zo'n bouwput is.
35146,Weegbree,Alfen,Pijnacker-Nootdorp,ChIJtR8N1lLLxUcRPAN-843AuHA,3.0,3,Ik was er wel maar niet voor de laadpaal. Zag er wel mooi uit hoor. Jammer dat de rest zo'n bouwput is.
35141,Enk 7,EVnetNL,Pijnacker-Nootdorp,ChIJtR8N1lLLxUcRPAN-843AuHA,3.0,3,Ik was er wel maar niet voor de laadpaal. Zag er wel mooi uit hoor. Jammer dat de rest zo'n bouwput is.
35097,Importweg 1,EVnetNL,Pijnacker-Nootdorp,ChIJtR8N1lLLxUcRPAN-843AuHA,3.0,3,Ik was er wel maar niet voor de laadpaal. Zag er wel mooi uit hoor. Jammer dat de rest zo'n bouwput is.
35070,Kerkpolderweg 6,EVnetNL,Delft,ChIJ0wq3O1O0xUcRnVyVmRc660U,5.0,5,Laadpaal is gemaakt
35042,Westelijke Parallelweg,EVnetNL,Vianen,ChIJ2e0QP45jxkcRb5nFyXPzMSs,4.0,4,Een kleine parkeerplaats met een laadstation voor maximaal twee voertuigen.
35040,Uithoflaan 3,Stadtwerke Clausthal-Zellerfeld,Vianen,ChIJ_Q8I9IxjxkcR23oaRTw7JVM,4.0,5,"Prima laadplek, achterom bij het benzinestation en vlak naast de afrit Vianen op de A2"
35040,Uithoflaan 3,Stadtwerke Clausthal-Zellerfeld,Vianen,ChIJ_Q8I9IxjxkcR23oaRTw7JVM,4.0,3,Oplader is snachts niet bereikbaar . Total tankstation heeft een slagboom die op tijd schakelaar werkt en weg naar oplader afsluit.
35024,Cypruslaan 100,EVnetNL,Rotterdam,ChIJj5HzJXfSxUcRhz6L1YOWbv0,1.5,1,Snelladen kan je op deze locatie vergeten.  De 240 KW lader laadt niet sneller dan 50 KW. Beschamend
35024,Cypruslaan 100,EVnetNL,Rotterdam,ChIJj5HzJXfSxUcRhz6L1YOWbv0,1.5,1,"Gezien de laatste reviews, alweer jaar geleden, niks verbeterd. Maar 1 station werkt."
35024,Cypruslaan 100,EVnetNL,Rotterdam,ChIJj5HzJXfSxUcRhz6L1YOWbv0,1.5,1,Meest linkse 240kw lader al maanden buiten gebruik. Geen idee wat voor SLA op het onderhoud is afgesloten.
35024,Cypruslaan 100,EVnetNL,Rotterdam,ChIJj5HzJXfSxUcRhz6L1YOWbv0,1.5,1,"Pff snelladen? Ligt er maar net aan hoeveel auto’s er nog meer staan te laden. Daarnaast al maanden twee van de vier 240kW laders buiten gebruik. Wat ik waarschijnlijk wel begrijp, want als daar ook iemand staat te laden zullen de andere twee “snelladers” waarschijnlijk niet meer boven de 11kW komen….."
35024,Cypruslaan 100,EVnetNL,Rotterdam,ChIJj5HzJXfSxUcRhz6L1YOWbv0,1.5,1,Vandaag wederom op één snellader na alles in storing.
34990,Menorcalaan 24,EVnetNL,Rotterdam,ChIJj5HzJXfSxUcRhz6L1YOWbv0,1.5,1,Snelladen kan je op deze locatie vergeten.  De 240 KW lader laadt niet sneller dan 50 KW. Beschamend
34990,Menorcalaan 24,EVnetNL,Rotterdam,ChIJj5HzJXfSxUcRhz6L1YOWbv0,1.5,1,"Gezien de laatste reviews, alweer jaar geleden, niks verbeterd. Maar 1 station werkt."
34990,Menorcalaan 24,EVnetNL,Rotterdam,ChIJj5HzJXfSxUcRhz6L1YOWbv0,1.5,1,Meest linkse 240kw lader al maanden buiten gebruik. Geen idee wat voor SLA op het onderhoud is afgesloten.
34990,Menorcalaan 24,EVnetNL,Rotterdam,ChIJj5HzJXfSxUcRhz6L1YOWbv0,1.5,1,"Pff snelladen? Ligt er maar net aan hoeveel auto’s er nog meer staan te laden. Daarnaast al maanden twee van de vier 240kW laders buiten gebruik. Wat ik waarschijnlijk wel begrijp, want als daar ook iemand staat te laden zullen de andere twee “snelladers” waarschijnlijk niet meer boven de 11kW komen….."
34990,Menorcalaan 24,EVnetNL,Rotterdam,ChIJj5HzJXfSxUcRhz6L1YOWbv0,1.5,1,Vandaag wederom op één snellader na alles in storing.
34985,Lambarenestraat 41,Stadtwerke Clausthal-Zellerfeld,Delft,ChIJy983n6G1xUcR1P_uJX3grgQ,3.3,5,"Lekker voor €0,30/kWh kunnen laden met Electroverse laadpas hier! 😍
update: dit gunstige tarief geldt helaas niet meer sinds 12 maart 2025.

Is tegenwoordig een Circle K laadstation, maar nog dezelfde 175kW CCS+Chademo laders van ABB als toen ze nog van TotalEnergies waren.

Mooi dat er voorzieningen zijn om schoon te maken (emmertje sop, wisser, handschoenen), een picknicktafel en een Bonjour shop.

Helaas maken de laders (of eigenlijk de technische kasten ernaast) een onwijze herrie - een elektrische piep-/zoemtoon - dus je zal het fijner vinden om in de auto te blijven. Ook is er veel verkeer dus een hele fije plek om lang te wachten wordt het nooit.

Het touchscreen van de lader is trouwens echt heel erg traag en ik denk telkens dat mijn aanraking niet is geregistreerd terwijl je gewoon altijd een volle seconde moet wachten; geduld dus.

Een ander minpunt is de plaatsing van de laadstations ver voor het tankstation waardoor je gemakkelijk er voorbij kunt rijden en niet meer terug kan/mag. Je moet direct vanaf de Kruithuisweg een haarspeldbocht maken de vakken voor de laders in (180° gedraaid ten opzichte van de rijrichting). Heel raar, dit had beter een doorrijd-design kunnen hebben waarbij je dit niet zou hebben."
34985,Lambarenestraat 41,Stadtwerke Clausthal-Zellerfeld,Delft,ChIJy983n6G1xUcR1P_uJX3grgQ,3.3,5,"Mijn EV auto had nog 10km bereik toen hij in een spaarstand schoot terwijl ik op de A13 reed. Dat betekent dat hij plotseling nog maar 80km/u kan en het gaspedaal er niet meer uit kan persen.
Een kwartier aan dit station hangen en ik kon weer 40km rijden zo hard ik wilde. Binnen de snelheidslimiet, duh.
Ik zou een vending machine niet erg gevonden hebben (het was 's nachts en het benzinestation was dicht)"
34985,Lambarenestraat 41,Stadtwerke Clausthal-Zellerfeld,Delft,ChIJy983n6G1xUcR1P_uJX3grgQ,3.3,2,"2 laadpalen die geblokkeerd kunnen worden door een tankwagen die komt lossen.

Tevens geen vers bereide broodjes. Alleen ouwe meuk die 's ochtends in de koeling wordt gelegd en ook nog eens ffing duur."
34985,Lambarenestraat 41,Stadtwerke Clausthal-Zellerfeld,Delft,ChIJy983n6G1xUcR1P_uJX3grgQ,3.3,1,Laden werkt niet
34956,Anna van Raesfeltstraat 24,Shell Recharge Solutions (BE),Midden-Delfland,ChIJJ1BPSz60xUcRUGjUUcoMUdc,3.0,1,"Asociale prijzen ! Rij wel een stukje door naar de supercharger van Tesla in Rijswijk. Daar gemiddeld snelladen voor € 0,31-€0,35 /kWh. Ook voor niet Tesla! Wel ff de Tesla app downloaden, betaling instellen en snelladen maar 🚘⚡"
34956,Anna van Raesfeltstraat 24,Shell Recharge Solutions (BE),Midden-Delfland,ChIJJ1BPSz60xUcRUGjUUcoMUdc,3.0,1,"Onhandig: er zijn twee oplaadpunten, voor de shell moet je naar links, voor de fastnet naar rechts. Staat niet duidelijk aangegeven. Eenmaal de verkeerde keuze en je kunt niet meer keren. Je zit weer op de snelweg. Heel onhandig!!!"
34956,Anna van Raesfeltstraat 24,Shell Recharge Solutions (BE),Midden-Delfland,ChIJJ1BPSz60xUcRUGjUUcoMUdc,3.0,5,Lekker veel laadpalen
34956,Anna van Raesfeltstraat 24,Shell Recharge Solutions (BE),Midden-Delfland,ChIJJ1BPSz60xUcRUGjUUcoMUdc,3.0,4,Werkte top! Jammer van de positionering.
34956,Anna van Raesfeltstraat 24,Shell Recharge Solutions (BE),Midden-Delfland,ChIJJ1BPSz60xUcRUGjUUcoMUdc,3.0,5,Alles is in orde.
34898,Toon van Vlietstraat 9,Shell Recharge Solutions (BE),Rotterdam,ChIJMw415ac0xEcRCvzOuuAcu3U,4.2,1,"Afgelopen nacht met auto van werk wezen laden en ook deze keer zeer zeer traag laden. Betreft Renault Kangoo 1,5 jaar oud. Kom nooit boven de 16 kw wat dan ook snel terug zakt naar 3 kw. 1 uur en 42 minuten van 66% naar 91% noem ik echt geen snellader. Ben er maar mee gestopt. Kom hier nooit meer."
34898,Toon van Vlietstraat 9,Shell Recharge Solutions (BE),Rotterdam,ChIJMw415ac0xEcRCvzOuuAcu3U,4.2,5,"Ruim aanbod van hyper/snelladers. Verzorgde omgeving, ook in de avond. Voorzieningen (toilet) zeer beperkt na sluiting shop. Laadpunten 24/7."
34898,Toon van Vlietstraat 9,Shell Recharge Solutions (BE),Rotterdam,ChIJMw415ac0xEcRCvzOuuAcu3U,4.2,4,Perfecte locatie midden in het centrum van Rotterdam (12 oplaadpunten). Enige nadeel is de trage laadsnelheid (bij kwam die niet hoger dan 62kw).
34898,Toon van Vlietstraat 9,Shell Recharge Solutions (BE),Rotterdam,ChIJMw415ac0xEcRCvzOuuAcu3U,4.2,5,"Geparkeerd aan de laadpaal. meneer van de Shell kwam gelijk en heeft de laadkabel direct in mn auto aangesloten. Vervolgens een gratis kopje koffie of thee aangeboden binnen de Shell pand.
Dames achter de balie super aardig en goed geholpen. Dit maakt laden weer leuk en gezellig"
34898,Toon van Vlietstraat 9,Shell Recharge Solutions (BE),Rotterdam,ChIJMw415ac0xEcRCvzOuuAcu3U,4.2,1,"Belachelijk dat je alleen nog maar terecht kan met elektrische auto’s en dat er geen brandstof meer getankt kan worden. Leuk voor de mensen die in de stad wonen! De werkende mensen in de pomp hebben ook nog lekker veel aanloop zo voordat ze worden wegbezuinigd.

Lang leve de toekomst!"
34897,Ambachtsweg 6,Shell Recharge Solutions (BE),Zederik,ChIJhcZZfw-HxkcRytAyzxB-DFA,1.8,1,Opladen lukt niet. Krijg steeds melding dat opladen klaar is en dat de stekker terug gehangen moet worden. Help desk is niet bereikbaar
34897,Ambachtsweg 6,Shell Recharge Solutions (BE),Zederik,ChIJhcZZfw-HxkcRytAyzxB-DFA,1.8,1,Zeer onvriendelijk personeel.
34897,Ambachtsweg 6,Shell Recharge Solutions (BE),Zederik,ChIJhcZZfw-HxkcRytAyzxB-DFA,1.8,1,Wat een tankstation 👎ze kijken zo zuur  die achter de kassa werken geen wc voor de klanten zowel volwassenen of kinderen bah bah bah
34897,Ambachtsweg 6,Shell Recharge Solutions (BE),Zederik,ChIJhcZZfw-HxkcRytAyzxB-DFA,1.8,1,Geen eten meer in de avond beschikbaar.
34878,Laan van Avant-Garde 1,Ecotap,Zuidplas,ChIJu92HEIPSxUcRQtW-IWf3pg0,1.0,1,"20251219 Docht it net...beide laadpunten op deze paal doen het niet. Geeft foutmeldingen.
0 sterren"
34840,Grindweg 35,Shell Recharge Solutions (BE),Rotterdam,ChIJMw415ac0xEcRCvzOuuAcu3U,4.2,1,"Afgelopen nacht met auto van werk wezen laden en ook deze keer zeer zeer traag laden. Betreft Renault Kangoo 1,5 jaar oud. Kom nooit boven de 16 kw wat dan ook snel terug zakt naar 3 kw. 1 uur en 42 minuten van 66% naar 91% noem ik echt geen snellader. Ben er maar mee gestopt. Kom hier nooit meer."
34840,Grindweg 35,Shell Recharge Solutions (BE),Rotterdam,ChIJMw415ac0xEcRCvzOuuAcu3U,4.2,5,"Ruim aanbod van hyper/snelladers. Verzorgde omgeving, ook in de avond. Voorzieningen (toilet) zeer beperkt na sluiting shop. Laadpunten 24/7."
34840,Grindweg 35,Shell Recharge Solutions (BE),Rotterdam,ChIJMw415ac0xEcRCvzOuuAcu3U,4.2,4,Perfecte locatie midden in het centrum van Rotterdam (12 oplaadpunten). Enige nadeel is de trage laadsnelheid (bij kwam die niet hoger dan 62kw).
34840,Grindweg 35,Shell Recharge Solutions (BE),Rotterdam,ChIJMw415ac0xEcRCvzOuuAcu3U,4.2,5,"Geparkeerd aan de laadpaal. meneer van de Shell kwam gelijk en heeft de laadkabel direct in mn auto aangesloten. Vervolgens een gratis kopje koffie of thee aangeboden binnen de Shell pand.
Dames achter de balie super aardig en goed geholpen. Dit maakt laden weer leuk en gezellig"
34840,Grindweg 35,Shell Recharge Solutions (BE),Rotterdam,ChIJMw415ac0xEcRCvzOuuAcu3U,4.2,1,"Belachelijk dat je alleen nog maar terecht kan met elektrische auto’s en dat er geen brandstof meer getankt kan worden. Leuk voor de mensen die in de stad wonen! De werkende mensen in de pomp hebben ook nog lekker veel aanloop zo voordat ze worden wegbezuinigd.

Lang leve de toekomst!"
34783,Oud Camp 3b,Shell Recharge Solutions (BE),Midden-Delfland,ChIJJ1BPSz60xUcRUGjUUcoMUdc,3.0,1,"Asociale prijzen ! Rij wel een stukje door naar de supercharger van Tesla in Rijswijk. Daar gemiddeld snelladen voor € 0,31-€0,35 /kWh. Ook voor niet Tesla! Wel ff de Tesla app downloaden, betaling instellen en snelladen maar 🚘⚡"
34783,Oud Camp 3b,Shell Recharge Solutions (BE),Midden-Delfland,ChIJJ1BPSz60xUcRUGjUUcoMUdc,3.0,1,"Onhandig: er zijn twee oplaadpunten, voor de shell moet je naar links, voor de fastnet naar rechts. Staat niet duidelijk aangegeven. Eenmaal de verkeerde keuze en je kunt niet meer keren. Je zit weer op de snelweg. Heel onhandig!!!"
34783,Oud Camp 3b,Shell Recharge Solutions (BE),Midden-Delfland,ChIJJ1BPSz60xUcRUGjUUcoMUdc,3.0,5,Lekker veel laadpalen
34783,Oud Camp 3b,Shell Recharge Solutions (BE),Midden-Delfland,ChIJJ1BPSz60xUcRUGjUUcoMUdc,3.0,4,Werkte top! Jammer van de positionering.
34783,Oud Camp 3b,Shell Recharge Solutions (BE),Midden-Delfland,ChIJJ1BPSz60xUcRUGjUUcoMUdc,3.0,5,Alles is in orde.
34756,Meerum Terwogtlaan 251,EVnetNL,Rotterdam,ChIJe2JyJbfMxUcR-gESQj6HrNE,3.7,5,Laadt supersnel!
34756,Meerum Terwogtlaan 251,EVnetNL,Rotterdam,ChIJe2JyJbfMxUcR-gESQj6HrNE,3.7,5,Prima snelle laadplek met heerlijke Flowcafe koffie
34756,Meerum Terwogtlaan 251,EVnetNL,Rotterdam,ChIJe2JyJbfMxUcR-gESQj6HrNE,3.7,1,90kw max
34752,Zuiderkruisstraat 10,EVBox,Rotterdam,ChIJfXHHFjnNxUcRTNGVaoZpfpU,2.0,2,De laadpaal bevindt zich aan de linkerkant van de ingang bij de slagbomen. Maar is momenteel defect!
34706,Kerkweg 33,EVnetNL,Vianen,ChIJ_Q8I9IxjxkcR23oaRTw7JVM,4.0,5,"Prima laadplek, achterom bij het benzinestation en vlak naast de afrit Vianen op de A2"
34706,Kerkweg 33,EVnetNL,Vianen,ChIJ_Q8I9IxjxkcR23oaRTw7JVM,4.0,3,Oplader is snachts niet bereikbaar . Total tankstation heeft een slagboom die op tijd schakelaar werkt en weg naar oplader afsluit.
34704,Buiten de Veerpoort,EVnetNL,Krimpenerwaard,ChIJz3SrLEh-xkcRw22ViRyeD80,5.0,5,Goed
34689,Utrechtlaan 21A,EVBox,Vlaardingen,ChIJgXg7IMlKxEcR2gP9ptfDGqY,5.0,5,Goede oplaad locatie
34660,Prins Constantijnweg 40,Shell Recharge Solutions (BE),Rotterdam,ChIJMw415ac0xEcRCvzOuuAcu3U,4.2,1,"Afgelopen nacht met auto van werk wezen laden en ook deze keer zeer zeer traag laden. Betreft Renault Kangoo 1,5 jaar oud. Kom nooit boven de 16 kw wat dan ook snel terug zakt naar 3 kw. 1 uur en 42 minuten van 66% naar 91% noem ik echt geen snellader. Ben er maar mee gestopt. Kom hier nooit meer."
34660,Prins Constantijnweg 40,Shell Recharge Solutions (BE),Rotterdam,ChIJMw415ac0xEcRCvzOuuAcu3U,4.2,5,"Ruim aanbod van hyper/snelladers. Verzorgde omgeving, ook in de avond. Voorzieningen (toilet) zeer beperkt na sluiting shop. Laadpunten 24/7."
34660,Prins Constantijnweg 40,Shell Recharge Solutions (BE),Rotterdam,ChIJMw415ac0xEcRCvzOuuAcu3U,4.2,4,Perfecte locatie midden in het centrum van Rotterdam (12 oplaadpunten). Enige nadeel is de trage laadsnelheid (bij kwam die niet hoger dan 62kw).
34660,Prins Constantijnweg 40,Shell Recharge Solutions (BE),Rotterdam,ChIJMw415ac0xEcRCvzOuuAcu3U,4.2,5,"Geparkeerd aan de laadpaal. meneer van de Shell kwam gelijk en heeft de laadkabel direct in mn auto aangesloten. Vervolgens een gratis kopje koffie of thee aangeboden binnen de Shell pand.
Dames achter de balie super aardig en goed geholpen. Dit maakt laden weer leuk en gezellig"
34660,Prins Constantijnweg 40,Shell Recharge Solutions (BE),Rotterdam,ChIJMw415ac0xEcRCvzOuuAcu3U,4.2,1,"Belachelijk dat je alleen nog maar terecht kan met elektrische auto’s en dat er geen brandstof meer getankt kan worden. Leuk voor de mensen die in de stad wonen! De werkende mensen in de pomp hebben ook nog lekker veel aanloop zo voordat ze worden wegbezuinigd.

Lang leve de toekomst!"
34648,Annie M.G. Schmidtplein 3,Shell Recharge Solutions (BE),Midden-Delfland,ChIJJ1BPSz60xUcRUGjUUcoMUdc,3.0,1,"Asociale prijzen ! Rij wel een stukje door naar de supercharger van Tesla in Rijswijk. Daar gemiddeld snelladen voor € 0,31-€0,35 /kWh. Ook voor niet Tesla! Wel ff de Tesla app downloaden, betaling instellen en snelladen maar 🚘⚡"
34648,Annie M.G. Schmidtplein 3,Shell Recharge Solutions (BE),Midden-Delfland,ChIJJ1BPSz60xUcRUGjUUcoMUdc,3.0,1,"Onhandig: er zijn twee oplaadpunten, voor de shell moet je naar links, voor de fastnet naar rechts. Staat niet duidelijk aangegeven. Eenmaal de verkeerde keuze en je kunt niet meer keren. Je zit weer op de snelweg. Heel onhandig!!!"
34648,Annie M.G. Schmidtplein 3,Shell Recharge Solutions (BE),Midden-Delfland,ChIJJ1BPSz60xUcRUGjUUcoMUdc,3.0,5,Lekker veel laadpalen
34648,Annie M.G. Schmidtplein 3,Shell Recharge Solutions (BE),Midden-Delfland,ChIJJ1BPSz60xUcRUGjUUcoMUdc,3.0,4,Werkte top! Jammer van de positionering.
34648,Annie M.G. Schmidtplein 3,Shell Recharge Solutions (BE),Midden-Delfland,ChIJJ1BPSz60xUcRUGjUUcoMUdc,3.0,5,Alles is in orde.
34563,Rotterdam - Cityrent,Allego BV,ROTTERDAM,ChIJiWcdpxEzxEcRH-38aTXivGg,4.5,3,Neutraal
34563,Rotterdam - Cityrent,Allego BV,ROTTERDAM,ChIJiWcdpxEzxEcRH-38aTXivGg,4.5,5,"Gelegen in het stadscentrum, erg handig voor snelladen. De politie zou echter regelmatig onderzoek moeten doen naar idioten die daar parkeren zonder te laden."
34554,Arie de Zeeuwstraat 4,Shell Recharge Solutions (BE),Rotterdam,ChIJMw415ac0xEcRCvzOuuAcu3U,4.2,1,"Afgelopen nacht met auto van werk wezen laden en ook deze keer zeer zeer traag laden. Betreft Renault Kangoo 1,5 jaar oud. Kom nooit boven de 16 kw wat dan ook snel terug zakt naar 3 kw. 1 uur en 42 minuten van 66% naar 91% noem ik echt geen snellader. Ben er maar mee gestopt. Kom hier nooit meer."
34554,Arie de Zeeuwstraat 4,Shell Recharge Solutions (BE),Rotterdam,ChIJMw415ac0xEcRCvzOuuAcu3U,4.2,5,"Ruim aanbod van hyper/snelladers. Verzorgde omgeving, ook in de avond. Voorzieningen (toilet) zeer beperkt na sluiting shop. Laadpunten 24/7."
34554,Arie de Zeeuwstraat 4,Shell Recharge Solutions (BE),Rotterdam,ChIJMw415ac0xEcRCvzOuuAcu3U,4.2,4,Perfecte locatie midden in het centrum van Rotterdam (12 oplaadpunten). Enige nadeel is de trage laadsnelheid (bij kwam die niet hoger dan 62kw).
34554,Arie de Zeeuwstraat 4,Shell Recharge Solutions (BE),Rotterdam,ChIJMw415ac0xEcRCvzOuuAcu3U,4.2,5,"Geparkeerd aan de laadpaal. meneer van de Shell kwam gelijk en heeft de laadkabel direct in mn auto aangesloten. Vervolgens een gratis kopje koffie of thee aangeboden binnen de Shell pand.
Dames achter de balie super aardig en goed geholpen. Dit maakt laden weer leuk en gezellig"
34554,Arie de Zeeuwstraat 4,Shell Recharge Solutions (BE),Rotterdam,ChIJMw415ac0xEcRCvzOuuAcu3U,4.2,1,"Belachelijk dat je alleen nog maar terecht kan met elektrische auto’s en dat er geen brandstof meer getankt kan worden. Leuk voor de mensen die in de stad wonen! De werkende mensen in de pomp hebben ook nog lekker veel aanloop zo voordat ze worden wegbezuinigd.

Lang leve de toekomst!"
34530,Karel Doormanstraat 10,Shell Recharge Solutions (BE),Rotterdam,ChIJMw415ac0xEcRCvzOuuAcu3U,4.2,1,"Afgelopen nacht met auto van werk wezen laden en ook deze keer zeer zeer traag laden. Betreft Renault Kangoo 1,5 jaar oud. Kom nooit boven de 16 kw wat dan ook snel terug zakt naar 3 kw. 1 uur en 42 minuten van 66% naar 91% noem ik echt geen snellader. Ben er maar mee gestopt. Kom hier nooit meer."
34530,Karel Doormanstraat 10,Shell Recharge Solutions (BE),Rotterdam,ChIJMw415ac0xEcRCvzOuuAcu3U,4.2,5,"Ruim aanbod van hyper/snelladers. Verzorgde omgeving, ook in de avond. Voorzieningen (toilet) zeer beperkt na sluiting shop. Laadpunten 24/7."
34530,Karel Doormanstraat 10,Shell Recharge Solutions (BE),Rotterdam,ChIJMw415ac0xEcRCvzOuuAcu3U,4.2,4,Perfecte locatie midden in het centrum van Rotterdam (12 oplaadpunten). Enige nadeel is de trage laadsnelheid (bij kwam die niet hoger dan 62kw).
34530,Karel Doormanstraat 10,Shell Recharge Solutions (BE),Rotterdam,ChIJMw415ac0xEcRCvzOuuAcu3U,4.2,5,"Geparkeerd aan de laadpaal. meneer van de Shell kwam gelijk en heeft de laadkabel direct in mn auto aangesloten. Vervolgens een gratis kopje koffie of thee aangeboden binnen de Shell pand.
Dames achter de balie super aardig en goed geholpen. Dit maakt laden weer leuk en gezellig"
34530,Karel Doormanstraat 10,Shell Recharge Solutions (BE),Rotterdam,ChIJMw415ac0xEcRCvzOuuAcu3U,4.2,1,"Belachelijk dat je alleen nog maar terecht kan met elektrische auto’s en dat er geen brandstof meer getankt kan worden. Leuk voor de mensen die in de stad wonen! De werkende mensen in de pomp hebben ook nog lekker veel aanloop zo voordat ze worden wegbezuinigd.

Lang leve de toekomst!"
34510,Aert van Nesstraat 16,Shell Recharge Solutions (BE),Rotterdam,ChIJMw415ac0xEcRCvzOuuAcu3U,4.2,1,"Afgelopen nacht met auto van werk wezen laden en ook deze keer zeer zeer traag laden. Betreft Renault Kangoo 1,5 jaar oud. Kom nooit boven de 16 kw wat dan ook snel terug zakt naar 3 kw. 1 uur en 42 minuten van 66% naar 91% noem ik echt geen snellader. Ben er maar mee gestopt. Kom hier nooit meer."
34510,Aert van Nesstraat 16,Shell Recharge Solutions (BE),Rotterdam,ChIJMw415ac0xEcRCvzOuuAcu3U,4.2,5,"Ruim aanbod van hyper/snelladers. Verzorgde omgeving, ook in de avond. Voorzieningen (toilet) zeer beperkt na sluiting shop. Laadpunten 24/7."
34510,Aert van Nesstraat 16,Shell Recharge Solutions (BE),Rotterdam,ChIJMw415ac0xEcRCvzOuuAcu3U,4.2,4,Perfecte locatie midden in het centrum van Rotterdam (12 oplaadpunten). Enige nadeel is de trage laadsnelheid (bij kwam die niet hoger dan 62kw).
34510,Aert van Nesstraat 16,Shell Recharge Solutions (BE),Rotterdam,ChIJMw415ac0xEcRCvzOuuAcu3U,4.2,5,"Geparkeerd aan de laadpaal. meneer van de Shell kwam gelijk en heeft de laadkabel direct in mn auto aangesloten. Vervolgens een gratis kopje koffie of thee aangeboden binnen de Shell pand.
Dames achter de balie super aardig en goed geholpen. Dit maakt laden weer leuk en gezellig"
34510,Aert van Nesstraat 16,Shell Recharge Solutions (BE),Rotterdam,ChIJMw415ac0xEcRCvzOuuAcu3U,4.2,1,"Belachelijk dat je alleen nog maar terecht kan met elektrische auto’s en dat er geen brandstof meer getankt kan worden. Leuk voor de mensen die in de stad wonen! De werkende mensen in de pomp hebben ook nog lekker veel aanloop zo voordat ze worden wegbezuinigd.

Lang leve de toekomst!"
34507,Maria Rutgersstraat 38,Shell Recharge Solutions (BE),Maassluis,ChIJ9WKgf-pMxEcRQ9DpXekXU3E,4.0,4,Prima plek om even snel de auto op te laden.
34499,A16,Alfen,Rotterdam,ChIJqdDqDNkyxEcR9Y5liMM6KMY,1.0,1,"Laadpunten werken vrijwel nooit overdag. De ene keer staan ze de hele dag op ""wacht op vermogen,"" de andere dag staan ze gewoon uit. Ik heb hier één keer de auto daadwerkelijk kunnen laden en dat was toen ik 'm 's nachts had laten staan."
34484,Vermeerlaan 30,Shell Recharge Solutions (BE),Maassluis,ChIJ9WKgf-pMxEcRQ9DpXekXU3E,4.0,4,Prima plek om even snel de auto op te laden.
34466,Honingerdijk 70,Ecotap,Rotterdam,ChIJnQOwpVk1xEcRDLv7rI_1-dk,4.0,4,"Een handige oplaadpaal voor elektrische fietsen en scooters precies tussen de sportschool en de sauna in op een looppad dat zich bevindt tussen de prinses Beatrixlaan en de Groenoordstraat.
Je kunt hier maximaal één uur laden maar dat is genoeg voor je fiets of scooter.
Ik had nog nooit zo een laadpaal gezien, maar mijn oog viel erop omdat ik een hybride auto heb en zelf dus ook graag aan het opladen ben.
Ideaal dus voor de bezoekers van de sportschool die hier niet urenlanglang vertoeven zoals de bezoekers van de Sauna Thermen."
34458,Oude Binnenweg 61A,Shell Recharge Solutions (BE),Rotterdam,ChIJMw415ac0xEcRCvzOuuAcu3U,4.2,1,"Afgelopen nacht met auto van werk wezen laden en ook deze keer zeer zeer traag laden. Betreft Renault Kangoo 1,5 jaar oud. Kom nooit boven de 16 kw wat dan ook snel terug zakt naar 3 kw. 1 uur en 42 minuten van 66% naar 91% noem ik echt geen snellader. Ben er maar mee gestopt. Kom hier nooit meer."
34458,Oude Binnenweg 61A,Shell Recharge Solutions (BE),Rotterdam,ChIJMw415ac0xEcRCvzOuuAcu3U,4.2,5,"Ruim aanbod van hyper/snelladers. Verzorgde omgeving, ook in de avond. Voorzieningen (toilet) zeer beperkt na sluiting shop. Laadpunten 24/7."
34458,Oude Binnenweg 61A,Shell Recharge Solutions (BE),Rotterdam,ChIJMw415ac0xEcRCvzOuuAcu3U,4.2,4,Perfecte locatie midden in het centrum van Rotterdam (12 oplaadpunten). Enige nadeel is de trage laadsnelheid (bij kwam die niet hoger dan 62kw).
34458,Oude Binnenweg 61A,Shell Recharge Solutions (BE),Rotterdam,ChIJMw415ac0xEcRCvzOuuAcu3U,4.2,5,"Geparkeerd aan de laadpaal. meneer van de Shell kwam gelijk en heeft de laadkabel direct in mn auto aangesloten. Vervolgens een gratis kopje koffie of thee aangeboden binnen de Shell pand.
Dames achter de balie super aardig en goed geholpen. Dit maakt laden weer leuk en gezellig"
34458,Oude Binnenweg 61A,Shell Recharge Solutions (BE),Rotterdam,ChIJMw415ac0xEcRCvzOuuAcu3U,4.2,1,"Belachelijk dat je alleen nog maar terecht kan met elektrische auto’s en dat er geen brandstof meer getankt kan worden. Leuk voor de mensen die in de stad wonen! De werkende mensen in de pomp hebben ook nog lekker veel aanloop zo voordat ze worden wegbezuinigd.

Lang leve de toekomst!"
34450,Kethelweg 3,EVBox,Vlaardingen,ChIJKafvYdRLxEcR_F60QbLlG1k,5.0,5,"Werkt prima, mooie plek."
34433,Prins Hendrikkade 10,EVnetNL,Rotterdam,ChIJ74V6LkAzxEcRPku7FDQ6CeI,5.0,5,Nlp opleiding en training
34415,Willem Beukelszstraat 36,Shell Recharge Solutions (BE),Rotterdam,ChIJg-uG5880xEcR-6QFfDzKVVI,3.3,1,Nog net geen euro per KWh betaald; echt heel veel teveel.
34415,Willem Beukelszstraat 36,Shell Recharge Solutions (BE),Rotterdam,ChIJg-uG5880xEcR-6QFfDzKVVI,3.3,4,Gelegen bij de parkeerplaats van een Shell-station. Makkelijk te vinden en werkte prima. Er is echter niet veel te doen in de buurt.
34405,Abram van Rijckevorselweg,Shell Recharge Solutions (BE),Capelle aan den IJssel,ChIJJwDACrrSxUcRrcckXlxU2ws,2.2,1,"Lader staat wel op beschikbaar, maar zodra ik hem in de auto steek, wordt het laden onderbroken…"
34405,Abram van Rijckevorselweg,Shell Recharge Solutions (BE),Capelle aan den IJssel,ChIJJwDACrrSxUcRrcckXlxU2ws,2.2,4,Laat erg snel
34405,Abram van Rijckevorselweg,Shell Recharge Solutions (BE),Capelle aan den IJssel,ChIJJwDACrrSxUcRrcckXlxU2ws,2.2,1,Is geen snellader!
34405,Abram van Rijckevorselweg,Shell Recharge Solutions (BE),Capelle aan den IJssel,ChIJJwDACrrSxUcRrcckXlxU2ws,2.2,1,"Helemaal niet snelladen. Mijn auto zou met 240 kWh moeten kunnen laden. En dit laadstation geeft aan dat het tot 300 kWh kan. Ik heb het het afgelopen jaar meerdere keren geprobeerd, maar ik kom nooit consistent boven de 90 kWh."
34405,Abram van Rijckevorselweg,Shell Recharge Solutions (BE),Capelle aan den IJssel,ChIJJwDACrrSxUcRrcckXlxU2ws,2.2,3,"Charging is indeed limited to 75kw unfortunately.

Also gamma kinda blocks one bay due to the Christmas’s tree sale unless you have a small EV"
34401,Brielseweg,EVnetNL,Westvoorne,ChIJ0cycjv1SxEcRK-yS4f6H-zM,1.0,1,Geen snellader
34401,Brielseweg,EVnetNL,Westvoorne,ChIJ0cycjv1SxEcRK-yS4f6H-zM,1.0,1,"Helaas is er slechts één 10 kW-lader, geen snelladers."
34390,Heemraadssingel 267,EVnetNL,Rotterdam,ChIJl7J-LZQ0xEcR42yY1ExjsQM,5.0,5,Prima voorziening in de stad.
34377,Binnensingel 6,EVBox,Vlaardingen,ChIJKafvYdRLxEcR_F60QbLlG1k,5.0,5,"Werkt prima, mooie plek."
34357,Surinamesingel 81,EVBox,Vlaardingen,ChIJKafvYdRLxEcR_F60QbLlG1k,5.0,5,"Werkt prima, mooie plek."
34348,Schiedamsedijk 14,EVnetNL,Vlaardingen,ChIJl7dMUINKxEcRBXl9ZSVHDJ8,4.3,2,"4 plekken, direct naast de KFC.
Alleen verre van supersnel; ik was de enige lader, maar de laadsnelheid kwam niet boven de 80kW."
34348,Schiedamsedijk 14,EVnetNL,Vlaardingen,ChIJl7dMUINKxEcRBXl9ZSVHDJ8,4.3,5,400 kV max
34332,Wilhelminakade,Shell Recharge Solutions (BE),Rotterdam,ChIJMw415ac0xEcRCvzOuuAcu3U,4.2,1,"Afgelopen nacht met auto van werk wezen laden en ook deze keer zeer zeer traag laden. Betreft Renault Kangoo 1,5 jaar oud. Kom nooit boven de 16 kw wat dan ook snel terug zakt naar 3 kw. 1 uur en 42 minuten van 66% naar 91% noem ik echt geen snellader. Ben er maar mee gestopt. Kom hier nooit meer."
34332,Wilhelminakade,Shell Recharge Solutions (BE),Rotterdam,ChIJMw415ac0xEcRCvzOuuAcu3U,4.2,5,"Ruim aanbod van hyper/snelladers. Verzorgde omgeving, ook in de avond. Voorzieningen (toilet) zeer beperkt na sluiting shop. Laadpunten 24/7."
34332,Wilhelminakade,Shell Recharge Solutions (BE),Rotterdam,ChIJMw415ac0xEcRCvzOuuAcu3U,4.2,4,Perfecte locatie midden in het centrum van Rotterdam (12 oplaadpunten). Enige nadeel is de trage laadsnelheid (bij kwam die niet hoger dan 62kw).
34332,Wilhelminakade,Shell Recharge Solutions (BE),Rotterdam,ChIJMw415ac0xEcRCvzOuuAcu3U,4.2,5,"Geparkeerd aan de laadpaal. meneer van de Shell kwam gelijk en heeft de laadkabel direct in mn auto aangesloten. Vervolgens een gratis kopje koffie of thee aangeboden binnen de Shell pand.
Dames achter de balie super aardig en goed geholpen. Dit maakt laden weer leuk en gezellig"
34332,Wilhelminakade,Shell Recharge Solutions (BE),Rotterdam,ChIJMw415ac0xEcRCvzOuuAcu3U,4.2,1,"Belachelijk dat je alleen nog maar terecht kan met elektrische auto’s en dat er geen brandstof meer getankt kan worden. Leuk voor de mensen die in de stad wonen! De werkende mensen in de pomp hebben ook nog lekker veel aanloop zo voordat ze worden wegbezuinigd.

Lang leve de toekomst!"
34322,1e van Leyden Gaelstraat 300,EVBox,Vlaardingen,ChIJKafvYdRLxEcR_F60QbLlG1k,5.0,5,"Werkt prima, mooie plek."
34302,Schiehavenkade 42,Shell Recharge Solutions (BE),Rotterdam,ChIJg-uG5880xEcR-6QFfDzKVVI,3.3,1,Nog net geen euro per KWh betaald; echt heel veel teveel.
34302,Schiehavenkade 42,Shell Recharge Solutions (BE),Rotterdam,ChIJg-uG5880xEcR-6QFfDzKVVI,3.3,4,Gelegen bij de parkeerplaats van een Shell-station. Makkelijk te vinden en werkte prima. Er is echter niet veel te doen in de buurt.
34293,AC Restaurant & Hotel Meerkerk ,Allego BV,Meerkerk,ChIJMbx6r-iHxkcRmGFhVp2KtOw,3.3,3,Korte laadkabel
34293,AC Restaurant & Hotel Meerkerk ,Allego BV,Meerkerk,ChIJMbx6r-iHxkcRmGFhVp2KtOw,3.3,5,"Gemakkelijk, modern. Snel opladen. Direct naast de Tesla Supercharger."
34290,Van der Fuyckstraat,EVnetNL,Brielle,ChIJZW48cXtSxEcRM9psd3kOP8Q,3.0,3,"Okt 2024.
Dubbel oplaadpunt. 1 parkeerplaats gereserveerd voor opladen.
Punt staat in de struiken waardoor je er onhandig bij komt met de stekker."
34289,Boelewerf 52,Shell Recharge Solutions (BE),Ridderkerk,ChIJcWLvAPMzxEcRYUG0NYt415w,4.2,5,"Goede laad locatie, centraal gelegen aan verschillende invalswegen.
De locatie was zeer netjes en er waren genoeg laadpalen vrij.
Er is een van dervalk hotel naast met bar en toiletten.
Kortom een algemeen goede ervaring om je Tesla op te laden."
34289,Boelewerf 52,Shell Recharge Solutions (BE),Ridderkerk,ChIJcWLvAPMzxEcRYUG0NYt415w,4.2,4,Mooie ruime plaats met veel beschikbare opladers. Hotel vd Valk is vlakbij voor als wat wilt eten/drinken
34289,Boelewerf 52,Shell Recharge Solutions (BE),Ridderkerk,ChIJcWLvAPMzxEcRYUG0NYt415w,4.2,5,"Prima laadpunt, super geregeld zonder pasjes of tags. Je komt aanrijden, slagboom gaat open, stekker erin en chillen maar, heerlijk!"
34289,Boelewerf 52,Shell Recharge Solutions (BE),Ridderkerk,ChIJcWLvAPMzxEcRYUG0NYt415w,4.2,3,Helaas elke keer weer een aantal laders buiten werking en snelladen soms niet optimaal mede vanwege oudere/verouderde laadpalen.
34289,Boelewerf 52,Shell Recharge Solutions (BE),Ridderkerk,ChIJcWLvAPMzxEcRYUG0NYt415w,4.2,2,"Opladen gaat al een tijdje met minder snelheid. Max 35 kW haal ik nu al verschillende weken achter elkaar. Gelukkig heb ik steeds de tijd, maar is niet echt snel. Op sommige momenten best druk hier.
Slagbomen gaan automatisch open bij aankomst en vertrek.

Komen ook veel niet Tesla rijders hier laden, dat terwijl er ook een aantal ""gewone"" snelladers staan.

Bar en toilet in Valk hotel. Prima geregeld trouwens."
34270,Cronjéplein 1,EVBox,Ridderkerk,ChIJK-KCvI4txEcRFAwsPghZpAc,3.0,1,Snellader accepteert veel bekende laadpassen niet. Zinloos om hier heen te rijden als je snel wilt laden.
34270,Cronjéplein 1,EVBox,Ridderkerk,ChIJK-KCvI4txEcRFAwsPghZpAc,3.0,5,"Prima laadstation. Blij dat ie er is want ik moet nogal eens in de buurt zijn, en deze doet (op datum van review) 190 kW."
34266,Scheepsbouwweg 21,Shell Recharge Solutions (BE),Rotterdam,ChIJg-uG5880xEcR-6QFfDzKVVI,3.3,1,Nog net geen euro per KWh betaald; echt heel veel teveel.
34266,Scheepsbouwweg 21,Shell Recharge Solutions (BE),Rotterdam,ChIJg-uG5880xEcR-6QFfDzKVVI,3.3,4,Gelegen bij de parkeerplaats van een Shell-station. Makkelijk te vinden en werkte prima. Er is echter niet veel te doen in de buurt.
34259,Benedenrijweg 184,Shell Recharge Solutions (BE),Ridderkerk,ChIJOwIMPZEtxEcRpoTT1WHjE08,1.0,1,Werkt niet met Eneco of BP-laadpas dus helaas geen meerwaarde om hier te laden. Daarnaast is de laadkabel zeer kort en onhandig.
34255,Petroleumweg,Shell Recharge Solutions (BE),Rotterdam,ChIJg-uG5880xEcR-6QFfDzKVVI,3.3,1,Nog net geen euro per KWh betaald; echt heel veel teveel.
34255,Petroleumweg,Shell Recharge Solutions (BE),Rotterdam,ChIJg-uG5880xEcR-6QFfDzKVVI,3.3,4,Gelegen bij de parkeerplaats van een Shell-station. Makkelijk te vinden en werkte prima. Er is echter niet veel te doen in de buurt.
34230,Ringdijk 434,EVnetNL,Ridderkerk,ChIJp7iM5wktxEcR9BiP0mW3Row,3.0,3,Staat een Alfa Stelvio Diesel geparkeerd!!
34223,B 46,Shell Recharge Solutions (BE),Molenwaard,ChIJJ3b7Y30rxEcRU8r2NI6XMGw,3.5,1,"Erg langzaam, blijft onder de 75kw en zakt terug naar 60 kW.
Geen andere auto’s aan de 4 aanwezige laadpunten."
34223,B 46,Shell Recharge Solutions (BE),Molenwaard,ChIJJ3b7Y30rxEcRU8r2NI6XMGw,3.5,5,Makkelijk aan te rijden. Twee laadpunten werken goed met een korte stop.
34223,B 46,Shell Recharge Solutions (BE),Molenwaard,ChIJJ3b7Y30rxEcRU8r2NI6XMGw,3.5,4,Beter en vaster
34218,Colosseumweg 470 ARGOS OIL tankstation,Allego BV,ROTTERDAM,ChIJiWcdpxEzxEcRH-38aTXivGg,4.5,3,Neutraal
34218,Colosseumweg 470 ARGOS OIL tankstation,Allego BV,ROTTERDAM,ChIJiWcdpxEzxEcRH-38aTXivGg,4.5,5,"Gelegen in het stadscentrum, erg handig voor snelladen. De politie zou echter regelmatig onderzoek moeten doen naar idioten die daar parkeren zonder te laden."
34214,Twentestraat 22,Shell Recharge Solutions (BE),Rotterdam,ChIJMw415ac0xEcRCvzOuuAcu3U,4.2,1,"Afgelopen nacht met auto van werk wezen laden en ook deze keer zeer zeer traag laden. Betreft Renault Kangoo 1,5 jaar oud. Kom nooit boven de 16 kw wat dan ook snel terug zakt naar 3 kw. 1 uur en 42 minuten van 66% naar 91% noem ik echt geen snellader. Ben er maar mee gestopt. Kom hier nooit meer."
34214,Twentestraat 22,Shell Recharge Solutions (BE),Rotterdam,ChIJMw415ac0xEcRCvzOuuAcu3U,4.2,5,"Ruim aanbod van hyper/snelladers. Verzorgde omgeving, ook in de avond. Voorzieningen (toilet) zeer beperkt na sluiting shop. Laadpunten 24/7."
34214,Twentestraat 22,Shell Recharge Solutions (BE),Rotterdam,ChIJMw415ac0xEcRCvzOuuAcu3U,4.2,4,Perfecte locatie midden in het centrum van Rotterdam (12 oplaadpunten). Enige nadeel is de trage laadsnelheid (bij kwam die niet hoger dan 62kw).
34214,Twentestraat 22,Shell Recharge Solutions (BE),Rotterdam,ChIJMw415ac0xEcRCvzOuuAcu3U,4.2,5,"Geparkeerd aan de laadpaal. meneer van de Shell kwam gelijk en heeft de laadkabel direct in mn auto aangesloten. Vervolgens een gratis kopje koffie of thee aangeboden binnen de Shell pand.
Dames achter de balie super aardig en goed geholpen. Dit maakt laden weer leuk en gezellig"
34214,Twentestraat 22,Shell Recharge Solutions (BE),Rotterdam,ChIJMw415ac0xEcRCvzOuuAcu3U,4.2,1,"Belachelijk dat je alleen nog maar terecht kan met elektrische auto’s en dat er geen brandstof meer getankt kan worden. Leuk voor de mensen die in de stad wonen! De werkende mensen in de pomp hebben ook nog lekker veel aanloop zo voordat ze worden wegbezuinigd.

Lang leve de toekomst!"
34213,Henegouwsestraat 10,EVBox,Ridderkerk,ChIJK-KCvI4txEcRFAwsPghZpAc,3.0,1,Snellader accepteert veel bekende laadpassen niet. Zinloos om hier heen te rijden als je snel wilt laden.
34213,Henegouwsestraat 10,EVBox,Ridderkerk,ChIJK-KCvI4txEcRFAwsPghZpAc,3.0,5,"Prima laadstation. Blij dat ie er is want ik moet nogal eens in de buurt zijn, en deze doet (op datum van review) 190 kW."
34205,Casimirstraat,Shell Recharge Solutions (BE),Rotterdam,ChIJMw415ac0xEcRCvzOuuAcu3U,4.2,1,"Afgelopen nacht met auto van werk wezen laden en ook deze keer zeer zeer traag laden. Betreft Renault Kangoo 1,5 jaar oud. Kom nooit boven de 16 kw wat dan ook snel terug zakt naar 3 kw. 1 uur en 42 minuten van 66% naar 91% noem ik echt geen snellader. Ben er maar mee gestopt. Kom hier nooit meer."
34205,Casimirstraat,Shell Recharge Solutions (BE),Rotterdam,ChIJMw415ac0xEcRCvzOuuAcu3U,4.2,5,"Ruim aanbod van hyper/snelladers. Verzorgde omgeving, ook in de avond. Voorzieningen (toilet) zeer beperkt na sluiting shop. Laadpunten 24/7."
34205,Casimirstraat,Shell Recharge Solutions (BE),Rotterdam,ChIJMw415ac0xEcRCvzOuuAcu3U,4.2,4,Perfecte locatie midden in het centrum van Rotterdam (12 oplaadpunten). Enige nadeel is de trage laadsnelheid (bij kwam die niet hoger dan 62kw).
34205,Casimirstraat,Shell Recharge Solutions (BE),Rotterdam,ChIJMw415ac0xEcRCvzOuuAcu3U,4.2,5,"Geparkeerd aan de laadpaal. meneer van de Shell kwam gelijk en heeft de laadkabel direct in mn auto aangesloten. Vervolgens een gratis kopje koffie of thee aangeboden binnen de Shell pand.
Dames achter de balie super aardig en goed geholpen. Dit maakt laden weer leuk en gezellig"
34205,Casimirstraat,Shell Recharge Solutions (BE),Rotterdam,ChIJMw415ac0xEcRCvzOuuAcu3U,4.2,1,"Belachelijk dat je alleen nog maar terecht kan met elektrische auto’s en dat er geen brandstof meer getankt kan worden. Leuk voor de mensen die in de stad wonen! De werkende mensen in de pomp hebben ook nog lekker veel aanloop zo voordat ze worden wegbezuinigd.

Lang leve de toekomst!"
34188,Achterstraat 57,EVBox,Lingewaal,ChIJ8_ZMALWLxkcRpWJXqQwaSR8,4.5,5,"Twee laadpunten voor elektrische auto's van 16 ampère/11 kW. Direct naast de gehandicaptenparkeerplaatsen bij de ingang. Je moet een beetje geluk hebben om ze te vinden, want ik heb gemerkt dat sommige automobilisten hun auto aan de stroom laten staan, zelfs als ze vol zijn. Negeer de parkeerinstructies naar de hoofdparkeerplaats om hier te komen, volg gewoon de borden naar de ingang."
34183,Oranjestraat 148,EVnetNL,Ridderkerk,ChIJOwIMPZEtxEcRpoTT1WHjE08,1.0,1,Werkt niet met Eneco of BP-laadpas dus helaas geen meerwaarde om hier te laden. Daarnaast is de laadkabel zeer kort en onhandig.
34180,Maasstadweg 37,Shell Recharge Solutions (BE),Rotterdam,ChIJMw415ac0xEcRCvzOuuAcu3U,4.2,1,"Afgelopen nacht met auto van werk wezen laden en ook deze keer zeer zeer traag laden. Betreft Renault Kangoo 1,5 jaar oud. Kom nooit boven de 16 kw wat dan ook snel terug zakt naar 3 kw. 1 uur en 42 minuten van 66% naar 91% noem ik echt geen snellader. Ben er maar mee gestopt. Kom hier nooit meer."
34180,Maasstadweg 37,Shell Recharge Solutions (BE),Rotterdam,ChIJMw415ac0xEcRCvzOuuAcu3U,4.2,5,"Ruim aanbod van hyper/snelladers. Verzorgde omgeving, ook in de avond. Voorzieningen (toilet) zeer beperkt na sluiting shop. Laadpunten 24/7."
34180,Maasstadweg 37,Shell Recharge Solutions (BE),Rotterdam,ChIJMw415ac0xEcRCvzOuuAcu3U,4.2,4,Perfecte locatie midden in het centrum van Rotterdam (12 oplaadpunten). Enige nadeel is de trage laadsnelheid (bij kwam die niet hoger dan 62kw).
34180,Maasstadweg 37,Shell Recharge Solutions (BE),Rotterdam,ChIJMw415ac0xEcRCvzOuuAcu3U,4.2,5,"Geparkeerd aan de laadpaal. meneer van de Shell kwam gelijk en heeft de laadkabel direct in mn auto aangesloten. Vervolgens een gratis kopje koffie of thee aangeboden binnen de Shell pand.
Dames achter de balie super aardig en goed geholpen. Dit maakt laden weer leuk en gezellig"
34180,Maasstadweg 37,Shell Recharge Solutions (BE),Rotterdam,ChIJMw415ac0xEcRCvzOuuAcu3U,4.2,1,"Belachelijk dat je alleen nog maar terecht kan met elektrische auto’s en dat er geen brandstof meer getankt kan worden. Leuk voor de mensen die in de stad wonen! De werkende mensen in de pomp hebben ook nog lekker veel aanloop zo voordat ze worden wegbezuinigd.

Lang leve de toekomst!"
34155,Boyneweg,Shell Recharge Solutions (BE),Rotterdam,ChIJg-uG5880xEcR-6QFfDzKVVI,3.3,1,Nog net geen euro per KWh betaald; echt heel veel teveel.
34155,Boyneweg,Shell Recharge Solutions (BE),Rotterdam,ChIJg-uG5880xEcR-6QFfDzKVVI,3.3,4,Gelegen bij de parkeerplaats van een Shell-station. Makkelijk te vinden en werkte prima. Er is echter niet veel te doen in de buurt.
34151,Olmenlaan 68,EVBox,Ridderkerk,ChIJK-KCvI4txEcRFAwsPghZpAc,3.0,1,Snellader accepteert veel bekende laadpassen niet. Zinloos om hier heen te rijden als je snel wilt laden.
34151,Olmenlaan 68,EVBox,Ridderkerk,ChIJK-KCvI4txEcRFAwsPghZpAc,3.0,5,"Prima laadstation. Blij dat ie er is want ik moet nogal eens in de buurt zijn, en deze doet (op datum van review) 190 kW."
34150,Kinderdijkstraat 29-37,Shell Recharge Solutions (BE),Rotterdam,ChIJMw415ac0xEcRCvzOuuAcu3U,4.2,1,"Afgelopen nacht met auto van werk wezen laden en ook deze keer zeer zeer traag laden. Betreft Renault Kangoo 1,5 jaar oud. Kom nooit boven de 16 kw wat dan ook snel terug zakt naar 3 kw. 1 uur en 42 minuten van 66% naar 91% noem ik echt geen snellader. Ben er maar mee gestopt. Kom hier nooit meer."
34150,Kinderdijkstraat 29-37,Shell Recharge Solutions (BE),Rotterdam,ChIJMw415ac0xEcRCvzOuuAcu3U,4.2,5,"Ruim aanbod van hyper/snelladers. Verzorgde omgeving, ook in de avond. Voorzieningen (toilet) zeer beperkt na sluiting shop. Laadpunten 24/7."
34150,Kinderdijkstraat 29-37,Shell Recharge Solutions (BE),Rotterdam,ChIJMw415ac0xEcRCvzOuuAcu3U,4.2,4,Perfecte locatie midden in het centrum van Rotterdam (12 oplaadpunten). Enige nadeel is de trage laadsnelheid (bij kwam die niet hoger dan 62kw).
34150,Kinderdijkstraat 29-37,Shell Recharge Solutions (BE),Rotterdam,ChIJMw415ac0xEcRCvzOuuAcu3U,4.2,5,"Geparkeerd aan de laadpaal. meneer van de Shell kwam gelijk en heeft de laadkabel direct in mn auto aangesloten. Vervolgens een gratis kopje koffie of thee aangeboden binnen de Shell pand.
Dames achter de balie super aardig en goed geholpen. Dit maakt laden weer leuk en gezellig"
34150,Kinderdijkstraat 29-37,Shell Recharge Solutions (BE),Rotterdam,ChIJMw415ac0xEcRCvzOuuAcu3U,4.2,1,"Belachelijk dat je alleen nog maar terecht kan met elektrische auto’s en dat er geen brandstof meer getankt kan worden. Leuk voor de mensen die in de stad wonen! De werkende mensen in de pomp hebben ook nog lekker veel aanloop zo voordat ze worden wegbezuinigd.

Lang leve de toekomst!"
34138,Zeemanstraat 19,EVBox,Ridderkerk,ChIJK-KCvI4txEcRFAwsPghZpAc,3.0,1,Snellader accepteert veel bekende laadpassen niet. Zinloos om hier heen te rijden als je snel wilt laden.
34138,Zeemanstraat 19,EVBox,Ridderkerk,ChIJK-KCvI4txEcRFAwsPghZpAc,3.0,5,"Prima laadstation. Blij dat ie er is want ik moet nogal eens in de buurt zijn, en deze doet (op datum van review) 190 kW."
34127,Verbindingsweg,Shell Recharge Solutions (BE),Ridderkerk,ChIJcWLvAPMzxEcRYUG0NYt415w,4.2,5,"Goede laad locatie, centraal gelegen aan verschillende invalswegen.
De locatie was zeer netjes en er waren genoeg laadpalen vrij.
Er is een van dervalk hotel naast met bar en toiletten.
Kortom een algemeen goede ervaring om je Tesla op te laden."
34127,Verbindingsweg,Shell Recharge Solutions (BE),Ridderkerk,ChIJcWLvAPMzxEcRYUG0NYt415w,4.2,4,Mooie ruime plaats met veel beschikbare opladers. Hotel vd Valk is vlakbij voor als wat wilt eten/drinken
34127,Verbindingsweg,Shell Recharge Solutions (BE),Ridderkerk,ChIJcWLvAPMzxEcRYUG0NYt415w,4.2,5,"Prima laadpunt, super geregeld zonder pasjes of tags. Je komt aanrijden, slagboom gaat open, stekker erin en chillen maar, heerlijk!"
34127,Verbindingsweg,Shell Recharge Solutions (BE),Ridderkerk,ChIJcWLvAPMzxEcRYUG0NYt415w,4.2,3,Helaas elke keer weer een aantal laders buiten werking en snelladen soms niet optimaal mede vanwege oudere/verouderde laadpalen.
34127,Verbindingsweg,Shell Recharge Solutions (BE),Ridderkerk,ChIJcWLvAPMzxEcRYUG0NYt415w,4.2,2,"Opladen gaat al een tijdje met minder snelheid. Max 35 kW haal ik nu al verschillende weken achter elkaar. Gelukkig heb ik steeds de tijd, maar is niet echt snel. Op sommige momenten best druk hier.
Slagbomen gaan automatisch open bij aankomst en vertrek.

Komen ook veel niet Tesla rijders hier laden, dat terwijl er ook een aantal ""gewone"" snelladers staan.

Bar en toilet in Valk hotel. Prima geregeld trouwens."
34126,P.C. Hooftstraat,EVnetNL,Ridderkerk,ChIJOwIMPZEtxEcRpoTT1WHjE08,1.0,1,Werkt niet met Eneco of BP-laadpas dus helaas geen meerwaarde om hier te laden. Daarnaast is de laadkabel zeer kort en onhandig.
34125,Van der Valk - Ridderkerk,Allego BV,Ridderkerk,ChIJw8ZjUhIyxEcRJc5p4D1-Jho,4.2,2,Je kunt beter op dezelfde plek de Tesla opladers er tegenover nemen. Bij Allego krijg je al een boete als je langer dan een half uurtje staat. En de prijs is sowieso ongunstiger dan bij de Tesla opladers.
34125,Van der Valk - Ridderkerk,Allego BV,Ridderkerk,ChIJw8ZjUhIyxEcRJc5p4D1-Jho,4.2,5,JuicePass gehad 30 euro heel de maand jullie kunnen tanken.
34125,Van der Valk - Ridderkerk,Allego BV,Ridderkerk,ChIJw8ZjUhIyxEcRJc5p4D1-Jho,4.2,5,120 kw voor tesla. Erg snel
34125,Van der Valk - Ridderkerk,Allego BV,Ridderkerk,ChIJw8ZjUhIyxEcRJc5p4D1-Jho,4.2,5,"Super vriendelijke helpdesk, probleempje met de paal door de kou was zo opgelost!"
34125,Van der Valk - Ridderkerk,Allego BV,Ridderkerk,ChIJw8ZjUhIyxEcRJc5p4D1-Jho,4.2,5,Past goed
34121,Houtzaagmolen 100,EVnetNL,Ridderkerk,ChIJOwIMPZEtxEcRpoTT1WHjE08,1.0,1,Werkt niet met Eneco of BP-laadpas dus helaas geen meerwaarde om hier te laden. Daarnaast is de laadkabel zeer kort en onhandig.
34105,De Mérodelaan 2,EVBox,Ridderkerk,ChIJK-KCvI4txEcRFAwsPghZpAc,3.0,1,Snellader accepteert veel bekende laadpassen niet. Zinloos om hier heen te rijden als je snel wilt laden.
34105,De Mérodelaan 2,EVBox,Ridderkerk,ChIJK-KCvI4txEcRFAwsPghZpAc,3.0,5,"Prima laadstation. Blij dat ie er is want ik moet nogal eens in de buurt zijn, en deze doet (op datum van review) 190 kW."
34091,Oude Singel 8,Shell Recharge Solutions (BE),Nissewaard,ChIJmzLbuH1JxEcR6Ey1dhqTaGg,4.0,5,"Voor de beheerders: de locatie op Google Maps klopt niet helemaal. De laadlocatie bevindt zich tegenover de KeukenKampioen, aan het begin van het winkelcentrumterrein vanaf de Sportlaan/Lucebertstraat, aan de linkerkant, in plaats van aan het einde van het terrein zoals momenteel staat aangegeven.

Het laden gaat snel en alles verloopt soepel: aanmelden, het proces doorlopen en beëindigen."
34091,Oude Singel 8,Shell Recharge Solutions (BE),Nissewaard,ChIJmzLbuH1JxEcR6Ey1dhqTaGg,4.0,3,"75kw maximale laadsnelheid als er iemand naast je staat, 150 als je alleen staat. Waarom zo'n langzame oplossing neerzetten? Is niet erg toekomstvast. Jammer, gemiste kans. Laadsnelheden van de auto's worden alleen maar hoger."
34091,Oude Singel 8,Shell Recharge Solutions (BE),Nissewaard,ChIJmzLbuH1JxEcR6Ey1dhqTaGg,4.0,3,De beschikbaarheid komt niet overeen. Er is geen snellader beschikbaar .. dus nu sta ik bij een langzame lader... Met de minst snel oplaadbare auto. Dat wordt koffie drinken...
34088,Zalm 13,EVnetNL,Ridderkerk,ChIJBxqN7C0sxEcRdNNJQgTEqoI,4.1,3,"Een 150kW aansluiting zorgt ervoor dat je met een uurtje weer lekker onderweg bent.

Er staat 1 laadpaal met 3 aansluiten en vier parkeerplekken. Hmmmmm,…in praktijk betekend dat max. 2 auto’s tegelijk laden.

Verder een verdrietige parkeerplek. Je gat niet even lekker buiten zitten (als het weer het zou toelaten). Een beetje opleuken met de gebruikelijke FastNed perks zou helpen."
34088,Zalm 13,EVnetNL,Ridderkerk,ChIJBxqN7C0sxEcRdNNJQgTEqoI,4.1,5,Prima lader met Chademo CCS en type 3 stekker. Laad met 50kW
34088,Zalm 13,EVnetNL,Ridderkerk,ChIJBxqN7C0sxEcRdNNJQgTEqoI,4.1,4,"Ondanks dat sommige foto's 2 laadpalen laten zien, staat er nog maar 1 fastned paal met 3 aansluitingen waarvan er 2 tegelijk kunnen worden. Een bordje verontschuldigd zich met dat ze wachten op een zwaardere aansluiting...
Deze laadplek is (nog) niet voorzien van een afdak, en niet snel herkenbaar als je naar het tankstation rijdt."
34088,Zalm 13,EVnetNL,Ridderkerk,ChIJBxqN7C0sxEcRdNNJQgTEqoI,4.1,5,Super snel voldoende geladen om thuis te komen
34088,Zalm 13,EVnetNL,Ridderkerk,ChIJBxqN7C0sxEcRdNNJQgTEqoI,4.1,3,"Ongezellige plek, afgelegen"
34078,Vrijenburglaan 44,Shell Recharge Solutions (BE),Barendrecht,ChIJJVEVo30xxEcRe1DmYQhbkAI,2.6,1,"De snellader is na sluitingstijd van de Karwei niet meer bereikbaar, omdat het parkeerterrein wordt afgesloten. Door domme pech met timing stond ik vast op het parkeerterrein en kostte dat me een vermogen aan een taxirit naar huis, omdat niemand het hek kon openen."
34078,Vrijenburglaan 44,Shell Recharge Solutions (BE),Barendrecht,ChIJJVEVo30xxEcRe1DmYQhbkAI,2.6,1,"NO RECHARGE
LOCATIE =
KARWEI BARENDRECHT"
34078,Vrijenburglaan 44,Shell Recharge Solutions (BE),Barendrecht,ChIJJVEVo30xxEcRe1DmYQhbkAI,2.6,5,"Bij mij, tijdens openingsuren, werkte deze goed!"
34078,Vrijenburglaan 44,Shell Recharge Solutions (BE),Barendrecht,ChIJJVEVo30xxEcRe1DmYQhbkAI,2.6,1,"De oplader is goed en snel, maar de PowerGoodies-app gaf aan dat deze om 19:00 uur sluit.

De oplader bevindt zich op de parkeerplaats van Karwei, waar niet alleen de winkel, maar ook de poort om 18:00 uur op zaterdag sluit, waardoor ik mijn auto niet kan ophalen.

Ik vraag me af wie de kosten gaat betalen voor iemand die 120 km moet rijden om mij op te halen en de volgende dag terug te komen om mijn auto op te halen?

Kijk maar naar de recensies, dit is niet de eerste keer.

Shell, dit is onacceptabel!"
34078,Vrijenburglaan 44,Shell Recharge Solutions (BE),Barendrecht,ChIJJVEVo30xxEcRe1DmYQhbkAI,2.6,4,"Het is prettig om zulke snelladers in het stadscentrum te vinden, maar wel dicht bij de snelweg en met veel winkels in de buurt.

Handig."
34069,Kelvinring 70d,Ecotap,Alblasserdam,ChIJqQl2bwgsxEcRReUCTm2pBGE,1.0,1,"Als dit de EcoTapladers zijn bij de Hornbach, deze werken niet met MTC- en Shell-Recharge laadpassen."
34061,Strevelszicht 9,EVnetNL,Ridderkerk,ChIJOwIMPZEtxEcRpoTT1WHjE08,1.0,1,Werkt niet met Eneco of BP-laadpas dus helaas geen meerwaarde om hier te laden. Daarnaast is de laadkabel zeer kort en onhandig.
34044,Curieweg 6A,EVnetNL,Nissewaard,ChIJmzLbuH1JxEcR6Ey1dhqTaGg,4.0,5,"Voor de beheerders: de locatie op Google Maps klopt niet helemaal. De laadlocatie bevindt zich tegenover de KeukenKampioen, aan het begin van het winkelcentrumterrein vanaf de Sportlaan/Lucebertstraat, aan de linkerkant, in plaats van aan het einde van het terrein zoals momenteel staat aangegeven.

Het laden gaat snel en alles verloopt soepel: aanmelden, het proces doorlopen en beëindigen."
34044,Curieweg 6A,EVnetNL,Nissewaard,ChIJmzLbuH1JxEcR6Ey1dhqTaGg,4.0,3,"75kw maximale laadsnelheid als er iemand naast je staat, 150 als je alleen staat. Waarom zo'n langzame oplossing neerzetten? Is niet erg toekomstvast. Jammer, gemiste kans. Laadsnelheden van de auto's worden alleen maar hoger."
34044,Curieweg 6A,EVnetNL,Nissewaard,ChIJmzLbuH1JxEcR6Ey1dhqTaGg,4.0,3,De beschikbaarheid komt niet overeen. Er is geen snellader beschikbaar .. dus nu sta ik bij een langzame lader... Met de minst snel oplaadbare auto. Dat wordt koffie drinken...
34037,Einsteinweg 6,Shell Recharge Solutions (BE),Nissewaard,ChIJmzLbuH1JxEcR6Ey1dhqTaGg,4.0,5,"Voor de beheerders: de locatie op Google Maps klopt niet helemaal. De laadlocatie bevindt zich tegenover de KeukenKampioen, aan het begin van het winkelcentrumterrein vanaf de Sportlaan/Lucebertstraat, aan de linkerkant, in plaats van aan het einde van het terrein zoals momenteel staat aangegeven.

Het laden gaat snel en alles verloopt soepel: aanmelden, het proces doorlopen en beëindigen."
34037,Einsteinweg 6,Shell Recharge Solutions (BE),Nissewaard,ChIJmzLbuH1JxEcR6Ey1dhqTaGg,4.0,3,"75kw maximale laadsnelheid als er iemand naast je staat, 150 als je alleen staat. Waarom zo'n langzame oplossing neerzetten? Is niet erg toekomstvast. Jammer, gemiste kans. Laadsnelheden van de auto's worden alleen maar hoger."
34037,Einsteinweg 6,Shell Recharge Solutions (BE),Nissewaard,ChIJmzLbuH1JxEcR6Ey1dhqTaGg,4.0,3,De beschikbaarheid komt niet overeen. Er is geen snellader beschikbaar .. dus nu sta ik bij een langzame lader... Met de minst snel oplaadbare auto. Dat wordt koffie drinken...
34029,Van Hennaertweg 13,Ecotap,Alblasserdam,ChIJqQl2bwgsxEcRReUCTm2pBGE,1.0,1,"Als dit de EcoTapladers zijn bij de Hornbach, deze werken niet met MTC- en Shell-Recharge laadpassen."
34027,Doctor Willem Vosstraat 4,Shell Recharge Solutions (BE),Albrandswaard,ChIJB2xd_iQ0xEcRyZyPRrdbwks,4.0,5,Fast loading terwijl wqchten een goed vers boodje en lekker koffie genomen!
34027,Doctor Willem Vosstraat 4,Shell Recharge Solutions (BE),Albrandswaard,ChIJB2xd_iQ0xEcRyZyPRrdbwks,4.0,2,Laad erg langzaam na een aantal minuten…
34027,Doctor Willem Vosstraat 4,Shell Recharge Solutions (BE),Albrandswaard,ChIJB2xd_iQ0xEcRyZyPRrdbwks,4.0,5,"hele mooie plek, elke zaterdag en zondag was ik daar mijn auto, het is erg handig, de wasstraat is goed, het is geweldig"
34027,Doctor Willem Vosstraat 4,Shell Recharge Solutions (BE),Albrandswaard,ChIJB2xd_iQ0xEcRyZyPRrdbwks,4.0,2,"In het begin laden met 89 kw, maar later slechts 35."
34027,Doctor Willem Vosstraat 4,Shell Recharge Solutions (BE),Albrandswaard,ChIJB2xd_iQ0xEcRyZyPRrdbwks,4.0,1,Beiden buiten werking
34020,Kilweg,Shell Recharge Solutions (BE),Barendrecht,ChIJJVEVo30xxEcRe1DmYQhbkAI,2.6,1,"De snellader is na sluitingstijd van de Karwei niet meer bereikbaar, omdat het parkeerterrein wordt afgesloten. Door domme pech met timing stond ik vast op het parkeerterrein en kostte dat me een vermogen aan een taxirit naar huis, omdat niemand het hek kon openen."
34020,Kilweg,Shell Recharge Solutions (BE),Barendrecht,ChIJJVEVo30xxEcRe1DmYQhbkAI,2.6,1,"NO RECHARGE
LOCATIE =
KARWEI BARENDRECHT"
34020,Kilweg,Shell Recharge Solutions (BE),Barendrecht,ChIJJVEVo30xxEcRe1DmYQhbkAI,2.6,5,"Bij mij, tijdens openingsuren, werkte deze goed!"
34020,Kilweg,Shell Recharge Solutions (BE),Barendrecht,ChIJJVEVo30xxEcRe1DmYQhbkAI,2.6,1,"De oplader is goed en snel, maar de PowerGoodies-app gaf aan dat deze om 19:00 uur sluit.

De oplader bevindt zich op de parkeerplaats van Karwei, waar niet alleen de winkel, maar ook de poort om 18:00 uur op zaterdag sluit, waardoor ik mijn auto niet kan ophalen.

Ik vraag me af wie de kosten gaat betalen voor iemand die 120 km moet rijden om mij op te halen en de volgende dag terug te komen om mijn auto op te halen?

Kijk maar naar de recensies, dit is niet de eerste keer.

Shell, dit is onacceptabel!"
34020,Kilweg,Shell Recharge Solutions (BE),Barendrecht,ChIJJVEVo30xxEcRe1DmYQhbkAI,2.6,4,"Het is prettig om zulke snelladers in het stadscentrum te vinden, maar wel dicht bij de snelweg en met veel winkels in de buurt.

Handig."
34000,Van Hogendorpweg,EVnetNL,Gorinchem,ChIJy8vpsNiFxkcRbheUZA0I4jk,4.3,5,"Op woensdagochtend 9:45 uur was ik de enige die stond te laden. 3 weken geleden onderweg naar vakantieadres ook hier geladen. Er zijn vier doorrijplekken beschikbaar, waardoor de vouwwagen aangekoppeld kon blijven. Ook toen (maandag eind van de ochtend) vrijwel de enige die stond te laden.
Toilet was beide keren schoon en wordt automatisch schoongemaakt. Naast toilet en bankjes geen andere voorzieningen beschikbaar, dus kop koffie en snack zelf even meenemen."
34000,Van Hogendorpweg,EVnetNL,Gorinchem,ChIJy8vpsNiFxkcRbheUZA0I4jk,4.3,4,"Veel laadpalen, weinig bezetting dus altijd gelijk de mogelijkheid tot laden. Mijn auto kan tot 140KW laden en dat heb ik ook gehaald. Enig minpuntje: geen prullenbakken waardoor er wat zwerfafval ligt"
34000,Van Hogendorpweg,EVnetNL,Gorinchem,ChIJy8vpsNiFxkcRbheUZA0I4jk,4.3,3,"21 laadunits, als enige aan het laden. Toch komt de laadstroom niet boven de 130 kW, terwijl dit op andere plaatsen, onder gelijke omstandigheden, 200+ is. Er staat 350 kW op de  units, maar het lijkt of ze beperkt zijn. Dit heb ik nu voor de 4e keer waargenomen."
34000,Van Hogendorpweg,EVnetNL,Gorinchem,ChIJy8vpsNiFxkcRbheUZA0I4jk,4.3,5,"Nog wel altijd plek, simpele   manier om te laden en te stoppen.
Prijs is gelijk aan laden op de snelweg en dat is jammer, mag wel wat minder."
34000,Van Hogendorpweg,EVnetNL,Gorinchem,ChIJy8vpsNiFxkcRbheUZA0I4jk,4.3,2,"Geen maximale snelheid helaas. Ik was de enige bij deze locatie en de snelheid ging niet boven de 185kw, terwijl mijn auto boven de 280kw moet komen.

Gemiste kans"
33975,Fagotstraat 16,EVnetNL,Nissewaard,ChIJX9ns1ApJxEcRBHYEeurbpEI,2.0,2,staat maar een enkele paal van 11 of 6 kw. de 22kw bestaat niet.
33971,A16,Shell Recharge Solutions (BE),Hendrik-Ido-Ambacht,ChIJbyzKSYguxEcRCHIrqwfwTHw,4.3,5,👍👍👍
33971,A16,Shell Recharge Solutions (BE),Hendrik-Ido-Ambacht,ChIJbyzKSYguxEcRCHIrqwfwTHw,4.3,5,Top oplaadpunt
33971,A16,Shell Recharge Solutions (BE),Hendrik-Ido-Ambacht,ChIJbyzKSYguxEcRCHIrqwfwTHw,4.3,4,"Het toilet kost 1 euro, er is geen douche, maar er is wel water. Het is er rustig en vredig. Winkels bevinden zich op 2-3 km afstand."
33971,A16,Shell Recharge Solutions (BE),Hendrik-Ido-Ambacht,ChIJbyzKSYguxEcRCHIrqwfwTHw,4.3,5,"De medewerkster was erg behulpzaam.

Goed gedaan, mevrouw."
33971,A16,Shell Recharge Solutions (BE),Hendrik-Ido-Ambacht,ChIJbyzKSYguxEcRCHIrqwfwTHw,4.3,2,Waarom staat het achter een tankstation? Schaam je je?
33969,AC Restaurant Hendrik-Ido-Ambacht,Allego BV,Hendrik-Ido-Ambacht,ChIJj94zzIUuxEcRqoRVzSaUzBA,1.0,1,"Bijna altijd beschikbaar, want de prijzen liggen tegen de 60ct de kwh. Alleen voor leaserijders? Thuis laden is minimaal 3x zo goedkoop. En de snelheid varieert ook enorm dus je kan ook niet uitrekenen hoe laat je hem weg moet halen. Maar wel vaste uurtarieven rekenen. Belachelijk. Tesla supercharger in dordt of Ridderkerk zijn veel goedkoper en sneller."
33946,Stadhuisplein 4,EVnetNL,Gorinchem,ChIJy8vpsNiFxkcRbheUZA0I4jk,4.3,5,"Op woensdagochtend 9:45 uur was ik de enige die stond te laden. 3 weken geleden onderweg naar vakantieadres ook hier geladen. Er zijn vier doorrijplekken beschikbaar, waardoor de vouwwagen aangekoppeld kon blijven. Ook toen (maandag eind van de ochtend) vrijwel de enige die stond te laden.
Toilet was beide keren schoon en wordt automatisch schoongemaakt. Naast toilet en bankjes geen andere voorzieningen beschikbaar, dus kop koffie en snack zelf even meenemen."
33946,Stadhuisplein 4,EVnetNL,Gorinchem,ChIJy8vpsNiFxkcRbheUZA0I4jk,4.3,4,"Veel laadpalen, weinig bezetting dus altijd gelijk de mogelijkheid tot laden. Mijn auto kan tot 140KW laden en dat heb ik ook gehaald. Enig minpuntje: geen prullenbakken waardoor er wat zwerfafval ligt"
33946,Stadhuisplein 4,EVnetNL,Gorinchem,ChIJy8vpsNiFxkcRbheUZA0I4jk,4.3,3,"21 laadunits, als enige aan het laden. Toch komt de laadstroom niet boven de 130 kW, terwijl dit op andere plaatsen, onder gelijke omstandigheden, 200+ is. Er staat 350 kW op de  units, maar het lijkt of ze beperkt zijn. Dit heb ik nu voor de 4e keer waargenomen."
33946,Stadhuisplein 4,EVnetNL,Gorinchem,ChIJy8vpsNiFxkcRbheUZA0I4jk,4.3,5,"Nog wel altijd plek, simpele   manier om te laden en te stoppen.
Prijs is gelijk aan laden op de snelweg en dat is jammer, mag wel wat minder."
33946,Stadhuisplein 4,EVnetNL,Gorinchem,ChIJy8vpsNiFxkcRbheUZA0I4jk,4.3,2,"Geen maximale snelheid helaas. Ik was de enige bij deze locatie en de snelheid ging niet boven de 185kw, terwijl mijn auto boven de 280kw moet komen.

Gemiste kans"
33943,Visserstraat 2,EVnetNL,Hellevoetsluis,ChIJlR4DQshRxEcRHY_Ue_H4g_Q,2.0,2,En alweer een elektriciteitsbron die op houtskool werkt
33938,Daltonstraat 18,FLOW Charging,Zwijndrecht,ChIJL-jC5mMuxEcRt8L-ekRYLis,3.0,5,"Prima club met veel kennis van elektrisch vervoer. Kennen de markt goed en goede leverancier voor laadstations, zowel zakelijk als prive."
33938,Daltonstraat 18,FLOW Charging,Zwijndrecht,ChIJL-jC5mMuxEcRt8L-ekRYLis,3.0,1,"Bregje stond voor dienstverlening en ontzorgen, Eneco doet maar wat."
33937,Struytse Hoeck 190,EVnetNL,Hellevoetsluis,ChIJeahBAdpRxEcRxLOnjPEO0ck,3.0,3,"Inmiddels staan er twee laadpalen van Orange Charging, met in totaal 4 CCS-laadstekkers.
Het maximale vermogen is momenteel 40 kW per stekker, vanwege beperkingen bij de netbeheerder Stedin.
De aanbieder bekijkt momenteel samen met de gemeente of het mogelijk is om een accu te plaatsen, zodat er wel sneller geladen kan worden. Even geduld dus...."
33929,Pompstraat 27,EVnetNL,Gorinchem,ChIJy8vpsNiFxkcRbheUZA0I4jk,4.3,5,"Op woensdagochtend 9:45 uur was ik de enige die stond te laden. 3 weken geleden onderweg naar vakantieadres ook hier geladen. Er zijn vier doorrijplekken beschikbaar, waardoor de vouwwagen aangekoppeld kon blijven. Ook toen (maandag eind van de ochtend) vrijwel de enige die stond te laden.
Toilet was beide keren schoon en wordt automatisch schoongemaakt. Naast toilet en bankjes geen andere voorzieningen beschikbaar, dus kop koffie en snack zelf even meenemen."
33929,Pompstraat 27,EVnetNL,Gorinchem,ChIJy8vpsNiFxkcRbheUZA0I4jk,4.3,4,"Veel laadpalen, weinig bezetting dus altijd gelijk de mogelijkheid tot laden. Mijn auto kan tot 140KW laden en dat heb ik ook gehaald. Enig minpuntje: geen prullenbakken waardoor er wat zwerfafval ligt"
33929,Pompstraat 27,EVnetNL,Gorinchem,ChIJy8vpsNiFxkcRbheUZA0I4jk,4.3,3,"21 laadunits, als enige aan het laden. Toch komt de laadstroom niet boven de 130 kW, terwijl dit op andere plaatsen, onder gelijke omstandigheden, 200+ is. Er staat 350 kW op de  units, maar het lijkt of ze beperkt zijn. Dit heb ik nu voor de 4e keer waargenomen."
33929,Pompstraat 27,EVnetNL,Gorinchem,ChIJy8vpsNiFxkcRbheUZA0I4jk,4.3,5,"Nog wel altijd plek, simpele   manier om te laden en te stoppen.
Prijs is gelijk aan laden op de snelweg en dat is jammer, mag wel wat minder."
33929,Pompstraat 27,EVnetNL,Gorinchem,ChIJy8vpsNiFxkcRbheUZA0I4jk,4.3,2,"Geen maximale snelheid helaas. Ik was de enige bij deze locatie en de snelheid ging niet boven de 185kw, terwijl mijn auto boven de 280kw moet komen.

Gemiste kans"
33891,Wevelsweg 232,Shell Recharge Solutions (BE),Nissewaard,ChIJmzLbuH1JxEcR6Ey1dhqTaGg,4.0,5,"Voor de beheerders: de locatie op Google Maps klopt niet helemaal. De laadlocatie bevindt zich tegenover de KeukenKampioen, aan het begin van het winkelcentrumterrein vanaf de Sportlaan/Lucebertstraat, aan de linkerkant, in plaats van aan het einde van het terrein zoals momenteel staat aangegeven.

Het laden gaat snel en alles verloopt soepel: aanmelden, het proces doorlopen en beëindigen."
33891,Wevelsweg 232,Shell Recharge Solutions (BE),Nissewaard,ChIJmzLbuH1JxEcR6Ey1dhqTaGg,4.0,3,"75kw maximale laadsnelheid als er iemand naast je staat, 150 als je alleen staat. Waarom zo'n langzame oplossing neerzetten? Is niet erg toekomstvast. Jammer, gemiste kans. Laadsnelheden van de auto's worden alleen maar hoger."
33891,Wevelsweg 232,Shell Recharge Solutions (BE),Nissewaard,ChIJmzLbuH1JxEcR6Ey1dhqTaGg,4.0,3,De beschikbaarheid komt niet overeen. Er is geen snellader beschikbaar .. dus nu sta ik bij een langzame lader... Met de minst snel oplaadbare auto. Dat wordt koffie drinken...
33829,Tol 12,EVnetNL,Werkendam,ChIJV3l3aq6FxkcRquavybGZybI,3.0,3,11kW max geladen
33828,Mijlweg 29,EVBox,Dordrecht,ChIJMTrTTt8uxEcRgJFsoPtPPiA,2.8,1,"Tanken is prima, maar het eten bah! Vroegen om 2 ham kaas tosti's kregen we een tosti met heel raar vlees erop, ik ben zwanger dus iets wat er niet goed uit ziet ga ik niet eten. Vervolgens terug gegaan want t was ook nog verband krijgen ons geld niet terug en ook geen nieuwe tosti's heel erg slecht!!!!"
33828,Mijlweg 29,EVBox,Dordrecht,ChIJMTrTTt8uxEcRgJFsoPtPPiA,2.8,4,"Hie zit ook een goede wasstraat, waar jezelf je auto kunt wassen. Je kan er ook stofzuigen"
24675,Dominee Nanne Zwiepsingel,"MisterGreen, The Fast Charger Network",Oostzaan,ChIJkf9LK7PixUcRNHhWfeDbl7A,3.0,5,Fijne laadplek tijdens het halen van een bestelling bij de FEBO. Hoge laadsnelheid dus als je bestelling klaar is kan je gelijk weer op weg!
24642,Haarrijn,"MisterGreen, The Fast Charger Network",Breukelen,ChIJ2f2pUrtxxkcRC50-mo_zyVo,3.4,4,"Fastned bij Haarrijn, onderdeel van grote parkeerplaats langs de A2. Eerlijk gezegd had ik van Fastned betere faciliteiten verwacht bij zo'n grote parkeerplaats. De laadplekken zijn bijvoorbeeld niet overdekt. Wel heb je hier een plek waar je kan lunchen en koffie kan halen."
24642,Haarrijn,"MisterGreen, The Fast Charger Network",Breukelen,ChIJ2f2pUrtxxkcRC50-mo_zyVo,3.4,2,Veel te weinig laders voor zo’n druk punt. Graag meerdere plaatsen.
24642,Haarrijn,"MisterGreen, The Fast Charger Network",Breukelen,ChIJ2f2pUrtxxkcRC50-mo_zyVo,3.4,3,"Te vaak te druk en daardoor geen plek helaas.
Al er wel plek is is het uiteraard prima om hier te laden!"
24642,Haarrijn,"MisterGreen, The Fast Charger Network",Breukelen,ChIJ2f2pUrtxxkcRC50-mo_zyVo,3.4,5,"Prima locatie bij groot Shell station, genoeg ruimte om ook even de honden uit te laten."
24642,Haarrijn,"MisterGreen, The Fast Charger Network",Breukelen,ChIJ2f2pUrtxxkcRC50-mo_zyVo,3.4,1,"Op 2 laadpunten werkte laadpas niet, ook niet van andere chauffeurs. Laden op ander laadpunt lukte wel, echter maar 90 kW hoewel 300kW aangegeven is. Bij 69% plots storing en laadbeurt afgebroken."
24641,De Forten,"MisterGreen, The Fast Charger Network",Bunnik,ChIJSzQyfTRmxkcR6mKZnXFl0S8,4.2,5,"06-25
Groot laadstation met 8 laadplekken van Fastned. Met de bekende goede kwaliteit.
300kW laders. Overdekt, voldoende prullenbakken, goede verlichting.  Voelt ook veilig."
24641,De Forten,"MisterGreen, The Fast Charger Network",Bunnik,ChIJSzQyfTRmxkcR6mKZnXFl0S8,4.2,3,De schuine parkeerplaatsen zijn erg onhandig. Zeker wanneer je links achter je laadpunt op de auto zit. Dan moet je toch op een bijzondere manier weten in te parkeren zo aan het begin van de parkeerplaats.
24641,De Forten,"MisterGreen, The Fast Charger Network",Bunnik,ChIJSzQyfTRmxkcR6mKZnXFl0S8,4.2,4,"Laadpunt is weer open na geruime tijd. Nieuw is dat je nu ook met je pinpas contactloos kan betalen. Het laadpunt ligt handig op de route voor mij. Ik laad met Chademo met 50kWh. Verder kun je laden met CCS of type 2 stekker. Bij de Esso kun je binnen zitten, wat ik prettig vind"
24641,De Forten,"MisterGreen, The Fast Charger Network",Bunnik,ChIJSzQyfTRmxkcR6mKZnXFl0S8,4.2,5,"Mooi aangelegde Fastned.
Veel laadpalen en verkooppunt voor koffie in de buurt."
24641,De Forten,"MisterGreen, The Fast Charger Network",Bunnik,ChIJSzQyfTRmxkcR6mKZnXFl0S8,4.2,5,"Een fijne FastNed-lokatie: Goed bereikbaar, meestal een plek vrij, mooie laadcapaciteit."
24637,Knorrestein ,FastNed,Zoetermeer,ChIJtZ45-6TJxUcRbrfDtNx1Dlk,4.4,4,74 cent per KW maar wel super snel laden!
24637,Knorrestein ,FastNed,Zoetermeer,ChIJtZ45-6TJxUcRbrfDtNx1Dlk,4.4,4,Fijne plek om de auto snel op te laden. Nachts kan het echter wel wat verlaten en onveilig aanvoelen vanwege de afstand naar het benzinestation en de matige verlichting.
24637,Knorrestein ,FastNed,Zoetermeer,ChIJtZ45-6TJxUcRbrfDtNx1Dlk,4.4,3,"Fastned laadstation, zo’n 200 meter lopen vanaf het tankstation om de koffie te scoren. Maar je staat droog"
24637,Knorrestein ,FastNed,Zoetermeer,ChIJtZ45-6TJxUcRbrfDtNx1Dlk,4.4,3,"Weinig parkeerplaats maar goed ik hoeft er niet te zo lang te staan even mijn rust pakken met de truck en weer door
Ik hoeft de laad pal niet te gebruiken ik rij diesel met de truck 🤣🤣🤣🤣"
24637,Knorrestein ,FastNed,Zoetermeer,ChIJtZ45-6TJxUcRbrfDtNx1Dlk,4.4,4,Steeds meer zie je dit soort futuristische laadstations voor elektrische auto's. Je ziet er jammer genoeg nog niet vaak auto's staan als bij reguliere tankstations. Zeker goed dat ze er zijn!
24636,Fastned Elsgeest ,FastNed,,ChIJq-s16inBxUcRMm88BmEUCaY,4.3,1,"Ze zeggen dat de snelheid van opladen afhankelijk is van de auto, ik zeg dat dit soms niet klopt en dat is bij deze fastned het geval.
Veel te vaak kom ik niet verder dan 50KW. Terwijl ik bij andere in de zelfde straal gewoon hogere oplaad snelheden haal."
24636,Fastned Elsgeest ,FastNed,,ChIJq-s16inBxUcRMm88BmEUCaY,4.3,3,Het was niet duidelijk hoe het werkte met name omdat toen het eindelijk wel werkte het startscherm weer verscheen met wat je moet doen om te starten. Dit was de eerste keer dus zal de volgende keer duidelijker zijn.
24636,Fastned Elsgeest ,FastNed,,ChIJq-s16inBxUcRMm88BmEUCaY,4.3,5,"Even een update. Snelladers zijn inmiddels vervangen door 300kW laders en draaien nu op topsnelheid. Werken perfect!

—

Werkt prima maar met max 50kW eigenlijk te ‘traag’."
24636,Fastned Elsgeest ,FastNed,,ChIJq-s16inBxUcRMm88BmEUCaY,4.3,2,Dit laadstation zegt 4x 300kw en 4x150kw te kunnen laden. Bij de Tesla supercharger haal ik regelmatig >200kw maar hier haal je max 90kw. Nu sta ik alleen om 23:00 en 68kw lever vermogen. Beetje jammer als je de Tesla stations gewend bent en niet onnodig lang wilt laden.
24636,Fastned Elsgeest ,FastNed,,ChIJq-s16inBxUcRMm88BmEUCaY,4.3,3,Vlakbij een mcdonalds die is 5 min vandaan ga altijd eerst langs mac dan naar hier. Rustgevend. Alleen die apparaten met 1 lader eraan mogen jullie echt vervangen. Zovaak gezeik met die en niet alleen bij jullie elke fastned.
24623,Van der Valk Den Haag - Wassenaar,Greenflux,Stadsgewest Haaglanden,ChIJO2iHH063xUcRotHvBGJ8AaI,4.0,5,"Beste laadpaal evvverrrr
De stroom kwam er perfect uit, gleed zo door mn combi stekker mn accu in, wat een feest! Als ik 10 sterren had kunnen geven had ik het gedaan!"
24623,Van der Valk Den Haag - Wassenaar,Greenflux,Stadsgewest Haaglanden,ChIJO2iHH063xUcRotHvBGJ8AaI,4.0,5,"Werkt altijd , meestal voldoende laadplekken. Je merkt wel dat het drukker wordt de laatste tijd maar dat is alleen maar goed nieuws voor fastned. Prijzen aan de hoge kant, maar dat is inherent aan het snelladen. In elk geval de prijs waard t.o.v. de meeste concurrenten"
24623,Van der Valk Den Haag - Wassenaar,Greenflux,Stadsgewest Haaglanden,ChIJO2iHH063xUcRotHvBGJ8AaI,4.0,1,Deed niks. Reageerde niet op label. Dan maar via QR naar website. Laadde ook niet
24623,Van der Valk Den Haag - Wassenaar,Greenflux,Stadsgewest Haaglanden,ChIJO2iHH063xUcRotHvBGJ8AaI,4.0,1,"2 palen, laden start, maar wordt kort daarna gestopt.
Verderop bij allego geen probleem."
24623,Van der Valk Den Haag - Wassenaar,Greenflux,Stadsgewest Haaglanden,ChIJO2iHH063xUcRotHvBGJ8AaI,4.0,5,Geweldig dat Fastned elektrisch rijden veel gemakkelijker maakt met zulke stations in Nederland en straks hopelijk ook in heel Europa!
24615,Van der Valk Hotel De Bilt - Utrecht,Greenflux,De Bilt,ChIJSWR4JF9oxkcRLU-PMKbvUgE,3.9,4,Doet wat tie moet doen. Wel onhandig dat de automaat niet kijkt welke auto de stekker ingestoken is en vervolgens vraagt welke stekker je wilt gebruiken zonder dat je dan kan zien of het de linker of rechter is.... Je raad het al: ik eindigde met gekruiste kabels
24615,Van der Valk Hotel De Bilt - Utrecht,Greenflux,De Bilt,ChIJSWR4JF9oxkcRLU-PMKbvUgE,3.9,5,"2x 300 kw laders en 2x 50kw laders
Bij vd Valk ernaast even rustig een bakkie doen en weer op je route uitgerust."
24615,Van der Valk Hotel De Bilt - Utrecht,Greenflux,De Bilt,ChIJSWR4JF9oxkcRLU-PMKbvUgE,3.9,1,Plek voor 4 bezet door drie autos
24615,Van der Valk Hotel De Bilt - Utrecht,Greenflux,De Bilt,ChIJSWR4JF9oxkcRLU-PMKbvUgE,3.9,4,Snellader met 300 KW
24615,Van der Valk Hotel De Bilt - Utrecht,Greenflux,De Bilt,ChIJSWR4JF9oxkcRLU-PMKbvUgE,3.9,3,"Werkte zoals verwacht, wel een beetje traag, maar dat kan aan een koude batterij hebben gelegen."
24162,Van Limburg Stirumstraat,(Unknown Operator),Den Haag,ChIJN6pq2SO3xUcRoPoGcsm4u-s,5.0,5,"6 x 300kW laders, heerlijke koffie tijdens het wachten en een ruime tafel om te werken."
24162,Van Limburg Stirumstraat,(Unknown Operator),Den Haag,ChIJN6pq2SO3xUcRoPoGcsm4u-s,5.0,5,"Fijne locatie midden in het centrum van Den Haag. Goede koffie & een schoon toilet in de Shell Café, erg leuk concept en lekkere stoelen om in te wachten tijdens het laden. Aanrader!"
24162,Van Limburg Stirumstraat,(Unknown Operator),Den Haag,ChIJN6pq2SO3xUcRoPoGcsm4u-s,5.0,5,"Wat een mooie winkel is dit zeg. Goede koffie, nette WC en even laptopje open terwijl de auto oplaad. Ideaal zo midden in de stad."
24162,Van Limburg Stirumstraat,(Unknown Operator),Den Haag,ChIJN6pq2SO3xUcRoPoGcsm4u-s,5.0,5,Ideale locatie! Tijdens mijn meeting kunnen laden onder het genot van een heerlijke koffie. Aanrader!
24162,Van Limburg Stirumstraat,(Unknown Operator),Den Haag,ChIJN6pq2SO3xUcRoPoGcsm4u-s,5.0,5,"Een hele prettige locatie in het centrum van Den Haag (overdekt, 30 minuten gratis parkeren bij snelladen en ruimte om te werken)."
23663,Schoolplein - Achter gemeentehuis (nabij Opzoomerlaan),(Unknown Operator),Hellevoetsluis,ChIJeahBAdpRxEcRxLOnjPEO0ck,3.0,3,"Inmiddels staan er twee laadpalen van Orange Charging, met in totaal 4 CCS-laadstekkers.
Het maximale vermogen is momenteel 40 kW per stekker, vanwege beperkingen bij de netbeheerder Stedin.
De aanbieder bekijkt momenteel samen met de gemeente of het mogelijk is om een accu te plaatsen, zodat er wel sneller geladen kan worden. Even geduld dus...."
19124,Ikea Barendrecht,Shell Recharge Solutions (NL),Barendrecht,ChIJJVEVo30xxEcRe1DmYQhbkAI,2.6,1,"De snellader is na sluitingstijd van de Karwei niet meer bereikbaar, omdat het parkeerterrein wordt afgesloten. Door domme pech met timing stond ik vast op het parkeerterrein en kostte dat me een vermogen aan een taxirit naar huis, omdat niemand het hek kon openen."
19124,Ikea Barendrecht,Shell Recharge Solutions (NL),Barendrecht,ChIJJVEVo30xxEcRe1DmYQhbkAI,2.6,1,"NO RECHARGE
LOCATIE =
KARWEI BARENDRECHT"
19124,Ikea Barendrecht,Shell Recharge Solutions (NL),Barendrecht,ChIJJVEVo30xxEcRe1DmYQhbkAI,2.6,5,"Bij mij, tijdens openingsuren, werkte deze goed!"
19124,Ikea Barendrecht,Shell Recharge Solutions (NL),Barendrecht,ChIJJVEVo30xxEcRe1DmYQhbkAI,2.6,1,"De oplader is goed en snel, maar de PowerGoodies-app gaf aan dat deze om 19:00 uur sluit.

De oplader bevindt zich op de parkeerplaats van Karwei, waar niet alleen de winkel, maar ook de poort om 18:00 uur op zaterdag sluit, waardoor ik mijn auto niet kan ophalen.

Ik vraag me af wie de kosten gaat betalen voor iemand die 120 km moet rijden om mij op te halen en de volgende dag terug te komen om mijn auto op te halen?

Kijk maar naar de recensies, dit is niet de eerste keer.

Shell, dit is onacceptabel!"
19124,Ikea Barendrecht,Shell Recharge Solutions (NL),Barendrecht,ChIJJVEVo30xxEcRe1DmYQhbkAI,2.6,4,"Het is prettig om zulke snelladers in het stadscentrum te vinden, maar wel dicht bij de snelweg en met veel winkels in de buurt.

Handig."
19053,ICT Automatisering Barendrecht,(Unknown Operator),Barendrecht,ChIJJVEVo30xxEcRe1DmYQhbkAI,2.6,1,"De snellader is na sluitingstijd van de Karwei niet meer bereikbaar, omdat het parkeerterrein wordt afgesloten. Door domme pech met timing stond ik vast op het parkeerterrein en kostte dat me een vermogen aan een taxirit naar huis, omdat niemand het hek kon openen."
19053,ICT Automatisering Barendrecht,(Unknown Operator),Barendrecht,ChIJJVEVo30xxEcRe1DmYQhbkAI,2.6,1,"NO RECHARGE
LOCATIE =
KARWEI BARENDRECHT"
19053,ICT Automatisering Barendrecht,(Unknown Operator),Barendrecht,ChIJJVEVo30xxEcRe1DmYQhbkAI,2.6,5,"Bij mij, tijdens openingsuren, werkte deze goed!"
19053,ICT Automatisering Barendrecht,(Unknown Operator),Barendrecht,ChIJJVEVo30xxEcRe1DmYQhbkAI,2.6,1,"De oplader is goed en snel, maar de PowerGoodies-app gaf aan dat deze om 19:00 uur sluit.

De oplader bevindt zich op de parkeerplaats van Karwei, waar niet alleen de winkel, maar ook de poort om 18:00 uur op zaterdag sluit, waardoor ik mijn auto niet kan ophalen.

Ik vraag me af wie de kosten gaat betalen voor iemand die 120 km moet rijden om mij op te halen en de volgende dag terug te komen om mijn auto op te halen?

Kijk maar naar de recensies, dit is niet de eerste keer.

Shell, dit is onacceptabel!"
19053,ICT Automatisering Barendrecht,(Unknown Operator),Barendrecht,ChIJJVEVo30xxEcRe1DmYQhbkAI,2.6,4,"Het is prettig om zulke snelladers in het stadscentrum te vinden, maar wel dicht bij de snelweg en met veel winkels in de buurt.

Handig."
19047,Van der Valk Breukelen,Greenflux,Breukelen,ChIJj8GpGX9xxkcRuQe6v7F2rk0,4.8,5,"Veel opties, snelladen en minder snel laden (prijs is afhankelijk van type laadpas) grote auto past alleen niet op de parkeerplaats (steekt uit op de weg), maar verder top!"
19047,Van der Valk Breukelen,Greenflux,Breukelen,ChIJj8GpGX9xxkcRuQe6v7F2rk0,4.8,5,Betrouwbaar (snel-)laadpunt tot 300 kW. Prijs is afhankelijk van welke laadpas je hebt.
19047,Van der Valk Breukelen,Greenflux,Breukelen,ChIJj8GpGX9xxkcRuQe6v7F2rk0,4.8,5,Goed oplaad punt dicht bij het hotel en de snelweg
13546,Total De Staart,TOTAL Nl PlugToDrive,Houten,ChIJAYNRm4RmxkcRiHwMTPRi9GA,2.0,1,Bestaat niet!
13546,Total De Staart,TOTAL Nl PlugToDrive,Houten,ChIJAYNRm4RmxkcRiHwMTPRi9GA,2.0,1,Is prive
9245,ANWB Servicecenter Badhoevedorp ,(Unknown Operator),Badhoevedorp ,ChIJ447uLRXhxUcRzsww6BOyvtM,4.3,3,"Is een goede oplaad plaats jammer dat van de week 7 plekken bezet waren door hoveniers, die zekerop 4 plaatsen boompjes hadden neergegooid een aanhanger hadden neergezet en nog 2 busjes.
Beetje aso."
9245,ANWB Servicecenter Badhoevedorp ,(Unknown Operator),Badhoevedorp ,ChIJ447uLRXhxUcRzsww6BOyvtM,4.3,5,Netjes dat er toiletten zijn geplaatst nu alleen ook nog ffies in Haarlem ook plaatsen en bijhouden om schoon te maken.
9245,ANWB Servicecenter Badhoevedorp ,(Unknown Operator),Badhoevedorp ,ChIJ447uLRXhxUcRzsww6BOyvtM,4.3,3,Zou wel handig zijn als ze zouden vermelden hoe we de 24% korting kunnen krijgen. Kheb niet meer als 10% gehaald. En komt ook vaak voor dat er sommige niet werken.
9245,ANWB Servicecenter Badhoevedorp ,(Unknown Operator),Badhoevedorp ,ChIJ447uLRXhxUcRzsww6BOyvtM,4.3,5,Zelfs met een electrische bakwagen is hier vaak wel plek om even snel wat bij te laden om de route af te kunnen maken. Het laden gaat ook super snel.
9245,ANWB Servicecenter Badhoevedorp ,(Unknown Operator),Badhoevedorp ,ChIJ447uLRXhxUcRzsww6BOyvtM,4.3,5,Prima laadplek. De Tesla lader aan de overkant is achter een slagboom dus heb hier even geladen onderweg naar huis. Zag er schoon en verzorgd uit.
