OCM_ID,Istasyon_Adi,Operator,Sehir,Google_Place_ID,Genel_Puan,Verilen_Yildiz,Yorum_Metni,Tutum_Etiketi,Tutum_Skoru
487192,Emailfabrikstraße,(Unknown Operator),Amberg,ChIJ38Z2xjsqoEcRcmj2lhmLgbM,4.0,4,"Die Ladestation macht was sie soll, lädt auch gut, ich könnte bis zur maximal möglichen Leistung meines Fahrzeuges nämlich 160 KW/h kommen.

Das Problem: Ganz hinten versteckt, wenn man hier neu ist, muss man suchen, es gibt auch keine Beschilderung!",Nötr,0
487192,Emailfabrikstraße,(Unknown Operator),Amberg,ChIJ38Z2xjsqoEcRcmj2lhmLgbM,4.0,5,Ladestationen sind hinter dem Haus/der Tankstelle. (Rechts rein neben Waschanlage.),Olumlu,1
487192,Emailfabrikstraße,(Unknown Operator),Amberg,ChIJ38Z2xjsqoEcRcmj2lhmLgbM,4.0,3,"Lädt schnell, ist jedoch oft belegt. Wohl weil es einer der besten Fast-Charger in Amberg ist. Schwer zu finden hinter dem Gebäude. Manchmal kommt man schwer in die Parklücke weil andere Fahrzeuge an der Waschstraße anstehen.",Olumlu,1
487192,Emailfabrikstraße,(Unknown Operator),Amberg,ChIJ38Z2xjsqoEcRcmj2lhmLgbM,4.0,1,Braucht man nicht wenn man Diesel fährt,Olumsuz,-1
487192,Emailfabrikstraße,(Unknown Operator),Amberg,ChIJ38Z2xjsqoEcRcmj2lhmLgbM,4.0,5,"Schnellader bei der Tankstelle mit dabei, etwas versteckt, aber bisher nie Probleme gehabt.",Olumlu,1
487188,Angerpassage,(Unknown Operator),,ChIJXTifFGgNpEcRpQzaIYs4yIA,2.7,3,"Ich bin nun zum zweiten Mal hier zum Laden. Beim ersten Mal hat alles reibungslos funktioniert, doch heute leider überhaupt nicht. Die Ladestation reagierte auf nichts:

– Der Stecker wurde eingesteckt, aber es passierte nichts.
– Meine Ladekarte wurde nicht erkannt.
– Auch mit der Debitkarte konnte ich den Ladevorgang nicht starten.

Die Ladesäule war laut Anzeige online, aber keinerlei Funktion war möglich. Besonders ärgerlich: Der Kundenservice war offenbar nur auf Niederländisch erreichbar, sodass ich keine Hilfe bekommen konnte.",Olumsuz,-1
487188,Angerpassage,(Unknown Operator),,ChIJXTifFGgNpEcRpQzaIYs4yIA,2.7,5,Super Ladestation in guter Umgebung.,Olumlu,1
487188,Angerpassage,(Unknown Operator),,ChIJXTifFGgNpEcRpQzaIYs4yIA,2.7,1,"Aufladen nicht möglich | CCS | Keine Wartezeit

Ich bin nun zum zweiten Mal hier zum Laden. Beim ersten Mal hat alles reibungslos funktioniert, doch heute leider überhaupt nicht. Die Ladestation reagierte auf nichts:

– Der Stecker wurde eingesteckt, aber es passierte nichts.
– Meine Ladekarte wurde nicht erkannt.
– Auch mit der Debitkarte konnte ich den Ladevorgang nicht starten.

Die Ladesäule war laut Anzeige online, aber keinerlei Funktion war möglich. Besonders ärgerlich: Der Kundenservice war gar nicht zu erreichen. Die Nummer ist nicht aktiv, sodass ich keine Hilfe bekommen konnte.",Olumsuz,-1
487188,Angerpassage,(Unknown Operator),,ChIJXTifFGgNpEcRpQzaIYs4yIA,2.7,1,"30.03.26 heute kein Laden möglich. Null Verbindungsaufbau.     Beim ersten mal:Nur gut, solange du alleine lädst. Beim zweiten Fzg. halbiert sich die Leistung. Dann wird aus einer halben Stunde eine ganze Stunde😡",Olumsuz,-1
487188,Angerpassage,(Unknown Operator),,ChIJXTifFGgNpEcRpQzaIYs4yIA,2.7,5,"Das Laden ging mit dem Maingau Chip problemlos, sehr schnell",Olumlu,1
487184,Andreasstraße,(Unknown Operator),,ChIJG97snCNOqEcRX_K9No2eM48,4.2,3,"Nur ein 22-W-Ladeanschluss funktioniert noch, der andere ist kaputt.",Olumsuz,-1
487184,Andreasstraße,(Unknown Operator),,ChIJG97snCNOqEcRX_K9No2eM48,4.2,4,"Manche Orte sind mehr, als sie zu sein scheinen. Dies ist einer davon.
Ein paar Säulen, eine geschichtsträchtige Fassade und darunter eine Ladestation – das Tor zwischen Vergangenheit und Gegenwart.

Els stieg aus, gekleidet in ihre Lederhose von Johnny’s Vintage and Leathers. „Harm“, sagte sie, „selbst die Elektrizität fühlt sich hier schwül an.“
Sie hatte Recht. Berlin atmete anders – eine Stadt voller Spannung, im wahrsten Sinne des Wortes.
Harm sah sich um, Grindr-Benachrichtigungen blinkten wie Neon in seinen Augenwinkeln, seine Jacke knarrte vor Leder.
„Das ist nicht nur Laden“, murmelte er, „das ist Wiedergeburt.“

Das Kabel klickte. Das Auto seufzte. Die Luft roch nach Regen und Abenteuer.
Els lehnte sich mit geschlossenen Augen an die Wand und sagte: „Manchmal reichen 22 kW, um eine Ehe zu retten.“
Und ich dachte – ja, und ein guter Riemen auch.

Empfohlen für: mutige Reisende, Lederliebhaber und alle, die wissen, dass Energie nicht nur aus der Steckdose kommt.
Tipp: Laden Sie an der Ladestation der Berliner Stadtwerke auf, tragen Sie Ihre beste Ausrüstung von Johnny's Vintage and Leathers Etsy und fühlen Sie sich als Teil der Stadt – elektrisierend, ehrlich und ein bisschen gefährlich.",Olumlu,1
487184,Andreasstraße,(Unknown Operator),,ChIJG97snCNOqEcRX_K9No2eM48,4.2,4,Tasten und Lesegerät funktionieren nicht – der Ladevorgang wurde über die App gestartet.,Olumsuz,-1
485833,Qwello-Ladestation,Qwello,Berlin,ChIJa3O2C9VLqEcR-U5R9tvjPLw,3.0,4,"Tolle Säulen, da mit Kabel versehen. (bei mir jedenfalls) Wenn ein Fahrzeug gerade weg ist, dauert es allerdings diverse Minuten, bis sie wieder frei geschaltet ist. Musste schon 10 Minuten warten",Olumlu,1
485833,Qwello-Ladestation,Qwello,Berlin,ChIJa3O2C9VLqEcR-U5R9tvjPLw,3.0,2,"Schön das neue Ladestationen entstehen, jedoch sind die Säulen ständig außer Betrieb.",Olumsuz,-1
485832,eze.network-Ladestation,(Unknown Operator),Berlin,ChIJT-XtiNVLqEcRrvN4V8pZ-Xc,5.0,5,ideal mit der Nähe zum U Bahnhof,Olumlu,1
477295,Hypercharger R-Werk,REWAG,Regensburg,ChIJm5fXIp3Bn0cR34P9CcolYJk,4.6,5,"Ladesäule, an der man ohne Probleme ad-hoc laden kann.
Man kann einfach den QR Code der Säule scannen und dann per PayPal bezahlen (0,50€/kWh, Stand 23.03.2024).

Einfacher geht's nur am Tesla Supercharger.",Olumlu,1
477295,Hypercharger R-Werk,REWAG,Regensburg,ChIJm5fXIp3Bn0cR34P9CcolYJk,4.6,5,Schnellladesäule für meine Bedürfnisse ok - CUPRA Born,Olumlu,1
477295,Hypercharger R-Werk,REWAG,Regensburg,ChIJm5fXIp3Bn0cR34P9CcolYJk,4.6,5,Regensburg macht einfach besser,Olumlu,1
477295,Hypercharger R-Werk,REWAG,Regensburg,ChIJm5fXIp3Bn0cR34P9CcolYJk,4.6,5,Keine Komplikationen. Alles so wie Mann es erwartet.,Olumlu,1
477295,Hypercharger R-Werk,REWAG,Regensburg,ChIJm5fXIp3Bn0cR34P9CcolYJk,4.6,4,"Mehrere Ladegeräte sind vorhanden, darunter ein 150-kW-Schnellladegerät mit zwei Anschlüssen. Funktioniert mit MercedesMe! :-)
Leider lud mein EQA nur mit maximal 75 kW. Möglicherweise hatte die Batterie nicht die optimale Temperatur. Neben dem Schnellladegerät befinden sich weitere 11-kW- und 22-kW-Ladegeräte.",Olumlu,1
475326,Arale Pulse,Aral pulse,Schierling,ChIJ8T87TVfOn0cRhIJptOBhNso,4.4,5,Sehr gute Location. 8 Ladeplätze für PKW und 2 LKW Ladeplätze. Was zum Fenster putzen und Abfallbehälter. Wasser für die Wisch Waschanlage. 300 KW. In der Nähe McDonald's. Da sind auch 2 Ladeplätze. Und ein Tesla Super Charger auch in der Nähe. Ideal.,Olumlu,1
475326,Arale Pulse,Aral pulse,Schierling,ChIJ8T87TVfOn0cRhIJptOBhNso,4.4,5,"Super Aral Pulse Ladestation. Bestens ausgestattet mit Mülleimer und sauberem Wasser für die Scheibenreinigung. Es gab sogar ein paar Bierzeltgarnituren für die Pause.
5 Sterne👍👍👍",Olumlu,1
475326,Arale Pulse,Aral pulse,Schierling,ChIJ8T87TVfOn0cRhIJptOBhNso,4.4,1,"- Ladeleistung 45kw - weit weg von den versprochenen 300kw
Fusswege praktisch nicht vorhanden - zu McDonald's geht's über die matschige Wiese.",Olumsuz,-1
475326,Arale Pulse,Aral pulse,Schierling,ChIJ8T87TVfOn0cRhIJptOBhNso,4.4,5,"Top, dass ich den LKW Ladeplatz nutzen konnte mit PKW plus Anhänger. Dadurch musste ich nicht abhängen. Leider wird das laut Anzeige der Ladestation schon ab September nicht mehr möglich sein. Macht mich wirklich traurig, weil dies natürlich eine massive Einschränkung für die Elektromobilität im PKW Bereich. Ein dauerhaftes abhängen ist natürlich irgendwann mal nicht mehr tragbar.
Eine Kleinigkeit noch es ist immer relativ schwierig auf der Karte und beim anklicken zum freischalten immer sofort den richtigen Ladekabel Anschluss zu finden. Eine Wallet Integration wie ChargePoint hat, wäre natürlich eine Vereinfachung um die Ladestation freizuschalten mit der App",Olumlu,1
475326,Arale Pulse,Aral pulse,Schierling,ChIJ8T87TVfOn0cRhIJptOBhNso,4.4,5,"Gut anzufahren, schneebedingt etwas eng, aber genügend Ladeplätze",Olumlu,1
462365,EweGo,EWE,Reichertshofen,ChIJ5-6dIkBXnkcRSgEAIJ3wZGs,4.0,4,"Bauarbeiter: Wie sollen wir die Ladesäulen hinstellen?
Ronald McDonald: 🤡

Dennoch vier Sterne, da volle Ladeleistung rauskommt.",Olumlu,1
462365,EweGo,EWE,Reichertshofen,ChIJ5-6dIkBXnkcRSgEAIJ3wZGs,4.0,4,"Leider sind die schräg zur Fahrtrichtung angeordnetn Ladeplätze für Hecklader umständlich entgegen der Fahrtrichtung anzufahren.
Ladesäule Tipp Topp mit erweiterten Anzeigen zum Ladevorgang.",Nötr,0
462365,EweGo,EWE,Reichertshofen,ChIJ5-6dIkBXnkcRSgEAIJ3wZGs,4.0,3,"Für Hecklader umständlich.
Es werden nicht alle Karten angenommen",Nötr,0
462133,ALDI SÜD München-Mittelsendling,ALDI SÜD (DE),München,ChIJsdy_XNbYnUcRhMp-LXs9xz8,3.6,1,"Von den DC Säulen funktioniert nur eine von zwei und das schon seit Monaten so. AC Säule kostet nun nicht mehr 29 Cent sondern, wie DC auch 47 Cent.",Olumsuz,-1
462133,ALDI SÜD München-Mittelsendling,ALDI SÜD (DE),München,ChIJsdy_XNbYnUcRhMp-LXs9xz8,3.6,3,"Ist halt schlecht, wenn es zwei CCS Stecker gibt, aber nur einer funktioniert. Und an dem hängt schon einer.",Olumsuz,-1
462133,ALDI SÜD München-Mittelsendling,ALDI SÜD (DE),München,ChIJsdy_XNbYnUcRhMp-LXs9xz8,3.6,1,Nur eine Säule funktioniert. In 2026 echt erbärmlich,Olumsuz,-1
462133,ALDI SÜD München-Mittelsendling,ALDI SÜD (DE),München,ChIJsdy_XNbYnUcRhMp-LXs9xz8,3.6,5,2x 150 kWh Lader! Bezahlung via Terminal zum Top Preis von 47 Cent! Auto war in 20 Minuten auf 80% - Da kaufe ich gerne ein!,Olumlu,1
462133,ALDI SÜD München-Mittelsendling,ALDI SÜD (DE),München,ChIJsdy_XNbYnUcRhMp-LXs9xz8,3.6,4,Es steht jedoch nur 1 Ladepunkt zur Verfügung,Nötr,0
461065,EnBW Ladestation,EnBW (D),Bergkirchen,ChIJKXGDAqB-nkcRyrCO09PrSSg,4.6,5,Ladeleistung wird hier gut ausgeschöpft,Olumlu,1
461065,EnBW Ladestation,EnBW (D),Bergkirchen,ChIJKXGDAqB-nkcRyrCO09PrSSg,4.6,5,Empfehlenswert 2x Doppelstation voll Funktionsfähigkeit. Neben dran eine Esso Tankstelle mit WC.,Olumlu,1
461065,EnBW Ladestation,EnBW (D),Bergkirchen,ChIJKXGDAqB-nkcRyrCO09PrSSg,4.6,5,Alles wie gewünscht. Ladevorgang hat ohne probleme geklappt und neben an gibt es eine Tankstelle für die Versorgung.,Olumlu,1
461065,EnBW Ladestation,EnBW (D),Bergkirchen,ChIJKXGDAqB-nkcRyrCO09PrSSg,4.6,5,Ladevorgang hat problemlos funktioniert.,Olumlu,1
461065,EnBW Ladestation,EnBW (D),Bergkirchen,ChIJKXGDAqB-nkcRyrCO09PrSSg,4.6,4,"Ladegeschwindigkeit top, liegt weg vom Tankstellengebäude und schlecht beleuchtet. Aldi, dm in Laufweite.",Olumlu,1
461061,EnBW,EnBW (D),Eching,ChIJ0YcDZehtnkcRGZ_0FwdrWYQ,4.4,5,"Etwas versteckt rechts direkt hinter der Einfahrt liegender Ladepark, der bei meinem Besuch Donnerstag Mittag mit seinen zwei 300kw und 2 150kw Säulen zu 75% ausgelastet war.",Nötr,0
461061,EnBW,EnBW (D),Eching,ChIJ0YcDZehtnkcRGZ_0FwdrWYQ,4.4,3,"Ladestation etwas schwer zu finden. Von der Dieselstraße kommend Richtung hagebaumarkt direkt die erste Möglichkeit rechts abbiegen in die erste Parkreihe. Ein Hinweisschild wäre gut. Der genutzte 300 kW Ladepunkt hat leider nur mit max. 80 kW geladen. Wir haben dann nur so viel geladen, wie es bis zu einem zeitnahen weiteren (schnelleren) Ladestop Richtung Norden notwendig war.",Nötr,0
461061,EnBW,EnBW (D),Eching,ChIJ0YcDZehtnkcRGZ_0FwdrWYQ,4.4,5,Top! Genug Platz für Tesla und EnBw User. In der Nähe ist ein McDonalds. Nähe der Autobahn und gut zu erreichen.,Olumlu,1
461061,EnBW,EnBW (D),Eching,ChIJ0YcDZehtnkcRGZ_0FwdrWYQ,4.4,5,"Gut zu findender Standort, ausreichend Ladesäulen mit guter Kapazität.
Hat alles reibungslos geklappt.",Olumlu,1
461061,EnBW,EnBW (D),Eching,ChIJ0YcDZehtnkcRGZ_0FwdrWYQ,4.4,2,"Schlechte ladeleistung bin gerade mal auf 50 kW gekommen.
Batterie war vorbereitet.",Olumsuz,-1
460315,EWE Go Dingolfing,EWE,Dingolfing,ChIJi-6gsiODdUcR1Qgh_RESDac,5.0,5,ALLES SUPER WEITER SO DANKE 👍 🙋‍♂️🍀🍀🍀,Olumlu,1
460314,EWE Go Landshut,EWE,Landshut,ChIJrfGL6qYlnkcRTKM0S2v969M,3.8,5,"Super Ladestelle (High Speed) und immer am funktionieren.
Endlich ein Schnellader somit beim LA Park bzw nähere Umgebung.
Werd ich des öfteren nutzen 👍",Olumlu,1
460314,EWE Go Landshut,EWE,Landshut,ChIJrfGL6qYlnkcRTKM0S2v969M,3.8,1,"Diese Ladesäule ist eine Fehlplanung. Aufgrund der schrägen Parkplätze und Einbahnstraße können Fahrzeuge mit Ladeklappe hinten links (z. B. alle Tesla) überhaupt nicht laden, außer sie rangieren entgegen der Einbahnstraße rückwärts in die schwer zugängliche, enge Parklücke. Vorwärts laden unmöglich, das Kabel ist einfach nicht lange genug. Ein Kabel ist bereits aus der Halterung gerissen, da war wohl jemand weniger verständnisvoll nach mehreren Versuchen des Umparkens erfolglos weiter zu fahren.",Olumsuz,-1
460312,EWE Go Freising,EWE,Freising,ChIJoUksAzVrnkcROpRoYxcBz3E,3.1,2,"Kann mich an den Vorschreiber anschließen. Lädt nur mit 70 kW. Sehr umständliche Kabelführung mit dem 2. Ladestecker, wenn bereits ein PKW geladen wird und der Ladeanschluss am Auto hinten rechts verbaut ist.",Nötr,0
460312,EWE Go Freising,EWE,Freising,ChIJoUksAzVrnkcROpRoYxcBz3E,3.1,2,"Ladegeschwindigkeit bei mir über 140 kW, dafür Ladeabbruch am Stecker 2 nach fünf Minuten und Meldung Stecker defekt an der Säule.",Olumsuz,-1
460312,EWE Go Freising,EWE,Freising,ChIJoUksAzVrnkcROpRoYxcBz3E,3.1,2,Lädt nur mit 70KW. Parken etwas ungünstig gestaltet,Nötr,0
460312,EWE Go Freising,EWE,Freising,ChIJoUksAzVrnkcROpRoYxcBz3E,3.1,1,Ladestecker 1 defekt bricht nach wenigen Minuten Ladung ab,Olumsuz,-1
460312,EWE Go Freising,EWE,Freising,ChIJoUksAzVrnkcROpRoYxcBz3E,3.1,5,"2 Ladestationen direkt am McDonald’s, sauber, hell, alles bestens",Olumlu,1
460311,EWE Go Unterschleißheim,EWE,Unterschleißheim,ChIJ1VUBlnZxnkcRQtR_1mnkI1A,1.9,1,"27.11.25 kamen 20:00 Uhr vom Flughafen München. Auf dem Nachhauseweg nach Augsburg waren wir schon öfters an der Ladesäule bei McDonald, bisher problemlos und unser Favorit. Doch an diesem Abend, welche Überraschung, war die Ladesäule defekt und kein Hinweis auf Google Maps und kein Hinweis an der Säule zur nächsten Lademöglichkeit. Deswegen ging die Sucherei auf dem Smartphone und das Zittern bei wenig Rest-km Batterieladung los. Gott sei Dank gab es bei Aldi um die Ecke eine Ladesäule. Schlechtes Management und schlechter Service!!!",Olumsuz,-1
460311,EWE Go Unterschleißheim,EWE,Unterschleißheim,ChIJ1VUBlnZxnkcRQtR_1mnkI1A,1.9,1,Ladesäule ist defekt! Ein Anruf bei der Hotline blieb ergebnislos. Kein toller Service,Olumsuz,-1
460311,EWE Go Unterschleißheim,EWE,Unterschleißheim,ChIJ1VUBlnZxnkcRQtR_1mnkI1A,1.9,1,"Leider gibt es keine 0 Sterne. Ladestation funktioniert nicht. Der Anruf bei der Servicenummer hat ergeben, dass die Ladesäule offline ist. Peinlich, peinlich...",Olumsuz,-1
460311,EWE Go Unterschleißheim,EWE,Unterschleißheim,ChIJ1VUBlnZxnkcRQtR_1mnkI1A,1.9,1,"Update 14.Februar
Ist immer noch defekt. Jetzt schon seit ca 6 Monaten.

Ist schon seit mehreren Monaten defekt.",Olumsuz,-1
460311,EWE Go Unterschleißheim,EWE,Unterschleißheim,ChIJ1VUBlnZxnkcRQtR_1mnkI1A,1.9,1,06.02.2026 Die Ladestation geht immer noch nicht,Olumsuz,-1
460310,EWE Go Germering,EWE,Germering,ChIJv2A5yj7WnUcR90u2GREWMr4,3.3,4,"Zwei Schnellladepunkte auf dem Gelände des McDonalds, die Parkplätze sind ein wenig eng, vor allem wenn alle umliegenden belegt sind. Ansonsten hat das Laden bislang immer schnell und unkompliziert funktioniert. EWE Ladekarte wird empfohlen.",Olumlu,1
460310,EWE Go Germering,EWE,Germering,ChIJv2A5yj7WnUcR90u2GREWMr4,3.3,1,"Sehr oft zeigt die App an, dass der Platz frei ist aber vor Ort wird er von Verbrennern als Parkplatz genutzt. Dadurch verlieren sowohl EWE Go als auch McDonald's gleichzeitig einen Kunden",Olumsuz,-1
460310,EWE Go Germering,EWE,Germering,ChIJv2A5yj7WnUcR90u2GREWMr4,3.3,3,"Position nicht ideal. Bei Heckanschluss muss man gegen die Einbahnstraße rückwärts einparken. Die Parkplätze sind nicht gut ausgerichtet, außerdem gerne von Verbrennern blockiert",Olumsuz,-1
460310,EWE Go Germering,EWE,Germering,ChIJv2A5yj7WnUcR90u2GREWMr4,3.3,5,120 kW einwandfrei mit Audi eTron,Olumlu,1
460310,EWE Go Germering,EWE,Germering,ChIJv2A5yj7WnUcR90u2GREWMr4,3.3,4,"War in ordnung, wenn der ladestecker jedoch hinten am Fahrzeug ist und nicht beide Parkplätze frei sind, muss das Fzg erst gewendet werden. Hier befindet sich eine Einbahnstraße und die Parkplätze sind schräg angeordnet, was bedeutet man müsste gegen die Einbahnstraße rausfahren wenn die gegenüberliegenden Parkplätze belegt sind.",Nötr,0
460309,EWE Go Unterhaching,EWE,Unterhaching,ChIJZ7FF0g7enUcRzprNPQ7ZybM,3.8,2,"Laden leider nur mit 75kW, für einen kurzen Stop zu langsam. EnBW-Ladepark in 300m Entfernung ist wesentlich schneller und hat viele (>10) Ladepunkte. McDonalds ist fußläufig erreichbar.",Nötr,0
460309,EWE Go Unterhaching,EWE,Unterhaching,ChIJZ7FF0g7enUcRzprNPQ7ZybM,3.8,5,"Achtung, viele der Rezensionen beziehen sich auf die Ladesäule bei Aldi, diese hier steht allerdings bei Mc Donalds. Bisher haben alle meine Ladevorgänge ohne Probleme geklappt. Es handelt sich um eine moderne Alpitronic Ladesäule.",Nötr,0
460309,EWE Go Unterhaching,EWE,Unterhaching,ChIJZ7FF0g7enUcRzprNPQ7ZybM,3.8,5,Die Ladestation beim ALDI funktioniert wieder und das Solardach liefert den Strom. Beim Einkaufen kurz Aufladen finden wir super. Wäre schön wenn das andere auch machen. Bis dahin ALDI wir kommen :-),Olumlu,1
460309,EWE Go Unterhaching,EWE,Unterhaching,ChIJZ7FF0g7enUcRzprNPQ7ZybM,3.8,1,"Nicht funktionstüchtig. Weder AC noch DC funktionieren. Kein Schild oder Hinweis, dass es defekt ist. Ärgerlich.",Olumsuz,-1
460309,EWE Go Unterhaching,EWE,Unterhaching,ChIJZ7FF0g7enUcRzprNPQ7ZybM,3.8,2,CCS ohne Funktion ... TYP 2 mit eignen Kabel funktioniert,Olumsuz,-1
460308,EWE Go Kirchseeon,EWE,Kirchseeon,ChIJ13awdDf9nUcRZzIizQwkCck,3.3,1,"05.08. Ladevorgang wurde jeweils bei 1 und 2  nach wenigen Sekunden abgebrochen. Hinweis:
bitte Ladestecker vollständig einstecken .   Entzieht sich jeder Erklärung.",Olumsuz,-1
460308,EWE Go Kirchseeon,EWE,Kirchseeon,ChIJ13awdDf9nUcRZzIizQwkCck,3.3,4,"Funktioniert gut, hat maximale Leistung von 150kw, also bei 2 Ladeneden je nur 75kw.",Olumlu,1
460308,EWE Go Kirchseeon,EWE,Kirchseeon,ChIJ13awdDf9nUcRZzIizQwkCck,3.3,5,Problemlos geladen mit EWE Go Ladekarte,Olumlu,1
460307,EWE Go Wasserburg am Inn,EWE,Wasserburg am Inn,ChIJoTpnrJUHdkcRe2VMqoRYqbc,5.0,5,Hat alles perfekt geklappt. Ladeleistung sehr gut.,Olumlu,1
460307,EWE Go Wasserburg am Inn,EWE,Wasserburg am Inn,ChIJoTpnrJUHdkcRe2VMqoRYqbc,5.0,5,"Super Lage im Gewerbegebiet, einfach in der Bedienung und hohe Verfügbarkeit. Endlich eine Alternative zu dem Schrott an der Totaltankstelle in Haag.",Olumlu,1
460292,EWE Go Olching,EWE,Olching,ChIJn6PMDo5-nkcRVRinXaNjdqk,3.8,4,"Sehr guter Lader bei McD.
War zum Glück alleine an der Säule, denn wie man vorwärts schräg an dieser Säule zu zweit laden soll, müsste mal der Architekt erklären.",Olumlu,1
460292,EWE Go Olching,EWE,Olching,ChIJn6PMDo5-nkcRVRinXaNjdqk,3.8,4,"Die EWE Go Ladestationen liefern die gewohnte Leistung, allerdings ist dies einer der wenigen Standorte, an dem das Rangieren unnötig kompliziert ist. Mit einem Tesla rückwärts rechts heranzufahren, erfordert ein Wenden auf dem Parkplatz, was nicht optimal durchdacht ist. Ansonsten lässt sich die Wartezeit gut im nahegelegenen McDonald’s überbrücken.",Nötr,0
460292,EWE Go Olching,EWE,Olching,ChIJn6PMDo5-nkcRVRinXaNjdqk,3.8,4,"Ladesäulen wie üblich am McDonald's Parkplatz leider etwas schlecht zum Einparken geeignet, wenn man die Ladebuchse hinten hat.",Olumlu,1
460292,EWE Go Olching,EWE,Olching,ChIJn6PMDo5-nkcRVRinXaNjdqk,3.8,1,Eine der beiden Ladesäulen defekt,Olumsuz,-1
460179,McDonald's EWE Go,EWE,Teltow,ChIJF1QXvPBbqEcRTCwfqMPDSwc,3.8,5,"Lädt wenn der Akku des E Autos warm ist auch mit voller Leistung.
Klar wenn der Akku kalt ist, drosselt das Auto die ladeleistung.
Ich habe an der Ladestation noch nie Probleme gehabt.
Schade das die Ewe Go Ladestation bei und nur vei McDonalds gibt.
Schön wäre es wenn EweGo vielleicht in Zukunft auch Kooperationen mit Penny, Lidl oder so eingeht.",Nötr,0
460179,McDonald's EWE Go,EWE,Teltow,ChIJF1QXvPBbqEcRTCwfqMPDSwc,3.8,1,"Es steht zwar dran 300 KW, aber läd nur mit 50 - 60 KW. Das ist sehr Irreführend,  gerade wenn man es eilig hat und extra wegen der angeblich höheren Ladeleistung, als die Ladetationen in der Umgebung, zum überhöhten Preis hier rangefahren ist. Der Kunde wird also unseriös veralbert.",Olumsuz,-1
459396,n-ergie,N-ERGIE,Eckental,ChIJ9WTsppPkoUcRPSFbNp0eIEI,4.0,4,"halt eine ladestation, aber etwas unscheinbar. Da fährste auch mal schnell vorbei.",Olumlu,1
456397,T&S Stausee Oberwald (PowerGo),PowerGo,Callenberg,ChIJ_2IRXn4wp0cR_UjBcHHhAiM,1.0,1,"Sehr teuer für einfachen Strom bis 16kwh (Aktuell 2024 0,79€ pro kWh plus Aktivierungsgebühr). Auch nur 2 Anschlüsse vorhanden aber bei dem Preis werden eh die wenigsten laden",Olumsuz,-1
313287,Tesla Supercharger Vaterstetten,Tesla (including non-tesla),,ChIJ-bBQc6IJnkcR1HgBBS-ZqGQ,4.3,5,"Gut erreichbar, gute Ladeleistung (war aber nichts los), sauber und gepflegt. In der Nähe gibt es viele Möglichkeiten zum Essen gehen und ein Tesla Service Center. Kann man empfehlen!",Olumlu,1
313287,Tesla Supercharger Vaterstetten,Tesla (including non-tesla),,ChIJ-bBQc6IJnkcR1HgBBS-ZqGQ,4.3,5,Einfach zu finden direkt entlang der Zufahrt zu McDonald’s und KFC. Ladeleistung war durchgängig gut.,Olumlu,1
313287,Tesla Supercharger Vaterstetten,Tesla (including non-tesla),,ChIJ-bBQc6IJnkcR1HgBBS-ZqGQ,4.3,3,Leider Montagnachmittags gegen 15:00 Uhr nur max. 61 kW Ladeleistung (anstatt250 kW vielleicht nur für nicht-Tesla Fahrer?). Es waren lange nicht alle Plätze belegt. Dafür ein paar Essensoptionen in wenigen Metern zu erreichen.,Olumsuz,-1
313287,Tesla Supercharger Vaterstetten,Tesla (including non-tesla),,ChIJ-bBQc6IJnkcR1HgBBS-ZqGQ,4.3,4,"Ausreichend Ladesäulen, welche jedoch auch knapp werden, da insbesondere Gäste der nebenliegenden Lokalitäten die Plätze belegen.
Alleine 5 der 18 Plätze waren durch nicht E-Autos geblockt. Weitere 3 Plätze von E-Autos (nicht Tesla) welche auch nicht geladen haben.
Anzumerken ist es war Samstags 18:40.
Auf die freien Plätze laut App kann man sich somit nicht immer verlassen.",Nötr,0
313287,Tesla Supercharger Vaterstetten,Tesla (including non-tesla),,ChIJ-bBQc6IJnkcR1HgBBS-ZqGQ,4.3,5,"Bei unserer Urlaubsfahrt nach Kroatien geladen.
Alles ganz problemlos, nebenan gibt es auch was zu essen.

Schiebe es auf den starken Regen, dass 2 Verbrenner auf den Ladeparkplätzen standen.

Bei der Rückreise haben wir uns den gleichen Ladepark ausgesucht, leider war um 3h alles geschlossen (verständlich). Habe mich dann für die Zeit aufs Ohr gelegt.",Nötr,0
313284,Tesla Supercharger Regensburg - Ostenviertel,Tesla (including non-tesla),,ChIJw8UYdSvDn0cR82yA8n0YTrI,4.5,5,"Tesla Supercharger Regensburg – Praktischer Ladestopp in guter Stadtlage.
Der Tesla Supercharger in der Robert-Bosch-Straße in Regensburg ist ein gut gelegener und zuverlässiger Ladepunkt. Die Ladestationen sind übersichtlich angeordnet, leicht anzufahren und ermöglichen schnelles, unkompliziertes Laden.
Die Lage im Stadtgebiet macht den Standort besonders praktisch. Während der Ladepause lässt sich die Zeit gut nutzen – sei es für eine kurze Pause, einen Spaziergang oder um sich auf die Weiterfahrt vorzubereiten. Alles wirkt funktional und auf Reisende abgestimmt.
Ein solider Supercharger-Standort, ideal für Fahrten durch die Oberpfalz oder als Zwischenstopp auf längeren Strecken. Zuverlässig, unkompliziert und angenehm gelegen.",Olumlu,1
313284,Tesla Supercharger Regensburg - Ostenviertel,Tesla (including non-tesla),,ChIJw8UYdSvDn0cR82yA8n0YTrI,4.5,2,"Voll ok zum laden aber zugefüllter Parkplatz durch burgerking. Toilette beim burgerking 1 Euro
Hygiene und Sauberkeit gibt es dort nicht weder beim Essen noch auf der Toilette noch auf dem Parkplatz",Nötr,0
313284,Tesla Supercharger Regensburg - Ostenviertel,Tesla (including non-tesla),,ChIJw8UYdSvDn0cR82yA8n0YTrI,4.5,4,War schon öfter hier und es war immer was frei. Leider liegt viel Müll am Boden und die Mülleimer quellen über. Burger King nebenan ist auch nicht sehr hygienisch.,Nötr,0
313284,Tesla Supercharger Regensburg - Ostenviertel,Tesla (including non-tesla),,ChIJw8UYdSvDn0cR82yA8n0YTrI,4.5,5,Insgesamt 12 Supercharger. Alle auch für Nicht Tesla verfügbar. Burger King gleich daneben. Laden ging ohne Probleme.,Olumlu,1
313284,Tesla Supercharger Regensburg - Ostenviertel,Tesla (including non-tesla),,ChIJw8UYdSvDn0cR82yA8n0YTrI,4.5,3,"Laden gut, Toilette im benachbarten Aral/Burger King kostet 1 Euro",Olumlu,1
313283,Tesla Supercharger Berlin,Tesla (including non-tesla),,ChIJMbS5_zxRqEcRznUIeKBuE-w,2.7,1,"Bei der Ausfahrt schnappt die Falle zu! Mal kurz von 30 % auf 80 % aufgeladen mit miserabler Geschwindigkeit (weniger als 80 kW, obwohl 150 kW angekündigt sind) und dann für 49 Minuten auch noch 3,50 € abzocken ohne Beschwerdeinstanz! Da muss Tesla was machen; ich bin zum Laden, nicht parken dort gewesen.",Olumsuz,-1
313283,Tesla Supercharger Berlin,Tesla (including non-tesla),,ChIJMbS5_zxRqEcRznUIeKBuE-w,2.7,1,"Ich bin jedes Quartal mal in Berlin und war hier immer am Laden ohne Parkgebühren zusätzlich zahlen zu mussen. Gestern wurden mir für 25 Minuten im Parkhaus 3,5€ berechnet. Das ist sogar unabhängig vom supercharger einfach eine Frechheit. Weniger als eine halbe Stunde für 3,5€. Ich kann den Supercharger leider nicht mehr empfehlen. Lieber am euref Campus laden, wenn es möglich ist.",Olumsuz,-1
313283,Tesla Supercharger Berlin,Tesla (including non-tesla),,ChIJMbS5_zxRqEcRznUIeKBuE-w,2.7,1,"Für mich wird die Strategie von Tesla immer unverständlicher. Mehr und mehr Charger in Innenstädten verbergen sich hinter Parkhausschranken. Was erst mal kein Problem wäre, würde man für 30 Minuten Laden danach nicht zur Kasse gebeten. Nun auch hier. Seit November 2025 kostet die Stunde im Parkhaus 3,50, wie mit der nette Herr vom Service bestätigt hat. Für 20 Minuten Laden ein happiger Preis. Mache zukünftig einen großen Bogen um diesen Supercharger.",Olumsuz,-1
313283,Tesla Supercharger Berlin,Tesla (including non-tesla),,ChIJMbS5_zxRqEcRznUIeKBuE-w,2.7,3,"Ladestation super! Leider habe ich auch nicht gesehen, dass man trotzdem seit 01.11.25 eine Parkgebühr zahlen muss (obwohl ja nicht geparkt, sondern geladen wird!). Das war sehr ärgerlich bei der Ausfahrt 😡.",Olumlu,1
313283,Tesla Supercharger Berlin,Tesla (including non-tesla),,ChIJMbS5_zxRqEcRznUIeKBuE-w,2.7,1,"Eigentlich ein ganz netter Standort zum Laden, weil man während der Ladezeit durch den Gleisdreieckpark spazieren kann. Bisher war es auch so, dass man entweder 45 oder sogar 60 Minuten (ich erinnere mich nicht mehr genau) im Parkhaus laden konnte, ohne extra Parkgebühr zahlen zu müssen.
Als ich vor einigen Tagen nun erneut dort geladen habe, musste auch ich auf einmal 3,50€ berappen.
Eine Frechheit, wie ich finde.
Das System vorher hat doch gut funktioniert. Offenbar aber sollen jetzt auch alle Leute, die dort laden wollen/müssen, in die Tasche greifen und jedes Mal Parkgebühr zahlen.
Ich komme definitiv NICHT wieder!
Sehr schade!",Olumsuz,-1
313281,Tesla Supercharger München - OEZ,Tesla (including non-tesla),,ChIJ1yXIEJZ3nkcR7a8gM_fF9ng,3.2,3,"Die Parkplatzgebühren sind mir egal, ich gehe ja eh dort einkaufen. Habe auch wunschgemäß geladen. Tesla top wie immer.
Aber: wahnsinnig viel los, man muss Glück haben eine freie Säule zu erwischen.
Und: die Ladekabel sind mega kurz, ich habe drei mal rangiert bis ich den Stecker angeschlossen bekommen habe.",Nötr,0
313281,Tesla Supercharger München - OEZ,Tesla (including non-tesla),,ChIJ1yXIEJZ3nkcR7a8gM_fF9ng,3.2,4,"Ich war zum ersten Mal hier. Ich war zunächst von den vielen negativen Bewertungen abgeschreckt. Aber ganz so schlimm ist es nicht. Ja, der Parkplatz ist kostenpflichtig. Aber mit 1 Eurl kann man dort bis zu 2h stehen. Dafür hat man einen sicheren Parkplatz, ein Einkaufszentrum nebenan (Achtung alle Geschäfte schließen bereits um 20.00 Uhr) und sehr viel Fastfood-Restaurants fußläufig. Direkt nach der Schranke muss man rechts reinfahren und man sieht schon direkt die Parkplätze. Man kann auch mit Karte oder NFC zahlen. Die Ausfahrt ist ein wenig versteckt. Man muss einmal komplett durchfahren. Ansonsten ist es wie jeder andere Tesla-Super Charger.",Olumsuz,-1
313281,Tesla Supercharger München - OEZ,Tesla (including non-tesla),,ChIJ1yXIEJZ3nkcR7a8gM_fF9ng,3.2,1,"Heute ist nur 1 Platz frei…. der Rest ist Falschparker oder Tesla Alibi Parker! 3 Teslafahrer mussten wieder wegfahren, weil keine Möglichkeit zum tanken war! Das gehört definitiv reguliert",Olumsuz,-1
313281,Tesla Supercharger München - OEZ,Tesla (including non-tesla),,ChIJ1yXIEJZ3nkcR7a8gM_fF9ng,3.2,1,"Es ist sehr enttäuschend, dass beim reinen Laden des Fahrzeugs zusätzlich Parkgebühren anfallen. Das wirkt wenig kundenorientiert und schreckt eher ab. Hier besteht definitiv Verbesserungsbedarf seitens Tesla – eine klarere und fairere Regelung wäre wünschenswert. Unter diesen Umständen würde ich diesen Standort nicht erneut zum Laden nutzen.",Olumsuz,-1
313281,Tesla Supercharger München - OEZ,Tesla (including non-tesla),,ChIJ1yXIEJZ3nkcR7a8gM_fF9ng,3.2,1,"Nicht hinfahren!
Die Suc s stehen hinter einer Schranke.
Ihr bezahlt Minimum 2€ für das „ Parken“ während des Ladens.
Keine Erstattung von Seiten Tesla.",Olumsuz,-1
313280,Tesla Supercharger Leipzig,Tesla (including non-tesla),,ChIJGS1sM4dXpkcRB8guHrRh_4E,4.9,5,"Sehr großer Ladepark mit 8 nagelneuen V4-Superchargern mit 250 kW Ladeleistung und direkt nebenan 14 Ladesäulen (also 28 Anschlüsse) von EnBW.
Rund um die Säulen befinden sich unter anderem mehrere Baumärkte, Aldi, DM, Denns Biomarkt und viele weitere. Ebenfalls zu Fuß erreicht man einen McDonald's.
Unser Highlight war jedoch das Bowling- und Lasertag-Center direkt nebenan. Dort stehen von morgens bis spätabends, auch sonntags, Toiletten zur Verfügung. Wir haben uns die Ladezeit mit einer Runde Airhockey im Bowlingcenter vertrieben, aber man könnte sicherlich auch eine kurze Runde Bowlen während der Ladezeit.",Olumlu,1
313280,Tesla Supercharger Leipzig,Tesla (including non-tesla),,ChIJGS1sM4dXpkcRB8guHrRh_4E,4.9,5,"03.10.2024: 8x V4 Supercharger mit langen Kabeln, von beiden Seiten ansteuerbar mit einem möglichen Pullthru Site. Wird im Tesla-Navi noch nicht angeboten („eingeschränkte Funktion“), funktioniert aber seit mehreren Wochen. Selbst getestet. In einem Einkaufszentrum mit Super- und Baumärkten. Feiertags oder zu Schließzeiten tote Hose. Kein naher Service, Kiosk oder WC in unmittelbarer Nähe. Tankstelle und KFC in ca. 250m Entfernung. Diverse EnBW-Ladesäulen (alt+neu) auch in unmittelbarer Nähe siehe Foto.",Olumlu,1
313280,Tesla Supercharger Leipzig,Tesla (including non-tesla),,ChIJGS1sM4dXpkcRB8guHrRh_4E,4.9,4,"Leider sind die Parkflächen vor den Ladesäulen nicht farblich markiert, so dass es immer wieder passiert, das Ladesäulen von Verbrennern blockiert werden. Bei der Konkurrenz von EnBW gegenüber ist das deutlich besser gelöst, da sind die Parkflächen deutlich markiert. Bei Tesla hat's für die Farbe wohl nicht mehr gereicht... 😉",Olumsuz,-1
313280,Tesla Supercharger Leipzig,Tesla (including non-tesla),,ChIJGS1sM4dXpkcRB8guHrRh_4E,4.9,5,"Hi , war heute zum ersten Mal an diesen Supercharger…zum Sonntag hat man da schön seine Ruhe … nur 3min Laufweg (ca. 300m) bis zum Mc Donalds , der direkt hinterm Bauhaus Baumarkt zu finden ist , etwas gegessen und getrunken ! Für nicht Tesla Fahrer gibt es hier auch ENBW Ladestationen!  Grüße",Olumlu,1
313280,Tesla Supercharger Leipzig,Tesla (including non-tesla),,ChIJGS1sM4dXpkcRB8guHrRh_4E,4.9,5,"Hatte schon mit den alten Säulen keine Probleme
Aber jetzt kann nazu jeder sie nutzen",Olumlu,1
313278,Tesla Supercharger Irxleben,Tesla (including non-tesla),,ChIJnZUX2rZhr0cRIOreL4HZtQo,4.3,4,Zwölf Plätze werden schnell knapp. Zum Glück dauert das Laden i.d.R. nur 15 Minuten.,Olumsuz,-1
313278,Tesla Supercharger Irxleben,Tesla (including non-tesla),,ChIJnZUX2rZhr0cRIOreL4HZtQo,4.3,1,Hat nun 2 mal als Fremdlader an verschiedenen Säulen nicht funktioniert. Evtl veraltete Technik oder Pre Settings bei Tesla. Entweder ionity oder wer noch ein paar Prozent hat fährt zum Florapark.,Olumsuz,-1
313278,Tesla Supercharger Irxleben,Tesla (including non-tesla),,ChIJnZUX2rZhr0cRIOreL4HZtQo,4.3,5,"Gut gelegen und tolle Anbindung an die Autobahn

Anfahrt sehr gut gemacht und die Leistung ist auch absolut in Ordnung. Die Tankstelle um die Ecke bietet Kaffee, Eis und belegte Brötchen.

Die Qualität schaut sehr gut aus, das Personal ist ebenfalls freundlich und hilfsbereit. Die Preise sind natürlich entsprechend einer Tankstelle an der Autobahn. Aber das ist ja leider üblich…",Olumlu,1
313278,Tesla Supercharger Irxleben,Tesla (including non-tesla),,ChIJnZUX2rZhr0cRIOreL4HZtQo,4.3,5,"Habe hier auch das erste Mal mit meinem Tesla M3 LR mit 250 kW geladen. War bereits zwei Mal hier und in beiden Fällen ist sehr wenig Betrieb gewesen. In der Tankstelle daneben (siehe Foto) befinden sich Toiletten, die eigentlich kostenpflichtig wären. Stand 28.08.2021 war die Schranke aber defekt und man konnte einfach so rein.",Olumsuz,-1
313278,Tesla Supercharger Irxleben,Tesla (including non-tesla),,ChIJnZUX2rZhr0cRIOreL4HZtQo,4.3,5,"Gewohnt einfache problemlose Handhabung. Von 12 Ladestationen war bei unserer Ankunft eine besetzt.
In 10min unseren Tesla von 5 auf 55% geladen. In der Zwischenzeit die Toilette der anliegenden Hem-Tankstelle genutzt und weiter ging die Fahrt.
👍",Olumlu,1
313275,Tesla Supercharger Brunnthal,Tesla (including non-tesla),,ChIJZeJTH2TnnUcRnaLLnwkjyrU,4.5,5,"Top Supercharger in der Nähe von einigen Einkaufsmöglichkeiten. Drogeriemarkt, adidas, ein Schuhladen und die Metro befinden sich in der Nähe. Bis jetzt habe ich noch immer einen Platz bekommen und sauber ist es auch. Unweit entfernt gibt es auch einen Mc Donalds, einen KFC und einen L‘Osteria.",Olumlu,1
313275,Tesla Supercharger Brunnthal,Tesla (including non-tesla),,ChIJZeJTH2TnnUcRnaLLnwkjyrU,4.5,5,"Mein Haus-und-Hof-Supercharger: Jedes Mal was frei, Möglichkeit zum Imbiss (mehrere Restaurants, Mäkki...), Einkauf (Lidl, Aldi...), Shoppen (Outlets von S'Oliver, Schiesser...). Viele Toiletten rundrum ( z.B. im Hagebaumarkt, Mäkki, MaxBowling). Hier vergeht die Ladezeit viel zu schnell, weil sie immer gut genutzt werden kann!",Olumlu,1
313275,Tesla Supercharger Brunnthal,Tesla (including non-tesla),,ChIJZeJTH2TnnUcRnaLLnwkjyrU,4.5,3,"War dort heute zum Laden.
Von der A8/A99 mit kleinem Umweg zu erreichen.
Trotz Ferienende / Feiertag war am Vormittag dort nicht viel los.
Am Feiertag waren natürlich keine Geschäfte offen, aber der McDonald's ist auch zu Fuß gut erreichbar und war offen und hatte saubere Toiletten.
Für Fahrzeuge mit Ladedeckel rechts ist wie oft bei den Tesla Ladesäulen das Kabel zu kurz, so dass man entweder die Ladesäule von der Nachbarparkbucht nehmen muss oder sich über die Begrenzung vor die Ladesäule stellen muss, und dann auch den Nachbarplatz evtl. blockiert.",Olumlu,1
313275,Tesla Supercharger Brunnthal,Tesla (including non-tesla),,ChIJZeJTH2TnnUcRnaLLnwkjyrU,4.5,5,"Top Ladestationen. Version 2 und daher gibt’s die volle Ladung, auch über 150 kw/h. Die Ladezeit kann man sich hier super im Outlet drumherum vertreiben. Ansonsten sind die Tesla lader hat zuverlässig, die funktionieren hat und das dchon seit über 1,5 Jahre. 👍😊",Olumlu,1
313275,Tesla Supercharger Brunnthal,Tesla (including non-tesla),,ChIJZeJTH2TnnUcRnaLLnwkjyrU,4.5,5,Super location. Im Gewerbegebiet und viele Dinge mit denen man die Zeit vertreiben kann.,Olumlu,1
313274,Tesla Supercharger Berlin,Tesla (including non-tesla),,ChIJE_WXcSJOqEcR8tA2Larlb5k,2.2,1,"Unklare und unnötige Parkgebühren beim Laden
Heute zum ersten Mal hier geladen. Obwohl wir ausschließlich zum Laden unseres Tesla im Parkhaus waren, mussten wir zusätzlich Parkgebühren bezahlen.
Darauf wird vorher nicht klar hingewiesen – weder in der App noch vor der Einfahrt. Für Tesla-Fahrer ist das ärgerlich, denn Laden ist bereits kostenpflichtig.
Wenn ein Supercharger in einem Parkhaus steht, sollte das Parken während des Ladevorgangs inklusive sein oder zumindest transparent kommuniziert werden. So bleibt leider ein negativer Eindruck.",Olumsuz,-1
313274,Tesla Supercharger Berlin,Tesla (including non-tesla),,ChIJE_WXcSJOqEcR8tA2Larlb5k,2.2,1,"Absolute Frechheit. Man muss ins Parkhaus fahren und auch noch Gebühren zahlen wenn man laden will. Ab 20€ Einkauf, bei Edeka kann man kostenlos parken. SELBST 30 MINUTEN laden kosten hier 2€ Gebühren. Das muss unterbunden werden. Gleich abbauen. Wenn ich nicht hätte dringend laden müssen, hätte ich es nicht gemacht. In der App oder in Auto kein Hinweis.",Olumsuz,-1
313274,Tesla Supercharger Berlin,Tesla (including non-tesla),,ChIJE_WXcSJOqEcR8tA2Larlb5k,2.2,5,"Supercharger befindet sich in der Eber -1 im Parkhaus, beim Laden ist 1h kostenlos im Parkhaus. Die Supercharger befinden sich fast direkt an der Ausfahrt vom Parkhaus und fast direkt ein Eingang ins Alexa Shoppingcenter. Die Ladesäulen sind super ausgeschildert.",Olumlu,1
313274,Tesla Supercharger Berlin,Tesla (including non-tesla),,ChIJE_WXcSJOqEcR8tA2Larlb5k,2.2,3,"Das Laden von Elektroautos kostet zusätzlich zu den LadeKosten auch noch Parkgebühren, in unserem Fall wurde der Tesla innerhalb von 12 Minuten voll geladen und wir mussten 2 Euro bezahlen, um wieder rauszukommen. 2 Euro für 12 Minuten entspricht einer Parkgebühr von  10  Euro pro Stunde. Der Kassenautomat befindet sich in der Nähe der Aufzüge. Der Kassenautomat ist nicht ausgeschildert, aber die Aufzüge.",Olumsuz,-1
313274,Tesla Supercharger Berlin,Tesla (including non-tesla),,ChIJE_WXcSJOqEcR8tA2Larlb5k,2.2,1,Diese Abzocker-Ladestationen in Parkhäusern sollten verboten werden. Parkgebühren fürs Laden. Nie wieder.,Olumsuz,-1
313214,Tesla Supercharger Wustermark - Karls Erlebnis-Dorf,Tesla (including non-tesla),,ChIJdbTtSEX6qEcRjGdaF__CApM,3.3,4,"🔋🔋🔋🪫 - störungsfrei geladen an einem Sonntag Morgen um 8:30 Uhr.
V4 direkt vorm Haupteingang. Vorstellbar, dass es chaotisch zugeht zu Rushhourzeiten, wenn der Laden brummt.
Toilette nur bei Offnungszeiten, Möglichkeiten mit dem Hund ne Runde zu gehen.
An den Randzeiten auch Laden mit Anhänger möglich.",Olumlu,1
313214,Tesla Supercharger Wustermark - Karls Erlebnis-Dorf,Tesla (including non-tesla),,ChIJdbTtSEX6qEcRjGdaF__CApM,3.3,1,"Ich frage mich ernsthaft, wer diesen Supercharger geplant hat. Der Bereich ist extrem eng. Die Ladesäulen stehen seitlich am Fahrzeug und jeweils im Doppelpack. Wenn zwei Model Y nebeneinander stehen, kann keiner die Türen weit genug öffnen, um bequem ein- oder auszusteigen. In der Praxis muss ein Fahrzeug vorwärts und das andere rückwärts einparken.

Kommt dann noch ein Fahrzeug mit Ladeanschluss auf der rechten Seite hinzu, zum Beispiel ein VW, ist das Chaos perfekt. Zusätzlich befindet sich der Supercharger auf dem Parkplatz von Karls Erdbeeren, was ohnehin schon für viel Verkehr und Unruhe sorgt.

Insgesamt ist das der schlechteste Supercharger-Standort, den wir bisher angefahren haben.",Olumsuz,-1
313214,Tesla Supercharger Wustermark - Karls Erlebnis-Dorf,Tesla (including non-tesla),,ChIJdbTtSEX6qEcRjGdaF__CApM,3.3,4,Ich kannte dieses Karls Erdbeer Erlebnisdorf noch gar nicht. Lustig. Es duftet überall und alles nach Erdbeeren... SuC ist in Ordnung. Macht schnell voll fürs weiterfahren.,Olumlu,1
313214,Tesla Supercharger Wustermark - Karls Erlebnis-Dorf,Tesla (including non-tesla),,ChIJdbTtSEX6qEcRjGdaF__CApM,3.3,5,"6 x V4 SC's! Coole Sache. Konnte sogar mit Hänger laden ohne abzuhängen. 1600 km/h. Superschnell. Nur 38ct/kWh. Aber Achtung, bei Überlastung werden ab 80% 50ct fällig. Selber Preis für das Blockieren. Nachts war aber alles leer.",Olumlu,1
313214,Tesla Supercharger Wustermark - Karls Erlebnis-Dorf,Tesla (including non-tesla),,ChIJdbTtSEX6qEcRjGdaF__CApM,3.3,2,Nur bedingt zu empfehlen. Abends alles dunkel und wie so oft bei SuC -> keine Infrastruktur!!!,Olumsuz,-1
313204,Tesla Supercharger Ursensollen,Tesla (including non-tesla),,ChIJsfDHWlaBn0cRN2LGg3cCLJg,4.7,5,"Neue Ladestationen mit längeren Kabeln als die älteren Versionen. Display ist auch an den neuen Stationen.

Konnte mit maximaler Power⚡️🔋 laden, echt toll 😎🤟

Lade dort gerne wieder 😁🤙

Gruß Frankys.emobility",Olumlu,1
313204,Tesla Supercharger Ursensollen,Tesla (including non-tesla),,ChIJsfDHWlaBn0cRN2LGg3cCLJg,4.7,5,8 Supercharger Ladesäulen. Es sind schon die neuen Ladesäulen. Wir sind gerade: Mittwoch 13:00h ganz alleine . Es ging gleich mit 170kw/h los. Alles perfekt Leider „nur“ eine ShellTankstelle vor Ort.,Olumlu,1
313204,Tesla Supercharger Ursensollen,Tesla (including non-tesla),,ChIJsfDHWlaBn0cRN2LGg3cCLJg,4.7,5,"Keine Wartezeit, Station liegt hinter der Shell Tankstelle. Gegenüber ist ein Streifen grün neben einem Feld, dort kann man mit den Hunden laufen. WC‘s sind an der Tankstelle nutzbar",Nötr,0
313204,Tesla Supercharger Ursensollen,Tesla (including non-tesla),,ChIJsfDHWlaBn0cRN2LGg3cCLJg,4.7,4,"Solider V4 Supercharger, leicht zu finden und viele freie Stationen. Mülleimer vorhanden und frisch geleert gewesen. Ein Stern Abzug weil außer einer Shell Tankstelle nichts in fußläufiger Reichweite ist.",Olumlu,1
313204,Tesla Supercharger Ursensollen,Tesla (including non-tesla),,ChIJsfDHWlaBn0cRN2LGg3cCLJg,4.7,5,"War mit meinem BMW IX da zum laden. V4 für alle, war auch komplett alleine. Ging wie immer hervorragend. Immer noch die beste Ladesäulen wenn man ein 400 V System hat. Danke TESLA.",Olumlu,1
313202,Tesla Supercharger Waltersdorf,Tesla (including non-tesla),,ChIJ1cgpnUNHqEcR_Rg_S9tZiMg,4.9,5,"Bei Ankunft war der SuC durch einige Taxi/Uber/Bolt/... Flottenfahrzeuge gut frequentiert und die Ladung dadurch auf 80% limitiert. Hierfür kann der Standort selbst aber nichts. Dennoch gewohnt zuverlässig und wieder mal (zu) schnell geladen. Mit drei Kindern im Höffner aufs Klo zu gehen, war dadurch etwas hektisch, um Blockiergebühren zu vermeiden.

Die Kinder erfreuten sich aber besonders an den regelmäßig über den Parkplatz fliegenden Passagiermaschinen im Anflug auf den BER. Im erweiterten Sinne also sowas wie Rahmenprogramm :-)",Olumlu,1
313202,Tesla Supercharger Waltersdorf,Tesla (including non-tesla),,ChIJ1cgpnUNHqEcR_Rg_S9tZiMg,4.9,5,"Wer Tesla fährt, weiß wie einfach und günstig das Aufladen funktionieren kann. Ladeerlebnis ist perfekt, wer etwas Hunger hat geht einfach rüber zu McD ... was länger dauern wird, als der eigentliche Ladevorgang. Es fehlt eigentlich nur noch das Solardach, so ähnlich, wie in Grünheide. Dann wäre der Standort perfekt.",Olumlu,1
313202,Tesla Supercharger Waltersdorf,Tesla (including non-tesla),,ChIJ1cgpnUNHqEcR_Rg_S9tZiMg,4.9,5,Eben ein Tesla Supercharger. Alles prima.,Olumlu,1
313202,Tesla Supercharger Waltersdorf,Tesla (including non-tesla),,ChIJ1cgpnUNHqEcR_Rg_S9tZiMg,4.9,5,Mit Einkaufsmöglichkeit gleich neben dem Supercharger,Olumlu,1
313202,Tesla Supercharger Waltersdorf,Tesla (including non-tesla),,ChIJ1cgpnUNHqEcR_Rg_S9tZiMg,4.9,5,Gut zu finden. Sitzgelegenheiten in einer kleinen Parkanlage vorhanden,Olumlu,1
313192,Tesla Supercharger Schwandorf,Tesla (including non-tesla),,ChIJm70CdkmLn0cRvSgAeRP8D2o,4.7,5,"Gute Lage, entweder am Einkaufszentrum mit einem Restaurant,
Oder McDonald’s ist 5 Minuten fußläufig zu erreichen, was gut tut, um seine Beine zu bewegen.
Aldi gibt es auch noch,
Ladegeschwindigkeit 250 kW bei 8 %
Genug Ladestation verfügbar
08/2024 unter der Woche 10 Uhr",Olumlu,1
313192,Tesla Supercharger Schwandorf,Tesla (including non-tesla),,ChIJm70CdkmLn0cRvSgAeRP8D2o,4.7,5,"Guter Supercharger mit V4 Ladesäulen. Super einfach zu finden und keinerlei Wartezeit. Mülltonnen waren leider voll zur Ankunftszeit. Ansonsten eine Menge Geschäfte vor Ort um die Zeit tot zu schlagen, etwas zu essen etc.",Olumlu,1
313192,Tesla Supercharger Schwandorf,Tesla (including non-tesla),,ChIJm70CdkmLn0cRvSgAeRP8D2o,4.7,5,"Tesla Supercharger am Parkplatz von Globus,
8 Stück , in der Nähe McDonald’s",Olumlu,1
313192,Tesla Supercharger Schwandorf,Tesla (including non-tesla),,ChIJm70CdkmLn0cRvSgAeRP8D2o,4.7,3,"Die Lage, direkt am Globus in Schwandorf, ist top. Leicht zu erreichen / finden. Allerdings lade ich meinen Tesla nicht dort, die Säulen von EnBw sind günstiger. Daher auch nur drei Sterne.",Nötr,0
313192,Tesla Supercharger Schwandorf,Tesla (including non-tesla),,ChIJm70CdkmLn0cRvSgAeRP8D2o,4.7,5,"Tolle Station neben Globus. Mo bis Sa bekommt man natürlich dort zu den normalen Öffnungszeiten ""alles"" und Toiletten natürlich auch. An Platz 2A kann man auch mit einem Anhänger durchfahren und laden. Ansonsten wie immer bei Tesla. Es funktioniert 👍.",Olumlu,1
313191,Tesla Supercharger Schleiz,Tesla (including non-tesla),,ChIJ7bel0Xo4oUcR5ia70RnrCDo,4.6,5,"Sehr großer Ladepark. Mittendrin eine Lounge mit WC mit vielen Automaten für Getränke und Snacks. Genau das was man für eine Ladepause braucht. Draußen steht auch noch ein Pizzaautomat. Nebenan scheint sich schon der nächste Ausbau anzubahnen. Hier sind bereits Parkplätze und das Fundament für ein Gebäude zu sehen.
Top am Supercharger, es gibt sogar die Möglichkeit mit einem Anhänger zu laden weil es 2 Säulen gibt, die längs zum Fahrzeug positioniert sind, an einem langen Parkplatz parallel zur Fahrbahn.",Olumlu,1
313191,Tesla Supercharger Schleiz,Tesla (including non-tesla),,ChIJ7bel0Xo4oUcR5ia70RnrCDo,4.6,5,"So stelle ich mir einen Ladepark vor: verkehrsgünstig, in unmittelbarer Nähe zur Autobahn A9 gelegen.  Zahlreiche Ladesäulen von ENBW und Tesla,  ENBW mit 300 kW. Ein kleiner Aufenthaltsraum mit etlichen Verkaufsautomaten und einer Toilettenanlage die absolut sauber, fast schon klinisch rein, ist. Der Außenbeleuchtung großzügig und auch absolut sauber.",Olumlu,1
313191,Tesla Supercharger Schleiz,Tesla (including non-tesla),,ChIJ7bel0Xo4oUcR5ia70RnrCDo,4.6,4,"Ein wirklich sehr großer Ladepark. Mit ENBW und Tesla.
Ein sehr ordentliches Service Center in der Mitte.  Die Toiletten und die Anlagen sehr gepflegt und sauber und genügend Automaten mit Getränken und Speisen und sogar Eis. Leider ist die Anlage nicht überdacht bei Regen macht das wenig Spaß und welche Verschwendung der Freiflächen für Solar. Die Zufahrt ist echt nicht toll, aber vielleicht wird es noch geändert ansonsten absolut zu empfehlen.",Olumlu,1
313191,Tesla Supercharger Schleiz,Tesla (including non-tesla),,ChIJ7bel0Xo4oUcR5ia70RnrCDo,4.6,5,"Sehr gut erreichbarer Ladepark mit vielen Lademöglichkeiten und auch verschiedenen Anbietern. Der gesamte Servicebereich ist sauber und gepflegt, zusätzlich gibt es mehrere Automaten mit Snacks und Getränken, was den Aufenthalt sehr angenehm macht. Die Toiletten waren ebenfalls sehr sauber und hygienisch. Der Bereich ist zwar etwas hellhörig, da die Toiletten nicht durch Türen vom Servicebereich getrennt sind, sondern nur über einen verwinkelten Eingang verfügen, was für manche Besucher als unangenehm empfunden werden könnte. Insgesamt schmälert dies den sehr positiven Gesamteindruck jedoch kaum. Alles in allem eine komfortable und klar empfehlenswerte Ladestation.",Olumlu,1
313191,Tesla Supercharger Schleiz,Tesla (including non-tesla),,ChIJ7bel0Xo4oUcR5ia70RnrCDo,4.6,3,"Auf der Strecke München - Berlin ideal und ruhig gelegen.

Feedback:

Toilettenpreis mit 1€ teuer. Betrag kann auch nicht angerechnet werden auf den Erwerb von Snacks wie an anderen Raststätten. Automaten zum Teil mit No Name Produkten bestückt. Eine Basic Coca Cola nicht vorhanden. Der Pizza Automat wurde vor kurzem aufgestellt allerdings bislang außer Betrieb.

Eine Beschäftigung vor Ort ist leider eingeschränkt möglich. Keine Trimm Dich Pfad, keine Tische mit Bänken zum Essen im Freien und auch kein Spielplatz für Kinder.

Eine Überdachung der Ladestationen ist leider nirgends gegeben. Auch fehlen Stellplätze speziell für Anhänger/Wohnwagen/Fahrrad Betrieb. Ebenso gibt es keine Cleaning Station mit Staubsauger  und größeren Mülleimern.

Der Container im inneren ist sehr nüchtern und lädt nicht zum verweilen ein. Eine komfortablere Sitzmöglichkeit wäre wünschenswert.",Olumlu,1
313190,Tesla Supercharger Schierling,Tesla (including non-tesla),,ChIJnySjqVDOn0cR4OmmoBjvGLU,4.0,3,"Der Supercharger an sich ist ganz okay, außerdem dass er vielleicht zu klein ist.

Nachteile:
-Sehr hohe Bordsteinkanten -> Gefahr für die Räder!!
-BK Lounge ist seit Sommer 24 verschwunden, siehe Bild.
Damit kein lokales WC oder Shop-Angebot direkt am Lader. Man muss also zum Aral oder McD bzgl WC

OS: Weil manche Reviewer es offenbar nicht peilen: Hier war früher mal eine Lounge und die ist halt irgendwann verschwunden.
Das ist keine Kritik an Tesla oder was auch immer manche hier rein interpretieren…",Nötr,0
313190,Tesla Supercharger Schierling,Tesla (including non-tesla),,ChIJnySjqVDOn0cR4OmmoBjvGLU,4.0,5,"220KW Ladeleistung.
Ein McDonalds ist in der Nähe. Ein paar Minuten (3 mit Auto) ein guter Sushi Laden. Sehr zu empfehlen, wenn man nicht nur die einige Essenoption McDonalds nutzen möchte.",Olumlu,1
313190,Tesla Supercharger Schierling,Tesla (including non-tesla),,ChIJnySjqVDOn0cR4OmmoBjvGLU,4.0,5,Der Supercharger in Schierling ist praktisch und gut erreichbar. Besonders nützlich: Für 1 € kann man während des Ladevorgangs mit einer Kärcher-Staubsaugervorrichtung den Tesla-Innenraum reinigen. Eine clevere Ergänzung!,Olumlu,1
313190,Tesla Supercharger Schierling,Tesla (including non-tesla),,ChIJnySjqVDOn0cR4OmmoBjvGLU,4.0,4,"Wenn die Parkplätze parallel auf dem Baumarktgrundstück frei sind, kann man auch mit Anhänger / Wohnwagen gut laden :)

Leider ist die BK Lounge weg und die nächsten Toiletten und Snacks beim Aral oder Mcs",Nötr,0
313190,Tesla Supercharger Schierling,Tesla (including non-tesla),,ChIJnySjqVDOn0cR4OmmoBjvGLU,4.0,1,"Einfach absurd!
Bei diesem supercharger hat sich ein Genie überlegt, Trenninseln mit einem wunderschönen 15 cm hohen Gehwegstein zu bauen. Was kann jemals das Ergebnis sein?
Zerkratzte Autofelge auf der Beifahrerseite.
Ich halte es für absurd, dass man gerade bei ein Tesla supercharger Angst haben muss, das eigene Auto zu beschädigen.
Wenn ich Tesla wäre, würde ich diese Partnerunternehmen wegen Rufschädigung verklagen.
Was Tesla betrifft, ist es längst Zeit, die 360-Grad-Ansicht verfügbar zu machen, die bei der Konkurrenz praktisch überall vorhanden ist.",Olumsuz,-1
313183,Tesla Supercharger Reichertshofen,Tesla (including non-tesla),,ChIJ4U8V0WlXnkcRP2gLKffxMgI,4.4,5,"Ich mein, die Tesla Charger sind so ziemlich alle gut.

Aber auch hier bin ich nicht enttäuscht worden.
Trotz niedriger Temperaturen (4°C) konnte ich im Peak mit 232kW Laden und war somit schnell wieder auf der Piste.

Auch ansonsten alles wie gewohnt tip top.

McDonalds, BurgerKing und P&R in direkter Umgebung (zu Fuß zwischen einer und drei Minuten)

Alles super :)",Olumlu,1
313183,Tesla Supercharger Reichertshofen,Tesla (including non-tesla),,ChIJ4U8V0WlXnkcRP2gLKffxMgI,4.4,5,Tesla Supercharger wie immer anstecken aufladen und fertig :-),Olumlu,1
313183,Tesla Supercharger Reichertshofen,Tesla (including non-tesla),,ChIJ4U8V0WlXnkcRP2gLKffxMgI,4.4,5,"Ideal an der Autobahnausfahrt gelegener Ladepark von Tesla, den Jedermann zum Laden nutzen darf. Leider belegt man als nicht Teslafahrer - so wie meinereiner - quasi zwei Ladeplätze, da bei einem rechtsseitigen Ladeanschluss - wie bei meinem BMW - man einem Tesla die Lademöglichkeit ‚raubt‘. Trotz starkem Ladeinteresse von vielen E-Autos war an einem verkehrsreichen Reisetag (25.01.2025) immer eine Säule für Ankommende frei. Daumen hoch für diesen Supercharger 👍! Absolut faire Preisgestaltung im direkten Vergleich zu EnBW oder Ionity, sofern man Adhoc-Ladender ist!",Olumlu,1
313183,Tesla Supercharger Reichertshofen,Tesla (including non-tesla),,ChIJ4U8V0WlXnkcRP2gLKffxMgI,4.4,3,"Sehr viele Säulen, aber ich stand alleine im Hof und hab mit max. 41 KW geladen. Ladesäulen bei Burger King sind definitiv viel leistungsstärker und selbst bei voller Auslastung zu empfehlen.",Olumlu,1
313183,Tesla Supercharger Reichertshofen,Tesla (including non-tesla),,ChIJ4U8V0WlXnkcRP2gLKffxMgI,4.4,5,"20 Supercharger stehen zur Verfügung. Der Parkplatz ist nur wenige Meter von der Autobahn A9 entfernt. Fußläufig ist ein McDonald's und ein Burgerking erreichbar. Außerdem gibt es hier auch einen Supermarkt. Wer etwas länger bleiben will, dem stehen zwei Hotels zur Verfügung.",Olumlu,1
313179,Tesla Supercharger Plauen,Tesla (including non-tesla),,ChIJ0W7FUwAnoUcR2sQV1r1armM,5.0,5,Super. Alles in der Nähe was man braucht.,Olumlu,1
313178,Tesla Supercharger Plattling,Tesla (including non-tesla),,ChIJ--huD5MNdUcRLabY0EWZySQ,4.6,3,"Eigentlich ein guter supercharger, der aber leider immer wieder zugeparkt wird, so wie heute am Samstag 22.2./025, wo zwischen 15 und 16 Uhr ein Depperl- Gespann DEG-CR 815 gleich 5 stalls blockiert",Olumsuz,-1
313178,Tesla Supercharger Plattling,Tesla (including non-tesla),,ChIJ--huD5MNdUcRLabY0EWZySQ,4.6,5,"Groß übersichtlich, viele Ladestationen",Olumlu,1
313178,Tesla Supercharger Plattling,Tesla (including non-tesla),,ChIJ--huD5MNdUcRLabY0EWZySQ,4.6,5,Gut angebunden. Preise in Ordnung. Immer freie Plätze vorhanden. Manchmal stehen Verbrenner mit Anhängern quer über 5 Ladensäulen .....,Olumlu,1
313178,Tesla Supercharger Plattling,Tesla (including non-tesla),,ChIJ--huD5MNdUcRLabY0EWZySQ,4.6,5,"Es sind ausreichend Plätze verfügbar.
Als ich an einem Samstag Nachmittag vor Ort war - waren mindestens 13 Plätze noch frei.",Nötr,0
313178,Tesla Supercharger Plattling,Tesla (including non-tesla),,ChIJ--huD5MNdUcRLabY0EWZySQ,4.6,5,Die perfekte Ladestation. Die Nähe zur Autobahn ist super. Die Essens- und Einkaufsmöglichkeiten sehr erwähnenswert. Zufahrt einfach und keine Parkgebühren fällig. Sehr zu empfehlen!!!,Olumlu,1
313173,Tesla Supercharger Eging am See,Tesla (including non-tesla),,ChIJR1njl-P9dEcR4mIn9K9kIeA,4.7,5,"Sehr guter, sauberer, kleiner und ruhiger SuC. Waren die einzigen dort und somit keine Wartezeit. Absolutes Highlight ist das süße Café in der Tankstelle,  was super schick, lecker und für Tankstellen-Verhältnisse echt günstig ist. Toiletten waren super sauber und es gibt auch einen Wickeltisch vor den Toiletten für Babys. Die Toilettennutzung kostet 0,50€ aber man bekommt dafür einen Wertcoupon von 0,30€.
Wir haben während der Lade-Wartzeit somit super lecker gefrühstückt.
Danke dafür!",Olumlu,1
313173,Tesla Supercharger Eging am See,Tesla (including non-tesla),,ChIJR1njl-P9dEcR4mIn9K9kIeA,4.7,2,"Ladeleistung trotz neuen Ladern sehr langsam.
Nachts ein Auto max 123 kW und geht schnell auf 80 kW runter.
Nachts keine Toiletten.

Das geht besser",Olumsuz,-1
313173,Tesla Supercharger Eging am See,Tesla (including non-tesla),,ChIJR1njl-P9dEcR4mIn9K9kIeA,4.7,5,"Sehr nah an der Autobahn gelegen an einer Tankstelle mit Shop. Aufladen hat problemlos funktioniert. Der erste Ladeplatz ist ein reservierter Platz und sollte freigelassen werden.
Die Toilette im Tankshop kostet 50 Cent und man erhält einen 30 Cent Coupon zum einlösen. Je Einkauf können 2 Coupons eingelöst werden. Der Cappuccino hat geschmeckt.
Bei gutem Wetter kann man auch draußen sitzen.

Da sich die Toilette im Tankshop befindet, ist man hier an dessen Öffnungszeiten angewiesen. Also kein perfekter Ladestop für Nachts!",Olumlu,1
313173,Tesla Supercharger Eging am See,Tesla (including non-tesla),,ChIJR1njl-P9dEcR4mIn9K9kIeA,4.7,5,"Ein Super Supercharger sehr nah an der A3 in einer AVIA Raststation. In der Tanke gibt es Snacks, kalte und warme Getränke, gemütliche Sitzgelegenheit drinnen und draußen und saubere WCs.
Der Ladevorgang war tadellos. Volle Geschwindigkeit, obwohl fast alle Stalls belegt waren.",Olumlu,1
313173,Tesla Supercharger Eging am See,Tesla (including non-tesla),,ChIJR1njl-P9dEcR4mIn9K9kIeA,4.7,1,Leider hat beim Laden (20 Uhr) alles zu gehabt. Keine WCs nix somit.,Olumsuz,-1
313161,Tesla Supercharger Neudrossenfeld,Tesla (including non-tesla),,ChIJBeRsMbieoUcRnP9qgcw6Rm0,4.8,5,"Ganz neu - Aral, Fastfood und Drogeriemarkt erreichbar. Gut zu erreichen und sehr sauber.",Olumlu,1
313161,Tesla Supercharger Neudrossenfeld,Tesla (including non-tesla),,ChIJBeRsMbieoUcRnP9qgcw6Rm0,4.8,5,Funzt einwandfrei 👍😁,Olumlu,1
313161,Tesla Supercharger Neudrossenfeld,Tesla (including non-tesla),,ChIJBeRsMbieoUcRnP9qgcw6Rm0,4.8,4,War gut,Olumlu,1
313161,Tesla Supercharger Neudrossenfeld,Tesla (including non-tesla),,ChIJBeRsMbieoUcRnP9qgcw6Rm0,4.8,5,Lädt sehr schnell und zuverlässig,Olumlu,1
313159,Tesla Supercharger München,Tesla (including non-tesla),,ChIJTel-6VjfnUcRajOCH6pqYck,3.9,5,"Ich war um 7 Uhr morgens der einzige der geladen hat. Um diese Zeit kostet es nur 41 Cent pro kWh, was ziemlich günstig ist. Standort ist empfehlenswert und vor Wind und Wetter geschützt.",Olumlu,1
313159,Tesla Supercharger München,Tesla (including non-tesla),,ChIJTel-6VjfnUcRajOCH6pqYck,3.9,5,"Da im Parkhaus gelegen, ist der Tesla Supercharger sehr gut Wetter geschützt. Die Ladesäulen gehören zur aktuellen Generation (Stand 03.24) und laufen wie bei Tesla gewohnt immer problemlos. Auch mit Fremdfabrikat kein Problem. Es gibt um die Ecke auch einen Rewe und ein Cafe falls das Warten im Auto zu langweilig ist.

Für die Einfahrt einfach dem ""Rewe Parkhaus"" Schild folgen.",Olumlu,1
313159,Tesla Supercharger München,Tesla (including non-tesla),,ChIJTel-6VjfnUcRajOCH6pqYck,3.9,1,"Nicht zu empfehlen: Trostloses Parkhaus ohne jegliche Annehmlichkeiten, keine Toiletten, kein Imbiss, nichts, außer ein Rewe, dessen Eingang aber auch nur nach kreuz und quer-, hoch und runter-irren durchs Parkhaus gefunden werden kann.",Olumsuz,-1
313159,Tesla Supercharger München,Tesla (including non-tesla),,ChIJTel-6VjfnUcRajOCH6pqYck,3.9,1,"Alles andere als Tesla-Standard. Keine Toilette, keine Automaten, einfach nichts! :-( Der REWE ist zwar in der Nähe, aber den hat Tesla wohl nicht gebaut! :-) Die Mülltonne kriegt den einen Stern! ;-)",Olumsuz,-1
313159,Tesla Supercharger München,Tesla (including non-tesla),,ChIJTel-6VjfnUcRajOCH6pqYck,3.9,4,"Ich war gestern zum ersten Mal da und wurde positiv überrascht. Einige Rezensionen lassen hier ja Schlimmes erahnen. 😄

Der Supercharger war sauber, gut zu erreichen und obwohl viel los war, konnten ich problemlos parken und laden. War 20 Minuten im Rewe ums Eck.

Werde hier wohl in Zukunft öfter laden.",Olumlu,1
313158,Tesla Supercharger München,Tesla (including non-tesla),,ChIJq5cGnJoKnkcRhMRawcuPVfc,3.8,4,"Wunschgemäß geladen, alle Stationen waren frei. Aber eine Reduktion auf die Parkgebühr wäre schon toll, wenn man hier schon voll auflädt.",Nötr,0
313158,Tesla Supercharger München,Tesla (including non-tesla),,ChIJq5cGnJoKnkcRhMRawcuPVfc,3.8,4,"Einfach zu finden wenn man dem Navi folgt und auf der richtigen Seite rein fährt. Parken kostet ab der ersten Minute 1,80€, das ist etwas negativ.",Olumlu,1
313158,Tesla Supercharger München,Tesla (including non-tesla),,ChIJq5cGnJoKnkcRhMRawcuPVfc,3.8,2,"Der erste SuC, bei dem ich für das Parkhaus zahlen muss, nur weil ich Laden möchte. Aber hey, wenn ich als Tourist 50€ im Edeka ausgebe, spare ich mir die Parkkosten.",Nötr,0
313158,Tesla Supercharger München,Tesla (including non-tesla),,ChIJq5cGnJoKnkcRhMRawcuPVfc,3.8,4,"An sich perfekte Lage zum Aufladen. Nur am Sonntag und vsl. an Feiertagen, wenn alle Geschäfte geschlossen haben (Hauptwege zu), ist die fußläufige Rückkehr zur Ladestation etwas umständlich (über Motel One aber OK). Ansonsten zu empfehlen.",Olumlu,1
313158,Tesla Supercharger München,Tesla (including non-tesla),,ChIJq5cGnJoKnkcRhMRawcuPVfc,3.8,5,"Funktioniert perfekt inkl. Shopping und Essen.
Supercharger sind auf der rechten Seite im blauen Bereich",Olumlu,1
313157,Tesla Supercharger Motorworld München,Tesla (including non-tesla),,ChIJz0Hjt9d1nkcR9mchqNWq_q0,2.9,4,"Ein weiterer leistungsfähiger V4 Supercharger in München.
Relativ gepflegter Parkplatz, der allerdings regelmäßig von Verbrenner Prolos versaut wird. Die halten das Gehege offenbar für ihren Spielplatz… kommt leider auch immer wieder vor, dass Verbrenner absichtlich die Ladesäulen blockieren… So wie der im Bild anbei gezeigte Prolo-BMW",Olumlu,1
313157,Tesla Supercharger Motorworld München,Tesla (including non-tesla),,ChIJz0Hjt9d1nkcR9mchqNWq_q0,2.9,3,"Positiv sind natürlich die V4 Lader, nicht ganz so toll ist dass man durch den ganzen fast immer vollen Parkplatz der Motor world fahren muss bis ganz hinten. Was aber wirklich schlimm ist das, dass drei oder vier Plätze durch EV belegt sind die aber nicht laden. Das Ganze werktags gegen 15 Uhr.",Nötr,0
313157,Tesla Supercharger Motorworld München,Tesla (including non-tesla),,ChIJz0Hjt9d1nkcR9mchqNWq_q0,2.9,3,"Es sind die neuen Tesla Ladestationen in weiß bei denen auch Fremdfahrzeuge sehr gut laden können. Allerdings ist die Zufahrt über den dortigen Bauhaus Baumarkt nicht möglich, man muss quasi von hinten kommen und dann einmal der Beschilderung folgen. Diese ist nicht sehr auffällig. Außerdem ist der Parkplatz, auf dem die Ladesäulen sind kostenpflichtig.Die ersten 30 Minuten parken und somit auch laden sind kostenlos. Danach werden mindestens 2,50 € fällig. Man hat aber die Wahl auch aus dem Parkplatz zu fahren und dann quasi einmal um die Ecke gleich wieder rein. Das Laden hat einwandfrei funktioniert. Lästig ist eben, dass es Parkgebühren kostet.",Nötr,0
313157,Tesla Supercharger Motorworld München,Tesla (including non-tesla),,ChIJz0Hjt9d1nkcR9mchqNWq_q0,2.9,1,"Die Schranke muss weg!
Wenn sie mal wieder nicht funktioniert, kann man nicht laden.
Hotline Motorworld hebt niemand ab, die angeklebte Notfallnummer ist nicht mehr zuständig, das Hotel kann sie nicht öffnen.",Olumsuz,-1
313157,Tesla Supercharger Motorworld München,Tesla (including non-tesla),,ChIJz0Hjt9d1nkcR9mchqNWq_q0,2.9,5,"Die Zufahrt mag für den ein oder anderen etwas irreführend sein - das ist sie aber eigentlich gar nicht. Wenn Sie zur Motorworld reinfahren, fahren Sie einfach, wo auch der Parkplatz ist, durch die linke Schranke, nehmen ein Ticket und fahren nach hinten. Dann erwartet Sie dort ein Elektro-Auto-Ladestationen-Paradies. Meine Empfehlung: Holen Sie sich direkt vor Ihrer Nase bei der Bäckerei Höflinger ein Schnitzelbrötchen - das schmeckt köstlich!

Der Supercharger funktioniert einwandfrei - alles top!",Olumlu,1
313156,Tesla Supercharger München,Tesla (including non-tesla),,ChIJDeLwjaV1nkcRuTB9LxlQWwE,3.0,4,Urbaner Supercharger Standort im Herzen vom Englischen Garten. Parken 45 Minuten kostenfrei Dank kamerabasierter Kennzeichenerfassung. Beim ersten Versuch wurde die Ladung nach 5 Minuten abgebrochen. Vor 12:00 Uhr hat dort keine Toilette geöffnet!,Olumlu,1
313156,Tesla Supercharger München,Tesla (including non-tesla),,ChIJDeLwjaV1nkcRuTB9LxlQWwE,3.0,1,"Achtung abzocke!!!!!

Ich bin extra hierhergekommen, um mein Auto (Tesla) zu laden – und dafür habe ich im Nachhinein eine Strafe in Höhe von 53 € erhalten.

Erst später habe ich bemerkt, dass irgendwo hinten und extrem versteckt ein kleines Schild angebracht ist. Offensichtlich wird genau dieses versteckte Schild gezielt genutzt, um Fahrzeuge zu bestrafen, die ganz normal zum Laden kommen.

So eine Art, Geld zu verdienen, habe ich in Deutschland noch nie erlebt.
Dass Autos, die lediglich einen Supercharger benutzen, auf diese Weise abkassiert werden, empfinde ich als absolut unseriös und unfair.

Sehr enttäuschend. ⚠️",Olumsuz,-1
313156,Tesla Supercharger München,Tesla (including non-tesla),,ChIJDeLwjaV1nkcRuTB9LxlQWwE,3.0,1,"Ergänzend zu den bereits hier geschriebenen Bewertungen möchte ich hinzufügen, dass es nur vier Ladestationen gibt und das Parken rundherum kostenpflichtig ist. Kostenlos warten kann man also nicht, im besten Fall muss man das Parken bezahlen, im schlimmsten Fall, wenn man es nicht bemerkt, gibt es 53 € Strafe.",Nötr,0
313156,Tesla Supercharger München,Tesla (including non-tesla),,ChIJDeLwjaV1nkcRuTB9LxlQWwE,3.0,5,"45 Minuten parken sind gratis Schranke gibt es keine und so wie ich das verstanden habe, muss ich da nicht zum Automaten. Ich habe dort 12 Minuten aufgeladen und habe dann die Internetseite besucht. Da kann man angeblich 24 Stunden danach auch noch bezahlen. Dort war mein Auto Nummer kein Vorgang gespeichert. Wieso so oft nicht klar beschrieben, aber so wie ich das verstanden habe wenn ich unter 45 Minuten bleibe, dann muss ich gar nichts machen. Ich war aber erst gestern dort. Die Ladung selber hat problemlos funktioniert und eine Pfandflasche habe ich mitgenommen auf dem Mülleimer.",Olumsuz,-1
313156,Tesla Supercharger München,Tesla (including non-tesla),,ChIJDeLwjaV1nkcRuTB9LxlQWwE,3.0,1,"Vorsicht Abzocke . Sind zum supercharger gefahren . Schranken waren offen , es war dunkel . Wir haben kein Schild bemerkt, dass man zahlen muss . Der Tesla hat auch nicht auf einen kostenpflichtigen Parkplatz hingewiesen. Das Kennzeichen wurde erfasst 52 Euro Strafe !",Olumsuz,-1
313153,Tesla Supercharger Magdeburg,Tesla (including non-tesla),,ChIJD51oqQJcr0cR_e1ihuSQtYg,4.5,3,"Laden hat an und für sich gut und schnell geklappt. Allerdings muss man wie üblich bei Tesla rückwärts an die Ladesäulen heranrangieren: und da wird es hier eng. Reger Lkw auf der Zufahrtsstraße, heut mit Schwerlasttransporter. Dazwischen generte Autofahrer, die aus dem Gewerbegebiet ausfahren. Anhalten und in Ruhe zurücksetzen ist hier nicht möglich, man blockiert für Nutzfahrzeuge die Straße, das Ansteuern der Ladesäulen empfand ich als gefährlich.",Nötr,0
313153,Tesla Supercharger Magdeburg,Tesla (including non-tesla),,ChIJD51oqQJcr0cR_e1ihuSQtYg,4.5,5,Wie bei Tesla zu erwarten war hat die Ladung einwandfrei funktioniert. Sehr schnell von der Autobahnabfahrt zu erreichen und nur wenige Meter vom McDonalds entfernt. Auch für Nicht-Teslas praktikabel zum Laden,Olumlu,1
313153,Tesla Supercharger Magdeburg,Tesla (including non-tesla),,ChIJD51oqQJcr0cR_e1ihuSQtYg,4.5,5,Ich lade gerne dort. Ein großer Autohof und ein führendes Fastfood- Restaurant befinden sich fußläufig in unmittelbarer Nähe.,Olumlu,1
313153,Tesla Supercharger Magdeburg,Tesla (including non-tesla),,ChIJD51oqQJcr0cR_e1ihuSQtYg,4.5,5,"Sehr nah

an der A2 und gleich neben MCDONALD'S!👍",Olumlu,1
313153,Tesla Supercharger Magdeburg,Tesla (including non-tesla),,ChIJD51oqQJcr0cR_e1ihuSQtYg,4.5,5,"Laden klappt gut. Bisher nie Geschwindigkeitseinbußen. Man kann durch die Position der Säulen vor- oder rückwärts heranfahren. So können auch Fremdfabrikate geladen werden, ohne Säulen zu blockieren. Es ist leider oft sehr unordentlich um die rechte Säule, weil der Mülleimer nicht gereinigt wird.

Im MC kann man die Toiletten nutzen, tagsüber gibts noch ein NORMA und gegenüber auch ein Autobahnhotel - falls es mit dem Laden mal länger dauert :-)

Nervig ist die Ampelschaltung an der Autobahn. Diese ist sehr zäh und schaltet mit langer Wartezeit.",Olumlu,1
313147,Tesla Supercharger Leipzig-Flughafen,Tesla (including non-tesla),,ChIJPaKwU0JfpkcRtAoCnjdfPjw,4.7,5,"Hier stimmt alles!

Top Lage, direkt an dem Autobahnkreuz. Tolle Verpflegung vor Ort, super Angebot an Getränke und Speisen & die Leistung an der Säule ist auch absolut in Ordnung. Auslastung ist natürlich schon gegeben, bei der Lage. Aber es geht sehr schnell voran.

Hier kann man gut gerne einen Stopp einplanen! Guter Autohof direkt angebunden!",Olumlu,1
313147,Tesla Supercharger Leipzig-Flughafen,Tesla (including non-tesla),,ChIJPaKwU0JfpkcRtAoCnjdfPjw,4.7,4,"Tesla Supercharger mit 250 kW-Säulen. Fehlerloses Laden, 20 m nebenan ist eine Gaststätte mit meist sauberer Toilette für 70 ct. Leider kann man die 50 ct. Bons des Toilettengangs dort nicht einlösen.",Olumsuz,-1
313147,Tesla Supercharger Leipzig-Flughafen,Tesla (including non-tesla),,ChIJPaKwU0JfpkcRtAoCnjdfPjw,4.7,4,"Sehr eng zum anfahren. Mit Anhänger ein riesen geruder. Selbst mit Model X schwierig. Wenn gleichzeitig einer raus und einer rein will, wird es zu eng. Keine Überdachung am Charger, zu wenig Mülleimer. Der Autohof ist gleich gegenüber. Dort gibt es alles, was man braucht.",Olumlu,1
313147,Tesla Supercharger Leipzig-Flughafen,Tesla (including non-tesla),,ChIJPaKwU0JfpkcRtAoCnjdfPjw,4.7,4,"Geladen hat es super. Leider zum rangieren sehr eng, besonders wenn alles besetzt ist, bei Model S und X für ungeübte Fahrer eher schwierig.",Olumlu,1
313147,Tesla Supercharger Leipzig-Flughafen,Tesla (including non-tesla),,ChIJPaKwU0JfpkcRtAoCnjdfPjw,4.7,4,"Ich war am Brückentag nur zu zweit am supercharger. Man hatte also freie Wahl.
Die Anfahrt ist zwar nicht sehr weit, aber aus Süden kommend musste man schon lange an Ampeln warten.",Nötr,0
313143,Tesla Supercharger Kösching,Tesla (including non-tesla),,ChIJQdWBpzkBn0cRWAxY1UBJ75Q,4.6,5,"Auch am Samstag gegen 12:30 Uhr im Ferienverkehr (Dezember 2024) keine Überfüllung und ausreichend Ladeplätze verfügbar.
In der angrenzenden Tankstellen gibt es Sitzgelegenheiten und Kaffee.
Wer nach dem Laden noch glänzend aufbrechen möchte, kann an der benachbarten SB-Wäsche seinen Tesla reinigen.",Olumlu,1
313143,Tesla Supercharger Kösching,Tesla (including non-tesla),,ChIJQdWBpzkBn0cRWAxY1UBJ75Q,4.6,5,Der sauberste Super charger den ich kenne. Die laufen jede Stunde durch. Spielplatz ist auch super für die Kinder.,Olumlu,1
313143,Tesla Supercharger Kösching,Tesla (including non-tesla),,ChIJQdWBpzkBn0cRWAxY1UBJ75Q,4.6,1,"Hatte mit meinem Tesla Model 3 um Mitternacht als einziges anwesendes Auto nur 34KW zur Verfügung... Ladezeit entsprechend extrem hoch.

Habe abgebrochen und bin weiter nach Greding. Dort alles OK",Nötr,0
313143,Tesla Supercharger Kösching,Tesla (including non-tesla),,ChIJQdWBpzkBn0cRWAxY1UBJ75Q,4.6,5,"Großer neuer Tesla Ladepark. Am Platz ist noch die Tankstelle mit allem was benötigt wird. Außerdem gibt's eine Waschstrasse, Kärcherbox, Staubsauber sowie Luft. Hier ist die Wartezeit / Ladezeit schnell vergangen. Kurz und Knapp, gute Adresse zum Laden.",Olumlu,1
313143,Tesla Supercharger Kösching,Tesla (including non-tesla),,ChIJQdWBpzkBn0cRWAxY1UBJ75Q,4.6,5,"Gleich neben einer Tankstelle mit reichlichem Angebot (auch vegan) tollem Service und sehr sauberen Toiletten.
5 Minuten Fußweg gibt es einige Einkaufsmöglichkeiten wie ein großer Edeka, Lidl, Aldi, DM.
Aktuell ist ein Gehweg im Bau.
Ich fahre gerne hier her, da dies einer der wenigen Ladestationen ist, an dem kein Mc Donalds steht.",Olumlu,1
313117,Tesla Supercharger Greding,Tesla (including non-tesla),,ChIJLyJOPBURn0cRvYBSF5Ml64E,4.6,5,"Tesla Supercharger Greding – Ruhiger Ladepunkt mit guter Erreichbarkeit.
Der Tesla Supercharger in der Kraftsbucher Straße in Greding ist ein sehr angenehm gelegener Ladepunkt für unterwegs. Die Ladestationen sind gut erreichbar, übersichtlich angeordnet und ermöglichen zuverlässiges, schnelles Laden.
Der Standort ist ruhig und überschaubar, ideal für eine entspannte Ladepause ohne Hektik. Während das Auto lädt, kann man kurz durchatmen, sich die Beine vertreten und die Pause bewusst nutzen, bevor es weitergeht.
Ein solider und praktischer Supercharger, besonders gut geeignet für Fahrten durch Bayern oder als Zwischenstopp auf längeren Strecken. Funktional, zuverlässig und angenehm gelegen.",Olumlu,1
313117,Tesla Supercharger Greding,Tesla (including non-tesla),,ChIJLyJOPBURn0cRvYBSF5Ml64E,4.6,5,"Tesla Supercharger, einfach und zuverlässig. Klare Preisauszeichnung. Man weiß also bereits vorher, wieviel eine kWh kostet. Günstiger Preis und die Ladeplätze sind sehr sehr zuverlässig. Habe in drei Jahren E-Auto nie ein Problem gehabt.",Olumlu,1
313117,Tesla Supercharger Greding,Tesla (including non-tesla),,ChIJLyJOPBURn0cRvYBSF5Ml64E,4.6,5,"Super sauberer Ladeplatz. Ein schickes Toilettenhäuschen mit 2 Automaten für einen Snack oder ein Getränk stehen bereit.

Outlets direkt nebenan, McDonald’s und KFC in Laufreichweite.",Olumlu,1
313117,Tesla Supercharger Greding,Tesla (including non-tesla),,ChIJLyJOPBURn0cRvYBSF5Ml64E,4.6,4,"Großer Supercharger-Standort mit 20 V3-Säulen (250kW). Für McDonald's und KFC muss man ein paar Minuten laufen.

Der Standort auf Maps war nicht ganz genau. Der Supercharger ist neben Lloyd und Lindt, ist ausgeschildert.",Olumlu,1
313117,Tesla Supercharger Greding,Tesla (including non-tesla),,ChIJLyJOPBURn0cRvYBSF5Ml64E,4.6,4,"Sehr schöner neuer supercharger an der a9, in direkter Nachbarschaft zum Schuh-Outlet, Lindt und KFC. Falls Hilpolstein voll ist, findet man hier freie Ladesäulen",Olumlu,1
313113,Tesla Supercharger Gilching,Tesla (including non-tesla),,ChIJV_B9fgDVnUcRmi8SQXXqG0A,4.3,5,"Zentral gelegener Tesla Supercharger mit 250 kw/h, direkt an der Autobahnausfahrt und der MC Donald ist auch nicht weit weg (auf der anderen Tankstellenseite).",Olumlu,1
313113,Tesla Supercharger Gilching,Tesla (including non-tesla),,ChIJV_B9fgDVnUcRmi8SQXXqG0A,4.3,5,"Sehr guter Supercharger-Standort mit vielen Pluspunkten.

Acht V4-Supercharger mit bis zu 250 kW pro Stall sorgen für schnelles und zuverlässiges Laden. Die Stationen sind auch für Nicht-Tesla-Fahrzeuge nutzbar und lassen sich per Tesla App oder direkt per Kartenzahlung freischalten. Preislich aktuell unschlagbar, insbesondere nachts zwischen 23:00 und 08:00 Uhr mit 0,24 €/kWh.

Allguth-Tankstelle und McDonald’s sind fußläufig erreichbar, zusätzlich stehen Staubsauger direkt an den Superchargern zur Verfügung. Die Lage direkt an der A96 ist ideal für beide Fahrtrichtungen.

Negativ sind der sehr begrenzte Platz im Ladebereich, häufig blockierende Verbrenner sowie die etwas unübersichtliche Anfahrt hinter der Tankstelle.

Insgesamt trotzdem ein sehr empfehlenswerter Supercharger mit starker Infrastruktur.",Olumlu,1
313113,Tesla Supercharger Gilching,Tesla (including non-tesla),,ChIJV_B9fgDVnUcRmi8SQXXqG0A,4.3,2,"Finde diesen Supercharger kurz vor MUC eher schlecht. Es gibt zwar zwei Zufahrten, davon ist eine meistens von Kunden der Tankstelle zugeparkt. Die Zufahrt könnte man mit einer entsprechenden Kennzeichnung (Parkverbot) besser gestalten. Vor den Ladesäulen gibt es keine „Linien“, manchmal passt es dann gar nicht, oder man blockiert ohne Absicht 2 Ladesäulen (oder ich bin zu doof 🙈)",Olumsuz,-1
313113,Tesla Supercharger Gilching,Tesla (including non-tesla),,ChIJV_B9fgDVnUcRmi8SQXXqG0A,4.3,1,Bescheidenste Anfahrtsbeschreibung bzw Beschilderung jemals. Zufahrt über Tankstelle eine Katastrophe. Der den Käse geplant hat hat nur das Beste Zeug gehabt….,Olumsuz,-1
313113,Tesla Supercharger Gilching,Tesla (including non-tesla),,ChIJV_B9fgDVnUcRmi8SQXXqG0A,4.3,5,Schnell und ab 23 Uhr konkurrenzlos günstig.,Olumlu,1
313111,Tesla Supercharger Gera,Tesla (including non-tesla),,ChIJG7e0TGfFpkcRGPpMM5Clx18,4.8,5,"Wie immer anstecken, aufladen, fertig, Globus Einkaufsmarkt vor Ort",Olumlu,1
313111,Tesla Supercharger Gera,Tesla (including non-tesla),,ChIJG7e0TGfFpkcRGPpMM5Clx18,4.8,5,"Sehr gute Leistung an der Säule!
Erreichbarkeit von der Autobahn nicht perfekt, aber absolut machbar.
Vor Ort gibt’s ein Restaurant und die Anfahrt bzw. die Parkplätze sind sehr gut.",Olumlu,1
313111,Tesla Supercharger Gera,Tesla (including non-tesla),,ChIJG7e0TGfFpkcRGPpMM5Clx18,4.8,5,"Danke Tesla, danke Gera. Es hat alles wunderbar funktioniert.",Olumlu,1
313111,Tesla Supercharger Gera,Tesla (including non-tesla),,ChIJG7e0TGfFpkcRGPpMM5Clx18,4.8,4,"Schöne V4 Geräte, gut zu finden, volle Leistung",Olumlu,1
313111,Tesla Supercharger Gera,Tesla (including non-tesla),,ChIJG7e0TGfFpkcRGPpMM5Clx18,4.8,5,Perfekt gelegen! WC und Imbiss gleich in der Nähe vom Clobus!,Olumlu,1
313108,Tesla Supercharger Fürstenfeldbruck,Tesla (including non-tesla),,ChIJDWAdAfF_nkcRnbI-vFxAKyk,4.0,3,"Viele neue Supercharger zu einem guten Preis mit Beleuchtung und Mülleimern. Leider regelmäßig komplett zugeparkt von anderen Autos. Hier sollte besser kontrolliert werden. Letztens war nur ein Platz frei, der Rest zugeparkt.",Nötr,0
313108,Tesla Supercharger Fürstenfeldbruck,Tesla (including non-tesla),,ChIJDWAdAfF_nkcRnbI-vFxAKyk,4.0,5,"Top. Das einzige was ärgerlich ist, sind die unterschiedlichen Preise zu anderen Tesla Superchargern. Schön wäre es wenn es an allen SC in der Nebenzeit 24cent/kwh kosten würde …..",Olumlu,1
313108,Tesla Supercharger Fürstenfeldbruck,Tesla (including non-tesla),,ChIJDWAdAfF_nkcRnbI-vFxAKyk,4.0,3,"Dienstag vormittag 11 Uhr. Keine Ferien oder sonst was und trotzdem war der ganze Parkplatz voll sodass an 7 von 8 Superchargern Verbrenner parkten und keinen hat es interessiert.

Ich bin da hin gefahren zum einkaufen und laden da mir angezeigt wurde das Acht von Acht Ladestation frei sind. Ich weiß Tesla kann nichts dafür. Aber wenn nichts dagegen unternommen wird dann werde ich da künftig nicht mehr einkaufen und laden. Schade eigentlich da die neuen V4 super funktionieren.",Olumsuz,-1
313105,Tesla Supercharger Feucht,Tesla (including non-tesla),,ChIJyXYAOQtdn0cRVAAiRFerLbM,4.3,3,"Laden ist perfekt, Location ist ok…
Bisschen weit entfernt zur Autobahn.
Mc Donalds und Supermarkt ist daneben.
Nun aber auch das ABER:

Unfassbar verdreckter Parkplatz!
90% des Mülls stammt vom FastFoodLokal!",Nötr,0
313105,Tesla Supercharger Feucht,Tesla (including non-tesla),,ChIJyXYAOQtdn0cRVAAiRFerLbM,4.3,5,"Der Supercharger lag genau richtig für einen Stopp und bietet nachts einen vergleichsweise günstigen Preis. Deshalb erstmalig bei Tesla geladen. Wenn man deshalb etwas länger braucht (Profil für Tesla App anlegen + 💳 ergänzen ➡️ kein Adhoc da V3 Supercharger, wo steht die Nummer der Ladesäule - ganz groß am Fuß 😅, am Ende ließ sich der Stecker zunächst nicht entfernen), läuft auffällig jemand vorbei ➡️ Sicherheitsdienst 🤔, damit sich niemand an den Kabeln zu schaffen macht?",Nötr,0
313105,Tesla Supercharger Feucht,Tesla (including non-tesla),,ChIJyXYAOQtdn0cRVAAiRFerLbM,4.3,1,"Die Ladestationen sehen ja ganz gut aus, nur die Qualität der Stationen sind anscheinend genauso wie die Autos von Tesla 🤣🤣 oder es wird sich schlicht einfach nicht gekümmert 🤷🏻‍♂️
Komplett laden ist auch nicht möglich da man sonst einen Strafzettel bekommt … von über 60 € … Vorsicht !!",Olumsuz,-1
313105,Tesla Supercharger Feucht,Tesla (including non-tesla),,ChIJyXYAOQtdn0cRVAAiRFerLbM,4.3,4,"ACHTUNG: Parkraumüberwachung! Max 90 Minuten Standzeit (Wer länger lädt oder steht erhält eine Strafe per Post von Parkdepot). Wer kein E-Kennzeichen hat und oder aus dem Ausland kommt, muss per App das Laden ANMELDEN.",Olumsuz,-1
313105,Tesla Supercharger Feucht,Tesla (including non-tesla),,ChIJyXYAOQtdn0cRVAAiRFerLbM,4.3,5,"Dort kann man einkaufen, dann ist die Zeit nicht ganz verdummt. Ich komme häufig hier ran, aber verstehe nicht, warum man an den Zapfsäulen nur noch zwischen 120-80 kW Leistung ziehen kann. März 23",Nötr,0
313101,Tesla Supercharger Erlangen,Tesla (including non-tesla),,ChIJFdrlGwX_oUcRcn9GT8WalQ4,4.2,1,"18 von 20 Plätze mit Verbrenner besetzt.Hotel in der Nähe empfiehlt ihren Kunden die Aufladeplätze zu benutzen,da Tesla wörtlich lediglich die Plätze gemietet hat.Somit alle Plätze voll obwohl System 18 freie Plätze anzeigt.",Olumlu,1
313101,Tesla Supercharger Erlangen,Tesla (including non-tesla),,ChIJFdrlGwX_oUcRcn9GT8WalQ4,4.2,5,Ich habe am 28.8.24 meinen Kia problemlos laden können. Kein Ladeplatz war durch Verbrenner blockiert. Es waren ausreichend freie Plätze vorhanden. Zu den örtlichen Gegebenheiten gegen die Ladeweile wurde hier ja bereits ausgiebig berichtet.,Olumlu,1
313101,Tesla Supercharger Erlangen,Tesla (including non-tesla),,ChIJFdrlGwX_oUcRcn9GT8WalQ4,4.2,4,"Der Supercharger ist grds. gut (V3 Ladesäulen). Man kann die Toilette des Hotels benutzen, das kostet aber 1 €.",Olumlu,1
313101,Tesla Supercharger Erlangen,Tesla (including non-tesla),,ChIJFdrlGwX_oUcRcn9GT8WalQ4,4.2,5,"Sehr gut gelegen, direkt neben Hotel mit Restaurant.",Olumlu,1
313101,Tesla Supercharger Erlangen,Tesla (including non-tesla),,ChIJFdrlGwX_oUcRcn9GT8WalQ4,4.2,5,"Saubere kostenlose Toiletten direkt im Hotel neben an. Im Hotel gibt es auch ein Café. Günstige Lebensmittel und Getränke gibt’s nebenan bei der Norma. Mülleimer stehen zur Verfügung.  Sonst sauber
Ladeleistung wie immer top",Olumlu,1
313096,Tesla Supercharger Eching,Tesla (including non-tesla),,ChIJ__dmhSBtnkcRUuA3dpfQIlk,4.5,4,"Gegenüber bei EnBW tanken die E-Autofahrer für das Doppelte.
Hier finden sich noch die älteren Tesla-Charger ohne Kreditkarten-Terminal. Viele freie Plätze, Gewerbegebiet rundherum mit McDonald's und vielen anderen mehr.",Olumlu,1
313096,Tesla Supercharger Eching,Tesla (including non-tesla),,ChIJ__dmhSBtnkcRUuA3dpfQIlk,4.5,5,"Toller Preis Nachts, gute Ladegeschwindugkeit, gar nicht voll!",Olumlu,1
313096,Tesla Supercharger Eching,Tesla (including non-tesla),,ChIJ__dmhSBtnkcRUuA3dpfQIlk,4.5,2,"Viele Ladeplätze und immer gut besucht.
Leider der dreckigste Supercharger, den ich bisher besucht habe. Nicht nur, dass die Mülltonnen oft überquellen, es liegt im Gebüsch und auf den Parkplätzen Müll herum.",Nötr,0
313096,Tesla Supercharger Eching,Tesla (including non-tesla),,ChIJ__dmhSBtnkcRUuA3dpfQIlk,4.5,2,Lädt gut ist aber voll Fastfood Müll,Nötr,0
313096,Tesla Supercharger Eching,Tesla (including non-tesla),,ChIJ__dmhSBtnkcRUuA3dpfQIlk,4.5,5,"Sehr gut!
Top Ladesäule mit ausreichend Platz und einer übersichtlichen Anlage. Umzug sind Möglichkeiten für den Zeitvertreib und die goldene Möwe ist auch direkt gegenüber.
Ladegeschwindigkeit ist super, Bild entstand bei 40% Restakku beim MYP",Olumlu,1
313095,Tesla Supercharger Ebersdorf bei Coburg,Tesla (including non-tesla),,ChIJfXnyHQDTo0cRrPoo-ch0qdU,4.7,5,"Einfach zu finden und nah zur Autobahnabfahrt. Lud allein und bekam über 200kw
Hinter McDonald's und Tankstelle",Olumlu,1
313095,Tesla Supercharger Ebersdorf bei Coburg,Tesla (including non-tesla),,ChIJfXnyHQDTo0cRrPoo-ch0qdU,4.7,5,"Wie immer perfekt. Mit McDonalds daneben, was ich auf Reisen nicht schlecht finde ( Kaffee, Toilette ).",Olumlu,1
313095,Tesla Supercharger Ebersdorf bei Coburg,Tesla (including non-tesla),,ChIJfXnyHQDTo0cRrPoo-ch0qdU,4.7,5,Acht Ladesäulen. McDonald’s nebenan.,Olumlu,1
313095,Tesla Supercharger Ebersdorf bei Coburg,Tesla (including non-tesla),,ChIJfXnyHQDTo0cRrPoo-ch0qdU,4.7,5,Weit und breit die beste Ladestelle,Olumlu,1
313095,Tesla Supercharger Ebersdorf bei Coburg,Tesla (including non-tesla),,ChIJfXnyHQDTo0cRrPoo-ch0qdU,4.7,1,Warum funktioniert die Ladung schon seit 24 Stunden nicht???,Olumsuz,-1
313093,Tesla Supercharger Dasing,Tesla (including non-tesla),,ChIJTSmbeamRnkcRVfOVPTyuVQE,4.2,3,"Wenn gerade der Bauernmarkt ist, dann ist es extrem voll in dem Areal. Auch hat man nicht allzu viel Platz zum einparken, eben gerade wenn es voll ist noch weniger.

Ich würde da nicht nochmal laden, zumindest nicht zu Marktzeiten. Man kann dort laden aber es ist einfach einer der schlechteren Supercharger Standorte.

Nachts ist es sicher super entspannt dort. Ich war aber auch am Freitag den 02.01. dort, das ist sicher allgemein ein turbulenter Tag, viele Leute unterwegs.",Olumsuz,-1
313093,Tesla Supercharger Dasing,Tesla (including non-tesla),,ChIJTSmbeamRnkcRVfOVPTyuVQE,4.2,5,"16 V3 Supercharger unweit der Autobahn entfernt, Stall 3D aktuell defekt. Bauernmarkt direkt nebenan, vermutlich mit Toiletten. Tesla Lounge mit Automaten vorhanden, Code steht im Navigationssystem. Die geringe Ladeleistung konnte ich an 1C nicht bestätigen, hier war alles einwandfrei.",Olumlu,1
313093,Tesla Supercharger Dasing,Tesla (including non-tesla),,ChIJTSmbeamRnkcRVfOVPTyuVQE,4.2,3,Laden war an der nur mit 35kW möglich. Ein Wechsel brachte das gleiche schlechte Ergebnis: 35 kW. Erst nach dem 3. Wechsel wurde mit 150kW geladen. Zu diesem Zeitpunkt waren nur zwei weitere Fahrzeuge am Laden. Tipp: Die hinterem Säulen Richtung Zubringerstraße (1A - 1E) haben problemlos funktioniert. Die Säulen Richtung Bauernmarkt hatten das Ladeproblem (vermutlich defekter Temperatursensor im Ladekabel) Es hatte zu dem Zeitpunkt 7°C Außentemperatur.,Olumsuz,-1
313093,Tesla Supercharger Dasing,Tesla (including non-tesla),,ChIJTSmbeamRnkcRVfOVPTyuVQE,4.2,4,"Ganz gut zum Laden, allerdings etwas doof, dass der Laden max. um 18 schließt..
WC rund um die Uhr 👍kostenfrei links vom Markt...
Automat 24/7 mit Überdachung.
Fotos aus Mai'23
Parkplätze für normalos mehr als ausreichend...",Nötr,0
313093,Tesla Supercharger Dasing,Tesla (including non-tesla),,ChIJTSmbeamRnkcRVfOVPTyuVQE,4.2,2,"Sehr schmale Ladebuchten. Mehrere Ladestationen waren von Verbrenner-Kfz belegt, die einfach nur geparkt haben und die Ladebuchten belegten.",Olumsuz,-1
313085,Tesla Supercharger Bitterfeld,Tesla (including non-tesla),,ChIJ-endnR9ppkcReLvfW_RPj5I,4.7,5,"· Exzellente Ladeinfrastruktur: Die Kombination aus Tesla Superchargern (oft sehr zuverlässig und schnell) und Ionity (Hochleistungsladen für viele Marken) ist top. Das bedeutet maximale Auswahl, hohe Ladegeschwindigkeiten und Redundanz (falls ein Netz mal Probleme hat).
· Outstanding Amenities & ""Nebeneffekte"": Dies ist der entscheidende Pluspunkt. Die Station geht weit über das reine Laden hinaus und verwandelt die obligatorische Wartezeit in eine angenehme Pause:
· Beine vertreten & Toilette: Absolute Grundvoraussetzung für eine gute Pause.
· Essensmöglichkeiten in der Nähe: Perfekt, um die Ladezeit für eine Mahlzeit zu nutzen.
· Der entscheidende Clou: Ein Spielplatz für Kinder: Dies ist, wie Sie richtig feststellen, ein absolutes Alleinstellungsmerkmal. Es macht die Ladepause für Familien stressfrei und angenehm. Kinder können sich beschäftigen, während das Auto lädt – ein unschätzbarer Vorteil.

Zusammenfassung:

Die Ladestation in Bitterfeld ist nicht nur eine reine ""Tankstelle"", sondern ein vorbildlicher Ladepark. Sie erfüllt alle Kernanforderungen (schnelles Laden, Zuverlässigkeit durch mehrere Anbieter) und hebt sich durch die exzellente Infrastruktur für die Insassen (Toiletten, Essen, Spielplatz) deutlich von der Masse ab. Sie ist damit besonders familienfreundlich und setzt einen Maßstab, wie Ladestationen idealerweise ausgestattet sein sollten.

Eine klare Empfehlung für alle, die auf der A9 unterwegs sind!",Olumlu,1
313085,Tesla Supercharger Bitterfeld,Tesla (including non-tesla),,ChIJ-endnR9ppkcReLvfW_RPj5I,4.7,5,Guter Ladestop mit vielen Ladeanbietern. Die Tesla-Säulen waren gut erreichbar und ausgeleuchtet. Problemlos zu finden und direkt an der Autobahn.,Olumlu,1
313085,Tesla Supercharger Bitterfeld,Tesla (including non-tesla),,ChIJ-endnR9ppkcReLvfW_RPj5I,4.7,5,Supercharger macht was er soll. 20 Ladestationen bieten ausreichend Platz für mehrere Fahrzeuge. Bei mir hat er mit nur ca 94kw geladen.,Olumlu,1
313085,Tesla Supercharger Bitterfeld,Tesla (including non-tesla),,ChIJ-endnR9ppkcReLvfW_RPj5I,4.7,5,"Top Ladestation für Tesla und andere eAutos. Lädt super schnell und BurgerKing, Aral sowie Spielplatz vorhanden. Echt top!",Olumlu,1
313085,Tesla Supercharger Bitterfeld,Tesla (including non-tesla),,ChIJ-endnR9ppkcReLvfW_RPj5I,4.7,5,Sehr guter Standort. Schnell geladen. Reichlich Säulen. Auch Burger King ist auf dem Rasthof.,Olumlu,1
313078,Tesla Supercharger Bayreuth,Tesla (including non-tesla),,ChIJQ12-_MqjoUcRCdiRjFcMaPs,4.8,5,"Jeder Tesla-Fahrer sollte einmal hier einen Zwischenstopp einlegen! Es gibt genügend Ladeplätze und die Lounge ist absolute Weltklasse. Sie ist wirklich ideal zum Zeitvertreib geeignet, sei es durch die dort vorhandene Nintendo Switch oder auch für eine Toilettenpause. Alles ist sehr sauber und super modern, selbst an Vierbeiner wird durch das bereitstellen eines Wassernapfs gedacht.",Olumlu,1
313078,Tesla Supercharger Bayreuth,Tesla (including non-tesla),,ChIJQ12-_MqjoUcRCdiRjFcMaPs,4.8,5,"Einer der besten Supercharger, die wir bisher genutzt haben. Die V4-Stalls bieten maximale Ladeleistung und die gewohnte Plug-and-Charge-Zuverlässigkeit.
Die Lage ist optimal: Direkt neben dem Café Sol und der bk World (mit Aufenthaltscontainern) kann die Ladepause effektiv zur Entspannung genutzt werden.
Ein grosses Plus: Die Toiletten in den Containern sind super sauber und sehr gepflegt. Angesichts des gebotenen Komforts empfinden wir auch die Preise als fair. Ein Premium-Stop für jeden Langstreckenfahrer!",Olumlu,1
313078,Tesla Supercharger Bayreuth,Tesla (including non-tesla),,ChIJQ12-_MqjoUcRCdiRjFcMaPs,4.8,4,"Wir waren am Montagnachmittag zum Aufladen da. Tesla Model Y. Einfach zu finden. Zum 1. Mal die Tesla Lounge gesehen. Sehr stylisch, gemütlich , sauber. 0,69€ WC, es gibt Kaffee und verschiedene Snacks. 2 Eis für knapp 8€.
Es waren 8 von 20 Ladesäulen belegt. Geschwindigkeit eher mau. Preis dafür super. Kann man mal gesehen haben.",Olumlu,1
313078,Tesla Supercharger Bayreuth,Tesla (including non-tesla),,ChIJQ12-_MqjoUcRCdiRjFcMaPs,4.8,5,"Der Supercharger-Standort in Bayreuth überzeugt mit einem durchdachten Gesamtkonzept und zählt zu den moderneren Ladeparks im Tesla-Netzwerk. Die vormals vorhandene Staubsaugerstation wurde inzwischen entfernt, stattdessen wurde der Bereich mit einer großzügigen Solarüberdachung ausgestattet – diese schützt nicht nur vor Witterung, sondern speist auch Sonnenenergie direkt in die Stromversorgung der Supercharger ein.

Die Lounge gehört seit Eröffnung zum Standort und bietet eine willkommene Möglichkeit zur kurzen Pause. Snacks und Getränke stehen zur Verfügung, die WC-Nutzung ist für 0,69 € möglich. Ein Pizza-Automat ergänzt das Angebot und bietet auch außerhalb üblicher Zeiten eine kleine Mahlzeit.

Ein besonderes Highlight: Ein Tesla Model 3 steht für Probefahrten bereit – ideal für Interessierte oder Mitfahrende, die Tesla einmal selbst erleben möchten.

Mit insgesamt 20 V4 Superchargern ist der Standort auch bei höherem Ladeaufkommen bestens aufgestellt.

Ich lade hier regelmäßig und schätze die Kombination aus Komfort, Ausstattung und nachhaltigem Konzept.",Olumlu,1
313078,Tesla Supercharger Bayreuth,Tesla (including non-tesla),,ChIJQ12-_MqjoUcRCdiRjFcMaPs,4.8,5,An diesem Tesla Supercharger geht einem das Herz auf. Neben den selbstverständlich einwandfrei funktionierenden Ladesäulen gibt es eine klimatisierte Selbstbedienungsbox mit Toiletten in top-sauberem Zustand. Sehr zu empfehlen.,Olumlu,1
313074,Tesla Supercharger Altdorf,Tesla (including non-tesla),,ChIJo-CD2w9hn0cRZ1vb2IMtgjo,3.9,5,"Sehr komfortables Laden. Das Navi plant die Ladestationen automatisch ein und bereitet den Akku optimal vor.
Ankommen, einstecken, laden – meist in wenigen Minuten erledigt. Einfach, zuverlässig und angenehm.
Die Ladestation ist sauber, sicher und es gibt immer Toilette und Automaten für Kaffee oder Snacks.
Die Station war sauber und ordentlich, die Pflege liegt auch bei den Nutzer:innen.",Olumlu,1
313074,Tesla Supercharger Altdorf,Tesla (including non-tesla),,ChIJo-CD2w9hn0cRZ1vb2IMtgjo,3.9,3,"Supercharger an sich ok, gut erreichbar und das Laden funktioniert zuverlässig. Leider gibt es keine Toiletten direkt vor Ort. Die nächsten sind erst bei McDonald’s, und dahin läuft man ca. 5–6 Minuten. Für einen kurzen Stopp ist das echt unpraktisch.",Nötr,0
313074,Tesla Supercharger Altdorf,Tesla (including non-tesla),,ChIJo-CD2w9hn0cRZ1vb2IMtgjo,3.9,3,"Gut besucht
Ladeleistung sonntags 170 kWh
Vorsicht bei Fahrzeugen ohne E Kennzeichen
Kostenpflichtig wenn man Denner Code nicht scannt und die Rechnung des Ladens hoch lädt",Olumlu,1
313074,Tesla Supercharger Altdorf,Tesla (including non-tesla),,ChIJo-CD2w9hn0cRZ1vb2IMtgjo,3.9,1,"Eingeschränkte Ladezeiten weil auf Privatparkplatz… Bedingungen an den Ladesäulen genau lesen, sonst kann es unerfreulich teuer werden! Ladeleistung schlecht. Säule 1a lieferte ca 100kW und bei 65% Ladestand (nach 20min) um die 75kW. Dabei war ich das einzige Fahrzeug an den Ladesäulen.  Also zur Not kann man es nutzen aber insgesamt ein Reinfall.",Olumsuz,-1
313074,Tesla Supercharger Altdorf,Tesla (including non-tesla),,ChIJo-CD2w9hn0cRZ1vb2IMtgjo,3.9,5,"Gut erreichbar. V4 Super charger. Höchstparkdauer 90 min, sonst kostet es min. 36,00€.",Olumlu,1
313073,Tesla Supercharger Allershausen,Tesla (including non-tesla),,ChIJU6Rv3GhonkcRMI7wV0sTkXU,4.7,5,"Der Supercharger selbst ist mit den V4 Ladesäulen super. Eine kostenlose Toilette gibt es aber mW nicht. Eine kostenpflichtige öffentliche Toilette befindet sich links des Eingangs des Pennys. Ein 50 Cent Stück ist für die Nutzung erforderlich (oder 1 / 2 Euro, der Automat wechselt aber nicht).",Olumlu,1
313073,Tesla Supercharger Allershausen,Tesla (including non-tesla),,ChIJU6Rv3GhonkcRMI7wV0sTkXU,4.7,5,Klasse 👍 danke! Laden und mit einkaufen 🛍️,Olumlu,1
313073,Tesla Supercharger Allershausen,Tesla (including non-tesla),,ChIJU6Rv3GhonkcRMI7wV0sTkXU,4.7,5,Perfekte Standort direkt auf dem Parkplatz von Penny und Edeka sowie eine Apotheke. Genug Platz um mit Anhänger problemlos Laden zu können.,Olumlu,1
313073,Tesla Supercharger Allershausen,Tesla (including non-tesla),,ChIJU6Rv3GhonkcRMI7wV0sTkXU,4.7,5,Schnelles Laden! Geschäfte rundherum! Leicht zu finden! Bestens,Olumlu,1
313073,Tesla Supercharger Allershausen,Tesla (including non-tesla),,ChIJU6Rv3GhonkcRMI7wV0sTkXU,4.7,5,"Top! Gute Umgebung, Geschäfte direkt daneben, genug Platz und V4 mit voller Leistung",Olumlu,1
313069,Tesla Supercharger Berlin,Tesla (including non-tesla),,ChIJ8Z68vxdFqEcRK38U-t05hqU,4.6,5,"8 Supercharger benutze sie öfter da wir bei Hit   Drospa etc
ruhig einkaufen können. Nur ca 2 km entfernt.",Olumlu,1
313069,Tesla Supercharger Berlin,Tesla (including non-tesla),,ChIJ8Z68vxdFqEcRK38U-t05hqU,4.6,5,"Einfach super und in der Nebenzeit von 23 Uhr bis 7 Uhr in der Früh, zur Zeit nur 31 Cent. Selbst wenn man zB. um 06:55 den Ladevorgang startet und über 7 Uhr hinaus läd. Bleibt es bei 30 Cent. Also nur keine Hektik^^",Olumlu,1
313069,Tesla Supercharger Berlin,Tesla (including non-tesla),,ChIJ8Z68vxdFqEcRK38U-t05hqU,4.6,5,"8 Supercharger. Supermarkt, Bäckerei, Döner, KFC allles nebenan.",Olumlu,1
313069,Tesla Supercharger Berlin,Tesla (including non-tesla),,ChIJ8Z68vxdFqEcRK38U-t05hqU,4.6,1,"Das ist der langsamste Supercharger, den wir je erlebt haben, lädt mit ca. 50 kW",Olumlu,1
313069,Tesla Supercharger Berlin,Tesla (including non-tesla),,ChIJ8Z68vxdFqEcRK38U-t05hqU,4.6,5,"Einkauf erledigt, Auto geladen",Olumlu,1
313065,Tesla Supercharger Windischeschenbach,Tesla (including non-tesla),,ChIJHWGNgcZFoEcRjrnfCRjzjh8,5.0,5,"Aller bestens: gute Erreichbarkeit, geringe Auslastung, hohe Ladegeschwindigkeit, WC an Tankstelle, Brotzeithütte (Restaurant).",Olumlu,1
313065,Tesla Supercharger Windischeschenbach,Tesla (including non-tesla),,ChIJHWGNgcZFoEcRjrnfCRjzjh8,5.0,5,"„Sehr schneller und zuverlässiger Supercharger, direkt an der Autobahn. Einfaches Handling – einstecken und losladen.",Olumlu,1
313064,Tesla Supercharger Chemnitz-Center,Tesla (including non-tesla),,ChIJZ_mGIgBHp0cR_QuN8NNsTzI,4.6,4,"Es ist etwas eng, aber volle Leistung trotz voller Auslastung, Toiletten sind im Einkaufszentrum. Leider stand auch noch ein Profi mit einem „Elon sucks“ Aufleber neben uns und hat geladen🙈, ansonsten ein guter Supercharger nicht weit von der A4",Olumlu,1
313064,Tesla Supercharger Chemnitz-Center,Tesla (including non-tesla),,ChIJZ_mGIgBHp0cR_QuN8NNsTzI,4.6,5,"Der Supercharger befindet sich in bester Lage, direkt amAutobahnkreuz Chemnitz im Chemnitz Center. Vor Ort gibt es ein Einkaufszentrum, in dem man alles mögliche kaufen kann, es gibt Gastronomie, Toiletten, Friseure usw.",Olumlu,1
313064,Tesla Supercharger Chemnitz-Center,Tesla (including non-tesla),,ChIJZ_mGIgBHp0cR_QuN8NNsTzI,4.6,5,"Super Ladepunkt, Toiletten fußläufig innerhalb 1 Minute gratis. Lidl und Edeka sowie Bäcker in unmittelbarer Nähe.",Olumlu,1
313064,Tesla Supercharger Chemnitz-Center,Tesla (including non-tesla),,ChIJZ_mGIgBHp0cR_QuN8NNsTzI,4.6,2,"Wir durften heute beim Rückreiseverkehr am Pfingstmontag, die Erfahrung machen, wie es ist, wenn sich alle Beteiligten nicht darum kümmern ob ein Trödelmarkt im Bereich von Ladesäulen sinnvoll und angebracht ist. Riesiger Centerparkplatz, und im Bereich der E-Säulen ein Trödelmarkt.
Ansonsten neue V4 Säulen, und wer innerhalb der Center Öffnungszeiten lädt, kann sicherlich nebenbei noch ein paar Erledigungen machen.",Olumlu,1
313064,Tesla Supercharger Chemnitz-Center,Tesla (including non-tesla),,ChIJZ_mGIgBHp0cR_QuN8NNsTzI,4.6,5,Perfekt! Endlich hat Chemnitz auch einen supercharger! Die Lage ist super. Man kann schnell ein paar Besorgungen im Center machen und ab geht's weiter. Klasse!,Olumlu,1
311775,Comfortcharge Ladestation,Comfortcharge,Luckenwalde,ChIJMwZxFl96qEcRT97Qg4cDvmA,2.1,1,Achtung! Die Leistung der CCS Ladesäulen ist aktuell auf 50 kWh gedrosselt,Olumsuz,-1
311775,Comfortcharge Ladestation,Comfortcharge,Luckenwalde,ChIJMwZxFl96qEcRT97Qg4cDvmA,2.1,1,Nur 50kW an CCS und nicht wie ausgewiesen 100kW. Leider enttäuschend!!!,Olumsuz,-1
311775,Comfortcharge Ladestation,Comfortcharge,Luckenwalde,ChIJMwZxFl96qEcRT97Qg4cDvmA,2.1,2,Nur 50kW,Olumsuz,-1
311775,Comfortcharge Ladestation,Comfortcharge,Luckenwalde,ChIJMwZxFl96qEcRT97Qg4cDvmA,2.1,1,"Funktioniert nicht, der Ladevorgang wird nach 10 Sekunden abgebrochen",Olumsuz,-1
311254,STWB_Technische Hochschule_2,ladenetz.de,Brandenburg an der Havel,ChIJradHxeTAqEcRwXmxFy2mhbg,2.0,2,"Die Ladestationen befinden sich leider im Parkhaus des Marienbades und dies wiederum ist nicht sofort ersichtlich, also sucht man erstmal doof rum. Wenn man Gast des Marienbades ist, kann man für eine 2€ Tagespauschale dort parken und aufladen. Schön für die Gäste, doof für alle Anderen, denn die zahlen 1,50€ JE STUNDE zzgl.Ladegebühren!!! Und es kann vorkommen, dass das Parkhaus außerhalb der Öffnungszeiten des Bades verschlossen ist und man nicht mehr an sein Auto ran kommt. Großartig!",Olumlu,1
311196,Comfortcharge Ladestation,Comfortcharge,Marktredewitz,ChIJrRT3o0xUoEcR3g1T77CaTWI,4.0,4,"Etwas schwer zu finden.
0,84€ pro KW über EnBw App nicht gerade ein Schnäppchen.",Nötr,0
311195,Comfortcharge Ladestation,Comfortcharge,Erlangen,ChIJXVDbFtr4oUcRd-TCGnzxkfU,3.5,4,"Verbindung herstellen funktioniert gut. Wenn mehrere Autos dort stehen wird es eng/Kabel zu kurz. Ein Stecker ist defekt, vgl Bild.",Nötr,0
311195,Comfortcharge Ladestation,Comfortcharge,Erlangen,ChIJXVDbFtr4oUcRd-TCGnzxkfU,3.5,4,Mit EWE Go Karte geladen. Die Säulen sind mittlerweile nicht mehr das neueste mit 150 kW. Aber gehen. Den Standort zu finden könnte etwas einfacher sein.,Nötr,0
311195,Comfortcharge Ladestation,Comfortcharge,Erlangen,ChIJXVDbFtr4oUcRd-TCGnzxkfU,3.5,4,"Inzwischen (Juli 2023) ist die Ladesäule in Betrieb, hat für mich mit Typ 2-Stecker auch schnell und unkompliziert funktioniert, habe kontaktlos mit NFC-Karte bezahlt.

Insgesamt scheint es vier Anschlüsse zu geben, vom Platz her scheinen aber nur drei Autos hinzpassen, daher einen Stern Abzug.",Olumlu,1
311195,Comfortcharge Ladestation,Comfortcharge,Erlangen,ChIJXVDbFtr4oUcRd-TCGnzxkfU,3.5,3,Das städtische Fahrzeug ist hier über die Feiertage geparkt. Daher nur 1 Platz für Reisende mit 75KW,Nötr,0
311195,Comfortcharge Ladestation,Comfortcharge,Erlangen,ChIJXVDbFtr4oUcRd-TCGnzxkfU,3.5,1,"Egal ob EnBw Karte, App oder Siemens Karte…
Die Station lässt sich nicht freischalten und ein Laden ist nicht möglich.",Olumsuz,-1
311193,Comfortcharge Ladestation,Comfortcharge,Nürnberg,ChIJWwJ6pu9Zn0cReCHkwCmxXdo,4.3,5,"Die Ladestation ist etwas schwer zu finden, sie befindet sich im Innenhof, 50 Meter von Straße (Einfahrt Telekom Gelände). Bitte Fotos anschauen.  Alles ist neu und funktioniert einwandfrei. Man muss App hochladen, Bedienung nicht besonders kompliziert...",Olumlu,1
311193,Comfortcharge Ladestation,Comfortcharge,Nürnberg,ChIJWwJ6pu9Zn0cReCHkwCmxXdo,4.3,5,"Positiv: Ladestation ist da. Im Hinterhof, von draußen nicht zu sehen. Aber sie ist da. Negativ: Ließ sich mit RFID Karte nicht starten.

UPDATE 05/24: Nochmals getestet - und es lief einwandfrei!",Olumlu,1
311193,Comfortcharge Ladestation,Comfortcharge,Nürnberg,ChIJWwJ6pu9Zn0cReCHkwCmxXdo,4.3,5,"Weiss nicht wie die Telekom das machen, aber die Ladessäule ist irre-schnell, viel schneller als die Konkurrenz!",Nötr,0
311193,Comfortcharge Ladestation,Comfortcharge,Nürnberg,ChIJWwJ6pu9Zn0cReCHkwCmxXdo,4.3,5,"Ruhig gelegen..
Fast immer frei...",Olumlu,1
311193,Comfortcharge Ladestation,Comfortcharge,Nürnberg,ChIJWwJ6pu9Zn0cReCHkwCmxXdo,4.3,1,Kartenleser defekt,Olumsuz,-1
311191,Comfortcharge Ladestation,Comfortcharge,Hemau,ChIJL7htx_uin0cRYX85rExbPdE,4.0,3,"Leider nur 45kW möglich. Hinweis war vorhanden, dass daran gearbeitet wird, die Leistung wieder zu erhöhen.",Olumsuz,-1
311190,Comfortcharge Ladestation,Comfortcharge,Landshut,ChIJMaa1vAAmnkcR7LtiBDcrXuM,5.0,5,OK,Nötr,0
309289,Comfortcharge Ladestation,Comfortcharge,Dessau-Roßlau,ChIJtQ7kZmgWpkcR92GtBOHkjMY,5.0,5,Direkt vor dem Telekom-Mast,Olumlu,1
309289,Comfortcharge Ladestation,Comfortcharge,Dessau-Roßlau,ChIJtQ7kZmgWpkcR92GtBOHkjMY,5.0,5,"Funktioniert. 24/7 offen, d.h. auch sonntags, meine Rettung.",Olumlu,1
309284,Comfortcharge Ladestation,Comfortcharge,Burglengenfeld,ChIJ4_FGjVySn0cRoZotloZKYPc,1.0,1,LSD licht + Ladekabel mager,Olumlu,1
309260,Comfortcharge Ladestation,Comfortcharge,Bayreuth,ChIJSy_kWMmioUcR_UcDDfIcTOc,2.5,1,"Anmeldung mit Karte hat gut funktioniert - Ladevorgang hat zügig gestartet. Nur wurde die Ladeleistung wo wir bereits im in der Stadt im Restaurant waren!! Auf 0,1 KW gedrosselt. Wieso auch immer. Das macht Spaß wenn man am Wochenende noch unterwegs sein wollte und jetzt zusätzlich laden muss weil die Station nicht läd.

Kann den Bewertungen nur folgen….",Olumlu,1
309260,Comfortcharge Ladestation,Comfortcharge,Bayreuth,ChIJSy_kWMmioUcR_UcDDfIcTOc,2.5,5,"Mit DKV-Karte auf Anhieb geklappt. Keine Toilette gefunden, aber gut, mitten in der Stadt 😀",Olumlu,1
309260,Comfortcharge Ladestation,Comfortcharge,Bayreuth,ChIJSy_kWMmioUcR_UcDDfIcTOc,2.5,1,Rfid Karte wird nicht angenommen. Starten per App funktionierte. Nach paar Minuten Laden abgebrochen. Wir waren aber schon zu Fuß Richtung Stadt. So macht Laden keinen Spaß.,Olumsuz,-1
309260,Comfortcharge Ladestation,Comfortcharge,Bayreuth,ChIJSy_kWMmioUcR_UcDDfIcTOc,2.5,5,hat beim 3. Anlauf mit der DKV Ladekarte funktioniert. leider ist das ja an den meisten Ladesäulen mittlerweile üblich. Dafür aber zentral gelegen.,Nötr,0
309260,Comfortcharge Ladestation,Comfortcharge,Bayreuth,ChIJSy_kWMmioUcR_UcDDfIcTOc,2.5,1,Aufladen nach paar Minuten unterbrochen. Danach selber Vorgang nochmal. Schon zum zweiten Mal.,Olumsuz,-1
308429,Aral Pulse Alte Römer Strasse 50,Aral pulse,Dachau,ChIJzWrfHmd6nkcRDB4HtCC43k8,4.1,3,"Leider wurde die versprochene Ladegeschwindigkeit nicht erreicht. Mein Skoda hat nur mit 90 kw geladen obwohl das Fahrzeug auf 150 kw vor konditioniert war. Der zweite Ladeanschluss der Säule war frei. Dort parkte eine Taxifahrerin, die nicht geladen hat sondern beim Einkaufen und Ratschen in der Tankstelle war. Die Toiletten waren leicht zu finden und äußerst sauber!",Olumsuz,-1
308429,Aral Pulse Alte Römer Strasse 50,Aral pulse,Dachau,ChIJzWrfHmd6nkcRDB4HtCC43k8,4.1,2,"Die App ist nicht die Beste. Nachdem Ladevorgang starten haut er mich raus und sagt ich soll mich wieder verbinden. Draufgedrückt und nichts passiert. Auto lädt zwar, aber keine Info in der App was gerade passiert. Steht auch kein Preis in der App. Erst nach dem laden in der Abrechnung habe ich alles gefunden. Da ist noch viel Verbesserungsbedarf nötig. Und der Preis ist auch Recht hoch, besonders 0;79€ pro kWh ist viel zu hoch. Da gibt es günstigere Anbieter.",Nötr,0
308429,Aral Pulse Alte Römer Strasse 50,Aral pulse,Dachau,ChIJzWrfHmd6nkcRDB4HtCC43k8,4.1,2,"2 von 4 Ladesäulen standen nicht zu Verfügung!
Der Ladevorgang konnte nicht gestartet werden, weder mit Kadekarte noch mit der App.
Nachdem die beiden anderen Säulen dann endlich frei wurden, konnte der Vorgang an eine der beiden funktionierenden Säulen mit Zeitverzögerung durchgeführt werden.",Olumsuz,-1
308429,Aral Pulse Alte Römer Strasse 50,Aral pulse,Dachau,ChIJzWrfHmd6nkcRDB4HtCC43k8,4.1,5,Sehr schnelle Aufladung. Die Ladestation macht einen sehr guten Eindruck.,Olumlu,1
308429,Aral Pulse Alte Römer Strasse 50,Aral pulse,Dachau,ChIJzWrfHmd6nkcRDB4HtCC43k8,4.1,3,"6 Ladestationen wurden als frei angezeigt, obwohl nur 2 tatsächlich frei waren. Vermutlich Landung beendet, aber Kabel waren noch nicht abgezogen und Fahrer noch im Shop. Traurig.",Olumsuz,-1
308071,Stadtwerke Dachau,(Unknown Operator),Dachau,ChIJEaeJxrN7nkcRJqa7doE1JOE,1.3,1,Super Ding - Schnellladesäule nur für die Mitarbeiter. Die einzige in der Gegend. Dann setzt es nicht auf Google Maps rein,Olumlu,1
308071,Stadtwerke Dachau,(Unknown Operator),Dachau,ChIJEaeJxrN7nkcRJqa7doE1JOE,1.3,2,"Anscheinend werden die Parkplätze/Ladestationen auch von den Stadtwerken als Mitarbeiter Parkplätze genutzt. Es gibt eine Schranke, als man kann nur zu bestimmten Zeiten parken umfahren und laden. Siehe Foto. Das ist nicht klar gekennzeichnet.",Nötr,0
308071,Stadtwerke Dachau,(Unknown Operator),Dachau,ChIJEaeJxrN7nkcRJqa7doE1JOE,1.3,1,"Leider nicht An fahrbar wegen Schranke und Mitarbeiterparkplatz.
Traurig🙈",Olumsuz,-1
307114,An der Salzrinne 1 - ALDI,EnBW (D),Staßfurt,ChIJV1DFyODopUcRlDInvrTpuX8,5.0,5,Beide Ladepunkte funktionieren ohne Probleme.,Olumlu,1
307113,Kaufland Hecklinger Str.,EnBW (D),Staßfurt,ChIJk-noW2vppUcRJunFuL-YjGA,3.0,4,Sehr gute Lage leicht zu finden. Sie sind in der Weihnachtszeit hinter den Weihnachtsbäumen zu finden. Es sind dort 2 stalls mit 300Kw und 150Kw jeweils zwei Ladeplätze zu finden,Olumlu,1
307113,Kaufland Hecklinger Str.,EnBW (D),Staßfurt,ChIJk-noW2vppUcRJunFuL-YjGA,3.0,1,"Schwach, geben nur 40 KW frei. 150 sind möglich",Olumsuz,-1
306603,Ludwigstraße,(Unknown Operator),Olching,ChIJ16EK1o9-nkcRGf_do3HAxDI,3.3,3,"Mal wieder hier gewesen.
Diesmal hat alles akzeptabel geklappt. Leistung wurde diesmal zumindest eine gewisse Zeit lang gehalten. 30-80% in 14min ist akzeptabel.

Hier kann ich leider keine gute Bewertung vergeben.
Trotz optimaler Akkutemperatur zuerst keine vernünftige Leistung erreicht. Dann bricht der Ladevorgang plötzlich bei 55% SOC ab.
Dann nach dem Neustart kurz auf maximale Leistung von 260kW
Und sofort wieder Einbruch auf unterirdische Werte.
Akkutemperatur nach Ladung immer noch im Normalbereich, sodass ich das Problem bei der Säule sehe.
3x 300kW mit je 2 Anschlüssen.
Nicht Überdacht, Bäckerei in ca. 300m Entfernung. McDonald's ca. 600m",Olumsuz,-1
306603,Ludwigstraße,(Unknown Operator),Olching,ChIJ16EK1o9-nkcRGf_do3HAxDI,3.3,1,"Polestar 4 mit 9% an der 300 kWh Säule angesteckt, 50 kWh kommen an.. Auto hat 200 kWh Ladeleistung. Ich werde die Säulen der Stadtwerke Olching zukünftig meiden.",Olumlu,1
306603,Ludwigstraße,(Unknown Operator),Olching,ChIJ16EK1o9-nkcRGf_do3HAxDI,3.3,5,Super einfache Bezahlung Ad-hoc. Fairer Preis. So soll's sein.,Olumlu,1
306603,Ludwigstraße,(Unknown Operator),Olching,ChIJ16EK1o9-nkcRGf_do3HAxDI,3.3,3,"Die Ladesäule funktioniert gut, ist jedoch etwas ungünstig platziert, da sich keine sinnvolle Infrastruktur wie ein Fast-Food-Restaurant oder Supermarkt in der Nähe befindet. Zur Ladegeschwindigkeit kann ich leider nichts sagen, bei mir hat alles gepasst.",Olumlu,1
301702,Ionity Bitterfeld-Wolfen,Ionity,Bitterfeld-Wolfen,ChIJ-ZCbx35ppkcR1B1GdyMZzAU,4.3,5,"Super Ladepark, hier hat es zwölf Ionity Lader (350 KW) und Zwanzig Tesla Lader. Neben an ist ein Rasthof mit Essen, Trinken und WC sehr sauber. Für die Kinder gibt es einen Spielplatz.",Olumlu,1
301702,Ionity Bitterfeld-Wolfen,Ionity,Bitterfeld-Wolfen,ChIJ-ZCbx35ppkcR1B1GdyMZzAU,4.3,5,"Initiative, wie immer sehr gut!
Laden mit bis zu 175 kW bei meinem ID 4.
Lage direkt an einem Aral Autohof an der A9.",Olumlu,1
301702,Ionity Bitterfeld-Wolfen,Ionity,Bitterfeld-Wolfen,ChIJ-ZCbx35ppkcR1B1GdyMZzAU,4.3,3,"Großzügiges Ladeareal mit eigenwilliger Parkgestaltung. Überdachung fehlt sowie eine vom Auto aus erkennbare Nummerierung der Säulen. So ist die Vorbereitung per App
immer mit frühem Ausstieg notwendig um die Nummer zu erfassen. Enbw zweigt, wie es geht. McDonald's füssläufig erreichbar..",Olumlu,1
301702,Ionity Bitterfeld-Wolfen,Ionity,Bitterfeld-Wolfen,ChIJ-ZCbx35ppkcR1B1GdyMZzAU,4.3,3,"Generell ein ganz vernünftiger Lade Punkt, an dem jeder Säule. Die maximale Leistung, die angegeben wird auch erreichen kann, da jede Säule auch nur einen Lade Punkt hat, allerdings waren von zwölf Ladesäulen zum gegenwärtigen Zeitpunkt drei Funktions. Unfähig, hier würde ich mir wünschen, dass dies dann auch von IONITY im System gemeldet wird und man nicht an einen Lade Punkt fährt, an denen man dann doch im schlimmsten Fall warten muss.",Nötr,0
301702,Ionity Bitterfeld-Wolfen,Ionity,Bitterfeld-Wolfen,ChIJ-ZCbx35ppkcR1B1GdyMZzAU,4.3,1,"2x umgeparkt, 1x kein Start möglich, 1x Säule „eingefroren“. Plug&Charg geht zudem nicht. Das bin ich von den SuC anders gewohnt. Bitte verbessert diese Ladeprobleme. Die Säulen brauchen weder teure Displays noch anderes Bling Bling. Anstecken, schneller Ladeaufbau, wie bei den Tesla SuC, so wünschen sich das auch IONITY Nutzer.",Olumsuz,-1
301701,Ionity Meerane,Ionity,Meerane,ChIJYdOYpIUop0cRSt9qZCkkbvY,4.5,5,"6 von 12 Ladepunkten sind aktuell noch nicht verfügbar.
DKV Ladekarte wurde akzeptiert, zur Überbrückung der Wartezeiten ist ein Burger King bzw. Mc Donald Restaurant in unmittelbarer Nähe.
Keine Beschränkung der Parkdauer beim Ladevorgang, die Parkplätze sind großzügig dimensioniert.",Olumlu,1
301701,Ionity Meerane,Ionity,Meerane,ChIJYdOYpIUop0cRSt9qZCkkbvY,4.5,5,"E - Mobilität wird mit IONITY unkompliziert und einfach! Die Ladestation ist schnell und einfach zu erreichen - direkt gegenüber ist Burger 🍔 King, eine Tankstelle und wer sich ein paar Schritte bewegen will kann zu Mc Donalds laufen!",Olumlu,1
301701,Ionity Meerane,Ionity,Meerane,ChIJYdOYpIUop0cRSt9qZCkkbvY,4.5,5,"Unmittelbar gegenüber befinden sich ein McDonalds und ein BurgerKing, in fußläufiger Entfernung ein ShoppingCenter u.a. mit Aldi, Obi, Kaufland sowie diversen Imbissangeboten.",Olumlu,1
301701,Ionity Meerane,Ionity,Meerane,ChIJYdOYpIUop0cRSt9qZCkkbvY,4.5,5,Exzellenter IONITY - Ladepark im Gewerbegebiet Meerane in der Nähe zur Bundesautobahn A4. 12 nagelneue Ladesäulen warten hier auf Freunde der Elektromobilität.Riesige Parkflächen erleichtern das Anfahren der Säulen ungemein.,Olumlu,1
301701,Ionity Meerane,Ionity,Meerane,ChIJYdOYpIUop0cRSt9qZCkkbvY,4.5,5,"Top Ladestation. 12 Ladepunkte, Burger King und MC Donalds in unmittelbarer Nähe. Was will man mehr?",Olumlu,1
301698,Ionity Mühldorf,Ionity,Mühldorf a. Inn,ChIJdRGPAdvpdUcRFAfFeo6GRZA,4.1,4,"Bildschirm war leider kaputt hat aber trz über die App funktioniert hatte hier auch ebenfalls netzt (02). Laden ging auch ganz schnell leider gibt’s hier keinen Mülleimer oder einen Automaten. Also falls wer auf die Idee kommt da einen Automaten hinzustellen, mich hättet ihr schon als Kunden gewonnen.",Olumsuz,-1
301698,Ionity Mühldorf,Ionity,Mühldorf a. Inn,ChIJdRGPAdvpdUcRFAfFeo6GRZA,4.1,5,"Beste Lademöglichkeit die ich seit langem angefahren bin.
Das liegt aber im Wesentlichen an dem sehr netten Café nebenan. Geli‘s Café macht die Ladezeit zu einem Erlebnis für Gaumen und Auge!",Olumlu,1
301698,Ionity Mühldorf,Ionity,Mühldorf a. Inn,ChIJdRGPAdvpdUcRFAfFeo6GRZA,4.1,1,"Der bisher mit großem Abstand schlechteste Ionity Standort! Der Parkplatz ist an einem Samstag total zugeparkt, eine Säule ist von einem Fahrzeug ohne Kennzeichen blockiert, und die Ein- und Ausfahrt wirklich eng. Dazu kommt noch, die Ungeduld mancher Disco/Cafe-Besucher. 😮‍💨",Olumsuz,-1
301698,Ionity Mühldorf,Ionity,Mühldorf a. Inn,ChIJdRGPAdvpdUcRFAfFeo6GRZA,4.1,5,In der Nähe der Autobahn gelegen und gut erreichbar. Eine Bar befindet sich gegenüber den Ladesäulen.,Olumlu,1
301698,Ionity Mühldorf,Ionity,Mühldorf a. Inn,ChIJdRGPAdvpdUcRFAfFeo6GRZA,4.1,1,"Samstagabend sind 4 von 6 Säulen mit Verbrennern zugeparkt. Generell war der Parkplatz fast voll. Die Ladesäulen befinden sich auf dem Parkplatz eines Cafes/einer Disco!
Werde in Zukunft am Wochenende nicht mehr hierher fahren und den Standort auch niemanden empfehlen. Selbst unter der Woche darf ich zwei Stunden mit Parkuhr - ohne zu laden - geparkt werden!

Beleuchtung vorhanden, sonst absolut nichts. (Kein Mülleimer, kein WC, keine Einkaufmöglichkeit)

Die Säule selbst hat sehr gut funktioniert!",Olumsuz,-1
301697,Ionity Garching,Ionity,Garching bei München,ChIJUfg7qrJznkcRru1zzEVvLUE,4.1,5,"Grösserer Ionity Ladepark mit 12 Lademöglichkeiten abseits der Autobahn.

Man braucht etwa 4 Minuten von der Autobahn zum Ladepark.

Es sind 8 350kW Einzelsäulen und 2 Alpitronic 400kW Doppelladesäulen.

Meine Ladesäule hat per App aktiviert problemlos bei voller, dem Ladestand und Akkutemperatur entsprechende Geschwindigkeit funktioniert.

Da die Ladesäulen mittig seitlich vom Fahrzeug sind, muss man nicht rückwärts Einparken, so wie das bei Ionity Autobahnladestationen mit Säulen am Kopf des Parkplatzes wegen der kürzeren Kabel tun muss.

Der Ladeplatz ist an der Rückseite eines grossen Edeka mit sehr viel Auswahl und Bäcker. Mann muss so etwa 3 Minuten um das Gebäude laufen bis zum Eingang.

Ansonsten ist hier nicht viel.

Alle Säulen hatten Kredithartenleser für das AD-Hoc-zahlen.

Nix zu meckern.",Olumlu,1
301697,Ionity Garching,Ionity,Garching bei München,ChIJUfg7qrJznkcRru1zzEVvLUE,4.1,5,"Wir haben die Ionity Ladestationen in Aurach und München Garching besucht. Beide Ladeparks war sehr gut anzufahren und alle Säulen und Ladeplätze waren in einem Top-Zustand, aber das kennt man ja von Ionity nur so. Auf allen Urlaubsreisen benutzen wir am liebsten diese Stationen, da sie von im Preis-Leistungsvergleich für uns die beste Lösung darstellen.",Olumlu,1
301697,Ionity Garching,Ionity,Garching bei München,ChIJUfg7qrJznkcRru1zzEVvLUE,4.1,4,"Die Station mit 12 Plätzen ist während der Wintersaison gerne überfüllt, genau wie die kurz darauf folgende an der Raststätte Holzkirchen. Leider haben 2 Säulen auch nicht funktioniert.

In der Nähe ist zum Glück ein Edeka mit einem Bäcker, aber der hat natürlich auch nicht immer geöffnet sodass man nicht immer eine Toilette vor Ort findet.  Das ist suboptimal.",Olumsuz,-1
301697,Ionity Garching,Ionity,Garching bei München,ChIJUfg7qrJznkcRru1zzEVvLUE,4.1,4,"Kam zum Laden, ging mit frisch poliertem Heck wieder weg. Pünktlich sprang der Rasensprenger an und versorgte Auto und Wiese gleichzeitig.

Pro: Umweltfreundlich und glänzendes Auto.
Contra: Ohne Badehose riskant.",Olumsuz,-1
301697,Ionity Garching,Ionity,Garching bei München,ChIJUfg7qrJznkcRru1zzEVvLUE,4.1,3,"Gute Erreichbarkeit, gute Lade Geschwindigkeit. Allerdings keine Toilette vor Ort und kein Dach…",Olumlu,1
301696,Ionity Eching,Ionity,,ChIJNWyzFjZtnkcRJ0e9_h8IsYc,4.3,2,"Diese Ladestation liegt für uns verkehrstechnisch günstig, doch leider gibt es fast jedesmal Probleme. Von 5 x anfahren hat es nur 1x geklappt das Auto wunschgemäß zu laden. Ladesäulen funktionieren nicht oder erst nach Anruf bei Ionity Hotline. Schade, denn eigentlich überzeugt Ionity mit verlässlichen Ladesäulen.",Olumsuz,-1
301696,Ionity Eching,Ionity,,ChIJNWyzFjZtnkcRJ0e9_h8IsYc,4.3,4,"Gut erreichbare Ladesäule von Ionity in gewohnt hoher Qualität. Nur für PKW gedacht, Gespanne müssen abkoppeln. Direkt an einer Tankstelle im Gewerbegebiet mit Restaurant und ggü. gibts einen Lidl.
1 Stern Abzug, weil auch Ionity diesen Quatsch mit Abomodellen und sündhaft teurem Adhoc-Preis mitgeht. Laden muss wie Tanken funktionieren, sonst wird's nix mit der E-Mobilität.",Olumlu,1
301696,Ionity Eching,Ionity,,ChIJNWyzFjZtnkcRJ0e9_h8IsYc,4.3,5,Die Ladesäulen sind Recht beliebt und daher kann es durchaus zu Wartezeiten kommen. Ansonsten kann man die Ladezeiten im Rasthof verbringen.,Olumlu,1
301696,Ionity Eching,Ionity,,ChIJNWyzFjZtnkcRJ0e9_h8IsYc,4.3,5,Sehr positive Ladeerfahrung. Lidl und Dm direkt gegenüber.,Olumlu,1
301696,Ionity Eching,Ionity,,ChIJNWyzFjZtnkcRJ0e9_h8IsYc,4.3,5,"6 Ladestation und alle funktionsfähig.
Restaurant direkt auf dem Parkplatz, Lidl auf der gegenüberliegenden Straßenseite und Rewe in Laufnähe.
Keine Wartezeit.",Olumlu,1
301633,Nelhiebel Elektrotechnik,(Unknown Operator),München,ChIJZanIJ8fXnUcRZlNsV8RhItE,3.9,4,"Die neue Station ( von vorne die rechte, roter rand) lädt mit maximal 150kw. Kartenzahlung außer Betrieb obwohl es ja eigentlich gesetzlich verpflichtend ist bei neuen Stationen. Ansonsten alles gut. In der näheren Umgebung gibt's allerdings nichts spannendes zu sehen",Nötr,0
301633,Nelhiebel Elektrotechnik,(Unknown Operator),München,ChIJZanIJ8fXnUcRZlNsV8RhItE,3.9,5,"Heute dort gelanden mit der EnBW Karte, ist schneller als die angegebenen 50 kW, hab mit 175 kW geladen #sinnvoll",Olumlu,1
301633,Nelhiebel Elektrotechnik,(Unknown Operator),München,ChIJZanIJ8fXnUcRZlNsV8RhItE,3.9,5,"Gut zu erreichen von A96 oder A99, grosse Parkfläche, DKV Karte akzeptiert",Olumlu,1
301633,Nelhiebel Elektrotechnik,(Unknown Operator),München,ChIJZanIJ8fXnUcRZlNsV8RhItE,3.9,5,"Bestens. Großzügige Stellplätze, ausgezeichnete Ladestationen. So müssten alle sein...",Olumlu,1
299152,Hyper.GROUP,(Unknown Operator),Berlin,ChIJSXsrHmFEqEcREqKj0yiPkzk,3.0,5,"Zu Beginn gab es  Probleme mit der App und der geplanten Ladung. Mein Anruf am heutigen Tag (03.01.26, ) bei der Service-Hotline hat mich POSITIV BEGEISTERT. Der Mitarbeiter hat sich intensiv, freundlich und lösungsorientiert für die Problemlösung eingesetzt.
Ich habe ERSTMALS mit einem derart kompetenten  Kunden-Betreuer sprechen können, obwohl ich häufig derartige Anrufe durchführe.
Allein aufgrund seines Einsatzes war die Ladung möglich.
Im Interesse seiner Kunden sollte sich Jolt DIESEN Mitarbeiter dauerhaft als Vorbild und Trainer für andere Mitarbeiter sichern.
Danke!",Olumlu,1
299152,Hyper.GROUP,(Unknown Operator),Berlin,ChIJSXsrHmFEqEcREqKj0yiPkzk,3.0,1,"Heute ERNEUT ein ärgerlicher Problem mit dieser Ladestation.
Heute gab es vom freundlichen Mitarbeiter der Hotline die Erklärung, dass es Probleme mit der Jolt App gibt und sich deswegen schon mehr als 20 Kunden beschwert haben.

Peinlich am Wochende, wo es dann sicher KEINE kundenfreundliche Lösung gibt?

Etwas 'verarscht"" fühlte ich mich durch den nur für Jolt lukrativ-DREISTEN Vorschlag, man könne ja mit Kreditkarte bezahlen (kostet dann FETTE 55 CENT)
ALS PRO KUNDE würde man 45 cent bezahlen. Man bezahlt 5,99 monatliche Grundgebühr und fühlt sich ABGEZOCKT durch den KUNDEN UNFREUNDLICHEN ""Alternativ-Vorschlag""
Ein kundenFREUNDLICH-seriöses Unternehmen hätte angeboten, den betroffenen Abo-Pro Kunden den Mehrpreis aufgrund des eigenen Firmen-App-Fehlers zu erstatten, statt den eigenen Abonnenten den Eindruck des ABGEZOCKT WERDENS zu vermitteln.
Diesen Ärger verbreite ich gern auch auf anderen Plattformen.",Olumsuz,-1
299152,Hyper.GROUP,(Unknown Operator),Berlin,ChIJSXsrHmFEqEcREqKj0yiPkzk,3.0,1,"SEHR ÄRGERLICH!! In der letzten Zeit MEHRFACH EXTREM LANGSAME LADEGESCHWINDIGKEITEN.
(8 BIS 15 kW) - obwohl man allein lädt und VIEL ZEIT VERSCHWENDET

Geworben wird mit 300 kW.

Jede Lidl und Kauflandsäule ist schneller und auch ohne Abo BILLIGER",Olumsuz,-1
299152,Hyper.GROUP,(Unknown Operator),Berlin,ChIJSXsrHmFEqEcREqKj0yiPkzk,3.0,5,"Sehr geehrte Damen und Herren,

meine Freunde und ich sind dringend auf eine Ladestation angewiesen. Leider müssen wir unsere Fahrzeuge immer weit entfernt von unseren Wohnungen laden.

Falls es möglich ist, würden wir Sie bitten, eine Ladestation an folgender Adresse in Betracht zu ziehen:
Töpchiner Weg 189-193, 12309 Berlin

Dort befindet sich ein Rewe-Supermarkt mit ausreichend Platz. In dieser Gegend gibt es aktuell keine Ladestation, weshalb der Bedarf groß ist.

Vielen Dank für Ihr Verständnis und Ihre Unterstützung!",Olumlu,1
299152,Hyper.GROUP,(Unknown Operator),Berlin,ChIJSXsrHmFEqEcREqKj0yiPkzk,3.0,1,"Seit einer Woche weiß die Hotline durch meinen Anruf bescheid, dass die Säule kaputt ist - aber niemand macht Anstalten, sie zu reparieren oder abzureißen",Olumsuz,-1
298252,"Petersberg 3, 99084 Erfurt",(Unknown Operator),Erfurt,ChIJi7oRRYtypEcRfqqYfXwJkt4,4.7,5,"Ganz unkompliziert, 6 Ladepunkte vorgefunden, die alle funktionstüchtig waren. Weitere waren im Aufbau. Anbindung war zentral an Bundesstraße und sehr nah zu Autobahn. Kaffee und Kuchen sowie Einkaufsmarkt direkt nebenan verkürzten die Ladezeit 😉 und das ganze ohne Anmeldung für 49 Cent",Olumsuz,-1
298252,"Petersberg 3, 99084 Erfurt",(Unknown Operator),Erfurt,ChIJi7oRRYtypEcRfqqYfXwJkt4,4.7,4,Voll war es bei der Ankunft. 8 Ladeplätze und Einkaufen bei Edeka während des Ladens.,Olumlu,1
298252,"Petersberg 3, 99084 Erfurt",(Unknown Operator),Erfurt,ChIJi7oRRYtypEcRfqqYfXwJkt4,4.7,5,"Grundgebührenfreier Vertrag mit recht günstigen Preisen, wovon sich die Konkurrenz eine Scheibe abschneiden kann.",Olumlu,1
298252,"Petersberg 3, 99084 Erfurt",(Unknown Operator),Erfurt,ChIJi7oRRYtypEcRfqqYfXwJkt4,4.7,5,Super Standort und aktuell noch fairer Preis für Strom aus Erneuerbaren.,Olumlu,1
298252,"Petersberg 3, 99084 Erfurt",(Unknown Operator),Erfurt,ChIJi7oRRYtypEcRfqqYfXwJkt4,4.7,4,"Gute, neue und moderne Ladesäulen direkt am nebenliegenden Supermarkt. Konnte mir die Ladezeit am Sonntag mit einem Kaffee des Bäckers im Eingangsbereich vertreiben. Leider wurde die maximale Ladekapazität nicht ganz erreicht, deswegen Abzug.",Olumlu,1
296437,Urbanstraße 6,SUN Stadtwerke Union Nordhessen,München,ChIJwwlgjvHfnUcRg2y5wR0QT_M,5.0,5,"Günstig gelegen gegenüber einem sehr guten Café und in der Nähe eines kleinen Weinladens. Wird selten von Mitfahrgelegenheiten oder Fahrzeugen ohne Elektroantrieb genutzt.
Zuverlässig und praktisch.",Olumlu,1
296437,Urbanstraße 6,SUN Stadtwerke Union Nordhessen,München,ChIJwwlgjvHfnUcRg2y5wR0QT_M,5.0,5,Ziemlich voll,Nötr,0
289133,Seidl Energy Ladestation,ChargePoint,Laaber,ChIJK4x7Dt-Xn0cRua8JsJGQPVE,4.9,5,"Seidel Konfiserie Lounge mit Ladestation
Die Seidel Lounge mit Ladestation ist ein hervorragender Ort, um die Wartezeit während des Ladevorgangs des Autos zu überbrücken. Die gemütliche Atmosphäre lädt zum Verweilen ein und bietet alles, was man braucht, um sich wohlzufühlen. Neben sauberen Toiletten gibt es eine Auswahl an Getränken und süßen Snacks. Besonders angenehm ist die Wärme, die die Lounge bietet, sowie die bequemen Sitzgelegenheiten. Ein weiterer Pluspunkt ist das kostenlose WLAN, das es ermöglicht, während des Aufenthalts produktiv zu sein oder einfach nur zu entspannen. Insgesamt eine sehr empfehlenswerte Einrichtung für alle, die eine angenehme Wartezeit schätzen.",Olumlu,1
289133,Seidl Energy Ladestation,ChargePoint,Laaber,ChIJK4x7Dt-Xn0cRua8JsJGQPVE,4.9,5,"Bin absolut begeistert. Sehr sauber, optisch absolut ansprechend und top Infrastruktur drum rum. Eine kleine Lounge mit Automaten, Sitzgelegenheit, Toilette, Steckdose und netter Aussicht ebenfalls vorhanden. Wenn man lädt bekommt man im Geschäft sogar noch ein Kaffee und ein Kuchen gratis.
Hier wurden absolut neue Maßstäbe gesetzt 👍🏼😎",Olumlu,1
289133,Seidl Energy Ladestation,ChargePoint,Laaber,ChIJK4x7Dt-Xn0cRua8JsJGQPVE,4.9,5,"So geht Ladestation: grosse Überdachung mit Beleuchtung, breite Parkplätze, Säulen, die alle Zahlarten zulassen: Ladekarten, Apps und Giro-(Debit) und Kreditkarten. Noch dazu: Aufenthaltsraum mit Kaffee und Snacks.
Einfach nur perfekt (ganz zu schweigen von der tollen Schokoladen- und Fruchtgummikunst, die man im Verkaufsraum erwerben kann!!!)",Olumlu,1
289133,Seidl Energy Ladestation,ChargePoint,Laaber,ChIJK4x7Dt-Xn0cRua8JsJGQPVE,4.9,5,"Nicht nur gut beleuchtet und überdacht, sondern auch mit sehr vielen liebevollen Details ausgestattet: klimatisierte 24h Lounge mit sauberen, kostenlosen Toiletten, Kaffee-Automaten und mit Produkten aus eigener Herstellung, WLAN, Terrasse, ausreichend Sitzmöglichkeiten, Scheibenwischeimer und Mülltonnen. Zu den Öffnungszeiten des Cafès gibt es sogar einen Gratis Kaffee und ein Stück Kuchen. Mit Abstand bester Ladepark an der A3. Großes Kompliment an die Macher! ♥️",Olumlu,1
289133,Seidl Energy Ladestation,ChargePoint,Laaber,ChIJK4x7Dt-Xn0cRua8JsJGQPVE,4.9,5,"Waren leider außerhalb der Öffnungszeiten, aber es gibt ein Snack- / Kaffeeautomat, eine saubere Toilette und ein klimatisierten Raum mit genügend Sitzgelegenheiten. Allein das sucht seines gleichen. Zur Öffnungszeit des Ladens bekommt man auch noch ein Kostenlosen Kaffee + Kuchen.
Liebe Fa. Seidel, ihr versteht was von Service 👍",Nötr,0
274673,Shell Recharge,Shell Recharge Solutions (DE),Berlin,ChIJq1RA5etOqEcRl2za0GaWECY,3.8,1,"Aktuell leider nicht nutzbar, weil Kabeldiebe an beiden Säulen die Kabel gestohlen haben. @ShellRecharge - bitte erneuern, gerne mit Kameras zur Überwachung.",Olumsuz,-1
274673,Shell Recharge,Shell Recharge Solutions (DE),Berlin,ChIJq1RA5etOqEcRl2za0GaWECY,3.8,4,1x 300kw 1x 150kw (3 Parkplätze aber 4 ladepunkte),Nötr,0
273459,HPC Hagebaumarkt,Pfalzwerke,Sömmerda,ChIJdwLORBdApEcRgcDIAivKN6E,5.0,5,"Super zugänglich und auch für Anhänger geeignet, solang der Parkplatz nicht zu voll ist.",Olumlu,1
272785,HPC REWE Wilhelm-Külz-Straße,EnBW (D),Hohenmölsen,ChIJ43gzluzspkcRLca1DCDmx7U,4.6,4,"Umständlich für Fremdlader. Eine Säule wurde gesperrt, weil Schnee nicht geräumt war.",Olumsuz,-1
272785,HPC REWE Wilhelm-Külz-Straße,EnBW (D),Hohenmölsen,ChIJ43gzluzspkcRLca1DCDmx7U,4.6,5,Top! Sehr schöne Lademöglichkeit in HHM und bestens zu verbinden mit dem Wocheneinkauf.,Olumlu,1
266861,Globus Mittelhausen,ladenetz.de,Erfurt,ChIJv8Xg57hypEcRu3t5L9SYnhk,4.8,5,"Am Lade-Standort ""Tiefgarage Hauptbahnhof"" des Betreibers SWE Energie GmbH befinden sich 2 Ladestationen. An den Ladestationen befinden sich insgesamt 4 Ladepunkte mit Schuko und IEC Typ 2 Steckern. Die maximale Ladeleistung an diesem Standort beträgt 22.0 kW. Die tatsächliche Ladeleistung hängt jedoch auch von Ihrem E-Fahrzeug und Ladekabel ab. Die Ladestationen befinden sich in der Willy-Brandt-Platz in Erfurt. Die Ladestationen sind rund um die Uhr zugänglich. (Quelle: e-stations,de)",Olumlu,1
266861,Globus Mittelhausen,ladenetz.de,Erfurt,ChIJv8Xg57hypEcRu3t5L9SYnhk,4.8,5,"TOLLE Ladestation! Super Lage, zentral, perfekt erreichbar.
""Belegt-Anzeige"" hat funktioniert, Anschluss war spielend einfach.
Nutze ich sicher wieder!",Olumlu,1
266860,Roller Möbel,(Unknown Operator),Erfurt,ChIJETxeSZNtpEcRYUC8jjgva-s,4.3,5,"Guter neuer Ladepark, nur etwa drei Minuten Fahrt von der Autobahn entfernt. Essensmöglichkeit (McDonald's) direkt gegenüber.",Olumlu,1
266860,Roller Möbel,(Unknown Operator),Erfurt,ChIJETxeSZNtpEcRYUC8jjgva-s,4.3,2,"Ein schlechtes Teil, was ihr da hingesetzt habt oder hatte ich vlt einfach nur Pech? 1. Ladeversuch bei 30 % abgebrochen, als ich gerade beim Essen war d.h. nochmal ca. 30 Minuten warten nur weil ihr die Technik nicht im Griff habt. Angeblich war der Ladestecker defekt stand auf der Anzeige, aber beim 2. Versuch liefs dann plötzlich wieder - merkwürdig 🤔 Summa summarum 1 Std gewartet für 75 % Ladung pffft.",Olumsuz,-1
266860,Roller Möbel,(Unknown Operator),Erfurt,ChIJETxeSZNtpEcRYUC8jjgva-s,4.3,5,"Gute Ladestation mit McDonald's gleich gegenüber, sehr praktisch. War schon mehrmals dort und es war immer was frei.",Olumlu,1
266860,Roller Möbel,(Unknown Operator),Erfurt,ChIJETxeSZNtpEcRYUC8jjgva-s,4.3,2,"Säule 1 hat nur mit 43kW geladen. Säule Nr 80 dann wunschgemäß. Alle Abfalleimer voll, daher liegt überall Müll rum und es gibt viele Wespen. Kein Layout für Fahrzeuge mit Anhänger. Drei Sterne weil es gut ist überhaupt einen Ladepark zu haben.",Nötr,0
266860,Roller Möbel,(Unknown Operator),Erfurt,ChIJETxeSZNtpEcRYUC8jjgva-s,4.3,5,Das Laden lief super und dank Fastfood und Tankstelle gab es auch ein WC.,Olumlu,1
265811,Sandstraße,N-ERGIE,,ChIJ__NFyi5Yn0cRFpbb8Xsg9QI,4.5,4,ladeleistung leider recht mau,Nötr,0
265810,Sandstraße,(Unknown Operator),,ChIJ_5lTfv5Wn0cRXFLZafflRlo,2.8,1,"Hier wird Nachts obwohl auf Internetseite anders dokumentiert, Blockiergebühr berechnet.  Und das vor dem Hotel. Keine Preisauszeichnung erkennbar. Danke für abzocken!",Olumsuz,-1
265810,Sandstraße,(Unknown Operator),,ChIJ_5lTfv5Wn0cRXFLZafflRlo,2.8,5,"Leider wird zuwenig Kontrolliert ob die Ladezeiten eingehalten werden,  so wie heute, E-Auto steht  Ladevorgang abgeschlossen,  ohne Parkscheibe, umsonst angefahren  laden nicht möglich   da blockiert. 2.Stelle durch Ladevorgang belegt.",Olumsuz,-1
265810,Sandstraße,(Unknown Operator),,ChIJ_5lTfv5Wn0cRXFLZafflRlo,2.8,5,Habe hier schon mehrfach und völlig problemlos mein Auto geladen. Mit dem Navi ganz einfach zu finden und das Laden geht schnell.,Olumlu,1
265810,Sandstraße,(Unknown Operator),,ChIJ_5lTfv5Wn0cRXFLZafflRlo,2.8,4,Anfahrt etwas schwierig ansonsten passt alles. 65 Cent für die kWh sind aber happig.,Olumlu,1
265810,Sandstraße,(Unknown Operator),,ChIJ_5lTfv5Wn0cRXFLZafflRlo,2.8,4,Schnelle Ladung aber teuer,Nötr,0
260079,StWB_Paulikloster,ladenetz.de,Brandenburg an der Havel,ChIJMUc4rFDAqEcRK7BN6PW0hxA,4.5,4,"Wenn Blockierer, die nicht laden (Ladekabel nicht mal angesteckt) nicht sanktioniert werden, ist das sehr ärgerlich für die anderen.",Olumsuz,-1
260079,StWB_Paulikloster,ladenetz.de,Brandenburg an der Havel,ChIJMUc4rFDAqEcRK7BN6PW0hxA,4.5,5,Sehr zentral,Nötr,0
259808,StWB_Wiesenweg,ladenetz.de,Brandenburg an der Havel,ChIJi9CxD_TAqEcR0jBWSekbCtw,3.0,3,"Die Säule funktioniert. Mit Belegung durch Circus aktuell etwas eng zu parken. Der Preis ist für AC ca 40% überzogen, wenn 600m weiter zu einem günstigeren Preis DC schnell geladen werden kann.",Olumlu,1
210428,Schlickweg,ubitricity,,ChIJlZ_iestbqEcRdu36mkZnUSA,5.0,5,Funktioniert einwandfrei.,Olumlu,1
209960,Pfalzwerke Hornbach Schwabach,Pfalzwerke,Schwabach,ChIJvb8ab-NPn0cR7sfKl6H5BwI,3.1,3,"Ideal zum Laden wenn man im Baumarkt shoppen oder beim Bäcker etwas essen möchte. Ja, wie es scheint lädt die Station nicht wie sie soll und wie andere berichten. Kurzzeitig war sie auf 75kw da noch rein anderen dran hängt aber generell lag der Wert bei unter 50kw.

Und ja, nach 20 Uhr sind die Schranken zu. Zum Glück kann man aber 50m weiter zum Mäkkes laden.

Ansonsten ist es hier ganz ok. Getestet mit dem BMW eines Kumpels.",Olumlu,1
209960,Pfalzwerke Hornbach Schwabach,Pfalzwerke,Schwabach,ChIJvb8ab-NPn0cR7sfKl6H5BwI,3.1,2,"Eine DC Ladesäule mit 150 kW bzw 75 kW wenn beide belegt sind, ist nicht auf der Höhe der Zeit; sorry aber das geht besser.",Nötr,0
209960,Pfalzwerke Hornbach Schwabach,Pfalzwerke,Schwabach,ChIJvb8ab-NPn0cR7sfKl6H5BwI,3.1,3,"24h stimmt nicht, steht ein Schild an der Ladesäule: Parkplatz wird ausserhalb der Hornbach Öffnungszeiten mit Schranke verschlossen.
Wichtiger: 150kW Ladeleistung konnte ich nicht erreichen.
Mit Kia EV6 geladen von 50 auf 97 Prozent, fast durchgehend nur 42-44kW, kurzzeitig in der Mitte des Ladevorgangs 75kW.",Olumsuz,-1
209960,Pfalzwerke Hornbach Schwabach,Pfalzwerke,Schwabach,ChIJvb8ab-NPn0cR7sfKl6H5BwI,3.1,1,nach 30min wurde grundlos der Ladevorgang abgebrochen…???,Olumsuz,-1
209960,Pfalzwerke Hornbach Schwabach,Pfalzwerke,Schwabach,ChIJvb8ab-NPn0cR7sfKl6H5BwI,3.1,5,Einfach zu finden. Laden problemlos möglich.,Olumlu,1
209845,Arno-Schmidt-Straße,EnBW (D),Wildenfels,ChIJcbsgQdEzp0cRYT7OAOYfrUc,4.8,3,"+ Ladestation mit Alpitronic HYC300
+ Autorisierung mit Mercedes MB.Charge problemlos
+ 11/12 Ladepunkten verfügbar bzw.ohne Störung

- max.200kW je Plug, obwohl 300kW an der Säule beworben wird und bei den OCPI-Daten hinterlegt scheinen
- kein Bezahlen via Kreditkarte oder EC-Karte
- Zufahrt und Wegführung zur Station nicht intuitiv (als wir gekommen sind, war die Zufahrt zw. zugeparkt)

Wegen der fehlenden 300kW für die Ladegeschwindigkeit nur 2 Sterne",Olumsuz,-1
209845,Arno-Schmidt-Straße,EnBW (D),Wildenfels,ChIJcbsgQdEzp0cRYT7OAOYfrUc,4.8,5,"Ladestation Top, leider keine eigenen Toiletten! Man muss zum McDonalds vorlaufen. Ist aber gerade um die Ecke.",Olumlu,1
209845,Arno-Schmidt-Straße,EnBW (D),Wildenfels,ChIJcbsgQdEzp0cRYT7OAOYfrUc,4.8,5,"Wollte kürzlich eigentlich nebenan bei EweGo laden, da unbeleuchtet und nicht überdacht (Regenwetter) bin ich hier gelandet. Schöner sauberer Ladepark - beleuchtet und überdacht. Ein Papierkorb wäre aber nicht schlecht!",Olumlu,1
209845,Arno-Schmidt-Straße,EnBW (D),Wildenfels,ChIJcbsgQdEzp0cRYT7OAOYfrUc,4.8,5,Insgesamt 12- 300-kW-Schnelllademöglichkeiten von EnBW. Auto wurde automatisch von der Ladesäule erkannt und hat den Ladevorgang gestartet. Alternativ könnte man über App oder Ladekarte zahlen. Von den 12 Ladeplätzen waren noch 10 frei.,Olumlu,1
209845,Arno-Schmidt-Straße,EnBW (D),Wildenfels,ChIJcbsgQdEzp0cRYT7OAOYfrUc,4.8,5,"Sehr gute Ladestation gleich in der Nähe der Autobahn und eines McDonalds. Verfügbarkeit ist eigentlich immer gegeben und Wartezeiten sind nicht vorhanden oder sehr kurz. Könnten noch kürzer sein würden manche nicht mit 14kW bei 95% weiterladen. Sonst top.

Dach schützt relativ gut vorm Wetter. Man könnte vermutlich über die Wiese noch einen kleinen Weg zum McDonalds machen, sonst sind dort bald Trampelpfade",Olumlu,1
209650,Elli Ladestation Posener Platz,Elli (Volkswagen Group Charging GmbH),Munich,ChIJmRu4nTh1nkcRmGjgbmmlyAo,2.5,1,"Warum wird die Ladesäule nicht abgemeldet oder als belegt gekennzeichnet. Einfach unnötig, wenn man diese anfährt und dann so ein Schild darauf klebt.",Olumsuz,-1
209650,Elli Ladestation Posener Platz,Elli (Volkswagen Group Charging GmbH),Munich,ChIJmRu4nTh1nkcRmGjgbmmlyAo,2.5,4,"Normale Ladestation mit 2 Optionen: 11kHw & 22kHw.

22kw kosten 10 cent mehr als die andere Ladestation in der Naehe, die von den Stadtwerken betrieben wird.

Der Hof ist etwas klein und vlt. ist es unangenehm hier zu laden wenn Betrieb ist. Am WE ging das sehr gut.",Olumlu,1
209374,OMV Tankstelle Sulzbacher Straße,EnBW (D),Nürnberg,ChIJQ_rwK5ZXn0cRJT8WPT20dcE,4.1,5,"Ich persönlich besuche ich diese Tankstelle nicht nur sehr gerne wegen dem freundlichen Service, noch dazu muss man auch wirklich sagen vom Preis-Leistungsverhältnis einer der top 3. Ich besuche auf jeden Fall diese Tankstelle sehr gerne",Olumlu,1
209374,OMV Tankstelle Sulzbacher Straße,EnBW (D),Nürnberg,ChIJQ_rwK5ZXn0cRJT8WPT20dcE,4.1,3,"Gut gelegen, etwas wenig Platz und zwei Säulen sind oft nicht genug, musste öfter schon weiter fahren. Lage aber gut.",Nötr,0
209374,OMV Tankstelle Sulzbacher Straße,EnBW (D),Nürnberg,ChIJQ_rwK5ZXn0cRJT8WPT20dcE,4.1,2,"Das letzte Mal, als ich hier laden wollte, war nur eine CCS Säule wirklich funktionsfähig und belegt, und das sind nur 2 Säulen zu wenig für einen so beliebten Platz in der Stadt.",Olumsuz,-1
209374,OMV Tankstelle Sulzbacher Straße,EnBW (D),Nürnberg,ChIJQ_rwK5ZXn0cRJT8WPT20dcE,4.1,5,"Super Lage und gut zu finden. Lädt schnell und zuverlässig. Fahre ich immer wieder an.
Leider nur zwei Ladepunkte, ggf muss mal paar Minuten warten wenn man Pech hat …",Olumlu,1
209374,OMV Tankstelle Sulzbacher Straße,EnBW (D),Nürnberg,ChIJQ_rwK5ZXn0cRJT8WPT20dcE,4.1,5,Saubere Arbeit für EnBW einen Hypercharger mitten in Nürnberg aufzustellen! Wer Zeit hat lädt an den vielen 22kW Stationen und wer es eilig hat nimmt den hier. Klasse! Genau so muss es sein. 😎👍🏻,Olumlu,1
203814,Volkmannsdorferau Feuerwehr,(Unknown Operator),Wang,ChIJR_JWbrA8nkcRJWPEN3j8mc8,4.6,2,"Es werden 8 Ladepunkte angezeigt, aber nur 4 (2x2) sind vorhanden. Die anderen ""4"" sind 2 LKW Ladeplätze, die man als PKW weder nutzen kann noch soll. Sehr ärgerlich mit nur 150 kW hier stecken zu bleiben.",Olumsuz,-1
203814,Volkmannsdorferau Feuerwehr,(Unknown Operator),Wang,ChIJR_JWbrA8nkcRJWPEN3j8mc8,4.6,5,Sehr gut gelegene Ladestation ganz in der Nähe der Autobahn. In der Aral-Tankstelle sehr freundliches Personal.,Olumlu,1
203814,Volkmannsdorferau Feuerwehr,(Unknown Operator),Wang,ChIJR_JWbrA8nkcRJWPEN3j8mc8,4.6,5,Super! Man kann mit dem Auto einfach gerade aus hinfahren. Hat alles problemlos geklappt,Olumlu,1
203814,Volkmannsdorferau Feuerwehr,(Unknown Operator),Wang,ChIJR_JWbrA8nkcRJWPEN3j8mc8,4.6,5,Super Ladestation für PKW und auch LKW. Mit kleinem Shop für die Verpflegung und Zeitschriften. Toiletten sind gut zu erreichen über den Tankstellenshop. Gut gelegen direkt an der Autobahnausfahrt Landshut West,Olumlu,1
203814,Volkmannsdorferau Feuerwehr,(Unknown Operator),Wang,ChIJR_JWbrA8nkcRJWPEN3j8mc8,4.6,5,"Keine Probleme mit der Karte, am Handy wurde die Ladesäule leider nicht angezeigt.",Nötr,0
203697,EnBW HyperHub Dorfen,EnBW (D),Dorfen,ChIJhWycJsj3dUcR9sGm8gfXO_o,4.6,4,"Nähe AB, guter Ladepark, schnelle Lader, teilüberdacht, neben McD. Leider kein Ladeplatz für Gespanne (ist aber eine work-around-Lösung möglich) und die Ein- und Ausfahrt ist unglücklich geplant worden (eng+ scharf 90 Grad)",Olumlu,1
203697,EnBW HyperHub Dorfen,EnBW (D),Dorfen,ChIJhWycJsj3dUcR9sGm8gfXO_o,4.6,5,"6x Doppelstationen mit 300kW
2 davon sind überdacht.
Heute war Station 6 außer Betrieb. An den restlichen 10 Plätzen war nur einer belegt.
Maximale Ladeleistung von 256kW wurde erreicht. Das entspricht ca. der maximalen Leistung meines Autos.
Der Ladepark befindet sich direkt neben dem McDonald's. Burgerking ca 100m entfernt.
Ebenso nur 2min von der Autobahn. Nur die Einfahrt ist etwas umständlich",Olumlu,1
203697,EnBW HyperHub Dorfen,EnBW (D),Dorfen,ChIJhWycJsj3dUcR9sGm8gfXO_o,4.6,3,"Sehr schöne Anlage mit modernen Ladesäulen. Wie schon mehrfach hier geschrieben laden die Säulen allerdings mit viel weniger als den an jeder Säule beworbenen 300kW!
Die Toiletten und der Bäcker haben nur während der Öffnungszeiten vom Baumarkt (wochentags bis 18 Uhr) geöffnet. Dafür ist ein Burger King gleich in der Nähe.",Olumlu,1
203697,EnBW HyperHub Dorfen,EnBW (D),Dorfen,ChIJhWycJsj3dUcR9sGm8gfXO_o,4.6,4,"Läd sehr langsam. Alleine an der ladesäule mit 300kw und läd nur mit knapp 120. Am Auto liegt es nicht, der lädt auch mit 350k.",Olumsuz,-1
203697,EnBW HyperHub Dorfen,EnBW (D),Dorfen,ChIJhWycJsj3dUcR9sGm8gfXO_o,4.6,1,"Gut erreichbar und moderne Anlage, aber MC Donalds und Co sollte nicht in Bewertung fließen da hier nicht das geliefert wird was beworben 300kw nicht mal wenn man nachts um 01:00 als einziges Fahrzeug da steht.

Update mittlerweile sind 2-3 Stationen defekt und rest läuft bei unter 20kw manchmal des echt lächerlich.",Nötr,0
201534,Biomare Großzschocher,(Unknown Operator),Leipzig,ChIJlbH7TDT4pkcRdKK5PGoFmNw,3.3,1,"Wie fast überall im Stadtgebiet Leipzig so stimmt auch hier die echte Ladeleistung null überein mit der vermeintlichen möglichen Leistung.
300kW steht auf den Säulen. An einem Freitag Abend - leerer Parkplatz, Akku vorgeheizt lade ich mit ganzen 37kW!   Wenn ich mit diesem Auto (Volvo) an eine beliebigen Supercharger von Tesla fahre, geht die Leistung in kürzester Zeit auf einen soliden Wert zwischen 150 und 250 kW.
Bisher gelang mir das in Leipzig nur 1-2 Mal mit einer Ampero-Station im Norden der Stadt.
Ein echter Witz - da wundert man sich nicht, dass die Allgemeinheit weiterhin skeptisch auf E-Mobilität blickt.",Olumsuz,-1
201534,Biomare Großzschocher,(Unknown Operator),Leipzig,ChIJlbH7TDT4pkcRdKK5PGoFmNw,3.3,3,"Mehr solche Stationen. Einkaufen und Auto ist geladen. Perfekt. Funktioniert immer am Rewe

Aber: die Ladeleistung ist mit 70kW deutlich unter der Angabe welche bei Google oder auf der Säule selbst steht.

Mein Auto (maximale Ladeleistung 180kw) war vorgeheizt und der Akku auf 48%.
Maximal wurde aber mit 64kW geladen.

Man fährt ja da hin, weil die Leistung hoch ist.",Olumlu,1
201534,Biomare Großzschocher,(Unknown Operator),Leipzig,ChIJlbH7TDT4pkcRdKK5PGoFmNw,3.3,1,"ACHTUNG: Wer sein Auto lädt, sollte die Parkdauer beachten sonst gibt's sofort teuere Post... für mich kommt auch der Rewe nicht mehr in Frage!!!",Olumsuz,-1
201534,Biomare Großzschocher,(Unknown Operator),Leipzig,ChIJlbH7TDT4pkcRdKK5PGoFmNw,3.3,5,Gut erreichbar und sehr gepflegt direkt neben einem Rewe mit Bäckerei,Olumlu,1
201534,Biomare Großzschocher,(Unknown Operator),Leipzig,ChIJlbH7TDT4pkcRdKK5PGoFmNw,3.3,5,Funktioniert wunderbar.,Olumlu,1
195457,EnBW Ladepark Eisenberg / Petersberg,EnBW (D),Petersberg,ChIJjRnpgvC7pkcRr2yQdvkgpc4,4.6,4,Sehr gut von der A9 erreichbarer Ladestandort. Beleuchtung in der Nacht ist hervorragend. Allerdings recht einsam gelegen. Die Ladeleistung war leider nicht überzeugend und ging trotz leerem Akku (unter 20%) nicht über 80 kW hinaus an der 300 kW Säule. In der Nähe ist ein WC in einem Schnellrestaurant.,Olumlu,1
195457,EnBW Ladepark Eisenberg / Petersberg,EnBW (D),Petersberg,ChIJjRnpgvC7pkcRr2yQdvkgpc4,4.6,5,"Die Ladestation ist verkehrsgünstig an der A9 gelegen und befindet sich etwas abseits in einem Gewerbegebiet. Es gibt sechs Ladesäulen mit je zwei Stellplätzen, so dass insgesamt 12 Fahrzeuge gleichzeitig laden können. Die Stellplätze sind großzügig bemessen, so dass man problemlos vor- und rückwärts einparken kann und auch genügend Platz für die Ladestecker bleibt. Besonders hervorzuheben sind vier Längsparkplätze für Wohnmobile oder Autos mit Anhänger, hier wurde mitgedacht!
Alle Ladesäulen bieten laut Betreiber 300 kW Ladeleistung. Die Ladekurve stieg gefühlt langsamer an, als an anderen Ladesäulen, erreichte letztendlich aber einen sehr guten Wert von 205 kW.
Insgesamt sehr gutes Ladeerlebnis, 5 Sterne. Ein McDonalds befindet sich fußläufig in der Nähe.",Olumlu,1
195457,EnBW Ladepark Eisenberg / Petersberg,EnBW (D),Petersberg,ChIJjRnpgvC7pkcRr2yQdvkgpc4,4.6,2,"Einige Charger aber schlechte Leistung. 4 von 12 Plätzen belegt und 300kw Charger. Ladeleietung braucht erstmal 2 min bis überhaupt 212kw anliegen. Das Fahrzeug kann 275kw und dann steckt sich ein weiteres an einer anderen Säule an und die Ladeleistung bricht um 70kw ein.

Das ist kein schnelles laden. Hier muss sich EnBW mal ein Beispiel an Ionity nehmen.",Olumsuz,-1
195457,EnBW Ladepark Eisenberg / Petersberg,EnBW (D),Petersberg,ChIJjRnpgvC7pkcRr2yQdvkgpc4,4.6,5,"Schöner kleiner EnBW Ladepark mit McDonalds um die Ecke. Gut ausgeschildert und damit schnell zu finden, war gut besucht während unseres Stopps, 200 kW Ladeleistung wurden schnell erreicht bei Einzelbelegung einer Säule. Ein paar Mülleimer wären nicht schlecht.",Olumlu,1
195457,EnBW Ladepark Eisenberg / Petersberg,EnBW (D),Petersberg,ChIJjRnpgvC7pkcRr2yQdvkgpc4,4.6,4,"Keine Probleme, gute Ladeleistung. Schöner wäre natürlich noch etwas mehr Außenrum, Mülleimer, Scheibenreinigung, Toilette etc.. Aber überdacht, das ist schon mal gut. Und sehr sauber, denn es ist ja nichts da, was schmutzig werden kann 😀.",Olumlu,1
195386,Aral Tankstelle Autohof Brumby / Staßfurt,Aral pulse,Staßfurt,ChIJAQAAq5DlpUcRJb-ndujKons,3.7,4,Ladestation am autohof direkt auf dem Aral-Gelände. Konnte an der 300kw wegen guter Belegung allerdings nur mit max. 150kw laden.,Olumlu,1
195386,Aral Tankstelle Autohof Brumby / Staßfurt,Aral pulse,Staßfurt,ChIJAQAAq5DlpUcRJb-ndujKons,3.7,4,"Sechs Ladesäulen mit 300kW Leistung, welche bei Benutzung beider Ladekabel auf 150kW reduziert wird.
Ein Stern abzug weil für die WC Nutzung 50cent verlangt wird.",Olumlu,1
195386,Aral Tankstelle Autohof Brumby / Staßfurt,Aral pulse,Staßfurt,ChIJAQAAq5DlpUcRJb-ndujKons,3.7,1,"Gleich bei der 1.Fahrt mit dem neuen Auto wurden wir enttäuscht. Laden über den QR-Code an der Säule und Pulse-App war nicht möglich. Der Hotlinemitarbeiter startete die Säule neu, was aber auch nichts brachte. Sehr schwach",Olumsuz,-1
195386,Aral Tankstelle Autohof Brumby / Staßfurt,Aral pulse,Staßfurt,ChIJAQAAq5DlpUcRJb-ndujKons,3.7,5,"einfach toll
Karte ran halten - einstecken - laden
laden
alles so, wie es sein sollte. fahre immer wieder gerne bei Aral Laden.",Olumlu,1
195386,Aral Tankstelle Autohof Brumby / Staßfurt,Aral pulse,Staßfurt,ChIJAQAAq5DlpUcRJb-ndujKons,3.7,5,"Sehr sauber und schnell!
Sogar Platz für LKWs",Olumlu,1
195377,Maschek Automobile VolkswagenWackersdorf,EnBW (D),Wackersdorf,ChIJ1USQG7X0n0cRwMwyZ2rZ0GQ,4.8,4,"Diese Ladestation ist auf dem Gelände einer OMV Tankstelle. Direkt neben der Autobahn, ist sie ist leicht zu finden. Die Ladestationen sind etwa seitlich auf dem Gelände platziert und somit aus dem weg. Leider auch hier keine Überdachung. Die Sauberkeit auf dem gesamten Gelände ist einwandfrei. Das Angebot der Bäckerei bzw. Restaurants ist gut. Mir hat es geschmeckt und war auch nicht übertrieben teuer.",Olumlu,1
195377,Maschek Automobile VolkswagenWackersdorf,EnBW (D),Wackersdorf,ChIJ1USQG7X0n0cRwMwyZ2rZ0GQ,4.8,5,"Alles bestens. Leicht zu finden und Dank der Tankstelle gleich mit Kaffee Stopp 😅
So lässts sich die Wartezeit gut überbrücken und die Fahrt kann ausgeruht weiter gehen.
Ladeschnelligkeit war zum Zeitpunkt vormittags 22 Grad bei 100 kw/Std, völlig ok 👌",Olumlu,1
195377,Maschek Automobile VolkswagenWackersdorf,EnBW (D),Wackersdorf,ChIJ1USQG7X0n0cRwMwyZ2rZ0GQ,4.8,5,"Bei der Ladestation Nr. 2 funktionierte der Kartenleser nicht. (17.01.2026)
An der anderen Ladestation funktionierte alles einwandfrei.",Olumsuz,-1
195377,Maschek Automobile VolkswagenWackersdorf,EnBW (D),Wackersdorf,ChIJ1USQG7X0n0cRwMwyZ2rZ0GQ,4.8,5,Sauber und ordentlich,Olumlu,1
195377,Maschek Automobile VolkswagenWackersdorf,EnBW (D),Wackersdorf,ChIJ1USQG7X0n0cRwMwyZ2rZ0GQ,4.8,4,"Kaum belegt, sehr schnelles Laden! Super, wenn es in den Bayerischen Wald geht!",Olumlu,1
195375,AVIA Tankstelle  / An der Hasler Zell Regenstauf,MER,Regenstauf,ChIJBTZP33Lrn0cRV5lHqzuVYYE,4.0,4,Toller Ladestop. Bedingt Anhänger geeignet. Nur ein paar Meter bis zum McDonald's.,Olumlu,1
195375,AVIA Tankstelle  / An der Hasler Zell Regenstauf,MER,Regenstauf,ChIJBTZP33Lrn0cRV5lHqzuVYYE,4.0,5,"Funktioniert alles einwandfrei. Zweimal am gleichen Tag besucht, immer frei. Mc Donalds, Tankstelle und Hagebau direkt in der Nähe",Olumlu,1
195375,AVIA Tankstelle  / An der Hasler Zell Regenstauf,MER,Regenstauf,ChIJBTZP33Lrn0cRV5lHqzuVYYE,4.0,3,"Die Alpitronic Säule als auch die AC Ladesäule funktioniert problemlos.

Aber wer bitte hat sich diesen dummen Standort für die AC Säule ausgedacht? Hab da angeschlossen und damit automatisch einen Anschluss des HPCs blockiert. Wo ich zurückkam wartete bereits jemand auf den freien Anschluss der gezwungenermaßen durch mich blockiert wurde. Auch er hat nur den Kopf geschüttelt über den AC Ladestandort...

Wenn also AC in der App als belegt angezeigt wird ist nur ein weiterer CCS nutzbar.",Olumsuz,-1
195375,AVIA Tankstelle  / An der Hasler Zell Regenstauf,MER,Regenstauf,ChIJBTZP33Lrn0cRV5lHqzuVYYE,4.0,2,"Hypercharger nur für 1 Fahrzeug. Laden 2 Fahrzeuge gleichzeitig, wird die Ladeleistung auf beide Fahrzeuge aufgeteilt und wir müssen uns mit 75kwh begnügen. Sehr enttäuschend.",Olumsuz,-1
195374,McDonald's / Wörth an der Donau,EWE,Wörth an der Donau,ChIJU9IsNGzen0cRfVUlTkfHHE4,3.0,1,Laden heute nicht möglich. Die ladestation hat das Laden verweigert.,Olumsuz,-1
195374,McDonald's / Wörth an der Donau,EWE,Wörth an der Donau,ChIJU9IsNGzen0cRfVUlTkfHHE4,3.0,5,Neue Ladestationen 300kW - sechs Anschlüsse - cool👍🙏,Olumlu,1
195373,EnBW HyperHub / Wörth an der Donau,EnBW (D),Wörth an der Donau,ChIJLSj0IGzen0cRR1-irlT1afQ,4.7,3,"Sehr gute Lage direkt an der Autobahn und in der Nähe eines Mc Donald's.
Abzüge gibt es nur für die an diesem Tag (11.02.2026) sehr schwache Ladeleistung zw. 45 und 50 kW. Es hatte keine Minusgrade und ich war vorher bereits über 100 km unterwegs. Ist aber dann auch verkraftbar, da man beim Essen ja einige Zeit verbringt.",Olumlu,1
195373,EnBW HyperHub / Wörth an der Donau,EnBW (D),Wörth an der Donau,ChIJLSj0IGzen0cRR1-irlT1afQ,4.7,5,Wir haben hier am 14.6.2025 geladen. Ging auch gut mit angehängtem Wohnwagen und sehr bequem mit der EnBW App und 212 KW Leistung. Top.,Olumlu,1
195373,EnBW HyperHub / Wörth an der Donau,EnBW (D),Wörth an der Donau,ChIJLSj0IGzen0cRR1-irlT1afQ,4.7,4,"Viele Ladepunkte, keine Wartezeit, leider nachts kein WC, Aufenthaltsraum oder Bewirtung in der Nähe.  Tagsüber kein Problem da Aral und McDonald's offen.",Nötr,0
195373,EnBW HyperHub / Wörth an der Donau,EnBW (D),Wörth an der Donau,ChIJLSj0IGzen0cRR1-irlT1afQ,4.7,5,"Ganz neuer Ladepark mit 16 Ladepunkten,  Autos mit Anhänger können hier auch Laden ohne abkoppeln zu müssen. Laden bis 300kw möglich Es gibt auch Chademo Ladepunkte.
Die Ladepunkte sind überdacht und es gibt sogar Abfalleimer!
In unmittelbarer Nähe gibt es die Möglichkeit etwas zu essen oder auf die Toilette zu gehen",Olumlu,1
195373,EnBW HyperHub / Wörth an der Donau,EnBW (D),Wörth an der Donau,ChIJLSj0IGzen0cRR1-irlT1afQ,4.7,5,"EnBW Hypernetz, wie immer TOP!!",Olumlu,1
195365,HPC HEM Tankstelle,Allego BV,Schleiz,ChIJUYrF1YdHoUcRG-bw-gBely4,4.4,5,"Die Ladestation ist Teil einer HEM-Tankstelle und liegt verkehrskünstig an der Abfahrt Schleiz der Autobahn A9. Es gibt zwei Ladesäulen mit je zwei Stellplätzen, so dass insgesamt vier Fahrzeuge gleichzeitig laden können. Die Bedienung ist wie bei den meisten Allego Ladesäulen recht einfach, nach der Auswahl wird der entsprechende Anschluss farblich markiert, so dass man nicht viel falsch machen kann. Die Ladeleistung stieg innerhalb kurzer Zeit auf 200 kW, sehr gut. Fußläufig befinden sich ein Subway und ein McDonalds in der Nähe.",Olumlu,1
195365,HPC HEM Tankstelle,Allego BV,Schleiz,ChIJUYrF1YdHoUcRG-bw-gBely4,4.4,4,Hat alles funktioniert. Tankstelle nebenan nur dreckige und stinkende Toiletten für 1€. Nicht ideal… schade,Nötr,0
195365,HPC HEM Tankstelle,Allego BV,Schleiz,ChIJUYrF1YdHoUcRG-bw-gBely4,4.4,5,"Immer wieder top und sehr zu empfehlen.
Die Tankstelle hat WC und eine gute Auswahl an Getränken sowie essen um die Ladeweile etwas zu mildern.
Einzig ein Mülleimer wäre noch wünschenswert.",Olumlu,1
195365,HPC HEM Tankstelle,Allego BV,Schleiz,ChIJUYrF1YdHoUcRG-bw-gBely4,4.4,5,Lage ganz gut. McDonalds und Subway sowie die HEM Tankstelle ist vor Ort. technisch auch einwandfrei. volle Leistung.,Olumlu,1
195365,HPC HEM Tankstelle,Allego BV,Schleiz,ChIJUYrF1YdHoUcRG-bw-gBely4,4.4,3,"Leider hat hier eine Säule gesponnen und wollte weder Kreditkarte noch Ladekarte. Auch mit der App ging es nicht.
Ein weiterer Fahrer hat ebenfalls experiment und nach unzähligen Versuchen es dann doch hinbekommen.

Ich habe die Säule geweselt, dann ging es sofort.",Olumsuz,-1
195363,Industriestraße 15 / McDonalds,(Unknown Operator),Schleiz,ChIJuYrcNohHoUcRm7tZYCUOKuQ,1.8,1,Absolut nicht zu empfehlen. Wir waren das dritte Fahrzeug von 4 Ladeplätzen. Einer war frei. Unser Auto hätte mit 187kw Laden können. Es kamen aber nur 49kw im Auto an. Lieber bei EnBW auf der anderen Autobahnseite laden oder Teag nebenan.,Olumsuz,-1
195363,Industriestraße 15 / McDonalds,(Unknown Operator),Schleiz,ChIJuYrcNohHoUcRm7tZYCUOKuQ,1.8,1,"Der Standort wird zwar in allen Apps und auch hier mit 400 kW angegeben, aber mehr als 100 kW gehen nicht pro Seite.
Das war Zeitverschwendung, leider...",Olumsuz,-1
195363,Industriestraße 15 / McDonalds,(Unknown Operator),Schleiz,ChIJuYrcNohHoUcRm7tZYCUOKuQ,1.8,1,"Gut wenn man eh bei McDonald's essen will,  aber keine 400kw. Auf den Säulen steht, dass sie nur 50kw können  und es geht auch nicht schneller.",Nötr,0
195363,Industriestraße 15 / McDonalds,(Unknown Operator),Schleiz,ChIJuYrcNohHoUcRm7tZYCUOKuQ,1.8,1,100kW ist Maximum. Ich stand alleine an einer Ladesäule und hätte doppelt so schnell laden können. Nicht zu empfehlen.,Olumsuz,-1
195363,Industriestraße 15 / McDonalds,(Unknown Operator),Schleiz,ChIJuYrcNohHoUcRm7tZYCUOKuQ,1.8,1,"Ich habe nur 100kW bekommen und bin zum Ladepark nebenan gefahren. Der ist günstiger und besser, obwohl ich EWE-Kunde bin.",Nötr,0
195026,IONITY Pilsting,Ionity,Pilsting,ChIJoxTHacd1dUcRHrEmM-PDXdA,4.3,5,"Die Ladestation ist gleich neben der Autobahn und hat einwandfrei funktioniert. Eine Tankstelle mit Toiletten ist gleich gegenüber. Wir standen eine halbe Stunde und waren die ganze Zeit alleine. Wir merken uns diese Ladestation für das nächste Mal, wenn wir in der Gegend sind.",Olumlu,1
195026,IONITY Pilsting,Ionity,Pilsting,ChIJoxTHacd1dUcRHrEmM-PDXdA,4.3,5,Guter Ladepunkt. Toilette bei Aral und Burger King. Auto gewohnt zügig aufgeladen.,Olumlu,1
195026,IONITY Pilsting,Ionity,Pilsting,ChIJoxTHacd1dUcRHrEmM-PDXdA,4.3,4,"06.2023
Kurz zum Schnellladen gefahren. Der Platz war sauber, vor Ort gibt es vier Ladesäulen.

Zusätzlich gibt es zwei Warteplätze und gegenüberliegend sind noch mal sechs Parkplätze.

Mit 230 kW Ladegeschwindigkeit stehe ich selbst nicht lange. Wer aber länger wartet hat z.B. auch die Möglichkeit zu Burger King zu gehen, kurz was essen oder schnell auf die Toilette.

Eine Sitzgelegenheit fehlt vor Ort leider.",Nötr,0
195026,IONITY Pilsting,Ionity,Pilsting,ChIJoxTHacd1dUcRHrEmM-PDXdA,4.3,4,"Platz ist sauber. Jedoch würde ich mir Abfallbehälter und Wasser für die Windschutzscheibe wünschen (diese haben wir und von der Tankstelle nebenan geliehen).
Während der Wartezeit ist es möglich einen Kaffee bei Rosis Restaurant/Kaffee Shop oder beim Burger King zu trinken.

Um mit dem Anbieter nebenan (Fastned) gleichzuziehen empfehle ich ebenfalls die Installation eines Daches gegen direkte Sonneneinstrahlung (Sommerhitze) oder Regen.
Leider konnten wir nur mit maximal 56 kw laden, Gründe dafür sind uns unbekannt.",Nötr,0
195026,IONITY Pilsting,Ionity,Pilsting,ChIJoxTHacd1dUcRHrEmM-PDXdA,4.3,5,"Ladesäulen sind bisher immer sehr zuverlässig. Maximale Ladeleistung war bei uns 240 kW. Zwei neue Ladesäulen wurden kürzlich aufgestellt und aktiviert. Leider keine Überdachung und keine Mülleimer oder sonstiges Zubehör wie Wasser für die Windschutzscheibe vorhanden. Letzteres muss man von der Tankstelle nebenan ausleihen. Nebenan sind unter anderem ein Burgerking und andere Restaurants, eine Tankstelle und ein Motel.",Olumlu,1
195025,IONITY Wernberg-Köblitz,Ionity,Wernberg-Köblitz,ChIJIWT-VjgloEcRJ0XID9SdWi8,4.6,4,"Empfehlenswert 👍, man muss etwas Glück haben. 6Säulen-6  Ladesäulen waren besetzt. Gegenüberliegende Seite stehen noch 10 Tesla Säulen. Etwas versteckt hinter Fastfoodkette und Tankstelle😄",Olumlu,1
195025,IONITY Wernberg-Köblitz,Ionity,Wernberg-Köblitz,ChIJIWT-VjgloEcRJ0XID9SdWi8,4.6,5,Klein aber fein. Top Lage direkt an der Autobahn und volle Ladeleistung ohne Probleme,Olumlu,1
195025,IONITY Wernberg-Köblitz,Ionity,Wernberg-Köblitz,ChIJIWT-VjgloEcRJ0XID9SdWi8,4.6,5,"Klasse Ladestation, Restaurant, McDonald's und Sportstätten direkt neben der Ladesäule. Hier kann man gut 5-20 Minuten verweilen. Auch als Familie!",Olumlu,1
195025,IONITY Wernberg-Köblitz,Ionity,Wernberg-Köblitz,ChIJIWT-VjgloEcRJ0XID9SdWi8,4.6,5,"Die Säulen liegen auf der Rückseite des Autohofs, von daher muss man erst mal komplett außen herum. Wir haben hier 2 mal geladen, beide Male war mindestens eine Ladesäule frei (August, am Wochenende) und beide Male konnten wir problemlos laden. Alles gut!",Olumlu,1
195025,IONITY Wernberg-Köblitz,Ionity,Wernberg-Köblitz,ChIJIWT-VjgloEcRJ0XID9SdWi8,4.6,5,"6 zuverlässige Ionity Ladestationen mit Autohof, McDonalds, Rewe, Aldi, Bäckerei in der Nähe, top 👍 dazu Tesla  Supercharger (für Fremdfahrzeuge geöffnet), eine fast E Ladesäule (DC/AC/Chademo) & ein ENBW Ladepark direkt gegenüber auf der anderen Straßenseite.",Olumlu,1
194467,IONITY Linthe,Ionity,Linthe,ChIJ2wgzamuFqEcRHqa65OdugVM,4.3,3,"Leistungsstarker Ladepark mit einfacher Ausstattung – IONITY Linthe

Der Ladepark in der Westfalenstraße 2 bietet mehrere Ladepunkte mit hoher Ladeleistung – ideal für alle, die auf der Durchreise schnell und zuverlässig laden möchten. Der Ladevorgang verlief bei meinem Besuch problemlos, die Technik ist stabil und effizient.

Was aktuell fehlt, sind Sitzmöglichkeiten, Mülleimer und vor allem Verschattung. Gerade bei sommerlichen Temperaturen wird es auf der offenen Fläche schnell unangenehm heiß. Eine Überdachung oder schattenspendende Elemente wären eine sinnvolle Ergänzung – sowohl für den Komfort als auch für die Aufenthaltsqualität.

Die Station selbst ist gut erreichbar und funktional gestaltet. Wer Wert auf schnelle Ladeleistung legt, ist hier bestens aufgehoben. Ausstattung und Nutzerkomfort sind allerdings auf das Nötigste reduziert.

Fazit:
Technisch überzeugend und leistungsstark, aber mit minimaler Ausstattung. Für den schnellen Ladestopp gut geeignet – für längere Pausen wäre mehr Komfort wünschenswert.",Olumlu,1
194467,IONITY Linthe,Ionity,Linthe,ChIJ2wgzamuFqEcRHqa65OdugVM,4.3,3,"Ich kann verstehen das gerade die Ladestation wie verrückt erbaut werden. Das Laden klappt auch Problemlos und das ist die Hauptsache. Der Platz ist auch schön hell beleuchtet, wirklich top. Was aber auch ganz unbedingt ausgebaut werden muss, ist der Service!
1. Mülleimer, es müllt sich schon zu. Kaffeebecher, Bananenschale ... Wir reisen mit Hund und wo soll bitte der Kackebeurel hin? 2. Toiletten
3. Essen und hier bitte mal ein echt gutes und durchdachtes Konzept. Wo sind die jungen Startups? MC Donalds ist auf Dauer echt 🤮
Servicewüste Deutschland 🫣",Nötr,0
194467,IONITY Linthe,Ionity,Linthe,ChIJ2wgzamuFqEcRHqa65OdugVM,4.3,3,"Durchwachsene Erfahrungen - Eigentlich nutze ich die Station in Linthe recht häufig, allerdings mehren sich in der letzten Zeit die Fehler. Beim letzten Laden war erst die 5.Ladesäule in der Lage, eine Kommunikation mit dem Fahrzeug aufzubauen und zu laden. Da an dieser Säule vorher ein anderes Fahrzeug geladen hatte, gab es mit den anderen Ladesäulen offenbar tatsächlich ein Problem. Bei anderen Betreibern habe ich mit meinem BMW iX1 keine vergleichbaren Probleme, bei IONITY ist mir ähnliches auch an anderen Standorten passiert, allerdings nicht so extrem wie in Linthe. Oft reicht ein Neuverbinden oder der Wechsel an eine andere Säule.",Nötr,0
194467,IONITY Linthe,Ionity,Linthe,ChIJ2wgzamuFqEcRHqa65OdugVM,4.3,4,"Mit Wohnwagen kann man hier einigermaßen gut laden ohne abzukuppeln. Der Platz um die Ladestationen ist sehr großzügig bemessen. Ladevorgang, wie immer bei ionity unkompliziert. Es fehlt ein Sanitärgebäude in unmittelbarer Nähe.",Olumlu,1
194467,IONITY Linthe,Ionity,Linthe,ChIJ2wgzamuFqEcRHqa65OdugVM,4.3,5,"Einfach laden, an vielen Säulen (12 Stück) - alle mit Schnelladerkabeln und natürlich mit Ladekarte (einfach dran halten).

Und daneben ist McDonalds, ein anderes Restaurant und Esso.",Olumlu,1
194229,Strom-Tankstelle,(Unknown Operator),Bayerisch Eisenstein,ChIJ8625y8AvdUcREFvsB5p-kco,3.5,5,Kann man nicht meckern. Der 40kw Lader hat sich problemlos mit dem i4 und BMW Charging per RFID Kartenauthentifizieung in Gang gesetzt und recht konstant geladen. Die Umgebung ist zwar nachts etwas spooky aber es ist auch nichts los 😎,Olumlu,1
194229,Strom-Tankstelle,(Unknown Operator),Bayerisch Eisenstein,ChIJ8625y8AvdUcREFvsB5p-kco,3.5,1,Webportal ist ein einziger Graus. Es werden weder Anmeldeinformationen gespeichert (auch wenn man das angeklickt hat) geschweige denn ist es möglich zu laden wenn der Stecker schon steckt. Einen genauen Hinweis dazu gibt es nicht. Man muss sich erst anmelden und darf erst dann den Stecker einstecken.,Olumsuz,-1
194229,Strom-Tankstelle,(Unknown Operator),Bayerisch Eisenstein,ChIJ8625y8AvdUcREFvsB5p-kco,3.5,1,"Ladestation 50kW zeigt am 03.04.24 um 14:15 Uhr ""Error"" an. Nicht zurückzusetzen. Anruf bei mer Hotline. Der Mitarbeiter kann weder nach Kennnummer noch nach Adresse die Ladestation identifizieren.
Irgendwie für mich worst Case:
Die haben also Ladesäulen in die Gegend gesetzt, die sie ""vergessen"" haben? Was ist das denn?
Daneben mit 22kW mit eigenem Typ2 Kabel ging es, nur eben langsam.",Olumsuz,-1
194229,Strom-Tankstelle,(Unknown Operator),Bayerisch Eisenstein,ChIJ8625y8AvdUcREFvsB5p-kco,3.5,5,Sehr gut erreichbar direkt neben der Hauptstraße. 50kw DC CCS und Chademo. AC Typ 2 mit 22kw,Olumlu,1
194229,Strom-Tankstelle,(Unknown Operator),Bayerisch Eisenstein,ChIJ8625y8AvdUcREFvsB5p-kco,3.5,4,CCS und Chademo Säule sowie 2x Typ 2.,Olumlu,1
194180,NaturFreund,(Unknown Operator),Bodenmais,ChIJq_7Ak_46dUcRCLjCnaNUv9U,4.0,5,Leicht versteckt aber nur 3 laufen zum tollen Becker,Olumlu,1
194180,NaturFreund,(Unknown Operator),Bodenmais,ChIJq_7Ak_46dUcRCLjCnaNUv9U,4.0,4,"Gut zu finden, breite Parkplätze. Es gibt jetzt auch einen Schnelllader, allerdings nimmt man sich gegenseitig die Parkplätze weg wenn man AC oder DC laden möchte.",Olumlu,1
194180,NaturFreund,(Unknown Operator),Bodenmais,ChIJq_7Ak_46dUcRCLjCnaNUv9U,4.0,3,"Die Mer-Ladesäule hat gut funktioniert, obwohl sie nur 22 kW bietet. Allerdings ist die Säule etwas versteckt, was die Auffindbarkeit erschwert. Es wäre hilfreich, wenn sie besser ausgeschildert wäre, um das Laden einfacher zu gestalten.",Nötr,0
194180,NaturFreund,(Unknown Operator),Bodenmais,ChIJq_7Ak_46dUcRCLjCnaNUv9U,4.0,3,"Obwohl es eine 50kW Schnellladestation sein soll, lade ich hier am CCS Anschluss nur mit 21 kW d.h. ca. 100 km pro h. Bitte planen Sie bei der Nutzung Zeit ein.",Nötr,0
194180,NaturFreund,(Unknown Operator),Bodenmais,ChIJq_7Ak_46dUcRCLjCnaNUv9U,4.0,5,"11 KW Ladesäule funktioniert einwandfrei, schnell und unkompliziert.",Olumlu,1
193704,Wings of Future,(Unknown Operator),Schiltberg OT Ruppertszell,ChIJG3h4n4iSnkcRLxLs6W7oIn8,3.8,5,"Dieser Beitrag dient nur dazu um den ganzen Dullis zu erklären, dass 300kW Lader nicht dafür verantwortlich dafür gemacht werden können wenn euer Batteriemanagement des Autos bei bspw. 60kW abregelt um euren Akku zu schützen.",Olumsuz,-1
193704,Wings of Future,(Unknown Operator),Schiltberg OT Ruppertszell,ChIJG3h4n4iSnkcRLxLs6W7oIn8,3.8,2,"Lader an sich in guter Lage. Ladeleistung richtig mies, 300kw steht da, 80 kWh geht. Alleine an der Säule.",Olumsuz,-1
193704,Wings of Future,(Unknown Operator),Schiltberg OT Ruppertszell,ChIJG3h4n4iSnkcRLxLs6W7oIn8,3.8,3,"65 kW. Wirklich wenig, 300kW sind angeschrieben.",Olumsuz,-1
193538,Hermann-Weinhauser-Straße,ladenetz.de,Munich,ChIJuT6PGop1nkcRWEZffl_aN3E,4.8,5,Laden hat gut funktioniert. Zentral gelegene Ladesäulen. Zu Fuß ist man schnell am Viktualienmarkt oder Marienplatz.,Olumlu,1
193538,Hermann-Weinhauser-Straße,ladenetz.de,Munich,ChIJuT6PGop1nkcRWEZffl_aN3E,4.8,4,wirklich zentral gelegen zwischen Isartor und Viktualienmarkt,Olumlu,1
193538,Hermann-Weinhauser-Straße,ladenetz.de,Munich,ChIJuT6PGop1nkcRWEZffl_aN3E,4.8,5,:-),Olumlu,1
193538,Hermann-Weinhauser-Straße,ladenetz.de,Munich,ChIJuT6PGop1nkcRWEZffl_aN3E,4.8,5,"Gute Lage, gute Parkmöglichkeiten. Aber es gibt normalerweise keine freien Plätze.",Nötr,0
193283,E-Bike-Ladestation Leipziger Neuseenland,(Unknown Operator),Zwenkau,ChIJS3ZMi4_6pkcRgo82lmJU4tQ,2.2,1,"So eine Abzocke in der App stand ab 0,39€ und wie wir getankt hatten kam die Rechnung mit 0,89€ pro kwstd.das ist Wucher und unverschämt. Jetzt steht offiziell in der App 0,89€pro kwstd.bei uns stand noch 0,39€das ist Betrug. Nie wieder",Olumsuz,-1
193283,E-Bike-Ladestation Leipziger Neuseenland,(Unknown Operator),Zwenkau,ChIJS3ZMi4_6pkcRgo82lmJU4tQ,2.2,1,"Überteuert mit 0,86 €/kWh bei 11 kW",Olumsuz,-1
193283,E-Bike-Ladestation Leipziger Neuseenland,(Unknown Operator),Zwenkau,ChIJS3ZMi4_6pkcRgo82lmJU4tQ,2.2,1,Laden wurde immer unterbrochen. Kann ich zum aktuellen Zeitpunkt leider nicht weiterempfehlen.,Olumsuz,-1
193283,E-Bike-Ladestation Leipziger Neuseenland,(Unknown Operator),Zwenkau,ChIJS3ZMi4_6pkcRgo82lmJU4tQ,2.2,1,Schnelllader defekt 😏,Olumsuz,-1
193283,E-Bike-Ladestation Leipziger Neuseenland,(Unknown Operator),Zwenkau,ChIJS3ZMi4_6pkcRgo82lmJU4tQ,2.2,4,Auswahl an 11kW und 50kW Lademöglichkeit.Parkplätze sind zu kurz. Fahrzeuge können daher etwas auf die Straße ragen.,Nötr,0
193277,Soul Kitchen,(Unknown Operator),Grimma,ChIJz-4_OT0Ep0cRJ0SVtHMxAMQ,4.3,4,"Laden funktioniert, kabel könnte etwas länger sein. Aber 0,79 €/kw ist schon wucher. Es sollte langsam vom Gesetzgeber eingegriffen werden",Nötr,0
193277,Soul Kitchen,(Unknown Operator),Grimma,ChIJz-4_OT0Ep0cRJ0SVtHMxAMQ,4.3,5,Bestens funktionierende Ladesäulen.,Olumlu,1
193277,Soul Kitchen,(Unknown Operator),Grimma,ChIJz-4_OT0Ep0cRJ0SVtHMxAMQ,4.3,3,"Funktioniert einwandfrei, wenn verfügbar. Lange Wartezeiten, da die Reparatur defekter Ladegeräte viel Zeit in Anspruch nimmt.",Olumlu,1
192359,Sendlinger Tor,(Unknown Operator),Munich,ChIJ9ehjIHHfnUcR3RME1GqqQXo,4.0,5,"Gute zentrale Säule auf dem McDonald’s Parkplatz (hinten).
Ladeleistung 150kW wird auf beide Stecker aufgeteilt.",Olumlu,1
192359,Sendlinger Tor,(Unknown Operator),Munich,ChIJ9ehjIHHfnUcR3RME1GqqQXo,4.0,4,Zuverlässige Ladestation mit großzügigen Parkplätzen am McDonalds. Einziges Manko: Ladeleistung beträgt bei gleichzeitig ladenden Autos leider nur 75kW statt 150kW.,Olumlu,1
192359,Sendlinger Tor,(Unknown Operator),Munich,ChIJ9ehjIHHfnUcR3RME1GqqQXo,4.0,4,75kw max auch wenn nur eine der beiden Säulen benutzt wird. 84 Cent pro kw. Dafür alles frei,Nötr,0
192359,Sendlinger Tor,(Unknown Operator),Munich,ChIJ9ehjIHHfnUcR3RME1GqqQXo,4.0,5,"Gute, zentral gelegene Ladesäule direkt hinter dem Mc Donalds. Die Säule verfügt über zwei CCS Anschlüsse.",Olumlu,1
192359,Sendlinger Tor,(Unknown Operator),Munich,ChIJ9ehjIHHfnUcR3RME1GqqQXo,4.0,3,"Ladeleistung wird geteilt, also nur 75KW",Olumsuz,-1
192336,Lidl,Lidl,Nittenau,ChIJPVHvfDDwn0cRM0m2llbJ_W8,3.5,2,"Günstiges Laden für 0,29€ AC und 0,48€ DC /kWh über die LIDL App.
AC-Laden sehr unzuverlässig, sehr oft Ladungsabbrüche oder die Station ist komplett außer Betrieb.
Die Hotline (Nr. Ist gut sichtbar) kann aber oft schnell weiterhelfen und startet die Station bei.
Ab und an ist AC auch von Dauerladern aus der Nachbarschaft besetzt.",Nötr,0
192336,Lidl,Lidl,Nittenau,ChIJPVHvfDDwn0cRM0m2llbJ_W8,3.5,5,unschlagbar der Preis: 29c/kWh,Olumlu,1
191961,Marktplatz,E.ON (DE),Bad Staffelstein,ChIJWS5sVkUsokcRGQAo8vaD9s8,3.9,5,"Sehr gute Ladestation. Bin mit einer Restladung von 15 % angekommen. Von 4 Ladeanschluss en waren 2 belegt. Habe dann sofort einer der beiden freien benutzt. Mit ADAC Ladekarte identifiziert und schon  ging step by step die Ladung Los. Kurz beim gegenüberliegenden Backshop einen Cappu zu mir genommen und habe nach ca. 20 Min. mittels der EnBW Lade App den Fortschritt der Ladung ueberprueft. Ich war sehr ueberrascht, wie schnell die Ladung voran schreitet. Nach ca. 27 Min. lag das Lade Ergebnis bei 82 %. Einfach super, wenn man E-technisch unterwegs ist.",Olumlu,1
191961,Marktplatz,E.ON (DE),Bad Staffelstein,ChIJWS5sVkUsokcRGQAo8vaD9s8,3.9,3,Aktuell nicht in Betrieb da die 2x 150 KW und 2x 300 KW Lader jetzt auf 4x 300 KW geändert wurden. Leider kein Chademo Laden mehr möglich in Zukunft….,Olumsuz,-1
191961,Marktplatz,E.ON (DE),Bad Staffelstein,ChIJWS5sVkUsokcRGQAo8vaD9s8,3.9,3,An sich guter Standort. Leider Sonntags durch Flohmarkt blockiert.,Nötr,0
191961,Marktplatz,E.ON (DE),Bad Staffelstein,ChIJWS5sVkUsokcRGQAo8vaD9s8,3.9,1,"bin von Google navigiert worden, alle Ladestationen außer Betrieb, waren mit Absperrband gekennzeichnet",Olumsuz,-1
191961,Marktplatz,E.ON (DE),Bad Staffelstein,ChIJWS5sVkUsokcRGQAo8vaD9s8,3.9,5,"War sehr gut zu finden, keine Wartezeiten, alles top",Olumlu,1
191659,Imbrosweg,be emobil,Berlin,ChIJ708el9pRqEcRnYu4av2iB08,5.0,5,Eine von vier Ladesäulen in direkter Nähe zum Gendarmenmarkts. Würde zusätzliche Lademöglichkeiten inklusive Parkmöglichkeiten für Elektrofahrzeuge in der Gegend sehr begrüßen! 🥳,Olumlu,1
191415,Regensburger Straße,ChargeIT mobility,Nittendorf,ChIJH8EQAIq-n0cRlOxdWQGyCjw,4.4,5,"Derzeit (04/2025) 4 vollwertige Ladestationen mit bis zu 300 kW direkt im Anschluss (südöstlich) an die bestehende Shell-Tankstelle.
Meiner Ansicht nach eine deutlich bessere Alternative zu den im Umfeld befindlichen 11 kW-Lader der lokalen REWAG.
Nebendran gibt es auch einen Dönerstand für den kleinen Hunger oder ca. 800 m die Hauptstraße hoch einen Aldi und einen dm.
Laden funktioniert gut!",Olumlu,1
191415,Regensburger Straße,ChargeIT mobility,Nittendorf,ChIJH8EQAIq-n0cRlOxdWQGyCjw,4.4,5,Ich habe Diesel getankt,Olumsuz,-1
191415,Regensburger Straße,ChargeIT mobility,Nittendorf,ChIJH8EQAIq-n0cRlOxdWQGyCjw,4.4,5,"Sehr nahe an der Autobahn, einfach erreichbar, gut durchgekommen und gut sichtbar.

Nebst Shell Schweiger Nittendorf mit schönem Shell Shop, tolle Waschanlage, Café und Backwaren.

4 Ladeplätze mit hyc 300kw",Olumlu,1
191415,Regensburger Straße,ChargeIT mobility,Nittendorf,ChIJH8EQAIq-n0cRlOxdWQGyCjw,4.4,1,"Weder über Roaming App, noch Roaming Karte möglich obwohl als verfügbar angezeigt. Kreditkartenterminals reagieren nicht. Und Shell Recharge App kennt die Station nicht mal. läuft bei Shell",Olumsuz,-1
191415,Regensburger Straße,ChargeIT mobility,Nittendorf,ChIJH8EQAIq-n0cRlOxdWQGyCjw,4.4,5,"Es war super, hat einwandfrei funktioniert und die Ladegeschwindigkeit war gut.
In der Nähe gibt es eine Tankstelle mit Café und auf dem Parkplatz einen kleinen Döner zum Mitnehmen.
Man muss die Autobahn verlassen.",Olumlu,1
190949,Q1 Autostrom,Q1 Autostrom,Roßdorf,ChIJyw78tXq1qEcRTnq_GptxGg8,5.0,5,"Gestern lud ich mein Microcar hier auf. Ich zahlte mit EnBW-Ladekarte. Funktionierte alles. An der Ladestation ist ein QR-Code, der Link führt zur Zahlung mit Paypal.",Olumlu,1
190863,Sonnenstrasse,(Unknown Operator),Gilching,ChIJtQOElUPUnUcRk8_6MYemRCU,4.5,3,"Von mir reicht es leider nur für drei Sterne. Ungewohnt, Aral pulse an einem REWE-Markt anzutreffen - das kenne ich sonst nur aus Sachsen. Es stehen zwei Alpitronic HYC200 mit 200 kW zur Verfügung, also pro CCS Stecker 100 kW. Bei einem korrekt konfigurierten Lastmanagement wären bei Belegung eines CCS pro Station auch 200 kW möglich, was hier nicht der Fall war. Die Ladestationen scheinen neu zu sein, daher umso weniger nachvollziehbar, wieso man hier nicht auf mindestens 300 kW pro Station setzt.",Nötr,0
190863,Sonnenstrasse,(Unknown Operator),Gilching,ChIJtQOElUPUnUcRk8_6MYemRCU,4.5,4,"Ladestation auf Rewe Parkplatz mit vier Ladepunkten. Zwei Säulen a 200kW liefern max. 100 kW am Ladeanschluß, deswegen nur vier Sterne. Für Schnelladen daher nur bedingt geeignet, in Verbindung mit Einkauf besser.",Olumlu,1
190662,Comfortcharge Ladestation,Comfortcharge,Greiz,ChIJZ6TnDVkroUcRxxBEfmWfNuc,3.3,4,"Gerade gut und schnell geladen, Bildschirmanzeige an der Ladesäule ist sehr dunkel, kaum etwas zu erkennen,

Gute Erreichbarkeit auch wenn sie etwas ab vom Schuss in einer leicht engeren Nebenstraße ist",Olumlu,1
190662,Comfortcharge Ladestation,Comfortcharge,Greiz,ChIJZ6TnDVkroUcRxxBEfmWfNuc,3.3,3,"Es gibt alle Anschlüsse. Ein Dach wäre schön, aber gibt es leider nicht. Die Anfahrt ist etwas anstrengend, da die Straße sehr eng ist, auf Grund der parkenden Autos auf beiden Seiten. Eine Entsorgung für Müll gibt es leider auch nicht. Es gibt  AC, DC und CHAdeMO",Nötr,0
190662,Comfortcharge Ladestation,Comfortcharge,Greiz,ChIJZ6TnDVkroUcRxxBEfmWfNuc,3.3,4,"die Ladestation selbst hat gut funktioniert und der Ladevorgang war schnell erfolgreich.

Vorsicht ist bei den sehr hohen Betonkanten der Parkplatzeinfassung geboten.

Dort kann man sich leider sehr schnell die Türen beschädigen",Nötr,0
190662,Comfortcharge Ladestation,Comfortcharge,Greiz,ChIJZ6TnDVkroUcRxxBEfmWfNuc,3.3,2,Ladestation brachte lediglich 70 kW,Olumsuz,-1
190659,Comfortcharge Ladestation,Comfortcharge,Weimar,ChIJdcXI7pIapEcRKtjYzwdkJTc,3.0,2,"Ist zugeparkt von einem Auto, was gar nicht mehr lädt - der ""einfache"" Typ-2-Stecker lädt nur mit 11kW - könnte ja mit 22kW laden",Olumsuz,-1
190659,Comfortcharge Ladestation,Comfortcharge,Weimar,ChIJdcXI7pIapEcRKtjYzwdkJTc,3.0,3,"Sehr versteckt in einer Sackgasse. Lädt aktuell nur mit 100 kW Max., Ankündigung von 150 kW klebt als Zettel dran. Parkplätze sehr eng und aufgrund der Anfahrtssituation schwer zu rangieren. CCS Kabel zu kurz wenn ein rechts-Hinten-Lader wir mein i4 auf dem Platz ganz links stehen muss. War glücklicherweise alles frei.",Olumsuz,-1
190659,Comfortcharge Ladestation,Comfortcharge,Weimar,ChIJdcXI7pIapEcRKtjYzwdkJTc,3.0,1,"Die Ladestation war frei bei Ankunft.
Leider war / ist es nicht möglich einen Ladevorgang via allgemeiner Kreditkarte freizuschalten.
Auch war / ist es nicht mögich den Ladevorgang via enbw-mobility-App freizuschalten.
Es ist wohl nötig eine betreiberspezifische Autorisierung vorzunehmen.",Olumsuz,-1
190659,Comfortcharge Ladestation,Comfortcharge,Weimar,ChIJdcXI7pIapEcRKtjYzwdkJTc,3.0,5,"Liegt etwas abseits, deswegen ist eigentlich immer ein Platz frei.",Nötr,0
190659,Comfortcharge Ladestation,Comfortcharge,Weimar,ChIJdcXI7pIapEcRKtjYzwdkJTc,3.0,4,"War alles ziemlich einfach, laden mit der App",Olumlu,1
190658,Comfortcharge Ladestation,Comfortcharge,Leipzig,ChIJ22D7H5tYpkcR8lr_JsKlzeI,2.4,1,Die Kabel sind schon seit Monaten oder gar Jahren abgeschnitten. Der Hersteller tut auch nix daran dass zu ändern. Schade. Wäre wirklich eine der seltenen Ladesäulen in der Gegend. Hoffe der Hersteller bessert bald wieder nach.,Olumsuz,-1
190658,Comfortcharge Ladestation,Comfortcharge,Leipzig,ChIJ22D7H5tYpkcR8lr_JsKlzeI,2.4,1,Letzte Woche waren die Kabel immer noch abgeschnitten.,Olumsuz,-1
190658,Comfortcharge Ladestation,Comfortcharge,Leipzig,ChIJ22D7H5tYpkcR8lr_JsKlzeI,2.4,1,"Defekte Säule, es fehlen die CCS Kabel, kein Laden möglich",Olumsuz,-1
190658,Comfortcharge Ladestation,Comfortcharge,Leipzig,ChIJ22D7H5tYpkcR8lr_JsKlzeI,2.4,1,Die Säule ist defekt. Die Kabel sind abgeschnitten.,Olumsuz,-1
190658,Comfortcharge Ladestation,Comfortcharge,Leipzig,ChIJ22D7H5tYpkcR8lr_JsKlzeI,2.4,1,Kabel defekt,Olumsuz,-1
190657,Comfortcharge Ladestation,Comfortcharge,Hainichen,ChIJo32cImxop0cRByygv1hMWrE,4.2,4,"Derzeit nicht mit den vollen 150kw und nicht geräumt aber dafür ein sehr großzügiger Parkplatz hell erleuchtet und viele nützliche Geschäfte in der Nähe, die Preise sind fair, sowie alle üblichen Anschlüsse vorhanden :)",Olumlu,1
190657,Comfortcharge Ladestation,Comfortcharge,Hainichen,ChIJo32cImxop0cRByygv1hMWrE,4.2,4,"Nur mit 70 kW geladen, aber sonst alles super.",Olumlu,1
190657,Comfortcharge Ladestation,Comfortcharge,Hainichen,ChIJo32cImxop0cRByygv1hMWrE,4.2,4,Funktioniert einwandfrei. Allerdings recht teuer.,Olumlu,1
190656,Comfortcharge Ladestation,Comfortcharge,Riesa,ChIJf7R34tWcp0cRB2JfHoEr5q4,3.2,1,"Laden mit Juicer nicht möglich. Selbst mit Vattenfall Karte lädt die Station erst nach 3 Versuchen. Hotline kann keinen Fehler feststellen... Zwei Sterne gebe ich trotzdem, da es der einzige Schnelllader in Riesa ist. Traurig 😢
Update: 06.12.2021 Die Ladesäule funktioniert immer noch nicht korrekt. Hotline mehrfach kontaktiert - Anschluss CCS, Auto Audi e-tron.",Olumsuz,-1
190656,Comfortcharge Ladestation,Comfortcharge,Riesa,ChIJf7R34tWcp0cRB2JfHoEr5q4,3.2,4,"Toll dass es das in Riesa gibt, aber die Säule ist recht gut versteckt, das Bild täuscht.",Olumlu,1
190656,Comfortcharge Ladestation,Comfortcharge,Riesa,ChIJf7R34tWcp0cRB2JfHoEr5q4,3.2,1,Kein Chademo mehr!,Olumsuz,-1
190655,Comfortcharge Ladestation,Comfortcharge,Schwarzenberg,ChIJmRbpJZO2oEcRBNbkgpIOjH0,3.5,2,"Laden nur mit AC oder langsamen DC (12,5KW) möglich. Schade",Olumsuz,-1
190655,Comfortcharge Ladestation,Comfortcharge,Schwarzenberg,ChIJmRbpJZO2oEcRBNbkgpIOjH0,3.5,4,"Klassische Ladestation, macht was es soll. Allerdings nicht überdacht und auch sonst nichts weiter in der unmittelbaren Umgebung. Aber das beeinträchtigt das Laden nicht, daher 4 Sterne.",Olumlu,1
190655,Comfortcharge Ladestation,Comfortcharge,Schwarzenberg,ChIJmRbpJZO2oEcRBNbkgpIOjH0,3.5,2,"Prinzipiell ja, aber scheint in letzter Zeit defekt zu sein, CCS nur im Schneckentempo. Was ist los?",Olumsuz,-1
190655,Comfortcharge Ladestation,Comfortcharge,Schwarzenberg,ChIJmRbpJZO2oEcRBNbkgpIOjH0,3.5,5,"Gute Ladestation zwar etwas versteckt, aber  tut Ihren Dienst.",Olumlu,1
190655,Comfortcharge Ladestation,Comfortcharge,Schwarzenberg,ChIJmRbpJZO2oEcRBNbkgpIOjH0,3.5,5,Hab hier seit August 2020 schon sehr oft geladen…bisher immer zuverlässig.,Olumlu,1
190653,Comfortcharge Ladestation,Comfortcharge,Munich,ChIJmU3J1-N2nkcRe7RJkiCndeI,2.4,3,"Zuerst eins dann zwei und dann alle

Jetzt geht gar keine Station mehr - wir haben hier sehr häufig und gut geladen - aber jetzt sind alle offline - und das schon seit längerem",Olumsuz,-1
190653,Comfortcharge Ladestation,Comfortcharge,Munich,ChIJmU3J1-N2nkcRe7RJkiCndeI,2.4,5,Funktioniert bei mir immer einwandfrei. Lade allerdings immer AC.,Olumlu,1
190653,Comfortcharge Ladestation,Comfortcharge,Munich,ChIJmU3J1-N2nkcRe7RJkiCndeI,2.4,1,"Lieber Betreiber,

haben Sie eigentlich auch nur ansatzweise eine Vorstellung, welchen Schaden Sie hier anrichten?

Auch ich habe diese Station in der Vergangenheit bereits erfolglos ausprobiert. Das Kernproblem ist offensichtlich Ihr Versuch, mit einer Pufferbatterie eine viel zu schwache Stromversorgung auszugleichen. Leider ist aber auch die Pufferbatterie viel zu klein und die technische Umsetzung nicht ausgereift.

Kurz gesagt: Leere Pufferbatterie = wenig oder kein Ladestrom = Nichterfüllung eines Leistungsversprechens.

Als Fahrer muss ich doch davon ausgehen, dass die Angaben zur Ladeleistung, wie ich sie z.B. in der App sehe, erfüllt werden. Und dass das Ding einfach tut, wenn es in der App als betriebsbereit und frei angezeigt wird.

Kann es Ihnen denn wirklich egal sein, welche Erfahrungen Sie Ihren Kunden zumuten? Ich denke nicht.

Wenn die Gegner der Elektromobilitât auf deren Unzuverlässigkeit verweisen - es sind dysfunktionale Angebote wie Ihres, das Wasser auf ihre Mühlen gießt.

Sie beschädigen damit Ihr eigenes Geschâftsmodell.

Liebe, leider sehr frustrierte Grüße,

Oliver F Lehmann",Olumsuz,-1
190653,Comfortcharge Ladestation,Comfortcharge,Munich,ChIJmU3J1-N2nkcRe7RJkiCndeI,2.4,2,"Die versprochene Ladeleistung CCS wird nicht erreicht. Hängt sogar ein Schild da, das aufgrund der Netzinfrastruktur nicht mehr Leistung zur Verfügung steht. Das schlimmste ist allerdings das wohl nur ein Auto gleichzeitig laden kann, da letztes mal der CCS Anschluss belegt war, da hab ich es am Typ2 Stecker versucht.  Da kam die Meldung das der Ladevorgang beendet wurde, weil nicht genug  Leistung zu Verfügung steht.",Olumsuz,-1
190653,Comfortcharge Ladestation,Comfortcharge,Munich,ChIJmU3J1-N2nkcRe7RJkiCndeI,2.4,1,Die Ladestation ist mittlerweile außer Betrieb,Olumsuz,-1
190651,Comfortcharge Ladestation,Comfortcharge,Torgau,ChIJKeH4Gh66p0cRzD_3jGbQIng,2.7,2,Heute habe ich mein Fahrzeug an Ihrer Ladesäule geladen. Die aktive Ladezeit betrug insgesamt 86 Minuten. Nach Ablauf einer Stunde wurde mir jedoch eine zusätzliche Blockiergebühr für 26 Minuten berechnet. Ich stand da ganz alleine.... Aus meiner Sicht ist diese Zusatzgebühr nach nur 60 min. nicht nachvollziehbar.,Olumsuz,-1
190651,Comfortcharge Ladestation,Comfortcharge,Torgau,ChIJKeH4Gh66p0cRzD_3jGbQIng,2.7,2,"Die Zufahrt ist sehr eng, insbesondere wenn schon ein Fahrzeug auf dem ersten Platz steht. Der RFID Leser ist in so großer Höhe angebracht, das ich mich mit 1.80m schon ""strecken"" muss um heranzukommen. Comfort geht anders liebe Telekom!",Nötr,0
190651,Comfortcharge Ladestation,Comfortcharge,Torgau,ChIJKeH4Gh66p0cRzD_3jGbQIng,2.7,4,"Eine Ladeseite war außer Betrieb, die andere etwas störeisch. Letztendlich konnten wir aber geladen weiterfahren. Also wohl alles gut.",Olumlu,1
190651,Comfortcharge Ladestation,Comfortcharge,Torgau,ChIJKeH4Gh66p0cRzD_3jGbQIng,2.7,2,"Ladesäule mitten im nichts, da will man schnell wieder weg.
Schnell geht aber nicht, trotz alleiniger Belegung nur 70 KW Max. (Enyaq iV 80 / 16% Ladestand / 17 Grad Außentemperatur). In EnBW App werden 150 KW Max genannt, die liegen nicht an, auch keine 100…

Edit 01.07.2024:

Noch ein Hinweis an den Inhaber, die Ladeleistung ist abhängig vom SoC, nicht von der Technologie 400V/800V. An jeder anderen Säule mit entsprechender Leistung erreicht auch ein Enyaq mit dem Ladestand mehr als 150kW.",Olumsuz,-1
190651,Comfortcharge Ladestation,Comfortcharge,Torgau,ChIJKeH4Gh66p0cRzD_3jGbQIng,2.7,5,"Einfach und problemlos. Genügend Platz und Anschlüsse für 3 PKW. Hatte bisher auch nie das Problem dort nicht laden zu können. Ein Typ 2 Anschluss ist ohne Kabel, der zweite mit.",Olumlu,1
190644,Comfortcharge Ladestation,Comfortcharge,Chemnitz,ChIJl2mTvgFHp0cRNzCYINQP9Pw,3.3,1,"Die Säule ist sehr unzuverlässig und ist nun schon wieder seit zwei Wochen außer Betrieb. Bitte prüft dringend vorher, ob sie wieder funktioniert, wenn ihr sie anfahren wollt. Wenn euch wieder nur das Fragezeichen angezeigt wird, dann lasst es besser gleich.",Olumsuz,-1
190644,Comfortcharge Ladestation,Comfortcharge,Chemnitz,ChIJl2mTvgFHp0cRNzCYINQP9Pw,3.3,1,"VORSICHT an dieser Ladesäule!
Die Blockiergebühr ist hier NICHT gedeckelt. Es kommen horrende Kosten auf einen zu, wenn man das nicht weiß!
Da kostet ein Ladevorgang über Nacht gerne mal über 100€.",Olumsuz,-1
190644,Comfortcharge Ladestation,Comfortcharge,Chemnitz,ChIJl2mTvgFHp0cRNzCYINQP9Pw,3.3,4,erster Versuch von der Säule abgebrochen. etwas versteckt. Sonst gut,Nötr,0
190644,Comfortcharge Ladestation,Comfortcharge,Chemnitz,ChIJl2mTvgFHp0cRNzCYINQP9Pw,3.3,5,Etwas versteckt aber geht bestens 🤗,Olumlu,1
190643,Comfortcharge Ladestation,Comfortcharge,Schkeuditz,ChIJt8-hbo5fpkcR2MWpySqrCF4,2.7,1,"Sehr sehr schlechte Station.

1. Katastrophale Lage im Industriegebiet komplett ab vom Schuss.

2. Start des Ladevorgangs mal wieder unfassbar kompliziert mit eigenem System gemanaged (Kein Enbw, Kein Eon, Kein Plugsurfing möglich) Als wenn man nicht schon genug Karten und Apps hätte. Komplett lächerlich, da dies ja eine ""Comfortcharge"" Station ist sollte man das dann vielleicht auch dementsprechend komfortabel machen.

3. Falsche Angabe was den Ladestrom angeht. Hier kommen selbst aus dem CCS Stecker höchtens 22 KW.

4. Teurer als Starkstrom Stationen auf der Autobahn.

Mein Tipp: Fahrt einfach zur Aral 250 Meter weiter.",Olumsuz,-1
190643,Comfortcharge Ladestation,Comfortcharge,Schkeuditz,ChIJt8-hbo5fpkcR2MWpySqrCF4,2.7,1,"Die Kabel wurden abgeschnitten, ist nicht mehr zu benutzen.",Olumsuz,-1
190643,Comfortcharge Ladestation,Comfortcharge,Schkeuditz,ChIJt8-hbo5fpkcR2MWpySqrCF4,2.7,1,"Akzeptierte weder die Karte von ""Mobility +"" noch die von ""Plugsurfing"".",Olumsuz,-1
190643,Comfortcharge Ladestation,Comfortcharge,Schkeuditz,ChIJt8-hbo5fpkcR2MWpySqrCF4,2.7,5,"Eine etwas abgelegene  versteckte Ladestation, dennoch  gut zu wissen  und ein guter Tipp  für alle die elektronisch unterwegs sind",Olumlu,1
190643,Comfortcharge Ladestation,Comfortcharge,Schkeuditz,ChIJt8-hbo5fpkcR2MWpySqrCF4,2.7,5,Schöner Ausblick auf die Bahnstrecke.,Olumlu,1
190637,Comfortcharge Ladestation,Comfortcharge,Blankenfelde-Mahlow,ChIJcWoDAZJDqEcRY-0yFbmdpGQ,3.3,1,"Der Kundenservice der Telekom miserabel, der demotiviert klingende Mitarbeiter wusste von Anfang an dass er mir nicht helfen kann, er wusste noch nicht einmal der Ladesäule. Danach stellte sich heraus, die Ladesäule macht ständig Probleme. Heute haben bereits vier Kunden angerufen, weil der NFC Leser für die ladekarte nicht funktioniert, da muss wohl mal ein Techniker geschickt werden, heute kann man nichts mehr machen, Motivation klingt anders :-(",Olumsuz,-1
190637,Comfortcharge Ladestation,Comfortcharge,Blankenfelde-Mahlow,ChIJcWoDAZJDqEcRY-0yFbmdpGQ,3.3,2,"Würde Stecker Typ 2 funktionieren, waren es mehr Sterne geworden.",Nötr,0
190637,Comfortcharge Ladestation,Comfortcharge,Blankenfelde-Mahlow,ChIJcWoDAZJDqEcRY-0yFbmdpGQ,3.3,1,"Jede Woche ist irgendwas an der Säule kaputt. Die Störungshotline hat seit Tagen eine ""Störung"" :-). Dementsprechend steht man da im Regen und kann nichtmal irgendwo anrufen. Wenn man denn mal einen Techniker am Telefon hat, kann er einem auch nicht weiterhelfen. Also kann man sich gleich den Anruf sparen.",Olumsuz,-1
190637,Comfortcharge Ladestation,Comfortcharge,Blankenfelde-Mahlow,ChIJcWoDAZJDqEcRY-0yFbmdpGQ,3.3,1,Meine Karte wurde leider nicht erkannt und es hieß sie sei ungültig. Auflaufen war leider nicht möglich.,Olumsuz,-1
190637,Comfortcharge Ladestation,Comfortcharge,Blankenfelde-Mahlow,ChIJcWoDAZJDqEcRY-0yFbmdpGQ,3.3,1,"Nicht über Enbw startbar obwohl sie dort eindeutig drin steht und die App angibt den Ladevorgang zu starten. Keine Möglichkeit über normale Kreditkarte oder Lastschrift zu zahlen. Die Pauschbeiträge sind völlig überteuert, was aber nicht stört da man sie eh nicht starten kann.",Olumsuz,-1
190636,Comfortcharge Ladestation,Comfortcharge,Döbeln,ChIJGwo35_1xp0cRA8BCXRmJF9k,4.8,4,"Update 29.04.24: Gerade wieder angesteckt um das Auto zu laden. Heute funktioniert es ohne Probleme. Danke für die Kontrolle. Daher nun auch 4 Sterne. Station liegt gut an meiner Strecke allerdings keine Einkaufsmöglichkeiten oder WC in der Nähe.

Original 21.04.24: Wollte heute meinen kleinen Dacia Spring laden. Ladevorgang konnte nicht gestartet werden, egal welche Ladekarte. Im Anschluss wollte selbst das Auto nicht mehr angehen. Erst nach Telefonat mit dem Werkstatt Service funktionierte mein Auto wieder. Bin direkt zu einer anderen Säule in der Nähe gefahren und das laden funktionierte sofort.",Olumlu,1
190636,Comfortcharge Ladestation,Comfortcharge,Döbeln,ChIJGwo35_1xp0cRA8BCXRmJF9k,4.8,5,great station,Olumlu,1
190633,Comfortcharge Ladestation,Comfortcharge,Leipzig,ChIJBaSGyqP4pkcRGBJlT-zflOA,2.8,2,"die Ladesäule ist etwas versteckt um die Ecke von einer Tankstelle. Leider konnten die zugesagten 150KW nicht genutzt werden, Es standen lediglich 70KW zur Verfügung. Dadurch kam es zu längeren Ladezeiten und da es keine besseren Alternativen in der Nähe gab hieß es warten.",Nötr,0
190633,Comfortcharge Ladestation,Comfortcharge,Leipzig,ChIJBaSGyqP4pkcRGBJlT-zflOA,2.8,4,Nach einigen Abbrüchen konnte ich mit Jucer volladen. Leider wieder kein Papierkorb an der Ladestation. Dafür ist jedoch eine Star Tankstelle direkt daneben mit gutem Shop.,Nötr,0
190633,Comfortcharge Ladestation,Comfortcharge,Leipzig,ChIJBaSGyqP4pkcRGBJlT-zflOA,2.8,1,Stand 5.8.2024. Die Hoffnung auf rasche Reparatur bleibt.,Nötr,0
190633,Comfortcharge Ladestation,Comfortcharge,Leipzig,ChIJBaSGyqP4pkcRGBJlT-zflOA,2.8,2,Leider nach 8 kWh Ladeabbruch,Olumsuz,-1
190633,Comfortcharge Ladestation,Comfortcharge,Leipzig,ChIJBaSGyqP4pkcRGBJlT-zflOA,2.8,5,"Mal angeschaut, fahre selbst aber noch Diesel",Nötr,0
190566,Comfortcharge Ladestation,Comfortcharge,Werdau,ChIJY1qKBVoqp0cR_-jNjSdca-Q,3.8,5,"Ladung funktioniert tadellos. Vielen Dank, dass Sie an diesem Standort das öffentliche Laden auch in der Fläche ermöglichen! Schön auch, dass die Säule neben Chademo (nutzt das überhaupt noch jemand?), CCS und Typ2 auch noch eine zusätzliche Typ2-Buchse hat. So konnte ich ebenfalls laden, obwohl der Kollege neben mir das Typ2-Kabel bereits beanspruchte.",Olumlu,1
190566,Comfortcharge Ladestation,Comfortcharge,Werdau,ChIJY1qKBVoqp0cR_-jNjSdca-Q,3.8,1,"Nicht ausgereifte Technik!
Keine Möglichkeit mit der App zu Laden/Bezahlen.
Außerdem kann einen die Hilfe-Hotline genauso wenig weiterhelfen.",Olumsuz,-1
190566,Comfortcharge Ladestation,Comfortcharge,Werdau,ChIJY1qKBVoqp0cR_-jNjSdca-Q,3.8,4,"Ging gut. Leider nur 100kw, aber die kamen auch tatsächlich.",Olumlu,1
190566,Comfortcharge Ladestation,Comfortcharge,Werdau,ChIJY1qKBVoqp0cR_-jNjSdca-Q,3.8,5,Ist eine typische Ladesäule der Telekom mit 1x Chademo 1x CCS 1x Typ 2 mit vorhandenem Kabel an der Ladesäule und eine Typ 2 Buchse mit der Möglichkeit ein eigenes Kabel anzustecken.Ein RFID Kartenleser ist vorhanden für z.B. EnBW Ladekarte etc.Ladevorgang erfolgreich und Zentral in Werdau gelegen ca 3 Minuten zu Fuss ins Kaufland und die Innenstadt ist direkt vor der Nase.,Olumlu,1
190566,Comfortcharge Ladestation,Comfortcharge,Werdau,ChIJY1qKBVoqp0cR_-jNjSdca-Q,3.8,2,"am 14.07.2024 geladen, anstatt der 100 KW leider nur mit 50 KW geladen,schade",Olumsuz,-1
190565,Comfortcharge Ladestation,Comfortcharge,Grimma,ChIJk0GaJi4Ep0cRhsW1_zh8Etw,2.0,1,Konnte heute weder mit Mobility+ noch mit der Einfach Laden App laden.,Olumsuz,-1
190565,Comfortcharge Ladestation,Comfortcharge,Grimma,ChIJk0GaJi4Ep0cRhsW1_zh8Etw,2.0,1,Derzeit außer Betrieb (ein Kabel fehlt).,Olumsuz,-1
190565,Comfortcharge Ladestation,Comfortcharge,Grimma,ChIJk0GaJi4Ep0cRhsW1_zh8Etw,2.0,5,Kein Problem mit EnBW Mobility+.,Olumlu,1
190559,IONITY Donautal West,Ionity,Passau,ChIJC3-zsAH4dEcRoIXw2dmRDEs,3.6,5,"Super Ladepunkt. Auch für E-LKW möglich hier zu laden, allerdings nur der rechteste.",Olumlu,1
190559,IONITY Donautal West,Ionity,Passau,ChIJC3-zsAH4dEcRoIXw2dmRDEs,3.6,5,"achtung, schwer zu finden. an der tankstelle links vorbei und direkt danach scharf rechts stehen die ionity säulen.
wer rechts an der tankstelle vorbei fährt kommt nicht (nur gegen die einbahn.",Olumsuz,-1
190559,IONITY Donautal West,Ionity,Passau,ChIJC3-zsAH4dEcRoIXw2dmRDEs,3.6,1,"Keine Beschilderung, wer falsch abbiegt kommt nicht mehr zu den Ladestationen.",Olumsuz,-1
190559,IONITY Donautal West,Ionity,Passau,ChIJC3-zsAH4dEcRoIXw2dmRDEs,3.6,4,"Das Aufladen ging gut und schnell, die Anfahrt ist blöd ausgeschildert und
2 / 4 Säulen waren ""tot"". Allerdings war das nirgendwo zu sehen, weder in der APP noch war ein Schild an den Säulen. Ich bin zu einer ""toten"" Säulen gefahren, bis ich gemerkt habe, daß das Display nicht funktionierte. Nach mir kam noch jemand, der auch an eine tote Ladesäule fuhr.
Kann man besser machen. In Österreich klappt es da viel besser.",Olumsuz,-1
190559,IONITY Donautal West,Ionity,Passau,ChIJC3-zsAH4dEcRoIXw2dmRDEs,3.6,3,Das Laden hat super geklappt. Die Anfahrt zur Ladestation ist nicht eindeutig gekennzeichnet. Ich musste zwangsläufig Verkehrsregeln brechen um unbedingt Laden zu können. Da ist noch Luft nach oben.,Olumlu,1
190558,IONITY Donautal Ost,Ionity,Passau,ChIJ-4uAKAD4dEcRlfoaIXul4Vo,4.2,5,"Alle Säulen haben funktioniert, die Stellplätze schön breit und gut zu finden, außerdem sehr nah zum Raststättengebäude. Auch keine Wartezeit. Alles also ziemlich perfekt, nur ein Dach wäre noch die Krönung.",Olumlu,1
190558,IONITY Donautal Ost,Ionity,Passau,ChIJ-4uAKAD4dEcRlfoaIXul4Vo,4.2,5,Laden hat schnell und problemlos funktioniert. Die Tankstelle ist gleich nebenan.,Olumlu,1
190558,IONITY Donautal Ost,Ionity,Passau,ChIJ-4uAKAD4dEcRlfoaIXul4Vo,4.2,1,"Die Toiletten für Behinderte sind ein schlechter Witz. Erstens ist es dreckig und es fehlte Seife. Zweitens ist es über zwei Türen zu betreten, wovon sich die eine überhaupt nicht absperren lässt, auch nicht mit Euroschlüssel. Die Tür die sich nicht absperren lässt führt direkt ins Frauenklo und fungiert dort wohl als Notausgang. Die Frauen waren alle sehr begeistert als ich als Mann also mitten im Damenklo stand. Außerdem kam natürlich noch während der Benutzung der Toilette ein Rollstuhlfahrer hereingefahren. Für schlimmer Behinderte, die vielleicht sogar ein großes Geschäft erledigen müssen und dementsprechend längere Zeit mit heruntergelassenen Hosen dasitzen eine sehr entwürdigende Situation. Hier besteht dringender Handlungsbedarf.",Olumsuz,-1
190558,IONITY Donautal Ost,Ionity,Passau,ChIJ-4uAKAD4dEcRlfoaIXul4Vo,4.2,4,"Viele lader, aber
1Stk. Defekt, und ein weitere hat nur mit 30 kW geladen. Der 3e funktioniert Ordnungsgemäß",Nötr,0
190558,IONITY Donautal Ost,Ionity,Passau,ChIJ-4uAKAD4dEcRlfoaIXul4Vo,4.2,3,"Der Zustand der seit 5 Tagen besteht: ""Nur zwei der vier Ladesäulen haben richtig funktioniert (1 defekt, 1 gab nur 35kW ab)."" @ionity das geht besser!
Baut halt (einfach) die Platzhalter auf.",Olumlu,1
190540,IONITY Bayerischer Wald Süd,Ionity,Hunderdorf,ChIJu2SulR5pdUcRYlly_aDlx7Y,4.2,5,"Gute großzügige Parkplätze zum Laden.
4X 350kw und 2 weitere sind vorgesehen. Laden ohne Probleme.
Der Weg zur Raststätte/McDonalds ist kurz.",Olumlu,1
190540,IONITY Bayerischer Wald Süd,Ionity,Hunderdorf,ChIJu2SulR5pdUcRYlly_aDlx7Y,4.2,4,"Laden hat bestens funktioniert. Direkt daneben Kinderspielplatz, Einkehrmöglichkeit. Leider kein Dach und rückwärts einparken ist Pflicht, da sonst Ladekabel zu kurz.
Achtung, nicht verwechseln, direkt daneben ist eine Ladestation eines anderen Anbieters, die für uns nicht kompatibel war.",Olumlu,1
190540,IONITY Bayerischer Wald Süd,Ionity,Hunderdorf,ChIJu2SulR5pdUcRYlly_aDlx7Y,4.2,4,"Das Laden an der Ionity-Ladestation in Bayerischer Wald Süd verlief reibungslos, aber es wäre großartig, wenn mehr Ladesäulen verfügbar wären. Ein Sitzbereich und eine Überdachung würden das Ladeerlebnis in diesem Bereich verbessern.",Olumlu,1
190540,IONITY Bayerischer Wald Süd,Ionity,Hunderdorf,ChIJu2SulR5pdUcRYlly_aDlx7Y,4.2,4,"Ohne Probleme, am 26.12. um die Mittagszeit. Konnte sofort ohne Wartezeit laden.",Olumlu,1
190540,IONITY Bayerischer Wald Süd,Ionity,Hunderdorf,ChIJu2SulR5pdUcRYlly_aDlx7Y,4.2,4,Leider schwer kompatibel mit Polestar. Erst nach einigen Versuchen Laden möglich,Olumsuz,-1
190458,Home,(Private Residence/Individual),Kirchseeon,ChIJP5esORT9nUcRZxjKT_AMhGE,4.4,4,"Ladestation liegt etwas abseits - aber doch gut erreichbar.
Laden geht relativ langsam.",Olumlu,1
190458,Home,(Private Residence/Individual),Kirchseeon,ChIJP5esORT9nUcRZxjKT_AMhGE,4.4,5,etwas versteckt aber gut funktionierende Schnellladestation.,Olumlu,1
190458,Home,(Private Residence/Individual),Kirchseeon,ChIJP5esORT9nUcRZxjKT_AMhGE,4.4,5,Könnte wunderbar laden.,Olumlu,1
190458,Home,(Private Residence/Individual),Kirchseeon,ChIJP5esORT9nUcRZxjKT_AMhGE,4.4,1,Hat einfach nicht mit unserem Renault Zoe funktioniert.,Olumsuz,-1
190381,Q1 Autostrom,Q1 Autostrom,Leipzig,ChIJc4VW-YD4pkcR97FJd_uicuI,4.3,5,Hat alles super mit der DKV Karte geklappt. Schnell und unkompliziert !,Olumlu,1
190381,Q1 Autostrom,Q1 Autostrom,Leipzig,ChIJc4VW-YD4pkcR97FJd_uicuI,4.3,1,Wollte heute mit meiner Firmenkarte laden hatte extra nachgeguckt ob die Firmenkarte geht die CHARGENOW geht leider nicht so bin sehr enttäuscht,Olumsuz,-1
190381,Q1 Autostrom,Q1 Autostrom,Leipzig,ChIJc4VW-YD4pkcR97FJd_uicuI,4.3,5,"Station funktioniert und macht was sie soll.
Ist auch meistens komplett frei, weil in der Nähe eben nichts ist, wo man die Zeit verbringen kann (außer in der Tankstelle)

Zum schnellen Laden wenn das Auto leer ist absolut zu gebrauchen & der Kaffee in der Tankstellen ist auch in Ordnung.",Olumlu,1
190381,Q1 Autostrom,Q1 Autostrom,Leipzig,ChIJc4VW-YD4pkcR97FJd_uicuI,4.3,3,"Die Ladesäule schaffte an meinem ID.3 nur 75 kW statt der möglichen 100 kW, von 16-82% SOC.",Olumsuz,-1
190381,Q1 Autostrom,Q1 Autostrom,Leipzig,ChIJc4VW-YD4pkcR97FJd_uicuI,4.3,5,Funktioniert einwandfrei! Getestet mit mobility+ und Maingau. Mit dem Hyundai Kona (2021 / 150kW) habe ich bis zu 76kW Ladeleistung erreicht.,Olumlu,1
190338,Comfortcharge Ladestation,Comfortcharge,Leipzig,ChIJi4TRCaL3pkcRd4Wn7fB4_SU,3.2,5,"Laden mit DKV Card +Charge möglich.
Große Station mit unterschiedlichen Steckern, die Kabel sind vorhanden.
Einfache Handhabung, erst Einstecken, Karte vorhalten, fertig.
In unmittelbarer Reichweite zum Felsenkeller, also sicher auch während Veranstaltungen eine gute Wahl.",Olumlu,1
190338,Comfortcharge Ladestation,Comfortcharge,Leipzig,ChIJi4TRCaL3pkcRd4Wn7fB4_SU,3.2,2,"Öffnungszeiten passen leider nicht mit der aktuellen Beschilderung überein und auch die Einträge bei Google, EnBW und anderen Anbietern sind (noch) falsch. Die Öffnungszeiten wurden wohl wegen Lärmbelästigung der umliegenden Mieter angepasst (Wochentags 6-22, an Wochenenden und Feiertagen geschlossen), das ist aber eben nirgendwo ersichtlich.",Olumsuz,-1
190338,Comfortcharge Ladestation,Comfortcharge,Leipzig,ChIJi4TRCaL3pkcRd4Wn7fB4_SU,3.2,1,"Ich versuche hier jede Woche zu laden.
7 von 10 mal klappt es nicht und es wird mir ein technischer Fehler mit der EnBW App angezeigt.",Olumsuz,-1
190338,Comfortcharge Ladestation,Comfortcharge,Leipzig,ChIJi4TRCaL3pkcRd4Wn7fB4_SU,3.2,5,Prima Ladestation. Sehr gute Leistung. Bezahlen mit EnBW- Ladekarte geht. Etwas schwierig mit Einparken.,Olumlu,1
190338,Comfortcharge Ladestation,Comfortcharge,Leipzig,ChIJi4TRCaL3pkcRd4Wn7fB4_SU,3.2,3,"Etwas versteckt und eng, aber funktioniert!",Olumlu,1
190203,Comfortcharge Ladestation,Comfortcharge,Reichenbach,ChIJc7VSg-jVoEcRbqidDQJq05I,4.0,4,Nicht ganz einfach zu finden 😉. Einfach zielsicher durch die kaputte Schranke fahren. Die Ladeanschlüsse sind von der Leistung her vertauscht. Angeblich auf 1 --> 200kw und auf 2--> 100kw. Ist aber vertauscht. Mit einem MY lassen sich trotzdem nur mit ca. 86kw laden. An der 1 waren es sogar nur 75kw.,Nötr,0
190203,Comfortcharge Ladestation,Comfortcharge,Reichenbach,ChIJc7VSg-jVoEcRbqidDQJq05I,4.0,5,"Etwas schwer zufinden, rechts über den kleinen Parkplatz dann links durch die Schranke zur Telekom. Direkt neben dem Park. Leider funktioniert der Start nicht über die App, also Karte benutzten. CCS am Model3 mit 75KW",Nötr,0
190203,Comfortcharge Ladestation,Comfortcharge,Reichenbach,ChIJc7VSg-jVoEcRbqidDQJq05I,4.0,3,"Mit dem Navi nicht zu finden da hier ein Bauzaun steht .
Durchfahrt bei der Schranke  beachten.",Nötr,0
190203,Comfortcharge Ladestation,Comfortcharge,Reichenbach,ChIJc7VSg-jVoEcRbqidDQJq05I,4.0,4,Bis auf die Pauschalabrechnung perfekt. Die funktioniert wenigstens.,Nötr,0
190203,Comfortcharge Ladestation,Comfortcharge,Reichenbach,ChIJc7VSg-jVoEcRbqidDQJq05I,4.0,3,"Es ist unklar, wie viel Strom es liefert und wie man bezahlt. Es gibt keinen QR-Code, aber verschiedene Möglichkeiten zur Kirchennutzung im Internet werden angeboten.",Olumlu,1
190169,Comfortcharge Ladestation,Comfortcharge,Potsdam,ChIJqVzm8WJfqEcRUG_KrHacoaA,3.6,5,"Einfach zu bedienen , gut gelegen, nur eben für einen Transporter ein klein wenig zu schmal gebaut.",Olumlu,1
190169,Comfortcharge Ladestation,Comfortcharge,Potsdam,ChIJqVzm8WJfqEcRUG_KrHacoaA,3.6,1,"Mieser Schrott bei beiden Steckern Probleme beim Laden.
Nie wieder hier.",Olumsuz,-1
190169,Comfortcharge Ladestation,Comfortcharge,Potsdam,ChIJqVzm8WJfqEcRUG_KrHacoaA,3.6,5,Problemlos konnte ich meinen Seat Mii electric per CCS nachladen. Komme bestimmt mal wieder.,Olumlu,1
190169,Comfortcharge Ladestation,Comfortcharge,Potsdam,ChIJqVzm8WJfqEcRUG_KrHacoaA,3.6,2,"Die 100kW am CCS standen gestern nicht zur Verfügung, hat mit maximal 60kW geladen und es lag nicht am Auto. Die Positionierung der Ladesäule ist nicht für alle Ladeports optimal, wer plant sowas nur?",Olumsuz,-1
190169,Comfortcharge Ladestation,Comfortcharge,Potsdam,ChIJqVzm8WJfqEcRUG_KrHacoaA,3.6,2,Standort ist gut. Chademo nicht mehr vorhanden. Das ist schade.,Nötr,0
190165,Comfortcharge Ladestation,Comfortcharge,Naunhof,ChIJbzlIW-YBp0cRKx7b_3RYz-w,5.0,5,"Funktioniert bisher immer zuverlässig tip top! Mit ewe go schnell zugänglich!

Würde mir mehr rangierplatz wünschen, aber man sitzt ja meist überall beim laden am Lartentisch. Hier würde es vermutlich nicht anders umsetzbar sein. 5 Sterne, ich lade hier sehr gerne.

Danke fürs Ausbauen auch an diesem Standort.",Olumlu,1
190165,Comfortcharge Ladestation,Comfortcharge,Naunhof,ChIJbzlIW-YBp0cRKx7b_3RYz-w,5.0,5,"Toll! Eine Ladestation, die problemlos funktioniert hat. Leider ist kein Bäcker oder Café in der Nähe,um die Ladezeit zu überbrücken.",Olumlu,1
190145,Comfortcharge Ladestation,Comfortcharge,Deggendorf,ChIJrxf0wA0RdUcR6YQq73v752o,3.8,3,"Nachteil: die App zeigt 4 Ladeplätze an, es sind sber nur 2 Parkplätze -> nur 3 *
Ladestation war heute offline.
Service Hotline war schnell erreichbar,  Säule wurde remote neu gestartet.
Alles wieder i.O.
Hat keine 2min gedauert.",Nötr,0
190145,Comfortcharge Ladestation,Comfortcharge,Deggendorf,ChIJrxf0wA0RdUcR6YQq73v752o,3.8,5,"Vor der Niederlassung der Telekom. Nichts aussenrum. Nutzung per App war nicht möglich, aber Nutzung per Plugsurfing Ladekarte",Olumsuz,-1
190145,Comfortcharge Ladestation,Comfortcharge,Deggendorf,ChIJrxf0wA0RdUcR6YQq73v752o,3.8,2,"Super schnell aber mit über 2,05 Eur/kW viel zu teuer, ein Telekom ripp'-off.",Nötr,0
190145,Comfortcharge Ladestation,Comfortcharge,Deggendorf,ChIJrxf0wA0RdUcR6YQq73v752o,3.8,5,Die Ladestation funktionierte einwandfrei.,Olumlu,1
190143,Comfortcharge Ladestation,Comfortcharge,Triptis,ChIJgzhJFKpKoUcRi6yulpXGdW4,4.3,5,"Mitten im Nirgendwo stehen die Säulen. Also kein Fake, die sind dort wirklich. Funktioniert einwandfrei.",Olumlu,1
190143,Comfortcharge Ladestation,Comfortcharge,Triptis,ChIJgzhJFKpKoUcRi6yulpXGdW4,4.3,3,"Leider war eine Kommunikation zwischen Säule und Fahrzeug nicht möglich, da die CCS Stecker relativ vereist waren. Ansonsten ein ganz zuverlässiger Ladepunkt. Da dieser aber sehr abgelegen ist, kann man zwischenzeitlich nur die Natur beobachten.",Nötr,0
190143,Comfortcharge Ladestation,Comfortcharge,Triptis,ChIJgzhJFKpKoUcRi6yulpXGdW4,4.3,5,"Der Lader war frei, und hat super funktioniert.
Neben an war eine Tankstelle.  Die Kaffeepause war also gesichert.",Olumlu,1
190143,Comfortcharge Ladestation,Comfortcharge,Triptis,ChIJgzhJFKpKoUcRi6yulpXGdW4,4.3,3,Leider noch keine 150kw,Olumsuz,-1
190143,Comfortcharge Ladestation,Comfortcharge,Triptis,ChIJgzhJFKpKoUcRi6yulpXGdW4,4.3,5,Tut was es soll,Olumlu,1
190139,Comfortcharge Ladestation,Comfortcharge,Ludwigsfelde,ChIJ4yPw2GJdqEcRst-tK-i2ClU,3.6,1,"Bei den übertrieben hohen Ladepreisen wundert es kaum, dass man dort äußerst selten Fahrzeugen beim Laden sieht.
Transparente Preisinformationen sucht man sowohl auf der Homepage, als auch direkt an den Ladesäulen vergebens.
Erst nach intensiver Suche bei anderen Kartenanbietern wird man u.U. fündig.
Kundenservice geht anders!
Dafür ""glänzen"" die Säulen durch massive Verschmutzung, und einen ungepflegten Platz, der offensichtlich auch bewusst nicht von Schnee und Eis befreit wird, bzw. jemals einen Krümel Streugut gesehen hat.
Fazit: Dieser Anbieter, sowie Preise, die jenseits von Gut und Böse sind, sind definitiv keinen Besuch wert.",Olumsuz,-1
190139,Comfortcharge Ladestation,Comfortcharge,Ludwigsfelde,ChIJ4yPw2GJdqEcRst-tK-i2ClU,3.6,2,"Vor dem Umbau hat die Schnellladefunktion gut funktioniert. Jetzt bricht die Ladung relativ schnell wieder ab. Könnte an den Steckern liegen. Vielleicht sollte man die mal tauschen. Der langsame Ladestecker funktioniert gut, nur leider sind 4h eine lange Zeit. Ich hoffe, dass die neue Ladesäule recht schnell in Betrieb genommen wird. Zum Glück wohne ich um die Ecke und kann mein Fahrzeug 4h an die Ladesäule anschließen. Schick mal einen Techniker vorbei, der sich das Problem anschaut. In der Auswertung der Ladevorgänge müsste ja auffallen, das es sehr viel Ladeabbrüche gibt.",Olumsuz,-1
190139,Comfortcharge Ladestation,Comfortcharge,Ludwigsfelde,ChIJ4yPw2GJdqEcRst-tK-i2ClU,3.6,2,"Ladestation lief bis vorm Umbau sehr zuverlässig und mit der Einkaufsmöglichkeit um die Ecke auch perfekt gelegen. Seit dem Umbau funktioniert die alte Bestandssäule extrem unzuverlässig meistens wird der Ladevorgang gestartet um dann nach 50 Sekunden abzubrechen egal ob "" schnell "" oder langsam laden querbeet durch alle Automarken Hyundai,Tesla,VW und Opel . Hier muss definitiv der Techniker nochmal ran. Ich hoffe wenn endlich die neu aufgestellte Ladesäule funktionsfähig ist das diese zuverlässiger ist. Bis dahin war es mal eine gute wenn auch Recht teure Ladestation die hoffentlich zeitnah wieder zuverlässig läuft.",Olumsuz,-1
190139,Comfortcharge Ladestation,Comfortcharge,Ludwigsfelde,ChIJ4yPw2GJdqEcRst-tK-i2ClU,3.6,5,"Lädt mit 21 KW AC - perfekt für meine Zoe.
In der Nähe Shops... ideal für die Ladeweile
Adhoc mit Kreditkarte sehr günstig!",Olumlu,1
190139,Comfortcharge Ladestation,Comfortcharge,Ludwigsfelde,ChIJ4yPw2GJdqEcRst-tK-i2ClU,3.6,4,"Hallo mein Lieber Ich empfehle diese Station Alle zum Laden benötigten Stecker sind vorhanden Es unterstützt auch schnelles Laden Der Ort ist sehr praktisch Es ist in der Nähe des Supermarkts Sie können einkaufen und das Fahrzeug zum Versand bringen Ihre Tasse kann auch verwendet werden Die Station hat lange Kabel Ich habe immer einen Ort gefunden, an dem ich mein eigenes Fahrzeug aufladen konnte Ich wünsche dir einen schönen Tag Und ein angenehmer Besuch bei der Nutzung der Station",Olumlu,1
190138,Comfortcharge Ladestation,Comfortcharge,Leipzig,ChIJGQjV1rP-pkcRulF6bKQhps0,3.4,3,Der mittlere Stecker baut keine Kommunikation mit dem Fahrzeug auf. Musste dann den rechten nehmen. Ansonsten ok.,Nötr,0
190138,Comfortcharge Ladestation,Comfortcharge,Leipzig,ChIJGQjV1rP-pkcRulF6bKQhps0,3.4,1,"Sehr enttäuschendes Erlebnis. Mit zwei Ford eTransit am 11.03.2024 abgefahren um Zwischenzuladen. Das parallele Laden von zwei Fahrzeugen mit Ladekarte funktioniert nicht. Nach einer Minute wurden die Ladevorgänge abgebrochen. Zwei weiter Versuche brachten kein besseres Ergebnis. Schade, halbe Stunde Zeitverlust!",Olumsuz,-1
190138,Comfortcharge Ladestation,Comfortcharge,Leipzig,ChIJGQjV1rP-pkcRulF6bKQhps0,3.4,4,Lädt am CCS mit 80 kw und nicht mit 150 kw wie in manchen Apps steht. Google schreibt aktuell nur 50kw,Olumsuz,-1
190138,Comfortcharge Ladestation,Comfortcharge,Leipzig,ChIJGQjV1rP-pkcRulF6bKQhps0,3.4,5,"Funktioniert zwar nicht mit der App, aber mit Ladekarte und dann auch sehr zuverlässig und schnell. 😊",Olumlu,1
190138,Comfortcharge Ladestation,Comfortcharge,Leipzig,ChIJGQjV1rP-pkcRulF6bKQhps0,3.4,4,"Etwas abgelegenen, aber zum laden 4 Anschluss Möglichkeiten.",Olumlu,1
190129,Comfortcharge Ladestation,Comfortcharge,Falkensee,ChIJc7Q5Jz_5qEcRtfppMW6Khhk,4.6,4,"Gut zugänglich die Station. Alle möglichen Anschlüsse vorhanden, 2x Typ 2. Allerdings wie kann es sein, dass man 14,111 kWh lädt wenn das Akku nur eine Kapazität von 13,8 kWh hat? Dies ist nun bereits 2x aufgetreten und an anderen Ladestation konnte ich dies noch nie feststellen.",Olumlu,1
190129,Comfortcharge Ladestation,Comfortcharge,Falkensee,ChIJc7Q5Jz_5qEcRtfppMW6Khhk,4.6,5,"kann nichts schlechtes sagen, war frei und während ich einkaufen war hat der Charger 56KW ins Auto geblasen, darf immer so sein, werde wohl wieder kommen",Olumlu,1
190129,Comfortcharge Ladestation,Comfortcharge,Falkensee,ChIJc7Q5Jz_5qEcRtfppMW6Khhk,4.6,5,"Alle 3 Standards an einem Platz. 2x sogar Typ2(1x Buchse) für Fahrzeuge mit Typ1, die ihr Kabel mitbringen. Ansonsten Typ 2, CCS und Chademo.
Deutlich schneller als kostenlose Ladestationen wie Ikea oder Lidl-Chademo.",Olumlu,1
190129,Comfortcharge Ladestation,Comfortcharge,Falkensee,ChIJc7Q5Jz_5qEcRtfppMW6Khhk,4.6,5,"Verrückt hoher Preis, aber funktionierende und einigermaßen saubere Ladesäule mit guter Ladeleistung. Immer ein sicherer Tipp. Vorschlag: Mobiltoilette für den wartenden Fahrer",Olumlu,1
190129,Comfortcharge Ladestation,Comfortcharge,Falkensee,ChIJc7Q5Jz_5qEcRtfppMW6Khhk,4.6,5,Heute ID 3 geladen. Geladen mit CCS von 30% auf 80% in ca. 30 Minuten.,Olumlu,1
190127,Comfortcharge Ladestation,Comfortcharge,Helmstedt,ChIJuwPMQuSAr0cRXIenbo4fCus,2.3,1,"Laden mit chademo war am 29.08.2021 möglich gewesen, 80 Prozent beim plug in hybrid, normal, dannach konnte ich den mitsubishi Outlander nicht mehr wegfahren., elektrischer Antrieb gesperrt, bitte Fachwerkstatt aussuchen. Aschleppen am nächsten Morgen in Fachwerkstatt, auslesen des Fehler ergab Überspannung durch Ladesäule. Das war wohl der letzte Besuch an der Ladesäule. Hatten sonst keine Probleme mit Schnellladung. Schade eigentlich, da wir oft in der Nähe sind.",Olumsuz,-1
190127,Comfortcharge Ladestation,Comfortcharge,Helmstedt,ChIJuwPMQuSAr0cRXIenbo4fCus,2.3,1,Ladevorgang mit Zoe ohne Funktion. CCS  Nach Versuch war nur der Werkstattbesuch nötig da die Ladeklappe beim Zoe nicht mehr zu Öffnen war.,Olumsuz,-1
190127,Comfortcharge Ladestation,Comfortcharge,Helmstedt,ChIJuwPMQuSAr0cRXIenbo4fCus,2.3,2,Gut erreichbar aber teuer,Olumlu,1
190127,Comfortcharge Ladestation,Comfortcharge,Helmstedt,ChIJuwPMQuSAr0cRXIenbo4fCus,2.3,5,Ist sehr empfehlenswert,Olumlu,1
190127,Comfortcharge Ladestation,Comfortcharge,Helmstedt,ChIJuwPMQuSAr0cRXIenbo4fCus,2.3,1,"Die Ladestation ist aufgrund des viel zu kurzen Kabels nahezu unbrauchbar. Zwei Autos mit einer Ladebuchse am Heck können nur dann geladen werden, wenn sie zufällig auf der richtigen Seite stehen (eines rechts, eines links).

Juni 2024",Olumsuz,-1
190048,Comfortcharge Ladestation,Comfortcharge,Schönefeld,ChIJ3xkUCOZGqEcRwpo0s3eRUvk,3.8,5,Toller Ort. Man hat seine Ruhe und kann dort hervorragend Laden. Kennt kaum jemand.,Olumlu,1
190048,Comfortcharge Ladestation,Comfortcharge,Schönefeld,ChIJ3xkUCOZGqEcRwpo0s3eRUvk,3.8,2,Nur der 50KW Lader ging. Der andere brach immer ab beim Verbinden. Ich fahre 5000km/Monat und hatte erst das 2. Mal in 2 Jahren Probleme. Ich vermute es liegt am Lader.,Olumsuz,-1
190048,Comfortcharge Ladestation,Comfortcharge,Schönefeld,ChIJ3xkUCOZGqEcRwpo0s3eRUvk,3.8,1,Riesen Ladeköpfe passen nicht bei Nissan leaf nur der Typ 2 passt was aber auch nichts bringt wenn Mann nicht zahlen kann ich bereue jetz schon denn Kauf vom Elektroauto jedesmal ein neues  Problem,Olumsuz,-1
190048,Comfortcharge Ladestation,Comfortcharge,Schönefeld,ChIJ3xkUCOZGqEcRwpo0s3eRUvk,3.8,3,"Ladeleistung eingeschränkt, wohl schon länger gemäß ChargeMap.
Merkwürdige Gegend mit leerstehenden Häusern mit Kette am Tor, Industriebrachen voll Müll und defekter Fahrzeuge.
3 Parkbänke an der Zufahrtsstraße und 2 Tankstellen in Laufdistanz für überteuerte Snacks und Getränke.",Olumsuz,-1
190048,Comfortcharge Ladestation,Comfortcharge,Schönefeld,ChIJ3xkUCOZGqEcRwpo0s3eRUvk,3.8,2,Schade! Habe mich auf schnelles Laden gefreut! Dann eben nur mit 35kw!,Olumsuz,-1
190047,Comfortcharge Ladestation,Comfortcharge,Gößnitz,ChIJz4ERGBMnp0cRBH_rQASvTMU,3.7,5,Lädt ihnen Problem und schnell. Ist so gut wie nie besetzt.,Olumlu,1
190047,Comfortcharge Ladestation,Comfortcharge,Gößnitz,ChIJz4ERGBMnp0cRBH_rQASvTMU,3.7,1,Seit ca. 2 Monaten DC-Ladung defekt.,Olumsuz,-1
190047,Comfortcharge Ladestation,Comfortcharge,Gößnitz,ChIJz4ERGBMnp0cRBH_rQASvTMU,3.7,5,Funktioniert super.150 kwh Schnelllader.,Olumlu,1
190006,Doktor-Scheider-Straße,Innogy SE (RWE eMobility),Riesa,ChIJz9TSbNeCp0cRiUUpmhvApLo,3.4,1,Das klappte hier ja mal gar nicht. Man merkte das der Stecker in dem lade Anschluss wackelt. Optisch nichts gesehen. Einmal konnt ich den Stecker so halten das er sich verbunden hat aber gleich wieder abgebrochen. Habe 5min probiert den Stecker so zu halten das es klappt keine chance.,Olumsuz,-1
190006,Doktor-Scheider-Straße,Innogy SE (RWE eMobility),Riesa,ChIJz9TSbNeCp0cRiUUpmhvApLo,3.4,1,"Absolut nicht empfehlenswert!!!!
Die schnellladesäule bei MC Donalds in Riesa war reine sehr gute Alternative.",Olumsuz,-1
190006,Doktor-Scheider-Straße,Innogy SE (RWE eMobility),Riesa,ChIJz9TSbNeCp0cRiUUpmhvApLo,3.4,5,Beste Ladestation in Riesa. Funktionierte bisher immer und ist schön schnell.,Olumlu,1
190006,Doktor-Scheider-Straße,Innogy SE (RWE eMobility),Riesa,ChIJz9TSbNeCp0cRiUUpmhvApLo,3.4,5,Super 💕,Olumlu,1
189946,Comfortcharge Ladestation,Comfortcharge,Munich,ChIJvXxm6H12nkcRiR8W8tGQ2xk,3.3,4,"Mit 200kW nicht die schnellste Säule aber dennoch ausreichend. Ideal wenn man ins Olympiabad geht.
Vom Display her hab ich schon übersichtlichere, mit intuitiver Bedienung und mehr Infos gesehen.
Etwas versteckt, lohnt sich eigentlich nur wenn man sowieso in den Olympiapark will. Sonst ist der Weg vom mittleren Ring aus nicht sinnvoll.
Nicht überdacht. Keine Toiletten. Keine Einkaufsmöglichkeit.",Nötr,0
189946,Comfortcharge Ladestation,Comfortcharge,Munich,ChIJvXxm6H12nkcRiR8W8tGQ2xk,3.3,1,In der ENBW App steht 4 Ladestationen mit bis zu 150kwh. Leider hat das Laden nicht funktioniert und 150kwh sind nicht möglich. Enttäuscht!,Olumsuz,-1
189946,Comfortcharge Ladestation,Comfortcharge,Munich,ChIJvXxm6H12nkcRiR8W8tGQ2xk,3.3,3,"Rechte Ladesäule, rechter Anschluss defekt. Rest war blöderweise belegt ...",Olumsuz,-1
189946,Comfortcharge Ladestation,Comfortcharge,Munich,ChIJvXxm6H12nkcRiR8W8tGQ2xk,3.3,5,"Die beschriebene Anzahl an Ladepunkten habe ich dort nicht vorgefunden, aber das Laden mit Typ 2 hat tadellos funktioniert. Die Ladezeit ist mit 1,5 Stunden beschränkt ... sagt zumindest das dort angebrachte Schild. Die Zufahrt ist etwas irritierend, die derzeitige Absperrungen und das Linksabbiegegebot muss man halt ignorieren.",Olumlu,1
189946,Comfortcharge Ladestation,Comfortcharge,Munich,ChIJvXxm6H12nkcRiR8W8tGQ2xk,3.3,1,"Wir hatten kaum Akku. Dachten, wir laden während des Konzertes das Auto. Hat auch angefangen zu laden und anscheinend nach 5 Minuten wieder aus. Die Station hat einfach den Ladevorgang mitten drin beendet. Sehr ärgerlich.",Olumsuz,-1
189874,Comfortcharge Ladestation,Comfortcharge,Berlin,ChIJeYMxTABPqEcREn7MPqTCars,3.7,5,"Ich bin begeistert von den Schnellladestationen in der Buchberger Straße! Die Lage ist perfekt und die Verfügbarkeit von 12 Typ-2-Anschlüssen macht das Laden meines Elektrofahrzeugs zum Kinderspiel, selbst wenn viele andere Fahrer gleichzeitig laden möchten. Die Parkplätze sind gut zugänglich und die gesamte Infrastruktur ist top. Dieses Engagement für die Elektromobilität ist lobenswert und ich hoffe, dass mehr Menschen davon profitieren können. 5/5 Sterne!",Olumlu,1
189874,Comfortcharge Ladestation,Comfortcharge,Berlin,ChIJeYMxTABPqEcREn7MPqTCars,3.7,1,Hier gibt es keine Ladesäulen mehr,Olumlu,1
189873,Comfortcharge Ladestation,Comfortcharge,Bad Lobenstein,ChIJDXTv0iVCoUcR0yCHFOKkT1Y,3.4,2,"Keine Toilette. Kein Abfalleimer.
Laden funktioniert. Das war’s. Laden geht mit 150kW. Entgegen dem Schmierzettel an der Station.",Olumlu,1
189873,Comfortcharge Ladestation,Comfortcharge,Bad Lobenstein,ChIJDXTv0iVCoUcR0yCHFOKkT1Y,3.4,4,"An der Station steht, dass sie keine 150 kW leisten würde. Entweder ist das Schild alt oder falsch. Bei mir kamen 150 kW an.
Schwachstelle: Rechnung als Adhoc Kunde etwas kompliziert (muss per Email angefordert werden).",Nötr,0
189873,Comfortcharge Ladestation,Comfortcharge,Bad Lobenstein,ChIJDXTv0iVCoUcR0yCHFOKkT1Y,3.4,1,"Diese Ladestation ist nicht zu emfehlen, sie ist  sehr nicht nutzbar wg. Störungen und die Leistung ist deutlich geringer als angegeben,  dieses wird auch durch einen Hinweis des Herstellers hingewiesen. Hier von einer Comfort Charge Ladestation zu sprechen ist ein Witz. Alexander",Olumsuz,-1
189873,Comfortcharge Ladestation,Comfortcharge,Bad Lobenstein,ChIJDXTv0iVCoUcR0yCHFOKkT1Y,3.4,5,3 Parkplätze. Unser Tesla mit mehr als 100kw ruck zuck voll.,Olumlu,1
189870,Comfortcharge Ladestation,Comfortcharge,Gröditz,ChIJ5VEvz-yFp0cRVzdSFWEdNKQ,3.3,2,"Super großer Ladeplatz
Leider geht die Säule selten",Olumlu,1
189870,Comfortcharge Ladestation,Comfortcharge,Gröditz,ChIJ5VEvz-yFp0cRVzdSFWEdNKQ,3.3,5,Ruhiger Ort,Olumlu,1
189870,Comfortcharge Ladestation,Comfortcharge,Gröditz,ChIJ5VEvz-yFp0cRVzdSFWEdNKQ,3.3,1,Von 5 mal Laden 4 mal immer unter 70kw Ladeleistung ist sehr schlecht,Olumsuz,-1
189828,Comfortcharge Ladestation,Comfortcharge,Meuselwitz,ChIJNZrrC3znpkcREKhs6ARvYLM,2.3,1,Nicht mehr nutzbar. Alle Stecker ab/angeschnitten !,Olumsuz,-1
189828,Comfortcharge Ladestation,Comfortcharge,Meuselwitz,ChIJNZrrC3znpkcREKhs6ARvYLM,2.3,5,"Kleiner Ort, mit schneller Energie. Klasse!",Olumlu,1
189828,Comfortcharge Ladestation,Comfortcharge,Meuselwitz,ChIJNZrrC3znpkcREKhs6ARvYLM,2.3,1,"Kabel sind abgeschnitten. Ein Kabel hängt noch, aber die Ladestation an sich ist außer Betrieb. Kein Aufladen möglich",Olumsuz,-1
189827,Comfortcharge Ladestation,Comfortcharge,Altenburg,ChIJdarez4ffpkcR_dop8bsBfCk,3.3,1,"Sehr enge Zufahrt, kaum Platz zum Wenden. Besonders bei mehreren Fahrzeugen.  Eine Seite geht, ist aber belegt. Eine Seite defekt. Wie immer, Suport angerufen, wie immer vergebens! Warum geht bei einem Defekt, nicht in irgeneiner Zentrale die rote Lampe an und ein Moneur fährt los und behebt den Fehler. Nein, erst muss ein Dummer anrufen und den Fehler melden. Und dann fährt noch kein Monteur los. Das ist die Zukunft...!? Suuuuper!",Olumsuz,-1
189827,Comfortcharge Ladestation,Comfortcharge,Altenburg,ChIJdarez4ffpkcR_dop8bsBfCk,3.3,4,"Etwas schwierig zu finden, man glaubt nicht dass es dort eine Ladestation gibt. Ansonsten alles gut und schnell. Direkt unterhalb des Schlosses.",Olumlu,1
189827,Comfortcharge Ladestation,Comfortcharge,Altenburg,ChIJdarez4ffpkcR_dop8bsBfCk,3.3,5,"Hat funktioniert. Man muss bisschen suchen, bei der Abzweigung links halten.",Olumlu,1
189826,Comfortcharge Ladestation,Comfortcharge,Leipzig,ChIJmaZ7EpH2pkcREefUSd837_s,2.4,5,Hat bisher immer problemlos funktioniert. Vielen Dank! Nur das Gebäude nebenan macht mir Sturm etwas Angst...,Olumlu,1
189826,Comfortcharge Ladestation,Comfortcharge,Leipzig,ChIJmaZ7EpH2pkcREefUSd837_s,2.4,3,"Laden dort ""aktuell"" mit 150 kw nicht möglich. Ich konnte nur max. 48 kw ziehen, leider.",Olumsuz,-1
189826,Comfortcharge Ladestation,Comfortcharge,Leipzig,ChIJmaZ7EpH2pkcREefUSd837_s,2.4,2,"Wollten laden auf der Durchreise, Ladevorgang nicht möglich, Display schwarz... Keine ""sichere Bank""",Olumsuz,-1
189826,Comfortcharge Ladestation,Comfortcharge,Leipzig,ChIJmaZ7EpH2pkcREefUSd837_s,2.4,1,Nicht mehr intakt,Olumsuz,-1
189826,Comfortcharge Ladestation,Comfortcharge,Leipzig,ChIJmaZ7EpH2pkcREefUSd837_s,2.4,1,Kabel durchtrennt,Olumlu,1
189824,Comfortcharge Ladestation,Comfortcharge,Annaberg-Buchholz,ChIJqbCowFOtoEcRfevo1YEOvco,2.3,1,"Katastrophaler Standort, besonders im Winter. Es werden 4 Ladepunkte in der Mobility + App angezeigt, aber es gibt nur 2 Parkplätze die nicht von der Straße einsehbar sind. Das heißt man fährt erstmal einen Berg runter um festzustellen das nichts mehr frei ist, dann rückwärts den Berg wieder hoch, da es keine Möglichkeit zum wenden gibt und das bei Schnee. Bin froh das meine Reifen das überlebt haben 😬",Olumsuz,-1
189824,Comfortcharge Ladestation,Comfortcharge,Annaberg-Buchholz,ChIJqbCowFOtoEcRfevo1YEOvco,2.3,4,"Etwas skurril gelegen mit starkem Gefälle. Liegt daran, dass diese Ladestationen die bereits vorhandene Strominfrastrukur der Telekom nutzen. Nach meiner Kenntnis aber die schnellste Ladesäule in Annaberg mit über 100 KW. Die Teslas (X,3) ließen sich problemlos und schnell aufladen (via Plugsurfing). Aber beim Rausfahren auf die Straße muss man in der Tat bei einem sportlichen Auto aufpassen, nicht aufzusetzen.",Nötr,0
189824,Comfortcharge Ladestation,Comfortcharge,Annaberg-Buchholz,ChIJqbCowFOtoEcRfevo1YEOvco,2.3,3,"Ladestation etwas schwer zugänglich, über mehrere Nebenstraßen auf einem Telekom-Gelände und bei 2 Fahrzeugen sehr eng. Zumindest ist es ganz in der Nähe des Stadtzentrums, sodass man sich auf einem kurzen Spaziergang dahin etwas die Zeit vertreiben kann. Auf dem Display der Säule kann man leider kaum etwas erkennen. Aber, es hat funktioniert und mit akzeptabler Geschwindigkeit geladen.",Olumlu,1
189824,Comfortcharge Ladestation,Comfortcharge,Annaberg-Buchholz,ChIJqbCowFOtoEcRfevo1YEOvco,2.3,1,"Heute mit einem BMW i35 in die Einfahrt gefahren und aufgesetzt. Kein Hinweisschild obwohl es wie ich jetzt sehe es schon vor uns Probleme mit der Zufahrt gegeben hat. Unser neuer BMW ist aufgesessen. Wir lassen den Wagen am Montag bei BMW überprüfen und stellen den Schaden dem Betreiber in Rechnung.
Wir haben Zeugen und ein Video zu dem Vorfall gemacht.
Der Betreiber lässt hier nach unserer Meinung die Kunden vorsätzlich ins Messer laufen. Wir werden unseren Anwalt beauftragen!",Olumlu,1
189824,Comfortcharge Ladestation,Comfortcharge,Annaberg-Buchholz,ChIJqbCowFOtoEcRfevo1YEOvco,2.3,2,"Die Ladestation ist gut gemeint...oder vllt. auch nicht. Beim ersten Mal vorbeigefahren, zu abwegig war die Einfahrt. Beim zweiten Mal eingebogen und mit ""Schrecken"" die Abfahrt und Ladestation erblickt. Eine steile Schotterpiste und ein kleiner Parkplatz (mit Wendehilfe) für 2 Fahrzeuge. Die Ladestation ist perse vollkommen in Ordnung, die Örtlichkeit aber abenteuerlich und neben der Spur.",Nötr,0
189821,Comfortcharge Ladestation,Comfortcharge,Dingolfing,ChIJZcg82zuDdUcR7pUK73XbMSQ,4.4,5,"Die Ladestation wurde offenbar ausgetauscht, wie ich zufällig gesehen habe. Die neue Station funktioniert hervorragend und bietet sogar die Möglichkeit, mit Karte zu zahlen. Deutliche Verbesserung zur vorherigen Station.",Olumlu,1
189821,Comfortcharge Ladestation,Comfortcharge,Dingolfing,ChIJZcg82zuDdUcR7pUK73XbMSQ,4.4,5,Sehr schöne neue Ladesäule. Jetzt läuft es endlich wie geschmiert. Dankeschön Comfortcharge,Olumlu,1
189821,Comfortcharge Ladestation,Comfortcharge,Dingolfing,ChIJZcg82zuDdUcR7pUK73XbMSQ,4.4,4,"Display leider defekt. Ladevorgang könnte trotzdem (blind) gestartet werden. Zwei Tage später funktionierte das Display wieder, dafür wurde meine RFID-Karte nicht gelesen. Erst ein Anruf auf der Service-Hotline brachte Abhilfe",Olumsuz,-1
189821,Comfortcharge Ladestation,Comfortcharge,Dingolfing,ChIJZcg82zuDdUcR7pUK73XbMSQ,4.4,4,Hin und wieder ein wenig zickig welches der Support meinst schnell wieder regeln kann. Dies Betrifft hauptsächlich den Kartenleser oder ein sofortiges Beenden nach Ladestart.,Nötr,0
189821,Comfortcharge Ladestation,Comfortcharge,Dingolfing,ChIJZcg82zuDdUcR7pUK73XbMSQ,4.4,4,Es gibt keinen QR-Code oder Ladeanweisungen auf der Station.  Am Ende habe ich über die Maingau-App aufgeladen und alles war in Ordnung,Nötr,0
189801,Comfortcharge Ladestation,Comfortcharge,Nürnberg,ChIJ2_NlKcNWn0cROjdSiTSLaDw,3.6,3,"Funktioniert wunschgemäß, leider nur gute 70kW bei Einzelbelegung, und etwas schwer zu finden, da versteckt in Nebenstraße hinter offenem Schiebetor.",Olumlu,1
189801,Comfortcharge Ladestation,Comfortcharge,Nürnberg,ChIJ2_NlKcNWn0cROjdSiTSLaDw,3.6,2,"Zuerst Probleme mit der einen Säule, auf die zweite gewechselt, dort werden 40 von max. möglichen 100kWh in mein Auto geladen.
Nicht zu empfehlen!",Olumsuz,-1
189801,Comfortcharge Ladestation,Comfortcharge,Nürnberg,ChIJ2_NlKcNWn0cROjdSiTSLaDw,3.6,4,"Leider nicht die zuverlässigsten Ladestationen im Universum. Eigentlich schade, da es sogar die ersten beiden HPCs in Nürnberg waren. Mittlerweile baut die EnBW unermüdlich weiter und läuft der Telekom bzw. ComfortCharge den Rang ab. Da helfen auch die neuen Aufkleber nichts. 😢",Olumsuz,-1
189801,Comfortcharge Ladestation,Comfortcharge,Nürnberg,ChIJ2_NlKcNWn0cROjdSiTSLaDw,3.6,4,"Na ja laden konnte ich im Ende schon. Aber der Weg war steinig. Alles fing damit an, dass der Lader meine RFID Karte nicht erkannt, leider hat er mit das nicht mitgeteilt, einen QR Code zum Scannen gab es auch nicht. Erst der Anruf bei der Hotline und ein Neustart des Ladens fürten zum Erfolg. Der Kartenleser ging dann zwar immer noch nicht ich konnte den Lader aber über die APP aktivieren und auch laden.
Den Abzug gab es für den defekten Kartenleser ohne jegliche Hinweis. Auch das Auffinden des Ladens ist nicht so gut, da er von der Straße nicht sichtbar ist.
Ein Hinweisschild wäre hier sehr hilfreich.",Nötr,0
189801,Comfortcharge Ladestation,Comfortcharge,Nürnberg,ChIJ2_NlKcNWn0cROjdSiTSLaDw,3.6,1,"Dauernd außer Funktion (3x die Woche muss ich da anrufen) und lähmende Instandsetzungszeiten.... UND wenn die mal gehen, kleben irgendwelche Hybridschaukeln ewig drann und blockieren die Schnellladepunkte. So geht das  nicht :( , äußerst unbefriedigend.",Olumsuz,-1
189798,Comfortcharge Ladestation,Comfortcharge,Roßwein,ChIJ1w_mTIBvp0cR5ZzbyPXNuA8,3.0,3,Zwei von den drei Parkplätzen waren durch Dauerparker blockiert (keine Elektroautos). Ladevorgang aber problemlos.,Nötr,0
189798,Comfortcharge Ladestation,Comfortcharge,Roßwein,ChIJ1w_mTIBvp0cR5ZzbyPXNuA8,3.0,1,Nur für Telekom Mitarbeiter nutzbar.,Nötr,0
189723,Comfortcharge Ladestation,Comfortcharge,Leuna,ChIJL12AZPWLpkcRQSyzVVjRZek,3.3,5,"Sehr gut zu finden, 3 Ladeplätze, anstecken und laden, hat super funktioniert und der nahe Saale Blick ist nur 5 min entfernt, gut um sich die Beine zu vertreten.",Olumlu,1
189723,Comfortcharge Ladestation,Comfortcharge,Leuna,ChIJL12AZPWLpkcRQSyzVVjRZek,3.3,2,"Funktioniert leider nicht. Hatte ich im November schon Mal.
Zumindest war die Hotel ne freundlich grüßt ne suchte eine Ladestation in der Nähe raus",Olumsuz,-1
189723,Comfortcharge Ladestation,Comfortcharge,Leuna,ChIJL12AZPWLpkcRQSyzVVjRZek,3.3,5,"Mitten im Wohngebiet, einzige richtige Alternative nachdem Totalausfall bei EON Osterfeld Ost.",Olumlu,1
189723,Comfortcharge Ladestation,Comfortcharge,Leuna,ChIJL12AZPWLpkcRQSyzVVjRZek,3.3,1,"Schade, dass obwohl die Ladestation am Saaleradweg steht, wurde auf eine Schukodose verzichtet.",Nötr,0
189723,Comfortcharge Ladestation,Comfortcharge,Leuna,ChIJL12AZPWLpkcRQSyzVVjRZek,3.3,5,"Top, wohne in der Nähe was mich auch zum Kauf eines E-Autos bewegt hat.",Olumlu,1
189717,Comfortcharge Ladestation,Comfortcharge,Groitzsch,ChIJ_3H3c4jlpkcR2MYjH3NjwIk,4.1,5,"Gutes und schnelles Laden, Genügend Einkaufsmöglichkeiten in direkter Nähe inkl. Bäcker usw. Top Lage an der B176.",Olumlu,1
189717,Comfortcharge Ladestation,Comfortcharge,Groitzsch,ChIJ_3H3c4jlpkcR2MYjH3NjwIk,4.1,1,"Ladesäule nicht Nutzbar - die Kabel sind abgeschnitten, wollte heute 22.09.2025 laden ....",Olumsuz,-1
189717,Comfortcharge Ladestation,Comfortcharge,Groitzsch,ChIJ_3H3c4jlpkcR2MYjH3NjwIk,4.1,2,"300kW stehen in der App. An der Säule lieblos ein Zettel mit einer Entschuldigung, dass nur 150kW verfügbar sind. Und beim Laden ist bei 44kW Schluss. Also völlig unbrauchbar, wenn man mal ""schnell"" nachladen will.",Olumsuz,-1
189717,Comfortcharge Ladestation,Comfortcharge,Groitzsch,ChIJ_3H3c4jlpkcR2MYjH3NjwIk,4.1,5,"Die Einfahrt ist zwar etwas versteckt aber ein Schild am Zaun weist auf die öffentliche Ladestation hin.

In Anbetracht dessen das sonst drumherum nicht soviele Lademöglichkeiten geboten werden ein super Service.",Olumlu,1
189717,Comfortcharge Ladestation,Comfortcharge,Groitzsch,ChIJ_3H3c4jlpkcR2MYjH3NjwIk,4.1,5,Ein wenig versteckt zwischen netto und penny in einer seperaten einfahrt.,Nötr,0
189390,Alte Jakobstraße,be emobil,Berlin,ChIJ03gCLgNPqEcRWiylBfEPWa8,1.0,1,DKV Karte wird nicht akzeptiert,Olumsuz,-1
189262,Riesebergstraße,(Unknown Operator),Mieste,ChIJK56sliENr0cR7-IcRu9VBuo,5.0,5,Die einzige Rettung in mitten der Altmark! Hier muss dringend mehr ausgebaut werden.,Olumlu,1
189262,Riesebergstraße,(Unknown Operator),Mieste,ChIJK56sliENr0cR7-IcRu9VBuo,5.0,5,Funktioniert wie man es erwartet,Olumlu,1
189262,Riesebergstraße,(Unknown Operator),Mieste,ChIJK56sliENr0cR7-IcRu9VBuo,5.0,5,Es hat alles super funktioniert,Olumlu,1
188587,Lidl Fürstenbrunner Weg,Lidl,Berlin,ChIJgSWvE2pQqEcR-UPHqkvTHiE,3.1,3,"Toll, wenn man eine Ladestation findet, noch besser wenn diese, insoweit man die Lidl App hat und Lidl Pay aktiviert ist, zu einem sehr guten Preis (aktuell 29ct/kWh Typ 2) laden ermöglicht. Blöd, wenn die Säule auf einem gebührenpflichtigen Parkplatz (3€/h) steht und nur, wenn man bei Lidl einkauft, 1h davon erlassen wird. Da ist noch deutlich Luft nach oben, wenn es mit E-Mobilität vorangehen soll.",Olumlu,1
188587,Lidl Fürstenbrunner Weg,Lidl,Berlin,ChIJgSWvE2pQqEcR-UPHqkvTHiE,3.1,1,"Dir Ladestation ist fast bei jedem meiner Besuche ausser Betrieb. Ich habe den Kundendienst innerhalb einer Woche drei mal angerufen, die Ladestation wird dann hochgeladen und das Problem ist damit dann auch behoben aber das ist nervig.
Da muss man doch eine nachhaltige Lösung für finden können!?",Nötr,0
188587,Lidl Fürstenbrunner Weg,Lidl,Berlin,ChIJgSWvE2pQqEcR-UPHqkvTHiE,3.1,5,Laden nur während der Öffnungszeiten möglich. Der Zugang ist nur über eine Schrankenanlage möglich. Die Parkkarte wird bei einem Einkauf freigeschaltet. Dann bleiben 15 Minuten Zeit zum Verlassen des Parkplatzes.,Olumsuz,-1
188587,Lidl Fürstenbrunner Weg,Lidl,Berlin,ChIJgSWvE2pQqEcR-UPHqkvTHiE,3.1,5,"Super Lidl, man kann seinen PKW aufladen und in der Zeit seinen Einkauf erledigen. Super Sortiment, was immer frisch ist, man bekommt alles für den täglichen Bedarf.",Olumlu,1
188587,Lidl Fürstenbrunner Weg,Lidl,Berlin,ChIJgSWvE2pQqEcR-UPHqkvTHiE,3.1,4,Während der Ladenöffnungszeiten funktioniert es gut. Der Typ2- Stecker ist aber arg ramponiert und ist kurz vorm auseinanderfallen.,Nötr,0
188546,Hellweg,EnBW (D),Potsdam,ChIJvSHokmhfqEcRGZwgQ1uE6Zk,3.8,4,"Ladeleistung ist ok. Bei der parallelen Nutzung beider Ladepunkte, ist die Ladeleistung gemindert.
Leider kommt es ab und an (selten) vor, dass der Parkplatz, außerhalb der Öffnungszeiten des Baumarkts, nicht zugänglich ist.
Ich lade meist in den Abendstunden oder nachts - ohne Wartezeit. Tagsüber kommt es vor, dass alle Ladepunkte belegt sind.",Nötr,0
188546,Hellweg,EnBW (D),Potsdam,ChIJvSHokmhfqEcRGZwgQ1uE6Zk,3.8,4,"Nach jahrelangen Querelen sind die Ladesäulen endlich im Betrieb! Insgesamt acht Schnellladepunkte für Hellwegkunden.

Das Problem ist die Kopplung an die Öffnungszeiten von Hellweg. Das heißt Sonntags oder Nachts (ab 20:30) sind die Schranken hier unten. Echt Schade, dass man das nicht besser hinbekommen hat.",Olumlu,1
188546,Hellweg,EnBW (D),Potsdam,ChIJvSHokmhfqEcRGZwgQ1uE6Zk,3.8,3,"Häufig sehr voll und häufig kommen nur rund 75kw aus den Säulen: auch, wenn nebenan frei ist. Heute schon das dritte Mal. Vlt braucht es einen neuen Standort am Stern Center.",Nötr,0
188546,Hellweg,EnBW (D),Potsdam,ChIJvSHokmhfqEcRGZwgQ1uE6Zk,3.8,5,"Gut zu erreichen, Donnerstag um 07:45 waren alle Anschlüsse verfügbar. Während des 25 min Ladens kam noch ein Nachbar hinzu.
EnBW Box mit guter Anzeige. Alles hat bestens geklappt",Olumlu,1
188546,Hellweg,EnBW (D),Potsdam,ChIJvSHokmhfqEcRGZwgQ1uE6Zk,3.8,5,"Auf die Öffnungszeiten achten!
Soweit ich mitbekommen habe, sind am Tage am Sonntag auch die Schranken offen.",Olumlu,1
188545,Autohof Total Ferch,TotalEnergies (FR),Schwielowsee,ChIJdWpHWAyLqEcRuYuUQM3nGro,1.9,2,"Die eine Ladesäule funktioniert gar nicht (auf dem Display stand: „Fehler bereits gemeldet“). Aber wie ich hier lese besteht das Problem ja anscheinend schon mindestens vier Monate.

Die zweite Säule funktionierte, aber erst nach dem zweiten Anlauf startete der Ladevorgang. Beide Säulen sehen eigentlich optisch gut aus.

Ich hoffe der Betreiber kriegt die Probleme bald in den Griff, weil die Lage eigentlich ideal ist direkt an der A10.",Olumsuz,-1
188545,Autohof Total Ferch,TotalEnergies (FR),Schwielowsee,ChIJdWpHWAyLqEcRuYuUQM3nGro,1.9,1,"Eine Funktion garnicht, interner Fehler. Die andere bricht die ladung immer wieder nach mehreren Minuten ab. Ladestation Hersteller ABB, immer wieder Probleme.",Olumsuz,-1
188545,Autohof Total Ferch,TotalEnergies (FR),Schwielowsee,ChIJdWpHWAyLqEcRuYuUQM3nGro,1.9,1,"Beide Einzellader waren (und sind 2 Tage später immer noch) defekt.

Am 01.12.2023 Nachmittags zeigten beide Lader auf dem Display an, dass sie außer Betrieb sind - nachdem man eingeparkt, den Stecker angesteckt und die Ladekarte davorgehalten hat... :-(

Heute, am 03.12.2023 werden die Lader in Shell- Ladeapp, ABRP etc. immer noch als defekt angezeigt.

Ist auch nicht der erste Defekt; bei meinem ersten diesbezüglich erfolglosen Ladebesuch hier war der Lader nach 1 Woche immer noch defekt.

Update 19.12.2023: eine Ladesäule ist wieder/ immer noch defekt und mit einem Schildchen ""Außer Betrieb"" behängt.
Die andere Ladesäule bringt nach einer kurzen Spitze von ca. 65kW nur 45kW Ladeleistung für meinen Ioniq5 und fällt zwischendrin  auf 36kW ab. Kein Ladeplatz, den ich empfehlen kann...",Olumsuz,-1
188545,Autohof Total Ferch,TotalEnergies (FR),Schwielowsee,ChIJdWpHWAyLqEcRuYuUQM3nGro,1.9,1,"Beide Säulen funktionieren nicht. Die eine zeigt nach kurzem Abladen einen Fehler und die andere friert ein wenn man den Stecker eingesteckt hat.
Die Circle J Ladesäulen haben mich heute eine zusätzliche Stunde fahrzeit gekostet. Die kommen auf die Blacklist.",Olumsuz,-1
188545,Autohof Total Ferch,TotalEnergies (FR),Schwielowsee,ChIJdWpHWAyLqEcRuYuUQM3nGro,1.9,1,"Die schlechtest Ladesäule seit 2 Jahren.
Ich bin jetzt das 5 Mal hier ran gefshren und werden jedes 2 Mal ""stehen"" gelassen.
Eine Säule macht gsrnix meisten hat dann die zweite funktioniert, aber heute hab ich keine, weder mit der Ladekarte noch mit der App freischalten können.
Da werde ich NIE wieder anhalten.",Olumsuz,-1
188208,Fastned Supercharger,FastNed,Blankenfelde-Mahlow,ChIJ4_7PQ5BBqEcR2Prc22s8RU8,4.4,5,"Uns hat dieser Fastned-Lader den Ar*** gerettet. Wir haben unseren Tesla frisch in Berlin abgeholt und sind dann den benachbarten Supercharger angefahren - der war jedoch außer Betrieb, also haben wir uns hier angesteckt. Ein Charger, der für uns mit vielen verschiedenen Emotionen in Erinnerung bleibt.
Das beste: Kreditkarte ranhalten & laden. Top!",Olumlu,1
188208,Fastned Supercharger,FastNed,Blankenfelde-Mahlow,ChIJ4_7PQ5BBqEcR2Prc22s8RU8,4.4,4,"Die Ladestation selbst ist wunderbar, gut zu bedienen, hohe Ladeleistung, vier Stellplätze für vier Ladepunkte.
Leider ist sie schlecht zu erreichen. Von der Autobahn muss lange und kurvenreich gefahren werden, um endlich am Parkplatz vom Hotel und der Ladestation anzukommen.",Nötr,0
188208,Fastned Supercharger,FastNed,Blankenfelde-Mahlow,ChIJ4_7PQ5BBqEcR2Prc22s8RU8,4.4,3,"Funktion einwandfrei.
Opel Corsa (2021) von 4% auf 96% in 50 Minuten. Ohne lange Autobahnfahrt davor. Als reine Lade-Station über den südlichen Berliner Ring liegt die Ladestation doch etwas abseits der Autobahn. Aber das ist ja bei Fastned nicht so unüblich. Bei Hotels sagt man dazu 2. Reihe. Kommt auf die Bedürfnisse bzw. Tarife des Nutzers an. Leider liegt unmittelbar östlich eine Ionity Station beidseitig der BAB.
Für Bonnet Nutzer also eher ne Ausweich-Station.
Auch gibt es hier keine Infrastruktur. Immerhin ne schöne Landschaft. Insgesamt kann ich aufgrund der Konkurrenz im Vergleich hier nur 3 Sterne geben. Auch weil es ""nur"" 2x2 Ladekabel gegenüber einer ganzen Tesla-Charger Reihe gibt.",Olumlu,1
188208,Fastned Supercharger,FastNed,Blankenfelde-Mahlow,ChIJ4_7PQ5BBqEcR2Prc22s8RU8,4.4,2,Ladegeschwindigkeit ziemlich gering für den Preis. Hat auch schnell sehr stark abgenommen.,Olumsuz,-1
188208,Fastned Supercharger,FastNed,Blankenfelde-Mahlow,ChIJ4_7PQ5BBqEcR2Prc22s8RU8,4.4,5,"Super, nur Schade wenn Leute vom TÜV Rheinland die Säulen blockieren.",Olumlu,1
186978,Zimbelstr. 4,Allego BV,Berlin,ChIJ49YVgYZSqEcRaWp4F-ch3Z4,4.3,3,"0,73 € pro kWH!
Bezahlung via Smoov App, Ladekarte, Kreditkarte/Bankkarte",Olumsuz,-1
186978,Zimbelstr. 4,Allego BV,Berlin,ChIJ49YVgYZSqEcRaWp4F-ch3Z4,4.3,5,Mehr davon!,Olumsuz,-1
186975,Hadlichstr. 33,Allego BV,Berlin,ChIJg3wYc3ZSqEcRTPs5ZUh3ZMo,4.0,3,"Nur 3*, weil 150kw nur zusammen für 2 Ladepunkte zur Verfügung stehen. Wenn 2 Fahrzeuge mit je 75kw laden ist das eher so mittelschnell.",Nötr,0
186975,Hadlichstr. 33,Allego BV,Berlin,ChIJg3wYc3ZSqEcRTPs5ZUh3ZMo,4.0,2,"Leider - wie fast alle Stationen - nicht überdacht. Ladeleistung sinkt dramatisch, wenn zwei Fahrzeuge gleichzeitig laden.",Olumsuz,-1
186975,Hadlichstr. 33,Allego BV,Berlin,ChIJg3wYc3ZSqEcRTPs5ZUh3ZMo,4.0,5,Beide ladenpunkt sind in Ordnung. Fast charging ist möglich.,Olumlu,1
186975,Hadlichstr. 33,Allego BV,Berlin,ChIJg3wYc3ZSqEcRTPs5ZUh3ZMo,4.0,5,"Alles super, Schnellladen und Kaffee nebenbei trinken 👍😎",Olumlu,1
186975,Hadlichstr. 33,Allego BV,Berlin,ChIJg3wYc3ZSqEcRTPs5ZUh3ZMo,4.0,5,Kann man nicht meckern,Olumlu,1
186974,Falkenhagener Straße 43 - 49,ladenetz.de,Falkensee,ChIJwxK4s1H5qEcRf1QpTKt_CRg,5.0,5,"Ladestation für Elektrofahrzeuge direkt an der Bundesstraße. Eine Parkbank daneben ist prima zur Überbrückung der Wartezeit, ebenso der gegenüber liegende Bäcker.",Olumlu,1
186974,Falkenhagener Straße 43 - 49,ladenetz.de,Falkensee,ChIJwxK4s1H5qEcRf1QpTKt_CRg,5.0,5,Auto Ladestation für zwei E-Fahrzeuge,Olumlu,1
186974,Falkenhagener Straße 43 - 49,ladenetz.de,Falkensee,ChIJwxK4s1H5qEcRf1QpTKt_CRg,5.0,5,"Funktioniert immer & sehr zuverlässig,  22 kw Ladeleistung, genau mein Ding für die Zoe. 😉👍",Olumlu,1
186966,Landsberger Chaussee 17,Allego BV,Ahrensfelde,ChIJx0MD8LNLqEcR1HRUppJyNR0,3.0,1,"Schweineteuer, muss ich sagen:

Hab dort heute das erste Mal geladen vermutlich auch das letzte Mal jedenfalls beim Schnelllader und durfte  0,73€ je KWh bezahlen… was etwas mehr als das doppelte von meinem Haushalt Strom wäre… und immer noch zehn Cent mehr wie die etwas teureren, örtlichen Ladestationen… es gibt ja auch noch günstigere… zum Beispiel Tesla selbst ist deutlich günstiger.

Abgesehen davon parken immer wieder mal Verbrenner bei den Ladestationen, selbst bei denen die aktuell schon in Betrieb sind",Olumsuz,-1
186966,Landsberger Chaussee 17,Allego BV,Ahrensfelde,ChIJx0MD8LNLqEcR1HRUppJyNR0,3.0,1,Völlig irre Preise von 69 bis 89 Cent je kWh. Sieht nett aus aber das ist einfach eine Frechheit.,Olumsuz,-1
186966,Landsberger Chaussee 17,Allego BV,Ahrensfelde,ChIJx0MD8LNLqEcR1HRUppJyNR0,3.0,1,Einfach zu teuer. Sieht schön aus und auch wenn ich um die Ecke wohne.. Da fahre lieber gegenüber zur Tanke mit Ladesäulen.,Olumsuz,-1
186966,Landsberger Chaussee 17,Allego BV,Ahrensfelde,ChIJx0MD8LNLqEcR1HRUppJyNR0,3.0,5,"Habe sofort problemlos anstecken und laden können, etwa die Hälfte der Ladepunkte war noch frei.",Olumlu,1
186966,Landsberger Chaussee 17,Allego BV,Ahrensfelde,ChIJx0MD8LNLqEcR1HRUppJyNR0,3.0,1,"79ct pro kWh, absolute Platz- & Ressourcenverschwendung die Säulen.",Olumsuz,-1
186965,Pankstr. 72,Allego BV,Berlin,ChIJAZVpIR9OqEcRfVvCsAKKmsE,3.8,5,"Etwas verteckte Ladestation mit 2 DC Ladeports von Allego, dennoch ein guter Schnelllader mit 150 kW in der Berliner City.
Das Laden hat einwandfrei funktioniert.",Olumlu,1
186965,Pankstr. 72,Allego BV,Berlin,ChIJAZVpIR9OqEcRfVvCsAKKmsE,3.8,1,"An diesem Ort gibt es keine Ladestation, da sie auf den Gleisen der Straßenbahn wären. Und auch wenn dort keine Straßenbahn fahren würde, gäbe es keine Ladestation mitten auf einen Fußgängerweg bzw. Baustelle.",Olumsuz,-1
186965,Pankstr. 72,Allego BV,Berlin,ChIJAZVpIR9OqEcRfVvCsAKKmsE,3.8,3,"Eine Säule reicht nicht!
Musste außerdem auf dem Behindertenparkplatz stehen, weil ein Miles den Platz besetzt hat…
Vom Laden her sonst sehr Gut.",Nötr,0
186965,Pankstr. 72,Allego BV,Berlin,ChIJAZVpIR9OqEcRfVvCsAKKmsE,3.8,3,70 Cent pro kWh ist einfach zu teuer. E Auto fail.,Olumsuz,-1
186965,Pankstr. 72,Allego BV,Berlin,ChIJAZVpIR9OqEcRfVvCsAKKmsE,3.8,5,"Da kann man doch schon Ladestation zu sagen, zweimal 150 kW Allego und läuft, bzw lädt, davon in der Hauptstadt.",Olumlu,1
186960,Gartenfelder Str. 104,Allego BV,Berlin,ChIJUx_DeYtWqEcRSnu9KUdIGSc,5.0,5,"2 CCS mit 150 kW derzeit zu 0,73€/kWh und Blockiergebühr von 0,25€/min nach 45 min. Auch hier befindet sich ein Edeka auf der gleichen Straßenseite mit einem Café. Gastronomie und ein Spätkauf direkt gegenüber für den großen Hunger oder die kleine Erfrischung.",Olumlu,1
186955,Straßburger Str. 26,Allego BV,Berlin,ChIJJ5_k9ftRqEcR2a0DwBlTtlQ,3.1,1,"Eine absolute Katastrophe! Extrem eng und dann auch noch kaputt. Die scheinbar einzige Lademöglichkeit im Kiez und dann so ein Reinfall… hier ist noch ganz viel Luft nach oben!

Immer noch defekt",Olumsuz,-1
186955,Straßburger Str. 26,Allego BV,Berlin,ChIJJ5_k9ftRqEcR2a0DwBlTtlQ,3.1,5,Immer die besten Karren hier 🙌,Olumlu,1
186955,Straßburger Str. 26,Allego BV,Berlin,ChIJJ5_k9ftRqEcR2a0DwBlTtlQ,3.1,1,"Hier parken meist ""Normale"" Autos. Kein rankommen",Nötr,0
186955,Straßburger Str. 26,Allego BV,Berlin,ChIJJ5_k9ftRqEcR2a0DwBlTtlQ,3.1,3,Leider sehr oft defekt,Olumsuz,-1
186955,Straßburger Str. 26,Allego BV,Berlin,ChIJJ5_k9ftRqEcR2a0DwBlTtlQ,3.1,1,"Defekt, wurde vom Netz genommen",Olumsuz,-1
186954,Ernst-Fürstenberg-Str. 19,Allego BV,Berlin,ChIJoX0Q_XFOqEcRPmV-xxHEH7o,5.0,5,Super schnell,Olumlu,1
186944,Schillerstr. 10,Allego BV,Berlin,ChIJp62M2iFRqEcRFBaZaecP3ko,3.5,1,"RFID von Aral Pulse wurde abgewiesen, obwohl laut Aral das laden möglich ist. Sehr schade.",Olumsuz,-1
186944,Schillerstr. 10,Allego BV,Berlin,ChIJp62M2iFRqEcRFBaZaecP3ko,3.5,1,Funktioniert nicht 100%. Schaltet sich häufig von selbst ab. Riecht auch sehr verschmort am Gehäuse.,Olumsuz,-1
186944,Schillerstr. 10,Allego BV,Berlin,ChIJp62M2iFRqEcRFBaZaecP3ko,3.5,4,"Gute Ladesäulen, finde aber keinen günstigen Tarif, schade.",Nötr,0
186944,Schillerstr. 10,Allego BV,Berlin,ChIJp62M2iFRqEcRFBaZaecP3ko,3.5,5,"Gut erreichbar, macht was sie soll, 👌",Olumlu,1
186944,Schillerstr. 10,Allego BV,Berlin,ChIJp62M2iFRqEcRFBaZaecP3ko,3.5,5,"Zur Zeit geschlossen,da neu.",Nötr,0
186938,Wilhelmstr. 138,Allego BV,Berlin,ChIJfexl7CtQqEcRVKGe9QOyrGs,3.8,2,"Man fühlt sich dort nicht wohl.
Dreckig ohne Ende",Olumsuz,-1
186938,Wilhelmstr. 138,Allego BV,Berlin,ChIJfexl7CtQqEcRVKGe9QOyrGs,3.8,5,Diese Ladesäule ist leider oft sehr gut besucht und dementsprechend für ein drittes oder sogar viertes Fahrzeug nicht verfügbar. Zusätzliche Lademöglichkeiten in direkter Näher zum Bildungs- und Technologiezentrum der Handwerkskammer Berlin und zur Innung des Kraftfahrzeuggewerbes Berlin wären nicht nur mir sehr willkommen.,Olumsuz,-1
186938,Wilhelmstr. 138,Allego BV,Berlin,ChIJfexl7CtQqEcRVKGe9QOyrGs,3.8,1,Funktioniert nicht,Olumsuz,-1
186938,Wilhelmstr. 138,Allego BV,Berlin,ChIJfexl7CtQqEcRVKGe9QOyrGs,3.8,5,Elektromobilität = Perfekt,Olumlu,1
186938,Wilhelmstr. 138,Allego BV,Berlin,ChIJfexl7CtQqEcRVKGe9QOyrGs,3.8,5,Kann zwei Autos gleichzeitig laden und ist die meiste Zeit beschäftigt,Olumlu,1
186909,Adlergestell 391,Orlencharge,Berlin,ChIJ0VXLY89HqEcRWOlNJqyQ1Gw,2.3,1,"Egal, ob Sie die Mitarbeiter in der Tankstelle direkt ansprechen oder die STAR/ORLEN-Hotline anrufen. Niemand interessiert sich in diesem Unternehmen für die seit langer Zeit defekte Ladesäule.",Olumsuz,-1
186909,Adlergestell 391,Orlencharge,Berlin,ChIJ0VXLY89HqEcRWOlNJqyQ1Gw,2.3,2,"also 22kW laden funktionierte, aber CCS und CHaDeMo leider nicht. ""Service"" stand im Display ... der Tankstellenmitarbeiter konnte dazu leider auch nichts sagen ... da sollte eine bessere Unternehmenskommunikation erfolgen. Auf dem Display könnten ja Service Details angezeigt werden, z.Bsp. wegen  Softwareupdate und ungefähre Dauer, nur um eine Mögliche zu nennen.
Nachtrag:
seit gefühlt 1 Jahr jetzt abgeschaltet, sollten dort Fördergelder geflossen sein, dann sollten die zurück gezahlt werden!
so funktioniert jedenfalls keine eMobilität.
Es funktioniert angeblich nur CHaDeMo, ein Schelm, wer Böses dabei denkt.
Nachtrag:
Ladestation funktioniert wieder vermehrt, manchmal wird aber CCS abgeschaltet.
Beim letzten Ladevorgang mit AC am 2021 Tesla Model 3 wurde nach beendeten Ladevorgang der Ladeport nicht entriegelt, ich musste im Kofferraum an der Notentriegelung ziehen. Bei der Software der Ladestation ist noch deutlich Luft nach oben möglich.

Weiterer Nachtrag:
Diese Ladestation hat ein Temperaturproblem! Wenn es draußen sehr warm ist, wechselt die Ladeleistung ständig von 78kW auf 39kW, dann wieder zurück ... so geht das ne ganze Weile ... vermutlich ist  die Leistungselektrik schlecht gekühlt oder sogar defekt. Das sollte sich mal der Service, wenn es denn welchen gibt, anschauen und die Ursache beseitigen.

Weiterer Nachtrag:
Ladestation schon längere Zeit defekt und abgeschaltet, schade.
Aber ein paar KM weiter stehen an der Aral-Tanke 2 Schnelllader mit je 2 Ladepunkten, also 4x 300kW. 2x 22kW Typ2 ist dort auch vorhanden und das ganze sogar unter einem Solar-Dach ... so geht eMobilität!

Ergänzung 01/2024:
Neue Ladestation immer noch abgedeckt und nicht in Betrieb, schade.",Olumsuz,-1
186909,Adlergestell 391,Orlencharge,Berlin,ChIJ0VXLY89HqEcRWOlNJqyQ1Gw,2.3,4,"Die Säule ist zwar öfter mal offline, meist kann sie aber vom Tankstellenpersonal durch Ausschalten (Haupttrenner unten links, nach Öffnen der Säule zugänglich) und wieder Einschalten wieder zum Leben erweckt werden. Die 50kW (CCS) hier bei Google scheinen zu stimmen. In der elocity-App (zum Starrt und Beenden der Ladung notwendig) stehen 100kW, irgendwo habe ich auch 150kW gelesen. Mehr als knappe 50 habe ich aber nie beim Laden beobachten können.",Olumlu,1
186909,Adlergestell 391,Orlencharge,Berlin,ChIJ0VXLY89HqEcRWOlNJqyQ1Gw,2.3,1,"War defekt, aber nirgends angezeigt",Olumsuz,-1
186909,Adlergestell 391,Orlencharge,Berlin,ChIJ0VXLY89HqEcRWOlNJqyQ1Gw,2.3,1,Ist momentan defekt,Olumsuz,-1
186907,Georg-Hermann-Alle bei Nr. 98,EWP : Energie und Wasser Potsdam GmbH,Potsdam,ChIJi9UNytv1qEcROrD0JGfleds,2.0,1,"Die Stadtwerke Potsdam bieten hier eine CCS Schnellladestation im Herzen von Potsdam an, leider nur mit nominell 50 KW. Und heute das Highlight: Es wurde mit max. 9 KW geladen. EWP: Bitte Station updaten auf aktuelles Niveau mit mind. 300 KW.",Nötr,0
186907,Georg-Hermann-Alle bei Nr. 98,EWP : Energie und Wasser Potsdam GmbH,Potsdam,ChIJi9UNytv1qEcROrD0JGfleds,2.0,3,"Der CCS Stecker grenzt an Abzocke. Ob beabsichtigt oder nicht, man zahlt als EWP-Kunde 0,10€ mehr als bei AC, bekommt aber nur 9-13 kW Leistung. Das darf nicht sein. Eigentlich ein Fall für den Verbraucherschutz. Anhand der Bewertungen ist das auch nicht erst seit gestern so. Mal davon abgesehen sind die EWP-Ladepreise ohnehin viel zu hoch. Für Touristen mag das vetretbar sein, aber als Potsdamer EWP-Kunde, nein danke. So bekommt man die Bürger sicherlich nicht überzeugt ein E-Auto zu kaufen.

Edit: Wenn sich der Inhalt der Antwort von EWP bewahrheitet, bin ich positiv überrascht. Ich bin gespannt.",Olumsuz,-1
186907,Georg-Hermann-Alle bei Nr. 98,EWP : Energie und Wasser Potsdam GmbH,Potsdam,ChIJi9UNytv1qEcROrD0JGfleds,2.0,1,"Ein Stern um 100% zu viel vergeben.
Komplett Katastrophe Nummer 2, wir haben den Potsdamer Weihnachtsmarkt besucht.

Unsere Unterkunft für 2 Tage genau gegenüber, natürlich auch wegen der Nähe zur Lademöglichkeit,  in Gutenbergstr. 78 gebucht.

Was mussten wir feststellen?

Die Ladesäulen sind mit Gerümpel der Aussteller abgesperrt!!! Kein Schild mit einem Hinweis zur nächstmöglichen Lademöglichkeit.

Im Parkhaus Saba, selbst dort keine Ladesäule!!! Geschweige eine Antwort wo man laden kann.
Im Internet ist die Säule Gutenbergstr. 77  als frei verfügbar angegeben!!! Kein Hinweis, dass in der Weihnachtsmarktzeit die ganze Chose geschlossen ist!!

Will Potsdam so die Energiewende schaffen?

Armutszeugnis, Fehlplanung, keiner fühlt sich verantwortlich das sofort zur Chefsache zu machen.

Herzliche Grüße aus Schleswig-Holstein",Olumsuz,-1
186907,Georg-Hermann-Alle bei Nr. 98,EWP : Energie und Wasser Potsdam GmbH,Potsdam,ChIJi9UNytv1qEcROrD0JGfleds,2.0,1,"An der 50 KW Ladesäule mit 6 KW geladen. Das ist zu wenig, da nur eine Stunde Standzeit erlaubt ist.",Nötr,0
186907,Georg-Hermann-Alle bei Nr. 98,EWP : Energie und Wasser Potsdam GmbH,Potsdam,ChIJi9UNytv1qEcROrD0JGfleds,2.0,1,"CCS funktioniert nicht  korrekt (14. Juni 2025), obwohl es in der Vergangenheit gut geklappt hat. Es wird mit 11 kW geladen, was unter der angegebenen Leistung zurückbleibt.
Update 18. Juli 2025: funktioniert immer noch nicht korrekt! Dafür, dass es die einzig vermeintlich passable Ladesäule im Altstadtzentrum von Potsdam ist, wundert es schon sehr, dass sich niemand darum kümmert.",Olumsuz,-1
186898,Nahmitzer Damm,EnBW (D),Berlin,ChIJv7DIVtpEqEcRfabx10hzRoY,3.7,4,Super Erreichbarkeit. Aber 75KW auf zwei Anschlüsse ist nicht viel. Sobald sich ein zweiter anstellt und anschließt wird der Strom fair geteilt. Das sollte einem bewusst sein. Ich konnte fast durchweg mit 50 KW laden. Mehr macht mein C300e nicht. Bin zufrieden. Für die Zukunft sollte aber mehr Ladeleistung bereitgestellt werden. Daher ein Stern Abzug,Olumlu,1
186898,Nahmitzer Damm,EnBW (D),Berlin,ChIJv7DIVtpEqEcRfabx10hzRoY,3.7,5,Funktioniert zuverlässig. Können sich andere Anbieter Mal eine Scheibe abschneiden. Leider schon stark frequentiert.,Olumlu,1
186898,Nahmitzer Damm,EnBW (D),Berlin,ChIJv7DIVtpEqEcRfabx10hzRoY,3.7,4,Der aufbau der versetzten Parkplätze ist kompliziert zum laden da Autos unterschiedliche ladeports haben brauch 2 halbe Parkplätze aif der einen seite wege das ladekabel. Ansonsten ok,Nötr,0
186898,Nahmitzer Damm,EnBW (D),Berlin,ChIJv7DIVtpEqEcRfabx10hzRoY,3.7,1,Erste Ladesäule bricht Ladevorgang nach 10 min ab. Zweite Säule defekt.,Olumsuz,-1
186898,Nahmitzer Damm,EnBW (D),Berlin,ChIJv7DIVtpEqEcRfabx10hzRoY,3.7,2,Viel zu langsam,Olumsuz,-1
186896,August-Bebel-Platz 1,ladenetz.de,Kleinmachnow,ChIJ37BR9w1ZqEcRrF6RZ13DpsQ,1.3,2,"Eigentlich tolle Idee - schnellladen beim Einkauf.
Wäre da nicht:
1) Ständig fremdbeparkt durch verbrenner. Bekommen nur Ticket und werden nicht entfernt.
2) häufig defekte Stecker - vermutlich runtergefallen. Instandsetzung dauert eeeeeewig
3) nur 1 Ladesäule! Warum?? Warum nicht 6 Ladepunkte zum aufladen am Rathaus Markt?
4) manchmal auch beparkt von Elektroautos um den Parkplatz nutzen zu können. Ohne aktiven Ladevorgang.

Viel Potential - aber noch schlecht umgesetzt.",Olumsuz,-1
186896,August-Bebel-Platz 1,ladenetz.de,Kleinmachnow,ChIJ37BR9w1ZqEcRrF6RZ13DpsQ,1.3,1,"Achtung, 0,89€ pro kWh, nirgends einsehbar, muss nicht mal bestätigt werden.
Ladevorgang startet unmittelbar nach hervorhalten der jeweiligen Tankladekarte (hier Elli - die eh Abzocker sind was das betrifft)",Olumsuz,-1
186896,August-Bebel-Platz 1,ladenetz.de,Kleinmachnow,ChIJ37BR9w1ZqEcRrF6RZ13DpsQ,1.3,1,"Drei Mal dort geladen, Max. 9 kw statt 100kw…und das bei vollem Preis…sehr unbefriedigend",Olumsuz,-1
186892,Wannseestr. 7,E.ON Drive,Stahnsdorf,ChIJnzeHE1NZqEcRWK0MYv7rPU0,2.5,4,"QR-Code zum Zahlen ohne Registrierung führt ins Leere.
Man findet die Station aber manuell.
Der zweite Versuch den Ladevorgang zu starten war erfolgreich.
Zur Info, es sind nur 2 Plätze.",Olumsuz,-1
186892,Wannseestr. 7,E.ON Drive,Stahnsdorf,ChIJnzeHE1NZqEcRWK0MYv7rPU0,2.5,1,"Schon länger außer Betrieb.
Hier sollte mal was passieren.",Olumsuz,-1
186889,Fritz-Zubeil-Str. 51,Allego BV,Potsdam,ChIJn_TdBxFfqEcRyyIjSff84Yg,4.3,1,"Leider eine typische Allego-Station. Ungepflegt, verschmutzt und 2 von 3 Chargern kaputt, allerdings leuchten alle Stecker grün, was sinnlos Leute anlockt. Man hängt am Telefon lange in der Warteschleife, dann wird mitgeteilt, dass die Säulen schon länger kaputt sind.

Dann repariert es, oder schaltet die Stecker auf rot!

Am besten gar nicht erst anfahren, ist verschwendete Zeit.",Olumsuz,-1
186889,Fritz-Zubeil-Str. 51,Allego BV,Potsdam,ChIJn_TdBxFfqEcRyyIjSff84Yg,4.3,4,"Alles bestens, guter Ladespot direkt auf dem Parkplatz vor porta. Jedoch nur durch Zufall gefunden, denn die Station wird bei Maps nicht angezeigt - zumindest nicht, dass hier auch CCS verfügbar ist. Und da Maps bei der Suche nach Ladestationen filtert, sollte der Betreiber hier im Profil noch Infos ergänzen.",Olumlu,1
186889,Fritz-Zubeil-Str. 51,Allego BV,Potsdam,ChIJn_TdBxFfqEcRyyIjSff84Yg,4.3,5,6 Ladepunkte... 4x 150 2x 300... ordentlich Platz.. und sauber,Olumlu,1
186889,Fritz-Zubeil-Str. 51,Allego BV,Potsdam,ChIJn_TdBxFfqEcRyyIjSff84Yg,4.3,5,"Laden funktioniert zuverlässig, aber leider recht teuer. Es gibt keine Überdachung, was bei Regen unpraktisch ist, und auch keine Mülleimer – deshalb liegt oft Müll herum. Schade, da wäre mit kleinen Verbesserungen viel getan.",Nötr,0
186889,Fritz-Zubeil-Str. 51,Allego BV,Potsdam,ChIJn_TdBxFfqEcRyyIjSff84Yg,4.3,3,"Früher eine regelmäßige Anlaufstelle von mir, bin ich inzwischen idR lieber gleich um die Ecke bei der EnBW. Warum? Immer häufiger technische Probleme.",Olumsuz,-1
186887,Am Flughafen 1/3/5,(Unknown Operator),Schönefeld,ChIJaxCNQCRHqEcRV7C13L4d8FA,4.1,5,"Mega gutes Laden aber viele dumme Menschen. Kategorie 1. Einfach seinen Müll dort hinstellen und der Rest wird dann wohl der Wind machen... Kategorie 2. Egoismus pur, fahren an die Ladestation für Bus/LKW oder Fahrzeuge mit Anhänger und dort sich hinstellen weil Sie denken das eine 400KW Säule schneller laden kann obwohl das Auto nur 149kw in der Spitze kann. Einfach mal die Anleitung lesen und mit dem Laden vertraut machen!!!! Die Säulen geben nur das was die Fahrzeuge können! Also, wer Egoismus und Unrat sehen will ist hier richtig.",Nötr,0
186887,Am Flughafen 1/3/5,(Unknown Operator),Schönefeld,ChIJaxCNQCRHqEcRV7C13L4d8FA,4.1,5,"Hay ist für Taxi sehr Angenemt,aber die Bildschirme funktioniert nicht..ich habe angerufen;leider konnte ich keine erreichen..
İch würde noch die Preise sehen??
Ich muss wissen eas dir Kw kostet..
Bitte ich euch par Mülleimer stellen,ist hier Problem",Olumsuz,-1
186887,Am Flughafen 1/3/5,(Unknown Operator),Schönefeld,ChIJaxCNQCRHqEcRV7C13L4d8FA,4.1,5,"Perfekte Lage, aufladen ging problemlos. Die Tankstelle ist direkt am Ladepark für kleine Besorgungen. LKW Ladepunkte sind auch vorhanden.",Olumlu,1
186887,Am Flughafen 1/3/5,(Unknown Operator),Schönefeld,ChIJaxCNQCRHqEcRV7C13L4d8FA,4.1,1,"Es geht offensichtlich immer noch ein bisschen schlechter, was die Integration angeht. Alpitronic sind gute Ladesäulen aber so nicht.",Nötr,0
186887,Am Flughafen 1/3/5,(Unknown Operator),Schönefeld,ChIJaxCNQCRHqEcRV7C13L4d8FA,4.1,1,Ladepark wird gerne von Taxi / Uber Fahrern zum Warten genutzt. Nicht sehr angenehm.,Nötr,0
186886,Hauptstr. ggü 20,E.ON Drive,Großbeeren,ChIJV6qVLaFcqEcRpGvZ3nzcm3I,2.0,2,"Nachdem ""Charging Now"" auch noch ihren Tarif angepasst haben, ist diese Säule einfach unattraktiv geworden. Der Adhoc-Preis von 0,63€/kWh ist für AC-Laden schon recht teuer. Warum müssen E-Mobilisten immer und überall abgezockt werden?",Olumsuz,-1
186878,Parkplatz an der Baumgartenbrücke ,E.ON Drive,Schwielowsee,ChIJ8bt-OZz0qEcRZ_VfH7BI6Iw,4.4,4,"Als Radfahrer -eBike - keine Lademöglichkeit!
Neuer Parkplatz mit großem überdachten (!) Fahrradständer (dafür danke!) und E-Ladestation (nur für Autos!) und Busstation und div. Gaststätten und Radwege in der Nähe.
Wer hat da nicht zu Ende gedacht?
Schade!",Olumsuz,-1
186878,Parkplatz an der Baumgartenbrücke ,E.ON Drive,Schwielowsee,ChIJ8bt-OZz0qEcRZ_VfH7BI6Iw,4.4,5,Gut gelegner Parkplatz für Rast und Ausflüge. Und es gibt Lade Möglichkeit welche vollkommen in der Ladeleistung reicht Einzig die kurze zeitliche Begrenzung an solchen Ladepunkten ist hier und an allen Parkplätzen mit Ausflugscharakter und P&R unnötig. Vielleicht gibt es in Zukunft ein bessere Lösung,Olumlu,1
186878,Parkplatz an der Baumgartenbrücke ,E.ON Drive,Schwielowsee,ChIJ8bt-OZz0qEcRZ_VfH7BI6Iw,4.4,5,"Diese Parkplatz ließ lange auf sich warten, doch die Wartezeit hat sich gelohnt. Guter Ausgangspunkt für Spaziergänge am Uferweg Geltow,  am Ufer des Schwielowsees, durch den Wald bis zur Fähre nach Ferch. Jeweils sehr lohnenswert. Wie hieß es in den 50erJahren? ""Steig aus und wandere!""",Olumlu,1
186878,Parkplatz an der Baumgartenbrücke ,E.ON Drive,Schwielowsee,ChIJ8bt-OZz0qEcRZ_VfH7BI6Iw,4.4,1,Der jetzige Zustand kann kein Park und Rastplatz sein . Wie soll man da bei  riesen Staubwolken bei trockenem Wetter und Modderpampe bei Regen Parken oder Rasten ?Dieser Platz ist eine Zumutung für alle Verkersteilnehmer .Durch das ständige befahren des Platzes wird der Fuß/Radweg und die Straße so stark durch Sand und Steine verschmutzt das der Radweg bis zur nächsten Kreuzung nicht mehr zu befahren ist .,Olumsuz,-1
186878,Parkplatz an der Baumgartenbrücke ,E.ON Drive,Schwielowsee,ChIJ8bt-OZz0qEcRZ_VfH7BI6Iw,4.4,4,Schöner Parkplatz mit Ladestation und für einige kleine Wanderungen,Olumlu,1
186866,Parkallee 36,Pfalzwerke,Ludwigsfelde,ChIJzQJlNjhdqEcRYsvGp437hlM,2.6,3,"Sehr eng. Handwerker halten mit ihren LKWs und Anhängern direkt neben den Elektrofahrzeugen, so dass man das E-Auto erst wegfahren muss, bevor die Beifahrerin einsteigen kann. Das liegt daran, dass die Handwerker Autos viel breiter sind als PKWs und es ist mir ein Rätsel, wie der Handwerker aus seinem LKW rausgekommen ist, ohne unser E-Auto zu beschädigen. Vermutlich auf der Beifahrerseite. Somit sind die Parkplätze neben den E-Autos für LKWs viel zu klein; werden aber von diesen genutzt, weil sie für Anhänger geeignet sind.",Olumlu,1
186866,Parkallee 36,Pfalzwerke,Ludwigsfelde,ChIJzQJlNjhdqEcRYsvGp437hlM,2.6,5,"Hingegen der Aussagen von anderen KD ist ein Laden rund um die Uhr möglich !

Die Säulen sind , bedingt durch langsam arbeitenden Behörden jedoch noch nicht angeschlossen.

Bauarbeiten hierzu haben jedoch am 21.11.24 begonnen !",Nötr,0
186866,Parkallee 36,Pfalzwerke,Ludwigsfelde,ChIJzQJlNjhdqEcRYsvGp437hlM,2.6,1,"Nichtmal 2 kW Ladeleistung auf dem Typ2 Stecker, obwohl die anderen unbenutzt waren. Taugt also nur zum Parken als Alibi.",Olumsuz,-1
186866,Parkallee 36,Pfalzwerke,Ludwigsfelde,ChIJzQJlNjhdqEcRYsvGp437hlM,2.6,2,"Eine sehr gute Ladestation - max. 50 KW ist auch immer noch über dem ""Standard"". Allerdings befindet sich die Ladestation auf dem Parkplatz von Hornbach. Die lassen es dort mittlerweile jeden Sonntag zu, das ein Flohmarkt den kompletten Parkplatz inkl. Zufahrt von ca. 07:00 - 16:00 Uhr blockiert. Also ein Laden innerhalb deises Zeitraums ist nicht möglich. Keine Ahnung warum sich die Pfalzwerke das gefallen lassen.",Olumlu,1
186866,Parkallee 36,Pfalzwerke,Ludwigsfelde,ChIJzQJlNjhdqEcRYsvGp437hlM,2.6,5,Laden problemlos und schnell,Olumlu,1
186848,Johann-Gottlob-Nathusius-Str. 1,EnBW (D),Haldensleben,ChIJPYPbbrJlr0cRc6mEVhhdFik,3.0,1,"Google, lockt mit extrem schneller Ladung… 150 KW… Die Wahrheit lautet leider nur 50 KW… Also Finger weg, wer wirklich aufs schnelle Laden angewiesen ist…",Olumsuz,-1
186848,Johann-Gottlob-Nathusius-Str. 1,EnBW (D),Haldensleben,ChIJPYPbbrJlr0cRc6mEVhhdFik,3.0,1,AC Ladung ausser Betrieb,Olumsuz,-1
186848,Johann-Gottlob-Nathusius-Str. 1,EnBW (D),Haldensleben,ChIJPYPbbrJlr0cRc6mEVhhdFik,3.0,5,Alles perfekt.,Olumlu,1
186848,Johann-Gottlob-Nathusius-Str. 1,EnBW (D),Haldensleben,ChIJPYPbbrJlr0cRc6mEVhhdFik,3.0,5,"Eine Säule, zwei Anschlüsse beide funktionieren und laden bei meinem Auto mit über 100kw",Olumlu,1
186833,Heidestraße 5,TOTAL Be PlugToDrive,Genthin/ OT Schopsdorf,ChIJ720tHC6wqEcRBTFPkJuZptk,2.8,5,Toller Ladestandort an der A2. Hab mit den vollen 175kW problemlos aufgeladen. Dazu nettes Personal am Autohof.,Olumlu,1
186833,Heidestraße 5,TOTAL Be PlugToDrive,Genthin/ OT Schopsdorf,ChIJ720tHC6wqEcRBTFPkJuZptk,2.8,1,"175kw werden versprochen, 50kw sind es. Wohl bemerkt an einer Ladesäule, wo gerade nur ein Mensch ist, alle anderen sieben Plätze sind frei. Dieser Standort ist leider nicht für voll Elektrofahrzeug Fahrrad zu empfehlen.",Olumsuz,-1
186833,Heidestraße 5,TOTAL Be PlugToDrive,Genthin/ OT Schopsdorf,ChIJ720tHC6wqEcRBTFPkJuZptk,2.8,1,Sehr schlechte Ladesäulen. Maximale Ladeleistung an allen säulen 30-35kw. Kein Support erreichbar. Laut anderen Rezensionen bestand das Problem bereits schon vor 2 Jahren und wird anscheinend nicht behoben,Olumsuz,-1
186833,Heidestraße 5,TOTAL Be PlugToDrive,Genthin/ OT Schopsdorf,ChIJ720tHC6wqEcRBTFPkJuZptk,2.8,1,"Lädt nach wie vor nur mit 34 KW, obwohl kein weiteres Auto geladen wurde und unser Autoakku vorkonditioniert war. Die Ladegeschwindigkeit soll sich laut Ladesäule von max. 175 KW reduzieren, wenn die verbundenen Ladesäulen Kapazität abziehen. Das traf aber definitiv nicht zu.",Olumsuz,-1
186833,Heidestraße 5,TOTAL Be PlugToDrive,Genthin/ OT Schopsdorf,ChIJ720tHC6wqEcRBTFPkJuZptk,2.8,4,"Rezension bezieht sich auf die Ladesäule:
Leider an zwei Säulen Kommunikationsprobleme gehabt, dritte Säule funktionierte dann und zwar richtig gut mit >132kw. Mit 18% Ladestand angekommen nach einem Kaffe und Biopause, 12min später mit >50% Ladestand weiter. Top!",Olumlu,1
186830,Holzberg 17,E.ON Drive,Helmstedt,ChIJK8-Zc06Ar0cRgsZNp9YXM-Q,3.8,4,"Funktioniert, lädt aber nur 50kw",Nötr,0
186830,Holzberg 17,E.ON Drive,Helmstedt,ChIJK8-Zc06Ar0cRgsZNp9YXM-Q,3.8,5,Kostenfreie Ladestation,Olumlu,1
186830,Holzberg 17,E.ON Drive,Helmstedt,ChIJK8-Zc06Ar0cRgsZNp9YXM-Q,3.8,1,Gerade kaputt :(,Olumsuz,-1
186830,Holzberg 17,E.ON Drive,Helmstedt,ChIJK8-Zc06Ar0cRgsZNp9YXM-Q,3.8,2,"Keine Anleitungen zum Kauf von Kraftstoff in gängigeren Sprachen. Das ist einfach dumm, so nah an der Grenze, wo so viele Ausländer hier sind.",Olumsuz,-1
186830,Holzberg 17,E.ON Drive,Helmstedt,ChIJK8-Zc06Ar0cRgsZNp9YXM-Q,3.8,5,Nichts,Olumsuz,-1
186809,Breitscheidstraße 2,Städtische Werke Magdeburg,Magdeburg,ChIJVdre_L5Yr0cRiNoajnY8elI,4.0,4,Ladestation für bis zu zwei Fahrzeuge gleichzeitig.,Olumlu,1
186809,Breitscheidstraße 2,Städtische Werke Magdeburg,Magdeburg,ChIJVdre_L5Yr0cRiNoajnY8elI,4.0,4,"Zwei Ladestationen, ziemlich weit vom Elbauenpark entfernt. Einige Zahlungsmethoden funktionieren dort nicht einwandfrei.",Olumsuz,-1
186807,Albert-Vater-Straße 70,EnBW (D),Magdeburg,ChIJESurmBVfr0cR2JYJcoXxpm4,3.8,3,"Eigentlich gute Ladestationen. Sie liegen auf dem Parkplatz von Ex-Hellweg, der zugemacht hat. Der Parkplatz ist komplett unbeleuchtet, nur die Displays leuchten. Laut Beschriftung kann man nur Mo-Fr laden. Wir waren Sa. da. Man muss Angst haben, dass die Schranke am Eingang schließt während man lädt. Beim letzten Mal sind wir sicherheitshalber wieder gefahren.  Ladeleistung an dem Tag 50KW.",Nötr,0
186807,Albert-Vater-Straße 70,EnBW (D),Magdeburg,ChIJESurmBVfr0cR2JYJcoXxpm4,3.8,4,"Update: Die Lädesäulen sind immer Funktionsfähig (außer einmal gab es eine Wartung an einer 150 kWh Lädesäule für einige Tage). Ansonsten zuverlässig und gute besucht aber in 2 Jahren als erste Wahl noch nie gewartet. Ein Stern Abzug gibt es nur, weil EnBW im Umkreis keine weiteren 150 kWh und + Lädesäulen hat, und diese an den Öffnungszeiten des Baumarkt es gekoppelt sind. Schade!!!",Olumlu,1
186807,Albert-Vater-Straße 70,EnBW (D),Magdeburg,ChIJESurmBVfr0cR2JYJcoXxpm4,3.8,1,Der Baumarkt ist dauerhaft geschlossen und die Ladesäulen nun auch. Aber mehr ist von EnBW auch nicht zu erwarten. Ein staatliches Unternehmen aus Baden-Württemberg. Die können alles außer Hochdeutsch? Nicht wirklich.,Olumsuz,-1
186807,Albert-Vater-Straße 70,EnBW (D),Magdeburg,ChIJESurmBVfr0cR2JYJcoXxpm4,3.8,4,Top. Bisher immer einen Platz bekommen. Lädt sehr schnell. Leider nicht 24/7 geöffnet. Nur zu den Öffnungszeiten des Baumarktes. Ist in manchen Apps so nicht erkennbar. Steht nur ein Schild an der Schranke.,Olumlu,1
186807,Albert-Vater-Straße 70,EnBW (D),Magdeburg,ChIJESurmBVfr0cR2JYJcoXxpm4,3.8,4,"Ja. Aber momentan sind nur 2 Ladesäulen die funktionieren. Die anderen beiden sind nicht funktionsfähig , weil der Kabel abgeschnitten ist. Also sind nur die 300 KW Ladestation die funktionieren.",Nötr,0
186806,Erzberger Straße 20,Städtische Werke Magdeburg,Magdeburg,ChIJHYpxk1pfr0cRJ9R_gIQil9A,3.5,2,"Freischalten ging im Vergleich zu der zuvor versuchten problemlos, aber 75Cent/kWh ist mal ne Ansage. Fast doppelt so teuer wie am Schnelllader, so wird es mit der E-Mobilität leider nichts.",Nötr,0
186806,Erzberger Straße 20,Städtische Werke Magdeburg,Magdeburg,ChIJHYpxk1pfr0cRJ9R_gIQil9A,3.5,2,"Oft Störungen, somit nicht nutzbar.",Olumsuz,-1
186806,Erzberger Straße 20,Städtische Werke Magdeburg,Magdeburg,ChIJHYpxk1pfr0cRJ9R_gIQil9A,3.5,5,Spitze,Olumlu,1
186805,Gustav-Adolf-Straße 31,Städtische Werke Magdeburg,Magdeburg,ChIJy3PJ5VFfr0cRYUVdMvDGFGg,5.0,5,"Gut erreichbar. Recht zentrale Lage. Gerade für Anwohner definitiv sehr nützlich. (:
Leider recht langsame Lade Geschwindigkeit, also vllt eher etwas für Hybride oder kleinere Akkus",Olumlu,1
186802,Berliner Chaussee 11,Städtische Werke Magdeburg,Magdeburg,ChIJN5QfxVlfr0cREoAyb5y2gRo,1.8,1,"Gauner-Preise im Vergleich zu anderen Städten, teilweise das doppelte. Und dann funktioniert nur ein Ladepunkt oder keiner und wird nicht repariert!",Olumsuz,-1
186802,Berliner Chaussee 11,Städtische Werke Magdeburg,Magdeburg,ChIJN5QfxVlfr0cREoAyb5y2gRo,1.8,1,Schlechte Säule. Kriege jedes Mal keinen Strom. Andere Säule des gleichen Betreibers funktioniert immer. Nur diese nicht.,Olumsuz,-1
186802,Berliner Chaussee 11,Städtische Werke Magdeburg,Magdeburg,ChIJN5QfxVlfr0cREoAyb5y2gRo,1.8,1,Shell Recharge Ladekarte wurde leider nicht erkannt 🤔,Olumsuz,-1
186802,Berliner Chaussee 11,Städtische Werke Magdeburg,Magdeburg,ChIJN5QfxVlfr0cREoAyb5y2gRo,1.8,1,DKV funktioniert nicht,Olumsuz,-1
186773,Ernst-Thälmann-Platz 4,E.ON Drive,Baruth/Mark,ChIJgcy4Pk8MqEcRICgSrAR8SV8,1.0,1,Die Ladesäulen sind durch einen Bauzaun blockiert und können nicht erreicht werden.,Olumsuz,-1
186763,Hüttenweg / Parkplatz ,E.ON Drive,Baruth/Mark Klasdorf Glashütte,ChIJl9bagegOqEcRNc1I4Q-jA_w,4.0,2,"Die zwei Sterne gibt es für den Versuch eine Lademöglichkeit anzubieten und der damit verbundene Vorfreude. Doch leider ist die Authentifizierung/Zahlung an der Säule einfach nicht möglich. Gängige LadeKarten und PayPal werden nicht akzeptiert bzw. erkannt. Auch die Anbieter App selbst, kennt die eigene Ladesäule nicht. Echt schade ☹️, wäre ein echter Mehrwert an diesem Spot.",Olumsuz,-1
186763,Hüttenweg / Parkplatz ,E.ON Drive,Baruth/Mark Klasdorf Glashütte,ChIJl9bagegOqEcRNc1I4Q-jA_w,4.0,5,Kostenlos laden mit dem eigenen Typ 2 Kabel. Klappt wunderbar. 11 KW liegen und gehen auch ins Auto rein.,Olumlu,1
186763,Hüttenweg / Parkplatz ,E.ON Drive,Baruth/Mark Klasdorf Glashütte,ChIJl9bagegOqEcRNc1I4Q-jA_w,4.0,5,Nur ne ladestation wie jede andere.  Einzige Pluspunkt das Laden war kostenlos.,Olumlu,1
186727,Sandbreite 1,TOTAL Be PlugToDrive,Coswig,ChIJPa-cpLkipkcR7nHbu3LLxvA,3.6,3,"Gut gegelen in der Nähe zur A9, daher zwei Säulen eher zu wenig. Gelegentlicher Ladestau :( Auch die Fischgrätenparkplätze für Autos mit Ladestecker hinten eher ungeeignet, zum rangieren noch enger als in Dessau. Ein paar Meter weiter (links von der Ein-/Ausfahrt) ist ein großer, kaum genutzter Parkplatz, wäre als Standort für die Säulen besser geeignet gewesen. Ansonsten gute Säulen mit guter Leistung.",Olumlu,1
186727,Sandbreite 1,TOTAL Be PlugToDrive,Coswig,ChIJPa-cpLkipkcR7nHbu3LLxvA,3.6,2,"Steht 400kW drauf aber beim Laden ist man davon weit weg.  2 Säulen und an jeder war jeweils nur 1 Fahrzeug. Ein lud mit 100 kW und das andere mit 80 kW. Ladesäule ist nur eine Notlösung,  wenn die Schnellen an der Strecke belegt sind.",Olumsuz,-1
186727,Sandbreite 1,TOTAL Be PlugToDrive,Coswig,ChIJPa-cpLkipkcR7nHbu3LLxvA,3.6,1,"ID 7 9% lädt normal 180kW. Hier nur 64kW. Habe den Vorgang abgebrochen und eine andere Säule Probiert. Da dann 90kW.
Fahrzeuge mit Steckdose hinten, müssen entgegen der Fahrtrichtung parken :-/
Scheinbar häufiger bei EWE go - hab die Säulen bei mir ab jetzt gesperrt.",Olumsuz,-1
186727,Sandbreite 1,TOTAL Be PlugToDrive,Coswig,ChIJPa-cpLkipkcR7nHbu3LLxvA,3.6,4,"Gute Lage nahe der Autobahn direkt neben Mcess bot sich die Ladestation an, um nebenbei gemütlich einen Kaffee zu trinken. Wobei es dann wegen der hohen Ladegeschwindigkeit fast etwas hektisch war. Der Akku war schneller voll als unser Kaffee leer.
Ungünstig ist, dass Autos mit Ladeklappe hinten entgegen der Fahrtrichtung in die schräge Ladebuchten hinein manövrieren müssen. Wir waren früh da und der Parkplatz recht leer. Bei mehr Betrieb und vollem Parkplatz bestimmt nicht so lustig.",Olumlu,1
186727,Sandbreite 1,TOTAL Be PlugToDrive,Coswig,ChIJPa-cpLkipkcR7nHbu3LLxvA,3.6,5,4 schnelle Ewe Go Lader mit guter Geschwindigkeit und großen Stellplätzen direkt vorm Fast Food Tempel. Zentral neben der Autobahn gelegen.,Olumlu,1
186553,An der Stollenmühle 39,EnBW (D),Sangerhausen,ChIJJVU5G0Y1pEcRbwk35VfAFkk,3.8,4,"Gute spartanische Ladesäule in guter Lage (Läden gibt es in der Nähe) mit Kampfgeist.
Andere Kommentare zeigen bereits den Standort und Lage. Zum Laden selbst zuerst das Kabel am Auto und danach an der Säule stecken.
Im Anschluss etwas mit der App/Karte/Web-Formular kämpfen bis das liebliche Surren des Ladevorgangs zuhören ist.
Der Platz selbst ist bei Dunkelheit sehr gut beleuchtet.",Olumlu,1
186553,An der Stollenmühle 39,EnBW (D),Sangerhausen,ChIJJVU5G0Y1pEcRbwk35VfAFkk,3.8,5,Immer leer. Direkt auf dem offenen Hof des Hyundai Händler zu finden.,Olumsuz,-1
186553,An der Stollenmühle 39,EnBW (D),Sangerhausen,ChIJJVU5G0Y1pEcRbwk35VfAFkk,3.8,1,"Die maximale Ladeleistung der Säule ist mit 43 kW AC angegeben, es sind jedoch nur 22 kW möglich.",Nötr,0
186553,An der Stollenmühle 39,EnBW (D),Sangerhausen,ChIJJVU5G0Y1pEcRbwk35VfAFkk,3.8,5,"Funktioniert einwandfrei, die 2x 22kWh AC passen doch. Wer etwas anderes denkt, ... naja.",Olumlu,1
186553,An der Stollenmühle 39,EnBW (D),Sangerhausen,ChIJJVU5G0Y1pEcRbwk35VfAFkk,3.8,4,Funktioniert,Olumlu,1
186482,Merseburgerstraße 104,E-Wald,Querfurt,ChIJIatqe8crpEcRk9ehJcaLwgk,3.0,3,"Eigentlich meide ich Ladestationen an Tankstellen, da sie meist wenig Möglichkeiten bieten die Ladezeit zu überbrücken, es ging dieses Mal nicht anders.

Leider waren von 4 Plätzen, 2 defekt. An der funktionierenden ging der Startvorgang wie bei Shell typisch wieder nur mit Ladekarte, nicht mit App. Die Max. Ladeleistung vom ID5 wurde aber erreicht.

Eine Toilette gibt es in der Tanke (nicht benutzt). Weitere Einkaufsmöglichkeiten erreicht man in circa 5 Minuten zu Fuß.",Olumsuz,-1
186482,Merseburgerstraße 104,E-Wald,Querfurt,ChIJIatqe8crpEcRk9ehJcaLwgk,3.0,1,"11.10.
nur eine Säiule aktiv- Ladevorgang nicht startbar via DKV, mobility+ oder Kreditkarte",Olumsuz,-1
186335,Comfortcharge Ladestation,Comfortcharge,Coswig,ChIJ2YsTl1LRCUcROgyMHPUXtKQ,4.0,5,"Leicht zugänglich, beleuchtet. 150 KW in Vorbereitung. Aktuell hängt ein Hinweis, das noch nicht verfügbar aber in Arbeit. 125 KW kamen schon.",Olumlu,1
186335,Comfortcharge Ladestation,Comfortcharge,Coswig,ChIJ2YsTl1LRCUcROgyMHPUXtKQ,4.0,4,Leider momentan ist keine 150 Kw,Olumsuz,-1
186335,Comfortcharge Ladestation,Comfortcharge,Coswig,ChIJ2YsTl1LRCUcROgyMHPUXtKQ,4.0,3,"Nur 50kW, manche Quellen schreiben 150kW",Olumsuz,-1
186292,Buchenwald 2,ladenetz.de,Weimar,ChIJM6Bd4QERpEcR0I1PNj2huyU,4.5,5,Ich hatte keine Probleme beim Laden meines Elektroautos.,Olumlu,1
186292,Buchenwald 2,ladenetz.de,Weimar,ChIJM6Bd4QERpEcR0I1PNj2huyU,4.5,5,"Am Lade-Standort ""Buchenwald"" des Betreibers Stadtwerke Weimar Stadtversorgungs-GmbH befindet sich 1 Ladestation. An der Ladestation befinden sich insgesamt 2 Ladepunkte mit Schuko und IEC Typ 2 Steckern. Die maximale Ladeleistung an diesem Standort beträgt 22.0 kW. Die tatsächliche Ladeleistung hängt jedoch auch von Ihrem E-Fahrzeug und Ladekabel ab. Die Ladestation befindet sich in der Buchenwald 8 in Weimar. Die Ladestationen sind rund um die Uhr zugänglich. (Quelle: e-stations,de)",Olumlu,1
186292,Buchenwald 2,ladenetz.de,Weimar,ChIJM6Bd4QERpEcR0I1PNj2huyU,4.5,5,"Ladesration im einkaufscenter
Gut ausgeschildert, somit leicht zu finden, Preis geht in Ordnung akzeptiert alle gänigen Ladekarten",Olumlu,1
186292,Buchenwald 2,ladenetz.de,Weimar,ChIJM6Bd4QERpEcR0I1PNj2huyU,4.5,5,Laden war problemlos. Säule relativ gut besucht.,Olumlu,1
186292,Buchenwald 2,ladenetz.de,Weimar,ChIJM6Bd4QERpEcR0I1PNj2huyU,4.5,5,Laden ging mit Mobility+ Karte ohne Probleme.  Elli ging garnicht 🙈,Olumsuz,-1
186247,Am Alten Versuchsfeld 1,ladenetz.de,Hermsdorf,ChIJm3JPCQC3pkcREsKVcFwVMuM,4.5,5,Neuer und großzügig gestalteter Ladepark mit Mischung aus 150 und 300kw Alpitronic Säulen. Leicht zu finden und tolle Lage direkt am Kreuz von A4 & A9. Einkaufsmöglichkeiten in der Umgebung.,Olumlu,1
186247,Am Alten Versuchsfeld 1,ladenetz.de,Hermsdorf,ChIJm3JPCQC3pkcREsKVcFwVMuM,4.5,4,"Ich muss hier mal etwas loswerden, weil ich die Beschwerden über „nur 70 kW“ Ladeleistung nicht ganz nachvollziehen kann. Viele scheinen das Prinzip des Ladens nicht verstanden zu haben: Dein Auto steuert den Ladevorgang, nicht die Ladestation! Wenn der Akku zu kalt, zu voll oder das Batteriemanagement des Fahrzeugs begrenzt, kann die Säule auch nichts daran ändern.​Es sind leider oft mehrere Ladestationen gleichzeitig außer Betrieb, was die Zuverlässigkeit einschränkt.
​Es gibt aktuell leider nur eine Säule mit 300 kW, deshalb 4 ⭐️",Nötr,0
186247,Am Alten Versuchsfeld 1,ladenetz.de,Hermsdorf,ChIJm3JPCQC3pkcREsKVcFwVMuM,4.5,5,Ladestationen bis 150kw. Man sieht sie schon vor der Einfahrt zum Parkplatz auf dem sie sich befinden.,Olumlu,1
186247,Am Alten Versuchsfeld 1,ladenetz.de,Hermsdorf,ChIJm3JPCQC3pkcREsKVcFwVMuM,4.5,2,"Hälfte defekt und die die gehen, laden nur mit 70kW",Olumsuz,-1
186217,Am Karbel 65,eins,Chemnitz,ChIJ7d0OyaVHp0cRxglk-GVvQRA,4.0,3,Funktioniert so weit ganz gut. Allerdings wartet man bei dem Anbieter sehr lange auf die Erstattung des Differenzbetrages.,Nötr,0
186212,Lortzingstr. 47,eins,Chemnitz,ChIJPZ_uY-tHp0cRnxJAE0PZ06M,3.7,1,"Nicht kompatibel mit Elli oder SachsenEnergie. Über QR-Code und Kreditkarte hat es nicht funktioniert. Vielleicht, weil diese nur noch einen Monat gültig ist? Die neue ist halt noch nicht da und das Kreditkartenkonto ist voll gedeckt. In meinen Augen eine reine Schikane. Musste mit meinem Gast an der Autobahn noch mal anhalten, obwohl ich doch während des Parkens dort laden wollte.",Olumsuz,-1
186212,Lortzingstr. 47,eins,Chemnitz,ChIJPZ_uY-tHp0cRnxJAE0PZ06M,3.7,4,Schwer zu finden. Einfahrt zum Parkplatz hinter dem B&B Hotel.,Olumlu,1
186212,Lortzingstr. 47,eins,Chemnitz,ChIJPZ_uY-tHp0cRnxJAE0PZ06M,3.7,4,"Als nicht ortskundiger sehr schwer zu finden, muss man von hinten anfahren 🙃",Nötr,0
186212,Lortzingstr. 47,eins,Chemnitz,ChIJPZ_uY-tHp0cRnxJAE0PZ06M,3.7,2,Teuer,Nötr,0
186212,Lortzingstr. 47,eins,Chemnitz,ChIJPZ_uY-tHp0cRnxJAE0PZ06M,3.7,5,"Das Laden verlief problemlos über die eins E-Mobil App. Der Preis pro kWh betrug 0,45 € und liegt damit etwa 40 % über dem üblichen Wechselstrompreis in Tschechien (ca. 0,32 €/kWh bei einem Wechselkurs von 24,7 CZK/€).

Nach 4 Stunden wird eine zusätzliche Gebühr von 0,05 €/min erhoben.

Ruhige Lage, gute Parkmöglichkeiten.",Olumlu,1
186204,Carl-Hamel-Straße 21,Allego BV,Chemnitz,ChIJiS93wY1Gp0cRndx5zcXAFJw,1.7,1,"Die Ladesäulen sind im Erdgeschoss des Parkhauses zu finden. Wer auf Abenteuer steht kann hier laden. Beim ersten Versuch mit Ladekarte von Ewe Go wurde nach einer halben Stunde und 2kw laden der Vorgang beendet. Warum auch immer? Beim zweiten Versuch über die Allego App wurde bei 65% der Ladevorgang beendet. Das erfährt man aber nur wenn man gucken geht weil die App die geladenen kW nicht mehr aktualisiert. Dass die App den Ladestand des Autos nicht anzeigt ist auch bekloppt. Die Säule selbst erkennt es ja, warum wird das dann nicht an die App gesendet?
Ich lade hier in Zukunft nicht mehr.",Nötr,0
186204,Carl-Hamel-Straße 21,Allego BV,Chemnitz,ChIJiS93wY1Gp0cRndx5zcXAFJw,1.7,1,Kein Laden möglich weder mit NFC-Karte noch mit EC. Toll.,Olumlu,1
186204,Carl-Hamel-Straße 21,Allego BV,Chemnitz,ChIJiS93wY1Gp0cRndx5zcXAFJw,1.7,1,"Da sollen mal 4 ladesäulen entstehen, bisher nur etwas drum herum aber noch keine Technik vorhanden. Stand 21.10.24.",Olumsuz,-1
186204,Carl-Hamel-Straße 21,Allego BV,Chemnitz,ChIJiS93wY1Gp0cRndx5zcXAFJw,1.7,1,"Sehr entstehend, alle Ladesäulen sind außer Betrieb, werden aber frei angezeigt.",Olumlu,1
186204,Carl-Hamel-Straße 21,Allego BV,Chemnitz,ChIJiS93wY1Gp0cRndx5zcXAFJw,1.7,1,"Ad hoc nicht zu empfehlen, Rechnungs Download auch nach 3 Tagen nicht möglich, es wird immer nur eine leere Rechnung erzeugt. Obwohl 37€ abgebucht wurden.
Allego kommt somit auch auf meine rote Liste...",Olumsuz,-1
186202,Jagdschänkenstr. 50,eins,Chemnitz,ChIJ86HVMuNHp0cR1R-QxJhDO7s,5.0,5,"DKV charge+ Karte wurde akzeptiert. Zugang direkt an der Straße, keine Begrenzung der Ladezeit. 2 Stück AC-Ladepunkte vorhanden.",Olumlu,1
186182,Launer Ring 9,eins,Zschopau,ChIJuY5mL0FQp0cRsowq0MFxDas,1.0,1,"Während der Öffnungszeiten des Schwimmbad häufig durch nicht ladende Fahrzeuge blockiert. Verständlich - es gibt ja nur hunderte freie Parkplätze 5m entfernt im angrenzenden Wohngebiet. Interessiert auch keine Sau, weder EINS geschweige denn das Schwimmbadpersonal.",Olumsuz,-1
186130,Lengenfelder Straße 35,EnBW (D),Rodewisch,ChIJowjZhezQoEcR3UREEZXbQYI,4.5,3,"Ein Ladeanschluss ist schon bestimmt 4 Wochen defekt. Die Preise von EnBW sind zu hoch und die Roaming sowie die 6 Ladetarife viel zu kompliziert. Ich Versuche EnBW zu meiden. Oft stehen Verbrenner drauf, dafür kann die Säule aber nichts.",Olumsuz,-1
186130,Lengenfelder Straße 35,EnBW (D),Rodewisch,ChIJowjZhezQoEcR3UREEZXbQYI,4.5,5,Die Ladesäule befindet sich direkt am Hellwig Markt. Wie man es von EnBW Ladestation in kennt ist auch hier alles perfekt. Vom Parken über die Autorisierung an der Säule bis hin zum Ladevorgang. Hier kann man nichts bemängeln. Einzig bei der Anfahrt mit Navigation landet man nicht genau an der Säule sondern muss sich kurz orientieren um sie dann wirklich zu finden Da sie sich direkt in der Ecke de es Hellweg Kundenparkplatzes befindet,Olumlu,1
186130,Lengenfelder Straße 35,EnBW (D),Rodewisch,ChIJowjZhezQoEcR3UREEZXbQYI,4.5,3,"Ladesäulen befinden sich im hinteren Teil des Parkplatzes und sind schwer zu finden. Es gibt keine Beschilderung dort hin.
Ladesäulen sind unbeleuchtet, was das Laden erschwert.
Laden ohne Ladekarte ist beschwerlich, weil man eine schnellere Internetverbindung auf dem Handy benötigt, der unbeleuchtete Parkplatz erschwert die Prozedur.",Nötr,0
186130,Lengenfelder Straße 35,EnBW (D),Rodewisch,ChIJowjZhezQoEcR3UREEZXbQYI,4.5,5,"Bin sehr zufrieden damit. Parkplatz ist nicht so riesig, deshalb mMn recht einfach zu finden. Laden funktionierte wie gewohnt bei EnBW tadellos und flott.",Olumlu,1
186130,Lengenfelder Straße 35,EnBW (D),Rodewisch,ChIJowjZhezQoEcR3UREEZXbQYI,4.5,5,"Ladesäulen sehr gut erreichbar, laden ging sehr schnell sind auch  150kw .",Olumlu,1
186087,Ludwigsstädter Str. 95 + 97,E.ON Drive,Stockheim,ChIJbdkR4ip9oUcR8S2npsxXVrY,3.0,1,"Liefert nur 61 KWh anstatt die versprochenen 150 bei einem ladenden Fahrzeug an der Säule. An der anderen Säule wurde auch geladen, wahrscheinlich hat es sich deshalb halbiert - habe ich so aber auch noch nicht erlebt.",Olumsuz,-1
186068,Hirtengasse 5,E.ON Drive,Kronach,ChIJBUxCy3d8oUcRAYZczOxQEdE,2.5,1,"Defekte Ladesäule, die aber als verfügbar angezeigt wird.",Olumsuz,-1
186068,Hirtengasse 5,E.ON Drive,Kronach,ChIJBUxCy3d8oUcRAYZczOxQEdE,2.5,1,Typisch e.on - da geht einfach nie was!,Olumsuz,-1
186068,Hirtengasse 5,E.ON Drive,Kronach,ChIJBUxCy3d8oUcRAYZczOxQEdE,2.5,4,Parken während der Ladezeit umsonst.,Nötr,0
186068,Hirtengasse 5,E.ON Drive,Kronach,ChIJBUxCy3d8oUcRAYZczOxQEdE,2.5,4,Ladestation liegt auf Bezahlparkplatz.,Olumlu,1
186061,Albert-Schweizer-Str. bei 10,E.ON Drive,Kulmbach,ChIJbTPI54WdoUcRM9vh-NdXZN4,3.0,1,"Es heißt, sie hätten 24 Stunden geöffnet, aber als ich um 22 Uhr dort ankam, war alles geschlossen. Ich versuche seit über 15 Minuten anzurufen und komme einfach nicht durch. Mein Akku ist jetzt leer und ich stehe nachts da – total unprofessionell, sieht für mich nach Betrug aus. Hoffentlich meldet jemand diese Tankstelle als Betrug. Hoffentlich bekommen sie keine staatliche Unterstützung, und das ist der Grund, warum sie so etwas für Betrüger eingerichtet haben. So ärgerlich!",Olumsuz,-1
185999,Berneckerstraße 70,E.ON Drive,Bayreuth,ChIJC0-Pf8WioUcRkuKatPn6oBk,5.0,5,E.ON Ladesäule für Elektrofahrzeuge - Eine Ladestation für Elektroautos. Parken ist nur während des Ladevorgangs erlaubt.,Olumlu,1
185925,Weiherstraße 10,N-ERGIE,Weißenohe,ChIJd71ts4XloUcRwe4d-4G5qsU,4.0,4,"Ladeverbund Charching Station für Elektrofahrzeuge auf einem großen Wanderparkplatz beim Kloster Weißenohe mit zwei Einfahrten (Ost/West) für um die 60-65 Autos direkt an der Lillach. Perfekter Ausgangspunkt für Wanderungen z.B. rund um die Sinterterassen der Lillach, der Lillachquelle, nach Lilling, uvm.",Olumlu,1
185909,Buchenbühler Str. 15,N-ERGIE,Kalchreuth,ChIJQehwmZf8oUcR-7zMB_yaxLg,5.0,5,"Ich habe zwar kein E-Fahrzeug, aber die Ladestation lädt zum Verweilen und Genießen ein, da es hier neben der herrlichen Aussicht auch Picknickmöglichkeiten, sowie einen fitness-Parcours gibt.",Olumlu,1
185909,Buchenbühler Str. 15,N-ERGIE,Kalchreuth,ChIJQehwmZf8oUcR-7zMB_yaxLg,5.0,5,"Gut gelegen, zum Wandern oder Besuch des Spielplatz",Olumlu,1
185907,Sebastianstraße 28,TOTAL Be PlugToDrive,Erlangen,ChIJ5-GSGyL_oUcRakqZTWrx4JQ,1.5,1,"Weil anscheinend versucht wird negative Bewertungen zu löschen gerne noch einmal.
Und wieder 2 Säulen außer Betrieb. Sehr schlecht. Dafür Geld verlangen ist schon frech.
18.08.22 und wieder will man laden und wieder Säulen defekt. Und das bei mit unseren Steuergeldern finanzierten Ladesäulen. 04.10.22 Säule 1 und 2 defekt. Säule 3 versucht mit einem imaginären Auto zu verbinden, obwohl da keines angeschlossen ist. Eine Säule geht und da steht immer einer. Totalversagen liebe Total. Problem das sich in diesem Laden keiner darum kümmert. Deutscher Support ist ja schon nicht mal drin.",Olumsuz,-1
185907,Sebastianstraße 28,TOTAL Be PlugToDrive,Erlangen,ChIJ5-GSGyL_oUcRakqZTWrx4JQ,1.5,2,Zwei von vier Ladestation defekt. Die dritte Station hat Probleme beim Erkennen einer (unterstützten) Ladekarte.  Hier ist noch viel Luft nach oben.,Olumsuz,-1
185907,Sebastianstraße 28,TOTAL Be PlugToDrive,Erlangen,ChIJ5-GSGyL_oUcRakqZTWrx4JQ,1.5,1,"175kw angegeben, außer mir, ein weiteres Fahrzeug am Laden, 38kw Ladeleistung während mein Auto gerne 160kw gehabt hätte...",Olumsuz,-1
185907,Sebastianstraße 28,TOTAL Be PlugToDrive,Erlangen,ChIJ5-GSGyL_oUcRakqZTWrx4JQ,1.5,1,"2 Ladestation ohne Funktion. Wie belegten eine der beiden freien. Angepriesen mit 175kw, Ladevorgang lediglich mit 35kw möglich! Angepriesen laut Tafel mit 0,69€/kWh und auf der Säule auf einmal mit 0,79€ / kWh!   Absolut grottig !!!!!",Olumsuz,-1
185907,Sebastianstraße 28,TOTAL Be PlugToDrive,Erlangen,ChIJ5-GSGyL_oUcRakqZTWrx4JQ,1.5,1,"175 Kw stehen dran, 50 kommen raus. Das ist nix, schade ordentlich Zeit verbrannt. Nicht zu empfehlen.",Olumsuz,-1
185856,Humboldtstraße 85,N-ERGIE,Nürnberg,ChIJD7-tRQxXn0cRqW7PuXV77S4,4.0,5,"Laden sehr gut möglich, manchmal aber mit nicht E-Autos zu geparkt",Olumlu,1
185856,Humboldtstraße 85,N-ERGIE,Nürnberg,ChIJD7-tRQxXn0cRqW7PuXV77S4,4.0,2,"Geschlossen, derzeit im Umbau",Olumsuz,-1
185770,Riedlberg 1,SMATRICS Netz,Drachselried,ChIJAczt7xA6dUcR1YzHUtaWW1g,5.0,5,"In der Tiefgarage vom Hotel Riedlberg, nur ein Anschluss 22KW, mit festem Kabel an der KEBA. Online Aktivierung Dank Hotel WLAN kein Problem",Olumlu,1
185722,Am Hagen 2,E.ON Drive,Straubing,ChIJj7hQvoRvdUcRf2JlPVRkfQU,1.0,1,"Leider ist die Ladestation oft defekt. Auch wenn die Störung gemeldet wird, erfolgt keine Reparatur",Olumsuz,-1
185721,Dresdner Str. 9,EnBW (D),Straubing,ChIJC1iEiYVldUcRAlbX7T44Zfw,4.0,3,Lade-Geschwindigkeit nicht mehr zeitgemäß. Unbeleuchteter Platz. + Positionierung in der Nähe von einigen Märkten und Bundesstraße,Olumsuz,-1
185721,Dresdner Str. 9,EnBW (D),Straubing,ChIJC1iEiYVldUcRAlbX7T44Zfw,4.0,5,"Wie bei EnBW gewohnt, schnelles Laden",Olumlu,1
185721,Dresdner Str. 9,EnBW (D),Straubing,ChIJC1iEiYVldUcRAlbX7T44Zfw,4.0,5,Steht auf dem Gelände vom Baumarkt. Zufahrt ist 24/7 Möglich. 3 Stecker keine Möglichkeit eigenes Kabel anzustecken.,Olumlu,1
185721,Dresdner Str. 9,EnBW (D),Straubing,ChIJC1iEiYVldUcRAlbX7T44Zfw,4.0,1,Außer Betrieb,Olumsuz,-1
185721,Dresdner Str. 9,EnBW (D),Straubing,ChIJC1iEiYVldUcRAlbX7T44Zfw,4.0,5,Super,Olumlu,1
185712,Mayerplatz 1,E.ON Drive,Mindelstetten,ChIJh6WVxgSsn0cR-jhs42tjo30,2.5,4,"ADAC Karte funktioniert.
Tankstelle, Bäcker und Pizzeria in Reichweite.",Olumlu,1
185712,Mayerplatz 1,E.ON Drive,Mindelstetten,ChIJh6WVxgSsn0cR-jhs42tjo30,2.5,1,Nur mit Karte von e-on :(,Olumsuz,-1
185639,Füssinger Str.2,ladenetz.de,Pocking,ChIJuVrB2w5FdEcRFCUEW7zTjbQ,4.5,5,"So stelle ich mir einen Ladevorgang vor. Säulen gut zu finden. Ladekarte an den Leser halten, Stecker auswählen, Stecker ins Auto stecken, Ladung startet.",Olumlu,1
185639,Füssinger Str.2,ladenetz.de,Pocking,ChIJuVrB2w5FdEcRFCUEW7zTjbQ,4.5,4,Laden ohne Probleme. Daten auf Google Maps sind jedoch nicht korrekt. Die Säule befindet sich auf dem McDonalds Parkplatz.,Olumlu,1
185633,Bajuwarenstraße 9,ladenetz.de,Erding,ChIJP8EIbQARnkcRlSseLjRZKMI,2.0,1,"Ich Versuche schon nur noch punktuell dort zu laden da die Erfahrung zeigt das der Typ 2 sowieso nicht funktioniert. Mein Auto (Renault  Zoe) erkennt schon gar nicht den Stecker wenn er angesteckt ist....
Nachdem ich schon sehr oft beim Service angerufen habe, mache ich das hier nicht mehr, da nur Zeit vergeudet wird.
Fazit: nicht empfehlenswert!!!",Olumsuz,-1
185633,Bajuwarenstraße 9,ladenetz.de,Erding,ChIJP8EIbQARnkcRlSseLjRZKMI,2.0,1,"CHAdeMO Anschluss hat am 19.04.25 nicht funktioniert.
Fehler wird aber online nicht angezeigt.",Olumsuz,-1
185633,Bajuwarenstraße 9,ladenetz.de,Erding,ChIJP8EIbQARnkcRlSseLjRZKMI,2.0,1,App Authentifizierung über Google geht nicht da 'keine Sichere Verbindung ' Laden damit unmöglich,Olumsuz,-1
185633,Bajuwarenstraße 9,ladenetz.de,Erding,ChIJP8EIbQARnkcRlSseLjRZKMI,2.0,5,Hat alles super funktioniert,Olumlu,1
185633,Bajuwarenstraße 9,ladenetz.de,Erding,ChIJP8EIbQARnkcRlSseLjRZKMI,2.0,1,ständig Probleme AC Laden zu starten 🙄,Olumsuz,-1
185630,Holbeinstraße 18,E-Wald,Töging,ChIJ18YGiBfCdUcRHT22hsUHQLo,3.2,5,Direkt neben Rewe 🤗🤗🤗 ideal während des Einkaufen 🤩🤩🤩,Olumlu,1
185630,Holbeinstraße 18,E-Wald,Töging,ChIJ18YGiBfCdUcRHT22hsUHQLo,3.2,1,"Sehr teuer, wahrscheinlich nur für Enbw Abo Kunden zu empfehlen.",Olumsuz,-1
185630,Holbeinstraße 18,E-Wald,Töging,ChIJ18YGiBfCdUcRHT22hsUHQLo,3.2,5,"Ja, zu empfehlen",Olumlu,1
185630,Holbeinstraße 18,E-Wald,Töging,ChIJ18YGiBfCdUcRHT22hsUHQLo,3.2,1,Viel zu teuer. Die Preise sind Geisteskrank!,Olumsuz,-1
185622,Bahnhofstraße 5,E-Wald,Gröbenzell,ChIJs-RIOSh5nkcRbXc8ZcIBKDg,1.0,1,"Energiepreise sind hoch, aber 0,7€/kWh
macht sprachlos

Warum können andere Anbieter zum selben Zeitpunkt 0,4-0,5€/kWh  realisieren?

So sieht die Energiewende weg von fossilen Energien aus🤮",Olumsuz,-1
185622,Bahnhofstraße 5,E-Wald,Gröbenzell,ChIJs-RIOSh5nkcRbXc8ZcIBKDg,1.0,1,Hinweis: Leider muss man sein eigenes Ladekabel mitbringen!,Olumsuz,-1
185606,Am Mitterfeld 29,ladenetz.de,München,ChIJf2ROJb4KnkcR5xydIhCVzkQ,4.3,5,Schnelle AC Ladestation 50 kW.,Olumlu,1
185510,Schiffbauergasse vor Nr. 17,EWP : Energie und Wasser Potsdam GmbH,Potsdam,ChIJx02ci-D1qEcREKfrgiXr7ks,3.1,5,"Ladestation (1 Säule, 2 Anschlüsse) des städtischen Energieversorgers EWP. Geladen wird mit AC, max 11 KW. Die Parkdauer ist ausgeschildert und auf 4 Stunden (Parkscheibe nicht vergessen!) begrenzt. Parkplätze sind ausreichend groß, allerdings nicht visuell getrennt. In der Nähe befindet sich u.a. das Hans Otto Theater, Biocompany und ein Fitness Center. Außerdem eine tolle Möglichkeit um schön spazieren zu gehen. Cheers",Olumlu,1
185510,Schiffbauergasse vor Nr. 17,EWP : Energie und Wasser Potsdam GmbH,Potsdam,ChIJx02ci-D1qEcREKfrgiXr7ks,3.1,5,"Auto Laden mit einer solchen Aussicht, herrlich! Die wohl schönste Ladesäule Potsdams.",Olumlu,1
185510,Schiffbauergasse vor Nr. 17,EWP : Energie und Wasser Potsdam GmbH,Potsdam,ChIJx02ci-D1qEcREKfrgiXr7ks,3.1,4,"Optisch schöner Ladestandort und die Ladesäulen funktionierten auch bislang immer. Einziger Minuspunkt ist die schlechte Kennzeichnung beider Ladeplätze, denn oft wird einer der beiden meist durch Fremde zugeparkt und das liegt zu 80% an der schlechten Kennzeichnung!",Olumlu,1
185510,Schiffbauergasse vor Nr. 17,EWP : Energie und Wasser Potsdam GmbH,Potsdam,ChIJx02ci-D1qEcREKfrgiXr7ks,3.1,1,"Leider war ist es hier so, das ein arroganter ""Porsche Fahrer"" die Ladestation als Parkplatz missbrauchte. Mann ist ja etwas Besseres. Eingesteckt ohne Ladevorgang zu starten. Nur damit es so aussieht als ob. Widerlich, denn direkt gegenüber gibt's ein Parkhaus. Das Ordungsamt ist unterwegs. 😁",Olumsuz,-1
185510,Schiffbauergasse vor Nr. 17,EWP : Energie und Wasser Potsdam GmbH,Potsdam,ChIJx02ci-D1qEcREKfrgiXr7ks,3.1,1,DKV Karte wird abgelehnt obwohl Ladesäule in der App angezeigt wird,Olumsuz,-1
185495,Goldener Stieg 40,EnBW (D),Hutthurm,ChIJ3RbXMDnxdEcRt4VoFmfnb-U,4.6,5,"Prima Ladestation mit 150kw und 300 kw. Direkt auf dem Penny Parkplatz, neben der Shell.",Olumlu,1
185495,Goldener Stieg 40,EnBW (D),Hutthurm,ChIJ3RbXMDnxdEcRt4VoFmfnb-U,4.6,2,Super nervige Anmeldung... hat mehr als 15min bis man laden konnten gedauert... Dann recht schnell,Olumsuz,-1
185495,Goldener Stieg 40,EnBW (D),Hutthurm,ChIJ3RbXMDnxdEcRt4VoFmfnb-U,4.6,5,👍,Olumlu,1
185495,Goldener Stieg 40,EnBW (D),Hutthurm,ChIJ3RbXMDnxdEcRt4VoFmfnb-U,4.6,5,Immer ein idealer Ort zum Aufladen,Olumlu,1
185481,Großparkplatz an der Bayreuther Straße,N-ERGIE,Sulzbach-Rosenberg,ChIJywmPWH7ToUcRpkbZYhzxbfc,5.0,5,Hier kann man Strom tanken.,Olumlu,1
185467,Waldnaabtal Ost BAB93 ,E.ON Drive,Windischeschenbach,ChIJFb4x-XpFoEcR9JJnNIZcyac,2.6,2,"Die Ladesäulen sind gut erreichbar und bis auf eine scheinen auch alle zu funktionieren. Die angebotenen 175 kW, die auch nie ganz erreicht wurden (Maximum 125 kW) sind heutzutage aber einfach nicht mehr zeitgemäß. Die augenscheinlich neueste Ladesäule kann sogar nur 100 kW. E.ON, wir haben 2026, was soll das.",Nötr,0
185467,Waldnaabtal Ost BAB93 ,E.ON Drive,Windischeschenbach,ChIJFb4x-XpFoEcR9JJnNIZcyac,2.6,1,"Sehr langsame Ladesäule. 175 KW ist angegeben, doch es kommen nur 25 - 32 KW raus. Das ist schlichtweg Betrug für diesen Preis pro KW. Erlebe ich jetzt schon zum zweiten mal hier.",Olumsuz,-1
185467,Waldnaabtal Ost BAB93 ,E.ON Drive,Windischeschenbach,ChIJFb4x-XpFoEcR9JJnNIZcyac,2.6,2,"Komplett schmutzig und ungepflegt. Eine Ladesäule hat nicht funktioniert. Jede Menge Spinnen haben das Laden fast gänzlich verhindert. Von einer Autobahnraststätte, an der täglich mehrere hundert Menschen vorbeikommen, kann man mehr erwarten. Vor allem bei den Preisen…",Olumsuz,-1
185467,Waldnaabtal Ost BAB93 ,E.ON Drive,Windischeschenbach,ChIJFb4x-XpFoEcR9JJnNIZcyac,2.6,1,Spinnen. Jede. Menge. Spinnen. Man kommt teilweise gar nicht an die Ladestecker weil sie von Netzen oder Spinnen bedeckt sind.,Olumlu,1
185467,Waldnaabtal Ost BAB93 ,E.ON Drive,Windischeschenbach,ChIJFb4x-XpFoEcR9JJnNIZcyac,2.6,2,"175kW ist angegeben, doch nur 22kW habe ich bekommen. Das ist eine Falschangabe oder schlicht Betrug und insb an der Autobahn ein Problem. EnBW macht das deutlich besser.

Ansonsten ist die Station sauber und modern.",Nötr,0
185404,Kirchplatz 5,E.ON Drive,Ismaning,ChIJE-_x7DdznkcRWoYW1JNW1Mk,1.0,1,"Die Ladesäulen werden häufig von Mitmenschen (Benziner oder Autos die nicht laden) blockiert die ihr Auto nicht laden. Hier sollte die Gemeinde unbedingt nachbessern. Für Anwohner, die ihr Auto laden wollen, ist das schon eine Qual.

Die Aufkleber für die Bezeichnung der Ladesäulen ist nicht der richtige. Wenn man die richtige Nummer sucht, dann muss man auf das Display schauen. Dieses ist jedoch sehr zerkratzt.",Olumsuz,-1
185404,Kirchplatz 5,E.ON Drive,Ismaning,ChIJE-_x7DdznkcRWoYW1JNW1Mk,1.0,1,"Rückständiger Bezahlprozess. Es war kein Ladevorgang möglich, da das System die Ladesäule zwar gefunden hat, dann kam jedoch eine Fehlermeldung.",Olumsuz,-1
185404,Kirchplatz 5,E.ON Drive,Ismaning,ChIJE-_x7DdznkcRWoYW1JNW1Mk,1.0,1,"Kein Laden möglich, weder per Ladekarte noch per handy-bezahlvorgang",Olumsuz,-1
185403,Platz vor dem Neuen Tor ,Innogy SE (RWE eMobility),Berlin,ChIJK7VTfmNUqEcRQlDJlqSBPi4,5.0,5,"Vielen vielen Dank, bis zum nächsten mal ;)",Olumlu,1
185385,Schulstr. 1,Allego BV,Berlin,ChIJKf0l_DBWqEcRX_m-nksB4DY,4.0,3,"Also die Ladestationen funktionieren. Die Position der Stationen erschließt sich mir allerdings nicht, man kann nicht Auto aussaugen und Laden gleichzeitig. Ebenso muss man erst an den Staubsaugern der Waschstraße vorbei, um zu den vielen Ladesäulen zu gelangen. So ganz durchdacht ist die gesamte große Lade-Anlage nicht und auch nicht einfach erreichbar.",Nötr,0
185385,Schulstr. 1,Allego BV,Berlin,ChIJKf0l_DBWqEcRX_m-nksB4DY,4.0,5,"Super Anlage! Liegt leider sehr versteckt. Von der Straße überhaupt nicht zu sehen. Die Zufahrt ist nicht durch die Zufahrt Waschstraße bzw. Saugen. Man kann östlich zwischen Tankstelle und Waschstraße durchfahren, um problemlos anzukommen. Man sollte auch die Nummern an den Ladesäulen checken, da auf der Karte in den Apps evtl eine falsche Reihenfolge eingetragen ist.

Dass man nicht Saugen UND gleichzeitig Laden kann, irritierte mich auch, aber solche Gegebenheiten habe ich ohnehin noch nicht woanders gesehen. Ist halt einfach so.
Darum würde ich dafür auch keine negative Bewertung einfließen lassen. Es ist ausreichend Platz und alles funktionierte wie es sollte.",Nötr,0
185382,Spandauer Damm 134,Allego BV,Berlin,ChIJd6M1pedXqEcRc2Sk4O7p0Kw,3.3,2,"An der Schnellladesäule sind die vorhandenen Kabel zu kurz. Wenn bereits ein Fahrzeug lädt, kann ich die Säule nicht nutzen, die Buchse befindet sich bei meinem E-Mini hinten. Weder vorwärts noch rückwärts geparkt reicht das Kabel.
Ausweichen auf die 11KW Säule mit eigenem Kabel funktioniert",Olumsuz,-1
185346,Bruckenhofer Straße 7,N-ERGIE,Spardorf,ChIJscFlnnr5oUcR5TOTNSElfYk,3.0,5,"diese Ladestation ist sehr schön gelegen. In einem schönen Fränkischen Dorf in einer idyllischen Siedlung. Mir hat diese Station sehr gefallen, sie ist immer einen Ausflug wert.",Olumlu,1
185346,Bruckenhofer Straße 7,N-ERGIE,Spardorf,ChIJscFlnnr5oUcR5TOTNSElfYk,3.0,1,Da sind gar keine Ladesäulen. Das Bild stammt von der Station 100 Meter nördlich,Olumsuz,-1
185310,Landsberger Str. 66 (Parkplatz),ladenetz.de,Inning am Ammersee,ChIJL0hl-z8snEcRfxpz0h_k93U,1.7,1,"Nur gedrosselte Ladegeschwindigkeit; zusätzlich muss man sich noch einen Parkschein lösen, mit einer App, bei der man sich nicht einmal anmelden kann, um den Parkvorgang zu starten, und die nur auf dem iPhone vorhanden ist.",Olumsuz,-1
185310,Landsberger Str. 66 (Parkplatz),ladenetz.de,Inning am Ammersee,ChIJL0hl-z8snEcRfxpz0h_k93U,1.7,1,"An einem CCS Stecker wurde der Ladevorgang nach 3 Minuten abgebrochen am anderen CCS Stecker nur mit erheblich reduzierter Leistung.
Das sollte die Säule wohl mal repariert werden",Olumsuz,-1
185310,Landsberger Str. 66 (Parkplatz),ladenetz.de,Inning am Ammersee,ChIJL0hl-z8snEcRfxpz0h_k93U,1.7,1,Einfach absurd! Auto Laden und gleichzeitig noch Parkschein einlösen? Wie soll das die Elektromobilität fördern? Zusätzlich schlecht gebautes Gelände wo die Ladesäulen stehen!,Olumsuz,-1
185310,Landsberger Str. 66 (Parkplatz),ladenetz.de,Inning am Ammersee,ChIJL0hl-z8snEcRfxpz0h_k93U,1.7,2,35 kW Ladeleistung an einer 150 kW Ladesäule ist nicht zeitgemäß,Nötr,0
185310,Landsberger Str. 66 (Parkplatz),ladenetz.de,Inning am Ammersee,ChIJL0hl-z8snEcRfxpz0h_k93U,1.7,2,Leider oft nicht verfügbar. Offenbar permanente Probleme mit der Verbindung zum Server für die Abrechnung.,Olumsuz,-1
185228,Limmatstr. 2,ladenetz.de,München,ChIJswumeOrYnUcRrvQBAlfDy80,2.7,5,"War total frei, hatte eine sehr gute Beschreibung der Handhabung, so dass auch ein Nicht-Techniker wie ich mit einem brandneuen Vollelektroauto kein Problem hatte.Batterie  war nach knapp 3 Stunden voll.Dank an die Stadtwerke.",Olumlu,1
185228,Limmatstr. 2,ladenetz.de,München,ChIJswumeOrYnUcRrvQBAlfDy80,2.7,2,"Platz selber viel zu klein, Laden funktioniert auch nicht so gut, Hotline nicht erreichbar",Olumsuz,-1
185210,Weyhegarten 1,EnBW (D),Quedlinburg,ChIJGX56gdOipUcReQFUkLMrlj0,4.6,5,"Sehr guter Ablauf. Volle 150 kW als ich alleine geladen habe. Als das zweite Auto kam, kurze Pause und danach mit geteilter Leistung weiter.",Olumlu,1
185210,Weyhegarten 1,EnBW (D),Quedlinburg,ChIJGX56gdOipUcReQFUkLMrlj0,4.6,5,"2 Ladestellen auf gut erreichbaren öffentlichem Parkplatz
Achtung: Parkscheibe sichtbar im Auto positionieren, da nur 2 Stunden mit Parkscheibe nutzbar!)",Olumlu,1
185210,Weyhegarten 1,EnBW (D),Quedlinburg,ChIJGX56gdOipUcReQFUkLMrlj0,4.6,5,Ich war sehr zufrieden. Sie ist auf dem Parkplatz gut sichtbar von der Straße.,Olumlu,1
185210,Weyhegarten 1,EnBW (D),Quedlinburg,ChIJGX56gdOipUcReQFUkLMrlj0,4.6,3,"Im Edeka Markt gibt es zwar ein Bäcker  und einen Kaffee ausschank aber keine Toiletten, auch in der Umgebung nicht.",Nötr,0
185210,Weyhegarten 1,EnBW (D),Quedlinburg,ChIJGX56gdOipUcReQFUkLMrlj0,4.6,5,"Beste und fast einzige ladestation  in Quedlinburg- schnelles laden mit 150kw. Bezahlen mit DKV Karte.
Liegt sehr abseits vom Zentrum irgendwo zwischen edeka und Wohngebiet.",Olumlu,1
185140,Hütgraben 8,E.ON Drive,Oberviechtach,ChIJGS6mPj8boEcRKqVJNYJzOxI,1.5,1,"Keiner der 4 Anschlüsse hat geladen, weder über App oder Kreditkarte.
War die erste und letzte Eon-Station, die ich angefahren habe.",Olumsuz,-1
185140,Hütgraben 8,E.ON Drive,Oberviechtach,ChIJGS6mPj8boEcRKqVJNYJzOxI,1.5,2,Zwei der vier Stecker sind nicht verfügbar,Olumsuz,-1
185101,Comfortcharge Ladestation,Comfortcharge,Rochlitz,ChIJX6I5TxEXp0cRWq4mLmuxFi4,3.3,3,Eine Woche später hat das Aufladen wieder funktioniert. Hoffentlich bleibt es so.,Nötr,0
185101,Comfortcharge Ladestation,Comfortcharge,Rochlitz,ChIJX6I5TxEXp0cRWq4mLmuxFi4,3.3,1,"Patkplätze am Friedhof ungenügend,  wie lange hält man diesen überproportionalen Fußweg auf der Sternstraße noch aufrecht? Denken die Stadtväter von Rochlitz dass bald wieder hunderte Arbeiter mit der Bahn anreisen?",Olumsuz,-1
185101,Comfortcharge Ladestation,Comfortcharge,Rochlitz,ChIJX6I5TxEXp0cRWq4mLmuxFi4,3.3,3,"Nach ewigen Ausfällen scheint das CCS Laden wieder zu funktionieren - schauen wir, wie lange.",Olumlu,1
185101,Comfortcharge Ladestation,Comfortcharge,Rochlitz,ChIJX6I5TxEXp0cRWq4mLmuxFi4,3.3,4,Leider keine Toilette in der Nähe aber ansonsten ein zuverlässiger Lader.,Nötr,0
185082,Hansens Holz BAB14 ,E.ON Drive,Döbeln,ChIJdamhaDBlp0cRIhAzc9cOpLo,3.5,1,"Das zweite Mal schon an dieser Ladesäule einen Zwischenstopp gemacht und das zweite Mal ließ sich kein Ladevorgang starten, weder über App noch über Ladekarte",Olumsuz,-1
185082,Hansens Holz BAB14 ,E.ON Drive,Döbeln,ChIJdamhaDBlp0cRIhAzc9cOpLo,3.5,5,Ich empfehle es jedem,Olumlu,1
185075,Franklinstr. 13,Allego BV,Berlin,ChIJ_75noBpRqEcRjb2It79Uuv4,3.4,2,Ladesäulen laut auskunft eines anderen Kunden seid Monaten beschädigt.,Olumsuz,-1
185075,Franklinstr. 13,Allego BV,Berlin,ChIJ_75noBpRqEcRjb2It79Uuv4,3.4,5,Ladevorgang hat einwandfrei funktioniert,Olumlu,1
185075,Franklinstr. 13,Allego BV,Berlin,ChIJ_75noBpRqEcRjb2It79Uuv4,3.4,1,Leider keine UTA und Vattenfall Karten möglich,Olumsuz,-1
185075,Franklinstr. 13,Allego BV,Berlin,ChIJ_75noBpRqEcRjb2It79Uuv4,3.4,5,Lade Vorgang hat sehr gut geklappt!,Olumlu,1
185070,Bernecker Str. 27,N-ERGIE,Himmelkron,ChIJ5zx1ezOgoUcRM3H685caxLA,4.0,5,Aktuell kostenlos Laden ohne Ladekarte möglich. Schon oft hier geladen und noch nie zugeparkt. Super 👍,Olumlu,1
185070,Bernecker Str. 27,N-ERGIE,Himmelkron,ChIJ5zx1ezOgoUcRM3H685caxLA,4.0,5,Einfach super!,Olumlu,1
185070,Bernecker Str. 27,N-ERGIE,Himmelkron,ChIJ5zx1ezOgoUcRM3H685caxLA,4.0,3,"Die wenigen von uns, die noch AC laden müssen, sind hier insofern gut aufgehoben, dass es überhaupt möglich wahr zu laden, was man über die anderen AC-Säulen in der Umgebung leider nicht sagen kann.
Die ad-hoc Authentication hat auch gut funktioniert und der Ladevorgang wurde schnell und reibungslos gestartet. Die drei Sterne gibt es wegen dem völlig überzogenen Preis von 0,70 €/kWh. Das ist viel zu teuer und überhaupt nicht mehr zeitgemäß.
Sonst wie gesagt alles super",Nötr,0
185070,Bernecker Str. 27,N-ERGIE,Himmelkron,ChIJ5zx1ezOgoUcRM3H685caxLA,4.0,5,"Während der Ladezeit kann man hier gut essen gehen und in die Autobahnkirche, sich in der Stille erholen.",Olumlu,1
185020,Josef-Martin-Bauer-Straße 18,ladenetz.de,Dorfen,ChIJ18w--cj3dUcRE3r6hoM4qtw,3.0,2,"Schöne neue Ladestation, Platz gut zum parken dafür 5 Sterne.
Aber wieso kommt man auf die Idee solche Stationen ohne Typ 2 Anschluss aufzustellen?",Olumlu,1
185020,Josef-Martin-Bauer-Straße 18,ladenetz.de,Dorfen,ChIJ18w--cj3dUcRE3r6hoM4qtw,3.0,1,Leider werden die Plätze oft von LKW zugeparkt oder es stehen Autos dort die von einer Car Sharing Firma sind und schon lange voll sind und nicht weg fahren,Olumsuz,-1
185001,Unescoplatz 1,ladenetz.de,Weimar,ChIJcUXTj78apEcRIb0PpigkHKk,4.0,5,"Gute Lademöglichkeit in der Nähe zur Innenstadt. Die Ladesäulen befinden sich auf einem größeren Parkplatz, eher im hinteren Bereich, sind aber gut erreichbar. Laden mit Ladekarte am CCS funktionierte problemlos.",Olumlu,1
185001,Unescoplatz 1,ladenetz.de,Weimar,ChIJcUXTj78apEcRIb0PpigkHKk,4.0,5,Funktioniert einwandfrei,Olumlu,1
185001,Unescoplatz 1,ladenetz.de,Weimar,ChIJcUXTj78apEcRIb0PpigkHKk,4.0,5,Funktioniert einwandfrei.,Olumlu,1
185001,Unescoplatz 1,ladenetz.de,Weimar,ChIJcUXTj78apEcRIb0PpigkHKk,4.0,1,"Nur 5 Euro für eine einzige Parkzeit! Besonders toll, da das Parken hier kostenlos ist. Was für ein Trick!",Olumlu,1
184981,Gewerbestraße 1,Allego BV,Möckern,ChIJK1QqQkqtqEcRmT6mEvanSiY,4.5,5,"Alles reibungslos. 6 Ladepunkte.
Eine Säule hat die Meldung ""Kabeldiebstahl"" gebracht obwohl keine Beschädigung zu erkennen war.
Netto und MCDonalds für den kleinen Einkauf zwischendurch in der Nähe",Olumlu,1
184981,Gewerbestraße 1,Allego BV,Möckern,ChIJK1QqQkqtqEcRmT6mEvanSiY,4.5,5,"Super Ladestation, ein bisschen versteckt aber geil finde ich hier gibt’s sogar Waschmaschinen und verschiedene andere Ladestationen drumherum auch",Olumlu,1
184981,Gewerbestraße 1,Allego BV,Möckern,ChIJK1QqQkqtqEcRmT6mEvanSiY,4.5,2,"Habe die Ladestation heute angesteuert, eine Säule war komplett ausgefallen - die Stecker leuchteten rot, die anderen waren besetzt. Also ging es weiter Richtung Magdeburg. Platz an der Ladestation war sehr eng. Hierher komme ich nicht mehr zurück.",Olumsuz,-1
184981,Gewerbestraße 1,Allego BV,Möckern,ChIJK1QqQkqtqEcRmT6mEvanSiY,4.5,2,"Zum Teil defekt, zum Teil schwankend in der Leistung. Ich habe hier jetzt zweimal geladen und von 30 bis 130 ist hier alles möglich, ein kleines Glücksspiel ;-)",Nötr,0
184981,Gewerbestraße 1,Allego BV,Möckern,ChIJK1QqQkqtqEcRmT6mEvanSiY,4.5,5,Ohne Probleme aufgeladen,Olumlu,1
184964,Von-Müller-Strasse,E-Wald,Freyung,ChIJn3KOss3udEcRCiX9K_PdMnE,3.0,1,"Leider nur ca. 9,2kW…",Olumsuz,-1
184964,Von-Müller-Strasse,E-Wald,Freyung,ChIJn3KOss3udEcRCiX9K_PdMnE,3.0,5,"Wenn man früh am Morgen aufladen will,
bekommt man auch einen Platz.",Olumlu,1
184960,Moosbürger Straße 15,E.ON Drive,Weiden,ChIJaYW_Tw85oEcRHCxttGeAvgc,3.3,2,"Aufladen während der Öffnungszeiten des MediaMarkts super möglich.
Leider ist der Parkplatz außerhalb der Öffnungszeiten des MediaMarktes geschlossen und somit ist ein Laden nachts und am Sonntag nicht möglich.
Ich finde, wenn man einen HPC Ladepark baut, sollte er 24/7 zugänglich sein.",Nötr,0
184960,Moosbürger Straße 15,E.ON Drive,Weiden,ChIJaYW_Tw85oEcRHCxttGeAvgc,3.3,5,"Zwei 300 kW Charger und 250 kW Charger, nur zugänglich zu den Öffnungszeiten von MediaMarkt. Ein nicht veganer Imbiss ist daneben, aber sonst hätte Atmosphäre.",Olumlu,1
184960,Moosbürger Straße 15,E.ON Drive,Weiden,ChIJaYW_Tw85oEcRHCxttGeAvgc,3.3,5,Neue Stationen - konnten mit 170 kW laden während wir im Medimarkt neue Elektronik angeschaut haben.,Olumlu,1
184960,Moosbürger Straße 15,E.ON Drive,Weiden,ChIJaYW_Tw85oEcRHCxttGeAvgc,3.3,1,"Eine Ladestation, die nicht 24/7 benutzbar ist, macht keinen Sinn!",Olumsuz,-1
184920,Markgrafenallee 5,N-ERGIE,Bayreuth,ChIJZdXJhB6joUcRJesVJSb_Ruk,3.8,5,Von der Autobahn kommend - nach dem “Kampf“ durch die Kreisverkehre wird man von zwei Ladesäulen empfangen. Ausreichend Platz und ich hatte keine Probleme,Olumlu,1
184920,Markgrafenallee 5,N-ERGIE,Bayreuth,ChIJZdXJhB6joUcRJesVJSb_Ruk,3.8,5,Lädt ohne Probleme Kia Ev6 mit 140 kW.,Olumlu,1
184920,Markgrafenallee 5,N-ERGIE,Bayreuth,ChIJZdXJhB6joUcRJesVJSb_Ruk,3.8,5,"Einwandfrei, sofort gestartet und schnell geladen. Mc Donald nebenan mit kostenloser Toilette.",Olumlu,1
184920,Markgrafenallee 5,N-ERGIE,Bayreuth,ChIJZdXJhB6joUcRJesVJSb_Ruk,3.8,5,Lädt wesentlich schneller als andere Säulen mit der gleichen leistungsangabe,Olumlu,1
184920,Markgrafenallee 5,N-ERGIE,Bayreuth,ChIJZdXJhB6joUcRJesVJSb_Ruk,3.8,5,"Hab es hier eigentlich immer geschafft 150kWh aus der Ladesäule zu beziehen.
Nur leider oft (auch durch Verbrenner) belegt, da der McDonals natürlich viel Kundschaft hat.",Nötr,0
184901,Am Pfaffengraben,ladenetz.de,Arnstorf,ChIJoSmzbgykdUcR6n49c8ELkVk,3.7,2,"Funktioniert, aber wieso nur 22kw und kein 50kw Charger. Die meisten Autos laden nur mit 11kw. Völlig sinnlos an diesem Standort.",Olumsuz,-1
184892,Chamer Straße 50,E-Wald,Straubing,ChIJxT5x-q1ldUcR2Hqp76O1zk0,3.0,5,Hat geladen,Olumsuz,-1
184892,Chamer Straße 50,E-Wald,Straubing,ChIJxT5x-q1ldUcR2Hqp76O1zk0,3.0,1,Es hat nicht funktioniert. Ich habe sowohl die App als auch meine Kreditkarte und Debitkarte verwendet. Nichts wurde akzeptiert.,Olumsuz,-1
184877,Sonderburger Str. 26,Allego BV,Berlin,ChIJLdHGFz5SqEcRs280ETbFJLM,4.5,4,"Leicht versteckt in einer Hofeinfahrt.
2 Anschlüsse
Vernünftig aufgestellt.",Olumlu,1
184877,Sonderburger Str. 26,Allego BV,Berlin,ChIJLdHGFz5SqEcRs280ETbFJLM,4.5,5,Sinnvolle Erweiterung in der Straße.,Olumlu,1
184838,Robert-Siewert-Str. 22,eins,Chemnitz,ChIJ4zd--5xIp0cRTaT-2KhvI90,2.0,1,"Verbrennerparkplatz, kann man in den Abend-/Nachtstunden kaum nutzen. Die Stadt könnte hier leichtes Geld verdienen, wird die Blockade von Ladepunkten doch mit 55€ geahndet.",Nötr,0
184838,Robert-Siewert-Str. 22,eins,Chemnitz,ChIJ4zd--5xIp0cRTaT-2KhvI90,2.0,3,"Funktioniert einwandfrei. Leider sehr wenig Platz, manchmal stehen Autos dort, die nix dort zu suchen haben, welches es schwer macht, diese Station zu verwenden.",Olumlu,1
184793,Joseph-Fraunhofer-Straße 21,EnBW (D),Pfaffenhofen,ChIJyw2xOlVdnkcROO3_1_uKiq4,4.2,5,Ladsäule ist seit längerem außer Betrieb,Olumsuz,-1
184793,Joseph-Fraunhofer-Straße 21,EnBW (D),Pfaffenhofen,ChIJyw2xOlVdnkcROO3_1_uKiq4,4.2,1,CCS funktioniert seit Längerem nicht mehr. Es gibt keine Funktion beim Anschließen! AC funktioniert normal.,Olumsuz,-1
184781,Eisenbahnstraße 14,Stadtwerke Leipzig SWL,Delitzsch,ChIJ1_4EHGVbpkcRI_Im4MKS_n4,4.8,5,"Säule war bisher immer frei. Das Parkplatzsetting ist merkwürdig man muss die Säule rückwärts gegen die Fahrtrichtung anfahren, wenn man keinen Nasenlader besitzt. Ansonsten die einzig bezahlbare Ladesäule in Delitzsch",Olumlu,1
184781,Eisenbahnstraße 14,Stadtwerke Leipzig SWL,Delitzsch,ChIJ1_4EHGVbpkcRI_Im4MKS_n4,4.8,5,"Einfache Bedienung, Zahlung mit Karte oder sogar PayPal möglich, nebenbei kurz snacken beim Restaurant zur goldenen Möwe. Top!",Olumlu,1
184781,Eisenbahnstraße 14,Stadtwerke Leipzig SWL,Delitzsch,ChIJ1_4EHGVbpkcRI_Im4MKS_n4,4.8,4,"hohe Ladegeschwindigkeit, jedoch ungünstig aufgestellt. einparken zum Laden müsste man rückwärts - geht aber nicht da eigentlich Einbahnstrasse. Vorwärts eingeparkt reichen die Ladekabel trotz ""Arm“
nicht...",Olumsuz,-1
184781,Eisenbahnstraße 14,Stadtwerke Leipzig SWL,Delitzsch,ChIJ1_4EHGVbpkcRI_Im4MKS_n4,4.8,5,Halt eine Ladestation .......,Olumlu,1
184691,Alois-Schießl-Platz 2,ladenetz.de,Erding,ChIJw_zfKNsRnkcRJW_lSj3Aoa0,3.6,5,"Mit Vattenfall InCharge Karte perfekt, 49ct/kWh ohne Blockier-/Standgebühr für Type 2 laden",Olumlu,1
184691,Alois-Schießl-Platz 2,ladenetz.de,Erding,ChIJw_zfKNsRnkcRJW_lSj3Aoa0,3.6,3,"Tut was sie soll! Schon einige Male verwendet.
Wie überall nicht Vollgas in Leistung, aber hey das ist Ok.
Preise sind allerdings eine Frechheit: 1€/h + 55ct/kWh",Olumlu,1
184691,Alois-Schießl-Platz 2,ladenetz.de,Erding,ChIJw_zfKNsRnkcRJW_lSj3Aoa0,3.6,3,"Hätten gerne DC geladen, währenddem wir beim Essen waren. Die Einschränkung (per Verkehrsschild) von max. 1h ist leider nicht wirklich praktikabel. Haben dann AC geladen, was tadellos funktioniert hat.",Nötr,0
184691,Alois-Schießl-Platz 2,ladenetz.de,Erding,ChIJw_zfKNsRnkcRJW_lSj3Aoa0,3.6,2,"Aufladen ok, aber der Preis ist zu teuer",Nötr,0
184689,Bayreuther Str. 3,Allego BV,Himmelkron,ChIJYzXFNTWgoUcR2h9XCgmIsAY,4.1,5,"Netter Ladepark! - 4x 150kW CCS-Ladeplätze und 4x 300kW CCS-Ladeplätze von Allegro direkt hinter der Tankstelle. Plätze sind sauber aber unüberdacht. Volle Ladeleistung am Fahrzeug vorhanden. Supermarkt für Erfrischungen in Laufreichweite.

Weitere Ladesäulen von Ionity direkt nebenan.",Olumlu,1
184689,Bayreuther Str. 3,Allego BV,Himmelkron,ChIJYzXFNTWgoUcR2h9XCgmIsAY,4.1,5,"Alles super. Pizzaautomat gibt’s auch, wer mal was anderes als klassisches Autohof-Essen möchte.",Olumlu,1
184689,Bayreuther Str. 3,Allego BV,Himmelkron,ChIJYzXFNTWgoUcR2h9XCgmIsAY,4.1,5,"Läd ordentlich
Breite
Kabel lang genug",Olumlu,1
184689,Bayreuther Str. 3,Allego BV,Himmelkron,ChIJYzXFNTWgoUcR2h9XCgmIsAY,4.1,1,"Einzige Ladesäule mit C-Stecker ist defekt und wird in Google Maps als funktionsfähig angezeigt. Kundenservice kann nichts machen. No Go in der heutigen Zeit! Mein Zoe-Akku ist fast leer und jetzt muss ich schauen, wo ich eine passende Ladesäule in der Nähe finde.🤨",Olumsuz,-1
184689,Bayreuther Str. 3,Allego BV,Himmelkron,ChIJYzXFNTWgoUcR2h9XCgmIsAY,4.1,5,"Sehr viele, schnelle Ladesäulen mit guter Ladeweile: Einkaufen, Essen und kostenfreie Toiletten sind in der Umgebung reichlich vorhanden.",Olumlu,1
184662,Comfortcharge Ladestation,Comfortcharge,Leipzig,ChIJpee3ZCH3pkcRoX9hb5VBOPQ,3.1,4,Laden klappt ohne Probleme. Leider ist die Ladesäule immer etwas zugeparkt und man kommt schwer ran.,Nötr,0
184662,Comfortcharge Ladestation,Comfortcharge,Leipzig,ChIJpee3ZCH3pkcRoX9hb5VBOPQ,3.1,5,"Die Ladestation liegt abseits und etwas versteckt hinter einer größeren Halle.
DKV Karte wurde akzeptiert, keine Begrenzung der Parkdauer beim Laden.",Nötr,0
184662,Comfortcharge Ladestation,Comfortcharge,Leipzig,ChIJpee3ZCH3pkcRoX9hb5VBOPQ,3.1,4,"etwas versteckt; lud mit Stecker 2 nur mit 69kW..., aber Stecker 1 brachte am Folgetag 143 kW",Nötr,0
184662,Comfortcharge Ladestation,Comfortcharge,Leipzig,ChIJpee3ZCH3pkcRoX9hb5VBOPQ,3.1,1,"Totalverlust Reinfall mit 20 Minuten Verlust nach hin und her telefonieren.
Können mir leider nicht helfen. Spart euch die Zeit.",Olumsuz,-1
184662,Comfortcharge Ladestation,Comfortcharge,Leipzig,ChIJpee3ZCH3pkcRoX9hb5VBOPQ,3.1,2,"Es gibt keine volle Leistung, und nur einer von zwei Steckern funktionierte",Olumsuz,-1
184635,Raststätte In der Holledau West,E.ON Drive,Schweitenkirchen,ChIJn8eNnGpbnkcR-9DHnyRay7Q,2.3,1,"Also immer wenn ich e.on in meiner App lese, bekomme ich schon das Gefühl, dass hier nix geht - und auch an dieser Säule wurde ich nicht enttäuscht. Ich habe noch NIE es geschafft, dass eine e.on Säule mein Auto lädt.
Die Säule sah aus wie Sau, der Stecker fürs AC-Laden komplett defekt und der Kartenleser funktioniert mal wieder nicht. Beim starten über die Mobility+ App kam an der Säule nur eine Fehlermeldung. Wenn so viele Leute bedenken bei der Elektromobilität haben, hat e.on sicherlich den größten Beitrag dazu geleistet!

Sicherlich schon tausendmal gehört, aber ich schlage eine Namensänderung zu e.off vor ;)",Olumsuz,-1
184635,Raststätte In der Holledau West,E.ON Drive,Schweitenkirchen,ChIJn8eNnGpbnkcR-9DHnyRay7Q,2.3,2,Ältere Ladestation mit nur 1x22kw 1xccs und 1x cademo. Gott sei Dank war Schnelladen möglich.  Die Kabel zu den Autos sind zu kurz.  Konnte nur lade weil ich mich längst über 3 Parkplätze gestellt habe,Olumsuz,-1
184635,Raststätte In der Holledau West,E.ON Drive,Schweitenkirchen,ChIJn8eNnGpbnkcR-9DHnyRay7Q,2.3,1,"Wen man E.on Ladesäulen bei der Ladeplanung als nicht existierend betrachtet, dann macht man alles richtig. Neue Alpitronic Säule, aber nur 50kw maximal. Und dann ist auch noch die Authentifizierung nicht möglich gewesen...",Nötr,0
184635,Raststätte In der Holledau West,E.ON Drive,Schweitenkirchen,ChIJn8eNnGpbnkcR-9DHnyRay7Q,2.3,1,"Habe 10 Anläufe gebraucht bis der Kartenleser funktioniert hat. Kabel sehr kurz und leider lädt es jetzt mit gerade mal 7,2 kW! Das hilft nicht weiter!",Olumsuz,-1
184635,Raststätte In der Holledau West,E.ON Drive,Schweitenkirchen,ChIJn8eNnGpbnkcR-9DHnyRay7Q,2.3,4,Leider nur eine Ladesäule und das an einer Raststätte! Für Neulinge ohne Ladekarte (Ad hoc mit EC Karte) nicht einfach zu bedienen.,Olumsuz,-1
184625,Moosburg Leinberger Str. 11,ladenetz.de,Moosburg,ChIJoUTIIVI8nkcR5ugtkm1_GGY,4.5,5,"Hat super einfach und unkompliziert funktioniert! Leider gibt es hier aber Falschparker und das bei einem so großen, halb leeren Parkplatz!",Olumlu,1
184608,Oranienbaumer Chaussee 1a,EnBW (D),Dessau-Roßlau,ChIJzysDuWcWpkcRwCL2cTDO1IQ,2.7,3,"Die Öffnungszeiten sind eingeschränkt - man kann den Parkplatz nicht befahren bzw verlassen, wenn die Tore zu sind - dann kann man die Ladesäulen auch nicht sinnvoll 7/24 nutzen - das ist für den Ausbau der eMobilität sehr abträglich. In der Nähe sind nur noch zwei Ladepunkt an einer Säule eines anderen Anbieters - also wenig für eine wichtige Abfahrt an der Autobahn.",Olumsuz,-1
184608,Oranienbaumer Chaussee 1a,EnBW (D),Dessau-Roßlau,ChIJzysDuWcWpkcRwCL2cTDO1IQ,2.7,2,"24/h geöffnet ist top, nicht zu verwechseln mit den Ladestationen auf dem a gesperrten Parkplatz. Hier bekomme ich leider nur 25 kW trotz angegebener 75 kW. Ich will garnicht erst wissen wie viel es ist wenn 2 Autos gleichzeitig laden.",Olumlu,1
184608,Oranienbaumer Chaussee 1a,EnBW (D),Dessau-Roßlau,ChIJzysDuWcWpkcRwCL2cTDO1IQ,2.7,1,Öffnungszeiten! Man muss direkt am Anfang kreativ sein wenn man aufs Gelände will. Echt schade und schwach . Ladesäulen sollten in app ausgegraut werden und,Olumsuz,-1
184608,Oranienbaumer Chaussee 1a,EnBW (D),Dessau-Roßlau,ChIJzysDuWcWpkcRwCL2cTDO1IQ,2.7,5,"Die EnBW Ladestation hat geöffnet 24/7 und steht bei Burger King, leider nur 40kwh. Gegenüber bei Media Markt sind ebenfalls 6 Säulen, 300 kwh. Das Gelände da ist aber am Sonntag geschlossen... Katastrophe",Olumsuz,-1
184608,Oranienbaumer Chaussee 1a,EnBW (D),Dessau-Roßlau,ChIJzysDuWcWpkcRwCL2cTDO1IQ,2.7,4,"*Update 05.10.2024*
Säule ist wieder aktiv. Tipp: Bei Kaufland gegenüber stehen 6 weitere Schnellladesäulen von ENBW

Aktuell defekt (Stand Ende August 2023)

An sich ein perfekter Standort: Nahe an der Autobahn und direkt auf dem BurgerKing-Parkplatz.

Wäre aber schön, wenn der Betreiber Säulen außer Betrieb auch so melden würde.",Olumsuz,-1
184565,Schulweg 4,E-Wald,Thyrnau,ChIJNw7ZBxD1dEcRSgQAKSmReXc,4.3,3,"Fahrzeug ist cool, aber mit einer realen Kilometer Leistung von ca. 80km noch unzureichend.",Nötr,0
184512,Wackersdorfer Straße 52,EnBW (D),Schwandorf,ChIJb4GyphOLn0cRORZR_Gc-cnY,4.6,5,Große Parkplätze stehen zur Verfügung und 2 Schnelllader. In der Tankstelle nebenan gibt's ein paar Kleinigkeiten zu essen um die Zeit zu überbrücken. Ansonsten geht man einfach kurz spazieren. Funktioniert einwandfrei,Olumlu,1
184512,Wackersdorfer Straße 52,EnBW (D),Schwandorf,ChIJb4GyphOLn0cRORZR_Gc-cnY,4.6,5,"Ich finde die Ladestation sehr gut, da man auch mit Flottenkarte laden kann.
Das Laden selbst ging sehr schnell von ca 30% auf 80% in ca 30 Minuten. Da es in der Nähe von Esso Tankstelle ist, kann man da auch eine kurze Pause anlegen und im Ruhe einen Latte Machiatto genießen.
Alles in allem, sehr empfehlenswert!!",Olumlu,1
184512,Wackersdorfer Straße 52,EnBW (D),Schwandorf,ChIJb4GyphOLn0cRORZR_Gc-cnY,4.6,5,Die Schnell-Ladestation ist auf dem Gelände der OMV Tankstelle und man kann das Laden sehr gut überbrücken.,Olumlu,1
184512,Wackersdorfer Straße 52,EnBW (D),Schwandorf,ChIJb4GyphOLn0cRORZR_Gc-cnY,4.6,4,Leider wieder mal hinten im Eck platziert und somit im Vorbeifahren kaum zu sehen. Ohne App oder Navi würde die Ladestation ein einsames Dasein fristen.,Olumsuz,-1
184512,Wackersdorfer Straße 52,EnBW (D),Schwandorf,ChIJb4GyphOLn0cRORZR_Gc-cnY,4.6,5,"2x75 kW  👍 super, wurde Zeit in Schwandorf",Olumlu,1
184469,Herbststraße 13,N-ERGIE,Nürnberg,ChIJbwuTR6FXn0cROIbUNj5sLqA,3.9,1,Ladestation wurde als frei auf der Map angezeigt obwohl noch ein Auto angesteckt war. Auch vor Ort war die Säule Grün. Da hat jemand ein billigen Parkplatz gebraucht )-:,Olumlu,1
184469,Herbststraße 13,N-ERGIE,Nürnberg,ChIJbwuTR6FXn0cROIbUNj5sLqA,3.9,3,"Säulen gut, Lage gut. Die hintereinander liegenden Längsparklücken sind für normale Fahrzeuge mit ca. 4,00 m Länge zu kurz. Parkt der Vorder- und der Hintermann auf Linie, passt man nur noch mit einem Smart dazwischen. Das ist subobtimal. Deshalb sind freie Plätze manchmal gar nicht nutzbar.",Nötr,0
184469,Herbststraße 13,N-ERGIE,Nürnberg,ChIJbwuTR6FXn0cROIbUNj5sLqA,3.9,3,"Gute Lademöglichkeit um fußläufig in die Stadt zu kommen. Die Aktivierung hat mit der Aral Charge & Fuel Karte leider nicht funktioniert. Auch der QR-Code hat in der App nicht funktioniert. Lediglich das manuelle eingeben des Codes hat funktioniert. Das selbe Problem hatte ich schon an anderen Ladestationen von N-Ergie.
Außerdem standen zwei Fahrzeuge deutlich länger als 4 Stunden, vollgeladen z.T. nicht mehr angesteckt. Hier sollte dagegen vorgegangen werden.",Nötr,0
184469,Herbststraße 13,N-ERGIE,Nürnberg,ChIJbwuTR6FXn0cROIbUNj5sLqA,3.9,5,"Beide Parkplätze an der Station waren heute Nachmittag frei. Günstiger Standort, weil man von hier aus direkt in die Innenstadt laufen kann.",Olumlu,1
184469,Herbststraße 13,N-ERGIE,Nürnberg,ChIJbwuTR6FXn0cROIbUNj5sLqA,3.9,4,"Alles okay. Mehr auch nicht.
Nicht selten blockiert durch Falschparker. Laden kostenpflichtig (gibt einige komplett kostenlose).",Olumlu,1
184362,An der Breiten Gehre 5,E.ON Drive,Gardelegen,ChIJ70jwkaoNr0cRzXah7pqPX0o,3.3,1,"Müll, extra hingefahren funktioniert nicht ist außer Betrieb musste Not Aus dann drücken um das Ladekabel rauszuziehen",Olumsuz,-1
184362,An der Breiten Gehre 5,E.ON Drive,Gardelegen,ChIJ70jwkaoNr0cRzXah7pqPX0o,3.3,4,"Alles etwas sportlich eng, aber in meinen Augen ok. Trotzdem bin ich mir nicht sicher, wie dort drei Fahrzeuge gleichzeitig ""tanken"" können.",Nötr,0
184328,Hohe-Reuth-Gasse 1,N-ERGIE,Röthenbach an der Pegnitz (Haimendorf),ChIJNclA3YNfn0cRvxR1z6ZDFVo,3.0,5,"Die Ladepunkte liegen zentral in der Ortsmitte, direkt an der Hauptstraße. In der Regel hat man hier gute Chancen auf einen freien Ladepunkt. Geht mit Karte und App.",Olumlu,1
184328,Hohe-Reuth-Gasse 1,N-ERGIE,Röthenbach an der Pegnitz (Haimendorf),ChIJNclA3YNfn0cRvxR1z6ZDFVo,3.0,1,Diese beiden Ladepunkte sind vom 20.08-23.08.2021 wegen einer Kirchweih light blockiert.So eine Frechheit!!!!!,Olumsuz,-1
184315,Friedenstr. 68,Allego BV,Berlin,ChIJ4VW8tEVOqEcR3_zqYJ-gOow,2.8,1,"Lädt bei 32kW… das Auto kann 100kW laden, die Säule 300kW, und geht nur auf 50-30kW…",Olumsuz,-1
184315,Friedenstr. 68,Allego BV,Berlin,ChIJ4VW8tEVOqEcR3_zqYJ-gOow,2.8,1,"Es steht zwar groß an der Einfahrt geschrieben das man sich außerhalb der Öffnungszeiten telefonisch an den Pförtner wenden soll, aber von dem bekommt man dann nur die pampige Info zu hören das geschlossen ist.

Entweder baut man die Einfahrt so um das die Ladesäulen auch unabhängig der Metro Öffnungszeiten erreichbar sind oder man verzichtet eben auf diesen Standort!",Olumsuz,-1
184315,Friedenstr. 68,Allego BV,Berlin,ChIJ4VW8tEVOqEcR3_zqYJ-gOow,2.8,1,"Der Sicherheitsdienst will das Tor nicht öffnen, obwohl offiziel sollte noch offen sein (20:00 Uhr)",Olumsuz,-1
184315,Friedenstr. 68,Allego BV,Berlin,ChIJ4VW8tEVOqEcR3_zqYJ-gOow,2.8,5,"Super entspannte Ladestation, an der immer, wenn ich da war, noch etwas (schnelles) frei war. Und zu nachtschlafender Zeit sehr hilfsbereite und freundliche Security, die einem gern das Tor öffnen.",Olumlu,1
184315,Friedenstr. 68,Allego BV,Berlin,ChIJ4VW8tEVOqEcR3_zqYJ-gOow,2.8,1,Geht nicht außerhalb der Öffnungszeiten von Metro hin. Der Pförtner will nicht seinen Job machen und die Tore öffnen!!,Olumsuz,-1
184296,Alt-Biesdorf 38,EnBW (D),Berlin,ChIJYx0JNmxJqEcRoNqA94eHc3E,4.6,5,"Hat immer alles gut geklappt.  Tipp, man kann rundum die Uhr Laden, nachts gibt es leider keine Beleuchtung.",Olumlu,1
184296,Alt-Biesdorf 38,EnBW (D),Berlin,ChIJYx0JNmxJqEcRoNqA94eHc3E,4.6,5,Schon mehrfach hier geladen und nie Probleme gemacht! Vielen Dank an EnBW!!,Olumlu,1
184296,Alt-Biesdorf 38,EnBW (D),Berlin,ChIJYx0JNmxJqEcRoNqA94eHc3E,4.6,5,"""Geheim""-Tipp würde ich nun nicht mehr sagen, aber Tipp schon noch: hier zum siebenten Mal geladen und immer funktionierte Alles einwandfrei und, vor allem, es gab immer auch einen freien Ladeplatz!! 😃",Olumlu,1
184296,Alt-Biesdorf 38,EnBW (D),Berlin,ChIJYx0JNmxJqEcRoNqA94eHc3E,4.6,1,"Leider kein Anschluss für ,,normale'', schade, vielleicht kann das nwb noch ändern, da vorhandene kaum genutzt werden.",Olumsuz,-1
184296,Alt-Biesdorf 38,EnBW (D),Berlin,ChIJYx0JNmxJqEcRoNqA94eHc3E,4.6,5,4 Hypercharger 2x 150 kW a 2 Stellflächen und 4x 300 kW a 2 Stellflächen Mo-So offen. Kein AC Typ 2 Laden,Olumlu,1
184255,Maria-Ward-Straße 9,E.ON Drive,Altötting,ChIJaWdkF2HEdUcRiZj5OsWzmaQ,1.0,1,Viel zu teuer.,Olumsuz,-1
184243,Hugo-Cassirer-Straße 35,Innogy SE (RWE eMobility),Berlin,ChIJ709fPUFWqEcRMpnXA0VlRpg,4.2,5,Super Lage wenns zum Essen oder Bummeln in die Altstadt geht. 2 Anschlüsse Typ2; wir konnten durchgehend mit 22kw laden. Maximale Dauer ist tagsüber auf 4h begrenzt.,Olumlu,1
184243,Hugo-Cassirer-Straße 35,Innogy SE (RWE eMobility),Berlin,ChIJ709fPUFWqEcRMpnXA0VlRpg,4.2,5,"Aufladen klappt problemlos, 2 AC-Anschlüsse. Nähe zur Altstadt, wenn man z. B. ins Kino gehen möchte.",Olumlu,1
184243,Hugo-Cassirer-Straße 35,Innogy SE (RWE eMobility),Berlin,ChIJ709fPUFWqEcRMpnXA0VlRpg,4.2,5,Zwei Type 2 Anschlüsse laut Säule 2x 32A 3 Phasig für 4 Stunden gut für Spaziergänge in der Altstadt,Olumlu,1
184239,Grenzallee 8,Allego BV,Berlin,ChIJsYj0Bm1PqEcRTo6gp9t7CQY,4.3,3,Liegt etwas versteckt. Aber zum Laden reicht es allemal.,Nötr,0
184239,Grenzallee 8,Allego BV,Berlin,ChIJsYj0Bm1PqEcRTo6gp9t7CQY,4.3,5,Gut versteckt bei der Anfahrt durch die S-Bahn-Überführung. Habe es nur wegen des Staus gesehen. Hat alles super geklappt. Nur Fahrzeugladung an diesem geheimen Ort.,Olumlu,1
184230,Bismarckstr. 20,Allego BV,Berlin,ChIJpY09sJlaqEcRL37SAaCDNmc,3.3,3,Wenn zwei Fahrzeuge laden fällt die Leistung auf die Hälfte ab. Es stehen also 150 kW nur bei Einzelnutzung zur Verfügung. Dafür wird ab 45 Minuten Ladezeit noch zusätzlich eine Blockiergebühr fällig.,Olumsuz,-1
184230,Bismarckstr. 20,Allego BV,Berlin,ChIJpY09sJlaqEcRL37SAaCDNmc,3.3,1,"Achtung abzocke!!! Länger wie 60 Minuten Laden = 38 € straße :) Danke dafür. War kurz was essen, um 21.30 Uhr meine 15 minütige Überschreitung auch bestimmt keinen gestört. Werde mir merken nie wieder eine Allego Ladestation aufzusuchen",Olumsuz,-1
184230,Bismarckstr. 20,Allego BV,Berlin,ChIJpY09sJlaqEcRL37SAaCDNmc,3.3,5,"Super CCS Schnellader mit zwei Anschlüssen 150 kW. Funktioniert einwandfrei, steht gleich an der Einfahrt zu ATU , ist also gut zu erreichen nur bei der Ausfahrt aufpassen, die Straße ist schlecht einsehbar.",Olumlu,1
184230,Bismarckstr. 20,Allego BV,Berlin,ChIJpY09sJlaqEcRL37SAaCDNmc,3.3,4,"Zufahrt über ATU Parkplatz, gerade der hintere Ladepunkt kann sehr eng zugeparkt sein, Ladeleistung solide",Olumlu,1
184230,Bismarckstr. 20,Allego BV,Berlin,ChIJpY09sJlaqEcRL37SAaCDNmc,3.3,4,"Leider oft zu geparkt oder durch anderen E-Autos über lange Zeiträume blockiert. Parkplatzbetreiber greift da nicht durch.
Außerhalb der Öffnungszeiten nutzbar.
Ansonsten eine zuverlässige Säule.",Nötr,0
184204,Köckern Ost BAB9 ,E.ON Drive,Köckern,ChIJD1wnpAZppkcR-Kxc_hY85GA,3.7,1,Eine Säule vorhanden. Wenn nur ein Auto steht: 75 kW. Wenn beide besetzt: 45 kW. Für eine Autobahn nicht ausreichend.,Olumsuz,-1
184204,Köckern Ost BAB9 ,E.ON Drive,Köckern,ChIJD1wnpAZppkcR-Kxc_hY85GA,3.7,1,"Sind hier voller Hoffnung mit 1 % Restkapazität (5 km Reichweite) angekommen. Säule leider defekt, auch nach längerem Telefonat mit dem Servicemitarbeiter war diese nicht wieder zu reaktivieren. Katastrophe an so einem großen Rastplatz an der A9, eine defekte Lade Säule mit 50 KW. Schlimm und das im Jahr 2023, so wird das mit der Mobilitätswände nichts.",Olumsuz,-1
184204,Köckern Ost BAB9 ,E.ON Drive,Köckern,ChIJD1wnpAZppkcR-Kxc_hY85GA,3.7,4,"Es hat etwas gedauert, die Eon Säule mit der EnBW App in Gang zu bekommen. Dann ging jedoch alles gut.",Nötr,0
184204,Köckern Ost BAB9 ,E.ON Drive,Köckern,ChIJD1wnpAZppkcR-Kxc_hY85GA,3.7,2,"Mittlerweile ist das Urgestein von Ladestation durch einen alpitronic ersetzt worden, der aber auf 50kw gedrosselt ist. Aber immerhin tut es.",Olumlu,1
184204,Köckern Ost BAB9 ,E.ON Drive,Köckern,ChIJD1wnpAZppkcR-Kxc_hY85GA,3.7,4,"Schrott… seit Jahren steht dieses Mahnmal hier, was ist denn los bei e.on? Elektromobilität ist nicht so euer Ding was?

Update 25.2.2024: offenbar hat E.ON eine neue Ladesäule hier aufgebaut, zwar „nur“ 50kW aber immerhin wohl auf dem Stand der Technik, müsste nun besser gehen, konnte sie selbst noch nicht testen, aber gut, dass man hier nachgearbeitet hat.",Olumsuz,-1
184200,Großbeerenstraße 133,Pfalzwerke,Berlin,ChIJ8ShZfzpFqEcR2mxC_ghWL8o,3.7,1,"So wird das nix mir E-Mobilität! 3 Stationen außer Betrieb, mal wird meine EnBW Karte akzeptiert,  mal nicht. Heute geht nur der lahme 50kW Charger.

Letztens wurde ich eingesperrt, weil der Flohmarkt aufgebaut wurde. Was soll das???",Olumsuz,-1
184200,Großbeerenstraße 133,Pfalzwerke,Berlin,ChIJ8ShZfzpFqEcR2mxC_ghWL8o,3.7,5,Hat alles top funktioniert. Sehr leicht zu finden und guter Preis.,Olumlu,1
184200,Großbeerenstraße 133,Pfalzwerke,Berlin,ChIJ8ShZfzpFqEcR2mxC_ghWL8o,3.7,2,Seit 2-3 Wochen bricht an jeder Säule der Ladevorgang nach 5-10 Minuten ab.,Olumsuz,-1
184200,Großbeerenstraße 133,Pfalzwerke,Berlin,ChIJ8ShZfzpFqEcR2mxC_ghWL8o,3.7,5,Hatte keine Probleme.,Olumlu,1
184143,Grünbergallee 279,Pfalzwerke,Berlin,ChIJG66wZahHqEcR1GFHutTU7xc,2.6,1,Lediglich eine Säule ist in Betrieb und schafft selbst mit vorkonditioniertem Akku maximal 60 kW! Das ist hier leider reine Zeitverschwendung. Einzig die einfache Handhabung ist positiv hervorzuheben.,Nötr,0
184143,Grünbergallee 279,Pfalzwerke,Berlin,ChIJG66wZahHqEcR1GFHutTU7xc,2.6,2,"Endlich in Betrieb, aber dann mit enttäuschender Leistung. Die Säulen stehen in allen Apps mit 160 kW Ladeleistung, dabei schaffen sie nur maximal 43 kW pro Anschluss (siehe auch Photo).

Zumindest wurden diese 43 kW sofort erreicht trotz Temperatur um 1 Grad (mit Ioniq 5).

Ich würde mich noch nicht mal so sehr grundsätzlich ärgern, dass es 43 kW Säulen sind - das finde ich durchaus akzeptabel für Säulen auf einem Baumarktparkplatz. Aber dann soll das bitte ordnungsgemäß gemeldet werden und entsprechend beworben. So ist das Ganze irreführend.",Nötr,0
184143,Grünbergallee 279,Pfalzwerke,Berlin,ChIJG66wZahHqEcR1GFHutTU7xc,2.6,1,"Leider wurde der Standort abermals von Kabeldieben heimgesucht.
Sehr schade, ich war öfter hier um mein Fahrzeug zu laden.",Olumsuz,-1
184143,Grünbergallee 279,Pfalzwerke,Berlin,ChIJG66wZahHqEcR1GFHutTU7xc,2.6,2,"Angesteckt und über die geringe Ladeleistung gewundert, nochmal auf die Säule geschaut, tatsächlich alle nur 42kW. Überall mit 160 kW gelistet, nach 5 Minuten abgesteckt und zu einer anderen Säule gefahren.",Olumsuz,-1
184143,Grünbergallee 279,Pfalzwerke,Berlin,ChIJG66wZahHqEcR1GFHutTU7xc,2.6,4,"Hat alles geklappt, Ladeleistung knapp unter 100 KW",Nötr,0
184114,B.-Kellermann-Straße 20,ladenetz.de,Werder (Havel),ChIJv34N7mvzqEcRxMdl0kwfy8E,4.2,5,Kann mich nicht beklagen. Morgens um 06: 00 Uhr bei minus 5 Grad war das Laden kein Problem.,Olumsuz,-1
184114,B.-Kellermann-Straße 20,ladenetz.de,Werder (Havel),ChIJv34N7mvzqEcRxMdl0kwfy8E,4.2,2,"Lädt Ioniq 5 nur mit 50kW. Leistung ist laut Anzeige an Ladesäule gedrosselt, weil mehrere Autos laden. Es sind gerade 3 von 4 Ladepunkten belegt. An den anderen werden auch nur je ca. 50kW geladen, in Summe also nur 150kW.  Statt 20 Minuten stoppen wir nun 1h. Glücklicherweise kann man sich im Einkaufszentrum dir Zeit vertreiben.",Olumsuz,-1
184114,B.-Kellermann-Straße 20,ladenetz.de,Werder (Havel),ChIJv34N7mvzqEcRxMdl0kwfy8E,4.2,5,Ladesäulen funktionieren einwandfrei und es gibt Einkaufsmöglichkeiten im Umfeld.,Olumlu,1
184114,B.-Kellermann-Straße 20,ladenetz.de,Werder (Havel),ChIJv34N7mvzqEcRxMdl0kwfy8E,4.2,3,"Einer von beiden Station hat keine autoerkennung und zeigt daher immer frei an obwohl belegt.  Wenn alle 4 Stationen belegt sind, lädt er nur mit 40kw. Wenn man alleine steht, bekommt man volle Leistung",Olumlu,1
184114,B.-Kellermann-Straße 20,ladenetz.de,Werder (Havel),ChIJv34N7mvzqEcRxMdl0kwfy8E,4.2,3,"Seit mindestens 4 Wochen ist der Kartenleser der 300kW- Ladesäule defekt, habe ich bereits 2 Mal dem EnBW Support gemeldet und bin vermutlich nicht der Einzige. Repariert wurde bis heute nicht. Kein guter technischer Service von EnBW hier!
Laden funktioniert,  man muss den Ladevorgang  jedoch per App via Internet starten.",Olumsuz,-1
184105,Aubinger Weg 49,E.ON Drive,Puchheim,ChIJVVVFlbB4nkcRQuANBzOJylc,3.0,3,"Prinzipiell darf man hier laden und es werden auch teilweise 150 kW erreicht.
ABER: sehr häufig stehen hier Autos nur geparkt oder quer davor. Einmal war sogar ein Partyzelt aufgestellt.
Dies habe ich persönlich schon 7x feststellen dürfen und das ist natürlich nicht der Sinn der Sache.
Die Ladekabel sind auch recht kurz, sodass je nach Fahrzeugtyp manchmal die Leitung nicht reicht.",Nötr,0
184105,Aubinger Weg 49,E.ON Drive,Puchheim,ChIJVVVFlbB4nkcRQuANBzOJylc,3.0,1,Ist leider immer wieder mit Fahrzeugen (Verbrenner) vom Autohaus blockiert und da im hinteren Bereich des Parkplatzes schwer zugänglich. Heute stand ein weisser Caddy im Weg. Ladeleistung hat 75 kW nicht übertroffen und habe nur das nötigste geladen.,Olumsuz,-1
184087,Stiftsbogen 74,SMATRICS Netz,München - Neufriedenheim,ChIJOVd-DaTYnUcRVYpG_1aRqyg,1.9,1,Laut Aral pulse App rund um die Uhr geöffnet. Am Wochenende und an Feiertagen sind aber die Schranken geschlossen und laden nicht möglich.,Olumsuz,-1
184087,Stiftsbogen 74,SMATRICS Netz,München - Neufriedenheim,ChIJOVd-DaTYnUcRVYpG_1aRqyg,1.9,1,"laut maps geöffnet, dann stehen wir vor geschlossenen schranken. danke für nichts",Olumsuz,-1
184087,Stiftsbogen 74,SMATRICS Netz,München - Neufriedenheim,ChIJOVd-DaTYnUcRVYpG_1aRqyg,1.9,1,Zugang nicht möglich. Schranken waren unten. Ggf nur für ADAC-Mitarbeiter?,Olumsuz,-1
184087,Stiftsbogen 74,SMATRICS Netz,München - Neufriedenheim,ChIJOVd-DaTYnUcRVYpG_1aRqyg,1.9,5,"Sehr sauber, alles an seinem Platz und vorallem, alles hat super funktioniert!",Olumlu,1
184087,Stiftsbogen 74,SMATRICS Netz,München - Neufriedenheim,ChIJOVd-DaTYnUcRVYpG_1aRqyg,1.9,2,"Öffentliche Ladestation angeblich 24h geöffnet, vor Ort ist nachts und am Wochenende allerdings die Schranke zu und die Ladestation unerreichbar.",Nötr,0
184011,Bahnhofstraße 4,Innogy SE (RWE eMobility),Berlin,ChIJEe7e_GJOqEcRjRRkaZGx9wM,1.0,1,Nicht in Betrieb,Olumsuz,-1
183986,Münchener Str.,N-ERGIE,Thalmässing,ChIJD_vHOJYVn0cRqPF7awHlYZ8,3.0,3,ACHTUNG: Beide Ladet haben nur max. 100 kW. Nicht wie in Google Maps angegeben 300 kW,Olumsuz,-1
183986,Münchener Str.,N-ERGIE,Thalmässing,ChIJD_vHOJYVn0cRqPF7awHlYZ8,3.0,1,KEINE 300 KW Ladeleistung!!! ☝🏻,Olumsuz,-1
183969,Trebbiner Str. bei Nr. 22,E.ON Drive,Beelitz,ChIJMfnGJJCJqEcRtD-O9e37tEc,1.3,2,"Ladung mit Chademo erst im 6.Anlauf mit Aral Pulse Karte, und nur anders als vom Display beschrieben: ERST freischalten, dann anstecken. Bin fast verzweifelt :-(
Ladeerlebnis vom alten Schlag",Nötr,0
183969,Trebbiner Str. bei Nr. 22,E.ON Drive,Beelitz,ChIJMfnGJJCJqEcRtD-O9e37tEc,1.3,1,"Funktioniert nicht, der laminierte Zettel mit dem Hinweis darauf lässt vermuten, daß das nicht neu ist",Olumsuz,-1
183959,Karl-Liebknecht Straße 52,Stadtwerke Leipzig SWL,Leipzig,ChIJNXD26Sv4pkcRxAJKZRok6_U,2.3,1,Laden niemals möglich weil permanent von verbrennern blockiert. Laut ordnungsamt aber in Ordnung weil es dort keine Beschilderung gibt die klar macht dass es nur für Elektroautos ist.,Nötr,0
183913,An der Feuerwehr bei Nr. 1,E.ON Drive,Hohe Börde / Hermsdorf,ChIJz-ViJ0tgr0cRehLzbawpDnQ,1.5,2,Säule war frei aber lädt gefühlt mit Steckdosengeschwindigkeit.11Kw ging nicht.Ein paar Km weiter steht die gleiche Säule da funtionierte alles wie es soll.....War bei der langsamen Säule echt nervig.....,Olumsuz,-1
183907,Neuer Sülzeweg 101,EnBW (D),Magdeburg,ChIJ3YfwXuNer0cRRZWbDLxRxdw,3.5,4,"Leicht zugänglich, direkt auf dem Burger King Parkplatz. Ladeleistung soll bis 75 kw gehen. Konnte nur bis 56 kw erreichen, Fahrzeug war aber noch kalt und noch 68% voll.",Olumlu,1
183907,Neuer Sülzeweg 101,EnBW (D),Magdeburg,ChIJ3YfwXuNer0cRRZWbDLxRxdw,3.5,5,"Guter Ladeort,  alles in Ordnung.
Ein Schnellrestaurant ist gleich nebenan. WC Benutzung möglich.  Essen und Trinken ebenfalls.
Alles gut! 👍",Olumlu,1
183907,Neuer Sülzeweg 101,EnBW (D),Magdeburg,ChIJ3YfwXuNer0cRRZWbDLxRxdw,3.5,2,Lädt meistens nur mit 55kw obwohl 75 kW an der Säule stehen. In der App werden 2x200kW angezeigt. Besser zur Aral schräg gegenüber....,Olumsuz,-1
183907,Neuer Sülzeweg 101,EnBW (D),Magdeburg,ChIJ3YfwXuNer0cRRZWbDLxRxdw,3.5,4,"Laden hat einwandfrei funktioniert, man kann sich zudem in der Zeit gut zum Burger King daneben setzten und auch was essen oder auch nur was trinken, Ladegeschwindigkeit durchschnittlich 60 kw",Olumlu,1
183907,Neuer Sülzeweg 101,EnBW (D),Magdeburg,ChIJ3YfwXuNer0cRRZWbDLxRxdw,3.5,3,"Zwar wurde die volle Leistung gebracht,
Jedoch wurde beim Laden 2 x abgebrochen.
Somit nur 68 % .. :-( (reichte gerade für den Heimweg)",Olumsuz,-1
183900,Silberbergweg 2,Pfalzwerke,Magdeburg,ChIJNVRZagdfr0cRMFND3gIwE0Y,3.5,5,"Es funktioniert zwar z.Z. nur eine Ladesäule, aber ich lade hier oft und sie funktionieren sonst problemlos.",Olumlu,1
183900,Silberbergweg 2,Pfalzwerke,Magdeburg,ChIJNVRZagdfr0cRMFND3gIwE0Y,3.5,1,"Weder mit der Ladekarte noch mit der App war Laden möglich!!!
Ständig Fehleranzeigen!",Olumsuz,-1
183900,Silberbergweg 2,Pfalzwerke,Magdeburg,ChIJNVRZagdfr0cRMFND3gIwE0Y,3.5,5,Tut was es soll. Aktivierung per QR-Code funktioniert gut. Bezahlung mit Applepay problemlos,Olumlu,1
183900,Silberbergweg 2,Pfalzwerke,Magdeburg,ChIJNVRZagdfr0cRMFND3gIwE0Y,3.5,1,"Leider kein laden möglich mit DKV . Ladepunkt 01278*02
An der 2. Säule hat es funktioniert..",Olumsuz,-1
183900,Silberbergweg 2,Pfalzwerke,Magdeburg,ChIJNVRZagdfr0cRMFND3gIwE0Y,3.5,5,"Das Laden hat problemlos geklappt mit den 50 kW, wie angegeben. Sehr praktisch, beim Baumarkt bummeln.",Olumlu,1
183891,Lübecker Straße 16,Städtische Werke Magdeburg,Magdeburg,ChIJrccxHzxfr0cRCBlnE6TzPD0,2.3,5,So muss Laden gehen. Und hier auch noch super gelegen.,Olumlu,1
183891,Lübecker Straße 16,Städtische Werke Magdeburg,Magdeburg,ChIJrccxHzxfr0cRCBlnE6TzPD0,2.3,1,Aktuell defekt,Olumsuz,-1
183891,Lübecker Straße 16,Städtische Werke Magdeburg,Magdeburg,ChIJrccxHzxfr0cRCBlnE6TzPD0,2.3,1,Wieder zwei Parkplätze nur zum Laden von Elektroautos.,Nötr,0
183878,Lübnitzer Str. 6a,E.ON Drive,Bad Belzig,ChIJU_5PNWOZqEcRdhS6oYvHwjs,4.5,5,"Toller service, hier gibt es ja kaum Alternativen, schon gar keine Schnelllader. Sehr gut.",Olumlu,1
183878,Lübnitzer Str. 6a,E.ON Drive,Bad Belzig,ChIJU_5PNWOZqEcRdhS6oYvHwjs,4.5,5,"Einfach nur ein geiler Service in Brad Belzig, so etwas gibt’s hier sonst nicht !!!!",Olumlu,1
183878,Lübnitzer Str. 6a,E.ON Drive,Bad Belzig,ChIJU_5PNWOZqEcRdhS6oYvHwjs,4.5,1,Schön die zweite Säule die defekt/ aus ist.,Olumsuz,-1
183878,Lübnitzer Str. 6a,E.ON Drive,Bad Belzig,ChIJU_5PNWOZqEcRdhS6oYvHwjs,4.5,5,"Schnelles Laden von meinem E-Auto, super Service!",Olumlu,1
183878,Lübnitzer Str. 6a,E.ON Drive,Bad Belzig,ChIJU_5PNWOZqEcRdhS6oYvHwjs,4.5,5,Direkt auf dem REWE Parkplatz. 24/7 zugänglich 👍,Olumlu,1
183842,Delitzscher Straße 180,Stadtwerke Halle,Halle (Saale),ChIJwyFVmI9jpkcRVO-b55V75Oo,4.0,5,Gut zu erreichen. Straßenbahn vor Ort. Rewe/DM sind 5 Gehminuten entfernt.,Olumlu,1
183842,Delitzscher Straße 180,Stadtwerke Halle,Halle (Saale),ChIJwyFVmI9jpkcRVO-b55V75Oo,4.0,5,"Ladesäule funktioniert prima, aktuell wegen einer Systemumstellung sogar gratis.",Olumlu,1
183842,Delitzscher Straße 180,Stadtwerke Halle,Halle (Saale),ChIJwyFVmI9jpkcRVO-b55V75Oo,4.0,1,"Katastrophale Ladesäule. Funktioniert beinahe nie, Hotline kaum zu erreichen.",Olumsuz,-1
183841,Am Sonnenfeld 2,EnBW (D),Bitterfeld-Wolfen,ChIJubhSrn5ppkcR9BWepioa_f0,3.5,3,Nur 2 Ladestation  - Wartezeit einplanen- direkt am Burger King - kostenfreies WC,Olumsuz,-1
183841,Am Sonnenfeld 2,EnBW (D),Bitterfeld-Wolfen,ChIJubhSrn5ppkcR9BWepioa_f0,3.5,1,"Seit mehreren Wochen sind von 4 Ladestellen nur 2 in Betrieb, obwohl in der EnBW - App Vier von Vier als frei angezeigt werden.
Wir sind auf die andere Seite bei der ARAL-Tankstelle zu den Superchargern gefahren. Dort gibt es auch IONITY.",Olumsuz,-1
183841,Am Sonnenfeld 2,EnBW (D),Bitterfeld-Wolfen,ChIJubhSrn5ppkcR9BWepioa_f0,3.5,2,"Eigentlich perfekt gelegen, direkt an der A9. Leider waren alle Ladeplätze belegt. 4 sind vielleicht etwas wenig für die Lage. So sind wir eben ein paar Meter weiter zu den Ionity Ladesäulen, da gibt es einige mehr.",Nötr,0
183841,Am Sonnenfeld 2,EnBW (D),Bitterfeld-Wolfen,ChIJubhSrn5ppkcR9BWepioa_f0,3.5,5,Sehr ruhige und einfache Lademöglichkeit für Elektrofahrzeuge mit coolen Ausblick auf die mobile Vergangenheit im Transport von schweren Lasten. Die Ladestation kann mit bis zu 300  laden. Und alles 5 Plätze waren verfügbar und Frei. Und für die Wartezeit ist Bürger King auf dem gleichen Platz.,Olumlu,1
183841,Am Sonnenfeld 2,EnBW (D),Bitterfeld-Wolfen,ChIJubhSrn5ppkcR9BWepioa_f0,3.5,5,"Super schnelles Laden. Passt auch gut direkt bei Burger King.
Leider 3 von 4 in Betrieb - das müssen in Zukunft mehr Ladesäulen werden.",Olumlu,1
183838,Raststätte Hermsdorfer Kreuz West,E.ON Drive,Schleifreisen,ChIJB1wsOh-3pkcRxWnfFW8B4wQ,3.5,4,"Nur eine einzelne Ladesäule mit nur 100kw, bzw. 50kw bei zwei Fahrzeugen. Funktioniert problemlos. Rasthof anbei ist derzeit geschlossen, Tankstelle ca. 300m entfernt.",Olumlu,1
183838,Raststätte Hermsdorfer Kreuz West,E.ON Drive,Schleifreisen,ChIJB1wsOh-3pkcRxWnfFW8B4wQ,3.5,2,Wirklich unangenehme Dixies und nichts anderes in der Nähe.  Hier kann man nur laden und schnell wieder weg.,Olumsuz,-1
183838,Raststätte Hermsdorfer Kreuz West,E.ON Drive,Schleifreisen,ChIJB1wsOh-3pkcRxWnfFW8B4wQ,3.5,5,"Lade mit 90kw (eh nur 100 max eqb250e möglich)
Und um die Bewertung geht es. Drumherum ist es recht in die Jahre gekommen 😬
Aber das Laden klappt prima",Olumlu,1
183838,Raststätte Hermsdorfer Kreuz West,E.ON Drive,Schleifreisen,ChIJB1wsOh-3pkcRxWnfFW8B4wQ,3.5,5,50KW CCS only Lader für längere Pausen,Nötr,0
183838,Raststätte Hermsdorfer Kreuz West,E.ON Drive,Schleifreisen,ChIJB1wsOh-3pkcRxWnfFW8B4wQ,3.5,2,"Unzuverlässig...ein RFID-Kartenleser ist zwar installiert, funktionieren tut er dennoch nicht. Nach dem Freischalten per App, lud es für 5 Minuten. Dann plötzlich Ladeabbruch! Geht gar nicht! 😡👎🏼",Olumsuz,-1
183832,Kornmarkt 8,N-ERGIE,Nürnberg,ChIJnUVKgcZXn0cRQ6lRD_NcFWI,2.9,1,"Von den lächerlichen 4 Ladestationen ist eine überhaupt nicht funktionstüchtig.
""Kompetenz"" der N-Ergie und der Stadt Nürnberg.
Wie soll Elektromobilität so funktionieren?",Olumsuz,-1
183832,Kornmarkt 8,N-ERGIE,Nürnberg,ChIJnUVKgcZXn0cRQ6lRD_NcFWI,2.9,5,"Top Lage. Genau richtig zum Shoppen in der Breiten Gasse.
4h kostenlose Parkzeit inkl. Lademöglichkeit für 48ct/kWh für registrierte App-Nutzer. Auch die Blockiergebühr ist mit 5ct/min human und den Parkgebühren in der Innenstadt angemessen, auch wenn die Parkscheibe die Parkzeit nochmal einschränkt.",Olumlu,1
183832,Kornmarkt 8,N-ERGIE,Nürnberg,ChIJnUVKgcZXn0cRQ6lRD_NcFWI,2.9,1,"Aktuell sind 2 Ladepunkte blockiert weil da ein Müllcontainer inkl. Halteverbotsschild steht. Ganz toll.
Dann ändert wenigstens den Status der Ladesäule, dann fährt man da nicht umsonst hin.",Olumlu,1
183832,Kornmarkt 8,N-ERGIE,Nürnberg,ChIJnUVKgcZXn0cRQ6lRD_NcFWI,2.9,4,Ladesäule für e Autos alle möglichen Stecker 🔌 funktionieren hier,Olumlu,1
183832,Kornmarkt 8,N-ERGIE,Nürnberg,ChIJnUVKgcZXn0cRQ6lRD_NcFWI,2.9,5,Super Lage und hat bisher auch immer funktioniert.,Olumlu,1
183771,Guestenerstr. 10,EnBW (D),Aschersleben,ChIJe7Gm9o_BpUcRTLmKRqcX-FE,4.0,5,"Super ladestation, die beiden 300kw-Lader haben überzeugt. Alles perfekt!",Olumlu,1
183771,Guestenerstr. 10,EnBW (D),Aschersleben,ChIJe7Gm9o_BpUcRTLmKRqcX-FE,4.0,5,"Alle Ladeplätze aktiv, maximale Ladeleistung wird erreicht. McDonald’s direkt daneben und Werktags auch diverse Baumärkte. Weitere Schnelllader im Umkreis verfügbar. Top!",Olumlu,1
183771,Guestenerstr. 10,EnBW (D),Aschersleben,ChIJe7Gm9o_BpUcRTLmKRqcX-FE,4.0,1,"Leider ist diese Ladesäule nicht in der Lage meinen VW Caddy iii zu laden. Er hat auch nur einen 1,6 liter elektro/diesel Akku.
Schade, aber es hätte ja klappen können. Aus Frust musste ich dann leider die altbewerte Methode der Jet Tankstelle benutzen.",Olumsuz,-1
183771,Guestenerstr. 10,EnBW (D),Aschersleben,ChIJe7Gm9o_BpUcRTLmKRqcX-FE,4.0,3,"Zu Beginn (alleine an Ladesäule) sehr gute Werte. Aber kaum hing das zweite und danach auch das dritte Auto an der Säule, ging es spürbar bergab...",Olumsuz,-1
183771,Guestenerstr. 10,EnBW (D),Aschersleben,ChIJe7Gm9o_BpUcRTLmKRqcX-FE,4.0,1,"Wollte meinen hybrid laden, danach war der Tank immer noch leer.",Olumsuz,-1
183755,Hauptstraße 17,E-Wald,Rattenberg,ChIJJ5J8k5JEdUcRgHhGo7fs1dw,4.4,2,"Verschiedene Stecker, verschiedene Karten, wer soll da noch durchblicken?",Olumlu,1
183755,Hauptstraße 17,E-Wald,Rattenberg,ChIJJ5J8k5JEdUcRgHhGo7fs1dw,4.4,5,Gut,Olumlu,1
183647,Wassertorstr. 53,Allego BV,Berlin,ChIJCYzs3ixOqEcR4egLZcRO8L8,4.7,5,Tolle Arbeit geleistet! Vielen Dank,Olumlu,1
183647,Wassertorstr. 53,Allego BV,Berlin,ChIJCYzs3ixOqEcR4egLZcRO8L8,4.7,5,Zwei Parkplätze und 3 verschiedene Lademöglichkeiten. Hat alles auf Anhieb funktioniert.,Olumlu,1
183647,Wassertorstr. 53,Allego BV,Berlin,ChIJCYzs3ixOqEcR4egLZcRO8L8,4.7,3,"Schöne Ladestation, aber aus der Ferne nicht gut sichtbar.",Nötr,0
183647,Wassertorstr. 53,Allego BV,Berlin,ChIJCYzs3ixOqEcR4egLZcRO8L8,4.7,5,Lädt einwandfrei 👌🏻,Olumlu,1
183622,Willy-Brandt Platz 7,Stadtwerke Leipzig SWL,Leipzig,ChIJ1yfHDB_4pkcRdtMF9chlQEE,1.0,1,"Achtung - Nicht öffentlich verfügbar. Direkt beim Befahren des Platzes wird hingewiesen, dass für die  Nutzung des Parkplatzes Gebühren anfallen.
Zudem ist die Säule defekt…",Olumsuz,-1
183622,Willy-Brandt Platz 7,Stadtwerke Leipzig SWL,Leipzig,ChIJ1yfHDB_4pkcRdtMF9chlQEE,1.0,1,Ladesäule gehört nicht zu den Leipziger Stadtwerken. Das ist bei Maps falsch geführt. Diese ist nur für Gäste des Hotels.,Olumsuz,-1
183613,Förderstedterstr. 7,EnBW (D),Staßfurt,ChIJ4SeO-9fopUcRpblG2Z1g7fM,5.0,5,"Hat wunderbar funktioniert, genau wie ich es erwartet habe. EnBW funktioniert bisher einwandfrei.",Olumlu,1
183613,Förderstedterstr. 7,EnBW (D),Staßfurt,ChIJ4SeO-9fopUcRpblG2Z1g7fM,5.0,5,Laden unseres Tesla verlief reibungslos mit EnBW Ladekarte.,Olumlu,1
183576,Knorrstraße 3,E-Wald,Neustadt a. d. Waldnaab,ChIJV09QmAtHoEcRprJNhcMmz7s,2.0,1,"Eine von zwei geht schon seit 2 Monaten nicht. Bei Anruf: ""Defekt ist bekannt""----und jetzt,sind alle zwei ladesäulen seit 2 Monaten kaputt.",Olumsuz,-1
183576,Knorrstraße 3,E-Wald,Neustadt a. d. Waldnaab,ChIJV09QmAtHoEcRprJNhcMmz7s,2.0,1,Karte nicht gegangen🥶 wobei i eine habe die echt fast überall geht😰,Olumsuz,-1
183562,Carl-Bobach-Str. 2-8,eins,Chemnitz,ChIJGYFl8S1Gp0cRd04kLmDF_JU,5.0,5,"Super Ladestationen mit Solarüberdachung, sehr angenehm wenn es regnet.",Olumlu,1
183562,Carl-Bobach-Str. 2-8,eins,Chemnitz,ChIJGYFl8S1Gp0cRd04kLmDF_JU,5.0,5,Man steht da geschützt unter einem Solardach.,Olumlu,1
183562,Carl-Bobach-Str. 2-8,eins,Chemnitz,ChIJGYFl8S1Gp0cRd04kLmDF_JU,5.0,5,Schneller als angegeben und überdacht!,Olumlu,1
183485,Buckower Damm 11 ,EnBW (D),Berlin ,ChIJdWd3F4NFqEcRFIbTyCkpHKA,3.0,1,Diese Station ist schon das ganze Jahr 2025 kaputt. Ich war hier bestimmt schon 5-6 mal und musste dann woanders laden. Der automatische Reboot vor Ort bringt nix. Hotline konnte auch nicht weiterhelfen. Das Teil ist eine Platz- und Zeitverschwendung,Olumsuz,-1
183485,Buckower Damm 11 ,EnBW (D),Berlin ,ChIJdWd3F4NFqEcRFIbTyCkpHKA,3.0,1,"Heute mit ganzen 27,5kw am Laden. Kann nicht euer Ernst sein",Olumlu,1
183485,Buckower Damm 11 ,EnBW (D),Berlin ,ChIJdWd3F4NFqEcRFIbTyCkpHKA,3.0,3,"Säule hat nur 75kw geliefert, Auto stand alleine Fahrzeug zeigte mit vorkonditionierten Akku an, bis 170kw zu vertragen, also über dem Maximum der Säule. Nach 20Min abgebrochen und an anderen Anbieter mit 150 im Peak geladen. Bereits das dritte mal passiert, so bringt mir der enbW Tarif nix",Olumsuz,-1
183485,Buckower Damm 11 ,EnBW (D),Berlin ,ChIJdWd3F4NFqEcRFIbTyCkpHKA,3.0,5,"Alles bestens. BURGER King direkt vor Ort,für den kleinen Hunger zwischendurch.",Olumlu,1
183485,Buckower Damm 11 ,EnBW (D),Berlin ,ChIJdWd3F4NFqEcRFIbTyCkpHKA,3.0,5,Einfach gut,Olumlu,1
183481,Pappelallee 1,E-Wald,Buchbach,ChIJ1QNbr_rzdUcR4TXyaNtMAww,5.0,5,"Kleine, etwas abseits liegende Ladestation. Dadurch aber meist eine Steckdose frei. Kann mit ""Meigau App"" freigeschaltet werden.",Olumlu,1
183339,Fläming An der A9 Ost 2 ,E.ON Drive,Mühlenfließ,ChIJLb0oiNuEqEcRuMSoja9r0zE,2.5,2,Die Ladesäule befindet sich ziemlich in der hintersten Ecke des Rasthofes. Bei Nacht schlecht beleuchtet und wenn dann auch die Servays Station zu hat und nur noch Shell offen ist hat man einen relativ weiten Weg um z.B. auf Klo zu gehen. Mitten in der Nacht im Dunkeln würde ich da eher nicht aufladen.,Nötr,0
183339,Fläming An der A9 Ost 2 ,E.ON Drive,Mühlenfließ,ChIJLb0oiNuEqEcRuMSoja9r0zE,2.5,3,"Leider nur ein ccs Anschluss in Betrieb. Deshalb etwas Wartezeit, 10 Minuten. War OK für mich. Laden ging dann sehr schnell.",Nötr,0
183339,Fläming An der A9 Ost 2 ,E.ON Drive,Mühlenfließ,ChIJLb0oiNuEqEcRuMSoja9r0zE,2.5,4,"Kann mehr als die angeschriebenen 50kw.
Geladen mit 85kw.",Olumlu,1
183339,Fläming An der A9 Ost 2 ,E.ON Drive,Mühlenfließ,ChIJLb0oiNuEqEcRuMSoja9r0zE,2.5,2,Kein Triple Charger mehr für Chademo keine Lademögjicheit. Bilder zeigen nicht die aktuelle Ausstattung.,Olumsuz,-1
183339,Fläming An der A9 Ost 2 ,E.ON Drive,Mühlenfließ,ChIJLb0oiNuEqEcRuMSoja9r0zE,2.5,1,RFID Scanner ohne funktion.,Olumsuz,-1
183327,Patersholzer Weg 19,N-ERGIE,Hilpoltstein ,ChIJU2lbYktAn0cRFEUSDra7xTY,3.7,1,"ch wollte ursprünglich mein Elektroauto (VW ID.3) an der Schnellladesäule in Hilpoltstein, Gredingerstraße (Festplatz), aufladen.
Was ich dort jedoch vorgefunden habe, wollte ich meinem Fahrzeug nicht zumuten: Der gesamte Vorplatz ist stark verschmutzt und voller Morast und Schlamm.

In der heutigen Zeit sollte eine Ladeinfrastruktur gepflegt und sauber sein – so ein Zustand ist aus meiner Sicht nicht akzeptabel.",Olumsuz,-1
183247,Hersbrucker Str. 24,N-ERGIE,Happurg,ChIJbTTwQynZoUcR-NUWINXd5JU,5.0,5,Ideal gelegen für alle die zum See wollen oder die Ortschaft erkunden möchten. Das Laden funktioniert einwandfrei.,Olumlu,1
183218,Hirschberger Straße,be emobil,,ChIJs0nWTZBOqEcRaY6-vfm1t-4,3.0,1,Technisch eine absolute null Nummer 3 mal angefahren 3 mal Kommunikation nicht möglich.,Olumsuz,-1
183180,Colmdorfstr. 34,ladenetz.de,München,ChIJNWP8Lnd4nkcR5QU50_FyR_U,5.0,5,"Funktioniert zuverlässig, ist selten komplett belegt.
Manchmal ist das Rangieren etwas schwierig, wegen Falschparkern auf der anderen Straßenseite",Olumlu,1
183124,Döckritzer Str. 2,EnBW (D),Halle,ChIJtWnWzj17pkcR_SWxl7imyhk,4.1,5,"Am Rand vom Toom Baumarkt, McD in der Nähe. 4 neue CCS Lader. Alles cool",Olumlu,1
183124,Döckritzer Str. 2,EnBW (D),Halle,ChIJtWnWzj17pkcR_SWxl7imyhk,4.1,5,"Die Ladestation macht das, was sie soll. Der Aufenthalt ist bei Nieselregen zwar mehr so semi, aber man kann in den Baumarkt schlendern oder zu McD.",Olumlu,1
183124,Döckritzer Str. 2,EnBW (D),Halle,ChIJtWnWzj17pkcR_SWxl7imyhk,4.1,1,"Achtung keine Kartenzahlung möglich

Willkommen bei EnBW ansonsten EnBW halt Ladeleistung passt leider zu wenige Säulen und der Preis bleibt unverschämt",Olumsuz,-1
183124,Döckritzer Str. 2,EnBW (D),Halle,ChIJtWnWzj17pkcR_SWxl7imyhk,4.1,3,"Soweit ok, aber viel zu weit weg von der Autobahn.  Baut bitte ein Platz in Autobahn nähe.",Nötr,0
183120,Bahnhofstraße 13,E.ON Drive,Eggmühl/SChierling,ChIJn00weM7Rn0cR3wWWbiqeybU,3.0,1,Unter dieser Adresse gibt es keine Ladesäule !!!! Dort steht ein Privathaus und keine Ladesäule. Die Ladesäule befindet sich auf dem Pendlerparkplatz und nicht auf einem Privatgrundstück. Bitte entfernen sie diesen Standort !!!,Olumsuz,-1
183070,Röntgenstraße 1,Stadtwerke Halle,Halle (Saale),ChIJq_KTIQp8pkcRzgDai3J2Jt8,3.0,1,"Mein Papa wird aktuell hier behandelt. Der Zugang zu den Ladestationen wird versperrt bzw. wird nicht gewährt. Begründung vom Krankenhaus: Die Ladestationen sind den Mitarbeitern und Fahrzeugen des Krankenhauses vorbehalten.

Gute Nacht Elektromobilität. 👎

Wir haben dann bei EnBW an der A14 geladen. 🥳",Olumsuz,-1
183070,Röntgenstraße 1,Stadtwerke Halle,Halle (Saale),ChIJq_KTIQp8pkcRzgDai3J2Jt8,3.0,3,"Ladestation schön gelegen im Park des Krankenhaus, schön zum Spazieren gehen. Leider einer von 2 Steckplätzen defekt und Kundenservice ließ sich nicht kontaktieren.",Olumsuz,-1
183070,Röntgenstraße 1,Stadtwerke Halle,Halle (Saale),ChIJq_KTIQp8pkcRzgDai3J2Jt8,3.0,3,Seit Monaten ist ein Ladepunkt immer wieder in Störung und muss immer wieder neu gestartet werden.,Olumlu,1
183059,Berliner Straße 61,Allego BV,Halle/Saale ,ChIJyWHBW5tkpkcRVATk1KY3NqI,2.3,5,"Ladestation war etwas versteckt,  da genau davor ein Anhänger mit Werbung vom ansässigen Unternehmen stand.
CCS Stecker - Ladestation- hat wunderbar funktioniert.",Olumlu,1
183059,Berliner Straße 61,Allego BV,Halle/Saale ,ChIJyWHBW5tkpkcRVATk1KY3NqI,2.3,1,Defekt und wird lt. Service nicht repariert.,Olumsuz,-1
183059,Berliner Straße 61,Allego BV,Halle/Saale ,ChIJyWHBW5tkpkcRVATk1KY3NqI,2.3,1,Existiert nicht mehr,Olumsuz,-1
183027,Freiimfelder Straße 74,Stadtwerke Halle,Halle (Saale),ChIJa2FsVFtjpkcR5-2qLaa37jM,3.7,3,"Ich fahre gern hierher .Leider muss ich seit drei Wochen feststellen, daß eine Ladestation durch ein Fahrzeug von enviaM
blockiert wird. Was das schlimmste ist, es wird noch nicht einmal aufgeladen.Auch heute den 27.4.2021 war es der Fall. Da an der zweiten Station ebenfalls ein E - Fahrzeug aufgeladen wurde musste ich auf die Berlinerstrasse ausweichen.
Siehe Fotos
Eine Antwort von enviaM wäre schön?",Olumsuz,-1
183027,Freiimfelder Straße 74,Stadtwerke Halle,Halle (Saale),ChIJa2FsVFtjpkcR5-2qLaa37jM,3.7,4,"2 Triple Charger aus den Anfängen der E-Mobilität mit 50 kW DC, es kamen netto ca. 44 kW über CCS an. Das macht dann für 57 kWh über ≈75, aber weniger als 90 Minuten. Eigentlich etwas peinlich direkt vor der Tür eines überregionalen Energieversorgers. Schwierig sich zu positionieren, wenn schon 1-2 Autos dort stehen. Es ist mir trotzdem 4 Sterne wert. Denn positiv bleibt zu erwähnen, dass am späten Nachmittag dort ein freier Platz war und das Laden mit Maingau (Karte) auf Anhieb funktionierte, während die Hallenser City sich allgemein mit Ladestationen DC oder AC noch in früher Entwicklung befindet.",Olumlu,1
183027,Freiimfelder Straße 74,Stadtwerke Halle,Halle (Saale),ChIJa2FsVFtjpkcR5-2qLaa37jM,3.7,2,"Ich wollte am Sonntag während eines ausgedehnten Stadtspaziergangs mein Auto aufladen. Akzeptierte meine Ladekarte sofort. Blieb noch ca. eine Minute im Auto sitzen, 7,4 kW/h wurden angezeigt, mehr ist bei mir nicht drin - alles O.K - so schien es.
Nach ca. 16 Minuten wurde das Laden gestoppt - anstatt mit über 15 kWh nach über zwei Stunden hatte ich weniger als 2 kW/h ""getankt"".",Olumsuz,-1
183027,Freiimfelder Straße 74,Stadtwerke Halle,Halle (Saale),ChIJa2FsVFtjpkcR5-2qLaa37jM,3.7,3,Laden funktioniert gut. Jedoch beide Stationen unter der Woche dauerhaft von Mitarbeitern der Autobahn GmbH und deren Plug-In-Hybride blockiert.,Nötr,0
183027,Freiimfelder Straße 74,Stadtwerke Halle,Halle (Saale),ChIJa2FsVFtjpkcR5-2qLaa37jM,3.7,5,"Hier habe ich bisher immer sofort laden können. Des Weiteren gefällt mir, dass das Auto fern ab vom öffentlichen Straßenverkehr abgestellt werden kann!",Olumlu,1
182954,Allstedter Straße 16,(Private Residence/Individual),Lutherstadt Eisleben,ChIJR79dpLfTpUcRCrtOHp-3gJU,3.8,4,Tolle überdachte Schnell-Ladesäule mit 150 kW.,Olumlu,1
182954,Allstedter Straße 16,(Private Residence/Individual),Lutherstadt Eisleben,ChIJR79dpLfTpUcRCrtOHp-3gJU,3.8,2,Lud nur mit 39kW,Olumsuz,-1
182954,Allstedter Straße 16,(Private Residence/Individual),Lutherstadt Eisleben,ChIJR79dpLfTpUcRCrtOHp-3gJU,3.8,5,Stabil mit 79kWh geladen,Olumlu,1
182954,Allstedter Straße 16,(Private Residence/Individual),Lutherstadt Eisleben,ChIJR79dpLfTpUcRCrtOHp-3gJU,3.8,2,Seit einigen Wochen bereits außer Betrieb. Seit dem wird bei der gelben Konkurrenz gegenüber gegessen.,Olumsuz,-1
182954,Allstedter Straße 16,(Private Residence/Individual),Lutherstadt Eisleben,ChIJR79dpLfTpUcRCrtOHp-3gJU,3.8,2,"150 kW Ladesäule aber nur mit 77kw geladen , obwohl das Auto 180kw kann.",Nötr,0
182912,Goethestr. 145,EnBW (D),Ingolstadt,ChIJnQiRSrj_nkcR6TOwqzF2kiY,4.3,5,"2 EnBW-300-kWLadesäulen, d.h. max. 150 kW je Auto für max. 4 Autos an der Shell-Takstelle nur 600 m von der Autobahnausfahrt Ingolstadt Nord stadteinwärts. Ladevorgang hat sofort über die automatische Erkennung des Autos gestartet und die maximale Ladeleistung von unserem Auto in Höhe von 125 kW erreicht. Alternative Bezahlmöglichkeit über App oder Tankkarte wären natürlich auch möglich.",Olumlu,1
182912,Goethestr. 145,EnBW (D),Ingolstadt,ChIJnQiRSrj_nkcR6TOwqzF2kiY,4.3,5,"Toller 300KW Lader von EnBW. Peakleistung waren 178KW bei meinen Tesla Model 3. Die Ladestation befindet sich auf dem Hof einer Shell Tankstelle, dort gibt es sehr gute Paninis und klasse Kaffee.",Olumlu,1
182912,Goethestr. 145,EnBW (D),Ingolstadt,ChIJnQiRSrj_nkcR6TOwqzF2kiY,4.3,3,"Die von EnBW betriebene Station selbst ist top. Die Eisen- Poller gegen ein versehentliches Umfahren der Station jedoch in genau der Farbe der LadeSäule (weiß) zu halten, finden mein neues Auto und ich mal mindestens dämlich ;-( !",Olumlu,1
182912,Goethestr. 145,EnBW (D),Ingolstadt,ChIJnQiRSrj_nkcR6TOwqzF2kiY,4.3,5,Hat alles auf Anhieb funktioniert 🔝 bekam die Daten der Ladestation sogar auf's Handy 👍🏻 gebe diese Ladestation (300 kW) von EnBW 5 Sterne. So macht E-Mobilität Spaß 👏🏻💪🏻,Olumlu,1
182912,Goethestr. 145,EnBW (D),Ingolstadt,ChIJnQiRSrj_nkcR6TOwqzF2kiY,4.3,5,Hat alles super funktioniert. Ladesäulen alle in Funktion und der Platz war sehr sauber.,Olumlu,1
182786,Bierweg 6,(Unknown Operator),Schkeuditz,ChIJ76-svJVfpkcRHMwgkW6RDuY,4.2,4,"Ich lade hier sehr gerne. Es klappt immer super. Nur zwei Sachen  muss ich bemängeln, dies gilt für alle Ladestationen. Es wird kein Schnee geräumt, sodass ich letztens beim aussteigen in 15cm Schnee stand und heute war es spiegelglatt. Und der 2. Punkt. Die Paybackkarte einzulesen bei Tageslicht und Sonnenschein ist schier unmöglich.",Olumsuz,-1
182786,Bierweg 6,(Unknown Operator),Schkeuditz,ChIJ76-svJVfpkcRHMwgkW6RDuY,4.2,3,"Gilt für die dazu gehörige Tankstelle:  So lange man nicht auf Toilette muss, ist alles ok. Meine Enkelgrenze war minimal um das 1000fache überschritten. Zum Glück ist daneben ein MC Donalds mit sauberen Toiletten.",Olumlu,1
182786,Bierweg 6,(Unknown Operator),Schkeuditz,ChIJ76-svJVfpkcRHMwgkW6RDuY,4.2,1,Viel zu teuer über Aral und ständig gehen Ladesäulen nicht . Ich nutze Aral Pulse als Tesla Fahrer nur weil ich mit Charge Now 39 Cent bezahle und man oft gut mit Wohnwagen laden kann,Olumsuz,-1
182786,Bierweg 6,(Unknown Operator),Schkeuditz,ChIJ76-svJVfpkcRHMwgkW6RDuY,4.2,2,Das Laden via Aral-App war nicht möglich. Es kamen immer wieder Fehlermeldungen. Mit der Ladekarte hat es dann problemlos geklappt.,Olumsuz,-1
182786,Bierweg 6,(Unknown Operator),Schkeuditz,ChIJ76-svJVfpkcRHMwgkW6RDuY,4.2,5,Hallo ich hatte auf der Durchreise dort geladen es hat alles geklappt. Ich würde mir wünschen ein paar Ladestation zusätzlich würden in der Zukunft nicht schaden es war aber alles sehr sauber. Macht bitte weiter so.,Olumlu,1
182778,Neutraublinger Str 12 ,EnBW (D),Barbing ,ChIJQ_h-KB3Dn0cRMFsG7jRAums,5.0,5,"Alles hat gepasst. Große Stellplätze, gute Leistung und einfache Bedienung. So macht das Laden Spaß und keinen Frust. Beim Aldi auf der anderen Straßenseite ist ein super Bäcker.",Olumlu,1
182778,Neutraublinger Str 12 ,EnBW (D),Barbing ,ChIJQ_h-KB3Dn0cRMFsG7jRAums,5.0,5,"Sehr gut gelegene und bislang zuverlässig funktionierende Ladestation, in fußläufiger Entfernung zu Aldi, Edeka, dm, etc sowie dem gemütlichen Bäckerei-Café Sippl.",Olumlu,1
182778,Neutraublinger Str 12 ,EnBW (D),Barbing ,ChIJQ_h-KB3Dn0cRMFsG7jRAums,5.0,5,"Super Ladestation, funktioniert problemlos. Top EnBw! jetzt braucht man (wenn man es in der app eingerichtet hat) keine ladekarte und keine app mehr an enbw schnellladesäulen. einfach kabel einstecken und los gehts. die ladestation erkennt das auto selbständig und verknüpft dann die bezahlung 👍",Olumlu,1
182778,Neutraublinger Str 12 ,EnBW (D),Barbing ,ChIJQ_h-KB3Dn0cRMFsG7jRAums,5.0,5,Zuverlässige Lader mit top Leistung! 😎👍🏼,Olumlu,1
182778,Neutraublinger Str 12 ,EnBW (D),Barbing ,ChIJQ_h-KB3Dn0cRMFsG7jRAums,5.0,5,"Sauber, ordentlich, funktioniert,  einen Kaffee an der Tanke gibt's auch.
Was will man mehr",Olumlu,1
182774,Raststätte Pentling Ost,E.ON Drive,Pentling,ChIJ1_V8rLvGn0cR3jHOZMWdUfk,3.5,5,Ging einwandfrei mit BMW Ladekarte bis 50kWh,Olumlu,1
182774,Raststätte Pentling Ost,E.ON Drive,Pentling,ChIJ1_V8rLvGn0cR3jHOZMWdUfk,3.5,1,"Bist du auf E.ON Ladesäulen angewiesen, kannst du dir die Kugel geben!
Zumeist funktioniert die Infrastruktur nicht und wenn sie funktioniert ist es ein Witz, dass man für schlappe 50kW Ladeleistung so viel bezahlen soll wie beim Mitbewerber für bis zu 400kW…
Hier kostet Normalbenzin quasi so viel wie V-Power!",Olumsuz,-1
182774,Raststätte Pentling Ost,E.ON Drive,Pentling,ChIJ1_V8rLvGn0cR3jHOZMWdUfk,3.5,3,Ladeleistung mit Max. 50 KW ist an der Autobahn zu wenig. Und ein Ladeabbruch nach geladenen 5 kw/h darf auch nicht sein.,Nötr,0
182774,Raststätte Pentling Ost,E.ON Drive,Pentling,ChIJ1_V8rLvGn0cR3jHOZMWdUfk,3.5,3,Neue Säule. Trotzdem nur 50kw,Nötr,0
182774,Raststätte Pentling Ost,E.ON Drive,Pentling,ChIJ1_V8rLvGn0cR3jHOZMWdUfk,3.5,1,Leider nur 50kw und gerade deswegen auch viel zu teuer.,Olumsuz,-1
182762,Gewerbepark Frixing,Allego BV,Erhartingen,ChIJ1-6Vz_fpdUcR8yNj0qSWH-8,3.6,1,Ladesäule funktioniert nicht über QR Codes bzw. Hängt sich auf. Kabel konnte nur auf Umwegen wieder gelöst werden. Kabel extrem kurz und Parklücken sehr klein.,Olumsuz,-1
182762,Gewerbepark Frixing,Allego BV,Erhartingen,ChIJ1-6Vz_fpdUcR8yNj0qSWH-8,3.6,5,CCS laden an meiner Zoe hat hervorragend funktioniert. Die Ladestation ist offen und bei der Anfahrt schon gut sichtbar.,Olumlu,1
182762,Gewerbepark Frixing,Allego BV,Erhartingen,ChIJ1-6Vz_fpdUcR8yNj0qSWH-8,3.6,1,Viel zu teuer. Die Preise sind Geisteskrank!,Olumsuz,-1
182762,Gewerbepark Frixing,Allego BV,Erhartingen,ChIJ1-6Vz_fpdUcR8yNj0qSWH-8,3.6,5,Hat funktioniert,Olumlu,1
182735,Am Kalkfeld 2,EnBW (D),Artern,ChIJk36SDYw2pEcRj17qxrifHlg,5.0,5,Alles sowie es sein sollte.,Olumlu,1
182646,Seewiesen 6,E-Wald,Osterhofen,ChIJ3cZy7nAGdUcR8BLaUIivhto,4.0,5,DC Laden mit maximaler Leistung an meinem BEV über eine App hat tadellos funktioniert.,Olumlu,1
182646,Seewiesen 6,E-Wald,Osterhofen,ChIJ3cZy7nAGdUcR8BLaUIivhto,4.0,5,"CHADEMO laden hat problemlos funktioniert. Ladeleistung nur 22 kW, bei einem Hybrid Mitsubishi Outlander PHEV ist das ganz in Ordnung. Wenig gepflegter öffentlicher Parkplatz mit kostenfreiem Parken während der Ladezeit. Toilette  ca 100 m entfernt im Rathaus. Ca. 150 m bis zum Stadtplatz.",Olumlu,1
182646,Seewiesen 6,E-Wald,Osterhofen,ChIJ3cZy7nAGdUcR8BLaUIivhto,4.0,3,"Steht 50 kW drauf, ist aber nur 22 kW drin. Manchmal unterbricht sie auch einfach das Laden und geht in ""Maintanance"".",Nötr,0
182646,Seewiesen 6,E-Wald,Osterhofen,ChIJ3cZy7nAGdUcR8BLaUIivhto,4.0,2,Laden verlief problemlos. Ladeleistung 22kw DC nicht mehr zeitgemäss. Säule sehr schmutzig.,Nötr,0
182595,Gießerstraße 37,Innogy SE (RWE eMobility),Leipzig,ChIJ9ZfU6nD2pkcRrdxv_zZhzDM,2.2,1,"Eigentlich ein super Ladespot 4x Speedcharger und immer einer frei. Aber die Kabel sind höchstens 3-4 Wochen dran und werden dann wieder abgeschnitten.

Ergänzung: Der Betreiber müsste für mehr Sicherheit der Kabel in Form von Videoüberwachung sorgen. So sind die Charger nicht verlässlich. Auf bessere Zeiten zu hoffen ist der falsche Weg.",Olumsuz,-1
182595,Gießerstraße 37,Innogy SE (RWE eMobility),Leipzig,ChIJ9ZfU6nD2pkcRrdxv_zZhzDM,2.2,2,Kabel fehlen! Solch Dxppen(Kabeldxxbe sind gemeint),Olumsuz,-1
182595,Gießerstraße 37,Innogy SE (RWE eMobility),Leipzig,ChIJ9ZfU6nD2pkcRrdxv_zZhzDM,2.2,1,"28.09.25 keine Kabel, also auch kein laden",Olumsuz,-1
182595,Gießerstraße 37,Innogy SE (RWE eMobility),Leipzig,ChIJ9ZfU6nD2pkcRrdxv_zZhzDM,2.2,1,"keine Kabel am 09.04.2025, traurig, da dies wohl schon länger so ist",Olumsuz,-1
182595,Gießerstraße 37,Innogy SE (RWE eMobility),Leipzig,ChIJ9ZfU6nD2pkcRrdxv_zZhzDM,2.2,1,12.Mai 2025 Kabel immernoch abgeschnitten/defekt.,Olumsuz,-1
182527,Am Wüsten Schloß 5,(Private Residence/Individual),Oschatz,ChIJqXd-cMGfp0cR6xSsrgT0P6o,2.8,4,"Eine ordentliche Ladestation, jedoch musste ich zur ersten Säule wechseln, weil die zweite scheinbar überhaupt nicht in Betrieb ist. Das System an diesen Säulen war wieder ein bisschen anders, als ich es bislang kennengelernt habe. Leider konnte ich hier nirgendwo meine Payback Karte ranhalten, um Punkte zu sammeln. Das habe ich so leider auch noch nicht erlebt.",Nötr,0
182527,Am Wüsten Schloß 5,(Private Residence/Individual),Oschatz,ChIJqXd-cMGfp0cR6xSsrgT0P6o,2.8,1,"Muss ich mir als Kund jetzt schon vom Personal sagen lassen wie ich Auto zu fahren habe nicht das der Benzin im ganzen Umkreis am teuersten ist die Waschanlage das Auto halb dreckig läst, jetzt noch das . Jetzt ist aber auch
mal wieder gut",Olumlu,1
182527,Am Wüsten Schloß 5,(Private Residence/Individual),Oschatz,ChIJqXd-cMGfp0cR6xSsrgT0P6o,2.8,1,unfreundliches personal,Olumsuz,-1
182527,Am Wüsten Schloß 5,(Private Residence/Individual),Oschatz,ChIJqXd-cMGfp0cR6xSsrgT0P6o,2.8,5,"Alle Säulen in Betrieb, es hat alles auf Anhieb geklappt, WC und nen Kaffee gibt’s direkt bei Aral dann!",Olumlu,1
182478,Total Autohof Leuna / Weißenfels,TOTAL Be PlugToDrive,Weißenfels,ChIJEbFtn7GTpkcR7ar3wKYKhug,4.1,4,"Schöner Ladepark mit freundlichen Personal. Ich habe die volle Leistung von 300kW erhalten, allerdings hätte ich gern mehr gehabt da der Ladepark bei Google und bei Porsche mit 400kW Säulen angegeben ist! Bitte anpassen.",Olumlu,1
182478,Total Autohof Leuna / Weißenfels,TOTAL Be PlugToDrive,Weißenfels,ChIJEbFtn7GTpkcR7ar3wKYKhug,4.1,5,"Wir haben hier am 14.6.2025 geladen. Der Wohnwagen konnte dran bleiben und die Ladesäule lieferte, was der KIA brauchte: 212 KW. So soll das sein. Danke!",Olumlu,1
182478,Total Autohof Leuna / Weißenfels,TOTAL Be PlugToDrive,Weißenfels,ChIJEbFtn7GTpkcR7ar3wKYKhug,4.1,5,"Am Anfang leichte Schwierigkeiten, war nicht eindeutig ersichtlich, wo ich die Ladekarte dran halten soll. War halt das aller erste mal laden. Aber ansonsten Stressfrei und im Nachhinein doch sehr einfach und unkompliziert",Olumlu,1
182478,Total Autohof Leuna / Weißenfels,TOTAL Be PlugToDrive,Weißenfels,ChIJEbFtn7GTpkcR7ar3wKYKhug,4.1,1,"Ein halbes Jahr hat alles super geklappt und ich konnte problemlos mit der Ladekarten laden. Aber auf einmal wurde für eine Ladung meine EC-Karte nicht mehr akzeptiert (die Bank sagt es liegt nicht an der Karte, sondern an Aral). Durch die ausbleibende Zahlung wurde meine Ladearte gesperrt. Leider wurde auf meine 7 (ohne Witz) E-Mails nicht reagiert und bei einem Anruf in der Hotline (nach langem warten) wurde mir gesagt, dass sich darum gekümmert wird und ich meine Mail Adresse und die Telefonnummer hinterlegen soll, falls es Nachfragen gibt. Seit dem (es war Anfang Oktober) basta keine Rückmeldung oder die Behebung des Problems und auf weitere Kontaktversuche wurde auch nicht reagiert. Schwach, einfach schwach so ein Kundenservice.",Olumsuz,-1
182478,Total Autohof Leuna / Weißenfels,TOTAL Be PlugToDrive,Weißenfels,ChIJEbFtn7GTpkcR7ar3wKYKhug,4.1,4,Sehr gut neben den Benzinsäulen angegliederte 4 Ladeplätze. Somit kann man bei schlechtem Wetter geschützt laden.,Olumlu,1
182473,Otl-Aicher-Str. 1,ladenetz.de,Fürstenfeldbruck,ChIJ4xVAZh6AnkcRLGsRfRcbhCg,4.3,5,Die Ladesäulen sind gut und funktionieren einwandfrei,Olumlu,1
182390,Bierweg 6,Allego BV,Schkeuditz,ChIJ8TZEve5fpkcRiZze9XOVv8Q,4.3,5,"Top Ladesäulen von Allego. Alles Bestens funktioniert. 👍🏼
Allerdings wäre eine Überdachung bei Regen und Schnee keine schlechte Investition von Allego. 🤗

Hinweis:
Man kann an diesen Ladesäulen auch nur mit einer Kreditkarte bzw  Bankkarte (kontaktlos) laden & bezahlen ohne eine Ladekarte zu nutzen.
👍🏼",Olumlu,1
182390,Bierweg 6,Allego BV,Schkeuditz,ChIJ8TZEve5fpkcRiZze9XOVv8Q,4.3,4,Leider ist mit 18€ /24h der Parkplatz sehr teuer. Davon sind 10€ Verzehrgutschein. Der Parkplatz ist groß und sauber  Das Essen im Restaurant ist schmackhaft. Leider gilt der Verzehrgutschein nicht für das Subway Restaurant.,Olumsuz,-1
182390,Bierweg 6,Allego BV,Schkeuditz,ChIJ8TZEve5fpkcRiZze9XOVv8Q,4.3,5,"Funktioniert einwandfrei
Aral Pulse wird akzeptiert",Olumlu,1
182390,Bierweg 6,Allego BV,Schkeuditz,ChIJ8TZEve5fpkcRiZze9XOVv8Q,4.3,5,"Zuverlässige HPCs von Alpitronic. Besser geht's fast nicht.
Direkt neben dem Supercharger, da lädt man doch gerne bei Allego, weil es günstiger ist.

Direkt nebenan ist eine neue Tankstelle mit Getränken und Toiletten.",Olumlu,1
182390,Bierweg 6,Allego BV,Schkeuditz,ChIJ8TZEve5fpkcRiZze9XOVv8Q,4.3,5,"Super Ladestation am Autohof direkt an der A9 mit Toilette, Minishop, Verpflegung. Alles was man braucht. Ladung mit EnBW-Karte hat 1A funktioniert.",Olumlu,1
182330,Comfortcharge Ladestation,Comfortcharge,Limbach-Oberfrohna,ChIJCzmNXJ45p0cRMSwAOqOwe-8,3.3,4,"Ich habe schon mehrfach dort erfolgreich geladen, hatte aber letztes Jahr zu Weihnachten Pech und geriet in Zeitnot. Nach mehreren Versuchen musste ich abbrechen und an eine andere Schnellladestation in der Nähe fahren, die zum Glück funktioniert hat. Daher ein Stern Abzug. Sonst ging es schnell und zuverlässig. Die Wartezeit kann man im nahegelegenen Stadtpark verbringen.",Olumlu,1
182330,Comfortcharge Ladestation,Comfortcharge,Limbach-Oberfrohna,ChIJCzmNXJ45p0cRMSwAOqOwe-8,3.3,3,"Funktioniert, lädt aber mit maximal 75kW.
Ein Hinweis dazu steht an der Säule, bringt aber nur wenig, wenn die Säule online überall mit 150kW angegeben wird.",Nötr,0
182330,Comfortcharge Ladestation,Comfortcharge,Limbach-Oberfrohna,ChIJCzmNXJ45p0cRMSwAOqOwe-8,3.3,3,Aktuell leider kein Schnellladen verfügbar. Maximal 17 KW an 150 KW Säule. Ein Hinweis auf aktuelle Einschränkung ist an der Ladestation vermerkt.,Olumsuz,-1
182330,Comfortcharge Ladestation,Comfortcharge,Limbach-Oberfrohna,ChIJCzmNXJ45p0cRMSwAOqOwe-8,3.3,1,Schon seit Monaten geht der Typ 2 Lader nicht.. Schade.,Olumsuz,-1
182330,Comfortcharge Ladestation,Comfortcharge,Limbach-Oberfrohna,ChIJCzmNXJ45p0cRMSwAOqOwe-8,3.3,5,Hat so funktioniert wie er sollte!,Olumlu,1
182329,Katzdorfer Str. 22,E-Wald,Neunburg v.W.,ChIJJ_djIAL4n0cRPS6RaJ5rxX0,2.7,1,"Wird als günstige EDEKA Ladesäule beworben, ist aber das Gegenteil! Weder mit Kreditkarte noch EC Karte lässt es sich laden- da wäre der Preis stolze 89 Ct. Wenn man dann notgedrungen den QR Code scannt soll man seien Kreditkartendaten eingeben -  für einen vollkommen überzogenen Preis von 1,06 Euro. Ausserdem wird beim QR Code eine Abo Falle von DailyFit24 angeboten, bei der es 15€ einfach mal so kostet, wenn unbedacht zugestimmt wird. Im Glauben, es handelt sich um die E Ladung. Riesen Sauerei verdient Minus Sterne, die es leider nicht gibt.",Olumsuz,-1
182329,Katzdorfer Str. 22,E-Wald,Neunburg v.W.,ChIJJ_djIAL4n0cRPS6RaJ5rxX0,2.7,1,Kartenzahlung geht immer noch nicht stand 27.12.2025. Und über 1€ pro Kilowattstunde sind unverschämt teuer sowas habe ich auch noch nicht gesehen. Hier wird offenbar eindeutig es ausgenutzt dass es in der Umgebung keine weiteren öffentlichen Ladesäulen gibt.,Olumsuz,-1
182329,Katzdorfer Str. 22,E-Wald,Neunburg v.W.,ChIJJ_djIAL4n0cRPS6RaJ5rxX0,2.7,1,Kartenzahlung geht seit Wochen nicht und AdHoc Preise sind für nur einen einzelnen Anbieter den es sonst nirgends gibt unverschämt teuer,Olumsuz,-1
182329,Katzdorfer Str. 22,E-Wald,Neunburg v.W.,ChIJJ_djIAL4n0cRPS6RaJ5rxX0,2.7,5,"Alles super geklappt. Schön, dass es hier endlich einen funktionierenden Schnelllader gibt.",Olumlu,1
182329,Katzdorfer Str. 22,E-Wald,Neunburg v.W.,ChIJJ_djIAL4n0cRPS6RaJ5rxX0,2.7,5,"Endlich ein Hypercharger in der Region.
Mehr davon!",Olumlu,1
182297,Am Markt 26,ladenetz.de,Bürgel,ChIJ9-55bb-6pkcRJyWZhL6IuJs,3.0,3,"Kann nicht viel dazu sagen, außer, dass ständig Autos auf den Parkplätzen stehen, und ich es noch nie geschafft habe zu dort zu laden",Olumsuz,-1
182290,BAB71 Raststätte Leubinger Fürstenhügel,EnBW (D),Sömmerda,ChIJp2cKQpw_pEcRw0JPXyJcRs8,3.5,4,"Saubere Anlage mit kleiner Ausstellung zum Lesen,  tankshop sowie Restaurant.
Wickelraum vorhanden.
Alle Säulen waren funktionsfähig.",Olumlu,1
182290,BAB71 Raststätte Leubinger Fürstenhügel,EnBW (D),Sömmerda,ChIJp2cKQpw_pEcRw0JPXyJcRs8,3.5,1,"Leider funktionieren die Säulen sehr häufig nicht. Heute war nur ein Ladepunkt in Betrieb und dieser ließ sich nur über Direktzahlung per Paypal starten. Keinerlei Karten wurden gelesen.

Ein paar Mal funktionierten auch schon alle 4 Ladepunkte. Das Bild von heute erleben wir jedoch öfter und viele verzweifelte Nutzer.",Olumsuz,-1
182290,BAB71 Raststätte Leubinger Fürstenhügel,EnBW (D),Sömmerda,ChIJp2cKQpw_pEcRw0JPXyJcRs8,3.5,3,"Anlage hat bei uns funktioniert, die nahegelegenen Raststätte ist super, weshalb wir hier immer gerne laden. Leider gibt es viel zu wenige Ladepunkte, es stehen permanent mehrere Fahrzeuge die warten!",Nötr,0
182290,BAB71 Raststätte Leubinger Fürstenhügel,EnBW (D),Sömmerda,ChIJp2cKQpw_pEcRw0JPXyJcRs8,3.5,4,"28.02.25 Update
Zwischenzeitlich habe ich die Ladestation wieder mehrmals benutzt und alle Säulen haben funktioniert.Von daher von 1 Stern auf 4 angepasst.

Leider zum wiederholten Mal defekt.
Mit der Hotline telefoniert und die Säule neu gestartet.
Dann war Laden möglich aber bei 95% abgebrochen und wieder defekt.",Olumsuz,-1
182290,BAB71 Raststätte Leubinger Fürstenhügel,EnBW (D),Sömmerda,ChIJp2cKQpw_pEcRw0JPXyJcRs8,3.5,1,ehemalige Shell Säulen. Hier habe ich bereits mehrfach erfolglos versucht zu laden. Die Säulen haben meine RFID Karten nicht gelesen und ließen sich zuletzt auch mit der APP nicht starten. 2/4 Ladepunkten waren zuletzt gänzlich offline.,Olumsuz,-1
182212,Dr. Walter-Bruch-Straße 1,E-Wald,Plattling,ChIJ75-ZWu8NdUcRXw3gFAQSRmQ,4.0,2,"Die Wallboxen an der Wand wollten bei mir nicht. Ich habe mich genau an die Anleitung gehalten und das Kabel erst ganz zum Schluss angesteckt, aber es wollte einfach nicht starten. Beide Seiten nicht.

Bin dann rüber zu der Säule, die Frei steht. Andere App. Ging nach 3 Anläufen...",Olumsuz,-1
182212,Dr. Walter-Bruch-Straße 1,E-Wald,Plattling,ChIJ75-ZWu8NdUcRXw3gFAQSRmQ,4.0,5,"2 x AC Ladeststion. Steht am Gebäude. Geladen mit BMW Charging. Benötigt wird eigenes Ladekabel. War bei uns zumindest nicht zugeparkt. Kein Ladefehler, parken während des Ladevorgangs frei.",Olumlu,1
182212,Dr. Walter-Bruch-Straße 1,E-Wald,Plattling,ChIJ75-ZWu8NdUcRXw3gFAQSRmQ,4.0,5,Tesla ist einfach super,Olumlu,1
182172,Lochhausener Str. 215 (P+R Lochhausen),ladenetz.de,München,ChIJkWhskbB4nkcRRq7IXd-BTt4,1.0,1,Geht seit längerer Zeit nicht. Scheint dem Betreiber egal zu sein. Habe es im Verlauf des letzten Jahres mindestens 5x probiert: immer außer Betrieb.,Olumsuz,-1
182172,Lochhausener Str. 215 (P+R Lochhausen),ladenetz.de,München,ChIJkWhskbB4nkcRRq7IXd-BTt4,1.0,1,Typ 2 Stecker seid längere Zeit ohne Funktion,Olumsuz,-1
182172,Lochhausener Str. 215 (P+R Lochhausen),ladenetz.de,München,ChIJkWhskbB4nkcRRq7IXd-BTt4,1.0,1,"23.07.2024, Ladestation immer noch defekt. Gar nicht erst versuchen.",Olumsuz,-1
182172,Lochhausener Str. 215 (P+R Lochhausen),ladenetz.de,München,ChIJkWhskbB4nkcRRq7IXd-BTt4,1.0,1,"Ging nicht, und bei der Hotline war niemand erreichbar.",Olumsuz,-1
182169,Neumarkter Straße 14,E.ON Drive,Egglkofen,ChIJ8WGciOSSdUcRlcd0m8-BfLo,4.0,4,Hat alles geklappt. Anschlüsse für 2×AC Laden.,Olumlu,1
182085,Am Hirtentor 17,N-ERGIE,Eggolsheim,ChIJA1YuJaP1oUcR9z1diztvYbY,5.0,5,"Tolle Lage der Ladestation auf den Parkplatz vom Supermarkt, so kann man eben mal schnell beim Einkaufen sein Auto laden.",Olumlu,1
182055,Zum Raukler 8,EnBW (D),Hohenwarsleben,ChIJQ52ZtlJgr0cRrn2hOAjUFOQ,4.0,5,"Große EnBW Ladestation direkt an der Autobahn. Es gibt 200kW und 400 kW Ladestationen, insgesamt 28 an der Zahl. Offenbar mit Ökostrom, was gut für die Umwelt ist. Es bedeutet aber auch, dass nicht mit den vollen 200kW geladen wird, sondern unter Umständen nur mit 20 bis 30kW, wenn gerade keine Sonne scheint und kein Wind weht. Aber nun ja, irgendetwas ist immer, wie Tucholsky sagt.",Olumlu,1
182055,Zum Raukler 8,EnBW (D),Hohenwarsleben,ChIJQ52ZtlJgr0cRrn2hOAjUFOQ,4.0,2,"Nach knapp 3 Monaten folgt nun eine neue und kritischere Bewertung über den Ladeplatz!

Da ich mehrmals die Woche zu jeder Uhrzeit, auch regelmäßig nach 0 Uhr, diesen Platz nutze um mein E-Auto zu laden, schätze ich, eine Bewertung zu geben sei rechtens!

Im Vergleich zu den letzten Wochen, verschlimmert sich die Situation zumehmends! (Bilder beigefügt)

Die erwünschten Abfalltonnen wurden vor ca. 2 Monaten aufgestellt und anfangs schien alles bergauf zu gehen.

Doch da scheinbar die Abholung voller Abfalltonnen nicht zur Gewohnheit des Unternehmens gehört, sammeln sich nun noch mehr Abfälle als zuvor.

Selbstverständlich ist jeder Mensch der hier seine Abfälle hinterlässt, selbst für seine Dummheit verantwortlich, dennoch schätze ich, sollte die Möglichkeit bestehen, leere Tonnen zur Verfügung zu stellen, zumal der Ladeplatz genügend finanzielle Mittel erwirtschaftet, um einen einwandfreien öffentlichen Standort zu gewährleisten.

Mittlerweile häufen sich ebenfalls die Ausfälle verschiedener Ladesäulen, zu einem Ladestau kommt es allerdings nie, nur ärgerlich, wenn man 3 mal rotieren muss, weil die Säule Fehler anzeigt.

Da es sich scheinbar um einen ökostrombetriebenen Ladeplatz handelt, ziehen sich Ladezeiten in den Wintermonaten doch deutlich in die Länge.
(Nehme ich aber in Kauf, wenn ich weiß woher der Strom kommt)

Also BITTE entleert auch die Abfallcontainer oder nutzt eure Videoüberwachung um diesen Umweltsündern (wenn sie doch schon E fahren) wenigstens eine Lektion zu erteilen.",Olumsuz,-1
182055,Zum Raukler 8,EnBW (D),Hohenwarsleben,ChIJQ52ZtlJgr0cRrn2hOAjUFOQ,4.0,5,"Sehr großer Ladepark mit insgesamt 14 Ladesäulen (200 und 400 kW). Sehr schwierig zu finden, aber zuverlässiges Laden ist wie bei EnBW üblich möglich. Die meisten Plätze sind überdacht. Leider keine Toiletten bei der Größe vorhanden.",Olumlu,1
182055,Zum Raukler 8,EnBW (D),Hohenwarsleben,ChIJQ52ZtlJgr0cRrn2hOAjUFOQ,4.0,4,"Wie in anderen Rezensionen aufgeführt, ist die Anfahrt schwierig. Tipp - wenn man in die Berliner Allee einbiegt, an der Aral links liegend vorbei fahren, da hier Abbiegen nicht erlaubt ist. Nächste links in die Stendaler Straße. Nächste links in die Hannoversche Straße und dann geradeaus bis zum Ende. Einfahrt zum Ladepark links. Leider muss man hier mit E-Fahrern rechnen, die ihren Verpackungsmüll vom nahegelegenen Mc Doof liegen lassen.",Nötr,0
182055,Zum Raukler 8,EnBW (D),Hohenwarsleben,ChIJQ52ZtlJgr0cRrn2hOAjUFOQ,4.0,3,"Wenn man ihn den einmal gefunden hat, dann ist der Ladepark ganz okay: Überdachung, viele Stationen und theoretisch auch zwei Bänke als Sitzgelegenheiten, welche aber - mangels Mülleimer - zu eben diesen umfunktioniert werden. Infrastruktur ist 5 Minuten fußläufig, vom klassischen Fast Food Dreck und ner Tanke ist bis zum Erotik Shop alles vertreten.
Gebt im Navi nicht den Amselweg an, der in der App steht. Mich hat das 5 Minuten gekostet. Vor der Aral links abbiegen und am Ende des Weges nochmal nach links, dann kommt ihr hin. Vielleicht schafft ENBW es irgendwann, ihre Ladeparks vernünftig auszuschildern. Am Material kann's nicht liegen, schließlich sind an den Stationen mindestens 4 Schilder mit Verweis auf Videoüberwachung angebracht.",Nötr,0
182021,Flurweg 2,(Private Residence/Individual),Taufkirchen,ChIJbyfFe67fnUcRhnH6aJgLXVc,4.3,5,"Direkt vor einem Edeka und vor allem überdacht und auch beleuchtet. Sehr einfach zu finden, gut von der Autobahn aus zu erreichen, schnell vorwärts einparken ist easy, viele weitere Lade-Plätze vor Ort. Relativ gute Ladezeit bei mir. Technisch und Fahr-organisatorisch war alles problemlos. Der Edeka hat während der Öffnungszeiten eine Toilette für Kunden und zusätzlich neben eigenen Backwaren auch einen Bäcker im Haus.",Olumlu,1
182021,Flurweg 2,(Private Residence/Individual),Taufkirchen,ChIJbyfFe67fnUcRhnH6aJgLXVc,4.3,4,"Sehr guter Ladepark, daneben ein großes Edeka Einkaufszentrum mit Toilette. Das Laden hat reibungslos funktioniert mit der EnBW Ladekarte. Leider einen Punkt Abzug, da Sonn und Feiertags keine Zugang zu Toiletten möglich ist.",Olumlu,1
182021,Flurweg 2,(Private Residence/Individual),Taufkirchen,ChIJbyfFe67fnUcRhnH6aJgLXVc,4.3,2,Leistung leider bei den letzten beiden Mal Laden auf max. 50kW gedrosselt (trotz vorgeheizter Batterie). Einmal mit voller Belegung und einmal mit wenigen Fahrzeugen. Wenn das so bleibt lohnt es sich nicht mehr extra herzufahren…,Olumsuz,-1
182021,Flurweg 2,(Private Residence/Individual),Taufkirchen,ChIJbyfFe67fnUcRhnH6aJgLXVc,4.3,5,"Gut erreichbare Ladestation, zentral im Gewerbegebiet gelegen sowie in unmittelbarer Nähe zur Autobahn. Perfekt mal eine mit Überdachung. Als ich geladen habe, liess die Geschwindigkeit leider zu wünschen übrig. Ursache natürlich unbekannt. Fast die gesamte Station war frei zu diesem Zeitpunkt, es waren lediglich zwei Fahrzeuge beim laden.",Olumlu,1
182021,Flurweg 2,(Private Residence/Individual),Taufkirchen,ChIJbyfFe67fnUcRhnH6aJgLXVc,4.3,5,Viele Ladepunkte und nebenan gleich ein Bäcker für die Wartezeit. Klappt reibungslos dort zu laden.,Olumlu,1
181996,Rathausplatz 1,E.ON Drive,Michelau,ChIJFTXFkwvVo0cRQyFbTEhnSX4,5.0,5,"Toller Standort mit drei Ladesäulen direkt am Ortseingang von der B173 kommend; AC Laden 3x22KW + DC Laden 3x160KW.
Längsparkplätze für Gespanne - Laden ohne den Anhänger abkuppeln zu müssen.
Insgesamt sehr großzügige Platzverhältnisse und gute Erreichbarkeit.",Olumlu,1
181980,Autohof Im Heidegrund-Süd,TOTAL Be PlugToDrive,Osterfeld,ChIJA9_3GVK-pkcR69rF7pAHhy8,4.6,5,"Auch hier wieder eine tolle Möglichkeit der TEAG Mobil mit 4 Ladeplätzen und bis zu 300kW. Nebenan direkt der BK.

Mit TEAG Mobil App für nur 49Cent pro kWh und das ohne Grundgebühr -  einfach, fair und gut.

Bitte weiter so!",Olumlu,1
181980,Autohof Im Heidegrund-Süd,TOTAL Be PlugToDrive,Osterfeld,ChIJA9_3GVK-pkcR69rF7pAHhy8,4.6,5,"Lädt schnell, bis 150kW, auch wenn mehrere Fahrzeuge zu Gange sind.",Olumlu,1
181980,Autohof Im Heidegrund-Süd,TOTAL Be PlugToDrive,Osterfeld,ChIJA9_3GVK-pkcR69rF7pAHhy8,4.6,5,"Super Ladevorgang, hat alles geklappt, Burger King mit kostenfreier Toilette direkt daneben. Tankstelle mit kleinem Shop auf der anderen Straßenseite.",Olumlu,1
181980,Autohof Im Heidegrund-Süd,TOTAL Be PlugToDrive,Osterfeld,ChIJA9_3GVK-pkcR69rF7pAHhy8,4.6,5,Vier CCS Ladestecker auf zwei Stationen. Max. 130 kW,Olumlu,1
181980,Autohof Im Heidegrund-Süd,TOTAL Be PlugToDrive,Osterfeld,ChIJA9_3GVK-pkcR69rF7pAHhy8,4.6,4,"Akku bei 32%, vorgeheizt aber Ladeleistung leider nur bei 75kw",Nötr,0
181963,Zunftstraße 12,Allego BV,Dessau-Roßlau,ChIJZzHeplERpkcRsX6dHeh_ahY,2.0,3,"AdHoc 79 ct Kartenleser Außer Betrieb - Versuch über EWEgo App zu starten ein Krampf, da die Säulen nicht beschriftet sind. Zudem wieder in der hintersten Ecke aufgestellt. Dafür haben sie die Leistung und am Baumarkt praktisch für die Nutzung. Barrierefreie Beschriftung, einfaches und günstiges Bezahlsystem und es würde volle Punkte geben.",Olumsuz,-1
181963,Zunftstraße 12,Allego BV,Dessau-Roßlau,ChIJZzHeplERpkcRsX6dHeh_ahY,2.0,1,Nur während der Öffnungszeiten erreichbar. Sonst Tor geschlossen!,Nötr,0
181939,Schwerborner Straße 30,(Unknown Operator),Erfurt,ChIJdVTBF2ttpEcRPNf6DfA4bSY,4.1,3,Vor den Türen des Anbieters geht eine Säule komplett garnicht. Wenigstens funktionieren die anderen beiden.,Olumsuz,-1
181939,Schwerborner Straße 30,(Unknown Operator),Erfurt,ChIJdVTBF2ttpEcRPNf6DfA4bSY,4.1,1,"Schlechte Ladeleistung.

300kW Charger und nur 55kW Ladeleistung.

Nicht zumutbar für Pendler.

Aber Hauptsache damit brüsten schnell Ladeinfastruktur aufzubauen.

Nicht zu empfehlen.

Nur 2/6 Ladepunkten in Benutzung.",Olumsuz,-1
181939,Schwerborner Straße 30,(Unknown Operator),Erfurt,ChIJdVTBF2ttpEcRPNf6DfA4bSY,4.1,5,"Der Ladevorgang verlief problemlos und mit sehr guter Ladeleistung.
Edit: Nach mittlerweile zahlreichen Ladevorgängen konnte diese Station bisher stets problemlos überzeugen.",Olumlu,1
181939,Schwerborner Straße 30,(Unknown Operator),Erfurt,ChIJdVTBF2ttpEcRPNf6DfA4bSY,4.1,1,Ich habe heute wieder ein Problem . Da habe ich 2 mal telefoniert und keine Lösung. Und bei andere Leute ist auch . Muss ich morgen aufarbeiten gehen.,Olumlu,1
181939,Schwerborner Straße 30,(Unknown Operator),Erfurt,ChIJdVTBF2ttpEcRPNf6DfA4bSY,4.1,2,"Schade, unter Schnellladen verstehe ich etwas anderes - zumal mit 300 kW beworben wird und auch preislich abgerechnet wird. Selten, dass man hier mal mehr als 80 kW sieht trotz vorkonditionierter Batterie. Das ist für Pendler und schnell mal auf langer Strecke Strom tanken nichts. Station ist gds ordentlich und hat genügend Platz. Beim Laden bis dato kaum Abbrüche gehabt. Dafür jeweils ein Punkt extra. Ein Wetterschutz wäre wünschenswert, wenn man hier schon so lange steht.",Nötr,0
181896,Damaschke Straße 1,ladenetz.de,Weimar,ChIJgfYZfrkapEcRhEphWMQcWvU,3.3,3,Leider öfter außer Betrieb. Wenn sie funktioniert ist sie leider besetzt. Standortwahl aber ausgezeichnet mit Supermarkt und Co direkt nebenan. Bitte neue Technik verbauen :),Nötr,0
181896,Damaschke Straße 1,ladenetz.de,Weimar,ChIJgfYZfrkapEcRhEphWMQcWvU,3.3,4,"Macht was Sie soll. Etwas langsam, aber besser als gar nix. Einfache Handhabung. War auch frei an einem Dienstag um 14:00.",Olumlu,1
181896,Damaschke Straße 1,ladenetz.de,Weimar,ChIJgfYZfrkapEcRhEphWMQcWvU,3.3,1,"Ladesäule defekt, Störungshotline kann aus der Ferne nicht helfen, Techniker muss kommen",Olumsuz,-1
181896,Damaschke Straße 1,ladenetz.de,Weimar,ChIJgfYZfrkapEcRhEphWMQcWvU,3.3,5,Alles top!,Olumlu,1
181864,Lehbreite 6z,(Private Residence/Individual),Helbra,ChIJRSw9dhHOpUcRq43e9o-BYz4,3.0,3,"Ich finde es toll, wenn auch auf dem Lande schneller ladende E-Tankstellen. Leider stand ich Sonntag mittag vor verschlossenen   Toren und solange Ladekabel habe ich nicht dabei. Bitte bei den Öffnungszeiten anpassen. Das wäre nur fair und ich teste es nächstes Mal und gebe dann eine bessere Bewertung.",Nötr,0
181823,Autohof Bayerisches Vogtland / Selbitz,Allego BV,Selbitz-Sellanger,ChIJ9wXSj_MToUcR17RaZOqH1zE,4.0,5,"Auf dem Weg nach Österreich hier das Auto vollgeladen. Hat alles super funktioniert. Keine Wartezeit, liegt etwas abseits von der Autobahn.",Olumlu,1
181823,Autohof Bayerisches Vogtland / Selbitz,Allego BV,Selbitz-Sellanger,ChIJ9wXSj_MToUcR17RaZOqH1zE,4.0,5,"Meine Aral Ladekarte hat nicht funktioniert, aber unkompliziert mit Apple Pay, auch nicht überteuert. So habe ich eine Stunde im Auto geschlafen und mein Hybrid war mit 100km wieder voll.",Olumsuz,-1
181823,Autohof Bayerisches Vogtland / Selbitz,Allego BV,Selbitz-Sellanger,ChIJ9wXSj_MToUcR17RaZOqH1zE,4.0,5,"Gut funktionierende 300kW Alpitronic Ladesäulen sehr gut gelegen, nur wenige Minuten von der Autobahn entfernt, und schon bei der Anfahrt gut zu erkennen. Wie fast überall wäre eine Überdachung noch nett. Vor den Säulen ist aber mehr als genug Platz zum Rangieren, so dass man problemlos laden kann.",Olumlu,1
181823,Autohof Bayerisches Vogtland / Selbitz,Allego BV,Selbitz-Sellanger,ChIJ9wXSj_MToUcR17RaZOqH1zE,4.0,5,"Mehrfach angefahren und jedes Mal frei und ohne Probleme nutzbar. Obwohl ausgewiesen höher und Kfz höhere Kapazität nur ca. 80 kw (unter 80 % und bei 20 *C, einziger Nutzer) anliegend. Falls Toilette benötigt, viele Münzen bereit halten. Alles etwas oldschool.",Olumlu,1
181823,Autohof Bayerisches Vogtland / Selbitz,Allego BV,Selbitz-Sellanger,ChIJ9wXSj_MToUcR17RaZOqH1zE,4.0,5,"Super Ladesäule..sieht schön ordentlich aus 👍
Nur sollten die Leute so parken das auch alle 6 Säulen genutzt werden können..kamen an und von 6 Säulen konnten nur 4 genutzt werden!!
Versteh manche Leute nicht spätestens beim aussteigen sehe ich doch das ich auch 2 Plätzen stehe 🤦🏻‍♀️aber dafür kann ja der Betreiber nichts ☺️",Olumlu,1
181693,Stelzlhof 7,Pfalzwerke,Passau,ChIJ0Z9nqX9YdEcR17mrwSQpvJk,1.5,1,"ACHTUNG, KEINE 24H OFFEN!!
Hinzu kommen die Störungsprobleme der Ladestation. 8 mal angefahren, 2 mal laden können!! Und seit 12/2024 kein Laden möglich, wegen Fehlermeldung. Hab bereits angerufen, passiert nix.",Olumsuz,-1
181693,Stelzlhof 7,Pfalzwerke,Passau,ChIJ0Z9nqX9YdEcR17mrwSQpvJk,1.5,2,"Leider befindet sich die Station auf dem Parkplatz des Hornbach, welcher außerhalb der Öffnungszeiten abgeschlossen ist.",Olumsuz,-1
181693,Stelzlhof 7,Pfalzwerke,Passau,ChIJ0Z9nqX9YdEcR17mrwSQpvJk,1.5,1,Leider keine Steckdose für E-Bikes,Olumsuz,-1
181693,Stelzlhof 7,Pfalzwerke,Passau,ChIJ0Z9nqX9YdEcR17mrwSQpvJk,1.5,2,Ladestation nicht funktionstüchtig,Olumsuz,-1
181666,Graetschelsteig 2,Allego BV,Berlin,ChIJQ6LYwMlXqEcRAKL0toT_cl0,5.0,5,"Gut und bisher immer mindestens 1 Säule frei gewesen. Aber mit 0,72€ auch recht teuer.",Olumlu,1
181666,Graetschelsteig 2,Allego BV,Berlin,ChIJQ6LYwMlXqEcRAKL0toT_cl0,5.0,5,Deutliche Verbesserung und Verfügbarkeit der Ladestation nach dem Upgrade von Typ2 auf CCS.,Olumlu,1
181666,Graetschelsteig 2,Allego BV,Berlin,ChIJQ6LYwMlXqEcRAKL0toT_cl0,5.0,5,Die Ladesäule ist ab sofort wieder in Betrieb!!,Olumlu,1
181635,Jahnstraße 21,E-Wald,Roding,ChIJJdS4NGv9n0cRiWQaQ_04vlI,2.3,1,"Schon etwas angestaubt...
Vielleicht mal austauschwürdig

Kabel sehr starr, so dass es eigentlich auf den Gehweg abstand... (Weichmacher im Laufe der Jahre verschwunden?)

Konnte auch nicht laden... Startete halt nicht",Olumsuz,-1
181635,Jahnstraße 21,E-Wald,Roding,ChIJJdS4NGv9n0cRiWQaQ_04vlI,2.3,5,Tip Top funktioniert,Olumlu,1
181625,Augustusburger Str. 195,eins,Chemnitz,ChIJXUWbl9VFp0cRryvOUzQCOPQ,5.0,5,"Immer nette Kundenbetreuung wenn man ein Problem hat, bekommt man Hilfe
Danke",Olumlu,1
181571,Tennenloherstraße 3,N-ERGIE,Buckenhof,ChIJkU0VrUL5oUcRdy2ymlOPcrs,4.0,3,Nur der rechte Parkplatz ist frei nutzbar.,Nötr,0
181547,Uhlichstr. 3,eins,Chemnnitz,ChIJU66H5lZGp0cR0ffb39Ii9uU,3.0,3,Zurzeit durch eine Baustelle eingeschränkt,Olumlu,1
181538,Kauffahrtei,Elli (Volkswagen Group Charging GmbH),Chemnitz,ChIJNdJpSiFGp0cRcgYo-DBCpYw,3.0,3,"Achtung! Außerhalb der Öffnungszeiten sperrt ein Schlagbaum den Zugang ab. Wollte die Gelegenheit an einem Sonntag nutzen und in der Nähe spazieren gehen. Laden war damit leider nicht möglich. Ist das so gewollt? Bitte Voten, wenn dieser Hinweis hilfreich war. Danke!",Olumsuz,-1
181521,Schindelbruch 1,Stadtwerke Halle,Südharz,ChIJQ9B8fyespUcR0Dc50uXEmGQ,1.0,1,Auf Grund Bauarbeiten Ladesäulen außer Betrieb,Olumsuz,-1
181488,Kirchgasse 10 ,E-Wald,Arnschwang,ChIJ8YK_knBNdUcRmjhRMfqr4MI,1.3,1,"Sehr enttäuschend... 1. Sind die Parkplätze ungünstig plaziert zur Ladesäule. Wenn man den Anschluss wie bei Tesla auf der Fahrerseite hat, hat man verloren. Die Säule sollte in der Mitte von den beiden Plätzen stehen. 2. Lässt sich der Ladevorgang nicht starten, er bricht sofort ab. Selbst nach einem Neustart nach Betätigung des Notaus keine Besserung. Schade. Gerade in der Nähe zur tschechischen Grenze sind viele Schnellladesäulen extrem wichtig, da es in Tschechien nicht wirklich Lademöglichkeiten gibt. 3. Stimmt der Standort nicht.",Olumsuz,-1
181488,Kirchgasse 10 ,E-Wald,Arnschwang,ChIJ8YK_knBNdUcRmjhRMfqr4MI,1.3,2,"Dauerte ewig mit laden! Keine Möglichkeit in der Zeit etwas zu machen!
Fuhren dann doch weiter nach Cham",Olumsuz,-1
181488,Kirchgasse 10 ,E-Wald,Arnschwang,ChIJ8YK_knBNdUcRmjhRMfqr4MI,1.3,1,Funktioniert nicht,Olumsuz,-1
181478,Bahnhofstr. 9,ladenetz.de,Langenbach,ChIJ87ZsfSQ-nkcRWbKF1W1dHIE,5.0,5,"Problemlos aufgeladen.
Die Ladestation befindet sich neben dem Bahnhofsgebäude auf dem Parkplatz und ist jederzeit problemlos erreichbar.",Olumlu,1
181471,Am Festplatz 1,N-ERGIE,Heroldsberg,ChIJv9ZCWDLjoUcR03GLKOfYgos,4.0,4,22kw AC. Leider sind die Displays wenig informativ.,Nötr,0
181460,Schulgasse 2-8,E-Wald,Regen,ChIJ0ab99-gidUcRMZcRnS3z4AU,4.3,4,"An und für sich gut gelegen, Rewe um die Ecke, Toilette im Wartehäuschen des Busbahnhofs. Mit 71 Cent/kWH aber recht teuer.",Olumlu,1
181455,Bräugasse 1,E-Wald,Rotthalmünster,ChIJk-3C8ypJdEcRymDyAjJQWK0,3.9,5,CCS gibt es nicht mehr. „Nur“ noch 4 AC Ladestecker. Funktioniert und es war zu meiner Zeit ausreichend Parkraum vorhanden.,Olumlu,1
181455,Bräugasse 1,E-Wald,Rotthalmünster,ChIJk-3C8ypJdEcRymDyAjJQWK0,3.9,3,"50 kW CCS Lader irgendwo irgendwie in Niederbayern! Was ich zu bemängeln habe ist das das Ladekabel CCS ziemlich Kurzgeraden ist! Leider flossen nur max 22kw über CCS
Schönes kleines Dorf ;-)",Olumlu,1
181455,Bräugasse 1,E-Wald,Rotthalmünster,ChIJk-3C8ypJdEcRymDyAjJQWK0,3.9,2,"Leider wurden maximal 20kW abgegeben.
Auch nach einem Neustart durch den Kundenservice war nicht mehr möglich.
Ausserdem ist die Station sehr verdreckt.",Olumsuz,-1
181425,Neumarkter Str. 47,(Unknown Operator),München,ChIJAQDAg2Z1nkcRoTzURwovU2M,2.2,1,"Die Jolt Ladestationen sind leider nicht zu gebrauchen, denn sie haben nur eine Anschlussleistung von max 110 KW.  Dazu kommt bei diesem Typ eine Akku von 140 kWh (laut Website). Ist der Akku leer (weil vother jemand geladen hat) bekommt man eben eine deutlich geringere Leistung. Ich war hier zwei Mal und vermute, dass die Anschlussleistung sogar unter 100 kW liegt. Denn ich sollte eigentlich über 200 kW laden können, aber bekam nur 150 und nach kurzer Zeit unter 100 kW.
Dafür sind 69 ct viel zu viel (Achtung! Minimumpreis von 3.45 Euro!)
Das macht vielleicht am AdW noch irgendwie Sinn ergeben, aber ein Akkusystem in der Innenstadt von München? Geht's noch Esso?",Olumsuz,-1
181425,Neumarkter Str. 47,(Unknown Operator),München,ChIJAQDAg2Z1nkcRoTzURwovU2M,2.2,1,"Eine von zwei Ladesäulen war außer Betrieb. Bei der zweiten habe ich nur kurzfristig eine Leistung von über 60 KW bekommen. Danach ging es wieder runter auf 35 KW

Die Abfahrt ist nur über die Tankstelle möglich, wo es leider nur so wenig Platz gibt. Auch hier musste ich noch mal 5 Minuten warten, bis ich wegfahren konnte.",Olumsuz,-1
181425,Neumarkter Str. 47,(Unknown Operator),München,ChIJAQDAg2Z1nkcRoTzURwovU2M,2.2,1,Völlig doof. Nicht gut zu rangingen. Kabel zu kurz. Nur bei absoluter Not am Mann anfahren. Ist ein völliger krampf.,Olumsuz,-1
181425,Neumarkter Str. 47,(Unknown Operator),München,ChIJAQDAg2Z1nkcRoTzURwovU2M,2.2,4,"Laden im ersten Versuch funktionierte nicht, nachdem ich mich erst identifiziert hatte und dann das Kabel ins Auto gesteckt hab. Beim zweiten Versuch, als ich erst das Kabel ins Auto gesteckt habe und dann mich identifiziert habe, funktionierte alles einwandfrei. Laden war okay schnell.",Nötr,0
181425,Neumarkter Str. 47,(Unknown Operator),München,ChIJAQDAg2Z1nkcRoTzURwovU2M,2.2,4,"Bricht mitten im Laden ab. Ist jetzt schon das zweite Mal passiert. Ladelimit war am Auto (Tesla) richtig eingestellt.
Danach ist das Laden mit der selben App nicht mehr möglich und muss per QR Code laden. So erhalte ich zwei Rechnungen, muss sie erstmal suchen. Das macht die Buchhaltung dann zudem komplizierter Un aufwendiger...

Update: 10.06.25 - mittlerweile tanke ich dort öfters und es klappt gut, wenn man bereits die Reihenfolge eines Tankvorgang auswendig kennt: 1. über die E.ON App Ladesäule auswählen und ""tanken"" aktivieren oder wie der Schiebebutton heißt.. 2. Stecker einmal entgültig reinstecken und nicht versehentlich rein und raus oder vorm aktivieren in der App... (das sind die Fehler, die dann das erneute Laden via App nicht möglich machen. Bei anderen Tanksäulen von anderen Anbietern ist das nicht so schlimm, weil man einfach den Tankvorgang erneut starten kann, indem man den Stecker in die Säule zurück steckt und dann wieder erneut den Vorgang mit der App starten, etc.... das klappt hier bei dieser Säule oder Anbieter nicht...) 3. Auto startet Tankvorgang  - Aber wie gesagt: Falls man das Laden mit der App erneut starten muss wegen dem Einsteckfehler, kommuniziert die Ladestation nicht mehr mit der App und man muss manuell über den QR Code an der Säule laden.",Olumsuz,-1
181418,Lilienthalstraße 7,E.ON Drive,Regensburg,ChIJvQkofl_An0cRdnnReJht8Yc,3.8,1,"Unverschämtheit: Am 14.02.2025 dort geladen, Ladevorgang am parallel angesteckten Kfz war schon beendet und ich bekam dennoch nur 37kW Ladeleistung für einen Preis von 0,94 €/kWh - also selbst für einen Schnellader zu viel Geld für ein Hauch von  Ladeleistung. Da sind sogar Autobahnraststätten fairer! Und das vor der Zentrale eines nicht kleinen Energieversorgers...",Olumsuz,-1
181418,Lilienthalstraße 7,E.ON Drive,Regensburg,ChIJvQkofl_An0cRdnnReJht8Yc,3.8,2,"Kann es sein, dass euer „Schnelllader“ defekt ist? Euer Ernst kann das ja nicht sein. Seit 1 Stunde hängt mein Auto da dran. 400kw soll die Säule hergeben - 16kw fließen.",Olumsuz,-1
181418,Lilienthalstraße 7,E.ON Drive,Regensburg,ChIJvQkofl_An0cRdnnReJht8Yc,3.8,5,Super 👍 2 Stellplätze,Olumlu,1
181418,Lilienthalstraße 7,E.ON Drive,Regensburg,ChIJvQkofl_An0cRdnnReJht8Yc,3.8,5,Sehr schnelles Laden,Olumlu,1
181330,Sachsenstraße 9,Allego BV,Oberlichtenau,ChIJJWaPLWVBp0cR5fIkFtQUAJ8,3.8,2,"Der linke Ladestecker war defekt, Ladevorgang ließ sich über die VW App mehrmals nicht starten bzw. ist ohne Ladevorgang immer einfach abgebrochen. Zum Glück ist der rechte Stecker dann direkt frei geworden und man konnte dort laden. Säule sollte überprüft werden!",Olumsuz,-1
181330,Sachsenstraße 9,Allego BV,Oberlichtenau,ChIJJWaPLWVBp0cR5fIkFtQUAJ8,3.8,1,"sobald man einen Ladevorgang startet, werden komischerweise beide Ladeports aktiviert, d.h. wenn jetzt noch jemand laden wöllte, wäre der zweite Ladeport schon über meinen Account frei geschaltet und derjenige könnte über meinen Account laden. Desweiteren hat bei mir der Ladevorgang zwischendrin abgebrochen, musste dann noch einmal neu starten. Schlussendlich, wahrscheinlich weil bei jedem Ladevorgang 2 Ports aktiviert werden, ist auch nur eine Leistung von 75kw freigegeben. Hier scheint irgendetwas defekt zu sein!",Olumsuz,-1
181330,Sachsenstraße 9,Allego BV,Oberlichtenau,ChIJJWaPLWVBp0cR5fIkFtQUAJ8,3.8,4,Lädt sehr sehr schnell. Gerät hat zwei Anläufe gebraucht um sich mit dem Auto zu verbinden. Es ist ausreichend Platz zum rückwärts einparken (sagt ein Fahranfänger).,Olumlu,1
181330,Sachsenstraße 9,Allego BV,Oberlichtenau,ChIJJWaPLWVBp0cR5fIkFtQUAJ8,3.8,3,"Laden hat super geklappt, jedoch wird die Charging Station mit 150 KW angegeben und es lädt nur mit 75. ich war alleine an der Ladesäule",Nötr,0
181330,Sachsenstraße 9,Allego BV,Oberlichtenau,ChIJJWaPLWVBp0cR5fIkFtQUAJ8,3.8,3,"Leider nur 2x75kw statt 150kw. Auch wenn nur eine Seite belegt ist, kommt man nicht auf die ausgelobten 150kW.",Olumsuz,-1
181324,Egidienplatz,N-ERGIE,Nürnberg,ChIJL8ohzDJXn0cRr3LCSoPwhOs,4.2,1,Schlechter Standort.,Olumsuz,-1
181324,Egidienplatz,N-ERGIE,Nürnberg,ChIJL8ohzDJXn0cRr3LCSoPwhOs,4.2,4,Ladestation in der Nähe der Innenstadt,Olumlu,1
181294,Eibacher Hauptstr. 109,EnBW (D),Nürnberg,ChIJyX8_7JJRn0cRA7BMzXEVj-4,5.0,5,"Einfach hinter die Tankstelle fahren - dann sieht man sie im Eck :-)
Aber ansonsten funktioniert gut und lädt auch schnell! Konnte mit 80kw laden, hatte aber auch noch 49% Restreichweite!",Olumlu,1
181294,Eibacher Hauptstr. 109,EnBW (D),Nürnberg,ChIJyX8_7JJRn0cRA7BMzXEVj-4,5.0,5,Super HPC Lader der bisher immer funktioniert hat. 😎👍🏻,Olumlu,1
181294,Eibacher Hauptstr. 109,EnBW (D),Nürnberg,ChIJyX8_7JJRn0cRA7BMzXEVj-4,5.0,5,Das Laden des Elektroautos funktioniert hier klasse. Sehr schnelle Ladestation mit 150 kWh.,Olumlu,1
181294,Eibacher Hauptstr. 109,EnBW (D),Nürnberg,ChIJyX8_7JJRn0cRA7BMzXEVj-4,5.0,5,Auf dem Gelände einer Esso Tankstelle hinter dem Haupthaus unsichtbar ind unbeschildert von der Strasse aus.,Olumsuz,-1
181294,Eibacher Hauptstr. 109,EnBW (D),Nürnberg,ChIJyX8_7JJRn0cRA7BMzXEVj-4,5.0,5,alles easy und gute Einrichtung,Olumlu,1
181281,Gertrude-Blanch-Str. 2,EnBW (D),Germering-Neugermering,ChIJpTT6DzzWnUcRmzEG7Yk9G8I,3.3,4,"Neuer, sehr moderner EnBW-Ladepark auf dem hagebau-Parkplatz in Germering.

12 E-Autos können gleichzeitig laden an sechs Alpitronic-Schnellladesäulen (3× 400 kW, 3× 200 kW Gesamtleistung) – leistungstechnisch das Beste vor Ort, unabhängig von Fahrzeugtyp und Akkugröße.

Ein Stern Abzug für die Lage (nicht direkt an der A96, eher B2) und die Preise – günstigere Alternativen gibt es in unmittelbarer Nähe.

Trotzdem: Ich freue mich immer über jeden neuen Ladepark. Solche Standorte zeigen klar, dass Elektromobilität die Zukunft ist.",Olumlu,1
181281,Gertrude-Blanch-Str. 2,EnBW (D),Germering-Neugermering,ChIJpTT6DzzWnUcRmzEG7Yk9G8I,3.3,4,"Betreiber ist EnBW.
Als die Station beim Laden plötzlich einen Fehler hatte, bekam ich 10kWh geschenkt. Ich habe die Hotline Nr angerufen. Darauf hin wurde ein reboot der Ladestation gemacht.
Als auch der reboot nichts brachte, wurde mir die nächste Ladestation genannt und dort konnte ich 10kWh kostenlos laden.",Olumsuz,-1
181281,Gertrude-Blanch-Str. 2,EnBW (D),Germering-Neugermering,ChIJpTT6DzzWnUcRmzEG7Yk9G8I,3.3,5,Inzwischen viele neue Ladesäulen installiert,Olumlu,1
181281,Gertrude-Blanch-Str. 2,EnBW (D),Germering-Neugermering,ChIJpTT6DzzWnUcRmzEG7Yk9G8I,3.3,5,"Richtig gut, wie immer bei EnBW!!",Olumlu,1
181281,Gertrude-Blanch-Str. 2,EnBW (D),Germering-Neugermering,ChIJpTT6DzzWnUcRmzEG7Yk9G8I,3.3,5,"Funktioniert immer. Top!
Ladestation ist 24/7 zugänglich.",Olumlu,1
181154,Mähringer Str. bei Haus-Nr. 7,N-ERGIE,Tirschenreuth,ChIJm-NYWOFcoEcR2ewg_6P2THs,5.0,5,"2x Type 2 AC 11 kW, kein Kabel, Abdeckung Dose abgebrochen (evtl. problematisch im Winter).",Olumsuz,-1
181115,Bornknechtstraße 5,Stadtwerke Halle,Halle (Saale),ChIJ_4qA8ExjpkcRwiKgSv-Y-tA,4.2,4,"Entgegen der Angaben in der charge it easy-App befindet sich diese Ladestation an der Ecke (Salzgrafenplatz, Bornknechtstr., Gerberstr.) und nicht im Salzgrafenplatz. Dort können nämlich nur Autos der EVH geladen werden.",Olumsuz,-1
181115,Bornknechtstraße 5,Stadtwerke Halle,Halle (Saale),ChIJ_4qA8ExjpkcRwiKgSv-Y-tA,4.2,5,Wenn mann Hilfe benötigt das Kundenzenter ist 24 Stunden besetzt von den Stadtwerken nebenan,Olumsuz,-1
181115,Bornknechtstraße 5,Stadtwerke Halle,Halle (Saale),ChIJ_4qA8ExjpkcRwiKgSv-Y-tA,4.2,2,Leider immer besetzt.,Nötr,0
181047,Heimerichstraße,N-ERGIE,Nürnberg,ChIJMVl3a0tWn0cR6GTWgTYzbac,3.0,3,"Sind keine 4 Ladepunkte, sondern nur 2. Google gibt hier falsche Infos.",Olumsuz,-1
181020,Mühlweg 2,EWE,Neustadt/Coburg,ChIJnfBYV4jZo0cRJvG3t4EY9q8,4.2,5,"Guter Parkplatz. Direkt nebenan MC Donalds und 🍔 King.
Norma, DM, alles was man braucht für die Ladezeit",Olumlu,1
181020,Mühlweg 2,EWE,Neustadt/Coburg,ChIJnfBYV4jZo0cRJvG3t4EY9q8,4.2,5,"IHR bekommt sogar meinen sechsten Stern als Favoriten, einfach Spitze auch die Nähe zum Schnellrestaurant ❤️",Olumlu,1
181020,Mühlweg 2,EWE,Neustadt/Coburg,ChIJnfBYV4jZo0cRJvG3t4EY9q8,4.2,1,Ladesäule funktioniert nicht.,Olumsuz,-1
180989,Ernst-Reuter-Straße 65,(Unknown Operator),Hof,ChIJWeAz_W4aoUcRydYjrGsaLi0,4.5,3,"Leider war eine Säule außer Betrieb und nicht gekennzeichnet. Man sah es erst, weil die schwarzen Ladekabel mit schwarzen Kabelbindern unzugänglich gemacht wurden. Die Einfahrt zur hinteren Ladesäule gestaltete sich mit einem Kastenwagen (Opel Vivaro) schwierig, weil die Zufahrt sehr eng ist. Der Ladevorgang dort klappte dann aber problemlos.",Olumsuz,-1
180989,Ernst-Reuter-Straße 65,(Unknown Operator),Hof,ChIJWeAz_W4aoUcRydYjrGsaLi0,4.5,5,"Flotte Ladesäule, wenn man nicht mit dem Nachbarn teilen muss. Mein EV6 war schnell geladen.
Während des Ladens kann man sich einen Kaffee beim MC holen oder im benachbarten Baumarkt einkaufen gehen.",Olumlu,1
180989,Ernst-Reuter-Straße 65,(Unknown Operator),Hof,ChIJWeAz_W4aoUcRydYjrGsaLi0,4.5,5,"Saubere und gepflegte Stationen.
Und die Wartezeit kann mit einem Kaffee bei McDonalds oder einem Einkauf im Baumarkt überbrückt werden.  😉",Olumlu,1
180989,Ernst-Reuter-Straße 65,(Unknown Operator),Hof,ChIJWeAz_W4aoUcRydYjrGsaLi0,4.5,5,Ladestationen direkt auf dem McDonald's Parkplatz. Einfahrt zum McDrive. Laden hat super geklappt.,Olumlu,1
180989,Ernst-Reuter-Straße 65,(Unknown Operator),Hof,ChIJWeAz_W4aoUcRydYjrGsaLi0,4.5,5,"Hat alles super geklappt.
So stell ich mir eine Ladepause vor.",Olumlu,1
180960,Eichenweg 3,E-Wald,Nabburg,ChIJCU_cyYkhoEcRo5uQbyzwrcQ,5.0,5,"Zuerst mal direkt zum Preis an diesem Standort, der ist einfach mega günstig, vor allem im Vergleich zu anderen bekannten Carsharing Anbietern, nämlich 3,99€/Stunde oder 19€/Tag. Pro Buchung sind dann auch 300 km inklusive. Das ist für das Fahrzeug, zu dem ich nun komme, einfach nur krass. Denn das Carsharing Fahrzeug ist nicht so etwas langweiliges wie ein VW Up oder Smart, wie man sie ja in den Großstädten von den verschiedenen Anbietern stehen sieht, sondern ein neuer BMW i3S, also in der Sportversion mit 184 PS, 20 Zoll Felgen und einer echt krassen Beschleunigung im Sport Modus von 6,6 Sekunden von 0 auf 100. Solch ein leistungsstarkes Auto habe ich noch bei keinem anderen Carsharinganbieter gesehen. XD Da möchte ich hier echt ein großes Lob aussprechen. Beim Fahren des i3S hatte ich zummindest dauerhaft ein Grinsen im Gesicht. :D Es drückt einen deutlich spürbar stark in den Sitz. Auch sonst ist der i3S sehr gut ausgestattet mit Stau-Lenk-Assistent, Rückfahrkamera, Leder, großes Navi, Schiebedach, Verkehrszeichenerkennung, Voll-LED-Matrix Scheinwerfer mit automatischer Auskegelung des Gegenverkehrs, etc. Das einzige, was man beachten sollte ist, dass es nur ein 4-Sitzer und der Kofferraum nicht besonders groß ist.",Olumlu,1
180939,Gerberstraße 2,EnBW (D),Haag,ChIJ55eXOzj5dUcRVAsHbdY1c9k,4.2,4,"Das Aufladen meines E-Auto mit der ESB-Ladekarte verlief an dieser 50kW Station problemlos. Es wäre allerdings günstiger gewesen wenn ich statt der Karte von der Energie Südbayern mit EnBW aufgeladen hätte, war aber mein Versehen. Leider liegt die Ladesäule ein bißchen ungünstig in der Zufahrt zu den Geschäften, beim Ein-/Ausparken muss man daher ziemlich aufpassen. Aber ansonsten alles bestens.",Olumlu,1
180939,Gerberstraße 2,EnBW (D),Haag,ChIJ55eXOzj5dUcRVAsHbdY1c9k,4.2,3,"CCS nur max 50 Kw. In Maps steht, sehr schnell 150 Kw. Leider falsch",Olumsuz,-1
180939,Gerberstraße 2,EnBW (D),Haag,ChIJ55eXOzj5dUcRVAsHbdY1c9k,4.2,5,Bisher sehr zuverlässig und selten besetzt.,Olumlu,1
180794,Gutenbergstr. 115,EWP : Energie und Wasser Potsdam GmbH,Potsdam,ChIJ05P6jNH1qEcRNDrCO7YsKYU,3.1,1,"Ständig besetzt (da keine Anmeldung zum Einstecken notwendig ist, nutzen die u.a. Anwohner/ aber auch andere vermeintliche Füchse egoistisch ohne zu laden als Parkplatz) und völlig überzogener Preis für eine Ladeleistung von 7bis max9Kw... So geht's nicht.",Olumsuz,-1
180794,Gutenbergstr. 115,EWP : Energie und Wasser Potsdam GmbH,Potsdam,ChIJ05P6jNH1qEcRNDrCO7YsKYU,3.1,1,"Funktioniert nicht mit der Mobility+ App. Ansprechpartner (Service) an der Ladesäule ist der Wachdienst. Dieser verweist auf eine Nummer in Dresden, dort benötigt man jedoch erst 15 Min. um den PC hoch zu fahren. 1 von 2 Ladeanschlüssen waren zuvor schon im „Wartungsmodus“",Olumsuz,-1
180794,Gutenbergstr. 115,EWP : Energie und Wasser Potsdam GmbH,Potsdam,ChIJ05P6jNH1qEcRNDrCO7YsKYU,3.1,5,"Es ist mir ein Rätsel wie man eine Ladesäule mit einem Stern bewerten kann, nur weil sie belegt war.

Deswegen kann man die freien Plätze ja online einsehen und steuert bestenfalls auch eine freie Ladesäule an.

Und selbst wenn man sie umsonst anfährt, hat das nichts mit der Ladestation an und für sich zu tun. Diese funktioniert schließlich einwandfrei und man sieht ja wie dringend sie gebraucht wird.",Olumlu,1
180794,Gutenbergstr. 115,EWP : Energie und Wasser Potsdam GmbH,Potsdam,ChIJ05P6jNH1qEcRNDrCO7YsKYU,3.1,5,"Man kann Sanssouci erlaufen - günstiger Parkplatz, wenn man laden will ...",Olumlu,1
180794,Gutenbergstr. 115,EWP : Energie und Wasser Potsdam GmbH,Potsdam,ChIJ05P6jNH1qEcRNDrCO7YsKYU,3.1,1,"War kürzlich in Potsdam und wollte dort mein E Auto laden. Leider über 3 Stunden nicht möglich, weil in Benutzung.
Hatte auch Mühe die Ladesäule überhaupt zu finden. Kein Hinweisschild zu sehen.",Olumsuz,-1
180791,Heimstettner Straße 12,E.ON Drive,Parsdorf,ChIJU_kUd_kJnkcRi5c1SMb5EVo,3.9,4,"Komplizierte Strassenführung innerhalb der Raststätte, ansonsten in Ordnung. Tankstelle bzw Shop fußläufig schnell erreichbar.",Olumlu,1
180791,Heimstettner Straße 12,E.ON Drive,Parsdorf,ChIJU_kUd_kJnkcRi5c1SMb5EVo,3.9,1,"Sehr schwache Ladeleistung. 100 kwh für beide Säulen, also 50 jeweils.",Olumsuz,-1
180791,Heimstettner Straße 12,E.ON Drive,Parsdorf,ChIJU_kUd_kJnkcRi5c1SMb5EVo,3.9,5,"Top Ladestation für den kurzen Aufenthalt :-) Mc Donalds etc. ist in der Nähe - perfekt!
Auto wurde mit 47-49kw im Schnitt aufgeladen!",Olumlu,1
180791,Heimstettner Straße 12,E.ON Drive,Parsdorf,ChIJU_kUd_kJnkcRi5c1SMb5EVo,3.9,2,Anlage außer Betrieb und generell nur 2 Ladestationen für so einen großen Rasthof?,Olumsuz,-1
180791,Heimstettner Straße 12,E.ON Drive,Parsdorf,ChIJU_kUd_kJnkcRi5c1SMb5EVo,3.9,3,"Laden mit Ladekarte funktionierte beim dritten Versuch. Leider konnte ich nach dem Starten des Ladevorgangs nicht mehr ersehen, wie stark geladen wurde. Die Maingau wurde nicht akzeptiert, mit der EnBW + klappte es im zweiten Versuch. Es gibt zwei Parkplätze, aber keine zwei CCS—Stecker. Finde ich sehr knapp für eine Raststätte.",Olumsuz,-1
180692,Kurfürstenstraße 36,ladenetz.de,Kloster Lehnin,ChIJ5_dGWgCTqEcRbDhXx1H7go0,4.0,4,"2 neue 175kW- Ladestationen mit je zwei Anschlüssen auf dem Parkplatz der Norma Filiale, leider mit Powershare und Bezahlung nur per Kreditkarte. Dafür mit 49 Cent pro Kilowattstunde recht günstig",Olumlu,1
180692,Kurfürstenstraße 36,ladenetz.de,Kloster Lehnin,ChIJ5_dGWgCTqEcRbDhXx1H7go0,4.0,5,"Vier Ladeplätze verfügbar, gut von der Autobahn erreichbar. Laden hat einwandfrei funktioniert.",Olumlu,1
180692,Kurfürstenstraße 36,ladenetz.de,Kloster Lehnin,ChIJ5_dGWgCTqEcRbDhXx1H7go0,4.0,5,"Einfach mit Bank-/Kreditkarte nicht abgezockt werden. Ohne Ladekarte, ohne App, ohne Abofalle. Ein Traum. Das muss Hexerei sein oder mit dem Teufel zugehen, wenn EnBW, Ionity, Tesla, Aral & Co. glaubt.",Olumlu,1
180692,Kurfürstenstraße 36,ladenetz.de,Kloster Lehnin,ChIJ5_dGWgCTqEcRbDhXx1H7go0,4.0,1,Nur EC Karten. Was soll sowas?,Olumsuz,-1
180692,Kurfürstenstraße 36,ladenetz.de,Kloster Lehnin,ChIJ5_dGWgCTqEcRbDhXx1H7go0,4.0,5,"Endlich funktionieren alle Zahlmethoden wie Ec, Kreditkarte und AD hoc (QR Code).
Super !!!",Olumlu,1
180687,APC Ladepark Thiersheim,(Unknown Operator),Thiersheim,ChIJ26H_nAn_oEcRp5wG1wbuqCA,3.8,5,"Alles top, Laden mit 171 kW möglich!",Olumlu,1
180687,APC Ladepark Thiersheim,(Unknown Operator),Thiersheim,ChIJ26H_nAn_oEcRp5wG1wbuqCA,3.8,3,Wir haben hier am 14.6.2025 aufgeladen. Leider stehen die Ladesäulen schlecht und wir mussten den Wohnwagen erst abhängen um niemanden zu behindern. Die Ladeleistung war aber mit 200 KW gut und mit der Freshmile App gut zu machen.,Olumsuz,-1
180687,APC Ladepark Thiersheim,(Unknown Operator),Thiersheim,ChIJ26H_nAn_oEcRp5wG1wbuqCA,3.8,5,"Allego Ladestationen mit 3x 300kW Leistung direkt an der A93 neben beliebten Autohof mit Shop, Restaurant (siehe Speisekarte) & Toiletten. Auch Abends gut beleuchtet und leicht auffindbar. Hatte hier noch nie Probleme 👍 Adhoc Laden mit 0,73€ weiterhin viel zu teuer. 👎",Olumlu,1
180687,APC Ladepark Thiersheim,(Unknown Operator),Thiersheim,ChIJ26H_nAn_oEcRp5wG1wbuqCA,3.8,5,"300kw Ladestation, einfach zu bedienen mit ENBW App. Angeschlossene Raststätte während des Ladens sehr zu empfehlen!",Olumlu,1
180687,APC Ladepark Thiersheim,(Unknown Operator),Thiersheim,ChIJ26H_nAn_oEcRp5wG1wbuqCA,3.8,4,"Alles gut, aber die Anzeigetafel von Allego bei der Einfahrt zeigt in die falsche Richtung. Ladestationen liegen direkt bei der Tankstelle.",Olumlu,1
180677,Regensburger Straße 30 ,EnBW (D),Regenstauf ,ChIJ2wxy5Z3rn0cRZlIEcNMA0KU,4.1,5,"Funktioniert tadellos,  alle Einstellungen werden von der Ladestation umgesetzt. Sehr, sehr zuverlässig zu jeder Tages - und Nachtzeit.",Olumlu,1
180677,Regensburger Straße 30 ,EnBW (D),Regenstauf ,ChIJ2wxy5Z3rn0cRZlIEcNMA0KU,4.1,4,"Die Säule liegt auf dem Gelände einer OMV Tankstelle leider so im Eck, dass ich trotz Kleinwagen mehrfach rangieren musste um mich dort an zustöpseln.
Sonst ging die Ladung wie angegeben schnell, die Sanitäranlagen der Tankstelle könnte ich nutzen und noch schnell einen Happen in dem Supermarkt um die Ecke zu Essen kaufen. Ich werde sicher dort wieder vorbei kommen wenn ich auf der A93 unterwegs bin.",Nötr,0
180677,Regensburger Straße 30 ,EnBW (D),Regenstauf ,ChIJ2wxy5Z3rn0cRZlIEcNMA0KU,4.1,1,"Leider war die Säule offline und nicht mit der App zu aktivieren. Hotline wurde kontaktiert, nach langem ""drücken sie die..."" Gespräch wurde als Lösung vorgeschlagen, die nächste Station zu suchen.",Olumsuz,-1
180666,Südeinfahrt 4,EnBW (D),Pfarrkirchen ,ChIJ2Qjy02-xdUcR2qwkhxntz3k,4.4,4,"Konnte nur max. mit 44 KW laden, obwohl max. 150 KW möglich. Könnte aber evtl. an der Restreichweite ( 42%) liegen. Habe hier auch schon mal mit 88 KW geladen.",Nötr,0
180666,Südeinfahrt 4,EnBW (D),Pfarrkirchen ,ChIJ2Qjy02-xdUcR2qwkhxntz3k,4.4,2,Ich habe heute mit meinem Enyaq nur Max 37 kW aus der Ladestation bekommen. Mein Auto kann aber bis 130 kW Laden.,Nötr,0
180666,Südeinfahrt 4,EnBW (D),Pfarrkirchen ,ChIJ2Qjy02-xdUcR2qwkhxntz3k,4.4,5,Entgegen der Bewertung von jemand anderem: Den Stecker anschließen und etwa 30 Sekunden warten - erst dann wird die Ladestation aktiv.,Olumsuz,-1
180666,Südeinfahrt 4,EnBW (D),Pfarrkirchen ,ChIJ2Qjy02-xdUcR2qwkhxntz3k,4.4,5,"Alles top, 2 Ladestationen. Neben an gleich eine OMV",Olumlu,1
180666,Südeinfahrt 4,EnBW (D),Pfarrkirchen ,ChIJ2Qjy02-xdUcR2qwkhxntz3k,4.4,5,Einfach super!,Olumlu,1
180574,Fichtelseestraße 26,N-ERGIE,Fichtelberg,ChIJ4fN78BupoUcR0I5q9sIPRnk,3.1,1,"Achtung! Wenn Sie hier Ihr e-Auto laden, nicht die Parkgebühr vergessen! Die Gemeinde Fichtelberg lässt über fair Parken abrechnen, und da entstehen Kosten von über € 40.
Die Gemeinde Fichtelberg ist eben nicht e-Auto freundlich!",Olumsuz,-1
180574,Fichtelseestraße 26,N-ERGIE,Fichtelberg,ChIJ4fN78BupoUcR0I5q9sIPRnk,3.1,5,"Für das Aufladen eines Autos während ein paar Stunden am Ochsenkopf oder der Umgebung gut geeignet. Zwei Ladesäulen sind vorhanden, wenn dort keine Verbrenner parken.",Olumlu,1
180574,Fichtelseestraße 26,N-ERGIE,Fichtelberg,ChIJ4fN78BupoUcR0I5q9sIPRnk,3.1,2,"Mit Fördermittel Ladesäule aufgestellt, Parkplatz jedoch separat verrechnet?",Nötr,0
180574,Fichtelseestraße 26,N-ERGIE,Fichtelberg,ChIJ4fN78BupoUcR0I5q9sIPRnk,3.1,3,Laden perfekt. Parkgebühr für Lader hingegen unüblich. Verkehrswende fördern.,Olumlu,1
180574,Fichtelseestraße 26,N-ERGIE,Fichtelberg,ChIJ4fN78BupoUcR0I5q9sIPRnk,3.1,1,"Beide Ladestationen zeigten grün, haben aber leider nicht funktioniert. Der Service will morgen jemanden vorbeischicken (hilft leider uns aktuell nicht und in der Nähe sind keine Alternativen - verbesserungswürdig).",Olumsuz,-1
180552,Schwanengasse 7,N-ERGIE,Waldsassen,ChIJbxtc25JYoEcRpQyvzhKn-eM,3.3,4,"Funktioniert auch mit App, aber der QR-Code ist etwas schwierig mit der Kamera zu erfassen, weil er seitlich und nicht neben der Ladedose angebracht wurde.",Olumlu,1
180552,Schwanengasse 7,N-ERGIE,Waldsassen,ChIJbxtc25JYoEcRpQyvzhKn-eM,3.3,1,"Die Blockiergebühr ist eine Frechheit. Um 55 KW zu laden habe ich 5,5 Stunden benötigt. Ist leicht nachzurechnen bei 10 KW pro Stunde. Obwohl ich nach dem Ende des Ladevorgangs das Auto sofort entfernt habe, wurden mir 9 Euro Blockiergebühr berechnet. Ich habe nichts blockiert, nur die gesamte Zeit geladen. Dann müsst ihr halt eure Kapazitäten erhöhen, wenn das Teil wie angegeben 22KW geschafft hätte, wäre die Sache innerhalb von 3 Stunden erledigt gewesen. So ist das Halsabschneiderei und Schikane.",Olumsuz,-1
180552,Schwanengasse 7,N-ERGIE,Waldsassen,ChIJbxtc25JYoEcRpQyvzhKn-eM,3.3,5,"Top,läuft,über App und Karte",Olumlu,1
180527,Köschinger Forst Ost,E-Wald,Hepberg,ChIJ59KbOfkAn0cRa6wJrUqx924,4.8,5,"Die vorhandenen 6 Schnelllader liefern jeweils maximal 50 kW. Direkt gegenüber liegt eine Schnellladestation von EnBW, deren einzelne Ladestationen deutlich mehr liefern. Für mein Auto waren die 50 kW ausreichend . Alle Schnelllader waren in Betrieb. Traurig finde ich, dass wie bei den meisten Schnellladestationen keinerlei Überdachung vorhanden war . Wer sein Auto bei 39 Grad 45 Minuten lang Laden muss , weiss, wovon ich spreche.",Olumlu,1
180527,Köschinger Forst Ost,E-Wald,Hepberg,ChIJ59KbOfkAn0cRa6wJrUqx924,4.8,5,"Laden: 50 kW, ohne Probleme.
Lage: Autobahnraststätte, also Kaffee, aber keine Spaziergänge.",Olumlu,1
180527,Köschinger Forst Ost,E-Wald,Hepberg,ChIJ59KbOfkAn0cRa6wJrUqx924,4.8,5,Okay,Nötr,0
180515,Schillerstraße 15,EnBW (D),Schönebeck,ChIJWd9pxxH6pUcR3EaMRsB5yw8,3.8,3,"ACHTUNG: Aktuell kann man hier nicht laden, die Kabel zum Laden wurden abgeschnitten.",Olumsuz,-1
180515,Schillerstraße 15,EnBW (D),Schönebeck,ChIJWd9pxxH6pUcR3EaMRsB5yw8,3.8,3,"Leider schon seit 2 Wochen außer Betrieb. Es gab im Vorfeld auch keine Info, dass die alten Ladesäulen demontiert und durch Neue ersetzt werden. Schade.",Olumsuz,-1
180515,Schillerstraße 15,EnBW (D),Schönebeck,ChIJWd9pxxH6pUcR3EaMRsB5yw8,3.8,1,Leider außer Betrieb durch wiederholten Kabeldiebstahl,Olumsuz,-1
180515,Schillerstraße 15,EnBW (D),Schönebeck,ChIJWd9pxxH6pUcR3EaMRsB5yw8,3.8,5,"Auf großem Parkplatz. Perfekt funktioniert.
Auf den Weg von Wien nach Hamburg verwendet.",Olumlu,1
180515,Schillerstraße 15,EnBW (D),Schönebeck,ChIJWd9pxxH6pUcR3EaMRsB5yw8,3.8,4,"Die Fotos sind veraltet.
Der Markt rechts vom Parkplatz ist nun ein Netto",Olumsuz,-1
180510,Clemensänger-Ring 2,EnBW (D),Freising,ChIJ69khjM4UnkcRUDrZCCjeZ7o,4.0,3,"Funktioniert an sich einwandfrei. Allerdings sind die Parkplätze viel zu eng. Vor allem der neben der Hecke liegende Parkplatz ist quasi nicht nutzbar, während ein anderes Fahrzeug lädt. Siehe Bild.",Nötr,0
180510,Clemensänger-Ring 2,EnBW (D),Freising,ChIJ69khjM4UnkcRUDrZCCjeZ7o,4.0,5,"Viele Einkaufsmöglichkeiten in der Nähe, man kann die Ladezeit sehr gut nutzen",Olumlu,1
180510,Clemensänger-Ring 2,EnBW (D),Freising,ChIJ69khjM4UnkcRUDrZCCjeZ7o,4.0,4,Tankstelle nebenan. Leider sehr enge Stellplätze zum laden.,Nötr,0
180508,Donaustr. 8,Allego BV,Hengersberg,ChIJCTnJOhYFdUcRSJhjiuHcAHU,4.2,5,"Sehr gute Lage mit vielen Einkaufsmöglichkeiten in der Nähe sowie einer netten Raststätte mit Außen, Sitzbereich und sauberen Toiletten
Direkt nebenan Tesla Supercharger",Olumlu,1
180508,Donaustr. 8,Allego BV,Hengersberg,ChIJCTnJOhYFdUcRSJhjiuHcAHU,4.2,4,4 Ladeplätze mit Schnelladern mit 300 KW (2 Parkplätze pro Säule also ggfs. Split ) und ein 50KW mit verschiedenen Stecker. Parkplätze teilweise sehr eng. Sonst alles ok.  Ladesäulen sind relativ gut besucht. Essen/Trinken/ Toiletten am Autohof vorhanden,Olumlu,1
180508,Donaustr. 8,Allego BV,Hengersberg,ChIJCTnJOhYFdUcRSJhjiuHcAHU,4.2,5,Allego hat nachgerüstet und bietet 4 Hypercharger mit 300kw CCS 2. Super Stopp in der Nähe von Osterhofen,Olumlu,1
180508,Donaustr. 8,Allego BV,Hengersberg,ChIJCTnJOhYFdUcRSJhjiuHcAHU,4.2,4,Ladestandort wurde nun mit vier neuen 300 kW HPC CCS erweitert.,Olumlu,1
180508,Donaustr. 8,Allego BV,Hengersberg,ChIJCTnJOhYFdUcRSJhjiuHcAHU,4.2,1,"Die Allego Ladestationen werden als aktive  Ladestationen im System angezeigt. Als wir dort ankamen, waren nur die Tesla Supercharger ladefähig. Die Allego Ladestationen waren abgesperrt und nicht in Betrieb. Sehr enttäuschend und auch riskant für Leute, die dort mit wenig Restpuffer ankommen. Deshalb bitte aus dem Register streichen oder Infos aktualisieren.",Olumsuz,-1
180494,Am Bahnhof 21,EnBW (D),Freyung,ChIJO0a0bsjudEcR2VMELYAyAXs,4.8,5,"Diese Station steht ein wenig abseits und ist deshalb meistens verfügbar.
Das DC "" Schnellladen"" ist für mein Auto ausreichend.
51 Cent pro Kwh ist gegenüber der Konkurrenz günstig.",Olumlu,1
180435,Haltinger Platz ,E.ON Drive,Trebbin,ChIJyXyp7NhlqEcRrFuN9Rmd0fk,1.0,1,Bei Google Maps ist nicht ersichtlich ob die angezeigten E-Ladesäulen frei sind.,Olumlu,1
180434,Hauptplatz 7,E.ON Drive,Eichenau,ChIJlU57rml_nkcRhIRMz2wSzFE,2.0,2,Uralt Technik die nicht zuverlässig funktioniert daher nur 1-2 Sterne.,Olumsuz,-1
180434,Hauptplatz 7,E.ON Drive,Eichenau,ChIJlU57rml_nkcRhIRMz2wSzFE,2.0,3,"Ladestation der älteren Generation mit Anschluss für Typ2, ChaDeMo und CCS mit 11/50 kW Ladeleistung. Auch bei 11 kW ist das Kabel an der Station, was recht praktisch ist.
Zwei Parkplätze teilen sich die drei Anschlüsse. Nebenan befindet sich eine neuere Ladestation mit 2x CCS allerdings auch nur 60kW eines anderen Betreibers.",Olumlu,1
180434,Hauptplatz 7,E.ON Drive,Eichenau,ChIJlU57rml_nkcRhIRMz2wSzFE,2.0,1,War leider defekt und konnte nicht genutzt werden.,Olumsuz,-1
180434,Hauptplatz 7,E.ON Drive,Eichenau,ChIJlU57rml_nkcRhIRMz2wSzFE,2.0,2,Leider schlecht beleuchtet.,Olumsuz,-1
180354,Gemmingen Straße,N-ERGIE,Friedenfels,ChIJix0ZsdhRoEcRVkgxwGCY54w,5.0,5,"Gut positioniert, bis heute waren die Ladepunkte nie defekt oder ähnliches. Einzig der Parkraum direkt vor dem Säulen sollte regelmäßig überwacht werden, da sich regelmäßige rücksichtslose Falschparker einfach zu fein sind 6m(!!!) Weiter zu gehen und deswegen ihre konventionellen Kraftfahrzeuge vor die Ladesäulen stellen!",Olumlu,1
180328,Bahnhofstr. 13,N-ERGIE,Speichersdorf,ChIJw9Il4fiwoUcR6aZg99y2x84,2.3,1,Hat leider nicht funktioniert,Olumsuz,-1
180328,Bahnhofstr. 13,N-ERGIE,Speichersdorf,ChIJw9Il4fiwoUcR6aZg99y2x84,2.3,5,Unglaublich,Olumlu,1
180313,Dachauer Str. 13,ladenetz.de,Fürstenfeldbruck,ChIJnZnEjfx_nkcRuCcZeFpdZlQ,3.0,5,"Für mich alles in Ordnung. Ladestation funktioniert einwandfrei. Keine Wartezeit, keine Autos. Ladestation ist total unbekannt, ich bin hier zufällig gewesen und das Wunder entdeckt. Absolut empfehlenswert und sofort fünf starke Sterne ⭐️ 🌟 ⭐️ 🌟 ⭐️",Olumlu,1
180282,Leipziger Straße 213,EnBW (D),Zwickau,ChIJZ0c5Pkgsp0cRnILfsiXTY0U,3.8,1,"Bei direkter Sonne (30°C) nicht benutzbar, da das Display zu heiß ist und die Ladesäule sich offenbar abschaltet!!! Also in Kroatien bei über 40°C und direkter Sonne funktionieren baugleiche Säule einwandfrei, ist schon fraglich oder?!",Olumsuz,-1
180282,Leipziger Straße 213,EnBW (D),Zwickau,ChIJZ0c5Pkgsp0cRnILfsiXTY0U,3.8,5,"Guter Ladestrom, für einen Einkauf mit Ladung optimal.",Olumlu,1
180282,Leipziger Straße 213,EnBW (D),Zwickau,ChIJZ0c5Pkgsp0cRnILfsiXTY0U,3.8,4,"Schade das die 75Kw geteilt werden bei 2 Autos... Das verdirbt schon mal das ""kurze einkaufserlebnis"" ... Bei kürzeren Einkäufen muss eine große Leistung  von min. 100 kW immer Anliegen",Nötr,0
180276,Industriestraße 11,EnBW (D),Hirschaid ,ChIJY_2D1oUfokcRgmOaJEhW900,2.8,5,"2 EnBW-Schnellladestationen direkt an Esso-Tanjstelle in Hirschaid, 400 m vom XXXLutz entfernt. Ladevorgang konnte problemlos per App gestartet werden.",Olumlu,1
180276,Industriestraße 11,EnBW (D),Hirschaid ,ChIJY_2D1oUfokcRgmOaJEhW900,2.8,1,"Immer noch ohne Funktion! Nicht nachvollziehbar, warum das so lange dauert, bis eine Reparatur erfolgt.",Olumsuz,-1
180276,Industriestraße 11,EnBW (D),Hirschaid ,ChIJY_2D1oUfokcRgmOaJEhW900,2.8,3,"Gute Lage. Leider ist nur eine Ladesäule vorhanden, die insgesamt nur 150 kW liefert. Bei zwei Fahrzeugen nur noch 75 kW. Tankstelle,  Supermarkt, Asiaimbiss und McDonald's sind in der unmittelbaren Umgebung.",Nötr,0
180276,Industriestraße 11,EnBW (D),Hirschaid ,ChIJY_2D1oUfokcRgmOaJEhW900,2.8,4,Das Laden hat gut funktioniert. Leider ist derzeit (06.05.2025) nur ein Ladepunkt verfügbar.,Nötr,0
180276,Industriestraße 11,EnBW (D),Hirschaid ,ChIJY_2D1oUfokcRgmOaJEhW900,2.8,4,"Eigentlich ein Super Standort, allerdings ist seit einiger zeit nur ein Anschluss Verfügbar. Da der andere Defekt ist, sehr schade",Olumsuz,-1
180260,Marktplatz 1,N-ERGIE,Muggendorf,ChIJ2QngT6qSoUcRJpgxnj-BJcE,3.7,5,"Hat alles bestens geklappt. Alle 6 Plätze frei, Kommunikation und Ladestart ohne Probleme. Nur hätte ich lieber EWE statt ENBW nutzen sollen um 1/3 günstiger zu sein.",Olumlu,1
180260,Marktplatz 1,N-ERGIE,Muggendorf,ChIJ2QngT6qSoUcRJpgxnj-BJcE,3.7,5,"Zwei Ladestationen mit ausreichend Parkplatz. Die Stationen befinden sich direkt hinter dem Akzent Hotel ""Sternla"" als Teil eines öffentlichen Parkplatzes.",Olumlu,1
180260,Marktplatz 1,N-ERGIE,Muggendorf,ChIJ2QngT6qSoUcRJpgxnj-BJcE,3.7,1,Funktioniert nicht,Olumsuz,-1
180206,Badstraße,N-ERGIE,Pegnitz,ChIJD7C6wr3AoUcR5GOyTNIF1sY,2.9,1,"Wer teuer laden will fährt genau da hin,79 cent die KW/h sind nicht mehr Zeitgemäß",Olumsuz,-1
180206,Badstraße,N-ERGIE,Pegnitz,ChIJD7C6wr3AoUcR5GOyTNIF1sY,2.9,2,Das verbinden ist so kompliziert gemacht & preislich zu teuer für den aktuellen Markt…,Olumsuz,-1
180147,Comfortcharge Ladestation,Comfortcharge,Freiberg,ChIJG5hYletfp0cRbi_RNyj_Dn4,4.3,5,"Schnellste Ladesäule in Freiberg - Momentan.

Etwas versteckt. Man muss durch ein paar alte Garagen und schlechte Straßen fahren.
Aufladung des Etron hat aber perfekt funktioniert.

Ansässige Leute haben gemurmelt ""Da ist aber zum Ersten mal jemand da zum Laden""
Hoffentlich ist das in Zukunft nicht mehr der Fall

Momentan sind nur 80kw möglich. Es sollen aber bald 150kw möglich sein.",Olumlu,1
180147,Comfortcharge Ladestation,Comfortcharge,Freiberg,ChIJG5hYletfp0cRbi_RNyj_Dn4,4.3,3,"Weder mit Maingau noch mit EnBW konnte man die Ladesäule aktivieren, obwohl von beiden angeblich der Anbieter unterstützt wird. Es funktionierte nur das direkte bezahlen per Paypal für 14,49 pauschal",Olumsuz,-1
180147,Comfortcharge Ladestation,Comfortcharge,Freiberg,ChIJG5hYletfp0cRbi_RNyj_Dn4,4.3,5,"Die Ladestation ist am äußeren Stadtrand. Ist aber gut erreichbar. Leider nur ein HPC Stecker vorhanden. Ob das mit dem 2. auch geht, habe ich nicht probiert.",Nötr,0
180146,Romy-Schneider-Str. 11a,Allego BV,Berlin,ChIJac_R-_RWqEcRkSeKGKBXsxw,3.0,3,"An such super, allerdings stehen hin und wieder abgemeldete Fahrzeuge und blockieren. Daher nur drei Sterne.",Nötr,0
180110,Am Aicher Feld 1,SMATRICS Netz,Altdorf bei Landshut,ChIJ1fV1DYAvnkcR5xnxfwey7Fo,2.2,1,"So ein Mist, weder die Schnellladung noch die langsam Ladung hat funktioniert. Auch ein anderer BMW Fahrer wollte laden und es hat nichts funktioniert. So macht Läden keinen Spaß....nutzt am Besten alle die Lader bei Aldi!",Olumsuz,-1
180110,Am Aicher Feld 1,SMATRICS Netz,Altdorf bei Landshut,ChIJ1fV1DYAvnkcR5xnxfwey7Fo,2.2,4,"Etwas schmalbrüstige EnBW Ladestation max 38 KW statt 50 KW wie angegeben.
Aber sonst ok, Bäcker-Kaffee gegenüber.",Nötr,0
180110,Am Aicher Feld 1,SMATRICS Netz,Altdorf bei Landshut,ChIJ1fV1DYAvnkcR5xnxfwey7Fo,2.2,3,"Bei der Ladesäule handelt es sich um ein Relikt aus der Anfangszeit der Elektromobilität. Wer also noch den Flair von ewig langen Ladepausen erleben will, ist hier genau richtig. Die Ladekabel sind zudem sehr kurz. Positiv ist, dass die Ladesäule konstant die versprochenen 50kW geliefert hat und in der Nähe ein Bäcker ist, bei der man gut Frühstücken kann. So lässt sich die Wartezeit überbrücken.",Olumlu,1
180110,Am Aicher Feld 1,SMATRICS Netz,Altdorf bei Landshut,ChIJ1fV1DYAvnkcR5xnxfwey7Fo,2.2,1,"Nicht mehr zeitgemäße Technik. Es dauert gefühlt ewig, bis das Laden nach Anlegen der RFID Karte startet. Zuerst mit AC geladen, da DC belegt war. Laaaaaaaangsaaaaaam!
Dann den DC Rüssel gesteckt, wieder ewig gewartet, bis das Laden beginnt… aber nein, Abbruch des Ladevorgangs ohne Angabe von Gründen. Dreimal versucht, ohne Erfolg. Deiese Säule sollte man abbauen oder erneuern!",Olumsuz,-1
180110,Am Aicher Feld 1,SMATRICS Netz,Altdorf bei Landshut,ChIJ1fV1DYAvnkcR5xnxfwey7Fo,2.2,2,"Was für ein Käse. Keine Leistung, dreckig. Schwach. So geht's halt nicht.",Olumsuz,-1
180079,Emmi-Pickler-Weg,N-ERGIE,Bubenreuth,ChIJR1IiT1D4oUcRiQ-JREnwDME,4.5,4,"Ladestation in Laufreichweite zu den Blockhelden. Und zu meinen Trainingszeiten nach Feierabend bisher immer frei gewesen.
Ein älteres Model an Ladestation aber funktioniert bisher für mich zuverlässig.
Leider zeigt Google nur die Kinderkrippe an der Position an..",Olumlu,1
180060,Elsenheimerstraße 2,E.ON Drive,Wolnzach,ChIJ5d4m_7FankcRXt09pMlBdBE,1.7,1,Mehrfache Ladeabbrüche dienen wohl dazu die Blockiergebühr ab 45 Minuten zu verhindern...,Nötr,0
180060,Elsenheimerstraße 2,E.ON Drive,Wolnzach,ChIJ5d4m_7FankcRXt09pMlBdBE,1.7,1,Diese Ladestation ist ständig out of Order!,Olumsuz,-1
180060,Elsenheimerstraße 2,E.ON Drive,Wolnzach,ChIJ5d4m_7FankcRXt09pMlBdBE,1.7,1,Hier geht oft gar nix. Kaputte Stecker bzw. Ladesäule. Am einzigen touristischen Standort in Wolnzach! Peinlich!,Olumsuz,-1
180051,Pfaffenreuth 49,(Private Residence/Individual),Marktredwitz,ChIJpzAES8hVoEcR0LlcXLO8bOw,4.2,4,"EWE GO mit laut App 300kW Ladestation mit 2x 150kW Ladepunkt und 1x 22kW.

In der Realität aber nur 2x 75kW verfügbar.
Direktzahlung möglich.

Wie mittlerweile fast üblich immer an McDonalds Fillialen lokalisiert. Gut! 👍",Olumlu,1
180051,Pfaffenreuth 49,(Private Residence/Individual),Marktredwitz,ChIJpzAES8hVoEcR0LlcXLO8bOw,4.2,4,"Habe bis jetzt dreimal dort geladen aber es funktionierte immer. Nutze die EweGo App oder Karte. Leider hat man dort keinen Empfang um zum Beispiel mit dem Smartphone Internet zu nutzen. Typischerweise wie so oft das rückschrittliche Deutschland. Ich weiß allerdings nicht ob McDonalds einen freien öffentlichen WLAN hat,",Olumlu,1
180051,Pfaffenreuth 49,(Private Residence/Individual),Marktredwitz,ChIJpzAES8hVoEcR0LlcXLO8bOw,4.2,5,Ladevorgang hat bestens mit Ladekarte von EnBW funktioniert.,Olumlu,1
180051,Pfaffenreuth 49,(Private Residence/Individual),Marktredwitz,ChIJpzAES8hVoEcR0LlcXLO8bOw,4.2,3,Eine kleine Ladestation auf dem McDonald's Parkplatz. Leider steht nicht dran wie viel kW Ladeleistung die Station bieten kann. Keine Überdachung.,Nötr,0
180051,Pfaffenreuth 49,(Private Residence/Individual),Marktredwitz,ChIJpzAES8hVoEcR0LlcXLO8bOw,4.2,2,Funktioniert aber 150kw / 2. Zu lahm.,Nötr,0
180007,Burgkirchener Str. 14,EnBW (D),Burghausen,ChIJVb1IGhTOdUcRM0JQkiyQZ04,3.8,5,"Mit der EnBW App hat alles perfekt funktioniert. In Echtzeit gewusst ob frei oder besetzt, Ladekarte an die Säule und Stecker rein. Alles top.",Olumlu,1
180007,Burgkirchener Str. 14,EnBW (D),Burghausen,ChIJVb1IGhTOdUcRM0JQkiyQZ04,3.8,1,Kreditkarte einfach hinhalten (wie zum Beispiel bei REWE) geht nicht. Muss kompliziert über QR-Code gemacht werden.,Nötr,0
180007,Burgkirchener Str. 14,EnBW (D),Burghausen,ChIJVb1IGhTOdUcRM0JQkiyQZ04,3.8,1,"Regelmäßig versuche ich an dieser Station zu laden,  leider fortlaufend defekt oder nahezu keine Leistung.... am kfz liegt es nicht, 200m weiter ist eine andere Station , dort funktioniert es ohne Probleme",Olumsuz,-1
180007,Burgkirchener Str. 14,EnBW (D),Burghausen,ChIJVb1IGhTOdUcRM0JQkiyQZ04,3.8,1,"Ladesäule defekt.
Fahrzeug kann dort nicht geladen werden da der ladevorgang nach wenigen Sekunden abgebrochen wird",Olumsuz,-1
180007,Burgkirchener Str. 14,EnBW (D),Burghausen,ChIJVb1IGhTOdUcRM0JQkiyQZ04,3.8,5,"300kW Leistung für 0,64€/KWh.
problemlos mit Shell Ladekarte möglich",Olumlu,1
179993,Försterstr. 12,N-ERGIE,Kipfenberg,ChIJKXfxanEFn0cRVSFkio1Lfe0,5.0,5,Mein Fahrzeug (MG4) wurde problemlos aufgeladen.,Olumlu,1
179975,Mies-van-de Rohde-Str. 1,E.ON Drive,Potsdam,ChIJXVvlAc71qEcRkcYhRV3A6HM,1.0,1,"Die Ladestationen befinden sich im 2.UG. Leider keinerlei wegweisende Informationen.
Anbieter E-On. Aktivierung per App war nicht möglich, da im UG es keinen Empfang gibt… keine WLAN. Ziemlich frustrierend.
Vielleicht wäre Aktivierung mit physischer Karte von EOn möglich.",Olumsuz,-1
179975,Mies-van-de Rohde-Str. 1,E.ON Drive,Potsdam,ChIJXVvlAc71qEcRkcYhRV3A6HM,1.0,1,"Mega Schlecht. Im 2. Untergeschoss hat man mit dem Handy keinen Empfang und kann sich mit der jeweiligen App nicht verbinden. Wenn man dann ein Stockwerk höher läuft und Empfang hat, kann man sich mit dem Handy nicht mehr mit der Ladestation verbinden. Alles in allem super schlecht durchdacht!",Olumsuz,-1
179975,Mies-van-de Rohde-Str. 1,E.ON Drive,Potsdam,ChIJXVvlAc71qEcRkcYhRV3A6HM,1.0,1,"Sehr unfreundliches Personal, das nicht einmal bei Problemen hilft.",Olumsuz,-1
179876,Rennweg 7,N-ERGIE,Nürnberg,ChIJpwmqDb5Xn0cR17zZ8FhD9_E,1.2,1,Eine der beiden ladeplätze ist von einem scouter Car Sharing Fahrzeug blockiert - das nicht immer lädt - wird also falsch als frei in den Apps angezeigt. Keine sinnvolle Lösung,Olumsuz,-1
179876,Rennweg 7,N-ERGIE,Nürnberg,ChIJpwmqDb5Xn0cR17zZ8FhD9_E,1.2,1,"Die linke Säule lädt gerade mein Auto mit lediglich 3kW. Samstag Abend 20:38 Uhr. Damit würde ich rund 25h laden :-(. Ein Hoch auf die Ladeinfrastruktur in Nürnberg. Mein Auto kann 11kW an AC und knapp 200kW an DC. So wenig hatte ich noch nie an einer öffentlichen AC-Ladesäule - danke N-ERGIE - auch für meine masslos überteuerten Strom- und Fernwärmeptpeise aus denen ich nicht raus kann
Ach ja - die rechte öffentliche Ladesäule ist übrigens IMMER  für Scouter reserviert.
MfG
Armin",Olumsuz,-1
179876,Rennweg 7,N-ERGIE,Nürnberg,ChIJpwmqDb5Xn0cR17zZ8FhD9_E,1.2,1,Ladesäule quasi dauerhaft mit Scouter Fahrzeugen belegt. Wenn kein Scouter Fahzeug drauf steht dann ein Diesel....,Nötr,0
179876,Rennweg 7,N-ERGIE,Nürnberg,ChIJpwmqDb5Xn0cR17zZ8FhD9_E,1.2,2,"Inzwischen ist ein Stellplatz ist für Carsharing reserviert (der rechte), ein Stellplatz für Öffentlichkeit nutzbar (der linke).
Allerdings: ich nutze die Säule seit circa 3 Monaten regelmäßig, die allermeiste Zeit davon war sie DEFEKT!",Nötr,0
179876,Rennweg 7,N-ERGIE,Nürnberg,ChIJpwmqDb5Xn0cR17zZ8FhD9_E,1.2,1,Ladesäule kaum zugänglich für die Öffentlichkeit. Unmittelbare Stellplätze an der Säule selbst für ein Privatunternehmen gesperrt und Stellplätze neben an durch normale Fahrzeuge so gut wie immer besetzt. So wird das nichts Nürnberg!,Olumsuz,-1
179875,Hauptstraße 30,N-ERGIE,Sulzbach-Rosenberg,ChIJKdKat7zUoUcR3tp67X2jwNo,4.0,4,"Laden hat einwandfrei funktioniert, Ladesäule mit 2 Typ2 Ladepunkten liegt innerhalb eines öffentlichen Parkplatzes. Ein Stern Abzug weil ziemlich eng und Rangieren ist schwierig sowie mit fast 1€ pro kWh ziemlich hohe Kosten für Typ2.",Olumlu,1
179866,Lise-Meitner-Straße 2,E.ON Drive,Unterschleißheim,ChIJZaH1redxnkcRF-dWmwg0hh8,3.0,1,Defekt. Laut App soll es 10 Ladeplätze geben. An der eingezeichneten Stelle habe ich aber nur 2 gefunden .,Olumsuz,-1
179866,Lise-Meitner-Straße 2,E.ON Drive,Unterschleißheim,ChIJZaH1redxnkcRF-dWmwg0hh8,3.0,5,ccs funktioniert gut,Olumlu,1
179839,Aüßere Bayreuther Strasse 134,EnBW (D),Nürnberg,ChIJaXqJPOZXn0cR_4hPiZ09Ux8,4.4,5,"Kann diese insgesamt 4 Schnell-Ladesäulen nur empfehlen. Eigentlich gibts immer einen Platz, Ausfälle einzelner Säulen nur einmal erlebt bis jetzt (ich lade dort seit Sep 25) und dann wurde auch entsprechend schnell reserviert.
Lage mit Nähe zu Aldi, Edeka top um einkaufen zu gehen und die Zeit produktiv/sinnvoll zu nutzen.",Olumlu,1
179839,Aüßere Bayreuther Strasse 134,EnBW (D),Nürnberg,ChIJaXqJPOZXn0cR_4hPiZ09Ux8,4.4,5,"4 schnelle Lademöglichkeiten, gut erreichbar, an Shell- Tankstelle angebunden, deswegen gibt's auch guten Kaffee usw. Zu empfehlen!",Olumlu,1
179839,Aüßere Bayreuther Strasse 134,EnBW (D),Nürnberg,ChIJaXqJPOZXn0cR_4hPiZ09Ux8,4.4,5,"Schon mehrfach hier geladen, ohne Probleme. Nettes Personal an der Shell Tankstelle, der Kaffee ist gut und die Toilette ist sauber!",Olumlu,1
179839,Aüßere Bayreuther Strasse 134,EnBW (D),Nürnberg,ChIJaXqJPOZXn0cR_4hPiZ09Ux8,4.4,4,"laden hat einwandfrei funktioniert. ist ein enbw lader mit 2x ccs und 1x chademo. max Ladeleistung 300kw

man kann auch als gast ohne anmeldung laden, aber dann kostet es 69ct/kwh + 6ct/min!",Olumlu,1
179839,Aüßere Bayreuther Strasse 134,EnBW (D),Nürnberg,ChIJaXqJPOZXn0cR_4hPiZ09Ux8,4.4,5,"Klassische enbw Ladestation an einer shelltankstelle. Etwas abseits von den zapfsäulen gelegen, gut einsehbar und zweimal bis zu 300kw, ein Anschluss mit 22 kW. Bisher zu fast allen Tages und Nachtzeiten verfügbar.",Olumlu,1
179726,Allersberger Str. 114,N-ERGIE,Nürnberg,ChIJWUHr8ANXn0cRnT_HqxywAe0,2.3,1,"Alle Markierungen/ QR-Codes entfernt, quasi blank. Leuchtet grün, funktioniert mit der Ladeverbund+ App, und mit der Northe App z. B.",Olumlu,1
179726,Allersberger Str. 114,N-ERGIE,Nürnberg,ChIJWUHr8ANXn0cRnT_HqxywAe0,2.3,1,"Der Betreiber hat wohl gewechselt. Preise auf 0,70 € angezogen. Und dann noch sechs Cent pro Minute verlangen. Das laden hat nicht funktioniert, obwohl beide Anschlüsse grün waren . Vielen Dank auch.",Olumsuz,-1
179726,Allersberger Str. 114,N-ERGIE,Nürnberg,ChIJWUHr8ANXn0cRnT_HqxywAe0,2.3,5,"Eine Ladestation ist zu wenig, weil das Südbad gleich in der Nähe ist",Nötr,0
179663,Eibacher Hauptstraße 21,N-ERGIE,Nürnberg,ChIJaTfg_ixRn0cRJ4YFCl_p0LA,5.0,5,"Ein umfangreiches Netz an Ladesäulen. Funktioniert ganz einfach. Als N-Ergie Kunde zahlt man 0,36 € je kWh bei 22 kW",Olumlu,1
179629,Viktor-Koch-Straße 4,E.ON Drive,Schwarzenfeld,ChIJwUh9onsgoEcRSpELw9T_WuU,3.0,2,"Warum muss man einen Parkplatz mit Ladesäulen mit Schranken zu machen?
Und nirgends ein Schild auf dem steht, dass man nur innerhalb der Ladenöffnungzeiten laden kann!
Ich stehe drin und kann nun nicht mehr rausfahren....",Olumsuz,-1
179629,Viktor-Koch-Straße 4,E.ON Drive,Schwarzenfeld,ChIJwUh9onsgoEcRSpELw9T_WuU,3.0,3,"Perfekt, da 8 Ladesäulen vorhanden sind.
Noch besser wäre natürlich eine Toilette in unmittelbarer Nähe.
Negativ ist, das Laden nur zu den  Öffnungszeiten der Geschäfte möglich ist.",Olumlu,1
179629,Viktor-Koch-Straße 4,E.ON Drive,Schwarzenfeld,ChIJwUh9onsgoEcRSpELw9T_WuU,3.0,1,Ich lade zwar nicht da aber kaufe immer bei REWE ein und sehe seit Wochen dass die Schnelladepunkte mit einem Trassierband abgesperrt sind - also nicht funktionieren! Obwohl in der Ladekarte als funktionsfähig angezeigt! Hab EnBW informiert - interessiert aber scheinbar nicht!,Olumsuz,-1
179629,Viktor-Koch-Straße 4,E.ON Drive,Schwarzenfeld,ChIJwUh9onsgoEcRSpELw9T_WuU,3.0,4,"Keine Wartezeit, einwandfreies Laden, gut gelegen und auffindbar auf Rewe-Parkplatz.
Aber: nur während der Supermarkt-Öffnungszeiten verwendbar (Mo-Sa 7-20 Uhr), ansonsten mit Schranke die Zufahrt versperrt.",Nötr,0
179629,Viktor-Koch-Straße 4,E.ON Drive,Schwarzenfeld,ChIJwUh9onsgoEcRSpELw9T_WuU,3.0,2,"Schade dass man Sonntags nicht laden kann, so wird das nichts mit der besseren Ladeinfrastruktur.",Nötr,0
179623,Carl-Schurz-Straße 12,Stadtwerke Halle,Halle (Saale),ChIJwZgVmhhjpkcRE1LjKliAdHY,4.0,4,"Shell ReCharge läuft endlich.
Ladevorgang ohne Probleme.",Olumlu,1
179491,Kreuzbergstr. 20,E-Wald,Schwandorf,ChIJlWzfhhKLn0cRLs56cwSAimQ,2.0,3,"E-WALD Ladestation mit bis zu 22kW und Typ 2 Anschluß. Allerdings OHNE Ladekabel an der Säule. Ladekabel muß selbst bereitgestellt werden :-) Schade, toller Standort.",Olumlu,1
179491,Kreuzbergstr. 20,E-Wald,Schwandorf,ChIJlWzfhhKLn0cRLs56cwSAimQ,2.0,1,Mein Handy ist bim laden explodiert NICHT ZU EMPFEHLEN!,Olumsuz,-1
179484,P+R Bhf. Marquardt; Fahrländer Straße,EWP : Energie und Wasser Potsdam GmbH,Potsdam,ChIJv6MGAR_xqEcRDAm72FKgJ-U,2.3,1,"Eine Säule ist offline da jemand das Display zerstört hat. 😮‍💨
Die andere ist auch gestört anscheinend, zu mindestens wollte sich keine Verbindung aufbauen, und stattdessen hat mein Auto plötzlich eine schwere Fehlermeldung angezeigt. Ich sah mich schon auf dem Weg zur Werkstatt, Huckepack auf einem Abschleppdienst.
Ich weiß nicht ob die Säulen je gewartet werden. Aber Finger weg wenn ihr könnt. In Nauen beim Edeka Dorfmann gibt es Säulen die alle vier gut funktionieren.",Olumsuz,-1
179484,P+R Bhf. Marquardt; Fahrländer Straße,EWP : Energie und Wasser Potsdam GmbH,Potsdam,ChIJv6MGAR_xqEcRDAm72FKgJ-U,2.3,1,"Wenn 2 gleichzeitig laden wollen bricht es ab und lädt gar nicht mehr.
Edit: nach 1h Blockiergebühren von 9,60€/h zu verlangen ist frech und Abzocke!",Olumsuz,-1
179484,P+R Bhf. Marquardt; Fahrländer Straße,EWP : Energie und Wasser Potsdam GmbH,Potsdam,ChIJv6MGAR_xqEcRDAm72FKgJ-U,2.3,5,Mein LKW hat ungefähr 180 kW.,Olumlu,1
179450,Messeplatz 1,eins,Chemnitz,ChIJ_9y8-8tHp0cRjLz4bMtyX3Q,5.0,5,"Super Sache, könnten noch 3 Ladestationen mehr sein.",Olumlu,1
179444,Lindenstraße 13,E-Wald,Eschlkam,ChIJHSDDf1SzCkcRCaaCW4FQpg0,4.5,4,AC und DC hat bis jetzt immer funktioniert. Allerdings kann man während der Ladezeit nur im Auto warten. Es sind nur Wohnhäuser in der Nähe,Olumlu,1
179439,Graf Ulrich Philipp Platz 1,E-Wald,Moos / Isarmünd,ChIJC9Zss0oOdUcRfkKDbPX9gkE,5.0,5,Hab nur meine Tochter zum trail gefahren,Olumlu,1
179328,St.-Martin-Straße 6,E-Wald,Velburg,ChIJ4wBXa_15n0cRlyjYTFvqK6Q,2.4,3,"Laden ohne Probleme möglich.
in unmittelbarer Nähe gibt es ein Fastfood Restaurant (goldenes M)
olfaktorisch (geruchstechnisch) aber verbesserungsbedürftig.",Olumlu,1
179328,St.-Martin-Straße 6,E-Wald,Velburg,ChIJ4wBXa_15n0cRlyjYTFvqK6Q,2.4,5,"Sehr schöner Ort! Ich fahre regelmäßig mit meinem alten Jaguar daran vorbei kurz nachdem ich in 3 Minuten vollgetankt hab und blicke in die verärgerten Gesichter der eAuto-Fahrer, weil der Müll nicht lädt.",Olumlu,1
179328,St.-Martin-Straße 6,E-Wald,Velburg,ChIJ4wBXa_15n0cRlyjYTFvqK6Q,2.4,1,"Braucht dringend eine Wartung. Display nicht lesbar, Stecker teilweise defekt. Ladevorgang startet nicht wegen technischem Fehler",Olumsuz,-1
179328,St.-Martin-Straße 6,E-Wald,Velburg,ChIJ4wBXa_15n0cRlyjYTFvqK6Q,2.4,1,Ladevorgang nach wenigen Minuten ohne ersichtlichen Grund abgebrochen.,Olumsuz,-1
179328,St.-Martin-Straße 6,E-Wald,Velburg,ChIJ4wBXa_15n0cRlyjYTFvqK6Q,2.4,4,"Endlich, und es wurde Zeit. Seit kurzem steht eine, es dürfte ein Alpitronic-Hypercharger von E.ON sein, mit zwei CCS Anschlüssen. Dito auch gegenüber, Jura Ost. Leider aber jeweils nur einer und leider nur bis zu einer Ladeleistung von 50 KW. Man kann nur hoffen, dass diese in Zukunft wenigstens ordentlich gewartet werden. Von daher nur 4 Sterne.  Zehn Kilometer weiter aber, Richtung Regensburg, Ausfahrt Parsberg, Autohof, vor dem Mc.Donalds stehen zwei Hypercharger bis 300 KW und ein weiterer in Planung. Empfehlen würde ich direkt dort die Ladepause einzulegen.",Olumlu,1
179290,Bayerwaldstr. 2,E.ON Drive,Runding,ChIJW72VTpBRdUcRA6cfU2sYXgU,1.0,1,"bei meinem umzug (selbe stadt)  wurde der betrag von 59€ auf 120€ monatlich erhöht. auf meine anfrage den betrag anzugleichen, wurde der monatliche betrag von 120€ auf 15€ gesenkt. nach weiteren studen langen telefonaten wurde der betrag von 15€ wieder auf 59€ erhöht. nun nach einem jahr bekomme ich eine abrechbung von ca. 800€ nachzahlung weil der betrag von 15€ monatlich ""nicht"" erhöht wurde?!?!? ich hatte in meinem ganzen leben noch nie so negative erfahrungen als bei diesem unternehmen!! gott sei dank habe ich allen briefverkehr aufgehoben. wechsel so schnell wie möglich ich rate zu 1000% von eon ab.",Olumsuz,-1
179283,Regensburger Str. 37,Allego BV,Passau,ChIJpS9ZV_JYdEcRZcHDOFJuE7Q,3.0,3,"Schnelle Ladestation, leider oft von Nicht-Stromern zugeparkt !",Olumlu,1
179247,Güterstrasse 53,E.ON Drive,Maxhütte-Haidhof,ChIJy74Mfkrtn0cRj3oNi8EU7FM,1.0,1,Schlecht Ausschilderung. Und ausser Betrieb,Olumsuz,-1
179237,Kirchstrasse 1,E.ON Drive,Treffelstein,ChIJO2ZgVjgHoEcRzz2nd2nZUHk,3.0,1,"Wenn die Säule denn mal funktioniert, dann gut. Leider tut sie das fast nie. Sehr traurig, daß man das Problem nicht in den Griff bekommt. Daher nur 1 Stern",Olumsuz,-1
179237,Kirchstrasse 1,E.ON Drive,Treffelstein,ChIJO2ZgVjgHoEcRzz2nd2nZUHk,3.0,5,Ladevorgang konnte problemlos per App gestartet werden.,Olumlu,1
179214,Carl-Wery-Str. 42a,ladenetz.de,München,ChIJ-WXd_HvgnUcRM4o2DynzFhc,4.0,4,"Genügend Platz an den freien Ladeplätzen, abhängig von den anderen Verkehrsteilnehmern.
Angaben über freie Ladeplätze nicht aktuell, hier sollten die SWM einmal nachbessern. Daher nur 4 Sterne",Olumlu,1
179181,Schulstr 2,E.ON Drive,Salching,ChIJN-VYK5J6dUcRNAVLAEfjK3g,5.0,5,Günstig gelegen. Für 2 Fahrzeuge.,Olumlu,1
179177,Am Lerchenfeld,N-ERGIE,Röttenbach,ChIJ03d3qB44n0cRgeLSp8C4Bw8,3.6,5,"Die Ladesäule befindet sich nicht an der angegebenen Google Adresse, sondern in ""Am Lerchenfeld 1"".
Sie ist eigentlich fast immer frei. Und bis jetzt stets intakt 👍.",Olumlu,1
179177,Am Lerchenfeld,N-ERGIE,Röttenbach,ChIJ03d3qB44n0cRgeLSp8C4Bw8,3.6,1,Unter Konstruktion oder nicht existent?,Olumsuz,-1
179174,Flurweg 3,E-Wald,Aholming,ChIJ0SFXZLkOdUcRchvMKbu-xkY,5.0,5,eine E Tankstelle,Olumlu,1
179170,Pledlstraße 1,E-Wald,Winzer,ChIJjcD8QGsEdUcRlcoUbfgmCvI,5.0,5,Prima Lade Möglichkeit in der Ortsmitte,Olumlu,1
179146,Carl-von-Ossietzky-Str. 168b,eins,Chemnitz,ChIJMYUAVdpFp0cRgmQQUAdVcBc,3.0,1,"Keine Ahnung was bei anderen los ist, doch von 22kw ist man hier weit entfernt. Da spielt es auch keine Rolle, das der Wagen nur 11kW kann...wenn nicht einmal 5(!) aus der Dose kommen.
Ladevorgang wurde abgebrochen, da eine schier endlose Ladedauer daraus resultiert hätte.",Olumsuz,-1
179146,Carl-von-Ossietzky-Str. 168b,eins,Chemnitz,ChIJMYUAVdpFp0cRgmQQUAdVcBc,3.0,5,Gute Ladeleistung,Olumlu,1
179129,Plötzetal West BAB14 ,E.ON Drive,Könnern,ChIJu58x2zx2pkcRpWu9cRobYRU,3.4,3,"Stehe hier seit Dezember 2021 des öfteren zum Laden. Leider scheint die CCS Ladung nicht zu funktionieren. Dachte zunächst, es liegt womöglich an meinem Auto und habe stattdessen per Typ 2 geladen. Habe aber gerade auch andere Leutchen mit dem gleichen Problem bemerkt. Hier stimmt wohl was mit der Ladesäule nicht. Typ 2 funktioniert einwandfrei.",Olumsuz,-1
179129,Plötzetal West BAB14 ,E.ON Drive,Könnern,ChIJu58x2zx2pkcRpWu9cRobYRU,3.4,5,"Hab da heute geladen. Hat auf anhieb funktioniert. Ja ist nicht die schnellste Ladesäule aber immerhin war sie frei. Wichtiger Hinweis: es wurde in der App 3 Ladeplätze angezeigt, tatsächlich ist es nur eine Säule mit 3 verschiedenen Steckertypen. Also wir nur ein Auto gleichzeitig geladen.",Olumlu,1
179129,Plötzetal West BAB14 ,E.ON Drive,Könnern,ChIJu58x2zx2pkcRpWu9cRobYRU,3.4,1,ALLES ZU (nur Kasse Tankstelle noch offen) und Ladesäule komplett defekt. Nicht anhalten! Angeblich nur heute wegen Pächterwechsel....ist wohl aber schon seit Tagen so...,Olumsuz,-1
179129,Plötzetal West BAB14 ,E.ON Drive,Könnern,ChIJu58x2zx2pkcRpWu9cRobYRU,3.4,3,"Funktioniert, aber kurze Kabel und nur ein CCS mit 50kW. Nur für ohnehin notwendige Pinkelpause zu empfehlen",Nötr,0
179129,Plötzetal West BAB14 ,E.ON Drive,Könnern,ChIJu58x2zx2pkcRpWu9cRobYRU,3.4,4,"Tolle Ladesäule. Habe meinen Diesel direkt davor geparkt, um bei Burger King Essen zu holen. ;)",Olumlu,1
179112,Osterfeld West BAB9 ,E-Wald,Weißenfels,ChIJbZaba7GTpkcRAW0XVn3kApo,4.0,3,Statt 150 kW nur 90 kW Ladeleistung,Olumsuz,-1
179112,Osterfeld West BAB9 ,E-Wald,Weißenfels,ChIJbZaba7GTpkcRAW0XVn3kApo,4.0,5,Auto laden mit 149 KW (war alleine) und neben bei noch schnell was bei Mc gegessen.,Olumlu,1
179112,Osterfeld West BAB9 ,E-Wald,Weißenfels,ChIJbZaba7GTpkcRAW0XVn3kApo,4.0,1,Konnte keine Verbindung zu unserer ID.4 herstellen.,Olumsuz,-1
179023,Georgsplatz 1,E-Wald,Wiesenfelden,ChIJe4j2p1FedUcRj3ZPTpeBirc,4.2,3,Wie sollen da ältere Leute bei den vielen verschiedenen Steckern durchblicken? Ohne Handy und App wird auch nicht viel gehen. Und dann noch die Karten für die verschiedenen Anbieter.,Olumlu,1
179023,Georgsplatz 1,E-Wald,Wiesenfelden,ChIJe4j2p1FedUcRj3ZPTpeBirc,4.2,4,"Schon super in unseren Dorf eine Ladestation zu haben, wäre trotzdem besser noch eine Schnelladestation zu haben, nicht alle haben so lange Zeit bis das Auto wieder aufgeladen ist 😉",Olumlu,1
179023,Georgsplatz 1,E-Wald,Wiesenfelden,ChIJe4j2p1FedUcRj3ZPTpeBirc,4.2,5,2 Plätze von „Nicht-E-Autos“ belegt 👎🏽,Olumsuz,-1
179005,Frankenstraße 4,E-Wald,Regensburg,ChIJn69eILzBn0cRj8slKAMn9tQ,4.0,5,Funktioniert alles wie es soll. Einfach zu bedienen. Benutzung des Parkplatzes nur für die Dauer des Ladens.,Olumlu,1
179005,Frankenstraße 4,E-Wald,Regensburg,ChIJn69eILzBn0cRj8slKAMn9tQ,4.0,1,Defekt und von der Hotline bestätigt,Olumsuz,-1
178998,Sperbersloher Straße 6,N-ERGIE,Schwanstetten,ChIJMQwuiNxEn0cRHYVXuZ4-xds,1.5,1,"Hat sich ja gelohnt, so oft wie da Fahrzeuge geladen werden...!! Warum kann man statt nur CCS, CCS und Typ2 machen...?",Olumsuz,-1
178998,Sperbersloher Straße 6,N-ERGIE,Schwanstetten,ChIJMQwuiNxEn0cRHYVXuZ4-xds,1.5,2,Ladevorgang nur mit 40 kW,Nötr,0
178984,Kesslerplatz 19,N-ERGIE,Nürnberg,ChIJBxvRWphXn0cRDj4CEW3JkQ0,3.0,1,Ladesäule nicht mittig. Für vorne-links-Lader ist der vordere Parkplatz nicht geeignet!,Olumsuz,-1
178984,Kesslerplatz 19,N-ERGIE,Nürnberg,ChIJBxvRWphXn0cRDj4CEW3JkQ0,3.0,5,Viel Platz zum Parken,Olumlu,1
178957,Mittelbügweg 15,N-ERGIE,Schwaig,ChIJ9aQyrW_ioUcR79gC_tYVB3A,4.5,4,"Ladestation für Elektroautos
Keine Probleme mit dem Ladevorgang",Olumlu,1
178940,Comfortcharge Ladestation,Comfortcharge,Berlin,ChIJoS2sVjdRqEcRS8M9rVTAXsM,3.8,1,"Leider kein angenehmes Laden dort.
Was dort in der Ecke passiert kann von der Straße nicht wirklich gesehen werden und so sieht die Ecke auch immer wieder aus! Viele laden hier wohl nicht nur auf, sondern auch gleich aus...
Das Laden ging schnell und gut wie immer an diesen Säulen.",Olumsuz,-1
178940,Comfortcharge Ladestation,Comfortcharge,Berlin,ChIJoS2sVjdRqEcRS8M9rVTAXsM,3.8,5,"Die Ladesäule funktioniert perfekt, keine Fehler, keine Abbrüche. Das einzige was nervt sind diese Menschen die ihr dreck da lassen! Das geht garnicht.",Olumlu,1
178940,Comfortcharge Ladestation,Comfortcharge,Berlin,ChIJoS2sVjdRqEcRS8M9rVTAXsM,3.8,4,Ladekabel sind Beschriftet aber bei der Auswahl am Terminal werden die Nummern nicht angezeigt man darf bei der Auswahl des Ladeplatzes also raten. Ansonsten ging alles super problemloser.,Nötr,0
178940,Comfortcharge Ladestation,Comfortcharge,Berlin,ChIJoS2sVjdRqEcRS8M9rVTAXsM,3.8,1,"Praktisch keine Ausschilderung, beengte Platzverhältnisse, an einem wild abgestellten Transporter musste ich aufwändig vorbei rangieren.",Olumsuz,-1
178940,Comfortcharge Ladestation,Comfortcharge,Berlin,ChIJoS2sVjdRqEcRS8M9rVTAXsM,3.8,1,"Dreckig und dunkel...
Also meine Frau fährt nicht da laden... keiner würde dort hinten was merken.... und aus diesem Grunde total zugemüllt!!!!!",Olumsuz,-1
178827,Steinstr. 101,EWP : Energie und Wasser Potsdam GmbH,Potsdam,ChIJw57-ZyNfqEcR9v0Oa0VDqfM,4.4,5,"Am Lade-Standort ""Stadtwerke Potsdam"" des Betreibers Stadtwerke Potsdam befindet sich 1 Ladestation. An der Ladestation befindet sich 1 Ladepunkt mit IEC Typ 2 Stecker. Die maximale Ladeleistung an diesem Standort beträgt 22.0 kW. Die tatsächliche Ladeleistung hängt jedoch auch von Ihrem E-Fahrzeug und Ladekabel ab. Die Ladestation befindet sich in der Steinstraße in Potsdam. (Quelle: e-stations,de)",Olumlu,1
178827,Steinstr. 101,EWP : Energie und Wasser Potsdam GmbH,Potsdam,ChIJw57-ZyNfqEcR9v0Oa0VDqfM,4.4,4,Seit fast 2 Wochen mit Zählerfehler nicht benutzbar. Schade. ## Update 16.12.22: nach 2.5 Monaten endlich repariert: beide Anschlüsse benutzbar,Olumsuz,-1
178827,Steinstr. 101,EWP : Energie und Wasser Potsdam GmbH,Potsdam,ChIJw57-ZyNfqEcR9v0Oa0VDqfM,4.4,5,Kostenlos laden! Gute Parkmöglichkeit. Passt 👍,Olumlu,1
178827,Steinstr. 101,EWP : Energie und Wasser Potsdam GmbH,Potsdam,ChIJw57-ZyNfqEcR9v0Oa0VDqfM,4.4,4,Tut was sie soll...ein E-Auto laden.,Olumlu,1
178767,Am Gewerbepark 2A,Allego BV,Windischeschenbach,ChIJmQU6hMZFoEcROuC3l-zmz9o,3.5,1,"Ladesäule hat Authentifizierungsprobleme.
Hab es an 2 verschiedenen Ladesäulen probiert. Musste gezwungenermaßen weiter fahren und mir einen zuverlässigen Anbieter zum Laden suchen.",Olumsuz,-1
178767,Am Gewerbepark 2A,Allego BV,Windischeschenbach,ChIJmQU6hMZFoEcROuC3l-zmz9o,3.5,1,Wollte heute mit meiner EnBW Karte laden. An zwei Ladesäulen probiert. Ebenfalls keine Authentifizierung möglich. Auch kein anderes Fahrzeug hat geladen.,Olumsuz,-1
178767,Am Gewerbepark 2A,Allego BV,Windischeschenbach,ChIJmQU6hMZFoEcROuC3l-zmz9o,3.5,1,"Laden funktioniert nicht weder per Karte noch per App, Gottseidank sind nebenan Tesla Lader die problemlos funktionieren",Olumsuz,-1
178767,Am Gewerbepark 2A,Allego BV,Windischeschenbach,ChIJmQU6hMZFoEcROuC3l-zmz9o,3.5,5,Allego schnell-ladestation. Alle anschlüsse waren frei und gleich an einem spielplatz und raststation. ^_^,Olumlu,1
178767,Am Gewerbepark 2A,Allego BV,Windischeschenbach,ChIJmQU6hMZFoEcROuC3l-zmz9o,3.5,5,"Leider nicht die schnellste Ladestation, dafür aber perfekte Verpflegungsmöglichkeit und Spielplatz in direkter Umgebung",Nötr,0
178754,Bruno-Granz-Str. 42,eins,Chemnitz,ChIJ194Yp4ZIp0cRiBC9p_4Z3yQ,3.0,5,Mit EnBW geladen ohne Probleme 😉,Olumlu,1
178754,Bruno-Granz-Str. 42,eins,Chemnitz,ChIJ194Yp4ZIp0cRiBC9p_4Z3yQ,3.0,1,"Schade, super Standort, aber Ad-Hoc Laden hat nicht funktioniert, Störungs-Hotline ging nicht ans Telefon.",Olumsuz,-1
178737,Handwerkerstraße 20,E-Wald,Niederwinkling,ChIJQ-6R9IRsdUcRzmVOeipJc7g,5.0,5,Erfahren,Olumlu,1
178729,Parkplatz Donaugasse,E-Wald,Straubing,ChIJ74Mn-qtldUcRw34qJagt69Q,4.9,4,"Alle Ladestationen waren frei. Ich habe eine der 3 Schnelllade-Stationen gleich am Eingang des Parkplatzes genutzt. Die Aktivierung/ Bezahlung erfolgte über meine Karte von Maingau.
Ablauf:
Aktivierung der Station mit der Karte
Station gibt einen der Hochstromstecker frei
Auto anstecken
Ladung startet sofort
Abbruch der Ladung durch Vorhalten der Karte
Auto abstecken
Losfahren

Verbessert werden sollte dieses unsinnige und schnelle Wechseln der Standardanzeige. Das macht es  schwierig den Einstieg zu finden.
Ansonsten top.",Nötr,0
178729,Parkplatz Donaugasse,E-Wald,Straubing,ChIJ74Mn-qtldUcRw34qJagt69Q,4.9,5,"Bis auf eine Model X Fahrer der nur geparkt hat und nicht geladen, alles Top.",Olumlu,1
178729,Parkplatz Donaugasse,E-Wald,Straubing,ChIJ74Mn-qtldUcRw34qJagt69Q,4.9,5,"Funktioniert CCS, Chademo und Typ2. Gleich in der Nähe zum Stadt Zentrum.",Olumlu,1
178729,Parkplatz Donaugasse,E-Wald,Straubing,ChIJ74Mn-qtldUcRw34qJagt69Q,4.9,5,Funktionieren immer einwandfrei!,Olumlu,1
178729,Parkplatz Donaugasse,E-Wald,Straubing,ChIJ74Mn-qtldUcRw34qJagt69Q,4.9,5,Alles gut,Olumlu,1
178706,Halberstädter Straße 137,Städtische Werke Magdeburg,Magdeburg,ChIJZ0N6RL31pUcRAH5Q9vh5Jh4,1.7,1,"Man benötigt eine Kundenkarte/Laufenden Vertrag mit dem SWM Magdeburg.
Alternativ kann man wohl auch per sms an die 764 764 mit Nummer des Ladeports freischalten/zahlen.
Allerdings muss man dann nochmal per sms mit „Stop“ und Nummer dieses Ladepunkts das Laden beenden.
Der Spass kost dann auch 73ct/kwh (Stand 11.09.22).
Im meinen augen absolut unverschämt. Da zahlt man selbst am supercharger deutlich weniger.
Deswegen für mich 1 Stern, weil viel zu umständlich und zu teuer. 22kw sind jetzt halt auch nicht so viel.",Olumsuz,-1
178706,Halberstädter Straße 137,Städtische Werke Magdeburg,Magdeburg,ChIJZ0N6RL31pUcRAH5Q9vh5Jh4,1.7,3,"Geht auch über StromTanken von SachsenEnergie... Aber 67,8 ct ist auch nicht günstig",Nötr,0
178706,Halberstädter Straße 137,Städtische Werke Magdeburg,Magdeburg,ChIJZ0N6RL31pUcRAH5Q9vh5Jh4,1.7,1,Die Zahlung ist nur über ein seltsames SMS-System möglich.,Olumsuz,-1
178703,Leutnerstraße 15,E-Wald,Straubing,ChIJB8EBgwxldUcRncxrgDHWfAA,3.3,1,Ladestation fällt mit Fehlermeldung häufiger aus 😡. Aber das hat ja ein anderer Nutzer schon vor zwei Jahren gemeldet 🤬,Nötr,0
178703,Leutnerstraße 15,E-Wald,Straubing,ChIJB8EBgwxldUcRncxrgDHWfAA,3.3,3,Ladestation fällt öfter aus,Nötr,0
178703,Leutnerstraße 15,E-Wald,Straubing,ChIJB8EBgwxldUcRncxrgDHWfAA,3.3,5,Ist OK,Nötr,0
178703,Leutnerstraße 15,E-Wald,Straubing,ChIJB8EBgwxldUcRncxrgDHWfAA,3.3,4,"Tagsüber stehen hier oft ein oder zwei Autos mit Verbrennungsmotor, die einige Ladestationen blockieren. Daher nur vier Sterne, sonst hätte ich fünf gegeben, da die Ladestationen immer funktionieren (ich nutze sie seit Sommer 2024) und rund um die Uhr verfügbar sind. Mit vier USB-2- und zwei DC-Ladestationen hatte ich aber nie Probleme, einen Ladeplatz zu finden. Die Aral-Ladekarte braucht gut 20–30 Sekunden, bis sie vom Automaten erkannt wird, die Shell-Ladekarte funktioniert hingegen sofort.

Noch ein Hinweis: Es gibt zwar sechs Ladestationen, aber nur fünf Parkplätze. Eine der DC- und eine der USB-2-Ladestationen teilen sich einen Parkplatz.",Olumlu,1
178697,Magdeborner Straße 2,Stadtwerke Leipzig SWL,Markkleeberg,ChIJTy9pS2b5pkcR120kwfQZpbs,3.8,1,"3 Karten probiert, funktioniert als Gast nicht. App-Anmeldung wegen angeblich schon angelegtem Kundenkonto nicht möglich & Mensch an der Hotliche sagte nur, „dass schon Haufen Menschen heute geladen haben“.
Den Weg kann man sich sparen.",Olumsuz,-1
178697,Magdeborner Straße 2,Stadtwerke Leipzig SWL,Markkleeberg,ChIJTy9pS2b5pkcR120kwfQZpbs,3.8,4,Ein ausreichend große Ladestationen für E-Auto ist zuverlässig und nah am Einkaufsmöglichkeiten bei Globus. Was mich aber stört dass dort keine Überdachung gibt.  Man muss in prallende Sohne dort stehen.  Es gibt auch keine gute Fusswege zum Globus wo du mit Einkaufswagen siche gehen kannst. Ich bin zwar dankbar dass dort diese Lademöglichkeitn gibt aber man merkt dass es nicht so super durchdacht ist. Ich werde das Gefühl nicht los dass E-Fahrer so kein Schwerpunkt für die Betreiber sind sondern nur Ein marginale Teil. Ich habe schon einige Stationen im in und Ausland gesehen wo es eindeutig viel besser gemacht ist. Tja ich kann nur hoffen das es bald besser wird.,Nötr,0
178697,Magdeborner Straße 2,Stadtwerke Leipzig SWL,Markkleeberg,ChIJTy9pS2b5pkcR120kwfQZpbs,3.8,5,Sehr unkompliziert zu finden und Globus Baumarkt und Globus sowie diverse Geschäfte in Laufreichweite. Tipp: kostenlose Toiletten findet man beim Baumarkt im Eingangsbereich direkt rechts.,Olumlu,1
178697,Magdeborner Straße 2,Stadtwerke Leipzig SWL,Markkleeberg,ChIJTy9pS2b5pkcR120kwfQZpbs,3.8,4,Etwas weit weg vom Globus-Eingang.,Nötr,0
178679,Asklepios Klinik,E-Wald,Schaufling,ChIJefC9EAMadUcR3LO53hwzQh0,3.3,4,Keine Preisliste vorhanden.,Olumsuz,-1
178679,Asklepios Klinik,E-Wald,Schaufling,ChIJefC9EAMadUcR3LO53hwzQh0,3.3,1,Die Preise grenzen an Wucher und sind meiner Meinung nach nicht zu rechtfertigen.,Olumsuz,-1
178640,Agna-Frohnauer Straße 1,E.ON Drive,Schierling,ChIJU4o_bUjOn0cRUWSJtnFESKc,4.0,5,"Gute Ladesäule, erstaunlich schnell",Olumlu,1
178640,Agna-Frohnauer Straße 1,E.ON Drive,Schierling,ChIJU4o_bUjOn0cRUWSJtnFESKc,4.0,2,"Abzocke:
Beide CCS waren frei und es wird nur mit 27 kW geladen
Natürlich zum DC Preis.",Olumsuz,-1
178618,Eginger Straße,E-Wald,Deggendorf,ChIJDVDELJoRdUcRLTopp-XhrWE,3.3,2,"Achtung! ""Schnellladung"" mit Chademo oder CCS geht mit maximal 20 kW. Typ 2 läuft mit maximal 22 kW. Bezahlung per Handy hat bei mir nicht funktioniert (aktuelles Handy mit Android 7). Die Hotline hat mir die Ladesäule allerdings trotzdem freigeschaltet.",Olumsuz,-1
178618,Eginger Straße,E-Wald,Deggendorf,ChIJDVDELJoRdUcRLTopp-XhrWE,3.3,3,"Ladesäule veraltet, aber alles sauber.",Olumlu,1
178618,Eginger Straße,E-Wald,Deggendorf,ChIJDVDELJoRdUcRLTopp-XhrWE,3.3,1,"CCS Defekt, wie so oft...",Olumsuz,-1
178618,Eginger Straße,E-Wald,Deggendorf,ChIJDVDELJoRdUcRLTopp-XhrWE,3.3,5,eine E Tankstelle,Olumlu,1
178599,Marktplatz 2,N-ERGIE,Wellheim,ChIJIZO3cuLfnkcRsYZFE9fHfYs,5.0,5,"Laden mit der EWE Go Karte hat auf Anhieb funktioniert und die Maschine wurde wie gewünscht geladen. Die Ladestation liegt auf der Südseite am Mittag und Nachmittag also voll in der Sonne bei schönem Wetter, aber in den Fotos rechts um die Hausecke gibt es ein paar Meter weiter eine schöne Bank im Schatten neben dem Eingang der Gemeindeverwaltung. Man muss also nicht in der Sonne bleiben.",Olumlu,1
178571,Ettinger Straße bei 12,E.ON Drive,Gaimersheim,ChIJ-RFLrwwCn0cRn5PoCaPgFrM,3.0,3,"Die Ladesäule ist gut erreichbar, auch ist die Bedienung mit der Ladeapp oder über RFID problemlos.  Nachts ist sie allerdings  sehr schlecht beleuchtet und es ist auch nicht eine Umgebung wo man die Lade-Zeit wirklich sinnvoll verbringen kann. Ich nutze sie daher nur gelegentlich wenn ich ausserplanmäßig laden muss.",Nötr,0
178569,Bahnhofstraße 16,E.ON Drive,Lenting,ChIJaaRm6TsAn0cRU3CxIzTlwpc,3.5,2,"Umständlich!
Ladung hat nicht geklappt.",Olumsuz,-1
178496,Werkstraße 24,ladenetz.de,Plattling,ChIJ5f_gZaQNdUcR2Nh7A9hVEZU,2.7,1,"Ladessäule lädt nur mit 26 kW, obwohl nur 1 Auto angesteckt ist. Reklamation bei Stadtwerke zwecklos, da anscheinend kein Interesse an Verbesserung besteht. Also viel Zeit einplanen oder zu Tesla am Globus fahren und etwas teurer laden!!",Olumsuz,-1
178496,Werkstraße 24,ladenetz.de,Plattling,ChIJ5f_gZaQNdUcR2Nh7A9hVEZU,2.7,2,"180kW Ladeleistung ist angegeben. Nichtmal 60kW schafft die Säule, obwohl mein Auto als einziges geladen hatte.",Nötr,0
178496,Werkstraße 24,ladenetz.de,Plattling,ChIJ5f_gZaQNdUcR2Nh7A9hVEZU,2.7,3,"Hat wirklich 180 kW aber funktioniert leider nur tagsüber. Nachts startet der Ladevorgang nicht, weil es angeblich an Leistung fehlt.",Olumsuz,-1
178496,Werkstraße 24,ladenetz.de,Plattling,ChIJ5f_gZaQNdUcR2Nh7A9hVEZU,2.7,4,"Mit 70khw geladen. Leistung ist okay.

Es ist leider nur nichts drum rum (auch keine Toiletten) und der Ladestecker Nummer 2, scheint wohl eigentlich Ladestecker 1 zu sein.",Nötr,0
178496,Werkstraße 24,ladenetz.de,Plattling,ChIJ5f_gZaQNdUcR2Nh7A9hVEZU,2.7,2,"Die Nummern an der Schnellladesäule waren vertauscht. Super, wenn man zum Laden erst zweimal bei der Hotline anrufen muss. 👎",Olumlu,1
178472,Friedrichshofener Str. 2a,(Unknown Operator),Ingolstadt,ChIJQU7Bunf-nkcR0Y8lsO-q1AI,3.9,1,"1. Versuch nach 3 Minuten laden abgebrochen. Da war ich schon weg vom Auto.
2. Versuch nach 10 Minuten abgebrochen.
Ist mir bisher noch nie passiert, daher die Vermutung dass die Ladesäule den Vorgang abgebrochen hat.",Olumsuz,-1
178472,Friedrichshofener Str. 2a,(Unknown Operator),Ingolstadt,ChIJQU7Bunf-nkcR0Y8lsO-q1AI,3.9,1,"nur 12kw Lader, aber mit CP trotzdem 99ct pro kw/h!",Nötr,0
178472,Friedrichshofener Str. 2a,(Unknown Operator),Ingolstadt,ChIJQU7Bunf-nkcR0Y8lsO-q1AI,3.9,5,"300 kW Leistung, super Position und immer viel Betrieb",Olumlu,1
178472,Friedrichshofener Str. 2a,(Unknown Operator),Ingolstadt,ChIJQU7Bunf-nkcR0Y8lsO-q1AI,3.9,5,"Gut organisiert, 4 Toploader mit einem guten Restaurant direkt gegenüber",Olumlu,1
178456,Dittrichring 16,Stadtwerke Leipzig SWL,Leipzig,ChIJ8bglCiD4pkcRbBQ8ZeofZiY,2.2,1,"Viel zu eng konzipierte Parkfläche, sodass man nicht einmal vernünftig aussteigen kann, ohne sein Fahrzeug zu beschädigen. Zudem war es dort so glatt, dass man sich nur auf allen Vieren zum Auto bewegen konnte!",Olumsuz,-1
178456,Dittrichring 16,Stadtwerke Leipzig SWL,Leipzig,ChIJ8bglCiD4pkcRbBQ8ZeofZiY,2.2,1,"Ad hoc -Laden nicht möglich.
Das Laden konnte nicht gestartet werden.
Ein Wirrwarr zwischen rotierenden Ladebalken in der Online-Oberfläche und der Aufforderung den Stecker vom Auto zu ziehen an der Säule.
Dazu ein schienbar nicht funktionierender
""Laden Starten""  Knopf auf der Website.

Nach dem dritten Versuch (inkl. dreimaligen belasten der Kreditkarte mit 80 Euro) erfolglos abgefahren.

Blöd wenn man nach dem Zoo Besuch mit Kind und Kegel noch 200 km Nachhause Fahren muss.",Olumsuz,-1
178456,Dittrichring 16,Stadtwerke Leipzig SWL,Leipzig,ChIJ8bglCiD4pkcRbBQ8ZeofZiY,2.2,1,"Komplett unübersichtliche Preisgestaltung mit katastrophaler Preisstruktur. Ob sich das auf alle Ladesäulen des Betreibers bezieht, weiß ich nicht, doch bei solchen Mondpreis fährt sogar der Ferrari-Fahrer günstiger. Absolut hanebüchen.",Olumsuz,-1
178456,Dittrichring 16,Stadtwerke Leipzig SWL,Leipzig,ChIJ8bglCiD4pkcRbBQ8ZeofZiY,2.2,2,"Die Website des Anbieters ist eine Katastrophe. Das Laden des Bezahlvorgangs dauert >3min. Ich bin die ersten Male von mangelnder Internetverbindung ausgegangen. Das starten des Ladens hat bei mir >10min gedauert. Das ist absolut nutzerunfreundlich gelöst. Schaltet bitte Standardverfahren hinter den Prozess.
Laden hat dann für 53,79ct/kwh funktioniert. Preis war aber nirgend bei Ad-Hoc Ladung zu sehen.
Der Nutzer neben mir hatte exakt die gleichen Probleme…",Olumsuz,-1
178456,Dittrichring 16,Stadtwerke Leipzig SWL,Leipzig,ChIJ8bglCiD4pkcRbBQ8ZeofZiY,2.2,1,"Es nicht zu erkennen, was das Laden kostet, deshalb ist das Laden nicht zu empfehlen. Wer es trotzdem wagt wird böse überrascht sein. 5 KW kosten mehr als 16 Euro. So macht man den E-Antrieb zur teuersten Antriebsart. Tolle Leistung!",Olumsuz,-1
178452,Innstraße 69b,E-Wald,Passau,ChIJIxv-hLtYdEcR4r3gocvLOGY,5.0,5,Günstig Parkster parken,Olumlu,1
178235,Chemnitzer Straße 32 a-b,Allego BV,Mitweida,ChIJERGHH29qp0cRvZG_Sl9d3bk,5.0,5,Super Service vorort,Olumlu,1
178222,Fichtheimer Str. 1,EnBW (D),Landau,ChIJZ82At9yfdUcRZ_k-5mxoqhI,1.7,1,Laden mit DKV + Charge nicht möglich,Olumsuz,-1
178222,Fichtheimer Str. 1,EnBW (D),Landau,ChIJZ82At9yfdUcRZ_k-5mxoqhI,1.7,5,Nachdem die Ladestation über Monate nicht nutzbar war funktioniert sie jetzt endlich.,Olumlu,1
178222,Fichtheimer Str. 1,EnBW (D),Landau,ChIJZ82At9yfdUcRZ_k-5mxoqhI,1.7,1,"Säule defekt und Service Rufnummer nicht mehr lesbar
Schlechter geht es wirklich nicht mehr!",Olumsuz,-1
178222,Fichtheimer Str. 1,EnBW (D),Landau,ChIJZ82At9yfdUcRZ_k-5mxoqhI,1.7,1,Ladesäule ist aus. Defekt!,Olumsuz,-1
178222,Fichtheimer Str. 1,EnBW (D),Landau,ChIJZ82At9yfdUcRZ_k-5mxoqhI,1.7,1,Defekt!,Olumsuz,-1
178208,Parkplatz Ortszentrum,E-Wald,St Oswald Riedlhütte,ChIJsxI6HULndEcRT5nQUDTxq3s,3.0,3,"Es sind nur 3 Stellplätze, somit können nicht alle 4 Ladepunkte verwendet werden. Somit sollten in den Apps für Ladepunkte auch nur 3 zu sehen sein.",Olumsuz,-1
178207,Landshuter Straße 57,E-Wald,Vilsbiburg,ChIJOQPFVgKMdUcR6OMK35x14lI,4.5,3,"Schöne überdachte Ladestationen mit bis zu 300kW Leistung. Sind sogar anhängergeeignet.
Eine Bäckerei ist in ca 50m Entfernung.
Ich habe die Ladestation jetzt zum zweiten Mal besucht, da beim ersten Mal im Februar nur 60kW geliefert wurden. Damals war der Akku zwar nicht optimal, aber da hätte mehr gehen müssen.
Diesmal wieder nur 90kW Leistung. Unzureichend!
Früherer Besuch...
Ladesäule hat die Leistung relativ zaghaft abgegeben und anfangs nur 200kW geliefert. Erst nach ein paar Minuten wurden über 250kW geliefert. Das habe ich bei anderen Ladesäulen schon besser gesehen.
Nicht perfekt aber mehr als OK",Olumlu,1
178207,Landshuter Straße 57,E-Wald,Vilsbiburg,ChIJOQPFVgKMdUcR6OMK35x14lI,4.5,5,Gut erreichbar mit nähe zu Bäckerei/Kaffee. Überdacht und ausreichend Ladeleistung und Ladepunkte...so macht Elektromobilität Spaß!!!,Olumlu,1
178207,Landshuter Straße 57,E-Wald,Vilsbiburg,ChIJOQPFVgKMdUcR6OMK35x14lI,4.5,5,"Alles da was man braucht.
Gute Bäckerei ums Eck mit guten Kaffee",Olumlu,1
178207,Landshuter Straße 57,E-Wald,Vilsbiburg,ChIJOQPFVgKMdUcR6OMK35x14lI,4.5,5,Top Ladestation mit Schnellladern von 150-350 KW,Olumlu,1
178206,Annelies Kupper Str. 4,E.ON Drive,Haar,ChIJsekMOuPhnUcRapbCOFcQpUk,5.0,5,Ich bin begeistert und alles hat mir gefallen. Zwei Parkplätze für Autos 👍👍. Alles funktioniert einwandfrei 👍👍. Edeka mit Cafe (Bäckerei) in der Nähe- man kann Kaffee trinken 👍. Von mir sofort fünf starke Sternen ⭐⭐⭐⭐⭐ und natürlich kann ich weiterempfehlen...,Olumlu,1
178169,Comfortcharge Ladestation,(Unknown Operator),Weiden in der Oberpfalz,ChIJSaTHPx05oEcRTnqxE8bdCoU,3.8,1,"Positiv ist, dass hier super-schnelles Laden möglich ist. Aber die Säulen liegen etwas abgelegen. Der Hammer aber ist der Preis. Ich habe heute 62,67 € für 35,86 kWh bezahlt, also ca. 1,70 € für die kWh!!! Das ist die mit deutlichem Abstand teuerste Ladensäule, die ich je genutzt habe. Üblicherweise zahlen ich mit dem Skoda Powerpass ca. 0,7 € für kWh. Hier das 2,5-fache. Unglaublich! Natürlich werde ich diese Säulen nicht mehr nutzen und kann nur allen empfehlen, andere Ladesäulen anzufahren.",Nötr,0
178169,Comfortcharge Ladestation,(Unknown Operator),Weiden in der Oberpfalz,ChIJSaTHPx05oEcRTnqxE8bdCoU,3.8,5,"Ich habe hier die Ladesäulen für E-Autos genutzt. Es gibt insgesamt 8 Ladepunkte an 4 Ladesäulen.
Halb Wohn- und halb Gewerbegebiet, daher gibt es hier keine Toiletten oder ein Restaurant. Abends wenig Beleuchtung.",Nötr,0
