OCM_ID,Istasyon_Adi,Operator,Sehir,Google_Place_ID,Genel_Puan,Verilen_Yildiz,Yorum_Metni
481185,"Mia Suits Sitesi, Bornova AC 2",Otopriz (Türkiye),İzmir,ChIJayOIgrhiuRQRBZsFgD5W2e8,3.0,3,İstasyon anlık tek araç bazen 40kw zor veriyor. Bazen 80kwyi geçmiyor. Aceleniz varsa bu istasyonla uğraşmayın.
481183,"Goldiva Kuzey Sitesi, Bornova AC 4",Otopriz (Türkiye),İzmir,ChIJayOIgrhiuRQRBZsFgD5W2e8,3.0,3,İstasyon anlık tek araç bazen 40kw zor veriyor. Bazen 80kwyi geçmiyor. Aceleniz varsa bu istasyonla uğraşmayın.
481168,Bahçekent Tual 4,Toger (TR),Istanbul,ChIJt-QxwHynyhQRGu9xaAkbtO4,3.0,3,120kw değil 60kw ile sınırlandırılmış şarj istasyonu.
478007,"Kireçport Otopark, Sarıyer - DC",Otopriz (Türkiye),İstanbul,ChIJe3mTEKfKyhQRqbdWvuNeYQM,1.0,1,Şarj istasyonu bir otoparkın içinde ve bu otopark geceleri kapalı. Hatalı olarak 24 saat açık olduğu yazılmış buna güvenerek burada şarj yapmaya gelmeyin.
478004,"Buket Sitesi, Ataşehir - AC 1",Otopriz (Türkiye),İstanbul,ChIJT4Y4NwDHyhQRMVbrHUqWt_s,4.0,5,Kolay ulaşım yaninda market de var.
478004,"Buket Sitesi, Ataşehir - AC 1",Otopriz (Türkiye),İstanbul,ChIJT4Y4NwDHyhQRMVbrHUqWt_s,4.0,5,Çok iyi bir yer herkese tavsiye ederim.
478003,"Akgünler Otomotiv, İzmit - DC",Otopriz (Türkiye),Kocaeli,ChIJ_XtUwmZFyxQR06V12aPBqmM,4.0,3,"Şarj istasyonlarında da, akaryakıt istasyonlarında olduğu gibi, güneşden ve yağışlı havalardan korumak için çatı olmalı. Aracımı şarj ederken yağmurda ıslandım."
478003,"Akgünler Otomotiv, İzmit - DC",Otopriz (Türkiye),Kocaeli,ChIJ_XtUwmZFyxQR06V12aPBqmM,4.0,3,"Belki anlık yığılmadan kaynaklı olabilir, 60 kws üzerine çıkamadı"
478002,"Grand Termal Otel, Yalova - AC",Otopriz (Türkiye),Yalova,ChIJxTcREhfjyhQRBho5dUuGNfw,5.0,5,120 kw görünüyor ama tek tabancadan en fazla 80kw veriyor. İki araç olunca 60kw ya düşüyor
477996,"Güre Termal Resort, Edremit - DC",Otopriz (Türkiye),Balıkesir,ChIJ7xFvLBwAtxQRPJ7uMUu2V8w,5.0,5,İki ünite var. Dibindeki Starbucks açılmış ve aracınız şarj olurken kahvenizi içebilirsiniz.
477996,"Güre Termal Resort, Edremit - DC",Otopriz (Türkiye),Balıkesir,ChIJ7xFvLBwAtxQRPJ7uMUu2V8w,5.0,5,"Yakında on on ,Microsoft var"
477991,"Folkart Incity, Bornova - DC",Otopriz (Türkiye),İzmir,ChIJayOIgrhiuRQRBZsFgD5W2e8,3.0,3,İstasyon anlık tek araç bazen 40kw zor veriyor. Bazen 80kwyi geçmiyor. Aceleniz varsa bu istasyonla uğraşmayın.
477989,"Varyant Tower Çamdibi, Bornova - AC",Otopriz (Türkiye),İzmir,ChIJayOIgrhiuRQRBZsFgD5W2e8,3.0,3,İstasyon anlık tek araç bazen 40kw zor veriyor. Bazen 80kwyi geçmiyor. Aceleniz varsa bu istasyonla uğraşmayın.
477988,"EMOT Hastanesi, Konak - AC 5",Otopriz (Türkiye),İzmir,ChIJayOIgrhiuRQRBZsFgD5W2e8,3.0,3,İstasyon anlık tek araç bazen 40kw zor veriyor. Bazen 80kwyi geçmiyor. Aceleniz varsa bu istasyonla uğraşmayın.
477987,"Hanbağı Et, Buca - DC",Otopriz (Türkiye),İzmir,ChIJayOIgrhiuRQRBZsFgD5W2e8,3.0,3,İstasyon anlık tek araç bazen 40kw zor veriyor. Bazen 80kwyi geçmiyor. Aceleniz varsa bu istasyonla uğraşmayın.
477968,Bahçekent Flora,Toger (TR),Istanbul,ChIJt-QxwHynyhQRGu9xaAkbtO4,3.0,3,120kw değil 60kw ile sınırlandırılmış şarj istasyonu.
477966,Avant Prestige,Toger (TR),Istanbul,ChIJ5eNwKZmlyhQR-jfsfVtvnEk,4.3,5,Mall of AVM içerisinde hem AC hem DC şarj olması çok büyük avantaj bazen AVM’de iki 3 saat alışveriş yapmanız gerekiyor DC şarj pilinizi hemen doldurması sebebiyle araç başına gitmeniz araci almaniz gerekir ancak AC şarjın da olması size vakit kazandırıyor. Şarj etme konusunda herhangi bir sıkıntısını görmedim otoparkta park yeri aramadan direk götürüp bu firmadan şarja takıyorum
477966,Avant Prestige,Toger (TR),Istanbul,ChIJ5eNwKZmlyhQR-jfsfVtvnEk,4.3,3,"Hangi kolon olduğunu yazmamışlar. Koca -1. Kat, nasıl bulabiliriz??"
477223,ZES - RS OTOMOTİV BOCH CAR SERVİCE GAZİEMİR ,ZES,Gaziemir,ChIJt9iNP7PhuxQRsFNUGt9el7g,3.0,3,Şarj istasyonu aktif fakat Migros otoparkında olduğu için  AVM Çalışma saatleri içerisinde kullanılabiliyor.
477218,ZES - Ertekler Otomotiv ,ZES,Gaziemir,ChIJb3Imc0_fuxQRpYPBKqTNZcM,3.0,1,Şarj yeri yok
477218,ZES - Ertekler Otomotiv ,ZES,Gaziemir,ChIJb3Imc0_fuxQRpYPBKqTNZcM,3.0,5,Hızlı
476134,Oncharge - KMO Sevindikli - Ankara Yönü ,OnCharge (TR),Körfez,ChIJZ7wPZ484yxQRPp_0uO5tl-c,3.7,3,Aracımı şarj ederken sürekli sıkıntı yaşıyorum.Aramama rağmen sıkıntı hala giderilmedi.Tam olarak dolmadan istediği yüzdede atıyor.
476134,Oncharge - KMO Sevindikli - Ankara Yönü ,OnCharge (TR),Körfez,ChIJZ7wPZ484yxQRPp_0uO5tl-c,3.7,3,20 kw ile şarj ediyor çok yavaş
476134,Oncharge - KMO Sevindikli - Ankara Yönü ,OnCharge (TR),Körfez,ChIJZ7wPZ484yxQRPp_0uO5tl-c,3.7,5,Tek soket 120 kw hız aldım. Fena değil. Benzinlik içinde.
476133,Oncharge - KMO Sevindikli - İstanbul Yönü ,OnCharge (TR),Körfez,ChIJZ7wPZ484yxQRPp_0uO5tl-c,3.7,3,Aracımı şarj ederken sürekli sıkıntı yaşıyorum.Aramama rağmen sıkıntı hala giderilmedi.Tam olarak dolmadan istediği yüzdede atıyor.
476133,Oncharge - KMO Sevindikli - İstanbul Yönü ,OnCharge (TR),Körfez,ChIJZ7wPZ484yxQRPp_0uO5tl-c,3.7,3,20 kw ile şarj ediyor çok yavaş
476133,Oncharge - KMO Sevindikli - İstanbul Yönü ,OnCharge (TR),Körfez,ChIJZ7wPZ484yxQRPp_0uO5tl-c,3.7,5,Tek soket 120 kw hız aldım. Fena değil. Benzinlik içinde.
476131,Trugo - KMO Sevindikli - Ankara Yönü ,Trugo (TR),Körfez,ChIJzb-CSABHyxQRH7UGYL5pMOQ,4.5,5,Sorunsuz şekilde sarj işlemi gerçekleştirdim.
476131,Trugo - KMO Sevindikli - Ankara Yönü ,Trugo (TR),Körfez,ChIJzb-CSABHyxQRH7UGYL5pMOQ,4.5,4,"İki adet trugo 180kw cihaz, 2 adet zes 400kw cihaz bulunuyor. Dinlenme tesisine çok yakın, yemek yerleri var. Zes ile 150kw civarı togg’u şarj edebiliyorum. Trugo’yu denemedim. Genel olarak güzel 👍🏻

Güncelleme; Trugo’nun önüne taşlar konmuş, arabayla girip çıkarken lastiği çarptım. Hangi haydut yaptı acaba"
476130,Trugo - KMO Sevindikli - İstanbul Yönü,Trugo (TR),Körfez,ChIJzb-CSABHyxQRH7UGYL5pMOQ,4.5,5,Sorunsuz şekilde sarj işlemi gerçekleştirdim.
476130,Trugo - KMO Sevindikli - İstanbul Yönü,Trugo (TR),Körfez,ChIJzb-CSABHyxQRH7UGYL5pMOQ,4.5,4,"İki adet trugo 180kw cihaz, 2 adet zes 400kw cihaz bulunuyor. Dinlenme tesisine çok yakın, yemek yerleri var. Zes ile 150kw civarı togg’u şarj edebiliyorum. Trugo’yu denemedim. Genel olarak güzel 👍🏻

Güncelleme; Trugo’nun önüne taşlar konmuş, arabayla girip çıkarken lastiği çarptım. Hangi haydut yaptı acaba"
476061,Eşarj - Aytemiz Bilecik ,Eşarj (TR),,ChIJRTO_jlOFyxQRYsbr70FGoMM,5.0,5,Mükemmel. %11'den %80'e ulaşması 45 dakika sürüyor.
476057,ASTORSARJ - AKAY,Astor Şarj (TR),Tavşanlı,ChIJ5ypjIlVzyRQR5rIiHl_YU1s,4.3,3,"Çevresinde hiçbir hizmet yok
İki araç olunca hızı yarıya düşüyor ve hız zaten düşük
Tavşanlı ilçesinin çalışan tek en hızlı şarj istasyonu
Beklerken terk edilmiş istasyonun gölgesinde oturduk tozlu pompa betonunda ama
Burası bu ilçenin en hızlı istasyonu
Bu hizmeti yapanlara teşekkürler"
476051,Otojet - Total Çan ,Otojet,,ChIJoQ0fj6svsRQRXuct2gXis8k,5.0,5,Çan Total Energies içerisinde park alanında yer alıyor. Kullanışlı bir alan. Daha çok olsa güzel olurdu.
476049,Eşarj - Mezre Süt,Eşarj (TR),Yenice,ChIJF93qI9fTthQRYUDS6yFvzj4,5.0,5,"Togg aracımızı şarj etmek için uğradık. Kafeterya kısmında çay-kahve içip vakit geçirdik. Çalışan arkadaşlar gayet ilgilendiler sağ olsunlar.

Çanakkale peyniri satış noktası da var. Oradan da peynirimizi aldık. Güzel hizmet güzel mekan."
476049,Eşarj - Mezre Süt,Eşarj (TR),Yenice,ChIJF93qI9fTthQRYUDS6yFvzj4,5.0,5,Eşarjı hızlı şarj ve tesis güzel kahvesi fena değil tuvaletler temiz ferah fiyatlar uygun güzel bir mola alanı
476049,Eşarj - Mezre Süt,Eşarj (TR),Yenice,ChIJF93qI9fTthQRYUDS6yFvzj4,5.0,5,Hem şarj hem diğer tüm ihtiyaçlarınızı giderebilirsiniz!
476047,Lumicle - Balıkesir - Gönen ,Lumicle (TR),Gönen,ChIJg3QrF6mRthQR2BAk0e_tnm4,3.4,1,Kesinlikle tavsiye etmiyorum. 38kw hız ile şarj ediyor iki aracı. Müşteri temsilcisini aradım ve verdiği cevap aynen şu şekilde “ bazı sorunlardan dolayı cihazın hızını kıstık” başkada hiç birşey demedi. Bu kadar müşterisini düşünmeyen bir firma olamaz. Yazıklar olsun.
476047,Lumicle - Balıkesir - Gönen ,Lumicle (TR),Gönen,ChIJg3QrF6mRthQR2BAk0e_tnm4,3.4,1,2 haftadır Max 30 kW şarj ediyor.Sorunu gideremiyorlar.
476047,Lumicle - Balıkesir - Gönen ,Lumicle (TR),Gönen,ChIJg3QrF6mRthQR2BAk0e_tnm4,3.4,2,Zese göre çok pahalı %50 şarj için 1388 tl ödedim üzerinde fiyat bilgisi yok tamamen kazık
476043,Trugo - Shell Akhisar OSB,Trugo (TR),Akhisar,ChIJodQfqhLPuRQRTr1TJBl099I,4.2,5,Shell içinde öyle güzel bir oturma alanı var ki sanki bir Cafede oturuyormuş gibi hissediyorsunuz. Kahvenizi alıp geçin koltuğa oturun sonrasında da şarjınız dolana kadar ister gazete okuyun ister internette vakit geçirin ister sohbet edin. Sıkılmadan araç şarj edebildiğim nadir yerlerden. Hemen yanında Türkiye'nin en iyi yol üstü Restaurantlarından biri olan Ramiz Köfte Akhisar markasının Kilogram Et Lokantası var. Şarj ederken yemek yiyip zamandan da kazanabilirsiniz.
476043,Trugo - Shell Akhisar OSB,Trugo (TR),Akhisar,ChIJodQfqhLPuRQRTr1TJBl099I,4.2,3,"Shell istasyonu, marketi kullanışlı..tabii eğer benim gibi şebeke elektrik arızası olduğu bir zamana denk gelmezseniz . Benzin istasyonu jeneratörle hizmet verirken şebeke elektriği için 1,5 saat bekledim. Başka şarj yeri arayamazdim çünkü %0 batarya ile oraya varmıştım. Aklınızda olsun..."
476043,Trugo - Shell Akhisar OSB,Trugo (TR),Akhisar,ChIJodQfqhLPuRQRTr1TJBl099I,4.2,5,Shell tuvaleti çok temiz. Kafesi çok ferah ve rahat. İstasyonda 2 soket var. Tek araca 150kwh güç veriyor. İki araç varken hız 90kwh düşüyor
476043,Trugo - Shell Akhisar OSB,Trugo (TR),Akhisar,ChIJodQfqhLPuRQRTr1TJBl099I,4.2,1,şarj cihazı direkt kapalı çalışmıyor.
476043,Trugo - Shell Akhisar OSB,Trugo (TR),Akhisar,ChIJodQfqhLPuRQRTr1TJBl099I,4.2,5,Güzeldi fakat şarj akımı çok düştü
476042,ZES - O289 - İstanbul Yönü ,ZES,Soma,ChIJizbDc91gtxQR7wPhEMrJzTU,2.3,5,Harika sessiz ve geniş alan
476042,ZES - O289 - İstanbul Yönü ,ZES,Soma,ChIJizbDc91gtxQR7wPhEMrJzTU,2.3,1,Varda. Yok gibi. Başka yer arayın
476042,ZES - O289 - İstanbul Yönü ,ZES,Soma,ChIJizbDc91gtxQR7wPhEMrJzTU,2.3,1,Bu konumda ZES yok gitmeyin
476041,ZES - O289 - İzmir Yönü ,ZES,Soma,ChIJizbDc91gtxQR7wPhEMrJzTU,2.3,5,Harika sessiz ve geniş alan
476041,ZES - O289 - İzmir Yönü ,ZES,Soma,ChIJizbDc91gtxQR7wPhEMrJzTU,2.3,1,Varda. Yok gibi. Başka yer arayın
476041,ZES - O289 - İzmir Yönü ,ZES,Soma,ChIJizbDc91gtxQR7wPhEMrJzTU,2.3,1,Bu konumda ZES yok gitmeyin
476040,ZES - O266 - İstanbul Yönü ,ZES,Savaştepe,ChIJgcwQwYJptxQRHy20eNNsEF0,1.8,1,"Şikayetleri buraya yazmak yetmez. ZES' in kendisine ve ayrıca CİMERe yazmak gerekir. İki şarj istasyonu var geliyorsunuz bakıyorsunuz ki 16:00 da  rezerve ve kilitli. Halbuki siz 10 dakika şarj edebilseniz bir sonraki istasyona en azından gidebileceksiniz. 16:15 e rezerve istasyon 16:00 den 16:30 a kadar yarım saat kitli ve rezerve. Olacak işmi 30 dakika boş boş beklemek, bekletmek. ""O zaman herkes reserve etsin ve tüm ZES istasyonlarını kitlesin. Cezası 200 tl. Bi kahve parası. Cümbüş seyretmek için değer"" desin. Olacak iş mi bu!!!!!!!!!!!!!! Rezervasyon şaçmalığının kaldırılması gerekir. Zaman kaybı. Kul hakkı...."
476040,ZES - O266 - İstanbul Yönü ,ZES,Savaştepe,ChIJgcwQwYJptxQRHy20eNNsEF0,1.8,1,kocaman tesiste 1 senedir sadece 1 soket şarj ünitesi. geçen sene de böyleydi değişmiştir dedik oraya güvendik gittik yine aynı tek şarj istasyonu ve şarj bekleyen 5 araba! neymiş oksijen miş neymiş izmir otoyoluymuş neymiş zes miş yolda bir sürü reklam tabelası asacağınıza şuraya bir düzine şarj koyun insanları mağdur etmeyin. 1 senedir değişmez mi ya ön tarafında eşarj var 3-5 tane onlarda geçen sene gördüğüm gibi hala öylece duruyor. 1 şarj cihazı 1 soket nedir ya!
476040,ZES - O266 - İstanbul Yönü ,ZES,Savaştepe,ChIJgcwQwYJptxQRHy20eNNsEF0,1.8,1,"27.07.2025: 180kW olan sürekli arıza veriyor. 1 araç şarj ediyor sonra 30dk arızaya geçiyor, MT'yi arai Reset atılmasını iste, bekle vb.vb....  Rezalet sistem... 120 kW olan  stabil idi ama o da o kadar yavaş ki.. Gerçekte 120 kW verse neyse, 40-50 kW tan yukarısını veremiyor, 1 araç min. 45dk1sa bekliyor... Bu istasyona asla plan yapmayın yoksa min.2-3 saat burada harcarsınız... Haftasonları için tabiki.."
476040,ZES - O266 - İstanbul Yönü ,ZES,Savaştepe,ChIJgcwQwYJptxQRHy20eNNsEF0,1.8,2,"Soket sayisi iki' yarim saat bekledim, benden sonra gelenler var, sira kapmaca oynayarak vakit hecirebilirsiniz, hemen karşı sirada yapim aşamasinda  e-şarjlar var. Gelmeden doluluguna bakmak iyi olur."
476040,ZES - O266 - İstanbul Yönü ,ZES,Savaştepe,ChIJgcwQwYJptxQRHy20eNNsEF0,1.8,1,❌❌Zes 2 tane tek kablolu makine var. 1 tanesi doğru düzgün çalışmıyor. Eşarjlar açılış yapmamış. Burayı rota planınıza eklemeyin ve çok zorda kalırsanız ana yoldan cıkıp ilçelerde şarj etmeye bakın. Çok eziyetli çok. Ayrıca Vestel Manisa ve çevresinde bu kadar yetersiz kalıyorsa bu inanılmaz bir ayıptır.
476039,ZES - O266 - İzmir Yönü ,ZES,Savaştepe,ChIJ5wcHQTtptxQRl7aTdqLL5D4,3.7,5,Sadece 2 tane ZES sarj istasyonu var. Diğerleri daha kurulmamış. Planlamayı iyi yapıp gelmekte fayda var.
476039,ZES - O266 - İzmir Yönü ,ZES,Savaştepe,ChIJ5wcHQTtptxQRl7aTdqLL5D4,3.7,1,"Sarj istasyonlari ikside musait gosterdigi halde calismiyor ve cozum uretemiyorlar
Zes oksijen 266 da izmir yonunde mahsur kaldik sarjimiz %3"
476039,ZES - O266 - İzmir Yönü ,ZES,Savaştepe,ChIJ5wcHQTtptxQRl7aTdqLL5D4,3.7,3,iki tane zes 4 tane e sarj var.. e şarjlar çalışmıyor..Zesin biri çok hızlı diğeri 120kw
476039,ZES - O266 - İzmir Yönü ,ZES,Savaştepe,ChIJ5wcHQTtptxQRl7aTdqLL5D4,3.7,1,2 tane var 1i bozuk 18.10.2025
476039,ZES - O266 - İzmir Yönü ,ZES,Savaştepe,ChIJ5wcHQTtptxQRl7aTdqLL5D4,3.7,5,Teşekkürler ZES . Daha da yaygın hale gelin inşallah
476037,5 Şarj - O228 - İstanbul Yönü ,5 Şarj (TR),Karesi,ChIJAyMIo0UdtxQRv9ZUuuj6_AQ,5.0,5,İlk deneyim 5 şarj... ama deneyimlemeye devam. İstanbul da da daha fazla nokta da lütfen ..
476036,Trugo - O228 - İstanbul Yönü ,Trugo (TR),Karesi,ChIJoQDLawAdtxQRGc7RFkgd3OI,4.4,5,İstanbul’dan  Dalyana yıla çıktık Manisaya  gelene kadar Oxgien tesislerinde elektrikli Trugo şarj istasyonu var   Manisa’dan sonra sa Shell istasyonlarında da elektrikli şarj istasyonları  var
476036,Trugo - O228 - İstanbul Yönü ,Trugo (TR),Karesi,ChIJoQDLawAdtxQRGc7RFkgd3OI,4.4,5,Mola için ideal.dinlenme yiyecek ve kısa sürede şarj 👌
476036,Trugo - O228 - İstanbul Yönü ,Trugo (TR),Karesi,ChIJoQDLawAdtxQRGc7RFkgd3OI,4.4,1,50 tane makine var hiç bir tanesi çalışmıyor rezalet
476032,Lumicle - O228 - İstanbul Yönü ,Lumicle (TR),Karesi,ChIJz8QAbjEdtxQRIMESHrf4MFQ,4.5,4,"27.07.2025: Lumicle'den 2. şarjımı burada yaptım. Genel olarak Hızlı sistem, Lumicle'den her şarj işleminde 1.denememde bir sorun oluyor ama 2.denemede şarj başlıyor... Fiyat olarak ZES'lere göre daha uygun ve bence sistemleri ZES'lere göre daha stabil çalışıyor. O228 tesisinde birçok marka şarj istasyonu var ama uygunluk var ise burayı tercih edebilirsiniz. Şarj hızı da stabil, arabanın kapasitesi ne ise o hızla vermeye çalışıyor sistem, tabiki %70-80'den sonra 40-50 ve hatta %90'dan sonra 15-20 kW'lere düşüyor ama bu gayet normal..."
476031,5 Şarj - O228 - İzmir Yönü ,5 Şarj (TR),Karesi,ChIJAyMIo0UdtxQRv9ZUuuj6_AQ,5.0,5,İlk deneyim 5 şarj... ama deneyimlemeye devam. İstanbul da da daha fazla nokta da lütfen ..
476030,ZES - O228 - İzmir Yönü ,ZES,Karesi,ChIJ-y1rM4UdtxQRRTjJ5w7tY6w,3.3,1,"Her soketi denedik, Soketler çalışmıyordu, sorunun araçta olduğunu düşündük. Başka istasyonu denedik; Trugo da sorunsuz şarj oldu."
476030,ZES - O228 - İzmir Yönü ,ZES,Karesi,ChIJ-y1rM4UdtxQRRTjJ5w7tY6w,3.3,1,Geçen hafta Cumartesi günü şarj için durduk durmaz olaydık. Sistemde uygun gözüken cihaz çalışmıyor ve randevu vermeye devam ediyordu….
476030,ZES - O228 - İzmir Yönü ,ZES,Karesi,ChIJ-y1rM4UdtxQRRTjJ5w7tY6w,3.3,4,1 adet soket var sarj esnasındayken bazenleri bozuluyor ama hızlı şarj
476030,ZES - O228 - İzmir Yönü ,ZES,Karesi,ChIJ-y1rM4UdtxQRRTjJ5w7tY6w,3.3,1,Çalışmıyor
476030,ZES - O228 - İzmir Yönü ,ZES,Karesi,ChIJ-y1rM4UdtxQRRTjJ5w7tY6w,3.3,1,Her zaman yavaş şarj ediyor. 60kw yı geçtiğini nadiren gördüm
476029,Lumicle - O228 - İzmir Yönü,Lumicle (TR),Karesi,ChIJz8QAbjEdtxQRIMESHrf4MFQ,4.5,4,"27.07.2025: Lumicle'den 2. şarjımı burada yaptım. Genel olarak Hızlı sistem, Lumicle'den her şarj işleminde 1.denememde bir sorun oluyor ama 2.denemede şarj başlıyor... Fiyat olarak ZES'lere göre daha uygun ve bence sistemleri ZES'lere göre daha stabil çalışıyor. O228 tesisinde birçok marka şarj istasyonu var ama uygunluk var ise burayı tercih edebilirsiniz. Şarj hızı da stabil, arabanın kapasitesi ne ise o hızla vermeye çalışıyor sistem, tabiki %70-80'den sonra 40-50 ve hatta %90'dan sonra 15-20 kW'lere düşüyor ama bu gayet normal..."
476024,Tesla SC - O204 - İstanbul Yönü,Tesla (including non-tesla),Karesi,ChIJOWd9Kk5WthQREZtr1nbXHD4,4.5,4,"Android telefonlarda sarj başlatma sorunu varmış. Telefon dilini ingilizce yapıp telefon saatini otomatikten manuele alıp, tekrar otomatik yapınca şarj işlemi başlatılabiliyor."
476024,Tesla SC - O204 - İstanbul Yönü,Tesla (including non-tesla),Karesi,ChIJOWd9Kk5WthQREZtr1nbXHD4,4.5,1,Güç yok çalışmıyor
476024,Tesla SC - O204 - İstanbul Yönü,Tesla (including non-tesla),Karesi,ChIJOWd9Kk5WthQREZtr1nbXHD4,4.5,5,Sorunsuz promlemsiz
476024,Tesla SC - O204 - İstanbul Yönü,Tesla (including non-tesla),Karesi,ChIJOWd9Kk5WthQREZtr1nbXHD4,4.5,5,Arabam hyundai olmasına rağmen en sorunsuz şarj ettiğim yer. Fiyat olarakta diğerlerinden uygun. Yakın zamanda araba olarakta teslaya geçeceğim
476024,Tesla SC - O204 - İstanbul Yönü,Tesla (including non-tesla),Karesi,ChIJOWd9Kk5WthQREZtr1nbXHD4,4.5,5,Şarj 82’de hata verdi ama tekrar denediğimde sorun olmadı. Bir sürücünün 3 kere yer değiştirdiği oldu. Etraftaki imkanlar iyi.
476015,Eşarj - Tellioğlu DT ,Eşarj (TR),Karesi,ChIJf4a8xN5WthQRcV5MqgNA04Q,5.0,5,Harika bir yer. Temiz düzenli ve güvenli. Tavsiye ederim.
476014,ZES - Tellioğlu DT,ZES,Karesi,ChIJ-7eY2JhXthQR0ihdSp4cYbk,1.0,1,KESİNLİKLE GELMEYİN. İNTERNET ÇEKMİYOR. CİHAZLAR ÇALIŞMIYOR
476012,En YAKIT - Tellioğlu DT ,En Yakıt (TR),Karesi,ChIJbS181t5WthQRMGl3RHT3_Ak,5.0,5,Çok güzel bir tesis ne Türkiye'nin çoğu bölgesi'nde olması gereken bir tesis ucuzundan pahalısına kadar hepsi var tavsiye ediyorum otoyoldan çıkıp birkaç kilometre ileride burada şarj yapıp fastfood yemekten bıktıysanız güzel yemek de yiyebilirsiniz
476010,GIOev - Festiva Outlet Susurluk,GioEV (TR),,ChIJF3AxKQBDthQR3GlNyjIC0D4,3.7,5,"15 şubat, fiyat 10tl DC.
300 kW lik Siemens cihaz var. Enerjisini güneşten alıyormuş. %30-%70 18dakika sürdü hava 10°."
476010,GIOev - Festiva Outlet Susurluk,GioEV (TR),,ChIJF3AxKQBDthQR3GlNyjIC0D4,3.7,1,Kaç defa eşleştimemize rağmen şarj oluyor diyor ama hiç bir şekilde şarj etmiyor.
476010,GIOev - Festiva Outlet Susurluk,GioEV (TR),,ChIJF3AxKQBDthQR3GlNyjIC0D4,3.7,5,Girişte sağda kalıyor. 2 soketli 300 kW istasyon. Birkaç kez kullandım ve sorun yaşamadım. TOGG ile ~120 kW enerji aldım.
475998,Lumicle - O167 - İstanbul Yönü ,Lumicle (TR),Mustafakemalpaşa,ChIJR2ZoTTMMthQR1dVF9MVLqik,1.0,1,Şarj istasyonu tamamen kaldırılmış.Şarj istasyonu yok!!
475998,Lumicle - O167 - İstanbul Yönü ,Lumicle (TR),Mustafakemalpaşa,ChIJR2ZoTTMMthQR1dVF9MVLqik,1.0,1,Kapalı
475996,ASTORSARJ - O167 - İzmir Yönü ,Astor Şarj (TR),Mustafakemalpaşa,ChIJR2ZoTTMMthQR1dVF9MVLqik,1.0,1,Şarj istasyonu tamamen kaldırılmış.Şarj istasyonu yok!!
475996,ASTORSARJ - O167 - İzmir Yönü ,Astor Şarj (TR),Mustafakemalpaşa,ChIJR2ZoTTMMthQR1dVF9MVLqik,1.0,1,Kapalı
475995,ZES - O167 - İzmir Yönü ,ZES,Mustafakemalpaşa,ChIJ5y-WUR4NthQRQaOtnvKyx00,1.0,1,İstasyon var ancak aktif değil boşuna gitmeyin
475989,Trugo - Karacabey ,Trugo (TR),Karacabey,ChIJjYw8PxzhtRQRG_ownuorOIU,4.1,5,"sarj ve yanda kent cafe var
çay kahve tatlı oturma alanı yürüyüş için alanlar

yoldan duraktan önce belediye garajına doğru dönmez gerekir"
475989,Trugo - Karacabey ,Trugo (TR),Karacabey,ChIJjYw8PxzhtRQRG_ownuorOIU,4.1,4,"Kolay bulunabilen bir nokta. Gece saatlerinde biraz tenha ama sessiz ve huzurlu bir ortamı var. 4 adet şarj slotu bulunuyor, bu da genel kullanım için yeterli oluyor. Ancak özellikle kalabalık günlerde bazı sürücülerin benzinli araçlarını önüne park etmesi erişim açısından zorluk çıkarabiliyor. Bu durum dışında konum ve kullanım açısından oldukça pratik bir şarj noktası."
475989,Trugo - Karacabey ,Trugo (TR),Karacabey,ChIJjYw8PxzhtRQRG_ownuorOIU,4.1,5,Hem kolayca şarjı kullandım hem de Karacabey belediyesi kafede keyifle kahvemi yudumladım. Fiyatlar da ekonomikti. Süper hizmet
475989,Trugo - Karacabey ,Trugo (TR),Karacabey,ChIJjYw8PxzhtRQRG_ownuorOIU,4.1,5,"arkadaşlar Bursa istikametinde petrol ofisinin geçtikten sonra Karacabey şantiyesi tabelası var oradan içeri girip kültür merkezi'nde devam ediyorsunuz sağ tarafta kalıyor kent kafenin önünde.

Kafesi var çay içersiniz uygun fiyatlı. Çevresi de park. Kamera ve güvenlik var."
475989,Trugo - Karacabey ,Trugo (TR),Karacabey,ChIJjYw8PxzhtRQRG_ownuorOIU,4.1,5,"Elektrikli araç şarj istasyonu, yan tarafında kafe var aracınız sarj olurken orada oturup bekleyebilirsiniz."
475986,Eşarj - O135 - İzmir Yönü ,Eşarj (TR),,ChIJ2w_w4xHltRQRDEqVTVX084c,5.0,5,E-şarj fiyatı 11.50 yaptıktan sonra biraz daha rağbet görmeye başladı. Fena değil
475985,ASTORSARJ - O135 - İzmir Yönü ,Astor Şarj (TR),Karacabey,ChIJjYw8PxzhtRQRG_ownuorOIU,4.1,5,"sarj ve yanda kent cafe var
çay kahve tatlı oturma alanı yürüyüş için alanlar

yoldan duraktan önce belediye garajına doğru dönmez gerekir"
475985,ASTORSARJ - O135 - İzmir Yönü ,Astor Şarj (TR),Karacabey,ChIJjYw8PxzhtRQRG_ownuorOIU,4.1,4,"Kolay bulunabilen bir nokta. Gece saatlerinde biraz tenha ama sessiz ve huzurlu bir ortamı var. 4 adet şarj slotu bulunuyor, bu da genel kullanım için yeterli oluyor. Ancak özellikle kalabalık günlerde bazı sürücülerin benzinli araçlarını önüne park etmesi erişim açısından zorluk çıkarabiliyor. Bu durum dışında konum ve kullanım açısından oldukça pratik bir şarj noktası."
475985,ASTORSARJ - O135 - İzmir Yönü ,Astor Şarj (TR),Karacabey,ChIJjYw8PxzhtRQRG_ownuorOIU,4.1,5,Hem kolayca şarjı kullandım hem de Karacabey belediyesi kafede keyifle kahvemi yudumladım. Fiyatlar da ekonomikti. Süper hizmet
475985,ASTORSARJ - O135 - İzmir Yönü ,Astor Şarj (TR),Karacabey,ChIJjYw8PxzhtRQRG_ownuorOIU,4.1,5,"arkadaşlar Bursa istikametinde petrol ofisinin geçtikten sonra Karacabey şantiyesi tabelası var oradan içeri girip kültür merkezi'nde devam ediyorsunuz sağ tarafta kalıyor kent kafenin önünde.

Kafesi var çay içersiniz uygun fiyatlı. Çevresi de park. Kamera ve güvenlik var."
475985,ASTORSARJ - O135 - İzmir Yönü ,Astor Şarj (TR),Karacabey,ChIJjYw8PxzhtRQRG_ownuorOIU,4.1,5,"Elektrikli araç şarj istasyonu, yan tarafında kafe var aracınız sarj olurken orada oturup bekleyebilirsiniz."
475984,Trugo - O135 - İzmir Yönü ,Trugo (TR),Karacabey,ChIJjYw8PxzhtRQRG_ownuorOIU,4.1,5,"sarj ve yanda kent cafe var
çay kahve tatlı oturma alanı yürüyüş için alanlar

yoldan duraktan önce belediye garajına doğru dönmez gerekir"
475984,Trugo - O135 - İzmir Yönü ,Trugo (TR),Karacabey,ChIJjYw8PxzhtRQRG_ownuorOIU,4.1,4,"Kolay bulunabilen bir nokta. Gece saatlerinde biraz tenha ama sessiz ve huzurlu bir ortamı var. 4 adet şarj slotu bulunuyor, bu da genel kullanım için yeterli oluyor. Ancak özellikle kalabalık günlerde bazı sürücülerin benzinli araçlarını önüne park etmesi erişim açısından zorluk çıkarabiliyor. Bu durum dışında konum ve kullanım açısından oldukça pratik bir şarj noktası."
475984,Trugo - O135 - İzmir Yönü ,Trugo (TR),Karacabey,ChIJjYw8PxzhtRQRG_ownuorOIU,4.1,5,Hem kolayca şarjı kullandım hem de Karacabey belediyesi kafede keyifle kahvemi yudumladım. Fiyatlar da ekonomikti. Süper hizmet
475984,Trugo - O135 - İzmir Yönü ,Trugo (TR),Karacabey,ChIJjYw8PxzhtRQRG_ownuorOIU,4.1,5,"arkadaşlar Bursa istikametinde petrol ofisinin geçtikten sonra Karacabey şantiyesi tabelası var oradan içeri girip kültür merkezi'nde devam ediyorsunuz sağ tarafta kalıyor kent kafenin önünde.

Kafesi var çay içersiniz uygun fiyatlı. Çevresi de park. Kamera ve güvenlik var."
475984,Trugo - O135 - İzmir Yönü ,Trugo (TR),Karacabey,ChIJjYw8PxzhtRQRG_ownuorOIU,4.1,5,"Elektrikli araç şarj istasyonu, yan tarafında kafe var aracınız sarj olurken orada oturup bekleyebilirsiniz."
475982,ASTORSARJ - O135 - İstanbul Yönü ,Astor Şarj (TR),Karacabey,ChIJjYw8PxzhtRQRG_ownuorOIU,4.1,5,"sarj ve yanda kent cafe var
çay kahve tatlı oturma alanı yürüyüş için alanlar

yoldan duraktan önce belediye garajına doğru dönmez gerekir"
475982,ASTORSARJ - O135 - İstanbul Yönü ,Astor Şarj (TR),Karacabey,ChIJjYw8PxzhtRQRG_ownuorOIU,4.1,4,"Kolay bulunabilen bir nokta. Gece saatlerinde biraz tenha ama sessiz ve huzurlu bir ortamı var. 4 adet şarj slotu bulunuyor, bu da genel kullanım için yeterli oluyor. Ancak özellikle kalabalık günlerde bazı sürücülerin benzinli araçlarını önüne park etmesi erişim açısından zorluk çıkarabiliyor. Bu durum dışında konum ve kullanım açısından oldukça pratik bir şarj noktası."
475982,ASTORSARJ - O135 - İstanbul Yönü ,Astor Şarj (TR),Karacabey,ChIJjYw8PxzhtRQRG_ownuorOIU,4.1,5,Hem kolayca şarjı kullandım hem de Karacabey belediyesi kafede keyifle kahvemi yudumladım. Fiyatlar da ekonomikti. Süper hizmet
475982,ASTORSARJ - O135 - İstanbul Yönü ,Astor Şarj (TR),Karacabey,ChIJjYw8PxzhtRQRG_ownuorOIU,4.1,5,"arkadaşlar Bursa istikametinde petrol ofisinin geçtikten sonra Karacabey şantiyesi tabelası var oradan içeri girip kültür merkezi'nde devam ediyorsunuz sağ tarafta kalıyor kent kafenin önünde.

Kafesi var çay içersiniz uygun fiyatlı. Çevresi de park. Kamera ve güvenlik var."
475982,ASTORSARJ - O135 - İstanbul Yönü ,Astor Şarj (TR),Karacabey,ChIJjYw8PxzhtRQRG_ownuorOIU,4.1,5,"Elektrikli araç şarj istasyonu, yan tarafında kafe var aracınız sarj olurken orada oturup bekleyebilirsiniz."
475981,Trugo - O135 - İstanbul Yönü ,Trugo (TR),Karacabey,ChIJjYw8PxzhtRQRG_ownuorOIU,4.1,5,"sarj ve yanda kent cafe var
çay kahve tatlı oturma alanı yürüyüş için alanlar

yoldan duraktan önce belediye garajına doğru dönmez gerekir"
475981,Trugo - O135 - İstanbul Yönü ,Trugo (TR),Karacabey,ChIJjYw8PxzhtRQRG_ownuorOIU,4.1,4,"Kolay bulunabilen bir nokta. Gece saatlerinde biraz tenha ama sessiz ve huzurlu bir ortamı var. 4 adet şarj slotu bulunuyor, bu da genel kullanım için yeterli oluyor. Ancak özellikle kalabalık günlerde bazı sürücülerin benzinli araçlarını önüne park etmesi erişim açısından zorluk çıkarabiliyor. Bu durum dışında konum ve kullanım açısından oldukça pratik bir şarj noktası."
475981,Trugo - O135 - İstanbul Yönü ,Trugo (TR),Karacabey,ChIJjYw8PxzhtRQRG_ownuorOIU,4.1,5,Hem kolayca şarjı kullandım hem de Karacabey belediyesi kafede keyifle kahvemi yudumladım. Fiyatlar da ekonomikti. Süper hizmet
475981,Trugo - O135 - İstanbul Yönü ,Trugo (TR),Karacabey,ChIJjYw8PxzhtRQRG_ownuorOIU,4.1,5,"arkadaşlar Bursa istikametinde petrol ofisinin geçtikten sonra Karacabey şantiyesi tabelası var oradan içeri girip kültür merkezi'nde devam ediyorsunuz sağ tarafta kalıyor kent kafenin önünde.

Kafesi var çay içersiniz uygun fiyatlı. Çevresi de park. Kamera ve güvenlik var."
475981,Trugo - O135 - İstanbul Yönü ,Trugo (TR),Karacabey,ChIJjYw8PxzhtRQRG_ownuorOIU,4.1,5,"Elektrikli araç şarj istasyonu, yan tarafında kafe var aracınız sarj olurken orada oturup bekleyebilirsiniz."
475976,Eşarj - Özel Medar Hastanesi ,Eşarj (TR),,ChIJDdKcDTBByxQRPXv3epqo9Zs,2.7,3,Özel bir hastenenin güvenlik bariyerinin arka tarafında bulunuyor. Hastanenin güvenlik görevlisini bulup açtırmanız ve şarjdan sonra tekrar bulup tekrar açtırmanız gerekiyor. Onun dışında herhangi bir sorun yok. 90kw üzerini görmedim.
475976,Eşarj - Özel Medar Hastanesi ,Eşarj (TR),,ChIJDdKcDTBByxQRPXv3epqo9Zs,2.7,1,"Güvenlik kapısı arkasında, etrafta güvenlik arayıp kapıyı açtırıncaya kadar parkedecek yer yok. parket güvenlik ara sarj et uzun iş. Gitmeyin arkadaş, hastane de belki kazanacağı yüzdeden olunca ona göre düzenleme yapar."
475976,Eşarj - Özel Medar Hastanesi ,Eşarj (TR),,ChIJDdKcDTBByxQRPXv3epqo9Zs,2.7,1,"Sarj unitesi Hastanenin bariyer ile kapalı olan açık  otoparkında kapının açılması için Hastanenin güvenliği bulmanız gerekiyor.
Araba ile git. Aractan in guvenligi bul. Kapiyi actir. Dar bir alanda manvenra yap. Şarjı başlat. SARJ bitti tekrar güvenliğe git kapıyı actir. Vs vs vs"
475976,Eşarj - Özel Medar Hastanesi ,Eşarj (TR),,ChIJDdKcDTBByxQRPXv3epqo9Zs,2.7,5,Süper
475974,Eşarj - Aytemiz,Eşarj (TR),Gölcük,ChIJMdnpKwBByxQRvgc2hUYWdLw,2.0,2,Yüksek fiyatlandırmaları var. Keşke bu fiyatları haketse. Belirtilen hızı asla alamıyorsunuz. Batarya ısıtma ile gelmeden ısıtmama rağmen 40 derece batarya ile görebildiğim maks hız 75kw falandır. Bayadır da uğramıyorum ama altyapı yada başka bir problem var sanırım.
475971,Trugo - Shell Ilıcadere ,Trugo (TR),Başiskele,ChIJb2kv16pGyxQRm98pDYAZKNs,4.1,5,"18 derece havada, ön ısıtma yapmadan, aynı istasyona başka bir araç daha bağlı iken 90 kW güç alabildim. Sıkıntı yaşamadım."
475971,Trugo - Shell Ilıcadere ,Trugo (TR),Başiskele,ChIJb2kv16pGyxQRm98pDYAZKNs,4.1,5,Bu şarj istasyonunda bazen enerji kesintisi olabiliyor.Bir kaç denemeden sonra ancak şarj edebiliyorum. 180 kw şarj istasyonu burası ama şuanda paylaşımsız 120 kw ile şarja başladı. İstasyonu shell içinde mescit tuvalet vs var.Çardak içinde bekleme alanıda mevcut
475971,Trugo - Shell Ilıcadere ,Trugo (TR),Başiskele,ChIJb2kv16pGyxQRm98pDYAZKNs,4.1,5,Hizli oturma yeri var shell zaten her zaman temiz. İstasyonun oldugu yer cok guzel  hemen arkasinda oturma yeri onunde sadirvan ve mescit
475971,Trugo - Shell Ilıcadere ,Trugo (TR),Başiskele,ChIJb2kv16pGyxQRm98pDYAZKNs,4.1,4,Şarj soketleri 4 e çıkarılmış gayet güzel fakat bazen yoğunluk olabiliyor. Ara ara istasyonlarda hata ve çökme durumlarından dolayı 1 2 kez şarj edemeden döndüğüm oldu. Git gide gelişiyor.
475970,ZES - O14 - İstanbul Yönü ,ZES,Altınova,ChIJd1t0MYYeyxQRHRvxtE5knqY,3.9,3,Hamburgerleri çok iyi ancak havuzu biraz daha büyütebilirler.
475970,ZES - O14 - İstanbul Yönü ,ZES,Altınova,ChIJd1t0MYYeyxQRHRvxtE5knqY,3.9,4,"Kahvaltı yaptık, güzeldir."
475970,ZES - O14 - İstanbul Yönü ,ZES,Altınova,ChIJd1t0MYYeyxQRHRvxtE5knqY,3.9,1,Çalışmıyor
475970,ZES - O14 - İstanbul Yönü ,ZES,Altınova,ChIJd1t0MYYeyxQRHRvxtE5knqY,3.9,3,"Bugün 3. Şarjım, hepsi zesti, hepsi 70+kw idi, burası 20kw veriyor, sorsan 400lük..."
475970,ZES - O14 - İstanbul Yönü ,ZES,Altınova,ChIJd1t0MYYeyxQRHRvxtE5knqY,3.9,5,2 şarj istasyonu
475968,Lumicle - O14 - İzmir Yönü ,Lumicle (TR),Altınova,ChIJm5wdCzMfyxQRD_C_cHCy3LQ,5.0,5,İstasyonlar çok temiz bakımlı ve hızlı idi çok memnun kaldım.
475968,Lumicle - O14 - İzmir Yönü ,Lumicle (TR),Altınova,ChIJm5wdCzMfyxQRD_C_cHCy3LQ,5.0,5,Kalite
475967,ZES - O14 - İzmir Yönü,ZES,Altınova,ChIJd1t0MYYeyxQRHRvxtE5knqY,3.9,3,Hamburgerleri çok iyi ancak havuzu biraz daha büyütebilirler.
475967,ZES - O14 - İzmir Yönü,ZES,Altınova,ChIJd1t0MYYeyxQRHRvxtE5knqY,3.9,4,"Kahvaltı yaptık, güzeldir."
475967,ZES - O14 - İzmir Yönü,ZES,Altınova,ChIJd1t0MYYeyxQRHRvxtE5knqY,3.9,1,Çalışmıyor
475967,ZES - O14 - İzmir Yönü,ZES,Altınova,ChIJd1t0MYYeyxQRHRvxtE5knqY,3.9,3,"Bugün 3. Şarjım, hepsi zesti, hepsi 70+kw idi, burası 20kw veriyor, sorsan 400lük..."
475967,ZES - O14 - İzmir Yönü,ZES,Altınova,ChIJd1t0MYYeyxQRHRvxtE5knqY,3.9,5,2 şarj istasyonu
475965,ASTORSARJ - O37 - İstanbul Yönü ,Astor Şarj (TR),Orhangazi,ChIJn23yYwD_yhQRu1gVxJDtzWs,4.5,4,"tamam, fiyat olarak güzel ama 300 kilovat demiş. 90 kilovat güç veriyor"
475962,Otojet - O37 - İstanbul Yönü - TotalEnergies,Otojet,Orhangazi,ChIJMe6KFMr_yhQRCPSJ_bLbijA,5.0,5,"Yüksek hızlı sarj imkanı olan durak
Osmangazi köprüsüne 30 dk kala. Konumu güzel. 2 araçlık sarj imkanı mevcut."
475961,Otojet - O37 - İzmir Yönü - TotalEnergies,Otojet,,ChIJMe6KFMr_yhQRCPSJ_bLbijA,5.0,5,"Yüksek hızlı sarj imkanı olan durak
Osmangazi köprüsüne 30 dk kala. Konumu güzel. 2 araçlık sarj imkanı mevcut."
475959,ASTORSARJ - O37 - İzmir Yönü,Astor Şarj (TR),,ChIJn23yYwD_yhQRu1gVxJDtzWs,4.5,4,"tamam, fiyat olarak güzel ama 300 kilovat demiş. 90 kilovat güç veriyor"
475958,Eşarj - O37 - İzmir Yönü ,Eşarj (TR),,ChIJfxRBT9n-yhQRriwqxKtHDmo,5.0,5,"Fiyatlar yüksek olmakla beraber, elektrikli araçları için hem şarj hem de dinlenme noktası."
475952,ZES - O68 - İzmir Yönü,ZES,Gemlik,ChIJc5n_hKpEyhQRvkAG6-cm2eE,4.3,1,400 KW lık şarj istasyonu ancak 70KW enerji sağlayabiliyor. Yorumlarda 2 yıl önce 120 kw lık ünite içinde aynı yorum girilmiş. Pess
475952,ZES - O68 - İzmir Yönü,ZES,Gemlik,ChIJc5n_hKpEyhQRvkAG6-cm2eE,4.3,5,"Max 70KWh verebilen, 120KW/h lik
tek ccs2 soketli şarj istasyonu"
475952,ZES - O68 - İzmir Yönü,ZES,Gemlik,ChIJc5n_hKpEyhQRvkAG6-cm2eE,4.3,5,Banka kartıyla çalışan elektrikli araç şarj cihazı
475950,ZES - O86 - İstanbul Yönü ,ZES,,ChIJ_djCfl9ryhQRXQ9l8dVtu-w,4.0,5,Başarılı bir şarj istasyonu hızlı
475948,ASTORSARJ - O86 - İstanbul Yönü,Astor Şarj (TR),,ChIJMWdhdQA_yhQRln98SYiAvik,4.7,5,Alışveriş merkezi bina arka girişinde yer alıyor. Açık otoparkta.
475948,ASTORSARJ - O86 - İstanbul Yönü,Astor Şarj (TR),,ChIJMWdhdQA_yhQRln98SYiAvik,4.7,4,"Konum olarak iyi, sayıca yeterli, güzel bir imkân."
475946,ASTORSARJ - O86 - İZMİR YÖNÜ,Astor Şarj (TR),Osmangazi,ChIJMWdhdQA_yhQRln98SYiAvik,4.7,5,Alışveriş merkezi bina arka girişinde yer alıyor. Açık otoparkta.
475946,ASTORSARJ - O86 - İZMİR YÖNÜ,Astor Şarj (TR),Osmangazi,ChIJMWdhdQA_yhQRln98SYiAvik,4.7,4,"Konum olarak iyi, sayıca yeterli, güzel bir imkân."
475910,Tesla SC - O320 - İstanbul Yönü ,Tesla (including non-tesla),,ChIJT2KWEgDFuRQRJZYmf6gj-H8,4.1,5,"1A'da 35kW ile sınırlı, 1B'de ise 177kW aldım. Hafta içi olmasına rağmen %50 üzeri doluluk gördüm. Tatil günleri kesin sıra olur..."
475910,Tesla SC - O320 - İstanbul Yönü ,Tesla (including non-tesla),,ChIJT2KWEgDFuRQRJZYmf6gj-H8,4.1,5,250kw gücünde hızlı şarj ve tesla dışındaki araçlara da diğer firmalara göre uygun fiyat Tesla markalı araçlara firmanın ekstra indirimi var yemek yiyip kahve içebileceğininiz büyük bir tesis
475910,Tesla SC - O320 - İstanbul Yönü ,Tesla (including non-tesla),,ChIJT2KWEgDFuRQRJZYmf6gj-H8,4.1,1,"Soketler çalışmıyor. Plan yapıyorsun ve elinde patlıyor. Tesla Türkiye her konuda olduğu gibi bu konuda da başarısız, beceriksiz"
475910,Tesla SC - O320 - İstanbul Yönü ,Tesla (including non-tesla),,ChIJT2KWEgDFuRQRJZYmf6gj-H8,4.1,1,8 soketten sadece 4 tanesi çalışıyor. Hız 40 kw’larda bir de. Burada sıra bekleyeceğinize Akhisar’a girin 10 dakika mesafe. Köfteci Ramiz önünde 4 tane ZES canavar gibi çalışıyor 180 kw / saat hıza yakın hatta.
475910,Tesla SC - O320 - İstanbul Yönü ,Tesla (including non-tesla),,ChIJT2KWEgDFuRQRJZYmf6gj-H8,4.1,1,3 tanesi çalışıyor full sıra var Tesla dışında hiçbir kullanıcı için pratik değil bakımları haftalardır yapılmamış
475909,Tesla SC - O320 - İzmir Yönü ,Tesla (including non-tesla),,ChIJq-PfEADFuRQRImqdLC4UV3I,4.1,5,"Tesla Supercharger istasyonları genel olarak geniş, rahat ve hızlı şarj imkânı sunuyor. Ancak özellikle Akhisar – İzmir güzergâhındaki ilk istasyonda ciddi bir yoğunluk gözlemledik. Tesla’nın fiyatları uygun tuttuğu için tercih oranı yüksek, fakat ABD’deki gibi farklı markaların esnek kullanımına izin verilmediğinden yoğunluk kaçınılmaz olabiliyor. Şarj paylaşımı ve markalar arası uyumun önemi burada net bir şekilde ortaya çıkıyor. Yine de Tesla standartlarının konforu ve hızı çoğu istasyonda hissediliyor.

Kopuz Filo"
475909,Tesla SC - O320 - İzmir Yönü ,Tesla (including non-tesla),,ChIJq-PfEADFuRQRImqdLC4UV3I,4.1,1,"Cuma günü öğleden önce geldim. Toplam 8 pompa var ve hepsi doluydu. Yaklaşık yarım saat sıra bekledim. En son pompadaki araç ayrılınca şarja başladım, ancak sadece 34 kW verdi. Bir yanlışlık olduğunu düşünüp çıkartıp tekrar taktım ama yine aynı sonucu aldım.

Başka aktif şarj istasyonu da olmadığı için bu istasyon inanılmaz yoğun oluyor ve doluluk nedeniyle cihazlar çok düşük güç verebiliyor. Yolculuk planınızı bu istasyona göre yapmamanızı, hatta mümkünse buraya hiç uğramamanızı tavsiye ederim."
475909,Tesla SC - O320 - İzmir Yönü ,Tesla (including non-tesla),,ChIJq-PfEADFuRQRImqdLC4UV3I,4.1,2,35 ile başladı 35 ile devam etti 36 göremedim kimse yoktu sakindi resmen hayal kırıklığına uğradım. Bi de karşıdakini denemek lazım ona da bakacaz. Stabil çalışmıyorlar gibi geliyor süperchargerlar bazı kişiler 250kw kadar alıyor ama ben 1 saat bekledim %70 anca yaptım.
475909,Tesla SC - O320 - İzmir Yönü ,Tesla (including non-tesla),,ChIJq-PfEADFuRQRImqdLC4UV3I,4.1,1,"Şarj ederken tesla kartımdan 2 defa sebepsiz yere 30₺ çekmiş, ayrıca tesla marka olmayan aracım maksimum 55kW gördü, diğer istasyonlarda 100 iken.

Ayrıyeten yeni yapılan söke istasyonu google haritalarda gözükmediği için onun yorumunu da buraya yapayım; boş olan sokete yanaştım (arızalı olan değil). Sonra uygulamadan bakınca benim olduğum yeri dolu gösteriyordu, fakat sağa sola bakınca rezervasyonlu kimseyi göremedim."
475909,Tesla SC - O320 - İzmir Yönü ,Tesla (including non-tesla),,ChIJq-PfEADFuRQRImqdLC4UV3I,4.1,5,150-160’ı rahat gördüm ama bayramda denk geldim 2.2 saat sıra bekledim. Firmaları eğitmek için kendi istasyonlarını açmalara itmek lazım tesladan çok togg ve diğerleri vardı. Supercharger sorunsuzdu fakat dolaylı bekleme süresi rezalet
475069,Shell Selçuk OHT Batı,Shell Recharge (TR),,ChIJ3fJUbiBFuRQR08NPJpwFVqM,4.0,4,"Gidiş yolu kötü, koca koca çukurlar var, aracın altını sürtmemek için çok dikkatli olmak gerekiyor.."
475068,Shell Selçuk OHT Doğu,Shell Recharge (TR),,ChIJ3fJUbiBFuRQR08NPJpwFVqM,4.0,4,"Gidiş yolu kötü, koca koca çukurlar var, aracın altını sürtmemek için çok dikkatli olmak gerekiyor.."
471605,En Yakıt - Myway 202 ,En Yakıt (TR),,ChIJH-bRNwBjuRQRiG_0i5rILAo,3.7,5,gecenin köründe izmir şehir hastanesi ve çevresinde şarj edecek yer bulamayıp tam rezil olacakken son çare burayı bulduk yüksek hızlı olduğu için işimizi 15 dkda gördü tavsiye ederim en yakıt hiç pişman etmedi
471605,En Yakıt - Myway 202 ,En Yakıt (TR),,ChIJH-bRNwBjuRQRiG_0i5rILAo,3.7,5,İzmirde bir çok yerde şarj noktası aramama rağmen kolayca buldum ve hızlı sarj ettim..
471605,En Yakıt - Myway 202 ,En Yakıt (TR),,ChIJH-bRNwBjuRQRiG_0i5rILAo,3.7,1,"Müsait görünüyor her gittiğimde arızalı bozuk olduğunun farkında bile değiller arayınca “aa bozulmuş hemen not alalım” falan filan..
boşa zaman harcamayın müsait yazısına güvenip gitmeyin"
471605,En Yakıt - Myway 202 ,En Yakıt (TR),,ChIJH-bRNwBjuRQRiG_0i5rILAo,3.7,1,1 adet bozuk
471605,En Yakıt - Myway 202 ,En Yakıt (TR),,ChIJH-bRNwBjuRQRiG_0i5rILAo,3.7,5,120 kW hızlı dolum noktası
471600,wat mobilite - Park Bornova Avm ,WAT Mobilite,,ChIJ814LMCR9uRQRw7X18tZSh5M,2.6,2,Çok kötü şarj için en 5 kere denemek gerekiyor buda tedirgin edici stabil bir cihazları yok tak çalıştır olmuyor genelde
471600,wat mobilite - Park Bornova Avm ,WAT Mobilite,,ChIJ814LMCR9uRQRw7X18tZSh5M,2.6,4,"Şarj başlatmada bazen birden fazla kere denemek gerekebiliyor. İstasyon hızı 120 kW olarak belirtilse de çoğunlukla 90 kW civarında ilerlemektedir. İstasyona iki araç bağlıysa hız daha da düşebiliyor.
Yine de bu civarda haziran 2025 için fiyat performans dengesi en iyi yerlerden biri."
471600,wat mobilite - Park Bornova Avm ,WAT Mobilite,,ChIJ814LMCR9uRQRw7X18tZSh5M,2.6,1,Berbat.
471600,wat mobilite - Park Bornova Avm ,WAT Mobilite,,ChIJ814LMCR9uRQRw7X18tZSh5M,2.6,1,"Çok kötü, uygulama çalışmıyor ve sürekli kendiliğinden şarjı sonlandırıyor."
471598,Sharz.net - Kipa ,Sharz.Net,,ChIJ-WRRrsZ8uRQRbmu-4lREuQ4,1.0,1,"İstasyon saatlerdir ‘meşgul’ konumundaydı. Müşteri hizmetlerini aradım, çözdüler. Kullanılabilir duruma geldiğinde de kart okuyucu çalışmadı. Şarj edemedim. Ayrıca yer boyaması veya tabela da olmadığı için başka araçlar önüne şarj etmişti. Başarısız."
471594,Trugo - Shell Erzene,Trugo (TR),,ChIJuznYY_V8uRQRLs00Ciz8jvA,4.6,4,Sorunsuz şarj ettim. İstasyon vadettiği hızı veriyor. 4 soket var ve şarj hızında hava soğuk olmasına rağmen herhangi bir sorun yaşamadım. Sadece şarj istasyonları için hiçbir tabela yönlendirme yoktu. Çıkışa doğru giderken sağda dar ve küçük bir giriş var. Oradan geçtikten sonra boş alana yerleştirilmiş istasyonlar. Yani ana istasyonun arka kısmında kalıyor gizli bölmede gibi.
471594,Trugo - Shell Erzene,Trugo (TR),,ChIJuznYY_V8uRQRLs00Ciz8jvA,4.6,5,Konum ve çalışma gayet başarılı
471593,ASTORŞARJ - Hasköy Bornova,Astor Şarj (TR),,ChIJrTQ9jbx8uRQRExl1FZlcqjU,1.5,2,"Saat 20.00 da şarja gittim, girişte güvenlik istasyonun yerini söyledi ve başka herhangi bir şey söylemedi. Aracı şarj ederken otoparkta yürürken güvenlik gelip agresif bir şekilde, dolaşmanın yasak olduğunu söyledi ve kusura bakmayın dememize rağmen anlamamışız gibi agresif şekilde aynı şeyi söylemeye devam etti, müşteri ve insan olduğumuzu unutmamaları lazım."
471593,ASTORŞARJ - Hasköy Bornova,Astor Şarj (TR),,ChIJrTQ9jbx8uRQRExl1FZlcqjU,1.5,1,2025 tesla model y ile gittim. 120kw olmasına rağmen istasyon 30 KW verdi. 5 dk bekledim artar diye. Artmadı hız çıkardım başka yere gittim. GİTMEYİN.
471538,Tekirdağ Tesla Supercharger,Tesla (including non-tesla),Süleymanpaşa,ChIJMxFMEhn1tBQRxzs1VQPWzT8,4.5,3,"Neden düşük puan verdim?
Ya öyle bir yer seçmişlerdir ki sanki eşşeği salmışlar burada durmuş misali….
Girmek bir dert çıkmak bir sert yani tam dibinden avm çıkışı var. Birde koca koca park yapılmaz levhaları koymuşlar zaten duracak yer yok onu çekmek için in yeri aç sonra şarja gir şaka mısın Tesla arka tarafta diğer istasyonların yerinden yer alamadın mı ?

Çok verimsiz bir yer :(

Şarjı hızlı olmasa tek yıldız basardım.

Unutmadan o park yapılmaz levhaları çok ağır bacağımı çarptım ve hafif yaraladı.

Tesla’dan beklenmeyen bir seçim."
471538,Tekirdağ Tesla Supercharger,Tesla (including non-tesla),Süleymanpaşa,ChIJMxFMEhn1tBQRxzs1VQPWzT8,4.5,3,"Genel olarak iyi dusunulmus olsa da eczane onu ve starbucks onu olarak berbat bir yer secilmis. Kavsak agzi bir yer, manevra ile giriyorsunuz. Hemen cikacagim diyerek isgal eden vatandaslar mevcut. Talep yuksek herkes tesla:)"
471538,Tekirdağ Tesla Supercharger,Tesla (including non-tesla),Süleymanpaşa,ChIJMxFMEhn1tBQRxzs1VQPWzT8,4.5,1,"Yeri çok ters. Hem anayoldan sapmak gerekiyor hem de öyle sakat bir yere konumlandırmışlar ki girip çıkmak, manevra yapmak tehlikeli, trafik yoğunluğunun fazla olduğu karışık bir nokta.
2 kere gittim, ikisinde de arızalı cihazlar vardı. Haydi tekrar manevra.
Son olarak imkan olarak sadece starbucks var, doğru düzgün bir restoran bulamadık."
471538,Tekirdağ Tesla Supercharger,Tesla (including non-tesla),Süleymanpaşa,ChIJMxFMEhn1tBQRxzs1VQPWzT8,4.5,5,174 kw hız herşey çok güzel
471538,Tekirdağ Tesla Supercharger,Tesla (including non-tesla),Süleymanpaşa,ChIJMxFMEhn1tBQRxzs1VQPWzT8,4.5,4,"Bir istasyon calismadi, digerinde oldu"
470708,Adal Gross Market ,En Yakıt (TR),Kula,ChIJeyaNAy91uBQRghHy_rO_tdk,3.9,5,"Adal Gross Otoparkında olması bir ayrıcalık. Alışveriş imkânı da sunuyor şarj esnasında. Market gelen yerel halkın şarj alanını otopark gibi kullanması uygun değil. Birkaç motosiklet şarj alanını işgal etmişti. Market görevlileri müşterileri ikaz etmeli, araç şarjı için gelenleri başka kişilerle muhatap etmemeli.
Ayrıca, şarj alanının hemen yanında marketin mal sevkiyatı yapılıyor, forklift operatörü çok dikkatli olabilir ama ortamı riskli gördüm maalesef."
470708,Adal Gross Market ,En Yakıt (TR),Kula,ChIJeyaNAy91uBQRghHy_rO_tdk,3.9,1,Şarj işlemi başlamıyor. Arızalı. Arayıp istasyo u resetlettim. Zaman kaybettim çok.
470503,Usak Sanayii Trugo,Trugo (TR),Merkez,ChIJq-PdezzYxxQRS9c0axtSGqc,4.1,5,Max 180kW şarj istasyonu Trugo marka DC Şarj imkanı sunuyor yanında cafe var şarj olmasını beklerken çayınızı içebilirsiniz. 2 Soketi var
470503,Usak Sanayii Trugo,Trugo (TR),Merkez,ChIJq-PdezzYxxQRS9c0axtSGqc,4.1,3,"Sanayi sitesinin içinde etrafta oturacak, güneşten korunacak bir yer yok. Yaz sıcağında aracınızla birlikte siz de kavruluyorsunuz su şarj istasyonlarının üzerini Allah rızası için gölgelikle kapatın biz de insanız"
470503,Usak Sanayii Trugo,Trugo (TR),Merkez,ChIJq-PdezzYxxQRS9c0axtSGqc,4.1,2,180lik sarj istasyonun 60 kw veriyordu 2 aracts 30 30 dusmesi iyi degil
470503,Usak Sanayii Trugo,Trugo (TR),Merkez,ChIJq-PdezzYxxQRS9c0axtSGqc,4.1,4,Trugo şarj istasyonu
470503,Usak Sanayii Trugo,Trugo (TR),Merkez,ChIJq-PdezzYxxQRS9c0axtSGqc,4.1,5,Güzel kaliteli hizmet
469604,SCHNEIDER TEST,Otopriz (Türkiye),İstanbul,ChIJow99PgC3yhQR9x-fdStjDWo,3.7,1,Akşam saatinde otopark kapısı kapalı olduğu için şarj edemedik.
464195,Başakşehir Kent Meydanı - Merkez Camii,Toger (TR),Istanbul,ChIJCbjkbymvyhQRSFXEMhJNuSQ,3.7,1,DC şarj max 55 kW ile şarj ediyor. Hızlı şarj bekleyenler için hayal kırıklığı
464195,Başakşehir Kent Meydanı - Merkez Camii,Toger (TR),Istanbul,ChIJCbjkbymvyhQRSFXEMhJNuSQ,3.7,5,DC ve AC şarjı da denedim. Başarılı güzel.
464194,Tarabya Sitesi,Toger (TR),Istanbul,ChIJ3-HNdBGvyhQRXuREhjdCIM0,5.0,5,"Tam girilen konumda 100-150 metre ileride.
Uygulama üzerinden 5 tane yanlış konuma gittikten sonra sonunda buldum şarj istasyonunu"
464194,Tarabya Sitesi,Toger (TR),Istanbul,ChIJ3-HNdBGvyhQRXuREhjdCIM0,5.0,5,Uygulama kullanımı rahat şarjını bekletmiyor taktığınız gibi başlıyor makineleri sağlam hissiyat güzel
464194,Tarabya Sitesi,Toger (TR),Istanbul,ChIJ3-HNdBGvyhQRXuREhjdCIM0,5.0,5,5 araba için yer var. Genelde boş yer oluyor. Sakin ve sessiz. Rahatça arabayı şarj edebilirsiniz.
464193,Başakkent Gölet Konutları Sitesi,Toger (TR),Istanbul,ChIJt-QxwHynyhQRGu9xaAkbtO4,3.0,3,120kw değil 60kw ile sınırlandırılmış şarj istasyonu.
464189,Home Aves Güneşli,Toger (TR),Istanbul,ChIJ5eNwKZmlyhQR-jfsfVtvnEk,4.3,5,Mall of AVM içerisinde hem AC hem DC şarj olması çok büyük avantaj bazen AVM’de iki 3 saat alışveriş yapmanız gerekiyor DC şarj pilinizi hemen doldurması sebebiyle araç başına gitmeniz araci almaniz gerekir ancak AC şarjın da olması size vakit kazandırıyor. Şarj etme konusunda herhangi bir sıkıntısını görmedim otoparkta park yeri aramadan direk götürüp bu firmadan şarja takıyorum
464189,Home Aves Güneşli,Toger (TR),Istanbul,ChIJ5eNwKZmlyhQR-jfsfVtvnEk,4.3,3,"Hangi kolon olduğunu yazmamışlar. Koca -1. Kat, nasıl bulabiliriz??"
463981,AsPower Test 3,Otopriz (Türkiye),İstanbul,ChIJqXlPCkC4yhQRtbMbRfc5GjM,3.0,1,Zamları protesto edin ucuz firmaları tercih edin
463977,"Aras Residence Apartmanı, Eyüpsultan - AC 1",Otopriz (Türkiye),İstanbul,ChIJ8-rNTwCxyhQR5iy-Xa5pW3A,5.0,5,"Sultan Town kapalı otoparkında. Giriş batı tarafta köşede, otopark tek kat, aşağı filan inme yok."
463964,"Basın Konut Sitesi, Silivri - AC 2",Otopriz (Türkiye),İstanbul,ChIJqXlPCkC4yhQRtbMbRfc5GjM,3.0,1,Zamları protesto edin ucuz firmaları tercih edin
463963,"Özyurtlar Ntepe Evleri, Esenyurt - DC 1",Otopriz (Türkiye),İstanbul,ChIJM_425HtYtRQRxeEFQwFQEk0,3.5,4,Bir kere 89kw bir seferinde de 59 kw olarak şarj edebildim. Henüz 120kw göremedim. Gelişme olursa güncelleyeceğim.
463963,"Özyurtlar Ntepe Evleri, Esenyurt - DC 1",Otopriz (Türkiye),İstanbul,ChIJM_425HtYtRQRxeEFQwFQEk0,3.5,3,"Kesinlikle 120 kw falan degil, ne zaman gitsem ya 50 ta 95 civari en fazla.."
463955,"Delta Hotels by Marriott, Küçükcekmece - DC",Otopriz (Türkiye),İstanbul,ChIJBScceAClyhQRdN4pU2S5j1s,3.3,1,Çalışmayan istasyon ve ilgisiz firma kesinlik tavsiye etmem
463955,"Delta Hotels by Marriott, Küçükcekmece - DC",Otopriz (Türkiye),İstanbul,ChIJBScceAClyhQRdN4pU2S5j1s,3.3,5,"Daha fazla olmasi lazim, gayet kolay yerde"
463951,"Acıbadem Hastanesi, Üsküdar - AC 2",Otopriz (Türkiye),İstanbul,ChIJow99PgC3yhQR9x-fdStjDWo,3.7,1,Akşam saatinde otopark kapısı kapalı olduğu için şarj edemedik.
463948,Test,Otopriz (Türkiye),İstanbul,ChIJqXlPCkC4yhQRtbMbRfc5GjM,3.0,1,Zamları protesto edin ucuz firmaları tercih edin
463944,"Mirkelam, Sancaktepe Güney - DC 2",Otopriz (Türkiye),İstanbul,ChIJhz0GCwDPyhQRcyU28Lr6UZQ,4.2,1,Geçtiğimiz günlerde işyerimin yakın olması sebebiyle burada bulunan kafede öğle yemeğimi yemek istedim ve bu süredede aracımı şarj etmek istedim. Fakat elektrikli şarj istasyonlarına parkedilen benzinli araçlarmı dersinz yoksa güvenliğin başından salmasımı dersniz . Otopriz firmasına yakıştırmadım açıkçası. Bu durumu ilk defa yaşamıyorum iki defa geldm ve ikisindede aynı manzarayla karşılaştım.
463944,"Mirkelam, Sancaktepe Güney - DC 2",Otopriz (Türkiye),İstanbul,ChIJhz0GCwDPyhQRcyU28Lr6UZQ,4.2,5,Uygun fiyata kaliteli şarj deneyimi.
463943,"Mirkelam, Sancaktepe Kuzey - DC 2",Otopriz (Türkiye),İstanbul,ChIJhz0GCwDPyhQRcyU28Lr6UZQ,4.2,1,Geçtiğimiz günlerde işyerimin yakın olması sebebiyle burada bulunan kafede öğle yemeğimi yemek istedim ve bu süredede aracımı şarj etmek istedim. Fakat elektrikli şarj istasyonlarına parkedilen benzinli araçlarmı dersinz yoksa güvenliğin başından salmasımı dersniz . Otopriz firmasına yakıştırmadım açıkçası. Bu durumu ilk defa yaşamıyorum iki defa geldm ve ikisindede aynı manzarayla karşılaştım.
463943,"Mirkelam, Sancaktepe Kuzey - DC 2",Otopriz (Türkiye),İstanbul,ChIJhz0GCwDPyhQRcyU28Lr6UZQ,4.2,5,Uygun fiyata kaliteli şarj deneyimi.
463942,"Mirkelam, Sancaktepe Güney - DC 1",Otopriz (Türkiye),İstanbul,ChIJhz0GCwDPyhQRcyU28Lr6UZQ,4.2,1,Geçtiğimiz günlerde işyerimin yakın olması sebebiyle burada bulunan kafede öğle yemeğimi yemek istedim ve bu süredede aracımı şarj etmek istedim. Fakat elektrikli şarj istasyonlarına parkedilen benzinli araçlarmı dersinz yoksa güvenliğin başından salmasımı dersniz . Otopriz firmasına yakıştırmadım açıkçası. Bu durumu ilk defa yaşamıyorum iki defa geldm ve ikisindede aynı manzarayla karşılaştım.
463942,"Mirkelam, Sancaktepe Güney - DC 1",Otopriz (Türkiye),İstanbul,ChIJhz0GCwDPyhQRcyU28Lr6UZQ,4.2,5,Uygun fiyata kaliteli şarj deneyimi.
463940,"Mahal Sitesi, Sancaktepe - AC 3",Otopriz (Türkiye),İstanbul,ChIJJ9uyJQDRyhQRmlBuEnomYus,3.8,1,İstasyonları çok kötü Aytopun içinde 4 tane makina koşmuşlar%5 şazım kalmıştı 1 saat esir ettiler beni sabahın köründe o istasyondan bu istasyona tam bir eziyet son anda sakın bu istasyona güvenmeyin....
463940,"Mahal Sitesi, Sancaktepe - AC 3",Otopriz (Türkiye),İstanbul,ChIJJ9uyJQDRyhQRmlBuEnomYus,3.8,5,Şarj etmek çok kolay ve güvenli. DC ve AC var. Ayrıca istasyonun yanında kafeler de mevcut.
463938,Mobil Hızlı Şarj İstasyonu - DC,Otopriz (Türkiye),İstanbul,ChIJT4Y4NwDHyhQRMVbrHUqWt_s,4.0,5,Kolay ulaşım yaninda market de var.
463938,Mobil Hızlı Şarj İstasyonu - DC,Otopriz (Türkiye),İstanbul,ChIJT4Y4NwDHyhQRMVbrHUqWt_s,4.0,5,Çok iyi bir yer herkese tavsiye ederim.
463937,"Arpaş, Beylikdüzü - AC 2",Otopriz (Türkiye),İstanbul,ChIJ6eD2dwChyhQRqokX0tBVVF4,5.0,5,Güzel ama biraz pahlı sonuçta elektrik akar yakıt ile yarışmak zorunda değil
463937,"Arpaş, Beylikdüzü - AC 2",Otopriz (Türkiye),İstanbul,ChIJ6eD2dwChyhQRqokX0tBVVF4,5.0,5,"120 kw lik istasyon, 120 kw veriyor. Trugo hiç bir zaman böyle vermiyor. Teşekkürler otopriz"
463935,"Still İstanbul Comfort, Pendik - AC 1",Otopriz (Türkiye),İstanbul,ChIJqWm1VADbyhQRrAGJEw4jONE,3.0,1,2 adet araç yeri var ve hep üzerlerine normal araba park ediyorlar. Firmaya ulaşabilsem hep plakaları atacaktım ama ulaşamadım. Bence web sitenize WhatsApp destek ekleyin ve oraya bu tarz şeyleri bildirsin insanlar.
463933,"Logitrans Depo, Tuzla - AC 1",Otopriz (Türkiye),İstanbul,ChIJqWm1VADbyhQRrAGJEw4jONE,3.0,1,2 adet araç yeri var ve hep üzerlerine normal araba park ediyorlar. Firmaya ulaşabilsem hep plakaları atacaktım ama ulaşamadım. Bence web sitenize WhatsApp destek ekleyin ve oraya bu tarz şeyleri bildirsin insanlar.
463929,"Güvenal Prestige Konakları, Keşan - AC 1",Otopriz (Türkiye),Edirne,ChIJycYLTTQvsxQRpmy9-9eoWZw,3.9,3,Vatandaş öyle abuk subuk parkediyor ki en sağdakine ağaca çok yakın geçerek takabildim. Yandakinin şarjı dolduğu halde aracını çekmemeside cabası...
463929,"Güvenal Prestige Konakları, Keşan - AC 1",Otopriz (Türkiye),Edirne,ChIJycYLTTQvsxQRpmy9-9eoWZw,3.9,3,"Alışveriş merkezi kapandımı kapı kapanıyor güvenliği bulan şarj eder, makinelerin birisi sürekli arızalı ya şundadır ya bunda sürprizlere bayılırım, haaa birde ilginç sürücüler var bonus olarak tek manevrada iki üç araçlık park eden, duruma dikatlerini çektim ben bir şey anlatamadım artık analar kusursuz doğuruyor....Rabbim imtihanımla birlikte sabrımı da celil eyle."
463929,"Güvenal Prestige Konakları, Keşan - AC 1",Otopriz (Türkiye),Edirne,ChIJycYLTTQvsxQRpmy9-9eoWZw,3.9,4,4 soket var rahat
463929,"Güvenal Prestige Konakları, Keşan - AC 1",Otopriz (Türkiye),Edirne,ChIJycYLTTQvsxQRpmy9-9eoWZw,3.9,3,"Saat 8:00'den biraz önce buradayız ve bir araba şarj oluyor, otopark açık. Benim Hyundai Kona'm var ve 57kW'tan fazla şarj olmuyor."
463929,"Güvenal Prestige Konakları, Keşan - AC 1",Otopriz (Türkiye),Edirne,ChIJycYLTTQvsxQRpmy9-9eoWZw,3.9,4,Hızlı ve iyi
463928,"Bendis AVM, Keşan - DC",Otopriz (Türkiye),Edirne,ChIJycYLTTQvsxQRpmy9-9eoWZw,3.9,3,Vatandaş öyle abuk subuk parkediyor ki en sağdakine ağaca çok yakın geçerek takabildim. Yandakinin şarjı dolduğu halde aracını çekmemeside cabası...
463928,"Bendis AVM, Keşan - DC",Otopriz (Türkiye),Edirne,ChIJycYLTTQvsxQRpmy9-9eoWZw,3.9,3,"Alışveriş merkezi kapandımı kapı kapanıyor güvenliği bulan şarj eder, makinelerin birisi sürekli arızalı ya şundadır ya bunda sürprizlere bayılırım, haaa birde ilginç sürücüler var bonus olarak tek manevrada iki üç araçlık park eden, duruma dikatlerini çektim ben bir şey anlatamadım artık analar kusursuz doğuruyor....Rabbim imtihanımla birlikte sabrımı da celil eyle."
463928,"Bendis AVM, Keşan - DC",Otopriz (Türkiye),Edirne,ChIJycYLTTQvsxQRpmy9-9eoWZw,3.9,4,4 soket var rahat
463928,"Bendis AVM, Keşan - DC",Otopriz (Türkiye),Edirne,ChIJycYLTTQvsxQRpmy9-9eoWZw,3.9,3,"Saat 8:00'den biraz önce buradayız ve bir araba şarj oluyor, otopark açık. Benim Hyundai Kona'm var ve 57kW'tan fazla şarj olmuyor."
463928,"Bendis AVM, Keşan - DC",Otopriz (Türkiye),Edirne,ChIJycYLTTQvsxQRpmy9-9eoWZw,3.9,4,Hızlı ve iyi
463925,"Vega AVM, Yalova Merkez - DC",Otopriz (Türkiye),Yalova,ChIJxTcREhfjyhQRBho5dUuGNfw,5.0,5,120 kw görünüyor ama tek tabancadan en fazla 80kw veriyor. İki araç olunca 60kw ya düşüyor
463918,"Silver Gayrimenkul, Nilüfer - AC",Otopriz (Türkiye),Bursa,ChIJ0ajcNwAXyhQRn22vmcLbbpM,3.9,5,Gayet müsait ve sakin
463918,"Silver Gayrimenkul, Nilüfer - AC",Otopriz (Türkiye),Bursa,ChIJ0ajcNwAXyhQRn22vmcLbbpM,3.9,4,Sıkıntı yaşamadım lakin iki araç bağlı olduğunda aktarım hızı bayağı düşüyor
463842,"Highway Otel, Burhaniye - DC",Otopriz (Türkiye),Balıkesir,ChIJ7xFvLBwAtxQRPJ7uMUu2V8w,5.0,5,İki ünite var. Dibindeki Starbucks açılmış ve aracınız şarj olurken kahvenizi içebilirsiniz.
463842,"Highway Otel, Burhaniye - DC",Otopriz (Türkiye),Balıkesir,ChIJ7xFvLBwAtxQRPJ7uMUu2V8w,5.0,5,"Yakında on on ,Microsoft var"
463837,"Epicenter, Bayraklı - DC",Otopriz (Türkiye),İzmir,ChIJayOIgrhiuRQRBZsFgD5W2e8,3.0,3,İstasyon anlık tek araç bazen 40kw zor veriyor. Bazen 80kwyi geçmiyor. Aceleniz varsa bu istasyonla uğraşmayın.
463835,"Rüya Evleri, Bornova - AC 2",Otopriz (Türkiye),İzmir,ChIJayOIgrhiuRQRBZsFgD5W2e8,3.0,3,İstasyon anlık tek araç bazen 40kw zor veriyor. Bazen 80kwyi geçmiyor. Aceleniz varsa bu istasyonla uğraşmayın.
462389,Güvenal Prestij Konakları,Otopriz (Türkiye),Edirne,ChIJycYLTTQvsxQRpmy9-9eoWZw,3.9,3,Vatandaş öyle abuk subuk parkediyor ki en sağdakine ağaca çok yakın geçerek takabildim. Yandakinin şarjı dolduğu halde aracını çekmemeside cabası...
462389,Güvenal Prestij Konakları,Otopriz (Türkiye),Edirne,ChIJycYLTTQvsxQRpmy9-9eoWZw,3.9,3,"Alışveriş merkezi kapandımı kapı kapanıyor güvenliği bulan şarj eder, makinelerin birisi sürekli arızalı ya şundadır ya bunda sürprizlere bayılırım, haaa birde ilginç sürücüler var bonus olarak tek manevrada iki üç araçlık park eden, duruma dikatlerini çektim ben bir şey anlatamadım artık analar kusursuz doğuruyor....Rabbim imtihanımla birlikte sabrımı da celil eyle."
462389,Güvenal Prestij Konakları,Otopriz (Türkiye),Edirne,ChIJycYLTTQvsxQRpmy9-9eoWZw,3.9,4,4 soket var rahat
462389,Güvenal Prestij Konakları,Otopriz (Türkiye),Edirne,ChIJycYLTTQvsxQRpmy9-9eoWZw,3.9,3,"Saat 8:00'den biraz önce buradayız ve bir araba şarj oluyor, otopark açık. Benim Hyundai Kona'm var ve 57kW'tan fazla şarj olmuyor."
462389,Güvenal Prestij Konakları,Otopriz (Türkiye),Edirne,ChIJycYLTTQvsxQRpmy9-9eoWZw,3.9,4,Hızlı ve iyi
462360,OTOJET,Otojet,Bayrakli,ChIJu-lEGeh9uRQR37o29K3tXLQ,5.0,5,Westpark otoparkına indiğinizde avm girişini geçer geçmez solda göreceksiniz. Soğuk olduğu için mi bilemiyorum ama 66kW gücü geçmedi. Gerçi AVM'de vakit çabuk geçiyor sorun değil;) Hafta içi akşam 9 gibi oldukça müsait idi...
462359,OTOJET,Otojet,Karsiyaka,ChIJ82RmQQDXuxQRVhW1s62NfDE,3.4,1,180 kw vadedip 40 kw ile sarj ediyor. Rezalet…
462359,OTOJET,Otojet,Karsiyaka,ChIJ82RmQQDXuxQRVhW1s62NfDE,3.4,5,Memnun kaldım. 180 kW şarj edebiliyorsunuz. Köfteci yusuf un hemen yanında yer alıyor. Çevre yolu üzerinde. Gittiğimde yoğunluk yoktu. Sorun çıkmadan başarıyla şarj ettim.
462359,OTOJET,Otojet,Karsiyaka,ChIJ82RmQQDXuxQRVhW1s62NfDE,3.4,5,Köfteci yusufun yanında otojet
462358,En Yakit,En Yakıt (TR),Bornova,ChIJH-bRNwBjuRQRiG_0i5rILAo,3.7,5,gecenin köründe izmir şehir hastanesi ve çevresinde şarj edecek yer bulamayıp tam rezil olacakken son çare burayı bulduk yüksek hızlı olduğu için işimizi 15 dkda gördü tavsiye ederim en yakıt hiç pişman etmedi
462358,En Yakit,En Yakıt (TR),Bornova,ChIJH-bRNwBjuRQRiG_0i5rILAo,3.7,5,İzmirde bir çok yerde şarj noktası aramama rağmen kolayca buldum ve hızlı sarj ettim..
462358,En Yakit,En Yakıt (TR),Bornova,ChIJH-bRNwBjuRQRiG_0i5rILAo,3.7,1,"Müsait görünüyor her gittiğimde arızalı bozuk olduğunun farkında bile değiller arayınca “aa bozulmuş hemen not alalım” falan filan..
boşa zaman harcamayın müsait yazısına güvenip gitmeyin"
462358,En Yakit,En Yakıt (TR),Bornova,ChIJH-bRNwBjuRQRiG_0i5rILAo,3.7,1,1 adet bozuk
462358,En Yakit,En Yakıt (TR),Bornova,ChIJH-bRNwBjuRQRiG_0i5rILAo,3.7,5,120 kW hızlı dolum noktası
462357,Tuncmatik Charge,Voltrun,Bornova,ChIJJW2UFQBjuRQRpO_4wgoXMgc,4.0,3,120 KW yazmasina ragmen stabil calismiyor. Ortalama 50 kw ile sarj ettim ancak sarj yarida kalip cihaz beklemeye gecti. Tekrar kullanmam. Zaman kaybi.
462357,Tuncmatik Charge,Voltrun,Bornova,ChIJJW2UFQBjuRQRpO_4wgoXMgc,4.0,5,"AC şarj sorunsuz oldu. Soket önü doluydu, işletmeye haber verince aracı çektiler."
462356,Voltrun Charging Station – Park Inn by Radisson İzmir,Voltrun,Konak,ChIJn0C8IRXZuxQRdGxBcWPMm4Y,1.0,1,şarja taktığımda asla kabul etmiyor illaki müşteri hizmetlerini aramam gerekiyor. kaçtır bu durumu yaşıyorum. müşteri hizmetleri de açarsa artık
462356,Voltrun Charging Station – Park Inn by Radisson İzmir,Voltrun,Konak,ChIJn0C8IRXZuxQRdGxBcWPMm4Y,1.0,1,Vale muhabbetinden dolayı ve otoparkın ücretli olmasından dolayı kullanamıyorsunuz. Valeler ek olarak şarj istasyonunu işgal ediyor.
462355,ZES Charging Station – Swissôtel Büyük Efes,ZES,Konak,ChIJNzoh70_ZuxQRL_hoStY0-ZQ,1.7,5,"Dünkü deneyimimş zes e sistemleri üzerinden iletmiştim ve hemen bugün yaptıkları düzenlemeyi bildirdiler. Teşekkürler müşterilerinizin yorumlarına değer verdiğiniz için, yine ücretli tabii ki ama en azından sistemde burada şarj edinden adrese ulaştığımızda artık otoparkın ücretli olduğunu biliyor olacağız, gideceğiz veya gitmeyeceğiz. İlginiz için gerçekten teşekkürler"
462355,ZES Charging Station – Swissôtel Büyük Efes,ZES,Konak,ChIJNzoh70_ZuxQRL_hoStY0-ZQ,1.7,1,Otele haracınızı vermeden şarj edemiyorsunuz. İzmir’de elektrikli araba kullanmak için sanırım 100 yıl geçmesi gerekiyor.
462355,ZES Charging Station – Swissôtel Büyük Efes,ZES,Konak,ChIJNzoh70_ZuxQRL_hoStY0-ZQ,1.7,1,Araci sarj etmek için otel otopark parasi alıyor. Güncel fiyat 1 saat 160tl.
462355,ZES Charging Station – Swissôtel Büyük Efes,ZES,Konak,ChIJNzoh70_ZuxQRL_hoStY0-ZQ,1.7,1,Otelin önünde ve Aracınızı şarj etmek için gittiginizde otel sizden otopark ücreti istiyor. Bize söylenen 1 saat 130 TL otopark ücreti
462355,ZES Charging Station – Swissôtel Büyük Efes,ZES,Konak,ChIJNzoh70_ZuxQRL_hoStY0-ZQ,1.7,1,"İstasyon çok iyi yüzde 1'den 85'e 55 dakikada şarj yaptım.
Ancak istasyonda 1 saat için 130 lira otopark ücreti ödemeniz gerek.
Bunun için 1 yıldız veriyorum.
Yüzde 1 şarjım kalmasa girmezdim.
İzmir şarj istasyonları konusunda da fakir bir şehir."
462354,Trugo Charging Station – Forum Bornova AVM,Trugo (TR),Bornova,ChIJuznYY_V8uRQRLs00Ciz8jvA,4.6,4,Sorunsuz şarj ettim. İstasyon vadettiği hızı veriyor. 4 soket var ve şarj hızında hava soğuk olmasına rağmen herhangi bir sorun yaşamadım. Sadece şarj istasyonları için hiçbir tabela yönlendirme yoktu. Çıkışa doğru giderken sağda dar ve küçük bir giriş var. Oradan geçtikten sonra boş alana yerleştirilmiş istasyonlar. Yani ana istasyonun arka kısmında kalıyor gizli bölmede gibi.
462354,Trugo Charging Station – Forum Bornova AVM,Trugo (TR),Bornova,ChIJuznYY_V8uRQRLs00Ciz8jvA,4.6,5,Konum ve çalışma gayet başarılı
462140,Adze Charge – Bahçeşehir Park 2 DC Hızlı Şarj İstasyonu,ADZE ŞARJ (TR),Başakşehir,ChIJJyusSwCnyhQRcqoufu-dCTE,4.3,3,İstasyonu beğensem de maalesef elektrikli aracı olduğu için buraya şarj etmemesine rağmen kendine tahsisli park yeri sanan kullanıcıların yoğun olduğu bir bölge. Yazık.
461954,ZES - Kalyon Otel,ZES,,ChIJlQSr1QK5yhQRS-Xl60FUWBY,5.0,5,Her şey muhteşemdi. teşekkür ederim
461928,Eşarj - Daysil Silikon İzmir,Eşarj (TR),,ChIJK5nayQp6uRQRS1XYJrFn0Nk,3.0,3,Yerini bulmak pek kolay değil ama en azından sakın temiz bir yerde.  Daysil binasının otoparkında.
461928,Eşarj - Daysil Silikon İzmir,Eşarj (TR),,ChIJK5nayQp6uRQRS1XYJrFn0Nk,3.0,1,120kw olduğuna bakmayın aşırı yavaş veriyor enerjiyi çok uzun bekledik
461858,WAT Mobilite İzmir Park AVM,WAT Mobilite,,ChIJSbmxDkbZuxQRpo6n-1fR6VQ,1.0,1,Bariyerle kapalı. Halka açık yazıyor ama değil. Zaten önü de otopark olarak kullanılmış.
461858,WAT Mobilite İzmir Park AVM,WAT Mobilite,,ChIJSbmxDkbZuxQRpo6n-1fR6VQ,1.0,1,Bütün hepsi kullanım dışı!
461858,WAT Mobilite İzmir Park AVM,WAT Mobilite,,ChIJSbmxDkbZuxQRpo6n-1fR6VQ,1.0,1,Çalışmıyor
461858,WAT Mobilite İzmir Park AVM,WAT Mobilite,,ChIJSbmxDkbZuxQRpo6n-1fR6VQ,1.0,1,5 para etmez
461857,Trugo İzmir Park AVM,Trugo (TR),,ChIJsz9ohtfYuxQRNs3Wbf8dVnI,3.8,1,16 Şubat tarihinden beri İzmir Park'ın dış oto Parkı'ndaki 2 konnektör uzun süredir arızalı Trugo müşteri hizmetlerine de bilgi verildi fakat şu ana kadar bir çözüm bulamadılar maalesef
461857,Trugo İzmir Park AVM,Trugo (TR),,ChIJsz9ohtfYuxQRNs3Wbf8dVnI,3.8,5,-3 katta
461854,ZES Mercan Restoran,ZES,,ChIJ_Rq6pULcuxQR5ixZK9h6LOY,2.7,1,Bugün gittim ve şarj edemeden geri döndüm. O kadar saçma bir yere yapmışlar ki sadece girebiliyorsunuz! Yahu manevra yapacak kadar bir alanın olduğu yer bulamadınız mı? Geri geri giriş yapmanız gerekiyor lakin bunu yapmazsanız da fazlaca manevra ile dönüş yapıp çıkmanız lazım ya da geri geri çıkacaksınız karar sizin…
461854,ZES Mercan Restoran,ZES,,ChIJ_Rq6pULcuxQR5ixZK9h6LOY,2.7,1,"Otopark alanı çok dar, manevra yapmak imkansız. Sadece giriş var çıkış yok. Aynı yoldan dönerken bekleyenlerin çıkması gerekiyor"
461854,ZES Mercan Restoran,ZES,,ChIJ_Rq6pULcuxQR5ixZK9h6LOY,2.7,3,Buradaki şarj istasyonunuz olması süper ama sizlere ayrılan bölüm çok dar
461854,ZES Mercan Restoran,ZES,,ChIJ_Rq6pULcuxQR5ixZK9h6LOY,2.7,1,"Alan çok dar maalesef, tesla togg gibi araçlar için sıkıntılı bi yer"
461854,ZES Mercan Restoran,ZES,,ChIJ_Rq6pULcuxQR5ixZK9h6LOY,2.7,3,Otopark alanı çok dar ancak cihazlar çalışıyor
461848,ZES Adnan Menderes Havalimanı Dış Hatlar Kapalı Otopark ParkNo:74,ZES,,ChIJ0ZbjNEPhuxQRDQp3Tt8TdKA,1.0,1,Otoparkta ama bulunamıyor.
461844,ZES MG Doğan Trend Otomotiv ,ZES,,ChIJJzHDeorfuxQRi_t0nncWjBk,2.8,1,"Otelin içine konulmuş,elektrikli araç sahiplerine şarj istasyonu olarak hizmet etmesi beklenirken,otel müşterilerine otopark olarak hizmet ediyor."
461844,ZES MG Doğan Trend Otomotiv ,ZES,,ChIJJzHDeorfuxQRi_t0nncWjBk,2.8,1,"Otelin içinde olması nedeniyle, Şarj istasyonunu otopark olarak kullandırılması nedeniyle mağduriyetler yaşanıyor."
461844,ZES MG Doğan Trend Otomotiv ,ZES,,ChIJJzHDeorfuxQRi_t0nncWjBk,2.8,5,"Sakin bir yer
Sıra beklemek zorunda kalmadım"
461842,En Yakıt DPark Gaziemir,En Yakıt (TR),,ChIJPeSwQQDfuxQRTO--HLAg99g,3.6,4,"Daha önceden şarz ettiyseniz, aracınızı soketi takınca hemen tanıyor. Otomatik şarj başlıyor. Ancak tek araç olmama rağmen 180 ile dolum yapmadı. Geçen seferde diğer sokette aracımı şarj etmemişti."
461842,En Yakıt DPark Gaziemir,En Yakıt (TR),,ChIJPeSwQQDfuxQRTO--HLAg99g,3.6,5,"baby mall ile barış bebenin arasında, en yakıttan hiç pişman olmadım"
461842,En Yakıt DPark Gaziemir,En Yakıt (TR),,ChIJPeSwQQDfuxQRTO--HLAg99g,3.6,1,"Kendi uygulamasında 150 kw , google haritalarda 180 kw diyor ancak 29.3 kw ile şarj ediyor"
461842,En Yakıt DPark Gaziemir,En Yakıt (TR),,ChIJPeSwQQDfuxQRTO--HLAg99g,3.6,5,çevredeki en hızlı şarj
461842,En Yakıt DPark Gaziemir,En Yakıt (TR),,ChIJPeSwQQDfuxQRTO--HLAg99g,3.6,1,Sürekli model farketmeksizin şarj kesiyor en az 20 defa karşılaştım ve bunu çok fazla model araçta yapıyor. Tam bir bela soket kitlemesi yapıyor. 30 kere geri bildirim olarak bildirmemize rağmen düzenleme olmuyor ve sadece aracınızla kaynaklı diyerek yanıt veriyorlar. Her geldiğimde pişman oluyor ve rezil oluyorum. Bu son gelişim. Umarım şirket bir düzenleme yapar ve şikayetleri değerlendirir..
461751,Shell Recharge Trugo Togg,Trugo (TR),Konak,ChIJVzjOxCHZuxQROf0JYmhl99s,4.5,3,Tek istasyon iki araçlık kapasite. 180kw yazmasına rağmen Max 45kw verebiliyor. Yer kolay otopark için ücret yok.
461751,Shell Recharge Trugo Togg,Trugo (TR),Konak,ChIJVzjOxCHZuxQROf0JYmhl99s,4.5,5,Hızlı
461751,Shell Recharge Trugo Togg,Trugo (TR),Konak,ChIJVzjOxCHZuxQROf0JYmhl99s,4.5,5,89kw ile başladı şarja %40 batarya doluluğu var.
461126,Shell Recharge - Shell Güzelbahçe,Shell Recharge (TR),İzmir,ChIJ07_7sUnZuxQRBJm7MHpEh5c,5.0,5,"Aracıma ve motoruma her zaman Shell v power , ve ayrıca yıkama da olunca daha pıratik"
461125,ZES Rudis Otel,ZES,İzmir,ChIJF8j4PRbDuxQREqmxj1GnnpE,1.0,1,AC şarj soketleri düzgün çalışmıyor. Ya hata verip hiç şarj vermiyor veya 6 kw gibi düşük hızla şarj olabiliyorsunuz. ZES'e sorun olduğunu iki kere bildirdim. Hala çözülmemiş.
461119,ŞarjOn Narlıdere Folkart,Şarjon (TR),İzmir,ChIJkYIQIgDduxQRcZCQKrPNydw,5.0,5,Altı tane AC soket ile hizmet veren bir istasyon
461117,ZES Balçova İnciraltı Migros ,ZES,İzmir,ChIJ_Rq6pULcuxQR5ixZK9h6LOY,2.7,1,Bugün gittim ve şarj edemeden geri döndüm. O kadar saçma bir yere yapmışlar ki sadece girebiliyorsunuz! Yahu manevra yapacak kadar bir alanın olduğu yer bulamadınız mı? Geri geri giriş yapmanız gerekiyor lakin bunu yapmazsanız da fazlaca manevra ile dönüş yapıp çıkmanız lazım ya da geri geri çıkacaksınız karar sizin…
461117,ZES Balçova İnciraltı Migros ,ZES,İzmir,ChIJ_Rq6pULcuxQR5ixZK9h6LOY,2.7,1,"Otopark alanı çok dar, manevra yapmak imkansız. Sadece giriş var çıkış yok. Aynı yoldan dönerken bekleyenlerin çıkması gerekiyor"
461117,ZES Balçova İnciraltı Migros ,ZES,İzmir,ChIJ_Rq6pULcuxQR5ixZK9h6LOY,2.7,3,Buradaki şarj istasyonunuz olması süper ama sizlere ayrılan bölüm çok dar
461117,ZES Balçova İnciraltı Migros ,ZES,İzmir,ChIJ_Rq6pULcuxQR5ixZK9h6LOY,2.7,1,"Alan çok dar maalesef, tesla togg gibi araçlar için sıkıntılı bi yer"
461117,ZES Balçova İnciraltı Migros ,ZES,İzmir,ChIJ_Rq6pULcuxQR5ixZK9h6LOY,2.7,3,Otopark alanı çok dar ancak cihazlar çalışıyor
461115,ZES Plaza Otel İzmir,ZES,İzmir,ChIJ_Rq6pULcuxQR5ixZK9h6LOY,2.7,1,Bugün gittim ve şarj edemeden geri döndüm. O kadar saçma bir yere yapmışlar ki sadece girebiliyorsunuz! Yahu manevra yapacak kadar bir alanın olduğu yer bulamadınız mı? Geri geri giriş yapmanız gerekiyor lakin bunu yapmazsanız da fazlaca manevra ile dönüş yapıp çıkmanız lazım ya da geri geri çıkacaksınız karar sizin…
461115,ZES Plaza Otel İzmir,ZES,İzmir,ChIJ_Rq6pULcuxQR5ixZK9h6LOY,2.7,1,"Otopark alanı çok dar, manevra yapmak imkansız. Sadece giriş var çıkış yok. Aynı yoldan dönerken bekleyenlerin çıkması gerekiyor"
461115,ZES Plaza Otel İzmir,ZES,İzmir,ChIJ_Rq6pULcuxQR5ixZK9h6LOY,2.7,3,Buradaki şarj istasyonunuz olması süper ama sizlere ayrılan bölüm çok dar
461115,ZES Plaza Otel İzmir,ZES,İzmir,ChIJ_Rq6pULcuxQR5ixZK9h6LOY,2.7,1,"Alan çok dar maalesef, tesla togg gibi araçlar için sıkıntılı bi yer"
461115,ZES Plaza Otel İzmir,ZES,İzmir,ChIJ_Rq6pULcuxQR5ixZK9h6LOY,2.7,3,Otopark alanı çok dar ancak cihazlar çalışıyor
461113,Wat Mobilite Asma Çatı AVM,WAT Mobilite,İzmir,ChIJVy3TvOTduxQR22KOOQBjnIU,1.0,1,Togg t10f'leri şarj etmiyor. Müşteri hizmetlerini aradığımızda cihazlar güncellenecek dedi ama araç çıkalı 3 ay oldu hala bir gelişme yok.
461113,Wat Mobilite Asma Çatı AVM,WAT Mobilite,İzmir,ChIJVy3TvOTduxQR22KOOQBjnIU,1.0,1,Çalışmıyor
461111,Wat Mobilite Tınaztepe Balçova Hastanesi,WAT Mobilite,İzmir,ChIJVy3TvOTduxQR22KOOQBjnIU,1.0,1,Togg t10f'leri şarj etmiyor. Müşteri hizmetlerini aradığımızda cihazlar güncellenecek dedi ama araç çıkalı 3 ay oldu hala bir gelişme yok.
461111,Wat Mobilite Tınaztepe Balçova Hastanesi,WAT Mobilite,İzmir,ChIJVy3TvOTduxQR22KOOQBjnIU,1.0,1,Çalışmıyor
461110,ZES Ege Park AVM,ZES,İzmir,ChIJ_Rq6pULcuxQR5ixZK9h6LOY,2.7,1,Bugün gittim ve şarj edemeden geri döndüm. O kadar saçma bir yere yapmışlar ki sadece girebiliyorsunuz! Yahu manevra yapacak kadar bir alanın olduğu yer bulamadınız mı? Geri geri giriş yapmanız gerekiyor lakin bunu yapmazsanız da fazlaca manevra ile dönüş yapıp çıkmanız lazım ya da geri geri çıkacaksınız karar sizin…
461110,ZES Ege Park AVM,ZES,İzmir,ChIJ_Rq6pULcuxQR5ixZK9h6LOY,2.7,1,"Otopark alanı çok dar, manevra yapmak imkansız. Sadece giriş var çıkış yok. Aynı yoldan dönerken bekleyenlerin çıkması gerekiyor"
461110,ZES Ege Park AVM,ZES,İzmir,ChIJ_Rq6pULcuxQR5ixZK9h6LOY,2.7,3,Buradaki şarj istasyonunuz olması süper ama sizlere ayrılan bölüm çok dar
461110,ZES Ege Park AVM,ZES,İzmir,ChIJ_Rq6pULcuxQR5ixZK9h6LOY,2.7,1,"Alan çok dar maalesef, tesla togg gibi araçlar için sıkıntılı bi yer"
461110,ZES Ege Park AVM,ZES,İzmir,ChIJ_Rq6pULcuxQR5ixZK9h6LOY,2.7,3,Otopark alanı çok dar ancak cihazlar çalışıyor
461107,VOLTRUN İzmir İstinyePark,Voltrun,İzmir,ChIJTdfiambduxQRXEP8D_GxTGg,3.0,5,En sık kullandığım şarj istasyonu. Sistemi en düzgün çalışan firmalardan biri.
461107,VOLTRUN İzmir İstinyePark,Voltrun,İzmir,ChIJTdfiambduxQRXEP8D_GxTGg,3.0,1,"Uygulama çalışmıyor, indirilemiyor"
461106,Wat Mobilite İzmir İstinyePark,WAT Mobilite,İzmir,ChIJMbcjPlDduxQRUlknGpeef48,1.0,1,Aracı şarja bıraktım döndüğümde ki manzara buydu! Karakola gittim şikayetçi oldum. Yasal süreç işleyecek artık.
461106,Wat Mobilite İzmir İstinyePark,WAT Mobilite,İzmir,ChIJMbcjPlDduxQRUlknGpeef48,1.0,1,Şarja başlamadan kredi kartınızdan 350 TL rehin bırakıyorsunuz sonra üstüne de şarj ücretini ödüyorsunuz. Bloke konulan 350 TL nizin de kartınıza geri dönüp dönmeyeceği belirsiz. Koç grubunun bu kadar müşteriye güvenmeden sunduğu fos bir servis.
461106,Wat Mobilite İzmir İstinyePark,WAT Mobilite,İzmir,ChIJMbcjPlDduxQRUlknGpeef48,1.0,1,"İstinye Park gibi büyük ve kurumsal bir avm neden watt gibi sorunları bitmek bilmeyen bir şarj istasyonu ile anlaşmış, anlayamıyorum. Tamamen kullanışsız, arıza kaydı oluştursanız bile basit bir sorun çözülemiyor ve şarj başlatılamıyor."
461106,Wat Mobilite İzmir İstinyePark,WAT Mobilite,İzmir,ChIJMbcjPlDduxQRUlknGpeef48,1.0,1,Uzak durun
461100,EŞarj Carrefoursa Gaziemir,Eşarj (TR),,ChIJf5w5JXbguxQR2WRNU6G-GmM,4.0,2,İstasyon yeri seçimi uygun değil. Boyalı alanlar dar kalmış. Otopark giriş çıkışına yok yakın ve İki araç olunca sıkışıyor.
461100,EŞarj Carrefoursa Gaziemir,Eşarj (TR),,ChIJf5w5JXbguxQR2WRNU6G-GmM,4.0,5,58 kW güç yeterli ;)
461080,ZES Svalinn Hotel,ZES,,ChIJJzHDeorfuxQRi_t0nncWjBk,2.8,1,"Otelin içine konulmuş,elektrikli araç sahiplerine şarj istasyonu olarak hizmet etmesi beklenirken,otel müşterilerine otopark olarak hizmet ediyor."
461080,ZES Svalinn Hotel,ZES,,ChIJJzHDeorfuxQRi_t0nncWjBk,2.8,1,"Otelin içinde olması nedeniyle, Şarj istasyonunu otopark olarak kullandırılması nedeniyle mağduriyetler yaşanıyor."
461080,ZES Svalinn Hotel,ZES,,ChIJJzHDeorfuxQRi_t0nncWjBk,2.8,5,"Sakin bir yer
Sıra beklemek zorunda kalmadım"
461035,Shell Mavişehir,Trugo (TR),İzmir,ChIJB0ympQrYuxQR7MB83y8411o,3.7,1,"Bayram kampanyası ile Trumore üzerinden şarja taktım ve uzun zamandır görmediğim enerji sistemi hatası aldım yeniden başlattım ama maalesef %37 ile 49 kwh üstü alamadım. Yeri de o kadar kötü yapılmış ki Togg ile sokete kablo yetsin diye  elektrik direğine sıfır yanaştım . Beklemeye oturmaya yer yok, bayraklı 1923 tower ın önünde beton bi yer var ona da bi bekçi dikmişler parasıyla hizmet alan bizleri kovuyor resmen . Aileme yapmış bu terbiyesizliği, Bana denk gelmedi gelseydi çok daha farklı olurdu . Kısacası istasyonu da kira ödenen bu işetmeyi de önermiyorum ! Haziran 2025"
461035,Shell Mavişehir,Trugo (TR),İzmir,ChIJB0ympQrYuxQR7MB83y8411o,3.7,2,"Yavaş şarj, tek araba 60 kw'ın üstüne çıkmıyor."
461035,Shell Mavişehir,Trugo (TR),İzmir,ChIJB0ympQrYuxQR7MB83y8411o,3.7,5,Konum olarak Güzel bir yerde.Bundan dolayı genelde dolu oluyor.rezervasyon yapılamıyor.
461035,Shell Mavişehir,Trugo (TR),İzmir,ChIJB0ympQrYuxQR7MB83y8411o,3.7,5,Yol üzerinde çok kolay bir yerde. Sorun yaşamadım
461035,Shell Mavişehir,Trugo (TR),İzmir,ChIJB0ympQrYuxQR7MB83y8411o,3.7,5,Mukemmel
460339,Otojet TotalEnergies Mehmetçik Vakfı Kurtköy İstanbul Yönü,Otojet,Pendik,ChIJJ8E6lBDXyhQRwEo_Az-DpNE,1.0,1,Çöp. Sürekli kesintiye uğruyor. Müşteri hizmetleri ilgili değil.
460338,Otojet Total Energies Mehmetçik Vakfı Kurtköy Ankara Yönü,Otojet,Pendik,ChIJJ8E6lBDXyhQRwEo_Az-DpNE,1.0,1,Çöp. Sürekli kesintiye uğruyor. Müşteri hizmetleri ilgili değil.
314081,Başakşehir Belediyesi Açık Otopark Ac,Toger (TR),Istanbul,ChIJCbjkbymvyhQRSFXEMhJNuSQ,3.7,1,DC şarj max 55 kW ile şarj ediyor. Hızlı şarj bekleyenler için hayal kırıklığı
314081,Başakşehir Belediyesi Açık Otopark Ac,Toger (TR),Istanbul,ChIJCbjkbymvyhQRSFXEMhJNuSQ,3.7,5,DC ve AC şarjı da denedim. Başarılı güzel.
314077,Kanlica Evleri,Toger (TR),Istanbul,ChIJ3-HNdBGvyhQRXuREhjdCIM0,5.0,5,"Tam girilen konumda 100-150 metre ileride.
Uygulama üzerinden 5 tane yanlış konuma gittikten sonra sonunda buldum şarj istasyonunu"
314077,Kanlica Evleri,Toger (TR),Istanbul,ChIJ3-HNdBGvyhQRXuREhjdCIM0,5.0,5,Uygulama kullanımı rahat şarjını bekletmiyor taktığınız gibi başlıyor makineleri sağlam hissiyat güzel
314077,Kanlica Evleri,Toger (TR),Istanbul,ChIJ3-HNdBGvyhQRXuREhjdCIM0,5.0,5,5 araba için yer var. Genelde boş yer oluyor. Sakin ve sessiz. Rahatça arabayı şarj edebilirsiniz.
314076,Model Kuyum Merkezi,Toger (TR),Istanbul,ChIJ3-HNdBGvyhQRXuREhjdCIM0,5.0,5,"Tam girilen konumda 100-150 metre ileride.
Uygulama üzerinden 5 tane yanlış konuma gittikten sonra sonunda buldum şarj istasyonunu"
314076,Model Kuyum Merkezi,Toger (TR),Istanbul,ChIJ3-HNdBGvyhQRXuREhjdCIM0,5.0,5,Uygulama kullanımı rahat şarjını bekletmiyor taktığınız gibi başlıyor makineleri sağlam hissiyat güzel
314076,Model Kuyum Merkezi,Toger (TR),Istanbul,ChIJ3-HNdBGvyhQRXuREhjdCIM0,5.0,5,5 araba için yer var. Genelde boş yer oluyor. Sakin ve sessiz. Rahatça arabayı şarj edebilirsiniz.
314074,Düden 3-4,Toger (TR),Istanbul,ChIJt-QxwHynyhQRGu9xaAkbtO4,3.0,3,120kw değil 60kw ile sınırlandırılmış şarj istasyonu.
314073,Yuvam Bahçeşehir Evleri 3,Toger (TR),Istanbul,ChIJt-QxwHynyhQRGu9xaAkbtO4,3.0,3,120kw değil 60kw ile sınırlandırılmış şarj istasyonu.
314072,Yuvam Bahçeşehir Evleri 1,Toger (TR),Istanbul,ChIJt-QxwHynyhQRGu9xaAkbtO4,3.0,3,120kw değil 60kw ile sınırlandırılmış şarj istasyonu.
314071,Fezapark Evleri Göztepe,Toger (TR),Istanbul,ChIJ5eNwKZmlyhQR-jfsfVtvnEk,4.3,5,Mall of AVM içerisinde hem AC hem DC şarj olması çok büyük avantaj bazen AVM’de iki 3 saat alışveriş yapmanız gerekiyor DC şarj pilinizi hemen doldurması sebebiyle araç başına gitmeniz araci almaniz gerekir ancak AC şarjın da olması size vakit kazandırıyor. Şarj etme konusunda herhangi bir sıkıntısını görmedim otoparkta park yeri aramadan direk götürüp bu firmadan şarja takıyorum
314071,Fezapark Evleri Göztepe,Toger (TR),Istanbul,ChIJ5eNwKZmlyhQR-jfsfVtvnEk,4.3,3,"Hangi kolon olduğunu yazmamışlar. Koca -1. Kat, nasıl bulabiliriz??"
314070,Retno Palm,Toger (TR),Istanbul,ChIJ5eNwKZmlyhQR-jfsfVtvnEk,4.3,5,Mall of AVM içerisinde hem AC hem DC şarj olması çok büyük avantaj bazen AVM’de iki 3 saat alışveriş yapmanız gerekiyor DC şarj pilinizi hemen doldurması sebebiyle araç başına gitmeniz araci almaniz gerekir ancak AC şarjın da olması size vakit kazandırıyor. Şarj etme konusunda herhangi bir sıkıntısını görmedim otoparkta park yeri aramadan direk götürüp bu firmadan şarja takıyorum
314070,Retno Palm,Toger (TR),Istanbul,ChIJ5eNwKZmlyhQR-jfsfVtvnEk,4.3,3,"Hangi kolon olduğunu yazmamışlar. Koca -1. Kat, nasıl bulabiliriz??"
314069,Önkar İnşaat Bağcilar,Toger (TR),Istanbul,ChIJ5eNwKZmlyhQR-jfsfVtvnEk,4.3,5,Mall of AVM içerisinde hem AC hem DC şarj olması çok büyük avantaj bazen AVM’de iki 3 saat alışveriş yapmanız gerekiyor DC şarj pilinizi hemen doldurması sebebiyle araç başına gitmeniz araci almaniz gerekir ancak AC şarjın da olması size vakit kazandırıyor. Şarj etme konusunda herhangi bir sıkıntısını görmedim otoparkta park yeri aramadan direk götürüp bu firmadan şarja takıyorum
314069,Önkar İnşaat Bağcilar,Toger (TR),Istanbul,ChIJ5eNwKZmlyhQR-jfsfVtvnEk,4.3,3,"Hangi kolon olduğunu yazmamışlar. Koca -1. Kat, nasıl bulabiliriz??"
312948,Kadoil RST Chargepoint,RST Charge Point,Merkez,ChIJ0QhNGADvxxQRDzchjw3CU-0,5.0,5,Konumu güzel yerde 93 kW ile şarj alıyorum sorunsuz
312487,Lumicle Canakkale 1915 Bati,Lumicle (TR),Geliboli,ChIJi-HKy0RvsRQR5lTiXkLUgB8,5.0,5,"Tesla Mode Y Juniper icin 54.4KW'i 44dk da tamamladi. İlk defa kullandim, bir sorun yasamadigim icin kullanmaya devam edecegim. Guncel fiyat 10,795TL"
312487,Lumicle Canakkale 1915 Bati,Lumicle (TR),Geliboli,ChIJi-HKy0RvsRQR5lTiXkLUgB8,5.0,5,Fiyat politikasi sebebiyle ilk tercih ettiğim istasyonlardan biri. Soğuk havaya rağmen hiz fena değildi.
312485,Lumicle Canakkale 1915 Dogu,Lumicle (TR),Gelibolu,ChIJi-HKy0RvsRQR5lTiXkLUgB8,5.0,5,"Tesla Mode Y Juniper icin 54.4KW'i 44dk da tamamladi. İlk defa kullandim, bir sorun yasamadigim icin kullanmaya devam edecegim. Guncel fiyat 10,795TL"
312485,Lumicle Canakkale 1915 Dogu,Lumicle (TR),Gelibolu,ChIJi-HKy0RvsRQR5lTiXkLUgB8,5.0,5,Fiyat politikasi sebebiyle ilk tercih ettiğim istasyonlardan biri. Soğuk havaya rağmen hiz fena değildi.
312479,Lumicle Miraplar,Lumicle (TR),Bandirma,ChIJ63-zBsfTtRQRd2gFYI8RaBo,4.8,5,"2x360kw, 3x de 180kw istasyon var

Keşke tesla araçların arayüzinde görünseymiş, böylece pil sıcak gelebilirdik. Bataryayı ısıtmadan gittiğimiz için 100kw üstünü göremedik"
312479,Lumicle Miraplar,Lumicle (TR),Bandirma,ChIJ63-zBsfTtRQRd2gFYI8RaBo,4.8,5,"360lik bir istasyon, 180lik paylaşımlı istasyonlar var. Yer yanlış, Starbucks in orada."
312371,Shell Gulbahce,Trugo (TR),Urla,ChIJSahOROWQuxQRkkquhN6r2w4,3.4,1,Sarj istasyonunda 2 soket var ve 2’si de calismiyor.
312371,Shell Gulbahce,Trugo (TR),Urla,ChIJSahOROWQuxQRkkquhN6r2w4,3.4,5,"Shell benzin istasyonunun içinde, 100 kw üstü kesintisiz veriyor, sorunsuz.."
312371,Shell Gulbahce,Trugo (TR),Urla,ChIJSahOROWQuxQRkkquhN6r2w4,3.4,1,Soldaki calismiyor
312361,Wat Mobilite Oksijen 122 Istanbul Yonu,WAT Mobilite,Karacabey,ChIJjYw8PxzhtRQRG_ownuorOIU,4.1,5,"sarj ve yanda kent cafe var
çay kahve tatlı oturma alanı yürüyüş için alanlar

yoldan duraktan önce belediye garajına doğru dönmez gerekir"
312361,Wat Mobilite Oksijen 122 Istanbul Yonu,WAT Mobilite,Karacabey,ChIJjYw8PxzhtRQRG_ownuorOIU,4.1,4,"Kolay bulunabilen bir nokta. Gece saatlerinde biraz tenha ama sessiz ve huzurlu bir ortamı var. 4 adet şarj slotu bulunuyor, bu da genel kullanım için yeterli oluyor. Ancak özellikle kalabalık günlerde bazı sürücülerin benzinli araçlarını önüne park etmesi erişim açısından zorluk çıkarabiliyor. Bu durum dışında konum ve kullanım açısından oldukça pratik bir şarj noktası."
312361,Wat Mobilite Oksijen 122 Istanbul Yonu,WAT Mobilite,Karacabey,ChIJjYw8PxzhtRQRG_ownuorOIU,4.1,5,Hem kolayca şarjı kullandım hem de Karacabey belediyesi kafede keyifle kahvemi yudumladım. Fiyatlar da ekonomikti. Süper hizmet
312361,Wat Mobilite Oksijen 122 Istanbul Yonu,WAT Mobilite,Karacabey,ChIJjYw8PxzhtRQRG_ownuorOIU,4.1,5,"arkadaşlar Bursa istikametinde petrol ofisinin geçtikten sonra Karacabey şantiyesi tabelası var oradan içeri girip kültür merkezi'nde devam ediyorsunuz sağ tarafta kalıyor kent kafenin önünde.

Kafesi var çay içersiniz uygun fiyatlı. Çevresi de park. Kamera ve güvenlik var."
312361,Wat Mobilite Oksijen 122 Istanbul Yonu,WAT Mobilite,Karacabey,ChIJjYw8PxzhtRQRG_ownuorOIU,4.1,5,"Elektrikli araç şarj istasyonu, yan tarafında kafe var aracınız sarj olurken orada oturup bekleyebilirsiniz."
312360,Wat Mobilite Oksijen 122 Izmir Yonu,WAT Mobilite,Karacabey,ChIJjYw8PxzhtRQRG_ownuorOIU,4.1,5,"sarj ve yanda kent cafe var
çay kahve tatlı oturma alanı yürüyüş için alanlar

yoldan duraktan önce belediye garajına doğru dönmez gerekir"
312360,Wat Mobilite Oksijen 122 Izmir Yonu,WAT Mobilite,Karacabey,ChIJjYw8PxzhtRQRG_ownuorOIU,4.1,4,"Kolay bulunabilen bir nokta. Gece saatlerinde biraz tenha ama sessiz ve huzurlu bir ortamı var. 4 adet şarj slotu bulunuyor, bu da genel kullanım için yeterli oluyor. Ancak özellikle kalabalık günlerde bazı sürücülerin benzinli araçlarını önüne park etmesi erişim açısından zorluk çıkarabiliyor. Bu durum dışında konum ve kullanım açısından oldukça pratik bir şarj noktası."
312360,Wat Mobilite Oksijen 122 Izmir Yonu,WAT Mobilite,Karacabey,ChIJjYw8PxzhtRQRG_ownuorOIU,4.1,5,Hem kolayca şarjı kullandım hem de Karacabey belediyesi kafede keyifle kahvemi yudumladım. Fiyatlar da ekonomikti. Süper hizmet
312360,Wat Mobilite Oksijen 122 Izmir Yonu,WAT Mobilite,Karacabey,ChIJjYw8PxzhtRQRG_ownuorOIU,4.1,5,"arkadaşlar Bursa istikametinde petrol ofisinin geçtikten sonra Karacabey şantiyesi tabelası var oradan içeri girip kültür merkezi'nde devam ediyorsunuz sağ tarafta kalıyor kent kafenin önünde.

Kafesi var çay içersiniz uygun fiyatlı. Çevresi de park. Kamera ve güvenlik var."
312360,Wat Mobilite Oksijen 122 Izmir Yonu,WAT Mobilite,Karacabey,ChIJjYw8PxzhtRQRG_ownuorOIU,4.1,5,"Elektrikli araç şarj istasyonu, yan tarafında kafe var aracınız sarj olurken orada oturup bekleyebilirsiniz."
312356,Shell Barikent,Shell Recharge Solutions (US),Inegol,ChIJ4WBIOybJyxQRDGfO6XFa0Zo,2.0,1,"İnegöl Bursa arası her geçişimde uğrarım güzel bir noktada . Ama 180 kW normal trugolar 11,8 TL iken shell recharge olanlar  15 TL den en pahalı fiyatları uygulamasından dolayı her yorumda böyle yıldız kıracağım ta ki fiyatlarını düzeltene kadar . Ayrıca bu istasyonda bekleme için yeşil alan olmasına rağmen kamelya bank vs yok."
312356,Shell Barikent,Shell Recharge Solutions (US),Inegol,ChIJ4WBIOybJyxQRDGfO6XFa0Zo,2.0,4,Çim sulama fıskiyelerimşarj istasyonlarını ıslatıyordu. Şarjın tamamlanmasını beklemedim.
312356,Shell Barikent,Shell Recharge Solutions (US),Inegol,ChIJ4WBIOybJyxQRDGfO6XFa0Zo,2.0,1,"Cocuk tuvaletinde kitli kaldık.
Bayram gunu korkuttunuz cocugu.
Duvarlara ""ilk cocuk tuvaleti"" yazmayla olmuyor..."
312355,Shell Inegol,Shell Recharge Solutions (US),Inegol,ChIJ4WBIOybJyxQRDGfO6XFa0Zo,2.0,1,"İnegöl Bursa arası her geçişimde uğrarım güzel bir noktada . Ama 180 kW normal trugolar 11,8 TL iken shell recharge olanlar  15 TL den en pahalı fiyatları uygulamasından dolayı her yorumda böyle yıldız kıracağım ta ki fiyatlarını düzeltene kadar . Ayrıca bu istasyonda bekleme için yeşil alan olmasına rağmen kamelya bank vs yok."
312355,Shell Inegol,Shell Recharge Solutions (US),Inegol,ChIJ4WBIOybJyxQRDGfO6XFa0Zo,2.0,4,Çim sulama fıskiyelerimşarj istasyonlarını ıslatıyordu. Şarjın tamamlanmasını beklemedim.
312355,Shell Inegol,Shell Recharge Solutions (US),Inegol,ChIJ4WBIOybJyxQRDGfO6XFa0Zo,2.0,1,"Cocuk tuvaletinde kitli kaldık.
Bayram gunu korkuttunuz cocugu.
Duvarlara ""ilk cocuk tuvaleti"" yazmayla olmuyor..."
312184,Total Energies Otojet,WAT Mobilite,Salihli,ChIJ85shCwBbuBQRXrLJfwyKywY,4.3,5,Başarılı istasyon doğru konumda şarj istasyonu yapılmış.
312184,Total Energies Otojet,WAT Mobilite,Salihli,ChIJ85shCwBbuBQRXrLJfwyKywY,4.3,5,Teslayla 180 i aldım helal olsun wat
312184,Total Energies Otojet,WAT Mobilite,Salihli,ChIJ85shCwBbuBQRXrLJfwyKywY,4.3,1,"Diğer bazı Wat istasyonları gibi, bu da yarı yarıya arıza veriyor. Her iki porttan da bağlantı kurulamıyor. Çok yazık."
312182,Opet Salihli Petrol Watt,WAT Mobilite,Salihli,ChIJ85shCwBbuBQRXrLJfwyKywY,4.3,5,Başarılı istasyon doğru konumda şarj istasyonu yapılmış.
312182,Opet Salihli Petrol Watt,WAT Mobilite,Salihli,ChIJ85shCwBbuBQRXrLJfwyKywY,4.3,5,Teslayla 180 i aldım helal olsun wat
312182,Opet Salihli Petrol Watt,WAT Mobilite,Salihli,ChIJ85shCwBbuBQRXrLJfwyKywY,4.3,1,"Diğer bazı Wat istasyonları gibi, bu da yarı yarıya arıza veriyor. Her iki porttan da bağlantı kurulamıyor. Çok yazık."
311689,Enza Home,En Yakıt (TR),Kutahya,ChIJ1xM1jl9IyRQRPYU8hulAPV0,3.0,1,Calismiyor hizmet dışı
311167,Başakşehir Belediye Kapalı Otopark Ac,Toger (TR),Istanbul,ChIJCbjkbymvyhQRSFXEMhJNuSQ,3.7,1,DC şarj max 55 kW ile şarj ediyor. Hızlı şarj bekleyenler için hayal kırıklığı
311167,Başakşehir Belediye Kapalı Otopark Ac,Toger (TR),Istanbul,ChIJCbjkbymvyhQRSFXEMhJNuSQ,3.7,5,DC ve AC şarjı da denedim. Başarılı güzel.
311165,Misstanbul Evleri 1. Ada,Toger (TR),Istanbul,ChIJ3-HNdBGvyhQRXuREhjdCIM0,5.0,5,"Tam girilen konumda 100-150 metre ileride.
Uygulama üzerinden 5 tane yanlış konuma gittikten sonra sonunda buldum şarj istasyonunu"
311165,Misstanbul Evleri 1. Ada,Toger (TR),Istanbul,ChIJ3-HNdBGvyhQRXuREhjdCIM0,5.0,5,Uygulama kullanımı rahat şarjını bekletmiyor taktığınız gibi başlıyor makineleri sağlam hissiyat güzel
311165,Misstanbul Evleri 1. Ada,Toger (TR),Istanbul,ChIJ3-HNdBGvyhQRXuREhjdCIM0,5.0,5,5 araba için yer var. Genelde boş yer oluyor. Sakin ve sessiz. Rahatça arabayı şarj edebilirsiniz.
311164,Bahçekent Tual 1,Toger (TR),Istanbul,ChIJt-QxwHynyhQRGu9xaAkbtO4,3.0,3,120kw değil 60kw ile sınırlandırılmış şarj istasyonu.
311161,Misstanbul Evleri 3. Ada E2,Toger (TR),Istanbul,ChIJ3-HNdBGvyhQRXuREhjdCIM0,5.0,5,"Tam girilen konumda 100-150 metre ileride.
Uygulama üzerinden 5 tane yanlış konuma gittikten sonra sonunda buldum şarj istasyonunu"
311161,Misstanbul Evleri 3. Ada E2,Toger (TR),Istanbul,ChIJ3-HNdBGvyhQRXuREhjdCIM0,5.0,5,Uygulama kullanımı rahat şarjını bekletmiyor taktığınız gibi başlıyor makineleri sağlam hissiyat güzel
311161,Misstanbul Evleri 3. Ada E2,Toger (TR),Istanbul,ChIJ3-HNdBGvyhQRXuREhjdCIM0,5.0,5,5 araba için yer var. Genelde boş yer oluyor. Sakin ve sessiz. Rahatça arabayı şarj edebilirsiniz.
311159,Misstanbul Evleri 3. Ada Ortak,Toger (TR),Istanbul,ChIJ3-HNdBGvyhQRXuREhjdCIM0,5.0,5,"Tam girilen konumda 100-150 metre ileride.
Uygulama üzerinden 5 tane yanlış konuma gittikten sonra sonunda buldum şarj istasyonunu"
311159,Misstanbul Evleri 3. Ada Ortak,Toger (TR),Istanbul,ChIJ3-HNdBGvyhQRXuREhjdCIM0,5.0,5,Uygulama kullanımı rahat şarjını bekletmiyor taktığınız gibi başlıyor makineleri sağlam hissiyat güzel
311159,Misstanbul Evleri 3. Ada Ortak,Toger (TR),Istanbul,ChIJ3-HNdBGvyhQRXuREhjdCIM0,5.0,5,5 araba için yer var. Genelde boş yer oluyor. Sakin ve sessiz. Rahatça arabayı şarj edebilirsiniz.
311158,Kayapark Sakura Evleri,Toger (TR),Istanbul,ChIJ4dFTigKmyhQR7UAHZ7eeOXw,1.0,1,"Böyle bir şans istasyonu Yok burada cemevi var böyle uygulama mı olur.

Yönetici birazdan mesaj yazacak şarj istasyonumuz orada vardır diye ona şimdiden söylüyorum gel bak var mı yok mu."
311158,Kayapark Sakura Evleri,Toger (TR),Istanbul,ChIJ4dFTigKmyhQR7UAHZ7eeOXw,1.0,1,Burada şarj istasyonu yok yanlış kaydedilmiş
311148,Gül 06 Sitesi,Toger (TR),Istanbul,ChIJt-QxwHynyhQRGu9xaAkbtO4,3.0,3,120kw değil 60kw ile sınırlandırılmış şarj istasyonu.
311147,Fezapark Evleri 102,Toger (TR),Istanbul,ChIJ5eNwKZmlyhQR-jfsfVtvnEk,4.3,5,Mall of AVM içerisinde hem AC hem DC şarj olması çok büyük avantaj bazen AVM’de iki 3 saat alışveriş yapmanız gerekiyor DC şarj pilinizi hemen doldurması sebebiyle araç başına gitmeniz araci almaniz gerekir ancak AC şarjın da olması size vakit kazandırıyor. Şarj etme konusunda herhangi bir sıkıntısını görmedim otoparkta park yeri aramadan direk götürüp bu firmadan şarja takıyorum
311147,Fezapark Evleri 102,Toger (TR),Istanbul,ChIJ5eNwKZmlyhQR-jfsfVtvnEk,4.3,3,"Hangi kolon olduğunu yazmamışlar. Koca -1. Kat, nasıl bulabiliriz??"
309012,Lumicle - O167 - İzmir Yönü ,Lumicle (TR),Celtikci,ChIJ8Q6m7ENzthQRsUOY5hrYX_A,5.0,5,"Çok kaliteli ve hızlı şarj istasyonları vardı.
Herkese tavsiye ederim"
309009,Lumicle - O135 - İstanbul Yönü ,Lumicle (TR),Karacabey,ChIJ_cKykBHltRQRBEtUq909B58,5.0,5,Tak çalıştır çalışmadı neden anlamadım ama mis gibi 140kw ile şarj yapıyor
309008,Lumicle - O135 - İzmir Yönü,Lumicle (TR),Karacabey,ChIJ_cKykBHltRQRBEtUq909B58,5.0,5,Tak çalıştır çalışmadı neden anlamadım ama mis gibi 140kw ile şarj yapıyor
308435,Trugo - O37 - İstanbul Yönü ,Trugo (TR),Orhangazi,ChIJBzh_H9_-yhQRClsnhpNTDLk,4.1,5,4 5 tane trugo var. 150 kw ile veriyor %50 nin altında.
308435,Trugo - O37 - İstanbul Yönü ,Trugo (TR),Orhangazi,ChIJBzh_H9_-yhQRClsnhpNTDLk,4.1,1,Çok pahalı
308435,Trugo - O37 - İstanbul Yönü ,Trugo (TR),Orhangazi,ChIJBzh_H9_-yhQRClsnhpNTDLk,4.1,4,محطة شحن سريع للمركبات الكهربائية
308433,Oksijen O3 Dilovası,Trugo (TR),Dilovası,ChIJ-40pUAAjyxQRG3JrVY7_cxE,4.6,4,Çok fazla şarj ünitesi olan bir yer gayet kolay ve hızlı şarj edilebilir
308433,Oksijen O3 Dilovası,Trugo (TR),Dilovası,ChIJ-40pUAAjyxQRG3JrVY7_cxE,4.6,5,100kw ile şarj aldım. Başarılı. QR zaman zaman okumuyor.
308433,Oksijen O3 Dilovası,Trugo (TR),Dilovası,ChIJ-40pUAAjyxQRG3JrVY7_cxE,4.6,5,Gayet hızlı ve konumu iyi
308433,Oksijen O3 Dilovası,Trugo (TR),Dilovası,ChIJ-40pUAAjyxQRG3JrVY7_cxE,4.6,5,Çok rahat çok profesyonel ;)
308041,Opet Astor Charge,Astor Şarj (TR),Kula,ChIJe-oPGAALuBQRtW2HTo-xQt4,4.3,5,"150 kw hız aldım. Başka astor istasyonlarını da kullandım, hız konusunda onlar da iyiydi. Tavsiye ederim, yoğunluk da yoktu."
308041,Opet Astor Charge,Astor Şarj (TR),Kula,ChIJe-oPGAALuBQRtW2HTo-xQt4,4.3,5,Astor her zaman tercih ettiğim istasyonlardan birisi. Hem fiyatı uygun hemde cihazları kaliteli. Teşekkürler
308041,Opet Astor Charge,Astor Şarj (TR),Kula,ChIJe-oPGAALuBQRtW2HTo-xQt4,4.3,5,"Opet istasyonu içinde 300 KW 2 adet ünite, aynı anda 4 araç çok rahat şarj edebilir,  konumu güzel şarj alanı geniş. ."
308041,Opet Astor Charge,Astor Şarj (TR),Kula,ChIJe-oPGAALuBQRtW2HTo-xQt4,4.3,5,Bulması ve şarj etmesi kolaydı... Ayrıca Uygun fiyatlı
308041,Opet Astor Charge,Astor Şarj (TR),Kula,ChIJe-oPGAALuBQRtW2HTo-xQt4,4.3,5,Uygun fiyat mükemmel altyapı.
308000,Tesla SC - O204 - İzmir Yönü,Tesla (including non-tesla),,ChIJEf4tZVFWthQR1V0YVbfOERw,4.8,5,"Tesla, Zes, Astor, Wat marka üniteler var. Herhangi birinde şarj edebilirsiniz. V3 cihazlar var."
308000,Tesla SC - O204 - İzmir Yönü,Tesla (including non-tesla),,ChIJEf4tZVFWthQR1V0YVbfOERw,4.8,5,Çok hızlı şarj ediyor memnun kaldık üstelik diğer şarj istasyonlarına göre en uygunu
308000,Tesla SC - O204 - İzmir Yönü,Tesla (including non-tesla),,ChIJEf4tZVFWthQR1V0YVbfOERw,4.8,4,Daha hızlı ve daha hızlı istasyon olmalı. Bazı üniteler arızalı bakılması lazım
308000,Tesla SC - O204 - İzmir Yönü,Tesla (including non-tesla),,ChIJEf4tZVFWthQR1V0YVbfOERw,4.8,5,Çok hızlı şar aldım
308000,Tesla SC - O204 - İzmir Yönü,Tesla (including non-tesla),,ChIJEf4tZVFWthQR1V0YVbfOERw,4.8,5,Her zamanki gibi en hizlisi
307886,Tavukcu Yakup Restoran,RST Charge Point,Gediz,ChIJ2cXOUABnyBQR7kilcgqVtT4,5.0,5,"Güzel şarj ediyor, tavsiye ederim."
307886,Tavukcu Yakup Restoran,RST Charge Point,Gediz,ChIJ2cXOUABnyBQR7kilcgqVtT4,5.0,5,Yeri kolay yol kenarında 80 kW civarı şarj ediyor işimi hallettim
307605,"OtoPriz Trabzon Ekmek, Avcılar - DC",Otopriz (Türkiye),Avcılar,ChIJ6eD2dwChyhQRqokX0tBVVF4,5.0,5,Güzel ama biraz pahlı sonuçta elektrik akar yakıt ile yarışmak zorunda değil
307605,"OtoPriz Trabzon Ekmek, Avcılar - DC",Otopriz (Türkiye),Avcılar,ChIJ6eD2dwChyhQRqokX0tBVVF4,5.0,5,"120 kw lik istasyon, 120 kw veriyor. Trugo hiç bir zaman böyle vermiyor. Teşekkürler otopriz"
307600,"OtoPriz Sultan Town, Sultangazi - DC",Otopriz (Türkiye),Sultangazi,ChIJ8-rNTwCxyhQR5iy-Xa5pW3A,5.0,5,"Sultan Town kapalı otoparkında. Giriş batı tarafta köşede, otopark tek kat, aşağı filan inme yok."
307198,TESLA SC Oksijen 068 İzmir Yönü,Tesla (including non-tesla),Bursa,ChIJaeFwhYMWyhQRmqi_He7JIVM,4.5,5,"iki adet 180w şarj istasyonu var, diğer cihazda şarj varken siz etkilenmiyorsunuz çünkü iki ayrı cihaz var"
307197,TESLA SC Oksijen 068 İstanbul Yönü,Tesla (including non-tesla),bursa,ChIJaeFwhYMWyhQRmqi_He7JIVM,4.5,5,"iki adet 180w şarj istasyonu var, diğer cihazda şarj varken siz etkilenmiyorsunuz çünkü iki ayrı cihaz var"
306297,"OtoPriz Kardelen, Çiftlikköy - DC",Otopriz (Türkiye),Çiftlikköy,ChIJxTcREhfjyhQRBho5dUuGNfw,5.0,5,120 kw görünüyor ama tek tabancadan en fazla 80kw veriyor. İki araç olunca 60kw ya düşüyor
306284,"OtoPriz Seyhanlar Çamlıca Gross 16, Nilüfer - DC",Otopriz (Türkiye),Nilüfer,ChIJ0ajcNwAXyhQRn22vmcLbbpM,3.9,5,Gayet müsait ve sakin
306284,"OtoPriz Seyhanlar Çamlıca Gross 16, Nilüfer - DC",Otopriz (Türkiye),Nilüfer,ChIJ0ajcNwAXyhQRn22vmcLbbpM,3.9,4,Sıkıntı yaşamadım lakin iki araç bağlı olduğunda aktarım hızı bayağı düşüyor
305476,Geldol - Demiröz Makina,Sharz.Net,Pendik,ChIJiXQIhBDayhQRIGqBqpLsEqc,3.0,1,ücretli otopark
305452,Geldol - Florence Nightingale,Sharz.Net,,ChIJ5ywM19XHyhQRTr7rMVE2_Lk,3.0,3,Fena değil
304974,Lumicle 10 Edremit sarıkız Olivecity,Lumicle (TR),Edremit,ChIJDdZ2mD3JsBQRa_fGGjtTSM8,4.0,5,Lumicle hesabınız varsa ve aracınız kayıtlıysa otomatik olarak şarj etmeye başlıyor. Tüm markalarda bu gerekli. Akçay çevresindeki en büyük şarj istasyonu. AC ve DC olarak 180kwden 22kw ye kadar 10un üzerinde seçenek var.
304974,Lumicle 10 Edremit sarıkız Olivecity,Lumicle (TR),Edremit,ChIJDdZ2mD3JsBQRa_fGGjtTSM8,4.0,5,"Hem ac hem dc olması avantaj işim uzundu ac'ye taktım. İşim bitince gelip sc'ye takıp yandaki fileye gittim. Ac'lerden biri bozuktu. Dc'lerin hızı farklı 180 olan var, 120 olan var. Hepsi 180 olsaydı iyiydi."
304299,EŞARJ Şenapa Gıda Torbalı,Eşarj (TR),Torbalı,ChIJ3fJUbiBFuRQR08NPJpwFVqM,4.0,4,"Gidiş yolu kötü, koca koca çukurlar var, aracın altını sürtmemek için çok dikkatli olmak gerekiyor.."
304249,MYZCO Şarj Arena Düğün Salonu,CV Charging Vehicles,Tire,ChIJe7snlVw9uRQRKGni2FUxADw,3.0,1,60 kW gösterip hiç araç olmamasına rağmen 28 üstünü görmedik
304247,WAT Mobilite Tınaztepe Hastahanesi Torbalı,WAT Mobilite,Torbalı,ChIJxyfWcshFuRQRn2b63yWDpHQ,3.0,5,Watt sarz ünitesi hastahane in arka tarafında kuytuda sıkıntısız şarj
304247,WAT Mobilite Tınaztepe Hastahanesi Torbalı,WAT Mobilite,Torbalı,ChIJxyfWcshFuRQRn2b63yWDpHQ,3.0,1,"Hastanenin arka tarafındadır, Google Haritalarda yanlış işaretlenmiştir."
304176,İstasyon Caddesi,ZES,Tire,ChIJe7snlVw9uRQRKGni2FUxADw,3.0,1,60 kW gösterip hiç araç olmamasına rağmen 28 üstünü görmedik
304017,"OtoPriz Zeruj, Pendik - DC-1",Otopriz (Türkiye),Pendik,ChIJwSoaXwDdyhQRrhdABDb-Yno,4.3,5,Konum olarak çok güzel bir yerde. Daha’da iyisi çok çabuk şarj ediyor🫶
304017,"OtoPriz Zeruj, Pendik - DC-1",Otopriz (Türkiye),Pendik,ChIJwSoaXwDdyhQRrhdABDb-Yno,4.3,5,24 saat açık bir otopark gece 3 gibi gelip aracımı şarja taktım kolay ve kullanışlıydı
304016,"OtoPriz Ada, Üsküdar - DC",Otopriz (Türkiye),Üsküdar,ChIJow99PgC3yhQR9x-fdStjDWo,3.7,1,Akşam saatinde otopark kapısı kapalı olduğu için şarj edemedik.
304015,"OtoPriz Bosspa, Bornova - DC",Otopriz (Türkiye),Bornova,ChIJFVa8dAB9uRQRi1-EanuxFoM,5.0,5,Bmw ix aracımı tam güçte hızlı bir şekilde şarj edebildim. Lokasyon temiz ve çalışanlar ilgili 👍
304015,"OtoPriz Bosspa, Bornova - DC",Otopriz (Türkiye),Bornova,ChIJFVa8dAB9uRQRi1-EanuxFoM,5.0,5,Kaliteli ve uygun sarj👍🏻 ustelik beklemeye de hic gerek yok
304015,"OtoPriz Bosspa, Bornova - DC",Otopriz (Türkiye),Bornova,ChIJFVa8dAB9uRQRi1-EanuxFoM,5.0,5,"Bosspa'nın tam önünde kolayca bulunabilir, uygun fiyatlı istasyon, sorunsuz"
303805,Bendis AVM,WAT Mobilite,Keşan,ChIJUwcb_BPGsxQRy9HzSxpz-OU,1.3,1,Sağdaki konnektörü cihazdan ayırmak için basılacak tuş sıkışmış. Konnektör cihazdan ayrılmıyor
303805,Bendis AVM,WAT Mobilite,Keşan,ChIJUwcb_BPGsxQRy9HzSxpz-OU,1.3,1,60 Kw lik makine ama 120 Kw gibi ücretlendirme yapılıyor!!
303802,WAT mobilite Tınaztepe Hastanesi,WAT Mobilite,Torbalı,ChIJxyfWcshFuRQRn2b63yWDpHQ,3.0,5,Watt sarz ünitesi hastahane in arka tarafında kuytuda sıkıntısız şarj
303802,WAT mobilite Tınaztepe Hastanesi,WAT Mobilite,Torbalı,ChIJxyfWcshFuRQRn2b63yWDpHQ,3.0,1,"Hastanenin arka tarafındadır, Google Haritalarda yanlış işaretlenmiştir."
303610,"OtoPriz Vizyon Park, Kartal - DC-2",Otopriz (Türkiye),Kartal,ChIJvTLENQDFyhQRqa2eEPTPGtc,3.3,5,119/120 tam verimli çalışıyor
303610,"OtoPriz Vizyon Park, Kartal - DC-2",Otopriz (Türkiye),Kartal,ChIJvTLENQDFyhQRqa2eEPTPGtc,3.3,1,Yazılım hatalı.. Birçok denemeye rağmen  başarısız oldu.. Üstelik işlem başlangıcında girdiğiniz  tutar otomatik kartinızdan çekiliyor..Deneyecek olanlara sabır  diliyorum.
303608,"OtoPriz Dembeller, Pendik - DC",Otopriz (Türkiye),Pendik,ChIJqWm1VADbyhQRrAGJEw4jONE,3.0,1,2 adet araç yeri var ve hep üzerlerine normal araba park ediyorlar. Firmaya ulaşabilsem hep plakaları atacaktım ama ulaşamadım. Bence web sitenize WhatsApp destek ekleyin ve oraya bu tarz şeyleri bildirsin insanlar.
303603,"OtoPriz La Quinta, Bağcılar - DC",Otopriz (Türkiye),Bağcılar,ChIJBScceAClyhQRdN4pU2S5j1s,3.3,1,Çalışmayan istasyon ve ilgisiz firma kesinlik tavsiye etmem
303603,"OtoPriz La Quinta, Bağcılar - DC",Otopriz (Türkiye),Bağcılar,ChIJBScceAClyhQRdN4pU2S5j1s,3.3,5,"Daha fazla olmasi lazim, gayet kolay yerde"
303596,"OtoPriz Aslı, Ümraniye - DC",Otopriz (Türkiye),Ümraniye ,ChIJhz0GCwDPyhQRcyU28Lr6UZQ,4.2,1,Geçtiğimiz günlerde işyerimin yakın olması sebebiyle burada bulunan kafede öğle yemeğimi yemek istedim ve bu süredede aracımı şarj etmek istedim. Fakat elektrikli şarj istasyonlarına parkedilen benzinli araçlarmı dersinz yoksa güvenliğin başından salmasımı dersniz . Otopriz firmasına yakıştırmadım açıkçası. Bu durumu ilk defa yaşamıyorum iki defa geldm ve ikisindede aynı manzarayla karşılaştım.
303596,"OtoPriz Aslı, Ümraniye - DC",Otopriz (Türkiye),Ümraniye ,ChIJhz0GCwDPyhQRcyU28Lr6UZQ,4.2,5,Uygun fiyata kaliteli şarj deneyimi.
303594,"OtoPriz Ramada Florya, Bakırköy - DC",Otopriz (Türkiye),Küçükçekmece,ChIJkw6XSgCjyhQRVB3FhJ4MkmY,1.0,1,Şarj yeri elektrikli olmayan araçlar tarafından işgal ediliyor şarj edemiyorsunuz.
303593,"OtoPriz File Liv, Beylikdüzü - DC",Otopriz (Türkiye),Beylikdüzü,ChIJ6eD2dwChyhQRqokX0tBVVF4,5.0,5,Güzel ama biraz pahlı sonuçta elektrik akar yakıt ile yarışmak zorunda değil
303593,"OtoPriz File Liv, Beylikdüzü - DC",Otopriz (Türkiye),Beylikdüzü,ChIJ6eD2dwChyhQRqokX0tBVVF4,5.0,5,"120 kw lik istasyon, 120 kw veriyor. Trugo hiç bir zaman böyle vermiyor. Teşekkürler otopriz"
302558,GIOEV Selway Doğu,GioEV (TR),,ChIJZ4xk9G3duxQRCUR7njSm7bo,3.7,5,"Yorumları incelediğimde genellikle Batı Selway fotoğrafları ve yorumları gördüm. Yukarıdan aşağı yöne inerken lastikçiyi geçip sağ, ardından hemen sol yapınca istasyonu bulabilirsiniz, haritada işaretlenen noktanın kuzeyinde kalıyor. 6 istasyon var ama 2'si genellikle kapalı oluyor. Aynı anda 4 araç şarj olurken 130kW'a kadar güç alabildim."
302558,GIOEV Selway Doğu,GioEV (TR),,ChIJZ4xk9G3duxQRCUR7njSm7bo,3.7,5,Çok hızlı şarj ediyor ve slotlar çok fazla. Çok iyi yapmışlar
302558,GIOEV Selway Doğu,GioEV (TR),,ChIJZ4xk9G3duxQRCUR7njSm7bo,3.7,5,"Çok hızlı, parkı rahat, güzel bir şarj istasyonu."
302558,GIOEV Selway Doğu,GioEV (TR),,ChIJZ4xk9G3duxQRCUR7njSm7bo,3.7,5,Park yeri musait. Yokuş çıkarken sağdaki alanda. 2 DC istasyon aynı anda 2 şer den 4 araç şarjı olabilir. Ortadaki ac uzun sarj ünitesi.
302558,GIOEV Selway Doğu,GioEV (TR),,ChIJZ4xk9G3duxQRCUR7njSm7bo,3.7,1,Belçika’dan İzmir’e kadar sorunsuz şarj yaparak geldik. Maalesef Selway Outlet Doğu tarafında bir buçuk saattdir 6 kez yardım hattını aramamıza rağmen destek göremedik. Zes ve Eşarj da gördüğümüz hizmeti alamadık.
301960,Kanuni Caddesi,Eşarj (TR),Nilüfer,ChIJ5crkUSIUyhQRddEYw-PF0_E,1.0,1,Şarj istasyonu kaldırıldı
300904,Trugo Shell Bergama,Trugo (TR),Bergama,ChIJFdZDvF8cuhQRWvHJmzLYHiM,4.2,3,Ben 88kw alabilen cihazımla max 55 kw alabildim. O yüzden verdiğim paraya üzüldüm.
300904,Trugo Shell Bergama,Trugo (TR),Bergama,ChIJFdZDvF8cuhQRWvHJmzLYHiM,4.2,5,Gayet iyi çalışıyor. Benzinlikte ücretsiz kullanabileceğiniz kahve makinesi var.
300904,Trugo Shell Bergama,Trugo (TR),Bergama,ChIJFdZDvF8cuhQRWvHJmzLYHiM,4.2,5,Sorunsuz çalışıyor. 15 dakikada şarj ettim.
300654,Malkara-Çanakkale Otoyolu,En Yakıt (TR),Gelibolu,ChIJs2eDVwBvsRQRbh5HvcGa-B8,4.0,4,Thy mil programında kazandığım milleri kw a çevirdim. Başarılı bir uygulama. Cüzdanımdaki kw ları bitirene kadar kullanacağım. Belki alışkanlık olur devam ederim.
300552,360 Bahcesehir Park,Astor Şarj (TR),Başakşehir,ChIJ3-HNdBGvyhQRXuREhjdCIM0,5.0,5,"Tam girilen konumda 100-150 metre ileride.
Uygulama üzerinden 5 tane yanlış konuma gittikten sonra sonunda buldum şarj istasyonunu"
300552,360 Bahcesehir Park,Astor Şarj (TR),Başakşehir,ChIJ3-HNdBGvyhQRXuREhjdCIM0,5.0,5,Uygulama kullanımı rahat şarjını bekletmiyor taktığınız gibi başlıyor makineleri sağlam hissiyat güzel
300552,360 Bahcesehir Park,Astor Şarj (TR),Başakşehir,ChIJ3-HNdBGvyhQRXuREhjdCIM0,5.0,5,5 araba için yer var. Genelde boş yer oluyor. Sakin ve sessiz. Rahatça arabayı şarj edebilirsiniz.
300551,Ispartakule Caddesi,Astor Şarj (TR),Başakşehir,ChIJ3-HNdBGvyhQRXuREhjdCIM0,5.0,5,"Tam girilen konumda 100-150 metre ileride.
Uygulama üzerinden 5 tane yanlış konuma gittikten sonra sonunda buldum şarj istasyonunu"
300551,Ispartakule Caddesi,Astor Şarj (TR),Başakşehir,ChIJ3-HNdBGvyhQRXuREhjdCIM0,5.0,5,Uygulama kullanımı rahat şarjını bekletmiyor taktığınız gibi başlıyor makineleri sağlam hissiyat güzel
300551,Ispartakule Caddesi,Astor Şarj (TR),Başakşehir,ChIJ3-HNdBGvyhQRXuREhjdCIM0,5.0,5,5 araba için yer var. Genelde boş yer oluyor. Sakin ve sessiz. Rahatça arabayı şarj edebilirsiniz.
300550,Kelebek Sokak,Voltrun,Başakşehir,ChIJpzcGKY-vyhQRariGqgLaqyM,3.3,4,harika
300550,Kelebek Sokak,Voltrun,Başakşehir,ChIJpzcGKY-vyhQRariGqgLaqyM,3.3,5,Harika
300549,TRUGO SHELL,Trugo (TR),ISTANBUL,ChIJw0Y3G7CnyhQRg3WNGrfBfKY,2.0,1,60kw veriyor. Neden sinirlama koyuyorsunuzki?
300549,TRUGO SHELL,Trugo (TR),ISTANBUL,ChIJw0Y3G7CnyhQRg3WNGrfBfKY,2.0,1,Sarj gucu 50 kw civarinda veriyordu bu istasyon sikintili
299818,Autopia Otomobil Avm,Toger (TR),Istanbul,ChIJYzY8FQRftRQRVfJpKfS3d4A,2.0,2,"Ac olduğuna dair bir ibare koyulsa insanlar boşuna gelmez. Avm içinde en alt katta arada bir yerde şarj aletleri. Duvardan ac şarj. Ben şarj etmedim, eden vardı. Hızını vs bilemiyorum."
299649,Powerşarj - Demir Country Kapalı Otopark,Powerşarj,İstanbul,ChIJjxx-JABftRQROHJYnlnke7Q,3.5,3,QR kod okutma çalışmıyor. Şuraya iki etiket yapıştırıp soket ID numaralarını yazmak çok mu zor?
299649,Powerşarj - Demir Country Kapalı Otopark,Powerşarj,İstanbul,ChIJjxx-JABftRQROHJYnlnke7Q,3.5,1,"Çok kötü hizmet, hiçbir zaman çalışmıyor ve normal arabalar burayı park alanı olarak kullanıyor"
299648,Powerşarj - Demir Country Galata Kulesi,Powerşarj,İstanbul,ChIJjxx-JABftRQROHJYnlnke7Q,3.5,3,QR kod okutma çalışmıyor. Şuraya iki etiket yapıştırıp soket ID numaralarını yazmak çok mu zor?
299648,Powerşarj - Demir Country Galata Kulesi,Powerşarj,İstanbul,ChIJjxx-JABftRQROHJYnlnke7Q,3.5,1,"Çok kötü hizmet, hiçbir zaman çalışmıyor ve normal arabalar burayı park alanı olarak kullanıyor"
299628,Başakşehir Millet Bahçesi,Toger (TR),Istanbul,ChIJCbjkbymvyhQRSFXEMhJNuSQ,3.7,1,DC şarj max 55 kW ile şarj ediyor. Hızlı şarj bekleyenler için hayal kırıklığı
299628,Başakşehir Millet Bahçesi,Toger (TR),Istanbul,ChIJCbjkbymvyhQRSFXEMhJNuSQ,3.7,5,DC ve AC şarjı da denedim. Başarılı güzel.
299623,Başakşehir Livinglab,Toger (TR),Istanbul,ChIJ3-HNdBGvyhQRXuREhjdCIM0,5.0,5,"Tam girilen konumda 100-150 metre ileride.
Uygulama üzerinden 5 tane yanlış konuma gittikten sonra sonunda buldum şarj istasyonunu"
299623,Başakşehir Livinglab,Toger (TR),Istanbul,ChIJ3-HNdBGvyhQRXuREhjdCIM0,5.0,5,Uygulama kullanımı rahat şarjını bekletmiyor taktığınız gibi başlıyor makineleri sağlam hissiyat güzel
299623,Başakşehir Livinglab,Toger (TR),Istanbul,ChIJ3-HNdBGvyhQRXuREhjdCIM0,5.0,5,5 araba için yer var. Genelde boş yer oluyor. Sakin ve sessiz. Rahatça arabayı şarj edebilirsiniz.
299622,Misstanbul Evleri 2. Ada,Toger (TR),Istanbul,ChIJ3-HNdBGvyhQRXuREhjdCIM0,5.0,5,"Tam girilen konumda 100-150 metre ileride.
Uygulama üzerinden 5 tane yanlış konuma gittikten sonra sonunda buldum şarj istasyonunu"
299622,Misstanbul Evleri 2. Ada,Toger (TR),Istanbul,ChIJ3-HNdBGvyhQRXuREhjdCIM0,5.0,5,Uygulama kullanımı rahat şarjını bekletmiyor taktığınız gibi başlıyor makineleri sağlam hissiyat güzel
299622,Misstanbul Evleri 2. Ada,Toger (TR),Istanbul,ChIJ3-HNdBGvyhQRXuREhjdCIM0,5.0,5,5 araba için yer var. Genelde boş yer oluyor. Sakin ve sessiz. Rahatça arabayı şarj edebilirsiniz.
299621,Semt Bahçekent 2,Toger (TR),Istanbul,ChIJl2P2Kl5YtRQR_R2lZNrxsBs,5.0,5,Çok iyi
299616,Şelalepark Sosyal Tesisler,Toger (TR),Istanbul,ChIJt-QxwHynyhQRGu9xaAkbtO4,3.0,3,120kw değil 60kw ile sınırlandırılmış şarj istasyonu.
299615,Bahçeşehir Spor Parkı,Toger (TR),Istanbul,ChIJt-QxwHynyhQRGu9xaAkbtO4,3.0,3,120kw değil 60kw ile sınırlandırılmış şarj istasyonu.
299613,Mall Of İstanbul,Toger (TR),Istanbul,ChIJ5eNwKZmlyhQR-jfsfVtvnEk,4.3,5,Mall of AVM içerisinde hem AC hem DC şarj olması çok büyük avantaj bazen AVM’de iki 3 saat alışveriş yapmanız gerekiyor DC şarj pilinizi hemen doldurması sebebiyle araç başına gitmeniz araci almaniz gerekir ancak AC şarjın da olması size vakit kazandırıyor. Şarj etme konusunda herhangi bir sıkıntısını görmedim otoparkta park yeri aramadan direk götürüp bu firmadan şarja takıyorum
299613,Mall Of İstanbul,Toger (TR),Istanbul,ChIJ5eNwKZmlyhQR-jfsfVtvnEk,4.3,3,"Hangi kolon olduğunu yazmamışlar. Koca -1. Kat, nasıl bulabiliriz??"
299492,AhmetBesim Uyal Caddesi,En Yakıt (TR),Urla,ChIJGXDgSgCTuxQR0MjU1Ofpl0s,5.0,5,EnYakit sarj istasyonu 150kW tek cihazda paylasimli 2 sarj kablosu var.
299258,WAT Mobilite Koçtaş Dikili,WAT Mobilite,dikili,ChIJuzmc36ERuhQRxZ_hkeSjK4E,4.8,5,"Dikili de benim elim ayağımdı… Ancak sabah gelip şarj etmeye çalıştım. Cihazın devre dışı olduğunu gördüm. İrtibata geçtiğimde ise saha görevlilerinin ilgileneceği ama ne zaman olduğunu bilmedikleri iletildi. İnşallah biran önce yapılır… Çünkü bu bölgede başka yok…

1 gün içerisinde arıza giderildi. Şarj sorunsuz bir şekilde yapılıyor…"
299258,WAT Mobilite Koçtaş Dikili,WAT Mobilite,dikili,ChIJuzmc36ERuhQRxZ_hkeSjK4E,4.8,5,"Çok iyi, yüksek hız. Sessiz, Sakin… belki bir çöp kutu olsa daha iyi olabilir di."
299258,WAT Mobilite Koçtaş Dikili,WAT Mobilite,dikili,ChIJuzmc36ERuhQRxZ_hkeSjK4E,4.8,3,"Dikilide tek hızlı şarj istasyonu diye uzun yoldan güvenerek geldik. Byd aracımızı şarj edemedik. Diğer araçlarda sorun olmuyormuş, şansımıza biz şarj yapamadık. Çalışanlar da uzaktan yardımcı olmaya çalıştı ama olumsuz sonuçlandı."
299258,WAT Mobilite Koçtaş Dikili,WAT Mobilite,dikili,ChIJuzmc36ERuhQRxZ_hkeSjK4E,4.8,4,İstasyonun yeri çok saçma bir yerde. Benzinlik sonrası demir kapıyla girilen özel bir mülkün bahçesinde. Buradan 2 kez şarj aldım. İkisinde de 70kw yı geçemedik.
299258,WAT Mobilite Koçtaş Dikili,WAT Mobilite,dikili,ChIJuzmc36ERuhQRxZ_hkeSjK4E,4.8,5,"Simdi kullandim. Watt en iyisi. Migrosun yanindaki iki tane de bozuk idi, kullanamadim"
298994,Toger Başakşehir test 2,Trugo (TR),İstanbul,ChIJ47vXC9q6yhQRPgmpd4vsiVA,2.7,1,"Yorumlarda site içinde yazıyor. Hastanenin arka girişinden giriliyor, site içinde değil. Ama yine de trugodan memnun değilim"
298994,Toger Başakşehir test 2,Trugo (TR),İstanbul,ChIJ47vXC9q6yhQRPgmpd4vsiVA,2.7,1,Sitenin içerisine koymuşsunuz uygulamada herkese acık yazıyor gidiyorsun içeri almıyorlar var mı böyle saçmalık çıkartamıyormuşun uygulamadan bunu insaları uğraştırıyorsunuz
298994,Toger Başakşehir test 2,Trugo (TR),İstanbul,ChIJ47vXC9q6yhQRPgmpd4vsiVA,2.7,1,Boşu boşuna gitmeyin site sakinlerine aitmiş. Site sakinlerine ait ise uygulamada niye görünüyor. Bağcılarda tek bir tane şarj istasyonu bar o da siteye ait nerede şarj edecek bu insanlar
298994,Toger Başakşehir test 2,Trugo (TR),İstanbul,ChIJ47vXC9q6yhQRPgmpd4vsiVA,2.7,5,"Şarj alanı boştu. Çevresi de müsait ve geniş. Hızlı şarj dolumu yapıp çıktım.
Giriş hastane ana kapısından girip sağ taraftan aşağıya iniyorsunuz"
298994,Toger Başakşehir test 2,Trugo (TR),İstanbul,ChIJ47vXC9q6yhQRPgmpd4vsiVA,2.7,5,Haritada yanlış konumda hastanenin arka giriş kapısından içeri girmeniz gerekiyor
298993,Toger Başakşehir,Trugo (TR),İstanbul,ChIJ47vXC9q6yhQRPgmpd4vsiVA,2.7,1,"Yorumlarda site içinde yazıyor. Hastanenin arka girişinden giriliyor, site içinde değil. Ama yine de trugodan memnun değilim"
298993,Toger Başakşehir,Trugo (TR),İstanbul,ChIJ47vXC9q6yhQRPgmpd4vsiVA,2.7,1,Sitenin içerisine koymuşsunuz uygulamada herkese acık yazıyor gidiyorsun içeri almıyorlar var mı böyle saçmalık çıkartamıyormuşun uygulamadan bunu insaları uğraştırıyorsunuz
298993,Toger Başakşehir,Trugo (TR),İstanbul,ChIJ47vXC9q6yhQRPgmpd4vsiVA,2.7,1,Boşu boşuna gitmeyin site sakinlerine aitmiş. Site sakinlerine ait ise uygulamada niye görünüyor. Bağcılarda tek bir tane şarj istasyonu bar o da siteye ait nerede şarj edecek bu insanlar
298993,Toger Başakşehir,Trugo (TR),İstanbul,ChIJ47vXC9q6yhQRPgmpd4vsiVA,2.7,5,"Şarj alanı boştu. Çevresi de müsait ve geniş. Hızlı şarj dolumu yapıp çıktım.
Giriş hastane ana kapısından girip sağ taraftan aşağıya iniyorsunuz"
298993,Toger Başakşehir,Trugo (TR),İstanbul,ChIJ47vXC9q6yhQRPgmpd4vsiVA,2.7,5,Haritada yanlış konumda hastanenin arka giriş kapısından içeri girmeniz gerekiyor
298992,Toger Başakşehir,ToraŞarj (TR),İstanbul,ChIJ2V8PnaaxyhQR7n9BqI0W0Qo,5.0,5,"Geniş ürün yelpazesi, yenilikçi firma ."
298992,Toger Başakşehir,ToraŞarj (TR),İstanbul,ChIJ2V8PnaaxyhQR7n9BqI0W0Qo,5.0,5,Araçlarınızı kolaylıkla şarj edebilirsiniz
298440,ŞARJON BAMBOO AVM,Şarjon (TR),Urla,ChIJedpxKpiUuxQR-t8GQf4WhZw,2.5,3,Avm nin istasyonu olduğu için midir nedir anlamadım 50 kw yı geçemedim ama sonradan yanıma togg yanaştı benim hala 50 idi yanımdaki 80 kw ile aldı neden böyle durum oldu bilmiyorum
297824,Ekrem Kurt Bulvarı,Voltrun,Bakırköy,ChIJiQLhWqW8yhQRGQztz87yMfM,2.5,1,04.12.2025 tarihinde aracımı capcity avm’de bulunan voltrun şarj istasyonunda şarja taktım. Sorunlu olan istasyon aracımın şarjını bir süreliğine kesip daha sonra tekrar enerji vermiş. Bu süre içerisindede benden işgaliye adı altında ücret kesintisi yapmıştır. Bahse konu olan istasyonda daha öncede yaşadığım aynı problemden dolayı müşteri hizmetlerine yaşadığım sorunu ilettim. Ancak hiçbir şekilde ilgilenilmediğini görüyorum.
297824,Ekrem Kurt Bulvarı,Voltrun,Bakırköy,ChIJiQLhWqW8yhQRGQztz87yMfM,2.5,4,İstasyonların daha iyi müsait yerlere ve Airport AVM açık parkına Şarj istasyonu kurulumu bekliyoruz en azından 2 li tek istasyon iyi olur teşekkürler 🙂
296278,Powerşarj - Demir Country,Powerşarj,İstanbul,ChIJjxx-JABftRQROHJYnlnke7Q,3.5,3,QR kod okutma çalışmıyor. Şuraya iki etiket yapıştırıp soket ID numaralarını yazmak çok mu zor?
296278,Powerşarj - Demir Country,Powerşarj,İstanbul,ChIJjxx-JABftRQROHJYnlnke7Q,3.5,1,"Çok kötü hizmet, hiçbir zaman çalışmıyor ve normal arabalar burayı park alanı olarak kullanıyor"
296277,Powerşarj - SsangYong Şahsuvaroğlu Tesisleri Tekirdağ,Powerşarj,Tekirdağ,ChIJ629gZoCKtBQRSxTPyp7Q87U,5.0,5,Şimdilik benim için avantajlı bir şarj istasyonu. Bir sorun yaşamadım.
295939,ZES Hampton by Hilton Aliağa,ZES,Aliağa,ChIJhcldKzs7uhQRgWhuUPXNnAY,4.3,5,Otel dışı giriş de serbest. Otelde o sürede kahve ikramı da yapıyorlar. 60kw değil ama 45kw veriyor. 22lik dışarıda. Ararken zorlanmayın.
295939,ZES Hampton by Hilton Aliağa,ZES,Aliağa,ChIJhcldKzs7uhQRgWhuUPXNnAY,4.3,5,50 kW/h ile dolum sağladım. Şarj istasyonu Hilton otelinin otoparkında.
295939,ZES Hampton by Hilton Aliağa,ZES,Aliağa,ChIJhcldKzs7uhQRgWhuUPXNnAY,4.3,2,60kw yazıyor 45kw verebiliyor en fazla.
295939,ZES Hampton by Hilton Aliağa,ZES,Aliağa,ChIJhcldKzs7uhQRgWhuUPXNnAY,4.3,5,İkisi de çalışıyor.Otel personeli çok güler yüzlüler .
295883,ZES Torbalı Tınaztepe Hastanesi,ZES,izmir,ChIJNzoh70_ZuxQRL_hoStY0-ZQ,1.7,5,"Dünkü deneyimimş zes e sistemleri üzerinden iletmiştim ve hemen bugün yaptıkları düzenlemeyi bildirdiler. Teşekkürler müşterilerinizin yorumlarına değer verdiğiniz için, yine ücretli tabii ki ama en azından sistemde burada şarj edinden adrese ulaştığımızda artık otoparkın ücretli olduğunu biliyor olacağız, gideceğiz veya gitmeyeceğiz. İlginiz için gerçekten teşekkürler"
295883,ZES Torbalı Tınaztepe Hastanesi,ZES,izmir,ChIJNzoh70_ZuxQRL_hoStY0-ZQ,1.7,1,Otele haracınızı vermeden şarj edemiyorsunuz. İzmir’de elektrikli araba kullanmak için sanırım 100 yıl geçmesi gerekiyor.
295883,ZES Torbalı Tınaztepe Hastanesi,ZES,izmir,ChIJNzoh70_ZuxQRL_hoStY0-ZQ,1.7,1,Araci sarj etmek için otel otopark parasi alıyor. Güncel fiyat 1 saat 160tl.
295883,ZES Torbalı Tınaztepe Hastanesi,ZES,izmir,ChIJNzoh70_ZuxQRL_hoStY0-ZQ,1.7,1,Otelin önünde ve Aracınızı şarj etmek için gittiginizde otel sizden otopark ücreti istiyor. Bize söylenen 1 saat 130 TL otopark ücreti
295883,ZES Torbalı Tınaztepe Hastanesi,ZES,izmir,ChIJNzoh70_ZuxQRL_hoStY0-ZQ,1.7,1,"İstasyon çok iyi yüzde 1'den 85'e 55 dakikada şarj yaptım.
Ancak istasyonda 1 saat için 130 lira otopark ücreti ödemeniz gerek.
Bunun için 1 yıldız veriyorum.
Yüzde 1 şarjım kalmasa girmezdim.
İzmir şarj istasyonları konusunda da fakir bir şehir."
291194,Powerşarj - Fitness-G Spor ve Sağlıklı Yaşam Merkezi,Powerşarj,Kocaeli,ChIJ91CtDQAhyxQRHyH9jeT1Qj0,4.2,5,2 adet 180 kilowatt Soket 1 adet 60 kilowatt soket var. Gebze mutlukent bölgesinde bulunan tek elektrikli araç şarj istasyonu. kullanımı gayet kolay. fiyatlar rekabetçi. yerine ulaşım çok iyi. önünde otoparkı her zaman boş olarak bulunuyor.
291194,Powerşarj - Fitness-G Spor ve Sağlıklı Yaşam Merkezi,Powerşarj,Kocaeli,ChIJ91CtDQAhyxQRHyH9jeT1Qj0,4.2,5,"Yenikent Mahallesi Mutlukent bulvarın da bulunan tek şarj istasyonu.. extradan yakında otopark mevcuttur. Hemen yanında market mevcuttur. Yakında halka açık futbol sahası mevcuttur.
Daha fazla oluşumların olmasını temenni ediyoruz.

Yeni yerler ve tavsiyeler için takipte kalın."
291194,Powerşarj - Fitness-G Spor ve Sağlıklı Yaşam Merkezi,Powerşarj,Kocaeli,ChIJ91CtDQAhyxQRHyH9jeT1Qj0,4.2,4,180 kW hızda 2 soket ve 60 kW hızında 1 soket var. Ben maksimum 90 kW ile şarj edebildim.
291194,Powerşarj - Fitness-G Spor ve Sağlıklı Yaşam Merkezi,Powerşarj,Kocaeli,ChIJ91CtDQAhyxQRHyH9jeT1Qj0,4.2,3,Surekli ariza veriyor.
289933,Powerşarj - TECO Banban Petrol,Powerşarj,Balıkesir,ChIJ7xFvLBwAtxQRPJ7uMUu2V8w,5.0,5,İki ünite var. Dibindeki Starbucks açılmış ve aracınız şarj olurken kahvenizi içebilirsiniz.
289933,Powerşarj - TECO Banban Petrol,Powerşarj,Balıkesir,ChIJ7xFvLBwAtxQRPJ7uMUu2V8w,5.0,5,"Yakında on on ,Microsoft var"
289548,Özel Medifema Hastanesi AC Şarj İstasyonu,WAT Mobilite,İzmir,ChIJSbmxDkbZuxQRpo6n-1fR6VQ,1.0,1,Bariyerle kapalı. Halka açık yazıyor ama değil. Zaten önü de otopark olarak kullanılmış.
289548,Özel Medifema Hastanesi AC Şarj İstasyonu,WAT Mobilite,İzmir,ChIJSbmxDkbZuxQRpo6n-1fR6VQ,1.0,1,Bütün hepsi kullanım dışı!
289548,Özel Medifema Hastanesi AC Şarj İstasyonu,WAT Mobilite,İzmir,ChIJSbmxDkbZuxQRpo6n-1fR6VQ,1.0,1,Çalışmıyor
289548,Özel Medifema Hastanesi AC Şarj İstasyonu,WAT Mobilite,İzmir,ChIJSbmxDkbZuxQRpo6n-1fR6VQ,1.0,1,5 para etmez
288442,Torbalı Hasan Ev İstasyonu,Sharz.Net,Torbalı,ChIJ9-CGd_9FuRQRzvhCnV2RCZA,4.0,5,Uygulamada istasyonları bulmakta sıkıntı yaşadım ama bulduğum yerlerde sorun yaşamadım. Tavsiye ederim.
288442,Torbalı Hasan Ev İstasyonu,Sharz.Net,Torbalı,ChIJ9-CGd_9FuRQRzvhCnV2RCZA,4.0,5,"Yoldan geçerken göremeyenler için hastanenin hemen arkasında kalıyor, 180 kW ve sorunsuz."
288442,Torbalı Hasan Ev İstasyonu,Sharz.Net,Torbalı,ChIJ9-CGd_9FuRQRzvhCnV2RCZA,4.0,1,"Hastanenin arka tarafındadır, Google Haritalarda yanlış işaretlenmiştir."
288249,Lumicle - Torbalı,Eşarj (TR),Torbalı,ChIJ3fJUbiBFuRQR08NPJpwFVqM,4.0,4,"Gidiş yolu kötü, koca koca çukurlar var, aracın altını sürtmemek için çok dikkatli olmak gerekiyor.."
288214,Powerşarj - Skywell Ürkmezler Otomotiv,Powerşarj,İstanbul,ChIJmx-oP6zEyhQRKqSABtI1w60,1.0,1,Çok zorda kalmadıkça kullanmanız önerilmez. 180kw yazıyor ancak 30 ile şarj ediyorsunuz.  Yanınıza bir araba daha geldiğinde 14-15kw ye düşüyor . Şarjı yarım bırakıp gittim.
288214,Powerşarj - Skywell Ürkmezler Otomotiv,Powerşarj,İstanbul,ChIJmx-oP6zEyhQRKqSABtI1w60,1.0,1,karttan ucret cekemedigi icin sarj baslamadi uygulamasi berbat
279918,Trugo Shell Sardes,Trugo (TR),manisa,ChIJdY_FXgCbuRQREaQpUYlvvOA,3.9,4,Otobüs terminalinin oraya şarj istasyonu koymak çok güzel bir düşünce olmuş. Misafirimi yolcu ederken aracım da şarj oldu. Tek sıkıntısı yolunu bulmak zor. Manisa içi ulaşım otobüslerinin oradan giriş yapılması gerekiyor. Sivil araç giremez diyor ama girilebiliyor. Trafonun hemen dibine kurulmuş istasyon.
279918,Trugo Shell Sardes,Trugo (TR),manisa,ChIJdY_FXgCbuRQREaQpUYlvvOA,3.9,5,Gayet güzel hiç zorlanmadan sıkıntı çıkarmadan kolayca şarj ediyorum. Sayılarının  çoğalması dileğile
279918,Trugo Shell Sardes,Trugo (TR),manisa,ChIJdY_FXgCbuRQREaQpUYlvvOA,3.9,5,"""Sivil Araç Giremez"" cümle kapısından geçmek ve toplu taşıma araçlarının durağı konumunda olan istasyonu bulmakta ve girişinin dolmuş duraklarına bakması nedeniyle  kullanmakta zorlandık"
279918,Trugo Shell Sardes,Trugo (TR),manisa,ChIJdY_FXgCbuRQREaQpUYlvvOA,3.9,1,Nerede olduğunu bulamadım. Tabela göremedim.
279918,Trugo Shell Sardes,Trugo (TR),manisa,ChIJdY_FXgCbuRQREaQpUYlvvOA,3.9,5,Genelde boş müsait oluyor.
279103,Otojet - TotalEnergies,ZES,Silivri,ChIJF3ypkkIVtRQRy40amyfovvk,2.8,2,60kw yazıyor ama 25kw verebiliyor
279103,Otojet - TotalEnergies,ZES,Silivri,ChIJF3ypkkIVtRQRy40amyfovvk,2.8,5,"22.12.2024
elektrikli istasyonlar aktif.
kapalı otoparka girdikten sonra 50m. (Çıkışa Yönelin)"
279103,Otojet - TotalEnergies,ZES,Silivri,ChIJF3ypkkIVtRQRy40amyfovvk,2.8,1,Bu noktada şarj istasyonu yok..Yanlış bilgilendirme
279103,Otojet - TotalEnergies,ZES,Silivri,ChIJF3ypkkIVtRQRy40amyfovvk,2.8,1,Hızlı şarj yok. Kablosu yok
278698,VOLTRUN  Agora İzmir AVM,Voltrun,Balçova,ChIJTdfiambduxQRXEP8D_GxTGg,3.0,5,En sık kullandığım şarj istasyonu. Sistemi en düzgün çalışan firmalardan biri.
278698,VOLTRUN  Agora İzmir AVM,Voltrun,Balçova,ChIJTdfiambduxQRXEP8D_GxTGg,3.0,1,"Uygulama çalışmıyor, indirilemiyor"
278622,POWERŞARJ - Barbaros Hayrettin Paşa Camii,Powerşarj,İstanbul,ChIJqZnjsWm2yhQRz1BDlnaOyvI,1.0,1,"istanbul - zekeriyaköy turyapı sarıyer evleri sitesinde  5 adet AC şarj ünitesi var ise de hemen her gün bozuk, 2 gün çalışıyor ise 5 gün çalışmıyor, yaptığımız arıza bildirimleri de asla dikkate alınmıyor, cihazları değiştirmeyi de düşünmüyorlar, sitenize bu firmayı seçmeden bir kez daha düşünün derim."
274639,Tora Şarj - Fransız Lape Hastanesi,ToraŞarj (TR),İstanbul,ChIJy5JybCK3yhQRTX9s4pU8EFU,2.5,1,Yeri çok kötü araçla zor giriyoruz lütfen daha düzgün bir yere koyun çok dar alan da
274639,Tora Şarj - Fransız Lape Hastanesi,ToraŞarj (TR),İstanbul,ChIJy5JybCK3yhQRTX9s4pU8EFU,2.5,1,"Bulamadık biz, nerede bunun yeri?? Otopark görevlisi bile bilmiyor."
274639,Tora Şarj - Fransız Lape Hastanesi,ToraŞarj (TR),İstanbul,ChIJy5JybCK3yhQRTX9s4pU8EFU,2.5,5,Hastane gelen diger araçlar otopark olarak park ediyorr. Makina tek kullanabiliyor
274639,Tora Şarj - Fransız Lape Hastanesi,ToraŞarj (TR),İstanbul,ChIJy5JybCK3yhQRTX9s4pU8EFU,2.5,3,Gizli bir yere koymuşlar gibi zor buldum
274637,Tora Şarj - Adrina Otel 2,ToraŞarj (TR),Balıkesir,ChIJ7xFvLBwAtxQRPJ7uMUu2V8w,5.0,5,İki ünite var. Dibindeki Starbucks açılmış ve aracınız şarj olurken kahvenizi içebilirsiniz.
274637,Tora Şarj - Adrina Otel 2,ToraŞarj (TR),Balıkesir,ChIJ7xFvLBwAtxQRPJ7uMUu2V8w,5.0,5,"Yakında on on ,Microsoft var"
274636,Tora Şarj - Adrina Otel,ToraŞarj (TR),Balıkesir,ChIJ7xFvLBwAtxQRPJ7uMUu2V8w,5.0,5,İki ünite var. Dibindeki Starbucks açılmış ve aracınız şarj olurken kahvenizi içebilirsiniz.
274636,Tora Şarj - Adrina Otel,ToraŞarj (TR),Balıkesir,ChIJ7xFvLBwAtxQRPJ7uMUu2V8w,5.0,5,"Yakında on on ,Microsoft var"
274610,Tora Şarj - AVC Grup,ToraŞarj (TR),İstanbul,ChIJc5A3vmjDyhQReXaWltxa7vE,5.0,5,Kapalı avm otoparkına girmeden dönüşte kapalı dünya sistemi olan noktada kafayı sağa çevirin clinic prime isabella yeni nesil meyhaneyi göreceksiniz Vale girişleri açıyor söyleyin dubayı kaldırıyor. Ben buluncaya kadar uğraştım siz uğraşmayın
274600,Tora Şarj - İspark Maçka Katlı Otoparkı,ToraŞarj (TR),İstanbul,ChIJy5JybCK3yhQRTX9s4pU8EFU,2.5,1,Yeri çok kötü araçla zor giriyoruz lütfen daha düzgün bir yere koyun çok dar alan da
274600,Tora Şarj - İspark Maçka Katlı Otoparkı,ToraŞarj (TR),İstanbul,ChIJy5JybCK3yhQRTX9s4pU8EFU,2.5,1,"Bulamadık biz, nerede bunun yeri?? Otopark görevlisi bile bilmiyor."
274600,Tora Şarj - İspark Maçka Katlı Otoparkı,ToraŞarj (TR),İstanbul,ChIJy5JybCK3yhQRTX9s4pU8EFU,2.5,5,Hastane gelen diger araçlar otopark olarak park ediyorr. Makina tek kullanabiliyor
274600,Tora Şarj - İspark Maçka Katlı Otoparkı,ToraŞarj (TR),İstanbul,ChIJy5JybCK3yhQRTX9s4pU8EFU,2.5,3,Gizli bir yere koymuşlar gibi zor buldum
274599,Tora Şarj - Koç Akaryakıt,ToraŞarj (TR),Uşak,ChIJPYb21HqAyBQROZG7ptDLp-M,3.0,1,Aracını böyle şarj eden vatandaşlar olduğu için Uşak üzerinden bir yere giderken dikkat etmek lazım.  Mağdur olabilirsiniz. Açık alanlarda bu şekilde şarj eden araçlara veya park eden içten yanmalıları 112 üzerinden şikayet edebilirsiniz.
274599,Tora Şarj - Koç Akaryakıt,ToraŞarj (TR),Uşak,ChIJPYb21HqAyBQROZG7ptDLp-M,3.0,1,Çok eğimli olduğu için geri geri çıkarken arabanın önü sürtüyor. Çıkamadık şarj istasyonuna 👎🏻
274599,Tora Şarj - Koç Akaryakıt,ToraŞarj (TR),Uşak,ChIJPYb21HqAyBQROZG7ptDLp-M,3.0,1,Gece 2 gibi eksi 3 derecede 70 kw yı geçemedi.
274599,Tora Şarj - Koç Akaryakıt,ToraŞarj (TR),Uşak,ChIJPYb21HqAyBQROZG7ptDLp-M,3.0,5,Özellikle hafta içi kimse yok!
274565,OnCharge - İstanbul Park Kuzey OHT 2,OnCharge (TR),Tuzla,ChIJPTYHzfvbyhQRbVdhqceL3uc,3.5,1,"Tüm Oncharge istasyonları arızalı, büyük ihtimalle donanımsal bir sorun yok. Cihazlar açık, elektrik var ama iletişim veya sunucu yazılım sorunu. İstanbulpark Ankara istikametinde tüm araçlar diğer istasyonlara yığıldı. Sıra oluştu. Skandal..."
274565,OnCharge - İstanbul Park Kuzey OHT 2,OnCharge (TR),Tuzla,ChIJPTYHzfvbyhQRbVdhqceL3uc,3.5,3,"App fena degil.
2 Arac, 2 Sefer ugrasarak sarj basladi.
İlkinde kablo baglantisi ekraninda kalip hata verdi.
Sarj 180kw yazmakta ama 80-90kw ile sarj ediyor.
Yani belliki paylasimli istasyon ama ben neden 180kw parasi oduyorum bu durumda?
Alt yapinizi iyi kuramayip, musteriyi mi cezalandiriyorsunuz?"
274565,OnCharge - İstanbul Park Kuzey OHT 2,OnCharge (TR),Tuzla,ChIJPTYHzfvbyhQRbVdhqceL3uc,3.5,5,Daha önce oncharge kullanmamıştım.  Normalde trugo şarj aletleri için gelmiştim ancak hepsi dolu olunca bir şans vermek istedim. Gerek şarj fiyatlandırması olsun (kWh başına 10.8 TL) gerek şarj hızı olsun (150 kW hızını kadar çıktı) memnun kaldım. Tavsiye ederim
274564,OnCharge - İstanbul Park Güney OHT,OnCharge (TR),Tuzla,ChIJPTYHzfvbyhQRbVdhqceL3uc,3.5,1,"Tüm Oncharge istasyonları arızalı, büyük ihtimalle donanımsal bir sorun yok. Cihazlar açık, elektrik var ama iletişim veya sunucu yazılım sorunu. İstanbulpark Ankara istikametinde tüm araçlar diğer istasyonlara yığıldı. Sıra oluştu. Skandal..."
274564,OnCharge - İstanbul Park Güney OHT,OnCharge (TR),Tuzla,ChIJPTYHzfvbyhQRbVdhqceL3uc,3.5,3,"App fena degil.
2 Arac, 2 Sefer ugrasarak sarj basladi.
İlkinde kablo baglantisi ekraninda kalip hata verdi.
Sarj 180kw yazmakta ama 80-90kw ile sarj ediyor.
Yani belliki paylasimli istasyon ama ben neden 180kw parasi oduyorum bu durumda?
Alt yapinizi iyi kuramayip, musteriyi mi cezalandiriyorsunuz?"
274564,OnCharge - İstanbul Park Güney OHT,OnCharge (TR),Tuzla,ChIJPTYHzfvbyhQRbVdhqceL3uc,3.5,5,Daha önce oncharge kullanmamıştım.  Normalde trugo şarj aletleri için gelmiştim ancak hepsi dolu olunca bir şans vermek istedim. Gerek şarj fiyatlandırması olsun (kWh başına 10.8 TL) gerek şarj hızı olsun (150 kW hızını kadar çıktı) memnun kaldım. Tavsiye ederim
274563,OnCharge - İstanbul Park Kuzey OHT,OnCharge (TR),Tuzla,ChIJPTYHzfvbyhQRbVdhqceL3uc,3.5,1,"Tüm Oncharge istasyonları arızalı, büyük ihtimalle donanımsal bir sorun yok. Cihazlar açık, elektrik var ama iletişim veya sunucu yazılım sorunu. İstanbulpark Ankara istikametinde tüm araçlar diğer istasyonlara yığıldı. Sıra oluştu. Skandal..."
274563,OnCharge - İstanbul Park Kuzey OHT,OnCharge (TR),Tuzla,ChIJPTYHzfvbyhQRbVdhqceL3uc,3.5,3,"App fena degil.
2 Arac, 2 Sefer ugrasarak sarj basladi.
İlkinde kablo baglantisi ekraninda kalip hata verdi.
Sarj 180kw yazmakta ama 80-90kw ile sarj ediyor.
Yani belliki paylasimli istasyon ama ben neden 180kw parasi oduyorum bu durumda?
Alt yapinizi iyi kuramayip, musteriyi mi cezalandiriyorsunuz?"
274563,OnCharge - İstanbul Park Kuzey OHT,OnCharge (TR),Tuzla,ChIJPTYHzfvbyhQRbVdhqceL3uc,3.5,5,Daha önce oncharge kullanmamıştım.  Normalde trugo şarj aletleri için gelmiştim ancak hepsi dolu olunca bir şans vermek istedim. Gerek şarj fiyatlandırması olsun (kWh başına 10.8 TL) gerek şarj hızı olsun (150 kW hızını kadar çıktı) memnun kaldım. Tavsiye ederim
274562,OnCharge - Bilişim Vadisi Batı OHT,OnCharge (TR),Dilovası,ChIJ2SQWH1wgyxQRGYVUJJumuik,5.0,5,Her daim calisir
274561,OnCharge - Bilişim Vadisi Doğu OHT,OnCharge (TR),Dilovası,ChIJMcqR2zDfyhQRhwVL91LtJL4,1.0,1,Soylenen yerde atm yok resimde ne gorunuyorsa o
274255,POWERŞARJ - Doğuş Dijital Enerji By Topcu,Powerşarj,İstanbul,ChIJjxx-JABftRQROHJYnlnke7Q,3.5,3,QR kod okutma çalışmıyor. Şuraya iki etiket yapıştırıp soket ID numaralarını yazmak çok mu zor?
274255,POWERŞARJ - Doğuş Dijital Enerji By Topcu,Powerşarj,İstanbul,ChIJjxx-JABftRQROHJYnlnke7Q,3.5,1,"Çok kötü hizmet, hiçbir zaman çalışmıyor ve normal arabalar burayı park alanı olarak kullanıyor"
274254,POWERŞARJ - Doğuş Dijital Enerji Ova Et Lokantası,Powerşarj,İstanbul,ChIJjxx-JABftRQROHJYnlnke7Q,3.5,3,QR kod okutma çalışmıyor. Şuraya iki etiket yapıştırıp soket ID numaralarını yazmak çok mu zor?
274254,POWERŞARJ - Doğuş Dijital Enerji Ova Et Lokantası,Powerşarj,İstanbul,ChIJjxx-JABftRQROHJYnlnke7Q,3.5,1,"Çok kötü hizmet, hiçbir zaman çalışmıyor ve normal arabalar burayı park alanı olarak kullanıyor"
274250,POWERŞARJ - Doğuş Dijital Enerji Doğuş Gıda Bursa,Powerşarj,Bursa,ChIJKfs8zWkRyhQRaLmvmhRXlhg,4.3,5,"Firmamıza çok yakın olması nedeni ile tercih ediyorum
Sahsuvaroglu firmasinin bahçesinde olması da ayrıca güven veriyor
Burada 2 adet olması kanımca yetersiz olabilir
Diğer firmalarında görüşüp bı bölgeye cesitlendirme yapmaları rekabet
Rekabet de daha iyi bir hizmeti peşinde getitecektir"
274250,POWERŞARJ - Doğuş Dijital Enerji Doğuş Gıda Bursa,Powerşarj,Bursa,ChIJKfs8zWkRyhQRaLmvmhRXlhg,4.3,4,"Şarj istasyonu çok güzel ama buraya bir tane medeniyet yoksunu koymuşlar. Araç şarj olurken içtiğim sigaranın izmaritini yere atmak yerine fotografta görünen küllüğe atmak için şu alana yürüdüm ve izmariti attım. Dağ ayısı gelip ""şorj olorkon oroc bosondo bokloyon"" gibi bir şey dedi. Anlam veremedim. İnşallah kısa zamanda medeniyetle tanışırsın sevimsiz canlı."
274250,POWERŞARJ - Doğuş Dijital Enerji Doğuş Gıda Bursa,Powerşarj,Bursa,ChIJKfs8zWkRyhQRaLmvmhRXlhg,4.3,4,"İki denememde de 115 kW üstüne çıkmadı
Ekranı bozuktu ikinci geldiğimde tamir edilmişti
En azından terk edilmiş değil
Her saat açık"
274195,Zes - Babacan Ayvalık Hotel,ZES,Ayvalık,ChIJKZX1AXp2uhQRfVHrTz3UjYI,3.7,5,Zes ve bu hizmete destek olan Babacan hotelede teşekkürler. Mart ayı sıra yok :)
274195,Zes - Babacan Ayvalık Hotel,ZES,Ayvalık,ChIJKZX1AXp2uhQRfVHrTz3UjYI,3.7,1,50 tane araba var önünde araç şarj edilmiyor galari tarzı araçlar paketmiş tatsız
273018,Trugo Shell çeşme otoban Guney,Trugo (TR),Güzelbahçe,ChIJC9N5M0vquxQRHv93DnTNa78,3.1,3,"Metrekare olarak En ufak shell lerden biriydi . Tuvalet şarj yeri hepsi küçücük alana sığdırılmış . Bekleme alanı yok, beklemek için kafeteryasını kullanmak zorundasınız . Kablo kısa geldiğinden zorlamasın diye çapraz durdum . Neyden sorun oldu bilmiyorum, %43 le 47 kwh üstü alamadım.
Togg t10 x uzun menzil , Haziran 2025"
273018,Trugo Shell çeşme otoban Guney,Trugo (TR),Güzelbahçe,ChIJC9N5M0vquxQRHv93DnTNa78,3.1,5,Shell yelki içinde.2 soket var.şüphesiz çok az.burada en az 8-10 tane soket olmalıydı.fosil yakıt alan araçlar üzeri örtülü alanı kullanıyor.Elektrikli araçlar açık alanı.
273018,Trugo Shell çeşme otoban Guney,Trugo (TR),Güzelbahçe,ChIJC9N5M0vquxQRHv93DnTNa78,3.1,4,Bir kere şarja takabildim o sırada beklemek zorunda kalmadım. Aracım kendi kapasitesinde hızda şarj alabildi o yüzden memnun kaldım. Ama ikinci kere gittiğimde sırada 4 araç vardı ve beklemeden ayrıldım çünkü beklicek yer bile yoktu.
273018,Trugo Shell çeşme otoban Guney,Trugo (TR),Güzelbahçe,ChIJC9N5M0vquxQRHv93DnTNa78,3.1,5,Şarz ederken  çok gezecek yer var insanlar çok anlayışlı Teslalılar hariç çok hızlı oldu
273018,Trugo Shell çeşme otoban Guney,Trugo (TR),Güzelbahçe,ChIJC9N5M0vquxQRHv93DnTNa78,3.1,1,Bozuk
272848,Eşarj Mengerler Mercedes,Eşarj (TR),izmir,ChIJRfDVtnbguxQRg-d2h6vQEVg,3.3,3,"Bu istasyonun en büyük avantajı kesinlikle konumu ve güvenliği. Mercedes bayisinin kendi arazisi içinde yer aldığı için, özellikle geç saatlerde veya tek başınıza şarj ederken kendinizi güvende hissediyorsunuz. Ancak teknik açıdan deneyimim biraz değişkendi; şarj hızı her zaman stabil olmayabiliyor, bazen beklediğimden daha yavaş dolum gerçekleşti. Eğer çok aceleniz varsa bunu göz önünde bulundurmanızda fayda var. Yine de güvenli, temiz  bir noktada bekleme yapmak isteyenler için alternatiflerden biri."
272848,Eşarj Mengerler Mercedes,Eşarj (TR),izmir,ChIJRfDVtnbguxQRg-d2h6vQEVg,3.3,1,"Mercedes Bayisinin içerisinde kalıyor ve bariyer olduğu için erişim yok. Dışarıdan kullanım
yapılamıyor."
272848,Eşarj Mengerler Mercedes,Eşarj (TR),izmir,ChIJRfDVtnbguxQRg-d2h6vQEVg,3.3,4,55-60kw arası güç veriyor.
272756,Trugo Shell çeşme OHT kuzey,Trugo (TR),izmir,ChIJC9N5M0vquxQRHv93DnTNa78,3.1,3,"Metrekare olarak En ufak shell lerden biriydi . Tuvalet şarj yeri hepsi küçücük alana sığdırılmış . Bekleme alanı yok, beklemek için kafeteryasını kullanmak zorundasınız . Kablo kısa geldiğinden zorlamasın diye çapraz durdum . Neyden sorun oldu bilmiyorum, %43 le 47 kwh üstü alamadım.
Togg t10 x uzun menzil , Haziran 2025"
272756,Trugo Shell çeşme OHT kuzey,Trugo (TR),izmir,ChIJC9N5M0vquxQRHv93DnTNa78,3.1,5,Shell yelki içinde.2 soket var.şüphesiz çok az.burada en az 8-10 tane soket olmalıydı.fosil yakıt alan araçlar üzeri örtülü alanı kullanıyor.Elektrikli araçlar açık alanı.
272756,Trugo Shell çeşme OHT kuzey,Trugo (TR),izmir,ChIJC9N5M0vquxQRHv93DnTNa78,3.1,4,Bir kere şarja takabildim o sırada beklemek zorunda kalmadım. Aracım kendi kapasitesinde hızda şarj alabildi o yüzden memnun kaldım. Ama ikinci kere gittiğimde sırada 4 araç vardı ve beklemeden ayrıldım çünkü beklicek yer bile yoktu.
272756,Trugo Shell çeşme OHT kuzey,Trugo (TR),izmir,ChIJC9N5M0vquxQRHv93DnTNa78,3.1,5,Şarz ederken  çok gezecek yer var insanlar çok anlayışlı Teslalılar hariç çok hızlı oldu
272756,Trugo Shell çeşme OHT kuzey,Trugo (TR),izmir,ChIJC9N5M0vquxQRHv93DnTNa78,3.1,1,Bozuk
267582,En Yakıt Tırak Otomotiv Çiğli,En Yakıt (TR),Çiğli,ChIJsVFM8c_RuxQRSna_2kLT3mY,3.5,1,Eski kalitesi yok. Sarj kendi kendine kesiliyor. Yada soket bozuk oldugu icin baslatilamiyor. Olurda baska bir gun sarji baslatabilirseniz sunulan 120kw hiz yaniniz bos olsa bile verilmiyor. Buna ragmen sunduklarini sandiklari 150kw hiz uzerinden ucretlendirme yapiliyor. %56 dan %76 ya yine 63kw hizda sarj ettim.
267582,En Yakıt Tırak Otomotiv Çiğli,En Yakıt (TR),Çiğli,ChIJsVFM8c_RuxQRSna_2kLT3mY,3.5,5,125KW değer aldım ve akşam saatlerinden müsait oluyor sürekli istasyon desteği 180kw fiyat olarak uygun trugo ile aynı ek olarak 1 kez uygulamadan kayıt oluyorsunuz araci tanimladiktan sonra bir daha uygulama ile işiniz kalmıyor QR okutmuyorsunuz araci tanıyıp direk işlemi başlatıyor
267582,En Yakıt Tırak Otomotiv Çiğli,En Yakıt (TR),Çiğli,ChIJsVFM8c_RuxQRSna_2kLT3mY,3.5,3,Eskiden dhaa hızlıydı. Simdi boş istasyon bile 99kw veriyor
267560,Eşarj Ajlan Hotel Cunda,Eşarj (TR),Çine,ChIJV4rKxk12uhQRpo4UAbokOdA,1.0,1,Her gördüğümde önünde elektriksiz bir aracın park ettiği şarj noktası. Sabah 07.30 şarj için geldim şarj ünitesi uygun olmasına rağmen önü yine bilinçsiz bir insan yüzünden yine kapatılmıştı. Aracınızı sarj etmek için buraya güvenmeyin.
266662,oncharge - İstanbul Park Güney OHT,OnCharge (TR),İstanbul,ChIJPTYHzfvbyhQRbVdhqceL3uc,3.5,1,"Tüm Oncharge istasyonları arızalı, büyük ihtimalle donanımsal bir sorun yok. Cihazlar açık, elektrik var ama iletişim veya sunucu yazılım sorunu. İstanbulpark Ankara istikametinde tüm araçlar diğer istasyonlara yığıldı. Sıra oluştu. Skandal..."
266662,oncharge - İstanbul Park Güney OHT,OnCharge (TR),İstanbul,ChIJPTYHzfvbyhQRbVdhqceL3uc,3.5,3,"App fena degil.
2 Arac, 2 Sefer ugrasarak sarj basladi.
İlkinde kablo baglantisi ekraninda kalip hata verdi.
Sarj 180kw yazmakta ama 80-90kw ile sarj ediyor.
Yani belliki paylasimli istasyon ama ben neden 180kw parasi oduyorum bu durumda?
Alt yapinizi iyi kuramayip, musteriyi mi cezalandiriyorsunuz?"
266662,oncharge - İstanbul Park Güney OHT,OnCharge (TR),İstanbul,ChIJPTYHzfvbyhQRbVdhqceL3uc,3.5,5,Daha önce oncharge kullanmamıştım.  Normalde trugo şarj aletleri için gelmiştim ancak hepsi dolu olunca bir şans vermek istedim. Gerek şarj fiyatlandırması olsun (kWh başına 10.8 TL) gerek şarj hızı olsun (150 kW hızını kadar çıktı) memnun kaldım. Tavsiye ederim
266650,Tora Şarj - Merkez,ToraŞarj (TR),Bağcılar,ChIJ2V8PnaaxyhQR7n9BqI0W0Qo,5.0,5,"Geniş ürün yelpazesi, yenilikçi firma ."
266650,Tora Şarj - Merkez,ToraŞarj (TR),Bağcılar,ChIJ2V8PnaaxyhQR7n9BqI0W0Qo,5.0,5,Araçlarınızı kolaylıkla şarj edebilirsiniz
266233,WAT Opet Işıkkent,WAT Mobilite,Bornova,ChIJR-cGd1hjuRQRBaaxmK6aB5s,1.0,1,Ücret tarifesini 119kw’a kadar ayarlayıp burayı 120 kw diye isimlendiriyorlar ki milleti rahat yolabilsinler. Ama gerçekte olan ne 119 ne 120 başında bekle bekle dur 78-80i geçsin diye. Tam bir şark kurnazı istasyon. Mecbur kalmadıkça gelmeyin derim
266233,WAT Opet Işıkkent,WAT Mobilite,Bornova,ChIJR-cGd1hjuRQRBaaxmK6aB5s,1.0,1,119 kW üstü ücreti almayı biliyorlar ama 80 kW üstü enerji vermeyi bilmiyorlar. 👎🏼
266233,WAT Opet Işıkkent,WAT Mobilite,Bornova,ChIJR-cGd1hjuRQRBaaxmK6aB5s,1.0,1,Berbat
266232,wat mobilite - Opet Egecem Petrol Torbalı,WAT Mobilite,Torbalı,ChIJxyfWcshFuRQRn2b63yWDpHQ,3.0,5,Watt sarz ünitesi hastahane in arka tarafında kuytuda sıkıntısız şarj
266232,wat mobilite - Opet Egecem Petrol Torbalı,WAT Mobilite,Torbalı,ChIJxyfWcshFuRQRn2b63yWDpHQ,3.0,1,"Hastanenin arka tarafındadır, Google Haritalarda yanlış işaretlenmiştir."
265870,POWERŞARJ - Doğuş Dijital Fusha,Powerşarj,İstanbul,ChIJ5eTO0x64yhQR_fl5PZQ5Ez0,4.0,3,"Şarj hızı fazla değil, diğer istasyonlarda 120-140 kw arası hız alabiliyorum. Hızının artması gerekiyor."
265870,POWERŞARJ - Doğuş Dijital Fusha,Powerşarj,İstanbul,ChIJ5eTO0x64yhQR_fl5PZQ5Ez0,4.0,5,Programı kurarken zorlandım ancak sonrası kolaydı
265663,POWERŞARJ - Doğuş Dijital Elite Otel & Restaurant,Powerşarj,Kocaeli,ChIJ91CtDQAhyxQRHyH9jeT1Qj0,4.2,5,2 adet 180 kilowatt Soket 1 adet 60 kilowatt soket var. Gebze mutlukent bölgesinde bulunan tek elektrikli araç şarj istasyonu. kullanımı gayet kolay. fiyatlar rekabetçi. yerine ulaşım çok iyi. önünde otoparkı her zaman boş olarak bulunuyor.
265663,POWERŞARJ - Doğuş Dijital Elite Otel & Restaurant,Powerşarj,Kocaeli,ChIJ91CtDQAhyxQRHyH9jeT1Qj0,4.2,5,"Yenikent Mahallesi Mutlukent bulvarın da bulunan tek şarj istasyonu.. extradan yakında otopark mevcuttur. Hemen yanında market mevcuttur. Yakında halka açık futbol sahası mevcuttur.
Daha fazla oluşumların olmasını temenni ediyoruz.

Yeni yerler ve tavsiyeler için takipte kalın."
265663,POWERŞARJ - Doğuş Dijital Elite Otel & Restaurant,Powerşarj,Kocaeli,ChIJ91CtDQAhyxQRHyH9jeT1Qj0,4.2,4,180 kW hızda 2 soket ve 60 kW hızında 1 soket var. Ben maksimum 90 kW ile şarj edebildim.
265663,POWERŞARJ - Doğuş Dijital Elite Otel & Restaurant,Powerşarj,Kocaeli,ChIJ91CtDQAhyxQRHyH9jeT1Qj0,4.2,3,Surekli ariza veriyor.
260427,POWERŞARJ - Doğuş Dijital Ataşehir,Powerşarj,İstanbul,ChIJT4Y4NwDHyhQRMVbrHUqWt_s,4.0,5,Kolay ulaşım yaninda market de var.
260427,POWERŞARJ - Doğuş Dijital Ataşehir,Powerşarj,İstanbul,ChIJT4Y4NwDHyhQRMVbrHUqWt_s,4.0,5,Çok iyi bir yer herkese tavsiye ederim.
259768,Kırağlı Sokağı,CV Charging Vehicles,Altıeylül,ChIJWzLwzBoBtxQRymBne3xR_do,5.0,5,"100 kW ile şarj verdi , tek seferde çalıştı, problemsiz..."
259569,Emaar Tesla Supercharger,Tesla (including non-tesla),Üsküdar,ChIJcYEaZBXHyhQRj7e9yEekk64,4.3,5,"Cuma sabah 10:10’da geldim, 3 boş yer vardı. Çoğu kişi şarjı dolunca ayrıldı. P2-J6 hemen girişteydi."
259569,Emaar Tesla Supercharger,Tesla (including non-tesla),Üsküdar,ChIJcYEaZBXHyhQRj7e9yEekk64,4.3,5,24 saat hizmet vermesi süper. Buyaka avm de bulunan şarj sabah 10 gece 12 arası çalışıyor sakın gitmeyin geceleri. Park yeri gayet kolaydı mavi otopark p2  de direkt karşınıza çıkıyor
259569,Emaar Tesla Supercharger,Tesla (including non-tesla),Üsküdar,ChIJcYEaZBXHyhQRj7e9yEekk64,4.3,1,"Geç satte İstanbulda Tesla aracımı şarj etmek istedim. İstemez olaydım. İçeri girmek için 3 ayrı kapı gezdim otopark içerisinde bulması ayrı dert.
Başka bir yerde şarj etmek çok daha kolay olurdu.
Denemek için girmiş bulundum birdaha girmem.
Sadece bu avm ve rezizansa  yapılmış gibi.
Koskoca Tesla buradan başka kolayda olan doğru düzgün bir yer bulamamışmı acaba ?
İstanbul gibi bir metropolde sadece 1 yerde supercharger olması zaten çok komik."
259569,Emaar Tesla Supercharger,Tesla (including non-tesla),Üsküdar,ChIJcYEaZBXHyhQRj7e9yEekk64,4.3,4,Şansıma iki kere bozuk istasyona taktım. 185kw alacağım yerde 90-130 aralığında şarj aldım. Belki de hepsi tam kapasite şarj edemiyordur. Umarım bozuksa tamir edilir değil ise altyapısı güçlendirilir.
259569,Emaar Tesla Supercharger,Tesla (including non-tesla),Üsküdar,ChIJcYEaZBXHyhQRj7e9yEekk64,4.3,5,"Saat 02:00 şarj etme imkanı mevcut güvenliğe şarj için geldik demeniz yetiyor, yer zor değil yorumlarda zor diyenler var bana şaşırtıcı geldi P2 parka iniyorsunuz zaten inerken üstte elektrikli araç şarj yeri yazıyor çokta zor olmasa gerek okumak yeterli. Yorum amacım geç saatte şarj etmek durumunda olan kişilere destek amaçlıdır."
238411,Oncharge,OnCharge (TR),Menemen,ChIJT1VAjkjMuxQRyJaLIEx4530,3.3,2,180 KW enerji  var diyor fakat tek bir araç şarj ettiğinde 38 Kwik enerji veriyor
238411,Oncharge,OnCharge (TR),Menemen,ChIJT1VAjkjMuxQRyJaLIEx4530,3.3,5,Bos ve hizli idi. Cok memnunum. 120 Watt dwdi.ama en fazla 101  hatta yaridan sonra 80 lerw düştü.
238411,Oncharge,OnCharge (TR),Menemen,ChIJT1VAjkjMuxQRyJaLIEx4530,3.3,1,Gelmeyin. 3u bozuk. Biri hiç satj etmiyor. Musteri hizmetleri telefonu açmıyor bile. Yazılar olsun.  3zeytinkoy den karsiyakaya 3 istasyon da sıkıntılı. Oncharge gördüğünüz yerden uzaklaşın. Sakın bu otobanda buyara göre plan yapmayın çocukla perişan oldum
238411,Oncharge,OnCharge (TR),Menemen,ChIJT1VAjkjMuxQRyJaLIEx4530,3.3,5,180 lik yüksek hız güzel çalısıyor
238411,Oncharge,OnCharge (TR),Menemen,ChIJT1VAjkjMuxQRyJaLIEx4530,3.3,4,İyice
238410,Oncharge,OnCharge (TR),Menemen,ChIJ91TkP0vVuxQR2PeHVQfrjHc,3.1,1,Her ne kadar 120 kilowatt veya yan tarafındaki 180 olsa da 180 olan çalışmıyordu 120 olan da 25 26 kilovatlı şarj etti
238410,Oncharge,OnCharge (TR),Menemen,ChIJ91TkP0vVuxQR2PeHVQfrjHc,3.1,5,Köfteci Yusuf hemde Opet cafe&market var
238410,Oncharge,OnCharge (TR),Menemen,ChIJ91TkP0vVuxQR2PeHVQfrjHc,3.1,1,"Çalışmıyor, 10 kere denedim bir türlü bağlanmıyor. Müşteri hizmetleri açmıyor. Otobandaki tek alternatif, planlamanızı buna göre yapmayın, yolda kalırsınız :("
238410,Oncharge,OnCharge (TR),Menemen,ChIJ91TkP0vVuxQR2PeHVQfrjHc,3.1,5,180 kw hızlı şarj
238410,Oncharge,OnCharge (TR),Menemen,ChIJ91TkP0vVuxQR2PeHVQfrjHc,3.1,1,Çalışmıyor
238382,ZES - O135 - İzmir Yönü ,ZES,Karacabey,ChIJYQnucvfltRQR107hnmpMdGU,5.0,5,İstanbuldan Full çıkılmadığında konum gayet yeterli
238381,ZES - O135 - İstanbul Yönü ,ZES,Karacabey,ChIJYQnucvfltRQR107hnmpMdGU,5.0,5,İstanbuldan Full çıkılmadığında konum gayet yeterli
235370,ZES - O204 - İstanbul Yönü ,ZES,balıkesir,ChIJidegeEIBtxQRT4uxql2HvhI,3.7,5,Kolay başarılı bir şarj istasyon
235370,ZES - O204 - İstanbul Yönü ,ZES,balıkesir,ChIJidegeEIBtxQRT4uxql2HvhI,3.7,1,Gelmeyin KAPALI....
235369,ZES - O320 - İstanbul Yönü,ZES,manisa,ChIJN1SGYACduRQRFawFiQlOSp0,2.0,2,Otopark girisinde hemen solda. 60 kw degil 25kw ile sinirlandirilmis cihazlar. Çok yavaş.
235369,ZES - O320 - İstanbul Yönü,ZES,manisa,ChIJN1SGYACduRQRFawFiQlOSp0,2.0,4,İstasyon 60 KWh olmasına rağmen maksimum 38 KWh hız ile şarj etti.
235368,ZES - O320 - İzmir Yönü,ZES,manisa,ChIJN1SGYACduRQRFawFiQlOSp0,2.0,2,Otopark girisinde hemen solda. 60 kw degil 25kw ile sinirlandirilmis cihazlar. Çok yavaş.
235368,ZES - O320 - İzmir Yönü,ZES,manisa,ChIJN1SGYACduRQRFawFiQlOSp0,2.0,4,İstasyon 60 KWh olmasına rağmen maksimum 38 KWh hız ile şarj etti.
212365,GIOEV Selway Outlet Balçova Batı,GioEV (TR),Balçova,ChIJZ4xk9G3duxQRCUR7njSm7bo,3.7,5,"Yorumları incelediğimde genellikle Batı Selway fotoğrafları ve yorumları gördüm. Yukarıdan aşağı yöne inerken lastikçiyi geçip sağ, ardından hemen sol yapınca istasyonu bulabilirsiniz, haritada işaretlenen noktanın kuzeyinde kalıyor. 6 istasyon var ama 2'si genellikle kapalı oluyor. Aynı anda 4 araç şarj olurken 130kW'a kadar güç alabildim."
212365,GIOEV Selway Outlet Balçova Batı,GioEV (TR),Balçova,ChIJZ4xk9G3duxQRCUR7njSm7bo,3.7,5,Çok hızlı şarj ediyor ve slotlar çok fazla. Çok iyi yapmışlar
212365,GIOEV Selway Outlet Balçova Batı,GioEV (TR),Balçova,ChIJZ4xk9G3duxQRCUR7njSm7bo,3.7,5,"Çok hızlı, parkı rahat, güzel bir şarj istasyonu."
212365,GIOEV Selway Outlet Balçova Batı,GioEV (TR),Balçova,ChIJZ4xk9G3duxQRCUR7njSm7bo,3.7,5,Park yeri musait. Yokuş çıkarken sağdaki alanda. 2 DC istasyon aynı anda 2 şer den 4 araç şarjı olabilir. Ortadaki ac uzun sarj ünitesi.
212365,GIOEV Selway Outlet Balçova Batı,GioEV (TR),Balçova,ChIJZ4xk9G3duxQRCUR7njSm7bo,3.7,1,Belçika’dan İzmir’e kadar sorunsuz şarj yaparak geldik. Maalesef Selway Outlet Doğu tarafında bir buçuk saattdir 6 kez yardım hattını aramamıza rağmen destek göremedik. Zes ve Eşarj da gördüğümüz hizmeti alamadık.
212364,GIOEV İzmir Selway Outlet Balçova,GioEV (TR),Balçova,ChIJZ4xk9G3duxQRCUR7njSm7bo,3.7,5,"Yorumları incelediğimde genellikle Batı Selway fotoğrafları ve yorumları gördüm. Yukarıdan aşağı yöne inerken lastikçiyi geçip sağ, ardından hemen sol yapınca istasyonu bulabilirsiniz, haritada işaretlenen noktanın kuzeyinde kalıyor. 6 istasyon var ama 2'si genellikle kapalı oluyor. Aynı anda 4 araç şarj olurken 130kW'a kadar güç alabildim."
212364,GIOEV İzmir Selway Outlet Balçova,GioEV (TR),Balçova,ChIJZ4xk9G3duxQRCUR7njSm7bo,3.7,5,Çok hızlı şarj ediyor ve slotlar çok fazla. Çok iyi yapmışlar
212364,GIOEV İzmir Selway Outlet Balçova,GioEV (TR),Balçova,ChIJZ4xk9G3duxQRCUR7njSm7bo,3.7,5,"Çok hızlı, parkı rahat, güzel bir şarj istasyonu."
212364,GIOEV İzmir Selway Outlet Balçova,GioEV (TR),Balçova,ChIJZ4xk9G3duxQRCUR7njSm7bo,3.7,5,Park yeri musait. Yokuş çıkarken sağdaki alanda. 2 DC istasyon aynı anda 2 şer den 4 araç şarjı olabilir. Ortadaki ac uzun sarj ünitesi.
212364,GIOEV İzmir Selway Outlet Balçova,GioEV (TR),Balçova,ChIJZ4xk9G3duxQRCUR7njSm7bo,3.7,1,Belçika’dan İzmir’e kadar sorunsuz şarj yaparak geldik. Maalesef Selway Outlet Doğu tarafında bir buçuk saattdir 6 kez yardım hattını aramamıza rağmen destek göremedik. Zes ve Eşarj da gördüğümüz hizmeti alamadık.
212362,Eşarj Kahyaoğulları Opel,Eşarj (TR),Gaziemir,ChIJU3Px7GjguxQRxGDn-1ySEY8,2.5,1,İstasyonun kurulduğu yer çok kötü. Etrafında bayii araçları falan var ve çalışanlar öyle yanaş böyle yanaş talimat verip duruyorlar.
212362,Eşarj Kahyaoğulları Opel,Eşarj (TR),Gaziemir,ChIJU3Px7GjguxQRxGDn-1ySEY8,2.5,1,Uygulama olmasına rağmen 20dk aracımı şarj etmeye çalıştım fakat Kare kod okumuyor kafayı yemiş sanırım sıcakdan
212362,Eşarj Kahyaoğulları Opel,Eşarj (TR),Gaziemir,ChIJU3Px7GjguxQRxGDn-1ySEY8,2.5,1,Tek tabanca şarj etmeme rağmen max. 73 kw veriyor.
212362,Eşarj Kahyaoğulları Opel,Eşarj (TR),Gaziemir,ChIJU3Px7GjguxQRxGDn-1ySEY8,2.5,1,Max 73 veriyor adı 180 kw kendi değil
212362,Eşarj Kahyaoğulları Opel,Eşarj (TR),Gaziemir,ChIJU3Px7GjguxQRxGDn-1ySEY8,2.5,1,180 kW değil 80 kW
212361,Eşarj - Arkas Otomotiv Gaziemir,Eşarj (TR),Gaziemir,ChIJk9FmpQXfuxQRUHtyoXdBV9E,4.5,5,Firmadaki arkadaşlar 10 numara güzel sohbetleri var
212359,Eşarj 120kW - Nazar Renault,Eşarj (TR),Menemen,ChIJacEap2_TuxQRaVdlI-L_89U,3.2,1,Dc içinde var gece geldik kapalıydı
212359,Eşarj 120kW - Nazar Renault,Eşarj (TR),Menemen,ChIJacEap2_TuxQRaVdlI-L_89U,3.2,1,"Mesaiden sonra kapalı, uygulamada 24 saat yazıyor ama firma kapatıyor. Güvenlik falanda yok."
211079,ZES Metro Çiğli,ZES,Çiğli,ChIJiW9JFanQuxQRb3DqCDZYUoo,5.0,5,Kaliteli hizmet var QR kodu okutup başlatıyorsunuz şarjı. Hiç benzinli araç parkettiğini görmedim. Metro Müşterilerine ait.
211074,Eşarj uçak Kardeşler,Eşarj (TR),Seferihisar,ChIJjZ1ecwDzuxQR1T62uuQZcKU,4.4,5,Aracım şarj olurken petrol ofisi uçak kardeşlerin kafeterya bölümünde serin ortamda kahvemi içerek bekliyorum. 150kw gayet hızlı şarj oluyor.
211074,Eşarj uçak Kardeşler,Eşarj (TR),Seferihisar,ChIJjZ1ecwDzuxQR1T62uuQZcKU,4.4,3,150kW belirtilmesine rağmen 87kW’dab fazla güç alınamayan şarj aleti. Onun haricinde normal çakışıyor.
211074,Eşarj uçak Kardeşler,Eşarj (TR),Seferihisar,ChIJjZ1ecwDzuxQR1T62uuQZcKU,4.4,5,Aracınızı sarja taktıktan sonra dinlenme tesisinde dinlenebilirsiniz
211074,Eşarj uçak Kardeşler,Eşarj (TR),Seferihisar,ChIJjZ1ecwDzuxQR1T62uuQZcKU,4.4,5,Gayet başarılı lokasyon ve tesis
211074,Eşarj uçak Kardeşler,Eşarj (TR),Seferihisar,ChIJjZ1ecwDzuxQR1T62uuQZcKU,4.4,2,80-90 kw ile dolduruyor
211059,EŞARJ 90kW - Carrefoursa Urla,Eşarj (TR),Urla,ChIJGXDgSgCTuxQR0MjU1Ofpl0s,5.0,5,EnYakit sarj istasyonu 150kW tek cihazda paylasimli 2 sarj kablosu var.
210977,ZES Metro Market Ayvalık,ZES,balıkesir ayvalık,ChIJYSkzr-B1uhQRogKHNYDlXG4,3.3,4,Daha çok şarz istasyonu olması gerekli
210976,Oncharge Kuzey Ege Otoyolu İzmir Yönü,OnCharge (TR),Aliağa,ChIJj5zP8vzyuxQRss4ODM216hs,3.0,1,"Çalışmıyor, neyseki %13 ile gelmiştim, otoban dışına çıkıp şarj edebildim"
210976,Oncharge Kuzey Ege Otoyolu İzmir Yönü,OnCharge (TR),Aliağa,ChIJj5zP8vzyuxQRss4ODM216hs,3.0,5,İş bankasının bankamatiği 100 metre ileride Arçelik bayisinin yanındadır. Ve Ürkmez’de en çok kullanılan bankamatiktir
210975,Oncharge Kuzey Ege Otoyolu Çanakkale Yönü,Eşarj (TR),Aliağa,ChIJoXdfNTAwuhQRM9-yEkq7K8U,1.0,1,Sakın uğramayın 30 dk uğraştık kayıt olduk vs şarj başlamadı ve kullandıkları uygulama telefonun şarjını yedi yavaşlattı . Boşuna zaman harcamayın burada
210093,EŞARJ - AMCA Otomotiv,Eşarj (TR),İzmir ,ChIJvX5gm1V7uRQRpCZhuZaA0Vo,3.4,1,"İki araçlık yer görünmesine rağmen çok sayıda servis minibüsün park etmesi nedeniyle çoğu zaman sadece bir araçlık yer bulunuyor, şarj zaman zaman 10kw a kadar düşüyor, bence çok zor durumda kalmadığınız sürece değerlendirmeyin, bu yorumu da beğendin ki insanlar bu durumu bilerek gelsinler ya da gelmesinler."
210093,EŞARJ - AMCA Otomotiv,Eşarj (TR),İzmir ,ChIJvX5gm1V7uRQRpCZhuZaA0Vo,3.4,3,Yerini bulmak kolaydı ancak şarj alanının önüne  cok fazla servis aracı bırakılmıs.  Aracı yan koyup anca şarj edebıldım .2. Arac gelse yer yoktu
210093,EŞARJ - AMCA Otomotiv,Eşarj (TR),İzmir ,ChIJvX5gm1V7uRQRpCZhuZaA0Vo,3.4,1,İstasyon rezil bir yerde servis araçları ve bakım görcek araçlar kullanmasın diye bilerek koymuşlar şarj aletleri kullanılmıyor başka yere taşıyın bunu bence
210093,EŞARJ - AMCA Otomotiv,Eşarj (TR),İzmir ,ChIJvX5gm1V7uRQRpCZhuZaA0Vo,3.4,1,"Esarj 1 Eylül itibari ile 180kw üzerindeki şarj istasyonu ücretini 15,80tl ye cikariyormuş. Bence az zam yapmışsınız 45tl yapın benzinle aynı birim fiyat olsun."
210093,EŞARJ - AMCA Otomotiv,Eşarj (TR),İzmir ,ChIJvX5gm1V7uRQRpCZhuZaA0Vo,3.4,5,Sakin ve güzel bir yer.
210092,EŞARJ - ÇETAŞ İzmir,Eşarj (TR),izmir,ChIJrTQ9jbx8uRQRExl1FZlcqjU,1.5,2,"Saat 20.00 da şarja gittim, girişte güvenlik istasyonun yerini söyledi ve başka herhangi bir şey söylemedi. Aracı şarj ederken otoparkta yürürken güvenlik gelip agresif bir şekilde, dolaşmanın yasak olduğunu söyledi ve kusura bakmayın dememize rağmen anlamamışız gibi agresif şekilde aynı şeyi söylemeye devam etti, müşteri ve insan olduğumuzu unutmamaları lazım."
210092,EŞARJ - ÇETAŞ İzmir,Eşarj (TR),izmir,ChIJrTQ9jbx8uRQRExl1FZlcqjU,1.5,1,2025 tesla model y ile gittim. 120kw olmasına rağmen istasyon 30 KW verdi. 5 dk bekledim artar diye. Artmadı hız çıkardım başka yere gittim. GİTMEYİN.
209912,Point Bornova ZES,ZES,izmir,ChIJOfBTKwdjuRQREGVoxklA2t8,3.9,5,"akşam 22:00’de kapanıyor dedi ZES müşteri hizmetleri, google üzerinden de saatlerin düzenlenmesini rica ediyorum zor durumda kalacaktık"
209912,Point Bornova ZES,ZES,izmir,ChIJOfBTKwdjuRQREGVoxklA2t8,3.9,5,Cuma gecesi Cumartesi saat 03.00 de kapalıydı . Şarj yapamadık zor durumda kaldık. Halka açık olmalı.
209912,Point Bornova ZES,ZES,izmir,ChIJOfBTKwdjuRQREGVoxklA2t8,3.9,3,"İşlemler uzun ve zor. Sadeleştirilmeli, kredi kartuyla anlık üyeliksiz işlem yapılabilmenin  sağlanması gerekir"
209912,Point Bornova ZES,ZES,izmir,ChIJOfBTKwdjuRQREGVoxklA2t8,3.9,1,"Cihaz 60 kw dan yukarı çıkamıyor, ama en yüksek fiyattan ücret alıyor."
209912,Point Bornova ZES,ZES,izmir,ChIJOfBTKwdjuRQREGVoxklA2t8,3.9,3,Surekli kuyruk var ve 60W olmasi gerekli istasyon max. 40-45W
209479,EŞARJ 60kW - Otopratik (Paşa Oto),Eşarj (TR),Çiğli,ChIJgx9pqJvQuxQR3hP43Rd-tpQ,1.3,1,"Çok kötü.
Uygulaması da kötü. İstasyonun ekranı görünmüyor. Karekod çıkıyor telefon onu okuyamıyor."
209479,EŞARJ 60kW - Otopratik (Paşa Oto),Eşarj (TR),Çiğli,ChIJgx9pqJvQuxQR3hP43Rd-tpQ,1.3,1,Yine calismiyor biktim artik calismayan istasyonlardan
209478,E Şarj,Eşarj (TR),Karşıyaka,ChIJ36AcL-LZuxQRHWXG_RFD2gM,1.3,1,Uygulamanın kullanımı aktifleştirilmesi konusunda sorun var. Şarj edemedik
209478,E Şarj,Eşarj (TR),Karşıyaka,ChIJ36AcL-LZuxQRHWXG_RFD2gM,1.3,1,ARIZALI Ekranı kırık müşteri hizmetleri sistemde görmüyor şarj istasyon numarası bile yok.
208215,ZES - O167 - İstanbul Yönü,ZES,Mustafakemalpaşa,ChIJ5y-WUR4NthQRQaOtnvKyx00,1.0,1,İstasyon var ancak aktif değil boşuna gitmeyin
207751,ŞARJON - Burulaş Hocaalizade Açık Otoparkı,Şarjon (TR),Osmangazi,ChIJ9fW7Ln8UyhQR8zx3Eq7Xrqw,1.0,1,"Arızalı diyorlar,konu hakkında çözüm üretilmesini rica ederiz??"
207726,ŞARJON - Burulaş Osmangazi Metro Istasyonu Batı Çıkışı,Şarjon (TR),Osmangazi,ChIJ9fW7Ln8UyhQR8zx3Eq7Xrqw,1.0,1,"Arızalı diyorlar,konu hakkında çözüm üretilmesini rica ederiz??"
207701,ŞARJON - Burulaş Güzelyalı İDO İskele Açık Otoparkı,Şarjon (TR),Mudanya,ChIJv0eRiD9syhQR-X1RdPjfrXM,5.0,5,"ac şarj istasyonudur. tek soket/kulvar var. otoparka yani burpark'a giriş yapıyorsunuz sağ sağ yapıyorsunuz hemen köşede. karavanlara yakın konumlu görmekte zorlanabilirsiniz cihaz çok küçük. maks 20kw ile şarj yapabiliyor. piliniz dip seviyedeyse bir hayli zaman alacak demek oluyor bilginiz olsun. hatırlatma, otoparka girmeden şarj ünitesinin dolu olup olmadığını gözlemleyiniz. çıkış için ödeme gişesine yanaştığınızda otoparka şarj yapmak için giriş yaptığınızı söyleyin. bu sayede otopark ücreti ödemek durumunda kalmayacaksınız."
207401,ŞARJON - Som Yatırım,Şarjon (TR),Beykoz,ChIJGXtJ1CPLyhQRuUlqWWE-Mb0,3.3,5,"Konum yanlış, otelin arka sokağında, ortalama 56.8 kw çekti"
207401,ŞARJON - Som Yatırım,Şarjon (TR),Beykoz,ChIJGXtJ1CPLyhQRuUlqWWE-Mb0,3.3,2,"Kavak sokakta, otelin girişini geçin ilk sağa dönün. 180kw’lik sözde hiper şarj ama en fazla 105kw gördüm şimdilik bakalım."
207401,ŞARJON - Som Yatırım,Şarjon (TR),Beykoz,ChIJGXtJ1CPLyhQRuUlqWWE-Mb0,3.3,1,"Konum yanlış, bulsanız da çalışmıyor. Soğukta uğraşıyorsunuz..."
203022,Şarjon - Esbaş Ege Serbest Bölge,Şarjon (TR),Gaziemir,ChIJCVnWCpDfuxQROC67H1iegeE,5.0,5,Hamburgerini denedim ve mükemmeldi fiyatı da çok uygun herkese tavsiye ederim.
203002,Şarjon - Maçka İspark Katlı Otopark ,Şarjon (TR),Şişli,ChIJy5JybCK3yhQRTX9s4pU8EFU,2.5,1,Yeri çok kötü araçla zor giriyoruz lütfen daha düzgün bir yere koyun çok dar alan da
203002,Şarjon - Maçka İspark Katlı Otopark ,Şarjon (TR),Şişli,ChIJy5JybCK3yhQRTX9s4pU8EFU,2.5,1,"Bulamadık biz, nerede bunun yeri?? Otopark görevlisi bile bilmiyor."
203002,Şarjon - Maçka İspark Katlı Otopark ,Şarjon (TR),Şişli,ChIJy5JybCK3yhQRTX9s4pU8EFU,2.5,5,Hastane gelen diger araçlar otopark olarak park ediyorr. Makina tek kullanabiliyor
203002,Şarjon - Maçka İspark Katlı Otopark ,Şarjon (TR),Şişli,ChIJy5JybCK3yhQRTX9s4pU8EFU,2.5,3,Gizli bir yere koymuşlar gibi zor buldum
203001,ŞARJON - Torunlar İspark,Şarjon (TR),Şişli,ChIJy5JybCK3yhQRTX9s4pU8EFU,2.5,1,Yeri çok kötü araçla zor giriyoruz lütfen daha düzgün bir yere koyun çok dar alan da
203001,ŞARJON - Torunlar İspark,Şarjon (TR),Şişli,ChIJy5JybCK3yhQRTX9s4pU8EFU,2.5,1,"Bulamadık biz, nerede bunun yeri?? Otopark görevlisi bile bilmiyor."
203001,ŞARJON - Torunlar İspark,Şarjon (TR),Şişli,ChIJy5JybCK3yhQRTX9s4pU8EFU,2.5,5,Hastane gelen diger araçlar otopark olarak park ediyorr. Makina tek kullanabiliyor
203001,ŞARJON - Torunlar İspark,Şarjon (TR),Şişli,ChIJy5JybCK3yhQRTX9s4pU8EFU,2.5,3,Gizli bir yere koymuşlar gibi zor buldum
202319,ŞARJON - Six Senses Kocatas Mansion ,Şarjon (TR),Sarıyer,ChIJwa5bso2lyhQRKinw-K3licc,3.0,3,Kullanım çok zor
192132,ZES - Keşan Kipa AVM DC,ZES,Keşan,ChIJCfH7n5XHsxQRy6iPmDFn7Q8,2.8,1,Arızalıydı. Allahtan 500 metre ilerde Torunlar dinlenme tesisine 4 tane DC koymuşlar.
192132,ZES - Keşan Kipa AVM DC,ZES,Keşan,ChIJCfH7n5XHsxQRy6iPmDFn7Q8,2.8,2,güvenipte gelmeyin zes var diye arıza verirse haftasonu bakmıyorlar gün boyu çevrimdışı kalıyor.!
192132,ZES - Keşan Kipa AVM DC,ZES,Keşan,ChIJCfH7n5XHsxQRy6iPmDFn7Q8,2.8,5,Hayat kurtarıyor
192123,Zes - TP Şarköy Maral Petrol,ZES,Şarköy,ChIJI0EhXcb5sxQRXFMJY3ziKdQ,2.3,1,"Kalkıp bende gideyim dedim, şimdi yorumlara bakınca istasyonda bir şarj istasyonu yok daha önce AC olarak varmış. Ama arızalı olduğu için çalışmadığını söylediler.
Bölge aslında çok fazla elektirikli araç gidip gelmesine rağmen en yakın DC şarj istasyonu 30-40 km aralığında haritada daha yakın gibi görünenler ise Çanakkale otoyolunda, orayada gir çık gidip geldiğin yola değmez.
Şarköy İstanbul dönüşü yapacaksanız: Tekirdağ yoluna bağlandıktan sonra Aytemiz Petrol'de Eşarj var. Gücü kabul edilebilir.
Şarköy'e bir DC bir kaç AC olsa çok iyi olurdu."
192123,Zes - TP Şarköy Maral Petrol,ZES,Şarköy,ChIJI0EhXcb5sxQRXFMJY3ziKdQ,2.3,3,"Burda hızlı şarz yok,daha doğrusu şarköyde araç şarz yeri yok,garip bir durum o kadar elektrikli araç var,menzilinizi ona göre ayarlayınız."
192123,Zes - TP Şarköy Maral Petrol,ZES,Şarköy,ChIJI0EhXcb5sxQRXFMJY3ziKdQ,2.3,1,şarj istasyonunu kaldırmışlar şarköyde 1 tane bile araç şarj istasyonu yok
192123,Zes - TP Şarköy Maral Petrol,ZES,Şarköy,ChIJI0EhXcb5sxQRXFMJY3ziKdQ,2.3,5,"Gelişmiş istasyon, memnun kalacaksınız."
192123,Zes - TP Şarköy Maral Petrol,ZES,Şarköy,ChIJI0EhXcb5sxQRXFMJY3ziKdQ,2.3,1,Elektrikli istasyon kurulumu daha yapılmamış güvenip gelmeyin.
192119,Voltrun - Silivri Sahil Otopark,Voltrun,Silivri,ChIJb1vigzkVtRQRoYgfjqUt0vk,1.0,1,Şarj istasyonu kaldırıldı
192119,Voltrun - Silivri Sahil Otopark,Voltrun,Silivri,ChIJb1vigzkVtRQRoYgfjqUt0vk,1.0,1,Burada şarj yok. Boşuna gelmeyin.
191997,ZES - Oksijen O86 İzmir Yönü,ZES,Bursa,ChIJ_djCfl9ryhQRXQ9l8dVtu-w,4.0,5,Başarılı bir şarj istasyonu hızlı
191996,ZES - O37 - İstanbul Yönü,ZES,Bursa,ChIJMzTcdvs_yhQRJkofciatXyI,5.0,5,bursa kuzey bölgesindeki bildiğim tek DC şarj istasyonu (60kwh) inşallah bursamızın her yerinde yaygınlaşacak
191984,O228 Istanbul yönü,ZES,Savastepe,ChIJ5wcHQTtptxQRl7aTdqLL5D4,3.7,5,Sadece 2 tane ZES sarj istasyonu var. Diğerleri daha kurulmamış. Planlamayı iyi yapıp gelmekte fayda var.
191984,O228 Istanbul yönü,ZES,Savastepe,ChIJ5wcHQTtptxQRl7aTdqLL5D4,3.7,1,"Sarj istasyonlari ikside musait gosterdigi halde calismiyor ve cozum uretemiyorlar
Zes oksijen 266 da izmir yonunde mahsur kaldik sarjimiz %3"
191984,O228 Istanbul yönü,ZES,Savastepe,ChIJ5wcHQTtptxQRl7aTdqLL5D4,3.7,3,iki tane zes 4 tane e sarj var.. e şarjlar çalışmıyor..Zesin biri çok hızlı diğeri 120kw
191984,O228 Istanbul yönü,ZES,Savastepe,ChIJ5wcHQTtptxQRl7aTdqLL5D4,3.7,1,2 tane var 1i bozuk 18.10.2025
191984,O228 Istanbul yönü,ZES,Savastepe,ChIJ5wcHQTtptxQRl7aTdqLL5D4,3.7,5,Teşekkürler ZES . Daha da yaygın hale gelin inşallah
191946,SHARZ - Ozcanlar Köfte Beyazköy,Sharz.Net,Tekirdağ,ChIJj9EDDYOKtBQRBnTDyB-pYC4,1.0,1,"Yok burda boyle bisi, google a kaldif diyoruz kaldirmiyor burayi. Aramayin sakin 4 kere dondum israrla 😀"
191946,SHARZ - Ozcanlar Köfte Beyazköy,Sharz.Net,Tekirdağ,ChIJj9EDDYOKtBQRBnTDyB-pYC4,1.0,1,Burada yok
191311,Trugo - Oksijen O3,Trugo (TR),Dilovası,ChIJ-40pUAAjyxQRG3JrVY7_cxE,4.6,4,Çok fazla şarj ünitesi olan bir yer gayet kolay ve hızlı şarj edilebilir
191311,Trugo - Oksijen O3,Trugo (TR),Dilovası,ChIJ-40pUAAjyxQRG3JrVY7_cxE,4.6,5,100kw ile şarj aldım. Başarılı. QR zaman zaman okumuyor.
191311,Trugo - Oksijen O3,Trugo (TR),Dilovası,ChIJ-40pUAAjyxQRG3JrVY7_cxE,4.6,5,Gayet hızlı ve konumu iyi
191311,Trugo - Oksijen O3,Trugo (TR),Dilovası,ChIJ-40pUAAjyxQRG3JrVY7_cxE,4.6,5,Çok rahat çok profesyonel ;)
191310,ZES - O204 - İzmir Yönü,ZES,Balıkesir,ChIJidegeEIBtxQRT4uxql2HvhI,3.7,5,Kolay başarılı bir şarj istasyon
191310,ZES - O204 - İzmir Yönü,ZES,Balıkesir,ChIJidegeEIBtxQRT4uxql2HvhI,3.7,1,Gelmeyin KAPALI....
191279,SHARZ - Karis Oto,Sharz.Net,Bornova,ChIJkQ3dJizfuxQR0cOohT4IY8c,1.0,1,Istasyon henuz yok
191279,SHARZ - Karis Oto,Sharz.Net,Bornova,ChIJkQ3dJizfuxQR0cOohT4IY8c,1.0,1,Bozuk. Kısa devre sebebiyle bir aydır kullanilamiyor.
188934,ZES - Edremit Akın AVM DC,ZES,,ChIJJwRkXDPHsBQR9dHyDXDt31o,4.1,5,"Kipa AVM içerisinde sekiz istasyon var. ,Hzlı şarj başarılı."
188934,ZES - Edremit Akın AVM DC,ZES,,ChIJJwRkXDPHsBQR9dHyDXDt31o,4.1,5,Hızlı şarj geniş park alanı.
188934,ZES - Edremit Akın AVM DC,ZES,,ChIJJwRkXDPHsBQR9dHyDXDt31o,4.1,5,Zes varsa yolda sorun yok.her uzun yolda aradıgım tek isim zes
188934,ZES - Edremit Akın AVM DC,ZES,,ChIJJwRkXDPHsBQR9dHyDXDt31o,4.1,1,180kw istasyona 16.5₺ şarj ücreti alıp 45-50kw hız veriyor REZİLLİK!!!
188934,ZES - Edremit Akın AVM DC,ZES,,ChIJJwRkXDPHsBQR9dHyDXDt31o,4.1,1,Fiyat performansı ve şarj hızı kötü
188477,Voltrun - e-Power Balıkesir 1,Voltrun,Çayırhisar,ChIJnYLnegABtxQRgPqFfdtVQsc,1.0,1,Kapalı.
188477,Voltrun - e-Power Balıkesir 1,Voltrun,Çayırhisar,ChIJnYLnegABtxQRgPqFfdtVQsc,1.0,1,Kapalı durumda. Google Haritalar'a kapalı bilgisi eklenmemiş.
188207,EŞARJ - Q Beach Club,Eşarj (TR),Foça,ChIJifBEyVe0uxQRk6eatJ8t9SE,5.0,5,Güzel valla
188206,EŞARJ - Q Beach Club,Eşarj (TR),Foça,ChIJifBEyVe0uxQRk6eatJ8t9SE,5.0,5,Güzel valla
188197,EŞARJ - Pilotcar,Eşarj (TR),Doğanköy,ChIJtfi3VQARyhQRtXSvzehoqRA,1.0,1,"Her şarj portu 120kw taahhüt edilmiş ama 100kw üzeri çıkmıyor. (Isıtılmış pil ile bu sonuç)
2inci port aynı anda kullanıldığında  gücü direkt 60kw indirdi. Yan tarafındaki istasyonda daha kötü şartlarda 150kw güç rahatlıkla alınabiliyor.

Kötü bir deneyim oldu."
176241,SHARZ - Akvaryum Cafe & Restaurant,Sharz.Net,Çiğli,ChIJiW9JFanQuxQRb3DqCDZYUoo,5.0,5,Kaliteli hizmet var QR kodu okutup başlatıyorsunuz şarjı. Hiç benzinli araç parkettiğini görmedim. Metro Müşterilerine ait.
176240,SHARZ - Tektürk,Sharz.Net,Hamidiye,ChIJESB3apPYyhQRH9APEPUyhRg,3.0,1,Şarj kutusu yok arkadaşlar 🤦‍♀️ daha ne olmayabilir ki !
175267,SHARZ - Özdilek Avm,Sharz.Net,Balçova,ChIJ_Rq6pULcuxQR5ixZK9h6LOY,2.7,1,Bugün gittim ve şarj edemeden geri döndüm. O kadar saçma bir yere yapmışlar ki sadece girebiliyorsunuz! Yahu manevra yapacak kadar bir alanın olduğu yer bulamadınız mı? Geri geri giriş yapmanız gerekiyor lakin bunu yapmazsanız da fazlaca manevra ile dönüş yapıp çıkmanız lazım ya da geri geri çıkacaksınız karar sizin…
175267,SHARZ - Özdilek Avm,Sharz.Net,Balçova,ChIJ_Rq6pULcuxQR5ixZK9h6LOY,2.7,1,"Otopark alanı çok dar, manevra yapmak imkansız. Sadece giriş var çıkış yok. Aynı yoldan dönerken bekleyenlerin çıkması gerekiyor"
175267,SHARZ - Özdilek Avm,Sharz.Net,Balçova,ChIJ_Rq6pULcuxQR5ixZK9h6LOY,2.7,3,Buradaki şarj istasyonunuz olması süper ama sizlere ayrılan bölüm çok dar
175267,SHARZ - Özdilek Avm,Sharz.Net,Balçova,ChIJ_Rq6pULcuxQR5ixZK9h6LOY,2.7,1,"Alan çok dar maalesef, tesla togg gibi araçlar için sıkıntılı bi yer"
175267,SHARZ - Özdilek Avm,Sharz.Net,Balçova,ChIJ_Rq6pULcuxQR5ixZK9h6LOY,2.7,3,Otopark alanı çok dar ancak cihazlar çalışıyor
175104,EŞARJ - Shell Acıbadem,Eşarj (TR),,ChIJGW8Xxg-4yhQRyfxS5n085Es,4.0,4,Ortalama 40kw/h aliyorum
174887,Zes - Pakt Plus Avm,ZES,Biga,ChIJ3TkpQ-yzthQRarn_BsUAg_U,3.4,1,Şarj istasyonu araç park yeri olarak kullanıldığı için zes de şarj yapamadım. Yanındaki trugada şarj yaptım. Bu konu üzerinde çalışılması ve çipli bariyer sistemi ne geçilmesi veya önlem alınması gerekiyor.
174887,Zes - Pakt Plus Avm,ZES,Biga,ChIJ3TkpQ-yzthQRarn_BsUAg_U,3.4,4,Yerlere çöp atanlar yüzünden yangın çıkabilir. Söndürücü de yok. Her ünite 60kw. iki araç aynı anda şarj ettiğinde ikiye bölüyor.
174887,Zes - Pakt Plus Avm,ZES,Biga,ChIJ3TkpQ-yzthQRarn_BsUAg_U,3.4,5,60kw şarj aldım ama benzinliler otopark olarak kullanıyor. Şanslıysanız yer bulunur
174887,Zes - Pakt Plus Avm,ZES,Biga,ChIJ3TkpQ-yzthQRarn_BsUAg_U,3.4,1,Bir türlü şarj gerçekleşmedi yeteri kadar şarjım olmasa problem yaşayacaktım.
174886,Zes - Paragon Avm,ZES,Ayvalık,ChIJYSkzr-B1uhQRogKHNYDlXG4,3.3,4,Daha çok şarz istasyonu olması gerekli
174885,Zes - Palm Beach Otel,ZES,Küçükkuyu,ChIJFTLTFbmRsBQRF8a4Rpz9uUc,3.0,3,10kw çıkış veriyor.
174840,SHARZ - Lens Yaşam Merkezi,Sharz.Net,Kurtköy,ChIJiXQIhBDayhQRIGqBqpLsEqc,3.0,1,ücretli otopark
174818,Voltrun - Şile Belediye Otoparkı,Voltrun,Şile,ChIJa8nAExYznkARcj5S0NBf5EE,4.0,4,"Sanırım Voltaj Sorunu Var, Arabamı Şarj Etme Esnasında İstasyon Elektriği Kesilerek Arbamdaki Şarjırlarımdan Bir Tanesinin Yanmasına Sebebiyet Vermiştir. Otopark'ın Eelektriği O esnada Kesintiye Uğramamıştır. Şile'de Tek Bir İstasyon Olduğu İçin Bursa'ya %80 Şarj İle Sıkıntılı Bir Şekilde Geldik Hasarımız Büyük, Sadece Şarj İstasyonunun Elektriğinin Kesilmesi Bizi Zarara Uğratmıştır."
174778,Zes - Apama Zeytinli Bahçe ,ZES,Bağarası,ChIJ0V44CXPNuxQR4JKQ7gbYzlI,3.4,5,belediyenin kurduğu guzel bir kurtarici
174778,Zes - Apama Zeytinli Bahçe ,ZES,Bağarası,ChIJ0V44CXPNuxQR4JKQ7gbYzlI,3.4,1,İyi ki istasyon vardı ancak bir tane yetersiz
174768,Zes - Oepsaş,ZES,Kütahya,ChIJS5S87m5IyRQRcu-kW7Hxzy4,1.3,2,Konumlandırması inanılmaz kötü ki muhtemelen bugüne kadar hiç kullanan olmamıştır. Çünkü kaldırımın öteki tarafında kabloyla kaldırımdan geçmen gerekiyor ve bu pek mümkün değil yayalar nereden geçecek!!!? Düzenlerlerse her gün kullanacağım bir yer ama galiba farklı detaylar olduğu için öyle yapmak zorunda kaldılar. Ve herhangi bir bilgilendirme tabelası yok o yüzden içten yanmalı arabalar hep oraya park ediyor.
174768,Zes - Oepsaş,ZES,Kütahya,ChIJS5S87m5IyRQRcu-kW7Hxzy4,1.3,1,"Boşuna gelmeyin, göstermelik olsun diye yapılmış bir şarj istasyonu. Hiç bir mantığı ve kullanım imkanı yok."
174768,Zes - Oepsaş,ZES,Kütahya,ChIJS5S87m5IyRQRcu-kW7Hxzy4,1.3,1,șurayi duzeltin artik
174752,Voltrun - Şile Belediye Otoparkı,Voltrun,,ChIJa8nAExYznkARcj5S0NBf5EE,4.0,4,"Sanırım Voltaj Sorunu Var, Arabamı Şarj Etme Esnasında İstasyon Elektriği Kesilerek Arbamdaki Şarjırlarımdan Bir Tanesinin Yanmasına Sebebiyet Vermiştir. Otopark'ın Eelektriği O esnada Kesintiye Uğramamıştır. Şile'de Tek Bir İstasyon Olduğu İçin Bursa'ya %80 Şarj İle Sıkıntılı Bir Şekilde Geldik Hasarımız Büyük, Sadece Şarj İstasyonunun Elektriğinin Kesilmesi Bizi Zarara Uğratmıştır."
174659,SHARZ - Murat Reis ,Sharz.Net,Küçükköy,ChIJDbfADylxuhQRv4BC6se8U_g,3.6,4,11kw AC ünite var 2 adet ama otelin kullanımına açık.
174659,SHARZ - Murat Reis ,Sharz.Net,Küçükköy,ChIJDbfADylxuhQRv4BC6se8U_g,3.6,1,"Büyük Berk otel deki şarj istasyonu aktif görünmesine rağmen çalışmıyor, bir an önce sorun giderilir umarım bu tür sorunlarla insanların zamanının çalınması doğru değil"
174659,SHARZ - Murat Reis ,Sharz.Net,Küçükköy,ChIJDbfADylxuhQRv4BC6se8U_g,3.6,5,Suat akın çarşıda hediyelik eşya saat çanta modelleri doğal taş gibi herşey var ve çok uygun
174658,SHARZ - Asude Tesisleri,Sharz.Net,Karaağaç,ChIJDbfADylxuhQRv4BC6se8U_g,3.6,4,11kw AC ünite var 2 adet ama otelin kullanımına açık.
174658,SHARZ - Asude Tesisleri,Sharz.Net,Karaağaç,ChIJDbfADylxuhQRv4BC6se8U_g,3.6,1,"Büyük Berk otel deki şarj istasyonu aktif görünmesine rağmen çalışmıyor, bir an önce sorun giderilir umarım bu tür sorunlarla insanların zamanının çalınması doğru değil"
174658,SHARZ - Asude Tesisleri,Sharz.Net,Karaağaç,ChIJDbfADylxuhQRv4BC6se8U_g,3.6,5,Suat akın çarşıda hediyelik eşya saat çanta modelleri doğal taş gibi herşey var ve çok uygun
174641,SHARZ - Arasta Park AVM,Sharz.Net,Kocaeli,ChIJkeHK4gJQyxQRCZo_fSD_DtQ,5.0,5,"Çok hızlı, Yaklaşık 178 kw gördüm."
174595,Zes Teos Marina ,ZES,Düzce,ChIJ-Tg6_bmNuxQRymrRon5v_l4,3.1,1,2 sarj istasyonu da bozuk. Error 4002 hatasi veriyor ve sarji baslatamiyor. Bu Zes istasyonlara guvenmeyin yolda kalirsiniz
174595,Zes Teos Marina ,ZES,Düzce,ChIJ-Tg6_bmNuxQRymrRon5v_l4,3.1,1,Aracımızı şarja bıraktık. Biraz vakit geçirmek istedik yüzde 59 olunca şarjı bırakmış. Yorumlarda bozuk denilmişti ama çalışıyor görünce güvenmiştik. Güvenmeyin.
174595,Zes Teos Marina ,ZES,Düzce,ChIJ-Tg6_bmNuxQRymrRon5v_l4,3.1,3,"Not:migrosa yakın olan istasyon şarj etmiyor kendi kendine kapatıyor şarjı haberiniz olsun

Otopark ücreti alınıyor.
2 istasyon var 2 araçlık yer var. Birde magandalar şarj ayağına arabayı bırakıp gitmese herşey daha güzel olacak. Elektirikli araç sahiplerini daha duyarlı olmaya davet ediyorum."
174595,Zes Teos Marina ,ZES,Düzce,ChIJ-Tg6_bmNuxQRymrRon5v_l4,3.1,1,bozuk cihazlar. vakit kaybindan baska bir ise yaramaz
174595,Zes Teos Marina ,ZES,Düzce,ChIJ-Tg6_bmNuxQRymrRon5v_l4,3.1,5,Pahalı ama iş yapar
174594,Renault Mais,Eşarj (TR),,ChIJjwrUl6sWyhQRkIC-2-dbLZ4,1.0,1,"AC şarj olduğu Google söylenmesine rağmen gittiğimizde DC şarj vardı, tamamen saçma bir yanlışlık."
174447,ZES - Bahçıvanoğlu Otomotiv,ZES,Bergama,ChIJKyDUo2cDuhQRsClVwJEPGHw,5.0,5,Otelin yanında sokakta
174400,ZES - O178 - İstanbul Yönü,ZES,Balıkesir,ChIJidegeEIBtxQRT4uxql2HvhI,3.7,5,Kolay başarılı bir şarj istasyon
174400,ZES - O178 - İstanbul Yönü,ZES,Balıkesir,ChIJidegeEIBtxQRT4uxql2HvhI,3.7,1,Gelmeyin KAPALI....
174399,ZES - O178 - İzmir Yönü,ZES,Balıkesir,ChIJidegeEIBtxQRT4uxql2HvhI,3.7,5,Kolay başarılı bir şarj istasyon
174399,ZES - O178 - İzmir Yönü,ZES,Balıkesir,ChIJidegeEIBtxQRT4uxql2HvhI,3.7,1,Gelmeyin KAPALI....
174095,"EŞARJ - Hampton by Hilton, Gelibolu",Eşarj (TR),Gelibolu,ChIJS08_p2pvsRQRfPa1VfKBpBs,1.0,1,"Otel araç sarjina müsade etmiyor, sadece otel müşterilerine hizmet veriyormuş"
172990,ZES - Metropol Istanbul DC,ZES,Istanbul,ChIJSRr-MafIyhQRDSwLSrpfP20,4.0,1,AC istasyonları arızalı. P2 kata inişteki 2 farklı istasyonda hata veriyor. Ne yazık ki arızalı olduğunu gösteren bir ibarede yok.
172990,ZES - Metropol Istanbul DC,ZES,Istanbul,ChIJSRr-MafIyhQRDSwLSrpfP20,4.0,5,"kolay, başarılı ve asla ikiletmiyor. kolayca boş yer bulabileceğiniz bir yer"
172249,Tire Park AVM,ZES,Tire,ChIJe7snlVw9uRQRKGni2FUxADw,3.0,1,60 kW gösterip hiç araç olmamasına rağmen 28 üstünü görmedik
172238,Zorpet,ZES,Yunusemre,ChIJN1SGYACduRQRFawFiQlOSp0,2.0,2,Otopark girisinde hemen solda. 60 kw degil 25kw ile sinirlandirilmis cihazlar. Çok yavaş.
172238,Zorpet,ZES,Yunusemre,ChIJN1SGYACduRQRFawFiQlOSp0,2.0,4,İstasyon 60 KWh olmasına rağmen maksimum 38 KWh hız ile şarj etti.
172237,45Park AVM,ZES,Yunusemre,ChIJFXQmu5ecuRQRU3ogxACZQpM,3.0,1,Şarj istasyonu kurulu değil
170963,EŞARJ - Aytemiz Koşuyolu,Eşarj (TR),,ChIJGW8Xxg-4yhQRyfxS5n085Es,4.0,4,Ortalama 40kw/h aliyorum
167266,İstanbul İzmir Otoyolu,ZES,Taşpınar,ChIJ10OoNpX3tRQRuUQpRsPV8QQ,4.4,5,Zes çok yaygınlaşmış Türkiye de ilk Zorlu Avm da kurulmuştu. Şu an başarılı. Her yerde var hemen hemen
167266,İstanbul İzmir Otoyolu,ZES,Taşpınar,ChIJ10OoNpX3tRQRuUQpRsPV8QQ,4.4,4,Kurulmuş ama henüz açılmayan cihazlar ne zaman aktif olacak acaba? Tek sokete bel bağlıyoruz şu yollarda...
167266,İstanbul İzmir Otoyolu,ZES,Taşpınar,ChIJ10OoNpX3tRQRuUQpRsPV8QQ,4.4,4,"İşte ilk örneklerden bir hizmet.Desteklemeli ki,yaygınlaşabilsinler..İnsan faktörü olmadan sunulan bir hizmet ilginç geliyor.."
167266,İstanbul İzmir Otoyolu,ZES,Taşpınar,ChIJ10OoNpX3tRQRuUQpRsPV8QQ,4.4,3,Piyasadaki en pahalı elektrik. Bazı cihazlarda nedense şarjı başlatamıyor bir türlü
167266,İstanbul İzmir Otoyolu,ZES,Taşpınar,ChIJ10OoNpX3tRQRuUQpRsPV8QQ,4.4,4,Tertemiz bir istasyon.hizmet güzel.tuvaletler mis gibi kokuyor.insallah böyle gider.
165265,"Eşarj - ASF Otomotiv, Gebze",Eşarj (TR),Kocaeli,ChIJlQpSJ5DfyhQRbHIDbBOTh1s,3.5,2,Nazer otomotivin önünde tek bir şarj noktası . Herkese açık . Ancak hız düşük bunu bilerek son çare olarak gelinebilir
165263,"Eşarj - Kilim Otel, İzmir",Eşarj (TR),İzmir,ChIJ7ywmfvzYuxQR86N-pJmQG5c,1.0,1,Marriott otelin -4uncu katinda yer alan sarj istasyonunda sarj ederseniz 1 saat sonra Marriott 500tl otopark ucreti de kesiyor. Park etmeyin.
165262,Eşarj - İzmir Palas Otel,Eşarj (TR),İzmir,ChIJ9cf1NW7YuxQRJ4wcPu0pWFs,3.7,5,Düzelmiş çalışıyor  fakat yavaş 71kw maks
165262,Eşarj - İzmir Palas Otel,Eşarj (TR),İzmir,ChIJ9cf1NW7YuxQRJ4wcPu0pWFs,3.7,1,120 kw yazdığına bakmayın 15 kw zor veriyor
165261,"Eşarj - Hilltown AVM, Karşıyaka",Eşarj (TR),İzmir,ChIJ8W9g9vXZuxQRuS-ck8rblIo,4.1,4,"Şarj istasyonu konum olarak uygun olsa da bazı cihazlar arızalı veya yavaş çalışıyor. Kullanım talimatları yeterince açıklayıcı değil, yoğun zamanlarda bekleme süresi uzun olabiliyor. Temizlik ve güvenlik önlemleri sınırlı. Daha düzenli bir bakım ve denetim şart."
165261,"Eşarj - Hilltown AVM, Karşıyaka",Eşarj (TR),İzmir,ChIJ8W9g9vXZuxQRuS-ck8rblIo,4.1,4,"Bana göre kullanımı en kolay uygulama ama en pahalısı,  kampanya yapıyor ama yine de fiyatı diğerlerine göre yukarıda.
Şarj yerinde bekler iken oturacak alan yok, bir iki bank konulur ise fena olmaz. Otopark alanında olması gölgelik sağlıyor bu bakımdan iyi."
165261,"Eşarj - Hilltown AVM, Karşıyaka",Eşarj (TR),İzmir,ChIJ8W9g9vXZuxQRuS-ck8rblIo,4.1,2,Bugün gittiğimde 5 aletten biri boştu ancak ikisi o kadar dar yere yapılmış ki yandaki araç çıkmayınca kullanmak imkansız gibi. Diğerlerinde bir araç %100 yapmak için bekliyordu. Ac’deki araçlar şarjı fullemiş ama araç sahipleri aracı takip etmemiş alanı işgal etmişlerdi. Yarım saat kadar bekledim. İstasyonun işlevselliği ve kullanıcıların düzensizliği yüzünden düşük puan.
165260,"Eşarj - Hilltown AVM, Karşıyaka",Eşarj (TR),İzmir,ChIJ8W9g9vXZuxQRuS-ck8rblIo,4.1,4,"Şarj istasyonu konum olarak uygun olsa da bazı cihazlar arızalı veya yavaş çalışıyor. Kullanım talimatları yeterince açıklayıcı değil, yoğun zamanlarda bekleme süresi uzun olabiliyor. Temizlik ve güvenlik önlemleri sınırlı. Daha düzenli bir bakım ve denetim şart."
165260,"Eşarj - Hilltown AVM, Karşıyaka",Eşarj (TR),İzmir,ChIJ8W9g9vXZuxQRuS-ck8rblIo,4.1,4,"Bana göre kullanımı en kolay uygulama ama en pahalısı,  kampanya yapıyor ama yine de fiyatı diğerlerine göre yukarıda.
Şarj yerinde bekler iken oturacak alan yok, bir iki bank konulur ise fena olmaz. Otopark alanında olması gölgelik sağlıyor bu bakımdan iyi."
165260,"Eşarj - Hilltown AVM, Karşıyaka",Eşarj (TR),İzmir,ChIJ8W9g9vXZuxQRuS-ck8rblIo,4.1,2,Bugün gittiğimde 5 aletten biri boştu ancak ikisi o kadar dar yere yapılmış ki yandaki araç çıkmayınca kullanmak imkansız gibi. Diğerlerinde bir araç %100 yapmak için bekliyordu. Ac’deki araçlar şarjı fullemiş ama araç sahipleri aracı takip etmemiş alanı işgal etmişlerdi. Yarım saat kadar bekledim. İstasyonun işlevselliği ve kullanıcıların düzensizliği yüzünden düşük puan.
165257,"Eşarj - Ege Perla, Konak",Eşarj (TR),İzmir,ChIJ9cf1NW7YuxQRJ4wcPu0pWFs,3.7,5,Düzelmiş çalışıyor  fakat yavaş 71kw maks
165257,"Eşarj - Ege Perla, Konak",Eşarj (TR),İzmir,ChIJ9cf1NW7YuxQRJ4wcPu0pWFs,3.7,1,120 kw yazdığına bakmayın 15 kw zor veriyor
165254,"Eşarj - Özgörkey Otomotiv, Bornova",Eşarj (TR),İzmir,ChIJ9cf1NW7YuxQRJ4wcPu0pWFs,3.7,5,Düzelmiş çalışıyor  fakat yavaş 71kw maks
165254,"Eşarj - Özgörkey Otomotiv, Bornova",Eşarj (TR),İzmir,ChIJ9cf1NW7YuxQRJ4wcPu0pWFs,3.7,1,120 kw yazdığına bakmayın 15 kw zor veriyor
165253,"Eşarj - Otomol, Alsancak, İzmir",Eşarj (TR),İzmir,ChIJ9cf1NW7YuxQRJ4wcPu0pWFs,3.7,5,Düzelmiş çalışıyor  fakat yavaş 71kw maks
165253,"Eşarj - Otomol, Alsancak, İzmir",Eşarj (TR),İzmir,ChIJ9cf1NW7YuxQRJ4wcPu0pWFs,3.7,1,120 kw yazdığına bakmayın 15 kw zor veriyor
165252,"Eşarj - Mavibahçe AVM, İzmir",Eşarj (TR),İzmir,ChIJ8W9g9vXZuxQRuS-ck8rblIo,4.1,4,"Şarj istasyonu konum olarak uygun olsa da bazı cihazlar arızalı veya yavaş çalışıyor. Kullanım talimatları yeterince açıklayıcı değil, yoğun zamanlarda bekleme süresi uzun olabiliyor. Temizlik ve güvenlik önlemleri sınırlı. Daha düzenli bir bakım ve denetim şart."
165252,"Eşarj - Mavibahçe AVM, İzmir",Eşarj (TR),İzmir,ChIJ8W9g9vXZuxQRuS-ck8rblIo,4.1,4,"Bana göre kullanımı en kolay uygulama ama en pahalısı,  kampanya yapıyor ama yine de fiyatı diğerlerine göre yukarıda.
Şarj yerinde bekler iken oturacak alan yok, bir iki bank konulur ise fena olmaz. Otopark alanında olması gölgelik sağlıyor bu bakımdan iyi."
165252,"Eşarj - Mavibahçe AVM, İzmir",Eşarj (TR),İzmir,ChIJ8W9g9vXZuxQRuS-ck8rblIo,4.1,2,Bugün gittiğimde 5 aletten biri boştu ancak ikisi o kadar dar yere yapılmış ki yandaki araç çıkmayınca kullanmak imkansız gibi. Diğerlerinde bir araç %100 yapmak için bekliyordu. Ac’deki araçlar şarjı fullemiş ama araç sahipleri aracı takip etmemiş alanı işgal etmişlerdi. Yarım saat kadar bekledim. İstasyonun işlevselliği ve kullanıcıların düzensizliği yüzünden düşük puan.
165250,"Eşarj - Aytemiz, Vadim, Kozyatağı",Eşarj (TR),İstanbul,ChIJi5t7p1zGyhQRyXZdgWuAVf8,5.0,5,Greenpark otelin otopark kısmında. Yönlendirme tabelası yok. Birisine sormadan bulamıyorsun. Togg için sarj yönlendirme tabelası var ancak e sarj için yok. 1 saat içinde sarj edip çıkıldığında otopark ücreti alınmıyor.
165249,"Eşarj - Aytemiz, Kadıköy",Eşarj (TR),İstanbul,ChIJi5t7p1zGyhQRyXZdgWuAVf8,5.0,5,Greenpark otelin otopark kısmında. Yönlendirme tabelası yok. Birisine sormadan bulamıyorsun. Togg için sarj yönlendirme tabelası var ancak e sarj için yok. 1 saat içinde sarj edip çıkıldığında otopark ücreti alınmıyor.
165248,"Eşarj - Modoko Çarşı, Ümraniye",Eşarj (TR),İstanbul,ChIJ_cLlv1rPyhQRX3MWOWXnSTU,1.0,1,"Şarj istasyonu yok, hatalı işaretlenmiş"
165247,"Eşarj - CarrefourSA, İstinye",Eşarj (TR),İstanbul,ChIJY_PdUAW2yhQRcJvd_K8S4cM,2.8,4,Giriş Nispetiye caddesi üzerinden Cherry ve GenPa arasından.
165247,"Eşarj - CarrefourSA, İstinye",Eşarj (TR),İstanbul,ChIJY_PdUAW2yhQRcJvd_K8S4cM,2.8,1,Mengerler otoparkinda fakat girisi bayi araclarla kapattigi icin erisim yok..!
165247,"Eşarj - CarrefourSA, İstinye",Eşarj (TR),İstanbul,ChIJY_PdUAW2yhQRcJvd_K8S4cM,2.8,1,İçeride bulunduğu için sadece Mercedes firmasına aittir. Halkın kullanımına açık değildir!
165245,"Eşarj - CarrefourSA, Anadoluhisarı",Eşarj (TR),İstanbul,ChIJBZDNsifKyhQRinZXe275EVY,2.8,3,Şarj alanının yanına motosiklet park alanı yapmışlar. Hamburgerci sebebiyle kurye motorları oraya park ediyor ve şarj alanını daraltıyorlar. Şarj alanı da pek geniş değil. Bu yüzden girip çıkmak çok kolay olmadı. Şarj hızı tahmininiz kadar yüksek olmayabilir. Şarj alanını park alanı olarak kullanan tipler burada da var. Hatta şarja takmış %100 olmuş olan ama alışverişi devam ettiği için şarjdan çıkmayan araçlar da gördüm. Genel olarak fena değil. Hiç yoktan iyidir yani.
165245,"Eşarj - CarrefourSA, Anadoluhisarı",Eşarj (TR),İstanbul,ChIJBZDNsifKyhQRinZXe275EVY,2.8,1,"24 saat acik yazilan yerde gidiyoruz
Carrefour ısletmesi kilit vurmuş kapiya.

Bu durumu cozmenizi rica ediyorum."
165245,"Eşarj - CarrefourSA, Anadoluhisarı",Eşarj (TR),İstanbul,ChIJBZDNsifKyhQRinZXe275EVY,2.8,1,Ne zaman gitsem elektrikli olmayan aracların işgali altında
165245,"Eşarj - CarrefourSA, Anadoluhisarı",Eşarj (TR),İstanbul,ChIJBZDNsifKyhQRinZXe275EVY,2.8,4,"23 sularında gittiğimiz için mağazalar kapalı ve otopark boştu o yüzden bekleme süreside oluşmadı lakin gündüz kalabalık olabileceğini düşünüyorum, bu büyüklükteki bie park alanı için 4 şarj yeri çok az gerçekten. Bulması kolay ATM lerin sağında"
165245,"Eşarj - CarrefourSA, Anadoluhisarı",Eşarj (TR),İstanbul,ChIJBZDNsifKyhQRinZXe275EVY,2.8,5,bu bölgede cadde üzerinde 200 m2 yer olacak iki şarj ünitesi yıkama yağlama vs. çay kahve wifii internet koyacan para basarsın. çok değerli bir bölge elitttttt kesim hep.
165244,"Eşarj - Kanyon AVM, Levent",Eşarj (TR),İstanbul,ChIJY_PdUAW2yhQRcJvd_K8S4cM,2.8,4,Giriş Nispetiye caddesi üzerinden Cherry ve GenPa arasından.
165244,"Eşarj - Kanyon AVM, Levent",Eşarj (TR),İstanbul,ChIJY_PdUAW2yhQRcJvd_K8S4cM,2.8,1,Mengerler otoparkinda fakat girisi bayi araclarla kapattigi icin erisim yok..!
165244,"Eşarj - Kanyon AVM, Levent",Eşarj (TR),İstanbul,ChIJY_PdUAW2yhQRcJvd_K8S4cM,2.8,1,İçeride bulunduğu için sadece Mercedes firmasına aittir. Halkın kullanımına açık değildir!
165237,"Eşarj - Kosifler Oto, Bostancı",Eşarj (TR),İstanbul,ChIJH80uzV7GyhQRfMr_7iEyRZ4,2.0,2,150 kw yazıyor ama 60kw yı gecmiyor. Hızlı istiyorsanız tavsiye etmiyorum. Ek olarak byd araçları sürekli park ediyor araç parkı olarak kullanılıyor. Boş gözükse bile online park yeri olarak kullanılıyor
165234,"Eşarj - The Marmara, Pera",Eşarj (TR),İstanbul,ChIJVf6XRuC5yhQR-9z4aWifqa4,1.0,1,"Şarj cihazı otelin girişinin önünde, çok yoğun bir yol, eğer otelden ücret talep etmek isterseniz, otopark için 120 TRY (4.2 EUR) ödemeniz gerekiyor. Ne? Örneğin, 500 metre ilerideki Sistane Otoparkı gibi başka bir yere gitmek daha iyi olur, böylece hızlı şarj cihazı ve daha ucuz otopark imkanı elde edersiniz."
165232,"Eşarj - Tekfen Tower, 4. Levent",Eşarj (TR),İstanbul,ChIJY_PdUAW2yhQRcJvd_K8S4cM,2.8,4,Giriş Nispetiye caddesi üzerinden Cherry ve GenPa arasından.
165232,"Eşarj - Tekfen Tower, 4. Levent",Eşarj (TR),İstanbul,ChIJY_PdUAW2yhQRcJvd_K8S4cM,2.8,1,Mengerler otoparkinda fakat girisi bayi araclarla kapattigi icin erisim yok..!
165232,"Eşarj - Tekfen Tower, 4. Levent",Eşarj (TR),İstanbul,ChIJY_PdUAW2yhQRcJvd_K8S4cM,2.8,1,İçeride bulunduğu için sadece Mercedes firmasına aittir. Halkın kullanımına açık değildir!
165231,"Eşarj - Tekfen Tower, 4. Levent",Eşarj (TR),İstanbul,ChIJY_PdUAW2yhQRcJvd_K8S4cM,2.8,4,Giriş Nispetiye caddesi üzerinden Cherry ve GenPa arasından.
165231,"Eşarj - Tekfen Tower, 4. Levent",Eşarj (TR),İstanbul,ChIJY_PdUAW2yhQRcJvd_K8S4cM,2.8,1,Mengerler otoparkinda fakat girisi bayi araclarla kapattigi icin erisim yok..!
165231,"Eşarj - Tekfen Tower, 4. Levent",Eşarj (TR),İstanbul,ChIJY_PdUAW2yhQRcJvd_K8S4cM,2.8,1,İçeride bulunduğu için sadece Mercedes firmasına aittir. Halkın kullanımına açık değildir!
165230,"Eşarj - Tekfen Tower, 4. Levent",Eşarj (TR),İstanbul,ChIJY_PdUAW2yhQRcJvd_K8S4cM,2.8,4,Giriş Nispetiye caddesi üzerinden Cherry ve GenPa arasından.
165230,"Eşarj - Tekfen Tower, 4. Levent",Eşarj (TR),İstanbul,ChIJY_PdUAW2yhQRcJvd_K8S4cM,2.8,1,Mengerler otoparkinda fakat girisi bayi araclarla kapattigi icin erisim yok..!
165230,"Eşarj - Tekfen Tower, 4. Levent",Eşarj (TR),İstanbul,ChIJY_PdUAW2yhQRcJvd_K8S4cM,2.8,1,İçeride bulunduğu için sadece Mercedes firmasına aittir. Halkın kullanımına açık değildir!
165228,"Eşarj - Kosifler Oto, Bostancı",Eşarj (TR),İstanbul,ChIJH80uzV7GyhQRfMr_7iEyRZ4,2.0,2,150 kw yazıyor ama 60kw yı gecmiyor. Hızlı istiyorsanız tavsiye etmiyorum. Ek olarak byd araçları sürekli park ediyor araç parkı olarak kullanılıyor. Boş gözükse bile online park yeri olarak kullanılıyor
165225,"Eşarj - Borusan Oto, Samandıra",Eşarj (TR),İstanbul,ChIJpd2fFRrQyhQRfKQbf29Iq_U,4.5,5,24 saat açık ayedaş binası girişinde
165225,"Eşarj - Borusan Oto, Samandıra",Eşarj (TR),İstanbul,ChIJpd2fFRrQyhQRfKQbf29Iq_U,4.5,4,Max 60kW şarj yapabiliyor.
165222,"Eşarj - Akasya AVM, Acıbadem",Eşarj (TR),İstanbul,ChIJG-DVf_DHyhQRObJC27YkMfY,3.3,3,Şarj başlamadı. Bu sebeple mutlu olamadım
165219,"Eşarj - Aytemiz, Şişli",Eşarj (TR),İstanbul,ChIJja7FGTq3yhQRcN64ZKt3Zgc,3.7,1,Çalışmıyor. Çalışma saati dışında hatası veriyor.
165219,"Eşarj - Aytemiz, Şişli",Eşarj (TR),İstanbul,ChIJja7FGTq3yhQRcN64ZKt3Zgc,3.7,5,Maksimum şarj hızı 50kW'dır
165219,"Eşarj - Aytemiz, Şişli",Eşarj (TR),İstanbul,ChIJja7FGTq3yhQRcN64ZKt3Zgc,3.7,5,Çok iyi çalışıyor ama sadece 50kw'a kadar
165218,"Eşarj - Akbatı AVM, Esenyurt",Eşarj (TR),İstanbul,ChIJZ4_pA6RYtRQRVkMH5p4nwgc,4.3,5,Kspalı otoparka girince sağda iki araçlık DC istasyon. Mercedes EQB şarj ettim.
165218,"Eşarj - Akbatı AVM, Esenyurt",Eşarj (TR),İstanbul,ChIJZ4_pA6RYtRQRVkMH5p4nwgc,4.3,4,Kısıtlı yerlerde Var daha çok olması lazım
165218,"Eşarj - Akbatı AVM, Esenyurt",Eşarj (TR),İstanbul,ChIJZ4_pA6RYtRQRVkMH5p4nwgc,4.3,5,Güzel arac sarj noktasi
165218,"Eşarj - Akbatı AVM, Esenyurt",Eşarj (TR),İstanbul,ChIJZ4_pA6RYtRQRVkMH5p4nwgc,4.3,5,E ŞARJ
165218,"Eşarj - Akbatı AVM, Esenyurt",Eşarj (TR),İstanbul,ChIJZ4_pA6RYtRQRVkMH5p4nwgc,4.3,5,gayet iyi ve başarılı
165216,"Eşarj - Borusan Oto, Samandıra",Eşarj (TR),İstanbul,ChIJpd2fFRrQyhQRfKQbf29Iq_U,4.5,5,24 saat açık ayedaş binası girişinde
165216,"Eşarj - Borusan Oto, Samandıra",Eşarj (TR),İstanbul,ChIJpd2fFRrQyhQRfKQbf29Iq_U,4.5,4,Max 60kW şarj yapabiliyor.
165215,"Eşarj - Trend Oto, Ümraniye",Eşarj (TR),İstanbul,ChIJz5QZReDOyhQROPXAe2JCEUI,3.0,1,"6 soketten 4 tanesi direk (kırmızı) bozuk gösteriyordu. 1 tanesi çalışıyor gösteriyordu, 3 farklı araç denedik ama çalışmıyordu. 1 tanesi binbir güçlükle (10-15 defa soket çıkart tak) sadece 20 dakika çalışıp hata verip şarjı durdurdu.  180kw yerine sadece 70kw veriyordu. Ama ücretlendirmeyi 180kw üzerinden yaptı."
165215,"Eşarj - Trend Oto, Ümraniye",Eşarj (TR),İstanbul,ChIJz5QZReDOyhQROPXAe2JCEUI,3.0,4,4 adet çalışan soket var. Benden başka kimse yoktu. Ortalama 104 kWh ile şarj oldu. Yol kenarına 7/24 açık gayet güzel
165214,"Eşarj - Doğuş Otomotiv - Turkcell, Maltepe",Eşarj (TR),İstanbul,ChIJH80uzV7GyhQRfMr_7iEyRZ4,2.0,2,150 kw yazıyor ama 60kw yı gecmiyor. Hızlı istiyorsanız tavsiye etmiyorum. Ek olarak byd araçları sürekli park ediyor araç parkı olarak kullanılıyor. Boş gözükse bile online park yeri olarak kullanılıyor
165209,"Eşarj - Pendorya Alışveriş Merkezi, İstanbul",Eşarj (TR),İstanbul,ChIJUURrtIXcyhQR0RrJ2KnPNQY,2.5,1,1 saat boyunca 3 kW bile şarj edemedim aracımı sürekli sarjı sonlandirip duruyor ve 12 TL kW başı ücret alıyor e şarj pişmanlıktır
165207,"Eşarj - The Grand Tarabya, İstanbul",Eşarj (TR),İstanbul,ChIJ8cQUrqLKyhQRy0fLc1GIzco,2.6,2,Trabya oteli otoparkında yer alıyor. 30 dk içinde şarj etmelisiniz aksi halde otopark ücreti ödersiniz.
165207,"Eşarj - The Grand Tarabya, İstanbul",Eşarj (TR),İstanbul,ChIJ8cQUrqLKyhQRy0fLc1GIzco,2.6,2,Bugün gittim aracım sadece Ac den şarj oluyor.  Evim yakın olduğu için Acil ihtiyacımı kısa süreliğine görmüş oldu. Ancak yarım saat ücretsiz. Sonrası 3 saate kadar 400 tl otopark ücreti var. Dc den hızlı şarj edenler için iş görür ancak Ac şarj için otopark ücreti mecbur konulmuş. Yani aracı fullemek için 7 saate ihtiyacınız varsa 100 tl şarj 3 saate 400+ ... Saat ücreti ödemeniz gerekir.
165207,"Eşarj - The Grand Tarabya, İstanbul",Eşarj (TR),İstanbul,ChIJ8cQUrqLKyhQRy0fLc1GIzco,2.6,5,Daha önce otopark girişinde şarj etmeye gelenlerden de ücret alınıyordu. Şimdi almiyorlar. Bu nedenle tavsiye ederim. Hızlı şarj seçeneği de mevcut. Otopark da serin ve havadar. Çok gitmeyin ama bana da yer kalsın :)
165207,"Eşarj - The Grand Tarabya, İstanbul",Eşarj (TR),İstanbul,ChIJ8cQUrqLKyhQRy0fLc1GIzco,2.6,5,Tesekkurler Tarabya oteli.
165207,"Eşarj - The Grand Tarabya, İstanbul",Eşarj (TR),İstanbul,ChIJ8cQUrqLKyhQRy0fLc1GIzco,2.6,4,Eşarj stellantis grubu araçlarda önerilen bir firma. Şu ana kadar biz de sorunsuz kullanıyoruz. Tarabya nev Otomotiv otoparkında iki adet dc ünite 24 saat hizmet veriyor.
165206,Eşarj - Gayrettepe Taşyapı - Özgün Katlı Otopark,Eşarj (TR),İstanbul,ChIJJREGUq23yhQRGaUEQJeLR1U,1.0,1,ARKADASLAR ARACINIZI BURAYA SARJA GETİRDİGINIZDE 1 saat içinde ekstra otopark ücreti ödemek zorundasınız 250 ₺ . Böyle bir sacmalık yok.
165205,"Eşarj - Borusan Oto, İstinye",Eşarj (TR),İstanbul,ChIJY_PdUAW2yhQRcJvd_K8S4cM,2.8,4,Giriş Nispetiye caddesi üzerinden Cherry ve GenPa arasından.
165205,"Eşarj - Borusan Oto, İstinye",Eşarj (TR),İstanbul,ChIJY_PdUAW2yhQRcJvd_K8S4cM,2.8,1,Mengerler otoparkinda fakat girisi bayi araclarla kapattigi icin erisim yok..!
165205,"Eşarj - Borusan Oto, İstinye",Eşarj (TR),İstanbul,ChIJY_PdUAW2yhQRcJvd_K8S4cM,2.8,1,İçeride bulunduğu için sadece Mercedes firmasına aittir. Halkın kullanımına açık değildir!
165203,"Eşarj - Akasya AVM, Acıbadem",Eşarj (TR),İstanbul,ChIJG-DVf_DHyhQRObJC27YkMfY,3.3,3,Şarj başlamadı. Bu sebeple mutlu olamadım
165201,"Eşarj - Selenium, Fulya",Eşarj (TR),İstanbul,ChIJJREGUq23yhQRGaUEQJeLR1U,1.0,1,ARKADASLAR ARACINIZI BURAYA SARJA GETİRDİGINIZDE 1 saat içinde ekstra otopark ücreti ödemek zorundasınız 250 ₺ . Böyle bir sacmalık yok.
165199,"Eşarj - Pelican Mall, Avcılar",Eşarj (TR),İstanbul,ChIJ70Tl4FWgyhQRJeMdGLCk1BU,1.0,1,"Aynı hizmet, aynı elektrik farklı fiyat diğer istasyonlara göre gereksiz pahalı + giriş otopark dolunca otoparkı kapatıyorlar ama şarj istasyonu giriş otoparkta bilmeyen arayıp duruyor bir tabela koymalarıda şart"
165197,"Eşarj - Flyinn AVM, Florya",Eşarj (TR),İstanbul,ChIJaWGvyU2iyhQRAmI6qiWsO1E,3.5,5,Açık otopark olduğu için 7/24 şarj imkanı mevcut. 2 adet soket var. Avmnin dış tarafında ve saat olarak Avm’nin açılmasını beklemek gerekmiyor. Yanında 2 adet Zes DC şarj istasyonu daha mevcut
165197,"Eşarj - Flyinn AVM, Florya",Eşarj (TR),İstanbul,ChIJaWGvyU2iyhQRAmI6qiWsO1E,3.5,2,Şarj edemedim çünkü 1 saat üzeri iöin 550 tl vale ücreti talep ettiler.
165196,"Eşarj - Kanyon AVM, Levent",Eşarj (TR),İstanbul,ChIJY_PdUAW2yhQRcJvd_K8S4cM,2.8,4,Giriş Nispetiye caddesi üzerinden Cherry ve GenPa arasından.
165196,"Eşarj - Kanyon AVM, Levent",Eşarj (TR),İstanbul,ChIJY_PdUAW2yhQRcJvd_K8S4cM,2.8,1,Mengerler otoparkinda fakat girisi bayi araclarla kapattigi icin erisim yok..!
165196,"Eşarj - Kanyon AVM, Levent",Eşarj (TR),İstanbul,ChIJY_PdUAW2yhQRcJvd_K8S4cM,2.8,1,İçeride bulunduğu için sadece Mercedes firmasına aittir. Halkın kullanımına açık değildir!
165195,"Eşarj - Palladium AVM, Ataşehir",Eşarj (TR),İstanbul,ChIJ3ZDtCDHGyhQRDyNaY9xeYAg,3.7,5,Çalışmadı
165195,"Eşarj - Palladium AVM, Ataşehir",Eşarj (TR),İstanbul,ChIJ3ZDtCDHGyhQRDyNaY9xeYAg,3.7,5,Güzel
165192,"Eşarj - Akbatı AVM, Esenyurt",Eşarj (TR),İstanbul,ChIJZ4_pA6RYtRQRVkMH5p4nwgc,4.3,5,Kspalı otoparka girince sağda iki araçlık DC istasyon. Mercedes EQB şarj ettim.
165192,"Eşarj - Akbatı AVM, Esenyurt",Eşarj (TR),İstanbul,ChIJZ4_pA6RYtRQRVkMH5p4nwgc,4.3,4,Kısıtlı yerlerde Var daha çok olması lazım
165192,"Eşarj - Akbatı AVM, Esenyurt",Eşarj (TR),İstanbul,ChIJZ4_pA6RYtRQRVkMH5p4nwgc,4.3,5,Güzel arac sarj noktasi
165192,"Eşarj - Akbatı AVM, Esenyurt",Eşarj (TR),İstanbul,ChIJZ4_pA6RYtRQRVkMH5p4nwgc,4.3,5,E ŞARJ
165192,"Eşarj - Akbatı AVM, Esenyurt",Eşarj (TR),İstanbul,ChIJZ4_pA6RYtRQRVkMH5p4nwgc,4.3,5,gayet iyi ve başarılı
165190,"Eşarj - İspark, Balmumcu",Eşarj (TR),İstanbul,ChIJJREGUq23yhQRGaUEQJeLR1U,1.0,1,ARKADASLAR ARACINIZI BURAYA SARJA GETİRDİGINIZDE 1 saat içinde ekstra otopark ücreti ödemek zorundasınız 250 ₺ . Böyle bir sacmalık yok.
165184,"Eşarj - Aytemiz, Polatcan, Keşan",Eşarj (TR),Edirne,ChIJVy6c718lsxQRNgn1lKVmbW8,5.0,5,Auto charge is perfect
165181,"Eşarj - Otopratik - Grup Lastik, Nilüfer",Eşarj (TR),Bursa,ChIJtfi3VQARyhQRtXSvzehoqRA,1.0,1,"Her şarj portu 120kw taahhüt edilmiş ama 100kw üzeri çıkmıyor. (Isıtılmış pil ile bu sonuç)
2inci port aynı anda kullanıldığında  gücü direkt 60kw indirdi. Yan tarafındaki istasyonda daha kötü şartlarda 150kw güç rahatlıkla alınabiliyor.

Kötü bir deneyim oldu."
165180,"Eşarj - Burmot Motorlu Vasıtalar, Nilüfer",Eşarj (TR),Bursa,ChIJtfi3VQARyhQRtXSvzehoqRA,1.0,1,"Her şarj portu 120kw taahhüt edilmiş ama 100kw üzeri çıkmıyor. (Isıtılmış pil ile bu sonuç)
2inci port aynı anda kullanıldığında  gücü direkt 60kw indirdi. Yan tarafındaki istasyonda daha kötü şartlarda 150kw güç rahatlıkla alınabiliyor.

Kötü bir deneyim oldu."
165178,"Eşarj - Teknik Oto, Nilüfer",Eşarj (TR),Bursa,ChIJtfi3VQARyhQRtXSvzehoqRA,1.0,1,"Her şarj portu 120kw taahhüt edilmiş ama 100kw üzeri çıkmıyor. (Isıtılmış pil ile bu sonuç)
2inci port aynı anda kullanıldığında  gücü direkt 60kw indirdi. Yan tarafındaki istasyonda daha kötü şartlarda 150kw güç rahatlıkla alınabiliyor.

Kötü bir deneyim oldu."
165134,ZES - O375 - İstanbul Yönü ,ZES,Manisa,ChIJN1SGYACduRQRFawFiQlOSp0,2.0,2,Otopark girisinde hemen solda. 60 kw degil 25kw ile sinirlandirilmis cihazlar. Çok yavaş.
165134,ZES - O375 - İstanbul Yönü ,ZES,Manisa,ChIJN1SGYACduRQRFawFiQlOSp0,2.0,4,İstasyon 60 KWh olmasına rağmen maksimum 38 KWh hız ile şarj etti.
160841,Eşarj - Özgörkey ( JLR & BMW),Eşarj (TR),Bornova,ChIJrTQ9jbx8uRQRExl1FZlcqjU,1.5,2,"Saat 20.00 da şarja gittim, girişte güvenlik istasyonun yerini söyledi ve başka herhangi bir şey söylemedi. Aracı şarj ederken otoparkta yürürken güvenlik gelip agresif bir şekilde, dolaşmanın yasak olduğunu söyledi ve kusura bakmayın dememize rağmen anlamamışız gibi agresif şekilde aynı şeyi söylemeye devam etti, müşteri ve insan olduğumuzu unutmamaları lazım."
160841,Eşarj - Özgörkey ( JLR & BMW),Eşarj (TR),Bornova,ChIJrTQ9jbx8uRQRExl1FZlcqjU,1.5,1,2025 tesla model y ile gittim. 120kw olmasına rağmen istasyon 30 KW verdi. 5 dk bekledim artar diye. Artmadı hız çıkardım başka yere gittim. GİTMEYİN.
157324,EŞARJ - Aytemiz Vadim Kadıköy,Eşarj (TR),Bostancı,ChIJi5t7p1zGyhQRyXZdgWuAVf8,5.0,5,Greenpark otelin otopark kısmında. Yönlendirme tabelası yok. Birisine sormadan bulamıyorsun. Togg için sarj yönlendirme tabelası var ancak e sarj için yok. 1 saat içinde sarj edip çıkıldığında otopark ücreti alınmıyor.
148540,ZES - Gediz Petrol,ZES,Gediz,ChIJEaO-uNBmyBQR7JbBshJ8DCw,5.0,5,İyidi
147934,ZES - Hotel La Bella Bergama,ZES,Bergama,ChIJKyDUo2cDuhQRsClVwJEPGHw,5.0,5,Otelin yanında sokakta
147865,ZES- Oksijen O86 İzmir Yönü,ZES,Osmangazi ,ChIJ_djCfl9ryhQRXQ9l8dVtu-w,4.0,5,Başarılı bir şarj istasyonu hızlı
147824,ZES - ICA Işıklar Bi' Mola DC,ZES,Istanbul,ChIJv37d63W3yhQRkLmmXatbIa4,1.0,1,mecbur kaldığım için şarj istasyonuna girdim. Şarj kadar da otopark ödedim. beklerken de 1 kahve içtim 350TL ona ödedim hani işletmeden hizmet almış olmak için. . Elektrikli aracın amacı yakıtı ekonomik ve çevre dostu kullanmak. Fakat benzin kadar pahalıya geldi bana. Bir daha asla gitmem kimseye de tavsiye etmem.
147824,ZES - ICA Işıklar Bi' Mola DC,ZES,Istanbul,ChIJv37d63W3yhQRkLmmXatbIa4,1.0,1,350 400 TL otopark parası ödemek istiyorsanız Swiss oteli tercih edebilirsiniz bu kimin ayıbı bilmiyorum mecbur kalanları öpme tekniği
147823,ZES - O375 - İzmir Yönü ,ZES,Manisa,ChIJN1SGYACduRQRFawFiQlOSp0,2.0,2,Otopark girisinde hemen solda. 60 kw degil 25kw ile sinirlandirilmis cihazlar. Çok yavaş.
147823,ZES - O375 - İzmir Yönü ,ZES,Manisa,ChIJN1SGYACduRQRFawFiQlOSp0,2.0,4,İstasyon 60 KWh olmasına rağmen maksimum 38 KWh hız ile şarj etti.
146324,EŞARJ - Carrefoursa Anadolu Hisarı,Eşarj (TR),Istanbul,ChIJBZDNsifKyhQRinZXe275EVY,2.8,3,Şarj alanının yanına motosiklet park alanı yapmışlar. Hamburgerci sebebiyle kurye motorları oraya park ediyor ve şarj alanını daraltıyorlar. Şarj alanı da pek geniş değil. Bu yüzden girip çıkmak çok kolay olmadı. Şarj hızı tahmininiz kadar yüksek olmayabilir. Şarj alanını park alanı olarak kullanan tipler burada da var. Hatta şarja takmış %100 olmuş olan ama alışverişi devam ettiği için şarjdan çıkmayan araçlar da gördüm. Genel olarak fena değil. Hiç yoktan iyidir yani.
146324,EŞARJ - Carrefoursa Anadolu Hisarı,Eşarj (TR),Istanbul,ChIJBZDNsifKyhQRinZXe275EVY,2.8,1,"24 saat acik yazilan yerde gidiyoruz
Carrefour ısletmesi kilit vurmuş kapiya.

Bu durumu cozmenizi rica ediyorum."
146324,EŞARJ - Carrefoursa Anadolu Hisarı,Eşarj (TR),Istanbul,ChIJBZDNsifKyhQRinZXe275EVY,2.8,1,Ne zaman gitsem elektrikli olmayan aracların işgali altında
146324,EŞARJ - Carrefoursa Anadolu Hisarı,Eşarj (TR),Istanbul,ChIJBZDNsifKyhQRinZXe275EVY,2.8,4,"23 sularında gittiğimiz için mağazalar kapalı ve otopark boştu o yüzden bekleme süreside oluşmadı lakin gündüz kalabalık olabileceğini düşünüyorum, bu büyüklükteki bie park alanı için 4 şarj yeri çok az gerçekten. Bulması kolay ATM lerin sağında"
146324,EŞARJ - Carrefoursa Anadolu Hisarı,Eşarj (TR),Istanbul,ChIJBZDNsifKyhQRinZXe275EVY,2.8,5,bu bölgede cadde üzerinde 200 m2 yer olacak iki şarj ünitesi yıkama yağlama vs. çay kahve wifii internet koyacan para basarsın. çok değerli bir bölge elitttttt kesim hep.
135229,ZES - Orion AVM Çorlu,ZES,Çorlu,ChIJ5cBIMLXhtBQRtzMD4PxFVbA,3.0,1,Şarj istasyonun bulunduğu yer iyi değil diğer araçlarla iç içe üstelik bayır aşağı yamuk bir zemine sahip
135229,ZES - Orion AVM Çorlu,ZES,Çorlu,ChIJ5cBIMLXhtBQRtzMD4PxFVbA,3.0,1,5 defa aradık perşembe cuma günlerinde. Sitemize elektrikli şarj istasyonu kurmak istiyoruz nasıl oluyor diye biz sizi arattıracağız deniyor ne arayan var ne soran.. hakkını yemeyelim her aradığımızda tabi efendim haklısınız hemen ilgileniyoruz diyecek kadarda gönül alıyorlar ama sonuç arayan yok. Zorlunun alt taşeronu olabilirler amatörceler
135229,ZES - Orion AVM Çorlu,ZES,Çorlu,ChIJ5cBIMLXhtBQRtzMD4PxFVbA,3.0,1,Şarj etmiyor
135229,ZES - Orion AVM Çorlu,ZES,Çorlu,ChIJ5cBIMLXhtBQRtzMD4PxFVbA,3.0,5,rodosto travel kalkis yeri
131264,EŞARJ - Aytemiz Polatcan Petrol,Eşarj (TR),Keşan,ChIJweZ-br3HsxQRaD29YkvtRTQ,4.6,5,Sayısı az olsa da ben beklemedim. Bu bölgede tek olması biraz riskli. Dolu da olabilir. Yakınındaki tesis çok rahat ve keyifli şarj ederken beklemek sıkıcı değil.
131264,EŞARJ - Aytemiz Polatcan Petrol,Eşarj (TR),Keşan,ChIJweZ-br3HsxQRaD29YkvtRTQ,4.6,2,180kw vermedi
131264,EŞARJ - Aytemiz Polatcan Petrol,Eşarj (TR),Keşan,ChIJweZ-br3HsxQRaD29YkvtRTQ,4.6,5,Tuvaleti ve istasyon pazarı olan elverişli bir yer. Karşı tarafa bağlantı yolları kısa.
126195,ZES - Uşak Festiva Outlet,ZES,Uşak,ChIJzYI4kQSByBQRlzJ1EkaD8lo,2.7,1,Çok dar arabalar yan yana park edince ilk gelen arac çıkamıyor! bunu yaparken hiç mi fark etmediler böyle kalitesiz yapılmaz!!!!!!!
126195,ZES - Uşak Festiva Outlet,ZES,Uşak,ChIJzYI4kQSByBQRlzJ1EkaD8lo,2.7,2,Manevra alanı çok dar bir bölümde kurulmuş park etmeyi zorlaştırıyor
126195,ZES - Uşak Festiva Outlet,ZES,Uşak,ChIJzYI4kQSByBQRlzJ1EkaD8lo,2.7,5,Kaliteli hizmet
126194,ZES - Akhisar Novada AVM,ZES,Manisa,ChIJN1SGYACduRQRFawFiQlOSp0,2.0,2,Otopark girisinde hemen solda. 60 kw degil 25kw ile sinirlandirilmis cihazlar. Çok yavaş.
126194,ZES - Akhisar Novada AVM,ZES,Manisa,ChIJN1SGYACduRQRFawFiQlOSp0,2.0,4,İstasyon 60 KWh olmasına rağmen maksimum 38 KWh hız ile şarj etti.
126104,ZES - Oksijen O37 İzmir Yönü,ZES,Bursa,ChIJMzTcdvs_yhQRJkofciatXyI,5.0,5,bursa kuzey bölgesindeki bildiğim tek DC şarj istasyonu (60kwh) inşallah bursamızın her yerinde yaygınlaşacak
126103,ZES - Oksijen O3,ZES,Dilovası,ChIJy8dcxdMjyxQR7hZdczgaDoU,3.6,1,İstasyondaki tek araç benim. Buna rağmen 28kw hızı geçmiyor. ZES'te bu durumu çok yaşıyorum. O yüzden alternatif varsa artık ZES'e girmeyeceğim. Araç 130Kw destekli BMW İX1. Aynı yerde şarjı kesip Trugo'ya bağlandım. Şuan 100kw ile şarj ediyor.
126103,ZES - Oksijen O3,ZES,Dilovası,ChIJy8dcxdMjyxQR7hZdczgaDoU,3.6,5,8 adet istasyon mevcut. Biri arızalıydı. 6 numarayı kullandık. Fotoğrafta paylaştığım gibi şarj hızı gayet yüksek. Araç ne alabiliyorsa onu veriyor. (Max 180kW)
126103,ZES - Oksijen O3,ZES,Dilovası,ChIJy8dcxdMjyxQR7hZdczgaDoU,3.6,3,"Neredeyse her vakit meşgul! insanlar önceden rezerve ediyor, 15-20 dakika önceden gidip gereksiz yere istasyonu meşgul ediyor! Birçok alanda olduğu gibi bu işinde kültürüne sahip değiller"
126103,ZES - Oksijen O3,ZES,Dilovası,ChIJy8dcxdMjyxQR7hZdczgaDoU,3.6,1,1 dk süreyi aşarsanız 150 TL blokaj ücreti alan haksız kazanç sağlayan yerli firma ZES kullanırken 2 kere düşünün.
126103,ZES - Oksijen O3,ZES,Dilovası,ChIJy8dcxdMjyxQR7hZdczgaDoU,3.6,1,bu fiyatlarla kusura bakmayın ben girmem !!!
126102,ZES - Zorlu Center,ZES,Beşiktaş,ChIJ6xZEGka2yhQRVJd9uSS2g4M,3.6,2,5 konnektörde sadece 2 tanesi çalışır durumda. Sabah 7 de gelmenin avantajı ile arabayı şarj edebildim. İstanbulun göbeğinde çok kötü 😩
126102,ZES - Zorlu Center,ZES,Beşiktaş,ChIJ6xZEGka2yhQRVJd9uSS2g4M,3.6,5,400kW max güç. Tesla Model Y ortalama 100kW alabiliyorum. %20-%80 30 dk civarında.
126102,ZES - Zorlu Center,ZES,Beşiktaş,ChIJ6xZEGka2yhQRVJd9uSS2g4M,3.6,5,Daha düzgün park yerleri olabilirdi
126102,ZES - Zorlu Center,ZES,Beşiktaş,ChIJ6xZEGka2yhQRVJd9uSS2g4M,3.6,3,"Aynı yerde farklı soketlerde en azından 4-5 kere şarj ettim. En fazla 85KW basıyor, aracın alma kapsitesi 153KW"
107961,EŞARJ - Akbatı AVM,Eşarj (TR),Istanbul,ChIJ1eNneABZtRQRzvor_pPysTo,5.0,5,"Harika, pratik ve hızlı!"
107960,EŞARJ - Akasya AVM,Eşarj (TR),Istanbul,ChIJG-DVf_DHyhQRObJC27YkMfY,3.3,3,Şarj başlamadı. Bu sebeple mutlu olamadım
107959,EŞARJ - Aytemiz Petrol Kadıköy,Eşarj (TR),Istanbul,ChIJi5t7p1zGyhQRyXZdgWuAVf8,5.0,5,Greenpark otelin otopark kısmında. Yönlendirme tabelası yok. Birisine sormadan bulamıyorsun. Togg için sarj yönlendirme tabelası var ancak e sarj için yok. 1 saat içinde sarj edip çıkıldığında otopark ücreti alınmıyor.
107957,EŞARJ - Kanyon AVM,Eşarj (TR),Istanbul,ChIJY_PdUAW2yhQRcJvd_K8S4cM,2.8,4,Giriş Nispetiye caddesi üzerinden Cherry ve GenPa arasından.
107957,EŞARJ - Kanyon AVM,Eşarj (TR),Istanbul,ChIJY_PdUAW2yhQRcJvd_K8S4cM,2.8,1,Mengerler otoparkinda fakat girisi bayi araclarla kapattigi icin erisim yok..!
107957,EŞARJ - Kanyon AVM,Eşarj (TR),Istanbul,ChIJY_PdUAW2yhQRcJvd_K8S4cM,2.8,1,İçeride bulunduğu için sadece Mercedes firmasına aittir. Halkın kullanımına açık değildir!
78814,"EŞARJ - Ak-Tan Petrol, Karşıyaka",Eşarj (TR),Karşıyaka,ChIJ8W9g9vXZuxQRuS-ck8rblIo,4.1,4,"Şarj istasyonu konum olarak uygun olsa da bazı cihazlar arızalı veya yavaş çalışıyor. Kullanım talimatları yeterince açıklayıcı değil, yoğun zamanlarda bekleme süresi uzun olabiliyor. Temizlik ve güvenlik önlemleri sınırlı. Daha düzenli bir bakım ve denetim şart."
78814,"EŞARJ - Ak-Tan Petrol, Karşıyaka",Eşarj (TR),Karşıyaka,ChIJ8W9g9vXZuxQRuS-ck8rblIo,4.1,4,"Bana göre kullanımı en kolay uygulama ama en pahalısı,  kampanya yapıyor ama yine de fiyatı diğerlerine göre yukarıda.
Şarj yerinde bekler iken oturacak alan yok, bir iki bank konulur ise fena olmaz. Otopark alanında olması gölgelik sağlıyor bu bakımdan iyi."
78814,"EŞARJ - Ak-Tan Petrol, Karşıyaka",Eşarj (TR),Karşıyaka,ChIJ8W9g9vXZuxQRuS-ck8rblIo,4.1,2,Bugün gittiğimde 5 aletten biri boştu ancak ikisi o kadar dar yere yapılmış ki yandaki araç çıkmayınca kullanmak imkansız gibi. Diğerlerinde bir araç %100 yapmak için bekliyordu. Ac’deki araçlar şarjı fullemiş ama araç sahipleri aracı takip etmemiş alanı işgal etmişlerdi. Yarım saat kadar bekledim. İstasyonun işlevselliği ve kullanıcıların düzensizliği yüzünden düşük puan.
31451,Balmumcudere Sokak,Essent (NL),Beşiktaş,ChIJJREGUq23yhQRGaUEQJeLR1U,1.0,1,ARKADASLAR ARACINIZI BURAYA SARJA GETİRDİGINIZDE 1 saat içinde ekstra otopark ücreti ödemek zorundasınız 250 ₺ . Böyle bir sacmalık yok.
