OCM_ID,Istasyon_Adi,Operator,Enlem,Boylam,Sehir,Kullanim_Tipi,Priz_Sayisi
485717,EVN AC Public Carging Station.,EVN (Bulgaria),48.47849971228425,16.592328389062487,Gaweinstal.,Public - Membership Required,1
484950,LIdl AC Charging Station.,Lidl,48.14776001085579,16.945679284253856,Hainburg an der Donau.,Public - Pay At Location,1
480623,LaPosch Dein Bergaway,(Business Owner at Location),47.381397662332034,10.901188306171093,Biberwier,"Private - For Staff, Visitors or Customers",3
480317,Postlehen,(Unknown Operator),47.85417798808234,15.018813549259676,Lunz am See,Public - Pay At Location,1
480197,Shell Trautenfels,(Unknown Operator),47.52235529735799,14.082485157085785,Pürgg,Public - Pay At Location,4
480196,B145,(Unknown Operator),47.5673175769449,13.857662732080826,,Public - Pay At Location,1
479704,Linz AG Ladestation ,(Unknown Operator),48.319120036521554,13.63125954202178,Zell an der Pram ,Public - Membership Required,1
474195,WOW WIMBERGER GmbH - UMBAUER FÜR MORGEN,Monta,48.52601814585546,14.29373958282929,Bad Leonfelden,Public,20
472438,SMATRICS EnBW Hadikgasse,SMATRICS Netz,48.1923263224968,16.280491263382714,Vienna,Public - Membership Required,12
462488,Holz werk Bürserberg,da emobil,47.13014553251523,9.775542045491875,Bürserberg,Public,1
462457,Alpenhotel Ensmann,(Unknown Operator),47.7455723831587,14.896144605884501,Göstling an der Ybbs,"Private - For Staff, Visitors or Customers",1
461962,vkw Ladepark,Vlotte,47.48836038967238,9.740332044320894,Bregenz,Public - Membership Required,10
461655,EVN Public Charging Station (AC+DC).,EVN (Bulgaria),48.67382708106558,16.49140961773628,Staatz.,Public - Pay At Location,2
461654,Public Charging Station (AC+DC).,EVN (Bulgaria),48.673043401334155,16.47998496041214,Staatz.,Public - Pay At Location,4
461653,Merged EVN+Town's Solar Public Charging Station (AC).,EVN (Bulgaria),48.72118580817167,16.384379363297626,Laa an der Taya.,Public,1
461646,EVN Public Charging Station (AC).,EVN (Bulgaria),48.393925874004594,16.795663288827427,A suburb of Angern am March (West suburb).,Public,2
461481,Moon Power AC Public Charging Station.,Moon Power,48.66801025868983,16.62902643889265,Poysdorf.,Public - Pay At Location,2
461480,EVN Public Charging Station.,EVN (Bulgaria),48.6682143420407,16.626381227573347,Poysdorf.,Public - Pay At Location,2
461479,AC Public Charging Station with Full Credit Card Terminal-direct Payment.,EVN (Bulgaria),48.66411332922769,16.62867185100515,Poysdorf.,Public - Pay At Location,2
461478,EVN Fast Public Charging Hub(DC+AC).,EVN (Bulgaria),48.65638811073205,16.631268475033608,Poysdorf.,Public - Pay At Location,4
461477,Smartics AC Public Charging Station.,SMATRICS Netz,48.65561982490729,16.631752658816595,Poysdorf.,Public - Pay At Location,2
461476,EVN Public Charging Station (AC).,EVN (Bulgaria),48.45148348080994,16.60187141869909,Bad Pirawarth.,Public - Pay At Location,2
461475,EVN Public Charging Station (AC).,EVN (Bulgaria),48.414925193450244,16.63457656469177,Gross Schweinbarth.,Public,3
461474,EVN Public Charging Station (AC).,EVN (Bulgaria),48.37244731667016,16.68751603836131,Reyersdorf.,Public - Pay At Location,1
461473,EVN Public Fast Charging Station(DC+AC).,EVN (Bulgaria),48.347609925939565,16.724556782955915,Gänserndorf.,Public - Pay At Location,4
461472,Charging Station.,EVN (Bulgaria),48.35046253686127,16.728646857847025,Gänserndorf.,Public - Membership Required,2
461471,Public Charging Station (AC).,EVN (Bulgaria),48.34793111293769,16.725667175462945,Gänserndorf.,Public - Pay At Location,4
461470,E-Bus Charging Station.,EVN (Bulgaria),48.34883135324486,16.724202648062942,Gänserndorf.,"Private - For Staff, Visitors or Customers",7
461469,EVN Public Charging Station + Town Hall's Sockets.,EVN (Bulgaria),48.33976803093819,16.716984855823625,Gänserndorf.,Public,3
461468,Public Charging Hub.,EVN (Bulgaria),48.3331900252295,16.714000204155013,Gänserndorf.,Public - Pay At Location,8
461467,Public Charging Station.,EVN (Bulgaria),48.33242643175885,16.713965845750863,Gänserndorf.,Public - Pay At Location,2
461466,Public Charging Station.,EVN (Bulgaria),48.331727166748266,16.715747159376747,Gänserndorf.,Public - Pay At Location,2
461465,EVN Public Charging Station (AC).,EVN (Bulgaria),48.10347078511799,17.040743955020616,Berg.,Public - Pay At Location,1
461464,EVN Public Charging Hub(AC).,EVN (Bulgaria),48.15018964620512,16.94417329007149,Hainburg am Donau.,Public - Pay At Location,2
461463,EVN Public Charging Station.,EVN (Bulgaria),48.147571224676085,16.941103769501865,Hainburg am Donau.,Public - Pay At Location,2
461461,EVN Public Charging Station (AC).,EVN (Bulgaria),48.15077395271362,16.94850538096148,Hainburg am Donau.,Public - Pay At Location,2
461460,EVN Public Charging Station (AC).,EVN (Bulgaria),48.14498309333405,16.93514064057365,Hainburg am Donau.,Public - Pay At Location,2
461459,EVN Public Charging Station (AC).,EVN (Bulgaria),48.198526582622975,16.900907728273523,Niederwinden.,Public - Pay At Location,4
461446,EVN Public Charging Station (AC).,EVN (Bulgaria),48.27975669536639,16.907030398466873,Marchegg am March.,Public,2
461445,EVN Public Charging Station (AC).,EVN (Bulgaria),48.28106964085015,16.90530510670567,Marchegg am March.,Public - Pay At Location,4
461442,EVN Public Charging Station.,EVN (Bulgaria),48.26197749510632,16.911003025166224,Marchegg am March.,Public - Pay At Location,1
461441,Public Charging Station With Full Credit Card Terminal-direct Payment (AC).,EVN (Bulgaria),48.259661901829304,16.91210405719005,Marchegg am March.,Public - Pay At Location,2
461440,ÖBB Public Charging Station-Charge+Ride(AC).,EVN (Bulgaria),48.250030408553584,16.917254953991915,Marchegg am March.,Public - Pay At Location,2
461439,EVN Public Charging Station.,EVN (Bulgaria),48.3425451151727,16.772562581616967,Weikendorf.,Public - Pay At Location,1
461438,EVN Public Charging Station (AC).,EVN (Bulgaria),48.38111022482721,16.828763337479018,Angern am March.,Public,1
461437,EVN Public Charging Station (AC).,EVN (Bulgaria),48.47021623415921,16.848323293744386,Dürnkrut.,Public - Pay At Location,8
461436,EVN Public Charging Station (AC).,EVN (Bulgaria),48.612484482587035,16.907853554661187,Hohenau am March.,Public - Pay At Location,2
460700,Hotel Höhlenstein,(Unknown Operator),47.14136233682743,11.715523123808111,Tux,Public - Pay At Location,1
460480,Pechhof,(Unknown Operator),47.229810858834156,11.37571590405173,Mutters,Public,1
460361,Ferienhof Fritz,(Business Owner at Location),47.229872056772194,11.375685783642439,Mutters,Public,4
459839,TPV Hypercharger,(Unknown Operator),48.15716544285195,16.334049855779597,Wien,Public - Pay At Location,1
458924,Handelszentrum 9,ChargePoint,46.752513784619055,15.588522644907243,Straß in der Steiermark,Public - Pay At Location,10
313252,Tesla Supercharger St. Michael im Lungau,Tesla (including non-tesla),47.096624,13.632767,,Public - Membership Required,12
313251,Tesla Supercharger Parndorf,Tesla (including non-tesla),47.9792651,16.8439588,,Public - Membership Required,20
313250,Tesla Supercharger Zeltweg,Tesla (including non-tesla),47.194048,14.722817,,Public - Membership Required,8
313249,Tesla Supercharger Wien,Tesla (including non-tesla),48.193088,16.277066,,Public - Membership Required,8
313248,Tesla Supercharger Wien,Tesla (including non-tesla),48.247238,16.46446,,Public - Membership Required,16
313247,Tesla Supercharger Wels,Tesla (including non-tesla),48.180358,14.063559,,Public - Membership Required,4
313246,Tesla Supercharger Wels,Tesla (including non-tesla),48.145939,13.975097,,Public - Membership Required,8
313245,Tesla Supercharger Graz,Tesla (including non-tesla),47.033508,15.414669,,Public - Membership Required,16
313244,Tesla Supercharger Völkermarkt,Tesla (including non-tesla),46.682284,14.678985,,Public - Membership Required,16
313243,Tesla Supercharger St. Lorenzen im Mürztal,Tesla (including non-tesla),47.468973,15.34504,,Public - Membership Required,8
313242,Tesla Supercharger Stumm im Zillertal,Tesla (including non-tesla),47.289905,11.887682,,Public - Membership Required,4
313241,Tesla Supercharger Spittal an der Drau,Tesla (including non-tesla),46.786382,13.522243,,Public - Membership Required,12
313240,Tesla Supercharger Salzburg,Tesla (including non-tesla),47.835942,13.059135,,Public - Membership Required,10
313239,Tesla Supercharger St. Veit an der Glan,Tesla (including non-tesla),46.730393,14.378565,,Public - Membership Required,12
313238,Tesla Supercharger Pasching - PlusCity,Tesla (including non-tesla),48.24495,14.234207,,Public - Membership Required,6
313237,Tesla Supercharger Meggenhofen,Tesla (including non-tesla),48.183465,13.786069,,Public - Membership Required,9
313236,Tesla Supercharger Klagenfurt,Tesla (including non-tesla),46.62725,14.344498,,Public - Membership Required,8
313235,Tesla Supercharger Kalwang,Tesla (including non-tesla),47.422725,14.759266,,Public - Membership Required,16
313234,Tesla Supercharger Inning,Tesla (including non-tesla),48.183654,15.417881,,Public - Membership Required,12
313233,Tesla Supercharger Heiterwang,Tesla (including non-tesla),47.437041,10.765878,,Public - Membership Required,16
313232,Tesla Supercharger Hartberg,Tesla (including non-tesla),47.281427,15.99369,,Public - Membership Required,7
313231,Tesla Supercharger Eberstalzell,Tesla (including non-tesla),48.039397,13.991102,,Public - Membership Required,21
307449,Wien Energie Albert Schweitzer Gasse,(Unknown Operator),48.20730390783362,16.219790666980913,Wien,Public,2
304262,ETIVERA Verpackungsechnik GmbH,da emobil,47.05308570249525,15.746010490789331,St. Margarethen an der Raab,Public - Pay At Location,2
303668,PC Eelctric GmbH,ChargePoint,48.287987656551536,13.435026287263327,St. Martin im Innkreis,Public - Pay At Location,2
301717,Ionity Parndorf,Ionity,47.975942639352304,16.854406302430963,,Public - Pay At Location,6
301716,Ionity St. Lorenzen,Ionity,47.46866499999908,15.34408299999916,,Public - Pay At Location,6
301715,Ionity Ansfelden,Ionity,48.21099,14.279478,Ansfelden,Public - Pay At Location,6
301714,Ionity Eberstalzell,Ionity,48.039206,13.990725,,Public - Pay At Location,6
301713,Ionity Meggenhofen,Ionity,48.183412,13.785334,,Public - Pay At Location,18
301712,Ionity St. Georgen,Ionity,47.929356,13.50094,,Public - Pay At Location,6
299136,Tesla Supecharger Imst,Tesla (including non-tesla),47.218570673354264,10.731638652998186,Imst,Public - Membership Required,16
296988,SMATRICS BILLA Kärntner Straße,SMATRICS Netz,46.55010541621118,13.69879822238039,Arnoldstein,Public - Membership Required,4
296751,e-bike charging station,(Unknown Operator),47.1834594735255,16.1629887988494,Ollersdorf im Burgenland,Public - Membership Required,1
296750,e-bike charging station,(Unknown Operator),47.190841995341,16.4214840104507,Eisenberg an der Pinka,Public - Membership Required,1
290116,SHELL FAST BRENNERSTRASSE 245,Shell Recharge Solutions (DE),47.008117051455315,11.507237559583928,Gries,Public - Membership Required,4
289130,Autohaus STRNAD GesmbH,(Unknown Operator),47.72399394451381,16.412153391542745,Marz,Public - Membership Required,1
280203,Meierstraße ggü. 8,TANKE Wien Energie,48.21099937694021,16.42181007772524,Vienna,Public - Membership Required,2
280059,OMV,(Unknown Operator),46.72290754549232,14.096837157097866,Feldkirchen,Public,2
279796,Di Herzmaier Gmbh Schnellladestation 50 KW DC,da emobil,47.20216089397462,14.792753651994929,Spielberg ,Public,2
279099,Raststation Aistersheim,da emobil,48.17875743464563,13.746983647151325,Aistersheim,Public,4
279098,Autohof Leitner,SMATRICS Netz,47.00909142211452,15.44099641173446,Feldkirchen bei Graz,Public,6
274581,Fleischerei Schedlberger,(Unknown Operator),47.97365267596669,14.302062066446354,Steinbach an der Steyr,Public - Membership Required,1
273584,Hietzinger Kai 141 Wien Energie Charger,(Unknown Operator),48.19189322001836,16.277688860950406,Wien,Public - Membership Required,2
273582,Bernstein - Energie Burgenland,(Unknown Operator),47.40572649087133,16.256609585835577,Bernstein,Public - Membership Required,1
273517,Triplecharger 50kW,Kelag AG,46.568596767318326,13.856359540815333,Finkenstein am Faaker See,Public - Pay At Location,1
273516,Dietrichsteinerstraße,Kelag AG,46.564208233300775,13.907360724138925,Finkenstein am Faaker See,Public - Membership Required,2
273411,Hintergasse 6,Salzburg AG,47.281638125976855,12.482976599988206,Mittersill,Public - Membership Required,1
273382,Apotheke,Salzburg AG,47.28042492548391,12.481817478467292,Mittersill,Public - Membership Required,2
273174,Supercharger Spittal an der Bau,Tesla (including non-tesla),46.77937164364195,13.53168180582179,Spittal an der Drau,Public - Membership Required,12
271807,Audorfer Straße ,Tesla (Tesla-only charging),47.64878500620071,12.19715010781033,Niederndorf,Public - Membership Required,15
266937,VAZ Fernitz,Be Energised (has-to-be),46.97376207402252,15.501308762106305,Fernitz bei Graz,Public,5
266931,Steiner-Bau,Be Energised (has-to-be),47.12004659575129,15.372268263515025,Gratkorn,Public,4
266927,Spar Markt Trieben,(Unknown Operator),47.49005979870219,14.485078077108597,Trieben,Public,4
266439,IONITY HPC Kärntner Straße,Ionity,46.566733462651825,13.80950221762646,Finkenstein am Faaker See,Public - Membership Required,3
266421,Rankweil Supercharger,Tesla (including non-tesla),47.27279023132334,9.617596381745443,Rankweil,Public,16
259355,Villach Supercharger,Tesla (including non-tesla),46.60169026528513,13.883366735942872,Villach,Public - Membership Required,6
256905,SuC Hall in Tirol,Tesla (including non-tesla),47.27313709591874,11.476123399985454,Stadt Hall in Tirol,Public - Membership Required,16
235335,Gemeindeamt Horitschon,(Unknown Operator),47.58860888068506,16.547446369758973,Horitschon,Public - Membership Required,4
211192,HAS TO BE Gewerbepark,Be Energised (has-to-be),46.69631781584076,13.644074771119904,,Public - Membership Required,4
211191,KELAG Drautalstraße (Feffernitz),Kelag AG,46.69067350366967,13.680998864570427,,Public - Membership Required,6
211190,SMATRICS Nikolaigasse,SMATRICS Netz,46.61515935901008,13.85100733955528,Villach,Public - Membership Required,2
211189,SMATRICS Völkendorfer Straße,SMATRICS Netz,46.611824547334834,13.83971686302155,Villach,Public - Membership Required,2
211188,HAS TO BE Karawankenweg,Be Energised (has-to-be),46.597931173364856,13.848953030429357,Villach,Public - Membership Required,3
210021,Marktgemeindegasse,TANKE Wien Energie,48.156301375033024,16.280762886785624,Vienna,Public - Membership Required,2
203816,Spar Mittertreffling,EnBW (D),48.33785085566856,14.368997021134646,,Public - Membership Required,1
203473,Romantik Aparthotel Sonnleitn,(Unknown Operator),47.51611740576158,12.424048314815764,Sankt Johann in Tirol,"Private - For Staff, Visitors or Customers",3
202349,KELAG Rattendorfer Straße,Kelag AG,46.622200060843994,13.255952677970527,Gemeinde Hermagor-Pressegger See,Public - Membership Required,8
195416,Spar Schwanenstadt,EnBW (D),48.0505991308346,13.76692273146682,Schwanenstadt,Public - Membership Required,1
195415,Kraftwerk Glatzing-Rüstorf / Schwanenstadt,EnBW (D),48.060652,13.785467,Schlatt,Public - Membership Required,1
195155,Hauptstraße 203d ‌Sillian,(Unknown Operator),46.75112682005408,12.427225251254413,Sillian,Public - Membership Required,2
195154,HAS.TO.BE Hauptstraße 203d ‌Sillian,(Unknown Operator),46.75112516756528,12.427243259516445,Sillian,Public - Membership Required,2
194260,Spar St. Margarethen,SMATRICS Netz,47.80229080922285,16.620042645288322,Marktgemeinde Sankt Margarethen im Burgenland,Public - Membership Required,2
194259,2 GZO-Fachmarktzentrum,SMATRICS Netz,47.77414374649075,16.529481516891565,Gemeinde Siegendorf,Public - Membership Required,4
193617,NÖ Mittelschule Ardagger,(Unknown Operator),48.16716996080035,14.840356760928671,Ardagger Stift,Public,1
193393,Ultra-highspeed charger BILLA,SMATRICS Netz,47.28574749025688,16.184615631955467,Oberwart,Public - Membership Required,2
193281,Nussböckgut - Familie Velechovsky,(Unknown Operator),48.27829903845222,14.273643219275357,Leonding,"Private - For Staff, Visitors or Customers",1
191027,IONITY Charging Station Trieben,Ionity,47.49015942844326,14.485384993184454,Trieben,Public,6
190956,Park­ga­ra­ge Alt­stadt Haupt­platz,(Unknown Operator),47.38051057476858,15.096715422520248,Leoben,Public - Pay At Location,4
190004,"Sollenau, Fa. Kosme",(Unknown Operator),47.90379063482132,16.274311162886306,Sollenau,(Unknown),2
189693,21 Dorfstraße,(Unknown Operator),47.22277312349172,10.822963018469409,Roppen,Public - Membership Required,1
189580,Bahnhof Atzgersdorf,TANKE Wien Energie,48.14676281325234,16.286467282250783,Vienna,Public - Membership Required,2
189542,Hotel Schloss Mönchstein,(Unknown Operator),47.803423676749446,13.0356528342096,Salzburg,"Private - For Staff, Visitors or Customers",2
189003,Stromquelle Gekko Wien,(Unknown Operator),48.15737413130182,16.302424739127673,Wien,Public,4
189002,Stromquelle Primus Hotel Wien,(Unknown Operator),48.148638744991445,16.39632037913543,Wien,Public,2
189001,Stromquelle Röntgenordination Gänserndorf,(Unknown Operator),48.340379139826126,16.715657473795545,Gänserndorf,Public,2
189000,Stromquelle AM Baugeräte Raasdorf,(Unknown Operator),48.24083983221766,16.591911076690394,Raasdorf,Public,4
188674,BP Tankstelle,(Unknown Operator),48.18093534707006,14.026887797812151,Wels,Public,4
188368,Oberer Markt,(Unknown Operator),48.66856246722497,16.629135430725796,Poysdorf,Public,1
188334,Schloss Parkplatz,TANKE Wien Energie,48.586113228764845,16.64543983142505,Gemeinde Wilfersdorf,Public,1
188205,Ikuna Naturerlebnispark Natternbach,(Unknown Operator),48.40012609471614,13.74629339387468,Natternbach,Public - Membership Required,4
188195,Tenne Bad & Fliessen,Tesla (Tesla-only charging),48.127488964842826,16.326515944866742,Vösendorf,Public,1
185580,Gemeindeamt,TANKE Wien Energie,48.668644800139674,16.63029635205271,Poysdorf,Public,1
176200,Wagramer Straße,TANKE Wien Energie,48.232640777311104,16.417705668235385,Vienna,Public - Membership Required,2
176199,Shopping Centre Nord,TANKE Wien Energie,48.26741794522218,16.399491207075243,Neujedlersdorf,Public,1
175787,DonauZentrum Parkhaus 2,(Unknown Operator),48.24344124727668,16.434375579983453,Vienna,Public,3
175786,47 Franklinstraße,TANKE Wien Energie,48.25321370821024,16.406822716407305,Vienna,Public,2
175785,73-75 Donaufelder Straße,TANKE Wien Energie,48.253564433323504,16.416534976210414,Vienna,Public,2
175764,Designer-Outlet-Straße,Tesla (Tesla-only charging),47.976792102700074,16.852638221416555,Parndorf,Public,2
175755,Kugelfanggasse,(Unknown Operator),48.24652681892644,16.397422813012554,Vienna,Public - Membership Required,1
175720,Stromquelle ElectronicPartner Wr. Neudorf,(Unknown Operator),48.07148,16.31585,Wr. Neudorf,Public,2
175719,Stromquelle Istor Oeynhausen,(Unknown Operator),47.98246,16.28475,Oeynhausen,Public,2
175289,Amstetten - Interspar,SMATRICS Netz,48.12261,14.88634,Amstetten (Stadt),Public - Membership Required,6
175288,Wels - Star Movie,SMATRICS Netz,48.14701,13.97642,Wels,Public - Membership Required,8
175287,A1 Anschlussstelle -Vorchdorf,SMATRICS Netz,48.01098,13.92345,Vorchdorf,Public - Membership Required,2
175286,Raststation Voralpenkreuz - Sattledt,da emobil,48.06658,14.034,Sattledt,Public,4
175285,Ansfelden - Schnelllader Billa,SMATRICS Netz,48.21556,14.279524,Ansfelden,Public - Membership Required,1
175284,Asten - OMV,SMATRICS Netz,48.22227,14.40911,Asten,Public - Membership Required,2
175283,ÖAMTC - St. Valentin,SMATRICS Netz,48.19687,14.52685,St. Valentin,Public - Membership Required,3
175234,Eurospar - Balldorf,SMATRICS Netz,48.124316,14.973367,St. Georgen am Ybbsfeld,Public - Membership Required,4
175233,A1 Raststation Ybbs - ENI,SMATRICS Netz,48.15831,15.1124,Gemeinde Bergland,Public,1
175231,Nibelungenmotel Pöchlarn,SMATRICS Netz,48.20445,15.21899,Gemeinde Pöchlarn,Public,4
175230,A1 Abfahrt Loosdorf - OMV,SMATRICS Netz,48.1898,15.40824,Gemeinde Loosdorf,Public,1
175229,Autobahnraststation St. Pölten,da emobil,48.17715,15.55327,Gerersdorf,Public,5
175228,St. Pölten Süd - Merkur Markt,SMATRICS Netz,48.18279,15.62005,Sankt Pölten,Public,8
175227,Böheimkirchen - Hotel Smart Liv'in,SMATRICS Netz,48.18794,15.76511,Gemeinde Böheimkirchen,Public - Membership Required,6
175226,Raststation Steinhäusl,SMATRICS Netz,48.15794564497676,15.941816430521158,Gemeinde Altlengbach,Public - Membership Required,6
175225,Alland - Autobahnanschlussstelle,SMATRICS Netz,48.06796613899334,16.06320027945617,Alland,Public,1
174935,Stromquelle Rekord Fenster Baden,(Unknown Operator),47.977215,16.282925,Gemeinde Baden,Public - Pay At Location,4
174843,Billa Wiener Neustadt,SMATRICS Netz,47.80555472406709,16.21208758261878,Wiener Neustadt,Public - Membership Required,2
174829,Turnergasse - Knittelfeld,Tesla (Tesla-only charging),47.21478133088854,14.831271652133637,Knittelfeld,Public - Membership Required,4
174826,Mürz - Center Mürzzuschlag,(Business Owner at Location),47.58837123489221,15.660633595691706,Mürzzuschlag,Public - Membership Required,5
174789,Raststation Dreiländerecke Nord - Arnoldstein,Kelag AG,46.57142602263002,13.69726328254842,Arnoldstein,Public - Membership Required,7
174786,Gutenberghaus - Knittelfeld,(Unknown Operator),47.214782491265055,14.831270710803437,Knittelfeld,Public - Membership Required,4
174785,Mürz-Center - Mürzzuschlag,(Unknown Operator),47.58837062912471,15.660632716546502,Mürzzuschlag,Public - Membership Required,5
174699,Spar - Kottingbrunn,TANKE Wien Energie,47.95595611828409,16.218871714584793,Kottingbrunn,Public - Membership Required,2
174686,Ladepark Villach,Kelag AG,46.60400287388313,13.869255433030276,Villach,Public - Membership Required,16
174684,Marietta Platz - Velden,(Unknown Operator),46.613763435707796,14.039509087611236,Velden am Wörthersee,Public - Membership Required,8
174680,Lagerhaus - Scheifling,(Unknown Operator),47.15338921898345,14.409555982235588,Scheifling,Public - Membership Required,3
174679,Mc Donalds - Judenburg,(Unknown Operator),47.1721314753197,14.632194639067166,Judenburg,Public - Membership Required,1
174678,BP Tankstelle - Neumarkt,(Unknown Operator),47.079272706101904,14.42481799116922,Neumarkt in der Steiermark,Public - Membership Required,2
174677,BP Tankstelle - St. Veit,(Unknown Operator),46.76627669076058,14.37718444251243,St. Veit an der Glan,Public - Membership Required,2
174676,Autobahnknoten - St. Michael,(Unknown Operator),47.33839986961627,15.010635007695328,St. Michael in der Obersteiermark,Public - Membership Required,4
174675,Eurospar - Bruck an der Mur,(Unknown Operator),47.41243298229955,15.275045714025964,Bruck an der Mur,Public - Membership Required,2
174366,Stromquelle Manner Wolkersdorf,(Unknown Operator),48.376077,16.513103,Wolkersdorf,Public,2
174365,Stromquelle Gruber Seppi Wösendorf,(Unknown Operator),48.381787,15.453533,Wösendorf,Public,2
174364,Stromquelle FM-CONsulting Oberpiesting,(Unknown Operator),47.870983,16.091664,Oberpiesting,Public,1
174224,Mittersill PlugSurfing,PlugSurfing,47.2860000000008,12.499909999998977,Mittersill,Public,2
174126,Autohaus Luckerbauer/Geigner,(Unknown Operator),47.52700327090915,16.187633508346835,Gemeinde Krumbach,Public - Pay At Location,2
173875,Ufergasse,(Business Owner at Location),47.55835005192205,16.094130590530767,Gemeinde Aspang-Markt,Public,2
172929,Wohlfühlhotel Schiestl,Tesla (Tesla-only charging),47.337255,11.841019,Fügenberg,Public - Membership Required,1
172802,Familienweingut Sattlerhof GmbH,Tesla (Tesla-only charging),46.713135,15.539284,Gamlitz,Public - Membership Required,2
171636,Asten Supercharger,Tesla (Tesla-only charging),48.221159,14.406744,Asten,Public - Membership Required,12
170581,Biberwier Supercharger,Tesla (Tesla-only charging),47.372431,10.886093,Biberwier,Public - Membership Required,6
170533,Frunpark Parndorf,Tesla (Tesla-only charging),47.97987,16.843454,Parndorf,Public - Membership Required,3
170504,Frunpark Asten,Tesla (Tesla-only charging),48.220545,14.40708,Asten,Public - Membership Required,3
170325,Stromquelle Hyundai Oeynhausen,(Unknown Operator),47.97918214624346,16.285314076931172,Oeynhausen,Public - Pay At Location,2
170324,Florian Trautenberger-Straße 37,(Unknown Operator),48.209869712598305,16.1673593676403,Purkersdorf,Public - Pay At Location,2
169529,Maria Alm Public Station,(Unknown Operator),47.40555654157123,12.898938623984616,,Public,1
168393,Has·to·be EC,Be Energised (has-to-be),47.860024,13.126867,Eugendorf,Public,1
168336,Apartments Nennerhof / Sport Nenner Fashion,da emobil,47.11440194706594,11.681149329416257,Tux,Public,2
167665,Stromquelle Zeiler Münchendorf,(Unknown Operator),48.03882790938789,16.375981554166174,Münchendorf,Public,2
167664,Stromquelle Autohaus Ebner Oeynhausen WB2,(Unknown Operator),47.98337498966393,16.28949935069761,Gemeinde Traiskirchen,Public,2
167644,Ladepunkt Hofburgweg,(Private Residence/Individual),47.01174372097998,16.008469783329247,Söchau,Privately Owned - Notice Required,1
163347,Mils Gewerbepark,Be Energised (has-to-be),47.28402218112504,11.547034455596418,Gemeinde Mils,"Private - For Staff, Visitors or Customers",1
162660,Raiffeisen Kundenparkplatz,(Business Owner at Location),47.09108131744057,11.466647877072774,Marktgemeinde Steinach am Brenner,"Private - For Staff, Visitors or Customers",2
162659,MPREIS (Smatrics),SMATRICS Netz,47.09959303817058,11.464017512162627,Marktgemeinde Steinach am Brenner,Public - Membership Required,2
162603,Parkplatz Fusch,(Unknown Operator),47.22710807712298,12.826551580071055,Fusch an der Großglocknerstraße,"Private - For Staff, Visitors or Customers",2
162602,Hotel Wasserfall,(Business Owner at Location),47.2234620840498,12.826883870510528,Fusch an der Großglocknerstraße,"Private - For Staff, Visitors or Customers",1
162553,Hochtor Großglockner Hochalpenstraße,Bilinmiyor,47.08097825480007,12.842802559022175,Heiligenblut am Großglockner,"Private - For Staff, Visitors or Customers",2
162552,Buchbinderei Christian Fuchs,Bilinmiyor,47.42845436613706,12.842285761413905,Bezirk Zell am See,"Private - For Staff, Visitors or Customers",2
162515,Sportplatz Angerberg,TIWAG Tiroler Wasserkraft AG (AT),47.50883135107068,12.048935685747324,Angerberg,Public - Membership Required,2
162514,Breitenbach am Inn (Tiwag),TIWAG Tiroler Wasserkraft AG (AT),47.47712180359028,11.973279480529527,Breitenbach am Inn,Public - Membership Required,2
162513,  Rattenberg (Tiwag),TIWAG Tiroler Wasserkraft AG (AT),47.439966038544156,11.895630706933389,Radfeld,Public - Membership Required,4
162512,Gemeinde Brixlegg,Be Energised (has-to-be),47.430095,11.878767,Brixlegg,Public - Membership Required,2
162477,Höpperger (da-emobil),da emobil,47.29184368590782,11.032888539262899,Rietz,Public - Membership Required,1
162449,Post & Bank99,(Business Owner at Location),47.39175330702665,11.77202458008469,Jenbach,Public,2
162448,Atoll Spa (Tiwag),TIWAG Tiroler Wasserkraft AG (AT),47.430522015644556,11.73738322263523,Eben am Achensee,Public - Membership Required,1
162447,Eurospar,(Business Owner at Location),47.59103087055706,12.174932477778498,Kufstein,"Private - For Staff, Visitors or Customers",1
162446,Rosenheimer Straße,SMATRICS Netz,47.59373973315223,12.176814621621133,Kufstein,Public - Membership Required,1
162404,"""Das West"" EnerCharge (parking level -1)",Enercharge,47.26400871048696,11.374731463972807,Innsbruck,Public,1
162403,Conradstraße 5 (IKB),Be Energised (has-to-be),47.27671859000964,11.40451565248327,Innsbruck,"Private - For Staff, Visitors or Customers",1
162402,WIFI Innsbruck,Be Energised (has-to-be),47.25557135781625,11.38116869274063,Innsbruck,Public - Membership Required,2
162398,Hyundai-Partner Unterberger,(Business Owner at Location),47.397782324875976,11.819247270372443,Gemeinde Strass im Zillertal,"Private - For Staff, Visitors or Customers",1
162345,Raststätte Pettnau (da-emobil),da emobil,47.28450834472676,11.164483269102675,Gemeinde Pettnau,Public - Membership Required,1
162343,WAVE Water World (Wörgler Wasserwelt),Be Energised (has-to-be),47.4783714951611,12.039313252805186,Stadt Wörgl,Public,1
162342,KR Martin Pichler-Straße,Be Energised (has-to-be),47.48586243575565,12.063477772966053,Stadt Wörgl,Public - Membership Required,1
162341,Bahnhof Wörgl,Be Energised (has-to-be),47.490804976976364,12.061359550978295,Stadt Wörgl,Public,1
162332,Bahnhof Strass im Zillertal (TIWAG),TIWAG Tiroler Wasserkraft AG (AT),47.39547609861117,11.818385319980734,Gemeinde Strass im Zillertal,Public - Membership Required,1
162331,da-emobil ENI Gutmann Wiesing,da emobil,47.40331698542667,11.802937048076501,Gemeinde Wiesing,Public - Membership Required,1
162330,"TIWAG Charging Station (Hotel ""Cafe-Zillertal"")",TIWAG Tiroler Wasserkraft AG (AT),47.397888782144605,11.823498458202266,Gemeinde Strass im Zillertal,Public - Membership Required,1
162329,MPREIS Langkampfen (TIWAG),TIWAG Tiroler Wasserkraft AG (AT),47.53435610715718,12.09291171163477,Gemeinde Langkampfen,Public - Membership Required,1
162326,MPREIS Weer,TIWAG Tiroler Wasserkraft AG (AT),47.305678293053944,11.6428501208934,Gemeinde Weer,Public,1
162321,da-emobil ENI Gutmann,da emobil,47.48021753646597,10.735531554299087,Marktgemeinde Reutte,Public,2
162320,da-emobil ENI Gutmann,da emobil,47.303193,10.484633,Häselgehr,Public,1
162284,City Center Amstetten (Shopping Mall),(Business Owner at Location),48.120351722891996,14.86196020334296,Bezirk Amstetten,"Private - For Staff, Visitors or Customers",1
162280,Fastcharger ENI Gutmann Vomp,da emobil,47.35335506188838,11.700646489226301,Marktgemeinde Vomp,Public,1
162279,ENI Gutmann 22 kW Charger,da emobil,47.276943253066264,11.474456222528943,Stadt Hall in Tirol,Public,1
162278,Fastcharger ENI Gutmann,da emobil,47.276777220153576,11.474323096120315,Stadt Hall in Tirol,Public,1
162257,Hallstatt P1,(Unknown Operator),47.55277736675515,13.648743491699179,Hallstatt,Public,1
162255,Rathaus Imst,(Unknown Operator),47.23942392271553,10.7378296917434,Stadt Imst,Public,1
162252,Kollmitzberg,(Unknown Operator),48.17868902462715,14.863833543650571,Ardagger,Public,1
162249,IQ-Tec Mühlthaler (near Bang & Olufsen),Be Energised (has-to-be),47.2776483870625,11.445927128858216,Marktgemeinde Rum,Public,1
162248,ÖAMTC Innsbruck,(Business Owner at Location),47.26571601869668,11.425820391333332,Innsbruck,"Private - For Staff, Visitors or Customers",1
162243,Autoland Tirol GmbH,Bilinmiyor,47.27700477711855,11.440757000082272,Innsbruck,Public,1
162242,Smatrics OMV,SMATRICS Netz,47.27363833972248,11.473826888144686,Stadt Hall in Tirol,Public,2
162235,Autohaus Wörndle,da emobil,47.42279796809507,11.75031766212976,Gemeinde Eben am Achensee,Public,2
162234,MPREIS,da emobil,47.27002420241925,10.941322016502454,Gemeinde Silz,Public,2
162233,Hotel Kaiserblick,Be Energised (has-to-be),47.51095357338315,12.301695651573255,Gemeinde Ellmau,"Private - For Staff, Visitors or Customers",4
162209,Innsbruck Hauptbahnhof,(Unknown Operator),47.26299801354881,11.399995431206207,Innsbruck,Public,2
162197,Karl-Kapferer-Straße (IKB),(Unknown Operator),47.273138662197994,11.396416526157282,Innsbruck,Public,1
162196,DEZ Innsbruck (Parkhaus Ost),(Unknown Operator),47.26321635106345,11.4323340017595,Innsbruck,Public,4
162195,IKEA (Smatrics),SMATRICS Netz,47.26119385720847,11.431505568291982,Innsbruck,Public,1
162194,Lidl Bezirk St. Johann im Pongau,Lidl,47.38150632806148,13.429506431299842,Bezirk St. Johann im Pongau,"Private - For Staff, Visitors or Customers",1
162192,Tiefgarage Zimbapark,(Business Owner at Location),47.150747,9.812164,Gemeinde Bürs,"Private - For Staff, Visitors or Customers",2
162191,Landeskrankenhaus Bregenz,Vlotte,47.49759764188752,9.745662058553648,Stadt Bregenz,Public,2
162190,Kindergarten Antoniushaus,Vlotte,47.2348197306294,9.587046698692916,Stadt Feldkirch,Public,1
162189,Bäckerei Ölz,(Business Owner at Location),47.40471141983983,9.74562873898526,Stadt Dornbirn,"Private - For Staff, Visitors or Customers",2
162188,Bahnhofplatz Bludenz,SMATRICS Netz,47.155473914231834,9.814735076163288,Stadt Bludenz,Public,2
162187,Bahnhof Hohenems,SMATRICS Netz,47.365965774047226,9.68281718219339,Hohenems,Public,2
162186,Bahnhof Dornbin,SMATRICS Netz,47.417857886850385,9.73982782967812,Stadt Dornbirn,Public,2
162185,MPREIS Wilten,(Business Owner at Location),47.25856743131564,11.394981152812306,Innsbruck,"Private - For Staff, Visitors or Customers",2
162184,MPREIS,(Business Owner at Location),47.25856743131564,11.394981152812306,Innsbruck,"Private - For Staff, Visitors or Customers",2
162183,Cyta Völs,(Business Owner at Location),47.25662351740334,11.325518894372749,Marktgemeinde Völs,"Private - For Staff, Visitors or Customers",1
162182,PG Untere Stadt,(Unknown Operator),47.280849736955474,11.504039894056405,Stadt Hall in Tirol,Public,3
162180,Tennis Center,(Unknown Operator),47.30401763546638,12.801722854035802,Bezirk Zell am See,Public,5
162179,Fastcharger DEZ Shopping Mall,(Unknown Operator),47.262195136675956,11.42828356847565,Innsbruck,Public,1
162178,MPREIS Volders,(Business Owner at Location),47.2874510466182,11.566076599037274,Gemeinde Volders,Public,2
162177,23reasons Office Building,da emobil,47.29848048504397,11.580752893395243,Marktgemeinde Wattens,Public,2
162176,MPREIS (da-emobil),da emobil,47.29209502011656,11.601472577479399,Wattens,Public,2
162175,MPREIS,da emobil,47.30853098602071,11.685251914040691,Gemeinde Weerberg,Public,2
162174,Schwimmbad Schwaz,Be Energised (has-to-be),47.3365962536447,11.705197624381071,Stadt Schwaz,Public,1
162173,Bezirkskrankenhaus Schwaz (Municipal hospital),(Unknown Operator),47.344050127076315,11.703621269598443,Stadt Schwaz,Public,4
162172,Tratzberg Castle (Schloss Tratzberg),TIWAG Tiroler Wasserkraft AG (AT),47.38220503489333,11.740261791067041,Gemeinde Stans,Public,4
162171,MPREIS,TIWAG Tiroler Wasserkraft AG (AT),47.26174049166033,11.364882543121212,Innsbruck,Public,2
162170,Andy's Fachwerkstatt GmbH,da emobil,47.23644966919673,11.274733387443575,Gemeinde Axams,Public,1
162169,Freizeitzentrum Axams,Vlotte,47.232956376322534,11.29207419600516,Gemeinde Axams,Public,2
162168,Orbis Office,da emobil,47.25645193252382,11.412809671699392,,Public,2
162167,Menardi Parkhaus,(Unknown Operator),47.26252074715231,11.428216282640392,Innsbruck,Public,1
162166,Riedz Apartments,Vlotte,47.27164881326533,11.387569143844871,Innsbruck,"Private - For Staff, Visitors or Customers",2
162165,Hotel Congress Innsbruck,(Business Owner at Location),47.27434868951627,11.397840983332458,Innsbruck,"Private - For Staff, Visitors or Customers",1
162164,Bahnhof Niedernsill,(Unknown Operator),47.282068,12.646626,Bezirk Zell am See,Public,2
162163,Hyundai Kaufmann & Unterberger,(Business Owner at Location),47.2775641956718,12.757257637032694,Kaprun,"Private - For Staff, Visitors or Customers",1
162162,BMW Autohaus Kaufmann,(Business Owner at Location),47.276958,12.757407,Kaprun,Public,2
162161,Shell Hypercharger,(Unknown Operator),47.277065511174015,12.757509069132425,Kaprun,Public,2
162160,Parkhaus WIFI Innsbruck,da emobil,47.25481883400636,11.378417712305577,Innsbruck,Public,4
162159,TIWAG Besucherzentrum,TIWAG Tiroler Wasserkraft AG (AT),47.27099302586922,10.967174770434895,Gemeinde Silz,Public,2
162158,MPREIS Oberlängenfeld,da emobil,47.06710541513914,10.96731442804321,Gemeinde Längenfeld,Public,2
162157,Lizum 1600,Vlotte,47.19540762659142,11.300349851814644,Gemeinde Axams,"Private - For Staff, Visitors or Customers",2
162156,Hotel dasMEI,Vlotte,47.230329698420604,11.37573863167006,Gemeinde Natters,Public,2
162155,Sportplatz Matrei,da emobil,47.13107989859509,11.452085543461635,Marktgemeinde Matrei am Brenner,Public,2
162154,Münster Reha Zentrum,(Unknown Operator),47.41893389839814,11.837784722153629,Gemeinde Münster,Public,2
162153,Gemeinde Kramsach,Be Energised (has-to-be),47.448272253879594,11.883231796731025,Gemeinde Kramsach,Public,2
162152,Camping Seeblick Toni,TIWAG Tiroler Wasserkraft AG (AT),47.46104933328192,11.90679346140098,Gemeinde Kramsach,Public,2
162151,Landgasthof Gappen,da emobil,47.449213,11.875619,Gemeinde Kramsach,Public,2
162150,Sandoz P17,TIWAG Tiroler Wasserkraft AG (AT),47.46838342114893,11.976247491001004,Marktgemeinde Kundl,"Private - For Staff, Visitors or Customers",2
162149,Strandhotel Entner,Be Energised (has-to-be),47.44028684977263,11.702824150741776,Gemeinde Eben am Achensee,"Private - For Staff, Visitors or Customers",2
162148,Schwarzsee,(Business Owner at Location),47.45615114792696,12.365881768077202,Stadt Kitzbühel,Public,2
162147,Stadtwerke Parkplatz Sinwell,(Business Owner at Location),47.45113049242812,12.375409349441043,Stadt Kitzbühel,Public,1
162146,Eurotours,(Business Owner at Location),47.451465770403644,12.372702948279994,Stadt Kitzbühel,"Private - For Staff, Visitors or Customers",1
162145,Anton Bruckner-Straße,Be Energised (has-to-be),47.490140828004144,12.067332832416355,Stadt Wörgl,Public,2
162144,Tiefgarage Arkadenplatz,Be Energised (has-to-be),47.58199613419583,12.172183824931494,Stadt Kufstein,Public,2
162143,Bahnhof,(Business Owner at Location),47.329538758606844,11.188942268586288,Gemeinde Seefeld in Tirol,Public,2
162142,Ropferstubm,da emobil,47.3315441116159,11.110133264942533,Marktgemeinde Telfs,Public,1
162141,Hochfügen,Tesla (Tesla-only charging),47.26477509375974,11.776769302906018,Gemeinde Fügenberg,"Private - For Staff, Visitors or Customers",4
162140,Gut Matzen,(Unknown Operator),47.42184623411475,11.863918288990817,Gemeinde Reith im Alpbachtal,Public,1
162139,Parkplatz Festspiele,Vlotte,47.50399747996167,9.736389789040459,Stadt Bregenz,Public,2
162138,Römerstraße 2,Vlotte,47.501834035317785,9.746507844930306,Stadt Bregenz,Public,2
162137,Biohotel Grafenast,Vlotte,47.32002278041361,11.71900632718257,Gemeinde Pill,"Private - For Staff, Visitors or Customers",1
162136,ENI Tankstelle,da emobil,47.14015422259513,10.290263032885719,Gemeinde Sankt Anton am Arlberg,Public,1
162135,Nassereinerhof,(Business Owner at Location),47.135604180962105,10.274846051662166,Gemeinde Sankt Anton am Arlberg,"Private - For Staff, Visitors or Customers",2
162108,Mittelstation-Rauz-Stuben,Vlotte,47.13789664005864,10.179512810127903,Gemeinde Klösterle,Public,2
162107,Hotel Mondschein,Vlotte,47.13833832669641,10.161275523826589,Stuben,"Private - For Staff, Visitors or Customers",1
162106,Hotel Aprés Post,Vlotte,47.13939685885558,10.157999415624317,Gemeinde Klösterle,Public,2
162105,Alpengarnelen,da emobil,47.282203947105984,11.4862248553668,Stadt Hall in Tirol,Public,2
162104,1A Energietechnik GmbH,(Business Owner at Location),47.520249898410185,12.577924446345946,Gemeinde St. Ulrich am Pillersee,"Private - For Staff, Visitors or Customers",2
162103,Smatrics Pillersee,SMATRICS Netz,47.52806798561761,12.575245557663493,Gemeinde St. Ulrich am Pillersee,Public,2
162102,Koasapark,da emobil,47.518417278000044,12.413921286346067,Marktgemeinde St. Johann in Tirol,Public,2
162101,Lidl Sparchen,Be Energised (has-to-be),47.5942457137584,12.175925611310277,Stadt Kufstein,Public,2
162100,Unterberger Automobile,(Business Owner at Location),47.59501944567569,12.178163479239174,Stadt Kufstein,Public,2
162099,Niederndorf,Be Energised (has-to-be),47.650940077077564,12.216335091930205,Gemeinde Niederndorf,Public,2
162098,Gemeinde Walchsee,Be Energised (has-to-be),47.65376376957914,12.316763546013249,Gemeinde Walchsee,"Private - For Staff, Visitors or Customers",2
162097,Hotel Bellvue,Vlotte,47.650571875056784,12.322339910425853,Gemeinde Walchsee,Public,1
162096,MPREIS Waidach,TIWAG Tiroler Wasserkraft AG (AT),47.660279837786874,12.404999403983311,Gemeinde Kössen,Public,2
162095,Sportzentrum Rum,(Unknown Operator),47.269440802510815,11.449706692684003,Innsbruck,Public,1
162094,Hotel Sun Valley,Be Energised (has-to-be),47.410959,12.033862,Gemeinde Wildschönau,"Private - For Staff, Visitors or Customers",1
162093,Wirtschaftskammer,da emobil,47.444242,12.389888,Stadt Kitzbühel,Public,2
162092,Smatrics Aurach bei Kitzbüheltttt,SMATRICS Netz,47.418743,12.420931,Gemeinde Aurach bei Kitzbühel,Public,1
162091,Innenstadt Garage,(Unknown Operator),47.269471,11.399298,Innsbruck,Public,6
162090,Altenwohnheim,Be Energised (has-to-be),47.58270044950751,12.160295058118209,Stadt Kufstein,Public,2
162089,Kindergarten Sparchen 2,Be Energised (has-to-be),47.59186400976992,12.1772137650089,Stadt Kufstein,Public,2
162088,Burger King,da emobil,47.273049,11.428352,Innsbruck,Public,2
162087,Autoland Tirol GmbH,(Unknown Operator),47.277005831950476,11.4407461579342,Innsbruck,Public,1
162086,Gemeinde Thalgau,(Unknown Operator),47.839940461340575,13.255638306119863,,Public,2
162085,Bahnhof Steyr,(Business Owner at Location),48.038568,14.423034,,Public,2
162084,MPREIS Zirchbichl,da emobil,47.30472219033629,10.964504015078546,Gemeinde Mieming,Public,1
162083,ÖAMTC Fahrzechnikzentrum Zenzenhof,(Business Owner at Location),47.226279,11.391246,Innsbruck,Public,1
162082,Raststation Europabrücke,Be Energised (has-to-be),47.197218562548585,11.397460862484763,Gemeinde Schönberg im Stubaital,Public,2
162079,Alpewa,TIWAG Tiroler Wasserkraft AG (AT),47.523465613041,12.100428368133407,Gemeinde Kirchbichl,Public,1
162035,Innsbruck Airport,(Business Owner at Location),47.25682823565833,11.351699247273473,Innsbruck,Public,6
162034,Greif Center Innsbruck,(Business Owner at Location),47.2653291282046,11.427215029992453,Innsbruck,"Private - For Staff, Visitors or Customers",6
162033,Veranstaltungszentrum B4,(Unknown Operator),47.271733289852506,11.240640058784379,Marktgemeinde Zirl,Public,1
162032,Feuerwehr- und Vereinshaus Stams,(Unknown Operator),47.27608514096258,10.984415298399654,Gemeinde Stams,Public,1
162031,Bauhaus Völs,(Business Owner at Location),47.258957876296876,11.320403686879331,Marktgemeinde Völs,"Private - For Staff, Visitors or Customers",4
162030,Landhotel Reschenhof,(Business Owner at Location),47.28100953335962,11.529435019493803,Gemeinde Mils,"Private - For Staff, Visitors or Customers",1
162028,"P+R Parkplatz Matrei (""Parkdeck Matrei"")",(Unknown Operator),47.128096538000676,11.452997140786579,Matrei am Brenner,Public,2
162027,Bahnhof Neu-Terfens,(Unknown Operator),47.31605668287898,11.634857459721843,Gemeinde Terfens,Public - Membership Required,2
162026,Pronto Pizza Wattens,(Unknown Operator),47.29229035966347,11.592443270552508,Marktgemeinde Wattens,Public,2
162025,Werkstätte Wattens,(Unknown Operator),47.287237317625824,11.592270367550668,Marktgemeinde Wattens,Public,4
162024,Sozialzentrum Wattens,(Unknown Operator),47.29222283423397,11.588817752689692,Marktgemeinde Wattens,Public,2
162023,Swarovski Kristallwelten,(Business Owner at Location),47.295620515806604,11.600562323686631,Marktgemeinde Wattens,"Private - For Staff, Visitors or Customers",10
162022,Tiefgarage Kirchplatz,(Unknown Operator),47.293403045355774,11.592700132314008,Marktgemeinde Wattens,Public,2
161992,Milsano,(Unknown Operator),47.28851679624631,11.532368937184174,Mils,Public,2
161988,Marienkirche,(Unknown Operator),47.29129796381733,11.588385532214488,Marktgemeinde Wattens,Public,2
161910,Lidl,(Business Owner at Location),47.27767167636199,11.494798024251281,Hall in Tirol,Public,2
161896,Tourismusinfo Hall in Tirol,(Business Owner at Location),47.27988791504586,11.505573942821798,Stadt Hall in Tirol,Public,2
160945,Graz-Maggstraße,Tesla (Tesla-only charging),47.0370432,15.4783312,Graz,Public - Membership Required,2
160939,Hotel Buchberg38,Tesla (Tesla-only charging),47.228551,15.809928,Buchberg bei Herberstein,Public - Membership Required,2
160908,Klinglhuber Hotel Gasthof,Tesla (Tesla-only charging),48.412602,15.606501,Krems an der Donau,Public - Membership Required,2
157481,Stromquelle Autohaus Opel Ebner Felixdorf,(Business Owner at Location),47.87426025031792,16.248748883097733,Felixdorf,Public,2
156428,Stromquelle Ing. Aigner Neuhofen,(Private Residence/Individual),48.13558695764408,14.22668338005019,Neuhofen an der Krems,Public,1
156374,Stromquelle Autohaus Ebner Felixdorf,(Business Owner at Location),47.873572518155015,16.24883625736379,Felixdorf,Public,1
156373,Stromquelle Bridgestone,(Business Owner at Location),47.9607194760263,16.202442902170105,Bad Vöslau,Public,1
156372,Stromquelle Autohaus Ebner Oeynhausen,(Business Owner at Location),47.98367067356406,16.289616179541554,Oeynhausen,Public,1
156371,Stromquelle motel22,(Business Owner at Location),48.252428117761724,16.498562816667118,Wien,Public,1
156370,Stromquelle Autohaus Ebner Brunn,(Business Owner at Location),48.1062717694837,16.307626816641687,Brunn am Gebirge,Public,1
155494,Stromquelle,(Business Owner at Location),48.11894840193685,16.288695080365187,Perchtoldsdorf,Public - Pay At Location,4
149899,IONITY Steinhäusl,Ionity,48.157839,15.940398,Steinhäusl,Public,4
149897,Wirtschaftspark West,Ionity,47.37403162775473,16.093668833685797,Pinkafeld,Public,6
149896,IONITY Nassereith,Ionity,47.327313,10.819309,Nassereith,Public,4
149752,Pavillon Puchberg,(Unknown Operator),47.789283941525014,15.912010626761116,Puchberg am Schneeberg,Public,2
149639,Alpen Adria Hotel & Spa,Tesla (Tesla-only charging),46.631459,13.438049,Hermagor,Public - Membership Required,2
149636,De l'Europe Gastein - Ginger N' Gin,Tesla (Tesla-only charging),47.115402,13.134248,Bad Gastein,Public - Membership Required,3
147978,Maurer Lange Gasse,TANKE Wien Energie,48.14849642077411,16.277901172813017,,Public - Membership Required,2
146260,Sportplatz,(Unknown Operator),47.20065978103858,11.866450358439124,Schwendau,Public - Membership Required,2
134523,G-ELECTRIC,(Business Owner at Location),47.83042390691867,16.245017174454915,Wr. Neustadt,Public - Notice Required,3
134522,Kinostraße,SMATRICS Netz,47.79251438345591,12.987363974327877,Salzburg-Umgebung,Public - Membership Required,4
134393,Nussböckgut - Fam. Velechovsky ,(Unknown Operator),48.278735859606456,14.273486138276212,Leonding,Public,1
133813,Mitterweg,SMATRICS Netz,47.25806092427703,11.376666553662176,Innsbruck,"Private - For Staff, Visitors or Customers",4
133551,Bergparadies Dorfgastein,Tesla (Tesla-only charging),47.242382,13.109452,Dorfgastein,Public - Membership Required,2
133457,Hotel Hilton Garden Inn,Tesla (Tesla-only charging),48.166748,16.345207,Wien,Public - Membership Required,2
133451,Aqua Dome - Tirol,Tesla (Tesla-only charging),47.068509,10.965654,Laengenfeld,Public - Membership Required,3
133283,Tischlerei Krumboeck,Tesla (Tesla-only charging),48.201422,15.548954,Gerersdorf,Public - Membership Required,2
133047,Der Daberer. das Biohotel,Tesla (Tesla-only charging),46.665408,13.054987,Dellach,Public - Membership Required,1
132624,Nikitsch Gemeindeamt,Bilinmiyor,47.5355721502947,16.6584607700961,Füles,Public,2
131710,Eisenstadt FB eGUTS,(Business Owner at Location),47.82875,16.535167,Eisenstadt,Public - Membership Required,1
131063,Wallegg Lodge,Tesla (Tesla-only charging),47.384887,12.545319,Lodge,Public - Membership Required,1
131058,Malerwinkl Restaurant + Kunsthotel,Tesla (Tesla-only charging),46.979948,16.006131,Hatzendorf,Public - Membership Required,1
131054,Boutique Appartements Saalbach,Tesla (Tesla-only charging),47.375942,12.546761,Hinterglemm,Public - Membership Required,1
131039,Explorer Hotel Hinterstoder,Tesla (Tesla-only charging),47.700862,14.158941,Hinterstoder,Public - Membership Required,2
131028,Riffler Lodge,Tesla (Tesla-only charging),47.144259,10.339329,Pettneu am Arlberg,Public - Notice Required,1
131018,Explorer Hotel Otztal,Tesla (Tesla-only charging),47.136781,10.925562,Umhausen,Public - Membership Required,2
130991,Hotel Sendlhof,Tesla (Tesla-only charging),47.168055,13.110655,Bad Hofgastein,Public - Membership Required,1
130063,IONITY St. Valentin,Ionity,48.196397,14.52822,St. Valentin,Public,6
130052,IONITY Mondsee,Ionity,47.836676,13.395779,Innerschwand am Mondsee,Public,6
130044,IONITY Klösterle,Ionity,47.129066,10.060559,Klösterle,Public - Pay At Location,4
130042,IONITY Kaiserwald,Ionity,46.959244,15.382045,Dobl,Public - Pay At Location,6
130041,IONITY Innerbraz,Ionity,47.140914,9.924473,Innerbraz,Public,4
130036,IONITY Hohenems,Ionity,47.366163,9.659167,Hohenems,Public - Pay At Location,4
130035,IONITY Hochleithen,Ionity,48.425298,16.547783,Wolfpassing an der Hochleithen,Public - Pay At Location,4
130032,IONITY Göttlesbrunn,Ionity,48.056232,16.711973,Göttlesbrunn,Public - Pay At Location,4
130029,IONITY Grafenstein,Ionity,46.639685,14.451405,Dolina,Public - Pay At Location,4
130026,IONITY Golling,Ionity,47.584781,13.157939,Golling an der Salzach,Public - Pay At Location,4
130025,IONITY Eisentratten,Ionity,46.919943,13.579276,Eisentratten,Public - Pay At Location,6
129798,IONITY Angath Nord,Ionity,47.519215,12.065526,Angath,Public,4
129064,K3 parking,(Unknown Operator),48.1203068851467,16.5629897031536,Wien,Public,1
129058,AAE Naturstrom  (System www.enercharge.at),AAE,46.6271883725626,13.3755936689361,Hermagor-Pressegger See,Public - Pay At Location,2
128006,Ladestation Hotel Zedern Klang,SMATRICS Netz,46.918577,12.510763,Hopfgarten in Defereggen,Public,1
128005,Ladestation Hotel Cesta Grand,SMATRICS Netz,47.129516,13.137609,Bad Gastein,Public,1
127999,Ladestation Dirtl,SMATRICS Netz,48.213979,15.624823,St. Pölten,Public,1
127997,Ladestation Hotel Chesa Monte,SMATRICS Netz,47.056337,10.621295,Fiss,Public,1
127992,Ladestation Hotel Zur Post,SMATRICS Netz,46.782546,13.657371,Döbriach,Public,1
127991,Ladestation Med7 Ärztezentrum,SMATRICS Netz,48.167327,14.041696,Wels,Public,1
127990,Schnellladestation Vogl + Co,SMATRICS Netz,47.292561,16.19714,Oberwart,Public,1
127989,Ladestation Hotel Alpetta,SMATRICS Netz,46.893054,10.49844,Nauders,Public,1
127988,Ladestation Genol Rwa Korneuburg,SMATRICS Netz,48.33551,16.335925,Korneuburg,Public,1
127987,Ladestation St. Peter Hotel Chalets,SMATRICS Netz,47.3276,11.180955,Seefeld,Public,1
127986,Ladestation Aichlseder Car,SMATRICS Netz,46.629798,14.355837,Klagenfurt,Public,1
127981,Ladestation Hotel Grüner Baum,SMATRICS Netz,47.324173,12.798599,Zell am See,Public,1
127980,Ladestation Mörwald Holding,SMATRICS Netz,48.439369,15.786182,Feuersbrunn,Public,1
127977,Schnellladestation Hotel Trattlerhof,SMATRICS Netz,46.810819,13.76971,Bad Kleinkirchheim,Public,1
127975,Ladestation Genol Lgh Hg Markt Gleisdorf Süd,SMATRICS Netz,47.088624,15.733007,Hofstätten an der Raab,Public,1
127966,Ladestation Cargo Center,SMATRICS Netz,46.9345,15.4665,Werndorf,Public,1
127960,Schnellladestation Hornbach,SMATRICS Netz,48.210352,14.27332,Ansfelden,Public,1
127047,Ladestation Oberlaa,Bilinmiyor,48.1395073859218,16.4025773578184,Wien,Public,2
126925,Tischlerei Krumböck,(Business Owner at Location),48.201175745408,15.5476333158128,Gemeinde Gerersdorf,"Private - For Staff, Visitors or Customers",3
126061,Langkampfen Supercharger,Tesla (Tesla-only charging),47.534597,12.092972,Langkampfen,Public - Membership Required,27
126056,Parkplatz Marktturm,(Unknown Operator),48.5011926,14.5926520298387,St Oswald,Public,2
125814,Landal Maria Alm,(Unknown Operator),47.4055931132434,12.9011188931735,Maria Alm am Steinernen Meer,Public,2
125563,Lidl - Graz,Lidl,47.099667,15.417682,Graz,Public,1
125555,"Lidl, St. Pölten - Hermann-Gmeiner-Gasse",Lidl,48.205593,15.638815,Gemeinde St. Pölten,Public,1
125554,Lidl Wieselburg - Zeiselgraben,Lidl,48.138988,15.138216,Gemeinde Wieselburg,Public,1
125553,Lidl Wien - Herzgasse ,Lidl,48.173321,16.366474,Wien,Public,1
125485,Reiter Apartments,Tesla (Tesla-only charging),47.235741,11.881147,Zellberg,Public - Membership Required,1
118325,Hotel Peter Saalbach,Tesla (Tesla-only charging),47.393153,12.636618,Saalbach,Public - Membership Required,1
118312,Itex It-Service GmbH,Tesla (Tesla-only charging),48.152811,14.012608,Wels,Public - Membership Required,1
118309,Restaurant und Hotel Am Friedrichshof,Tesla (Tesla-only charging),47.948863,16.941328,Zurndorf,Public - Membership Required,1
118305,Revita Hotel Kocher,Tesla (Tesla-only charging),48.384486,13.875233,St. Agatha,Public - Membership Required,2
118041,Hotel Lux Alpinae,Tesla (Tesla-only charging),47.123979,10.255755,St.Anton am Arlberg,Public - Membership Required,1
118034,Chaletdorf Bergwiesenglueck,(Business Owner at Location),47.073298,10.450483,See,"Private - For Staff, Visitors or Customers",3
117993,Appartement Michel,Tesla (Tesla-only charging),47.131185,13.136789,Bad Gastein,Public - Membership Required,1
116845,Eisenstraße eMobil,(Unknown Operator),47.9243354779005,15.0822922438647,Gaming,Public,2
115062,Gemeindeamt Sankt Oswald,(Business Owner at Location),47.08757439987849,15.279883442465318,Sankt Oswald bei Plankenwarth,"Private - For Staff, Visitors or Customers",2
115054,emobil GmBH (System www.enercharge.at,(Unknown Operator),48.0302398,14.2209897,Bad Hall,Public - Pay At Location,2
115052,INNKAUF Brixlegg - Tiefgarage (System www.enercharge.at),(Unknown Operator),47.4368353761111,11.8831921899658,Brixlegg,Public - Pay At Location,2
115051,Stadtwerke Schwaz - Parkplatz Lahnbach (System www.enercharge.at),(Unknown Operator),47.3481167280882,11.7073487150664,Schwaz,Public - Pay At Location,2
115050,Stadtwerke Schwaz - Stadtgarge (System www.enercharge.at),(Unknown Operator),47.3465079646183,11.7079409812197,Schwaz,Public - Pay At Location,6
115049,ETU Unger (System www.enercharge.at),(Unknown Operator),48.1455539,16.7005853000001,Orth an der Donau,Public - Pay At Location,2
115048,Gemeindeamt Kirchbichl (System www.enercharge.at),(Unknown Operator),47.5190972723642,12.0979053836439,Kirchbichl,Public - Pay At Location,3
115045,Parkhotel Tristachersee  (System www.enercharge.at),(Unknown Operator),46.8075188,12.7939033,Amlach,Public - Pay At Location,2
115043,HSH Holz die Sonne ins Haus (System www.enercharge.at),(Unknown Operator),46.8018062,14.401953,St. Veit an der Glan,Public - Pay At Location,4
115042,Stadtwerke Voitsberg GmbH (System www.enercharge.at),(Unknown Operator),47.0495261,15.1506062,Voitsberg,Public - Pay At Location,2
115041,Hotel Spirodom (System www.enercharge.at),(Unknown Operator),47.579124,14.4635291,Admont,Public - Pay At Location,3
115038,EWA Assling  (System www.enercharge.at),Enercharge,46.7832144786204,12.6622893852985,Assling,Public - Pay At Location,2
115037,ASTRA III Naturwärme GmbH (System www.enercharge.at),(Unknown Operator),46.8160376245727,13.5188507976227,Seeboden am Millstätter See,Public - Pay At Location,5
114986,AAE Naturstrom  (System www.enercharge.at),AAE,46.8294608937328,12.7736178152274,Lienz,Public - Pay At Location,2
114985,AAE Naturstrom  (System www.enercharge.at),AAE,48.3687749333805,16.5045830381676,Wolkersdorf im Weinviertel,Public,3
114984,AAE Naturstrom  (System www.enercharge.at),AAE,46.7479488339322,12.9691390671425,Oberdrauburg,Public - Pay At Location,2
114983,AAE Naturstrom  (System www.enercharge.at),AAE,46.7471666366263,12.4202774959067,Sillian,Public - Pay At Location,3
114982,AAE Naturstrom  (System www.enercharge.at) ,AAE,46.6711992361765,13.0009200615852,Kötschach-Mauthen,Public - Pay At Location,8
114677,Hotel Alpenfeuer Montafon,Tesla (Tesla-only charging),47.008681,10.002359,St. Gallenkirch,"Private - For Staff, Visitors or Customers",2
114660,Hotel Truyenhof,Tesla (Tesla-only charging),47.051494,10.646614,Ried im Oberinntal,"Private - For Staff, Visitors or Customers",1
114327,Ladestation Aura,SMATRICS Netz,47.929392,16.16637,Leobersdorf,Public,1
114193,Hotel Andreas Hofer,Tesla (Tesla-only charging),47.582541,12.172452,Kufstein,Public - Membership Required,1
114139,Hotel Fisserhof,Tesla (Tesla-only charging),47.054663,10.615782,Fiss,Public - Membership Required,2
114090,Avenida Panorama Suites Kaprun,Tesla (Tesla-only charging),47.263143,12.748824,Kaprun,Public - Membership Required,1
114047,Hotel Alpina Zillertal,Tesla (Tesla-only charging),47.339868,11.847437,Fuegen,"Private - For Staff, Visitors or Customers",1
114044,Apartment Pale,Tesla (Tesla-only charging),47.055684,10.623414,Fiss,Public - Membership Required,1
114026,Kostbar Mutters,Tesla (Tesla-only charging),47.229638,11.385941,Innsbruck Land,Public - Membership Required,1
114025,Natur & Aktiv Resort Oetztal,Tesla (Tesla-only charging),47.202651,10.89123,Oetz,"Private - For Staff, Visitors or Customers",1
114019,Wanderhotel Gassner,Tesla (Tesla-only charging),47.254184,12.271526,Neukirchen a. Gr./Ven.,Public - Membership Required,1
114001,Die Allee / Kugeltanz,Tesla (Tesla-only charging),48.211086,16.405357,Wien,Public - Membership Required,1
113958,Wellnesshotel Cervosa *****,Tesla (Tesla-only charging),47.03958,10.610199,Serfaus,Public - Membership Required,3
113952,Sport Vital Hotel Central,Tesla (Tesla-only charging),47.155209,11.727727,Tux,Public - Membership Required,2
113927,Stockinggut By Avenida Leogang,Tesla (Tesla-only charging),47.434894,12.733702,Leogang,Public - Membership Required,2
113914,St.anton Am Arlberg,Tesla (Tesla-only charging),47.128074,10.263712,St.Anton am Arlberg,Public - Membership Required,2
113909,Stadthotel Zur Goldenen Krone,Tesla (Tesla-only charging),47.218749,15.624023,Weiz,"Private - For Staff, Visitors or Customers",1
113872,Gruenwald Resort Soelden,Tesla (Tesla-only charging),46.973527,11.002724,Soelden,Public - Notice Required,2
113863,Hotel das Neuhaus,Tesla (Tesla-only charging),47.39257,12.636138,Saalbach,"Private - For Staff, Visitors or Customers",2
113859,Hotel Rainers21,Tesla (Tesla-only charging),48.114743,16.296551,Brunn am Gebirge,Public - Membership Required,1
113816,Landgasthof Schaefle,Tesla (Tesla-only charging),47.260551,9.617235,Feldkirch,Public - Membership Required,2
113787,Saalbach Apartments Landhaus Bernkogel,Tesla (Tesla-only charging),47.393809,12.632126,Saalbach,Public - Membership Required,2
113784,Hotel Oelerhof,Tesla (Tesla-only charging),48.167244,13.656019,Haag am Hausruck,Public - Membership Required,1
113763,Lifestylehotel the Crystal,Tesla (Tesla-only charging),46.875221,11.031812,Obergurgl,Public - Membership Required,2
113757,Der Rindererhof,Tesla (Tesla-only charging),47.107364,11.674235,Tux,Public - Membership Required,2
113713,ASM Sautner,Be Energised (has-to-be),47.951944383231925,13.61627540894712,Schörfling am Attersee,Public - Membership Required,1
113712,Öffentliche Ladestation Aurach am Hongar Zentrum,Bilinmiyor,47.95096825561119,13.672916011898373,Aurach am Hongar,Public,2
113566,Ladestation Genol Lagerhaus Neulengbach,SMATRICS Netz,48.200959,15.889619,Neulengbach,Public,1
113565,Ladestation Genol Lgh Neulengbach Autowerkstätte,SMATRICS Netz,48.201171,15.898597,Neulengbach,Public,1
113526,Ladestation City Shopping,SMATRICS Netz,47.382509,15.096177,Leoben,Public,3
113482,Ladestation Deloitte,SMATRICS Netz,47.077182,15.445866,Graz,Public,2
113453,Ladestation Generali Praterstraße,SMATRICS Netz,48.216476,16.388316,Wien,Public,1
113425,Ladestation Office [test5],SMATRICS Netz,48.165459,16.487634,Wien,Public,2
113370,Schnellladestation SPL Tele,SMATRICS Netz,48.366583,16.511075,Wolkersdorf,Public,1
112936,Ladestation Elektrotechnik Apfler,SMATRICS Netz,47.794453,15.912151,Puchberg,Public,1
112822,Uniklinikum Tiefgarage CAR PARK DIRTL,(Business Owner at Location),48.213474595900756,15.625423199977902,St. Pölten ,Public,10
112821,Parkhaus Mühlweg CAR PARK DIRTL,(Business Owner at Location),48.21297057175075,15.628877878189085,St. Pölten ,Public,2
112533,Ladestation Legat Automobil GmbH,SMATRICS Netz,47.955104,13.606071,Seewalchen,Public,1
112287,Ladestation AllesEDV GmbH,(Unknown Operator),48.561865634513566,15.484464434430919,Jaidhof,Public,1
109392,Schnellladestation Turmstrom Turmöl 2,SMATRICS Netz,48.283934,14.29188,Linz,Public,3
109391,Schnellladestation Billa,SMATRICS Netz,48.191708,15.893436,Neulengbach,Public,1
109345,Falkensteiner Club Funimation Katschberg,Tesla (Tesla-only charging),47.057299,13.619012,Rennweg,Public - Membership Required,2
109314,Hotel Zillertalerhof Mayrhofen,Tesla (Tesla-only charging),47.167683,11.866111,,Public - Membership Required,1
109274,Lacknertinnacher,Tesla (Tesla-only charging),46.702496,15.540093,Gamlitz,Public - Membership Required,1
109259,Hotel Guglwald,Tesla (Tesla-only charging),48.590649,14.173765,,Public - Membership Required,2
109227,Gasthof Zur Post,Tesla (Tesla-only charging),47.472983,11.467108,Hinterriss,"Private - For Staff, Visitors or Customers",2
109201,Hotel Restaurant Hexenalm,Tesla (Tesla-only charging),47.49806247,12.198091,,Public - Membership Required,1
109062,Stadtgalerien Schwaz (Shopping Mall),Tesla (Tesla-only charging),47.347217,11.707369,,Public - Membership Required,2
109038,Weingut Schloss Gobelsburg,Tesla (Tesla-only charging),48.461037,15.69598,Gobelsburg,Public - Membership Required,1
109004,Hotel Lärchenhof,Tesla (Tesla-only charging),47.057719,13.613949,Rennweg am Katschberg,Public - Membership Required,2
109003,Laßnitzhöhe Supercharger,Tesla (Tesla-only charging),47.071295,15.577911,Laßnitzhöhe,Public - Membership Required,12
108788,Hotel Unterellmau,Tesla (Tesla-only charging),47.3792741,12.6026835,Saalbach,Public - Membership Required,2
108779,Hotel Albona Nova,Tesla (Tesla-only charging),47.170626,10.161809,Zuers,"Private - For Staff, Visitors or Customers",1
108745,Wellnessresidenz Alpenrose,Tesla (Tesla-only charging),47.421431,11.751591,,Public - Membership Required,2
108703,Hotel & Golfclub Gut Brandlhof,Tesla (Tesla-only charging),47.482136,12.83139,Saalfelden,Public - Membership Required,2
108561,Schnellladestation Drack,SMATRICS Netz,47.929174,13.50149,St. Georgen im Attergau,Public,1
108517,Ladestation Sturm Energie,SMATRICS Netz,48.258164,16.398997,Wien,Public,1
108483,Ladestation Sinco,SMATRICS Netz,47.02946,15.400386,Graz,Public,12
108364,Ladestation Riedrich GmbH,SMATRICS Netz,48.415122,15.773839,Grafenwörth,Public,1
108327,Ladestation Autohof Handels und Service,SMATRICS Netz,46.629642,14.355684,Klagenfurt,Public,2
108290,Ladestation Aichlseder Car,SMATRICS Netz,46.629569,14.355347,Klagenfurt,Public,1
108206,Ladestation SPL Tele,SMATRICS Netz,48.367833,16.512222,Wolkersdorf,Public,2
108082,EWR RE:load - Burgenwelt Ehrenberg - highline179,Bilinmiyor,47.46373041338549,10.718020657709644,Reutte,Public,4
108045,Zugspitze Resort,(Unknown Operator),47.4269524663334,10.94171265616194,Reutte (Außerfern),Public,2
107753,Ladestation FMZ,SMATRICS Netz,47.2185498723973,10.7334140048062,Imst,Public - Membership Required,14
107752,Ella - Imst Wasserkraftwerk Unterstufe in Karrösten,Ella,47.220900230462,10.7522394692977,Karrösten,Public - Membership Required,4
107751, MPREIS  Imst,(Unknown Operator),47.2294960150704,10.7442072683125, Imst,Public - Membership Required,2
107699,Apparthotel Ederfeld in Mayrhofen,(Private Residence/Individual),47.16423091470279,11.862302876721174,Mayrhofen,"Private - For Staff, Visitors or Customers",1
107627,Hirschmugl Schnelladestation Triple Charger 50kW,(Business Owner at Location),46.8042965809767,15.5565145552948,Gralla,Public,1
107572,Ladestation Marktgemeinde Türnitz,SMATRICS Netz,47.93037,15.491026,Türnitz,Public,2
107571,Ladestation Greestorm Hotel Liebmann,SMATRICS Netz,47.071816,15.577578,Laßnitzhöhe,Public,1
107335,Alte Hauptpost,da emobil,47.2626075,11.3929489,Innsbruck,Public - Membership Required,2
107334, ENI-Gutmann Tankstelle,da emobil,47.281096,11.533663,Mils,Public - Membership Required,2
107333, MPreis Kundl,da emobil,47.474113,11.981604,Kundl,Public - Membership Required,2
107332, ENI Gutmann Tankstelle Hötting,da emobil,47.2634823,11.372222100000045,Innsbruck,Public - Membership Required,2
107245,Ladestation Haidweger GmbH,SMATRICS Netz,48.312294,16.6127,Strasshof,Public,1
107244,Ladestation Tankstelle Pein GmbH,SMATRICS Netz,46.723469,15.95158,Halbenrain,Public,1
107237,EWR RE:load - Alpentherme Ehrenberg in Reutte,Bilinmiyor,47.4840461968237,10.7270332823664,Reutte in Tirol,Public,2
107234,MPREIS Reutte,SMATRICS Netz,47.4806299593712,10.7257157866436,Reutte,Public,7
107231, Telfer Bad - Weißenbachgasse,Be Energised (has-to-be),47.3051192360287,11.0679731593475,Telfs,Public,2
107229, Telfer Bad - Marktplatz,Be Energised (has-to-be),47.3036262261766,11.0694137435602,Telfs,Public - Pay At Location,2
107228,ENI-GUTMANN Tankstelle - Mieders,da emobil,47.1714741705552,11.3834530935646,Mieders,Public - Membership Required,2
107227, ENI-GUTMANN Tankstelle - Kematen in Tirol Austria,da emobil,47.2618376595704,11.2644848800087,Kematen in Tirol Austria,Public - Membership Required,2
106507,24 By Avenida Hotel & Residences Kaprun,Tesla (Tesla-only charging),47.269435,12.754842,Kaprun,Public - Membership Required,1
106495,Gruene Erde Welt Almtal,Tesla (Tesla-only charging),47.914492,13.986949,Pettenbach,Public - Membership Required,2
106488,Active Chalet,Tesla (Tesla-only charging),47.409222,12.920642,Maria Alm,Public - Membership Required,1
106484,Golden Hill Country Chalets & Suites,Tesla (Tesla-only charging),46.824543,15.437547,St. Nikolai im Sausal,Public - Membership Required,2
106464,Active Apartments,Tesla (Tesla-only charging),47.406216,12.901891,Maria Alm,Public - Membership Required,1
106446,Kinderhotel Laerchenhof,Tesla (Tesla-only charging),47.310318,10.888786,Obsteig,Public - Membership Required,1
106358,Ladestation Jenewein Bau GmbH,SMATRICS Netz,47.233372,11.327027,Götzens,Public,2
106180,Konditorei Ulreich,Tesla (Tesla-only charging),47.369904,16.122809,Pinkafeld,Public - Membership Required,1
106179,Einrichtungshaus Wetscher,Tesla (Tesla-only charging),47.34757,11.852016,Fuegen,Public - Notice Required,1
106173,Seehotel Enzian,Tesla (Tesla-only charging),46.717074,13.304663,Weissensee,Public - Membership Required,1
106164,Ladestation Greenstrom,SMATRICS Netz,46.81706,13.512237,Seeboden,Public,2
105537,Kuschelhotel Seewirt Mattsee,Tesla (Tesla-only charging),47.97167,13.106158,Mattsee,Public - Membership Required,2
105527,Oetztaler Naturcamping,Tesla (Tesla-only charging),47.0371492,10.9742124,Laengenfeld,Public - Membership Required,1
105518,Ferienhotel Sonnenhof,Tesla (Tesla-only charging),47.236726,11.894267,Zell am Ziller,Public - Membership Required,2
105502,Hotel Post Superior Lermoos,Tesla (Tesla-only charging),47.398122,10.887652,Lermoos,Public - Membership Required,1
105490,Aktivhotel Waldhof,Tesla (Tesla-only charging),47.1932628,10.9070407,Oetz,Public - Notice Required,2
105484,Weinrefugium Brolli,Tesla (Tesla-only charging),46.6832558,15.5364622,Gamlitz,Public - Membership Required,2
105482,"Eva,garden Hotel",Tesla (Tesla-only charging),47.391018,12.644573,Saalbach,Public - Membership Required,2
105414,Sonne Lifestyle Resort Bregenzerwald,Tesla (Tesla-only charging),47.351814,9.88221,Mellau,Public - Membership Required,2
105393,Taverne Nepomuk,Tesla (Tesla-only charging),46.5519796,14.4274604,Sankt Margareten,Public - Membership Required,3
105375,Felix Sommer Hotel - Restaurant - Vinothek,Tesla (Tesla-only charging),48.372668,16.639422,Auersthal,Public - Membership Required,1
105329, Ehrwalder Almbahn,(Unknown Operator),47.3874557101808,10.9385153428052,Ehrwald,Public,2
105328,Peter Wörz Installations GmbH,(Unknown Operator),47.404752634629176,10.877820058763746,Lermoos,Public - Membership Required,2
105149,BOE Garage Sensengasse Station,TANKE Wien Energie,48.2200549,16.354017,Wien,Public - Membership Required,2
105148,Unicredit Bank Austria Ag Hirschstetten,TANKE Wien Energie,48.2375897,16.4785704,Wien,Public - Membership Required,2
105079,Schnellladestation Hpc Verteilerkreis Wien,SMATRICS Netz,48.159558,16.385148,Wien,Public,1
105056,Obere Donaustrasse,TANKE Wien Energie,48.2235367498468,16.3695781183853,Vienna,Public,2
105055,Innovationsstraße,TANKE Wien Energie,48.1647744521335,16.3336189242339,,Public,2
105047,Schnellladestation Genol Wilfersdorf,SMATRICS Netz,48.564032,16.636891,Mistelbach,Public,1
104948,Neo Natural Energy Organisation,Tesla (Tesla-only charging),46.995103,15.446119,Feldkirchen,Public - Membership Required,3
104935,Hotel Sonnblick Kaprun,Tesla (Tesla-only charging),47.273099,12.762005,Kaprun,Public - Membership Required,2
104847,Ladestation Kraftwerk Kaprun,SMATRICS Netz,47.261675,12.744231,Kaprun,Public,1
104846,Ladestation Kraftwerk Schwarzach,SMATRICS Netz,47.315721,13.137211,Schwarzach,Public,1
104845,Ladestation Kraftwerk Schwabeck,SMATRICS Netz,46.658114,14.87372,Lavamünd,Public,1
104844,Ladestation Kraftwerk Villach,SMATRICS Netz,46.631725,13.829329,Villach,Public,1
104491,Vivamayr Altaussee,Tesla (Tesla-only charging),47.637356,13.767322,Altaussee,Public - Membership Required,2
104434,Avenida Mountain Lodges Saalbach,Tesla (Tesla-only charging),47.385717,12.65693,Saalbach,Public - Membership Required,2
104432,Hotel Alpenhof Superior,Tesla (Tesla-only charging),47.293005,13.458144,Altenmarkt im Pongau,Public - Membership Required,2
104430,Hotel Krallerhof,Tesla (Tesla-only charging),47.438042,12.735936,Leogang,Public - Membership Required,2
104413,Alpencamp Koetschach-Mauthen,Tesla (Tesla-only charging),46.669504,12.990689,Koetschach-Mauthen,Public - Membership Required,2
104287,Hotel und Restaurant Dreikoenigshof,Tesla (Tesla-only charging),48.385495,16.212156,Stockerau,Public - Membership Required,1
104278,Freitzeitanlage St. Andrae,Tesla (Tesla-only charging),46.742843,14.840519,St. Andrae,Public - Membership Required,1
104270,Hotel Gasthof Mostwastl,Tesla (Tesla-only charging),47.75518,13.033735,Salzburg,Public - Membership Required,1
104263,Hotel Walchsee,Tesla (Tesla-only charging),47.651166,12.319867,Walchsee,Public - Membership Required,2
104234,Lebe Pur Resort Country - Hotel Foersterhof,Tesla (Tesla-only charging),47.742077,13.436481,St. Wolfgang,Public - Membership Required,1
104026,Ladestation Kollar,SMATRICS Netz,48.017833,15.597071,Lilienfeld,Public,3
103870,Ladestation Apb,SMATRICS Netz,47.965559,16.839746,Neusiedl am See,Public,1
103829,Ladestation Kraftwerk Reißeck-Kreuzeck,SMATRICS Netz,46.870391,13.328946,Kolbnitz,Public,2
103828,Ladestation Karl Automatenservice,SMATRICS Netz,48.3001,13.6376,Riedau,Public,2
103709,Hotel Karnerhof,Tesla (Tesla-only charging),46.586523,13.925681,Drobollach,Public - Membership Required,2
103688,Grand Hotel Zell Am See,Tesla (Tesla-only charging),47.3240791,12.7990788,Zell am See,Public - Membership Required,1
103655,Hotel Schloss Leonstain,Tesla (Tesla-only charging),46.637061,14.137791,Poertschach am Woerthersee,Public - Membership Required,2
103592,Apart Sternenhimmel,Tesla (Tesla-only charging),47.0367766,10.60816,Serfaus,Public - Membership Required,1
103575,Nidum Casual Luxury Hotel,Tesla (Tesla-only charging),47.311979,11.147945,Moesern,Public - Notice Required,3
103555,Pension Blasbichlerhof,Tesla (Tesla-only charging),47.407023,13.633369,Ramsau,Public - Membership Required,1
103554,"Eva,village",Tesla (Tesla-only charging),47.392612,12.636969,Saalbach,Public - Membership Required,3
103544,Hotel der Kirchenwirt,Tesla (Tesla-only charging),47.41756,11.878755,Reith im Alpbachtal,Public - Membership Required,2
103515,Geniesserhotel & Restaurant die Forelle,Tesla (Tesla-only charging),46.717782,13.289482,Weissensee,Public - Membership Required,1
103450,Cooee Alpin Dachstein,Tesla (Tesla-only charging),47.581307,13.534471,Gosau,Public - Membership Required,1
103449,Thermenhotel Stoiser Superior,Tesla (Tesla-only charging),46.983187,16.109947,Loipersdorf bei Fuerstenfeld,Public - Membership Required,2
103175,Fultonstraße vor 31/4,TANKE Wien Energie,48.253012281956444,16.413620317520554,Vienna,Public,2
102207,Ladestation Autohaus Dobersberg,SMATRICS Netz,48.914719,15.328548,Dobersberg,Public,2
102182,Hotel & Wirtshaus Post (Garage),(Business Owner at Location),47.5215689841214,12.428039057772,St Johann in Tirol,Public - Notice Required,3
102062,Chalet - Hotel Stoefelknoeg,Tesla (Tesla-only charging),47.388084,12.61991,Saalbach,Public - Membership Required,2
102061,Hotel Olympia,Tesla (Tesla-only charging),47.014422,10.295886,Ischgl,Public - Membership Required,1
102033,Hotel Restaurant Gruene Au,Tesla (Tesla-only charging),47.268873,15.896272,Poellau,Public - Membership Required,2
102029,Hotel Beim Boeckhiasl,Tesla (Tesla-only charging),48.040661,13.538871,Neukirchen an der Voeckla,Public - Membership Required,1
102013,Ferienanlage Morgenfurt,Tesla (Tesla-only charging),46.723302,13.267861,Weissensee,Public - Membership Required,1
101992,Burg Vital Resort Oberlech,Tesla (Tesla-only charging),47.217398,10.138452,Lech am Arlberg,Public - Membership Required,1
101984,Thermenhotel Puchasplus,Tesla (Tesla-only charging),47.171624,16.148014,Stegersbach,Public - Membership Required,1
101957,Austria Classic Hotel Wien,Tesla (Tesla-only charging),48.217133,16.389555,Wien,Public - Membership Required,1
101915,Hotel Alpenhof,Tesla (Tesla-only charging),46.023387,7.751295,Tux,Public - Membership Required,2
101870,MPreis Ischgl,(Unknown Operator),47.0108221111982,10.288107624836,Ischgl,(Unknown),1
101740,Campus 33,(Unknown Operator),48.3671841709426,15.7207703590393,Traismauer,Public,3
101486,Naturhotel Lechlife,Tesla (Tesla-only charging),47.481479,10.680931,Waengle,Public - Notice Required,1
101466,Ladestation Haller's Genuss & Spa Hotel,SMATRICS Netz,47.334346,10.163152,Mittelberg im Kleinwalsertal,Public,2
101465,Ladestation Billa,SMATRICS Netz,46.631098,14.636901,Kühnsdorf,Public,2
101428,Ladestation Dentalmed Zahnärzte,SMATRICS Netz,46.827506,14.831425,Wolfsberg,Public,1
101122,Bergland Design- und Wellnesshotel Sölden,Tesla (Tesla-only charging),46.965197,11.006971,Soelden,Public - Membership Required,2
101084,Ferienhaus Astrid,Tesla (Tesla-only charging),47.346961,13.394687,Flachau,Public - Membership Required,1
101075,Golf- und Seehotel Engstler,Tesla (Tesla-only charging),46.614739,14.042993,Velden am Woerthersee,Public - Membership Required,1
101053,St. Pölten Supercharger,Tesla (Tesla-only charging),48.20577,15.618651,St. Pölten,Public - Membership Required,12
100950,Hotel Pension Central,Tesla (Tesla-only charging),47.345761,11.850167,Fuegen,Public - Membership Required,1
100946,Appartement Brixental,Tesla (Tesla-only charging),47.450026,12.158881,Hopfgarten,Public - Membership Required,2
100870,La Soa Chalets & Eventlodge,Tesla (Tesla-only charging),47.51396,10.458227,Schattwald,Public - Membership Required,2
100854,Astoria Resort 5-Sterne-Superior,Tesla (Tesla-only charging),47.335623,11.187452,Seefeld,Public - Membership Required,2
100831,Hotel Am See - Seeresidenz,Tesla (Tesla-only charging),47.641584,13.772419,Altaussee,Public - Membership Required,1
100825,Alpenresort Schwarz,Tesla (Tesla-only charging),47.30714,10.986049,Mieming,Public - Membership Required,2
100792,Villa Frischmuth,Tesla (Tesla-only charging),47.642505,13.775195,Altaussee,Public - Membership Required,1
100776,Romantik Hotel das Schiff,Tesla (Tesla-only charging),47.456452,9.964185,Hittisau,Public - Membership Required,1
100773,Shome Hotels - Smart Business Hotels,Tesla (Tesla-only charging),47.027152,15.434114,Graz-Puntigam,Public - Membership Required,2
100526,Schnellladestation Tankstelle Roth,SMATRICS Netz,47.480774,16.091809,Schäffern,Public,1
100425,Ladestation Post,SMATRICS Netz,48.201429,16.391018,Wien,Public,2
100376,Superior Hotel Gutjahr,Tesla (Tesla-only charging),47.56631,13.343768,Abtenau,Public - Membership Required,1
100364,Hotel Sonnleiten,Tesla (Tesla-only charging),47.07098,10.645255,Ladis,Public - Membership Required,2
100354,Waldhaeusl Appartements,Tesla (Tesla-only charging),46.954466,11.014376,Soelden,Public - Membership Required,2
100169,Lehner Energietechnik,(Business Owner at Location),48.514477437126,15.861341364418,Ebersbrunn,Public,4
99871,Elektrofachmarkt Expert König (mit E-Bike Station),(Business Owner at Location),48.0652582592583,15.46764846316,Rabenstein an der Pielach,Public,4
99837,Scharlers Boutique Hotel,Tesla (Tesla-only charging),47.284731,12.57265,Uttendorf,Public - Membership Required,1
99835,Hotel Jaegerhof,Tesla (Tesla-only charging),47.20581,10.889921,Oetz,Public - Membership Required,2
99827,Hotel Edelweiss,Tesla (Tesla-only charging),47.378829,12.599673,Hinterglemm,Public - Membership Required,2
99679,Alfa Hotel Serfaus,Tesla (Tesla-only charging),47.039274,10.601762,Serfaus,Public - Membership Required,2
99678,Seehotel Europa in Velden Am Wörthersee,Tesla (Tesla-only charging),46.615718,14.047402,Velden,Public - Membership Required,2
99658,Kollerhof Am Eichberg Gästezimmer U. Buschenschank,Tesla (Tesla-only charging),46.68803,15.448459,Leutschach an der Weinstrasse,Public - Membership Required,1
99414,Bergspa & Hotel Zamangspitze,Tesla (Tesla-only charging),47.021894,9.983571,St. Gallenkirch,Public - Membership Required,2
99397,Tennerhof Gourmet & Spa de Charme Hotel,Tesla (Tesla-only charging),47.454108,12.396735,Kitzbuehel,Public - Membership Required,2
98113,Hotel Innsbruck,Tesla (Tesla-only charging),47.267837,11.391366,Innsbruck,Public - Notice Required,1
98102,Der Arkadenhof,Tesla (Tesla-only charging),47.061079,16.239073,Gerersdorf,Public - Membership Required,1
98100,Hotel Sedona Lodge,Tesla (Tesla-only charging),47.054165,10.613886,Fiss,Public - Notice Required,2
98088,Hotel Neuwirt,Tesla (Tesla-only charging),47.135297,13.678615,Mauterndorf,Public - Membership Required,1
98082,Hotel Seppl Familie & Spa,Tesla (Tesla-only charging),47.230086,11.37686,Mutters,Public - Membership Required,1
98075,Hotel Kaiserlodge,Tesla (Tesla-only charging),47.528237,12.250041,Scheffau am wilden Kaiser,Public - Membership Required,1
98071,St. Georgen Supercharger,Tesla (Tesla-only charging),47.929278,13.501932,St. Georgen,Public - Membership Required,8
98067,Weyerhof,Tesla (Tesla-only charging),47.259777,12.319152,Bramberg am Wildkogel,Public - Membership Required,2
98066,Sport- und Wellnesshotel Bichlhof,Tesla (Tesla-only charging),47.432478,12.42629,Kitzbuehel,Public - Membership Required,1
98037,Hotel Alpenhof,Tesla (Tesla-only charging),47.172603,13.104047,Bad Hofgastein,Public - Membership Required,1
98032,Hotel Winterer,Tesla (Tesla-only charging),47.376337,13.632618,Schladming,Public - Membership Required,1
98022,Wurzenberg Hotel & Lodges,Tesla (Tesla-only charging),46.680576,15.506829,Gamlitz,Public - Membership Required,1
98013,Hotel der Kaiserhof,Tesla (Tesla-only charging),48.20963,13.486026,Ried im Innkreis,Public - Notice Required,2
97988,Snowwhite Obertauern,Tesla (Tesla-only charging),47.249595,13.554988,Obertauern,Public - Membership Required,2
97959,Avenida Moutain Lodge Kaprun,Tesla (Tesla-only charging),47.267231,12.749203,Kaprun,Public - Membership Required,2
97958,Demeterhof Kraindorf,Tesla (Tesla-only charging),46.747886,14.319765,St. Veit an der Glan,Public - Membership Required,2
97940,Ternberg Zentrum,Tesla (Tesla-only charging),47.94618,14.357454,445,Public - Membership Required,1
97937,Ballonhotel Thaller,Tesla (Tesla-only charging),47.230887,15.866332,Kaindorf bei Hartberg,Public - Membership Required,1
97916,Chalets Kaiserwinkl,Tesla (Tesla-only charging),47.667788,12.395684,Koessen,Public - Membership Required,1
97902,Weingut und Gasthof Sabathihof-Dillinger,Tesla (Tesla-only charging),46.660322,15.516062,Leutschach,Public - Membership Required,3
97901,Hapimag Gesmbh.,Tesla (Tesla-only charging),47.099123,13.63461,St. Michael im Lungau,Public - Membership Required,1
97882,Berghotel Tulbingerkogel,Tesla (Tesla-only charging),48.27939,16.146153,Mauerbach bei Wien,Public - Notice Required,1
97880,Hotel Sonnenhof,Tesla (Tesla-only charging),46.57251,14.291849,Maria Rain,Public - Membership Required,2
97876,Hotel Cinderella,Tesla (Tesla-only charging),47.247556,13.562921,Obertauern,Public - Membership Required,2
97875,Augarten Art Hotel,Tesla (Tesla-only charging),47.062152,15.440579,Graz,Public - Membership Required,2
97874,Hotel Lucia Damüls,Tesla (Tesla-only charging),47.280335,9.879452,Damüls,Public - Membership Required,2
97864,Appartementhaus Mountainvista,Tesla (Tesla-only charging),47.27602,13.322451,Kleinarl,Public - Membership Required,1
97859,Das Naturjuwel,Tesla (Tesla-only charging),47.055528,10.616628,Fiss,Public - Membership Required,2
97851,Alpin Resort Austria,Tesla (Tesla-only charging),47.416962,10.790209,Bichlbach,Public - Membership Required,1
97840,Serfaus Mountain Lodge,Tesla (Tesla-only charging),47.040653,10.598128,Serfaus,"Private - For Staff, Visitors or Customers",1
97833,Wohlfühlhotel Berg Heil,Tesla (Tesla-only charging),47.262114,10.351588,Holzgau,Public - Membership Required,1
97803,Alpegg Chalets,Tesla (Tesla-only charging),47.586908,12.563984,Waidring,Public - Membership Required,1
97788,Falkensteiner Hotel Wien Margareten,Tesla (Tesla-only charging),48.186904,16.343918,Wien,Public - Membership Required,2
97783,Heidi-Hotel Falkertsee,Tesla (Tesla-only charging),46.863884,13.828677,9,Public - Membership Required,1
97776,Appartement Kichelerhof,Tesla (Tesla-only charging),47.390608,11.824223,Strass im Zillertal,Public - Membership Required,1
97715,Hotel Am Schlosspark,Tesla (Tesla-only charging),46.8124452476997,15.2474748114721,Deuschlandsberg,Public - Membership Required,1
97714,Hotel Penzinghof,Tesla (Tesla-only charging),47.495878,12.395087,Oberndorf in Tirol,Public - Membership Required,1
97711,Hotel Bergblick Fiss,Tesla (Tesla-only charging),47.055879,10.622348,Fiss,Public - Membership Required,1
97710,Hb1 Design & Budget Hotel Wien Schönbrunn,Tesla (Tesla-only charging),48.192878,16.315904,Wien,Public - Membership Required,1
97708,Hubertus Logis Apartments,Tesla (Tesla-only charging),47.448533,12.26133,Brixen im Thale,Public - Membership Required,1
97697,Ischgl Hotel Garni Edelweiss,Tesla (Tesla-only charging),47.013998,10.287646,Ischgl,Public - Membership Required,2
97695,Designhotel Zhero,Tesla (Tesla-only charging),47.052359,10.357516,Kappl,Public - Notice Required,2
97685,Hotel Edelweiss,Tesla (Tesla-only charging),46.977473,10.983471,Hochsoelden,Public - Membership Required,1
97678,Ferienhof Obergasser & Pension Bergblick,Tesla (Tesla-only charging),46.716643,13.30845,Weissensee,Public - Membership Required,1
97672,Weingut Scheiblhofer,Tesla (Tesla-only charging),47.77986,17.032634,Andau,Public - Membership Required,2
97662,Austria Classic Hotel Heiligkreuz,Tesla (Tesla-only charging),47.286047,11.497228,Hall in Tirol,"Private - For Staff, Visitors or Customers",2
97658,Appartementhaus Leni,Tesla (Tesla-only charging),46.962524,11.005562,Sölden,Public - Notice Required,1
97657,Almwellness-Resort Tuffbad,Tesla (Tesla-only charging),46.723927,12.766768,St. Lorenzen,Public - Notice Required,1
97645,Hotel Dorfplatzl,Tesla (Tesla-only charging),47.162402,11.745312,Tux,Public - Notice Required,2
97643,Poysdorf Supercharger,Tesla (Tesla-only charging),48.676461,16.622836,Poysdorf,Public - Membership Required,6
97642,Falkensteiner Therme & Golf Hotel Bad Waltersdorf,Tesla (Tesla-only charging),47.159686,16.006935,Bad Waltersdorf,Public - Membership Required,2
97629,Bio-Hotel Saladina,Tesla (Tesla-only charging),46.985469,10.026192,Gaschurn,Public - Membership Required,1
97627,Hotel Hubertus,Tesla (Tesla-only charging),47.451097,12.246622,Brixen im Thale,Public - Membership Required,1
97589,Hotel Educare,Tesla (Tesla-only charging),46.655961,13.881045,Treffen,Public - Membership Required,2
97577,Restaurant Hotel Grüner Baum,Tesla (Tesla-only charging),47.934015,13.479013,St. Georgen im Attergau,Public - Membership Required,1
97568,Aparthotel Bergkristall,Tesla (Tesla-only charging),47.073946,10.648366,Ladis,Public - Membership Required,2
97565,"Luxuslodge ""zeit Zum Leben""",Tesla (Tesla-only charging),47.516453,13.449685,Annaberg,Public - Membership Required,1
97546,Das Wildkogel - Wildkogel Resorts,Tesla (Tesla-only charging),47.271793,12.339597,Bramberg am Wildkogel,Public - Membership Required,2
97529,Hotel Noldis,Tesla (Tesla-only charging),47.040029,10.603197,Serfaus,Public - Notice Required,1
97460,Hotel Restaurant Boehlerstern,Tesla (Tesla-only charging),47.443155,15.287829,Kapfenberg,Public - Membership Required,2
97459,Hotel Weingut Schloss Gamlitz,Tesla (Tesla-only charging),46.718982,15.553422,Gamlitz,Public - Membership Required,1
97444,Bregenz Supercharger,Tesla (Tesla-only charging),47.48848,9.739919,Bregenz,Public - Membership Required,20
97434,Hotel Zeitgeist,Tesla (Tesla-only charging),48.182302,16.378192,Wien,Public - Membership Required,2
97408,A-Vita Living Luxury Appartements,Tesla (Tesla-only charging),47.329016,11.189884,Seefeld,Public - Membership Required,1
97395,Familien- und Sporthotel Piz,Tesla (Tesla-only charging),46.967812,10.870289,St. Leonhard im Pitztal,Public - Membership Required,1
97394,Erlebnishotel-Moelltal,Tesla (Tesla-only charging),46.917705,13.240001,Kaernten,Public - Membership Required,2
97378,Gasthaus und Obsthof Stixpeter,Tesla (Tesla-only charging),47.246383,15.724347,Floing,Public - Membership Required,1
97367,Alpslodge Life.style.hotel.fiss,Tesla (Tesla-only charging),47.057739,10.617573,Fiss,Public - Membership Required,1
97092,EWR RE:load - Gemeinde Lermoos,Bilinmiyor,47.40154,10.88179,Lermoos,Public,1
96400,Ladestation Bergbahnen Westendorf,SMATRICS Netz,47.427845,12.214093,Westendorf,Public,2
96233,Ladestation Marktgemeinde Kirchberg A. Wagram,SMATRICS Netz,48.4362,15.8971,Kirchberg am Wagram,Public,2
95926,Ladestation Fieberbrunn,SMATRICS Netz,47.487573,12.52954,Fieberbrunn,Public,1
95822,Ladestation Alpinium,SMATRICS Netz,47.052776,10.629116,Fiss,Public,1
95624,Ladestation Kuhotel By Rilano,SMATRICS Netz,47.585032,12.575074,Waidring,Public,2
95542,Falkensteiner Hotel Cristallo,Tesla (Tesla-only charging),47.056734,13.611859,Rennweg,Public - Membership Required,2
95536,Hotel Alpenrose,Tesla (Tesla-only charging),47.21059,11.015622,Kühtai,Public - Membership Required,2
95531,Ehc Hotel Biohotel Gralhof,Tesla (Tesla-only charging),46.715996,13.313415,Weissensee,Public - Membership Required,1
95530,Gerberhotels Staff Resort,Tesla (Tesla-only charging),47.215169,11.027769,Kühtai,Public - Membership Required,1
95523,Hoftaverne Ziegelboeck,Tesla (Tesla-only charging),48.004758,13.921438,Vorchdorf,Public - Membership Required,2
95509,Biohotel Stillebach,Tesla (Tesla-only charging),47.046171,10.862758,St. Leonhard,Public - Membership Required,1
95499,Hotel Baer,Tesla (Tesla-only charging),47.039721,10.608864,Serfaus,Public - Notice Required,2
95485,Hotel Schoene Aussicht,Tesla (Tesla-only charging),47.81806,13.079472,Salzburg,Public - Membership Required,2
95481,Hotel Am See - die Forelle,Tesla (Tesla-only charging),46.801427,13.573133,Millstatt,Public - Membership Required,1
95286,Ladestation Metro,SMATRICS Netz,48.196677,15.641387,St. Pölten,Public,10
95263,Pension Waldruhe,Tesla (Tesla-only charging),47.617543,13.809711,Bad Aussee,Public - Notice Required,1
95239,Restaurant-Hotel Wallner,Tesla (Tesla-only charging),48.180841,14.521776,St. Valentin,Public - Membership Required,1
95219,Hotel Norica Therme,Tesla (Tesla-only charging),47.171187,13.105918,Bad Hofgastein,Public - Membership Required,2
95179,Hotel Mooshaus,Tesla (Tesla-only charging),47.213577,11.022697,Kuehtai,Public - Membership Required,4
95149,Ladestation Greenstorm,SMATRICS Netz,47.816741,13.042017,Salzburg,Public,19
95148,Ladestation Cargo Center,SMATRICS Netz,46.9345,15.4665,Werndorf,Public,2
95146,Ladestation Kurzentrum Ludwigstorff,SMATRICS Netz,48.137056,16.90425,Bad Deutschaltenburg,Public,1
95145,Ladestation Cleverhotel,SMATRICS Netz,48.26894,15.686715,Herzogenburg,Public,2
94652,Golfclub Schloss Schoenborn,Tesla (Tesla-only charging),48.472162,16.141473,Göllersdorf,Public - Membership Required,2
94625,Falkensteiner Hotel & Spa Bad Leonfelden,Tesla (Tesla-only charging),48.529541,14.303044,Bad Leonfelden,Public - Membership Required,1
94618,Falkensteiner Hotel Sonnenalpe,Tesla (Tesla-only charging),46.564446,13.273342,Hermagor,Public - Membership Required,2
94610,Biedermeier Schloessl Lerchenhof,Tesla (Tesla-only charging),46.631783,13.357002,9,Public - Notice Required,2
94584,Hotel Furgler,Tesla (Tesla-only charging),47.038222,10.604726,Serfaus,"Private - For Staff, Visitors or Customers",2
94581,Hotel Nesslerhof,Tesla (Tesla-only charging),47.245218,13.19583,Grossarl,"Private - For Staff, Visitors or Customers",1
94568,Almmonte / Wagrain,Tesla (Tesla-only charging),47.334103,13.308091,Wagrain,"Private - For Staff, Visitors or Customers",2
94566,Hotel Aichinger,Tesla (Tesla-only charging),47.883179,13.522486,Nussdorf am Attersee,"Private - For Staff, Visitors or Customers",1
94563,Ferdinand Porsche Erlebniswelten Fahrtraum,Tesla (Tesla-only charging),47.973758,13.10251,Mattsee,"Private - For Staff, Visitors or Customers",2
94560,Muehle Resort 1900,Tesla (Tesla-only charging),46.884626,11.037467,Obergurgl,"Private - For Staff, Visitors or Customers",1
94549,Arlberg Lodges,Tesla (Tesla-only charging),47.139136,10.158761,Stuben am Arlberg,"Private - For Staff, Visitors or Customers",2
94543,Boutique Hotel Donauwalzer,Tesla (Tesla-only charging),48.21483,16.340203,Wien,"Private - For Staff, Visitors or Customers",1
94531,Wellnesshotel Bergland,Tesla (Tesla-only charging),47.127277,11.697768,Hintertux,"Private - For Staff, Visitors or Customers",2
94530,Hotel Gundolf,Tesla (Tesla-only charging),46.975188,10.868474,St. Leonhard im Pitztal,"Private - For Staff, Visitors or Customers",1
94518,ENI Gutmann Tankstelle,Be Energised (has-to-be),47.0915478,10.6667537,Prutz,Public - Membership Required,1
94510,Ladestation Jägerstüberl,SMATRICS Netz,47.226567,12.041923,Gerlos,Public,1
94508,Ladestation Asfinag,SMATRICS Netz,48.186323,15.411892,Loosdorf,Public,2
94507,Ladestation Gemeinde Kössen,SMATRICS Netz,47.6702,12.40561,Kössen,Public,2
94506,Ladestation Achleitner Fahrzeugbau,SMATRICS Netz,47.527313,12.424598,St. Johann in Tirol,Public,1
94505,Ladestation Parkplatz Musikpavillon,SMATRICS Netz,47.43301,12.2164,Westendorf,Public,2
94504,Ladestation Merkur,SMATRICS Netz,48.461404,15.721704,Hadersdorf am Kamp,Public,6
94503,Ladestation Schloss Pichlarn,SMATRICS Netz,47.5044,14.1212,Aigen im Ennstal,Public,2
94502,Ladestation Rosen Waibel Münchendorf GmbH,SMATRICS Netz,48.0475,16.3817,Münchendorf,Public,1
94147,Smatrics Fast Distributore OMV  ,SMATRICS Netz,48.425499,16.548136,Wolfpassing an der Hochleithen,(Unknown),1
94033,Hotel Garni Montana Serfaus,Tesla (Tesla-only charging),47.038318,10.608458,Serfaus,"Private - For Staff, Visitors or Customers",2
94032,Evas Paradies,Tesla (Tesla-only charging),47.602657,16.621746,Deutschkreutz,"Private - For Staff, Visitors or Customers",2
94012,Burghotel Oberlech,Tesla (Tesla-only charging),47.216828,10.136629,Lech am Arlberg,"Private - For Staff, Visitors or Customers",2
94008,Hotel Christoph,Tesla (Tesla-only charging),47.511744,12.292116,Ellmau,"Private - For Staff, Visitors or Customers",2
93999,Falkensteiner Hotel & Spa Carinzia,Tesla (Tesla-only charging),46.612704,13.280276,Jenig,"Private - For Staff, Visitors or Customers",2
93991,Baby & Kinderhotel Laurentius,Tesla (Tesla-only charging),47.054367,10.611416,Fiss,"Private - For Staff, Visitors or Customers",2
93974,Hotel Edelweiss Kaunertal,Tesla (Tesla-only charging),47.028382,10.74456,Kaunertal,"Private - For Staff, Visitors or Customers",2
93661,Flachau Supercharger,Tesla (Tesla-only charging),47.354676,13.385812,Flachau,Public - Membership Required,18
93555,Eee Hotel,Tesla (Tesla-only charging),48.191003,14.120802,Marchtrenk,"Private - For Staff, Visitors or Customers",2
93549,Pension Sportalm,Tesla (Tesla-only charging),46.958463,11.012562,Soelden,"Private - For Staff, Visitors or Customers",1
93548,"Alpina Family, Spa & Sporthotel",Tesla (Tesla-only charging),47.321406,13.195097,St. Johann im Pongau,"Private - For Staff, Visitors or Customers",2
93535,Hotel Enzian - Obertauern,Tesla (Tesla-only charging),47.147856,10.570381,Obertauern,"Private - For Staff, Visitors or Customers",1
93458,Alpenparks Hotel & Apartment Orgler Kaprun,Tesla (Tesla-only charging),47.273061,12.759582,Kaprun,"Private - For Staff, Visitors or Customers",1
93394,Ferienwelt Kesselgrub - Salzburger Sportwelt,Tesla (Tesla-only charging),47.38566,13.413064,Altenmarkt im Pongau,Public - Notice Required,2
93363,Boutique Hotel Herzhof,Tesla (Tesla-only charging),47.362686,10.181327,Riezlern,Public - Membership Required,1
93359,Hotel Ploberger,Tesla (Tesla-only charging),48.159137,14.022716,Wels,"Private - For Staff, Visitors or Customers",2
93358,Hotel Alpina Gastein,Tesla (Tesla-only charging),47.172509,13.100316,Bad Hofgastein,"Private - For Staff, Visitors or Customers",1
93347,Hotel Weisses Roessl,Tesla (Tesla-only charging),47.445379,12.392179,Kitzbuehel,"Private - For Staff, Visitors or Customers",2
93000,Weingut Georgiberg,Tesla (Tesla-only charging),46.692646,15.608899,,"Private - For Staff, Visitors or Customers",1
92996,Hotel Restaurant Schwarzalm Zwettl,Tesla (Tesla-only charging),48.583293,15.149501,,"Private - For Staff, Visitors or Customers",1
92992,Gut Weissenhof,Tesla (Tesla-only charging),47.375503,13.472954,,"Private - For Staff, Visitors or Customers",1
92982,Landidyll Hotel Weidenbrueck & Eli's Deli,Tesla (Tesla-only charging),46.983187,16.109947,,"Private - For Staff, Visitors or Customers",2
92977,Alpenparks Hotel & Apartment Central,Tesla (Tesla-only charging),47.321797,12.79588,,"Private - For Staff, Visitors or Customers",1
92974,Gsoelserhof,Tesla (Tesla-only charging),46.99302,15.773144,,"Private - For Staff, Visitors or Customers",2
92697,Elisabeth Hotel Premium Private Retreat,Tesla (Tesla-only charging),47.167462,11.861239,Mayrhofen,"Private - For Staff, Visitors or Customers",2
92487,Hotel Stubaierhof,Tesla (Tesla-only charging),47.113196,11.310413,Neustift im Stubaital,"Private - For Staff, Visitors or Customers",2
92456,Kulturraum Trenk.s,Tesla (Tesla-only charging),48.194409,14.11134,Marchtrenk,"Private - For Staff, Visitors or Customers",1
92361,Linz Dornach Schnelllader und Supportlader,Ella,48.3335906,14.319295,Linz,Public - Membership Required,2
92360,Sattledt Schnelllader und Supportlader,Ella,48.0734059,14.0514289,Sattledt,Public - Membership Required,2
92359,Wien Autohof Schnellader und Supportlader,Ella,48.2064441582941,16.2227759521148,Wien,Public - Membership Required,2
92358,Mödling CityCenter,Ella,48.0860756,16.2964368,Gemeinde Mödling,Public - Membership Required,2
92323,Dolomitenresidenz Sporthotel Sillian,Tesla (Tesla-only charging),46.750046,12.434633,,Public - Membership Required,2
92315,Corso Living,Tesla (Tesla-only charging),46.95461,11.015102,,Public - Membership Required,1
92311,Hotel Wildauerhof,Tesla (Tesla-only charging),47.64395,12.291053,,Public - Membership Required,1
92306,Cafe - Pizzeria Ortner Wildon,Tesla (Tesla-only charging),46.8852,15.518688,,Public - Membership Required,1
92285,Rainers Hotel Vienna,Tesla (Tesla-only charging),48.17935,16.362278,,Public - Membership Required,2
92279,Hotel Zur Linde,Tesla (Tesla-only charging),48.282197,15.065186,,Public - Membership Required,1
92255,Hotel Bruckenwirt,Tesla (Tesla-only charging),47.34654,13.196214,,Public - Membership Required,1
92234,Damuelser Hof - Wellness & Spa,Tesla (Tesla-only charging),47.280433,9.880837,,Public - Membership Required,1
92229,Molta Fame,Tesla (Tesla-only charging),47.991447,12.956771,,Public - Membership Required,1
92228,Romantik Hotel Spielmann,Tesla (Tesla-only charging),47.400089,10.925102,,Public - Membership Required,2
92193,Ella,Ella,48.105482,16.310274,Brunn am Gebirge,Public - Membership Required,2
92091,Grossglockner Hochalpenstrasse,Tesla (Tesla-only charging),47.074598,12.752074,Heiligenblut,Public - Membership Required,2
91878,KELAG Parkplatz Gemeindeamt,Kelag AG,46.9879687923004,13.1716390012581,Mallnitz,Public - Pay At Location,4
91877,Talstation Mölltalexpress,Kelag AG,46.9803219991419,13.0516030264587,Flattach,Public - Pay At Location,2
91821,Hotel & Villa Auersperg,Tesla (Tesla-only charging),47.806767,13.049689,Salzburg,"Private - For Staff, Visitors or Customers",2
91811,Hotel Neuhintertux,Tesla (Tesla-only charging),47.107967,11.673997,Hintertux,"Private - For Staff, Visitors or Customers",2
91793,Kinderhotel Buchau,Tesla (Tesla-only charging),47.433911,11.733963,Eben am Achensee,"Private - For Staff, Visitors or Customers",1
91773,ADEG Markt,Kelag AG,46.935754,13.1106565,Flattach,Public - Pay At Location,4
91759,Hotel Walserstube Lieblingsplatz,Tesla (Tesla-only charging),47.1538,10.1034,Warth,"Private - For Staff, Visitors or Customers",1
91661,"Braunau, Stechlparkplatz, Energie AG",(Unknown Operator),48.2602961479631,13.0362185568821,Braunau,Public,2
91229,Cordial Golf & Wellness Hotel,Tesla (Tesla-only charging),47.467038,12.349957,Reith bei Kitzbuehel,"Private - For Staff, Visitors or Customers",2
91221,Alpengasthof Laemmerhof,Tesla (Tesla-only charging),47.497102,13.373558,St. Martin,"Private - For Staff, Visitors or Customers",1
91220,Alpenhotel Goesing,Tesla (Tesla-only charging),47.888191,15.281507,Gösing an der Mariazellerbahn,"Private - For Staff, Visitors or Customers",2
91144,E-Bike Station Marktgemeindeamt,(Unknown Operator),48.5056667821022,13.7328556185241,Engelhartszell an der Donau,Public,6
91143,Berghotel Malta,(Unknown Operator),47.078748893969916,13.344963651065074,Malta,Public,1
91110,Mama Thresl,Tesla (Tesla-only charging),47.441035,12.716708,Leogang,"Private - For Staff, Visitors or Customers",2
91055,Landal Katschberg,Tesla (Tesla-only charging),47.054634,13.611378,Rennweg,Public - Membership Required,1
91052,Explorer Hotel Kitzbühel,Tesla (Tesla-only charging),47.515947,12.418339,St. Johann,"Private - For Staff, Visitors or Customers",2
91051,Hotel Walserstube Lieblingsplatz,Tesla (Tesla-only charging),47.260557,10.176416,Warth,"Private - For Staff, Visitors or Customers",2
91045,Hotel Kirchheimerhof,Tesla (Tesla-only charging),46.811392,13.78737,Bad Kleinkirchheim,Public - Notice Required,2
91043,Hotel Pragant,Tesla (Tesla-only charging),46.814446,13.79761,Bad Kleinkirchheim,"Private - For Staff, Visitors or Customers",1
91042,Kitzbuhel Apartments Haus Brugger,Tesla (Tesla-only charging),47.44931,12.378284,Kitzbuhel,"Private - For Staff, Visitors or Customers",2
91027,Hotel Pichlmayrgut,Tesla (Tesla-only charging),47.389677,13.611501,Schladming,"Private - For Staff, Visitors or Customers",1
91008,Rogner Bad Blumau,Tesla (Tesla-only charging),47.125353,16.04645,Bad Blumau,"Private - For Staff, Visitors or Customers",1
90999,Explorer Hotel Montafon,Tesla (Tesla-only charging),46.993389,10.018641,Gaschurn,"Private - For Staff, Visitors or Customers",2
90992,Naturhotel Kitzspitz,Tesla (Tesla-only charging),47.49991,12.569326,Sankt Jakob in Haus,"Private - For Staff, Visitors or Customers",2
90991,Loewen Hotel Montafon,Tesla (Tesla-only charging),47.078993,9.921056,Schruns,"Private - For Staff, Visitors or Customers",1
90984,Alpinresort,Tesla (Tesla-only charging),47.283875,9.892699,Damuels,"Private - For Staff, Visitors or Customers",2
90978,Weinlandhof Hotel - Restaurant Gamlitz,Tesla (Tesla-only charging),46.721539,15.558626,Gamlitz,"Private - For Staff, Visitors or Customers",2
90977,Hotel Astoria Garden,Tesla (Tesla-only charging),47.174405,13.104756,Bad Hofgastein,"Private - For Staff, Visitors or Customers",1
90961,Greenstorm E-Bikes,Tesla (Tesla-only charging),47.519865,12.275659,Ellmau,"Private - For Staff, Visitors or Customers",1
90932,Kempinski Hotel das Tirol,Tesla (Tesla-only charging),47.383957,12.416901,Jochberg,"Private - For Staff, Visitors or Customers",2
90904,Industriepark Eco Plus,(Unknown Operator),48.035103,16.808527,Bezirk Bruck an der Leitha,"Private - For Staff, Visitors or Customers",1
90740,"E-Station, Gasthaus Bäckerwirtsgut",(Business Owner at Location),47.1270345,13.1414088,Bad Gastein,"Private - For Staff, Visitors or Customers",2
90672,Im Gries Parking Lot,(Unknown Operator),47.4472164496399,12.3919612169266,Kitzbühel,Public,2
90449,Hotel Amiamo - Familotel Zell Am See,Tesla (Tesla-only charging),47.299467,12.787233,Zell am See,"Private - For Staff, Visitors or Customers",1
90438,Hotel Neubergerhof,Tesla (Tesla-only charging),47.453712,13.474096,Filzmoos,"Private - For Staff, Visitors or Customers",1
90402,Family Hotel & Resort Dachsteinkönig,Tesla (Tesla-only charging),47.566438,13.51959,Gosau,"Private - For Staff, Visitors or Customers",1
90366,Familienerlebnishotel Hinteregger,Tesla (Tesla-only charging),47.058768,13.615493,Rennweg am Katschberg,"Private - For Staff, Visitors or Customers",2
90365,Hotel Rauriserhof,Tesla (Tesla-only charging),47.232644,12.993426,Rauris,"Private - For Staff, Visitors or Customers",1
90352,Hotel Katschberghof,Tesla (Tesla-only charging),47.057928,13.615156,Rennweg am Katschberg,"Private - For Staff, Visitors or Customers",2
90351,Hotel Restaurant Vötterl,Tesla (Tesla-only charging),47.724528,12.906581,Salzburg,"Private - For Staff, Visitors or Customers",2
90342,Kapfenberg Supercharger,Tesla (Tesla-only charging),47.450332,15.317611,Kapfenberg,Public - Membership Required,12
90329,Das Schloss An der Eisenstrasse,Tesla (Tesla-only charging),47.962856,14.775617,Waidhofen an der Ybbs,"Private - For Staff, Visitors or Customers",1
90310,Wellnesshotel Engel,Tesla (Tesla-only charging),47.502537,10.552732,Gran,"Private - For Staff, Visitors or Customers",1
90309,Landgut & Spa Althof Retz,Tesla (Tesla-only charging),48.75801,15.950126,Retz,"Private - For Staff, Visitors or Customers",2
90308,Hotel Lurzerhof,Tesla (Tesla-only charging),47.302755,13.506999,Untertauern,"Private - For Staff, Visitors or Customers",2
90301,Golfclub Gut Altentann,Tesla (Tesla-only charging),47.890311,13.199724,Henndorf,"Private - For Staff, Visitors or Customers",1
90295,Gasthof Post,Tesla (Tesla-only charging),48.618567,13.893415,Peilstein i.M.,"Private - For Staff, Visitors or Customers",1
90285,Hotel Schönruh,Tesla (Tesla-only charging),47.229739,12.045904,Gerols,"Private - For Staff, Visitors or Customers",2
90264,Gartenhotel Maria Theresia,Tesla (Tesla-only charging),47.286403,11.494782,Hall,"Private - For Staff, Visitors or Customers",1
90235,Hotel Berghof,Tesla (Tesla-only charging),47.420704,13.675683,Ramsau,"Private - For Staff, Visitors or Customers",2
90231,Appart Gastauer,Tesla (Tesla-only charging),47.020278,9.974865,10a,"Private - For Staff, Visitors or Customers",1
90223,Landhaus Koller,Tesla (Tesla-only charging),47.585556,13.528637,Gosau,"Private - For Staff, Visitors or Customers",1
90004,Tower of Power,TANKE Wien Energie,48.234656730552985,16.39369989866441,Wien,Public,9
89865,Stadtplatz Klosterneuburg,(Unknown Operator),48.3098486,16.3239629,Klosterneuburg,Public,1
88868,"Landhotel Stern, Obsteig",Tesla (Tesla-only charging),47.298469,10.927539,Obsteig,"Private - For Staff, Visitors or Customers",1
88857,Hotel Restaurant Laschenskyhof,Tesla (Tesla-only charging),47.776038,12.992191,Wals,"Private - For Staff, Visitors or Customers",1
88850,Gut Pössnitzberg,Tesla (Tesla-only charging),46.643877,15.513646,Leutschach,"Private - For Staff, Visitors or Customers",2
88837,Relaxresort Kothmuhle,Tesla (Tesla-only charging),48.057671,14.895556,Neuhofen an der Ybbs,"Private - For Staff, Visitors or Customers",1
88829,Pension Reiterklause,Tesla (Tesla-only charging),47.414938,11.209678,Leutasch,"Private - For Staff, Visitors or Customers",1
88824,Hotel Jungbrunn,Tesla (Tesla-only charging),47.495012,10.523145,Tannheim,"Private - For Staff, Visitors or Customers",1
88821,Biopension & Bauernhof der Veitenhof,Tesla (Tesla-only charging),47.31707,10.82963,Niederthai,Public - Notice Required,1
88808,Naturlich. Hotel Mit Charakter,Tesla (Tesla-only charging),47.055153,10.609692,Fiss,"Private - For Staff, Visitors or Customers",2
88800,Hotel Winzer Wellness & Kuscheln,Tesla (Tesla-only charging),47.938961,13.467559,St. Georgen im Attergau,"Private - For Staff, Visitors or Customers",1
88793,Marco Polo Familien- & Sporthotel,Tesla (Tesla-only charging),47.4093,12.980014,Maria Alm-Hinterthal,Public - Notice Required,2
88782,Hotel Alpenjuwel,Tesla (Tesla-only charging),47.040421,10.598153,Serfaus,Public - Notice Required,2
88761,Hotel des Glucks - Landhotel Fischl,Tesla (Tesla-only charging),48.267659,15.03854,St. Oswald,"Private - For Staff, Visitors or Customers",1
88745,Landal Bad Kleinkirchheim,Tesla (Tesla-only charging),46.810499,13.781727,Bad Kleinkirchheim,"Private - For Staff, Visitors or Customers",1
88568,Hotel Alte Schmiede,Tesla (Tesla-only charging),47.327746,11.187788,Seefeld,"Private - For Staff, Visitors or Customers",2
88537,Braugasthof Falkenstein,Tesla (Tesla-only charging),46.818849,12.754325,Lienz,"Private - For Staff, Visitors or Customers",2
88481,Fun & Spa Hotel Strass,Tesla (Tesla-only charging),47.163789,11.860996,Mayrhofen,"Private - For Staff, Visitors or Customers",2
88479,Hotel Restaurant Rössle,Tesla (Tesla-only charging),47.289883,9.656151,Rothis,"Private - For Staff, Visitors or Customers",2
88478,Hotel Allmer,Tesla (Tesla-only charging),46.875567,15.908309,Bad Gleichenberg,Public - Membership Required,2
88334,Hotel Bon Alpina,Tesla (Tesla-only charging),47.230649,11.408816,Innsbruck,Public - Notice Required,2
88333,City Hotel Stockerau,Tesla (Tesla-only charging),48.386203,16.215588,Stockerau,"Private - For Staff, Visitors or Customers",1
88319,Hotel das Falkenstein,Tesla (Tesla-only charging),47.262738,12.746234,Kaprun,"Private - For Staff, Visitors or Customers",2
88314,Garten-Hotel Ochensberger,Tesla (Tesla-only charging),47.149885,15.666752,St. Ruprecht an der Raab,"Private - For Staff, Visitors or Customers",2
88305,SC Traisenpark,Tesla (Tesla-only charging),48.223068,15.635872,St. Polten,Public - Membership Required,2
88185,Hotel Post Illmitz,Tesla (Tesla-only charging),47.76207,16.801175,Illmitz,"Private - For Staff, Visitors or Customers",2
88139,Alpenhotel Speckbacher Hof,Tesla (Tesla-only charging),47.319797,11.554122,Gnadenwald,"Private - For Staff, Visitors or Customers",2
88078,Panoramahaus Dornbirn,Tesla (Tesla-only charging),47.412277,9.714029,Dornbirn,"Private - For Staff, Visitors or Customers",2
88048,Hotel Schloss Seefels,Tesla (Tesla-only charging),46.634356,14.120472,Portschach,"Private - For Staff, Visitors or Customers",3
88041,Arlberg1800 Resort,Tesla (Tesla-only charging),47.127317,10.21365,St. Anton am Arlberg,"Private - For Staff, Visitors or Customers",2
88024,Heurigenhof Brundlmayer,Tesla (Tesla-only charging),48.47392,15.67455,Langenlois,"Private - For Staff, Visitors or Customers",2
87909,Alpen Wellnesshotel Barbarahof,Tesla (Tesla-only charging),47.269147,12.752638,Kaprun,"Private - For Staff, Visitors or Customers",1
87899,Birkenhof - Hotel & Restaurant,Tesla (Tesla-only charging),47.892819,16.922812,Gols,"Private - For Staff, Visitors or Customers",1
87722,Golfclub Millstatter See,Tesla (Tesla-only charging),46.818403,13.553474,Laubendorf,"Private - For Staff, Visitors or Customers",2
87713,Georgi Schloss,Tesla (Tesla-only charging),46.726839,15.581139,Ehrenhausen,"Private - For Staff, Visitors or Customers",1
87710,Gasthof Risserhof,Tesla (Tesla-only charging),47.39026,11.264504,Scharnitz,"Private - For Staff, Visitors or Customers",2
87705,Jochberger Dorfstub'n,Tesla (Tesla-only charging),47.373937,12.418952,Jochberg,"Private - For Staff, Visitors or Customers",1
87648,Landwirtschaftliche Fachschule Tulln,(Unknown Operator),48.318535449213,16.0555529594421,Tulln an der Donau,Public,1
87618,Hotel Alexandra & Hotel Bayrischer Hof,Tesla (Tesla-only charging),48.163857,14.028541,Wels,Public - Notice Required,2
87613,Bioweingut Familie Knaus,Tesla (Tesla-only charging),46.67904,15.562442,Gamlitz,"Private - For Staff, Visitors or Customers",1
87612,Hotel See-Villa,Tesla (Tesla-only charging),46.80181,13.574925,Millstatt,Public - Membership Required,1
87600,Hotel Sonne,Tesla (Tesla-only charging),47.332618,13.301255,Salzburg,"Private - For Staff, Visitors or Customers",1
87597,Hotel Alpenstolz,Tesla (Tesla-only charging),47.169474,11.38203,Mieders,"Private - For Staff, Visitors or Customers",2
87405,Ladestation Münichreith,(Private Residence/Individual),48.2639558640995,15.1316165711639,Münichreith am Ostrong,Public - Pay At Location,2
87401,Hotel Arlberg Stuben,Tesla (Tesla-only charging),47.139908,10.158462,Stuben am Arlberg,"Private - For Staff, Visitors or Customers",2
87385,Montforthaus,Tesla (Tesla-only charging),47.235541,9.598113,Feldkirch,"Private - For Staff, Visitors or Customers",2
87297,Hotel Glocknerhof,Tesla (Tesla-only charging),46.748803,13.14511,Berg im Drautal,"Private - For Staff, Visitors or Customers",2
87279,Reiterhof Berggut Gaicht,Tesla (Tesla-only charging),47.462465,10.620057,Nesselwaengle,Public - Notice Required,2
87267,Hotel Restaurant Langwies,Tesla (Tesla-only charging),47.66421,13.123382,Vigaun,Public - Notice Required,1
87211,Tankstelle Stöckl,TANKE Wien Energie,47.363968605007,16.2402398796928,Mariasdorf,Public - Membership Required,2
87205,Hotel Gasthof Löwen Nofels,Tesla (Tesla-only charging),47.254273,9.578349,Feldkirch,"Private - For Staff, Visitors or Customers",2
87199,Alpine Homes,Tesla (Tesla-only charging),47.449601,12.156627,Hopfgarten,"Private - For Staff, Visitors or Customers",1
86188,Juffing Hotel & Spa,Tesla (Tesla-only charging),47.584664,12.066231,Thiersee,"Private - For Staff, Visitors or Customers",1
85681,Hotel Kuhtaier Schlossl,Tesla (Tesla-only charging),47.211268,11.008538,Kuhtai,"Private - For Staff, Visitors or Customers",1
85669,Designer Outlet Salzburg,Tesla (Tesla-only charging),47.792574,12.988315,Wals - Himmelreich,"Private - For Staff, Visitors or Customers",2
85668,Kletterakademie Mitterdorf,Tesla (Tesla-only charging),47.545322,15.522278,St. Barbara-Mitterdorf,"Private - For Staff, Visitors or Customers",2
85653,Celtic Golf Course Scharding,Tesla (Tesla-only charging),48.383177,13.512836,Taufkirchen/Pram,Public - Notice Required,3
85613,Hotel Gartnerkofel,Tesla (Tesla-only charging),46.564284,13.27212,Hermago,"Private - For Staff, Visitors or Customers",2
85612,Hotel Tirolerhof,Tesla (Tesla-only charging),47.325049,12.797519,Zell am See,"Private - For Staff, Visitors or Customers",1
85590,Sporthotel Silvretta Montafon,Tesla (Tesla-only charging),46.986285,10.028194,Gaschurn,"Private - For Staff, Visitors or Customers",1
85535,Gourmethotel die Sportalm,Tesla (Tesla-only charging),47.44756,12.331759,Kirchberg,Public - Notice Required,1
85460,Hotel Grauer Bar,Tesla (Tesla-only charging),47.2692,11.397725,Innsbruck,"Private - For Staff, Visitors or Customers",2
85162,Hotel Moselebauer,Tesla (Tesla-only charging),46.955563,14.779286,Bad Sankt Leonhard,"Private - For Staff, Visitors or Customers",2
85155,Simon - Hotel & Cafe,Tesla (Tesla-only charging),47.340353,16.2263,Bad Tatzmannsdorf,Public - Membership Required,1
85121,Hotel-Restaurant Zum Schwarzen Baren,Tesla (Tesla-only charging),48.241704,15.337243,Emmersdorf,Public - Membership Required,1
85105,Hotel-Restaurant Winkler,Tesla (Tesla-only charging),47.606707,15.673096,Murzzuschlag,"Private - For Staff, Visitors or Customers",1
85103,Adler Resort,Tesla (Tesla-only charging),47.380622,12.598188,Hinterglemm,"Private - For Staff, Visitors or Customers",2
85081,Sportresort Hohe Salve GmbH,Tesla (Tesla-only charging),47.446548,12.161257,Hopfgarten,Public - Membership Required,1
85079,Aldiana Salzkammergut & Grimmingtherme,Tesla (Tesla-only charging),47.54549,13.927599,Bad Mitterndorf,"Private - For Staff, Visitors or Customers",2
85078,Amadeus Residence Salzburg,Tesla (Tesla-only charging),47.818782,13.053294,Salzburg,"Private - For Staff, Visitors or Customers",1
85039,Hotel Kitzhof Mountain Design Resort,Tesla (Tesla-only charging),47.448359,12.38507,Kitzbuhel,"Private - For Staff, Visitors or Customers",2
85037,Natur- & Wanderhotel Talhof,Tesla (Tesla-only charging),47.481978,10.677484,Wangle,"Private - For Staff, Visitors or Customers",2
85030,Hotel Schwarzer Adler,Tesla (Tesla-only charging),47.444523,12.394645,Kitzbuhel,"Private - For Staff, Visitors or Customers",2
85010,Hotel Restaurant Perschler,Tesla (Tesla-only charging),47.212759,14.722665,Rattenberg bei Fohnsdorf,Public - Membership Required,2
85005,Hotel Schloss Durnstein,Tesla (Tesla-only charging),48.396349,15.519063,Durnstein,Public - Membership Required,2
84938,Shoppingcity Seiersberg,Tesla (Tesla-only charging),47.012638,15.410189,Seiersberg,"Private - For Staff, Visitors or Customers",3
84894,S'röck Hotel Garni,Tesla (Tesla-only charging),47.055841,10.613375,Fiss,Public - Notice Required,1
84867,IKEA Klagenfurt,SMATRICS Netz,46.639946,14.367192,Klagenfurt am Wörthersee,Public - Membership Required,1
84514,Hotel Restaurant Grüne Au,Tesla (Tesla-only charging),47.268941,15.896143,Winzendorf,Public - Membership Required,2
84502,Hotel der Sonnberg,Tesla (Tesla-only charging),47.327854,12.786263,Zell am See,Public - Membership Required,1
84457,Parkhaus P2,(Business Owner at Location),47.7709307372474,15.3146839141846,Mariazell,Public,2
84284,Vienna Sporthotel,Tesla (Tesla-only charging),48.191284,16.408041,Wien,"Private - For Staff, Visitors or Customers",2
84279,Chalet Christl - Panorama Appartements,Tesla (Tesla-only charging),47.081913,9.926502,Schruns,"Private - For Staff, Visitors or Customers",2
84265,Das Naturhotel Chesa Valisa,Tesla (Tesla-only charging),47.341942,10.164345,Hirschegg,Public - Membership Required,1
84245,Hotel Trattlerhof,Tesla (Tesla-only charging),46.810697,13.769889,Bad Kleinkirchheim,"Private - For Staff, Visitors or Customers",2
84241,Sport & Vital Hotel Seppl Im Pitztal,Tesla (Tesla-only charging),46.995255,10.867489,St. Leonhard,"Private - For Staff, Visitors or Customers",2
84227,Wellness Pension Hollaus,Tesla (Tesla-only charging),47.444064,12.314364,Kirchberg in Tirol,Public - Membership Required,1
84225,Krumers Alpin Resort,Tesla (Tesla-only charging),47.329106,11.200315,Reith bei Seefeld,Public - Membership Required,1
84220,Weindomizil & Weingut Hagn,Tesla (Tesla-only charging),48.670952,16.188886,Mailberg,"Private - For Staff, Visitors or Customers",2
84212,Interalpen-Hotel Tyrol,Tesla (Tesla-only charging),47.330965,11.123483,Telfs-Buchen,Public - Membership Required,1
84206,Seepark Hotel Klagenfurt,Tesla (Tesla-only charging),46.617975,14.261346,Klagenfurt,Public - Membership Required,2
84169,At the Park Hotel,Tesla (Tesla-only charging),48.010326,16.235063,Baden,Public - Notice Required,1
84157,Gartenhotel Crystal,Tesla (Tesla-only charging),47.341142,11.845178,Fügen,"Private - For Staff, Visitors or Customers",2
84149,Simon - das Vitalhotel Bad Tatzmannsdorf,Tesla (Tesla-only charging),47.33784,16.227555,Jormannsdorf,"Private - For Staff, Visitors or Customers",2
84145,Adler Hotel Palma,Tesla (Tesla-only charging),47.201217,10.109026,Lech am Arlberg,Public - Notice Required,2
84143,Gasthof Bad Hochmoos,Tesla (Tesla-only charging),47.572929,12.694302,St.Martin bei Lofer,Public - Membership Required,2
84089,Hotel Weisses Lamm,Tesla (Tesla-only charging),47.086394,10.473361,See,Public - Membership Required,2
84068,Skihütte Schneggarei,Tesla (Tesla-only charging),47.20936,10.140584,Lech am Arlberg,"Private - For Staff, Visitors or Customers",1
84065,Hotel Schani Wien,Tesla (Tesla-only charging),48.182327,16.38092,Wien,"Private - For Staff, Visitors or Customers",1
84062,Landhotel Groggerhof,Tesla (Tesla-only charging),47.069109,14.694837,Obdach,"Private - For Staff, Visitors or Customers",1
84050,Shopping Center Südpark,Tesla (Tesla-only charging),46.614421,14.320663,Klagenfurt,"Private - For Staff, Visitors or Customers",1
84033,Krumers Post Hotel & Spa,Tesla (Tesla-only charging),47.328654,11.188084,Seefeld,Public - Membership Required,1
83905,Ladestation Autowelt Linz GmbH,SMATRICS Netz,48.246036,14.294471,Linz,Public,1
83904,Ladestation Unterberger Park,SMATRICS Netz,47.566339,12.151521,Kufstein,Public,4
82367,Hotel Tirol,Tesla (Tesla-only charging),47.055623,10.617358,Fiss,Public - Membership Required,2
82336,Hotel Rauter,Tesla (Tesla-only charging),47.00135,12.538863,Matrei in Osttirol,Public - Membership Required,2
82309,Theresa Wellness Genießer Hotel,Tesla (Tesla-only charging),47.230375,11.880858,Zell im Zillertal,"Private - For Staff, Visitors or Customers",2
82305,Hotel Hochschober,Tesla (Tesla-only charging),46.915857,13.875192,Turracherhöhe,"Private - For Staff, Visitors or Customers",2
82299,Hotel Bramosen,Tesla (Tesla-only charging),47.874975,13.569726,Weyregg,"Private - For Staff, Visitors or Customers",2
82291,Liebes Rot Flüh Traumhotel,Tesla (Tesla-only charging),47.492349,10.559644,Haldensee,"Private - For Staff, Visitors or Customers",2
82279,Naturhotel Waldklause,Tesla (Tesla-only charging),47.072291,10.965781,Längenfeld,"Private - For Staff, Visitors or Customers",2
82275,Hotel-Restaurant Marko,Tesla (Tesla-only charging),46.624552,14.034304,Velden am Wörthersee,"Private - For Staff, Visitors or Customers",2
82263,Restaurant auf Da Mühle,Tesla (Tesla-only charging),47.50286,12.190232,Söll,Public - Membership Required,2
82254,Posthotel Achenkirch,Tesla (Tesla-only charging),47.526991,11.707354,Achenkirch,"Private - For Staff, Visitors or Customers",2
82247,Einkaufszentrum der Grissemann,Tesla (Tesla-only charging),47.166809,10.590407,Zams,"Private - For Staff, Visitors or Customers",2
82223,Dasposthotel,Tesla (Tesla-only charging),47.233818,11.882926,Zell im Zillertal,"Private - For Staff, Visitors or Customers",2
82198,Naturhotel Outside,Tesla (Tesla-only charging),46.999883,12.538249,Matrei in Osttirol,Public - Membership Required,2
82193,Sportresidenz Zillertal & Golfclub Zillertal Uderns,Tesla (Tesla-only charging),47.318474,11.860646,Uderns,"Private - For Staff, Visitors or Customers",2
82192,Romantikhotel Böglerhof,Tesla (Tesla-only charging),47.398589,11.94515,Alpbach,"Private - For Staff, Visitors or Customers",3
82182,Schloss Krumbach,Tesla (Tesla-only charging),47.502436,16.195295,Krumbach,"Private - For Staff, Visitors or Customers",2
82158,Alpenhotel Montafon,Tesla (Tesla-only charging),47.065395,9.932105,Schruns,"Private - For Staff, Visitors or Customers",2
82155,Hotel Andy,Tesla (Tesla-only charging),47.153889,10.756499,Jerzens,Public - Notice Required,2
82146,Biohotel Rupertus,Tesla (Tesla-only charging),47.440839,12.714732,Leogang,Public - Membership Required,2
82127,Solaria Hotel Ischgl,Tesla (Tesla-only charging),47.014695,10.293666,Ischgl,"Private - For Staff, Visitors or Customers",2
82083,Natur und Vitalhotel Innsholz,Tesla (Tesla-only charging),48.705157,13.94708,Ulrichsberg,"Private - For Staff, Visitors or Customers",2
82021,Styrolerhof,Tesla (Tesla-only charging),47.253333,10.322358,Steeg,"Private - For Staff, Visitors or Customers",2
81975,Hotel Post Bezau,Tesla (Tesla-only charging),47.383424,9.899281,Bezau,"Private - For Staff, Visitors or Customers",2
81973,Chaletdorf Auszeit,Tesla (Tesla-only charging),47.182868,13.222741,Hüttschlag,Public - Notice Required,2
81972,Hotel Schloss Mittersill,Tesla (Tesla-only charging),47.287468,12.484607,Mittersill,Public - Membership Required,2
81966,Kinderhotel Galtenberg,Tesla (Tesla-only charging),47.374188,11.960221,Alpbach,"Private - For Staff, Visitors or Customers",2
81955,Amhotel Forsthofalm,Tesla (Tesla-only charging),47.436216,12.708772,Leogang,"Private - For Staff, Visitors or Customers",2
81935,Leading Family Hotel & Resort Alpenrose,Tesla (Tesla-only charging),47.403316,10.880963,Lermoos,"Private - For Staff, Visitors or Customers",3
81921,Art & Ski-in Hotel Hinterhag,Tesla (Tesla-only charging),47.396019,12.636939,Saalbach,"Private - For Staff, Visitors or Customers",2
81902,Sport und Wellnesshotel Held,Tesla (Tesla-only charging),47.334571,11.854946,Fügen,"Private - For Staff, Visitors or Customers",2
81900,Alpine Palace,Tesla (Tesla-only charging),47.379401,12.595886,Hinterglemm,"Private - For Staff, Visitors or Customers",2
81871,Vivea Gesundheitshotel Bad Schönau Zum Landsknecht,Tesla (Tesla-only charging),47.493889,16.232234,Bad Schönau,"Private - For Staff, Visitors or Customers",2
81856,Das Heimsitz,Tesla (Tesla-only charging),47.449866,12.243646,Brixen im Thale,Public - Membership Required,2
81840,Hotel Alpensonne,Tesla (Tesla-only charging),47.35993,10.177917,Riezlern,"Private - For Staff, Visitors or Customers",2
81735,Landhaus Kügler - Eppich,Tesla (Tesla-only charging),47.399939,15.158558,Proleb,Public - Membership Required,2
81729,G3 Shopping Resort Gerasdorf,Tesla (Tesla-only charging),48.344815,16.463443,Gerasdorf bei Wien,"Private - For Staff, Visitors or Customers",2
81706,Vivea Gesundheitshotel Umhausen,Tesla (Tesla-only charging),47.14095,10.928336,Umhausen im Ötztal,"Private - For Staff, Visitors or Customers",2
81627,Naturhotel Forsthofgut,Tesla (Tesla-only charging),47.43923,12.715773,Leogang,"Private - For Staff, Visitors or Customers",7
81556,Hotel Schöne Aussicht,Tesla (Tesla-only charging),46.977315,10.985398,Hochsoelden,Public - Membership Required,2
81547,1a Landhotel Schicklberg,Tesla (Tesla-only charging),48.078444,14.16303,Kremsmünster,"Private - For Staff, Visitors or Customers",2
81543,Edelweiss Grossarl - der Stern in den Alpen,Tesla (Tesla-only charging),47.243125,13.195726,Grossarl,"Private - For Staff, Visitors or Customers",2
81500,Hotel Almesberger,Tesla (Tesla-only charging),48.646221,13.971745,Aigen im Mühlkreis,"Private - For Staff, Visitors or Customers",2
81497,Designhotel Walliserhof,Tesla (Tesla-only charging),47.105249,9.740567,Brand,Public - Notice Required,2
81478,Hotel Schwarzer Adler St. Anton Am Arlberg,Tesla (Tesla-only charging),47.130157,10.266566,St. Anton am Arlberg,"Private - For Staff, Visitors or Customers",2
81418,Puradies,Tesla (Tesla-only charging),47.437955,12.728933,Leogang,"Private - For Staff, Visitors or Customers",2
81372,Hotel Sportalm,Tesla (Tesla-only charging),46.986824,10.868402,St. Leonhard,"Private - For Staff, Visitors or Customers",2
81371,Das Marent,Tesla (Tesla-only charging),47.053343,10.623384,Fiss,Public - Notice Required,2
81360,Romantik Hotel der Wiesenhof,Tesla (Tesla-only charging),47.438659003047434,11.700171338626546,Pertisau,"Private - For Staff, Visitors or Customers",2
80080,Vitalhotel Edelweiss,Tesla (Tesla-only charging),47.080954,11.270092,Neustift im Stubaital,"Private - For Staff, Visitors or Customers",1
80065,Stock Resort,Tesla (Tesla-only charging),47.154328,11.823334,Finkenberg,"Private - For Staff, Visitors or Customers",1
80057,"Talheimer ""grias Di"" & ""hoamat""",Tesla (Tesla-only charging),47.383074,12.605287,Saalbach,"Private - For Staff, Visitors or Customers",1
80029,Vitalhotel Therme Geinberg,Tesla (Tesla-only charging),48.262336,13.297336,Geinberg,"Private - For Staff, Visitors or Customers",1
80004,Silva Peak Residences,Tesla (Tesla-only charging),46.967794,10.186911,Galtuer,Public - Membership Required,1
79961,Genussdorf Gmachl,Tesla (Tesla-only charging),47.839999,13.022888,Bergheim,"Private - For Staff, Visitors or Customers",1
79946,Wiener Neustadt Supercharger,Tesla (Tesla-only charging),47.804602,16.210543,Wiener Neustadt,Public - Membership Required,12
79936,Hotel Salzburgerhof,Tesla (Tesla-only charging),47.325408,12.79818,Zell am See,Public - Membership Required,1
79933,Weingut Neumeister & Restaurant Saziani Stub'n,Tesla (Tesla-only charging),46.809173,15.863518,Straden,"Private - For Staff, Visitors or Customers",1
79930,Mcarthurglen Designer Outlet Parndorf,Tesla (Tesla-only charging),47.97867,16.848073,Parndorf,"Private - For Staff, Visitors or Customers",1
79925,Kinderhotel Benjamin,Tesla (Tesla-only charging),47.005963,13.442099,Malta,"Private - For Staff, Visitors or Customers",1
79911,Hotel Tuxerhof GmbH,Tesla (Tesla-only charging),47.163107,11.744608,Tux,Public - Membership Required,1
79895,Krainer Hotel Restaurant Cafe,Tesla (Tesla-only charging),47.56852,15.62037,Langenwang,"Private - For Staff, Visitors or Customers",1
79864,Burg Plankenstein,Tesla (Tesla-only charging),48.025164,15.278709,Texingtal,"Private - For Staff, Visitors or Customers",2
79850,Hotel Schloss Leopoldskron,Tesla (Tesla-only charging),47.788476,13.039188,Salzburg,Public - Membership Required,1
79846,Alpin Life Hotel Gebhard Fiss,Tesla (Tesla-only charging),47.055663,10.618127,Fiss,"Private - For Staff, Visitors or Customers",1
79840,Schloss Kapfenstein,Tesla (Tesla-only charging),46.88985,15.977189,Kapfenstein,"Private - For Staff, Visitors or Customers",1
79813,Bio-Wellnesshotel Holzleiten,Tesla (Tesla-only charging),47.309438,10.885504,Obsteig,"Private - For Staff, Visitors or Customers",1
79764,Grand-Tirolia Kitzbühel,Tesla (Tesla-only charging),47.425519,12.420864,Kitzbühel,"Private - For Staff, Visitors or Customers",1
79763,Hotel Süd,Tesla (Tesla-only charging),47.02489,15.39883,Graz,Public - Notice Required,1
79743,Rainer Garage,Tesla (Tesla-only charging),48.194421,16.367911,Wien,"Private - For Staff, Visitors or Customers",2
79685,Geinberg5 Private Spa Villas,Tesla (Tesla-only charging),48.261215,13.295295,Geinberg,Public - Membership Required,1
79631,Vivea Bad Goisern,Tesla (Tesla-only charging),47.652694,13.613574,Bad Goisern,"Private - For Staff, Visitors or Customers",1
79629,Fleming's Hotel Wien Westbahnhof,Tesla (Tesla-only charging),48.199564,16.338691,Wien,"Private - For Staff, Visitors or Customers",1
79623,Apart Mare,Tesla (Tesla-only charging),46.954356,11.01152,Soelden,"Private - For Staff, Visitors or Customers",1
79560,Hotel Angela Superior,Tesla (Tesla-only charging),47.210093,10.138742,Lech,Public - Notice Required,1
79534,Hotel Zauchenseehof,Tesla (Tesla-only charging),47.293636,13.456805,Altenmarkt,"Private - For Staff, Visitors or Customers",1
79478,Hotel Rigele Royal - Skiparadies Obertauern,Tesla (Tesla-only charging),47.247901,13.561302,Obertauern,"Private - For Staff, Visitors or Customers",1
79385,Vivea Bad Vöslau,Tesla (Tesla-only charging),47.9709,16.210563,Bad Vöslau,"Private - For Staff, Visitors or Customers",2
79365,Hotel Enziana,Tesla (Tesla-only charging),48.194043,16.389112,Vienna,"Private - For Staff, Visitors or Customers",2
79349,Ski & Golfresort Hotel Riml,Tesla (Tesla-only charging),46.900929,11.05116,Hochgurgl,Public - Notice Required,1
79346,"Kurzentrum Bad Schönau ""zur Quelle""",Tesla (Tesla-only charging),47.496236,16.233114,Bad Schönau,Public - Notice Required,1
79339,Flemings's Deluxe Hotel Wien City,Tesla (Tesla-only charging),48.209358,16.353338,Wien,"Private - For Staff, Visitors or Customers",1
79308,Hotel Arlmont,Tesla (Tesla-only charging),47.135277,10.272765,St.Anton am Arlberg,"Private - For Staff, Visitors or Customers",1
79277,Villaggio7 Pizzeria Trattoria Bar Ristornate,Tesla (Tesla-only charging),47.251646,11.446246,Aldrans,"Private - For Staff, Visitors or Customers",1
79271,Übergossene Alm Resort,Tesla (Tesla-only charging),47.388542,13.027456,Dienten am Hochkönig,"Private - For Staff, Visitors or Customers",1
79234,Vivea Kurzentrum Bad Traunstein,Tesla (Tesla-only charging),48.433605,15.120064,Bad Traunstein,Public - Membership Required,1
79206,Alpin Spa Hotel Tirol,Tesla (Tesla-only charging),47.009195,10.28846,Ischgl,"Private - For Staff, Visitors or Customers",1
79035,Hotel Kaiserhof Kitzbühel,Tesla (Tesla-only charging),47.442936,12.388361,Kitzbühel,"Private - For Staff, Visitors or Customers",1
79029,Vivea Gesundheit Bad Häring,Tesla (Tesla-only charging),47.514702,12.109403,Bad Häring,Public - Membership Required,1
79016,Gesundheitsresort das Sieben,Tesla (Tesla-only charging),47.515449,12.111972,Bad Häring,Public - Membership Required,1
78973,Vivea Bad Eisenkappel,Tesla (Tesla-only charging),46.478503,14.591805,Bad Eisenkappel,Public - Membership Required,1
78675,Retter Hotel,Tesla (Tesla-only charging),47.304377,15.864658,Pöllauberg,"Private - For Staff, Visitors or Customers",2
77751,Schnellladestation Burger King,SMATRICS Netz,48.187714,16.338949,Wien,Public,3
77747,Schnellladestation Raststation,SMATRICS Netz,47.182847,15.993636,Sebersdorf,Public,3
77744,Schnellladestation Mcdonald's Graz,SMATRICS Netz,47.055656,15.447853,Graz,Public,3
77740,Schnellladestation Hilton,SMATRICS Netz,48.214072,16.421335,Wien,Public,3
77739,Schnellladestation Hotel Kaiserhof,SMATRICS Netz,47.727114,13.060407,Anif,Public,3
77736,Schnellladestation Cyta Völs,SMATRICS Netz,47.258583,11.322852,Völs,Public,3
77727,Schnellladestation IKEA,SMATRICS Netz,47.032867,15.42378,Graz,Public,18
77725,Schnellladestation Penny,SMATRICS Netz,47.900232,14.125937,Kirchdorf an der Krems,Public - Membership Required,3
77720,Schnellladestation Stadtgemeinde Mödling,SMATRICS Netz,48.087416,16.284667,Mödling,Public,3
77709,Schnellladestation Hahnenkammbahn,SMATRICS Netz,47.443368,12.390153,Kitzbühel,Public,3
77338,Ladestation Gottwald,SMATRICS Netz,48.22514,15.349178,Melk,Public,6
77337,Ladestation Outlet Center 2,SMATRICS Netz,47.976832,16.852587,Parndorf,Public,6
77336,Ladestation Raiffeisenbank,SMATRICS Netz,47.86067,15.02745,Lunz am See,Public,3
77335,Ladestation Merkur,SMATRICS Netz,46.817698,15.220846,Deutschlandsberg,Public,2
77334,Ladestation Stadtwerke,SMATRICS Netz,47.585214,12.168203,Kufstein,Public,3
77333,"SMATRICS ""Das West"" (parking level -2)",SMATRICS Netz,47.264888,11.373445,Innsbruck,Public,6
77332,Raststation Schottwien,SMATRICS Netz,47.64922958326048,15.85830073244881,Greis,Public,4
77331,Ladestation Familypark,SMATRICS Netz,47.802959,16.64652,St. Margarethen im Burgenland,Public,12
77330,Ladestation Autohaus Koinegg,SMATRICS Netz,47.834691,16.52961,Eisenstadt,Public,6
77329,Ladestation das Futterhaus,SMATRICS Netz,47.81106,16.214792,Wiener Neustadt,Public,6
77328,Ladestation Gemeinde,SMATRICS Netz,47.207943,14.796459,Spielberg,Public,12
77327,Ladestation Ekazent,SMATRICS Netz,48.14259,16.474607,Schwechat,Public,3
77326,Ladestation Eni,SMATRICS Netz,47.332584,16.061028,Markt Allhau,Public,6
77325,Ladestation Stockerhäusl,SMATRICS Netz,47.521947,12.429394,St. Johann in Tirol,Public,6
77324,Ladestation Siemens,SMATRICS Netz,47.040877,15.396352,Graz,Public,18
77323,Ladestation Autohaus Polke,SMATRICS Netz,48.56403,16.574935,Mistelbach,Public,6
77322,Ladestation Kaufein,SMATRICS Netz,48.205951,15.621693,St. Pölten,Public,3
77321,Ladestation West Side City,SMATRICS Netz,48.109574,14.839454,Amstetten-Greinsfurth,Public,6
77320,Ladestation Sparkasse,SMATRICS Netz,48.603931,15.167391,Zwettl,Public,6
77319,Ladestation Carcenter,SMATRICS Netz,47.448412,12.304995,Kirchberg,Public,12
77318,Ladestation Mpreis,SMATRICS Netz,47.284346,12.490123,Mittersill,Public,21
77317,Ladestation Badewelt,SMATRICS Netz,47.521665,12.421404,St. Johann in Tirol,Public,6
77316,Ladestation Nationalp. Hohe Tauern,SMATRICS Netz,46.990836,13.165063,Mallnitz,Public,6
77315,Ladestation Best in Parking,SMATRICS Netz,48.234877,16.360705,Wien,Public,3
77314,Ladestation Stadtgemeinde Murau,SMATRICS Netz,47.111431,14.173474,Murau,Public,3
77313,Ladestation Sheraton Fuschl,SMATRICS Netz,47.81017,13.24737,Hof bei Salzburg,Public,6
77311,Schnellladestation Merkur,SMATRICS Netz,48.185274,14.026652,Wels,Public,33
77310,Ladestation Nothegger Parkpl 6380 St. Johann Tirol,SMATRICS Netz,47.522869,12.425366,St. Johann in Tirol,Public,12
77309,Ladestation Billa,SMATRICS Netz,47.066536,15.46855,Graz,Public,36
77308,Ladestation Apcoa,SMATRICS Netz,47.067475,15.44661,Graz,Public,33
77307,Ladestation City Point Steyr,SMATRICS Netz,48.037305,14.414877,Steyr,Public,3
77302,Ladestation Cyta,SMATRICS Netz,47.256512,11.325246,Völs,Public,6
77301,Ladestation Stadtgemeinde Neulengbach,SMATRICS Netz,48.197787,15.906401,Neulengbach,Public,6
77293,Ladestation Mönchsberggarage,SMATRICS Netz,47.797973,13.039824,Salzburg,Public,3
77292,Ladestation Seehotel,SMATRICS Netz,47.802317,16.677937,Rust,Public,6
77291,Ladestation Outlet Center,SMATRICS Netz,47.980139,16.848224,Parndorf ,Public,6
77290,Ladestation Penny,SMATRICS Netz,47.999906,16.229523,Baden,Public,12
77289,Ladestation Diogenes,SMATRICS Netz,46.829561,12.804262,Nußdorf-Debant,Public,6
77287,Bahnhof Kammer,(Unknown Operator),47.94685,13.595,Kammer,Public,2
77286,Raststation Mondsee,SMATRICS Netz,47.8365633159187,13.3949856895492,Innerschwand am Mondsee,Public - Membership Required,4
77163,Biohotel Leutascherhof,(Business Owner at Location),47.3694002,11.1625122,Weidach,"Private - For Staff, Visitors or Customers",1
77055,Shopping Arena,(Unknown Operator),47.7748573,13.0699427,Salzburg,Public,2
77054,Krumers Post Hotel & SPA (Albrecht Hotel GmbH),TIWAG Tiroler Wasserkraft AG (AT),47.32874,11.18761,Seefeld,Public - Membership Required,2
77053,Kühtai,TIWAG Tiroler Wasserkraft AG (AT),47.21223,11.01563,Imst,Public - Membership Required,2
77052,Talstation Stubaier Gletscher/Mutterberg,TIWAG Tiroler Wasserkraft AG (AT),47.010768,11.155008, Neustift im Stubaital,Public - Membership Required,2
77051,Firma RY Service GmbH,TIWAG Tiroler Wasserkraft AG (AT),47.14684,10.57773,Landeck,Public - Membership Required,2
77050,TIWAG Kraftwerk Kaunertal,TIWAG Tiroler Wasserkraft AG (AT),47.06829970646821,10.664062598266241,Prutz,Public - Membership Required,2
77045,Zillertaler Gletscherbahn,TIWAG Tiroler Wasserkraft AG (AT),47.10713,11.67499,Tux,Public - Membership Required,8
76924,Gemeinde Finkenberg,TIWAG Tiroler Wasserkraft AG (AT),47.150996,11.818708,Finkenberg,Public - Membership Required,4
76922,Zillertal Arena,TIWAG Tiroler Wasserkraft AG (AT),47.236348,11.899122,Zell am Ziller,Public - Membership Required,8
75950,LKW Raststation A12/Vomp,TIWAG Tiroler Wasserkraft AG (AT),47.33056,11.67662,Vomp,Public - Membership Required,4
75949,Parkplatz Feuerwehr Eben/Maurach,TIWAG Tiroler Wasserkraft AG (AT),47.423201,11.749679,Maurach,Public - Membership Required,4
75948,Parkplatz Achensee Schifffahrt GmbH,TIWAG Tiroler Wasserkraft AG (AT),47.441994,11.702648,Eben am Achensee,Public - Membership Required,4
75623,Gumpoldskirchen Bahnhof,TANKE Wien Energie,48.041175,16.284724,Gumpoldskirchen,Public - Membership Required,1
75622,Boe Garage Rathauspark,TANKE Wien Energie,48.2130162,16.3608605,Wien,Public - Membership Required,3
75621,Bip Garage Georg-Cochplatz Station 1+2,TANKE Wien Energie,48.2101423,16.3819395,Wien,Public - Membership Required,3
75620,Wipark Garage Westbahnhof,TANKE Wien Energie,48.1974068,16.3362439,Wien,Public - Membership Required,6
75619,Bip Garage Kärntnerstraße Station 1+2,TANKE Wien Energie,48.203106,16.369975,Wien,Public - Membership Required,4
75618,Wipark PP Lkh Mödling,TANKE Wien Energie,48.088513,16.295211,Mödling,Public - Membership Required,2
75617,Trumau Sportplatz,TANKE Wien Energie,48.000475,16.349277,Trumau,Public - Membership Required,2
75616,Spar Siemensstraße,TANKE Wien Energie,48.2669894,16.4288486,Wien,Public - Membership Required,2
75615,Apcoa P+R Perfektastraße,TANKE Wien Energie,48.138722,16.312367,Wien,Public - Membership Required,8
75614,Brunn Am Gebirge Gemeindeamt Station 1+2,TANKE Wien Energie,48.1065119,16.2830707,Brunn am Gebirge,Public - Membership Required,2
75613,Gewerbepark Traiskirchen Station 1+2,TANKE Wien Energie,48.011605,16.291473,Traiskirchen,Public - Membership Required,2
75612,Spar Perchtoldsdorf,TANKE Wien Energie,48.1233304,16.2891169,Perchtoldsdorf,Public - Membership Required,1
75611,Therme Wien Garage Oberlaa,TANKE Wien Energie,48.1424177,16.4020307,Wien,Public - Membership Required,4
75610,Bip Garage Kh Rudolfsstiftung,TANKE Wien Energie,48.1967577,16.391531,Wien,Public - Membership Required,4
75609,Spar Ebreichsdorf,TANKE Wien Energie,47.9710079,16.398306,Ebreichsdorf,Public - Membership Required,1
75608,Wipark Garage Star 22,TANKE Wien Energie,48.22872,16.458315,Wien,Public - Membership Required,4
75607,Wipark Garage Freyung,TANKE Wien Energie,48.211598,16.364844,Wien,Public - Membership Required,8
75606,Flughafen Schwechat Garage Ph 4,TANKE Wien Energie,48.1219595,16.5645283,Schwechat,Public - Membership Required,4
75605,Wipark Garage Rudolfinerhaus,TANKE Wien Energie,48.24321,16.348016,Wien,Public - Membership Required,5
75604,Wipark Garage Gerhard-Bronner-Straße 3. Ug,TANKE Wien Energie,48.183948,16.378803,Wien,Public - Membership Required,8
75603,Wipark Garage Hauptbahnhof Wien,TANKE Wien Energie,48.183895,16.378735,Wien,Public - Membership Required,8
75602,WKW Rudolf-Sallinger-Platz,TANKE Wien Energie,48.2011621,16.3811649,Wien,Public - Membership Required,2
75601,Bip P+R Leopoldau Station 1+2,TANKE Wien Energie,48.278033,16.456147,Wien,Public - Membership Required,2
75600,Wko Nö Mödling Station 1+2,TANKE Wien Energie,48.071538,16.302689,Mödling,Public - Membership Required,4
75599,Bip Garage Robert-Stolzplatz Station 1+2,TANKE Wien Energie,48.202577,16.365118,Wien,Public - Membership Required,2
75598,Bip Garage Karmelitermarkt Station 1+2,TANKE Wien Energie,48.217804,16.377286,Wien,Public - Membership Required,2
75597,Boe Garage Franz-Josefs-Kai Station 1+2,TANKE Wien Energie,48.213135,16.374933,Wien,Public - Membership Required,4
75596,Wipark Garage Schenk-Danzinger-Gasse,TANKE Wien Energie,48.224867,16.5009183,Wien,Public - Membership Required,3
75595,Magistratisches Bezirksamt Hietzing,TANKE Wien Energie,48.18797,16.300254,Wien,Public - Membership Required,1
75594,Bip Garage Otto-Wagner-Platz Station 1+2,TANKE Wien Energie,48.2160522,16.3542857,Wien,Public - Membership Required,2
75593,Bip Garage Schwarzenbergplatz Station 1+2,TANKE Wien Energie,48.1994399,16.3768802,Wien,Public - Membership Required,2
75592,Media Quartier Marx,TANKE Wien Energie,48.1897266,16.4050549,Wien,Public - Membership Required,2
75591,Würth Kundenzentrum,TANKE Wien Energie,48.1448557,16.3416961,Wien,Public - Membership Required,1
75590,11 Ausstellungsstraße,TANKE Wien Energie,48.21819343491077,16.39887302561533,Vienna,Public - Membership Required,2
75589,Lkh Baden Garage,TANKE Wien Energie,47.999351,16.257313,Baden,Public - Membership Required,2
75588,Bip Garage Gerngroß Station 1+2,TANKE Wien Energie,48.2006938,16.3529884,Wien,Public - Membership Required,2
75587,Bip Garage Sofitel,TANKE Wien Energie,48.2127158,16.380118,Wien,Public - Membership Required,2
75586,Abb Wienerberg,TANKE Wien Energie,48.1676738,16.3467796,Wien,Public - Membership Required,1
75585,Wipark Garage Manner Areal,TANKE Wien Energie,48.216989,16.323119,Wien,Public - Membership Required,5
75584,Wipark PP Im Erdberger Mais,TANKE Wien Energie,48.190841,16.412774,Wien,Public - Membership Required,4
75583,Shopping City Süd PP Süd,TANKE Wien Energie,48.1134144,16.3184372,Vösendorf,Public - Membership Required,1
75582,Boe Garage Neu Marx,TANKE Wien Energie,48.187111,16.407181,Wien,Public - Membership Required,6
75581,Wipark Garage Enkplatz Station 1+2,TANKE Wien Energie,48.17629,16.413651,Wien,Public - Membership Required,2
75580,Spar Auhof,TANKE Wien Energie,48.2076335,16.2225032,Wien,Public - Membership Required,1
75579,Ebreichsdorf Hauptplatz,TANKE Wien Energie,47.962973,16.400368,Ebreichsdorf,Public - Membership Required,1
75578,Millenium City Garage Ph 1,TANKE Wien Energie,48.2409586,16.3861415,Wien,Public - Membership Required,6
75577,Wipark Garage Votivpark,TANKE Wien Energie,48.214156,16.360452,Wien,Public - Membership Required,4
75576,E-Bike Wr. Neudorf Gemeindeamt,TANKE Wien Energie,48.086623992546805,16.318127695770265,Wiener Neudorf,Public - Membership Required,4
75575,City Gate Garage,TANKE Wien Energie,48.2634597,16.4528935,Wien,Public - Membership Required,2
75574,Wipark Garage Lehargasse,TANKE Wien Energie,48.1998986,16.364126,,Public - Membership Required,6
75573,Spar Leopoldauer Straße,TANKE Wien Energie,48.2584606,16.4086374,Wien,Public - Membership Required,1
75572,Wipark P+R Siebenhirten,TANKE Wien Energie,48.129319,16.310528,Wien,Public - Membership Required,3
75571,Ecoplus M19 Station 1+2,TANKE Wien Energie,48.074938,16.321384, Objekt M19,Public - Membership Required,4
75570,Boe Garage Parlamentsdirektion,TANKE Wien Energie,48.207215,16.359077,Wien,Public - Membership Required,2
75569,Brunn Am Gebirge Bahnhof,TANKE Wien Energie,48.1051413,16.2885604,Brunn am Gebirge,Public - Membership Required,2
75568,Wipark Garage Wienerberg Ph C+D,TANKE Wien Energie,48.1689145,16.3474112,Wien,Public - Membership Required,5
75567,Bad Vöslau Schloss Vöslau,TANKE Wien Energie,47.9653761,16.2153475,Bad Vöslau,Public - Membership Required,1
75566,Spar Langenzersdorf,TANKE Wien Energie,48.3029054,16.3709095,Langenzersdorf,Public - Membership Required,1
75565,Wipark Garage Beethovenplatz,TANKE Wien Energie,48.2023399,16.3771212,Wien,Public - Membership Required,6
75564,Spar An den Alten Schanzen,TANKE Wien Energie,48.2272832,16.486316,Wien,Public - Membership Required,1
75563,Öbb P+R Baden,TANKE Wien Energie,48.0038,16.243703,Baden,Public - Membership Required,6
75562,Smart Campus Station 1+2,TANKE Wien Energie,48.181533,16.423068,Wien,Public - Membership Required,2
75561,Arbö Prüfzentrum,TANKE Wien Energie,48.2032823,16.4332294,Wien,Public - Membership Required,1
75560,Wipark Garage Agnes-Primocic-Gasse,TANKE Wien Energie,48.2259324,16.5014404,Wien,Public - Membership Required,5
75559,Perchtoldsdorf Freizeitzentrum,TANKE Wien Energie,48.1240472,16.2665968,Perchtoldsdorf,Public - Membership Required,2
75558,Apcoa Garage Wifi Ph C,TANKE Wien Energie,48.2285634,16.3490065,Wien,Public - Membership Required,2
75557,BIP P&R Hütteldorf Station 1+2,TANKE Wien Energie,48.195799,16.264039,Wien,"Private - For Staff, Visitors or Customers",2
75556,Wipark Garage Palais Hansen,TANKE Wien Energie,48.2164825,16.3690397,Wien,Public,7
75554,"SPAR, Esslinger Hauptstr. 4-6",TANKE Wien Energie,48.2144921051691,16.5112673521454,Donaustadt,Public - Membership Required,2
75409,Pepis Skihotel,Tesla (Tesla-only charging),47.12711,10.263613,St. Anton am Arlberg,"Private - For Staff, Visitors or Customers",2
75403,Hotel Mohr Life Resort,Tesla (Tesla-only charging),47.3945,10.887654,Lermoos,"Private - For Staff, Visitors or Customers",1
75365,Innsbruck Supercharger,Tesla (including non-tesla),47.264861,11.428453,Innsbruck,Public - Membership Required,6
75352,Liezen Supercharger,Tesla (Tesla-only charging),47.559299,14.252501,Liezen,Public - Membership Required,8
75339,Hotel Saalbacher Hof,Tesla (Tesla-only charging),47.391234,12.636184,Saalbach,"Private - For Staff, Visitors or Customers",2
75287,Gartenhotel Linde,Tesla (Tesla-only charging),47.052497,10.651519,Ried im Oberinntal,"Private - For Staff, Visitors or Customers",2
75285,Kitzbühel Supercharger,Tesla (Tesla-only charging),47.459205,12.385998,Kitzbühel,Public - Membership Required,3
75271,Adeo Alpin St. Johann,Tesla (Tesla-only charging),47.515676,12.420368,St. Johann in Tirol,"Private - For Staff, Visitors or Customers",1
75266,Adeo Alpin Zederhaus,Tesla (Tesla-only charging),47.151267,13.509877,Zederhaus,"Private - For Staff, Visitors or Customers",1
75189,Hotel Seehof,Tesla (Tesla-only charging),47.65126,12.337892,Kössen,"Private - For Staff, Visitors or Customers",2
75188,Hotel Schloss Thannegg-Moosheim,Tesla (Tesla-only charging),47.4259,13.906865,Michaelerberg,"Private - For Staff, Visitors or Customers",1
75059,Hotel Alpina Deluxe,Tesla (Tesla-only charging),46.871786,11.029986,Obergurgl,"Private - For Staff, Visitors or Customers",2
75057,Grandhotel Lienz,Tesla (Tesla-only charging),46.831243,12.771721,Lienz,"Private - For Staff, Visitors or Customers",2
75011,Hotel Restaurant Tannenhof,Tesla (Tesla-only charging),47.139467,10.276988,Sankt Anton am Arlberg,"Private - For Staff, Visitors or Customers",1
74997,Linz-Bäckerfeldstraße,Tesla (Tesla-only charging),48.2367413,14.2405725,Traun,Public - Membership Required,2
74976,"Ladestation FMZ, 8280 Fürstenfeld",SMATRICS Netz,47.054957,16.077884,Hartberg-Fürstenfeld,Public - Membership Required,39
74829,"Schnellladestation MPREIS, 6410 Telfs",SMATRICS Netz,47.30348,11.07171,Telfs,Public,3
74828,"OMV, 6574 Pettneu am Arlberg",SMATRICS Netz,47.148886,10.373762,Pettneu am Arlberg,Public - Membership Required,2
74827,"OMV, 6820 Frastanz",SMATRICS Netz,47.224682,9.616976,Frastanz,Public - Membership Required,32
74826,"Schnellladestation McDonald's, 8431 Leibnitz",SMATRICS Netz,46.805565,15.560605,Gralla,Public - Membership Required,33
74825,"Schnellladestation Raststation Dokl, 8200 Hofstätt",SMATRICS Netz,47.082224,15.739736,Hofstätten an der Raab,Public - Membership Required,3
74824,H2O Therme,SMATRICS Netz,47.1771983671464,16.001007544458,Bad Waltersdorf,Public - Membership Required,6
74799,Kurzentrum Bad Bleiberg,Tesla (Tesla-only charging),46.627974,13.674789,Bad Bleiberg,"Private - For Staff, Visitors or Customers",2
74777,OMV Tankstelle,SMATRICS Netz,48.196316055969604,14.5274506541061,St. Valentin,Public - Membership Required,12
74776,Tesla Supercharger St Valentin,Tesla (Tesla-only charging),48.19669429537913,14.528113658365442,Gemeinde Sankt Valentin,Public - Membership Required,8
74386,Panoramahotel Inntalerhof,Tesla (Tesla-only charging),47.311475,11.144581,Seefeld,"Private - For Staff, Visitors or Customers",2
74384,Villach Supercharger,Tesla (including non-tesla),46.604164,13.869183,Villach,Public - Membership Required,8
72121,Hotel BinderS,Tesla (Tesla-only charging),47.2597402761891,11.4135074615479,Innsbruck,"Private - For Staff, Visitors or Customers",6
72119,Dr.Glatz-Straße,(Business Owner at Location),47.260039723019,11.414345651865,Innsbruck,Public - Pay At Location,2
71742,Gut Aiderbichl,(Business Owner at Location),47.8940072,13.2210497999999,Henndorf am Wallersee,"Private - For Staff, Visitors or Customers",2
70577,"Schnellladestation BILLA, 3400 Klosterneuburg",SMATRICS Netz,48.2979231228426,16.3340681791306,Klosterneuburg,Public,24
70505,Berghotel der Koenigsleitner,Tesla (Tesla-only charging),47.246106,12.1139344000001,Wald im Pinzgau,"Private - For Staff, Visitors or Customers",1
70005,EW-Center Reutte,(Unknown Operator),47.4939651307214,10.7248610258102,Reutte,Public,1
68430,Smatrics Ladestation Sankt Michael im Lungau (BILLA-Markt),Bilinmiyor,47.0959545935134,13.632924563403,Sankt Michael im Lungau,Public - Membership Required,1
68429,Smatrics Ladestation Bischofshofen (MERKUR),Bilinmiyor,47.4099551044318,13.2172031606091,Bischofshofen,Public - Membership Required,1
68428,Smatrics Ladesäule Anif (Hotel Kaiserhof),Bilinmiyor,47.7271187907231,13.0603978295171,Anif,Public - Membership Required,1
67850,12,EVBox,47.2413,12.15512,Gemeinde Krimml,Bilinmiyor,1
66674,Airport Wiena,TANKE Wien Energie,48.126168,16.565254,Wien-Umgebung,Public,4
66183,Sinnesberger Mineralölvertriebs-GmbH,(Unknown Operator),47.5384690750927,12.4408459,Kirchdorf in Tirol,Public - Notice Required,2
64784,Tesla Supercharger Lermoos,Tesla (including non-tesla),47.39486577953602,10.8875244385857,Lermoos,Public,4
62776,Weidachstraße,Stadtwerke Clausthal-Zellerfeld,47.488377,9.736969,Bregenz,Bilinmiyor,1
62771,Langgasse 122,Stadtwerke Clausthal-Zellerfeld,47.27203287602151,9.617351304488011,Feldkirch,Public - Notice Required,1
62769,Trattenbach,EVBox,47.23036,12.21142,Wald im Pinzgau,Bilinmiyor,1
62767,Anton-Ammann-Straße,Stadtwerke Clausthal-Zellerfeld,47.084972,9.884046,Bludenz,Bilinmiyor,1
61187,Das Kronthaler Hotel ,(Business Owner at Location),47.5099735273587,11.6956537266014,Achenkirch,"Private - For Staff, Visitors or Customers",3
60584,Gemeindeamt Marktgemeinde Fieberbrunn,(Unknown Operator),47.4768397,12.5443147999999,Fieberbrunn,Public,1
60550,Marktgemeinde Fieberbrunn,(Unknown Operator),47.4768397,12.5443148,Fieberbrunn,Public,1
60549,Marktgemeinde Fieberbrunn,Bilinmiyor,47.4768397,12.5443147999999,Fieberbrunn,Public,1
58003,Bergbahnen Steinplatte,(Unknown Operator),47.5875522,12.5638068000001,Waidring,Public - Pay At Location,2
57605,Laden & Parken,(Unknown Operator),47.3068805412142,11.0741205650902,Telfs,Public - Pay At Location,13
56922,Gemeindeamt,(Business Owner at Location),47.9886403,13.5531115,Gampern,Privately Owned - Notice Required,1
53578,B168,Essent (NL),47.29909,12.78816,Zell am See,Bilinmiyor,1
53562,Silberegger Straße,Essent (NL),46.870588,14.470613,Althofen,Bilinmiyor,1
53557,Süd Autobahn,Essent (NL),46.682182,14.67626,Gemeinde Völkermarkt,Bilinmiyor,1
53556,B111 123,Essent (NL),46.662611,13.079028,Dellach,Bilinmiyor,1
53555,Marktstraße,Essent (NL),46.566755,13.868455,Finkenstein am Faaker See,Bilinmiyor,1
53554,Nussallee 1,Kelag AG,46.55034543845349,13.709437706921562,Marktgemeinde Arnoldstein,Bilinmiyor,1
51650,Genusshotel Das Sonnbichl,(Business Owner at Location),47.1386134,10.2806217,St. Anton am Arlberg ,Public - Notice Required,1
47153,Stadtwerke Köflach,(Unknown Operator),47.0605452,15.0785917,Köflach,Public,2
42386,Alpson Elektroladestation Retz,(Business Owner at Location),48.7678368767061,15.9437584877014,Retz,Public - Pay At Location,1
42385,Alpson Elektroladestation Horn,(Unknown Operator),48.6599586144846,15.6499224901199,Horn,Public - Pay At Location,4
41322,Sascha Pölzl,(Unknown Operator),48.1011418,16.140187,Sulz im Wienerwald,Privately Owned - Notice Required,2
41188,VAREnergy - VARENA BetriebsgesmbH,(Unknown Operator),48.0029821286528,13.6693966664093,Vöcklabruck,Public,2
31704,Wiener Nordrand Schnellstraße,Essent (NL),48.245509,16.46371,Wien,Bilinmiyor,1
31699,Donaustadtstraße 49,Essent (NL),48.219532,16.444245,Wien,Bilinmiyor,1
31698,Wiedner Hauptstraße,Essent (NL),48.192416,16.366641,Wien,Bilinmiyor,1
31694,Quaringasse,Essent (NL),48.17102,16.356819,Wien,Bilinmiyor,1
31693,Laaer-Berg-Straße 66,Essent (NL),48.165903,16.388721,Wien,Bilinmiyor,1
31689,Oberlaaer Straße 276,Essent (NL),48.146788,16.366614,Wien,Bilinmiyor,1
31633,Schattwald 4,ladenetz.de,47.5144,10.4618,Schattwald,Bilinmiyor,2
31596,Kirchweg,ladenetz.de,47.358002,10.187,Mittelberg,Bilinmiyor,1
31574,Europaplatz,Essent (NL),47.074451,12.7521,Heiligenblut,Bilinmiyor,1
31570,Hof 12,Essent (NL),47.039389,12.843761,Heiligenblut,Bilinmiyor,1
31551,Untere Brunnenstraße,Stadtwerke Clausthal-Zellerfeld,46.873345,15.910033,Bad Gleichenberg,Bilinmiyor,1
31549,Auenstraße,Essent (NL),46.847553,14.84101,Wolfsberg,Bilinmiyor,1
31546,Paracelsusweg,Essent (NL),46.831579,14.847348,Wolfsberg,Bilinmiyor,1
31545,Auenfischerstraße,Essent (NL),46.824689,14.84597,Wolfsberg,Bilinmiyor,1
31539,Tiroler Straße,Essent (NL),46.801236,13.492163,Spittal an der Drau,Bilinmiyor,1
31537,Kelag Ladesäule (Freizeitbad Drautalperle),Innogy SE (RWE eMobility),46.79424046107238,13.486813798776666,Spittal an der Drau,Public,1
31535,Alte Längseerstraße,Essent (NL),46.780989,14.431305,Sankt Georgen am Längsee,Bilinmiyor,1
31533,Dr.-Arthur-Lemisch-Straße,Essent (NL),46.769535,14.359492,Sankt Veit an der Glan,Bilinmiyor,1
31532,Haupstraße,Essent (NL),46.768997,14.457212,Sankt Georgen am Längsee,Bilinmiyor,1
31531,Friesacher Straße 1,Essent (NL),46.76898,14.361275,Sankt Veit an der Glan,Bilinmiyor,1
31530,Spitalgasse 19,Essent (NL),46.768734,14.355255,Sankt Veit an der Glan,Bilinmiyor,1
31529,Völkermarkter Straße,Essent (NL),46.76696,14.363483,Sankt Veit an der Glan,Bilinmiyor,1
31526,B87,Essent (NL),46.743004,13.185272,Greifenburg,Bilinmiyor,1
31525,L113,Essent (NL),46.742637,14.617251,Gemeinde Diex,Bilinmiyor,1
31524,Martin-Luther-Straße,Essent (NL),46.732367,14.085108,Feldkirchen in Kärnten,Bilinmiyor,1
31521,Dorfstraße 165,Essent (NL),46.713763,13.687499,Fresach,Bilinmiyor,1
31520,L7a,Essent (NL),46.71347,13.294327,Weißensee,(Unknown),1
31517,Bus,Essent (NL),46.7055,14.86775,Gemeinde Sankt Paul im Lavanttal,Bilinmiyor,1
31516,B70 39,Essent (NL),46.703687,14.731017,Griffen,Bilinmiyor,1
31515,Kreuzner Straße,Essent (NL),46.699987,13.664889,Paternion,Bilinmiyor,1
31514,Laaser Straße 39,Essent (NL),46.698886,12.98964,Kötschach-Mauthen,Bilinmiyor,1
31512,Ossiachersee-Südufer Straße,Essent (NL),46.675553,13.984098,Ossiach,Bilinmiyor,1
31511,Bleistraße 3,Essent (NL),46.661493,14.620062,Völkermarkt,Bilinmiyor,1
31510,Wachenbuchener Straße,Essent (NL),46.659399,14.178768,Moosburg,Bilinmiyor,1
31509,Halli Hallo Platz,Essent (NL),46.646407,13.870142,Gemeinde Villach (Stadt),Bilinmiyor,1
31508,Bahnhofplatz,Essent (NL),46.6363,14.143971,Gemeinde Pörtschach am Wörthersee,Bilinmiyor,1
31507,Feschnigstraße 11,Essent (NL),46.634109,14.307263,Klagenfurt (Stadt),Bilinmiyor,1
31506,Radniger Straße,Essent (NL),46.62963,13.370427,Hermagor,Bilinmiyor,1
31505,B111,Essent (NL),46.629011,13.379168,Gemeinde Hermagor-Pressegger See,Bilinmiyor,1
31504,Villacher Straße,Essent (NL),46.627798,13.375378,Hermagor,Bilinmiyor,1
31502,Schlossallee,Essent (NL),46.626315,14.214118,Gemeinde Krumpendorf am Wörthersee,Bilinmiyor,1
31500,Viktringer Ring,Essent (NL),46.620735,14.309784,Klagenfurt (Stadt),Bilinmiyor,1
31499,Klopeiner Straße,Essent (NL),46.617603,14.465625,Grafenstein,Bilinmiyor,1
31498,Bahnhofstraße 61,Essent (NL),46.617557,14.312931,Klagenfurt (Stadt),Bilinmiyor,1
31497,Universitätsstraße,Essent (NL),46.617365,14.263493,Klagenfurt (Stadt),Bilinmiyor,1
31496,Sankt Magdalener Straße,Essent (NL),46.617004,13.875756,Villach,Bilinmiyor,1
31495,Primusweg,Essent (NL),46.616225,14.16198,Maria Wörth,Bilinmiyor,1
31494,Nikolaigasse 43,Essent (NL),46.614989,13.855723,Villach,Bilinmiyor,1
31493,Lakeside B09,Essent (NL),46.614119,14.26187,Klagenfurt (Stadt),Bilinmiyor,1
31492,Villacher Straße,Essent (NL),46.613734,14.039503,Velden am Wörther See,Bilinmiyor,1
31491,Freihausgasse 13,Essent (NL),46.61277,13.84751,Villach,Bilinmiyor,1
31490,Wörthersee Süduferstraße,Essent (NL),46.606314,14.18261,Maria Wörth,Bilinmiyor,1
31489,Gewerbezeile 16,Essent (NL),46.605475,13.871716,Villach,Bilinmiyor,1
31488,Bruno-Kreisky-Straße,Essent (NL),46.603284,13.870447,Villach,Bilinmiyor,1
31487,Kärntner Straße 34,Essent (NL),46.595708,13.835837,Villach,Bilinmiyor,1
31486,Siemensstraße,Essent (NL),46.595491,13.85395,Villach,Bilinmiyor,1
31485,R1F Klopeinerseeweg,Essent (NL),46.591512,14.641155,Gemeinde Eberndorf,Bilinmiyor,1
31484,10.-Oktober Platz,Essent (NL),46.590594,14.796509,Bleiburg/Pliberk,Bilinmiyor,1
31483,Kadischenallee,Essent (NL),46.589336,13.828219,Villach,Bilinmiyor,1
31482,B81,Essent (NL),46.578209,14.747333,Gemeinde Feistritz ob Bleiburg,Bilinmiyor,1
31481,Rosentalstraße,Essent (NL),46.555005,14.038607,St. Jakob im Rosental,Bilinmiyor,1
31302,LBS Zistersdorf,(Business Owner at Location),48.5440292198886,16.7600834369659,Zistersdorf,Public,3
31203,Schloßplatz,(Unknown Operator),48.3812586,16.5186763,Wolkersdorf,Public,2
24708,Salzburg Supercharger,Tesla (Tesla-only charging),47.7270698,13.0606792999999,Gemeinde Anif,Public,12
24692,FASTBOX Autowerkstatt für alle Marken,(Unknown Operator),47.8229695621226,16.2149009965286,Wiener Neustadt (Stadt),Public - Notice Required,1
24690,Energiesparen Peter Thiel,(Unknown Operator),47.8176129,16.2553184999999,Wiener Neustadt,Public - Notice Required,1
24689,Atelier Lisa Wolf,(Unknown Operator),47.7954273,16.2438928,Wiener Neustadt,Privately Owned - Notice Required,1
24688,Arena Nova,(Unknown Operator),47.84073275,16.2540641004725,Wiener Neustadt,Public - Notice Required,1
23057,Voitsberg Hauptplatz Stadtwerke Libro,(Unknown Operator),47.0489630644367,15.1483141055919,Voitsberg,Public,1
20714,St Anton Supercharger,Tesla (including non-tesla),47.1302208276067,10.269330739975,"St. Anton am Arlberg, ",Public,10
20703,Arlbergstrasse,Vlotte,47.130137,10.269231,St Anton am Arlberg,Public,1
20495,SMATRICS Merkur-Markt Brünner Straße,(Business Owner at Location),48.29971,16.42223,Wien,Public - Membership Required,1
18202,Schnellladestation McDonald's Stockerau,SMATRICS Netz,48.389199,16.179812,Stockerau,Public,22
16201,Wien,(Unknown Operator),48.2081743,16.37381890000006,Vienna ,(Unknown),1
15627,Solarchargepoint Michelhausen,(Business Owner at Location),48.17227,15.562871,Michelhausen,Public,1
15612,Spitz Hotel,(Unknown Operator),48.3104728,14.282232700000009,Linz,(Unknown),1
15604,(Ready For Nature) RFN Store Brixlegg,(Unknown Operator),47.4374494,11.883132599999954,Brixlegg,(Unknown),1
15603,Interalpen-Hotel Tyrol,(Unknown Operator),47.3304369,11.124068899999997,Telfs-Buchen/Seefeld,(Unknown),1
15602,Feldkirch,(Unknown Operator),47.2359903,9.596753600000056,Feldkirch,Privately Owned - Notice Required,1
6630,Buchberg/Salzburg,(Private Residence/Individual),47.401111,13.234044,Bischofshofen,Privately Owned - Notice Required,1
6367,SPAR Österr. Warenhandels AG (Bike Access Only),(Unknown Operator),46.6312123,13.8806425,,Public,8
