OCM_ID,Istasyon_Adi,Operator,Enlem,Boylam,Sehir,Kullanim_Tipi,Priz_Sayisi
487888,Allego - Burger King Le Muy,Allego BV,43.46698587989542,6.548151483664469,Le Muy,Public,4
487699,Tesla Supercharger Dardilly Nord,Tesla (including non-tesla),45.82493620505301,4.761945120702791,Dardilly,Public,28
487532,Tesla Supercharger Brétigny-sur-Orge,Tesla (including non-tesla),48.59039356937646,2.3009363698125753,Brétigny-sur-Orge,Public,9
487364,Atlante - Poitiers - La Mie Câline,Atlante,46.61401977235829,0.3485599906512107,Poitiers,Public,8
487363,Atlante - Poitiers - Quick,Atlante,46.5481856528925,0.29825555341051313,Poitiers,Public,8
487362,Atlante - Colomiers - Aldi,Atlante,43.60952073321798,1.3446813467070342,Colomiers,Public,4
487361,Atlante - Saint-Martin-Boulogne - Kiabi,Atlante,50.731752246892086,1.668587891150878,Saint-Martin-Boulogne,Public,4
487360,Atlante - Saint-Martin-Boulogne - Easy Cash Boulogne,Atlante,50.73417524751315,1.6778103666518973,Saint-Martin-Boulogne,Public,4
487359,Atlante - Laon - JMT,Atlante,49.54899121913397,3.612247953273936,Laon,Public,6
487302,Atlante - Houssen - Kiabi,Atlante,48.12713174643446,7.3648966960886355,Houssen,Public,8
487301,Atlante - Flins-sur-Seine - Del Arte,Atlante,48.96835662520314,1.8669583100836462,Flins-sur-Seine,Public,6
487300,Atlante - Savernay - La Boucherie,Atlante,47.37365146955298,-1.9347925359710416,Savernay,Public,4
487299,Atlante - Laval - Basic Fit,Atlante,48.07819672791845,-0.8004890857855571,Laval,Public,4
487298,Atlante - Plérin - Gifi,Atlante,48.53075411900744,-2.7548330650536172,Plérin,Public,8
487297,Atlante - Falaise - Bricomarché,Atlante,48.91299050853692,-0.20621837522071473,Falaise,Public,8
487296,Atlante - Mondeville - Del Arte,Atlante,49.163464977515474,-0.3023897198878558,Mondeville,Public,8
487294,Zunder - A28 - Aire de Risle et Charentonne,Zunder,49.13862788292349,0.5787315159225273,Courbépine,Public,11
487206,6 Montée du Château,Qovoltis,45.6919232116083,5.028922553024586,Saint-Bonnet-de-Mure,Public - Pay At Location,2
487193,Atlante - Frouard - Maxi Zoo,Atlante,48.74813204729415,6.146633318535123,Frouard,Public,8
487191,Atlante - Puilboreau - Darty,Atlante,46.175037420959,-1.1232714040256724,Puilboreau,Public,4
487190,Allego - Burger King Villejuif,Allego BV,48.780173862696046,2.3685726195732286,Villejuif,Public,4
487189,Allego - Burger King Béthune,Allego BV,50.52515176592874,2.627220862108061,Béthune,Public,4
487187,Electra - Gennevilliers - Campanile Paris Ouest,Electra,48.93748517596316,2.277216134324817,Gennevilliers,Public,6
486928,Electra - Allonne - Retail Park,Electra,49.40734370894228,2.1143569277808183,Allonne,Public,6
486926,Electra - Survilliers - Grand Frais,Electra,49.096804798291714,2.531725609001569,Survilliers,Public,6
486485,Tesla Supercharger Tarbes,Tesla (including non-tesla),43.23486169138178,0.045815175352572624,Tarbes,Public,7
486361,Rond-Point du Docteur Laurent Schwartz,Izivia (Sodetrel),48.76027803267229,1.9186511930081451,Maurepas,Public,1
486360,Avenue Gutenberg,Allego BV,48.76044453962737,1.917409099778979,Maurepas,Public,1
486188,Mobilize - Chaufour-Lès-Bonnières,Mobilize (FR),49.01909386854291,1.48271804178205,Chaufour-Lès-Bonnières,Public,6
486187,Atlante - Chalon-sur-Saône - KFC,Atlante,46.77534371545792,4.864747966777259,Chalon-sur-Saône,Public,6
485718,Electra - Nanterre - Première Classe Paris Ouest,Electra,48.91888574833234,2.2204741470768568,Nanterre,Public,8
485659,Electra - Biarritz - Grand Frais,Electra,43.46688855124984,-1.5417456693430722,Biarritz,Public,6
485274,Electra - Mantes-la-Ville - Grand Frais,Electra,48.97799561880896,1.7216137712105137,Mantes-la-Ville,Public,6
485273,Electra - Senlis - Intermarché Hyper Senlis,Electra,49.22218271173935,2.5902837320197705,Senlis,Public,6
485272,Atlante - Dijon - Del Arte,Atlante,47.35989423271232,5.049548030332517,Dijon,Public,4
485102,Maison Osquich,(Unknown Operator),43.1997975300479,-1.0057226297277566,Musculdy,"Private - For Staff, Visitors or Customers",1
485101,Tesla Supercharger Abbeville,Tesla (including non-tesla),50.099947181218056,1.8571750931753286,Abbeville,Public,8
481549,Tesla Supercharger Limoges - Avenue des Casseaux,Tesla (including non-tesla),45.844386439852315,1.2884133519644365,Limoges,Public,9
481548,Mobilize - Renault Vannes,Mobilize (FR),47.654651694334916,-2.737917921195617,Vannes,Public,4
481479,Camping Les Hirondelles ,(Unknown Operator),48.1712271694891,5.558052946834437,Bourg-Sainte-Marie ,"Private - For Staff, Visitors or Customers",1
480943,Carrefour Market - Sassenage,Drive Eco,45.218160549541835,5.660654169598956,Sassenage,Public - Pay At Location,4
480942,Electra - Mitry-Mory - Intermarché Super,Electra,48.97643523247362,2.6138397506097135,Mitry-Mory,Public,6
480929,North Shoreline Boulevard,Révéo (FR),44.519772082369514,3.9102219581121744,PREVENCHERES,Public - Membership Required,1
480801,Electra - Fresnes - Grand Frais,Electra,48.76349594046505,2.3344490699566904,Fresnes,Public,6
480798,Ionity - Bordeaux-Artigues,Ionity,44.86833368912218,-0.4981462825207075,Artigues-près-Bordeaux,Public,6
480792,Tesla Supercharger Roissy - Avenue du Bois de la Pie,Tesla (including non-tesla),48.99026928861812,2.5141314029895057,Roissy-en-France,Public,12
480762,Zunder - La Madeleine-de-Nonancourt,Zunder,48.78002326769297,1.2051207156057444,La Madeleine-de-Nonancourt,Public,4
480761,Electra - Perpignan - Grand Frais,Electra,42.737498114727515,2.8907008345095164,Perpignan,Public,6
480755,Tesla Supercharger Goussainville,Tesla (including non-tesla),49.0209884285392,2.467674427986026,Goussainville,Public,9
480749,Fastned - Valence Sud,FastNed,44.906370578314466,4.879961267922454,Valence,Public,10
480735,Place du Général de Gaulle,(Unknown Operator),47.91702671567177,5.993896917780376,,Public - Membership Required,3
480687,Electra - Saran - Grand Frais,Electra,47.946127283985476,1.8919179229640122,Saran,Public,6
480686,BP Pulse Aire de Repos de la Courte Epée,BP Pulse (UK),47.53667642299936,0.9620505857753869,Auzouer-en-Touraine,Public,10
480685,BP Pulse Aire de Repos de la Picardière,BP Pulse (UK),47.53457712516868,0.9624413143277479,Auzouer-en-Touraine,Public,10
480684,Allego - Burger King Riom,Allego BV,45.875264879565094,3.1165086446485475,Riom,Public,4
480683,Electra - Orsay - Grand Frais,Electra,48.68510752373558,2.188316448881551,Orsay,Public,6
480682,Mobilize - Renault Valserhône,Mobilize (FR),46.11919103182015,5.808806435396377,Valserhône,Public,4
480669,Tesla Supercharger Castelnaudary,Tesla (including non-tesla),43.29426620158915,1.9534268423892627,Castelnaudary,Public,12
480668,Tesla Supercharger Vesoul,Tesla (including non-tesla),47.63141737202818,6.140269178720473,Vesoul,Public,8
480667,Tesla Supercharger Cosne-Cours-sur-Loire,Tesla (including non-tesla),47.38358075807082,2.917938497339037,Cosne-Cours-sur-Loire,Public,8
480666,Tesla Supercharger Chilly-Mazarin,Tesla (including non-tesla),48.70656051146156,2.297582418281536,Chilly-Mazarin,Public,10
480665,SICECO - BAIGNEUX-LES-JUIFS - Parking Salle Commun,(Unknown Operator),47.60017790120264,4.648541870034819,Baigneux-les-Juifs,Public - Pay At Location,1
480627,Tesla Supercharger Scionzier,Tesla (including non-tesla),46.07009280202047,6.551000767521714,Scionzier,Public,8
480626,Tesla Supercharger Mulhouse - Rue des Cévennes,Tesla (including non-tesla),47.78211697235068,7.3869483098762885,Sausheim,Public,20
480607,PowerDot - Grand Frais - L'Isle-d'Abeau,Power Dot,45.613408087316856,5.232812285232285,L'Isle-d'Abeau,Public - Pay At Location,4
480548,Tesla Supercharger Phalsbourg,Tesla (including non-tesla),48.77269215205638,7.2432475060941215,Phalsbourg,Public,8
480327,LIDL Canet-en-Roussillon ,Lidl,42.701783837841475,3.0217303475571953,Canet-en-Roussillon ,Public,4
480032,Izivia Fast - Mc Donald's - Brie-Comte-Robert,Izivia (Sodetrel),48.7016603281744,2.59752533908636,Brie-Comte-Robert,Public,2
480031,Izivia Fast - Mc Donald's - Avesnes-sur-Helpe,Izivia (Sodetrel),50.127489516826046,3.931390556227825,Avesnes-sur-Helpe,Public,2
480030,Izivia Fast - Mc Donald's - Olivet,Izivia (Sodetrel),47.84559702536973,1.917846886799225,Olivet,Public,2
479874,Zunder - Aire de Loiret,Zunder,48.08328600833556,2.4698361298495684,Beaune-la-Rolande,Public,3
479873,Mobilize - Roye,Mobilize (FR),49.70970814559996,2.773979369745348,Roye,Public,6
479872,Allego - Cormontreuil - Darty,Allego BV,49.21446905274067,4.044394792766752,Cormontreuil,Public,4
479871,Carrefour Energies - Aix-en-Provence Les Milles,Allego BV,43.50570639300409,5.399149742232339,Aix-en-Provence,Public,10
479870,Atlante - Nîmes - Del Arte,Atlante,43.81907660703206,4.354122366434922,Nîmes,Public,8
479868,Electra - Livry-Gargan - Lidl,Electra,48.92569564436354,2.548935687499693,Livry-Gargan,Public,6
479867,Electra - Quimper - KFC,Electra,48.01457465862575,-4.08153846354503,Quimper,Public,6
479865,Allego - Burger King Lesparre-Médoc,Allego BV,45.287567288437884,-0.9219737828927919,Lesparre-Médoc,Public,4
479864,Electra - Montargis - Carrefour Amilly,Electra,47.973690283680156,2.7351403609243334,Amilly,Public,6
479863,Electra - Athis-Mons - Super U,Electra,48.70627516202728,2.3956963809763465,Athis-Mons,Public,4
479808,Tesla Supercharger Cholet,Tesla (including non-tesla),47.079148894092896,-0.834307382618249,Cholet,Public,8
479807,"Tesla Supercharger Le Mans, Rue des Frères Voisin",Tesla (including non-tesla),48.03279474792757,0.17642122342294897,Le Mans,Public,9
479015,Tesla Supercharger Livry-Gargan,Tesla (including non-tesla),48.92751690232868,2.548519445980105,Livry-Gargan,Public,7
479014,Tesla Supercharger Brive-la-Gaillarde,Tesla (including non-tesla),45.14681869945289,1.4803039248545247,Brive-la-Gaillarde,Public,9
478984,PowerDot - Briconautes - Saint-Cyprien,Power Dot,44.864081054598216,1.0418946330509016,Saint-Cyprien,Public,4
478983,PowerDot - Darty - Bergerac,Power Dot,44.83483000247281,0.47850765252508154,Bergerac,Public,4
478982,PowerDot - Intermarché - Bergerac,Power Dot,44.833040680344936,0.4778470033525082,Bergerac,Public,2
478981,PowerDot - La Foir'Fouille - Bergerac,Power Dot,44.83660424176023,0.45483644480646035,Bergerac,Public,8
478980,PowerDot - Action - Bergerac,Power Dot,44.83537775861504,0.4512764728294769,Bergerac,Public,4
478979,PowerDot - La Boucherie - Saint-Laurent-des-Vignes,Power Dot,44.83334079607471,0.44086192770146226,Saint-Laurent-des-Vignes,Public,4
478965,PowerDot - U Express - Pineuilh,Power Dot,44.841148487875216,0.22756889123047586,Pineuilh,Public,8
478825,"Serge BULTEZ, Le BAUGYTE",(Unknown Operator),46.296286201580074,4.02868119437278,Baugy (71),"Private - For Staff, Visitors or Customers",1
478730,Place des Arcades,EVzen (FR),46.0586102526739,6.3760611941844445,,Public,4
478728,Rue des Cournues,R3,47.067673964829055,5.453606712982264,,Public,4
478726,McDonald's,Izivia (Sodetrel),48.62631994833188,4.965923638417962,Saint-Dizier,Public,2
478675,PowerDot - Intermarché - Is-sur-Tille,Power Dot,47.529972592074074,5.115840585429055,Is-sur-Tille,Public,4
478674,PowerDot - Intermarché - Langres,Power Dot,47.870846000001194,5.340843000002792,Langres,Public,4
478673,PowerDot - Super U - Nogent,Power Dot,48.03312873264119,5.3494883662554,Nogent,Public,4
478672,PowerDot - Hôtel F1 - Chaumont,Power Dot,48.0866995565265,5.146001063769063,Chaumont,Public,4
478671,PowerDot - U Express - Châtenois,Power Dot,48.29954432113428,5.842787469213249,Châtenois,Public,6
478670,PowerDot - Chaussea - Neufchateau,Power Dot,48.366495261156786,5.707667230466086,Neufchâteau,Public,4
478669,PowerDot - Supermarché Match - Neufchâteau,Power Dot,48.352502973709164,5.692557698073074,Neufchâteau,Public,4
478668,PowerDot - Super U - Liffol-le-Grand,Power Dot,48.3225969881982,5.575923301744297,Liffol-le-Grand,Public,2
478667,PowerDot - Carrefour - Toul,Power Dot,48.66420026529829,5.887993657183188,Toul,Public,10
478666,PowerDot - Super U - Toul,Power Dot,48.680624308450376,5.889447493960915,Toul,Public,4
478665,PowerDot - Intermarché - Écrouves,Power Dot,48.679608644427475,5.8723791588522545,Écrouves,Public,4
478664,PowerDot - Intermarché - Commercy,Power Dot,48.75612661479775,5.58605170182534,Commercy,Public,2
478662,PowerDot - Supermarché Match - Commercy (Morelle),Power Dot,48.75915185399114,5.589840976117898,Commercy,Public,4
478660,PowerDot - Supermarché Match - Commercy (Rue d'Euville),Power Dot,48.7598660229381,5.604646031818447,Commercy,Public,4
478658,PowerDot - La Boucherie - Laon,Power Dot,49.570177263368834,3.6564251320154426,Laon,Public,4
478655,PowerDot - Chaussea - Hirson,Power Dot,49.90996632511295,4.091067798613494,Hirson,Public,4
478653,PowerDot - Intermarché - Vireux-Molhain,Power Dot,50.075720492561885,4.724045837976973,Vireux-Molhain,Public,4
478651,PowerDot - Supermarché Match - Charleville-Mézières,Power Dot,49.758098256619036,4.726210025417572,Charleville-Mézières,Public,10
478649,PowerDot - Carrefour - Villers-Semeuse,Power Dot,49.73446432657278,4.752117605364674,Villers-Semeuse,Public,10
478645,PowerDot - Carrefour - Verdun,Power Dot,49.142729391601904,5.4082925543388,Verdun,Public,6
478644,PowerDot - Intermarché - Longuyon,Power Dot,49.43144271633503,5.616975384297575,Longuyon,Public,6
478643,PowerDot - Intermarché - Longwy,Power Dot,49.5153405441113,5.751237297624016,Longwy,Public,2
478642,PowerDot - Supermarché Match - Villerupt,Power Dot,49.470211009333525,5.925710039513206,Villerupt,Public,4
478641,PowerDot - Super U - Fontoy,Power Dot,49.356348699620185,5.979743030396094,Fontoy,Public,6
478638,PowerDot - Station U - Algrange,Power Dot,49.347773224975754,6.037933066147048,Algrange,Public,2
478637,PowerDot - McDonald's - Thionville,Power Dot,49.35789275762312,6.139389628911886,Thionville,Public,10
478636,PowerDot - Supermarché Match - Yutz,Power Dot,49.35739126667974,6.19140386484105,Yutz,Public,4
478635,PowerDot - Intermarché - Jarny,Power Dot,49.16128039644363,5.872519666862445,Jarny,Public,4
478634,PowerDot - Supermarché Match - Jarny,Power Dot,49.16600243310069,5.863087222534091,Jarny,Public,6
478613,PowerDot - Super U - Briey,Power Dot,49.25560283663165,5.944515777424613,Val de Briey,Public,6
478610,PowerDot - Chaussea - Val de Briey,Power Dot,49.254034930664915,5.94873609816068,Val de Briey,Public,22
478609,PowerDot - Carrefour - Sainte-Marie-aux-Chênes,Power Dot,49.197021101055384,5.993416018902053,Sainte-Marie-aux-Chênes,Public,11
478608,PowerDot - Chaussea - Sainte-Marie-aux-Chênes,Power Dot,49.19787552744691,5.996484414785982,Sainte-Marie-aux-Chênes,Public,6
478607,PowerDot - Chaussea - Valleroy,Power Dot,49.21199037045511,5.939170691950039,Valleroy,Public,4
478596,Atlante - Graçay - La Plaisance Bar-Restaurant,Atlante,47.10556738483871,1.8827916302228687,Graçay,Public,8
478595,PowerDot - Supermarché Match - Jœuf,Power Dot,49.225091424922,6.016108096868493,Jœuf,Public,6
478594,PowerDot - Marie Blachère - Amnéville,Power Dot,49.255756013800664,6.129581509439959,Amnéville,Public,6
478593,PowerDot - Buffalo Grill - Amnéville,Power Dot,49.2465576272383,6.1353266671131905,Amnéville,Public,4
478592,PowerDot - Carrefour - Mondelange,Power Dot,49.26056785288819,6.176244680571017,Mondelange,Public,10
478591,PowerDot - Super U - Talange,Power Dot,49.241905609984855,6.172234702263495,Talange,Public,4
478590,PowerDot - Marques Avenue - Talange,Power Dot,49.22998537048542,6.180027529299764,Talange,Public,16
478589,PowerDot - Hotel Campanile - Metz Nord,Power Dot,49.14982309329278,6.176034780377108,Woippy,Public,10
478588,PowerDot - Carrefour - Metz-Technopôle,Power Dot,49.10621877626272,6.227739836251658,Metz,Public,10
478500,PowerDot - Super U - Montigny-lès-Metz,Power Dot,49.08793892979338,6.156336068221435,Montigny-lès-Metz,Public,4
478499,PowerDot - Carrefour - Moulins-lès-Metz,Power Dot,49.0839661238183,6.109518749512972,Moulins-lès-Metz,Public,20
478498,PowerDot - Action - Augny,Power Dot,49.076575902122386,6.105823880074922,Augny,Public,4
478497,PowerDot - Veterinaire Aunys - Augny,Power Dot,49.075008705402496,6.1073000680764835,Augny,Public,4
478496,PowerDot - Intermarché - Pont-à-Mousson,Power Dot,48.920704140956275,6.058052578773186,Pont-à-Mousson,Public,4
478495,PowerDot - Supermarché Match - Pont-à-Mousson,Power Dot,48.917968802449025,6.06442383646413,Pont-à-Mousson,Public,8
478494,PowerDot - Buffalo Grill - Pont-À-Mousson,Power Dot,48.91028859094055,6.038862372979338,Pont-à-Mousson,Public,2
478493,Ionity Treillières,Ionity,47.279346309713674,-1.5953336441488375,Treillières,Public,6
478492,Tesla Supercharger Les Clayes-sous-Bois,Tesla (including non-tesla),48.825559574463085,1.96781573744056,Les Clayes-sous-Bois,Public,9
478475,Chargepoint,ChargePoint,50.30000389335672,2.9041596721597216,Rœux,Public - Pay At Location,1
478428,PowerDot - Supermarché Match - Champigneulles,Power Dot,48.736898553792855,6.16285581831778,Champigneulles,Public,4
478427,PowerDot - Supermarché Match - Malzéville,Power Dot,48.716309085017485,6.175450289109335,Malzéville,Public,4
478426,PowerDot - Système U - Maxéville,Power Dot,48.710544778078116,6.173163037420409,Maxéville,Public,6
478425,PowerDot - Supermarché Match - Saint-Max,Power Dot,48.70176059024146,6.212933529783186,Saint-Max,Public,4
478424,PowerDot - Supermarché Match - Villers-lès-Nancy,Power Dot,48.671839684180355,6.153049430890064,Villers-lès-Nancy,Public,4
478423,PowerDot - Restaurant Léon - Vandœuvre-lès-Nancy,Power Dot,48.65362080566908,6.183971830783776,Vandœuvre-lès-Nancy,Public,6
478422,PowerDot - But - Houdemont,Power Dot,48.643023290879995,6.184772116668796,Houdemont,Public,10
478421,PowerDot - Carrefour - Nancy Houdemont,Power Dot,48.638993654236685,6.184326206760147,Heillecourt,Public,18
478420,PowerDot - Mr. Bricolage - Dombasle-sur-Meurthe,Power Dot,48.62337424323894,6.348567911332907,Dombasle-sur-Meurthe,Public,2
478419,PowerDot - Supermarché Match - Dombasle,Power Dot,48.61008535364999,6.351454448984441,Dombasle-sur-Meurthe,Public,8
478418,PowerDot - Action - Lunéville,Power Dot,48.58479562685835,6.512651785361641,Lunéville,Public,4
478417,PowerDot - Mr. Bricolage - Moncel-lès-Lunéville,Power Dot,48.58038908704228,6.519114186353136,Moncel-lès-Lunéville,Public,4
478416,PowerDot - Carrefour - Lunéville,Power Dot,48.57837622072475,6.519976646458986,Moncel-lès-Lunéville,Public,10
478415,PowerDot - Chaussea - Moncel-lès-Lunéville,Power Dot,48.578295594646136,6.517565222058124,Lunéville,Public,4
478414,PowerDot - Supermarché Match - Charmes,Power Dot,48.3701904268637,6.289948605376594,Charmes,Public,6
478410,Tesla Supercharger Porte-de-Savoie,Tesla (including non-tesla),45.503993953327665,6.037056646707583,Porte-de-Savoie,Public,19
478405,PowerDot - Boulangerie Jeanne - Charmes,Power Dot,48.35957358099523,6.304071909177992,Charmes,Public,4
478404,PowerDot - Super U - Thaon-les-Vosges,Power Dot,48.26142426910576,6.4090702762182445,Thaon-les-Vosges,Public,4
478403,PowerDot - Supermarché Match - Thaon-les-Vosges,Power Dot,48.24655373986212,6.423715559779453,Thaon-les-Vosges,Public,4
478402,PowerDot - Basic Fit - Jeuxey,Power Dot,48.20186702833928,6.477141560782002,Jeuxey,Public,8
478401,PowerDot - La Boucherie - Epinal,Power Dot,48.19850199517791,6.475163527661607,Jeuxey,Public,2
478400,PowerDot - Lavage Label Bulle - Golbey,Power Dot,48.192242663254774,6.438783179955749,Épinal,Public,2
478399,PowerDot - Supermarché Match - Rambervillers,Power Dot,48.341021678910835,6.636548537186513,Rambervillers,Public,4
478398,PowerDot - Intermarché - Rambervillers,Power Dot,48.338790680645616,6.634866986150541,Rambervillers,Public,4
478397,PowerDot - Super U - Lemud,Power Dot,49.020173113169136,6.380377358066312,Rémilly,Public,4
478396,PowerDot - Supermarché Match - Château-Salins,Power Dot,48.82393155250526,6.507763018390278,Château-Salins,Public,8
478395,PowerDot - Supermarché Match - Dieuze,Power Dot,48.811865918744644,6.714775958423161,Dieuze,Public,6
478394,PowerDot - Intermarché - Dieuze,Power Dot,48.81851633582542,6.7219044917840165,Dieuze,Public,2
478393,PowerDot - Supermarché Match - Morhange,Power Dot,48.92447430323156,6.64499760246963,Morhange,Public,4
478392,PowerDot - Intermarché - Morhange,Power Dot,48.93321021290657,6.65309173290666,Morhange,Public,4
478391,PowerDot - Système U - Faulquemont,Power Dot,49.04892853633987,6.593871488825016,Faulquemont,Public,4
478390,PowerDot - Marie Blachère - Saint-Avold,Power Dot,49.09453449293434,6.717898503327547,Saint-Avold,Public,4
478389,PowerDot - Carrefour - Longeville-lès-Saint-Avold,Power Dot,49.11028749456483,6.695317274588888,Longeville-lès-Saint-Avold,Public,10
478388,PowerDot - Marie Blachère - Freyming-Merlebach,Power Dot,49.14114032103211,6.807856657551611,Freyming-Merlebach,Public,4
478387,PowerDot - Marie Blachère - Forbach,Power Dot,49.19458482322227,6.931344194883195,Forbach,Public,8
478386,PowerDot - Super U - Hambach,Power Dot,49.08741322192367,7.038767072406699,Hambach,Public,4
478385,PowerDot - Carrefour - Sarreguemines,Power Dot,49.11757932520666,7.095283965054932,Sarreguemines,Public,9
478384,PowerDot - Système U - Sarralbe,Power Dot,48.9849436925937,7.026526473291938,Sarralbe,Public,1
478383,PowerDot - Carrefour - Sarrebourg,Power Dot,48.73962376203474,7.070782361701731,Sarrebourg,Public,10
478382,PowerDot - Buffalo Grill - Sarrebourg,Power Dot,48.73746954664341,7.077521132806396,Buhl-Lorraine,Public,10
478367,PowerDot - Supermarché Match - Saverne,Power Dot,48.73575499825466,7.3651738159369415,Saverne,Public,8
478366,PowerDot - Système U - Diemeringen,Power Dot,48.938452875752546,7.1908186491339166,Diemeringen,Public,4
478365,PowerDot - Super U - Rohrbach-lès-Bitche,Power Dot,49.04724092252923,7.284362674661452,Rohrbach-lès-Bitche,Public,4
478364,PowerDot - Bricomarché - Bitche,Power Dot,49.04456679575074,7.427159929943059,Bitche,Public,2
478363,"PowerDot - Supermarché Match - Wissembourg, Peupliers",Power Dot,49.029246599153055,7.960669451406261,Wissembourg,Public,8
478362,"PowerDot - Supermarché Match - Wissembourg, Pépinière",Power Dot,49.026518856139546,7.946300938580066,Wissembourg,Public,8
478361,PowerDot - Supermarché Match - Soultz-sous-Forêts,Power Dot,48.935645788016046,7.883540143705204,Soultz-sous-Forêts,Public,4
478360,PowerDot - Ibis - Haguenau,Power Dot,48.82780625715941,7.7565222552140085,Haguenau,Public,8
478359,PowerDot - Carrefour - Haguenau,Power Dot,48.801871445399684,7.835927831200024,Haguenau,Public,10
478358,PowerDot - Super U - Bernolsheim,Power Dot,48.74736522565016,7.686545330227318,Bernolsheim,Public,4
478357,PowerDot - Gifi - Vendenheim,Power Dot,48.65770253864318,7.728533765705379,Vendenheim,Public,21
478356,PowerDot - Carrefour - Strasbourg Mundo',Power Dot,48.651552542433734,7.725847913328835,Mundolsheim,Public,10
478355,PowerDot - Shopping Promenade Coeur Alsace - Reichstett,Power Dot,48.65085291865947,7.728806060628017,Mundolsheim,Public,20
478354,PowerDot - Supermarché Match - Bischheim,Power Dot,48.612309140840324,7.765794435992575,Bischheim,Public,10
478353,PowerDot - Maison Rouge - Strasbourg,Power Dot,48.58212855556505,7.745721211108275,Strasbourg,Public,2
478352,PowerDot - Supermarché Match - Achenheim,Power Dot,48.583184806410344,7.6314987492837645,Achenheim,Public,4
478351,PowerDot - O'Pizzicato - Entzheim,Power Dot,48.541165017921884,7.652479029600954,Entzheim,Public,2
478350,PowerDot - Holiday Inn - Strasbourg Sud,Power Dot,48.510299748556946,7.6975842887814,Geispolsheim,Public,10
478349,PowerDot - Carrefour - Dorlisheim,Power Dot,48.52751857032504,7.496672863575327,Dorlisheim,Public,10
478348,PowerDot - Super U - Russ,Power Dot,48.493331882632475,7.251488266499905,Russ,Public,4
478347,PowerDot - Super U - Gertwiller,Power Dot,48.41490892043677,7.476450530334432,Gertwiller,Public,8
478346,PowerDot - Intermarché Super - Benfeld,Power Dot,48.37464703702889,7.589602411651299,Benfeld,Public,4
478345,PowerDot - Intermarché Super - Sélestat,Power Dot,48.27508143035115,7.46440127552853,Sélestat,Public,4
478344,PowerDot - Best Western - Sélestat,Power Dot,48.255494065997624,7.423668091699028,Sélestat,Public,4
478343,PowerDot - Supermarché Match - Selestat,Power Dot,48.249045730510375,7.435286598987091,Sélestat,Public,10
478342,PowerDot - Super U - Neuve-Église,Power Dot,48.338205133865614,7.316377823716266,Neuve-Église,Public,2
478341,PowerDot - Intermarché - Moyenmoutier,Power Dot,48.37794758215529,6.89305973727005,Moyenmoutier,Public,4
478340,PowerDot - Mr. Bricolage - Saint-Dié-des-Vosges,Power Dot,48.290629344104616,6.93804184359783,Saint-Dié-des-Vosges,Public,4
478338,PowerDot - Carrefour - Saint-Dié-des-Vosges,Power Dot,48.27363402576293,6.966796142499334,Saint-Dié-des-Vosges,Public,10
478337,PowerDot - Système U - Anould,Power Dot,48.19304780765273,6.949905198976921,Anould,Public,4
478336,PowerDot - Super U - Pouxeux,Power Dot,48.10961643547128,6.572505551292579,Pouxeux,Public,4
478335,PowerDot - Intermarché - Rupt-sur-Moselle,Power Dot,47.92213518017468,6.660337560880862,Rupt-sur-Moselle,Public,2
478334,PowerDot - Super U - Vagney,Power Dot,48.012001268082145,6.714496202542023,Vagney,Public,4
478333,PowerDot - Super U - Gérardmer,Power Dot,48.07624989327704,6.884856822571578,Gérardmer,Public,4
478332,PowerDot - Carrefour - Colmar,Power Dot,48.12777961602902,7.369931091230455,Houssen,Public,10
478330,PowerDot - Contact Hôtel - Colmar,Power Dot,48.08750133713659,7.360501113709461,Colmar,Public,4
478329,PowerDot - Espace Commercial Alpha - Colmar,Power Dot,48.07947233885491,7.3791522808921854,Colmar,Public,4
478328,PowerDot - Centre Commercial la Peniche - Colmar,Power Dot,48.08036425757595,7.383663982208873,Colmar,Public,4
478327,PowerDot - Ibis - Horbourg-Wihr,Power Dot,48.077419198871155,7.403081760382179,Horbourg-Wihr,Public,2
478325,PowerDot - Hyper U - Colmar,Power Dot,48.063246464673114,7.339908059229174,Colmar,Public,10
478324,PowerDot - Mr. Bricolage - Colmar,Power Dot,48.06309978799814,7.341352534281327,Colmar,Public,2
478323,PowerDot - Intermarché - Volgelsheim,Power Dot,48.01121880899308,7.535363606548572,Volgelsheim,Public,4
478322,PowerDot - Intermarché - Rouffach,Power Dot,47.967215856987764,7.302739179530022,Rouffach,Public,4
478321,PowerDot - Mr. Bricolage - Issenheim,Power Dot,47.9029024820388,7.242135546673353,Issenheim,Public,2
478320,PowerDot - Mr. Bricolage - Bollwiller,Power Dot,47.861959600302214,7.256887782654076,Bollwiller,Public,2
478317,PowerDot - Supermarché Match - Thann,Power Dot,47.80805064517841,7.105612278282024,Thann,Public,4
478315,PowerDot - Centre Commercial - Cernay,Power Dot,47.79288664813757,7.172792802079812,Cernay,Public,4
478312,PowerDot - Ma Jardinerie - Wittenheim,Power Dot,47.79827053479491,7.3093475486990656,Wittenheim,Public,4
478311,PowerDot - 123 Pare-Brise - Wittenheim,Power Dot,47.7982771091628,7.311763149347257,Wittenheim,Public,4
478308,PowerDot - Best Western - Baldersheim,Power Dot,47.80172742124162,7.379624855652537,Baldersheim,Public,2
478306,PowerDot - Boulangerie Feuillette - Sausheim,Power Dot,47.77519114187871,7.390258028833614,Sausheim,Public,2
478304,PowerDot - Ma Jardinerie - Illzach,Power Dot,47.771194333680114,7.389322848023085,Illzach,Public,4
478302,PowerDot - Super U - Riedisheim,Power Dot,47.74778192455207,7.358994064152739,Riedisheim,Public,10
478300,PowerDot - Carrefour - Mulhouse-Dornach,Power Dot,47.74049006536211,7.2935830965757305,Mulhouse,Public,10
478298,PowerDot - Super U - Brunstatt-Didenheim,Power Dot,47.72678959088313,7.320770841430658,Brunstatt-Didenheim,Public,10
478266,PowerDot - Weldom - Sierentz,Power Dot,47.66424589276548,7.445717618155868,Sierentz,Public,2
478265,PowerDot - Intermarché Super - Bartenheim,Power Dot,47.635947267406294,7.492711997361994,Bartenheim,Public,4
478264,PowerDot - Satoriz - Blotzheim,Power Dot,47.59306346489146,7.5035790283857295,Blotzheim,Public,4
478263,PowerDot - Weldom - Hésingue,Power Dot,47.57810802729972,7.5336842110826865,Hésingue,Public,2
478262,PowerDot - Supermarché Match - Huningue,Power Dot,47.590597942421624,7.575626267442544,Huningue,Public,10
478261,PowerDot - Bricomarché - Luxeuil-les-Bains,Power Dot,47.81013592662643,6.362459695290681,Luxeuil-les-Bains,Public,2
478260,PowerDot - Jour de Fête - Bessoncourt,Power Dot,47.64242323444347,6.920587558032139,Bessoncourt,Public,10
478259,PowerDot - Basic Fit - Bessoncourt,Power Dot,47.640426836784854,6.911273247605891,Bessoncourt,Public,8
478258,PowerDot - Super U - Essert,Power Dot,47.63479154548392,6.828990604325099,Essert,Public,4
478257,PowerDot - Best Western - Belfort,Power Dot,47.63350198912843,6.854324217622889,Belfort,Public,2
478256,PowerDot - Kyriad - Belfort Centre Gare,Power Dot,47.628707144003016,6.857294582339591,Belfort,Public,2
478255,PowerDot - Ibis - Danjoutin,Power Dot,47.61680226781252,6.861037337297148,Danjoutin,Public,4
478254,PowerDot - Carrefour - Belfort-Andelnans,Power Dot,47.598948729094275,6.861843020058245,Andelnans,Public,10
478253,PowerDot - Basic Fit - Héricourt,Power Dot,47.58189276295309,6.7730726319124415,Héricourt,Public,4
478252,PowerDot - Action - Lebetain,Power Dot,47.49590903283183,6.982170389994849,Delle,Public,6
478251,PowerDot - Carrefour - Montbéliard,Power Dot,47.52821221831829,6.8094224322860555,Montbéliard,Public,10
478250,PowerDot - Intermarché - Montbéliard,Power Dot,47.503465978846265,6.792429920456129,Montbéliard,Public,2
478249,PowerDot - Greet Hôtel - Montbéliard,Power Dot,47.49977457448145,6.816955882309685,Montbéliard,Public,3
478248,PowerDot - Supermarché Match - Lure,Power Dot,47.67884300906755,6.501727121031422,Lure,Public,4
478247,PowerDot - Basic Fit - Lure,Power Dot,47.67445689192962,6.513643348909795,Lure,Public,4
478246,PowerDot - Carrefour - Vesoul,Power Dot,47.62650826491546,6.171491238295403,Vesoul,Public,10
478245,PowerDot - Brit Hotel Le Vesoul - Pusey,Power Dot,47.647275277293176,6.141182585379283,Pusey,Public,4
478244,PowerDot - Mr. Bricolage - Arc-lès-Gray,Power Dot,47.4546547897593,5.59498875762506,Arc-lès-Gray,Public,2
478243,PowerDot - Intermarché - Gray,Power Dot,47.44875835122349,5.5863635387097474,Gray,Public,4
478242,PowerDot - Intermarché - Mirebeau-sur-Bèze,Power Dot,47.392810665746794,5.309805847059465,Mirebeau-sur-Bèze,Public,4
478241,PowerDot - Intermarché - Marnay,Power Dot,47.287576435037636,5.763010070307928,Marnay,Public,4
478240,PowerDot - Kiabi - Besançon,Power Dot,47.21804447012951,5.9508201570229176,Besançon,Public,8
478239,PowerDot - Intermarché - Saint-Vit,Power Dot,47.18319343525661,5.814762299782728,Saint-Vit,Public,4
478238,PowerDot - Au Bureau - Pontarlier,Power Dot,46.90759915621686,6.339020716220716,Pontarlier,Public,4
478237,PowerDot - Buffalo Grill - Pontarlier,Power Dot,46.903695552865315,6.33087894398443,Pontarlier,Public,4
478236,PowerDot - Super U - Saint-Laurent-en-Grandvaux,Power Dot,46.57191824709619,5.95643077956106,Saint-Laurent-en-Grandvaux,Public,2
478204,"L'Entrepôt du Bricolage, l'Isle-d'Abeau",TotalEnergies (FR),45.6129534737951,5.228258405032079,L'Isle-d'Abeau,Public - Pay At Location,4
477297,PowerDot - Grand Frais - Chasse-sur-Rhône,Power Dot,45.586626503583204,4.785626005122822,Chasse-sur-Rhône,Public,8
477296,PowerDot - Retail Park des Bouchardes - Crêches-sur-Saône,Power Dot,46.25084590593474,4.7928487080815785,Crêches-sur-Saône,Public,30
476147,PowerDot - Nice Valley - Nice,Power Dot,43.70396148935913,7.1942320214295705,Nice,Public,7
476144,PowerDot - Ibis Budget - Mougins,Power Dot,43.586505478047,7.007846965647104,Mougins,Public,6
476141,PowerDot - Valimmo - Mougins,Power Dot,43.61304436176667,6.970955823641816,Mougins,Public,4
476138,PowerDot - Soccer - Mougins,Power Dot,43.61230489627724,6.971980442585846,Mougins,Public,6
476135,PowerDot - Super U - Pégomas,Power Dot,43.59159025880902,6.9297971767514355,Pégomas,Public,4
476127,PowerDot - Intermarché - Peymeinade,Power Dot,43.64460333225105,6.888146685092806,Peymeinade,Public,6
476126,PowerDot - Super U - Pierrefeu-du-Var,Power Dot,43.21974815694662,6.145104561768676,Pierrefeu-du-Var,Public,2
476123,PowerDot - K9 Station Service - La Garde,Power Dot,43.14500500187202,6.038470206687293,La Garde,Public,4
476121,PowerDot - Basic Fit - La Valette-du-Var,Power Dot,43.13729882571141,6.004230004699934,La Valette-du-Var,Public,2
476120,PowerDot - Darty - La Valette-du-Var,Power Dot,43.13576168792045,5.999117081574468,La Valette-du-Var,Public,2
476119,PowerDot - Super U - Bandol,Power Dot,43.14768341938836,5.764012589383697,Bandol,Public,4
476118,PowerDot - Centre Commercial de l'Ancre Marine - La Ciotat,Power Dot,43.18994010698455,5.602189641288987,La Ciotat,Public,8
476117,PowerDot - Intermarché - La Destrousse,Power Dot,43.389370894436865,5.597345674060762,La Destrousse,Public,6
476116,PowerDot - Parking Giratoire Souque Nègre - La Destrousse,Power Dot,43.38955198142875,5.597762420243498,La Destrousse,Public,2
476115,PowerDot - Garage Renault Dacia - La Destrousse,Power Dot,43.388297515965974,5.599081950560617,La Destrousse,Public,4
476114,PowerDot - Parking Giratoire Route des Vignerons - La Destrousse,Power Dot,43.383740441039265,5.602147868917086,La Destrousse,Public,4
476113,PowerDot - Supeco - Roquevaire,Power Dot,43.337935123598925,5.599808414149152,Roquevaire,Public,2
476112,PowerDot - Basic Fit - Roquevaire,Power Dot,43.336621064097216,5.59936295437592,Roquevaire,Public,8
476111,PowerDot - Electro Depôt - Marseille,Power Dot,43.28983895343205,5.489357323321656,Marseille,Public,4
476110,PowerDot - Ibis Budget - Marseille La Valentine,Power Dot,43.30012595765723,5.474912333135535,Marseille,Public,4
476109,PowerDot - Netto - Marseille,Power Dot,43.3271819475232,5.383577228232298,Marseille,Public,4
476108,PowerDot - Basic Fit - Martigues,Power Dot,43.409872064941396,5.023887658057447,Martigues,Public,6
476107,PowerDot - Jacques Bana Coiffure - Saint-Mitre-les-Remparts,Power Dot,43.44028045711923,5.036623210119274,Saint-Mitre-les-Remparts,Public,4
476106,PowerDot - Karine - Fos-sur-Mer,Power Dot,43.4594255165959,4.941345187793104,Fos-sur-Mer,Public,2
476105,Avenue Henri Barbusse,Izivia (Sodetrel),45.597068245268986,5.268462613417341,Bourgoin-Jallieu,Public - Membership Required,5
476104,Royal Bourgoin,(Unknown Operator),45.59584455538388,5.269134981849106,Bourgoin-Jallieu,Public - Membership Required,4
476103,PowerDot - Chaussea - Istres,Power Dot,43.49845208354779,4.976699786725931,Istres,Public,4
476102,PowerDot - Hôtel Ibis - Salon de Provence Sud,Power Dot,43.62790171771229,5.114468914836152,Salon-de-Provence,Public,6
476101,PowerDot - Ibis Styles - Pertuis Luberon,Power Dot,43.675821207858064,5.496612650687325,Pertuis,Public,6
476100,PowerDot - Ibis Budget - Manosque,Power Dot,43.80862350063063,5.813779529475937,Manosque,Public,6
476099,PowerDot - Super U - Veynes,Power Dot,44.53644064210087,5.831637559865612,Veynes,Public,4
476098,PowerDot - Ibis - Gap,Power Dot,44.55933460687956,6.084242305068187,Gap,Public,2
476097,PowerDot - Marie Blachère - Briançon,Power Dot,44.88366226079498,6.626864153209567,Briançon,Public,3
476096,PowerDot - Hôtel F1 - Chambéry,Power Dot,45.59495759636681,5.889678258778531,Chambéry,Public,6
476095,PowerDot - Ekosport - Chambery,Power Dot,45.604118034955235,5.891114594653914,Chambéry,Public,12
476094,PowerDot - Lidl - Drumettaz-Clarafond,Power Dot,45.661030515293845,5.9096507036667845,Drumettaz-Clarafond,Public,8
476093,PowerDot - Domaine de Marlioz - Aix-les-Bains,Power Dot,45.67524192303921,5.908997123686959,Aix-les-Bains,Public,6
476092,PowerDot - Ibis Budget - Grésy-sur-Aix,Power Dot,45.718214637784854,5.925868079097427,Grésy-sur-Aix,Public,4
476091,PowerDot - Satoriz - Albertville,Power Dot,45.65653207537892,6.370283360002986,Albertville,Public,4
476090,PowerDot - Big Sky Hotel & Spa - Chamonix,Power Dot,45.89918272169734,6.828825615128039,Chamonix-Mont-Blanc,Public,4
476089,PowerDot - Centre Commercial Arcal'Oz Seynod - Annecy,Power Dot,45.87887828899116,6.094812674056243,Annecy,Public,8
476088,PowerDot - Hôtel Première Classe - Annecy Cran-Gevrier,Power Dot,45.89495714293503,6.109122780478856,Annecy,Public,2
476087,PowerDot - La Cantine Bouillon - Epagny Metz-Tessy,Power Dot,45.93325427793806,6.081439454053793,Epagny Metz-Tessy,Public,4
476086,PowerDot - Magasin Satoriz - Epagny Metz-Tessy,Power Dot,45.936646208201154,6.077628262603639,Epagny Metz-Tessy,Public,4
476085,PowerDot - Action - Annemasse,Power Dot,46.196546364410125,6.262101736370141,Annemasse,Public,4
476084,PowerDot - Hôtel F1 - Saint-Cergues,Power Dot,46.22316214766184,6.312574553660056,Saint-Cergues,Public,6
476083,PowerDot - KFC - Anthy-sur-Léman,Power Dot,46.35255187603917,6.438635815201792,Anthy-sur-Léman,Public,6
475937,PowerDot - Grand Frais - Echirolles,Power Dot,45.15078490547984,5.712414753310327,Échirolles,Public,8
475936,PowerDot - Chaussea - Échirolles,Power Dot,45.15010564653363,5.694387024178582,Échirolles,Public,4
475935,PowerDot - Magasin Satoriz - Échirolles,Power Dot,45.151882666406294,5.695574199240127,Échirolles,Public,8
475934,PowerDot - Grand Frais - Seyssins,Power Dot,45.16087011163526,5.695289126461944,Seyssins,Public,8
475933,PowerDot - Orchestra - Saint-Égrève,Power Dot,45.238553145583865,5.669413039029791,Saint-Égrève,Public,4
475932,PowerDot - Ibis Styles - Crolles,Power Dot,45.27186797490319,5.889809109210773,Crolles,Public,4
475931,PowerDot - Marie Blachère - Coublevie,Power Dot,45.3536685692807,5.597588725467858,Coublevie,Public,4
475930,PowerDot - Intermarché - Le Pont-de-Beauvoisin,Power Dot,45.529773888730745,5.684412239113044,Le Pont-de-Beauvoisin,Public,6
475929,PowerDot - Intersport - Le Pont-de-Beauvoisin,Power Dot,45.529363051060955,5.68930780249616,Le Pont-de-Beauvoisin,Public,4
475928,PowerDot - Weldom La Tour du Pin - Saint-Clair-de-la-Tour,Power Dot,45.56843518072617,5.457165701807071,Saint-Clair-de-la-Tour,Public,4
475927,PowerDot - Le Saint-Jean - Saint-Jean-de-Soudain,Power Dot,45.568214405207215,5.430937864751513,Saint-Jean-de-Soudain,Public,4
475926,PowerDot - Stokomani - Bourgoin-Jallieu,Power Dot,45.5902574866636,5.247113422357529,Bourgoin-Jallieu,Public,8
475925,PowerDot - Mr. Bricolage - L'Arbresle,Power Dot,45.82555946707694,4.60607563234953,L'Arbresle,Public,2
475924,PowerDot - Intermarché - Rillieux-la-Pape,Power Dot,45.81863762425962,4.903249232096982,Rillieux-la-Pape,Public,2
475923,PowerDot - Boulanger - Limonest,Power Dot,45.819465939630646,4.770894846814713,Limonest,Public,6
475922,PowerDot - Mobalpa - Champagne-au-Mont-d'Or,Power Dot,45.8045365322285,4.781929910737972,Champagne-au-Mont-d'Or,Public,6
475921,PowerDot - Genae & Ange - Ecully,Power Dot,45.786487654490884,4.782203298535251,Écully,Public,4
475920,PowerDot - Mr. Bricolage - Craponne,Power Dot,45.74772837106488,4.73878930486967,Craponne,Public,6
475919,PowerDot - Hôtel F1 - Oullins,Power Dot,45.71512552777136,4.820293699563081,Oullins-Pierre-Bénite,Public,6
475918,PowerDot - Hôtel F1 - Saint-Priest,Power Dot,45.705291408169614,4.912588272548646,Saint-Priest,Public,6
475917,PowerDot - Hôtel Saint-Fons,Power Dot,45.69000805211934,4.860958416533663,Saint-Fons,Public,4
475916,PowerDot - Hôtel F1 - Solaize,Power Dot,45.63760977037941,4.823836140101321,Solaize,Public,4
475755,PowerDot - KFC - Andrézieux,Power Dot,45.52404719771522,4.2952413996702035,Andrézieux,Public,2
475754,PowerDot - Centre Commercial de L'Arche - La Fouillouse,Power Dot,45.48334672527048,4.344091512723935,La Fouillouse,Public,4
475753,PowerDot - KFC - Saint-Etienne Villars,Power Dot,45.476327796109985,4.348275000132844,Villars,Public,4
475752,PowerDot - Hôtel F1 - Saint-Étienne,Power Dot,45.45937205692263,4.396312632268064,Saint-Étienne,Public,6
475751,PowerDot - Ibis Budget - Saint-Étienne Stade,Power Dot,45.45586248080042,4.401858178328894,Saint-Étienne,Public,6
475750,PowerDot - Centrakor - Sorbiers,Power Dot,45.48082397657109,4.444398274078594,Sorbiers,Public,4
475749,PowerDot - Super U - L'Horme,Power Dot,45.483546899270976,4.53353121060843,L'Horme,Public,8
475747,PowerDot - Boucherie Bayle - La Grand-Croix,Power Dot,45.50003664474659,4.566935631106503,La Grand-Croix,Public,4
475746,PowerDot - Keepcool Firminy - Unieux,Power Dot,45.39287934342599,4.2681128029643105,Unieux,Public,4
475745,PowerDot - Sport 2000 - Firminy,Power Dot,45.39006802851668,4.2982623646501,Firminy,Public,4
475741,PowerDot - Mercure - Chanas,Power Dot,45.31671362897936,4.8099539606935195,Chanas,Public,4
475737,PowerDot - Intermarché - Anneyron,Power Dot,45.274308660690366,4.896979828656299,Anneyron,Public,2
475735,PowerDot - Mr. Bricolage - Davézieux,Power Dot,45.25609274806763,4.69097663305547,Davézieux,Public,4
475733,PowerDot - Intermarché - Retournac,Power Dot,45.2107352411206,4.030010521828899,Retournac,Public,2
475731,PowerDot - Grand Frais - Brives-Charensac,Power Dot,45.05035548465008,3.913045056674491,Brives-Charensac,Public,10
475725,PowerDot - Intermarché & McDonald’s - Soyons,Power Dot,44.91828342166173,4.861430994764078,Soyons,Public,4
475724,PowerDot - Parc Commercial de la Frugière - Privas,Power Dot,44.71826902096237,4.606257409687942,Privas,Public,4
475720,PowerDot - Action Noz - Privas,Power Dot,44.71607890932958,4.609764503482211,Privas,Public,4
475719,PowerDot - Action - Aubenas,Power Dot,44.61787500661097,4.407331163743493,Aubenas,Public,8
475718,PowerDot - McDonald's - Aubenas,Power Dot,44.61612227796107,4.403683539486451,Aubenas,Public,4
475714,PowerDot - Marie Blachère - Bollene,Power Dot,44.32499717104335,4.741845762863477,Bollène,Public,8
475712,PowerDot - Mr. Bricolage - Pont-Saint-Esprit,Power Dot,44.239481723304806,4.638373378476331,Pont-Saint-Esprit,Public,4
475709,PowerDot - Marie Blachère - Bagnols-sur-Cèze,Power Dot,44.15508964467753,4.61565704199711,Bagnols-sur-Cèze,Public,4
475705,PowerDot - Basic Fit - Orange,Power Dot,44.117596268352145,4.839768172546087,Orange,Public,3
475702,PowerDot - Centre Commercial les Vignes - Orange,Power Dot,44.11094372471655,4.8520054419655025,Orange,Public,10
475699,PowerDot - Aldi - Carpentras,Power Dot,44.04989948911643,5.036234445056039,Carpentras,Public,4
475698,PowerDot - U Express - Monteux,Power Dot,44.03450478216732,4.99343577557886,Monteux,Public,1
475697,PowerDot - Restaurant La Mie Câline - Sorgues,Power Dot,44.00095438490774,4.878647660313959,Sorgues,Public,4
475696,PowerDot - Carl's Jr. - Le Pontet,Power Dot,43.978844967224546,4.876450177135212,Le Pontet,Public,4
475694,PowerDot - Ekosport - Le Pontet,Power Dot,43.97478763798213,4.858464096780949,Le Pontet,Public,4
475693,PowerDot - Système U - Le Pontet,Power Dot,43.957382191326644,4.850915733700958,Le Pontet,Public,4
475692,PowerDot - KFC - Arles,Power Dot,43.66653422917918,4.631325223621047,Arles,Public,4
475691,PowerDot - Shopping Promenade - Arles,Power Dot,43.70441845069536,4.643283367386175,Arle,Public,20
475690,PowerDot - Grand Frais - Nîmes,Power Dot,43.81215787312186,4.371226501224442,Nîmes,Public,6
475689,PowerDot - Carré Sud - Nîmes,Power Dot,43.80943820061961,4.359348323782342,Nîmes,Public,20
475688,PowerDot - KFC - Nîmes,Power Dot,43.81878969102459,4.349737580319015,Nîmes,Public,2
475687,PowerDot - Intermarché Super - Marguerittes,Power Dot,43.85973558408401,4.432703188123355,Marguerittes,Public,4
475686,PowerDot - Marie Blachère - Uzès,Power Dot,43.999401380507464,4.414852019301975,Uzès,Public,4
475684,PowerDot - Carrefour - Alès,Power Dot,44.11285119545573,4.0958028889901925,Alès,Public,8
475683,PowerDot - Marie Blachère - Alès,Power Dot,44.116207444367745,4.09611936885608,Alès,Public,4
475682,PowerDot - Mr. Bricolage - Alès,Power Dot,44.133827585198844,4.105390059634601,Alès,Public,6
475681,PowerDot - Super U - Alès,Power Dot,44.14090621390383,4.090317137953434,Alès,Public,4
475679,PowerDot - Système U - Saint-Laurent-d'Aigouze,Power Dot,43.6291768071321,4.192316081350896,Saint-Laurent-d'Aigouze,Public,2
475678,PowerDot - Super U - Aimargues,Power Dot,43.69290724035531,4.2033839312387045,Aimargues,Public,10
475677,PowerDot - Boulangerie Ange - Lunel,Power Dot,43.677990717089955,4.117142802795229,Lunel,Public,4
475676,PowerDot - Norauto - Le Crès,Power Dot,43.64286093897451,3.943598555621975,Le Crès,Public,8
475675,PowerDot - Novotel - Montpellier,Power Dot,43.589397697081324,3.892842796783839,Montpellier,Public,6
475674,PowerDot - KFC - Montpellier,Power Dot,43.586558397416866,3.890579670072384,Montpellier,Public,8
475672,PowerDot - Zone Commerciale - Pézenas,Power Dot,43.452552012225425,3.418755307363199,Pézenas,Public,4
475670,PowerDot - Ibis - Beziers,Power Dot,43.334349112491935,3.278490053100086,Villeneuve-lès-Béziers,Public,6
475669,PowerDot - Auchan - Béziers,Power Dot,43.34500383839409,3.2410156778867076,Béziers,Public,8
475636,PowerDot - But - Mende,Power Dot,44.51459634198491,3.4759694889512502,Mende,Public,4
475635,PowerDot - Lumicenter - Sébazac-Concourès,Power Dot,44.40054516372061,2.6056713551162147,Sébazac-Concourès,Public,6
475634,PowerDot - Le Géant du Meuble - Sébazac,Power Dot,44.39689661732902,2.6053056552869975,Sébazac-Concourès,Public,6
475633,PowerDot - Balladins - Villefranche-de-Rouergue,Power Dot,44.36174035813613,2.0327243448614354,Villefranche-de-Rouergue,Public,8
475632,PowerDot - Action - Villefranche-de-Rouergue,Power Dot,44.35877562243908,2.0270183309305594,Villefranche-de-Rouergue,Public,4
475631,PowerDot - Intermarché - Carmaux,Power Dot,44.052441744696495,2.1598467798938827,Carmaux,Public,6
475630,PowerDot - Maison de la Presse Tabac Arago - Albi,Power Dot,43.928925651255696,2.1944200474779336,Albi,Public,6
475629,PowerDot - Intermarché - Labruguière,Power Dot,43.547790394669136,2.273467287241033,Labruguière,Public,4
475628,PowerDot - Mr. Bricolage - Castres,Power Dot,43.588893036337936,2.270354070342705,Castres,Public,6
475627,PowerDot - Netto - Graulhet,Power Dot,43.76717577545321,1.9957804811565438,Graulhet,Public,2
475626,PowerDot - Bricomarché - Graulhet,Power Dot,43.76059739173243,1.970801276685279,Graulhet,Public,4
475625,PowerDot - Bricomarché - Lavaur,Power Dot,43.70672365179979,1.803749350284079,Lavaur,Public,4
475624,PowerDot - Intermarché Super - Gratentour,Power Dot,43.713991630066715,1.4183676240530758,Gratentour,Public,8
475623,PowerDot - Super U - Fonbeauzard,Power Dot,43.6810123732341,1.449248903217267,Fonbeauzard,Public,4
475621,PowerDot - Intermarché - L'Union,Power Dot,43.65514652759899,1.4710059815458862,L'Union,Public,8
475620,PowerDot - Intermarché Super - Saint-Jean,Power Dot,43.64947476718805,1.5071216503002915,Saint-Jean,Public,2
475619,PowerDot - Super U - Montrabé,Power Dot,43.64480198735296,1.5335296921939516,Montrabé,Public,6
475618,PowerDot - Bureau Vallée - L’Union,Power Dot,43.636200402296225,1.4965902637528643,L'Union,Public,2
475617,PowerDot - Ibis - Toulouse Purpan,Power Dot,43.61372222468867,1.3968954209281037,Toulouse,Public,4
475616,PowerDot - Stockobox - Léguevin,Power Dot,43.60298069595157,1.2612147375718905,Léguevin,Public,4
475615,PowerDot - Intermarché - Plaisance-du-Touch,Power Dot,43.56986741402321,1.3094668225037367,Plaisance-du-Touch,Public,10
475614,PowerDot - B&M - Saint-Orens,Power Dot,43.56524922994677,1.516417683877762,Saint-Orens-de-Gameville,Public,4
475613,PowerDot - Restaurant Fujin - Portet-sur-Garonne,Power Dot,43.53511532890036,1.3971384420023014,Portet-sur-Garonne,Public,4
475612,PowerDot - Dégriffstock - Portet-sur-Garonne,Power Dot,43.53488357056614,1.4002114115163522,Portet-sur-Garonne,Public,4
475611,PowerDot - Intermarché - Lombez,Power Dot,43.47014629312366,0.9230779674414862,Lombez,Public,4
475610,PowerDot - Intermarché - Saint-Lys,Power Dot,43.511900989655516,1.1895752844910703,Saint-Lys,Public,6
475609,PowerDot - Super U - Prades,Power Dot,42.625308137402584,2.428857376672795,Prades,Public,8
475608,PowerDot - Résidence Le Catalogne - Amélie-les-Bains-Palalda,Power Dot,42.4806638842355,2.671637411523534,Amélie-les-Bains-Palalda,Public,2
475607,PowerDot - Mr. Bricolage - Céret,Power Dot,42.501149309293396,2.7594013325660853,Céret,Public,2
475606,PowerDot - E.Leclerc - Le Boulou,Power Dot,42.530358656822074,2.8383404305515114,Le Boulou,Public,4
475605,PowerDot - Mr. Bricolage - Laroque-des-Albères,Power Dot,42.54772727494404,2.9431135546124096,Laroque-des-Albères,Public,2
475604,PowerDot - Intermarché - Llupia,Power Dot,42.625602505566604,2.7674287893179326,Llupia,Public,4
475603,PowerDot - Super U - Ille-sur-Têt,Power Dot,42.67556042618105,2.6345951097941906,Ille-sur-Têt,Public,10
475593,PowerDot - Netto - Elne,Power Dot,42.6050619216968,2.978556975218112,Elne,Public,4
475592,PowerDot - Intermarché - Pollestres,Power Dot,42.641106593176744,2.876286925460704,Pollestres,Public,8
475591,PowerDot - Brit Hotel - Perpignan,Power Dot,42.659610359346004,2.8846899501743337,Perpignan,Public,4
475590,PowerDot - Mondial Tissus - Perpignan,Power Dot,42.675473038520295,2.8894608604230143,Perpignan,Public,6
475589,PowerDot - Chaussea - Perpignan,Power Dot,42.68002055164601,2.8926579501439846,Perpignan,Public,4
475588,PowerDot - KFC - Perpignan,Power Dot,42.68114927196197,2.892685732933728,Perpignan,Public,4
475587,PowerDot - E. Leclerc - Espace Perpignan Sud,Power Dot,42.687426846706444,2.8836128639338767,Perpignan,Public,20
475586,PowerDot - Hôtel F1 - Perpignan,Power Dot,42.685183357117324,2.863781147457189,Perpignan,Public,4
475585,PowerDot - Ibis - Perpignan,Power Dot,42.68085589982957,2.852753393156263,Perpignan,Public,4
475584,PowerDot - Carré d'Or - Perpignan,Power Dot,42.70191928013503,2.94008691510453,Perpignan,Public,18
475583,PowerDot - Intermarché - Canet-en-Roussillon,Power Dot,42.706411658382336,3.01416228687242,Canet-en-Roussillon,Public,4
475582,PowerDot - E. Leclerc Espace Polygone - Perpignan,Power Dot,42.738874987135944,2.892290322646204,Perpignan,Public,40
475581,PowerDot - Bricopro Bricolage - Saint-Laurent-de-la-Salanque,Power Dot,42.77337885829539,3.01573823550234,Saint-Laurent-de-la-Salanque,Public,4
475580,PowerDot - KFC - Rivesaltes,Power Dot,42.775774149778385,2.9090141915399954,Rivesaltes,Public,8
475579,PowerDot - Novotel - Perpignan Nord,Power Dot,42.782144375799874,2.900832613270154,Rivesaltes,Public,4
475578,PowerDot - Spar - Fitou,Power Dot,42.894564788977874,2.993406377765723,Fitou,Public,2
475577,PowerDot - KFC - Narbonne,Power Dot,43.172742394108894,2.9923023593727294,Narbonne,Public,4
475576,PowerDot - U Utile - Homps,Power Dot,43.26560537170511,2.717176830728249,Homps,Public,2
475574,PowerDot - Mr. Bricolage - Limoux,Power Dot,43.072358327828766,2.2218014999680236,Limoux,Public,6
475573,PowerDot - Maison du Monde - Pamiers,Power Dot,43.09936969078194,1.6243353055599528,Pamiers,Public,4
475572,PowerDot - Mr. Bricolage - Pamiers,Power Dot,43.104544281377684,1.6303527597318634,Pamiers,Public,4
475571,PowerDot - La Boucherie - Pamiers,Power Dot,43.114176313869194,1.6299360803611762,Pamiers,Public,4
475545,PowerDot - Super U - Martres-Tolosane,Power Dot,43.19584309023517,1.0013878886476277,Martres-Tolosane,Public,6
475544,PowerDot - Bricomarché - Estancarbon,Power Dot,43.11536415019603,0.7598502657153858,Estancarbon,Public,4
475543,PowerDot - Intermarché Super - Capvern,Power Dot,43.112107152231744,0.3549978183866642,Capvern,Public,19
475542,PowerDot - Gamm Vert - Lourdes,Power Dot,43.11541113536529,-0.031656045423801515,Lourdes,Public,2
475541,PowerDot - Netto - Lourdes,Power Dot,43.10855134624657,-0.0389633554050306,Lourdes,Public,2
475540,PowerDot - Buffalo Grill - Tarbes,Power Dot,43.21907442326946,0.07942358705076913,Tarbes,Public,4
475539,PowerDot - Boulangerie Feuillette - Lons,Power Dot,43.32939992192743,-0.3853715038325163,Lons,Public,4
475538,PowerDot - Brit Hotel - Pau,Power Dot,43.31291121755265,-0.41592557808030506,Lons,Public,2
475537,PowerDot - Gamm Vert - Gan,Power Dot,43.21962606157541,-0.39989959895615357,Gan,Public,2
475536,PowerDot - Gamm Vert - Oloron,Power Dot,43.179023623160845,-0.6142510585046921,Oloron-Sainte-Marie,Public,4
475535,PowerDot - Greet Hôtel Orthez Bearn - Biron,Power Dot,43.46687172549696,-0.7514621961278181,Biron,Public,6
475534,PowerDot - Gamm Vert - Orthez,Power Dot,43.487748087024386,-0.7802293250886123,Orthez,Public,4
475533,PowerDot - Gamm Vert & Mr. Bricolage - Hasparren,Power Dot,43.382003412553274,-1.3155219332552406,Hasparren,Public,2
475532,PowerDot - Gamm Vert & Mr. Bricolage - Cambo,Power Dot,43.35547715409723,-1.4138055279216815,Cambo-les-Bains,Public,4
475531,PowerDot - Boulangerie Ange - Tarnos,Power Dot,43.52779078212171,-1.4635859285749575,Tarnos,Public,4
475529,PowerDot - Gamm Vert - Soustons,Power Dot,43.74594948855585,-1.3328229049681113,Soustons,Public,4
475528,PowerDot - Netto - Soustons,Power Dot,43.74700789971365,-1.3220241676652904,Soustons,Public,4
475527,PowerDot - Esso - Saint-Geours-de-Maremne,Power Dot,43.71271165164242,-1.2317737208632025,Saint-Geours-de-Maremne,Public,6
475511,PowerDot - Mr. Bricolage - Hagetmau,Power Dot,43.637337921611646,-0.6119244426132582,Hagetmau,Public,4
475510,PowerDot - Bricomarché - Aire-sur-l'Adour,Power Dot,43.73259392522033,-0.2666749425443413,Aire-sur-l'Adour,Public,4
475509,PowerDot - Jardiland - Saint-Pierre-du-Mont,Power Dot,43.87304479666929,-0.49157227088255695,Saint-Pierre-du-Mont,Public,4
475508,PowerDot - Biocoop - Mont-de-Marsan,Power Dot,43.88712715890438,-0.48856693520997396,Mont-de-Marsan,Public,4
475507,PowerDot - Gamm Vert - Morcenx,Power Dot,44.029898775403524,-0.9224326363141699,Morcenx-la-Nouvelle,Public,4
475506,PowerDot - Carrefour Market - Mimizan,Power Dot,44.19325188649279,-1.2285358512488074,Mimizan,Public,2
475505,PowerDot - Netto - La Réole,Power Dot,44.5877333453835,-0.03314310046016544,La Réole,Public,4
475504,PowerDot - Le Marché de Léopold - Langon,Power Dot,44.54429760771927,-0.2428835442124182,Langon,Public,4
475503,PowerDot - Super U - Podensac,Power Dot,44.655628734594785,-0.364684554112614,Podensac,Public,4
475498,Tesla Supercharger Séméac,Tesla (including non-tesla),43.22878560359737,0.09602887416380668,Séméac,Public,7
475494,PowerDot - Lidl - Biganos,Power Dot,44.64140174335367,-0.9534659856782355,Biganos,Public,8
475493,PowerDot - Centre E. Leclerc - La Teste-de-Buch,Power Dot,44.613719759681885,-1.1174105743514247,La Teste-de-Buch,Public,8
475492,PowerDot - Carrefour Market - Hourtin,Power Dot,45.18697860694044,-1.0542838392204885,Hourtin,Public,4
475491,PowerDot - Carrefour Contact - Carcans,Power Dot,45.078835327111136,-1.0370613331879213,Carcans,Public,4
475490,PowerDot - Carrefour Contact - Lège-Cap-Ferret,Power Dot,44.790245873359,-1.1463069626877314,Lège-Cap-Ferret,Public,2
475489,PowerDot - Carrefour Contact - Lacanau,Power Dot,45.00001312941575,-1.1994263400645195,Lacanau,Public,4
475488,PowerDot - Intermarché - Pugnac,Power Dot,45.07633105620491,-0.4991657785485586,Pugnac,Public,4
475487,PowerDot - Relai des Portes - Le Pian-Médoc,Power Dot,44.954180621712254,-0.6295156019357364,Le Pian-Médoc,Public,6
475486,PowerDot - Restaurant Chez Le Brasseur - Sainte-Eulalie,Power Dot,44.90166215024723,-0.4917545355621087,Sainte-Eulalie,Public,2
475485,PowerDot - Carrefour Market - Bordeaux,Power Dot,44.8602929716057,-0.6341614188595486,Bordeaux,Public,4
475484,PowerDot - Ibis Budget - Villenave-d'Ornon,Power Dot,44.77688570839592,-0.5708413480533636,Villenave-d'Ornon,Public,8
475483,PowerDot - La Cage Brasserie Sportive - Bègles,Power Dot,44.78948571746801,-0.5336502181498872,Bègles,Public,20
475482,PowerDot - Centre Commercial Bois Bersol - Pessac,Power Dot,44.78453632417313,-0.6380235659111122,Pessac,Public,4
475481,PowerDot - Urban Soccer - Pessac,Power Dot,44.77846373160443,-0.644560368916359,Pessac,Public,4
475480,PowerDot - Restaurant La Villa Bersol - Gradignan,Power Dot,44.77449718994072,-0.641039269736325,Gradignan,Public,4
475479,PowerDot - Super U - Léognan,Power Dot,44.73292847192343,-0.599523766023708,Léognan,Public,4
475454,PowerDot - E.Leclerc - Libourne,Power Dot,44.92871192787837,-0.24027552265454233,Libourne,Public,8
475453,PowerDot - Ibis Budget - Libourne,Power Dot,44.94699214557852,-0.24367906756856428,Libourne,Public,6
475452,PowerDot - Super U - Saint-Seurin-sur-l'Isle,Power Dot,45.01461281371641,-0.013042197786035103,Saint-Seurin-sur-l'Isle,Public,6
475451,PowerDot - Super U - Saint-Médard-de-Mussidan,Power Dot,45.04137006798294,0.35114204050466924,Saint-Médard-de-Mussidan,Public,4
475450,PowerDot - Culture Vélo - Boulazac,Power Dot,45.18418838503638,0.763997948436554,Boulazac Isle Manoire,Public,4
475449,PowerDot - Marie Blachère - Terrasson-Lavilledieu,Power Dot,45.128310792529646,1.3161480767014382,Terrasson-Lavilledieu,Public,4
475408,PowerDot - Mercure - Lyon L'Isle-d'Abeau,Power Dot,45.62719413898395,5.166900054356688,Villefontaine,Public - Pay At Location,4
475400,PowerDot - Intermarché - Néris-les-Bains,Power Dot,46.28842492834062,2.661673551549484,Néris-les-Bains,Public,2
475399,PowerDot - King Jouet - Mozac,Power Dot,45.88925431193576,3.0736110762449016,Mozac,Public,4
475398,PowerDot - Bricomarché - Riom,Power Dot,45.878324432630365,3.118757839236764,Riom,Public,4
475397,PowerDot - Intermarché - Pont-du-Château,Power Dot,45.80013619180045,3.2424147491283293,Pont-du-Château,Public,4
475396,PowerDot - Hôtel F1 - Clermont-Ferrand,Power Dot,45.785666113334145,3.140587777003475,Clermont-Ferrand,Public,10
475395,PowerDot - Centre Commercial La Pardieu - Clermont-Ferrand,Power Dot,45.76506493268283,3.1272630233783048,Clermont-Ferrand,Public,16
475394,PowerDot - Poltronesofa - Aubière,Power Dot,45.75669626341971,3.1276998204994015,Aubière,Public,4
475393,PowerDot - Kyriad - Clermont-Ferrand Sud La Pardieu,Power Dot,45.76051199701985,3.142223148153107,Clermont-Ferrand,Public,6
475392,PowerDot - Intersport - Clermont-Ferrand,Power Dot,45.75820508336085,3.1475781712114212,Clermont-Ferrand,Public,8
475391,PowerDot - Le Géant du Meuble Cavagna - Aubière,Power Dot,45.7547346313107,3.1498260610593434,Aubière,Public,2
475390,PowerDot - Carrefour Market - La Monnerie-le-Montel,Power Dot,45.86801737478942,3.632600094983218,La Monnerie-le-Montel,Public,4
475389,PowerDot - Intermarché - Noirétable,Power Dot,45.82211287740782,3.7648321189177523,Noirétable,Public,4
475387,PowerDot - KFC - Roanne Mably,Power Dot,46.066292426349065,4.056077119705606,Mably,Public,3
475386,PowerDot - Roady - Perreux,Power Dot,46.029201939626404,4.095982606099483,Perreux,Public,6
475384,PowerDot - Ibis - Lyon Villefranche sur Saône,Power Dot,45.97622190423206,4.738580297600606,Villefranche sur Saône,Public,6
475383,PowerDot - Escatel Hotel - Mâcon,Power Dot,46.31583899860732,4.823736557001212,Mâcon,Public,4
475382,PowerDot - Ibis Styles - Mâcon,Power Dot,46.303361657136804,4.82713822178016,Mâcon,Public,2
475381,PowerDot - Boulanger - Mâcon Sud,Power Dot,46.2862100449544,4.808977915503988,Mâcon,Public,8
475380,PowerDot - Ibis Budget - Macon Sud,Power Dot,46.28142398761821,4.8046702313754395,Mâcon,Public,6
475379,PowerDot - Ibis - Chaintré,Power Dot,46.2545584314868,4.7902117300778855,Crêches-sur-Saône,Public,4
475378,PowerDot - Mr. Bricolage - Châtillon-sur-Chalaronne,Power Dot,46.11604026736754,4.96393106324615,Châtillon-sur-Chalaronne,Public,1
475372,PowerDot - Intermarché - Servas,Power Dot,46.128413069651174,5.162554264056325,Servas,Public,4
475370,PowerDot - Intermarché - Bourg-en-Bresse,Power Dot,46.19563964582716,5.229263577263623,Bourg-en-Bresse,Public,4
475367,PowerDot - Pizza & Pasta - Bourg-en-Bresse,Power Dot,46.20002283401138,5.2473969377357434,Bourg-en-Bresse,Public,4
475366,PowerDot - Centre Commercial La Neuve - Viriat,Power Dot,46.2149172333032,5.213494994965117,Viriat,Public,8
475362,PowerDot - Marie Blachère - Oyonnax,Power Dot,46.26733474641935,5.655730407652982,Oyonnax,Public,4
475359,PowerDot - Grand Frais - Choisey,Power Dot,47.061991116745986,5.452519591626697,Choisey,Public,8
475355,PowerDot - Super U - Bans (39),Power Dot,46.98470368865915,5.590912325473255,Bans,Public,4
475351,PowerDot - Ibis Budget - Lons-le-Saunier,Power Dot,46.6942257864379,5.557280001934487,Lons-le-Saunier,Public,2
475349,PowerDot - Action - Louhans,Power Dot,46.638368920365195,5.212606749309316,Louhans,Public,4
475347,PowerDot - Super U - Saint-Germain-du-Bois,Power Dot,46.754941780748396,5.243113282310333,Saint-Germain-du-Bois,Public,4
475345,PowerDot - Basic Fit - Paray-le-Monial,Power Dot,46.467657837268064,4.108464413166416,Paray-le-Monial,Public,4
475343,PowerDot - Mr. Bricolage - Paray-le-Monial,Power Dot,46.467112162835065,4.113848421627608,Paray-le-Monial,Public,4
475340,PowerDot - Grand Frais - Le Creusot,Power Dot,46.790087400336944,4.447769732800452,Le Creusot,Public,8
475339,PowerDot - Intermarché - Montchanin,Power Dot,46.73872009066875,4.474921485924938,Montchanin,Public,2
475338,PowerDot - Super U - Gergy,Power Dot,46.86165411445421,4.950231528473637,Gergy,Public,4
475335,PowerDot - Intermarché - Poilly-lez-Gien,Power Dot,47.6774074302721,2.5942177121252143,Poilly-Lez-Gien,Public,2
475334,PowerDot - Ibis Budget - Cosne-Cours-sur-Loire,Power Dot,47.38297684339872,2.9193376130973547,Cosne-Cours-sur-Loire,Public,4
475333,PowerDot - Jardiland - Saint-Germain-du-Puy,Power Dot,47.0955437008609,2.4549648418843617,Saint-Germain-du-Puy,Public,4
475331,PowerDot - KFC - Bourges,Power Dot,47.09443057718866,2.4221396912563478,Bourges,Public,4
475330,PowerDot - Boulangerie Feuillette - Bourges,Power Dot,47.065892586696975,2.370327916014844,Bourges,Public,4
475329,PowerDot - Léon de Bruxelles - Bourges,Power Dot,47.048029055731234,2.346251604887243,Bourges,Public,6
475328,PowerDot - Bricomarché - Issoudun,Power Dot,46.950495628139635,2.00669010042202,Issoudun,Public,4
475327,PowerDot - Mon Brico - Thouars,Power Dot,46.97703584623801,-0.19788886427227226,Thouars,Public,4
475325,PowerDot - E. Leclerc - Loudun,Power Dot,47.00934477918506,0.08976285820926933,Loudun,Public,8
475324,PowerDot - Bricomarché - Châtillon-sur-Indre,Power Dot,46.98663466121738,1.1673936692045572,Châtillon-sur-Indre,Public,6
475323,PowerDot - Hyper U - Vierzon,Power Dot,47.238693067691315,2.0925673177187036,Vierzon,Public,4
475315,PowerDot - Retail Park Grand Frais - Azay-le-Rideau,Power Dot,47.26751371902432,0.47395006306544474,Azay-le-Rideau,Public,4
475314,PowerDot - Ibis Styles - Chambray-lès-Tours,Power Dot,47.335479634470914,0.6990947042630751,Chambray-lès-Tours,Public,6
475313,PowerDot - Top Office - Chambray-lès-Tours,Power Dot,47.34033337949242,0.7033848058088097,Chambray-lès-Tours,Public,6
475312,PowerDot - Intermarché - Véretz,Power Dot,47.35081087980336,0.8311686370225289,Véretz,Public,4
475311,PowerDot - Ibis Budget - Romorantin-Lanthenay,Power Dot,47.32729264420493,1.7630948209005055,Romorantin-Lanthenay,Public,6
475310,PowerDot - Gamm Vert - Le Controis-en-Sologne,Power Dot,47.42949960275004,1.4347565852755224,Le Controis-en-Sologne,Public,5
475309,PowerDot - Kyriad - Vineuil,Power Dot,47.58325723287328,1.3680392776070676,Vineuil,Public,3
475308,PowerDot - Buffalo Grill - Blois,Power Dot,47.60859253567108,1.3281767214208458,Blois,Public,4
475307,PowerDot - Novotel - Blois,Power Dot,47.591820460797294,1.3356025240896088,Blois,Public,2
475306,PowerDot - Carrefour - Blois,Power Dot,47.62421095975935,1.296506395329402,Villebarou,Public,10
475305,PowerDot - Gamm Vert - Tavers,Power Dot,47.76830862821896,1.6154557843623252,Tavers,Public,4
475304,PowerDot - Hyper U - Baule,Power Dot,47.81983309747724,1.6809128271744385,Baule,Public,12
475303,PowerDot - Ibis Budget - Meung-sur-Loire,Power Dot,47.832745584524275,1.6715929568383672,Meung-sur-Loire,Public,4
475302,PowerDot - Kiabi - Orléans,Power Dot,47.87455781038881,1.911501702429291,Orléans,Public,8
475301,PowerDot - First Grill 45 - La Chapelle-Saint-Mesmin,Power Dot,47.89621499930607,1.8532965334072742,La Chapelle-Saint-Mesmin,Public,4
475300,PowerDot - Mercure - Orléans,Power Dot,47.89873628658012,1.896181842678402,Orléans,Public,6
475299,PowerDot - Système U - Saint-Denis-de-l’Hôtel,Power Dot,47.8714051972718,2.128536343177302,Saint-Denis-de-l'Hôtel,Public,2
475298,PowerDot - E. Leclerc - Chécy,Power Dot,47.904747378408956,2.036552929826371,Chécy,Public,16
475297,PowerDot - Novotel - Saint-Jean-de-Braye,Power Dot,47.92277645415302,1.9886599301544265,Saint-Jean-de-Braye,Public,6
475296,PowerDot - SCI Edizaynn - Saran,Power Dot,47.945862900423776,1.9077634254146005,Saran,Public,4
475295,PowerDot - Ibis Budget - Saran (Orléans Nord),Power Dot,47.94469797758913,1.8941293536850026,Saran,Public,6
475294,PowerDot - Buffalo Grill - Saran,Power Dot,47.94420796734801,1.8928747041870793,Saran,Public,4
475293,PowerDot - Aldi - Saran,Power Dot,47.965039166886044,1.8846758173740454,Saran,Public,4
475292,PowerDot - Jardiland - Dadonville,Power Dot,48.16190976882771,2.2550005341925043,Dadonville,Public,8
475291,PowerDot - Inter Caves - Pringy,Power Dot,48.52057171716169,2.568199297949832,Pringy,Public,4
475290,PowerDot - La Cartonnerie - Dammarie-les-Lys,Power Dot,48.52020637691672,2.6242799900218188,Dammarie-les-Lys,Public,20
475289,PowerDot - Intermarché - Veneux les Sablons,Power Dot,48.37528549041144,2.8111271667671645,Moret-Loing-et-Orvanne,Public,2
475288,PowerDot - Hôtel F1 - Ecuelles,Power Dot,48.367519932952916,2.8388863837500367,Moret-Loing-et-Orvanne,Public,4
475287,PowerDot - Retail Park - Saint-Pierre-lès-Nemours,Power Dot,48.280320595344904,2.6829023207712908,Saint-Pierre-lès-Nemours,Public,4
475286,PowerDot - Intermarché Super - Villemandeur,Power Dot,47.972110172094716,2.7179189681182834,Villemandeur,Public,6
475285,PowerDot - Ibis Styles - Montargis Arboria,Power Dot,47.995909143333165,2.6727166262835453,Pannes,Public,6
475284,PowerDot - Action - Chalette-sur-Loing,Power Dot,48.008917390854805,2.720463216462349,Chalette-sur-Loing,Public,4
475283,PowerDot - Basic Fit - Montargis,Power Dot,48.003919378656946,2.742504729140933,Montargis,Public,4
475280,PowerDot - Intermarché Super - Toucy,Power Dot,47.7214319059855,3.3128973331731686,Toucy,Public,4
475279,PowerDot - Action - Monéteau,Power Dot,47.84577645421004,3.5522147012966343,Monéteau,Public,4
475278,PowerDot - Carrefour - Auxerre-Monéteau,Power Dot,47.84302674939491,3.552378098754275,Monéteau,Public,10
475276,PowerDot - Mr. Bricolage - Migennes,Power Dot,47.972849437957734,3.509635613493856,Migennes,Public,6
475275,PowerDot - Marie Blachère - Romilly-sur-Seine,Power Dot,48.510114474383556,3.712706363734924,Romilly-sur-Seine,Public,5
475274,PowerDot - Intermarché - Auxon,Power Dot,48.10909032741324,3.9207569388615866,Auxon,Public,2
475273,PowerDot - Super U - Saint-Germain,Power Dot,48.262310555401825,4.034906615033833,Saint-Germain,Public,1
475272,PowerDot - Intermarché - Rosières-près-Troyes,Power Dot,48.263690145712445,4.038432185678175,Rosières-près-Troyes,Public,6
475271,PowerDot - Intermarché Super - Saint-Julien-les-Villas 2,Power Dot,48.26667844543397,4.087148554845498,Saint-Julien-les-Villas,Public,6
475270,PowerDot - Netto - Troyes,Power Dot,48.27360055163692,4.081107781220453,Troyes,Public,4
475269,PowerDot - Intermarché Super - Saint-Julien-les-Villas 1,Power Dot,48.28081245577519,4.09679141346578,Saint-Julien-les-Villas,Public,6
475268,PowerDot - Intermarché - Troyes,Power Dot,48.301209898541856,4.087715276901122,Troyes,Public,6
475267,PowerDot - Zolpan - Saint-Parres-aux-Tertres,Power Dot,48.304618915936345,4.098120407107899,Saint-Parres-aux-Tertres,Public,4
475266,PowerDot - Marie Blachère - La Chapelle-Saint-Luc,Power Dot,48.308222572400155,4.025074868781076,La Chapelle-Saint-Luc,Public,4
475265,PowerDot - Brit Hotel - La Chapelle-Saint-Luc,Power Dot,48.32385792921556,4.029361666927343,La Chapelle-Saint-Luc,Public,4
475264,PowerDot - Super U - Joinville,Power Dot,48.446826483131645,5.156964031530379,Joinville,Public,6
475263,PowerDot - Intermarché - Fains-Véel,Power Dot,48.78712878610784,5.135651591298711,Fains-Véel,Public,4
475262,PowerDot - Arches Metropole - Saint-Dizier,Power Dot,48.62331741822359,4.965215590531557,Saint-Dizier,Public,4
475261,PowerDot - La Boucherie - Saint-Dizier,Power Dot,48.623321736263904,4.963917145444157,Saint-Dizier,Public,4
475260,PowerDot - Buffalo Grill - Saint-Dizier,Power Dot,48.62639934936877,4.966118536541444,Saint-Dizier,Public,2
475259,PowerDot - Carrefour - Saint-Dizier,Power Dot,48.64887475998992,4.962607396335102,Saint-Dizier,Public,10
475258,PowerDot - Boulangerie Ange - Bettancourt-la-Ferrée,Power Dot,48.649815069987056,4.9591175976569275,Bettancourt-la-Ferrée,Public,4
475256,PowerDot - Super U - Frignicourt,Power Dot,48.71395691468683,4.587485747935716,Frignicourt,Public,4
475255,PowerDot - Intermarché - Vitry-le-François,Power Dot,48.72969287746986,4.5881791903636895,Vitry-le-François,Public,6
475254,PowerDot - Super U - Sainte-Menehould,Power Dot,49.09017909254112,4.902952497986689,Sainte-Menehould,Public,6
475253,PowerDot - Jardiland - Châlons-en-Champagne,Power Dot,48.9421694891646,4.396602219679153,Châlons-en-Champagne,Public,8
475252,PowerDot - Besson Chaussures - Saint-Memmie,Power Dot,48.94435179099867,4.39422691491086,Saint-Memmie,Public,4
475251,PowerDot - Supermarché Match - Chalons Chanzy,Power Dot,48.963674209613345,4.36538373967619,Châlons-en-Champagne,Public,4
475250,PowerDot - Bricomarché - Châlons-en-Champagne,Power Dot,48.97843961342389,4.356592125655425,Châlons-en-Champagne,Public,6
475206,PowerDot - Chaussea - Reims Cormontreuil,Power Dot,49.21496438853205,4.0481060958456965,Cormontreuil,Public,4
475205,PowerDot - Conforama - Cormontreuil,Power Dot,49.213565249867656,4.057090636687349,Cormontreuil,Public,18
475202,PowerDot - Carrefour - Reims Cormontreuil,Power Dot,49.2160583098495,4.055669439657436,Cormontreuil,Public,42
475201,PowerDot - Sogenial Commerces - Cormontreuil,Power Dot,49.215969598577544,4.058401542823049,Cormontreuil,Public,4
475200,PowerDot - Hyper U - Reims,Power Dot,49.239878912775765,4.085716795530516,Reims,Public,8
475197,PowerDot - Carrefour - Reims Neuvillette,Power Dot,49.28655139335481,4.024383354080101,Reims,Public,10
475196,PowerDot - Bricomarché - Fismes,Power Dot,49.30720953995876,3.6672981081451326,Fismes,Public,8
475193,PowerDot - Burger King - Château-Thierry,Power Dot,49.03661885053617,3.38251020680093,Château-Thierry,Public,8
475192,PowerDot - Ibis - Essômes-sur-Marne,Power Dot,49.03571930939876,3.381094208303466,Essômes-sur-Marne,Public,6
475191,PowerDot - Marché Frais - Orgeval,Power Dot,48.927122419151914,1.986188289360598,Orgeval,Public,4
475190,PowerDot - E. Leclerc - Achères,Power Dot,48.96035337510315,2.0571256783055105,Achères,Public,10
475189,PowerDot - Basic Fit - Sartrouville,Power Dot,48.94804494524067,2.2059182057803355,Sartrouville,Public,2
475188,PowerDot - Marques Avenue - l'Ile Saint-Denis,Power Dot,48.92315416777117,2.3320502038852737,L'Île-Saint-Denis,Public,8
475187,PowerDot - Picard - Groslay,Power Dot,48.98492124864464,2.3593035161106855,Groslay,Public,4
475186,PowerDot - Jardiland - Groslay,Power Dot,48.984061796790826,2.365015734146823,Groslay,Public,8
475185,PowerDot - Carrefour - Garges-lès-Gonesse,Power Dot,48.974769705062016,2.418143445871692,Garges-lès-Gonesse,Public,10
475184,PowerDot - Lidl - Gonesse,Power Dot,48.98114620541185,2.4409065701640884,Gonesse,Public,8
475113,PowerDot - Carrefour - Livry-Gargan,Power Dot,48.92880559055328,2.5538017102103368,Livry-Gargan,Public,18
475111,PowerDot - Gouny & Starkley - Livry-Gargan,Power Dot,48.925459407472914,2.5519884198533873,Livry-Gargan,Public,4
475105,PowerDot - Mercure - Porte de Vanves,Power Dot,48.82707962474916,2.291966106652808,Vanves,Public,6
475103,PowerDot - Novotel - Bagnolet,Power Dot,48.86312774728307,2.415978306223792,Bagnolet,Public,6
475100,PowerDot - Hôtel F1 - Villemomble,Power Dot,48.87990761914176,2.4995630793960117,Villemomble,Public,5
475098,PowerDot - KFC - Neuilly-sur-Marne,Power Dot,48.85412005999851,2.520799224917482,Neuilly-sur-Marne,Public,6
475096,PowerDot - Hyper U - Neuilly-sur-Marne,Power Dot,48.8655704524418,2.5623891780363692,Neuilly-sur-Marne,Public,6
475056,PowerDot - Super U - Montgeron,Power Dot,48.703095140689555,2.4586984580485023,Montgeron,Public,8
475055,PowerDot - Intermarché Super - Villecresnes,Power Dot,48.70918794989774,2.527817151825161,Villecresnes,Public,4
475054,PowerDot - Hyper U - Brie-Comte-Robert,Power Dot,48.70308540379668,2.600842536037021,Brie-Comte-Robert,Public,10
475053,PowerDot - Aldi - Épinay-sous-Sénart,Power Dot,48.69423980666144,2.512896454402153,Épinay-sous-Sénart,Public,4
475052,PowerDot - Retail Park - Vert-Saint-Denis,Power Dot,48.567003570895935,2.6290861227707865,Vert-Saint-Denis,Public,6
475051,PowerDot - Action - Savigny-le-Temple,Power Dot,48.584754815509825,2.5927609200507504,Savigny-le-Temple,Public,4
475050,PowerDot - Basic Fit - Saint-Germain-lès-Corbeil,Power Dot,48.63011629059403,2.4936102672107836,Saint-Germain-lès-Corbeil,Public,4
475049,PowerDot - McDonald's - Villabé,Power Dot,48.58629421545663,2.4468846552166497,Villabé,Public,10
475048,PowerDot - ACE Hôtel Paris Sud - Villabé,Power Dot,48.587307069080936,2.4491231599309913,Villabé,Public,2
475043,PowerDot - Hôtel F1 - Évry-Courcouronnes,Power Dot,48.61562234010529,2.424508167192471,Évry-Courcouronnes,Public,4
475042,PowerDot - Ibis - Évry,Power Dot,48.62059881402203,2.420468462307781,Évry-Courcouronnes,Public,12
475041,PowerDot - Aviva Cuisines - Sainte-Geneviève-des-Bois,Power Dot,48.62386276462948,2.345318223175809,Sainte-Geneviève-des-Bois,Public,4
475040,PowerDot - King Jouet - Brétigny-sur-Orge,Power Dot,48.587535537457114,2.300636719151953,Brétigny-sur-Orge,Public,6
475039,PowerDot - Hôtel F1 - Brétigny-sur-Orge,Power Dot,48.625760524681425,2.2978800271063164,Brétigny-sur-Orge,Public,6
475037,PowerDot - Valmont Primeurs Pomchou - La Ville-du-Bois,Power Dot,48.65093703906783,2.270833451620774,La Ville-du-Bois,Public,4
475032,PowerDot - Hôtel F1 - Les Ulis,Power Dot,48.679341708348346,2.1985012319462385,Les Ulis,Public,4
475031,PowerDot - Fonciariane - Saulx-les-Chartreux,Power Dot,48.69477251955925,2.2840302862753106,Saulx-les-Chartreux,Public,8
475030,PowerDot - Hôtel F1 - Chilly-Mazarin,Power Dot,48.715855764379654,2.2999056342114272,Chilly-Mazarin,Public,6
475029,PowerDot - Restaurant Le Boeuf Sur Grill - Igny,Power Dot,48.73153322587825,2.236808081459685,Igny,Public,4
475028,PowerDot - Auchan - Jouy-en-Josas,Power Dot,48.76538853194802,2.1620382226493575,Jouy-en-Josas,Public,4
475027,PowerDot - Intermarché - Buc,Power Dot,48.76717863624077,2.1181712440156844,Buc,Public,6
475026,PowerDot - Grand Frais - Guyancourt,Power Dot,48.76694300000159,2.0665849999948023,Guyancourt,Public,8
475014,PowerDot - Tissus des Ursules - Maurepas,Power Dot,48.75904281686138,1.921078679647735,Maurepas,Public,6
475009,PowerDot - Darty - Étampes,Power Dot,48.4427174906977,2.1430384787704497,Étampes,Public,6
475006,PowerDot - Le Bouche à Oreille - Boutervilliers,Power Dot,48.45633575315284,2.0555077721727457,Boutervilliers,Public,6
475003,PowerDot - U Express - Saint-Arnoult,Power Dot,48.572020378112484,1.9368772987552347,Saint-Arnoult-en-Yvelines,Public,3
475001,PowerDot - Picard - Rambouillet,Power Dot,48.63010097876753,1.8281201341709448,Rambouillet,Public,4
474998,PowerDot - Ibis Styles - Chartres,Power Dot,48.427112777006755,1.513995192352695,Le Coudray,Public,6
474929,PowerDot - B&M - Vernouillet,Power Dot,48.71855503749535,1.3705161952581193,Vernouillet,Public,4
474928,PowerDot - Ibis Styles - Dreux,Power Dot,48.73138878423754,1.3683719802962742,Dreux,Public,2
474927,PowerDot - Burger King - Dreux,Power Dot,48.74717054062833,1.3631602252687571,Dreux,Public,12
474926,PowerDot - Retail Park - Dreux,Power Dot,48.747721148847404,1.361142425051412,Dreux,Public,4
474925,PowerDot - Carrefour - Dreux,Power Dot,48.74917912612128,1.3461630630770287,Dreux,Public,10
474924,PowerDot - Action - Verneuil d’Avre,Power Dot,48.73755388703128,0.9372752105377913,Verneuil d'Avre et d'Iton,Public,4
474922,PowerDot - Basic Fit - Saint-Sulpice-sur-Risle,Power Dot,48.76122410650035,0.6494262030420259,Saint-Sulpice-sur-Risle,Public,8
474920,PowerDot - Intersport - L’Aigle,Power Dot,48.75992108388323,0.6453099775180817,Saint-Sulpice-sur-Risle,Public,8
474919,PowerDot - Centrakor - L'Aigle,Power Dot,48.7644603452986,0.6183827707659475,L'Aigle,Public,6
474880,PowerDot - Intermarché - Bonnat,Power Dot,46.32050423817023,1.912877049071767,Bonnat,Public,2
474879,PowerDot - Marie Blachère - Bellac,Power Dot,46.12885307608744,1.0532726007304518,Bellac,Public,4
474878,PowerDot - Bricorama - Limoges,Power Dot,45.80625573753463,1.2757780962763263,Limoges,Public,8
474877,PowerDot - Intermarché - Limoges,Power Dot,45.840645423745,1.1930590845209963,Limoges,Public,6
474876,PowerDot - Popeyes & Buffalo Grill - Limoges,Power Dot,45.88312965138965,1.285603720933409,Limoges,Public,4
474875,PowerDot - Hôtel F1 - Limoges,Power Dot,45.88816438595677,1.2909606508109164,Limoges,Public,4
474874,PowerDot - U Express - Nieul,Power Dot,45.92028159917919,1.1691944498699058,Nieul,Public,2
474873,PowerDot - Mr. Bricolage - Saint-Junien,Power Dot,45.895393126364155,0.9196546179767893,Saint-Junien,Public,4
474872,PowerDot - Bricomarché - Cussac,Power Dot,45.70762622070737,0.8462341305985319,Cussac,Public,2
474871,PowerDot - Basic Fit - Angoulême,Power Dot,45.638098922234434,0.12956284995129863,Angoulême,Public,4
474870,PowerDot - Lavage Auto Hygie Cars - L’Isle-d’Espagnac,Power Dot,45.66108734545753,0.1807335632545346,L'Isle-d'Espagnac,Public,2
474869,PowerDot - Mr. Bricolage - Champniers,Power Dot,45.68841955093063,0.1787030589322285,Champniers,Public,4
474868,PowerDot - Action - Angoulême,Power Dot,45.68986326702543,0.18348028049831555,Champniers,Public,4
474867,PowerDot - Jardiland - Champniers,Power Dot,45.692750721797864,0.184825908726566,Champniers,Public,4
474866,PowerDot - Sogenial - Rivières,Power Dot,45.751933217678385,0.3841476602935927,Rivières,Public,8
474865,PowerDot - Marie Blachère - Rivières,Power Dot,45.75079609990652,0.38657521484640256,Rivières,Public,5
474864,PowerDot - Weldom - Saujon,Power Dot,45.6798877135474,-0.9159245356079282,Saujon,Public,2
474863,PowerDot - Carrefour Market - Pont-l’Abbé-d’Arnoult,Power Dot,45.8298695612678,-0.8770345853122308,Pont-l'Abbé-d'Arnoult,Public,4
474862,PowerDot - Best Western - Tonnay-Charente,Power Dot,45.954471938176226,-0.9368653956814796,Tonnay-Charente,Public,4
474861,PowerDot - Aldi - Rochefort,Power Dot,45.952082380192905,-0.9806408313631891,Rochefort,Public,4
474860,PowerDot - Mairie - Fouras,Power Dot,45.986174488938474,-1.0945259621165633,Fouras,Public,2
474859,PowerDot - Hôtel F1 - Angoulins,Power Dot,46.10801191906609,-1.1001650711390312,Angoulins,Public,4
474858,PowerDot - Brit Hotel - Périgny,Power Dot,46.15292771771627,-1.1104135373760755,Périgny,Public,6
474857,PowerDot - Sport 2000 - Saint-Sauveur-d’Aunis,Power Dot,46.226805007395626,-0.8720711197303217,Ferrières,Public,4
474856,PowerDot - Mon Brico - Sauzé-Vaussais,Power Dot,46.1334281770406,0.12050305343620948,Sauzé-Vaussais,Public,4
474855,PowerDot - Restaurant Profuzion - Chasseneuil-du-Poitou,Power Dot,46.648759190889905,0.3574201972035098,Chasseneuil-du-Poitou,Public,14
474854,PowerDot - Gamm Vert - Saint-Julien-l’Ars,Power Dot,46.55904823314572,0.495405764189627,Saint-Julien-l'Ars,Public,2
474853,PowerDot - Mr. Bricolage - Poitiers,Power Dot,46.56679159389196,0.3664600156812412,Poitiers,Public,4
474852,PowerDot - Ibis Budget - Poitiers Sud,Power Dot,46.55071124649302,0.30357740116255627,Poitiers,Public,6
474851,PowerDot - Gamm Vert - Fontenay-le-Comte,Power Dot,46.450651071867554,-0.8046545625455792,Fontenay-le-Comte,Public,4
474850,PowerDot - Super U - Luçon,Power Dot,46.46366697400512,-1.1741226785302388,Luçon,Public,4
474790,PowerDot - Mon Brico - La Chataigneraie,Power Dot,46.646365082205904,-0.7477822495185364,La Chataigneraie,Public,4
474789,PowerDot - Mon Brico - Bressuire,Power Dot,46.83290820187685,-0.48133826889318243,Bressuire,Public,4
474788,PowerDot - Action - Cholet,Power Dot,47.07499310528678,-0.8450580070336855,Cholet,Public,4
474787,PowerDot - Hôtel F1 - Cholet,Power Dot,47.072220051086276,-0.8428859719044794,Cholet,Public,5
474785,PowerDot - La Petite Villette - Cholet,Power Dot,47.06912768360803,-0.852347818390399,Cholet,Public,4
474784,PowerDot - Intermarché - Cholet,Power Dot,47.054655067405264,-0.8747023709441919,Cholet,Public,4
474782,PowerDot - E. Leclerc - Cholet,Power Dot,47.051331254615775,-0.8514150961186715,Cholet,Public,8
474781,PowerDot - Mondial Tissus - Cholet,Power Dot,47.06013352421979,-0.9300841813020497,Cholet,Public,6
474775,PowerDot - Mon Brico - Mauléon,Power Dot,46.92559640109411,-0.738744957769768,Mauléon,Public,4
474774,PowerDot - Mon Brico - Mortagne,Power Dot,46.99046655673985,-0.950153798655947,Mortagne-sur-Sèvre,Public,4
474772,PowerDot - E. Leclerc - Chantonnay,Power Dot,46.700685962409835,-1.0507750944991585,Chantonnay,Public,8
474771,PowerDot - Gamm Vert - Chantonnay,Power Dot,46.69427582055209,-1.0547815230862625,Chantonnay,Public,4
474769,PowerDot - Mon Brico - Chantonnay,Power Dot,46.68151300796018,-1.0495703347062317,Chantonnay,Public,4
474768,PowerDot - Super U - Château d'Olonne,Power Dot,46.48774200568096,-1.7468406741812714,Les Sables-d'Olonne,Public,4
474767,PowerDot - Brit Hotel - Les Achards,Power Dot,46.602743224997766,-1.6525590510201482,Les Achards,Public,4
474766,PowerDot - Gamm Vert - La Roche-sur-Yon,Power Dot,46.64298434012878,-1.4351840205448525,La Roche-sur-Yon,Public,4
474765,PowerDot - Cinéville - La Roche-sur-Yon,Power Dot,46.69798306849921,-1.425915476359819,La Roche-sur-Yon,Public,4
474764,PowerDot - Ibis - Mouilleron-le-Captif,Power Dot,46.71052119625281,-1.4299077809839673,Mouilleron-le-Captif,Public,6
474763,PowerDot - Gamm Vert - Challans,Power Dot,46.83855466359307,-1.886162298382601,Challans,Public,4
474762,PowerDot - Mon Brico - Saint-Fulgent,Power Dot,46.857973489234126,-1.1732245906042635,Saint-Fulgent,Public,4
474761,PowerDot - Intermarché - Vieillevigne,Power Dot,46.9704755770114,-1.435039279850571,Vieillevigne,Public,2
474758,PowerDot - Mr. Bricolage - Savenay,Power Dot,47.372172245482346,-1.9331338085675043,Savenay,Public,4
474757,PowerDot - Brassier Le Carré Blanc - Saint-Herblain,Power Dot,47.230228416921875,-1.6401720865210336,Saint-Herblain,Public,2
474756,PowerDot - Ibis - Couëron,Power Dot,47.24332884957266,-1.671942569442308,Couëron,Public,4
474755,PowerDot - Ibis Budget - Nantes Nord Saint Herblain,Power Dot,47.24784297579936,-1.619932119952182,Saint-Herblain,Public,6
474754,PowerDot - Une Tartine de Bonheur - Le Loroux-Bottereau,Power Dot,47.24400944977879,-1.359715726750096,Le Loroux-Bottereau,Public,4
474753,PowerDot - Intermarché - Beaupréau-en-Mauges,Power Dot,47.20399985976735,-0.9761530898326782,Beaupréau-en-Mauges,Public,4
474752,PowerDot - Mr. Bricolage - Chalonnes-sur-Loire,Power Dot,47.344476265775484,-0.7615817217324548,Chalonnes-sur-Loire,Public,2
474751,PowerDot - Action - Saint-Georges-sur-Loire,Power Dot,47.402014393917796,-0.7575423383774478,Saint-Georges-sur-Loire,Public,4
474750,PowerDot - Boulangerie Feuillette - Angers,Power Dot,47.44848775255829,-0.5392119971633065,Angers,Public,4
474749,PowerDot - Intermarché - Angers,Power Dot,47.45544294873238,-0.5352230435622687,Angers,Public,4
474748,PowerDot - Story - Angers,Power Dot,47.466544447328005,-0.5938935463435655,Angers,Public,4
474747,PowerDot - Intermarché - Le Lude,Power Dot,47.639530272884315,0.15202218601530149,Le Lude,Public,5
474746,PowerDot - E. Leclerc - La Flèche,Power Dot,47.7017706278715,-0.054850860979968274,La Flèche,Public,16
474745,PowerDot - Intermarché - Le Louroux Beconnais,Power Dot,47.520224001404614,-0.8807662373980065,Val d'Erdre-Auxence,Public,3
474744,PowerDot - Bricomarché - Segré,Power Dot,47.68872977440253,-0.892979820241294,Segré-en-Anjou Bleu,Public,4
474743,PowerDot - Mr. Bricolage - Les Hauts-d’Anjou,Power Dot,47.680214234092404,-0.5005006842468447,Les Hauts-d’Anjou,Public,2
474742,PowerDot - Super U - Sablé-sur-Sarthe,Power Dot,47.85020775648593,-0.3507896527100911,Sablé-sur-Sarthe,Public,4
474741,PowerDot - Centre Commercial Maine Street Auchan - Ruaudin,Power Dot,47.944161997305315,0.2406093902673092,Ruaudin,Public,10
474740,PowerDot - Hôtel F1 - Saint-Saturnin,Power Dot,48.05153192169942,0.16487808735519138,Saint-Saturnin,Public,4
474736,PowerDot - Intermarché - Bain-de-Bretagne,Power Dot,47.844210825682524,-1.68633167506448,Bain-de-Bretagne,Public,8
474734,PowerDot - Basic Fit - Guipry-Messac,Power Dot,47.8218412231879,-1.8325605693664784,Guipry-Messac,Public,4
474733,PowerDot - Ibis Budget - Redon,Power Dot,47.674056261836455,-2.06429965318614,Redon,Public,4
474732,PowerDot - Bricomarché - Nivillac,Power Dot,47.51744555591537,-2.294664292317748,Nivillac,Public,4
474710,PowerDot - Intermarché - Sarzeau,Power Dot,47.52769908907666,-2.7570008133368447,Sarzeau,Public,4
474709,PowerDot - Intermarché - Arzon,Power Dot,47.54624440815522,-2.8964164741844343,Arzon,Public,4
474708,PowerDot - Hôtel F1 - Vannes,Power Dot,47.6704184291807,-2.768838047085751,Vannes,Public,10
474707,PowerDot - Sofitel - Quiberon,Power Dot,47.474557752053045,-3.1038071276691426,Quiberon,Public,7
474706,PowerDot - Super U - Quiberon,Power Dot,47.48542738030244,-3.1202630990999296,Quiberon,Public,2
474705,PowerDot - Mr. Bricolage - Carnac,Power Dot,47.58852466109653,-3.057935098859616,Carnac,Public,4
474703,PowerDot - Darty - Auray,Power Dot,47.66654616908278,-3.0075806239760823,Auray,Public,6
474702,PowerDot - Ibis - Auray,Power Dot,47.662697723467545,-3.0133001136982784,Auray,Public,4
474701,PowerDot - Super U - Pluvigner,Power Dot,47.772932612533225,-3.004303629112769,Pluvigner,Public,4
474700,PowerDot - Intermarché - Landévant,Power Dot,47.760036020122925,-3.119811255267905,Landévant,Public,3
474699,PowerDot - Intermarché - Ploërmel,Power Dot,47.923956297625296,-2.4019575144182,Ploërmel,Public,4
474698,PowerDot - Marie Blachère - Pontivy,Power Dot,48.04239131641984,-2.9605182859734214,Pontivy,Public,2
474697,PowerDot - Intermarché - Guémené-sur-Scorff,Power Dot,48.063875105178596,-3.2069975965951016,Guémené-sur-Scorff,Public,4
474696,PowerDot - Action - Carhaix-Plouguer,Power Dot,48.27753122840892,-3.5541945267159463,Carhaix-Plouguer,Public,4
474695,PowerDot - Bricomarché - Carhaix-Plouguer,Power Dot,48.27066340689984,-3.570307782048644,Carhaix-Plouguer,Public,3
474694,PowerDot - Super U - Pont-Croix,Power Dot,48.04327571829998,-4.490113749099692,Pont-Croix,Public,3
474693,PowerDot - Intermarché - Plomodiern,Power Dot,48.18128192764965,-4.229223059537503,Plomodiern,Public,4
474690,PowerDot - Super U - Saint-Pol-de-Léon,Power Dot,48.68781994923367,-3.9866665204356195,Saint-Pol-de-Léon,Public,6
474689,PowerDot - Super U - Lanmeur,Power Dot,48.641788025879436,-3.7203771262697956,Lanmeur,Public,6
474688,PowerDot - Netto - Bégard,Power Dot,48.62158661527687,-3.2960075870090577,Bégard,Public,4
474687,PowerDot - Action - Plérin,Power Dot,48.53377709445459,-2.7545316558887407,Plérin,Public,4
474686,PowerDot - Restaurant La Pataterie - Trégueux,Power Dot,48.48934652885333,-2.761943662083695,Trégueux,Public,4
474685,PowerDot - Intermarché - Quessoy,Power Dot,48.42271281648428,-2.6559516417855775,Quessoy,Public,2
474684,PowerDot - Intermarché Super - Broons,Power Dot,48.324736296224245,-2.2516642944726755,Broons,Public,2
474683,PowerDot - Grand Frais - La Richardais,Power Dot,48.61470274086406,-2.055344286237869,La Richardais,Public,8
474682,PowerDot - Mr. Bricolage - Saint-Jouan-des-Guérets,Power Dot,48.60261091256396,-1.9722339590900901,Saint-Jouan-des-Guérets,Public,4
474681,PowerDot - Carrefour - Saint-Jouan-des-Guérets,Power Dot,48.60534487807652,-1.9783481910169485,Saint-Jouan-des-Guérets,Public,10
474680,PowerDot - Intermarché - Saint-Malo,Power Dot,48.64880166393601,-1.9970937508984434,Saint-Malo,Public,8
474679,PowerDot - L’Antre Frères - Saint-Méloir-des-Ondes,Power Dot,48.63889895315984,-1.9112445011743375,Saint-Méloir-des-Ondes,Public,4
474676,PowerDot - Jardiland - Avranches,Power Dot,48.654951194368095,-1.3506356210062904,Avranches,Public,6
474675,PowerDot - Restaurant 3B Avranches - Le Val-Saint-Père,Power Dot,48.657736769827494,-1.3553386864833783,Le Val-Saint-Père,Public,4
474674,PowerDot - Mr. Bricolage - Avranches,Power Dot,48.678905824214894,-1.3422618317954402,Avranches,Public,2
474673,PowerDot - Del Arte - Avranches,Power Dot,48.68984775444483,-1.3686783634664152,Avranches,Public,5
474626,PowerDot - Action - Cherbourg-en-Cotentin,Power Dot,49.63465373986901,-1.6014697364387303,Cherbourg-en-Cotentin,Public,4
474625,PowerDot - Ibis Budget - Saint-Lô,Power Dot,49.09894815081395,-1.08243698254023,Saint-Lô,Public,4
474624,PowerDot - Jardiland – Coutances,Power Dot,49.07004800662068,-1.4285421466471462,Coutances,Public,4
474623,PowerDot - Jardiland - Granvile,Power Dot,48.837625887421325,-1.558355435083513,Yquelon,Public,4
474622,PowerDot - Le Palais d’Emeraude - Vire-Normandie,Power Dot,48.85731132316977,-0.877119687205095,Vire Normandie,Public,6
474621,PowerDot - Retail Park - Flers,Power Dot,48.73387180962763,-0.5770484299027885,Flers,Public,4
474620,PowerDot - Castorama - Fleury-sur-Orne,Power Dot,49.13977328149525,-0.3734178025461006,Fleury-sur-Orne,Public,20
474619,PowerDot - 3 Brasseurs - Mondeville,Power Dot,49.16342929725403,-0.3007572174303732,Mondeville,Public,4
474618,PowerDot - Super U - Colombelles,Power Dot,49.18818463027003,-0.2987861358185455,Colombelles,Public,4
474617,PowerDot - Action - Saint-Pierre-en-Auge,Power Dot,49.024684714015024,-0.028279689279543163,Saint-Pierre-en-Auge,Public,2
474616,PowerDot - Intermarché - Ivry-la-Bataille,Power Dot,48.88196341474358,1.4589805272721605,Ivry-la-Bataille,Public,2
474613,PowerDot - Intermarché - Evreux La Madeleine,Power Dot,49.007603598021404,1.1627359795593293,Évreux,Public,6
474612,PowerDot - Chaussea - Évreux,Power Dot,49.011105840634,1.171463006464819,Évreux,Public,4
474611,PowerDot - Jardiland - Evreux,Power Dot,49.01483647013859,1.1932265391280907,Le Vieil-Évreux,Public,6
474610,PowerDot - Carrefour - Évreux,Power Dot,49.023005442559594,1.1346979295088886,Évreux,Public,10
474609,PowerDot - Intermarché - Evreux Netreville,Power Dot,49.02727925059298,1.180362673215086,Évreux,Public,4
474608,PowerDot - Boulangerie Feuillette - Gravigny,Power Dot,49.05671051426094,1.1676897925153753,Gravigny,Public,4
474606,PowerDot - Intermarché - Pacy-sur-Eure,Power Dot,49.009911206693175,1.397171707715529,Pacy-sur-Eure,Public,8
474605,PowerDot - Action - Neufchâtel-en-Bray,Power Dot,49.73615316205803,1.4354077366552929,Neufchâtel-en-Bray,Public,6
474517,PowerDot - Marie Blachère - Fécamp,Power Dot,49.75228144177501,0.3939352186210954,Fécamp,Public,4
474516,PowerDot - Mr. Bricolage - Touques,Power Dot,49.34984624979475,0.0936534410702734,Touques,Public,2
474515,PowerDot - NEF - Le Havre 2,Power Dot,49.49755713597,0.14876386084051774,Le Havre,Public,8
474514,PowerDot - NEF - Le Havre,Power Dot,49.497252037031416,0.1473924283947099,Le Havre,Public,12
474513,PowerDot - Carrefour Market - Bourg-Achard,Power Dot,49.356549480126574,0.8166432419301373,Bourg-Achard,Public,6
474512,PowerDot - Basic Fit - Le Trait,Power Dot,49.47690086260323,0.8112417656311663,Le Trait,Public,4
474511,PowerDot - Kiabi - Barentin,Power Dot,49.53152214639607,0.9690314825829773,Barentin,Public,8
474510,PowerDot - Action - Maromme,Power Dot,49.47483224570527,1.0425075066788168,Maromme,Public,6
474509,PowerDot - Brit Hotel - Rouen,Power Dot,49.4386634330273,1.1094819783934327,Rouen,Public,3
474508,PowerDot - Hôtel F1 - Saint-Étienne-du-Rouvray,Power Dot,49.40010849716788,1.06478495016313,Saint-Étienne-du-Rouvray,Public,4
474507,PowerDot - Centre Commercial Les Tisserands - Louviers,Power Dot,49.21026306565619,1.173045335344682,Louviers,Public,4
474504,PowerDot - Intermarché - Gasny,Power Dot,49.09649818605175,1.6090946427630115,Gasny,Public,2
474502,PowerDot - Boulangerie Louise - Trie-Château,Power Dot,49.2870709176282,1.8001832883110183,Trie-Château,Public,4
474500,PowerDot - Librefruit - Gisors,Power Dot,49.2683683592287,1.7851720210589974,Gisors,Public,4
474499,PowerDot - Librefruit - Magny-en-Vexin,Power Dot,49.145468969271434,1.7871408667142532,Magny-en-Vexin,Public,4
474455,PowerDot - Boulangerie Louise - Méru,Power Dot,49.22158171174394,2.1392375131301833,Méru,Public,4
474453,PowerDot - Intermarché - Orry-la-Ville,Power Dot,49.131390491503026,2.5212322213944844,Orry-la-Ville,Public,2
474452,PowerDot - Mercure - Vineuil-Saint-Firmin,Power Dot,49.206119041845454,2.4951929954086154,Vineuil-Saint-Firmin,Public,4
474451,PowerDot - Ibis Budget - Senlis,Power Dot,49.20852447100518,2.6060559929819647,Senlis,Public,2
474450,PowerDot - Ibis - Villers-Saint-Paul,Power Dot,49.28899882232548,2.5002055391200884,Villers-Saint-Paul,Public,6
474449,PowerDot - Basic Fit - Villers-Cotterêts,Power Dot,49.238728139765186,3.1031060130457035,Villers-Cotterêts,Public,4
474448,PowerDot - Carrefour - Soissons,Power Dot,49.36977844248938,3.312848366038452,Soissons,Public,12
474447,PowerDot - Centre Commercial Carrefour - Venette,Power Dot,49.410093792668704,2.777346955936764,Venette,Public,4
474446,PowerDot - Action - Noyon,Power Dot,49.57043099961348,2.975325000316957,Noyon,Public,4
474445,PowerDot - Basic Fit - Tergnier,Power Dot,49.65122033610396,3.2831280181717375,Tergnier,Public,4
474414,Mobilize - Renault Vitré,Mobilize (FR),48.12050898731087,-1.1766821014090283,Vitré,Public,4
474413,Izivia Fast - Mc Donald's - Livry-Gargan,Izivia (Sodetrel),48.92852378081324,2.555290290255357,Livry-Gargan,Public,2
474411,Izivia Fast - Mc Donald's - Déols,Izivia (Sodetrel),46.852224597933315,1.703482117453973,Déols,Public,4
474410,Izivia Fast - Mc Donald's - La Chapelle-Saint-Mesmin,Izivia (Sodetrel),47.89449678489348,1.8522231909585116,La Chapelle-Saint-Mesmin,Public,2
474381,PowerDot - Intermarché - Ribemont,Power Dot,49.80117924834289,3.4659204516630098,Ribemont,Public,4
474380,PowerDot - La Boucherie - Gauchy,Power Dot,49.818934877226354,3.295865222010434,Gauchy,Public,4
474379,PowerDot - Intermarché - Gauchy,Power Dot,49.823742393572275,3.279350777807963,Gauchy,Public,10
474378,PowerDot - Mairie de Gauchy – Salle Polyvalente,Power Dot,49.83387439197287,3.2885014306395988,Gauchy,Public,4
474374,PowerDot - Kiabi - Saint-Quentin,Power Dot,49.859095794480936,3.2550963448854873,Fayet,Public,4
474373,PowerDot - Carrefour - Saint-Quentin,Power Dot,49.865913582511325,3.2911391783461568,Saint-Quentin,Public,10
474356,PowerDot - Au Lotus Bleu - Péronne,Power Dot,49.94131285670704,2.9310953410262073,Péronne,Public,4
474355,PowerDot - Auchan - Villers-Bretonneux,Power Dot,49.856905362399374,2.5256062509315598,Villers-Bretonneux,Public,8
474354,PowerDot - Novotel - Boves Amiens,Power Dot,49.86566549110529,2.3708797787014646,Boves,Public,4
474353,PowerDot - Hôtel F1 - Glisy,Power Dot,49.86584603616001,2.3721763319747424,Glisy,Public,4
474352,PowerDot - Cuir Center - Longueau,Power Dot,49.86769075090959,2.3716145977688257,Longueau,Public,4
474351,PowerDot - Super U - Amiens,Power Dot,49.89896674495162,2.2695260273019358,Amiens,Public,3
474350,PowerDot - Action - Albert,Power Dot,49.99562847313575,2.660403307973297,Albert,Public,8
474349,PowerDot - KFC - Abbeville,Power Dot,50.09940807305313,1.8666392085411871,Abbeville,Public,8
474348,PowerDot - Action - Rue,Power Dot,50.2653484488504,1.6670676688150934,Rue,Public,2
474337,PowerDot - Supermarché Match - Doullens,Power Dot,50.160170017334195,2.347708913947372,Doullens,Public,4
474336,PowerDot - Restaurant 3 Brasseurs - Arras,Power Dot,50.29937915930603,2.739007483855403,Arras,Public,6
474335,PowerDot - Patrimonia - Arras,Power Dot,50.28527120681787,2.741829031187649,Arras,Public,4
474334,PowerDot - Supermarché Match - Arras,Power Dot,50.27737620079378,2.7888892706039314,Arras,Public,6
474333,PowerDot - Intermarché - Bapaume,Power Dot,50.099328910132954,2.8532801967038495,Bapaume,Public,6
474332,PowerDot - Carrefour - Cambrai-Proville,Power Dot,50.14760469555617,3.2212765676670188,Cambrai,Public,10
474331,PowerDot - Supermarché Match - Avesnes-les-Aubert,Power Dot,50.18981195550941,3.388001763858938,Avesnes-les-Aubert,Public,4
474330,PowerDot - Système U - Saint-Python,Power Dot,50.19045574495584,3.488356739100027,Solesmes,Public,4
474329,PowerDot - Supermarché Match - Avesnelles,Power Dot,50.11707852945318,3.9372020827853476,Avesnelles,Public,4
474328,PowerDot - Supermarché Match - Maubeuge,Power Dot,50.27532476592708,3.967199176580152,Maubeuge,Public,4
474327,PowerDot - Marie Blachère - Maubeuge Jean Jaurès,Power Dot,50.2817352295483,3.957859781483421,Maubeuge,Public,4
474326,PowerDot - Supermarché Match - Le Quesnoy,Power Dot,50.24963936320182,3.6357390286987084,Le Quesnoy,Public,4
474325,PowerDot - L’Orange Bleue - Valenciennes,Power Dot,50.35006295109329,3.521500677038034,Valenciennes,Public,3
474324,PowerDot - Burger King - La Sentinelle,Power Dot,50.34815666469379,3.487012638338797,La Sentinelle,Public,4
474323,PowerDot - Supermarché Match - Douai Warenghien,Power Dot,50.37344319708973,3.0664825087726513,Douai,Public,4
474322,PowerDot - Speed Park - Hénin-Beaumont,Power Dot,50.404073939119,2.9733376106323703,Hénin-Beaumont,Public,4
474321,PowerDot - Cinéville - Hénin-Beaumont,Power Dot,50.40590549358694,2.9739935808941027,Hénin-Beaumont,Public,4
474320,PowerDot - Supermarché Match - Oignies,Power Dot,50.46995862698668,2.9976855356070473,Oignies,Public,8
474319,PowerDot - Carrefour - Courrières,Power Dot,50.44460507031806,2.944840111979488,Courrières,Public,10
474318,PowerDot - Action - Loison-sous-Lens,Power Dot,50.44559407475063,2.8598065544357496,Loison-sous-Lens,Public,4
474317,PowerDot - Carrefour - Lens 2,Power Dot,50.46119618342058,2.826163889958707,Vendin-le-Vieil,Public,12
474316,PowerDot - Basic Fit - Avion,Power Dot,50.409486485216036,2.817571364241985,Avion,Public,4
474315,PowerDot - Intersport - Liévin,Power Dot,50.42754730995577,2.7893207342561936,Liévin,Public,4
474314,PowerDot - Action - Liévin,Power Dot,50.42306018290461,2.7736969022565745,Liévin,Public,4
474313,PowerDot - Supermarché Match - Grenay,Power Dot,50.44622380188696,2.7410891753022497,Grenay,Public,4
474312,PowerDot - Action - Sains-en-Gohelle,Power Dot,50.460967121996816,2.677561095297051,Sains-en-Gohelle,Public,4
474311,PowerDot - Intermarché Super - Hersin-Coupigny,Power Dot,50.45236168379199,2.6378398806061796,Hersin-Coupigny,Public,3
474310,PowerDot - Supermarché Match - Calonne-Ricouart,Power Dot,50.48402761926059,2.4758379345020103,Calonne-Ricouart,Public,5
474309,PowerDot - Action - Auchel,Power Dot,50.512582702140094,2.4756124868844154,Auchel,Public,4
474242,PowerDot - Chaussea - Bruay-la-Buissière,Power Dot,50.49334960310301,2.5769383310728244,Bruay-la-Buissière,Public,4
474241,PowerDot - Carrefour - Bruay-la-Buissière,Power Dot,50.49379056038765,2.569731753706151,Bruay-la-Buissière,Public,10
474240,PowerDot - Magasin Envia Cuisine - Bruay-la-Buissière,Power Dot,50.49564756807064,2.573497316499129,Bruay-la-Buissière,Public,2
474239,PowerDot - Intermarché - Verquin,Power Dot,50.501806849725,2.6514893235066666,Verquin,Public,3
474232,PowerDot - Supermarché Match - Vieux-Condé,Power Dot,50.46101619327382,3.567625483052666,Vieux-Condé,Public,4
474230,PowerDot - Supermarché Match - Saint-Amand,Power Dot,50.453749672236256,3.4296031376616156,Saint-Amand-les-Eaux,Public,4
474226,PowerDot - Picard - Orchies,Power Dot,50.47532033881683,3.2349707293287793,Orchies,Public,16
474216,PowerDot - Mr. Bricolage - Annœullin,Power Dot,50.528495982006376,2.9432349852988864,Annœullin,Public,2
474215,PowerDot - Supermarché Match - Fournes-en-Weppe,Power Dot,50.5837463378366,2.8999095443616625,Fournes-en-Weppes,Public,2
474214,PowerDot - Supermarché Match - Cysoing,Power Dot,50.56654180570172,3.222686682070389,Cysoing,Public,6
474213,PowerDot - Novotel - Lille Aéroport,Power Dot,50.58369886648555,3.088689160494596,Lesquin,Public,2
474212,PowerDot - Kiabi - Faches-Thumesnil,Power Dot,50.58429195840063,3.085759714362325,Faches-Thumesnil,Public,10
474207,Tesla Supercharger Charolles,Tesla (including non-tesla),46.438799322846506,4.301323890413073,Charolles,Public,8
474204,PowerDot - Supermarché Match - Ronchin,Power Dot,50.60406587382019,3.0760752814692296,Ronchin,Public,6
474203,PowerDot - Ibis - Lille Lomme Centre,Power Dot,50.64650705411836,3.0097028595384927,Lille,Public,4
474202,PowerDot - Supermarché Match - Lambersart,Power Dot,50.63724408815301,3.02505275923113,Lambersart,Public,1
474201,PowerDot - Carrefour - Villeneuve-d’Ascq-Flers,Power Dot,50.635869387994745,3.120541869668955,Villeneuve-d'Ascq,Public,19
474200,PowerDot - Hôtel F1 - Villeneuve-d’Ascq,Power Dot,50.64234859973166,3.143145738445014,Villeneuve-d'Ascq,Public,12
474199,PowerDot - Ibis Budget - Villeneuve-d’Ascq,Power Dot,50.64331984040999,3.1431111129470537,Villeneuve-d'Ascq,Public,4
474198,PowerDot - Supermarché Match - La Madeleine,Power Dot,50.65814568813843,3.0740114965841485,La Madeleine,Public,4
474197,PowerDot - Supermarché Match - Wambrechies,Power Dot,50.692507682624466,3.052249707440751,Wambrechies,Public,8
473191,PowerDot - Supermarché Match - Lannoy,Power Dot,50.66696552599291,3.2130101309448946,Lannoy,Public,6
473190,PowerDot - Supermarché Match - Wattrelos Abattoir,Power Dot,50.70331725994282,3.2190306168237157,Wattrelos,Public,6
473189,PowerDot - Supermarché Match - Tourcoing (Fleurus),Power Dot,50.73553006329041,3.1735565368428524,Tourcoing,Public,8
473188,PowerDot - Boulangerie Ange - Roncq,Power Dot,50.7670035836573,3.1209720818874302,Roncq,Public,2
473187,PowerDot - Biocoop - Roncq,Power Dot,50.76750762291621,3.1229041992082784,Roncq,Public,4
473171,SGA Industries - Carrosserie Industrielle Toutain,(Unknown Operator),47.69492492219939,-0.1027692177916606,La Flèche,Public,2
473168,PowerDot - Supermarché Match - Wervicq-Sud,Power Dot,50.77043694307869,3.0415244916780466,Wervicq-Sud,Public,8
473167,PowerDot - Supermarché Match - Deûlémont,Power Dot,50.73700135761041,2.956547587345767,Deûlémont,Public,5
473166,PowerDot - Mr. Bricolage - Armentières,Power Dot,50.68198434065977,2.8712672974646694,Armentières,Public,2
473165,PowerDot - Supermarché Match - Armentières,Power Dot,50.6828294398216,2.872948811558672,Armentières,Public,6
473100,PowerDot - Action - Sainte-Austreberthe,Power Dot,50.36337422318749,2.0352834554290666,Marconne,Public,4
473099,PowerDot - Centre Commercial - Marconne,Power Dot,50.36624246860606,2.03164656929539,Marconne,Public,8
473098,PowerDot - Super U - Merville,Power Dot,50.64070035780483,2.6532994495685216,Merville,Public,4
472984,PowerDot - Supermarché Match - Cucq,Power Dot,50.50665834338298,1.6243358551653273,Cucq,Public,4
472967,PowerDot - KFC - Outreau,Power Dot,50.69967083540314,1.6082794070047157,Outreau,Public,4
472966,PowerDot - KFC - Calais,Power Dot,50.94091442936576,1.8365298579119553,Calais,Public,4
472965,PowerDot - Supermarché Match - Calais,Power Dot,50.943657913277576,1.865526960837542,Calais,Public,10
472964,PowerDot - Logis Hôtel Cottage - Calais,Power Dot,50.94389875704272,1.8379445967710808,Calais,Public,4
472963,PowerDot - Ibis - Calais,Power Dot,50.947000038102374,1.8794254466702114,Calais,Public,4
472962,PowerDot - Supermarché Match - Dunkerque,Power Dot,51.03867479442604,2.4054674808830896,Dunkerque,Public,10
472961,PowerDot - Ibis Budget - Dunkerque,Power Dot,51.00707164471072,2.3107587355700616,Grande-Synthe,Public,4
472960,PowerDot - Carrefour - Dunkerque,Power Dot,51.015181591538436,2.379084190706635,Coudekerque-Branche,Public,8
472959,Electra - Marseille - Centre La Valentine,Electra,43.290818385840424,5.476243060786032,Marseille,Public,8
472958,PowerDot - Jardiland - Tours,Power Dot,47.42659005912782,0.7050177894637955,Tours,Public,8
472957,PowerDot - LaMaison.fr – Amboise,Power Dot,47.41688870570695,1.0152785778293492,Amboise,Public,4
472956,PowerDot - Action - Carcassonne,Power Dot,43.203345921017785,2.308320693459109,Carcassonne,Public,4
472955,PowerDot - Jardiland - Carcassonne,Power Dot,43.207934843468564,2.3837973755344137,Carcassonne,Public,6
472954,PowerDot - Carrefour - Dole,Power Dot,47.06622363035885,5.455145152935756,Choisey,Public,7
472953,PowerDot - Action - Bourgueil,Power Dot,47.275246761068615,0.1670145918359367,Bourgueil,Public,4
472952,PowerDot - Chaussea - Saumur,Power Dot,47.277165492146,-0.062205525309536824,Saumur,Public,6
472951,PowerDot - Ibis Budget - Pouilly-en-Auxois,Power Dot,47.24796381250573,4.567479292866437,Créancey,Public,4
472950,PowerDot - Intermarché - Tulle,Power Dot,45.27469920940834,1.77403109470265,Tulle,Public,8
472938,PowerDot - Super U - Arc-sur-Tille,Power Dot,47.347694075030375,5.181031826284652,Arc-sur-Tille,Public,8
472937,PowerDot - Balladins - Dijon,Power Dot,47.351322423847904,5.069603215047778,Dijon,Public,4
472936,PowerDot - Retail Park - Dijon,Power Dot,47.35532270108152,5.030043027783904,Fontaine-lès-Dijon,Public,6
472934,PowerDot - Super U – Sennecey-lès-Dijon,Power Dot,47.29093006562138,5.100093689211008,Sennecey-lès-Dijon,Public,4
472933,PowerDot - Ibis Styles - Beauregard,Power Dot,47.271476928530035,5.043067237697869,Longvic,Public,4
472932,PowerDot - Chaussea - Chenôve,Power Dot,47.28249922519447,5.019069688831223,Chenôve,Public,4
472931,PowerDot - Carrefour - Dijon,Power Dot,47.27012239639029,5.00232502007043,Perrigny-lès-Dijon,Public,19
472914,PowerDot - Ibis Styles – Villeneuve-sur-Lot,Power Dot,44.407174237285915,0.7431493988815419,Villeneuve-sur-Lot,Public,4
472913,PowerDot - Campanile - Pujols,Power Dot,44.38804923589771,0.7137879981936521,Pujols,Public,2
472912,PowerDot - Mr. Bricolage - Bias,Power Dot,44.402867625376075,0.6671154875017464,Bias,Public,4
472911,PowerDot - Cinéville - Saint-Sébastien-sur-Loire,Power Dot,47.19046194680362,-1.4888759640177796,Saint-Sébastien-sur-Loire,Public,8
472910,PowerDot - Subway - Vertou,Power Dot,47.18590838060203,-1.4638534649019448,Vertou,Public,4
472909,PowerDot - Buffalo Grill - Lannion,Power Dot,48.74517357538619,-3.46179499255868,Lannion,Public,4
472907,PowerDot - Netto - Lannion,Power Dot,48.740152127065244,-3.446230288683637,Lannion,Public,4
472906,PowerDot - Marie Blachère - Lannion,Power Dot,48.73434858444256,-3.4379492302460903,Lannion,Public,4
472894,PowerDot - Sport 2000 - Grenade,Power Dot,43.76066896096154,1.3003026429477131,Grenade,Public,4
472893,PowerDot - Intermarché - Castelnau-d’Estrétefonds,Power Dot,43.78133576894223,1.3531881296335087,Castelnau-d’Estrétefonds,Public,5
472892,PowerDot - Intermarché - Yzosse,Power Dot,43.70689734544152,-1.0242773065619986,Yzosse,Public,3
472891,PowerDot - Intermarché - Saint-Paul-lès-Dax,Power Dot,43.726160392356235,-1.0724269085126252,Saint-Paul-lès-Dax,Public,4
472886,PowerDot - Best Western - Guérande,Power Dot,47.32530190778374,-2.41663809915201,Guérande,Public,4
472884,PowerDot - Intermarché - Guérande,Power Dot,47.30364196720146,-2.407844041870476,Guérande,Public,8
472882,PowerDot - Intermarché - Le Pouliguen,Power Dot,47.273141992138505,-2.442206551094955,Batz-sur-Mer,Public,4
472880,PowerDot - Intermarché - Donges,Power Dot,47.32341444782921,-2.0838069139300615,Donges,Public,4
472878,PowerDot - Chaussea - Trignac,Power Dot,47.299655292590614,-2.2112849626082607,Trignac,Public,4
472875,PowerDot - Best Western - Trignac,Power Dot,47.2968870136574,-2.2058983232141145,Trignac,Public,4
472873,PowerDot - Hôtel F1 - Trignac,Power Dot,47.29191427619463,-2.2101140951626803,Trignac,Public,4
472825,Allego - Burger King Saint-Denis-lès-Sens,Allego BV,48.216525060775325,3.275128482282639,Saint-Denis-lès-Sens,Public,4
472824,Allego - Burger King Fougères,Allego BV,48.34443096554975,-1.1792150133744599,Fougères,Public,4
472823,Allego - Burger King Saint-Geosmes,Allego BV,47.846230031040164,5.332468211382093,Saints-Geosmes,Public,4
472818,PowerDot - Intermarché - Concarneau,Power Dot,47.86921981995613,-3.8940141119168175,Concarneau,Public,6
472817,PowerDot - Cinéville - Concarneau,Power Dot,47.89879442452332,-3.9094697720566955,Concarneau,Public,4
472816,PowerDot - Ibis Budget - Quimper,Power Dot,47.97930949079719,-4.033183364285378,Quimper,Public,4
472815,PowerDot - Ibis - Mellac,Power Dot,47.86901033701548,-3.588752235033894,Quimperlé,Public,4
472814,PowerDot - SCI - Malemort,Power Dot,45.1682496188439,1.5551133860528807,Malemort,Public,2
472813,PowerDot - Jardiland - Brive,Power Dot,45.16687992192385,1.5452922933034188,Brive-la-Gaillarde,Public,8
472812,PowerDot - Univers Bois - Varetz,Power Dot,45.19173687955771,1.455413780617846,Varetz,Public,2
472809,PowerDot - Optical Center - Brive-la-Gaillarde,Power Dot,45.14981012579548,1.4956526976552595,Brive-la-Gaillarde,Public,3
472807,PowerDot - Société Générale - Brive-la-Gaillarde,Power Dot,45.14913271173117,1.4810467487346841,Brive-la-Gaillarde,Public,2
472806,PowerDot - Retail Park - Brive-la-Gaillarde,Power Dot,45.146710879932726,1.4719824568990134,Brive-la-Gaillarde,Public,3
472805,PowerDot - Cinéville - Vannes,Power Dot,47.66877077483889,-2.7906032592518386,Vannes,Public,4
472804,PowerDot - La Boucherie - Vannes,Power Dot,47.66756484474902,-2.7893013398995663,Vannes,Public,4
472792,PowerDot - Retail Park - Montauban,Power Dot,44.039533935387595,1.3846375753593065,Montauban,Public,8
472791,PowerDot - Laverie Speed Queen - Montauban,Power Dot,44.038212019777944,1.3733235744844023,Montauban,Public,4
472790,PowerDot - Stockomani - Montauban,Power Dot,44.0319374532543,1.373340268802849,Montauban,Public,4
472789,PowerDot - Carrefour - Montauban,Power Dot,43.98821752057975,1.3332655019490858,Montauban,Public,16
472788,PowerDot - Mr. Bricolage - Montauban,Power Dot,43.987960620209066,1.3325909954395456,Montauban,Public,6
472787,PowerDot - E. Leclerc - Montauban,Power Dot,44.00476578254353,1.3560115540487914,Montauban,Public,16
472785,PowerDot - Foir’Fouilles - Bourg-lès-Valence,Power Dot,44.959557558537256,4.888221589507339,Bourg-lès-Valence,Public,6
472784,PowerDot - GMF Assurances - Valence,Power Dot,44.951932380953934,4.929026189349315,Valence,Public,6
472781,PowerDot - SCI - Chabal,Power Dot,44.90569030380752,4.8827806094500374,Valence,Public,3
472779,PowerDot - Decathlon - Montélimar,Power Dot,44.526828004551646,4.7451952966895306,Montélimar,Public,20
472776,PowerDot - Basic Fit - Les Pennes-Mirabeau,Power Dot,43.414952350688424,5.348754506405044,Les Pennes-Mirabeau,Public,4
472774,PowerDot - Bo Concept - Les Pennes-Mirabeau,Power Dot,43.416837700664274,5.356500540139109,Les Pennes-Mirabeau,Public,4
472771,PowerDot - Jardiland - Guéret,Power Dot,46.18232957058132,1.8854730722945305,Guéret,Public,4
472586,PowerDot - E. Leclerc - Quéven,Power Dot,47.78997514819497,-3.4222548333950726,Quéven,Public,12
472585,PowerDot - La Boucherie - Lanester,Power Dot,47.77872847198611,-3.341725691464603,Lanester,Public,4
472584,PowerDot - Kiabi - Montivilliers,Power Dot,49.5236420562652,0.19035608969636542,Montivilliers,Public,4
472561,PowerDot - Netto - Beauzelle,Power Dot,43.66888956415514,1.3665038439867203,Beauzelle,Public,4
472558,PowerDot - Chemin de la Plane - Cornebarrieu,Power Dot,43.66052855728799,1.306374932650101,Cornebarrieu,Public,4
472556,PowerDot - Boulangerie Charles Sanchez - Cornebarrieu,Power Dot,43.65063928795689,1.334256980977102,Cornebarrieu,Public,4
472553,PowerDot - Mercure - Lyon Chaponnay,Power Dot,45.649385189242,4.920492306825963,Chaponnay,Public,4
472552,PowerDot - Marie Blachère - Chaponnay,Power Dot,45.65120200700744,4.927667816282565,Chaponnay,Public,4
472550,PowerDot - Specialized Store - Condom,Power Dot,43.95118182369751,0.3693990275323813,Condom,Public,4
472547,PowerDot - Atol - Castelculier,Power Dot,44.18165188675155,0.6726341967005283,Castelculier,Public,8
472545,PowerDot - Aldi - Boé,Power Dot,44.18485551114287,0.6319231555381748,Boé,Public,4
472544,PowerDot - Clinique Esquirol Saint Hilaire ELSAN - Agen,Power Dot,44.18471756067231,0.6283067145564019,Agen,Public,4
472543,PowerDot - Jardiland - Agen,Power Dot,44.180245136258975,0.6185050889730519,Agen,Public,3
472542,PowerDot - Supermarché Match - Auberchicourt,Power Dot,50.33411369473606,3.236458302433334,Auberchicourt,Public,4
472541,PowerDot - Quick Douai - Férin,Power Dot,50.33992930606817,3.0961243371297087,Férin,Public,4
472540,PowerDot - Marie Blachère - Lambres-lez-Douai,Power Dot,50.34326276238079,3.0934204720504113,Lambres-lez-Douai,Public,4
472538,PowerDot - Supermarché Match - Douai Kiosque,Power Dot,50.36424198021891,3.077889299250387,Douai,Public,10
472527,PowerDot - Cinéville - Vern-sur-Seiche,Power Dot,48.06481491933778,-1.6264606359954996,Vern-sur-Seiche,Public,4
472520,PowerDot - Mobalpa - Herblay,Power Dot,49.0060096470456,2.1716978330048278,Herblay-sur-Seine,Public,3
472516,PowerDot - Five Guys - Franconville,Power Dot,48.988567653147726,2.2082907070199553,Franconville,Public,2
472512,PowerDot - Hôtel F1 - Thonon-les-Bains,Power Dot,46.382480115558565,6.508941959017875,Thonon-les-Bains,Public,6
472494,PowerDot - Centre Commercial Parc des Drapeaux - Rots,Power Dot,49.19734012637301,-0.45305832890619513,Rots,Public,54
472493,PowerDot - Intermarché - Chauny,Power Dot,49.62626014659688,3.215907516487732,Chauny,Public,10
472492,PowerDot - Action - Viry-Noureuil,Power Dot,49.640998261883,3.25287205118525,Viry-Noureuil,Public,4
472485,PowerDot - O'Tacos - Chambly,Power Dot,49.158252170258606,2.2616915155709876,Chambly,Public,4
472484,PowerDot - Gamm Vert - Tarbes,Power Dot,43.26796864586669,0.07201392109823246,Bordères-sur-l'Échez,Public,4
472483,PowerDot - La Boucherie - Tarbes,Power Dot,43.23917523578248,0.03969730675828487,Ibos,Public,3
472476,PowerDot - Supermarché Match - Beauvais,Power Dot,49.42341191902898,2.100381150195062,Beauvais,Public,4
472475,PowerDot - KFC - Beauvais,Power Dot,49.41008812512115,2.109541016084563,Beauvais,Public,4
472474,PowerDot - Hotel F1 - Beauvais,Power Dot,49.410108916314016,2.1128087388883614,Beauvais,Public,4
472470,D'Tour Gourmand,(Unknown Operator),46.83246771586159,5.582276842566602,Toulouse-le-Château,Public - Pay At Location,2
472437,PowerDot - Intermarché - Lillebonne,Power Dot,49.51593110418332,0.5325018744966883,Lillebonne,Public,3
472417,PowerDot - Jardiland - Soyaux,Power Dot,45.63657718747325,0.20723539445793904,Soyaux,Public,10
472397,PowerDot - Intermarché – Rezé,Power Dot,47.17952693669963,-1.5332491471648382,Rezé,Public,3
472395,PowerDot - Ibis Styles – Marcq-en-Barœul,Power Dot,50.67553649022631,3.1169330259833714,Marcq-en-Barœul,Public,3
472394,PowerDot - Mr. Bricolage - Hazebrouck,Power Dot,50.73615189422793,2.5523406423933466,Hazebrouck,Public,2
472387,PowerDot - Marques Avenue - Corbeil Essonnes,Power Dot,48.608226617049326,2.4491856379166848,Corbeil-Essonnes,Public,8
472386,Izivia Fast - Mc Donald's - Toulouse Blagnac,Izivia (Sodetrel),43.63745596812274,1.376243862019919,Blagnac,Public,4
472385,Electra - Villeneuve-d'Ascq - Grand Frais,Electra,50.65090480230725,3.1237277917123265,Villeneuve-d'Ascq,Public,6
472384,Electra - Ormesson-sur-Marne - W&G Saveurs Gourmandes,Electra,48.79404411312288,2.5527150154360925,Ormesson-sur-Marne,Public,4
472301,Electra - Avrainville - Grand Frais,Electra,48.56931866278373,2.230427114286158,Avrainville,Public,6
472255,Ionity Saint-Saturnin,Ionity,48.05084206807297,0.17103629284179078,Saint-Saturnin,Public,6
471990,Zunder - Charmes,Zunder,48.36849673702571,6.277593723811719,Charmes,Public,4
471988,Zunder - Restaurant La Belle Cantinière,Zunder,45.82097315905801,0.1929168985797105,Aussac-Vadalle,Public,4
471915,Electra - Waziers - Signorizza Pizzeria Douai,Electra,50.392602447474076,3.111436482705926,Waziers,Public,6
471914,Electra - Vaulx-en-Velin - Carré de Soie,Electra,45.763683683154625,4.923669064502064,Vaulx-en-Velin,Public,8
471913,Electra - Toulouse Colomiers - KFC,Electra,43.60345227415104,1.3080722271154173,Colomiers,Public,6
471911,Electra - Saint-Herblain - La Cuisine Barnabé,Electra,47.19686956673243,-1.618089823314449,Saint-Herblain,Public,6
471909,Electra - Paris 12 - Parking Méditerranée - Gare de Lyon,Electra,48.84497398141227,2.3757419366174872,Paris,Public,8
471906,Electra - Lescar - CC Quartier Libre,Electra,43.31792619205632,-0.4324559153747032,Lescar,Public,4
471904,Electra - Le Havre - Hôtel Première Classe,Electra,49.49685868034777,0.15210495576013727,Le Havre,Public,2
471903,Electra - Annecy - Greet Annecy Sud Cran,Electra,45.893705529752026,6.087294331184694,Annecy,Public,2
471902,Electra - Le Coudray-Montceaux - Hôtel Mercure,Electra,48.555402961035185,2.4818901121307135,Le Coudray-Montceaux,Public,4
471901,Electra - Grosseto-Prugna - Sofitel,Electra,41.88354200094474,8.780516334385425,Grosseto-Prugna,Public,4
471899,Electra - Grande-Synthe - Crocodile,Electra,51.00596225511404,2.2844804624804738,Grande-Synthe,Public,6
471898,Electra - Gonesse - KFC,Electra,48.98142320073322,2.4425918130033324,Gonesse,Public,4
471895,Electra - Gennevilliers - Hôtel Campanile Gennevilliers Barbanniers,Electra,48.93453927594089,2.3038129074921017,Gennevilliers,Public,4
471890,Electra - Fleury-Sur-Orne - Grand Frais,Electra,49.1410515836464,-0.3733665039519565,Fleury-Sur-Orne,Public,6
471887,Electra - Courcouronnes - Del Arte,Electra,48.615361255223974,2.4247911922786898,Courcouronnes,Public,6
471886,Electra - Reims Cormontreuil - KFC,Electra,49.217219982414946,4.058970285381747,Cormontreuil,Public,6
471885,Electra - Blagnac - Hôtel Pullman,Electra,43.62571778900369,1.382278465765694,Blagnac,Public,4
471884,Electra - Beynost - Grand Frais,Electra,45.82357495659329,4.9945080276506815,Beynost,Public,6
471761,Carrefour Energies - Lyon Part-Dieu,Allego BV,45.75963162708996,4.855423739204298,Lyon,Public,12
471745,Izivia Fast - Mc Donald's - Belfort Andelnans,Izivia (Sodetrel),47.599387084041496,6.859061673789483,Andelnans,Public,2
471744,Allego - Burger King Cavaillon,Allego BV,43.829504416399885,5.054899396356404,Cavaillon,Public,4
471718,Rue du Grand Rouet,Lidl,46.874144331868905,-1.0248698716509352,Les Herbiers,Public - Membership Required,1
471677,Mobilize - Renault Villefranche-sur-Saône,Mobilize (FR),45.97954042695008,4.730897963296343,Villefranche-sur-Saône,Public,6
471675,Mobilize - Renault Vierzon,Mobilize (FR),47.23408643538838,2.0845971430028385,Vierzon,Public,4
471674,Mobilize - Renault Nevers,Mobilize (FR),47.02495231464923,3.148304241848564,Varennes-Vauzelles,Public,6
471673,Mobilize - Renault Toulouse Rocade Ouest,Mobilize (FR),43.581087467975806,1.4044820894768009,Toulouse,Public,6
471672,Mobilize - Renault Thionville,Mobilize (FR),49.3490418276964,6.142200152952228,Terville,Public,6
471669,Mobilize - Renault Tarbes,Mobilize (FR),43.23426789652285,0.04368305547257023,Tarbes,Public,4
471668,Mobilize - Renault Sens,Mobilize (FR),48.2167787198014,3.276436345010893,Saint-Denis-lès-Sens,Public,6
471667,Mobilize - Relais de Savigny,Mobilize (FR),48.06122981269826,3.096255688936253,Savigny-sur-Clairis,Public,6
471665,Mobilize - Renault Saulieu,Mobilize (FR),47.274329973639084,4.247790463906085,Saulieu,Public,6
471663,Mobilize - Renault Orléans,Mobilize (FR),47.936350367579706,1.892236965688312,Saran,Public,7
471662,Mobilize - Renault Saintes,Mobilize (FR),45.7448778287507,-0.6642877510138305,Saintes,Public,6
471661,Mobilize - Renault Marignane,Mobilize (FR),43.41795777296815,5.228165914801139,Saint-Victoret,Public,4
471658,Mobilize - Renault Saint-Jean-de-Maurienne,Mobilize (FR),45.26979749270336,6.363443667437423,Saint-Jean-de-Maurienne,Public,7
471657,Mobilize - Renault Saint-Étienne,Mobilize (FR),45.45944827124481,4.384376032494515,Saint-Étienne,Public,6
471656,Mobilize - Renault Saint-Avold,Mobilize (FR),49.118520933297106,6.709116817857762,Saint-Avold,Public,6
471655,Mobilize - Renault Romans-sur-Isère,Mobilize (FR),45.04478883052707,5.085916255446932,Romans-sur-Isère,Public,4
471654,Mobilize - Renault Rezé,Mobilize (FR),47.154425505441736,-1.5412026391958307,Rezé,Public,4
471653,Mobilize - Renault Reims,Mobilize (FR),49.23828578461706,4.080946228922471,Reims,Public,6
471652,Mobilize - Mercedes Poitiers,Mobilize (FR),46.55196335725364,0.30429998948011416,Poitiers,Public,6
471651,Mobilize - Ibis Budget Pau,Mobilize (FR),43.307468381672976,-0.32767218493540895,Pau,Public,4
471648,Mobilize - Ibis Styles Lille Neuville-en-Ferrain,Mobilize (FR),50.762343676702585,3.1565496571734,Neuville-en-Ferrain,Public,6
471647,Mobilize - Renault Narbonne,Mobilize (FR),43.155870256950635,2.9831324367561365,Narbonne,Public,7
471646,Mobilize - Renault Montluçon,Mobilize (FR),46.353961028470906,2.592040372613951,Montluçon,Public,4
471645,Mobilize - Renault Montauban,Mobilize (FR),44.050611710122354,1.3951412337848978,Montauban,Public,6
471644,Mobilize - Renault Lons-le-Saunier,Mobilize (FR),46.68217316896917,5.5718116237119375,Lons-le-Saunier,Public,4
471642,Mobilize - Novotel Pau Pyrénées,Mobilize (FR),43.31788347622111,-0.4312639941180123,Lescar,Public,6
471641,Mobilize - Renault Les Sables-d'Olonne,Mobilize (FR),46.49824568526836,-1.752416582611545,Les Sables-d'Olonne,Public,4
471637,Mobilize - Restaurant Le Brémontier Labouheyre,Mobilize (FR),44.21213791578563,-0.9204369135813977,Labouheyre,Public,6
471628,Mobilize - Renault La Rochelle,Mobilize (FR),46.15632615771872,-1.11806140904514,La Rochelle,Public,6
471627,Mobilize - Renault La Roche-sur-Yon,Mobilize (FR),46.69802828817413,-1.4273862285533596,La Roche-sur-Yon,Public,4
471626,Mobilize - Renault Istres,Mobilize (FR),43.49966186338645,4.985383323607721,Istres,Public,4
471625,Mobilize - Renault Hénin-Beaumont,Mobilize (FR),50.41545475904579,2.976231879850843,Noyelles-Godault,Public,6
471624,Mobilize - Renault Gap,Mobilize (FR),44.509314106989166,6.047252744421485,Gap,Public,4
471623,Mobilize - Renault Fougères,Mobilize (FR),48.348406313745755,-1.180894797004612,Fougères,Public,4
471622,Mobilize - Renault Fontenay-le-Comte,Mobilize (FR),46.45278656791018,-0.8079066815828355,Fontenay-le-Comte,Public,4
471620,Mobilize - Renault Foix,Mobilize (FR),42.9493459192679,1.6253271654072705,Foix,Public,4
471619,Mobilize - Renault Faches-Thumesnil,Mobilize (FR),50.58134649119228,3.0867669765470964,Faches-Thumesnil,Public,6
471617,Mobilize - Renault Dole,Mobilize (FR),47.11129446753458,5.498089755781848,Dole,Public,6
471616,Mobilize - Renault Pouilly,Mobilize (FR),47.24837807565186,4.565249287053007,Créancey,Public,6
471615,Mobilize - Renault Cosne-sur-Loire,Mobilize (FR),47.39449721238557,2.922844058380065,Cosne-Cours-sur-Loire,Public,4
471614,Mobilize - Renault Calais,Mobilize (FR),50.93696295300268,1.8086398333928173,Coquelles,Public,6
471613,Mobilize - Renault Concarneau,Mobilize (FR),47.90426174624062,-3.9158484463894183,Concarneau,Public,4
471612,Mobilize - Renault Colmar,Mobilize (FR),48.09199009693731,7.371742803314419,Colmar,Public,6
471610,Mobilize - Renault Clermont-Ferrand,Mobilize (FR),45.78037802099101,3.131797539376521,Clermont-Ferrand,Public,7
471607,Mobilize - Cholet,Mobilize (FR),47.030746084767856,-0.9138938316841632,Cholet,Public,4
471606,Mobilize - Elephant Bleu Champniers,Mobilize (FR),45.68547708144945,0.18265502433303027,Champniers,Public,6
471601,Mobilize - Renault Chambray-lès-Tours,Mobilize (FR),47.334674168493365,0.7008936390192275,Chambray-lès-Tours,Public,6
471599,Golden tulip,(Unknown Operator),45.68862680860829,5.910894731474514,Aix-les-Bains,Public,3
471596,Mobilize - Renault Carvin,Mobilize (FR),50.48124147357461,2.9378968987891767,Carvin,Public,6
471592,Mobilize - Renault Lorient,Mobilize (FR),47.784819786504784,-3.331831177292088,Caudan,Public,6
471591,Mobilize - Renault Castelnau-d'Estrétefonds,Mobilize (FR),43.77382486294789,1.3588776802334905,Castelnau-d'Estrétefonds,Public,4
471589,Mobilize - Nissan Brive-la-Gaillarde,Mobilize (FR),45.14800913656455,1.480551400584659,Brive-la-Gaillarde,Public,6
471587,Mobilize - Renault Blois,Mobilize (FR),47.61423134908779,1.3300414900289752,Blois,Public,6
471586,Mobilize - Renault Beaune,Mobilize (FR),47.014572388473056,4.81761405955956,Beaune,Public,7
471585,Mobilize - Renault Moulins,Mobilize (FR),46.5845840475408,3.318857131066011,Avermes,Public,4
471584,Mobilize - Renault Annemasse,Mobilize (FR),46.19872759016434,6.267508903042199,Annemasse,Public,4
471579,Mobilize - Renault Alès,Mobilize (FR),44.10851914478684,4.0978675970818585,Alès,Public,4
471577,Mobilize - Renault Albertville,Mobilize (FR),45.66099081855998,6.3833736469355244,Albertville,Public,6
471530,Allego - Burger King Bourges,Allego BV,47.09632506747917,2.4404068734339717,Bourges,Public,4
471529,Electra - Castelnau-le-Lez - Grand Frais,Electra,43.62647037273183,3.9031457545411286,Castelnau-le-Lez,Public,6
471527,TotalEnergies - Relais Genech A,TotalEnergies (FR),50.51906726073889,3.2052601853442866,Genech,Public,4
471526,Allego - Burger King Gujan-Mestras,Allego BV,44.61765067330063,-1.1031500480742125,Gujan-Mestras,Public,2
471353,Charmes (Zunder),Zunder,48.36825502537857,6.277305053999044,,Public - Membership Required,4
471309,Electra - Salon-la-Tour - Parcelle A20,Electra,45.48113558907633,1.5291111192570952,Salon-la-Tour,Public,8
471307,Fastned - Chartres - Mainvilliers,FastNed,48.446649345330144,1.4400503426800526,Mainvilliers,Public,4
471306,Fastned - Yvré L'Evèque,FastNed,48.01125506058122,0.3005379337459999,Yvré-l'Évêque,Public,4
471263,e-Vadea - Lencloître - Foire,e-Vadea,46.81681786308326,0.3270478736235418,Lencloître,Public,4
471262,e-Vadea - Trébeurden - Molène,e-Vadea,48.77092855414202,-3.5834633600859433,Trébeurden,Public,4
471261,e-Vadea - Trébeurden - Fontaine,e-Vadea,48.7743650491208,-3.578211997809831,Trébeurden,Public,4
471260,e-Vadea - Perros-Guirec -  Saint-Guirec,e-Vadea,48.83173257207528,-3.48402023268261,Perros-Guirec,Public,4
471259,e-Vadea - Perros-Guirec - Renan,e-Vadea,48.80166202778011,-3.442645367372961,Perros-Guirec,Public,4
471258,e-Vadea - Perros-Guirec - Anatole France,e-Vadea,48.81635479323461,-3.4435871861204532,Perros-Guirec,Public,4
471257,e-Vadea - Perros-Guirec - Thalassa,e-Vadea,48.81503596844124,-3.4566116461548972,Perros-Guirec,Public,4
471256,e-Vadea - Trébeurden - Plages,e-Vadea,48.7694229174204,-3.5652654298316975,Trébeurden,Public,4
471255,e-Vadea - Saint-Renan - Cheminant,e-Vadea,48.43428176398541,-4.621975081973005,Saint-Renan,Public,4
471253,e-Vadea - Blonville-sur-Mer - Laforge,e-Vadea,49.339182433979914,0.029422325960467788,Blonville-sur-Mer,Public,4
471252,e-Vadea - Réau - A5a Plessis Picard,e-Vadea,48.601787187483666,2.6014644902544433,Réau,Public,8
471251,e-Vadea - Vitry-le-François - Tauberbischofsheim,e-Vadea,48.72763730381081,4.581221117332234,Vitry-le-François,Public,4
471250,e-Vadea - Brognon - A31 Dijon Spoy,e-Vadea,47.42486336344817,5.172608978924359,Brognon,Public,10
471249,e-Vadea - Brognon - A31 Dijon Brognon,e-Vadea,47.42128180232362,5.17151511482723,Brognon,Public,14
471248,e-Vadea - Gissey-le-Vieil - A6 Chien Blanc,e-Vadea,47.31484986928433,4.495398150243773,Gissey-le-Vieil,Public,8
471245,e-Vadea - Druye - A85 Jardins de Villandry,e-Vadea,47.30953371944287,0.5089245050241971,Druye,Public,19
471243,e-Vadea - Vivy - Ronde,e-Vadea,47.30463477347237,-0.035352254224221724,Vivy,Public,4
471242,e-Vadea - Châteauroux - Lemoine,e-Vadea,46.8160083320698,1.6985899151600279,Châteauroux,Public,4
471241,e-Vadea - Châteauroux - Châtre,e-Vadea,46.81022750251171,1.702354943040291,Châteauroux,Public,4
471240,e-Vadea - Châteauroux - Rousseau,e-Vadea,46.81068543304559,1.6903462773713045,Châteauroux,Public,4
471239,e-Vadea - Châteauroux - Châtellerault,e-Vadea,46.80794685590507,1.676848154469326,Châteauroux,Public,4
471238,e-Vadea - Jasseron - A40 Teyssonge,e-Vadea,46.205378401958825,5.294373007009995,Jasseron,Public,8
471237,e-Vadea - Ydes - Chalvignac,e-Vadea,45.34613616944068,2.437797907429058,Ydes,Public,4
471236,e-Vadea - Murat - Parking de la Gare,e-Vadea,45.109392226390895,2.86904141856121,Murat,Public,4
471235,e-Vadea - Deyme - A61 Toulouse Sud,e-Vadea,43.48265879690484,1.5497884760554825,Deyme,Public,13
471234,e-Vadea - Bouc-Bel-Air - A51 Champouse,e-Vadea,43.44104970115026,5.395582494855375,Bouc-Bel-Air,Public,13
471233,e-Vadea - Marchaux-Chaudefontaine - A36 Besançon Champoux,e-Vadea,47.32890413303187,6.127507583894385,Marchaux-Chaudefontaine,Public,8
471231,Fastned - Longwy,FastNed,49.51750420442775,5.747859904736401,Cosnes-et-Romain,Public,8
471002,Ionity Châteaulin,Ionity,48.21674400847695,-4.05051603586071,Châteaulin,Public,6
470803,Fastned - Chateauroux Nord,FastNed,46.85246629039983,1.7041081033085277,Déols,Public,4
470798,Tesla Supercharger Figeac,Tesla (including non-tesla),44.59474851456744,2.0614512085689967,Figeac,Public,8
470665,Tesla Supercharger Blois - Avenue de Chateaudun,Tesla (including non-tesla),47.60880654463392,1.3279686560072719,Blois,Public,9
470562,TotalEnergies - Relais Lagarde Bellerive-sur-Allier,TotalEnergies (FR),46.11804111313978,3.411116818693017,Bellerive-sur-Allier,Public,4
470561,TotalEnergies - Aire des Volcans d'Auvergne Saint-Agoulin ,TotalEnergies (FR),46.05737454295303,3.1169629436914192,Saint-Agoulin,Public,8
470556,TotalEnergies - Relais Clermont Pont Saint-Jean,TotalEnergies (FR),45.78883287386341,3.1178112004781724,Clermont-Ferrand,Public,4
470555,TotalEnergies - Relais Lagarde Clermont-Ferrand Lafayette,TotalEnergies (FR),45.77292598243551,3.096456693910568,Clermont-Ferrand,Public,4
470554,TotalEnergies - Thiers Automobiles,TotalEnergies (FR),45.84752869610446,3.5304449054722227,Thiers,Public,2
470553,TotalEnergies - Relais Pays du Gier,TotalEnergies (FR),45.495357827990716,4.526182298406184,Saint-Chamond,Public,8
470552,TotalEnergies - Relais Communay Nord,TotalEnergies (FR),45.590752480172256,4.8262147904410995,Communay,Public,8
470551,TotalEnergies - Relais Communay Sud,TotalEnergies (FR),45.58974883451276,4.82726518869174,Communay,Public,4
470542,TotalEnergies - Relais Pierre-Bénite,TotalEnergies (FR),45.69716185804239,4.824740043119391,Oullins-Pierre-Bénite,Public,8
470541,TotalEnergies - Relais Lyon Mermoz,TotalEnergies (FR),45.73252220985367,4.880576750361797,Lyon,Public,7
470539,TotalEnergies - Relais Garibaldi,TotalEnergies (FR),45.747069796488546,4.850422222417137,Lyon,Public,9
470538,TotalEnergies - Aéroport de Lyon - T2,TotalEnergies (FR),45.72196131074878,5.079472693266894,Colombier-Saugnieu,Public,2
470537,TotalEnergies - Aéroport de Lyon - P2,TotalEnergies (FR),45.72157646329322,5.0785417569105675,Colombier-Saugnieu,Public,40
470536,TotalEnergies - Aéroport de Lyon - Attendant Nord,TotalEnergies (FR),45.72930840755339,5.071513470182481,Colombier-Saugnieu,Public,4
470535,TotalEnergies - Relais Lyon-Saint-Exupéry,TotalEnergies (FR),45.72335478335975,5.070706618585291,Colombier-Saugnieu,Public,8
470534,TotalEnergies - Aéroport de Lyon - Attendant Sud,TotalEnergies (FR),45.716362345604324,5.070972673049255,Colombier-Saugnieu,Public,2
470533,TotalEnergies - QPark Annemasse,TotalEnergies (FR),46.19212325593273,6.232554542836397,Annemasse,Public,4
470532,TotalEnergies - Relais Albertville les Chasseurs,TotalEnergies (FR),45.672890255331026,6.391831712815815,Albertville,Public,8
470531,TotalEnergies - Relais Houches Nord,TotalEnergies (FR),45.89814001698633,6.810679252574801,Les Houches,Public,4
470530,TotalEnergies - QPark Bourg-Saint-Maurice,TotalEnergies (FR),45.61727020460748,6.770662523048941,Bourg-Saint-Maurice,Public,3
470529,TotalEnergies - Station Montchavin,TotalEnergies (FR),45.560696684848324,6.735393100776264,La Plagne Tarentaise,Public,4
470527,TotalEnergies - QPark Val-d'Isère,TotalEnergies (FR),45.45919774479532,6.966411022467128,Val-d'Isère,Public,4
470526,TotalEnergies - Relais de Meylan,TotalEnergies (FR),45.19751733749783,5.780488699763055,Meylan,Public,4
470525,TotalEnergies - Relais Grenoble Foch,TotalEnergies (FR),45.18122205765016,5.72639218888537,Grenoble,Public,8
470524,TotalEnergies - Relais du Drac,TotalEnergies (FR),45.17570751072478,5.69725413002061,Seyssinet-Pariset,Public,8
470523,TotalEnergies - Relais Vizille,TotalEnergies (FR),45.08288280056698,5.765234213912322,Vizille,Public,4
470521,TotalEnergies - Relais Volx,TotalEnergies (FR),43.84298608087266,5.848088253854371,Volx,Public,4
470520,TotalEnergies - Relais Manosque,TotalEnergies (FR),43.842442492027715,5.851099853701385,Volx,Public,4
470519,TotalEnergies - Relais Parc Impérial,TotalEnergies (FR),43.70789957062604,7.251681204035208,Nice,Public,2
470518,TotalEnergies - Relais des Pergolas,TotalEnergies (FR),43.67329164655578,7.226100289326837,Nice,Public,4
470517,TotalEnergies - Breguières Sud,TotalEnergies (FR),43.58915713094652,7.03542185266474,Mougins,Public,17
470516,TotalEnergies - Relais de l'Esterel,TotalEnergies (FR),43.541733968031735,6.7856059917775156,Fréjus,Public,18
470515,TotalEnergies - Relais Vignelongue,TotalEnergies (FR),43.107833912493874,5.868161014933321,La Seyne-sur-Mer,Public,8
470506,Avenue du Président Vincent Auriol,(Unknown Operator),43.13548881008697,6.365551154727541,Le Lavandou,"Private - For Staff, Visitors or Customers",6
470504,Rue du Château,(Unknown Operator),45.61197195801637,5.4962261138897475,Dolomieu,"Private - For Staff, Visitors or Customers",11
470497,TotalEnergies - Relais Paul Claudel,TotalEnergies (FR),43.26833844771275,5.416528979559985,Marseille,Public,13
470496,TotalEnergies - AMP - Sainte-Marguerite,TotalEnergies (FR),43.26952874156413,5.402352758002962,Marseille,Public,4
470495,TotalEnergies - Relais Parc Chanot,TotalEnergies (FR),43.274185091446896,5.393702734272665,Marseille,Public,6
470494,TotalEnergies - Relais SARL S.B.H,TotalEnergies (FR),43.465489344133886,5.6066510047716065,Fuveau,Public,4
470493,TotalEnergies - Relais Les Milles,TotalEnergies (FR),43.483802059836165,5.383440668357139,Aix-en-Provence,Public,8
470492,TotalEnergies - AMP - Mirabeau,TotalEnergies (FR),43.40864538356254,5.312108037087,Les Pennes-Mirabeau,Public,4
470491,TotalEnergies - Relais Gignac-la-Nerthe,TotalEnergies (FR),43.3910434019777,5.25892001005036,Gignac-la-Nerthe,Public,4
470490,TotalEnergies - AMP - Martigues,TotalEnergies (FR),43.40289890254462,5.049584339146691,Martigues,Public,4
470489,TotalEnergies - Relais les Cantarelles,TotalEnergies (FR),43.65097257974952,4.669986145964685,Arles,Public,4
470488,TotalEnergies - Relais Charles de Gaulle Avignon,TotalEnergies (FR),43.93202626363501,4.782820289802544,Avignon,Public,7
470487,TotalEnergies - Relais Valdegour,TotalEnergies (FR),43.821297668482,4.329568398777383,Nîmes,Public,10
470486,TotalEnergies - Relais Nîmes Agel,TotalEnergies (FR),43.810051448765364,4.329418047551144,Nîmes,Public,6
470485,TotalEnergies - Relais Ambrussum Sud,TotalEnergies (FR),43.713313811538825,4.133227243197325,Villetelle,Public,8
470484,TotalEnergies - Relais Aighelongue,TotalEnergies (FR),43.62640548637776,3.876349655476929,Montpellier,Public,8
470483,TotalEnergies - Relais Costebelle,TotalEnergies (FR),43.607266302502524,3.8988145626238975,Montpellier,Public,8
470482,TotalEnergies - Relais Montpellier Fabrègues Nord,TotalEnergies (FR),43.54729372117913,3.795796398388916,Fabrègues,Public,8
470481,TotalEnergies - Les Magnolias,TotalEnergies (FR),43.193255555744315,2.7569760100138865,Lézignan-Corbières,Public,8
470480,TotalEnergies - Relais de la Palme Est,TotalEnergies (FR),42.950866640223154,2.9721901749700237,La Palme,Public,14
470479,TotalEnergies - Relais Porte d'Espagne,TotalEnergies (FR),42.67765756648498,2.8905308078251437,Perpignan,Public,10
470478,TotalEnergies - Relais Toulouse Espagne,TotalEnergies (FR),43.57360319559373,1.4239259318966333,Toulouse,Public,6
470477,TotalEnergies - Relais Toulouse Grande Bretagne,TotalEnergies (FR),43.59929943615066,1.4172109366977566,Toulouse,Public,8
470476,TotalEnergies - Relais Rocade Purpan,TotalEnergies (FR),43.600422581979075,1.3988333313918702,Toulouse,Public,16
470475,TotalEnergies - Relais Blagnac Lomagne,TotalEnergies (FR),43.63825168913766,1.3901254695431362,Blagnac,Public,4
470466,TotalEnergies - La Brède,TotalEnergies (FR),44.690506622904024,-0.5002894758266621,Ayguemorte-les-Graves,Public,8
470458,TotalEnergies - Relais Mérignac Somme,TotalEnergies (FR),44.82770357240577,-0.670802841453451,Mérignac,Public,12
470456,TotalEnergies - Relais Acquitaine,TotalEnergies (FR),44.85091320376475,-0.6679234559717315,Mérignac,Public,4
470452,TotalEnergies - Relais Parsac,TotalEnergies (FR),46.1973087433997,2.185611939274054,Parsac,Public,8
470450,TotalEnergies - Relais de la Croix Blanche,TotalEnergies (FR),45.05219355606934,1.4961651654732577,Nespouls,Public,2
470449,TotalEnergies - Relais des Palombières,TotalEnergies (FR),45.00167884857831,0.036444884190018456,Gours,Public,17
470446,TotalEnergies - Relais de Beaulieu,TotalEnergies (FR),46.176994775738876,-1.1044043906732668,Puilboreau,Public,8
470444,TotalEnergies - Relais Bocapole,TotalEnergies (FR),46.84780927264728,-0.47297508298402136,Bressuire,Public,2
470442,TotalEnergies - Relais de Grassinière,TotalEnergies (FR),47.159820575952466,-1.5114838434769808,Les Sorinières,Public,4
470437,TotalEnergies - Relais Anciennes Provinces,TotalEnergies (FR),47.45365325241926,-0.5543064366606814,Angers,Public,6
470436,TotalEnergies - Relais Baumettes A,TotalEnergies (FR),47.457417597498846,-0.5730712803804181,Angers,Public,4
470433,TotalEnergies - Relais du Petit Hermitage,TotalEnergies (FR),47.237819863103766,-1.569551576332401,Nantes,Public,6
470432,TotalEnergies - Relais Treillières,TotalEnergies (FR),47.335982760090275,-1.6523908256024242,Treillières,Public,4
470431,TotalEnergies - Relais de Savine,TotalEnergies (FR),47.292879145169735,-2.2093868899670497,Trignac,Public,8
470430,TotalEnergies - Relais de Brais,TotalEnergies (FR),47.28629676528601,-2.299443678618445,Saint-Nazaire,Public,1
470429,TotalEnergies - Relais de Romorantin,TotalEnergies (FR),47.337640476708884,1.6666348473003154,Pruniers-en-Sologne,Public,8
470428,TotalEnergies - Relais Croix Foucreau,TotalEnergies (FR),47.341383365508904,0.7036014120117215,Chambray-lès-Tours,Public,10
470427,TotalEnergies - Relais Tours Val de Loire,TotalEnergies (FR),47.473799015492574,0.7763919829269526,Monnaie,Public,8
470426,TotalEnergies - Relais Vineuil Denis Papin,TotalEnergies (FR),47.57296861697827,1.3702453963795733,Vineuil,Public,8
470425,TotalEnergies - Relais Beaugency Messas,TotalEnergies (FR),47.81962670905719,1.6417417332174864,Messas,Public,18
470424,TotalEnergies - Relais de Meung sur Loire,TotalEnergies (FR),47.820247306080375,1.6405398181345845,Messas,Public,16
470423,TotalEnergies - Relais Orléans Gidy,TotalEnergies (FR),47.9764464830715,1.8596581686598483,Gidy,Public,8
470422,TotalEnergies - Relais Orléans Saran,TotalEnergies (FR),47.97765342319826,1.8585534059612883,Saran,Public,8
470419,TotalEnergies - Relais Venoy Chablis,TotalEnergies (FR),47.78731773967996,3.6715111869382326,Venoy,Public,8
470418,TotalEnergies - Relais des Grandes Haies,TotalEnergies (FR),47.84198972882973,3.5512302938120683,Monéteau,Public,8
470417,TotalEnergies - Relais Prunay,TotalEnergies (FR),48.57071456162012,1.8322560553979201,Prunay-en-Yvelines,Public,2
470416,TotalEnergies - Relais Amilly,TotalEnergies (FR),48.43708680401602,1.4238578435786167,Amilly,Public,6
470414,TotalEnergies - Relais Maresché,TotalEnergies (FR),48.19743200464109,0.16899880168205073,Maresché,Public,1
470412,TotalEnergies - Relais de la Sarthe,TotalEnergies (FR),47.99603217130408,0.1864933143971257,Le Mans,Public,4
470411,TotalEnergies - Relais de Vallée de l'Erve,TotalEnergies (FR),48.0264939188655,-0.342645843517289,Thorigné-en-Charnie,Public,8
470409,TotalEnergies - Relais Sarl Station Jouzel,TotalEnergies (FR),47.97252014001006,-1.5382758562808476,Brie,Public,4
470408,TotalEnergies - Relais Pomméniac,TotalEnergies (FR),47.80035836528697,-1.6900445768577583,Bain-de-Bretagne,Public,4
470407,TotalEnergies - Relais Brocéliande,TotalEnergies (FR),47.91791319492313,-2.363653615982912,Ploërmel,Public,4
470406,TotalEnergies - Relais Saint-Nolff,TotalEnergies (FR),47.684482775735034,-2.6469574972447845,Saint-Nolff,Public,10
470405,TotalEnergies - Relais de Nostang,TotalEnergies (FR),47.77879656216709,-3.195125422169326,Nostang,Public,8
470404,TotalEnergies - Relais de Saint-Yvi,TotalEnergies (FR),47.959351806301356,-3.9579265641107213,Saint-Yvi,Public,4
470403,TotalEnergies - Relais Porz An Park,TotalEnergies (FR),48.54919610330333,-3.45328884984292,Plounévez-Moëdec,Public,4
470402,TotalEnergies - Relais Mlle Duval V,TotalEnergies (FR),49.38010845419129,-1.2957888619547475,Blosville,Public,4
470401,TotalEnergies - Relais Sarl Macon,TotalEnergies (FR),49.10188074490796,-1.1156416812357293,Saint-Lô,Public,4
470400,TotalEnergies - Relais Beau Site,TotalEnergies (FR),49.172423094193704,-0.3896741167967548,Caen,Public,8
470399,TotalEnergies - Hyundai Meaux,TotalEnergies (FR),48.94654162824753,2.8794001206583744,Meaux,Public,4
470398,TotalEnergies - Riester - Hyundai Saint-Maximin,TotalEnergies (FR),49.231314438497975,2.4678968383180973,Saint-Maximin,Public,2
470397,TotalEnergies - Relais Mont Riboudet,TotalEnergies (FR),49.4440899257404,1.076262502414238,Rouen,Public,8
470396,TotalEnergies - Relais Vironvay Nord,TotalEnergies (FR),49.21227104111176,1.219386935843204,Vironvay,Public,1
470395,TotalEnergies - Relais Vironvay Sud,TotalEnergies (FR),49.21053639877118,1.2185944347536406,Vironvay,Public,16
470392,TotalEnergies - Relais Roissy,TotalEnergies (FR),49.00935319203617,2.53765563364243,Roissy-en-France,Public,12
470391,TotalEnergies - Relais Le Cèdre ,TotalEnergies (FR),48.999703719719946,2.5226155088639644,Roissy-en-France,Public,13
470390,TotalEnergies - Relais Saint Blin,TotalEnergies (FR),48.99210926992245,2.4285647293612556,Gonesse,Public,6
470389,TotalEnergies - Relais Tremblay-en-France,TotalEnergies (FR),48.963759848363395,2.5645038171207943,Tremblay-en-France,Public,5
470388,TotalEnergies - Relais Pont Yblon,TotalEnergies (FR),48.95431064001224,2.4436681770256428,Dugny,Public,8
470387,TotalEnergies - Relais Argenteuil du Val,TotalEnergies (FR),48.951646795565125,2.212281538146499,Argenteuil,Public,8
470386,TotalEnergies - Relais Courbevoie,TotalEnergies (FR),48.90437117960309,2.256611467579887,Courbevoie,Public,9
470385,TotalEnergies - Relais Porte de Saint-Ouen,TotalEnergies (FR),48.900269799853874,2.3294281461119226,Paris,Public,8
470384,TotalEnergies - Relais La Courneuve Ouest,TotalEnergies (FR),48.93457483516494,2.394016232379954,La Courneuve,Public,8
470383,TotalEnergies - Relais de Drancy,TotalEnergies (FR),48.91627600558445,2.443736095597501,Drancy,Public,6
470382,TotalEnergies - Relais Des Chaufourniers,TotalEnergies (FR),48.88008214357518,2.370752569921592,Paris,Public,10
470381,TotalEnergies - Relais de l' Amitié,TotalEnergies (FR),48.85686943446328,2.429211594612866,Montreuil,Public,5
470380,TotalEnergies - Relais Maréchal Leclerc,TotalEnergies (FR),48.82050255324248,2.3250792650471794,Paris,Public,2
470379,TotalEnergies - Relais de Villejuif,TotalEnergies (FR),48.78549301024901,2.366615270967941,Villejuif,Public,10
470378,TotalEnergies - Relais de Montaigut,TotalEnergies (FR),48.79050671635662,2.4452457976231017,Créteil,Public,4
470377,TotalEnergies - Relais Noisy-le-Grand,TotalEnergies (FR),48.83790784966081,2.5474100060005185,Noisy-le-Grand,Public,5
470376,TotalEnergies - Relais Bussy-Saint-Georges,TotalEnergies (FR),48.82994440195759,2.7453328546761213,Bussy-Saint-Georges,Public,16
470375,TotalEnergies - Relais Ferrieres,TotalEnergies (FR),48.828994903160634,2.742556495184658,Bussy-Saint-Georges,Public,16
470369,TotalEnergies - Relais Pontault Est,TotalEnergies (FR),48.79744610386493,2.6237504995455083,Pontault-Combault,Public,15
470368,TotalEnergies - Relais Ozoir-la-Ferrière,TotalEnergies (FR),48.76730752657332,2.650686135139722,Ozoir-la-Ferrière,Public,8
470367,TotalEnergies - MIN Rungis - Zone Mer Trois Marchés,TotalEnergies (FR),48.75838235926196,2.3503126701942847,Rungis,Public,22
470366,TotalEnergies - Relais Rungis Lindbergh,TotalEnergies (FR),48.749004479629775,2.3560133909686556,Rungis,Public,10
470365,TotalEnergies - Relais Vélizy,TotalEnergies (FR),48.781336721944996,2.1722273126345044,Vélizy-Villacoublay,Public,8
470364,TotalEnergies - Relais Plaine Favreuse Est,TotalEnergies (FR),48.746268765023075,2.1962195337210915,Bièvres,Public,16
470363,TotalEnergies - Relais Massy Leclerc,TotalEnergies (FR),48.73952859184223,2.301966034425618,Massy,Public,6
470362,TotalEnergies - Relais du Verger,TotalEnergies (FR),48.722357,2.261559000000034,Massy,Public,6
470358,TotalEnergies - Relais Coquelicots,TotalEnergies (FR),48.67990130515804,2.341940221540426,Savigny-sur-Orge,Public,6
470356,TotalEnergies - Relais Limours Briis-sous-Forges,TotalEnergies (FR),48.6355434053925,2.1485699441208226,Briis-sous-Forges,Public,22
470355,TotalEnergies - Relais Les Lisses,TotalEnergies (FR),48.59450356673588,2.44235637125189,Villabé,Public,8
470354,TotalEnergies - Relais Dammarie Leclerc,TotalEnergies (FR),48.51882639915243,2.6543035273507485,Dammarie-les-Lys,Public,6
470353,TotalEnergies - Relais du Loing,TotalEnergies (FR),48.32751590563947,2.6870089967779904,Bourron-Marlotte,Public,8
470352,TotalEnergies - Relais Saint-Martin-sur-le-Pré,TotalEnergies (FR),48.99089716547729,4.342338622857142,Saint-Martin-sur-le-Pré,Public,4
470351,TotalEnergies - Relais des Images,TotalEnergies (FR),48.191969505187416,6.439565058092057,Épinal,Public,8
470350,TotalEnergies - Relais de Cuse et Adrisans,TotalEnergies (FR),47.480687994197694,6.380667868707405,Cuse-et-Adrisans,Public,4
470349,TotalEnergies - Relais de Porte d’Alsace Sud,TotalEnergies (FR),47.71626460840659,7.13795747094332,Burnhaupt-le-Bas,Public,8
470344,TotalEnergies - Super U - Fessenheim,TotalEnergies (FR),47.91903371112437,7.529044128852547,Fessenheim,Public,6
470343,TotalEnergies - Relais Esplanade,TotalEnergies (FR),48.58116615653,7.768877900776033,Strasbourg,Public,10
470341,TotalEnergies - Relais Cronenbourg,TotalEnergies (FR),48.59556543969501,7.709229495452291,Strasbourg,Public,6
470339,TotalEnergies - Relais Anthelupt,TotalEnergies (FR),48.59057809851774,6.419571177530315,Vitrimont,Public,4
470338,TotalEnergies - Relais de Toul-Dommartin,TotalEnergies (FR),48.65989772424706,5.908162600413789,Chaudeney-sur-Moselle,Public,16
470336,TotalEnergies - Relais Saint-Privat,TotalEnergies (FR),49.10101371476091,6.162873496299881,Metz,Public,8
470333,TotalEnergies - Relais Metz Saint-Privat ,TotalEnergies (FR),49.179610063507454,6.0533461654523535,Saint-Privat-la-Montagne,Public,16
470332,TotalEnergies - Relais Tardenois Sud,TotalEnergies (FR),49.125396301718126,3.538054827111523,Fresnes-en-Tardenois,Public,3
470331,TotalEnergies - Relais Tardenois Nord,TotalEnergies (FR),49.12681638619958,3.5381327808402148,Fresnes-en-Tardenois,Public,4
470326,TotalEnergies - Relais Reims Champagne Nord,TotalEnergies (FR),49.11969190449469,4.245119105459025,Les Petites-Loges,Public,16
470325,TotalEnergies - Relais Reims Champagne Sud,TotalEnergies (FR),49.11971222960855,4.244132116767105,Les Petites-Loges,Public,18
470324,TotalEnergies - Relais Reims Brebant,TotalEnergies (FR),49.25463172272629,4.016902571063383,Reims,Public,16
470323,TotalEnergies - Relais Bosc-Mesnil,TotalEnergies (FR),49.675640939672434,1.3352325263879266,Bosc-Mesnil,Public,16
470322,TotalEnergies - Relais de Maucomble,TotalEnergies (FR),49.678271765931214,1.338644795622372,Bosc-Mesnil,Public,16
470321,TotalEnergies - Relais Dieppe Duquesne,TotalEnergies (FR),49.90809764720723,1.0760521089466693,Dieppe,Public,6
470320,TotalEnergies - Relais de Cœur des Hauts-de-France,TotalEnergies (FR),49.88806527898342,2.8405384500858872,Assevillers,Public,15
470296,Tesla Supercharger Dreux,Tesla (including non-tesla),48.74969360431115,1.3509059306588824,Dreux,Public,9
470295,TotalEnergies - Relais de Feignies,TotalEnergies (FR),50.28055901977049,3.9068751150016396,Feignies,Public,8
470294,TotalEnergies - Relais Onnaing,TotalEnergies (FR),50.38033492030303,3.606227063545475,Onnaing,Public,8
470293,TotalEnergies - Relais Petite-Forêt,TotalEnergies (FR),50.36834189746634,3.483329964026666,Petite-Forêt,Public,8
470292,TotalEnergies - Relais d'Angres,TotalEnergies (FR),50.405065126096076,2.74377216506889,Angres,Public,4
470291,TotalEnergies - Relais Souchez,TotalEnergies (FR),50.404399587557265,2.742865908698832,Souchez,Public,2
470290,TotalEnergies - Relais de l'Epinette,TotalEnergies (FR),50.61682340918085,3.024568318019192,Lille,Public,10
470289,TotalEnergies - Relais Lille Périphérique,TotalEnergies (FR),50.65092306305664,3.0625358010136097,Saint-André-lez-Lille,Public,8
470288,TotalEnergies - Relais du Sart,TotalEnergies (FR),50.66017,3.135774999999967,Villeneuve-d'Ascq,Public,8
470287,TotalEnergies - Relais de Saint-Eloi,TotalEnergies (FR),50.82941346485893,2.580370730646223,Steenvoorde,Public,4
470277,"Tesla Supercharger Béziers, Rue Zenobe Gramme",Tesla (including non-tesla),43.34786035007457,3.255640574494919,Béziers,Public,9
470259,Fastned - Agen Le Passage,FastNed,44.16849674096659,0.6081293606498548,Le Passage,Public,8
470246,TotalEnergies - Relais d'Outreau,TotalEnergies (FR),50.71119375180504,1.6007147639087407,Outreau,Public,8
470245,TotalEnergies - Relais du Pont Loby,TotalEnergies (FR),51.02444000000176,2.3611499999955186,Dunkerque,Public,9
470229,Bump - OJOIO - Francheville,Bump (FR),45.74351860608331,4.771706843866241,Francheville,Public,4
470228,Bump - Super U - Lyon Gerland,Bump (FR),45.735891523106744,4.82885915214149,Lyon,Public,4
470227,Bump - Howard House - Bron,Bump (FR),45.730293795904004,4.937158648362242,Bron,Public,4
470226,Bump - The Originals Résidence - Grenoble Université,Bump (FR),45.18661395927333,5.75452012010328,Saint-Martin-d'Hères,Public,6
470225,Bump - Auchan Supermarché - Mouans-Sartoux,Bump (FR),43.61384389581136,6.975923379239703,Mouans-Sartoux,Public,8
470224,Bump - Auchan Supermarché - Bormes-les-Mimosas,Bump (FR),43.137789948533765,6.350600942327446,Bormes-les-Mimosas,Public,8
470223,AVIA VOLT - La Seyne sur Mer,Bump (FR),43.10798564683125,5.877319332693219,La Seyne-sur-Mer,Public,2
470222,Bump - Intermarché - Marseille Saint-Jérôme,Bump (FR),43.34006835841922,5.420719417543296,Marseille,Public,10
470221,Bump - Centre Commercial Les Oliviers - Châteauneuf-les-Martigues,Bump (FR),43.39054125902058,5.162830453027254,Châteauneuf-les-Martigues,Public,6
470220,Bump - U Express - Grans,Bump (FR),43.60167100774012,5.074734331402169,Grans,Public,6
470219,Bump - Super U - Saint Martin de Crau,Bump (FR),43.64011265401646,4.796801325151478,Saint-Martin-de-Crau,Public,6
470218,Bump - Auchan Supermarché - Saint-Laurent-des-Arbres,Bump (FR),44.059594856767006,4.709862092564435,Saint-Laurent-des-Arbres ,Public,8
470217,Bump - Système U - Marguerittes,Bump (FR),43.867083057401516,4.443264046269405,Marguerittes,Public,5
470216,Bump - Intermarché - Montpellier,Bump (FR),43.58853274519885,3.8555960666425335,Montpellier,Public,4
470215,Bump - Super U - Lodève,Bump (FR),43.725915750811765,3.322758917113788,Lodève,Public,6
470214,Bump - E.Leclerc - Narbonne,Bump (FR),43.1808141627115,2.9693368646057934,Narbonne,Public,4
470213,Bump - Intermarché Super - Rodez,Bump (FR),44.36396769767319,2.5547649968018504,Rodez,Public,6
470212,Bump - Grand Mail Station 2 - Saint-Paul-lès-Dax,Bump (FR),43.72803951360788,-1.0393040276127294,Saint-Paul-lès-Dax,Public,10
470211,Bump - Grand Mail Station 3 - Saint-Paul-lès-Dax,Bump (FR),43.72914851927402,-1.0397188368833667,Saint-Paul-lès-Dax,Public,8
470210,Bump - B&B Hôtel Bordeaux - Langon,Bump (FR),44.544762488467086,-0.26585824730125296,Langon,Public,6
470209,Bump - Netto - Andernos-les-Bains,Bump (FR),44.74557742561643,-1.103143377105198,Andernos-les-Bains,Public,8
470208,Bump - Intermarché - Gradignan,Bump (FR),44.7854708031868,-0.6021668705468528,Gradignan,Public,4
470207,Bump - Holiday Inn Bordeaux - Merignac,Bump (FR),44.85157571384261,-0.6948121283771798,Mérignac,Public,4
470206,Bump - Intermarché Super Bordeaux - Caudéran,Bump (FR),44.84197390380373,-0.6261480875726875,Bordeaux,Public,4
470205,Bump - Centre Commercial Ginko - Bordeaux Lac,Bump (FR),44.87948165348831,-0.5682775605863526,Bordeaux,Public,10
470204,Bump - Hotel Kyriad Libourne Saint-Emilion - Arveyres,Bump (FR),44.90781285138718,-0.25672670034907696,Arveyres,Public,6
470203,Bump - Intermarché - Montpon-Ménestérol,Bump (FR),45.00699129635521,0.1452553820375897,Montpon-Ménest,Public,6
470202,Bump - Super U - Saint-Yrieix-sur-Charente,Bump (FR),45.67311750973636,0.12540778204436265,Saint-Yrieix-sur-Charente,Public,4
470201,Bump - Intermarché Super - Longeville-sur-Mer,Bump (FR),46.42439077193845,-1.4968912842163036,Longeville-sur-Mer,Public,8
470200,Bump - Super U - Saint-Gilles-Croix-de-Vie,Bump (FR),46.69643595707339,-1.9272014779127176,Saint-Gilles-Croix-de-Vie,Public,4
470199,Bump - Hyper U - Chantonnay,Bump (FR),46.68178428086679,-1.048606450502234,Chantonnay,Public,6
470198,Bump - Super U - Pouzauges,Bump (FR),46.77450440445321,-0.8460407259924523,Pouzauges,Public,6
470197,Bump - Hôtel Les Pierre Dorée - Ambérieux,Bump (FR),45.927976815127096,4.736045244409411,Ambérieux,Public,3
470196,Bump - Intermarché Hyper - Arbent,Bump (FR),46.282696911148435,5.661610233884403,Arbent,Public,4
470195,Bump - Supermarché - Torcy,Bump (FR),46.77971498014756,4.4404729544031625,Torcy,Public,4
470194,AVIA VOLT - Marmagne,Bump (FR),46.83367597895045,4.361190805215529,Marmagne,Public,3
470193,Bump - OJOIO - Cergy Saint-Christophe,Bump (FR),49.052810600590476,2.046153261620475,Cergy,Public,4
470192,Bump - OJOIO - Eaubonne,Bump (FR),48.993884467880605,2.280580768038476,Eaubonne,Public,4
470191,Bump - OJOIO - Bondy,Bump (FR),48.90750425950313,2.490934472958884,Bondy,Public,4
470190,Bump - Monoprix - Aulnay-Sous-Bois,Bump (FR),48.929750912322106,2.4928496512287666,Aulnay-sous-Bois,Public,4
470189,Bump - Ibis Styles Paris Saint-Denis Pleyel,Bump (FR),48.92874173479652,2.340663079575279,Saint-Denis,Public,4
470188,Bump - Hotel Montmartre - Paris 18,Bump (FR),48.90049560126519,2.3357224424769356,Paris,Public,4
470187,Bump - OJOIO - La Garenne-Colombes,Bump (FR),48.905817708122584,2.23624409107299,La Garenne-Colombes,Public,4
470186,Bump - Monoprix - Saint-Cloud,Bump (FR),48.8468374465773,2.212861156707959,Saint-Cloud,Public,10
470185,AVIA VOLT - Charenton-le-Pont,Bump (FR),48.82553265995878,2.407868863353201,Charenton-le-Pont,Public,2
470184,Bump - Monoprix - Alfortville,Bump (FR),48.8066544519136,2.41951255716981,Alfortville,Public,4
470183,Bump - OJOIO - Maisons-Alfort,Bump (FR),48.80155567413726,2.436145538704409,Maisons-Alfort,Public,4
470182,Bump - Système U - Saint-Maur-des-Fossés,Bump (FR),48.788179205750765,2.482441766736656,Saint-Maur-des-Fossés,Public,2
470181,Bump - OJOIO - Bonneuil-sur-Marne,Bump (FR),48.764853334782714,2.4774615516138283,Bonneuil-sur-Marne,Public,4
470180,Bump - Monoprix - Rambouillet,Bump (FR),48.64269928194042,1.8264506836093233,Rambouillet,Public,2
470179,Bump - Super U - Savigny-sur-Orge,Bump (FR),48.686916846827756,2.3510125930537242,Savigny-sur-Orge,Public,4
470178,Bump - Monoprix - Draveil,Bump (FR),48.68617508133639,2.407593949288639,Draveil,Public,4
470177,Bump - Monoprix - Brunoy,Bump (FR),48.697534521596396,2.5067616574658587,Brunoy,Public,4
470176,Bump - Monoprix - Neudorf - Strasbourg,Bump (FR),48.5682866407889,7.758900369488742,Strasbourg,Public,4
470174,Bump - Garage Moritz Automobiles - Val-de-Moder,Bump (FR),48.84319099999999,7.591460000000666,Val-de-Moder,Public,3
470173,Bump - Hotel Revotel - Nancy Centre Gare,Bump (FR),48.68932058806652,6.170803183187331,Nancy,Public,6
470171,Bump - Best Western Plus Hotel - Metz Technopole,Bump (FR),49.10015632625189,6.224718882557909,Metz,Public,8
470169,Bump - Hôtel Kyriad Direct Auxerre - Appoigny,Bump (FR),47.85316088973531,3.5411108364430675,Appoigny,Public,8
470168,Bump - Super U - Beaune-la-Rolande,Bump (FR),48.065732627562056,2.4199693995487905,Beaune-la-Rolande,Public,4
470166,Bump - Super U - Saint-Langis-lès-Mortagne,Bump (FR),48.52659139515393,0.533073520351536,Saint-Langis-lès-Mortagne,Public,4
470164,Bump - Super U - Saint-Aignan,Bump (FR),47.26057564331083,1.3614837884244935,Saint-Aignan,Public,4
470163,Bump - Super U - Saint-Sylvain-d'Anjou,Bump (FR),47.51374501418732,-0.4745512167811512,Saint-Sylvain-d'Anjou,Public,4
470162,Bump - Système U - Saint Barthélémy Banchais,Bump (FR),47.4855050839125,-0.5112850194407201,Saint-Barthélémy-d'Anjou,Public,4
470161,Bump - Super U - Trélazé la Quantinière,Bump (FR),47.4533078756543,-0.4678181266090178,Trélazé,Public,4
470159,Bump - Cornofulgur - Chartres-de-Bretagne,Bump (FR),48.053640315055276,-1.7183677707143943,Chartres-de-Bretagne,Public,4
470134,Bump - Super U - Montfort-sur-Meu,Bump (FR),48.136395805492555,-1.9381879186554443,Montfort-sur-Meu,Public,4
470133,Bump - Monoprix - Auray,Bump (FR),47.66824547773399,-2.9884298300995624,Auray,Public,4
470132,Bump - Intermarché Super - Chateaulin,Bump (FR),48.196506756776245,-4.084976129841607,Chateaulin,Public,4
470131,Bump - Super U - Lanvallay,Bump (FR),48.451553962811715,-2.0177967556466,Lanvallay,Public,6
470130,Bump - Intermarché Hyper - Saint-Pair-sur-Mer,Bump (FR),48.81449372038824,-1.5445606461724992,Saint-Pair-sur-Mer,Public,8
470129,Bump - Super U - Le Molay-Littry,Bump (FR),49.246044215699555,-0.8741415759900519,Le Molay-Littry,Public,4
470128,Bump - Super U - Port-en-Bessin,Bump (FR),49.34250711388975,-0.7525490383470697,Port-en-Bessin-Huppain,Public,2
470127,Bump - Super U - Hérouville-Saint-Clair,Bump (FR),49.18853036599967,-0.3338062444731804,Hérouville-Saint-Clair,Public,8
470126,Bump - Super U - Ifs,Bump (FR),49.149913439376604,-0.35302674044396554,Ifs,Public,4
470125,Bump - Super U - Ouilly-le-Vicomte,Bump (FR),49.17166415201547,0.21535614493825506,Ouilly-le-Vicomte,Public,4
470124,Bump - EFFIA Parking le Havre Bains des Docks,Bump (FR),49.48747767122799,0.1281598751616002,Le Havre,Public,4
470123,Bump - OJOIO - Saint-Jean-du-Cardonnay,Bump (FR),49.49502052295381,0.9978241227400986,Saint-Jean-du-Cardonnay,Public,5
470122,Bump - Super U - Franqueville-Saint-Pierre,Bump (FR),49.3964584272978,1.1779361610346086,Franqueville-Saint-Pierre,Public,4
470121,Bump - U Express - Reims,Bump (FR),49.26168508018668,4.019709976169224,Reims,Public,4
470120,Bump - Intermarché Super - Bazeilles,Bump (FR),49.68430489744733,4.973070741284914,Bazeilles,Public,8
470119,Bump - E.Leclerc - Péronne,Bump (FR),49.942905841425414,2.9403108639564834,Péronne,Public,4
470118,Bump - Frey - ZAC Le Parc du Luc - Dechy,Bump (FR),50.34193996879813,3.106937672634558,Dechy,Public,6
470117,Bump - Monoprix - Croisé Laroche,Bump (FR),50.664471073463034,3.102518806891794,Marcq-en-Barœul,Public,8
470116,Bump - Burger King - Berck,Bump (FR),50.40262221559058,1.5957761868560283,Berck,Public,4
470115,Bump - Burger King - Boulogne Saint-Martin,Bump (FR),50.72891907085358,1.6426474839695402,Saint-Martin-Boulogne,Public,4
470048,Engie-Vianeo - A71 - Aire de La Ferté Saint-Aubin,Engie,47.66352952494566,1.929428894788316,Chaumont-sur-Tharonne,Public,8
470047,Engie-Vianeo - A6 - Aire de Venoy Soleil Levant,Engie,47.78863047231607,3.673059476884646,Venoy,Public,16
470046,Engie-Vianeo - A13 - Aire de Morainvilliers Sud,Engie,48.94156115667482,1.9512196230792824,Morainvilliers,Public,12
470045,Engie-Vianeo - A13 - Aire de Morainvilliers Nord ,Engie,48.941698271236504,1.9541630472205043,Morainvilliers,Public,12
470044,Engie-Vianeo - Station multi-énergies Saint-Witz,Engie,49.09359207703346,2.5287050276765513,Saint-Witz,Public,2
470043,Engie-Vianeo - B&B Hôtel Paris Roissy CDG Aéroport,Engie,48.99781102511571,2.5141362090485018,Roissy-en-France,Public,18
470042,Engie-Vianeo - B&B Hôtel Meaux,Engie,48.95792221660264,2.9077832229584146,Meaux,Public,12
470041,Engie-Vianeo - B&B Hôtel Marne-la-Vallée Bussy-Saint-Georges,Engie,48.83164635079734,2.703954041733141,Bussy-Saint-Georges,Public,24
470040,Engie-Vianeo - B&B Hôtel Noisy-le-Grand,Engie,48.83580993290698,2.5489133215523907,Noisy-le-Grand,Public,12
470039,Engie-Vianeo - B&B Hôtel Igny Palaiseau,Engie,48.73401703473536,2.2301710056841557,Igny,Public,18
470038,Engie-Vianeo - B&B Hôtel Lieusaint Carré-Sénart,Engie,48.6440265348829,2.5440286537331076,Lieusaint,Public,14
470037,Engie-Vianeo - B&B Hôtel Corbeil-Essonnes,Engie,48.610584132644334,2.460089274615143,Corbeil-Essonnes,Public,12
470036,Engie-Vianeo - B&B Hôtel Evry-Lisses 2,Engie,48.594088526044175,2.4386100106386266,Lisses,Public,18
470035,Engie-Vianeo - A5b - Aire de Galande la Mare Laroche ,Engie,48.61065573717778,2.635315142895365,Réau,Public,8
470034,Engie-Vianeo - B&B Hôtel Troyes Barberey,Engie,48.326169943744816,4.031876585011446,Barberey-Saint-Sulpice,Public,12
470033,Engie-Vianeo - A5 - Aire de Villeneuve Vauluisant,Engie,48.2464415068861,3.5553123925196815,Villeneuve L'Archevêque,Public,12
470032,Engie-Vianeo - A5 - Aire de Villeneuve L'Archevêque,Engie,48.24305660721018,3.555074819078868,Villeneuve L'Archevêque,Public,12
470031,Engie-Vianeo - A19 - Aire de Villeroy,Engie,48.16533762781171,3.17241182765099,Fouchères,Public,8
470030,Engie-Vianeo - A6 - Aire d'Achères Est,Engie,48.36194096856596,2.5742081356713697,Achères-la-Forêt,Public,12
470029,Engie-Vianeo - B&B Hôtel Nantes Parc Expos La Chapelle,Engie,47.276561142827944,-1.5485100771876432,La Chapelle-sur-Erdre,Public,12
470028,Engie-Vianeo - B&B Hôtel Nantes Atlantis Le Zénith,Engie,47.23303582112845,-1.6444748594502698,Saint-Herblain,Public,14
470027,Engie-Vianeo - B&B Hôtel Nantes Parc Expos La Beaujoire,Engie,47.25312640259202,-1.5139605577057864,Nantes,Public,12
470026,Engie-Vianeo - B&B Hôtel Nantes Rezé Saint-Sébastien,Engie,47.210784362171864,-1.4854256581138543,Saint-Sébastien-sur-Loire,Public,14
470025,Engie-Vianeo - A83 - Aire des Deux Sèvres,Engie,46.4284005688194,-0.5073010762522472,Villiers-en-Plaine,Public,12
470024,Engie-Vianeo - A83 - Aire de la Parthenaise,Engie,46.43114922888091,-0.5025099919287186,Faye-sur-Ardin,Public,12
470023,Engie-Vianeo - A10 - Aire de Châtellerault-Antran,Engie,46.907076535014625,0.5224542214550638,Antran,Public,8
470022,Engie-Vianeo - B&B Hôtel Angers 2 Université,Engie,47.46669195005964,-0.6332450225312414,Beaucouzé,Public,14
470021,Engie-Vianeo - B&B Hôtel Tours Sud Joué-lès-Tours,Engie,47.34607529584616,0.64698723948311,Joué-lès-Tours,Public,14
470020,Engie-Vianeo - B&B Hôtel Tours Nord 1 Val de Loire,Engie,47.43021268410013,0.7060751380385,Tours,Public,14
470019,Engie-Vianeo - A11 - Aire de Brou-Dampierre,Engie,48.23931849108928,1.0825571144418973,Dampierre-sous-Brou,Public,8
470018,Engie-Vianeo - A11 - Aire des Manoirs du Perche ,Engie,48.240420615920414,1.0829092779137,Frazé,Public,9
470017,Engie-Vianeo - B&B Hôtel Le Mans Nord 2,Engie,48.051682055638224,0.16560404049459976,Saint-Saturnin,Public,14
470016,Engie-Vianeo - Hôtel Ibis Le Relais d'Armor,Engie,48.08979946557372,-0.7481061522751133,Changé,Public,6
470015,Engie-Vianeo - B&B Hôtel Rennes Sud Chantepie,Engie,48.091613787639346,-1.6293388269368734,Rennes,Public,14
470014,Engie-Vianeo - B&B Hôtel Rennes Est Cesson-Sévigné,Engie,48.11409432530135,-1.600704486442737,Cesson-Sévigné,Public,18
470013,Engie-Vianeo - B&B Hôtel Rennes Ouest Villejean,Engie,48.116942106953076,-1.71596090931439,Rennes,Public,14
470012,Engie-Vianeo - B&B Hôtel Rennes Nord Saint-Grégoire,Engie,48.15590715201978,-1.6995143273853728,Saint-Grégoire,Public,14
470011,Engie-Vianeo - B&B Hôtel Saint-Nazaire Trignac,Engie,47.2917257649417,-2.2099211269194257,Trignac,Public,14
470010,Engie-Vianeo - B&B Hôtel Saint-Brieux,Engie,48.49099671334744,-2.720317684915244,Trégueux,Public,12
470009,Engie-Vianeo - B&B Hôtel Avranches Baie du Mont Saint-Michel,Engie,48.654749525390116,-1.3538914000946534,Le Val-Saint-Père,Public,6
470008,Engie-Vianeo - Ibis Budget Granville,Engie,48.837832613374445,-1.54459239338712,Granville,Public,6
470007,Engie-Vianeo - B&B Hôtel Cherbourg,Engie,49.60656929699908,-1.5982078777458355,Cherbourg-en-Cotentin,Public,14
470006,Engie-Vianeo - B&B Hôtel Caen Mémorial,Engie,49.200204083964934,-0.4001055072581039,Saint-Contest,Public,14
470005,Engie-Vianeo - Hôtel Ibis Falaise Coeur de Normandie,Engie,48.9057955145191,-0.20739003860103367,Falaise,Public,6
470004,Engie-Vianeo - Ibis Budget Lisieux,Engie,49.14540951548017,0.2664831269564729,Lisieux,Public,4
469992,Engie-Vianeo - B&B Hôtel Evreux,Engie,49.014594344680376,1.1803666193213758,Evreux,Public,8
469991,Engie-Vianeo - A13 - Aire de Beuzeville Sud,Engie,49.320900466411274,0.32066782177685127,Beuzeville,Public,8
469989,Engie-Vianeo - A13 - Aire de Beuzeville Nord,Engie,49.32447926545339,0.32769508483841037,Beuzeville,Public,8
469988,Engie-Vianeo - Intermarché Péronne,Engie,49.93948103448571,2.9251027215568683,Péronne,Public,12
469987,Engie-Vianeo - A29 - Aire de Croixrault ,Engie,49.80716192986168,1.9690737837263441,Croixrault,Public,8
469986,Engie-Vianeo - A16 - Aire de Lormaison Ouest,Engie,49.2411365313512,2.097105514408213,Lormaison,Public,2
469984,Engie-Vianeo - A16 - Aire de Lormaison Est,Engie,49.24584870993553,2.0971476843835717,Lormaison,Public,2
469983,Engie-Vianeo - B&B Hôtel Beauvais,Engie,49.40780410860302,2.1102626456461167,Allonne,Public,14
469982,Engie-Vianeo - A1 - Aire de Ressons Ouest,Engie,49.518624359202875,2.719682447097739,Ressons-sur-Matz,Public,16
469980,Engie-Vianeo - A26 - Aire de Champ Roland,Engie,49.445917047864015,3.9280522307361707,Villeneuve-sur-Aisne,Public,8
469979,Engie-Vianeo - A26 - Aire de Mont de Nizy,Engie,49.449775983572266,3.9250774370256067,Juvincourt-et-Damary,Public,8
469978,Engie-Vianeo - A31 - Aire de Saint-Rémy,Engie,49.17928560058306,6.17660194166649,Woippy,Public,8
469977,Engie-Vianeo - B&B Hôtel Metz Augny,Engie,49.0769367176876,6.112468184676118,Augny,Public,14
469976,Engie-Vianeo - A4 - Aire de Longeville-lès-Saint-Avold Sud,Engie,49.132650563197814,6.659904153330103,Longeville-lès-Saint-Avold,Public,8
469975,Engie-Vianeo - A4 - Aire de Longeville-lès-Saint-Avold Nord,Engie,49.13215053870351,6.658925685184386,Longeville-lès-Saint-Avold,Public,8
469974,Engie-Vianeo - A4 - Aire de Brumath Est,Engie,48.721060214056905,7.6964380920538815,Brumath,Public,10
469973,Engie-Vianeo - A4 - Aire de Brumath Ouest,Engie,48.72369426485969,7.69198695311411,Brumath,Public,10
469972,Engie-Vianeo - B&B Hôtel Strasbourg Nord Artisans,Engie,48.66254656254361,7.721287910564683,Vendenheim,Public,14
469971,Engie-Vianeo - Reichstett - Aire De Covoiturage,Engie,48.653768784705306,7.751450562163427,Reichstett,Public,2
469970,Engie-Vianeo - Schiltigheim - Avenue de L'Europe,Engie,48.610925693654025,7.7126897405111094,Schiltigheim,Public,2
469968,Engie-Vianeo - Strasbourg - Quai Saint Thomas,Engie,48.57887018573413,7.7480290498465365,Strasbourg,Public,2
469967,Engie-Vianeo - Wolfisheim - Square du Boeuf Rouge,Engie,48.58703755436301,7.666997354223781,Wolfisheim,Public,2
469965,Engie-Vianeo - Geispolsheim - Petite Rue De L'Industrie,Engie,48.532609841976836,7.690367190558391,Geispolsheim,Public,2
469963,Engie-Vianeo - Épinal - Gare,Engie,48.17815284272413,6.441871897636361,Épinal,Public,2
469962,Engie-Vianeo - Epinal - Palais des Sports Park.P2,Engie,48.186792909218866,6.470973082790806,Épinal,Public,2
469961,Engie-Vianeo - Epinal - Centre des Congrès Park.P3,Engie,48.186273787775406,6.470487866714848,Épinal,Public,2
469958,Engie-Vianeo - B&B Hôtel Besançon Chateaufarine,Engie,47.22028294656829,5.955834542166144,Besançon,Public,14
469957,Engie-Vianeo - A36 - Aire de Dole Romange,Engie,47.149028267149475,5.585259610141861,Audelange,Public,8
469955,Engie-Vianeo - A36 - Aire de Dole Audelange,Engie,47.1473263973713,5.580294099416051,Audelange,Public,8
469953,Engie-Vianeo - B&B Hôtel Dijon Nord Zénith,Engie,47.35078579148802,5.069350855607354,Dijon,Public,14
469952,Engie-Vianeo - B&B Hôtel Dijon Marsannay,Engie,47.27902699111772,5.015674861450634,Marsannay-la-Côte,Public,14
469951,Engie-Vianeo - A6 - Aire de la Forêt ,Engie,47.10514701387217,4.714108353858137,Bligny-sur-Ouche,Public,8
469950,Engie-Vianeo - A6 - Aire de Beaune Merceuil,Engie,46.96186586551744,4.8385149408775305,Merceuil,Public,16
469949,Engie-Vianeo - A71 - Aire de l'Allier Saulzet,Engie,46.357175514836996,2.8027207924369577,Doyet,Public,12
469948,Engie-Vianeo - A71 - Aire de l'Allier Doyet,Engie,46.35496467328852,2.8022490221860608,Doyet,Public,12
469947,Engie-Vianeo - B&B Hôtel Paray-le-Monial,Engie,46.468695886007424,4.1188896713237,Paray-le-Monial,Public,14
469946,Engie-Vianeo - A6 - Aire des Chères Est,Engie,45.90316355843362,4.72961327481994,Les Chères,Public,8
469945,Engie-Vianeo - A6 - Aire des Chères Ouest,Engie,45.90271548307652,4.72852740562098,Les Chères,Public,8
469944,Engie-Vianeo - A42 - Aire de Lyon-Montluel,Engie,45.84448048716689,5.069341138378945,Dagneux,Public,16
469943,Engie-Vianeo - M6 - Aire de Dardilly,Engie,45.80330903890169,4.770478865815448,Dardilly,Public,10
469942,Engie-Vianeo - B&B Hôtel Lyon Eurexpo Bron,Engie,45.72659377897517,4.925552548887936,Bron,Public,14
469941,Engie-Vianeo - B&B Hôtel Lyon Saint-Priest,Engie,45.70802830514958,4.907886912650383,Saint-Priest,Public,14
469940,Engie-Vianeo - A43 - Aire du Guiers,Engie,45.578109612298306,5.633672252856172,Romagnieu,Public,8
469939,Engie-Vianeo - Moûtiers - Parking du Pain de Mai,Engie,45.48288637141815,6.535636142467638,Moûtiers,Public,6
469938,Engie-Vianeo - A41 - Aire de Bois Claret,Engie,45.246869827102245,5.8670613571807735,Saint-Nazaire-les-Eymes,Public,8
469937,Engie-Vianeo - A51 - Aire de Aubignosc Est,Engie,44.13388039826194,5.9797147527177685,Aubignosc,Public,10
469936,Engie-Vianeo - A51 - Aire de Aubignosc Ouest,Engie,44.133123567886855,5.977892754122308,Aubignosc,Public,12
469935,Engie-Vianeo - A49 - Aire de la Porte de la Drôme,Engie,45.07544539705157,5.211227628487677,La Baume-d'Hostun,Public,8
469934,Engie-Vianeo - A49 - Aire de Royans-Vercors,Engie,45.07173707580873,5.211089981145051,La Baume-d'Hostun,Public,8
469933,Engie-Vianeo - B&B Hôtel Valence Sud,Engie,44.90011197619722,4.884593042756592,Valence,Public,14
469932,Engie-Vianeo - B&B Hôtel Saint-Etienne La Terrasse,Engie,45.467776755964195,4.368015432233506,Villars,Public,14
469931,Engie-Vianeo - B&B Hôtel Clermont-Ferrand Le Brezet Aéroport,Engie,45.786649350211235,3.141569292258623,Clermont-Ferrand,Public,14
469930,Engie-Vianeo - A89 - Aire de la Corrèze,Engie,45.35990169585489,1.9379426413230476,Vitrac-sur-Montane,Public,15
469929,Engie-Vianeo - B&B Hôtel Brive-la-Gaillarde,Engie,45.163817162177196,1.4819299575630112,Ussac,Public,14
469928,Engie-Vianeo - B&B Hôtel Bruges Bordeau Lac,Engie,44.88809465768216,-0.594775794042107,Bruges,Public,14
469927,Engie-Vianeo - B&B Hôtel Bordeaux-Mérignac HDV,Engie,44.84461037755861,-0.6690090192541902,Mérignac,Public,14
469926,Engie-Vianeo - B&B Hôtel Bordeaux Sud Villenave-d'Ornon ,Engie,44.784276271219085,-0.5885006729706674,Villenave-d'Ornon,Public,14
469925,Engie-Vianeo - A20 - Aire de Nauze Vert,Engie,43.957631960524566,1.3264450463434514,Bressols,Public,16
469924,Engie-Vianeo - A62 - Aire de Frontonnais Nord,Engie,43.812791673184876,1.3606361910951819,Castelnau-d'Estrétefonds,Public,21
469923,Engie-Vianeo - A62 - Aire de Frontonnais Sud,Engie,43.81097393487644,1.3599787769605882,Castelnau-d'Estrétefonds,Public,16
469922,Engie-Vianeo - B&B Hôtel Toulouse Cité de l'Espace,Engie,43.584428988551736,1.4939758752286707,Toulouse,Public,14
469921,Engie-Vianeo - A61 - Aire de Port-Lauragais Nord,Engie,43.353102698100855,1.8086082177608205,Avignonet-Lauragais,Public,14
469920,Engie-Vianeo - Montpelier-Pérols,Engie,43.573902057306555,3.9445267027616637,Pérols,Public,6
469919,Engie-Vianeo - B&B Hôtel Avignon 2,Engie,43.977095390640045,4.872407893365562,Le Pontet,Public,14
469918,Engie-Vianeo - B&B Hôtel Salon-de-Provence,Engie,43.62814769981043,5.123662103166794,Salon-de-Provence,Public,14
469917,Engie-Vianeo - B&B Hôtel Aix-en-Provence Pont de l'Arc,Engie,43.510821779113314,5.446648138316277,Aix-en-Provence,Public,14
469915,Engie-Vianeo - A51 - Aire des Chabauds,Engie,43.43387204316821,5.395999160274869,Bouc-Bel-Air,Public,8
469914,Engie-Vianeo - A52 - Aire de Pagnol,Engie,43.400309532544384,5.575945389897811,Peypin,Public,8
469913,Engie-Vianeo - A52 - Aire de Manon des Sources,Engie,43.4009779975151,5.577544804305717,Peypin,Public,8
469912,Engie-Vianeo - Marseille - Rue Verdillon,Engie,43.275303975519904,5.424619445709141,Marseille,Public,4
469911,Engie-Vianeo - Marseille - Boulevard du Sablier,Engie,43.25366684052105,5.381965293951453,Marseille,Public,4
469910,Engie-Vianeo - A50 - Aire de la Baie de La Ciotat,Engie,43.19392713190595,5.67087841157695,La Ciotat,Public,12
469909,Engie-Vianeo - A50 - Aire des frères Lumières,Engie,43.19268915194101,5.666461637269094,La Ciotat,Public,12
469908,Engie-Vianeo - Eurotunnel Flexiplus,Engie,50.92838992764726,1.8119318989843123,Coquelles,Public,2
469903,Engie-Vianeo - Eurotunnel Calais,Engie,50.934827519482695,1.8129078707515873,Coquelles,Public,10
469893,Ionity Etrembières,Ionity,46.180071535853756,6.233278084061567,Etrembières,Public,13
469892,Ionity Clermont-l'Hérault,Ionity,43.62263265186925,3.437966516903316,Clermont-l'Hérault,Public,9
469891,Ionity Caussade,Ionity,44.149253067209884,1.525052209647356,Caussade,Public,7
469890,Ionity Bessoncourt,Ionity,47.642325362381115,6.913651315396237,Bessoncourt,Public,13
469856,Ionity Artenay,Ionity,48.08263164632871,1.8648282829972231,Artenay,Public,6
469851,Ionity Saint-Sébastien-sur-Loire,Ionity,47.189966111225516,-1.4846565036098127,Saint-Sébastien-sur-Loire,Public,7
469850,Ionity Pontchateau,Ionity,47.43438463005501,-2.074969315883436,Pontchâteau,Public,7
469843,Ionity Liffré,Ionity,48.22339994191313,-1.499911799030997,Liffré,Public,6
469838,Ionity Persan,Ionity,49.15163795434654,2.2538746863782535,Persan,Public,6
469828,Ionity Longwy,Ionity,49.51752365131034,5.753301126944052,Longwy,Public,7
469806,Atlante - Champniers - CCV Angoulême,Atlante,45.69223792966301,0.17506079579061407,Champniers,Public,4
469805,Atlante - Les Mathes - Golf de La Palmyre,Atlante,45.679356230340545,-1.168159334034499,Les Mathes,Public,4
469804,Atlante - A10 - Aire de Saint-Léger Ouest (direction Bordeaux),Atlante,45.60926282881246,-0.5994758744870978,Saint-Léger,Public,29
469803,Atlante - Gauriaguet - L' Ange Bleu,Atlante,45.058889931780584,-0.3994652158619374,Gauriaguet,Public,8
469802,Atlante - A10 - Aire de service de Meillac (direction Saintes),Atlante,44.974757193183336,-0.43234776889539717,Cubzac-les-Ponts,Public,16
469801,Atlante - Sainte-Eulalie - Pizzeria Del Arte,Atlante,44.90605300092693,-0.4868581786731738,Sainte-Eulalie,Public,8
469800,Atlante - Yvrac - Hôtel Gardenia Yvrac Bordeaux Est,Atlante,44.867560682409504,-0.46913172697134087,Yvrac,Public,4
469799,Atlante - Eysines - Hôtel initial by balladins,Atlante,44.88039000746144,-0.6292322454282839,Eysines,Public,8
469798,Atlante - La Teste-de-Buch - BYD Autosphere,Atlante,44.61009577004674,-1.1299698414255772,La Teste-de-Buch,Public,4
469797,Atlante - Saint-Pierre-du-Mont - Hotel Abor,Atlante,43.867801746836676,-0.4874067185118065,Saint-Pierre-du-Mont,Public,4
469796,Atlante - Orthez - Citroën Autosphere,Atlante,43.48966043354841,-0.7988166205998368,Orthez,Public,4
469795,Atlante - Samazan - Brasserie des Pins,Atlante,44.43723011877876,0.12970248819146946,Samazan,Public,4
469794,Atlante - Castelnaud-de-Gratecambe - Golf de Villeneuve sur Lot,Atlante,44.486697538058166,0.6744834652155305,Castelnaud-de-Gratecambe,Public,4
469793,Atlante - Montauban - E.Leclerc,Atlante,44.00433681832672,1.3563267252581,Montauban,Public,4
469792,Atlante - Montauban - Aldi,Atlante,44.00934494520237,1.3758586305680183,Montauban,Public,8
469791,Atlante - Villefranche-de-Rouergue - Picard,Atlante,44.36084478541312,2.007767945368869,Villefranche-de-Rouergue,Public,4
469790,Atlante - Albi - La Mie de Pain,Atlante,43.918442709656034,2.112583351971807,Albi,Public,4
469789,Atlante - Colomiers - Boulangerie Ange,Atlante,43.60476422872941,1.3060001654648659,Colomiers,Public,4
469788,Atlante - Ibos - Auberge EverHôtel de Tarbes-Ibos,Atlante,43.221326533799186,0.026376364862017,Ibos,Public,4
469787,Atlante - Landorthe - L'Orange Bleue,Atlante,43.112979614763674,0.7807418375087991,Landorthe,Public,8
469786,Atlante - Rivesaltes - GDC Perpignan,Atlante,42.776338942151654,2.907323069664244,Rivesaltes,Public,14
469785,Atlante - Montpellier - Centre commercial Odysseum,Atlante,43.60254499880975,3.9202602654937664,Montpellier,Public,8
469784,Atlante - A9 - Aire de service de Marguerittes Sud (direction Orange),Atlante,43.869125436144,4.439415699283472,Marguerittes,Public,28
469783,Atlante - Istres - Weldom,Atlante,43.52232324634937,4.96030922641512,Istres,Public,28
469782,Atlante - Istres - Khaan,Atlante,43.523812080768124,4.963408238927741,Istres,Public,8
469781,Atlante - Istres - Casa,Atlante,43.49840460985712,4.97725490960795,Istres,Public,8
469780,Atlante - Châteauneuf-les-Martigues - Jaï Automobiles,Atlante,43.395687239690375,5.135365842878855,Châteauneuf-les-Martigues,Public,2
469779,Atlante - Vidauban - Parking de la Tuilerie,Atlante,43.425711802914634,6.429044987716907,Vidauban,Public,4
469778,Atlante - Puget-sur-Argens - Maisons du Monde,Atlante,43.44474421859542,6.702107586762736,Puget-sur-Argens,Public,2
469777,Atlante - Mandelieu-la-Napoule - Sartoriz,Atlante,43.55429415440483,6.952605751053284,Mandelieu-la-Napoule,Public,2
469776,Atlante - Mandelieu-la-Napoule - Sport 2000,Atlante,43.554612329906405,6.954053637450556,Mandelieu-la-Napoule,Public,2
469774,Atlante - Mougins - Royal Mougins Golf,Atlante,43.594174432027955,6.970924493658458,Mougins,Public,4
469773,Atlante - Mouans-Sartoux - Ibis Cannes,Atlante,43.62087909864917,6.974203410995415,Mouans-Sartoux,Public,4
469772,Atlante - Grenoble - Centre Commercial Grand Place,Atlante,45.15604644222731,5.733197741857907,Grenoble,Public,14
469771,Atlante - Echirolles - Decathlon Grenoble Echirolles,Atlante,45.146460424048485,5.6912392222585595,Échirolles,Public,8
469769,Atlante - Bourg-de-Péage - La Bannetiere,Atlante,45.02312681985293,5.040895125720908,Bourg-de-Péage,Public,4
469767,Atlante - Saint-Paul-lès-Romans - Intersport,Atlante,45.06057620581697,5.107879794773908,Saint-Paul-lès-Romans,Public,8
469764,Atlante - Chanas - Hôtel initial by Balladins,Atlante,45.3155950578834,4.810638373463462,Chanas,Public,4
469763,Atlante - Salaise-sur-Sanne - Kiloutou,Atlante,45.34610774536634,4.804137350648148,Salaise-sur-Sanne,Public,8
469758,Atlante - Saint-Chamond - Centre Commercial Novaciéries,Atlante,45.47101005170961,4.507670957253367,Saint-Chamond,Public,4
469733,VW St Fons,(Unknown Operator),-0.0002828548230127126,-5.2666250439870055e-05,Saint fons ,"Private - For Staff, Visitors or Customers",1
469729,Tesla Supercharger Bergerac,Tesla (including non-tesla),44.83538313005954,0.44766606673204024,Bergerac,Public,8
469706,Atlante - Issoire - Restaurant Le Chapeau Rouge,Atlante,45.52195992244086,3.258372132122531,Issoire,Public,4
469705,Atlante - Lempdes - Tedi,Atlante,45.777412863838066,3.1958500324749366,Lempdes,Public,8
469704,Atlante - Lempdes - B&M Lempdes,Atlante,45.775049950196916,3.186153380591122,Lempdes,Public,18
469703,Atlante - Clermont-Ferrand - CCV Clermont-Ferrand,Atlante,45.780870351280896,3.1250910651643835,Clermont-Ferrand,Public,8
469702,Atlante - Riom - Peugeot Autosphere,Atlante,45.87911188480717,3.114953710961686,Riom,Public,4
469701,Atlante - Ussel - Restaurant l'Etable,Atlante,45.517319065407435,2.268586372590562,Ussel,Public,8
469700,Atlante - Ussel - Correze Automobiles,Atlante,45.56449828287492,2.325722114620021,Ussel,Public,4
469699,Atlante - A89 - Aire de service du Chavanon (accessible dans les 2 sens),Atlante,45.62304440485204,2.457012724874403,Merlines,Public,30
469698,Atlante - Limoges - Contact Hôtel Be Guest Limoges Sud,Atlante,45.8116647403927,1.2814202575654008,Limoges,Public,8
469697,Atlante - Saint-Junien - Citotel l'Azur,Atlante,45.90247334587028,0.9406414871160678,Saint-Junien,Public,8
469696,Atlante - Ruffec - Peugeot Ruffec Autosphere,Atlante,46.018480337734275,0.1982733206600642,Ruffec,Public,4
469695,Atlante - Puilboreau - Campanile La Rochelle Nord,Atlante,46.18019653067779,-1.0942504363688386,Puilboreau,Public,4
469694,Atlante - Niort - Peugeot,Atlante,46.335069680126225,-0.4124803068568781,Niort,Public,8
469693,Atlante - Châtellerault - Citroën Autosphere,Atlante,46.7879380387308,0.524930035616535,Châtellerault,Public,4
469692,Atlante - Montluçon - Peugeot Autosphere,Atlante,46.368256766764205,2.5928930864829454,Montluçon,Public,4
469691,Atlante - Thonon-les-Bains - Armand Thiery,Atlante,46.35257332934981,6.442341563142122,Thonon-les-Bains,Public,6
469690,Atlante - Chalon-sur-Saône - Lidl,Atlante,46.814766802313756,4.857298608502106,Chalon-sur-Saône,Public,2
469689,Atlante - Autun - Plan d'Eau du Vallon,Atlante,46.95509022860284,4.317682643918374,Autun,Public,4
469688,Atlante - Mâlain - Golf de la Chassagne,Atlante,47.3064888343699,4.814789410712933,Mâlain,Public,4
469687,Atlante - Miserey-Salines - CCV Besançon,Atlante,47.28394542989935,5.990062551281767,Miserey-Salines,Public,12
469686,Atlante - Vesoul - Cinéma Majestic,Atlante,47.6314848800576,6.14013230565115,Vesoul,Public,8
469685,Atlante - Audincourt - Sport 2000,Atlante,47.48720220107862,6.840694732741099,Audincourt,Public,2
469684,Atlante - Audincourt - Sport 2000,Atlante,47.48720220107862,6.840694732741099,Audincourt,Public,2
469683,Atlante - Danjoutin - Gifi Belfort,Atlante,47.62468919594548,6.860651512299114,Danjoutin,Public,8
469682,Atlante - Bessoncourt - CCV Belfort,Atlante,47.64161075702279,6.92029145778497,Bessoncourt,Public,8
469681,Atlante - Wittenheim - CCV Wittenheim,Atlante,47.79579176153129,7.313167448442755,Wittenheim,Public,8
469680,Atlante - Wittenheim - Destock Tout Mulhouse,Atlante,47.80579655840265,7.314987577630291,Wittenheim,Public,14
469679,Atlante - Houssen - CCV Colmar,Atlante,48.126686762958144,7.3657374580253645,Houssen,Public,4
469678,Atlante - Erstein - Hôtel Restaurant Crystal Erstein,Atlante,48.42164343365178,7.643200540586349,Erstein,Public,4
469677,Atlante - Lingolsheim - Octapharma Tanneries,Atlante,48.556526058558546,7.694102576180512,Lingolsheim,Public,4
469676,Atlante - Épinal - CCV Épinal,Atlante,48.1879328918823,6.470969317941012,Épinal,Public,8
469675,Atlante - Fléville-devant-Nancy - Restaurant La Parenthèse,Atlante,48.614823299223076,6.203404165846905,Fléville-devant-Nancy,Public,8
469674,Atlante - Coulommiers - Riester Peugeot,Atlante,48.802623500121285,3.089109737102035,Coulommiers,Public,4
469673,Atlante - La Chapelle-Saint-Luc - Restaurant La Mangoune,Atlante,48.30742382934582,4.025167929048621,La Chapelle-Saint-Luc,Public,4
469672,Atlante - Nitry - Auberge La Beursaudière,Atlante,47.672169203028574,3.8761770851435813,Nitry,Public,4
469671,Atlante - Saint-Doulchard - CCV Bourges (Face Maxi Zoo),Atlante,47.11857017898032,2.377506031977532,Saint-Doulchard,Public,4
469670,Atlante - Saint-Doulchard - CCV Bourges (Face Chaussea),Atlante,47.11764311512212,2.3761782887315803,Saint-Doulchard,Public,4
469669,Atlante - Tavers - Gémo,Atlante,47.76721489024234,1.6112382404828622,Tavers,Public,8
469668,Atlante - Blois - Hôtel initial by Balladins,Atlante,47.61325162353589,1.3365899977752633,Blois,Public,4
469667,Atlante - Saint-Gervais-la-Forêt - Action Blois Vineuil,Atlante,47.57044361032678,1.368855542403253,Saint-Gervais-la-Forêt,Public,4
469666,Atlante - Chambray-lès-Tours - CCV Tours,Atlante,47.330785397820904,0.706291534636307,Chambray-lès-Tours,Public,4
469665,Atlante - Chambray-lès-Tours - Le Portofino,Atlante,47.32024872418728,0.708612608497333,Chambray-lès-Tours,Public,4
469664,Atlante - Arnage - Hôtel Restaurant Campanile Le Mans Sud,Atlante,47.942906100151106,0.18135291446810697,Arnage,Public,4
469663,Atlante - Saint Saturnin - Le Portofino,Atlante,48.05203800980408,0.16655139169461108,Saint-Saturnin,Public,1
469662,Atlante - Arçonnay - King Jouet Alençon,Atlante,48.40806269776675,0.08760378490308085,Arçonnay,Public,8
469661,Atlante - Arçonnay - Burger King,Atlante,48.40413569407613,0.08946036391375856,Arçonnay,Public,8
469660,Atlante - Laval - Hôtel Restaurant Kyriad,Atlante,48.05912269585559,-0.7774318452190982,Laval,Public,4
469659,Atlante - Étrelles - Brit Hotel Pays de Vitré,Atlante,48.073375093429235,-1.1995056589167916,Étrelles,Public,4
469658,Atlante - Muzillac - Action,Atlante,47.56066851657482,-2.507143554158347,Muzillac,Public,8
469657,Atlante - Vannes - Aubert,Atlante,47.662728156551935,-2.7865869552450704,Vannes,Public,6
469656,Atlante - Vezin-le-Coquet - Restaurant La Braizh,Atlante,48.10509022641136,-1.742170735867262,Vezin-le-Coquet,Public,4
469655,Atlante - Quimper - Boulangerie Aux 7 Epis,Atlante,47.977369984293034,-4.015422173572347,Quimper,Public,8
469654,Atlante - Quimper - Golf du Domaine de l'Orangerie de Lanniron,Atlante,47.97927556776989,-4.1060213702280635,Quimper,Public,4
469653,Atlante - Plouigneau - Restaurant Traiteur Le Lywen,Atlante,48.5738449823165,-3.717133357054877,Plouigneau,Public,4
469652,Atlante - Plounévez-Moëdec - L'Étape Bar restaurant,Atlante,48.54940560109543,-3.449385861258861,Plounévez-Moëdec,Public,8
469651,Atlante - Saint-Agathon - Au Relais de Bellevue,Atlante,48.54930730362756,-3.1104552888164108,Saint-Agathon,Public,4
469650,Atlante - Bretteville-sur-Odon - Trampoline Park,Atlante,49.165284311535686,-0.4254614050184955,Bretteville-sur-Odon,Public,8
469649,Atlante - Dreux - Chaussea,Atlante,48.75019901529285,1.3485633004538613,Dreux,Public,12
469648,Atlante - Buchelay - Fitness Park,Atlante,48.99055265012771,1.6785655782704225,Buchelay,Public,8
469647,Atlante - Saint-Brice-sous-Forêt - Générale d'Optique,Atlante,49.0054536419303,2.353016407676705,Saint-Brice-sous-Forêt,Public,4
469646,Atlante - Presles - Le Domaine des Vanneaux,Atlante,49.12149270965031,2.2638565369243224,Presles,Public,4
469643,Atlante - Nanteuil-lès-Meaux - Gémo,Atlante,48.94094088659952,2.879929075659902,Nanteuil-lès-Meaux,Public,8
469642,Atlante - Meaux - Land Rover,Atlante,48.957146306544274,2.9196631629703234,Meaux,Public,4
469641,Atlante - Essômes-sur-Marne - Chaussea,Atlante,49.03438488523079,3.3792589323728635,Essômes-sur-Marne,Public,8
469640,Atlante - Metz - CCV Augny,Atlante,49.08120945548433,6.111009489467165,Augny,Public,4
469639,Atlante - Terville - CCV Thionville,Atlante,49.34827334171041,6.130850173544445,Terville,Public,8
469638,Atlante - Cernay-lès-Reims - Restaurant Chez Vincent,Atlante,49.23683014937899,4.088166529339105,Cernay-lès-Reims,Public,8
469637,Atlante - Thillois - CCV Reims,Atlante,49.26400429001632,3.967386794999129,Thillois,Public,12
469636,Atlante - Saint-Maximin - CCV Creil,Atlante,49.24043547855831,2.4670036840013836,Saint-Maximin,Public,8
469635,Atlante - Pissy-Pôville - CCV Rouen,Atlante,49.53050564647498,0.9735353767607648,Pissy-Pôville,Public,4
469634,Atlante - Barentin - Ixina Rouen,Atlante,49.529025634091056,0.9726968537040648,Barentin,Public,8
469633,Atlante - Beauvais - Peugeot Autosphere,Atlante,49.41310252162896,2.1037323617180164,Beauvais,Public,4
469631,Atlante - Beauvais - Riester Opel,Atlante,49.45772203869112,2.096827901140614,Beauvais,Public,4
469629,Atlante - Laon - Action,Atlante,49.547006417208706,3.6122731597831716,Laon,Public,4
469628,Atlante - Sedan - Hôtel Restaurant Kyriad,Atlante,49.69316391235756,4.904908178573351,Sedan,Public,4
469627,Atlante - Saint-Aubin-sur-Scie - Hôtel Initial,Atlante,49.89813103232791,1.0782572007512954,Saint-Aubin-sur-Scie,Public,4
469626,Atlante - Glisy - Chaussea,Atlante,49.865396337399005,2.3782188246585747,Glisy,Public,8
469625,Atlante - Longueau - Action Amiens,Atlante,49.87171832718741,2.369555941605313,Longueau,Public,8
469624,Atlante - Amiens - CCV Amiens,Atlante,49.92330320982617,2.3086017437690316,Amiens,Public,8
469572,Atlante - Maubeuge - Kia,Atlante,50.28378386966014,3.970080590579414,Maubeuge,Public,4
469571,Atlante - Petite-Forêt - Darty Valenciennes,Atlante,50.37867958817964,3.474894353809418,Petite-Forêt,Public,8
469570,Atlante - Sin le Noble - Restaurant du Golf du Bois des Retz,Atlante,50.385700310746074,3.137630604305741,Sin-le-Noble,Public,6
469569,Atlante - Provins - Boulanger,Atlante,48.5536087010874,3.297947834368074,Provins,Public,10
469568,Atlante - Vendin-le-Vieil - Boulangerie Louise,Atlante,50.46294442916866,2.8231585136713875,Vendin-le-Vieil,Public,4
469567,Atlante - Bruay-la-Buissière - CCV Bruay,Atlante,50.492621444228945,2.5888700469527066,Bruay-la-Buissière,Public,8
469564,Atlante - Villeneuve d'Ascq - Kiabi,Atlante,50.616587749795286,3.1253211143875888,Villeneuve-d'Ascq,Public,8
469563,Atlante - Bailleul - Decathlon,Atlante,50.72419500362622,2.748125042157085,Bailleul,Public,12
469562,Atlante - Saint-Martin-Boulogne - Lapeyre,Atlante,50.72628634850602,1.6455340646352852,Saint-Martin-Boulogne,Public,4
469561,Atlante - Calais - Kiabi,Atlante,50.93660083782194,1.8630077425732452,Calais,Public,8
469560,Atlante - Coudekerque-Branche - Gémo,Atlante,51.01528765334578,2.3819450139558285,Coudekerque-Branche,Public,4
469413,Parking Leclerc,(Unknown Operator),45.59525978757097,5.268893891362723,Bourgoin-Jallieu,Public - Membership Required,8
469412,Parking centre commercial E.Leclerc,Freshmile,45.5950897538406,5.269039753036168,Bourgoin-Jallieu,Public - Pay At Location,16
469387,Electra - Servon - Centre Commercial Eden,Electra,48.7098310552812,2.5867554722507577,Servon,Public,10
469386,Tesla Supercharger Tours Grand Frais,Tesla (including non-tesla),47.375409065745174,0.6701532107678076,Tours,Public,6
469358,Bornes Evlink,(Unknown Operator),47.9941744,0.2016378,Le Mans,Public - Membership Required,1
469345,Carrefour Energies - Coquelles,Allego BV,50.93226785585847,1.8106400756738594,Coquelles,Public,10
469344,Carrefour Energies - Calais,Allego BV,50.95274142405779,1.890478045177133,Calais,Public,10
469343,Carrefour Energies - Wasquehal,Allego BV,50.680495062341464,3.125511131456733,Wasquehal,Public,10
469342,Carrefour Energies - Berck,Allego BV,50.40464578280219,1.6008049863482938,Berck,Public,6
469340,Carrefour Energies - Valenciennes,Allego BV,50.33482393117026,3.5173215014685866,Valenciennes,Public,10
469339,Carrefour Energies - Maubeuge,Allego BV,50.290564954887714,3.965897406015074,Maubeuge,Public,6
469338,Carrefour Energies - Fourmies,Allego BV,50.0272847423569,4.029665965205822,Fourmies,Public,6
469337,Carrefour Energies - Amiens,Allego BV,49.92016781502912,2.3037516795143347,Amiens,Public,10
469336,Carrefour Energies - Rethel,Allego BV,49.52102107302855,4.37327282712215,Rethel,Public,8
469335,Carrefour Energies - Thionville,Allego BV,49.353155648475024,6.141534404731146,Thionville,Public,10
469334,Carrefour Energies - Reims Tinqueux,Allego BV,49.25420269812969,3.977827160332822,Reims,Public,10
469333,Carrefour Energies - Laon,Allego BV,49.54868324958426,3.613609129344809,Laon,Public,10
469332,Carrefour Energies - Beauvais Centre,Allego BV,49.42947306591597,2.0735226072595196,Beauvais,Public,8
469330,Carrefour Energies - Limay,Allego BV,48.99038081215093,1.7538460499754365,Limay,Public,10
469329,Carrefour Energies - Flins-sur-Seine,Allego BV,48.966020297935046,1.8641767743894206,Flins-sur-Seine,Public,10
469328,Carrefour Energies - Chambourcy,Allego BV,48.9099674179497,2.0331428777926703,Chambourcy,Public,16
469327,Carrefour Energies - Montesson,Allego BV,48.928130715017886,2.1423577897263613,Montesson,Public,12
469326,Carrefour Energies - Saint-Brice-sous-Forêt,Allego BV,49.008900027639925,2.3508100069917646,Saint-Brice-sous-Forêt,Public,10
469325,Carrefour Energies - Goussainville,Allego BV,49.021698330516074,2.4563162347326397,Goussainville,Public,8
469324,Carrefour Energies - Stains,Allego BV,48.94816598778709,2.385423981599047,Stains,Public,10
469323,Carrefour Energies - Drancy,Allego BV,48.91861032026094,2.419731500500234,Drancy,Public,10
469322,Carrefour Energies - Sevran,Allego BV,48.94984087026674,2.5279166981047183,Sevran,Public,10
469321,Carrefour Energies - Chelles,Allego BV,48.877408044735404,2.6102692328487365,Chelles,Public,8
469320,Carrefour Energies - Collégien,Allego BV,48.839461968525484,2.6593088758304475,Collégien,Public,10
469319,Carrefour Energies - Pince-Vent,Allego BV,48.79344349532923,2.5555573913019316,Ormesson-sur-Marne,Public,4
469318,Carrefour Energies - Pontault-Combault,Allego BV,48.77623934242368,2.60769251462807,Pontault-Combault,Public,10
469317,Carrefour Energies - L'Hay-Les-Roses,Allego BV,48.78382857034205,2.3453223566812085,L'Hay-Les-Roses,Public,10
469316,Carrefour Energies - La Ville-du-Bois,Allego BV,48.66975217926438,2.2761680452252904,La Ville-du-Bois,Public,8
469315,Carrefour Energies - Sainte-Geneviève-des-Bois,Allego BV,48.639018619276214,2.3331240544722505,Sainte-Geneviève-des-Bois,Public,10
469314,Carrefour Energies - Carré Sénart,Allego BV,48.61458817176165,2.5516904815709722,Lieusaint,Public,8
469313,Carrefour Energies - Villabé,Allego BV,48.5850535494267,2.4496052238005177,Villabé,Public,10
469312,Carrefour Energies - Montereau-Fault-Yonne,Allego BV,48.396840222260806,2.954707619070291,Montereau-Fault-Yonne,Public,4
469306,Carrefour Energies - Rambouillet,Allego BV,48.626350780274606,1.8291358233996107,Rambouillet,Public,10
469305,Carrefour Energies - Evreux,Allego BV,49.01476711094671,1.1751930577524945,Evreux,Public,10
469303,Carrefour Energies - Gruchet-le-Valasse,Allego BV,49.54848097636574,0.4939476567132033,Gruchet-le-Valasse,Public,4
469301,Carrefour Energies - Bayeux,Allego BV,49.284411384970895,-0.7054877592089497,Bayeux,Public,6
469300,Carrefour Energies - Hérouville,Allego BV,49.20525387858939,-0.32730192149256254,Hérouville,Public,10
469298,Carrefour Energies - Guingamp,Allego BV,48.56200719014018,-3.1646980206882063,Guingamp,Public,6
469297,Carrefour Energies - Rennes Alma,Allego BV,48.08159348699303,-1.6808802986844285,Rennes,Public,10
469296,Carrefour Energies - Rennes Cesson,Allego BV,48.11372223268768,-1.5913738384758744,Cesson-Sévigné,Public,12
469295,Carrefour Energies - Le Mans,Allego BV,47.973593535803275,0.21686671403131186,Le Mans,Public,4
469294,Carrefour Energies - Saran,Allego BV,47.960775970987356,1.8880287742676956,Saran,Public,10
469293,Carrefour Energies - Orléans Place d'Arc,Allego BV,47.90837954430799,1.9067399384643977,Orléans,Public,6
469280,Carrefour Energies - Sens Voulx,Allego BV,48.19855102398964,3.2656123052646535,Sens,Public,6
469279,Carrefour Energies - Sens Maillot,Allego BV,48.18827759888518,3.303016446404854,Sens,Public,4
469278,Carrefour Energies - Saint-André-Les-Vergers,Allego BV,48.28265980029113,4.054711351968763,Saint-André-Les-Vergers,Public,10
469277,Carrefour Energies - Epinal,Allego BV,48.19726056450628,6.477519923039381,Epinal,Public,4
469276,Carrefour Energies - Mulhouse,Allego BV,47.77132895591495,7.3861284180587745,Mulhouse,Public,10
469275,Carrefour Energies - Chalon Sud,Allego BV,46.774220422170885,4.859080500202481,Chalon-sur-Saône,Public,10
469274,Carrefour Energies - Annecy,Allego BV,45.92607829586825,6.124990097096543,Annecy,Public,10
469273,Carrefour Energies - Ecully,Allego BV,45.78899948394809,4.777213201529889,Ecully,Public,8
469272,Carrefour Energies - Villeurbanne,Allego BV,45.76902326056123,4.8838281825458125,Villeurbanne,Public,6
469271,Carrefour Energies - Givors,Allego BV,45.5836115955519,4.751005462080457,Givors,Public,10
469270,Carrefour Energies - Bassens,Allego BV,45.573573838761746,5.94444160101159,Bassens,Public,10
469269,Carrefour Energies - Salaise-sur-Sanne,Allego BV,45.341870326278865,4.8051877537499195,Salaise-sur-Sanne,Public,10
469268,Carrefour Energies - Saint-Egrève,Allego BV,45.23838180630702,5.664229800383282,Saint-Egrève,Public,10
469267,Carrefour Energies - Montélimar,Allego BV,44.531863432603586,4.747528732784531,Montélimar,Public,8
469266,Carrefour Energies - Moulins,Allego BV,46.54054938807201,3.344071377684145,Moulins,Public,8
469265,Carrefour Energies - Saint-Herblain,Allego BV,47.22207805753416,-1.6038329975990564,Nantes,Public,8
469264,Carrefour Energies - Nantes Beaulieu,Allego BV,47.205577094353515,-1.5351744713739208,Nantes,Public,10
469263,Carrefour Energies - Angers Grand Maine,Allego BV,47.469062376150674,-0.5942569631577044,Angers,Public,10
469262,Carrefour Energies - Angers Saint-Serge,Allego BV,47.48854828228585,-0.5405724884501524,Angers,Public,10
469261,Carrefour Energies - Cholet,Allego BV,47.075085473543794,-0.8428711254603058,Cholet,Public,8
469260,Carrefour Energies - Bourges,Allego BV,47.091391438666705,2.4206001971788282,Bourges,Public,10
469259,Carrefour Energies - Montluçon,Allego BV,46.34586341654909,2.6029968011234814,Montluçon,Public,8
469258,Carrefour Energies - La Roche-sur-Yon,Allego BV,46.66559454444476,-1.4534301801534184,La Roche-sur-Yon,Public,6
469257,Carrefour Energies - Soyaux,Allego BV,45.63630248445065,0.2105352085083041,Soyaux,Public,10
469256,Carrefour Energies - Limoges Boisseuil,Allego BV,45.778726865260865,1.3075203520907053,Boisseuil,Public,10
469255,Carrefour Energies - Brive-la-Gaillarde,Allego BV,45.1453375951655,1.4816778985015162,Brive-la-Gaillarde,Public,10
469249,Carrefour Energies - Villefranche-de-Rouerg,Allego BV,44.361455702924246,2.033207536718237,Villefranche-de-Rouerg,Public,8
469248,Carrefour Energies - Lesparre,Allego BV,45.31036457510871,-0.939671146997398,Lesparre,Public,6
469247,Carrefour Energies - Dax,Allego BV,43.71000021151008,-1.0432840227466613,Dax,Public,6
469246,Carrefour Energies - Auch,Allego BV,43.63069527520318,0.5813838432694638,Auch,Public,8
469245,Carrefour Energies - Portet-sur-Garonne,Allego BV,43.53210362502213,1.401675330615035,Portet-sur-Garonne,Public,10
469244,Carrefour Energies - Sète Balaruc,Allego BV,43.462720628268016,3.6905816462449366,Sète,Public,10
469243,Carrefour Energies - Saint-Jean-de-Vedas,Allego BV,43.57169698288968,3.848685592564266,Saint-Jean-de-Vedas,Public,8
469242,Carrefour Energies - Lattes,Allego BV,43.58140958362836,3.930012760787463,Lattes,Public,4
469241,Carrefour Energies - Saint-Clément-de-Rivière,Allego BV,43.648963098498456,3.844106440741939,Saint-Clément-de-Rivière,Public,8
469240,Carrefour Energies - Le Crès,Allego BV,43.64145033847285,3.9404953692423987,Le Crès,Public,8
469239,Carrefour Energies - Nîmes Ouest,Allego BV,43.81676142142072,4.343722384496459,Nîmes,Public,10
469238,Carrefour Energies - Nîmes Sud,Allego BV,43.818351320194836,4.391807372661333,Nimes,Public,8
469237,Carrefour Energies - Avignon Courtine,Allego BV,43.92788318966831,4.791299302142988,Avignon,Public,10
469236,Carrefour Energies - Digne-les-Bains,Allego BV,44.078132340275374,6.1895153342320555,Digne-les-Bains,Public,10
469228,Carrefour Energies - Port-de-Bouc,Allego BV,43.41275997985923,5.000550861483816,Port-de-Bouc,Public,10
469225,Carrefour Energies - Châteauneuf-les-Martigues,Allego BV,43.393108782230115,5.132142133272623,Châteauneuf-les-Martigues,Public,8
469223,Carrefour Energies - Vitrolles,Allego BV,43.43199137575513,5.26226270958432,Vitrolles,Public,10
469222,Carrefour Energies - Marseille Merlan,Allego BV,43.329713725152175,5.40037119889962,Marseille,Public,10
469217,Carrefour Energies - Ollioules,Allego BV,43.12397827684046,5.8770154271139745,Ollioules,Public,10
469216,Carrefour Energies - Antibes,Allego BV,43.60430660918453,7.09101488446413,Antibes,Public,10
469112,Carrefour Energies - Puget-sur-Argens,Allego BV,43.44296535985802,6.703796189008813,Puget-sur-Argens,Public,8
468925,Carrefour Energies - Trans-en-Provence,Allego BV,43.51015292525739,6.47951902255204,Trans-en-Provence,Public,8
464558,Carrefour Energies - Bègles,Allego BV,44.794281648931644,-0.5325173561109295,Bègles,Public,10
464557,Carrefour Energies - Lormont,Allego BV,44.86551555295975,-0.5156314916858946,Lormont,Public,10
464555,Carrefour Energies - Mérignac,Allego BV,44.830399383985906,-0.6554408023602036,Mérignac,Public,10
464517,Allego - Lidl Salaise-sur-Sanne,Allego BV,45.34786851881921,4.803797642770519,Salaise-sur-Sanne,Public,6
464516,Allego - Drôme Energie Bourg-de-Péage,Allego BV,45.0064004809835,5.037309386778816,Bourg-de-Péage,Public,6
464515,Allego - Drôme Energie Valence Sud,Allego BV,44.90229469863982,4.868459538350635,Valence,Public,12
464514,Allego - Aire De Livron A7,Allego BV,44.78640796604273,4.835415693859204,Livron-sur-Drome,Public,10
464513,Allego - Aire de la Coucourde A7,Allego BV,44.64646349820151,4.791660566563905,La Coucourde,Public,10
464512,Allego - Burger King Trans-en-Provence,Allego BV,43.51435961901407,6.477930804230709,Trans-en-Provence,Public,4
464511,Allego - Burger King La Seyne-sur-Mer,Allego BV,43.108845186090605,5.856821639226837,La Seyne-sur-Mer,Public,4
464510,Allego - Marseille Grand Littoral,Allego BV,43.362252809310604,5.350731295837022,Marseille,Public,24
464509,Allego - Darty Vitrolles,Allego BV,43.43527958016938,5.260479687782322,Vitrolles,Public,4
464508,Allego - Burger King Martigues L'Escaillon,Allego BV,43.430066638602824,5.046447715067984,Martigues,Public,4
464507,Allego - B&M Martigues,Allego BV,43.440724764384186,5.037036555974396,Saint-Mitre-les-Remparts,Public,6
464506,Allego - Aire de Senas Ouest A7,Allego BV,43.75915662307102,5.078941880323214,Senas,Public,8
464505,Allego - Aire de Nabrigas A9,Allego BV,43.689202915723,4.060543854385742,Lunel-Viel,Public,14
464504,Allego - Burger King Montpellier Près d'Arènes,Allego BV,43.588514379163314,3.890796663070887,Montpellier,Public,4
464503,Allego - Burger King Villeneuve les Beziers,Allego BV,43.32172140524463,3.2897264059847657,Villeneuve-lès-Béziers,Public,4
464502,Allego - Aire de Lespignan Nord A9,Allego BV,43.26508760839073,3.174342589147045,Lespignan,Public,12
464501,Allego - Aire de Lespignan Sud,Allego BV,43.26401324965241,3.1744356730894197,Lespignan,Public,12
464500,Allego - Leclerc Blagnac,Allego BV,43.647299425458385,1.370089604016357,Blagnac,Public,8
464499,Allego - Burger King Toulouse Colomiers,Allego BV,43.603547132454025,1.3072275853867268,Toulouse,Public,4
464498,Allego - Tisséo Basso Cambo,Allego BV,43.569497270091034,1.3914407363889723,Toulouse,Public,6
464497,Allego - Leclerc Saint-Orens,Allego BV,43.56538132997113,1.5187284000006684,Saint-Orens-de-Gameville,Public,8
464496,Allego - Burger King Toulouse Portet-sur-Garonne,Allego BV,43.530370749485826,1.4022775297861472,Portet-sur-Garonne,Public,4
464495,Allego - Aire de Toulouse Sud Nord A61,Allego BV,43.48581124520729,1.5490230869626203,Deyme,Public,10
464494,Allego - Toulouse Nailloux Outlet,Allego BV,43.387063461265285,1.6093644126632398,Nailloux,Public,6
464493,Allego - Burger King Toulouse Noé Capens,Allego BV,43.342889482053266,1.2600410790305432,Capens,Public,4
464492,Allego - Burger King Bayonne Saint-Léon,Allego BV,43.487222078921775,-1.4833646785498331,Bayonne,Public,4
464491,Allego - Burger King Beychac-et-Caillau,Allego BV,44.87500856440309,-0.3974112302538515,Beychac-et-Caillau,Public,4
464484,Allego - Au Bureau Angoulême,Allego BV,45.69051248630478,0.17801504680608105,Angoulême,Public,4
464483,Allego - Au Bureau Cognac,Allego BV,45.6882965692096,-0.30809212183339696,Cognac,Public,4
464461,Allego - Cuisinella Cholet,Allego BV,47.07603605694524,-0.8392091526898184,Cholet,Public,6
464460,Allego - La Seguiniere Outlet,Allego BV,47.05572296615159,-0.942199182141394,La Séguinière,Public,6
464458,Allego - Aire de Rouillé Pamproux Nord,Allego BV,46.45307569038735,-0.017808498725457866,Pamproux,Public,10
464457,Allego - Maison du Monde Niort,Allego BV,46.34113623152254,-0.38515092470470336,Chauray,Public,6
464455,Allego - Fournier Limoges,Allego BV,45.870782716717315,1.2633551680968367,Limoges,Public,4
464454,Allego - B&M Limoges Couzeix,Allego BV,45.868014472637526,1.263301059032301,Couzeix,Public,6
464453,Allego - Burger King Limoges Feytiat,Allego BV,45.81748573266586,1.2950601311980563,Feytiat,Public,4
464452,Allego - Clermont-Ferrand Jaude,Allego BV,45.774510788213036,3.0830537818249013,Clermont-Ferrand,Public,8
464451,Allego - Pathé Aubières,Allego BV,45.75735981369726,3.142627266282261,Aubière,Public,26
464450,Allego - Au Bureau Brignais,Allego BV,45.67794288412881,4.775072249148138,Brignais,Public,8
464449,Allego - Burger King Lyon Bron,Allego BV,45.7224647470525,4.918834800398372,Bron,Public,4
464448,Allego - Centrakor Saint-Bonnet-de-Mure,Allego BV,45.69703792694219,5.013173886035247,Saint-Bonnet-de-Mure,Public,6
464447,Allego - Burger King Ambérieu-en-Bugey,Allego BV,45.978352816113016,5.35002725127174,Ambérieu-en-Bugey,Public,4
464446,Allego - B&M Bourg-En-Bresse,Allego BV,46.22039096443484,5.2085200331415535,Viriat,Public,8
464445,Allego - B&M Montlucon,Allego BV,46.36524052519539,2.5706139427039716,Domerat,Public,6
464444,Allego - Burger King Moulins Yzeure,Allego BV,46.542592789835254,3.3436163987499867,Yzeure,Public,4
464443,Allego - Léon Chalon-sur-Saône,Allego BV,46.79460594442324,4.835231914858468,Chalon-sur-Saône,Public,4
464442,Allego - Pathé Archamps,Allego BV,46.138788337201476,6.1233711992585995,Archamps,Public,20
464441,Allego - Burger King Ornex,Allego BV,46.281555881809,6.088868401369496,Ornex,Public,2
464440,Allego - Pathé Brumath,Allego BV,48.74645187759316,7.692892462796635,Brumath,Public,4
464439,Allego - B&M Epinal - Golbey,Allego BV,48.19264314199094,6.420715159003976,Golbey,Public,8
464438,Allego - Burger King Epinal Golbey,Allego BV,48.19121086562865,6.423214573495443,Golbey,Public,2
464437,Allego - But Colmar,Allego BV,48.10942295460285,7.36451044840021,Colmar,Public,6
464436,Allego - B&M Colmar - Horbourg,Allego BV,48.072910563704994,7.405950548913893,Horbourg-Wihr,Public,8
464429,Allego - Intersport Kingersheim,Allego BV,47.79045886940554,7.315707051202935,Kingersheim,Public,6
464428,Allego - Burger King Lure,Allego BV,47.67633489613439,6.523136305447451,Lure,Public,4
464427,Allego - Centrakor Exincourt,Allego BV,47.50634298025116,6.8445236268331655,Exincourt,Public,8
464426,Allego - Au Bureau Ecole Valentin,Allego BV,47.27814388709788,5.996921092552384,École-Valentin,Public,4
464425,Allego - Chenôve,Allego BV,47.28400140144683,5.022297307898725,Chenôve,Public,10
464424,Allego - B&M Bourges,Allego BV,47.095111066979086,2.4401638669648946,Bourges,Public,8
464423,Allego - Aire de Quincy A71,Allego BV,47.14412012958917,2.187011186534619,Mehun-sur-Yevre,Public,10
464422,Allego - Aire de Quincy A71,Allego BV,47.14556079786212,2.1842506356449576,Mehun-sur-Yevre,Public,10
464421,Allego - Volfoni Montargis Amilly,Allego BV,47.96455393315685,2.7347373138545663,Amilly,Public,4
464420,Allego - Darty Troyes,Allego BV,48.28200291003611,4.054164015193919,Saint-Andre-les-Vergers,Public,4
464419,Allego - Burger King Nemours,Allego BV,48.267675882742594,2.712096533010026,Nemours,Public,2
464418,Allego - Pathé Conflans,Allego BV,49.00387274123173,2.0772810231827634,Conflans-Sainte-Honorine,Public,22
464417,Allego - Burger King Eragny,Allego BV,49.01457727007681,2.091853478691064,Eragny,Public,4
464416,Allego - Burger King Taverny,Allego BV,49.01551437265107,2.2236847674514593,Taverny,Public,4
464415,Allego - Val d'Europe,Allego BV,48.85420454982457,2.7759427398684693,Serris,Public,12
464414,Allego - La Vallée Village,Allego BV,48.85326406003131,2.782309134320144,Serris,Public,22
464413,Allego - Burger King Chelles Sud,Allego BV,48.87685591883525,2.6094955860654636,Chelles,Public,4
464412,Allego - Burger King Villiers-sur-Marne,Allego BV,48.8321512007156,2.5344823766668014,Villiers-sur-Marne,Public,4
464411,Allego - Burger King Pontault-Combault Le Pavé,Allego BV,48.7751462032617,2.602380924516865,Pontault-Combault,Public,4
464410,Allego - Thiais Belle Epine,Allego BV,48.75426529083745,2.372584890998951,Thiais,Public,36
464409,Allego - Sogaris Rungis,Allego BV,48.75131466081598,2.363335159111557,Rungis,Public,4
464408,Allego - Au Bureau Villejust,Allego BV,48.68358601264441,2.2233632910588312,Villejust,Public,4
464407,Allego - Burger King La Ville-du-Bois,Allego BV,48.66702759769316,2.2779925791893447,La Ville-du-Bois,Public,4
464406,Allego - Aire de Boutroux A10,Allego BV,48.38966567970124,1.8905779829174207,Sainville,Public,10
464355,Allego - But Orléans Saran,Allego BV,47.95847277084337,1.8904680952568924,Saran,Public,8
464354,Allego - Pathé Saran,Allego BV,47.9470441656531,1.8953881588446393,Saran,Public,10
464353,Allego - Burger King Orléans Saran,Allego BV,47.938056936607126,1.8933111072618658,Orléans,Public,4
464352,Allego - Burger King Orléans Ingré,Allego BV,47.90203310998541,1.8555492940741942,Ingré,Public,4
464351,Allego - Pathé Atlantis Saint-Herblain,Allego BV,47.222659023660356,-1.6276596938472494,Saint-Herblain,Public,12
464349,Allego - Aire de Pirmil Est A11,Allego BV,47.91212655180033,-0.08316366317194479,Pirmil,Public,10
464348,Allego - Aire de Pirmil Ouest A11,Allego BV,47.911029739732015,-0.08675705969494629,Pirmil,Public,10
464347,Allego - Darty Brest,Allego BV,48.42665460754216,-4.468480744451426,Brest,Public,4
464346,Allego - Au Bureau Morlaix,Allego BV,48.576886200295775,-3.8573309727282776,Saint-Martin-des-Champs,Public,6
464345,Allego - Centrakor Rennes,Allego BV,48.191020710079016,-1.7291783947835029,La Chapelle-des-Fougeretz,Public,4
464344,Allego - Mercedes Carentan,Allego BV,49.31374676678968,-1.2583878400814683,Carentan,Public,4
464343,Allego - Buffalo Grill Saint-Lô,Allego BV,49.09922292104147,-1.082400766316141,Saint-Lô,Public,4
464342,Allego - Burger King Troarn,Allego BV,49.17954770460025,-0.19141397422686168,Troarn,Public,4
464341,Allego - Aire de Lamanon A7,Allego BV,43.684844522849545,5.097030255848836,Lamanon,Public,14
464340,PowerDot - Super U – Rezé,Power Dot,47.17741369073269,-1.5590428728701227,Rezé ,Public,4
464299,Allego - Pathé Rouen Grand Quevilly,Allego BV,49.41430686119568,1.041095663588294,Le Grand-Quevilly,Public,12
464298,Allego - B&M Rouen,Allego BV,49.366035667399984,1.1060349570764174,Saint-Étienne-du-Rouvray,Public,8
464297,Allego - Pathé Reims Thillois,Allego BV,49.253935890365796,3.9668615009909445,Thillois,Public,4
464296,Allego - B&M Reims Courcelles,Allego BV,49.27944861347939,4.004872207319181,Saint-Brice-Courcelles,Public,16
464295,Allego - Au Bureau Soissons,Allego BV,49.364899805575135,3.307132306571475,Vauxbuin,Public,4
464294,Allego - Au Bureau Laon,Allego BV,49.568617590789984,3.6553351910248466,Laon,Public,4
464293,Allego - Au Bureau Beauvais,Allego BV,49.435684489352354,2.114734696933283,Beauvais,Public,16
464292,Allego - Amiens Maison De La Culture,Allego BV,49.89332602220853,2.290383083117831,Amiens,Public,6
464290,Allego - Au Bureau Cambrai,Allego BV,50.17788612076208,3.2177918094241704,Cambrai,Public,4
464289,Allego - Pathé Liévin,Allego BV,50.423327702189056,2.776201087161553,Liévin,Public,6
464288,Allego - Grand Frais La Sentinelle Valenciennes,Allego BV,50.344251595757015,3.4889486918777948,La Sentinelle,Public,6
463378,Allego - Pathé Valenciennes,Allego BV,50.33962893754503,3.516609741999673,Valenciennes,Public,10
463376,Allego - Créteil Soleil,Allego BV,48.780305189928725,2.4577066973939736,Créteil,Public,28
463325,Fastned - Aire de Rosny-Sud,FastNed,48.992281823088234,1.6331806576367853,Rosny-sur-Seine,Public,8
463324,Fastned - Aire de la Plaine du Forez Est,FastNed,45.68022668443999,4.155976731139617,Magneux,Public,8
463323,Fastned - Aire des Crêts Blancs,FastNed,45.99877543000778,6.166829114821894,Groisy,Public,4
463322,Fastned - Aire de Groisy,FastNed,46.00003908614357,6.167659079808999,Groisy,Public,4
463321,Fastned - Aire de Romagnieu,FastNed,45.576756866569184,5.634372330820554,Romagnieu,Public,8
463320,Fastned - Aire de Saint-Nazaire-les-Eymes,FastNed,45.24384154853158,5.86102414988801,Saint-Nazaire-les-Eymes,Public,8
463319,Fastned - Aire de Saint-Julien-Mont-Denis,FastNed,45.24576655593805,6.423461849865504,Saint-Julien-Mont-Denis,Public,4
463318,Fastned - Aire de Saulce,FastNed,44.720315019944394,4.787267342248697,Saulce-sur-Rhône,Public,17
463317,Fastned - Istres La Galerie,FastNed,43.49815357921568,4.978328265209257,Istres,Public,6
463315,Fastned - Aire d’Ambrussum Nord,FastNed,43.71531162749662,4.133365452630642,Villetelle,Public,8
463312,Fastned - Narbonne La Coupe,FastNed,43.161489389770736,2.9829334591322265,Narbonne,Public,8
463309,Fastned - Perpignan Porte d'Espagne,FastNed,42.67284184974389,2.8893524400461956,Perpignan,Public,11
463291,Fastned - Aire du Manoire,FastNed,45.14993961629031,0.7998745590442127,Boulazac-Isle-Manoire,Public,8
463290,Fastned - Aire des groies,FastNed,45.985150289586386,0.2008395492107411,Villegats,Public,8
463288,Fastned - Aire de Covoiturage de Guer,FastNed,47.92997410779088,-2.1289717362420504,Guer,Public,8
463287,Fastned - Quimper,FastNed,48.01215736374914,-4.075353034837917,Quimper,Public,8
463286,Fastned - Brest Europe,FastNed,48.408615823520705,-4.463631280547418,Brest,Public,4
463284,Fastned - Montluçon Saint-Victor,FastNed,46.382680907226415,2.6156448747560717,Saint-Victor,Public,4
463282,Fastned - Vitry-en-Charollais,FastNed,46.46266820717693,4.083122556628609,Vitry-en-Charollais,Public,4
463281,Fastned - Saint-Dié-des-Vosges,FastNed,48.29096503709923,6.9326267040434,Saint-Dié-des-Vosges,Public,4
463271,Fastned - Aire de Keskastel-Ouest,FastNed,48.974356030061614,7.0648453665631905,Keskastel,Public,4
463270,Fastned - Aire de L'Obrion,FastNed,48.856035390646554,6.088935346775088,Loisy,Public,8
463267,Fastned - Augny,FastNed,49.0796141374274,6.1097379544553405,Augny,Public,8
463264,Fastned - Aire de Valmy Orbeval,FastNed,49.07226886136473,4.788949447298933,Valmy,Public,4
463263,Fastned - Aire de Valmy Le Moulin ,FastNed,49.07364998671082,4.790527214810481,Valmy,Public,4
463262,Fastned - Troyes Lavau,FastNed,48.32989721675389,4.099796543147363,Lavau,Public,4
463260,Fastned - Vert-Saint-Denis,FastNed,48.56048044675583,2.634035432464657,Vert-Saint-Denis,Public,8
463258,Fastned - La Croix Blanche,FastNed,48.62315973834467,2.3513790810152386,Fleury-Mérogis,Public,8
463257,Fastned - Aire de Ussy-sur-Marne,FastNed,48.970574142742095,3.0633750441170378,Ussy-sur-Marne,Public,8
463256,Fastned - Aire de Changis-sur-Marne,FastNed,48.964546391512414,3.0540251106466485,Ussy-sur-Marne,Public,8
463255,Fastned - Émerainville,FastNed,48.821801372886654,2.6161041660708406,Émerainville,Public,16
463254,Fastned - Aire de Vémars Est,FastNed,49.07162827591077,2.5528728655031045,Vémars,Public,16
463253,Fastned - Aire de Vémars Ouest ,FastNed,49.07317932178856,2.551359606441679,Vémars,Public,16
463252,Fastned - Enox Gennevilliers,FastNed,48.93088465587866,2.320447113262503,Gennevilliers,Public,8
463251,Fastned - Puiseux-Pontoise,FastNed,49.06003341495003,2.0011651165150397,Puiseux-Pontoise,Public,8
463249,Fastned - Aire de Bosgouet Sud ,FastNed,49.360610249958626,0.8617828603225917,Bosgouet,Public,8
463248,Fastned - Aire de Villers-Bretonneux,FastNed,49.85481797545296,2.5235137339522,Villers-Bretonneux,Public,8
463247,Fastned - Aire de Saint-Léger,FastNed,50.17326831743651,2.8735402103850447,Saint-Léger,Public,8
463246,Fastned - Aire de Wancourt Est,FastNed,50.26190115494461,2.8645646442409998,Monchy-le-Preux,Public,8
463245,Fastned - Illies,FastNed,50.5485920876346,2.8260672541237,Illies,Public,8
463243,Fastned - Saint-Hilaire-Cottes,FastNed,50.572309107210856,2.3798705436578302,Saint-Hilaire-Cottes,Public,4
463241,Fastned - Longuenesse,FastNed,50.740512260226836,2.261047943182348,Longuenesse,Public,8
463235,Electra - La Ricamarie - Carrefour,Electra,45.411244540839704,4.373881083387005,La Ricamarie,Public,6
463234,Electra - Firminy - Intermarché,Electra,45.37780035356923,4.276150810035119,Firminy,Public,4
463233,Electra - Lutterbach - Hôtel Kyriad,Electra,47.759366001197805,7.292429613566128,Lutterbach,Public,4
463232,Electra - Morschwiller-le-Bas - KFC,Electra,47.73684945541305,7.286181402759212,Morschwiller-le-Bas,Public,4
463231,Electra - Mulhouse - Indigo Mulhouse Gare Bâle,Electra,47.74598442559264,7.345634243869995,Mulhouse,Public,8
463230,Electra - Sausheim - Novotel,Electra,47.78034199593117,7.387990525884675,Sausheim,Public,4
463229,Electra - Saint-Louis - Hôtel F1 Aéroport Bâle,Electra,47.60657704596957,7.528730178895785,Saint-Louis,Public,4
463228,Electra - Besançon - Peugeot,Electra,47.2399558589195,5.990280160214752,Besançon,Public,2
463227,Electra - Besançon - Chateaufarine,Electra,47.21978576000052,5.954901690498218,Besançon,Public,6
463226,Electra - Saint-Apollinaire - Peugeot Dijon,Electra,47.34042751700247,5.070964723284419,Saint-Apollinaire,Public,6
463225,Electra - Marsannay-la-Côte - E.Leclerc,Electra,47.2789790141517,5.01970729807249,Marsannay-la-Côte,Public,6
463193,Electra - Ornex - Fast food,Electra,46.2821919714319,6.089337885034865,Ornex,Public,8
463192,Electra - Thoiry - CC Val Thoiry,Electra,46.22737340882691,5.993769451152502,Thoiry,Public,12
463191,Electra - Sancé - Mercedes-Benz Mâcon,Electra,46.337017103404435,4.845052420483512,Sancé,Public,4
463190,Electra - Viriat - Hôtel Campanile Bourg-en-Bresse,Electra,46.22198696566804,5.205223219949971,Viriat,Public,4
463189,Electra - Moulins - KFC,Electra,46.5443167477699,3.3420699732911316,Moulins,Public,4
463188,Electra - Villefranche-sur-Saône - Carrefour,Electra,45.99726308732937,4.732692528863026,Villefranche-sur-Saône,Public,8
463187,Electra - Massieux - Greet Hotel,Electra,45.903698680354296,4.8183965533344235,Massieux,Public,4
463186,Electra - Bron - Novotel,Electra,45.72491706262093,4.928334411046194,Bron,Public,8
463185,Electra - Saint-Fons - Mercedes-Benz Lyon,Electra,45.71459028290488,4.8544069839127815,Saint-Fons,Public,8
463184,Electra - Saint-Priest - BUT,Electra,45.71448926147667,4.966079391870039,Saint-Priest,Public,4
463183,Electra - Saint-Priest - KFC,Electra,45.68545961213948,4.946232372615327,Saint-Priest,Public,4
463181,Electra - Saint-Genis-Laval - CC Saint Genis 2,Electra,45.67977585573908,4.793021588165516,Saint-Genis-Laval,Public,12
463180,Electra - Chasse-sur-Rhône - Kyriad Direct,Electra,45.58487715523532,4.7896871219138575,Chasse-sur-Rhône,Public,4
463179,Electra - Clermont-Ferrand - Ibis,Electra,45.79188607593619,3.118998726404584,Clermont-Ferrand,Public,6
463178,Electra - Clermont-Ferrand - CC Village des Commerçants,Electra,45.78914027142241,3.137830846242764,Clermont-Ferrand,Public,4
463177,Electra - Aubière - Ibis Budget,Electra,45.75675541858649,3.1421373722415638,Aubière,Public,4
463176,Electra - Saint-Georges - Hôtel Cantal Cottages,Electra,45.03054926707193,3.1389094807611855,Saint-Georges,Public,4
463175,Electra - Annemasse - B&B HOTEL Annemasse Est,Electra,46.19292696071156,6.255643711510174,Annemasse,Public,4
463174,Electra - Gaillard - Kyriad Direct Annemasse,Electra,46.18386506108715,6.219907573493174,Gaillard,Public,4
463173,Electra - Albertville - Intermarché,Electra,45.66157627317975,6.381373235964361,Albertville,Public,6
463172,Electra - Saint-Alban-Leysse - Sport 2000,Electra,45.573342090325326,5.955392741362857,Saint-Alban-Leysse,Public,4
463171,Electra - Seyssins - Campanile Grenoble Sud,Electra,45.16004329973984,5.6971779647784615,Seyssins,Public,4
463170,Electra - Échirolles - KFC,Electra,45.15097975282828,5.696715328625487,Échirolles,Public,4
463169,Electra - Saint-Martin-d'Hères - Colisée,Electra,45.16516854718995,5.757644275712437,Saint-Martin-d'Hères,Public,4
463168,Electra - Saint-Martin-d'Hères - KFC,Electra,45.18447795660916,5.765710548855168,Saint-Martin-d'Hères,Public,4
463167,Electra - Chanas - Intermarché,Electra,45.3246450870397,4.808876525142296,Chanas,Public,6
463166,Electra - A7 - Aire du Bornaron (direction Marseille),Electra,45.1545599736333,4.887542204032684,Saint-Barthélémy-de-Vals,Public,10
463165,Electra - A7 - Aire de la Bouterne (direction Lyon),Electra,45.07894986313502,4.872643305847305,Larnage,Public,12
463164,Electra - Tain-l'Hermitage - Intermarché,Electra,45.06869584116552,4.865509280560445,Tain-l'Hermitage,Public,8
463163,Electra - A7 - Aire Latitude 45 (direction Lyon),Electra,45.019196926426446,4.876219771469778,Pont-de-l'Isère,Public,28
463162,Electra - Bourg-lès-Valence - Sure Hotel by Best Western,Electra,44.960401508635044,4.889896879401704,Bourg-lès-Valence,Public,2
463161,Electra - Valence - Hôtel Campanile Sud,Electra,44.91259675458497,4.9098336408202385,Valence,Public,4
463160,Electra - Valence - Intermarché,Electra,44.91212095898689,4.913226609914318,Valence,Public,4
463159,Electra - Les Tourrettes - Première Classe Montélimar,Electra,44.66708859015691,4.794424140424098,Les Tourettes,Public,6
463158,Electra - A7 - Aire de Tricastin (direction Montélimar),Electra,44.326401612887764,4.739946250454523,Saint-Paul-Trois-Châteaux,Public,11
463157,Electra - Nice - Indigo Parking Massena,Electra,43.697569675460414,7.2705354996523965,Nice,Public,6
463156,Electra - Nice - Stade Allianz Riviera (Parking P2),Electra,43.70908852917799,7.196383589693369,Nice,Public,12
463155,Electra - Saint-Laurent-du-Var - Intermarché,Electra,43.667682546980274,7.192691156204319,Saint-Laurent-du-Var,Public,4
463154,Electra - Saint-Laurent-du-Var - CC Cap 3000,Electra,43.66054419329021,7.195732851277057,Saint-Laurent-du-Var,Public,16
463153,Electra - Cannes - Auchan La Bocca,Electra,43.55006111696662,6.970445302055282,Cannes La Bocca,Public,4
463152,Electra - Hyères - Hôtel Ibis Plage,Electra,43.05758724049798,6.147722380273763,Hyères,Public,4
463151,Electra - La Farlède - Intermarché,Electra,43.1634024560322,6.044529354853239,La Farlède,Public,4
463150,Electra - Toulon - CC Grand Var,Electra,43.13791116101868,6.025748999974212,La Garde,Public,12
463149,Electra - La Valette-du-Var - CC L'Avenue 83,Electra,43.13582910503334,6.006900240895789,La Valette-du-Var,Public,8
463148,Electra - La Valette-du-Var - Eole Park,Electra,43.136713942114966,5.999864605484163,La Valette-du-Var,Public,4
463147,Electra - La Valette-du-Var - Auchan,Electra,43.13364196412749,5.982747993478938,La Valette-du-Var,Public,10
463146,Electra - Toulon - Intermarché Super Toulon,Electra,43.130576182600265,5.9380745005895506,Toulon,Public,6
463145,Electra - Brignoles - Buffalo Grill,Electra,43.413036143828606,6.062489002592997,Brignolles,Public,4
463144,Electra - Aix-en-Provence - Intermarché Est,Electra,43.51597609211234,5.462189655457905,Aix-en-Provence,Public,8
463143,Electra - Aix-en-Provence - Hôtel Campanile Pont de l'Arc,Electra,43.51218334451545,5.436297999391172,Aix-en-Provence,Public,4
463137,Electra - Aubagne - Auchan Supermarché Pin Vert,Electra,43.301773528302874,5.570098669503295,Aubagne,Public,6
463136,Electra - Marseille - Boulangerie Ange Marseille (La Valentine),Electra,43.297925816191,5.479591210164244,Marseille,Public,4
463135,Electra - Marseille - Hôtel Ibis Gare Saint Charles,Electra,43.3028167660722,5.3826835830511754,Marseille,Public,4
463133,Electra - Marseille - Sofitel Vieux Port,Electra,43.292318380566314,5.360983201752788,Marseille,Public,4
463132,Electra - Marseille - Hôtel Campanile Saint-Antoine,Electra,43.379305437508464,5.356391947997395,Marseille,Public,4
463131,Electra - A55 - Aire de Gignac Rebuty (direction Martigues),Electra,43.39201248690503,5.2565301128011015,Le Rove,Public,8
463130,Electra - Vitrolles - Hôtel Kyriad Aéroport,Electra,43.42536708826614,5.251641654850118,Vitrolles,Public,4
463129,Electra - Vitrolles - The Originals City Hôtel Marseille Aéroport,Electra,43.42482936119521,5.250959836501238,Vitrolles,Public,4
463128,Electra - A7 - Aire de Vitrolles Est (direction Orange),Electra,43.446960032700446,5.242985148084017,Vitrolles,Public,10
463127,Electra - Martigues - Boulangerie Ange,Electra,43.39832007979598,5.040848887150219,Martigues,Public,4
463126,Electra - Istres - Jardipassion,Electra,43.52237710683963,4.961125519584357,Istres,Public,4
463125,Electra - Salon-de-Provence - Marie Blachère - Retail Park,Electra,43.628516757964604,5.112903716225674,Salon-de-Provence,Public,4
463122,Electra - Grans - Jardipassion,Electra,43.62364572110738,5.086929041123881,Grans,Public,4
463120,Electra - Salon-de-Provence - King Jouet,Electra,43.63345787477894,5.091497383897831,Salon-de-Provence,Public,4
463119,Electra - Salon-de-Provence - Intermarché,Electra,43.63498521997991,5.078002615731748,Salon-de-Provence,Public,12
463117,Electra - Avignon - Centre Commercial Mistral 7,Electra,43.91818158657284,4.8745889115241425,Avignon,Public,6
463114,Electra - Orange - Peugeot,Electra,44.11881277038955,4.838689040069653,Orange,Public,4
463112,Electra - A7 - Aire de Orange Le Grès (direction Marseille),Electra,44.111209651858275,4.829259853649432,Orange,Public,8
463111,Electra - A9 - Aire d'Estézargues Nord (direction Montpellier),Electra,43.96482512029908,4.6382491634749385,Estézargues,Public,10
463110,Electra - A9 - Aire d'Estézargues Sud (direction Orange),Electra,43.962683914505305,4.63661805788513,Estézargues,Public,8
463109,Electra - Arles - CC Shopping Promenade,Electra,43.70391803049421,4.643019260810092,Arles,Public,6
463108,Electra - Nîmes - Burger,Electra,43.830363094802266,4.382561779553271,Nîmes,Public,6
463107,Electra - Nîmes - Hôtel F1 Ouest,Electra,43.81482334930607,4.343631606100416,Nîmes,Public,4
463106,Electra - Nîmes - CC Family Village,Electra,43.80883238576541,4.365180081385461,Nîmes,Public,8
463102,Electra - Montpellier - Centre commercial Odysseum,Electra,43.60638553468942,3.9243646917933575,Montpellier,Public,6
463100,Electra - Montpellier - Hôtel Ibis Budget Millénaire,Electra,43.61074901662164,3.905989875477985,Montpellier,Public,4
463099,Electra - Montpellier - Hôtel Campanile,Electra,43.586817492127864,3.8911421586458346,Montpellier,Public,4
463098,Electra - Lattes - Hôtel F1,Electra,43.58613240600798,3.8966603324977314,Lattes,Public,4
463097,Electra - Montpellier - Auchan Celleneuve,Electra,43.610868724917054,3.8393761722298905,Montpellier,Public,11
463096,Electra - Juvignac - Intermarché Super,Electra,43.612430415045225,3.8076310602000376,Juvignac,Public,6
463094,Electra - A9 - Aire de Gigean Nord (direction Béziers),Electra,43.49329390160858,3.718739202393408,Gigean,Public,9
463093,Electra - A9 - Aire de Loupian (direction Montpellier),Electra,43.46356932201172,3.6307385648298123,Loupian,Public,14
463092,Electra - Béziers - Intermarché,Electra,43.36570356494403,3.209897692225809,Béziers,Public,4
463091,Electra - Béziers - ZAC de la Domitienne,Electra,43.349514376599245,3.2573739721094626,Béziers,Public,4
463088,Electra - Narbonne - Hôtel Campanile,Electra,43.16867479489693,2.983594797669525,Narbonne,Public,6
463087,Electra - Narbonne - Hôtel Ibis,Electra,43.16769627239583,2.9874576357220803,Narbonne,Public,4
463086,Electra - A9 - Aire de Bages (direction Narbonne),Electra,43.11379117335545,2.954265422180697,Bages,Public,11
463085,Electra - A9 - Aire de Gasparets (direction Perpignan),Electra,43.02349427698064,2.9517251812183076,Sigean,Public,12
463084,Electra - A9 - Aire de Pia (direction Montpellier),Electra,42.7535663869275,2.8932961420027823,Pia,Public,9
463083,Electra - A9 - Aire de Rivesaltes (direction Perpignan),Electra,42.75045466573948,2.891878168037124,Pia,Public,9
463082,Electra - Canet-en-Roussillon - Intermarché,Electra,42.7003368327166,3.0210130521627434,Canet-en-Roussillon,Public,4
463081,Electra - Le Boulou - Hôtel Le Neoulous,Electra,42.520374400529505,2.8215700348166592,Le Boulou,Public,4
463069,Electra - A61 - Aire d'Arzens Nord (direction Toulouse),Electra,43.2198402957153,2.216695614135915,Arzens,Public,16
463068,Electra - A61 - Aire d'Arzens Sud (direction Narbonne),Electra,43.21722952641059,2.2207087050128393,Carcassonne,Public,16
463067,Electra - Ramonville-Saint-Agne - Action,Electra,43.53586193138915,1.4829165051135078,Ramonville-Saint-Agne,Public,4
463066,Electra - Toulouse - B&B Hotel Toulouse Université,Electra,43.57517700343712,1.406384703841013,Toulouse,Public,4
463065,Electra - Toulouse - Intermarché La Cepière,Electra,43.590349721065905,1.4147384662262539,Toulouse,Public,6
463064,Electra - Toulouse - Novotel Purpan Aéroport,Electra,43.60578369562512,1.3986788518577669,Toulouse,Public,4
463063,Electra - Blagnac - Aéroport de Toulouse,Electra,43.63167088783277,1.3765129275045638,Blagnac,Public,16
462991,Electra - Garidech - Intermarché,Electra,43.71687374758608,1.5614706855647,Garidech,Public,4
462990,Electra - Brens - E.Leclerc Drive Gaillac,Electra,43.87725336652568,1.908520257300097,Brens,Public,4
462989,Electra - Montauban - KFC,Electra,44.038517320839105,1.383027242929188,Montauban,Public,4
462988,Electra - A62 - Aire de Garonne (direction Toulouse),Electra,44.040618536923006,1.005011192999632,Saint-Nicolas-de-la-Grave,Public,12
462987,Electra - A62 - Aire de Garonne (direction Bordeaux),Electra,44.040427464573185,1.0040079377690745,Saint-Nicolas-de-la-Grave,Public,12
462985,Electra - Limoges - Retail Park,Electra,45.8129867508182,1.253043548558253,Limoges,Public,12
462984,Electra - Limoges - CC Family Village,Electra,45.89419089057617,1.2828968086788564,Limoges,Public,4
462982,Electra - Boulazac-Isle-Manoire - Hyper U,Electra,45.18404917181158,0.7742006251072553,Boulazac-Isle-Manoire,Public,4
462981,Electra - La Teste-de-Buch - McDonald's,Electra,44.61625922202589,-1.1372977045809876,La Teste-de-Buch,Public,6
462980,Electra - Pessac - Hôtel Ibis,Electra,44.78873467289546,-0.6452025828120895,Pessac,Public,4
462979,Electra - Gradignan - Hôtel Campanile,Electra,44.79021780797842,-0.602870716774305,Gradignan,Public,4
462978,Electra - Talence - Intermarché,Electra,44.80696902044184,-0.573494602989399,Talence,Public,4
462977,Electra - Bordeaux - Intermarché Cauderan,Electra,44.853563067690146,-0.6109054802174114,Bordeaux,Public,8
462976,Electra - Artigues-près-Bordeaux - Jardiland,Electra,44.84308698773535,-0.4972734752698216,Artigues-près-Bordeaux,Public,4
462975,Electra - Artigues-près-Bordeaux - Hôtel Campanile,Electra,44.867464444490565,-0.4980289066847945,Artigues-près-Bordeaux,Public,4
462974,Electra - Eysines - Hôtel Première Classe,Electra,44.880913233328016,-0.6290697497579458,Eysines,Public,4
462973,Electra - A10 - Aire de Cézac (direction Paris),Electra,45.06699895889935,-0.4601046820690726,Cézac,Public,11
462972,Electra - A10 - Aire de Saint Caprais (direction Bordeaux),Electra,45.29660836888695,-0.5558144544114612,Val-de-Livenne,Public,8
462971,Electra - A10 - Aire de Boisredon (direction Saintes),Electra,45.31322740697172,-0.5578256336104914,Boisredon,Public,7
462970,Electra - A10 - Aire de Saint Palais Ouest (direction Bordeaux),Electra,45.51283354741534,-0.613941517249259,Saint-Palais-de-Phiolin,Public,7
462968,Electra - A10 - Aire de Saint Palais Est (direction Paris),Electra,45.51269994346583,-0.610975768420758,Saint-Palais-de-Phiolin,Public,11
462966,Electra - Cognac - CC Village des Commerçants,Electra,45.694376668367624,-0.3471514956581814,Cognac,Public,4
462965,Electra - Saintes - E.Leclerc,Electra,45.7465488446276,-0.6768822888967634,Saintes,Public,6
462964,Electra - A10 - Aire de la Benâte (direction Paris),Electra,46.010559730520725,-0.5396210258172687,Essouvert,Public,8
462963,Electra - Lagord - KFC,Electra,46.17827720215354,-1.15354148812753,Lagord,Public,4
462962,Electra - Niort - Ibis Est Mendes France,Electra,46.338555787563706,-0.40566926241149304,Niort,Public,4
462961,Electra - La Roche-sur-Yon - CC Les Flâneries,Electra,46.699228975408545,-1.430240699207161,La Roche-sur-Yon,Public,12
462960,Electra - Pornic - E.Leclerc,Electra,47.12477380956986,-2.126450995439768,Pornic,Public,4
462959,Electra - Saint-Brevin-les-Pins - E.Leclerc,Electra,47.24456630292693,-2.1593249559673495,Saint-Brevin-les-Pins,Public,4
462958,Electra - Saint-Nazaire - Auchan Oceanis I,Electra,47.258381986576154,-2.265621167261884,Saint-Nazaire,Public,4
462957,Electra - Saint-Nazaire - E.Leclerc,Electra,47.28727898541845,-2.256210102070554,Saint-Nazaire,Public,6
462956,Electra - Bouguenais - KFC,Electra,47.18870748223125,-1.5864068055807365,Bouguenais,Public,4
462955,Electra - Rezé - Hôtel Akena Nantes Rezé Aéroport,Electra,47.15966888477263,-1.5409803763043328,Rezé,Public,4
462954,Electra - Basse-Goulaine - E.Leclerc,Electra,47.18642985945476,-1.4675173745126813,Basse-Goulaine,Public,6
462952,Electra - Saint-Sébastien-sur-Loire - Hôtel Campanile,Electra,47.21157957325735,-1.486408417276607,Saint-Sébastien-sur-Loire,Public,4
462949,Electra - Saint-Herblain - KFC,Electra,47.228351524692755,-1.6325483851960598,Saint-Herblain,Public,4
462943,Electra - Nantes - Intermarché Eraudière,Electra,47.24545411184744,-1.5346503096621973,Nantes,Public,4
462942,Electra - Sainte-Luce-sur-Loire - PIAPIA Boulangerie,Electra,47.26539182783054,-1.4875385900378433,Sainte-Luce-sur-Loire,Public,4
462941,Electra - Angers - Del Arte,Electra,47.46627028593761,-0.5259059996278665,Angers,Public,4
462940,Electra - Joué-lès-Tours - Supermarché - Restaurant,Electra,47.34868822178095,0.64757180313552,Joué-lès-Tours,Public,4
462939,Electra - Tours - Boulangerie Ange,Electra,47.43014110593947,0.703911372150742,Tours,Public,4
462938,Electra - Blois - B&B Hôtel Blois Nord Vallée Maillard,Electra,47.60995636558641,1.3336523943514749,Blois,Public,4
462937,Electra - Villebarou - Centre Commercial Blois 2,Electra,47.620747575447155,1.2994394720809623,Villebarou,Public,6
462916,Electra - Les-Essarts-le-Roi - CC Maison Neuve,Electra,48.71938933791671,1.8842532800564413,Les-Essarts-le-Roi,Public,4
462915,Electra - La Verrière - Hôtel The Originals City,Electra,48.75738332040879,1.9453675939787445,La Verrière,Public,4
462914,Electra - Trappes - Ibis Budget,Electra,48.76635474349385,1.974533773664234,Trappes,Public,4
462913,Electra - Plaisir - Grand Marché Marnière,Electra,48.83028244990177,1.9537152164584768,Plaisir,Public,5
462912,Electra - Bois-d'Arcy - E.Leclerc,Electra,48.79948412034915,2.0389627492666023,Bois-d'Arcy,Public,16
462911,Electra - Magny-les-Hameaux - Novotel,Electra,48.75492573207538,2.0746657180784496,Magny-Les-Hameaux,Public,5
462910,Electra - Vélizy - Carré Vélizy,Electra,48.784564912773334,2.217426188944728,Vélizy-Villacoublay,Public,10
462909,Electra - Saclay - Novotel,Electra,48.73272768911539,2.1700186886164374,Saclay,Public,6
462908,Electra - Brétigny-sur-Orge - Del Arte,Electra,48.587017249601445,2.2999686336968352,Brétigny-sur-Orge,Public,4
462907,Electra - Montlhéry - Restaurant Pizza del Arte,Electra,48.64894313554643,2.270400561384463,Montlhéry,Public,4
462906,Electra - Villebon-sur-Yvette - CC Auchan,Electra,48.704095286994715,2.252967509514747,Villebon-sur-Yvette,Public,12
462905,Electra - Massy - Crocodile,Electra,48.71968571902485,2.3002516632750485,Massy,Public,6
462904,Electra - Morangis - Action,Electra,48.70602124849921,2.35020930812027,Morangis,Public,4
462903,Electra - Viry-Châtillon - E.Leclerc,Electra,48.661686205441356,2.375527299293708,Viry-Châtillon,Public,6
462902,Electra - Évry-Courcouronnes - CC Le Spot Évry,Electra,48.6302801252734,2.4259372975639053,Évry-Courcouronnes,Public,12
462901,Electra - Evry-Courcouronnes - Novotel,Electra,48.61649877547808,2.423490356066168,Évry-Courcouronnes,Public,6
462900,Electra - Lieusaint - Carré Sénart,Electra,48.61686016344083,2.5513997487663573,Lieusaint,Public,6
462899,Electra - Vert-Saint-Denis - Hôtel Campanile,Electra,48.56641623963745,2.6328515039435842,Vert-Saint-Denis,Public,4
462898,Electra - Rubelles - Ibis Styles Melun,Electra,48.552839898794474,2.6703031099145846,Rubelles,Public,4
462897,Electra - Rungis - Ibis Paris Orly Airport,Electra,48.75293574658522,2.351017158655168,Rungis,Public,8
462896,Electra - Chevilly-Larue - Ibis Budget Orly Chevilly Tram 7,Electra,48.77634791459627,2.36690900524286,Chevilly Larue,Public,4
462895,Electra - Villejuif - Hôtel Campanile,Electra,48.797282628996896,2.347386085738094,Villejuif,Public,4
462894,Electra - Créteil - Novotel Créteil le Lac,Electra,48.78105707179674,2.447050800304055,Créteil,Public,6
462893,Electra - Villeneuve-Saint-Georges - Kyriad,Electra,48.76124751679717,2.445100487997024,Villeneuve-Saint-Georges,Public,6
462892,Electra - Bonneuil-sur-Marne,Electra,48.76361920117071,2.478223547233142,Bonneuil-sur-Marne,Public,11
462891,Electra - Pontault-Combault - KFC,Electra,48.775240229089945,2.601267378652551,Pontault-Combault,Public,4
462890,Electra - Serris - Ki Space Hotel & Spa,Electra,48.837072051458534,2.8008814622465934,Serris,Public,12
462889,Electra - Montevrain - CC Clos du Chêne,Electra,48.856176063912244,2.752548903593606,Chanteloup-en-Brie,Public,6
462888,Electra - Bussy Saint Georges - Hôtel Première Classe,Electra,48.83247038586137,2.704844960355217,Bussy-Saint-Georges,Public,4
462887,Electra - Lagny-sur-Marne - Retail Park,Electra,48.87009768913174,2.680924151897443,Lagny-sur-Marne,Public,6
462886,Electra - Saint-Thibault-des-Vignes - Ibis Budget,Electra,48.86227495760613,2.673262827972394,Saint-Thibault-des-Vignes,Public,4
462885,Electra - Torcy - CC Bay 3,Electra,48.84127421562235,2.658136219489961,Torcy,Public,8
462884,Electra - Lognes - Hôtel Europarc,Electra,48.82367865274972,2.6187036962566026,Lognes,Public,4
462883,Electra - Noisy-le-Grand - Rue du Centre,Electra,48.83847333471772,2.5460753933909928,Noisy-le-Grand,Public,4
462882,Electra - Issy-les-Moulineaux - Hôtel Ibis Val de Seine,Electra,48.822520469177846,2.258402871008684,Issy-les-Moulineaux,Public,4
462881,Electra - Paris 15 - Gare Montparnasse - Vaugirard,Electra,48.838082380030414,2.3149201936120107,Paris,Public,8
462880,Electra - Paris 7 - Indigo Parking Joffre Ecole Militaire,Electra,48.85422998782013,2.3049644929594706,Paris,Public,6
462879,Electra - Paris 15 - Hôtel Mercure Centre Tour Eiffel,Electra,48.85456495622017,2.2916452696413216,Paris,Public,4
462878,Electra - Paris 10 - Indigo Parking Magenta Gare de l'Est,Electra,48.87575232838972,2.355446857146717,Paris,Public,6
462877,Electra - Saint-Ouen-sur-Seine - Kyriad Paris Nord Porte de St Ouen,Electra,48.90171370593194,2.3290660861337074,Saint-Ouen-sur-Seine,Public,6
462876,Electra - Paris 18 - Porte des Poissonniers,Electra,48.897742676945,2.3523552739475235,Paris,Public,2
462875,Electra - Saint-Denis - Hôtel Ibis Stade Sud,Electra,48.921244684490546,2.3652738482812765,Saint-Denis,Public,4
462874,Electra - Aubervilliers - Ibis Budget Paris Aubervilliers,Electra,48.91021110560956,2.3801298503291264,Aubervilliers,Public,4
462873,Electra - Villeparisis - CC Les portes de l'Ambrésis,Electra,48.94566549666396,2.6243635064920454,Villeparis,Public,4
462872,Electra - Roissy-en-France - Hôtel Mercure,Electra,49.0039102890143,2.520879191863287,Roissy-en-France,Public,10
462871,Electra - Roissy-en-France - Novotel CDG Convention,Electra,48.9988783161059,2.517733108716129,Roissy-en-France,Public,11
462870,Electra - Roissy-en-France - Van der Valk Hotel Paris CDG Airport,Electra,48.9900976130192,2.515509160817942,Roissy-en-France,Public,12
462869,Electra - Villepinte - Hôtel Ibis,Electra,48.96620608398834,2.5169135476214706,Villepinte,Public,6
462868,Electra - Aulnay-sous-Bois - Carrefour de l'Europe,Electra,48.95116315115973,2.487002204819646,Aulnay-sous-Bois,Public,8
462867,Electra - Le Bourget - Hôtel Kyriad,Electra,48.939851089903584,2.4306881252232415,Le Bourget,Public,4
462866,Electra - Garges-lès-Gonesse - KFC,Electra,48.961031355176715,2.402520647634674,Garges-lès-Gonesse,Public,4
462865,Electra - Villetaneuse - CC Bienvenu,Electra,48.94880489112461,2.344025894206311,Villetaneuse,Public,8
462864,Electra - Suresnes - Hôtel Campanile,Electra,48.867219563088355,2.2262024376309455,Suresnes,Public,4
462863,Electra - Neuilly-sur-Seine - Indigo Madrid,Electra,48.882676828227375,2.259447176195522,Neuilly-sur-Seine,Public,8
462862,Electra - Courbevoie - Hôtel Ibis Budget,Electra,48.895264852605635,2.26173048718465,Courbevoie,Public,4
462861,Electra - Gennevilliers - Ibis Paris Gennevilliers,Electra,48.926043299513225,2.2907417149299363,Gennevilliers,Public,4
462860,Electra - Gennevilliers - E.Leclerc,Electra,48.933036575555576,2.306632719564618,Gennevilliers,Public,6
462859,Electra - Gennevilliers - CC Espace Chanteraines,Electra,48.9341099945226,2.318684958038375,Gennevilliers,Public,12
462858,Electra - Villeneuve-La-Garenne - CC Qwartz,Electra,48.92691862001985,2.331382577056843,Villeneuve-la-Garenne,Public,6
462849,Electra - Puteaux - Q-Park La Défense - Westfield Les 4 Temps P1/P2,Electra,48.892186524271835,2.2332126902090295,Puteaux,Public,10
462847,Electra - Cormeilles-en-Parisis - ZAC des Bois Rochefort,Electra,48.95058328553526,2.202125024408474,Cormeilles-en-Parisis,Public,6
462846,Electra - Soisy-sous-Montmorency - Auchan Soisy-sous-Montmorency,Electra,48.99060845502808,2.290691461874985,Soisy-sous-Montmorency,Public,6
462845,Electra - Sannois - Hôtel Campanile,Electra,48.98276618657184,2.2421583437535446,Sannois,Public,4
462844,Electra - Taverny - CC Les Portes de Taverny,Electra,49.01516482239154,2.222149195731731,Taverny,Public,18
462843,Electra - Taverny - Hôtel Campanile,Electra,49.015891523557485,2.218992391687607,Taverny,Public,4
462842,Electra - L'Isle-Adam - CC Grand Val,Electra,49.1254656652585,2.2469191201003014,L'Isle-Adam,Public,16
462841,Electra - Pierrelaye - B&B HOTEL Cergy,Electra,49.022732523989674,2.1411392268125837,Pierrelaye,Public,4
462840,Electra - Saint-Ouen-l'Aumône - Première Classe,Electra,49.03376871164252,2.1183220696888156,Saint-Ouen-l'Aumône,Public,6
462839,Electra - Pontoise - Campanile,Electra,49.04345178909645,2.0819680580228805,Pontoise,Public,4
462838,Electra - Osny - CC Osny 2,Electra,49.072466699374274,2.080676600093966,Osny,Public,6
462837,Electra - Osny - Marie Blachère Osny,Electra,49.05693373546404,2.033418854049046,Osny,Public,6
462836,Electra - Saint-Germain-en-Laye - Hôtel Campanile,Electra,48.905193889739735,2.05599236310195,Saint-Germain-en-Laye,Public,4
462835,Electra - Vernouillet - Centre Commercial,Electra,48.976396959938256,1.9937213825239724,Vernouillet,Public,4
462833,Electra - Aubergenville - CC Family Village,Electra,48.96402420118932,1.8594295847060494,Aubergenville,Public,8
462832,Electra - Buchelay - Del Arte,Electra,48.98659367945757,1.6781742887703786,Buchelay,Public,6
462831,Electra - La Chapelle-Saint-Mesmin - Hôtel Campanile Orléans Ouest,Electra,47.90022102525984,1.8532354419721742,La Chapelle-Saint-Mesmin,Public,4
462830,Electra - Ruaudin - CC Family Village les Hunaudières,Electra,47.94379003289632,0.23967040432341946,Ruaudin,Public,4
462828,Electra - Saint-Saturnin,Electra,48.049480192519184,0.16956131846006883,Saint-Saturnin,Public,6
462827,Electra - Rennes - Aéroport de Rennes,Electra,48.067473317125746,-1.72368555999185,Saint-Jacques-de-la-Lande,Public,9
462826,Electra - Rennes - KFC Rennes Route de Lorient,Electra,48.10845586096727,-1.7215091450541422,Rennes,Public,6
462825,Electra - Pacé - Burger King,Electra,48.14158991028589,-1.7666175787164775,Pacé,Public,4
462824,Electra - Ploermel - Del Arte,Electra,47.92120572292072,-2.3872820913641135,Ploermel,Public,4
462823,Electra - Theix-Noyalo - Hôtel Inn Design Resto Novo,Electra,47.64475073884728,-2.698833514331227,Theix-Noyalo,Public,4
462822,Electra - Lorient - Intermarché,Electra,47.76684626348006,-3.38454778359835,Lorient,Public,2
462821,Electra - Guipavas - CC Les Portes de Brest-Guipavas,Electra,48.416857618120446,-4.436112288239656,Guipavas,Public,8
462820,Electra - Gouesnou - Hôtel Première Classe,Electra,48.43205035371656,-4.462364395504665,Gouesnou,Public,4
462819,Electra - Plérin - Ibis Styles,Electra,48.53394271274527,-2.761006349726813,Plérin,Public,4
462818,Electra - Avranches - Burger King,Electra,48.691088406067536,-1.3669983706148514,Avranches,Public,4
462817,Electra - Dreux - Del Arte,Electra,48.74678447249369,1.3446847136148108,Dreux,Public,6
462816,Electra - Houssen - KFC,Electra,48.12773945749805,7.363776695681167,Houssen,Public,4
462815,Electra - Jeuxey - KFC,Electra,48.19951686139001,6.476927507586993,Jeuxey,Public,4
462814,Electra - Saint-André-les-Vergers - Boulangerie Feuillette,Electra,48.27243110291306,4.055758938103395,Saint-André-les-Vergers,Public,4
462813,Electra - Troyes Bouranton - BeGreen,Electra,48.29361697790111,4.13161086252569,Saint-Parres-aux-Tertres,Public,6
462812,Electra - Troyes - Intermarché,Electra,48.3057763038982,4.050987692937042,Troyes,Public,4
462811,Electra - Lavau - KFC,Electra,48.33043295080026,4.099651646704274,Lavau,Public,4
462810,Electra - Geispolsheim - CC La Vigie,Electra,48.533297868262025,7.694097250969207,Geispolsheim,Public,8
462809,Electra - Mundolsheim - CC Shopping Promenade,Electra,48.65083213241357,7.729685771716504,Mundolsheim,Public,8
462808,Electra - Houdemont - KFC,Electra,48.63769568698987,6.1850047385000835,Houdemont,Public,6
462807,Electra - Frouard - KFC,Electra,48.74695249677791,6.149940814663751,Frouard,Public,4
462806,Electra - Saint-Dizier - Del Arte,Electra,48.62289658398447,4.9631741578735955,Saint-Dizier,Public,4
462805,Electra - Saint-Martin-sur-le-Pré - Hôtel Kyriad,Electra,48.979352014010715,4.355010940468446,Saint-Martin-sur-le-Pré,Public,4
462804,Electra - Forbach - KFC,Electra,49.17655154449545,6.879924696193257,Forbach,Public,4
462803,Electra - Freyming-Merlebach - E.Leclerc,Electra,49.136968261811916,6.808668484799455,Freyming-Merlebach,Public,8
462802,Electra - Saint-Avold - Novotel,Electra,49.127721358910264,6.71175393144631,Saint-Avold,Public,4
462801,Electra - Woippy - Hôtel Ibis,Electra,49.150298830060194,6.1783453773769,Woippy,Public,6
462800,Electra - Hauconcourt - Novotel,Electra,49.2173671404521,6.171707768682381,Hauconcourt,Public,8
462799,Electra - Thionville - KFC,Electra,49.35640243842755,6.137276765119623,Thionville,Public,4
462798,Electra - Reims - Boulangerie Feuillette,Electra,49.21365023375938,4.014106352699855,Reims,Public,4
462797,Electra - Reims - Hôtel Mercure Parc des Expos,Electra,49.23626787894935,4.069304790024944,Reims,Public,7
462796,Electra - Reims Village - KFC,Electra,49.23917110766442,4.084900639602665,Reims,Public,4
462795,Electra - Reims - KFC La Neuvillette,Electra,49.28702758737012,4.026508531319223,Reims,Public,4
462794,Electra - Compiègne - Intermarché,Electra,49.39375193529574,2.792760394264292,Compiègne,Public,4
462793,Electra - Fitz-James - Intermarché,Electra,49.39555507592368,2.419351236978514,Fitz-James,Public,4
462792,Electra - Beauvais - Hôtel Campanile,Electra,49.40769936977861,2.1156193392375826,Beauvais,Public,4
462790,Electra - Beauvais - Del Arte,Electra,49.43715870554942,2.1130388848467874,Beauvais,Public,4
462789,PowerDot - O'Pizzicato - Wiwersheim,Power Dot,48.643705935798636,7.59907056060581,Wiwersheim,Public,4
462788,Electra - Saint-Etienne-Du-Rouvray - Kyriad,Electra,49.368818730665936,1.1108572399159584,Saint-Étienne-du-Rouvray,Public,4
462787,Lidl,Lidl,48.642122943666806,7.6005119646849835,Wiwersheim,Public,6
462786,Electra - Le Grand-Quevilly - CC Hyper U,Electra,49.41651415496685,1.0442217165310694,Le Grand-Quevilly,Public,20
462785,Electra - Gonfreville-l'Orcher - Centre commercial Océane,Electra,49.50684334308204,0.2236900577661345,Gonfreville-l'Orcher,Public,8
462784,Electra - Harfleur - Boulangerie Feuillette,Electra,49.51461157259516,0.19554032659561926,Harfleur,Public,4
462783,Electra - Roye - Intermarché,Electra,49.706560198736014,2.7753963689651755,Roye,Public,10
462782,Electra - Glisy - CC Grand A,Electra,49.866779040663545,2.378095367307651,Glisy,Public,8
462781,Electra - Dieppe - Auchan,Electra,49.90904958059221,1.0776171092577442,Dieppe,Public,12
462780,Electra - Arras - E.Leclerc,Electra,50.28128929897133,2.7810746650004603,Arras,Public,4
462779,Electra - Dainville - E.Leclerc,Electra,50.283071326185166,2.7394142432302715,Dainville,Public,4
462778,Electra - Saint-Nicolas - Hôtel Campanile,Electra,50.3073117396533,2.7809429809743733,Saint-Nicolas,Public,4
462777,Electra - Dechy - CC Le Parc du Luc,Electra,50.34267631151326,3.1067659338120848,Dechy,Public,6
462776,Electra - Noyelles-Godault - Hôtel Première Classe,Electra,50.41253032684497,2.986035878085204,Noyelles-Godault,Public,4
462775,Electra - Lesquin - Hôtel Mercure Lille Aéroport,Electra,50.583175816723696,3.0927075077844393,Lesquin,Public,8
462774,Electra - Englos - Crocodile,Electra,50.63105558265775,2.9635643155559137,Englos,Public,6
462773,Electra - Lille - Intermarché,Electra,50.642518610469864,3.012649848397018,Lille,Public,4
462772,Electra - Villeneuve-d'Ascq - Crocodile,Electra,50.64380948924838,3.146203657180763,Villeneuve-d'Ascq,Public,6
462771,Electra - Mons-en-Baroeul - Hôtel F1,Electra,50.64492798140307,3.0967712619130907,Mons-en-Baroeul,Public,4
462770,Electra - Mons-en-Baroeul - Hôtel Kyriad,Electra,50.65016895418347,3.10828739160047,Mons-en-Baroeul,Public,4
462769,Electra - Wambrechies - Volfoni,Electra,50.6856527479799,3.0624104228837723,Wambrechies,Public,4
462768,Electra - Tourcoing - Action,Electra,50.723170847779386,3.1806363703025227,Tourcoing,Public,6
462767,Electra - Bondues - Sure Hotel by Best Western Lille Tourcoing,Electra,50.722535304716985,3.1294960074308165,Bondues,Public,4
462766,Electra - Bousbecque - Intermarché,Electra,50.77013919273634,3.0834544961079473,Bousbecque,Public,4
462765,Electra - Halluin - Intermarché,Electra,50.769938069594645,3.1240298745922246,Halluin,Public,4
462744,Electra - Fouquières-lès-Béthune - Boulangerie,Electra,50.511587298815414,2.6209277841594485,Fouquières-lès-Béthune,Public,4
462743,Electra - Le Touquet-Paris-Plage - Hôtel Ibis,Electra,50.51602001141006,1.5787738531715831,Le Touquet-Paris-Plage,Public,10
462742,Electra - Calais - Burger King,Electra,50.94549670693155,1.8981091240312935,Calais,Public,4
462734,Tesla Supercharger Sévérac-d'Aveyron,Tesla (including non-tesla),44.32906284511972,3.0803441121574906,Sévérac-d'Aveyron,Public,20
462733,Tesla Supercharger Sanilhac,Tesla (including non-tesla),45.13601896888832,0.7006117079748719,Sanilhac,Public,8
462732,Tesla Supercharger Ruffec,Tesla (including non-tesla),46.03459569181399,0.18023185140600617,Ruffec,Public,12
462731,Tesla Supercharger Lagord,Tesla (including non-tesla),46.17485879524952,-1.1701379426496032,Lagord,Public,8
462729,Tesla Supercharger Porto-Vecchio,Tesla (including non-tesla),41.57086650689254,9.273782448109387,Porto-Vecchio,Public,9
462728,Tesla Supercharger Magnant,Tesla (including non-tesla),48.1807124359153,4.434366644283614,Magnant,Public,56
462727,Tesla Supercharger Les Sables-d'Olonne,Tesla (including non-tesla),46.51376963361935,-1.7770465726061957,Les Sables-d'Olonne,Public,9
462726,Tesla Supercharger Falaise,Tesla (including non-tesla),48.9073067633619,-0.2069726228851323,Falaise,Public,12
462725,Tesla Supercharger Artix,Tesla (including non-tesla),43.39285785077698,-0.5553973636018554,Artix,Public,8
462724,Tesla Supercharger Agde,Tesla (including non-tesla),43.29842920680102,3.472309232591897,Agde,Public,12
462721,Tesla Supercharger Aix-en-Provence - Beaumanoir,Tesla (including non-tesla),43.513584144104584,5.466918055071346,Aix-en-Provence,Public,12
462702,Tesla Supercharger Valence Sud - Chemin de la Sonacotral,Tesla (including non-tesla),44.90361631160624,4.879962490338016,Valence,Public,28
462696,BP Pulse Servon Eden,BP Pulse (UK),48.706346079126774,2.584012577409453,Servon,Public,8
462557,Home,(Unknown Operator),48.56675448754012,7.773804841971696,STRASBOURG,Private - Restricted Access,1
462381,Aire des mobilités C2N,(Unknown Operator),49.275855655650474,-0.38003382589545254,Douvres-la-Délivrande,Public - Membership Required,2
462378,SMC BOIS,(Unknown Operator),46.847820281,-1.4974448,Les Lucs-sur-Boulogne,Public,4
462164,Electra - Cran-Gevrier - Campanile Annecy Sud,Electra,45.90015486214571,6.10283794987879,Cran-Gevrier,Public,4
462112,PowerDot - Mathimo - Bourgoin-Jallieu,Power Dot,45.58932584841395,5.2755730109845445,Bourgoin-Jallieu,Public,4
461950,Lidl,Lidl,45.88832494901348,6.115381980711163,Annecy,Public,2
461841,Le Dôme de Mutzig,(Unknown Operator),48.53621501504051,7.45056760719126,Mutzig,Public - Membership Required,2
461662,Pôle Restauration (anciennement Flunch),eborn,45.59516163946114,5.240228750715005,Bourgoin-Jallieu,Public,2
461033,PowerDot - McDonald’s - L’Isle-d’Abeau,Power Dot,45.615166352724,5.224603272592958,L'Isle-d'Abeau,Public,20
461032,PowerDot - Satoriz - L'Isle-d'Abeau,Power Dot,45.61563916727101,5.233627586159514,L'Isle-d'Abeau,Public,4
460670,Atlante - Saint-Lô - Agneaux - Jules - Kiabi,Atlante,49.10882847171192,-1.1337047032818646,Agneaux,Public,8
460667,Atlante - Pacé - Gifi Rennes,Atlante,48.13941261636742,-1.7709339852431185,Pacé ,Public,8
460666,Atlante - Poilley - Restaurant Les Martinaises,Atlante,48.62470678839071,-1.3442508551695482,Poilley,Public,4
460626,Zunder - Kanfen,Zunder,49.43420833925279,6.111832375950712,Kanfen,Public,8
460585,Sevdec bornes,(Unknown Operator),49.65172014573827,1.2640776989376263,SAINT SAENS,Public - Membership Required,1
460462,Lidl Saint-Martin-de-Queyrières,Lidl,44.864067,6.595856,Saint-Martin-de-Queyrières,Public,3
460457,EVzen Super U,EVzen (FR),44.550781,6.489205,Embrun,Public,3
460453,EVzen Carrefour,EVzen (FR),44.385326,6.651343,Barcelonnette,Public,2
460423,PowerDot - Mr. Bricolage - Pont-l’Évêque,Power Dot,49.2844711164048,0.20341486653262564,Pont l'évêque,Public,2
460412,Intermarche Saint Georges de Mons,Izivia (Sodetrel),45.93287469643306,2.836086778693357,Saint-Georges-de-Mons,Public - Membership Required,3
460411,McDonals Mozac/Riom,Izivia (Sodetrel),45.8894610123412,3.074297409109562,Mozac,Public,2
460410,Lidl,Lidl,46.10448180621094,3.1965898518651557,Gannat,Public,4
460200,Chemin du Pontet,(Unknown Operator),45.9655947,4.9326239,Saint-Jean-de-Thurigneux,"Private - For Staff, Visitors or Customers",1
460180,Camping Les Avenières,(Unknown Operator),45.30627742763309,4.988173615043138,manthes,Public - Pay At Location,1
460062,Zunder - Genas,Zunder,45.721756287871216,4.978755489974645,Genas,Public,8
460025,La Verpillière - Parking rue Saint-Cyr Girier,eborn,45.632569206844096,5.146290228923135,La Verpillière,Public - Pay At Location,2
460023,Brando Mairie,e-motum (FR),42.77463560006339,9.474040774596148,Brandu,Public - Membership Required,2
460022,Sisco OSteria Stalla Sischese,e-motum (FR),42.80909984792709,9.484312217761016,Sisco,Public - Membership Required,2
460021,Giottanni Marine,e-motum (FR),42.86681361470323,9.341268241225748,Canari,Public - Membership Required,2
460020,Barrettalli Mairie,e-motum (FR),42.87691763990833,9.354525321784536,Barrettalli,Public - Membership Required,2
460019,Luri Spar,e-motum (FR),42.897716305708286,9.408267928435919,Luri,Public - Membership Required,2
460018,Pino Mairie,e-motum (FR),42.90868798096389,9.351766729156992,Pino,Public - Membership Required,2
460017,Centuri Hotel  Le Vieux Moulin,e-motum (FR),42.965381168204544,9.350717789882594,Centuri,Public - Membership Required,2
460016,Petreto Bicchisano Eglise,e-motum (FR),41.78740898712982,8.975015959620862,Petreto Bicchisano,Public - Membership Required,2
460015,San Gavino di Carbini,e-motum (FR),41.72124248485537,9.148239738633976,San Gavino di Carbini,Public - Membership Required,2
460014,Cozzano Place du Village,e-motum (FR),41.934857068464794,9.154763742744876,Cozzano,Public - Membership Required,2
460013,Ghisoni Place de la Mairie,e-motum (FR),42.103308102023476,9.212608209841846,Ghisoni,Public - Membership Required,2
460012,Vicario LeChalet,e-motum (FR),42.16961084106404,9.165736889123224,Vivario,Public - Membership Required,2
460011,Corte Station Vito,e-motum (FR),42.30183300494312,9.157363850175017,Corte,Public - Membership Required,1
460010,Corte Parking du Musee,e-motum (FR),42.30684588646804,9.14861294358235,Corte,Public - Membership Required,1
460009,Belgodere Spar Lozari,e-motum (FR),42.63768495004078,9.021638072338675,Belogodere,Public - Membership Required,2
460008,Monticello Parking Utile,e-motum (FR),42.63074715850689,8.949973631571652,Monticello,Public - Membership Required,2
460007,Calvi Hub Citadelle,e-motum (FR),42.56803127088787,8.758500184851329,Calvi,Public - Membership Required,4
460006,Calvi Hub Auschan,e-motum (FR),42.55448957638072,8.762171608863468,Calvi,Public - Membership Required,4
460005,Calenzana Eglise,e-motum (FR),42.508391076465244,8.85523176551419,Calenzana,Public - Membership Required,2
460004,Galeria Lieu Dit Fango,e-motum (FR),42.40157423388618,8.697529726807034,Galeria,Public - Membership Required,2
460003,Porto Ota Hotel Corsica,e-motum (FR),42.266750914293226,8.699711694329721,Ota,Public - Membership Required,2
460002,Piana Parking di Village,e-motum (FR),42.23811898374163,8.63641183338359,Piana,Public - Membership Required,2
459944,Evisa Parking de la Marie,e-motum (FR),42.25293847927844,8.795545159035214,Evisa,Public - Membership Required,2
459943,Vico Place Eglise,e-motum (FR),42.167245233837065,8.801233137918643,Vico,Public - Membership Required,2
459942,Sagone Super U,e-motum (FR),42.13033778331041,8.705412728183092,Vico,Public - Membership Required,2
459941,Peri Bar Honolulu,e-motum (FR),42.00940523900306,8.865708053299386,Peri,Public - Membership Required,2
459940,Ajaccio Santa Lina,e-motum (FR),41.907794038984065,8.679127802878895,Ajaccio,Public - Membership Required,2
459939,Ajaccio Plage Trottel,e-motum (FR),41.912712521693464,8.723938211666905,Ajaccio,Public - Membership Required,2
459938,Ajaccio Parking U Casone,e-motum (FR),41.91678611795038,8.725981754949345,Ajaccio,Public - Membership Required,2
459937,Ajaccio Castel Vecchio,e-motum (FR),41.93290420663561,8.740696724177724,Ajaccio,Public - Membership Required,2
459936,Ajaccio Rue de Magnolias,e-motum (FR),41.94408569737337,8.755252977544188,Ajaccio,Public - Membership Required,2
459905,Zunder - Quimper,Zunder,47.98083819061958,-4.075651109729193,Quimper,Public,4
459904,Ajaccio Station Total Ceccaldi,e-motum (FR),41.92842453307654,8.76496417999681,Ajaccio,Public - Membership Required,2
459903,Porticcio Super U,e-motum (FR),41.89776532970947,8.809959178454335,Grosseto Prugna,Public - Membership Required,2
459902,Porticcio Grosseto Prugna,e-motum (FR),41.89216325049958,8.805395164865843,Grosseto Prugna,Public - Membership Required,1
459901,Isolella Carrefour,e-motum (FR),41.84258391180899,8.767615866959318,Pietrosella,Public - Membership Required,2
459900,Porto Pollo Port,e-motum (FR),41.7074961116877,8.79371626917927,Serra di Ferro,Public - Membership Required,2
459899,Propriano Auchan,e-motum (FR),41.672708973817606,8.91812227442415,Propriano,Public - Membership Required,2
459898,Propriano Station Vito Di Giacomi,e-motum (FR),41.67045561283575,8.913041479299181,Propriano,Public - Membership Required,2
459897,Sartene Valinco Primeurs,e-motum (FR),41.64404222946925,8.957840887742464,Sartene,Public - Membership Required,2
459896,Bonifacio,e-motum (FR),41.39008670834235,9.164914385860357,Bonifacio,Public - Membership Required,2
459895,Bonifacio Hub Faby Noel,e-motum (FR),41.39441021405722,9.1633324671227,Bonifacio,Public - Membership Required,4
459894,Porto Vecchio HUB Auschan,e-motum (FR),41.60634260847803,9.277975319305028,Porto Vecchio,Public - Membership Required,10
459893,Super U et Drive,e-motum (FR),41.697234756326736,9.34644527279113,Zonza,Public - Membership Required,2
459886,Travu Wash,e-motum (FR),41.924143617000794,9.390342393304309,Ventiseri,Public - Membership Required,2
459885,Ghisonaccia Avenue de 9 Septembre,e-motum (FR),42.01728478479484,9.406454906005706,Ghisonaccia,Public - Membership Required,2
459884,Aleria Antiquarie Finidori,e-motum (FR),42.11297552539236,9.51143847615208,Aleria,Public - Membership Required,2
459883,Alistro Station Total,e-motum (FR),42.25911419209709,9.54698963079474,San Giuliano,Public - Membership Required,2
459882,Moriani Cala di Sognu,e-motum (FR),42.370861801486825,9.529937519745062,San Nicolao,Public - Membership Required,2
459881,Ponte Leccia Espace Maria Julia,e-motum (FR),42.46629182919514,9.208576166323951,Morosaglia,Public - Membership Required,2
459880,Folelli Leclerc,e-motum (FR),42.447944244698505,9.506595592273015,Folelli,Public - Membership Required,2
459879,Olmeta di Tuda Santo Stefano,e-motum (FR),42.600729482995746,9.359689967120488,Olmeta di Tuda,Public - Membership Required,2
459878,Biguglia Supermarket Rond Point Multari,e-motum (FR),42.594213748337154,9.436441391658036,Biguglia,Public - Membership Required,2
459877,Biguglia Camping San Damiano,e-motum (FR),42.62878923147761,9.467296697361576,Biguglia,Public - Membership Required,2
459876,Saint Florent Station Vito,e-motum (FR),42.6730568754231,9.301917079317718,Vito,Public - Membership Required,2
459861,Zunder - Freyming-Merlebach Moselle,Zunder,49.14132005652448,6.814402456299405,Freyming-Merlebach ,Public,8
459854,Le Faudé Hotel Restaurant,Qovoltis,48.152522231046476,7.169898677073775,Lapoutroie,Public,2
459443,Patrimonio Clos Santini,e-motum (FR),42.695976514170525,9.350061569626632,Patrimonio,Public - Membership Required,2
459442,Brando Mairie,e-motum (FR),42.77477383269394,9.474652319000029,Brando,Public - Membership Required,2
459441,Santa Severa Port,e-motum (FR),42.88829157718516,9.474204132206069,Santa Severa,Public - Membership Required,2
459440,Macinaggio Capitanerie du Port,e-motum (FR),42.957680236612504,9.455805277760078,Macinaggio,Public - Membership Required,2
459439,Centuri Parking Du Port,e-motum (FR),42.96441582334546,9.348147769496109,Centuri,Public - Membership Required,2
459393,Le Relais de l'Oie,(Unknown Operator),46.80252620080154,-1.1330234281748517,l'Oie,Public,3
459058,Electra - Mondeville - CC Mondevillage,Electra,49.161564778660846,-0.2997649692099458,Mondeville ,Public,12
459057,iECharge Vironvay,IECharge (FR),49.19922343356072,1.2113325447919578,Vironvay,Public,4
459056,Electra - Vaucresson - Golf du Stade Français Haras Lupin,Electra,48.84670300615116,2.159417299550796,Vaucresson,Public,4
313295,Sparklin station d'Oz,(Unknown Operator),45.12810184784374,6.070692179095204,Oz,Public - Membership Required,4
313288,Tesla Supercharger Bourges - Chemin Le Vallon,Tesla (including non-tesla),47.04687,2.34651,Bourges,Public,20
313272,Tesla Supercharger Dieppe,Tesla (including non-tesla),49.905649,1.078241,Dieppe,Public,4
313029,Tesla Supercharger Villebon-sur-Yvette,Tesla (including non-tesla),48.705649,2.2555415,Villebon-sur-Yvette,Public,16
313028,Tesla Supercharger Val-de-Reuil,Tesla (including non-tesla),49.248836,1.182803,Val-de-Reuil,Public,12
313027,Tesla Supercharger Treillières,Tesla (including non-tesla),47.279807,-1.595737,Treillières,Public,12
313026,Tesla Supercharger Terville,Tesla (including non-tesla),49.347665,6.125591,Terville,Public,16
313025,Tesla Supercharger Franconville,Tesla (including non-tesla),48.9889493,2.2085134,Franconville,Public,8
313024,Tesla Supercharger Taverny,Tesla (including non-tesla),49.0260347,2.1983852,Taverny,Public,12
313023,Tesla Supercharger Pontarlier,Tesla (including non-tesla),46.909276,6.33822,Pontarlier,Public,8
313022,Tesla Supercharger Paris Bercy,Tesla (including non-tesla),48.836884,2.3858,Paris,Public,12
313021,Tesla Supercharger Pannes,Tesla (including non-tesla),47.996029,2.673558,Pannes,Public,9
313020,Tesla Supercharger Montauban - Route de Saint-Martial,Tesla (including non-tesla),44.00491,1.382808,Montauban,Public,12
313019,Tesla Supercharger Fontaine-lès-Dijon,Tesla (including non-tesla),47.355744,5.032344,Fontaine-Lès-Dijon,Public,8
313018,Tesla Supercharger Arc-sur-Tille,Tesla (including non-tesla),47.34504,5.157345,Couternon,Public,32
313017,Tesla Supercharger Quimper,Tesla (including non-tesla),48.015633,-4.0816564,Quimper,Public,8
313006,Tesla Supercharger Colombe,Tesla (including non-tesla),45.3959321,5.4668252,Colombe,Public,12
313005,Tesla Supercharger Roanne,Tesla (including non-tesla),46.0552965,4.0643001,Riorges,Public,6
313004,Tesla Supercharger Luçon,Tesla (including non-tesla),46.46068,-1.13035,Luçon,Public,8
312974,Tesla Supercharger Auch,Tesla (including non-tesla),43.66452,0.59113,Auch,Public,8
312973,Tesla Supercharger Aire-sur-l'Adour,Tesla (including non-tesla),43.72509,-0.26733,Aire-sur-l'Adour,Public,12
312972,Tesla Supercharger Castets,Tesla (including non-tesla),43.8705161,-1.137248,Castets,Public,8
312968,Tesla Supercharger Senas,Tesla (including non-tesla),43.74040496058083,5.089416469262233,Senas,Public,23
312930,Zunder - Fleury - Restaurant Le Conquistador,Zunder,48.84209491836398,-1.251648719201711,Fleury,Public,8
312634,Zunder - Maulan - Restaurant L’Orée du Bois,Zunder,48.66147271147935,5.25575301394133,Maulan,Public,8
312449,Izivia Fast - Gaillac,Izivia (Sodetrel),43.892517537628834,1.8800327873721017,Gaillac,Public,2
312448,Electra - Gaillac - E.Leclerc,Electra,43.893287692465776,1.8806498453405425,Gaillac,Public,4
312447,"IECharge - Amilly, Loiret, Centre-Val de Loire",IECharge (FR),47.96832777308043,2.7961973776461946,Amilly,Public,4
312376,IZIVIA Express - Norauto - Brie-Comte-Robert,Izivia (Sodetrel),48.702664405018965,2.599441362796938,Brie-Comte-Robert,Public,1
312375,Allego - Léon Servon,Allego BV,48.7118226161426,2.582484280736594,Servon,Public,4
312204,Mc Do Pierrelatte ,(Unknown Operator),44.36813470572386,4.69354865320372,Drôme,"Private - For Staff, Visitors or Customers",1
312144,PowerDot - La Boucherie - Saint-Jean-de-Védas,Power Dot,43.56823289618637,3.838391171419744,Saint-Jean-de-Védas,Public,3
311756,Parc d'activités Les fontennelles 2,(Unknown Operator),48.08526633015791,-1.8368260869261803,Mordelles,Public - Pay At Location,3
311754,Parc d'activités les fontenelles 2,(Unknown Operator),48.08526633015791,-1.8368260869261803,Mordelles,Public - Pay At Location,3
311729,Rue de Nantes,Freshmile,48.09257726025376,-1.6923091985485144,Ille-et-Vilaine,Public - Pay At Location,4
311203,Sant-André-Les-Vergers (Zunder),Zunder,48.26968585797911,4.053400965409338,Troyes,Public - Membership Required,4
309192,LaBambocherie,(Unknown Operator),45.633336848513636,6.012091228474873,les déserts,Private - Restricted Access,1
308958,Clinique du Parc,Freshmile,43.635205424474606,3.8907209277668926,Castelnau Le Lez,Public - Membership Required,4
308880,Station service Intermarché,(Unknown Operator),48.897674070593894,1.868638595398437,Mareil sur Mauldre,Public - Pay At Location,2
308632,Bump - Super U - Mordelles,Bump (FR),48.07971757105983,-1.8353097695116958,Mordelles,Public,4
308240,TotalEnergies - Ets Dormoy Frères - Vesoul,TotalEnergies (FR),47.63379672538849,6.158248908759219,Vesoul,Public,4
307987,Route de Launaguet,Alizé Liberté,43.652820370363116,1.4380490809837738,Toulouse,Public - Pay At Location,4
307972,HUB Emotum - Garage Hôtel Paris XIV,Bilinmiyor,48.824668,2.323578,PARIS,Public,19
307882,Parking,(Unknown Operator),48.61336230469274,2.4815226226536424,Corbeil-Essonnes,Public - Membership Required,2
307840,Boulevard du Professeur Léopold Escande,Alizé Liberté,43.60313077874247,1.4565240318671613,Toulouse,Public - Membership Required,4
307688,Carrefour Market,Drive Eco,43.59881340450329,1.4872764946364896,Toulouse,Public - Pay At Location,10
307686,Avenue de Lasbordes,Alizé Liberté,43.59452930753446,1.4883849781172103,Toulouse,Public,4
307676,Jean Chaubet,Alizé Liberté,43.60655850970505,1.4836842833779258,Toulouse,Public,8
307659,PowerDot - Intermarché Super - Moustajon,Power Dot,42.80838149039823,0.5984854460827194,Moustajon,Public,4
307622,Atlante - Saint-Yrieix-sur-Charente - Greet Hotel Angoulême Ouest,Atlante,45.66375365015023,0.1303965503306017,Saint-Yrieix-sur-Charente,Public,8
306069,Sigeif - Avenue Alphen,Sigeif (FR),48.82550731135615,2.182783747538224,Ville-d'Avray,Public - Membership Required,2
306022,Lidl Saint-Maur,Lidl,46.786760810449294,1.659294961369369,Saint-Maur,Public,1
305907,Station multi-énergies e-Charge 50,E-Charge50 (FR),49.30268976472448,-1.211117294343694,Carentan-les-Marais,Public - Membership Required,4
305797,Izivia Fast - McDonald's - La Haye-du-Puit,Izivia (Sodetrel),49.27856068976689,-1.5403174734134382,La Haye-du-Puit,Public,2
305763,e-Charge 50 - Rue Trésor - DC,E-Charge50 (FR),49.58695446603696,-1.2673608741777969,,Public - Membership Required,2
305762,e-Charge 50 - Place Charles de Gaulle - DC,E-Charge50 (FR),49.58608582333645,-1.2640556614617253,,Public - Membership Required,2
305735,Les Zelles Parking,Ze-Watt (FR),48.0028655068331,6.893313764637014,La Bresse,Public,20
304348,Camping Bois de Valmarie,Freshmile,42.53801093267748,3.0515083841837622,Argelès-sur-Mer,Public - Membership Required,2
304347,Parking les Pingouins,Freshmile,42.56836622639145,3.0338375780607976,Argelès-sur-Mer,Public - Membership Required,6
304302,Route de Monticello,Drive Eco,42.63177685642415,8.939627565239562,Calvi,Public - Membership Required,2
304257,Lidl Carpiquet,Lidl,49.18772961304981,-0.4229004937897116,,Public - Membership Required,8
304256,PowerDot - Carrefour - Caen-Rots,Power Dot,49.1979129872644,-0.4600841309718362,Rots,Public,10
304033,Tesla Supercharger Argenton-sur-Creuse,Tesla (including non-tesla),46.57357076047106,1.502581063335498,Argenton-sur-Creuse,Public,20
303756,Izivia Fast - Mc Donald's - Cesson-Sévigné,Izivia (Sodetrel),48.113937101312615,-1.6198480584845356,Cesson-Sévigné,Public,4
303683,Freshmile/Mobilize Renault Mantes-la-Ville,Freshmile,48.9790957581036,1.6930263166763666,Mantes-la-Ville,Public - Membership Required,2
303659,iECharge Mantes-la-Ville ,IECharge (FR),48.978949173384706,1.6930580774370299,Mantes-la-Ville,Public - Membership Required,1
303363,Lidl,(Unknown Operator),43.36876195727584,5.651645453455785,Auriol,Public - Membership Required,2
302514,PowerDot - Jardiland - Saint-Lô,Power Dot,49.09892865865427,-1.0798655927339382,Saint-Lô,Public,4
302447,Izivia Fast - Mc Donald's - Cherbourg-en-Cotentin,Izivia (Sodetrel),49.60083246833787,-1.5964580624900009,Cherbourg-en-Cotentin,Public,2
302418,Route du Chenal,(Unknown Operator),46.7545782,-2.0141153,Saint-Jean-de-Monts,"Private - For Staff, Visitors or Customers",1
302218,Allego - B&M Périgueux,Allego BV,45.19407400508251,0.6616888595024193,Marsac-sur-l'Isle,Public,8
302119,Lidl Denain,Lidl,50.318002676597445,3.4086516355981757,Denain,Public - Membership Required,6
301961,Tesla Supercharger La Roche-sur-Yon,Tesla (including non-tesla),46.70121736704678,-1.4319193799655068,La Roche-sur-Yon,Public,9
301948,SDE 24 Charging Station,MObiVE,45.58969744446895,0.6738582735001728, Saint-Estèphe,Public - Pay At Location,1
301823,Tesla Supercharger Farébersviller,Tesla (including non-tesla),49.11178998626784,6.854969193472584,Farébersviller,Public,8
301681,Ionity Nieppe,Ionity,50.686677200462015,2.840260831447381,Nieppe,Public,7
301680,Ionity Vivonne,Ionity,46.43227538393626,0.26385380187446117,Vivonne,Public,7
301679,Ionity Rochefort,Ionity,45.95545871107018,-0.9778164510914849,Rochefort,Public,7
301678,Ionity Authezat,Ionity,45.64218599999603,3.1841742162442586,Authezat,Public,13
301677,Ionity Bergerac,Ionity,44.83470224877783,0.4479459814254767,Bergerac,Public,6
301621,Zunder - Aire de la Porte des Landes Est,Zunder,44.36096887544733,-0.8497229985700869,Saugnacq-et-Muret,Public,16
301614,Ionity Montelimar Ouest 2,Ionity,44.516480759493476,4.781845098263375,Allan,Public,13
301613,Ionity Montelimar Est 2,Ionity,44.514640911043955,4.783018663367216,Allan,Public,13
301611,Ionity Messancy,Ionity,49.6115941422664,5.812751273618687,Messancy,Public - Membership Required,6
301610,Ionity Burnhaupt,Ionity,47.7403306935411,7.14744200656969,Burnhaupt-le-Haut,Public,7
301609,Ionity Sierentz,Ionity,47.66686615650582,7.442130038771438,Sierentz,Public,7
301608,Ionity Lauragais,Ionity,43.40019869378892,1.7034403868464096,Villefranche-de-Lauragais,Public,7
301607,Ionity Farebersviller,Ionity,49.111212070341566,6.85833553427085,Farébersviller,Public,7
301606,Ionity Frouard,Ionity,48.74274574149317,6.1493479682463885,Frouard,Public,13
301605,Ionity Dommartin,Ionity,48.67284772955023,5.9253417508183475,Dommartin-lès-Toul,Public,13
301604,Ionity Dijon Sud,Ionity,47.27188430191717,5.04578643133857,Longvic,Public,7
301603,Ionity Hanches,Ionity,48.59413667701443,1.6776451960921577,Hanches,Public,7
301602,Ionity Val Neuvy,Ionity,48.27112941099148,1.8561942413849692,Fresnay l'éveque,Public,6
301601,Ionity Plaines de Beauce,Ionity,48.27507209603391,1.8561366058015096,Fresnay-l'Évêque,Public,6
301600,Ionity Plouer sur Rance,Ionity,48.530831102013224,-2.0127835044218045,Plouër-sur-Rance,Public,7
301599,Ionity Saint Brieuc,Ionity,48.480777515593275,-2.675170617334061,Yffiniac,Public,7
301598,Ionity Loudeac,Ionity,48.19379379677838,-2.7580381052190432,Loudéac,Public,7
301597,Ionity Le Faou,Ionity,48.29810700369464,-4.169302252427201,Le Faou,Public,7
301596,Ionity Auray,Ionity,47.66467635922933,-3.00327018768121,Auray,Public,7
301595,Ionity Herbiers,Ionity,46.904467845777674,-1.0481951509109422,Les Herbiers,Public,18
301594,Ionity La Roche sur Yon ,Ionity,46.70120612273976,-1.4308067375347946,La Roche-sur-Yon,Public,7
301593,Ionity Chaberte La Garde,Ionity,43.148836079643104,6.033392470917192,La Garde,Public,18
301592,Ionity Rousset ,Ionity,43.47144056705139,5.642953419235255,Rousset,Public,18
301591,Ionity Meyrargues,Ionity,43.632265574121845,5.493764637372237,Meyrargues,Public,14
301590,Ionity Mornas Village,Ionity,44.194852963403406,4.7325768226641,Mornas,Public,17
301589,Ionity Mornas les Adrets,Ionity,44.21663213150157,4.722997196566894,Mornas,Public,17
301588,Ionity Seyssins,Ionity,45.15989172422297,5.695970214161662,Seyssins,Public,7
301587,Ionity Saint-Chamond,Ionity,45.461230818975025,4.495436531707355,Saint-Chamond,Public,8
301586,Ionity Montmarault,Ionity,46.324444248275,2.968074945871649,Montmarault,Public,7
301585,Ionity Rouillé Sud,Ionity,46.45166431256311,-0.01772777055779784,Pamproux,Public,14
301584,Ionity Saint Junien ,Ionity,45.897834798680776,0.9197920986537156,Rochechouart,Public,7
301583,Ionity Pays de Brives Sud ,Ionity,45.16052509561641,1.4410287491096199,Saint Pantaléon de Larche,Public,10
301582,Ionity Pays de Brives Nord ,Ionity,45.1610147515548,1.4405879142454978,Saint-Pantaléon-de-Larche,Public,10
301580,Ionity Bedenac Ouest,Ionity,45.173250887864924,-0.3341644005929538,Bedenac,Public,7
301579,Ionity Rodez,Ionity,44.36924368642303,2.5860990649090354,Rodez,Public,5
301577,Ionity Agde,Ionity,43.298570636111634,3.4768670018916623,Agde,Public,11
301576,Ionity Toulouse Ouest,Ionity,43.63103775177623,1.4116466817106357,Toulouse,Public,7
301574,Ionity Mas-d’Agenais,Ionity,44.4059503049597,0.1875944158607581,Le Mas-d'Agenais,Public,9
301573,Ionity Hastingues Nord,Ionity,43.52930844961145,-1.1499993466113665,Hastingues,Public,12
301571,Ionity Hastingues Sud,Ionity,43.528699262058296,-1.1503834280051137,Hastingues,Public,12
301438,IECharge Nesle-Normandeuse,IECharge (FR),49.903960420193044,1.6781930204190871,,Public,4
301413,Bibliotheque De La Chappelle-d'Abondance,eborn,46.29514053954762,6.788354636307872,,Public,1
301315,Zunder - Aire de L´Océan Est,Zunder,43.93734887780889,-1.0894014150999283,Lesperon,Public,16
301225,Zunder - Aire de Bourges-Marmagne,Zunder,47.09580635103893,2.240979548403857,Marmagne,Public,27
301107,Zunder - Aire de L’Ocean Ouest,Zunder,43.937635693668966,-1.0924093617438757,Lesperon,Public,16
300880,Tesla Supercharger Saint-Pardoux-l'Ortigier,Tesla (including non-tesla),45.3060768173865,1.5615878844725728,Saint-Pardoux-l'Ortigier,Public,12
300878,Tesla Supercharger Gassin,Tesla (including non-tesla),43.26306780482682,6.580441469544695,Gassin,Public,8
300877,Tesla Supercharger Arès - Cap Ferret,Tesla (including non-tesla),44.77068102792265,-1.1135771505814773,Arès,Public,6
300876,Tesla Supercharger Bourg-en-Bresse,Tesla (including non-tesla),46.21743110919596,5.244004459162539,Bourg-en-Bresse,Public,3
300872,Zunder - Aire de Sarthe Touraine,Zunder,47.65075649733291,0.47015212588419786,Dissay-sous-Courcillon,Public,2
300854,Zunder - Aire de la Porte des Landes Ouest,Zunder,44.36139277597741,-0.852325308358644,Saugnacq-et-Muret,Public,16
300481,Novotel Potiers Fururoscope,Eranovum (ES),46.67058040809397,0.3622697891896678,,Public - Membership Required,4
300435,Aéroport de Cherbourg-Manche,Izivia (Sodetrel),49.64750396973531,-1.4772330791424793,Gonneville-Le Theil,Public,2
300301,Aire Val-du-Cher (Zunder),Zunder,47.301745589139244,0.8912079808515045,,Public - Membership Required,35
300284,Tesla Supercharger Aime-la-Plagne,Tesla (including non-tesla),45.55314224977943,6.645427163677169,Aime-la-Plagne,Public,16
300283,Tesla Supercharger Besançon - Rue André Breton,Tesla (including non-tesla),47.2167551472927,5.946441241037519,Besançon,Public,12
300282,Tesla Supercharger Roye,Tesla (including non-tesla),49.70941225730297,2.773411062663371,Roye,Public,32
300281,Tesla Supercharger Villabé,Tesla (including non-tesla),48.58607667699442,2.449195304561499,Villabé,Public,8
300280,Tesla Supercharger Saint-André-de-Cubzac,Tesla (including non-tesla),45.01220398859792,-0.42489529120905445,Saint-André-de-Cubzac,Public,16
300094,Tesla Supercharger Aurillac,Tesla (including non-tesla),44.90853106811113,2.42615515877651,Aurillac,Public,12
300037,Lidl,Lidl,43.82017407617596,5.79440076061627,Manosque,Public - Membership Required,2
299965,Tesla Supercharger Biguglia,Tesla (including non-tesla),42.594616252821965,9.437176207006814,Biguglia,Public,4
299964,Tesla Supercharger Ajaccio,Tesla (including non-tesla),41.95181576765407,8.7928272397902,Sarrola-Carcopino,Public,8
299963,Tesla Supercharger Briançon,Tesla (including non-tesla),44.90375637503084,6.6300590068890415,Briançon,Public,9
299962,Tesla Supercharger Villedieu-les-Poêles-Rouffigny,Tesla (including non-tesla),48.8482277565262,-1.2117329628582354,Villedieu-les-Poêles-Rouffigny,Public,16
299774,Place Michel Colucci,Freshmile,48.680587613203045,6.225200700112055,Tomblaine,Public,1
299773,Automotors Volkswagen,Freshmile,48.68961830156306,6.216148885900594,Tomblaine,Public,3
299772,Leclerc Vandoeuvre,Freshmile,48.65427483067782,6.178195993904978,Vandœuvre-lès-Nancy,Public - Membership Required,4
299771,Castorama Vandoeuvre,Shell EV Charging Solutions France,48.655237311316995,6.181326302445996,Vandœuvre-lès-Nancy,Public,25
299770,Brico Dépot,Shell EV Charging Solutions France,48.70759001258713,6.24552210096428,Essey-les-Nancy,"Private - For Staff, Visitors or Customers",10
299769,Basic Fit,Stations-e,48.70968291345639,6.244217131153249,Essey-les-Nancy,Public,1
299768,Allego - B&M Essey-Les-Nancy,Allego BV,48.71090475750509,6.247276360550245,Essey-Les-Nancy,Public,8
299767,PowerDot - Chaussea - Essey-lès-Nancy,Power Dot,48.7104909028354,6.246190137347526,Essey-lès-Nancy,Public,4
299766,PowerDot - KFC - Essey-lès-Nancy,Power Dot,48.71025194584996,6.246841331598716,Essey-lès-Nancy,Public,8
299586,Tesla Supercharger Reims - Champfleury,Tesla (including non-tesla),49.204568371826014,4.012328804627316,Champfleury,Public,26
299470,Domaine Castell de Blés,(Unknown Operator),42.5616135,2.9345256,Saint-Génis-des-Fontaines,"Private - For Staff, Visitors or Customers",1
299266,Tesla Supercharger Manosque,Tesla (including non-tesla),43.818734808788776,5.796757325524368,Manosque,Public,16
299265,Tesla Supercharger Aire de Portes-Lès-Valence Ouest,Tesla (including non-tesla),44.86494429896263,4.864773323724535,Portes-Lès-Valence,Public,16
299264,Tesla Supercharger Verniolle,Tesla (including non-tesla),43.07471430883166,1.6405907698706415,Verniolle,Public,12
299104,Boulevard de l'Écoute S'Il Pleut,SDEY (Fr),48.63487131374873,2.4246567378960435,Évry,Public,2
298882,LE CLOS GENTIANE - Gîte à partir de 1 nuit,(Unknown Operator),45.44202430197248,4.363950113390899,SAINT-ETIENNE,"Private - For Staff, Visitors or Customers",1
297888,Tesla Supercharger Saint-Pierre-d'Irube,Tesla (including non-tesla),43.482016903441405,-1.4456035789313546,Saint-Pierre-d'Irube,Public,20
297848,"La Sentinelle Du vallespir chambres D Hote, Spa Sauna",(Unknown Operator),42.520254141500004,2.7532401003728637,Vives,Public - Membership Required,1
297397,Bump - Super U - Saint-Sulpice-et-Cameyrac,Bump (FR),44.91252941728709,-0.3921229592783675,Saint-Sulpice-et-Cameyrac,Public,6
297316,Tesla Supercharger Gap,Tesla (including non-tesla),44.56958736444366,6.10452124584981,Gap,Public,8
297253,Avenue du Général de Gaulle,Electric 55 Charging (FR),48.786642333858225,2.2553329804752593,Clamart,Public - Membership Required,6
297252,Avenue Aristide Briand,Electric 55 Charging (FR),48.77967104257223,2.259590230487447,Le Plessis-Robinson,Public - Membership Required,6
297251,Avenue Charles de Gaulle,Electric 55 Charging (FR),48.78158801306739,2.2638687905856614,Le Plessis-Robinson,Public - Membership Required,6
297157,Enerstock - Leclerc - Castelnaudary,Enerstock,43.311097289747096,1.9712621574387867,Castelnaudary,Public - Membership Required,14
297075,Tesla Supercharger Varneville-Bretteville,Tesla (including non-tesla),49.64483497119997,1.0466359776061154,Varneville-Bretteville,Public,12
296972,Chemin des Mulets,(Unknown Operator),43.82475690693974,5.307003531506837,,Public - Notice Required,1
296915,Electra - A89 - Aire de Manzat (double sens),Electra,45.956737669609396,2.9890874284707536,Manzat,Public,12
296680,Tesla Supercharger Centre Tesla Aix-Marseille,Tesla (including non-tesla),43.41468012775843,5.275069190298609,Les Pennes-Mirabeau,Public,24
296603,Tesla Supercharger Saint-Chamond,Tesla (including non-tesla),45.46101389604448,4.494804964221316,Saint-Chamond,Public,12
296051,Aire de covoiturage,E-Charge50 (FR),49.510659929704474,-1.4777127364882858,Valognes,Public,1
296015,PowerDot - Mr. Bricolage - Hendaye,Power Dot,43.34955615593955,-1.7688955014286876,Hendaye,Public,2
295960,TotalEnergies - Relais de la Chaponne,TotalEnergies (FR),47.503379235528854,4.0342881094424,Guillon-Terre-Plaine,Public,7
291265,Eborn,eborn,43.756928,5.886331,Gréoux Les Bains,Public - Membership Required,1
291235,Tesla Supercharger Artenay,Tesla (including non-tesla),48.08291791975651,1.8646975588607404,Artenay,Public,28
291166,Saint Joseph - Mairie - eCharge-50,E-Charge50 (FR),49.533406575332634,-1.527501557688879,Saint Joseph ,Public - Pay At Location,2
291151,iECharge Virandeville,IECharge (FR),49.56359010975726,-1.737596106664796,Virandeville ,Public,4
290764,PowerDot - Hippo Wash - Cherbourg-en-Cotentin,Power Dot,49.60543311743575,-1.597069968599726,Cherbourg-en-Cotentin,Public,3
290723,Brico Dépôt Tourlaville - Shell,Shell EV Charging Solutions France,49.63170691100956,-1.5795835762021397,Cherbourg-en-Cotentin,Public - Membership Required,19
290277,Avenue du 14 Juillet,Shell EV Charging Solutions France,49.35447313230259,6.127798394762522,Moselle,Public,26
290149,IECharge - LE MAUPRE,IECharge (FR),49.48619149531916,-1.5346533931079591,Yvetot-Bocage,Public - Membership Required,4
290148,Electra - Tourlaville - E.Leclerc,Electra,49.63337660895101,-1.592148819332806,Tourlaville,Public,6
290145,e-Charge 50 - Port de Saint-Vaast-la-Hougue,E-Charge50 (FR),49.58966049547041,-1.2636240702346413,Saint-Vaast-la-Hougue,Public - Membership Required,2
290030,Tesla Supercharger Morlaix,Tesla (including non-tesla),48.574406823023196,-3.8532290378745984,Saint-Martin-des-Champs,Public,8
289775,ibis style carcasonne,Qovoltis,43.20752500393246,2.3725581124046755,Carcassonne,Public - Membership Required,9
289478,Electra - Saint-Pierre-d'Irube - CC Ametzondo Shopping,Electra,43.48183141976591,-1.4461134336077066,Saint-Pierre-d'Irube,Public,8
289181,Boulevard Du General Vaudein,Izivia (Sodetrel),43.54690209162942,7.0331252985726,Cannes,Public - Membership Required,1
289029,Gite La Paillote,(Unknown Operator),43.60574596932045,6.7818633245979925,Montauroux,"Private - For Staff, Visitors or Customers",1
289027,Gite La Paillote,(Unknown Operator),43.60575164845801,6.781905228306755,Montauroux ,Public - Membership Required,1
289023,Villa Font Vive,(Unknown Operator),44.442991880108764,4.333302261946528,Grospierres,"Private - For Staff, Visitors or Customers",1
288935,Alize Carwash,ChargePoint,48.18374961606355,-1.3192090076640284,Val D’Izé,Public,2
288789,Tesla Supercharger Niort Chauray,Tesla (including non-tesla),46.3401864116361,-0.3840664014404922,Chauray,Public,8
288788,Tesla Supercharger Sisteron - Val de Durance,Tesla (including non-tesla),44.236334724208945,5.913224249279438,Sisteron,Public,12
288787,Tesla Supercharger Narbonne Sud,Tesla (including non-tesla),43.16180216704211,2.9822184699447973,Narbonne,Public,20
288659,Tesla Supercharger Bourg-de-Péage,Tesla (including non-tesla),45.033201603990136,5.0518175915107975,Bourg-de-Péage,Public,12
288657,Tesla Supercharger Cherbourg,Tesla (including non-tesla),49.60267312510544,-1.6023194920137485,Cherbourg-en-Cotentin,Public,8
288656,Tesla Supercharger Epinal,Tesla (including non-tesla),48.20082184123976,6.477425397185073,Epinal,Public,8
288543,Tesla Supercharger Saint-Dié-des-Vosges,Tesla (including non-tesla),48.29335434450951,6.9365765865734375,Saint-Dié-des-Vosges,Public,12
288374,Tesla Supercharger Laval,Tesla (including non-tesla),48.09302704525686,-0.7584966716770225,Changé,Public,12
288373,Tesla Supercharger Englos,Tesla (including non-tesla),50.6297059583533,2.9709468976736275,Englos,Public,28
288372,Tesla Supercharger Saint-Dizier,Tesla (including non-tesla),48.62358256180934,4.963350636309201,Saint-Dizier,Public,6
288226,Tesla Supercharger Dunkerque,Tesla (including non-tesla),51.004983540160765,2.2809505824820064,Grande-Synthe,Public,16
288167,Tesla Supercharger Saint-Louis,Tesla (including non-tesla),47.60508606091068,7.54330629353791,Saint-Louis,Public,12
288166,Tesla Supercharger Loudéac,Tesla (including non-tesla),48.193022112285576,-2.7584390516399253,Loudéac,Public,8
285225,Tesla Supercharger Annemasse,Tesla (including non-tesla),46.1947138738887,6.255266560274322,Annemasse,Public,12
285224,Tesla Supercharger Montmarault,Tesla (including non-tesla),46.331035163350805,2.975643516408155,Sazeret,Public,16
279997,Tesla Supercharger Dinan,Tesla (including non-tesla),48.444699302169,-2.0682947016199478,Dinan,Public,16
279586,Rue Claude Sautet,Izivia (Sodetrel),48.489930495293265,-2.75790913837443,,Public,1
279570,Allego - Carrefour Mondeville,Allego BV,49.16412744777713,-0.2939687876428252,Mondeville,Public,10
279562,Allego - Au Bureau Abbeville,Allego BV,50.095813378733254,1.8685040016054018,Abbeville,Public,4
279450,Tesla Supercharger Roissy-en-France,Tesla (including non-tesla),48.985984469334596,2.511407340290276,Roissy-en-France,Public,12
279229,Tesla Supercharger Beauvais,Tesla (including non-tesla),49.40973983676341,2.113738837943714,Beauvais,Public,16
278504,Tesla Supercharger Vannes,Tesla (including non-tesla),47.677302423420144,-2.8036453175723466,Plescop,Public,12
274891,Parking du Mont Blanc,(Unknown Operator),45.57377008734056,6.8345536601857475,Bourg-Saint-Maurice,Public - Pay At Location,2
274758,Rue Gustave Eiffel,Freshmile,47.3576674268634,0.6467102586485396,Joué-lès-Tours,Public,2
274723,Lidl Charging Station,Lidl,47.34780217014163,0.6498213879140119,Joué-lès-Tours,Public,2
274721,Threeforce Charging Station,R3,47.34805418101537,0.6478244735459932,Joué-lès-Tours,Public,2
274678," SIGEIF - 37, rue de la Barre - Enghien-les-bains",Sigeif (FR),48.965270298628724,2.3153799153853925,Enghien-les-Bains ,Public - Membership Required,2
274666,Tesla Supercharger Varennes-Vauzelles,Tesla (including non-tesla),47.02467789723667,3.1472211185698598,Varennes-Vauzelles,Public,8
274439,Tesla Supercharger Deauville,Tesla (including non-tesla),49.34487209494179,0.09661532947552587,Touques,Public,12
274438,Tesla Supercharger Chasse-sur-Rhône Sud,Tesla (including non-tesla),45.57389871104945,4.811702269780739,Chasse-sur-Rhône,Public,24
274437,Tesla Supercharger Rennes Cleunay,Tesla (including non-tesla),48.10358697936297,-1.7137273667983948,Rennes,Public,20
274330,Tesla Supercharger Saint-Jean-de-Maurienne,Tesla (including non-tesla),45.26634582069727,6.3727333721197965,Saint-Jean-de-Maurienne,Public,8
273514,Ibis Budget,Izivia (Sodetrel),43.4948646955506,5.368765259911015,Aix-en-Provence,Public,6
273477,TotalEnergies - Relais les Vignobles,TotalEnergies (FR),47.3374559281628,2.926680528305951,Tracy-sur-Loire,Public,8
273456,"ZA des Sayes, l'Isle d'Abeau",(Unknown Operator),45.613198448942285,5.233410108004307,L'Isle-d'Abeau,Public,2
273415,Tesla Supercharger Boulogne-sur-Mer,Tesla (including non-tesla),50.733051750130386,1.672086014672459,Saint-Martin-Boulogne,Public,20
273413,Carrefour Energies - Ménétrol,Allego BV,45.87414886230917,3.1195391091678175,Ménétrol,Public,8
273410,PowerDot - Le Géant du Meuble - Cavagna Issoire,Power Dot,45.52053711376081,3.2593078856607463,Le Broc,Public,3
273380,Lidl,Freshmile,45.5512290371197,3.2572483291838807,Issoire,Public - Membership Required,6
273355,Maison Lassalas - Nebouzat,Freshmile,45.72844801166539,2.8992330786746834,,Public,2
273336,Rue Serge Mauroit,eborn,45.613218094657384,5.15538523215514,Villefontaine,Public - Pay At Location,2
273281,Ikea,(Unknown Operator),45.18075349531921,5.77561728070242,Saint-Martin-d'Hères,Public,1
273200,Parking Castorama,Shell EV Charging Solutions France,45.59011102439126,5.254190526555931,Bourgoin-Jallieu,Public - Pay At Location,22
272995,Rue de La Ville,(Unknown Operator),49.330938,-0.801373,,Public - Notice Required,1
272886,Route de Anse,Last Mile Solutions,45.91950500365226,4.732289217470395,,Public - Membership Required,7
272817,D 158,IECharge (FR),48.93655652365425,1.74455329123154,,Public - Membership Required,1
272816,D 838,IECharge (FR),48.54341368237007,2.0182150366555334,Dourdan,Public - Membership Required,1
272815,Route d'Ornon,IECharge (FR),45.86361147761079,3.3556299830666205,,Public - Membership Required,1
272814,TotalEnergies - Relais Limagne Sud,TotalEnergies (FR),45.850185423966735,3.406202992189037,Orléat,Public,7
272812,Rue de Cournon,Chargepoly (FR),45.73456034243563,3.148330437467507,,Public - Membership Required,4
272810,PowerDot - Sogemat Energie - Station Cournon-d’Auvergne,Power Dot,45.74487267965469,3.1769685829963237,Cournon-d'Auvergne,Public,6
272808,D 21,IECharge (FR),45.25034665337637,3.144338396897183,,Public - Membership Required,1
272807,Rue de la Gare,Freshmile,45.25355863140365,3.1966181110901744,,Public - Membership Required,1
272806,Rue de la Gare,Alizé Liberté,45.252949844064545,3.1967455039335846,,Public,1
272805,Avenue Léon Blum,eborn,45.2908888033468,3.3854089338530002,Brioude,Public - Pay At Location,1
272802,Lidl,Freshmile,45.31417277738058,3.3745003175411057,Brioude,Public - Membership Required,1
272799,Big Mat,Freshmile,45.51672782010425,2.943489853224122,,Public - Membership Required,1
272741,Lidl Teyran,Lidl,43.67242182670398,3.9130254231982917,Teyran,Public,3
272696,Hotel Sozo,(Unknown Operator),47.220008304013675,-1.5408776900608245,Nantes,"Private - For Staff, Visitors or Customers",1
272488,D 126E1,IECharge (FR),44.74505705716055,0.035182254147230196,,Public - Pay At Location,2
272485,Volkswagen Daniel Mouton,Freshmile,48.10881134229106,-1.208602775163655,Vitré,Public,3
270995,Tesla Supercharger Riom,Tesla (including non-tesla),45.89602446032339,3.137560555205823,Riom,Public,28
270907,PowerDot - Carrefour - Remiremont,Power Dot,48.004342377983505,6.612594626688178,Remiremont,Public,7
267604,Tesla Supercharger Mandelieu-la-Napoule,Tesla (including non-tesla),43.53355743062622,6.933018453504701,Mandelieu-la-Napoule,Public,28
267603,Tesla Supercharger Nantes - Atlantis,Tesla (including non-tesla),47.225851657238536,-1.6290266631706345,Saint-Herblain,Public,20
267602,Tesla Supercharger Limoges - Rue Henri Giffard,Tesla (including non-tesla),45.87057850115934,1.2682295891761726,Limoges,Public,16
267601,Tesla Supercharger Caen Saint-Contest,Tesla (including non-tesla),49.200743575077496,-0.39897467965857913,Saint-Contest,Public,12
267600,Tesla Supercharger Carcassonne,Tesla (including non-tesla),43.20619725454162,2.3107096490343793,Carcassonne,Public,28
266863,Place de la Gare,Freshmile,49.106150038632904,7.069139536172997,Sarreguemines,Public,2
266732,Tesla Supercharger Albi,Tesla (including non-tesla),43.95779046800652,2.1551912800391335,Lescure d'Albigeois,Public,12
266591,Lidl - Pleyben,Freshmile,48.21945096661014,-3.976081849913129,Pleyben,Public - Membership Required,4
266590,Lidl - Rostrenen,Freshmile,48.2442887725274,-3.30768027854117,Rostrenen,Public - Membership Required,6
266589,PowerDot - La Boucherie - Morlaix,Power Dot,48.59651112843841,-3.813568730994348,Morlaix,Public,4
266492,IECharge - Allaire,IECharge (FR),47.64897944726752,-2.215254661701266,Allaire,Public - Membership Required,4
266491,IECharge - Loché-sur-Indrois,IECharge (FR),47.05436442935033,1.2130054095258629,Loché-sur-Indrois,Public - Membership Required,4
266490,IECharge - Sainte Catherine,IECharge (FR),50.32340711253585,2.756164326719187,Sainte Catherine,Public - Membership Required,4
266489,Electra - Brive-la-Gaillarde - Hôtel Campanile,Electra,45.14605439576974,1.4748843397939027,Brive-la-Gaillarde,Public,4
266488,Ionity Brumath Bernolsheim,Ionity,48.747886156440245,7.686463660386039,Brumath,Public,7
266487,Tesla Supercharger Rodez,Tesla (including non-tesla),44.37750160502645,2.5651328331363743,Onet-le-Château,Public,6
266486,IECharge - Brou,IECharge (FR),48.22117369222718,1.16306512396568,Brou,Public - Membership Required,4
266485,IECharge - Charleval,IECharge (FR),49.379987192171,1.3725318775276492,Charleval,Public - Membership Required,4
266484,TotalEnergies - Relais de Fenioux Ouest,TotalEnergies (FR),45.89429263097185,-0.6049656965678878,Fenioux,Public,12
266483,IECharge - Saint-Victor-de-Morestel,IECharge (FR),45.69095474617782,5.4843065096986265,Saint-Victor-de-Morestel,Public - Pay At Location,4
266482,PowerDot - Intersport - Saint-Paul-lès-Dax,Power Dot,43.72523372606071,-1.0737445181086969,Saint-Paul-lès-Dax,Public,8
266481,Electra - Saint-Denis - Hôtel F1 Centre Basilique,Electra,48.93818213146784,2.3682823766530134,Saint-Denis,Public,4
266082,TotalEnergies - Relais Ile Gad,TotalEnergies (FR),49.40384440239677,1.1111048072538097,Sotteville-lès-Rouen,Public,4
266081,TotalEnergies - Relais Pont de l'Ane,TotalEnergies (FR),45.442133248806044,4.409950083578451,Saint-Etienne,Public,6
266080,IECharge - Andel,IECharge (FR),48.4798134150048,-2.527977937046842,Lourmel,Public - Membership Required,4
266079,PowerDot - Carrefour - Creil Saint-Maximin,Power Dot,49.23718023393701,2.4703147262940774,Saint-Maximin,Public,10
266078,PowerDot - Intermarché - Dax,Power Dot,43.69231293641991,-1.0504099466858179,Dax,Public,18
265885,Avia - Aire du Val Raymond,Avia (FR),48.7923142185997,1.631216319315996,Maulette,Public - Membership Required,4
265884,Electra - Saint-Magne-de-Castillon - E.Leclerc,Electra,44.85397466855133,-0.06335441418511323,Saint-Magne-de-Castillon,Public,4
265883,TotalEnergies - Relais Vidauban Nord,TotalEnergies (FR),43.41546167472734,6.451999271009868,Vidauban,Public,13
265882,Engie-Vianeo - A19 - Aire de Loiret,Engie,48.08414134512603,2.4689438141068933,Beaune-la-Rolande,Public,10
265881,Carrefour Energies - Fougères,Allego BV,48.34676300627865,-1.1810610693495391,Fougères,Public,8
265880,R3 - Norauto Semécourt,R3,49.19151479500502,6.14473478558773,Metz,Public - Membership Required,4
265879,R3 - Norauto Ecole Valentin,R3,47.28380561374266,5.994713103686848,Ecole Valentin,Public - Membership Required,2
265878,TotalEnergies - Relais Valence Dame Blanche,TotalEnergies (FR),44.940211452719666,4.907890677225595,Valence,Public,8
265877,Electra - Les Ponts-de-Cé - Hôtel Kyriad,Electra,47.43623989435952,-0.5099986730938326,Les Ponts-de-Cé,Public,4
265876,R3 - Norauto Laxou ,R3,48.69350441767975,6.127746974823253,Laxou,Public - Membership Required,4
265875,TotalEnergies - Relais de Brabois,TotalEnergies (FR),48.652638578542366,6.150531749029028,Vandœuvre-lès-Nancy,Public,6
265874,PowerDot - Carrefour - Essey-lès-Nancy,Power Dot,48.705204429163985,6.24376113743142,Essey-lès-Nancy,Public,10
265873,Electra - Bron - Hôtel Ibis Lyon Est,Electra,45.746721659205406,4.905691768221914,Bron,Public,4
265872,PowerDot - Ibis Budget - Issoire,Power Dot,45.551627495385105,3.2708693611696162,Issoire,Public,6
265854,EVZen - Netto Argelès-Gazost,EVzen (FR),43.00022255126433,-0.09590188803576893,Argelès-Gazost,Public - Membership Required,2
265853,PowerDot - Intermarché - Isneauville,Power Dot,49.50081600251079,1.1536407435833098,Isneauville,Public,8
265852,PowerDot - Ibis Budget - Isneauville,Power Dot,49.49041916257411,1.1445476291077057,Isneauville,Public,6
265851,TotalEnergies - Relais de Trémentines,TotalEnergies (FR),47.13527919170244,-0.8261475274719032,Trémentines,Public,14
265850,Engie-Vianeo - A8 - Aire de la Via Julia Augusta,Engie,43.754322393750925,7.398355963516906,La Turbie,Public,12
265849,Electra - Drumettaz-Clarafond - E.Leclerc,Electra,45.655403048420254,5.912900750763129,Drumettaz-Clarafond,Public,9
265848,TotalEnergies - Relais Varades Pays d'Ancenis,TotalEnergies (FR),47.418558810078025,-1.0171754726844142,Varades,Public,8
265847,PowerDot - Super U - Valdahon,Power Dot,47.149968992094585,6.337392166962786,Valdahon,Public,6
265846,Carrefour Energies - Uzès,Allego BV,43.989907307169034,4.429190529907601,Uzès,Public,6
265808,Ikea,Izivia (Sodetrel),48.82847672472471,1.9668574849329161,Plaisir,Public - Membership Required,6
265807,Ikea,Izivia (Sodetrel),48.82787826718362,1.9684449585887478,Plaisir,Public - Membership Required,18
265670,Tesla Supercharger Évry-Courcouronnes,Tesla (including non-tesla),48.6158833671592,2.423809536543331,Évry-Courcouronnes,Public,8
265550,Zunder - Aire du Pays d´Argentan,Zunder,48.72299331306303,-0.05633422592586612,Écouché-les-Vallées,Public,12
265248,PowerDot - Hôtel Restaurant Les Genêts - Bayonne,Power Dot,43.46474912811874,-1.4956156242881207,Bayonne,Public,4
265247,Freshmile - Bayonne,Freshmile,43.48588008496259,-1.4705593957912129,Bayonne,Public - Membership Required,4
265246,TotalEnergies - Relais Bidart Est,TotalEnergies (FR),43.42261576105358,-1.5966864390590843,Bidart,Public,4
265245,TotalEnergies - Relais Bidart Ouest,TotalEnergies (FR),43.42278648272864,-1.5990899740759232,Bidart,Public,4
265244,Norauto St Martin Boulogne,Last Mile Solutions,50.73354189237412,1.6774193396536248,Saint-Martin-Boulogne,Public,4
265175,IECharge - Saint-Léon-sur-l'Isle,IECharge (FR),45.12048008932203,0.4828769601724616,Saint-Léon-sur-l'Isle,Public - Membership Required,4
265174,IECharge - Orignolles,IECharge (FR),45.20462916943666,-0.21802814422196093,Orignolles,Public - Membership Required,4
265173,IECharge - Champniers,IECharge (FR),45.694887666647645,0.18764040360505874,Champniers,Public - Membership Required,4
265172,IECharge - Piffonds,IECharge (FR),48.047556882260494,3.1632141875613797,Piffonds,Public - Membership Required,4
265171,IECharge - Dormans,IECharge (FR),49.061547831441175,3.6133440135137107,Dormans,Public - Membership Required,4
265170,IECharge - Méru,IECharge (FR),49.21536913317925,2.12764650287275,Méru,Public - Membership Required,4
265169,IECharge - Rue,IECharge (FR),50.263812175137616,1.69233470765991,Rue,Public - Membership Required,4
265167,IECharge - Couleuvre,IECharge (FR),46.67578922857709,2.897076978931409,Couleuvre,Public - Membership Required,4
265166,IECharge - Rambervilliers,IECharge (FR),48.36174987663253,6.6241318233579705,Rambervilliers,Public - Membership Required,4
265165,IECharge - Hambach,IECharge (FR),49.052887629022706,7.04916828921489,Hambach,Public - Membership Required,4
265164,TotalEnergies - Relais La Courneuve Est,TotalEnergies (FR),48.933836892633906,2.3913679592769768,La Courneuve,Public,7
265161,EVZen Hôtel Lacour - Eygliers,EVzen (FR),44.674400955351786,6.61689326468894,Eygliers,Public - Membership Required,2
265158,PowerDot - Mr. Bricolage - Saint-Romain-de-Colbosc,Power Dot,49.52817545933266,0.34341847877146847,Saint-Romain-de-Colbosc,Public,4
265157,PowerDot - Mr. Bricolage - Lillebonne,Power Dot,49.521810017071516,0.5305907430129082,Lillebonne,Public,6
265156,IECharge - Saint-Hilaire-du-Hercouët,IECharge (FR),48.57379278873671,-1.1147550398452495,Saint-Hilaire-du-Hercouët,Public - Membership Required,4
265155,EVZen Norauto - Villars,EVzen (FR),45.46954511777636,4.344030900550251,Villars,Public - Membership Required,4
265154,R3 Norauto - Colmar,R3,48.10697849470503,7.363043087703659,Colmar,Public - Membership Required,2
265151,R3 Norauto - Illzach,R3,47.77107485577079,7.388390776315305,Illzach,Public - Membership Required,4
265150,TotalEnergies - Relais Urvillers,TotalEnergies (FR),49.78588747492023,3.3350689947424144,Urvillers,Public,4
264510,R3 Norauto - Sélestat,R3,48.28046275687487,7.462172900884639,Sélestat,Public - Membership Required,2
264509,PowerDot - Parc Commercial de la Jaufertie - Soyaux,Power Dot,45.638093437128504,0.20567276576275617,Soyaux,Public,16
264508,R3 Norauto - Montbéliard,R3,47.50099135413549,6.812531407505503,Montbéliard,Public - Membership Required,2
264507,PowerDot - Brit Hôtel - Tours,Power Dot,47.424787678062444,0.6999828133350547,Tours,Public,6
264506,Shell Recharge - Aire de Terres de Graves Nord,Shell Recharge Solutions (US),44.64609216760283,-0.43444630075805435,Saint-Michel-de-Rieufret,Public - Membership Required,6
264505,IECharge - Os-Marsillon,IECharge (FR),43.3888544328486,-0.5954675998693801,Os-Marsillon,Public - Membership Required,4
264504,IECharge - Ponchâteau,IECharge (FR),47.43293778584817,-2.0969641236125653,Pontchâteau,Public - Membership Required,4
260529,IECharge - Hagetmau,IECharge (FR),43.65461517591211,-0.5666264238335259,Hagetmau,Public - Membership Required,4
260526,TotalEnergies - Bourbon L'archambault,TotalEnergies (FR),46.584842241878164,3.0724131278102504,Bourbon L'archambault,Public,4
260525,IECharge ,IECharge (FR),46.57971262485003,3.0642548322567507,Bourbon l'Archimault,Public - Membership Required,4
260524,Electra - Saint-Égrève - BUT,Electra,45.21651981656839,5.681796166219101,Saint-Égrève,Public,4
260523,EVZen Norauto - Saint Priest,EVzen (FR),45.71996302273644,4.92704804517723,Saint-Priest,Public - Membership Required,4
260522,Electra - Cauneille - Intermarché,Electra,43.54385373250068,-1.0754731298018214,Cauneille,Public,4
260521,TotalEnergies - Relais Bruyères Paisy,TotalEnergies (FR),45.80934582676855,4.769005470224954,Dardilly,Public,4
260514,TotalEnergies - Relais Neuilly-sur-Marne,TotalEnergies (FR),48.85542777060263,2.52506299247716,Neuilly-sur-Marne,Public,8
260513,IECharge - Saint-Pierre-le-Moûtier,IECharge (FR),46.79769723536867,3.1103279743219616,Saint-Pierre-le-Moûtier,Public - Membership Required,4
260512,Electra - Croix - CC Gare de Croix - Wasquehal,Electra,50.67857526466784,3.140439692031123,Croix,Public,4
260510,TotalEnergies - Relais Porte de Corrèze,TotalEnergies (FR),45.5411107232689,1.5097211830041033,Masseret,Public,8
260506,Electra - Niort - E.Leclerc Centre,Electra,46.33062495810242,-0.4691516894646952,Niort,Public,6
260308,TotalEnergies - Relais les Pyrenées,TotalEnergies (FR),43.22947071537075,-0.07861323662245923,Ger,Public,8
260251,PowerDot - Ibis - Saint-Malo,Power Dot,48.62563830249525,-1.9900706266366797,Saint-Malo,Public,6
260250,Izivia Norauto - Saint-Malo,Izivia (Sodetrel),48.625817946174806,-1.990648607845145,Saint-Malo,Public - Membership Required,4
260249,PowerDot - Carrefour - Grosbliederstroff,Power Dot,49.135792147985285,7.043536070201071,Grosbliederstroff,Public,6
260248,EVZen Norauto - Bourges,EVzen (FR),47.11032485406645,2.378286184348383,Bourges,Public - Membership Required,2
260246,R3 Norauto - Forbach,R3,49.172908177478604,6.878775983982564,Forbach,Public - Membership Required,2
260244,Carrefour Energies - Chartres,Allego BV,48.45022857727977,1.5184282369632456,Chartres,Public,10
260243,Carrefour Energies - Besançon Valentin,Allego BV,47.28191679144723,5.993346911447105,Ecole-Valentin,Public,8
260242,R3 Norauto - Augny,R3,49.0803804327243,6.109477386650099,Augny,Public - Membership Required,4
260200,Carrefour Energies - Chalon Nord,Allego BV,46.79853987506874,4.847963372155618,Chalon-sur-Saône,Public,8
260198,Carrefour Energies - Villiers-en-Bière,Allego BV,48.50110709244109,2.582081880300734,Villiers-en-Bière,Public,10
260197,IECharge - Winnezeele,IECharge (FR),50.83312518160909,2.543018969025667,Winnezeele,Public - Membership Required,4
260178,Ionity Corbières Nord,Ionity,43.178045789891115,2.542796879350334,Capendu,Public,9
260142,Vinci - Corbières Sud,(Unknown Operator),43.1768704126097,2.541814267018907,Capendu,Public - Membership Required,1
260133,Ionity Corbières Sud,Ionity,43.17688838150832,2.5419438581278087,Capendu,Public,14
260121,Lidl - Brem sur Mer,Freshmile,46.602470738876406,-1.8290241696851126,Brem sur Mer,Public - Membership Required,4
260120,Lidl - Saint-Giles-Croix-de-Vie,Freshmile,46.6949626209238,-1.9118649205948373,Saint-Giles-Croix-de-Vie,Public - Membership Required,4
260119,Lidl - Graulhet,Freshmile,43.76819656356025,1.9794089019735281,Graulhet,Public - Membership Required,2
260118,Lidl - Albi,Freshmile,43.918738598894976,2.1262705032224005,Albi,Public - Membership Required,6
260117,Lidl - Figeac,Freshmile,44.60364835655494,2.012575791979714,Figeac,Public - Membership Required,2
260116,Lidl - Caussade,Freshmile,44.14743128099789,1.5231966431286423,Caussade,Public - Membership Required,6
260115,Lidl - Villeneuve Sur Lot,Freshmile,44.40939053540157,0.7385702050349892,Villeneuve-sur-Lot,Public - Membership Required,4
260114,Lidl - Condom,Freshmile,43.9506817559091,0.3706867892773289,Condom,Public - Membership Required,4
260113,Lidl - Mirande,Freshmile,43.50875098120741,0.4007114040078079,Mirande,Public - Membership Required,4
260112,Lidl - Auch,Freshmile,43.66524322988437,0.6002243105069454,Auch,Public - Membership Required,8
259831,DiosHotel,(Unknown Operator),43.720450169609336,1.3962718678571946,Bruguières,Public - Membership Required,4
259720,PowerDot - Ibis Styles - Avignon Sud,Power Dot,43.92639885970391,4.842955836315468,Avignon,Public,6
259719,Dream Energy - Meylan,Dream Energy,45.20874998368279,5.790656420394242,Meylan,Public - Membership Required,4
259717,TotalEnergies - Relais Lormont,TotalEnergies (FR),44.873574100172505,-0.507307466304951,Lormont,Public,2
259716,Bump - Campanile Lyon Part Dieu,Bump (FR),45.760437103960356,4.863414654802455,Lyon,Public,8
259715,Atlante - Provins - Riester Peugeot Citroën DS,Atlante,48.554158622224065,3.2869031661666384,Provins,Public,4
259714,PowerDot - Intermarché - Yvrac,Power Dot,44.8706420902497,-0.46920823658660993,Yvrac,Public,4
259602,Tesla Supercharger Le Bosc,Tesla (including non-tesla),43.688343662582184,3.354387247596378,Le Bosc,Public,24
259579,Tesla Supercharger Le Touquet-Paris-Plage,Tesla (including non-tesla),50.521164398853074,1.5986900561422317,Le Touquet-Paris-Plage,Public,12
259549,SDET - Lagrave,Bilinmiyor,43.889828794523936,1.9724668627370647,Lagrave,Public - Membership Required,2
259548,SDET - Saint Germain des Prés,SDET (FR),43.56176863941653,2.0664959089115484,Saint Germain des Prés,Public - Membership Required,2
259546,TotalEnergies - Relais Agen Porte d'Aquitaine,TotalEnergies (FR),44.199674019267434,0.507534218996966,Sainte-Colombe-en-Bruilhois,Public,20
259545,TotalEnergies - Relais Bois de Dourre,TotalEnergies (FR),44.23197377404014,1.5292711582559662,Montalzat,Public,8
259437,Révéo - Cahors - Carrefour Regourd,Révéo (FR),44.46778373519598,1.4274517529124466,Cahors,Public,2
259435,Fastned - Aire de Jardin des Causses du Lot,FastNed,44.65804476540501,1.5679157234351067,Coeur-de-Causse,Public,8
259431,Norauto R3 - Dijon,R3,47.357674399693394,5.047355906619231,Dijon,Public - Membership Required,2
259430,TotalEnergies - Relais Saverne Monswiller,TotalEnergies (FR),48.75980531328207,7.3625091604666295,Eckartswiller,Public,8
259429,TotalEnergies - Relais Saverne Eckartswiller,TotalEnergies (FR),48.76206264484421,7.365150907699558,Eckartswiller,Public,8
259427,Norauto R3 - Loos,R3,50.613984642611655,3.0024414395452936,Loos,Public - Membership Required,2
259426,Aire de Porte d'Angers (sens Le Mans -> Angers),Avia (FR),47.50135909177777,-0.48958877251675403,Angers,Public - Membership Required,8
259307,Tesla Supercharger Nîmes - Carré Sud,Tesla (including non-tesla),43.80790081628237,4.363615923651082,Nîmes,Public,28
259242,Tesla Supercharger Angers Espace Anjou,Tesla (including non-tesla),47.46674593577495,-0.5246716398660283,Angers,Public,12
259241,Tesla Supercharger Marseille La Valentine,Tesla (including non-tesla),43.29429818420857,5.479902606855859,Marseille,Public,12
259216,Tesla Supercharger Béziers,Tesla (including non-tesla),43.33586524146253,3.2840702507043034,Villeneuve-lès-Béziers,Public,24
258986,PowerDot - Carrefour Market - Salles,Power Dot,44.54685531891167,-0.8736685676785783,Salles,Public,4
258985,PowerDot - Mr. Bricolage - Lanester,Power Dot,47.774203013183865,-3.3421346590861276,Lanester,Public,4
258984,Carrefour Energies - Tourville-la-Rivière,Allego BV,49.32895121711445,1.0976672231402063,Tourville-la-Rivière,Public,10
258983,Carrefour Energies - Athis-Mons,Allego BV,48.71140683169742,2.372291842604568,Athis-Mons,Public,10
258982,Carrefour Energies - Perpignan Claira,Allego BV,42.774317041280625,2.914463019570917,Claira,Public,10
258981,PowerDot - Super U - Les Achards,Power Dot,46.60816878727974,-1.662599405449555,Les Achards,Public,6
258980,Avia - Aire de Salbris Theillay,Avia (FR),47.348026459373415,2.0482480860837313,Theillay,Public - Membership Required,8
258977,Avia - Aire de Salbris-la-Loge,Avia (FR),47.348742687154754,2.0503384735380905,Theillay,Public - Membership Required,8
258976,TotalEnergies - Relais de Graincourt,TotalEnergies (FR),50.12401551279862,3.0902980771569446,Havrincourt,Public,4
258975,TotalEnergies - Relais Erbrée,TotalEnergies (FR),48.08994665864839,-1.0987327112526373,Erbrée,Public,4
258974,TotalEnergies - Relais Mondevert,TotalEnergies (FR),48.08926976728543,-1.0978208527501465,Mondevert,Public,4
258973,Ionity Gourdan Poligan,Ionity,43.061647173535334,0.5896329429529032,Gourdan-Poligan,Public,5
258763,PowerDot - Netto - Saint-Quentin,Power Dot,49.82960172307213,3.3075248556358474,Saint-Quentin,Public,6
258762,PowerDot - Intermarché Super - Saint-Quentin,Power Dot,49.851616765446636,3.26381925257067,Saint-Quentin,Public,10
258761,PowerDot - Intermarché Super – Balma,Power Dot,43.61468838377337,1.4883824769745218,Balma,Public,10
258760,Electra - Toulouse - Carrefour Market Minimes,Electra,43.62728969199736,1.4322819874483912,Toulouse,Public,4
258759,IECharge - Route du Revolon,IECharge (FR),45.807130129328755,5.40592981445343,Montalieu-Vercieu,Public - Membership Required,4
258758,Izivia Norauto - Rue de l'Artisanat,Izivia (Sodetrel),49.095853596819126,1.4665406523245679,Vernon,Public - Membership Required,2
258757,Izivia Norauto - Boulevard de Normandie,Izivia (Sodetrel),49.53422490277222,0.9687571028272259,Barentin,Public - Membership Required,2
258756,Izivia Norauto - Avenue du Maréchal Foch,Izivia (Sodetrel),49.52958311912238,0.1894276598375768,Montivilliers,Public - Membership Required,3
258755,Carrefour Energies - Nevers,Allego BV,46.997300029603025,3.106853556073247,Nevers,Public,8
258743,Carrefour Energies - Angoulins,Allego BV,46.1111011038295,-1.1032800184764255,Angoulins,Public,10
258742,ChargeGuru - BMW Mini - La Rochelle,ChargeGuru,46.1796417922653,-1.1048044305300664,La Rochelle,Public - Membership Required,2
258741,IECharge - Aubigné sur Layon,IECharge (FR),47.20599693424012,-0.4700404723015481,Aubigné sur Layon,Public - Membership Required,4
258740,IECharge - Avrillé,IECharge (FR),47.518937595466184,-0.6031521177429795,Avrillé,Public - Membership Required,4
258739,Electra - Angers - Hôtel Novotel Lac de Maine,Electra,47.46848040849059,-0.5934503731248526,Angers,Public,4
258577,Tesla Supercharger Beynost,Tesla (including non-tesla),45.823783693392244,4.997707812915678,Beynost,Public,16
258489,Dream Energy - Meyreuil 2,Dream Energy,43.490697253438725,5.531337462811109,Meyreuil,Public - Membership Required,4
258488,Dream Energy - Meyreuil,Dream Energy,43.49608738299224,5.522592340391952,Meyreuil,Public - Membership Required,4
258211,Dream Energies - Meyreuil,Dream Energy,43.622855541048665,7.069506733043454,Biot,Public - Membership Required,6
258210,EVZen - Norauto Vigen,EVzen (FR),45.77974474603377,1.3087362307062165,Le Vigen,Public - Membership Required,4
258209,Ionity Seclin,Ionity,50.548611535384936,3.0532265991380427,Seclin,Public,13
258208,Engie-Vianeo - A1 - Aire de Coeur des Hauts de France Ouest,Engie,49.886846320078234,2.8375305592728637,Assevillers,Public,20
258207,Carrefour Energies - Saint-Pol-sur-Mer,Allego BV,51.02272873282743,2.335005046847755,Dunkerque,Public,10
258206,Fastned - Aire de Loisy,FastNed,48.86059190538444,6.091356828506491,Loisy,Public,8
258205,Ionity Pamiers,Ionity,43.074898521739755,1.6412556339903404,Delta,Public,7
258204,Carrefour Energies - Liévin,Allego BV,50.421154606415,2.769493129314583,Liévin,Public,6
258203,Carrefour Energies - Mont-Saint-Aignan,Allego BV,49.471385602886244,1.0939979550253156,Mont-Saint-Aignan,Public,10
258202,Atlante - Arques - CCV Saint-Omer,Atlante,50.731601671272756,2.278005052706817,Arques,Public,4
258199,Atlante - Saint-Memmie - Av. Président Roosevelt,Atlante,48.944991611053524,4.382471401931184,Sainte-Memmie,Public,8
258198,Fastned - Aire de La Maxe,FastNed,49.15046725859338,6.18457017422125,La Maxe,Public,16
258196,e-Vadea - Aire de la Riviera Française,e-Vadea,43.75354590576143,7.420024871385294,Beausoleil,Public,10
258195,PowerDot - Super U - Lubersac ,Power Dot,45.43714964061596,1.3975475107613988,Lubersac,Public,4
258194,Carrefour Energies - Reims Cernay,Allego BV,49.26030327287481,4.0660212522655,Reims,Public,10
257240,Lidl - Pontorson,Freshmile,48.55867991717767,-1.4919387387114966,Pontorson,Public - Membership Required,6
257228,PowerDot - Super U - Eaunes,Power Dot,43.418782865212194,1.3724870757966983,Eaunes,Public,8
257204,Lidl - Flers,Freshmile,48.73525419187678,-0.5749911494165758,Flers,Public - Membership Required,8
257203,Lidl - Vire-Normandie,Freshmile,48.85676885869577,-0.8783998398644144,Vire-Normandie,Public - Membership Required,4
257202,Lidl - La Colombe,Freshmile,48.849838151134975,-1.211113417045226,La Colombe,Public - Membership Required,2
257201,Lidl - Valognes,Freshmile,49.51360961693004,-1.481694849267285,Valognes,Public - Membership Required,4
257200,Lidl - Agneaux,Freshmile,49.110841213340734,-1.1322833745776109,Agneaux,Public - Membership Required,2
257199,Lidl - Lessay,Freshmile,49.212727385144916,-1.526496017886359,Lessay,Public - Membership Required,2
257198,Lidl - Brannec,Freshmile,47.52175986769939,-2.7833247222865225,Brannec,Public - Membership Required,2
257197,Lidl - Trégunc,Freshmile,47.85639145327508,-3.8583067657371544,Trégunc,Public - Membership Required,4
257196,Lidl - Plomeur Pendreff,Freshmile,47.81988939499564,-4.286935586564766,Plomeur,Public - Membership Required,6
257195,Lidl - Douarnez Toubalan,Freshmile,48.089408530872475,-4.348881231782286,Douarnenez Toubalan,Public - Membership Required,4
257194,Lidl - Châteaulin,Freshmile,48.211426050995726,-4.056911048852044,Châteaulin,Public - Membership Required,4
256995,Chemin de la Gagea,(Unknown Operator),44.150495436875055,2.990350189773418,SAINT-Beauzély,"Private - For Staff, Visitors or Customers",1
256991,Chargepoint - Bellevigny,ChargePoint,46.77609891430603,-1.429250974386548,Bellevigny,Public - Membership Required,10
256990,IECharge - La Roche sur Yon,IECharge (FR),46.63370771392442,-1.4131759891395177,La Roche-sur-Yon,Public - Membership Required,4
256989,Lidl - La Roche sur Yon,Freshmile,46.64672474820031,-1.4347475256293478,La Roche-sur-Yon,Public - Membership Required,4
256988,SGA Industries - Garage Phelippeau - La Roche-sur-Yon,(Unknown Operator),46.65353070635359,-1.4443970741411647,La Roche-sur-Yon,Public,4
256987,Ouest Charge - Les Sables d'Olonne,Ouest Charge,46.51701736696188,-1.753183626982974,Les Sables-d'Olonne,Public - Membership Required,4
256986,Allego - Aire de Chavagnes A83,Allego BV,46.87332152707219,-1.283006886690373,Châvagnes-en-Paillers,Public,10
256985,Allego - Aire de Les Brouzils A83,Allego BV,46.879222486284135,-1.2908697386878885,Brouzils,Public,10
256947,TotalEnergies - Relais Clair Bois,TotalEnergies (FR),48.7803295567536,2.173464783759073,Jouy-en-Josas,Public,4
256865,IECharge - Glonville,IECharge (FR),48.46434952114541,6.704393592881274,Glonville,Public - Membership Required,4
256861,e-Vadea - La Palme - A9 La Palme Ouest,e-Vadea,42.94918753051732,2.969077698270439,La Palme,Public,8
256859,PowerDot - Carrefour - Wattignies,Power Dot,50.59332916912538,3.0536140771430382,Wattignies,Public,10
256858,TotalEnergies - Relais SAS Connect Automobile - Mantes-la-Ville,TotalEnergies (FR),48.98164700919409,1.7198114311027837,Mantes-la-Ville,Public,4
256857,e-Vadea - Saugon - A10 Terres de l'Estuaire,e-Vadea,45.18881310438883,-0.4903307767496017,Saugon,Public,10
256856,Driveco - ByMyCar Volkswagen Le Coteau,Drive Eco,46.02014969938352,4.09292845653016,Le Coteau,Public - Membership Required,2
256854,Driveco - Roanne,Drive Eco,46.04303555159561,4.082986774113152,Roanne,Public - Membership Required,10
256853,IECharge - Roanne,IECharge (FR),46.05383603377527,4.096220838624191,Roanne,Public - Membership Required,4
256852,Carrefour Energies - Mably,Allego BV,46.06636020925785,4.0588438165463,Mably,Public,8
256851,EVzen Norauto - Mably,EVzen (FR),46.067266073982864,4.057549377875034,Mably,Public - Membership Required,6
256850,EVZen Norauto - Montauban,EVzen (FR),44.03830420065586,1.3836174259091933,Montauban,Public - Membership Required,6
256849,PowerDot - KFC - Saint-Étienne Meons,Power Dot,45.4552477433966,4.414324631377809,Saint-Étienne,Public,6
256848,R3 - Sin-Le-Noble,R3,50.34153759661643,3.100721997538699,Sin-le-Noble,Public - Membership Required,2
256684,Has To Be - BMW Mercure Automobiles Alençon,IECharge (FR),48.454515660687434,0.11839444302955826,Valframbert,Public - Membership Required,8
256681,IECharge  - Caumont-sur-Aure,IECharge (FR),49.08858532565688,-0.8230243587935604,Caumont sur Aure,Public - Membership Required,4
256571,PowerDot - Intermarché - Aigrefeuille-sur-Maine,Power Dot,47.08268741306392,-1.4111603938231383,Aigrefeuille-sur-Maine,Public,4
256570,IECharge - Gétigné,IECharge (FR),47.0761406884713,-1.2342912161118136,Gétigné,Public - Membership Required,4
256569,IECharge - Carquefou,IECharge (FR),47.28620376350105,-1.4746572454981788,Carquefou,Public - Membership Required,4
256568,PowerDot - Intermarché - Isigny-sur-Mer,Power Dot,49.31308660613416,-1.098523685702446,Isigny-sur-Mer,Public,6
256567,Freshmile - Bricquebec-en-Cotentin,Freshmile,49.47623807222786,-1.620763594068137,Bricquebec,Public - Membership Required,4
256566,IECharge - Périers,IECharge (FR),49.1940756451433,-1.400526249519828,Périers,Public - Membership Required,4
256565,SDE - Messei,Ouest Charge,48.710891767923414,-0.5368257645369283,Messei,Public - Membership Required,2
256564,Freshmile - La Ferté-Macé,Freshmile,48.58793130921049,-0.35961862661639543,La Ferté-Macé,Public - Membership Required,6
256563,IECharge - Domfront,IECharge (FR),48.595790964617265,-0.6234148211153752,Domfront en Poiraie,Public - Membership Required,4
256533,Carrefour Energies - Avranches,Allego BV,48.654184750556794,-1.3494278343770247,Avranches,Public,10
256528,IECharge - Maen Roch,IECharge (FR),48.41802438341341,-1.3873415763179082,Maen Roch,Public - Membership Required,4
256513,IECharge - Sablé-sur-Sarthe,IECharge (FR),47.83457674329554,-0.357667281888439,Sablé-sur-Sarthre,Public - Membership Required,4
256508,PowerDot - Bricomarché - Ernée,Power Dot,48.29369482316187,-0.9149204370164625,Ernée,Public,4
256507,IECharge - Vitré,IECharge (FR),48.12785733000615,-1.2396845588368421,Vitré,Public - Membership Required,4
256504,IECharge - Saint-Père-en-Retz,IECharge (FR),47.203994718231314,-2.0561329994898188,Saint-Père-en-Retz,Public - Membership Required,4
256484,PowerDot - Centre Commercial les Eléis - Cherbourg-en-Cotentin,Power Dot,49.635603680224165,-1.6191412232008986,Cherbourg-en-Cotentin,Public,4
256483,Lidl - Malestroit,Freshmile,47.809007567851296,-2.394038861194076,Malestroit,Public - Membership Required,2
256482,Freshmile - Ploërmel,Freshmile,47.91647104671492,-2.383708795884445,Ploërmel,Public - Membership Required,2
256481,IECharge - Noyal-Pontivy,IECharge (FR),48.06846869689113,-2.855302872558269,Noyal-Pontivy,Public - Membership Required,4
256480,IECharge - Baud,IECharge (FR),47.87861569144229,-3.0389170481038263,Baud,Public - Membership Required,4
256479,Lidl - Guidel,Freshmile,47.799547457735116,-3.476634183871397,Guidel,Public - Membership Required,6
256478,PowerDot - Intermarché - Bannalec,Power Dot,47.926313501547355,-3.7045600500864566,Bannalec,Public,4
256477,Carrefour Energies - Quimper,Allego BV,47.98398056187537,-4.108652194999422,Quimper,Public,8
256476,Lidl - Plabennec,Freshmile,48.49339455015931,-4.433303847737079,Plabennec,Public - Membership Required,6
256475,IECharge - Saint - Rénan,IECharge (FR),48.43574449060611,-4.642557265530826,Saint-Rénan,Public - Membership Required,4
256474,Carrefour Energies - Brest,Allego BV,48.387214328667426,-4.526308761245332,Brest,Public,10
256473,Lidl - Landivisiau,Freshmile,48.51447590292031,-4.054771492531529,Landivisiau,Public - Membership Required,12
256472,Lidl - Morlaix,Freshmile,48.59165949276374,-3.826142128475823,Morlaix,Public - Membership Required,6
256471,IECharge - Guerlesquin,IECharge (FR),48.53489141659219,-3.591378714878431,Guerlesquin,Public - Membership Required,4
256468,PowerDot - Intermarché - Trémuson,Power Dot,48.52391917705475,-2.8520353877766524,Trémuson,Public,6
256467,Lidl - Ploufragan,Freshmile,48.512951462614325,-2.804183475276602,Ploufragan,Public - Membership Required,4
256466,Freshmile - Europcar,Freshmile,48.50177189152177,-2.7394500932873598,Saint-Brieuc,Public - Membership Required,2
256465,Freshmile - Saint Brieuc,Freshmile,48.50177937819433,-2.7407351270304616,Saint-Brieuc,Public - Membership Required,2
256464,Carrefour Energies - Saint-Brieuc,Allego BV,48.49585330592768,-2.7274941900150225,Saint-Brieuc,Public,8
256463,Lidl - Saint Alban,Freshmile,48.555538521825724,-2.544526388321117,Saint-Alban,Public - Membership Required,2
256462,Lidl - Lamballe,Freshmile,48.48106083298876,-2.4994399980890023,Lamballe-Armor,Public - Membership Required,6
256461,Lidl - Saint Meen Le Grand,Freshmile,48.188887401938416,-2.1714471342693287,Saint Méen le Grand,Public - Membership Required,4
256460,IECharge - Taden,IECharge (FR),48.49096956768639,-2.0579176957255925,Taden,Public - Membership Required,4
256459,Lidl - Dol-de-Bretagne,Freshmile,48.551663335255455,-1.724194734148682,Dol-de-Bretagne,Public - Membership Required,8
256455,IECharge - Combourg,IECharge (FR),48.41964238232114,-1.714148709433573,Combourg,Public - Membership Required,4
256454,Lidl - Noyal Chatillon sur Seiche,Lidl,48.03994412283424,-1.6803446523639707,Noyal-Châtillon-sur-Seiche,Public - Membership Required,8
256453,Driveco - Defrance Automobiles,Drive Eco,48.10855934976942,-1.6152906687583481,Cesson-Sévigné,Public - Membership Required,13
256452,Lidl - Lanvollon ,Freshmile,48.632878229782875,-2.9773933094474785,Lanvollon,Public - Membership Required,6
256451,Lidle - Plestin Les Greves,Freshmile,48.661735568501484,-3.6249980240306456,Plestin-les-Grèves,Public - Membership Required,2
256450,Carrefour Energies - Paimpol,Allego BV,48.77215850543004,-3.0392723465173503,Paimpol,Public,6
238374,Rue d'Alsace - Lidl,Lidl,48.2775353,6.96235998,Saint-Dié-des-Vosges,Public - Membership Required,4
238137,Engie-Vianeo - A5 - Aire de Châteauvillain Orges,Engie,48.05787509095288,4.960747317941127,Châteauvert,Public,14
238136,Engie-Vianeo - A5 - Aire de Chateauvillain Val Marnay,Engie,48.057448800784414,4.959203266846544,Châteauvert,Public,14
235336,Tesla Supercharger Honfleur,Tesla (including non-tesla),49.4139850201079,0.2662566270797697,Honfleur,Public,20
213792,Tesla Supercharger Cesson,Tesla (including non-tesla),48.584761943784486,2.6040114817081985,Cesson,Public,19
213065,e-Vadea - Marchaux-Chaudefontaine - A36 Besançon Marchaux,e-Vadea,47.32732992501036,6.125102351295709,Marchaux-Chaudefontaine,Public,8
213049,e-Vadea - Sandaucourt - A31 La Trelle,e-Vadea,48.267968782469836,5.860573802261968,Sandaucourt,Public,6
213046,Avenue du Pré Robert Sud,ChargePoint,46.34964258092083,6.432618531719868,,Public,1
212803,Tesla Supercharger Montbéliard,Tesla (including non-tesla),47.50063944543044,6.812361906055457,Montbéliard,Public,28
212744,Maison Pierre Oteiza,(Business Owner at Location),43.08949009737046,-1.4247378279911516,,"Private - For Staff, Visitors or Customers",2
212415,Tesla Supercharger Noyelles-Godault,Tesla (including non-tesla),50.40989093827491,2.9745064386487456,Noyelles-Godault,Public,24
211330,Artipole,(Unknown Operator),46.667503,-0.253221,Châtillon-sur-Thouet,"Private - For Staff, Visitors or Customers",2
211329,Artipole,(Unknown Operator),46.667503,-0.253221,CHATILLON SUR THOUET,Public - Membership Required,2
211328,Artipole,(Unknown Operator),46.667503,-0.253221,CHATILLON SUR THOUET,"Private - For Staff, Visitors or Customers",2
211292,Carrefour Energies - Draguignan,Allego BV,43.52765000854899,6.452924034522766,Draguignan,Public,8
211285,Engie-Vianeo - A2 - Aire de la Sentinelle Est,Engie,50.339704123042026,3.4693963435778983,Trith Saint Leger,Public,16
211284,Engie-Vianeo - A2 - Aire de la Sentinelle Ouest,Engie,50.34061414667892,3.4668811518262146,La Sentinelle,Public,16
211283,Engie-Vianeo - A1 - Aire de Phalempin Ouest,Engie,50.531803054016024,3.0461623288797455,Seclin,Public,10
211282,Engie-Vianeo - A1 - Aire de Phalempin Est,Engie,50.5296191872624,3.046442062067513,Seclin,Public,10
211281,PowerDot - Star Wash - La Chaize-le-Vicomte,Power Dot,46.66649597856025,-1.337049594241762,La Chaize-le-Vicomte,Public,6
211280,PowerDot - Intermarché - Fronton,Power Dot,43.830637467487264,1.3923945400758555,Fronton,Public,8
211279,PowerDot - Ibis - Cergy,Power Dot,49.03150970007479,2.0690076773878445,Cergy,Public,4
211267,Freshmile - Route du Golf,Freshmile,48.806659001193,-3.519068245543167,Pleumeur-Bodou,Public,4
211266,Camping le Ranolien,Izivia (Sodetrel),48.82880649824432,-3.4758206763583814,Perros-Guirec,Public,2
211265,E.Leclerc Route de Perros Guirec,Freshmile,48.75111165843606,-3.4580881224378572,Lannion,Public,3
211264,Freshmile - Avenue de la Résistance,Freshmile,48.74960734735052,-3.4609970399425265,Lannion,Public - Membership Required,2
211240,Carrefour Energies - Libourne,Allego BV,44.90079312406925,-0.21984249138597534,Libourne ,Public,10
210987,Ionity Val de Reuil,Ionity,49.24799103204913,1.1885199886035025,Val de Reuil,Public,7
210985,Place de la Gare,eborn,46.05374123918824,6.773792609303655,Sixt-Fer-à-Cheval,Public - Pay At Location,2
210936,Tesla Supercharger Tossiat,Tesla (including non-tesla),46.14406981065204,5.282547244433886,Tossiat,Public,24
210935,Tesla Supercharger Vendenheim,Tesla (including non-tesla),48.653273964435385,7.732250782739925,Mundolsheim,Public,28
210934,Tesla Supercharger Bordeaux Lac,Tesla (including non-tesla),44.88312302210505,-0.564229501127727,Bordeaux,Public,16
210932,Tesla Supercharger Bron,Tesla (including non-tesla),45.72222283629091,4.9234165910133925,Saint-Priest,Public,40
210931,Tesla Supercharger Megève,Tesla (including non-tesla),45.87113140022751,6.630025890960269,Megève,Public,8
210731,Impasse du Vivaldi,(Unknown Operator),43.16425716724615,6.043742745984673,,Public - Membership Required,1
210730,Rue Cézanne,(Unknown Operator),43.15351576656212,6.072223591288775,La Crau,Public - Pay At Location,1
210729,Avenue du 1er Bataillon d'Infanterie de Marine et du Pacifique,(Unknown Operator),43.13665952309185,6.022810774913637,La Garde,Public - Membership Required,2
210728,Avenue Saint-Just,(Unknown Operator),43.140968964232684,6.010476198653805,La Valette-du-Var,Public - Membership Required,2
210727,L'Avenue 83,(Unknown Operator),43.13678849564485,6.006573041980687,La Valette-du-Var,Public - Membership Required,3
210603,Carrefour Energies - Guéret,Allego BV,46.167709711370094,1.885396969267049,Guéret,Public,6
210602,Carrefour Energies - Laval,Allego BV,48.079397167478135,-0.8014837077442962,Laval,Public,8
210601,Carrefour Energies - Toulouse Purpan,Allego BV,43.60849646740118,1.3938146018256248,Toulouse,Public,10
210600,Carrefour Energies - Châlons-en-Champagne,Allego BV,48.94283529616658,4.386284819383718,Châlons-en-Champagne,Public,10
210599,Carrefour Energies - Vannes,Allego BV,47.659269118417484,-2.7899476371346736,Vannes,Public,10
210367,Tesla Supercharger Albertville,Tesla (including non-tesla),45.65555876703715,6.3655907563829714,Albertville,Public,28
210359,Ionity Saint-Rambert Est,Ionity,45.27651873913766,4.827846584909025,Ionity Saint-Rambert-d'Albon,Public,9
210358,TotalEnergies - Relais l'Adour,TotalEnergies (FR),43.721366196168674,-0.2696110927661266,Aire-sur-l'Adour,Public,4
210357,Electra - Chelles - Hôtel Campanile,Electra,48.877541402048195,2.6013128522002944,Chelles,Public,4
210346,Carrefour Energies - Vaulx-en-Velin,Allego BV,45.747774883756676,4.931163993729001,Vaulx-en-Velin,Public,10
210343,Carrefour Energies - Perpignan,Allego BV,42.70136877973172,2.944877899717426,Perpignan,Public,8
210342,Carrefour Energies - Feurs,Allego BV,45.72166121239502,4.226936964878405,Feurs,Public,8
210341,Carrefour Energies - Alençon,Allego BV,48.43298395942065,0.06081667866692442,Alençon,Public,8
210338,Electra - Nanterre - Hôtel Campanile,Electra,48.891802522260775,2.21381788909423,Nanterre,Public,2
210336,Electra - Paris 13 - Indigo Parking Porte d'Italie,Electra,48.816770144204014,2.3599180333313825,Paris,Public,4
210334,Electra - Villepinte - Hôtel Campanile,Electra,48.96131873585995,2.5535925903227508,Villepinte,Public,4
210331,Electra - Saint-Laurent-de-Mure - Hôtel Première Classe,Electra,45.68826433112446,5.063779851879872,Saint-Laurent-de-Mure,Public,4
210326,Electra - Fresnes - Euro Hôtel Orly Rungis,Electra,48.75418538326386,2.3364028830043253,Fresnes,Public,4
210280,Carrefour Energies - Sartrouville,Allego BV,48.94678294482205,2.1961847634294145,Sartrouville,Public,10
210172,Electra - Rennes - Novotel Rennes Alma,Electra,48.08182958255901,-1.6827555057420795,Rennes,Public,6
210051,Electra - Le Mans - Parc Manceau,Electra,48.03095186600817,0.18152825402989947,Le Mans,Public,8
210000,Carrefour Energies - Charleville-Mézières,Allego BV,49.74056741819237,4.705957552115933,Charleville-Mézières,Public,10
209975,Carrefour Energies - Auchy-les-Mines,Allego BV,50.52068475723911,2.796784646238848,Auchy-les-Mines,Public,8
209859,Carrefour Energies - Aire-sur-la-Lys,Allego BV,50.63601447589022,2.4110766111590465,Aire-sur-la-Lys,Public,8
209850,Electra - Sérézin-du-Rhône - BYD,Electra,45.635073898505084,4.822251100809467,Sérézin-du-Rhône,Public,8
209808,Tesla Supercharger Centre Tesla Paris-Val d’Europe,Tesla (including non-tesla),48.83622929592397,2.799015349706906,Bailly-Romainvilliers,Public,16
209807,Tesla Supercharger Biganos,Tesla (including non-tesla),44.63705604297729,-0.960248876556534,Biganos,Public,12
209776,Ionity Soissons Ouest,Ionity,49.366060041786255,3.3079288408987395,Soissons,Public,7
209772,Tesla Supercharger Aire du Bourbonnais,Tesla (Tesla-only charging),46.4976700681174,3.362242380625844,Toulon-sur-Allier,Public - Membership Required,12
209771,Ionity Aire du Bourbonnais,Ionity,46.49741445262572,3.362201283665172,Toulon-sur-Allier,Public,7
209770,LIDL - La Madeleine-de-Nonancourt,Lidl,48.77852567724452,1.2047194437362805,La Madeleine-de-Nonancourt,Public,4
209769,Square de l'Église,Sigeif (FR),48.787897945158846,2.2278763550469876,Hauts-de-Seine,Public - Membership Required,6
209411,TotalEnergies - Relais Varades Pays de Loire,TotalEnergies (FR),47.41952459921387,-1.0155581304633188,Varades,Public,4
209392,Carrefour Energies - Claye-Souilly,Allego BV,48.94695878966215,2.6604915370721756,Claye-Souilly,Public,8
209391,Carrefour Energies - Lorient,Allego BV,47.765624424242816,-3.3953370116103088,Lorient,Public,8
209389,TotalEnergies - Relais Sainte Maure de Touraine,TotalEnergies (FR),47.166961769466326,0.6303382716641863,Saint-Epain,Public,8
208927,Electra - Blagnac - Hôtel Première Classe Toulouse Aéroport,Electra,43.63749630600387,1.3751248128530733,Blagnac,Public,4
208782,Carrefour Energies - Quetigny,Allego BV,47.310378330581756,5.101535060692413,Quetigny,Public,8
208781,Carrefour Energies - Étampes,Allego BV,48.429437708931204,2.1611503136887222,Étampes,Public,8
208780,Carrefour Energies - Donain,Allego BV,50.32431681450001,3.38998482797183,Denain,Public,8
208664,Ionity Montpellier Saint-Aunès,Ionity,43.65080499717271,3.9832598802329358,Saint-Aunès,Public,7
208655,Carrefour Energies - Douai,Allego BV,50.39703188694162,3.045151736457001,Flers-en-Escrebieux,Public,8
208615,Circuit Beltoise-Trappes,(Unknown Operator),48.7579834119141,1.9877623824851298,Trappes,"Private - For Staff, Visitors or Customers",2
208291,Lidl - 19 Route d'Orléans - Mer,Freshmile,47.70395812158844,1.5146857142747194,Mer,Public,4
208209,Electra - Argenteuil - Hôtel Campanile,Electra,48.93525563696255,2.241619421675864,Argenteuil,Public,7
208050,TotalEnergies - Relais Portes-lès-Valence Est,TotalEnergies (FR),44.86655490271414,4.867221969517232,Portes-lès-Valence,Public,12
207541,Carrefour Energies - Niort,Allego BV,46.31802684678934,-0.48081017447782415,Niort,Public,10
207445,Carrefour Energies - Champs-sur-Marne,Allego BV,48.854301603428496,2.582829264997031,Champs-sur-Marne,Public,6
207403,Avenue Pasteur,Freshmile,48.397086390378774,4.5320653914734805,Brienne-le-Château,Public,1
206125,Electra - Saint-Jean-de-Védas - Kyriad Direct,Electra,43.56741068580402,3.83564173046625,Saint-Jean-de-Védas,Public,4
205823,Electra - Rosny-sous-Bois - B&B Hotels,Electra,48.878204238605946,2.4756198419698876,Rosny-sous-Bois,Public,6
204946,PowerDot - Intermarché - La Chapelle-Launay,Power Dot,47.3619829381106,-1.956928067391459,La Chapelle-Launay,Public,4
204944,Hyper U,ChargePoint,47.372880302868595,-1.9380981847834846,Savenay,Public - Membership Required,8
204756,Tesla Supercharger Agen,Tesla (including non-tesla),44.17814681895277,0.6298708668978179,Boé,Public,20
204733,Tesla Supercharger Chalon-sur-Saône,Tesla (including non-tesla),46.796433670704374,4.835238479961731,Chalon-sur-Saône,Public,28
204708,Electra - Gonesse - Hôtel Ibis,Electra,48.96869032359106,2.4632039160317163,Gonesse,Public,8
204651,Tesla Supercharger Annecy - Seynod,Tesla (including non-tesla),45.877316583388335,6.0878801971904295,Seynod,Public,16
204316,TotalEnergies - Relais de Valleiry Nord,TotalEnergies (FR),46.09755715541834,5.963200392625481,Valleiry,Public,6
203997,TotalEnergies - Relais l'Isle d'Abeau Nord,TotalEnergies (FR),45.6139576872103,5.212781336746843,L'Isle-d'Abeau,Public,7
203990,Electra - Blotzheim - Hôtel Mercure Bâle Mulhouse Aéroport,Electra,47.608282669045735,7.5029290082600255,Blotzheim,Public,8
203956,Carrefour Energies - Crêches-sur-Saône,Allego BV,46.25289307652275,4.790576442226438,Crêches-sur-Saône,Public,8
203955,Carrefour Energies - Anglet,Allego BV,43.490319978812096,-1.4969568676385734,Anglet,Public,8
203898,Carrefour Energies - Saint-Martin-au-Laërt,Allego BV,50.75455456099914,2.2438305975090316,Saint-Martin-lez-Tatinghem,Public,6
203889,Carrefour Energies - Sallanches,Allego BV,45.951626096812504,6.629127166826493,Sallanches,Public,6
203886,Carrefour Energies - Barentin,Allego BV,49.53559026508918,0.967476305679611,Barentin,Public,10
203811,Saint-Etienne-Metropole - eTotem - impasse Saint-Exupéry,e-totem,45.523591412269894,4.292294786005414,Andrézieux-Bouthéon,Public,1
203520,Lidl - Guichen,Freshmile,47.97346650415389,-1.8131973452772172,Guichen,Public - Membership Required,4
203509,Lidl - Bonneuil-sur-Marne Garry,Freshmile,48.75775086161269,2.4840224667171924,Bonneuil-sur-Marne,Public,4
203316,Station Kallista BDR de Douains,(Unknown Operator),49.06516255857599,1.4252402778076885,Douains,Public,4
203261,TotalEnergies - Relais de Vertou Grassinière,TotalEnergies (FR),47.16207742288867,-1.5129713589142284,Vertou,Public,4
203260,Ionity Sisteron,Ionity,44.23659695230964,5.912798830105203,Sisteron,Public,5
203228,Total,e-motum (FR),42.33405550056261,9.008626441014485,Albertacce,Public,2
203152,Electra - Coquelles - Channel Outlet,Electra,50.92727713302796,1.8073830333487422,Coquelles,Public,8
202775,Tesla Supercharger Chambray-lès-Tours,Tesla (including non-tesla),47.32544093449016,0.7137169695183729,Chambray-lès-Tours,Public,24
202409,One Nation Outlet,(Unknown Operator),48.829495773465766,1.9805976323300456,Yvelines,"Private - For Staff, Visitors or Customers",4
202408,Total - Garage Gérôme - Plaisance-du-Touch,TotalEnergies (FR),43.56390711325017,1.2906777565222,Plaisance-du-Touch,Public - Membership Required,1
202407,Total - Car Avenue BMW - Sarrebourg,TotalEnergies (FR),48.724015598562005,7.045039580881166,Sarrebourg,Public - Membership Required,1
202315,Electra - Villenave-d'Ornon - Best Hôtel,Electra,44.784052749787634,-0.5872070485088443,Villenave-d'Ornon,Public,4
202169,Carrefour Energies - Châteauroux,Allego BV,46.806427885463734,1.6979194266207287,Châteauroux,Public,8
202086,PowerDot - Kärcher - Aire-sur-la-Lys,Power Dot,50.66110467094822,2.3947705723767285,Aire-sur-la-Lys,Public,4
202085,PowerDot - Darty - Hazebrouck,Power Dot,50.73744561094094,2.5495701563972943,Hazebrouck,Public,6
202084,PowerDot - Hôtel Mercure - Marcq-en-Barœul,Power Dot,50.679500500114415,3.110552369943207,Marcq-en-Barœul,Public,8
202083,PowerDot - Centre Commercial SoGreen - Seclin,Power Dot,50.54780468156241,3.051994294476799,Seclin,Public,6
202082,PowerDot - E. Leclerc - Templeuve,Power Dot,50.52276477954294,3.173706298787806,Templeuve-en-Pévèle,Public,6
202081,PowerDot - Team Square - Hénin-Beaumont,Power Dot,50.386941671623305,2.9651454652930624,Hénin-Beaumont,Public,2
202080,PowerDot - Ibis Styles - Douai Gare Gayant Expo,Power Dot,50.379223026645064,3.0901590201145837,Douai,Public,2
202079,PowerDot - Intermarché - Rang-du-Fliers,Power Dot,50.414206243242944,1.6102606055668502,Rang-du-Fliers,Public,4
202077,PowerDot - Bricomarché - Rouxmesnil-Bouteilles,Power Dot,49.90821960524002,1.1054063674516783,Rouxmesnil-Bouteilles,Public,4
202076,PowerDot - Intermarché - Rouxmesnil-Bouteilles,Power Dot,49.91419528823883,1.0936193320633265,Rouxmesnil-Bouteilles,Public,6
202074,PowerDot - Intermarché - Montivilliers,Power Dot,49.53931250335097,0.17734430223492836,Montivilliers,Public,2
202073,PowerDot - Super U - Le Havre,Power Dot,49.50981992045888,0.15715115638909083,Le Havre,Public,4
202070,PowerDot - Intermarché - Bolbec,Power Dot,49.579826,0.474181,Bolbec,Public,4
202068,PowerDot - Intermarché - Rouen Jardin des plantes,Power Dot,49.42157549532399,1.0823276226153666,Rouen,Public,6
202067,PowerDot - Basic Fit - Beauvais,Power Dot,49.4132248808763,2.116858858927344,Beauvais,Public,4
202066,PowerDot - Bricorama - Viry-Noureuil,Power Dot,49.64063108170535,3.2537561940257547,Viry-Noureuil,Public,3
202065,PowerDot - Bricomarché - Chauny,Power Dot,49.626152265306445,3.214873952291555,Chauny,Public,2
202064,PowerDot - BUT - Fourmies,Power Dot,50.023429208584446,4.03498734001505,Fourmies,Public,3
202063,PowerDot - Intermarché - Illiers-Combray,Power Dot,48.30542823496509,1.2551644019443984,Illiers-Combray,Public,2
202061,PowerDot - Super U - Mareil-en-Champagne,Power Dot,47.98748395341195,-0.162865927965413,Mareil-en-Champagne,Public,4
202060,PowerDot - Soccer - Rennes,Power Dot,48.10105749115331,-1.732258812765508,Rennes,Public,4
202059,PowerDot - Carrefour - Rennes - Pacé,Power Dot,48.13728545074363,-1.7679492974548339,Pacé,Public,6
202058,PowerDot - Skill Telecom – Lannion,Power Dot,48.733928599328834,-3.444176695758756,Lannion,Public,2
202057,PowerDot - Intermarché - Callac,Power Dot,48.40756405527608,-3.433940560025235,Callac,Public,2
202056,PowerDot - Super U - Le Faou,Power Dot,48.298479551638394,-4.169153269730828,Le Faou,Public,2
202055,PowerDot - Super U - Rosporden,Power Dot,47.96449235884671,-3.8521624674400528,Rosporden,Public,4
202054,PowerDot - Intermarché - Lorient,Power Dot,47.746872384566075,-3.3881146484261535,Lorient,Public,4
202053,PowerDot - Intermarché - Merlevenez,Power Dot,47.737161034099444,-3.2265631527451433,Merlevenez,Public,3
202052,PowerDot - Botanic - Belz,Power Dot,47.671879448948204,-3.1809413908180204,Belz,Public,2
202051,PowerDot - Intermarché - Ploeren,Power Dot,47.65882371219507,-2.8701573830373945,Ploeren,Public,2
202050,PowerDot - Intermarché - Elven,Power Dot,47.72458649764596,-2.5941878006972274,Elven,Public,3
202049,PowerDot - Intermarché - Saint-Nazaire,Power Dot,47.26325438936621,-2.2380553323906724,Saint-Nazaire,Public,2
202048,PowerDot - Electroad - Haute-Goulaine,Power Dot,47.18564592826394,-1.4403174093624784,Haute-Goulaine,Public,2
202047,PowerDot - E. Leclerc - Brissac-Quincé,Power Dot,47.34129265194039,-0.4309166155762796,Brissac-Loire-Aubance,Public,8
202046,PowerDot - Super U - Saumur,Power Dot,47.2512642373901,-0.06881871569817122,Saumur,Public,2
202045,PowerDot - Super U - Vernou-sur-Brenne,Power Dot,47.41373142978895,0.8489963332394836,Vernou-sur-Brenne,Public,2
202044,PowerDot - Intermarché - Chaveignes,Power Dot,47.021419049873,0.33460329660181287,Chaveignes,Public,2
202043,PowerDot - Mr. Bricolage - Les Touches,Power Dot,47.44134749427144,-1.477018339699498,Les Touches,Public,3
202042,Domaine de Fontenille,Badenova (DE),43.76314965759187,5.300776567968114,Lauris,"Private - For Staff, Visitors or Customers",3
201988,Carrefour Energies - Romorantin-Lanthenay,Allego BV,47.33813748524568,1.7491423976138094,Romorantin-Lanthenay,Public,10
201985,PowerDot - Carrefour Market - Nonancourt,Power Dot,48.76422864000321,1.2153230000001258,Nonancourt,Public,3
201984,PowerDot - Brico Cash - Champagne-sur-Oise,Power Dot,49.14448550929495,2.2536586025621546,Champagne-sur-Oise,Public,2
201983,PowerDot - Carrefour - Ermont,Power Dot,48.98753707811997,2.246250023066409,Ermont,Public,6
201982,PowerDot - Carrefour - Massy,Power Dot,48.725419116290794,2.2779499702568273,Massy,Public,6
201981,PowerDot - Carrefour – Val d’Yerres,Power Dot,48.68256861274483,2.5354771091393786,Quincy-sous-Sénart,Public,6
201980,PowerDot - Biocoop - Saint-Thibault-des-Vignes,Power Dot,48.869501,2.67959,Saint-Thibault-des-Vignes,Public,2
201979,PowerDot - Intermarché - Faremoutiers,Power Dot,48.797971522202914,2.983524029206592,Faremoutiers,Public,2
201978,PowerDot - Carrefour - Forbach,Power Dot,49.174274793813225,6.882783202234123,Forbach,Public,6
201977,PowerDot - Mairie de Montbronn - Montbronn,Power Dot,48.99777274635409,7.32960309751536,Montbronn,Public,4
201976,PowerDot - Auchan - Haguenau,Power Dot,48.818657311774444,7.784340363313959,Haguenau,Public,2
201975,PowerDot - Intermarché - Jarville-la-Malgrange,Power Dot,48.669141683885016,6.208328312688423,Jarville-la-Malgrange,Public,2
201973,PowerDot - Carrefour - Wittenheim,Power Dot,47.80998995081086,7.313570651864779,Wittenheim,Public,6
201971,PowerDot - Super U - Pouilly-en-Auxois,Power Dot,47.27077519862257,4.54091563199745,Pouilly-en-Auxois,Public,2
201970,PowerDot - Super U - Brochon,Power Dot,47.2343288951304,4.98451204321168,Brochon,Public,2
201969,PowerDot - Super U - Marmande,Power Dot,44.50528143458658,0.1831261427106483,Marmande,Public,2
201968,PowerDot - Station de Lavage WAP - Bias,Power Dot,44.40395,0.691089,Villeneuve-sur-Lot,Public,2
201967,PowerDot - Intermarché - Agen,Power Dot,44.18268265308802,0.6188813386049787,Agen,Public,8
201966,PowerDot - Parc Commercial du Luc - Moissac,Power Dot,44.1200349903942,1.1195484538116034,Moissac,Public,4
201965,PowerDot - Intermarché - Condom,Power Dot,43.95935283730873,0.3786313251409865,Condom,Public,2
201964,PowerDot - Intermarché - Montauban,Power Dot,44.02162927313188,1.3806307454581201,Montauban,Public,3
201849,PowerDot - Tonton Michel - Villeneuve-lès-Bouloc,Power Dot,43.764605562013514,1.3729823815845066,Villeneuve-lès-Bouloc,Public,2
201848,PowerDot - Intermarché - Cornebarrieu,Power Dot,43.64905231418504,1.3366789972465085,Cornebarrieu,Public,4
201847,PowerDot - Le Pavé des Minimes - Toulouse,Power Dot,43.62639384968588,1.4337036377850154,Toulouse,Public,2
201846,PowerDot - Intermarché - Ramonville-Saint-Agne,Power Dot,43.53560679098723,1.4778640598407264,Ramonville-Saint-Agne,Public,8
201845,PowerDot - Intermarché - Labarthe-sur-Lèze,Power Dot,43.45448916692047,1.3954964512697643,Labarthe-sur-Lèze,Public,4
201844,PowerDot - Intermarché - Nousty,Power Dot,43.270716858201524,-0.19994811645324262,Nousty,Public,2
201843,PowerDot - Intermarché - Soumoulou,Power Dot,43.26468695257378,-0.18462602462739142,Soumoulou,Public,3
201842,PowerDot - Flash Lavage - Tarbes,Power Dot,43.23682713259177,0.055574713942633025,Tarbes,Public,2
201841,PowerDot - Carrefour Contact - Salies-du-Salat,Power Dot,43.101943998649375,0.9613580491078437,Salies-du-Salat,Public,2
201840,PowerDot - Super U - Trèbes,Power Dot,43.20340141372532,2.4414707986589974,Trèbes,Public,2
201839,PowerDot - Intermarché - Saint-André,Power Dot,42.552307353325574,2.9766747005268144,Saint-André,Public,3
201838,PowerDot - Garage Pyrame - Aix-en-Provence,Power Dot,43.484434,5.381879,Aix-en-Provence,Public,3
201837,PowerDot - Kärcher - Les Pennes-Mirabeau,Power Dot,43.4164658580344,5.3655970040884995,Les Pennes-Mirabeau,Public,6
201836,PowerDot - Le Village des Talents Créatifs - Puget-sur-Argens,Power Dot,43.45222970788976,6.6933426556117865,Puget-sur-Argens,Public,2
201835,PowerDot - Carrefour Market - La Brillanne,Power Dot,43.931979467254536,5.889696874500487,La Brillanne,Public,4
201834,PowerDot - Darty - Avignon,Power Dot,43.92047464404524,4.868046234111375,Avignon,Public,6
201833,PowerDot - Besson Chaussures - Sorgues,Power Dot,43.98459783394384,4.884061826410857,Sorgues,Public,4
201832,PowerDot - Spar - Saze,Power Dot,43.94760970315599,4.683880067398604,Saze,Public,2
201831,PowerDot - KFC - Montélimar,Power Dot,44.525590995365434,4.744587640404461,Montélimar,Public,4
201830,PowerDot - La Boutique du Menuisier - Montélimar,Power Dot,44.535226804505015,4.745964079072337,Montélimar,Public,2
201829,PowerDot - KFC - Bourgoin-Jallieu,Power Dot,45.59576552213778,5.23991698931377,Bourgoin-Jallieu,Public,4
201828,PowerDot - Carrefour - Clermont-Ferrand,Power Dot,45.779369751522665,3.19720003334578,Lempdes,Public,4
201827,PowerDot - KFC - Valence,Power Dot,44.90201248143077,4.883291458105077,Valence,Public,4
201826,PowerDot - Intermarché - Montignac,Power Dot,45.05605956687529,1.1523069950542322,Montignac,Public,6
201825,PowerDot - Intermarché - Terrasson-Lavilledieu,Power Dot,45.1302086868528,1.2985938666583934,Terrasson-Lavilledieu,Public,3
201824,PowerDot - Le Dépot - Ussac,Power Dot,45.163379514453766,1.4814165596087605,Ussac,Public,4
201823,PowerDot - Super U - Laguenne,Power Dot,45.24571357830399,1.7732766977541132,Laguenne,Public,6
201822,PowerDot - Intermarché - Corbas,Power Dot,45.65959129357137,4.901256208496989,Corbas,Public,2
201821,PowerDot - Carrefour - Amphion,Power Dot,46.39076259401216,6.525323795745521,Publier,Public,8
201820,PowerDot - Intermarché - Dun-le-Palestel,Power Dot,46.30129425731903,1.6745403674329964,Dun-le-Palestel,Public,2
201819,PowerDot - Netto - Guéret,Power Dot,46.16018718666837,1.8732338750986628,Guéret,Public,3
201805,PowerDot - Intermarché - Lentigny,Power Dot,45.99201344705321,3.9821743387219612,Lentigny,Public,3
201798,PowerDot - Carrefour - Vichy,Power Dot,46.14377439317826,3.4141851398808285,Vichy,Public,8
201666,Rue Charles Ladame,(Unknown Operator),49.386400085959224,2.7767706161954493,Jaux,Public - Membership Required,2
201662,1 Rue des Frères Robin,(Unknown Operator),48.77436005239113,2.12612843804186,Buc,Public - Membership Required,10
201584,Avenue du Général Leclerc,Sigeif (FR),48.83291953262787,2.2416047295521366,Boulogne-Billancourt,Public - Membership Required,2
201583,Pavillon 6 - Parking,(Unknown Operator),48.82975368605051,2.2910440274347366,Paris,Public - Membership Required,8
201485,Total Energie,Tonik Energy,43.54747440125763,3.7957065923736764,Fabrègues,"Private - For Staff, Visitors or Customers",9
201484,Boulevard du Général de Gaulle,Stations-e,48.68567875734681,2.405865724407704,Essonne,"Private - For Staff, Visitors or Customers",8
201462,TotalEnergies - Relais des Coquelicots,TotalEnergies (FR),45.525438593280484,4.296455089473056,Andrézieux-Bouthéon,Public,4
201442,Porte Concorde,Izivia (Sodetrel),48.82904112088235,2.114283740014116,Le Chesnay,Public - Membership Required,10
201441,Parking D1,Izivia (Sodetrel),48.82725546696756,2.118974184650824,Le Chesnay,Public - Membership Required,10
201440,Parking 12 Vert (Parking aerien),Izivia (Sodetrel),48.781138775949756,2.2218174246640956,Vélizy-Villacoublay,Public - Membership Required,6
201439,Parking 2 Jaune,Izivia (Sodetrel),48.78249368405588,2.220003299454447,Vélizy-Villacoublay,Public - Membership Required,8
201438,Parking 11 B Orange,Izivia (Sodetrel),48.781381651427694,2.2219213268281237,Vélizy-Villacoublay,Public - Membership Required,8
201437,L'Usine Parking,(Unknown Operator),48.773689470771046,2.2280344870289355,Bièvres,Public,2
201384,Parking du lidl,Lidl,48.025943993639856,0.18022212934420168,Le Mans,Public,2
201364,Super U,Stations-e,48.68200707999162,2.430042827832267,Draveil,Public - Membership Required,0
201320,Zone retrait IKEA,Izivia (Sodetrel),48.8305653472529,1.9679967850662479,Yvelines,Public,10
201237,Ionity Longvilliers,Ionity,48.56656155810103,1.986652578589542,Longvilliers,Public,9
201232,PowerDot - Super U - Arbois,Power Dot,46.91458257439035,5.757188227325969,Arbois,Public,2
201231,PowerDot - Super U - Tavaux,Power Dot,47.042468059483156,5.418257655139428,Tavaux,Public,2
201230,Office du Tourisme,Freshmile,46.48304466677982,6.061650341062318,Les Rousses,Public - Membership Required,2
201047,4 prises P17 devant La Poste,(Unknown Operator),44.440378020239876,3.931818909468234,Villefort,Public,1
199969,68 RUE DU LAPIN BLANC Ateim SA 59640 DUNKERQU,Qovoltis,51.0286494,2.3158183,,Public,0
199968,Citroën Dunkerque,Bilinmiyor,51.027051,2.36264,,Public,0
199967,Bmw Mini Dunkerque,Bilinmiyor,51.007364,2.380869,,Public,0
199966,Yesss_Dunkerque,Bilinmiyor,51.004871,2.33451,,Public,0
199965,Hotel_du_lac,Bilinmiyor,50.997365,2.336658,,Public,0
199964,Borne Levaroy,Bilinmiyor,50.99486000882223,2.203439987359303,,Public,0
199963,Hôtel de ville de Calais,ubitricity,50.9522222,1.8547222,,Public,0
199962,ZAC Coubertin à Calais,ubitricity,50.9519444,1.8369444,,Public,0
199961,13 RUE DE JUDÉE 62100 CALAIS,Qovoltis,50.948618,1.912604,,Public,0
199960,Peugeot Calais,Bilinmiyor,50.94738,1.91026,,Public,0
199959,Citroën Garage Nation Calais,Bilinmiyor,50.939667,1.871188,,Public,0
199958,Bmw Mini Calais,Bilinmiyor,50.937767,1.808772,,Public,0
199957,Opel Calais,Bilinmiyor,50.937599,1.86018,,Public,0
199956,Delesalle - Calais,Bilinmiyor,50.937052,1.884081,,Public,0
199955,BIG MAT,Bilinmiyor,50.885777,1.662474,,Public,0
199954,Carrefour Market Audruicq | Audruicq,Bilinmiyor,50.8713,2.0719,,Public,0
199953,LELIEUR FERNAND,Bilinmiyor,50.8648906,1.8781143,,Public,0
199952,Gamm Vert Guines,Bilinmiyor,50.862922,1.885295,,Public,0
199951,LA FERME DU GRAND AIR,Bilinmiyor,50.840108099999,1.8366466,,Public,0
199950,Moy_Park_Marquise,Bilinmiyor,50.823153,1.715125,,Public,0
199949,SCI_Callicanes,Bilinmiyor,50.812509,2.635404,,Public,0
199948,Mouraux,Bilinmiyor,50.803349,2.584522,,Public,0
199947,portdelille-Halluin,Bilinmiyor,50.7912,3.1190587,,Public,0
199946,Parking MANUBOB,Bilinmiyor,50.778986100000004,3.102562200000012,,Public,0
199945,Citroën Saint Omer,Bilinmiyor,50.759285,2.229362,,Public,0
199944,FR*QOV*59-00001,Qovoltis,50.756025,3.163221,,Public,0
199943,ETANCHEITE PARTICULIERS ET INDUSTRIES,Bilinmiyor,50.7530166,3.1443631,,Public,0
199942,76 RUE DES FRÈRES LUMIÈRE 59560 COMINES,Qovoltis,50.752933,2.993323,,Public,0
199941,Parking de la concession,Bilinmiyor,50.746118,2.265136,,Public - Pay At Location,0
199940,Volvo Roncq,Bilinmiyor,50.74581,3.136828,,Public,0
199939,DS Saint Omer,(Unknown Operator),50.744915,2.268046,Longuenesse,Public,0
199938,PROMENADE - Neuville-en-Ferrain,Bilinmiyor,50.74371,3.1485,,Public,0
199937,PETIT MENIN 3 DECATHLON - Neuville-en-Ferrain,Bilinmiyor,50.74124,3.1404,,Public,0
199936,IDEALJOB,Bilinmiyor,50.7411,2.683878,,Public,0
199935,Parking de l'Intermarch,Bilinmiyor,50.740601,1.61339,,Public - Pay At Location,0
199934,OPEL Roncq,Bilinmiyor,50.739498,3.13056,,Public,0
199933,LM - Tourcoing - Neuville-en-Ferrain (magasin 34),Bilinmiyor,50.737801,3.13775,,Public,0
199932,Bmw Mini Saint-Omer,Bilinmiyor,50.730627,2.278397,,Public,0
199931,Peugeot Hazebrouck,Bilinmiyor,50.72768,2.54928,,Public,0
199930,Yesss_Wardrecques,Bilinmiyor,50.727606,2.337757,,Public,0
199929,Hyundai Villeneuve d'Ascq,Bilinmiyor,50.720646,3.111129,,Public,0
199928,blancheporte,Bilinmiyor,50.71825,3.152222,,Public,0
199927,SCI 35 RUE DE ROUBAIX,Bilinmiyor,50.714811999999,3.1659997,,Public,0
199926,Microcosme,Bilinmiyor,50.714618,3.128694,,Public,0
199925,Garage_Peugeot_Bondues,Bilinmiyor,50.711114,3.088954,,Public,0
199924,Kipsta - Tourcoing,Bilinmiyor,50.708788,3.17293,,Public,0
199923,Mairie_Wattrelos_Parking,Bilinmiyor,50.701739,3.215536,,Public,0
199922,Decalonne_EXT,Bilinmiyor,50.699448,3.214427,,Public,0
199921,Peugeot Boulogne Sur Mer,Bilinmiyor,50.697899,1.60999,,Public,0
199920,Sertitude,Bilinmiyor,50.696382,2.827864,,Public,0
199919,Kia Boulogne sur Mer,Bilinmiyor,50.695016,1.608719,,Public,0
199918,FXM,Bilinmiyor,50.693723,3.166771,,Public,0
199917,Peugeot Armentières,Bilinmiyor,50.693211,2.86476,,Public,0
199916,Yesss_StLeonard,Bilinmiyor,50.69085,1.6144,,Public,0
199915,Siège Promod,Bilinmiyor,50.689995,3.122175,,Public,0
199914,Restau_America,Bilinmiyor,50.687823,3.111899,,Public,0
199913,Aventim - Hôtel Najeti,G2mobility,50.686253,3.083818,,Public,0
199912,Yesss_Wambrechies,Bilinmiyor,50.686122,3.064735,,Public,0
199911,Domyos - Marcq-en-Bar?ul,Bilinmiyor,50.685961,3.090513,,Public,0
199910,Aventim - Hôtel Najeti,Bilinmiyor,50.6847,3.08473,,Public - Pay At Location,0
199909,Peugeot Wasquehal,Bilinmiyor,50.680623,3.133449,,Public,0
199908,SWEETCO,Bilinmiyor,50.680594,3.241115,,Public,0
199907,Aventim - Lazaro3,Bilinmiyor,50.679924,3.083205,,Public,0
199906,DLM WAMBRECHIES,Bilinmiyor,50.6796641,3.0502595,,Public,0
199905,Le_Wam_Wambrechies,Bilinmiyor,50.6783531,3.0474132,,Public,0
199904,Lessafre2,Bilinmiyor,50.675889,3.080477,,Public,0
199903,Ford Lys Lez Lannoy,Bilinmiyor,50.675825,3.228926,,Public,0
199902,Garage_Justice,Bilinmiyor,50.675336,3.20283,,Public,0
199901,1 RUE DU MOLINEL 59290 WASQUEHAL,Qovoltis,50.67522,3.12668,,Public,0
199900,EtiqCreation,Bilinmiyor,50.6749911,3.2329309,,Public,0
199899,1 BIS RUE DU MOLINEL 59290 WASQUEHAL,Qovoltis,50.67443,3.12874,,Public,0
199898,TALK FUNDRAISING,Bilinmiyor,50.6733928,1.8323045,,Public,0
199897,Agymat,Bilinmiyor,50.668756,3.239051,,Public,0
199896,Hôtel du Croisé Marcq en Baroeul,Bilinmiyor,50.667549,3.100868,,Public,0
199895,Garage Marcotte,Bilinmiyor,50.66617982049264,1.8445087136534122,,Public,0
199894,FR*QOV*59-00006,Qovoltis,50.664549,3.026712,,Public,0
199893,Terrasses de la Madeleine,Bilinmiyor,50.662907,3.072822,,Public,0
199892,Gamm Vert Desvres,Bilinmiyor,50.659419,1.843115,,Public,0
199891,Intermarche_Lambersart,Bilinmiyor,50.658333,3.0125,,Public,0
199890,Yesss_Armentiere,Bilinmiyor,50.657491,2.893972,,Public,0
199889,DLM MARCQ EN BAROEUL,Bilinmiyor,50.6565678,3.1165963,,Public,0
199888,Sofinor,Bilinmiyor,50.65531,2.896803,,Public,0
199887,Clinique Mitterie Wasquehal,Bilinmiyor,50.654475,2.992373,,Public,0
199886,DLM VILLENEUVE D'ASCQ,Bilinmiyor,50.6526966,3.1279332,,Public,0
199885,EDP,Bilinmiyor,50.6515547,3.1809013,,Public,0
199884,OktoCampus,Bilinmiyor,50.649408,3.197164,,Public,0
199883,13 RUE DES MILLEPERTUIS Sarl Freemen Conseils,Qovoltis,50.6480377,3.219235,,Public,0
199882,SC FRANETTI,Bilinmiyor,50.6463447,3.132099,,Public,0
199881,Parking de la concession,Bilinmiyor,50.64426,3.010314,,Public - Pay At Location,0
199880,Garage_Brunel,Bilinmiyor,50.643254,2.646967,,Public,0
199879,LF_Group,Bilinmiyor,50.642295,3.13745,,Public,0
199878,Mazda - Lille (PARKING) - 22kW AC PARKING,Bilinmiyor,50.6421108,3.0316692,,Public,0
199877,Axis,Bilinmiyor,50.641071,3.146269,,Public,0
199876,cupra_vdascq,Bilinmiyor,50.640498,3.123299,,Public,0
199875,ANS COM,Bilinmiyor,50.6399697,3.1459805,,Public,0
199874,Mama Shelter Lille,Bilinmiyor,50.639161,3.070968,,Public,0
199873,OPEL Villeneuve d'Ascq,Bilinmiyor,50.637299,3.11921,,Public,0
199872,Parking de la concession,Bilinmiyor,50.636863,3.123035,,Public - Pay At Location,0
199871,Citeliv,Bilinmiyor,50.6353937,3.0385727,,Public,0
199870,Mitsubishi Villeneuve d'Ascq,Bilinmiyor,50.632313,3.120473,,Public,0
199869,lillegrandpalais,Bilinmiyor,50.6319701,3.0798087,,Public,0
199868,Volvo Villeneuve d'Ascq,Bilinmiyor,50.631908,3.120367,,Public,0
199867,Mazars,Bilinmiyor,50.631621,3.153336,,Public,0
199866,portdelille1,Bilinmiyor,50.631186,3.034297,,Public,0
199865,JLR - Villeneuve Ascq,Bilinmiyor,50.631029,3.120357,,Public,0
199864,Urby,Bilinmiyor,50.629868,3.032864,,Public,0
199863,Parking de la concession,Bilinmiyor,50.627626,2.966499,,Public - Pay At Location,0
199862,GGP_Achats,Bilinmiyor,50.625233,3.123037,,Public,0
199861,5 ALLÉE DU PROGRÈS Profil Ingénierie 59195 EN,Qovoltis,50.6248922,2.9587453,,Public,0
199860,portdelille-LCT,Bilinmiyor,50.624849,3.024968,,Public,0
199859,5 ALLÉE DU PROGRÈS Profil Ingénierie 59195 EN,Qovoltis,50.62465,2.96131,,Public,0
199858,CAAG,Bilinmiyor,50.623252,3.144265,,Public,0
199857,PowerLille,Bilinmiyor,50.6207475,3.075673,,Public,0
199856,Hôpital Saint Vincent,Bilinmiyor,50.619593,3.076524,,Public,0
199855,Btwin Lille - Parking usine,Bilinmiyor,50.61786,3.083747,,Public,0
199854,CEETRUS Roncq3 Kiabi Villeneuve d'Ascq,Bilinmiyor,50.617199,3.12646,,Public,0
199853,Ghesquieres,Bilinmiyor,50.616596,3.100567,,Public,0
199852,30 RUE PAUL LANGEVIN 59260 LEZENNES,Qovoltis,50.616,3.1037,,Public,0
199851,LM - Siege Lezennes,Bilinmiyor,50.611698,3.12165,,Public,0
199850,IMT Douai - Lille Villeneuve,Bilinmiyor,50.6115,3.13458,,Public,0
199849,Technord DC,Bilinmiyor,50.609875,3.158209,,Public,0
199848,INNOVENT,Bilinmiyor,50.607291,3.157506,,Public,0
199847,Adeo,Bilinmiyor,50.606632,3.101834,,Public,0
199846,Garage Renault Lefebvre,Bilinmiyor,50.59735822646129,2.0980716683751455,,Public,0
199845,citroen_santes,Bilinmiyor,50.596915,2.95245,,Public,0
199844,portdelille-santes,Bilinmiyor,50.5864592,2.9747736,,Public,0
199843,FTCS_Fretin,Bilinmiyor,50.585689,3.129689,,Public,0
199842,Boulanger - Lesquin - siège,Bilinmiyor,50.585558,3.097802,,Public,0
199841,Ford Faches,Bilinmiyor,50.585035,3.086971,,Public,0
199840,Ibis Lesquin,Bilinmiyor,50.581503,3.090782,,Public,0
199839,Kiloutou_Fretin,Bilinmiyor,50.578476,3.137131,,Public,0
199838,Lesaffre Utilitaires Volkswagen Fretin,Elli (Volkswagen Group Charging GmbH),50.57702,3.119924,,Public,0
199837,AssifepFretin,Bilinmiyor,50.576414,3.132638,,Public,0
199836,Aventim Bouvines - Lot 3,Bilinmiyor,50.573062,3.199837,,Public,0
199835,SPASAD Rely,ubitricity,50.57,2.3533333,,Public,0
199834,WARNING Lille,Bilinmiyor,50.568861,3.03287,,Public,0
199833,Xavier Delsalle,Bilinmiyor,50.56848859815003,3.2123569556846805,,Public,0
199832,Devant de l'Accueil,Bilinmiyor,50.566705,3.043509,,Public - Pay At Location,0
199831,BDS_Genie_Climat,Bilinmiyor,50.563908,3.042349,,Public,0
199830,Bowling_Acropolis,Bilinmiyor,50.552553,3.054789,,Public,0
199829,Renault_Pasquier,Bilinmiyor,50.547781,2.97809,,Public,0
199828,FRANCE ENVIRONNEMENT,Bilinmiyor,50.5443626,3.0973151,,Public,0
199827,Norsys,Bilinmiyor,50.5408379,3.1193662,,Public,0
199826,Handynamic,Bilinmiyor,50.537653,3.052554,,Public,0
199825,portdelille-bethune,Bilinmiyor,50.5373809,2.6697128,,Public,0
199824,Peugeot Citroen Bethune,Bilinmiyor,50.536991,2.64795,,Public,0
199823,LE DOMAINE DES CIGOGNES,Bilinmiyor,50.5314804,3.105857,,Public,0
199821,renault seclin A,Bilinmiyor,50.526498,1.59606,,Public,0
199820,traxene,Bilinmiyor,50.522937,2.10248,,Public,0
199819,IBIS BETHUNE CENTRE GARE,Bilinmiyor,50.52183,2.64245,,Public,0
199818,SCI CD,Bilinmiyor,50.5201558,2.6550211,,Public,0
199817,Peugeot Etaples - Garage de la Baie,Bilinmiyor,50.519165,1.629044,,Public,0
199816,duriez4,Bilinmiyor,50.5161745,3.1557445,,Public,0
199815,SCI PARAMEDICA,Bilinmiyor,50.5160463,2.6594419,,Public,0
199814,Mageha,Bilinmiyor,50.515338,3.141038,,Public,0
199813,Handynamic_Attiche,Bilinmiyor,50.515026,3.062554,,Public,0
199812,Opel Beuvry,Bilinmiyor,50.51318,2.692911,,Public,0
199811,Holding Bethune,Bilinmiyor,50.512718,2.64865,,Public,0
199810,BMW Béthune,Bilinmiyor,50.512507,2.659517,,Public,0
199809,citroen_beauvin,Bilinmiyor,50.50936,2.901108,,Public,0
199808,Peugeot Bruay,Bilinmiyor,50.496948,2.58142,,Public,0
199807,Hyundai Bruay,Bilinmiyor,50.492393,2.574627,,Public,0
199806,Krea_Dvpt_2,Bilinmiyor,50.491515,2.958107,,Public,0
199805,M2018,Bilinmiyor,50.485561,2.831599,,Public,0
199804,SOLLIX,Bilinmiyor,50.4769909,3.2287561,,Public,0
199803,KREA DEVELOPMENT,Bilinmiyor,50.4740583,2.9667807,,Public,0
199802,Place du Marché - MERLIMONT,Stations-e,50.46090694111128,1.581321738638749,,Public,0
199801,Mairie - MERLIMONT,Stations-e,50.45591099689726,1.6139677517069222,,Public,0
199800,Stade - MERLIMONT,Stations-e,50.45384387673885,1.614797784474848,,Public,0
199799,Yesss_Lens,Bilinmiyor,50.450206,2.825356,,Public,0
199798,Decathlon - Dourges,Bilinmiyor,50.446654,2.972313,,Public,0
199797,AssifepLens,Bilinmiyor,50.445415,2.842967,,Public,0
199796,Citroën Lens,Bilinmiyor,50.444375,2.800993,,Public,0
199795,Opel Courrières,Bilinmiyor,50.442112,2.94578,,Public,0
199794,Dacia_Lens,Bilinmiyor,50.441762,2.85338,,Public,0
199793,KrysAutoCourrieres,Bilinmiyor,50.440018,2.944081,,Public,0
199792,Valhuon_DC,Bilinmiyor,50.433932,2.375557,,Public,0
199791,Seat Liévin,SDE76 (FR),50.425758,2.785291,,Public,0
199790,Mobilize - Renault Liévin,Mobilize (FR),50.424889572750914,2.781327160903402,Liévin,Public,0
199789,ESCAPE MIND,Bilinmiyor,50.420087,2.94728,,Public,0
199788,Citroën Noyelles-Godault,Bilinmiyor,50.414319,2.981184,,Public,0
199787,STBM,Bilinmiyor,50.408746,3.573539,,Public,0
199786,Moy_Park_1,Bilinmiyor,50.4012144,2.9777348,,Public,0
199785,Bray,Bilinmiyor,50.396249,2.86029,,Public,0
199784,GIVENCHY EN GOHELLE,Freshmile,50.39143,2.77247,,Public,0
199783,Volkswagen Bruay,Bilinmiyor,50.389708,3.548711,,Public,0
199782,Parking de la concession,Bilinmiyor,50.387444,3.552232,,Public - Pay At Location,0
199781,IMT Douai - Lahure - Centre de Recherche,Bilinmiyor,50.3866,3.0827,,Public,0
199780,OPEL Valenciennes,Bilinmiyor,50.383801,3.55273,,Public,0
199779,170 Basse rue 62600 GROFFLIERS,Qovoltis,50.38376,1.60399,,Public,0
199778,BOIS BERNARD,Freshmile,50.3822,2.91136,,Public,0
199777,Circuit_Saint_Pol,Bilinmiyor,50.377349,2.29752,,Public,0
199776,IMT Douai - Bourseul,Bilinmiyor,50.3755,3.06764,,Public,0
199775,Hyundai Valenciennes,Bilinmiyor,50.373531,3.515035,,Public,0
199774,hotel3fontaines,Bilinmiyor,50.3724912,2.0565636,,Public,0
199773,Joris Ide Onnaing,Freshmile,50.3709132,3.6153612,,Public,0
199772,Fiat Valenciennes SDAH,Bilinmiyor,50.368902,3.531626,,Public,0
199771,LA FERME DE LA MOTTE,Bilinmiyor,50.3681097,2.9801575,,Public,0
199770,renaulthesdin,Bilinmiyor,50.367401,2.027372,,Public,0
199769,Fiat Douai Dechy,Bilinmiyor,50.343997,3.121966,,Public,0
199768,345 AVENUE HENRI BARBUSSE 59770 MARLY,Qovoltis,50.3437,3.5603,,Public,0
199767,Peugeot Douai,Bilinmiyor,50.342949,3.1175,,Public,0
199766,Mazda Douai - Dechy,Bilinmiyor,50.342806,3.121247,,Public,0
199765,Lucullus,Bilinmiyor,50.341028,3.45637,,Public,0
199764,Aventim Aulnoy,Bilinmiyor,50.332877,3.510402,,Public,0
199763,Yesss_Prouvy,Bilinmiyor,50.332642,3.45803,,Public,0
199762,Decathlon - Rouvignies,Bilinmiyor,50.330339,3.435231,,Public,0
199761,DJN_lavage_auto,Bilinmiyor,50.299041,2.730043,,Public,0
199760,Hyundai Arras,Bilinmiyor,50.298126,2.750204,,Public,0
199759,Hyundai Maubeuge,Bilinmiyor,50.281806,3.902377,,Public,0
199758,Parking de la concession,Bilinmiyor,50.27983,3.925681,,Public - Pay At Location,0
199757,Olexa,Bilinmiyor,50.273975,2.850214,,Public,0
199756,Mazda - Maubeuge - 22kW AC,Bilinmiyor,50.2669787,3.9652648,,Public,0
199755,BMW Beaurains - Arras,Bilinmiyor,50.264948,2.797399,,Public,0
199753,Volkswagen Louvroil Maubeuge SLBA,Bilinmiyor,50.258427,3.959254,,Public,0
199752,Letouche,Bilinmiyor,50.249769,3.065068,,Public,0
199751,moreaux_epinoy,Bilinmiyor,50.230462,3.161,,Public,0
199750,renaultbaralle,Bilinmiyor,50.217182,3.064112,,Public,0
199749,Bricomarche,Bilinmiyor,50.209184,3.831749,,Public,0
199748,GARAGE ZAWIEJA,Bilinmiyor,50.1989359,2.88342,,Public,0
199747,Izivia Express - Intermarché Tilloy-lez-Cambrai,Izivia (Sodetrel),50.19432,3.21121,Tilloy-lez-Cambrai,Public,2
199746,Parking de la concession,Bilinmiyor,50.191996,3.26453,,Public - Pay At Location,0
199745,Auto Vente SA,Bilinmiyor,50.182187,3.23225,,Public,0
199744,Mairie_Solre,Bilinmiyor,50.1743283,4.0890813,,Public,0
199743,Volkswagen Cambrai SLBA,Elli (Volkswagen Group Charging GmbH),50.166974,3.269992,,Public,0
199742,fivalCambrai,Bilinmiyor,50.157228,3.22397,,Public,0
199741,Parking L'Aérodrome de la Baie de Somme,Bilinmiyor,50.13950991485836,1.8255189491394663,,Public,0
199740,Parking de l'Intermarch,Bilinmiyor,50.134966,4.8541545,,Public - Pay At Location,0
199739,TotalEnergies - Relais de Havrincourt,TotalEnergies (FR),50.122249,3.089774,Havrincourt,Public,4
199738,Hostellerie_du_Marche,Bilinmiyor,50.1045335,3.5460842,,Public,0
199737,LE TREPORT - QUAI FRANCOIS 1ER,SDE76 (FR),50.062159,1.370062,,Public,2
199736,BIVILLE SUR MER,SDE76 (FR),49.979481,1.25825,,Public,0
199735,Parking TECHOFFICE,Bilinmiyor,49.939609399999995,2.9294755000000183,,Public,0
199734,Kia Dieppe,Bilinmiyor,49.922914,1.103941,,Public,0
199733,Intermarché - Amiens - 22KW AC,Bilinmiyor,49.91161768,2.25850958,,Public,0
199732,Kia Dieppe,Bilinmiyor,49.906716,1.104903,,Public,0
199731,Peugeot Hirson,Bilinmiyor,49.906288,4.09307,,Public,0
199730,SCI LDT,Bilinmiyor,49.9016641,3.6260505,,Public,0
199729,Yesss_Camon,Bilinmiyor,49.899957,2.355123,,Public,0
199728,SDE76 - Fresnoy-Folny - 2 Pl. Césaire Levillain,SDE76 (FR),49.887791,1.42813,Fresnoy-Folny,Public,2
199727,O'Tera Amiens,Bilinmiyor,49.883793,2.263058,,Public,0
199726,Parking Overchem,Bilinmiyor,49.875167008880716,2.9187218809509474,,Public,0
199725,James Lefebvre - Amiens,Bilinmiyor,49.874687,2.367737,,Public,0
199724,0049 - Place de la citoyennet�,Bilinmiyor,49.85962,3.295229,,Public - Pay At Location,0
199723,BMW SAINT QUENTIN,Freshmile,49.851386,3.2631235,,Public,0
199722,Volvo - Saint Quentin,Bilinmiyor,49.851341,3.251817,,Public,0
199721,verbaere_stQuentin,Bilinmiyor,49.85097,3.26618,,Public,0
199720,0013 - Avenue Pierre Choquart,Bilinmiyor,49.83642696,3.318170764,,Public - Pay At Location,0
199719,0012 - rue de la F�re,Bilinmiyor,49.834735,3.306548,,Public - Pay At Location,0
199718,Intermarché - Gauville - 22kW AC,Bilinmiyor,49.780879,1.759704,,Public,0
199716,Opel Charleville,Bilinmiyor,49.752422,4.697492,,Public,0
199715,VATTETOT-SUR-MER,Izivia (Sodetrel),49.727631,0.279872,,Public,0
199714,ETRETAT PLACE DE LA MAIRIE,Izivia (Sodetrel),49.707572,0.205317,,Public,0
199713,Peugeot Sedan,Bilinmiyor,49.69643,4.94345,,Public,0
199712,Parking de l'Intermarch,Bilinmiyor,49.681234,1.04611,,Public - Pay At Location,0
199711,CRIQUIERS,Izivia (Sodetrel),49.674652,1.707522,,Public,0
199710,SAINT-VICTOR-LABBAYE,Izivia (Sodetrel),49.67448,1.120355,,Public,0
199709,ST PIERRE EGLISE - Eglise,E-Charge50 (FR),49.668173,-1.4035618,,Public,2
199708,QUERQUEVILLE - Rocambole,Bilinmiyor,49.665796,-1.692228,,Public,0
199707,BEAUMONT HAGUE - Cyberbase,Bilinmiyor,49.6621683,-1.8364845,,Public,0
199706,QUERQUEVILLE - Couville,Bilinmiyor,49.660872,-1.699955,,Public,0
199705,EQUEURDREVILLE HAINNEVILLE - Jean Bart,Bilinmiyor,49.654982,-1.651226,,Public,0
199704,TOURLAVILLE - Algues,Bilinmiyor,49.654175,-1.565538,,Public,0
199703,EQUEURDREVILLE HAINNEVILLE - Jean Moulin,Bilinmiyor,49.654087,-1.675774,,Public,0
199702,Parking du SuperU,Bilinmiyor,49.652956,0.60074,,Public - Pay At Location,0
199701,EQUEURDREVILLE HAINNEVILLE - Résistants,Bilinmiyor,49.647892,-1.654263,,Public,0
199700,CHERBOURG OCTEVILLE - Place Chantereyne,E-Charge50 (FR),49.645317,-1.623855,CHERBOURG-EN-COTENTIN,Public,0
199699,Terminal Cherbourg,Bilinmiyor,49.644253,-1.605048,,Public,0
199698,Poix-Terron,Freshmile,49.644069,4.6353802,,Public,0
199697,CHERBOURG OCTEVILLE - Cité de la Mer,E-Charge50 (FR),49.643581,-1.617731,,Public,0
199696,EQUEURDREVILLE HAINNEVILLE - Louise Michel,Bilinmiyor,49.642007,-1.66402,,Public,0
199695,TOURLAVILLE - Mairie,E-Charge50 (FR),49.639744,-1.579452,Cherbourg,Public,2
199694,TOURLAVILLE - Moulin Guibert,E-Charge50 (FR),49.6393120493058,-1.5717106746396894,CHERBOURG-EN-COTENTIN,Public,2
199693,TOURLAVILLE - Général Leclerc,Bilinmiyor,49.639211,-1.605019,,Public,0
199692,CHERBOURG OCTEVILLE - St Clément,E-Charge50 (FR),49.638748,-1.61295,CHERBOURG-OCTEVILLE ,Public,0
199691,CHERBOURG OCTEVILLE - Rue des Tribunaux,E-Charge50 (FR),49.637993,-1.621794,CHERBOURG-EN-COTENTIN,Public,0
199690,CHERBOURG OCTEVILLE - Notre Dame du Vœu,Bilinmiyor,49.636395,-1.629394,,Public,0
199689,CHERBOURG OCTEVILLE - François 1er,Bilinmiyor,49.63612,-1.624323,,Public,0
199688,CHERBOURG OCTEVILLE - Trottebecq,Bilinmiyor,49.635956,-1.611977,,Public,0
199687,SDE76 - Terres-de-Caux - D926,SDE76 (FR),49.63155944574967,0.634822415990584,Terres-de-Caux,Public,1
199686,CHERBOURG OCTEVILLE - Place Rossel,Bilinmiyor,49.628488,-1.64284,,Public,0
199685,CHERBOURG OCTEVILLE - Rue de l'Ile de France,Bilinmiyor,49.627575,-1.634003,,Public,0
199684,CHERBOURG OCTEVILLE - René Cassin,Bilinmiyor,49.626574,-1.641399,,Public,0
199683,YVETOT - PLACE DE LA GARE,Izivia (Sodetrel),49.621873,0.750555,,Public,0
199682,REVILLE - Eglise,E-Charge50 (FR),49.6187571,-1.2592659,,Public,0
199681,MCB2002,Bilinmiyor,49.61568,0.753499,,Public,0
199680,LA GLACERIE - Martin Luther King,Bilinmiyor,49.614228,-1.601422,,Public,0
199679,VAL SERVICES,Bilinmiyor,49.614061,2.025665,,Public,0
199678,LA GLACERIE - Mairie déléguée,Bilinmiyor,49.613656,-1.603728,,Public,0
199677,DALTONER CHERBOURG,Bilinmiyor,49.61,-1.6,,Public,0
199676,E-Charge 50 - ACQUEVILLE - carrefour des Pelles,(Unknown Operator),49.6043821,-1.7362482,LA HAGUE,Public,0
199675,MARTINVAST - Le Pont,Bilinmiyor,49.6038954,-1.662814,,Public,0
199674,QUETTEHOU - Parking Halle au Grain,E-Charge50 (FR),49.5938654,-1.3036013,,Public,0
199673,e-Charge 50 - Flandres Dunkerque,E-Charge50 (FR),49.5886421,-1.2716169,Saint-Vaast-la-Hougue,Public,0
199672,INTERMARCHE LAON,Izivia (Sodetrel),49.582576,3.643388,,Public,0
199671,SIOUVILLE HAGUE - Bd André Michel,Bilinmiyor,49.56517,-1.844165,,Public,0
199670,BRIX,Bilinmiyor,49.5635953,-1.5903001,,Public,0
199669,COUVILLE - la Vallée,Bilinmiyor,49.5574624,-1.6723914,,Public,0
199668,"Pontoise-Les-Noyons, Grande Rue",Freshmile,49.554,3.04625,,Public - Pay At Location,0
199667,FLAMANVILLE - Dielette,Bilinmiyor,49.5512758,-1.8579488,,Public,0
199666,LIDL GRUCHET LE VALASSE,Bilinmiyor,49.549938,0.491859,,Public,0
199665,M2027,Bilinmiyor,49.54676,0.953647,,Public,0
199664,Sicae_Oise_2,Bilinmiyor,49.540457,2.745008,,Public,0
199663,Parking de l'Intermarch,Bilinmiyor,49.53951,1.063052,,Public - Pay At Location,0
199662,VILLERS ECALLES,Izivia (Sodetrel),49.536812,0.92023,,Public,0
199661,BENOITVILLE - Croix Georges,Bilinmiyor,49.5357881,-1.7752953,,Public,0
199660,LIDL BARENTIN,Bilinmiyor,49.5355585,0.9605582,,Public,0
199659,"CD24, ROUTE DE LIESSE, Intermarché Super 0282",Qovoltis,49.53209,3.857,,Public,0
199658,Parking du SuperU,Bilinmiyor,49.529084,0.345351,,Public - Pay At Location,0
199657,MORGNY-LA-POMMERAYE,Izivia (Sodetrel),49.522396,1.246983,,Public,0
199656,Mairie Herserange,VIRTA,49.518518,5.78494,,Public,0
199655,LIDL HARFLEUR,Bilinmiyor,49.5149,0.19538,,Public,0
199654,LES PIEUX - Mairie,Bilinmiyor,49.5128051,-1.8093807,,Public,0
199653,LES PIEUX - La Fosse,Bilinmiyor,49.5064375,-1.8044956,,Public,0
199652,JLR - JFC - Le Havre,Bilinmiyor,49.494301,0.152993,,Public,0
199651,M2054,Bilinmiyor,49.491554,1.042957,,Public,0
199650,MONTEBOURG - Place de la Mairie,E-Charge50 (FR),49.4878826,-1.3820192,,Public,2
199649,Les Bains de Docks - LE HAVRE,Stations-e,49.487331285074724,0.12882767066976641,,Public,0
199648,D2009,Bilinmiyor,49.486737,1.145726,,Public,0
199647,D2007,Bilinmiyor,49.483216,0.15306,,Public,0
199646,HENOUVILLE - Rue du stade,Bilinmiyor,49.479346,0.959522,,Public,0
199645,M2003,Bilinmiyor,49.474365,1.094714,,Public,0
199644,SCH03,Bilinmiyor,49.474202,1.106329,,Public,0
199643,M2048,Bilinmiyor,49.474002,1.095561,,Public,0
199642,BRICQUEBEC - Cinema,Bilinmiyor,49.471884,-1.6315858,,Public,0
199641,BRICQUEBEC - Gare Routiere,Bilinmiyor,49.4713781,-1.6391676,,Public,0
199640,PIERREVILLE - les Beauvais,Bilinmiyor,49.4712494,-1.7876279,,Public,0
199639,"La Bertelière - 7,4 kW AC",Bilinmiyor,49.46655166,1.15168587,,Public - Pay At Location,0
199638,RELAIS DE MONTIGNY,Bilinmiyor,49.458869,0.998372,,Public,0
199637,Farges - Manoir,Bilinmiyor,49.455166,-1.812899,,Public,0
199636,M2053,Bilinmiyor,49.451629,1.094379,,Public,0
199635,LIDL CANTELEU,Bilinmiyor,49.4474373,1.026733,,Public,0
199634,M2057,Bilinmiyor,49.445346,1.09061,,Public,0
199633,Verdi_Beauvais,Bilinmiyor,49.4346244,2.1210587,,Public,0
199632,0033 - Place Lucien Busquet,Bilinmiyor,49.433568,3.471659,,Public - Pay At Location,0
199631,COEUR DU PAYS HAUT - VILLE DE CRUSNES,Izivia (Sodetrel),49.429157,5.930792,,Public,0
199630,CD54 - VILLE DE CRUSNES,Izivia (Sodetrel),49.428731,5.927649,,Public,0
199629,"Honfleur, Rue Vannier",Bilinmiyor,49.418694,0.237649,,Public,0
199628,Taim_Hotel,Bilinmiyor,49.417865,2.816443,,Public,0
199627,COEUR DU PAYS HAUT - VILLE DE ERROUVILLE,Izivia (Sodetrel),49.415974,5.902419,,Public,0
199626,LIDL GRAND QUEVILLY,Bilinmiyor,49.4153984,1.0646759,,Public,0
199625,Bois_de_plaisance_1,Bilinmiyor,49.4147,2.77538,,Public,0
199624,Parking de l'Intermarch,Bilinmiyor,49.413818,2.229977,,Public - Pay At Location,0
199623,Parking de la concession,Bilinmiyor,49.413101,2.114461,,Public - Pay At Location,0
199622,STE MERE EGLISE - Le Bourg,Bilinmiyor,49.4095477,-1.3130607,,Public,0
199621,Fasthôtel compiègne,Bilinmiyor,49.40885526410706,2.77370505338358,,Public,0
199620,"La Rivière-Saint-Sauveur, Rue du Port 44",Bilinmiyor,49.408573,0.269149,,Public,0
199619,0137 -rue du général Maunoury,Bilinmiyor,49.403089,3.113677,,Public - Pay At Location,0
199618,Parking de la Concession,Bilinmiyor,49.402385,1.115117,,Public - Pay At Location,0
199617,"Cricquebœuf, D513",Bilinmiyor,49.402374,0.138757,,Public,0
199616,Ibis Styles Compiegne,Bilinmiyor,49.402224,2.775424,,Public,0
199615,"Villerville, Place du Lavoir 11",Bilinmiyor,49.399658,0.126629,,Public,0
199614,Parking de l'Intermarch,Bilinmiyor,49.39938,2.994838,,Public - Pay At Location,0
199613,12 RUE ERNEST RENAN 76800 SAINT-ETIENNE DE RO,Qovoltis,49.39868,1.06692,,Public,0
199612,Parking de l'Intermarch,Bilinmiyor,49.397436,2.796718,,Public - Pay At Location,0
199611,"Équemauville, Place de la Paix",Bilinmiyor,49.391857,0.206739,,Public,0
199610,COEUR DU PAYS HAUT - VILLE DE MERCY,Izivia (Sodetrel),49.388744,5.75571,,Public,0
199609,"Grandcamp-Maisy, Place de la République",Bilinmiyor,49.387611,-1.041252,,Public,0
199608,ST SAUVEUR LE VICOMTE - Place de la Mairie,Bilinmiyor,49.3863739,-1.5296983,,Public,0
199607,M2037,Bilinmiyor,49.384979,1.082059,,Public,0
199606,Kiloutou_Breuil,Bilinmiyor,49.3836613,2.4592224,,Public,0
199605,"Équemauville, Chemin de la Plane",Bilinmiyor,49.383171,0.203363,,Public,0
199604,BARNEVILLE CARTERET - Mairie,Bilinmiyor,49.3821883,-1.7554556,,Public,0
199603,"Cricquebœuf, Centre hospitalier, 2",Bilinmiyor,49.381866,0.130294,,Public,0
199602,CARQUEBUT - Les Forges,Bilinmiyor,49.3798413,-1.2958843,,Public,0
199601,PICAUVILLE - Le Bourg,Bilinmiyor,49.3787366,-1.4209417,,Public,0
199600,"Vierville-sur-Mer, Route de Formigny",Bilinmiyor,49.374043,-0.904563,,Public,0
199599,BARNEVILLE CARTERET - Gare Maritime,Bilinmiyor,49.372388,-1.7906159,,Public,0
199598,"Auneuil, Rue du Stade",Bilinmiyor,49.3697,1.99482,,Public,0
199597,BARNEVILLE CARTERET - Plage,Bilinmiyor,49.3682998,-1.7690024,,Public,0
199596,CD54 - VILLE DAUDUN LE ROMAN,Izivia (Sodetrel),49.366949,5.891198,,Public,0
199595,COEUR DU PAYS HAUT - VILLE DE AUDUN LE ROMAN,Izivia (Sodetrel),49.366657,5.905749,,Public,0
199593,"Colleville-sur-Mer, Cavey",Bilinmiyor,49.359657,-0.840685,,Public,0
199592,Clos_Bertiniere,Bilinmiyor,49.357776,0.839213,,Public,0
199591,Docteur Monnot,Bilinmiyor,49.35629,6.15539,,Public,0
199590,Parking de l'Intermarch,Bilinmiyor,49.354637,0.810845,,Public - Pay At Location,0
199589,Opel Thionville,Bilinmiyor,49.354346,6.135265,,Public,0
199588,"Tourgeville, rue des terrasses",Bilinmiyor,49.35398,0.05713,,Public,0
199587,CAR AVENUE TERVILLE,Bilinmiyor,49.349901,6.145928,,Public,0
199586,"Saint-Gatien-des-Bois, Rue des Brioleurs",Bilinmiyor,49.348248,0.185999,,Public,0
199585,"Aure sur Mer, Route d'Omaha Beach",Bilinmiyor,49.347195,-0.8074,,Public,0
199584,"Touques, Place Georges Roger",Bilinmiyor,49.34425,0.103004,,Public,0
199583,"Ver-sur-Mer, Route d'Asnelles",Bilinmiyor,49.343346,-0.516991,,Public,0
199582,"Port-en-Bessin-Huppain, Avenue du Général de Gaulle",Bilinmiyor,49.34211,-0.753076,,Public,0
199581,"Blonville-sur-Mer, Rue Pierre Jacquot",Bilinmiyor,49.33881,0.027659,,Public,0
199580,"Saint-Arnoult, Avenue Michel d'Ornano",Bilinmiyor,49.338612,0.09212,,Public,0
199579,"Arromanches-les-Bains, Rue d'Instow",Bilinmiyor,49.338478,-0.623846,,Public,0
199578,PORTBAIL - Place de l'Eglise,Bilinmiyor,49.3355948,-1.6962131,,Public,0
199577,"Bernières-sur-Mer, Rue Victor Tesnière",Bilinmiyor,49.334774,-0.418581,,Public,0
199576,"Courseulles-sur-Mer, Place du Six Juin",Bilinmiyor,49.334377,-0.457717,,Public,0
199575,"Saint-Aubin-sur-Mer, Rue de Verdun",Bilinmiyor,49.332512,-0.395594,,Public,0
199574,"Saint-Aubin-sur-Mer, Place de la Gare 1",Bilinmiyor,49.327827,-0.391624,,Public,0
199573,COEUR DU PAYS HAUT - VILLE DE MONT BONVILLERS,Izivia (Sodetrel),49.327763,5.834023,,Public,0
199572,"Langrune-sur-Mer, Rue du Général Leclerc",Bilinmiyor,49.325378,-0.369945,,Public,0
199571,COEUR DU PAYS HAUT - VILLE DE TRIEUX,Izivia (Sodetrel),49.324322,5.930843,,Public,0
199570,COEUR DU PAYS HAUT - VILLE DE LANDRES,Izivia (Sodetrel),49.321175,5.804458,,Public,0
199569,LIDL COURSEULLES SUR MER,Bilinmiyor,49.3210887,-0.455859,,Public,0
199568,AIRE DE BEUZEVILLE SUD,Izivia (Sodetrel),49.320532,0.319254,,Public,0
199567,900084,Bilinmiyor,49.320468,1.179005,,Public,0
199566,"Isigny-sur-Mer, Quai Aristide Briand",Bilinmiyor,49.320122,-1.101562,,Public,0
199565,ST COME DU MONT - Maison du Parc des Marais,Bilinmiyor,49.3199395,-1.2645353,,Public,0
199564,"Luc-sur-Mer, Rue du Général Dubail",Bilinmiyor,49.318889,-0.351417,,Public,0
199563,"Saint-Benoît-d'Hébertot, L'Eglise",Bilinmiyor,49.317024,0.269729,,Public,0
199562,COEUR DU PAYS HAUT - VILLE DE TRUCQUENIEUX,Izivia (Sodetrel),49.311222,5.900021,,Public,0
199561,"Trévières, Route de Bayeux",Bilinmiyor,49.3088,-0.902956,,Public,0
199560,"Pont Sainte-Maxence, Chancelier",Freshmile,49.3074,2.6031,,Public - Pay At Location,0
199559,"Auberville, D513",Bilinmiyor,49.306469,-0.029128,,Public,0
199558,Au Tambour,Bilinmiyor,49.305,3.723,,Public,0
199557,CARENTAN - bd des Fortifications,Bilinmiyor,49.3034833,-1.2421829,,Public,0
199556,CARENTAN - la Gare,Bilinmiyor,49.3028024,-1.2448201,,Public,0
199555,"Lion-sur-Mer, Rue du 18 juin 1940",Bilinmiyor,49.302155,-0.314508,,Public,0
199554,"Houlgate, Boulevard de Saint-Philbert 1",Bilinmiyor,49.30206,-0.07457,,Public,0
199553,Parking de l'HyperU,Bilinmiyor,49.301282,-0.379956,,Public - Pay At Location,0
199552,Toufflin Witry-lès-Reims,Bilinmiyor,49.300667,4.132504,,Public,0
199551,"Surville, L'Eglise",Bilinmiyor,49.299999,0.212339,,Public,0
199550,"Hermanville-sur-Mer, Avenue Madame Coty",Bilinmiyor,49.2966,-0.30163,,Public,0
199549,"Douvres-la-Délivrande, Résidence les Portes de Douvres",Bilinmiyor,49.29459,-0.376339,,Public,0
199548,"Cabourg, Jardin du casino",Bilinmiyor,49.29363,-0.11563,,Public,0
199547,COEUR DU PAYS HAUT - VILLE DE BOULIGNY,Izivia (Sodetrel),49.293346,5.741943,,Public,0
199546,"Colleville-Montgomery, Rue du Commandant Kieffer",Bilinmiyor,49.292938,-0.283343,,Public,0
199545,Bouzonville Place du Marché,Freshmile,49.292436,6.532536,,Public,0
199544,"Sommervieu, Rue Saint-Pierre",Bilinmiyor,49.292091,-0.649742,,Public,0
199543,"Creully sur Seulles, Rue de Bayeux",Bilinmiyor,49.290745,-0.566371,,Public,0
199542,"Bény-sur-Mer, Route de Courseulles",Bilinmiyor,49.290691,-0.432045,,Public,0
199541,Bouzonville Mairie,Freshmile,49.289694,6.535945,,Public,0
199540,LA HAYE DU PUITS - Rue du Vavasseur,Bilinmiyor,49.2894615,-1.5463226,,Public,0
199539,COEUR DU PAYS HAUT - VILLE DE JOUDREVILLE,Izivia (Sodetrel),49.289143,5.77921,,Public,0
199538,"Ouistreham, Place Alfred Thomas",Bilinmiyor,49.288376,-0.258216,,Public,0
199537,"Dives-sur-Mer, Boulevard Maurice Thorez",Bilinmiyor,49.287991,-0.098968,,Public,0
199536,"Pont-l'Évêque, Rue Georges Clemenceau 42",Bilinmiyor,49.287834,0.197402,,Public,0
199535,"Cabourg, Avenue de la Mer",Bilinmiyor,49.28772,-0.116762,,Public,0
199534,"Hermanville-sur-Mer, Grande Rue",Bilinmiyor,49.286636,-0.313085,,Public,0
199533,"Creully sur Seulles, Route de Tierceville",Bilinmiyor,49.286358,-0.538061,,Public,0
199532,LIDL DIVES SUR MER,Bilinmiyor,49.2859075,-0.1096503,,Public,0
199531,"Pont-l'Évêque, Place du Maréchal Foch",Bilinmiyor,49.285782,0.186472,,Public,0
199530,MaisonPresse,Bilinmiyor,49.285,3.819,,Public,0
199529,JLR - RBC Reims,Bilinmiyor,49.283798,4.11338,,Public,0
199528,"Bayeux, Complexe EIDHOVEN",Bilinmiyor,49.283667,-0.707928,,Public,0
199527,"3 RUE DU MARAIS, Campanile Creil 60870 ST PAU",Qovoltis,49.283454,2.487995,,Public,0
199526,Mercure Cabourg,Bilinmiyor,49.282126,-0.117295,,Public,0
199525,Camping La Pommeraie - Cabourg - 24kW AC,Bilinmiyor,49.2819168,-0.1393838,,Public,0
199524,"Bayeux, Rue Montfiquet",Bilinmiyor,49.280796,-0.707942,,Public,0
199523,Carrefour Market | Cabourg,Bilinmiyor,49.279739,-0.13606,,Public,0
199522,"Merville-Franceville-Plage, Boulevard Wattier",Bilinmiyor,49.279522,-0.20465,,Public,0
199521,"Ouistreham, Place du Général de Gaulle",Bilinmiyor,49.278812,-0.250781,,Public,0
199520,"Creully sur Seulles, Rue du Moulin",Bilinmiyor,49.277843,-0.568107,,Public,0
199519,"Ouistreham, Avenue du Maréchal Foch",Bilinmiyor,49.277668,-0.257186,,Public,0
199518,"Fontaine-Henry, Rue de Scoriton",Bilinmiyor,49.276985,-0.458241,,Public,0
199517,LIDL ST PIERRE LES ELBEUF,Bilinmiyor,49.2760261,1.0317198,,Public,0
199516,"Bonneville-la-Louvet, Rue Henri Louvet",Bilinmiyor,49.27467,0.339124,,Public,0
199515,LIDL ST VIGOR LE GRAND,(Unknown Operator),49.27435193729579,-0.6867056522389703,,Public - Membership Required,2
199514,"Fontaine-Henry, Rue du Régiment de la Chaudière",Bilinmiyor,49.274509,-0.452932,,Public,0
199513,Frial_1_Prod,Bilinmiyor,49.273518,-0.691757,,Public,0
199512,"Bayeux, Boulevard Maréchal Leclerc",Bilinmiyor,49.270863,-0.706692,,Public,0
199511,FB SERVICE - Reims - All Paul Halary,Bilinmiyor,49.27058538303454,4.065153169232204,,Public,0
199510,EDEN PARK HOTEL,Bilinmiyor,49.270558,0.198547,,Public,0
199509,"1 RTE DE SAINT-LÔ, Campanile Bayeux 14400 BAY",Qovoltis,49.269887,-0.706527,,Public,0
199508,Carrefour Market | Ouistreham,Bilinmiyor,49.26807,-0.260358,,Public,0
199507,Frial_1_Siege,Bilinmiyor,49.267985,-0.677194,,Public,0
199506,"Saint-Martin-des-Entrées, Rue Claude Monet",Bilinmiyor,49.266899,-0.673939,,Public,0
199505,"Colomby-Anguerny, Rue du Bout Maçon",Bilinmiyor,49.265347,-0.406258,,Public,0
199504,"Saint-Aubin-d'Arquenay, Route de Ouistreham",Bilinmiyor,49.262711,-0.281319,,Public,0
199503,900070,Bilinmiyor,49.260914,0.975642,,Public,0
199502,"Thaon, Rue du Lavoir",Bilinmiyor,49.258343,-0.44972,,Public,0
199501,"Mathieu, Rue de la Chaussée",Bilinmiyor,49.254955,-0.373516,,Public,0
199500,"Annebault, Le Bourg",Bilinmiyor,49.252686,0.059013,,Public,0
199499,"Fierville-les-Parcs, Route de la vallée de la Touques",Bilinmiyor,49.251003,0.220548,,Public,0
199498,"Bénouville, Avenue de la Côte de Nacre",Bilinmiyor,49.24791,-0.275651,,Public,0
199497,"Blangy-le-Château, Chemin du Pont Vert",Bilinmiyor,49.245373,0.273392,,Public,0
199496,JLR - JFC - Les Andelys,Bilinmiyor,49.244701,1.40803,,Public,0
199495,"Le Molay-Littry, Le Haut Varet",Bilinmiyor,49.242004,-0.869728,,Public,0
199494,"Subles, Rue Saint-Martin 12",Bilinmiyor,49.240765,-0.750126,,Public,0
199493,"Biéville-Beuville, Place de Margetshochheim",Bilinmiyor,49.24025,-0.327253,,Public,0
199492,Parking de la concession,Bilinmiyor,49.239205,2.46489,,Public - Pay At Location,0
199491,Opel Reims,Bilinmiyor,49.238665,4.083997,,Public,0
199490,Parking de la concession,Bilinmiyor,49.236575,4.083541,,Public - Pay At Location,0
199489,"Ranville, Rue de la Vallée",Bilinmiyor,49.23476,-0.259154,,Public,0
199488,"Dozulé, Place Jean Vasnier",Bilinmiyor,49.232769,-0.042063,,Public,0
199487,"Bavent, Rue de la Petite Justice",Bilinmiyor,49.23114,-0.190402,,Public,0
199486,"Dozulé, Place du champ de Foire",Bilinmiyor,49.230087,-0.045078,,Public,0
199485,ST JEAN DE DAYE - Place de la 30e Division d'Infanterie US,Bilinmiyor,49.2283939,-1.1364357,,Public,0
199484,"Blainville-sur-Orne, Rue du Général de Gaulle",Bilinmiyor,49.228291,-0.298162,,Public,0
199483,Volvo Caen,Bilinmiyor,49.227121,-0.367229,,Public,0
199482,Parking de la Concession,Bilinmiyor,49.227094,4.099132,,Public - Pay At Location,0
199481,"Blainville-sur-Orne, Rue Maurice Hébert",Bilinmiyor,49.226357,-0.303067,,Public,0
199480,"Crépy-en-Valois, Kennedy",Freshmile,49.2262,2.88133,,Public - Pay At Location,0
199479,Ariston,Bilinmiyor,49.225742,3.738884,,Public,0
199478,LIDL LOUVIERS,Bilinmiyor,49.2254847,1.1676349,,Public,0
199477,"Épron, Rue Éole",Bilinmiyor,49.220695,-0.37422,,Public,0
199476,LM - Hauconcourt,Bilinmiyor,49.220375,6.1772,,Public,0
199475,"Ellon, Haut d'Ellon",Bilinmiyor,49.220016,-0.677874,,Public,0
199474,"Le Tronquay, La Tuilerie",Bilinmiyor,49.219543,-0.789644,,Public,0
199473,LESSAY - Place St Cloud,Bilinmiyor,49.2189767,-1.5355451,,Public,0
199472,"Chamant, Gymnase",Freshmile,49.2185,2.61002,,Public - Pay At Location,0
199471,"Chamant, Rue du Poteau",Bilinmiyor,49.2182,2.59498,,Public,0
199470,KIA - Hérouville-Saint-Clair - 22kW AC,Bilinmiyor,49.214436,-0.347742,,Public,0
199469,"Hérouville-Saint-Clair, Avenue de Garbsen",Bilinmiyor,49.213123,-0.342878,,Public,0
199468,"Thue et Mue, Place des Canadiens 1",Bilinmiyor,49.212273,-0.514652,,Public,0
199467,LESSAY - Le rond Point,Bilinmiyor,49.2121913,-1.5276278,,Public,0
199466,Parking de l'Intermarch,Bilinmiyor,49.210558,1.1819,,Public - Pay At Location,0
199465,"Rots, Rue Haute Bonny",Bilinmiyor,49.205502,-0.476986,,Public,0
199464,"Bonnebosq, Avenue du Verdun",Bilinmiyor,49.204884,0.079897,,Public,0
199463,M2055,Bilinmiyor,49.204627,-0.395657,,Public,0
199462,"Colombelles, Place Francois Mitterand",Bilinmiyor,49.204266,-0.296286,,Public,0
199461,Volvo Chantilly,Bilinmiyor,49.204187,2.461236,,Public,0
199460,"Caen, Rue des Acadiens",Bilinmiyor,49.204082,-0.380302,,Public,0
199459,"Thue et Mue, Rue de la Gare 13",Bilinmiyor,49.203705,-0.512477,,Public,0
199458,"Caen, Rue Professeur Joseph Rousselot",Bilinmiyor,49.203658,-0.359741,,Public,0
199457,"Hérouville-Saint-Clair, Rue Guyon de Guercheville",Bilinmiyor,49.2024,-0.345371,,Public,0
199456,"Chantilly, Europe",Freshmile,49.2023,2.46336,,Public - Pay At Location,0
199455,"Hérouville-Saint-Clair, Place du Café des Images",Bilinmiyor,49.202087,-0.332626,,Public,0
199454,CREANCES - Rue des Ecoles,Bilinmiyor,49.200886,-1.5640155,,Public,0
199453,"Coquainvilliers, Rue du Manoir de Prie 1",Bilinmiyor,49.2001,0.212054,,Public,0
199452,"Caen, Esplanade Brillaud de Laujardière",Bilinmiyor,49.199852,-0.380138,,Public,0
199451,"Rots, Route de Caen",Bilinmiyor,49.199406,-0.471729,,Public,0
199450,"Caen, Rue de la Défense Passive",Bilinmiyor,49.199177,-0.365122,,Public,0
199449,"Norolles, Le Bourg",Bilinmiyor,49.198738,0.242383,,Public,0
199448,"Caen, Place Champlain",Bilinmiyor,49.197529,-0.347497,,Public,0
199447,"Moyaux, Rue Gustave Flaubert",Bilinmiyor,49.19585,0.357187,,Public,0
199446,"Thue et Mue, Rue du 11 Juin 1944",Bilinmiyor,49.195198,-0.545198,,Public,0
199445,"Cuverville, Rue de Sannerville",Bilinmiyor,49.192703,-0.263063,,Public,0
199444,ST CLAIR SUR L'ELLE - Place de la Mairie,Bilinmiyor,49.1916925,-1.0292342,,Public,0
199443,"Caen, Avenue Président Coty",Bilinmiyor,49.191658,-0.396299,,Public,0
199442,LIDL COLOMBELLES,Bilinmiyor,49.1910497,-0.3017575,,Public,0
199441,Parking de la Concession,Bilinmiyor,49.190767,-0.439687,,Public - Pay At Location,0
199440,"Caen, Le Clos Joli",Bilinmiyor,49.190582,-0.34179,,Public,0
199439,"Colombelles, Rue Irène Joliot-Curie",Bilinmiyor,49.18866,-0.308223,,Public,0
199438,"Beuvron-en-Auge, Avenue de la Gare",Bilinmiyor,49.187656,-0.047522,,Public,0
199437,"Caen, Rue du Vaugueux",Bilinmiyor,49.187054,-0.360357,,Public,0
199436,PERIERS - Place de la Halle,Bilinmiyor,49.1868957,-1.4060821,,Public,0
199435,"Caen, Rue Chanoine Xavier de Saint Pol",(Unknown Operator),49.18668,-0.366633,,Public,2
199434,"Carpiquet, Avenue Charles de Gaulle",Bilinmiyor,49.185043,-0.44147,,Public,0
199433,"MobiSDEC Caen, Rue Gemare",(Unknown Operator),49.184155,-0.364503,,Public,0
199432,"Caen, Avenue Pierre Berthelot",Bilinmiyor,49.183704,-0.346506,,Public,0
199431,"Colombelles, Rue de la Coopérative",Bilinmiyor,49.18362,-0.30948,,Public,0
199430,LIDL CAEN,Bilinmiyor,49.182863,-0.370679,,Public,0
199429,Fast automobile Verdun,Bilinmiyor,49.18286,5.368877,,Public,0
199428,"Balleroy-sur-Drôme, Rue du Sapin",Bilinmiyor,49.182762,-0.834075,,Public,0
199427,"Caen, Boulevard Georges Pompidou",Bilinmiyor,49.182137,-0.402715,,Public,0
199426,"Ouilly-le-Vicomte, Route de Deauville",Bilinmiyor,49.182022,0.224748,,Public,0
199425,"Caen, Cours Caffarelli",Bilinmiyor,49.181694,-0.346611,,Public,0
199424,"Caen, Place du parvis Notre Dame",Bilinmiyor,49.180958,-0.365959,,Public,0
199423,"Saint-Manvieu-Norrey, Rue de l'église",Bilinmiyor,49.180573,-0.497137,,Public,0
199422,"Caen, Place de la Résistance 6",Bilinmiyor,49.180374,-0.355928,,Public,0
199421,"Caen, Place Guillouard",Bilinmiyor,49.180359,-0.371259,,Public,0
199420,Mercure Forbach,Bilinmiyor,49.178504,6.899705,,Public,0
199419,"Caen, Rue Rosa Parks",Bilinmiyor,49.178352,-0.348103,,Public,0
199418,"Mondeville, Rue Calmette",Bilinmiyor,49.178341,-0.317765,,Public,0
199417,"Saline, Rue du maréchal Leclerc",Bilinmiyor,49.178085,-0.220241,,Public,0
199416,"Démouville, Rue du Cimetière",Bilinmiyor,49.177143,-0.266243,,Public,0
199415,"Tilly-sur-Seulles, Rue du Stade 1",Bilinmiyor,49.176746,-0.624253,,Public,0
199414,"Caen, Avenue Albert Sorel",Bilinmiyor,49.176125,-0.369844,,Public,0
199413,"Caen, Avenue Enchanteur Merlin",Bilinmiyor,49.175629,-0.401482,,Public,0
199412,"Fontaine Chaalis, Parking Mairie",Freshmile,49.1722,2.68402,,Public - Pay At Location,0
199411,"Mondeville, Rue Emile Zola 1",Bilinmiyor,49.172173,-0.318416,,Public,0
199410,"Mondeville, Route de Rouen",Bilinmiyor,49.171944,-0.303376,,Public,0
199409,Toyota - Mondeville - 22kW AC,Bilinmiyor,49.17014,-0.323404,,Public,0
199408,Hôtel Orchidées,Bilinmiyor,49.17,5.42,,Public,0
199407,JLR - JFC - Lisieux,Bilinmiyor,49.168598,0.218674,,Public,0
199406,Parking de l'Intermarch,Bilinmiyor,49.166987,1.335573,,Public - Pay At Location,0
199405,PIROU - Huguet de Semonville,Bilinmiyor,49.166556,-1.596063,,Public,0
199404,"Bretteville-sur-Odon, Place de la Mairie",Bilinmiyor,49.16581,-0.417781,,Public,0
199403,PONT-HEBERT - Rue des Juifs,Bilinmiyor,49.1642203,-1.1278249,,Public,0
199402,LE MESNIL VIGOT - La Rivière de Haut,Bilinmiyor,49.1611428,-1.2819547,,Public,0
199401,"Caen, Avenue du Père Charles de Foucauld",Bilinmiyor,49.161114,-0.360565,,Public,0
199400,"Louvigny, Rue Edouard Boubat",Bilinmiyor,49.160816,-0.399309,,Public,0
199399,"Caen, Place de la Liberté",Bilinmiyor,49.160675,-0.34267,,Public,0
199398,"Cahagnolles, Place de la Mairie",Bilinmiyor,49.158428,-0.761437,,Public,0
199397,Domaine de Litteau - Litteau,Bilinmiyor,49.158077,-0.922865,,Public,0
199396,"Verson, Rue de Joal",Bilinmiyor,49.1567,-0.450656,,Public,0
199395,"Cormelles-le-Royal, Rue des Écoles",Bilinmiyor,49.155018,-0.332007,,Public,0
199394,Faade de la Concession,Bilinmiyor,49.15489,6.156564,,Public - Pay At Location,0
199393,Opel Metz,Bilinmiyor,49.153388,6.15858,,Public,0
199392,"Fleury-sur-Orne, Avenue d'Harcourt",Bilinmiyor,49.152481,-0.371682,,Public,0
199391,P+R Woippy,Freshmile,49.150647,6.1728225,,Public,0
199390,"Ifs, Avenue Jean Vilar",Bilinmiyor,49.150547,-0.350859,,Public,0
199389,"Grentheville, Rue Urbain Cardon",Bilinmiyor,49.149944,-0.288273,,Public,0
199388,"Cambremer, Avenue des Tilleuls",Bilinmiyor,49.149574,0.046794,,Public,0
199387,Daltoner Caen,Bilinmiyor,49.1485,-0.3751,,Public,0
199386,"Lisieux, Rue Nicolas Dulong 102",Bilinmiyor,49.146912,0.268813,,Public,0
199385,"Cagny, Allée Saint Germain 33",Bilinmiyor,49.146415,-0.254735,,Public,0
199384,LIDL LISIEUX,Bilinmiyor,49.145128,0.271643,,Public,0
199383,"Lisieux, Rue du Gaz",Bilinmiyor,49.143112,0.221156,,Public,0
199382,Kiloutou_Metz,Bilinmiyor,49.1430956,6.1765802,,Public,0
199381,"Fontaine-Étoupefour, Impasse du Stade Jules Quesnel",Bilinmiyor,49.142525,-0.457769,,Public,0
199380,"Notre-Dame-d'Estrées-Corbon, Carrefour Saint-Jean",Bilinmiyor,49.14109,-0.009537,,Public,0
199379,Coprodex,Bilinmiyor,49.140776,6.688881,,Public,0
199378,VERDUN,Izivia (Sodetrel),49.140617,5.409807,,Public,0
199377,"Ifs, Rue des Pyrénées",Bilinmiyor,49.140018,-0.355094,,Public,0
199376,"Marolles, Le Bourg",Bilinmiyor,49.138321,0.371768,,Public,0
199375,"Lisieux, Rue des Blanches Portes",Bilinmiyor,49.138123,0.229788,,Public,0
199374,"Ifs, Esplanade François Mitterrand",Bilinmiyor,49.137749,-0.349523,,Public,0
199373,M2050,Bilinmiyor,49.137233,1.313367,,Public,0
199372,"Saint-Désir, Chemin du Stade",Bilinmiyor,49.137093,0.202366,,Public,0
199371,"Saint-Désir, Route de Falaise",Bilinmiyor,49.136806,0.207578,,Public,0
199370,"Méry-Bissières-en-Auge, Place Saint-Martin",Bilinmiyor,49.136223,-0.082768,,Public,0
199369,"Grainville-sur-Odon, Rue de la Libération",Bilinmiyor,49.135658,-0.526418,,Public,0
199368,ST GEORGES D'ELLE,Bilinmiyor,49.1354216,-0.9757299,,Public,0
199367,HEBECREVON,Bilinmiyor,49.133094,-1.175209,,Public,0
199366,ST SAUVEUR LENDELIN - Mairie,Bilinmiyor,49.130605,-1.41135,,Public,0
199365,P+R Rochambeau,Bilinmiyor,49.1303076,6.1707429,,Public,0
199364,"Cormolain, Place de la Mairie",Bilinmiyor,49.129959,-0.856212,,Public,0
199363,HYUNDAI LISIEUX,Freshmile,49.1296,0.2549,,Public,0
199362,"Maltot, Rue du Dorset",Bilinmiyor,49.128597,-0.422221,,Public,0
199361,Ambroise Avocat,Bilinmiyor,49.1281,-1.0936,,Public,0
199360,"Castine-en-Plaine, Rue des Tilleuls",Bilinmiyor,49.127815,-0.316764,,Public,0
199359,"Argences, Rue Gueritot",Bilinmiyor,49.127666,-0.165716,,Public,0
199358,AIRE DE TARDENOIS SUD,Izivia (Sodetrel),49.125949,3.536518,,Public,0
199357,"Bellengreville, Route de Paris 1",Bilinmiyor,49.124958,-0.207299,,Public,0
199356,"Glos, Rue d'Orbec",Bilinmiyor,49.124573,0.276981,,Public,0
199355,"Mézidon Vallée d'Auge, D613",Bilinmiyor,49.121693,-0.101527,,Public,0
199354,"Val d'Arry, Place de l'Église",Bilinmiyor,49.121574,-0.567159,,Public,0
199353,Parking PAIXHANS,Bilinmiyor,49.1213309,6.1849207,,Public,0
199352,INTERMARCHE METZ,Izivia (Sodetrel),49.120483,6.221395,,Public,0
199351,ST LO - Dollee,Bilinmiyor,49.11941,-1.087859,,Public,0
199350,AGNEAUX - Rue du Général de Gaulle,Bilinmiyor,49.1168854,-1.1135212,,Public,0
199349,"Moult-Chicheboville, Route de Paris",Bilinmiyor,49.116592,-0.167836,,Public,0
199348,ST LO - Champs de Mars,Bilinmiyor,49.116522,-1.086968,,Public,0
199347,ST LO - Gare,Bilinmiyor,49.116437,-1.100014,,Public,0
199346,Parking REPUBLIQUE,Freshmile,49.1155152,6.1713654,,Public,0
199345,ST LO - Cité administrative,Bilinmiyor,49.115154,-1.095834,,Public,0
199344,Parking COISLIN,Bilinmiyor,49.115003,6.180051,,Public,0
199343,Hotel Saint Walfrid,Freshmile,49.114638,7.04449,,Public,0
199342,Mairie de Scy-Schazelles,Bilinmiyor,49.1139599,6.1166312,,Public,0
199341,"Feuguerolles-Bully, Rue Henri Rosel",Bilinmiyor,49.113762,-0.403748,,Public,0
199340,EGSM,Bilinmiyor,49.113056,7.100756,,Public,0
199339,AGNEAUX - Rue Antoine LAVOISIER,Bilinmiyor,49.1121181,-1.132432,,Public,0
199338,ST LO - Mersier,Bilinmiyor,49.111507,-1.069148,,Public,0
199337,CHAPITEAUX SERVICE,Bilinmiyor,49.108611,7.109555,,Public,0
199336,"Caumont-sur-Aure, Le Bourg",Bilinmiyor,49.108475,-0.765131,,Public,0
199335,"Le Mesnil-Guillaume, Route d'Orbec",Bilinmiyor,49.108196,0.29001,,Public,0
199334,CAP EMPLOI,Bilinmiyor,49.105209,7.061562,,Public,0
199333,ST LO - Ronchettes,Bilinmiyor,49.104373,-1.064822,,Public,0
199332,"Évrecy, Rue de la Cabottière",Bilinmiyor,49.101223,-0.504844,,Public,0
199331,ST LO - Maison du Département,Bilinmiyor,49.100755,-1.116682,,Public,0
199330,"Valambray, Rue du Pressoir",Bilinmiyor,49.10059,-0.151468,,Public,0
199329,MARIGNY - Rue du 8 Mai 45,Bilinmiyor,49.1000191,-1.2436855,,Public,0
199328,St. Lo,Bilinmiyor,49.09977,-1.07595,,Public,0
199327,BMW SAINT LO,Freshmile,49.099006646465995,-1.0806232971429495,,Public,0
199326,M2069,Bilinmiyor,49.099732,1.472023,,Public,0
199325,FOURNIER,Freshmile,49.099573,7.05901,,Public,0
199324,GOUVILLE SUR MER - Plage,Bilinmiyor,49.0993255,-1.6079197,,Public,0
199323,"Évrecy, Place de la Mairie",Bilinmiyor,49.098824,-0.502256,,Public,0
199322,GOUVILLE SUR MER - Crédit Mutuel,Bilinmiyor,49.0965681,-1.5794053,,Public,0
199321,SAINT JEAN D'ELLE - Salle des Fêtes,Bilinmiyor,49.094013,-0.97429,,Public,0
199320,P+R Foire Expo,Bilinmiyor,49.0912503,6.2323055,,Public,0
199319,"Caumont-sur-Aure, Rue de la Ferière",Bilinmiyor,49.090714,-0.806385,,Public,0
199318,MARIGNY - aire de covoiturage,Bilinmiyor,49.0897834,-1.2491715,,Public,0
199317,SIGEIF - RUE FAUBERT - BELLOY,Izivia (Sodetrel),49.087523,2.36695,,Public,0
199316,"Amayé-sur-Orne, Grande Rue",Bilinmiyor,49.08564,-0.439307,,Public,0
199315,"Laize-Clinchamps, D41",Bilinmiyor,49.085377,-0.424286,,Public,0
199314,MobiSDEC - Villers-Bocage,(Unknown Operator),49.080152,-0.651174,Villiers-Bocage,Public - Membership Required,2
199313,"Villers-Bocage, Rue des Halles",Bilinmiyor,49.07996,-0.657508,,Public,0
199312,SIGEIF - 2  BIS HAMEAU DU BEAU JAY - BELLOY-EN-FRANCE,Izivia (Sodetrel),49.079916,2.353092,,Public,0
199311,CANISY - Rue Jean Follain,Bilinmiyor,49.0762621,-1.1732257,,Public,0
199310,MDF / MOBILIER FRANCE,ChargePoint,49.07497427037369,6.103798160713216,,Public - Pay At Location,0
199308,"Le Castelet, Chemin de la Jalousie",Bilinmiyor,49.073658,-0.298521,,Public,0
199306,"Mézidon Vallée d'Auge, Rue Voltaire",Bilinmiyor,49.071609,-0.073146,,Public,0
199305,SIGEIF - 3 RUE DES TILLEULS - MONTSOULT,Izivia (Sodetrel),49.06973,2.307657,,Public,0
199304,SIGEIF - PARKING RELAIS FOURCADE - MONTSOULT,Izivia (Sodetrel),49.067314,2.320821,,Public,0
199303,"Cahagnes, D54",Bilinmiyor,49.066422,-0.767352,,Public,0
199302,M2046,Bilinmiyor,49.060974,-1.426363,,Public,0
199301,Parking La Bucherie,Bilinmiyor,49.06086,1.74142,,Public - Pay At Location,0
199300,Parking BSCM,Bilinmiyor,49.06,1.47,,Public,0
199299,JLR - JFC - Evreux,Bilinmiyor,49.058998,1.17257,,Public,0
199298,"Saint-Sylvain, Impasse des Semences",Bilinmiyor,49.057525,-0.21517,,Public,0
199297,Parking de la Concession,Bilinmiyor,49.054743,2.023774,,Public - Pay At Location,0
199296,COUTANCES - la Paletière,Bilinmiyor,49.054234,-1.4666847,,Public,0
199295,Opel Epernay,Bilinmiyor,49.053925,3.954702,,Public,0
199294,"Valorbiquet, Route de Copplestone",Bilinmiyor,49.053543,0.297287,,Public,0
199293,CONDE SUR VIRE - Le Bourg - Place de la mairie,Bilinmiyor,49.0517922,-1.0375894,,Public,0
199292,COUTANCES - Stade,Bilinmiyor,49.0515211,-1.4536927,,Public,0
199291,SIGEIF - PARKING DU STADE MUNICIPAL - FONTENAY EN PARISIS,Izivia (Sodetrel),49.050178,2.444934,,Public,0
199290,SIGEIF - RUE MAITRE RENAUD - FONTENAY-EN-PARISIS,Izivia (Sodetrel),49.049662,2.451673,,Public,0
199289,"Montillières-sur-Orne, Le bourg",Bilinmiyor,49.049606,-0.477086,,Public,0
199288,AGON-COUTAINVILLE - Avenue du Golf,Bilinmiyor,49.0490526,-1.5985858,,Public,0
199287,COUTANCES - Place de la Croute,Bilinmiyor,49.0486743,-1.4412921,,Public,0
199286,CONDE SUR VIRE - Le Sault,Bilinmiyor,49.0483967,-1.0025626,,Public,0
199285,SIGEIF - RUE LOUISE MICHEL - BOUFFEMONT,Izivia (Sodetrel),49.045307,2.322472,,Public,0
199284,"Bretteville-sur-Laize, Rue des Canadiens",Bilinmiyor,49.044224,-0.326488,,Public,0
199283,COUTANCES - Gare,Bilinmiyor,49.0438633,-1.4400962,,Public,0
199282,SIGEIF - 23  RUE DES CORDONNIERS - BOUFFEMONT,Izivia (Sodetrel),49.041152,2.310958,,Public,0
199281,Intermarché - Freneuse - 22kW AC,Bilinmiyor,49.0396456,1.5922295,,Public,0
199280,City Pro,VIRTA,49.03838471,4.32369937,,Public,0
199279,CHATEAU THIERRY,Freshmile,49.0368902,3.3900578,,Public,0
199278,Volvo St Ouen l'Aumône,Bilinmiyor,49.035994,2.12245,,Public,0
199277,"Gouvix, Place François Mitterrand",Bilinmiyor,49.034939,-0.303596,,Public,0
199276,TORIGNY LES VILLES - ORANGERIE,Bilinmiyor,49.034503,-0.97762,,Public,0
199275,vohcergy,Bilinmiyor,49.0342177,2.083269,,Public,0
199274,SIGEIF - AVENUE JEAN JAURES - DOMONT,Izivia (Sodetrel),49.033346,2.339881,,Public,0
199273,SIGEIF - PARKING DE LA GARE - DOMONT,Izivia (Sodetrel),49.032846,2.336956,,Public,0
199272,SIGEIF - RUE DE LA MAIRIE - DOMONT,Izivia (Sodetrel),49.027391,2.326929,,Public,0
199271,CERISY LA SALLE - Rue des Ecoles,Bilinmiyor,49.0258146,-1.2832819,,Public,0
199270,337 RUE GAY LUSSAC 27000 EVREUX,Qovoltis,49.02531,1.18507,,Public,0
199269,"Urville, Route de Langannerie/D131",Bilinmiyor,49.024796,-0.292248,,Public,0
199268,"La Vespière-Friardel, Beausoleil",Bilinmiyor,49.024189,0.419354,,Public,0
199267,"Les Monts d'Aunay, Place du Marché",(Unknown Operator),49.021641,-0.633224,,Public,0
199266,"Orbec, Place Maréchal Foch 1",Bilinmiyor,49.020981,0.405064,,Public,0
199265,"Saint-Pierre-en-Auge, Place Gombault",Bilinmiyor,49.02076,-0.030718,,Public,0
199264,"Dialan sur Chaîne, Impasse de la Gare",Bilinmiyor,49.02071,-0.739149,,Public,0
199263,HOTEL LES NYMPHEAS,Bilinmiyor,49.02018,1.484533,,Public,0
199262,LIDL ST PIERRE SUR DIVES,Bilinmiyor,49.020012,-0.0373753,,Public,0
199261,"Saint-Pierre-en-Auge, Rue des Sports",Bilinmiyor,49.016411,-0.028522,,Public,0
199260,"Grainville-Langannerie, Rue de Lapford",Bilinmiyor,49.014362,-0.268632,,Public,0
199259,"Souleuvre en Bocage, Rue des écoles",Bilinmiyor,49.011806,-0.845168,,Public,0
199258,SIGEIF - CHEMIN SAINT DENIS - THILLAY,Izivia (Sodetrel),49.009207,2.479328,,Public,0
199257,1 AVENUE DE LA DEMI-LUNE 95700 ROISSY EN FRAN,Qovoltis,49.00741,2.49332,,Public,0
199256,SIGEIF - RUE HOUDART - ROISSY-EN-FRANCE,Izivia (Sodetrel),49.006211,2.515321,,Public,0
199255,"Livarot-Pays-d'Auge, Place Georges Bisson",Bilinmiyor,49.004524,0.149838,,Public,0
199254,Z2028,Bilinmiyor,49.00436,1.077299,,Public,0
199253,SIGEIF - RUE DU 18 JUIN - MARGENCY,Izivia (Sodetrel),49.003723,2.288179,,Public,0
199252,SIGEIF - 68  RUE DE PARIS - LE THILLAY,Izivia (Sodetrel),49.002593,2.471163,,Public,0
199251,"Dialan sur Chaîne, La Butte",Bilinmiyor,49.002502,-0.753121,,Public,0
199250,CENTRE DE REEDUCATION DE L'OISEAU BLANC,Bilinmiyor,49.001804,1.675712,,Public,0
199249,"Saint-Germain-le-Vasson, Le Bourg/D237",Bilinmiyor,49.000648,-0.303315,,Public,0
199248,Volvo Roissy,Bilinmiyor,48.999531,2.511095,,Public,0
199247,SIGEIF - 23  AVENUE DE LA 1ERE ARMEE FRANCAISE - MONTMORENCY,Izivia (Sodetrel),48.999316,2.321968,,Public,0
199246,LIDL EVREUX,Bilinmiyor,48.9978196,1.1550216,,Public,0
199245,Hyundai Gonesse,Bilinmiyor,48.997756,2.419238,,Public,0
199244,SIGEIF - PLACE DE LA LIBERATION - SARCELLES,Izivia (Sodetrel),48.99638,2.377945,,Public,0
199243,Mazda - Angerville-la-Campagne - 7kW AC,Bilinmiyor,48.995907,1.155058,,Public,0
199242,VOHSarcelles,Bilinmiyor,48.9953677,2.3896085,,Public,0
199241,VAL SERVICES,Bilinmiyor,48.993054,1.682693,,Public,0
199240,Mazda - Buchelay - 7kW AC,Bilinmiyor,48.991536,1.676037,,Public,0
199239,BSMD / BORNE 2,ChargePoint,48.990967678470696,2.517450177999817,,Public - Pay At Location,0
199238,AEROVILLE - BALI MARKET,Izivia (Sodetrel),48.9908,2.523685,,Public,0
199237,"Le Hom, Voie verte de la Suisse Normande",Bilinmiyor,48.989704,-0.481821,,Public,0
199236,SIGEIF - RUE DU DOCTEUR DEMIRLEAU - MONTMORENCY,Izivia (Sodetrel),48.988914,2.319999,,Public,0
199235,MONTMARTIN SUR MER - Place de l’eglise,Bilinmiyor,48.988262,-1.523626,,Public,0
199234,GUILBERVILLE,Bilinmiyor,48.988129,-0.949023,,Public,0
199233,Premiere Classe - Sarcelles,Bilinmiyor,48.98659,2.388259,,Public,0
199232,"Le Hom, Rue de Beauvoir",Bilinmiyor,48.986382,-0.472951,,Public,0
199231,"Le Hom, Place du Général de Gaulle",Bilinmiyor,48.9856,-0.478406,,Public,0
199230,SDE50 - Aire de covoiturage Le Saussey,Ouest Charge,48.983317,-0.954338,Torigny-les-Villes,Public - Membership Required,2
199229,SIGEIF - 49  AVENUE DU MARECHAL PIERRE KOEING - SARCELLES,Izivia (Sodetrel),48.980861,2.383546,,Public,0
199228,SIGEIF - RUE MARCEL PAUL - MITRY-MORY,Izivia (Sodetrel),48.98021,2.612309,,Public,0
199227,Mitry Mory,Bilinmiyor,48.98,2.63,,Public,0
199226,SIGEIF - AVENUE PAUL VALERY - SARCELLES,Izivia (Sodetrel),48.97929,2.380766,,Public,0
199225,HAUTEVILLE SUR MER - Place des Robans,Bilinmiyor,48.9774889,-1.5568028,,Public,0
199224,SIGEIF - PLACE ANDRE GIDE - SARCELLES,Izivia (Sodetrel),48.976697,2.370779,,Public,0
199223,"Jort, Rue des Ponts",Bilinmiyor,48.975983,-0.079796,,Public,0
199222,SIGEIF - 147  AVENUE DE LA DIVISION LECLERC - ENGHIEN-LES-BAINS,Izivia (Sodetrel),48.974918,2.308342,,Public,0
199221,SIGEIF - 3  RUE PAUL GAUGUIN - MITRY-MORY,Izivia (Sodetrel),48.974569,2.642232,,Public,0
199220,TESSY SUR VIRE - Rue des Anciennes Halles,Bilinmiyor,48.9734709,-1.0591078,,Public,0
199219,SIGEIF - 4  RUE JEAN MONNET - MONTMORENCY,Izivia (Sodetrel),48.973415,2.312299,,Public,0
199218,SIGEIF - 19 RUE DE LARRIVEE - ENGHIEN-LES-BAINS,Izivia (Sodetrel),48.972892,2.306583,,Public,0
199217,"Courcy, Le Bourg",Bilinmiyor,48.972824,-0.045529,,Public,0
199216,SIGEIF - 26  RUE D’ERMONT - SAINT-GRATIEN,Izivia (Sodetrel),48.972823,2.279536,,Public,0
199215,SIGEIF - 62 RUE DE LA BARRE - DEUIL-LA-BARRE,Izivia (Sodetrel),48.972669,2.322788,,Public,0
199214,"Potigny, Rue du Marché",Bilinmiyor,48.96925,-0.242004,,Public,0
199213,SIGEIF - 2  PLACE DE VERDUN - ENGHIEN-LES-BAINS,Izivia (Sodetrel),48.968482,2.310159,,Public,0
199212,QUETTREVILLE SUR SIENNE - Salle des Fetes,Bilinmiyor,48.968137,-1.4689422,,Public,0
199211,FR*QOV*78-00003,Qovoltis,48.9671215,1.8478441,,Public,0
199210,SIGEIF - 2  RUE DE LA COUSSAYE - ENGHIEN-LES-BAINS,Izivia (Sodetrel),48.966448,2.301669,,Public,0
199209,SIGEIF - 47  RUE BERTHIE ALBRECHT - SAINT GRATIEN,Izivia (Sodetrel),48.965992,2.284068,,Public,0
199208,"Souleuvre en Bocage, Le bourg",Bilinmiyor,48.965939,-0.830717,,Public,0
199207,SIGEIF - 120 ROUTE DE SAINT DENIS - DEUIL-LA-BARRE,Izivia (Sodetrel),48.965586,2.320497,,Public,0
199206,Metropolis - Citadine - Pierrefitte-sur-Seine - Général de Gaulle,Bilinmiyor,48.964743,2.371155,,Public,0
199205,NOVALOU - Epône,Bilinmiyor,48.964624,1.809616,,Public,0
199204,Metropolis - Citadine - Villepinte - Hôtel de Ville,Bilinmiyor,48.963427,2.534704,,Public,0
199203,Metropolis - Pierrefitte-sur-Seine - Gabriel Péri,Métropolis,48.963355,2.35897,Pierrefitte-sur-Seine,Public,4
199202,Metropolis - Citadine - Pierrefitte-sur-Seine - Salvador Allende,Bilinmiyor,48.963039,2.361983,,Public,0
199201,BORNE GAZZOLA / DEPOT GMT,ChargePoint,48.96229836413317,2.396139867956166,,Public - Pay At Location,0
199199,Metropolis - Citadine - Villetaneuse - Etienne Fajon,Bilinmiyor,48.960564,2.3438,,Public,0
199198,Metropolis - Proximité - Epinay-sur-Seine - Fitzelin,Bilinmiyor,48.96022052,2.30625586,,Public,0
199197,Metropolis - Proximité - Epinay-sur-Seine - Route d'Argenteuil,Bilinmiyor,48.95992322,2.29162062,,Public,0
199196,SIGEIF - 12  RUE DES RAGUENETS - SAINT GRATIEN,Izivia (Sodetrel),48.95965,2.284159,,Public,0
199195,Metropolis - Proximité - Epinay-sur-Seine - Avenir,Bilinmiyor,48.95828488,2.32608577,,Public,0
199194,SIGEIF - 7  PLACE DU CAPITAINE CHAUVELOT - ARGENTEUIL,Izivia (Sodetrel),48.957323,2.287242,,Public,0
199193,ARGENTEUIL,Freshmile,48.9565006,2.2566243,,Public,0
199192,Metropolis - Citadine - Villepinte - Norbert Segard,Bilinmiyor,48.956136,2.539899,,Public,0
199191,Metropolis - Citadine - Villetaneuse - Division Leclerc,Bilinmiyor,48.955912,2.344242,,Public,0
199190,Metropolis - Citadine - Stains - Bois Moussay,Bilinmiyor,48.955523,2.367743,,Public,0
199189,Metropolis - Citadine - Dugny - Gabriel Péri,Bilinmiyor,48.954492,2.416538,,Public,0
199188,41 RUE DES VOSGES 67110 REICHSHOFFEN,Qovoltis,48.95363,7.70936,,Public,0
199187,Metropolis - Aulnay-sous-Bois - Michel Ange,Métropolis,48.953583,2.484809,Aulnay-sous-Bois,Public,4
199186,Metropolis - Villepinte - Rêve,Métropolis,48.95325,2.562364,Villepinte,Public,4
199185,SIGEIF - PLACE FRANCOIS MAURIAC - VILLEPARISIS,Izivia (Sodetrel),48.953031,2.612862,,Public,0
199184,Metropolis - Citadine - Stains - Marcel Pointet,Bilinmiyor,48.952051,2.381677,,Public,0
199183,MINOTTI-TRANS,Bilinmiyor,48.95141080000001,2.4648423,,Public,0
199182,SIGEIF - ALLEE ROMAIN ROLLAND - ARGENTEUIL - 2,Izivia (Sodetrel),48.950894,2.230882,,Public,0
199181,SIGEIF - 140  AVENUE EUGENE VARLIN - VILLEPARISIS,Izivia (Sodetrel),48.950792,2.601128,,Public,0
199180,Metropolis - Citadine - Epinay-sur-Seine - Foch,Bilinmiyor,48.94929234,2.32986937,,Public,0
199179,Metropolis - Citadine - Aulnay-sous-Bois - Jacquard,Bilinmiyor,48.94913362,2.48856985,,Public,0
199178,SIGEIF - PLACE ARISTIDE BRIAND - ARGENTEUIL,Izivia (Sodetrel),48.948752,2.257649,,Public,0
199177,HAMBYE - Place de la Mairie,Bilinmiyor,48.9483719,-1.2642285,,Public,0
199176,Metropolis - Citadine - Saint-Denis - 19 mars 1962,Bilinmiyor,48.947939,2.35408,,Public,0
199175,SIGEIF - 11  BOULVERARD DU GENERAL LECLERC - ARGENTEUIL,Izivia (Sodetrel),48.947107,2.239076,,Public,0
199174,Codigel,Bilinmiyor,48.9466409,1.9314962,,Public,0
199173,Metropolis - Citadine - Sevran - Dumont d'Urville,Bilinmiyor,48.946546,2.522605,,Public,0
199172,SIGEIF - 4  CHEMIN DES PETITS MARAIS - GENNEVILLIERS,Izivia (Sodetrel),48.946266,2.303511,,Public,0
199171,SIGEIF - 1  RUE DE LA POSTE PROLONGE - ARGENTEUIL,Izivia (Sodetrel),48.945741,2.250294,,Public,0
199170,SIGEIF - 23  RUE DE LA DIGUE - MAISONS-LAFFITTE,Izivia (Sodetrel),48.943852,2.151554,,Public,0
199169,Metropolis - Citadine - Saint-Denis - Promenade Basilique,Bilinmiyor,48.942317,2.383218,,Public,0
199168,SIGEIF - 29  AVENUE GEORGES POMPIDOU - VILLENEUVE-LA-GARENNE,Izivia (Sodetrel),48.941725,2.323457,,Public,0
199167,Metropolis - Citadine - Aulnay-sous-Bois - Rue de Sevran,Bilinmiyor,48.94121732,2.49895672,,Public,0
199166,SIGEIF - RUE DE RUZE - VILLEPARISIS,Izivia (Sodetrel),48.940606,2.620085,,Public,0
199165,SIGEIF - PLACE DU 8 MAI 1945 - ARGENTEUIL,Izivia (Sodetrel),48.940484,2.247911,,Public,0
199164,ARGENTEUIL,Bilinmiyor,48.94,2.24,,Public,0
199163,Metropolis - Sevran - Roger le Maner,Métropolis,48.939106,2.528189,Sevran,Public,4
199162,Metropolis - Citadine - Saint-Denis - Félix Faure,Bilinmiyor,48.93883,2.361115,,Public,0
199161,Aulnay sous Bois,Freshmile,48.9381,2.494,,Public,0
199160,CD54 - VILLE DE LESMENILS,Izivia (Sodetrel),48.937585,6.113954,,Public,0
199159,"Souleuvre en Bocage, Rue du Chanoine Cochard",Bilinmiyor,48.937435,-0.84048,,Public,0
199158,Metropolis - Citadine - L'Ile-Saint-Denis - Libération,Bilinmiyor,48.937207,2.338949,,Public,0
199157,SIGEIF - 30  AVENUE DE VERDUN - VILLENEUVE-LA-GARENNE,Izivia (Sodetrel),48.935574,2.332291,,Public,0
199156,SIGEIF - 78  RUE DE MEAUX - VAUJOURS,Izivia (Sodetrel),48.934912,2.569549,,Public,0
199155,Metropolis - Citadine - Le Bourget - Hôtel de Ville,Bilinmiyor,48.934786,2.424367,,Public,0
199154,SIGEIF - 67  RUE GABRIEL PERI - IVRY-SUR-SEINE,Izivia (Sodetrel),48.934696,2.355789,,Public,0
199153,Metropolis - Citadine - Sevran - Avenue de Livry,Bilinmiyor,48.934277,2.535163,,Public,0
199152,SIGEIF - 23  AVENUE DU GENERAL DE GAULLE - GENNEVILLIERS,Izivia (Sodetrel),48.933824,2.306643,,Public,0
199151,Metropolis - Citadine - Aulnay-sous-Bois - Hôtel de Ville,Bilinmiyor,48.93369727,2.49967389,,Public,0
199150,SIGEIF - RUE AUGUSTE RENOIR - COLOMBES - 2,Izivia (Sodetrel),48.933041,2.261177,,Public,0
199149,LM - Gennevilliers - magasin 72,Bilinmiyor,48.9324,2.3212,,Public,0
199148,Metropolis - Proximité - Le Bourget - Elise Deroche,Bilinmiyor,48.932195,2.426986,,Public,0
199147,SIGEIF - RUE AUGUSTE RENOIR - COLOMBES,Izivia (Sodetrel),48.931418,2.260623,,Public,0
199146,SIGEIF - 66  BOULEVARD CAMELINAT - GENNEVILLIERS,Izivia (Sodetrel),48.930646,2.301197,,Public,0
199145,Metropolis - Proximité - Aulnay-sous-Bois - Arthur Chevalier,Bilinmiyor,48.93053723,2.5058873,,Public,0
199144,Metropolis - Citadine - Aulnay-sous-Bois - Dumont,Bilinmiyor,48.93015608,2.49520158,,Public,0
199143,SIGEIF - PARKING PLACE DES FETES - VAUJOURS,Izivia (Sodetrel),48.929952,2.569549,,Public,0
199142,BMW MAREIL LES MEAUX,Freshmile,48.9294,2.8959,,Public,0
199141,Parking de la Concession,Bilinmiyor,48.92764,1.983036,,Public - Pay At Location,0
199140,Blueself Stockage 92,Bilinmiyor,48.925525,2.293275,,Public,0
199139,Metropolis - Citadine - Saint-Denis - Jesse Owens,Bilinmiyor,48.925114,2.364454,,Public,0
199138,"Morteaux-Coulibœuf, Rue du stade",Bilinmiyor,48.924759,-0.073741,,Public,0
199137,SIGEIF - 8 AVENUE MENELOTTE - COLOMBES,Izivia (Sodetrel),48.924688,2.259156,,Public,0
199136,SIGEIF - 20  RESIDENCE PIERRE MENDES FRANCE - LIVRY-GARGAN,Izivia (Sodetrel),48.923959,2.518227,,Public,0
199135,SIGEIF - 1 RUE GOUNOD - COLOMBES,Izivia (Sodetrel),48.923662,2.24842,,Public,0
199134,SIGEIF - 36  BOULEVARD LOUISE MICHEL - GENNEVILLIERS,Izivia (Sodetrel),48.92301,2.321018,,Public,0
199133,SIGEIF - PLACE DE LA LIBERATION - LIVRY-GARGAN,Izivia (Sodetrel),48.922985,2.54441,,Public,0
199132,SIGEIF - 169  AVENUE GABRIEL PERI - GENNEVILLIERS,Izivia (Sodetrel),48.922874,2.294767,,Public,0
199131,SIGEIF - 52 RUE DE SEINE - COLOMBES,Izivia (Sodetrel),48.922232,2.228808,,Public,0
199130,SIGEIF - PLACE JEAN MERMOZ - BOIS-COLOMBES,Izivia (Sodetrel),48.921611,2.270931,,Public,0
199129,Metropolis - Saint-Denis - Cokerie,Métropolis,48.921283,2.362287,Saint-Denis,Public,5
199128,SIGEIF - 1  RUE GEORGES CORETE - GENNEVILLIERS,Izivia (Sodetrel),48.920737,2.307748,,Public,0
199127,"Valdallière, Rue de la liberté",Bilinmiyor,48.920078,-0.768018,,Public,0
199126,SIGEIF - 16  AVENUE DE LA REPUBLIQUE - GENNEVILLIERS,Izivia (Sodetrel),48.92004,2.297148,,Public,0
199125,"Condé-en-Normandie, Le Bourg",Bilinmiyor,48.920029,-0.576396,,Public,0
199124,SIGEIF - 215  AVENUE DES GRESILLONS - GENNEVILLIERS - 2,Izivia (Sodetrel),48.919804,2.313813,,Public,0
199123,GUAINVILLE,Bilinmiyor,48.919138,1.4431105,,Public,0
199122,SIGEIF - PLACE FRANCOIS MITTERAND - LIVRY-GARGAN,Izivia (Sodetrel),48.919073,2.536884,,Public,0
199121,SIGEIF - PLACE DU GENERAL LECLERC - COURTRY,Izivia (Sodetrel),48.918367,2.604141,,Public,0
199120,Metropolis - Citadine - Saint-Denis - Cheminots,Bilinmiyor,48.917798,2.352423,,Public,0
199119,"Clécy, Rue Arsène Delavigne",Bilinmiyor,48.917553,-0.48176,,Public,0
199118,SIGEIF - PARKING JACOBSEN - COURTRY,Izivia (Sodetrel),48.916773,2.604149,,Public,0
199117,PERCY - Place du Champs de Foire,Bilinmiyor,48.91603,-1.19098,,Public,0
199116,SIGEIF - 45  RUE DU GENERAL LECLERC - BOIS-COLOMBES,Izivia (Sodetrel),48.915407,2.269387,,Public,0
199115,SIGEIF - 7  RUE FELIX FAURE - COLOMBES,Izivia (Sodetrel),48.915111,2.253396,,Public,0
199114,Metropolis - Citadine - Saint-Ouen-sur-Seine - Clef des Champs,Bilinmiyor,48.91506,2.33084,,Public,0
199113,Metropolis - Citadine - Aubervilliers - Waldeck Rochet,Bilinmiyor,48.914526,2.368057,,Public,0
199112,Metropolis - Citadine - Coubron - Raoul Larché,Bilinmiyor,48.91443,2.579557,,Public,0
199111,CAZAUDEHORE - Parking,Bilinmiyor,48.913837,2.083472,,Public,0
199110,SIGEIF - 46  BOULEVARD GUTENBERG - LIVRY-GARGAN,Izivia (Sodetrel),48.91367,2.517099,,Public,0
199109,LA GARENNE-COLOMBES - 3 RUE DU TRANSVAAL,Izivia (Sodetrel),48.913486,2.257169,,Public,0
199108,Parking de la concession,Bilinmiyor,48.912663,2.21689,,Public - Pay At Location,0
199107,CERENCES - ZA Intermarche,Bilinmiyor,48.9124279,-1.4401486,,Public,0
199106,SIGEIF - AVENUE DU MARECHAL JUIN - CARRIERES-SUR-SEINE,Izivia (Sodetrel),48.912132,2.177236,,Public,0
199105,Metropolis - Proximité - Clichy-sous-Bois -  Place 11 Novembre 1918,Bilinmiyor,48.910391,2.54646,,Public,0
199104,SIGEIF - PLACE DE LA LIBERATION - PAVILLONS-SOUS-BOIS,Izivia (Sodetrel),48.909806,2.51808,,Public,0
199103,SIGEIF - 7  AV CLAUDE DEBUSSY - CLICHY,Izivia (Sodetrel),48.909744,2.309161,,Public,0
199102,GAVRAY - Eglise,Bilinmiyor,48.9096407,-1.3505134,,Public,0
199101,SIGEIF - 42 RUE PIERRE BROSSOLETTE - COLOMBES,Izivia (Sodetrel),48.90954,2.238681,,Public,0
199100,SIGEIF - BOULEVARD CARNOT PARKING - CARRIERES-SUR-SEINE,Izivia (Sodetrel),48.90953,2.17895,,Public,0
199099,Metropolis - Citadine - Aubervilliers - Commune de Paris,Bilinmiyor,48.909141,2.378693,,Public,0
199098,LA GARENNE-COLOMBES - 92 BOULEVARD NATIONAL,Izivia (Sodetrel),48.908458,2.237217,,Public,0
199097,"Falaise, Route de Caen",Bilinmiyor,48.908218,-0.207155,,Public,0
199096,Metropolis - Saint-Denis - George Sand,Métropolis,48.907334,2.364625,Saint-Denis,Public,4
199095,Metropolis - Proximité - Saint-Ouen-sur-Seine - Louis Blanc,Bilinmiyor,48.90712198,2.33154888,,Public,0
199094,IBM BOIS COLOMBES,Bilinmiyor,48.9067548,2.261947,,Public,0
199093,LA GARENNE-COLOMBES - 52 BOULEVARD DE LA REPUBLIQUE,Izivia (Sodetrel),48.906326,2.249567,,Public,0
199092,SIGEIF - RUE VICTOR HUGO - CARRIERES-SUR-SEINE,Izivia (Sodetrel),48.90592,2.17596,,Public,0
199091,Metropolis - Citadine - Saint-Ouen-sur-Seine - Dulcie September,Bilinmiyor,48.90586201,2.32102156,,Public,0
199090,M2038,Bilinmiyor,48.905677,2.282265,,Public,0
199089,SIGEIF - 85  BD DE LA REPUBLIQUE - LIVRY-GARGAN,Izivia (Sodetrel),48.905451,2.524608,,Public,0
199088,SIGEIF - 16  RUE RAOUL NORDLING - BOIS-COLOMBES,Izivia (Sodetrel),48.905256,2.264081,,Public,0
199087,LA GARENNE-COLOMBES - 126 RUE DE COLOMBES,Izivia (Sodetrel),48.905086,2.255774,,Public,0
199086,mickael Auto,Bilinmiyor,48.904942,-1.506315,,Public,0
199085,Metropolis - Citadine - Clichy-sous-Bois - Romain Rolland,Bilinmiyor,48.904666,2.550023,,Public,0
199084,LA GARENNE-COLOMBES - 41 AVENUE DE VERDUN,Izivia (Sodetrel),48.903906,2.231137,,Public,0
199083,LA GARENNE-COLOMBES - 31 BOULEVARD NATIONAL,Izivia (Sodetrel),48.903313,2.239232,,Public,0
199082,Metropolis - Proximité - Saint-Ouen-sur-Seine - Entrepôts,Bilinmiyor,48.9032182,2.34675284,,Public,0
199081,SIGEIF - PLACE DE LA RESISTANCE - PAVILLONS-SOUS-BOIS,Izivia (Sodetrel),48.902835,2.508051,,Public,0
199080,SIGEIF - 123  BD VICTOR HUGO - CLICHY,Izivia (Sodetrel),48.902349,2.317644,,Public,0
199079,SIGEIF - 29 AVENUE DE LIVRY  LE RAINCY,Izivia (Sodetrel),48.902239,2.519994,,Public,0
199078,Metropolis - Aubervilliers - Henri Barbusse,Métropolis,48.90165,2.388227,Aubervilliers,Public,4
199077,SIGEIF - 4  RUE VALITON - CLICHY,Izivia (Sodetrel),48.901286,2.2987,,Public,0
199076,Parking du SuperU,Bilinmiyor,48.901031,7.649456,,Public - Pay At Location,0
199075,Vulco Truck Services,Bilinmiyor,48.9005287,2.2432406,,Public,0
199074,SIGEIF - 41  RUE MARTHE - CLICHY,Izivia (Sodetrel),48.900249,2.308363,,Public,0
199072,SOUS SOL PARKING,Bilinmiyor,48.89953,2.065662,,Bilinmiyor,0
199071,Paris | Avenue de la Porte d'Aubervilliers 10,Bilinmiyor,48.899334,2.371162,,Public,0
199070,SOUS SOL PARKING,Bilinmiyor,48.899285,2.064633,,Bilinmiyor,0
199069,Paris | Rue Henri Huchard 48,Bilinmiyor,48.89919,2.330375,,Public,0
199068,Gite La Vicomterie,Bilinmiyor,48.89915,-1.51225,,Public,0
199067,Paris | Rue Charles Hermite 52,Bilinmiyor,48.89905,2.3649826,,Public,0
199066,Paris | Rue Jacques Duchesne 1,Bilinmiyor,48.898933,2.3740363,,Public,0
199065,ByMyCar Bmw Mini Noisy le Sec,Bilinmiyor,48.898401,2.444579,,Public,0
199064,Paris | Rue Fernand Labori  1,Bilinmiyor,48.898304,2.3423252,,Public,0
199063,BREHAL - rue de la Plage,Bilinmiyor,48.898219,-1.5160379,,Public,0
199062,Parking de la concession,Bilinmiyor,48.89806,2.279496,,Public - Pay At Location,0
199061,Paris | Avenue de la Porte Pouchet 6,Bilinmiyor,48.897976,2.323452,,Public,0
199060,JULES GUESDE,Izivia (Sodetrel),48.897964,2.288618,,Public,0
199059,Paris | Rue des Poissonniers 150,Bilinmiyor,48.89767,2.352758,,Public,0
199058,"Falaise, Rue du Champ Saint-Michel",Bilinmiyor,48.896561,-0.196851,,Public,0
199057,PARKING - GARE,Izivia (Sodetrel),48.896523,2.298571,,Public,0
199056,SIGEIF - ROND-POINT DE MONTFERMEIL - LE RAINCY,Izivia (Sodetrel),48.895792,2.526659,,Public,0
199055,Paris | Rue Navier 47,Bilinmiyor,48.895756,2.3242009,,Public,0
199054,Parking de l'Intermarch,Bilinmiyor,48.895532,2.714407,,Public - Pay At Location,0
199053,Paris | Rue Navier 1,Bilinmiyor,48.8955,2.3283,,Public,0
199052,Paris | Rue Championnet 28,Bilinmiyor,48.8954,2.35,,Public,0
199051,"Falaise, Rue Trinité 24",Bilinmiyor,48.895374,-0.200854,,Public,0
199050,Paris | Rue Championnet 162,Bilinmiyor,48.8949,2.3355,,Public,0
199049,Metropolis - Citadine - Romainville - Commune de Paris,Bilinmiyor,48.8944378,2.4324466,,Public,0
199048,SIGEIF - 61  AVENUE DE LA RESISTANCE - RAINCY,Izivia (Sodetrel),48.894296,2.513482,,Public,0
199047,Paris | Rue de la Jonquière 66,Bilinmiyor,48.894165,2.3211582,,Public,0
199046,Paris | Avenue de Clichy 181 quater,Bilinmiyor,48.8935,2.3148,,Public,0
199045,Paris | Rue Ordener 110,Bilinmiyor,48.89311,2.34066,,Public,0
199044,PARKING SO OUEST - CANTON 34,Izivia (Sodetrel),48.893097,2.297434,,Public,0
199043,"Souleuvre en Bocage, Place de la gare",Bilinmiyor,48.893047,-0.883248,,Public,0
199042,PARKING SO OUEST - CANTON 33,Izivia (Sodetrel),48.892754,2.297554,,Public,0
199041,"Falaise, Place du Docteur Cailloué",Bilinmiyor,48.892605,-0.201822,,Public,0
199040,Blueself Stockage 93,Bilinmiyor,48.892489,2.458625,,Public,0
199039,SIGEIF - 24 AVENUE DE LA RESISTANCE - RAINCY,Izivia (Sodetrel),48.892332,2.512814,,Public,0
199038,Paris | Rue Marcadet 220,Bilinmiyor,48.892082,2.3331354,,Public,0
199037,Paris | Rue d'Aubervilliers 126,Bilinmiyor,48.8917,2.3691,,Public,0
199036,FF Golf Levallois-Perret,Bilinmiyor,48.891691,2.28567,,Public,0
199035,Paris | Avenue de Flandre 119,Bilinmiyor,48.89166,2.3775942,,Public,0
199034,Paris | Rue Ordener 27,Bilinmiyor,48.89061,2.35423,,Public,0
199033,BROU SUR CHANTEREINE,EDF,48.89,2.63,,Public,0
199032,SIGEIF - 11 AVENUE DU MARECHAL FOCH - CHATOU,Izivia (Sodetrel),48.889452,2.157368,,Public,0
199031,"Campagnolles, Le Bourg",Bilinmiyor,48.889202,-0.924642,,Public,0
199030,Metropolis - Citadine - Villemomble - Outrebon,Bilinmiyor,48.88911,2.511343,,Public,0
199029,Paris | Rue Riquet 39,Bilinmiyor,48.88901,2.371768,,Public,0
199028,Paris | Rue Legendre 126,Bilinmiyor,48.8888,2.3222,,Public,0
199027,Paris | Place Charles Fillion  22,Bilinmiyor,48.888447,2.3160603,,Public,0
199026,Paris | Rue Custine 17,Bilinmiyor,48.88836,2.3480344,,Public,0
199025,Sixt Nanterre,Bilinmiyor,48.888316,2.192587,,Public,0
199024,Paris | Avenue de Flandre 61,Bilinmiyor,48.888195,2.37308,,Public,0
199023,SIGEIF - 70  AVENUE CHARLES DE GAULLE - PUTEAUX,Izivia (Sodetrel),48.887726,2.232187,,Public,0
199022,Paris | Boulevard Pereire 50,Bilinmiyor,48.887695,2.3050365,,Public,0
199021,SIGEIF - 1  CHEMIN DE RONDE - CROISSY-SUR-SEINE,Izivia (Sodetrel),48.887603,2.119152,,Public,0
199020,Paris | Rue Caulaincourt 17,Bilinmiyor,48.887253,2.3330069,,Public,0
199019,Metropolis – Citadine – Rueil-Malmaison – Colmar,Bilinmiyor,48.887186,2.181274,,Public,0
199018,SIGEIF - 52  RUE ARAGO - PUTEAUX,Izivia (Sodetrel),48.88633,2.248344,,Public,0
199017,Paris | Rue Dulong 67,Bilinmiyor,48.8863,2.3151,,Public,0
199016,Paris | Rue Jean-François Lépine 1,Bilinmiyor,48.8861,2.3591,,Public,0
199015,Paris | Rue Manin 159,Bilinmiyor,48.886097,2.3936,,Public,0
199014,Metropolis – Citadine – Rueil-Malmaison – Albert 1er (98),Bilinmiyor,48.885331,2.2617575,,Public,0
199013,Paris | Rue Ravignan 1bis,Bilinmiyor,48.88508,2.3375535,,Public,0
199012,Paris | Rue Sofia 16,Bilinmiyor,48.885006,2.3475914,,Public,0
199011,Paris | Rue Brémontier 19,Bilinmiyor,48.884953,2.3035011,,Public,0
199010,SDC Quai de la Loire,Bilinmiyor,48.884949,2.374063,,Public,0
199009,Paris | Avenue Rachel 1,Bilinmiyor,48.884415,2.3305461,,Public,0
199008,SIGEIF - 48  RUE JEAN JAURES - PUTEAUX,Izivia (Sodetrel),48.884208,2.245622,,Public,0
199007,SIGEIF - 23  RUE CHANTE COQ - PUTEAUX,Izivia (Sodetrel),48.883921,2.236634,,Public,0
199006,Metropolis - Proximité - Rueil-Malmaison - Paul Doumer,Bilinmiyor,48.883647,2.191375,,Public,0
199005,VILLE DE BLENOD LES PONT A MOUSSON,Izivia (Sodetrel),48.883568,6.052047,,Public,0
199004,Metropolis – Citadine – Rueil-Malmaison – Frères Lumière,Bilinmiyor,48.883328,2.171649,,Public,0
199003,SIGEIF - 1  PLACE DE SOUVENIR FRANCAIS - PUTEAUX,Izivia (Sodetrel),48.883089,2.232948,,Public,0
199002,Paris | Boulevard des Batignolles 9,Bilinmiyor,48.883015,2.325922,,Public,0
199001,SIGEIF - 16  RUE DE LISBONNE - ROSNY-SOUS-BOIS,Izivia (Sodetrel),48.882559,2.468985,,Public,0
199000,Paris | boulevard Pereire 170,Bilinmiyor,48.882423,2.2922037,,Public,0
198999,Paris | Rue de Crimée 82,Bilinmiyor,48.8824,2.3866,,Public,0
198998,Paris | Boulevard de Clichy 2,Bilinmiyor,48.8823,2.3395,,Public,0
198997,Paris | Avenue Secrétan 4,Bilinmiyor,48.882175,2.370891,,Public,0
198996,ROSNY,Izivia (Sodetrel),48.882166,2.477817,,Public,0
198995,Metropolis - Citadine - Villemomble - Grande Rue,Bilinmiyor,48.881865,2.523168,,Public,0
198994,Paris | Rue David d'Angers 54,Bilinmiyor,48.8818,2.3938,,Public,0
198993,Paris | Rue du Château Landon 24,Bilinmiyor,48.881493,2.362957,,Public,0
198992,Volvo Neuilly sur Seine,Bilinmiyor,48.881235,2.272856,,Public,0
198991,Paris | Place du Général Koënig 12,Bilinmiyor,48.88112,2.284095,,Public,0
198990,Paris | Avenue de Niel 28,Bilinmiyor,48.88103,2.2956283,,Public,0
198989,Paris | Boulevard Sérurier 60,Bilinmiyor,48.88101,2.3978,,Public,0
198988,Paris | Rue Georges Berger 2,Bilinmiyor,48.8809,2.3099,,Public,0
198987,SIGEIF - 20  AVENUE DU GENERAL DE GAULLE - CROISSY-SUR-SEINE,Izivia (Sodetrel),48.880798,2.140268,,Public,0
198986,SIGEIF - QUAI DE DION BOUTON - PUTEAUX,Izivia (Sodetrel),48.880643,2.244992,,Public,0
198985,Paris | Rue Paul Escudier  2,Bilinmiyor,48.880573,2.3317547,,Public,0
198984,Paris | Rue Jules Lefèbvre 1,Bilinmiyor,48.880447,2.3283632,,Public,0
198983,Paris | Boulevard Sérurier 54,Bilinmiyor,48.88042,2.398476,,Public,0
198982,Metropolis – Citadine – Rueil-Malmaison – Albert 1er (2),Bilinmiyor,48.880227,2.180334,,Public,0
198981,Paris | Rue Rocroy 15,Bilinmiyor,48.880123,2.3509617,,Public,0
198980,Paris | Avenue de Wagram 77,Bilinmiyor,48.88003,2.2995074,,Public,0
198979,SIGEIF - 23  BVD RICHARD WALLACE - PUTEAUX,Izivia (Sodetrel),48.879812,2.23971,,Public,0
198978,CAMPUS HANAMI,Bilinmiyor,48.8797456,2.1670266,,Public,0
198977,Paris | Rue de Liège 24,Bilinmiyor,48.879597,2.3263307,,Public,0
198976,Paris | Rue Botzaris 76,Bilinmiyor,48.879482,2.388647,,Public,0
198975,Paris | Avenue des Ternes 73,Bilinmiyor,48.879463,2.2899947,,Public,0
198974,Paris |  Rue Botzaris 50,Bilinmiyor,48.8792,2.3839,,Public,0
198973,Paris | Rue Brunel 42,Bilinmiyor,48.878845,2.2878556,,Public,0
198972,Paris | Rue d'Aumale  28,Bilinmiyor,48.878643,2.3347774,,Public,0
198971,Paris | Rue de Rome 46,Bilinmiyor,48.87839,2.3225684,,Public,0
198970,Paris | Rue de Courcelles 69,Bilinmiyor,48.87835,2.3044934,,Public,0
198969,SIGEIF - 35  BOULEVARD FERDINAND HOSTACHY - CROISSY-SUR-SEINE,Izivia (Sodetrel),48.878289,2.143236,,Public,0
198968,Metropolis - Proximité - Romainville - Marcel Ethis,Bilinmiyor,48.878112,2.44475,,Public,0
198967,Paris | Place du Colonel Fabien 9,Bilinmiyor,48.878098,2.3696816,,Public,0
198966,Paris | Rue de Monceau 43,Bilinmiyor,48.877834,2.310832,,Public,0
198965,Paris | Rue Milton 12,Bilinmiyor,48.87772,2.3409176,,Public,0
198964,Metropolis – Proximité – Rueil-Malmaison – Bois Préau,Bilinmiyor,48.877092,2.173461,,Public,0
198963,SIGEIF - 7  ALLEE DES SPORTS - PUTEAUX,Izivia (Sodetrel),48.877078,2.243501,,Public,0
198962,Paris | Rue de Botzaris 16,Bilinmiyor,48.8769,2.3812,,Public,0
198961,SIGEIF - 26  RUE HUCHE - SURESNES,Izivia (Sodetrel),48.8768,2.221831,,Public,0
198960,Metropolis – Proximité – Rueil-Malmaison – Driant,Bilinmiyor,48.876649,2.200918,,Public,0
198959,Paris | Rue Manin 1,Bilinmiyor,48.8766,2.3790176,,Public,0
198958,Metropolis - Proximité - Montreuil - Léo Lagrange,Bilinmiyor,48.876462,2.455554,,Public,0
198957,Metropolis – Proximité – Rueil-Malmaison – Charles Drot,Bilinmiyor,48.876249,2.187721,,Public,0
198956,SIGEIF - 14  RUE FRANCIS PRESSENSE - PUTEAUX,Izivia (Sodetrel),48.87624,2.23608,,Public,0
198955,Paris | Avenue de Messine  12,Bilinmiyor,48.87593,2.314194,,Public,0
198954,Paris | Rue de Chateaudun  21,Bilinmiyor,48.87592,2.3382897,,Public,0
198953,Paris | boulevard de la Villette  55,Bilinmiyor,48.87565,2.372715,,Public,0
198952,Paris | Rue de Belleville 265,Bilinmiyor,48.87559,2.399738,,Public,0
198951,Paris | Rue du Faubourg Poissonnière 64,Bilinmiyor,48.87517,2.348162,,Public,0
198950,Paris | Quai de Valmy 107,Bilinmiyor,48.87484,2.36289,,Public,0
198949,SIGEIF - 52 RUE CARNOT - SURESNES,Izivia (Sodetrel),48.874264,2.227553,,Public,0
198948,SIGEIF - 37  AVENUE GEORGES POMPIDOU - SURESNES,Izivia (Sodetrel),48.873871,2.235762,,Public,0
198947,Paris | Rue des Pyrénées 356,Bilinmiyor,48.87387,2.3864658,,Public,0
198946,Paris | Rue la Boétie 37,Bilinmiyor,48.8737,2.314663,,Public,0
198945,Paris | rue Frédérick Lemaître 5,Bilinmiyor,48.873646,2.3911798,,Public,0
198944,SIGEIF - 30  AVENUE JEAN JAURES - VAIRES-SUR-MARNE,Izivia (Sodetrel),48.873611,2.637631,,Public,0
198943,Paris | Rue du conservatoire 13,Bilinmiyor,48.87359,2.3466527,,Public,0
198942,Paris |  Avenue de Malakoff 115,Bilinmiyor,48.8735,2.2843,,Public,0
198941,Metropolis – Citadine – Rueil-Malmaison – Richelieu,Bilinmiyor,48.87334,2.182311,,Public,0
198940,Paris | Rue Guébriant 6,Bilinmiyor,48.8731,2.4092,,Public,0
198939,Metropolis - Proximité - Neuilly-Plaisance - Stalingrad,Bilinmiyor,48.8729732,2.5111992,,Public,0
198938,"Pont-d'Ouilly, Rue du Stade René Vallée",Bilinmiyor,48.872952,-0.411662,,Public,0
198937,Paris | Rue Jules Romains 5,Bilinmiyor,48.872906,2.378283,,Public,0
198936,Metropolis - Citadine - Rueil-Malmaison - Rue des Bons Raisins,Bilinmiyor,48.872781,2.195013,,Public,0
198935,Paris | Rue Jules Romains 1,Bilinmiyor,48.87274,2.3782985,,Public,0
198934,Paris | Rue de Berri 10,Bilinmiyor,48.872448,2.3041663,,Public,0
198933,Paris | Avenue Richerand 11,Bilinmiyor,48.87237,2.366288,,Public,0
198932,Paris | Rue Tronchet 19,Bilinmiyor,48.87236,2.326167,,Public,0
198931,"Vire Normandie, Le Bourg",Bilinmiyor,48.872356,-0.913899,,Public,0
198930,Paris | Rue du Télégraphe 16,Bilinmiyor,48.87233,2.39951,,Public,0
198929,Paris | boulevard Haussmann 6,Bilinmiyor,48.87232,2.338776,,Public,0
198928,Paris | Rue du Buisson Saint Louis 2,Bilinmiyor,48.87179,2.372482,,Public,0
198927,Paris | Rue de la Chaussée d'Antin 5,Bilinmiyor,48.871643,2.3338861,,Public,0
198926,Metropolis – Proximité – Rueil-Malmaison – 8 mai 1945,Bilinmiyor,48.871499,2.202896,,Public,0
198925,SIGEIF - 15  RUE DE VERDUN - SURESNES,Izivia (Sodetrel),48.87125,2.22766,,Public,0
198924,Paris | Rue Beaurepaire 31,Bilinmiyor,48.87119,2.364206,,Public,0
198923,Paris | Rue de Metz 6,Bilinmiyor,48.87081,2.354076,,Public,0
198922,Paris | Boulevard des Capucines 7,Bilinmiyor,48.87063,2.33321,,Public,0
198921,Paris | boulevard Malesherbes 7,(Unknown Operator),48.8706,2.3226488,,Public,0
198920,Paris | Rue Vivienne 43,Bilinmiyor,48.870564,2.3408933,,Public,0
198919,Paris | Rue d'Uzès 1,Bilinmiyor,48.870422,2.3454537,,Public,0
198918,Paris | Avenue Victor Hugo 60,Bilinmiyor,48.870342,2.286851,,Public,0
198917,Paris | Boulevard Bonne Nouvelle 21,Bilinmiyor,48.8703,2.349722,,Public,0
198916,SIGEIF - 9  AVENUE JEAN JAURES - ROSNY-SOUS-BOIS - 2,Izivia (Sodetrel),48.870292,2.486329,,Public,0
198915,Paris | Rue Pierre Chausson 1,Bilinmiyor,48.87026,2.3600461,,Public,0
198914,Paris | Avenue Matignon 2,Bilinmiyor,48.87006,2.312597,,Public,0
198913,Paris | Rue de la Paix 24,Bilinmiyor,48.869926,2.3320835,,Public,0
198912,Paris | Avenue Marceau  59,Bilinmiyor,48.869892,2.2976446,,Public,0
198911,Paris | Rue Julien Lacroix 39,Bilinmiyor,48.86986,2.38494,,Public,0
198910,Paris | boulevard de la Madeleine  8,Bilinmiyor,48.86972,2.326691,,Public,0
198909,Paris | Rue Pelleport 105 bis,Bilinmiyor,48.86959,2.400348,,Public,0
198908,SIGEIF - RUE DES PECHEURS - VAIRES-SUR-MARNE,Izivia (Sodetrel),48.869505,2.629187,,Public,0
198907,Paris | Rue des Couronnes 2,Bilinmiyor,48.8692,2.3809,,Public,0
198906,Paris | Bis Avenue Parmentier 125,Bilinmiyor,48.86908,2.371679,,Public,0
198905,Paris | Avenue d'Iéna 37,Bilinmiyor,48.86851,2.295469,,Public,0
198904,Paris | Place des États-Unis 16,Bilinmiyor,48.8685,2.2927,,Public,0
198903,Metropolis - Proximité - Montreuil - Signac,Bilinmiyor,48.868409,2.452196,,Public,0
198902,SIGEIF - 1 RUE CHARLES PEGUY - SURESNES,Izivia (Sodetrel),48.868305,2.225601,,Public,0
198901,Metropolis - Citadine - Montreuil - Général de Gaulle,Bilinmiyor,48.868266,2.433322,,Public,0
198900,Paris | Rue Dalayrac 19,Bilinmiyor,48.86818,2.335097,,Public,0
198899,Metropolis – Proximité – Rueil-Malmaison – 18 juin 1940 (63),Bilinmiyor,48.868154,2.1924,,Public,0
198898,Paris | Rue d'Alexandrie 7,Bilinmiyor,48.868008,2.3508835,,Public,0
198897,Paris | Rue Réaumur 116,Bilinmiyor,48.86781,2.34525,,Public,0
198896,Paris | Rue Pelleport 86,Bilinmiyor,48.867603,2.4021437,,Public,0
198895,Paris | Place de la République 17,Bilinmiyor,48.86745,2.3630073,,Public,0
198894,Paris | Rue Sorbier  14,Bilinmiyor,48.86732,2.3906963,,Public,0
198893,Paris | Rue de la Pompe 137,Bilinmiyor,48.867313,2.280347,,Public,0
198892,Paris | Avenue Raymond Poincaré 51,Bilinmiyor,48.86697,2.2858796,,Public,0
198891,Paris | Avenue de la République 5,Bilinmiyor,48.86661,2.36784,,Public,0
198890,SARL ALBIN,Bilinmiyor,48.8665157,2.3340766,,Public,0
198889,SIGEIF - RUE DE TORCY - VAIRES-SUR-MARNE,Izivia (Sodetrel),48.866405,2.642961,,Public,0
198888,ARTEMIS / BORNE 2,ChargePoint,48.86598141906919,2.308491802377315,,Public - Pay At Location,0
198887,Paris | Avenue Victor Hugo 180,Bilinmiyor,48.865818,2.2762194,,Public,0
198886,Paris | Rue Francois 1er 7,Bilinmiyor,48.865772,2.308419,,Public,0
198885,Paris | Boulevard Voltaire  8,Bilinmiyor,48.865765,2.3664377,,Public,0
198884,Paris | Boulevard Mortier 15,Bilinmiyor,48.8657,2.4087,,Public,0
198883,Paris | Rue Sorbier 40,Bilinmiyor,48.865685,2.392972,,Public,0
198882,Paris | bis Rue du Capitaine Ferber 5,Bilinmiyor,48.86536,2.405207,,Public,0
198881,Paris | Boulevard du Temple 27,Bilinmiyor,48.865097,2.36554,,Public,0
198880,Metropolis – Citadine – Rueil-Malmaison – 18 Juin 1940 (175),Bilinmiyor,48.865019,2.20551,,Public,0
198879,Paris | Rue des Pyramides 12,Bilinmiyor,48.86486,2.3329713,,Public,0
198878,Paris | Avenue Henri Martin 70,Bilinmiyor,48.8646,2.2754,,Public,0
198877,Metropolis - Citadine - Montreuil - Brossolette,Bilinmiyor,48.864371,2.479014,,Public,0
198876,Paris | Rue Saint Roch 3,Bilinmiyor,48.864292,2.3314855,,Public,0
198875,Paris | Boulevard Richard Lenoir 110,Bilinmiyor,48.864063,2.3713984,,Public,0
198874,Paris | Rue Louis Lumière 104,Bilinmiyor,48.863766,2.41177,,Public,0
198873,SIGEIF - 21  AVENUE JEAN JAURES - SURESNES,Izivia (Sodetrel),48.863623,2.209007,,Public,0
198872,Paris | Avenue Henri Martin 101,Bilinmiyor,48.8636,2.27153,,Public,0
198871,Paris | Rue Saint-Martin 204,Bilinmiyor,48.86334,2.3526978,,Public,0
198870,Metropolis – Proximité – Rueil-Malmaison – Empereur,Bilinmiyor,48.86333,2.181756,,Public,0
198869,SIGEIF - 1  PLACE STALINGRAD - SURESNES,Izivia (Sodetrel),48.863165,2.201931,,Public,0
198868,Metropolis – Proximité – Rueil-Malmaison – Montbrison (84-86),Bilinmiyor,48.863147,2.197047,,Public,0
198867,Paris | Avenue Georges Mandel 1,Bilinmiyor,48.863,2.2858,,Public,0
198866,Metropolis - Citadine - Gournay-sur-Marne - Près de Noisy,Bilinmiyor,48.862919,2.575541,,Public,0
198865,"Aurec-Sur-Loire, Place des déportés",Bilinmiyor,48.862725,2.287592,,Public - Pay At Location,0
198864,Paris | Rue des Croix des Petits Champs 4,Bilinmiyor,48.862465,2.3393006,,Public,0
198863,Paris | Rue de Turenne 98,Bilinmiyor,48.86235,2.3648512,,Public,0
198862,pompidou,Bilinmiyor,48.861996,2.352638,,Public,0
198861,Metropolis - Citadine - Montreuil - Franklin (18),Bilinmiyor,48.86173,2.443715,,Public,0
198860,Metropolis - Citadine - Neuilly-Plaisance - Clémenceau,Bilinmiyor,48.86155006,2.50413376,,Public,0
198859,Paris | Rue Saint-Maur 36,Bilinmiyor,48.861534,2.3809278,,Public,0
198858,Paris | Rue de Bagnolet 142,Bilinmiyor,48.86143,2.4056437,,Public,0
198857,SIGEIF - 2  RUE MARCEL MONGE - SURESNES,Izivia (Sodetrel),48.861252,2.224059,,Public,0
198856,Paris | Rue jean Nicot 10,Bilinmiyor,48.86113,2.3069868,,Public,0
198855,Metropolis - Montreuil - Franklin,Métropolis,48.861026,2.44363,Montreuil,Public,4
198854,LA COLOMBE - Hotel Massu,Bilinmiyor,48.860445,-1.207212,,Public,0
198853,Paris | Boulevard Émile Augier 20,Bilinmiyor,48.8603,2.274,,Public,0
198852,Paris | Boulevard Richard Lenoir 63,Bilinmiyor,48.86023,2.3719914,,Public,0
198851,Absolut Bougival,Bilinmiyor,48.86,2.13,,Public,0
198850,Metropolis - Citadine - Montreuil - Yélimané,Bilinmiyor,48.85997,2.458188,,Public,0
198849,Paris | Rue de Bellechasse 5,Bilinmiyor,48.85988,2.3245049,,Public,0
198848,Paris | Avenue Paul Doumer 72,Bilinmiyor,48.859756,2.278694,,Public,0
198847,SIGEIF - ALLEE DES GYMNASES - SAINT-CLOUD,Izivia (Sodetrel),48.859722,2.212253,,Public,0
198846,Paris | Rue du Temple 36,Bilinmiyor,48.85967,2.3542652,,Public,0
198845,Paris | Rue de Martignac 2,Bilinmiyor,48.859367,2.3195393,,Public,0
198844,Paris | Avenue Raphaël 20,Bilinmiyor,48.85926,2.267881,,Public,0
198843,Paris | Boulevard Beaumarchais 87,Bilinmiyor,48.858967,2.36738,,Public,0
198842,Paris | Rue Bertin Poirée 14,Bilinmiyor,48.85881,2.3449502,,Public,0
198841,Paris | Rue Constantine  25,Bilinmiyor,48.858727,2.314834,,Public,0
198840,Paris | Rue de la Roquette  162,Bilinmiyor,48.858604,2.384125,,Public,0
198839,23 Boulevard Delessert,Belib’,48.85859600188656,2.2851592880267586,,Public,7
198838,Paris | Rue Sainte-Croix de la Bretonnerie 37,Bilinmiyor,48.858505,2.3543751,,Public,0
198837,Metropolis - Proximité - Montreuil - Désiré Préaux,Bilinmiyor,48.85819,2.431605,,Public,0
198836,Paris | Avenue de la Bourdonnais 45,Bilinmiyor,48.85807,2.299582,,Public,0
198835,Paris | Avenue Victoria 17,Bilinmiyor,48.85788,2.34681,,Public,0
198834,Paris | Avenue Philippe Auguste 126,Bilinmiyor,48.857796,2.390264,,Public,0
198833,Metropolis – Proximité – Rueil-Malmaison – Montbrison (159),Bilinmiyor,48.857699,2.193527,,Public,0
198832,"Condé-en-Normandie, Route de Vassy",Bilinmiyor,48.857273,-0.606036,,Public,0
198831,Paris | Boulevard Richard Lenoir 36,Bilinmiyor,48.857258,2.37139,,Public,0
198830,SIGEIF - 38  RUE DU MONT VALERIEN - SAINT-CLOUD,Izivia (Sodetrel),48.857159,2.215126,,Public,0
198829,Paris | Rue des Pyrénées 127,Bilinmiyor,48.857094,2.403802,,Public,0
198828,SIGEIF - 199  BOULEVARD DE LA REPUBLIQUE - SAINT-CLOUD,Izivia (Sodetrel),48.857063,2.210997,,Public,0
198827,Metropolis - Citadine - Montreuil - Rue de Vincennes,Bilinmiyor,48.857057,2.437502,,Public,0
198826,Paris | Boulevard de Charonne 158,Bilinmiyor,48.856915,2.3941433,,Public,0
198825,Metropolis - Citadine - Neuilly-sur-Marne - François Mitterrand,Bilinmiyor,48.856893,2.529547,,Public,0
198824,Paris | Rue des Eaux  2,Bilinmiyor,48.85666,2.2856026,,Public,0
198823,Paris | Rue Malher 13,Bilinmiyor,48.85648,2.361378,,Public,0
198822,Paris | Rue Ernest Psichari 13,Bilinmiyor,48.85617,2.308076,,Public,0
198821,Paris | Rue François de Neufchateau 11,Bilinmiyor,48.85615,2.3825247,,Public,0
198820,Paris | Boulevard de la Tour-Maubourg 76,Bilinmiyor,48.856014,2.3097644,,Public,0
198819,Paris | Boulevard des Invalides  21,Bilinmiyor,48.85582,2.3152447,,Public,0
198818,Metropolis - Proximité - Neuilly-Plaisance - Chanzy,Bilinmiyor,48.85580614,2.51122517,,Public,0
198817,Paris | Rue du Commandant Lamy 2,Bilinmiyor,48.85579,2.374203,,Public,0
198816,Shopping Promenade Clos du Chene,VIRTA,48.85561328,2.75552428,,Public,0
198815,Paris | Rue François Miron 80,Bilinmiyor,48.855366,2.3591938,,Public,0
198814,Paris | Avenue Ledru Rollin 155,Bilinmiyor,48.855328,2.378338,,Public,0
198813,Paris | Rue Monte Cristo 24,Bilinmiyor,48.855225,2.3984911,,Public,0
198812,Paris | Rue Jacques Callot 5,(Unknown Operator),48.855206,2.337108,,Public,0
198811,SIGEIF - 8  RUE DU MONT-VALERIEN - SAINT-CLOUD,Izivia (Sodetrel),48.855042,2.215528,,Public,0
198810,Clinique du chêne rouge,Bilinmiyor,48.8549949,2.7446297,,Public,0
198809,Paris | Quai aux Fleurs 23,Bilinmiyor,48.854847,2.3505278,,Public,0
198808,Paris | Rue de la Fédération 10,Bilinmiyor,48.85482,2.2904053,,Public,0
198807,SIGEIF - 32  BOULEVARD SENARD - SAINT-CLOUD,Izivia (Sodetrel),48.85466,2.220406,,Public,0
198806,Metropolis - Proximité - Montreuil - Godefroy,Bilinmiyor,48.85407,2.431765,,Public,0
198805,Paris | Rue du Ranelagh 33,Bilinmiyor,48.853813,2.2768772,,Public,0
198804,Paris | Avenue Philippe Auguste 65,Bilinmiyor,48.85366,2.3923485,,Public,0
198803,Paris | Rue Neuve Saint-Pierre 2,Bilinmiyor,48.853573,2.363958,,Public,0
198802,Paris | Avenue Mozart 68,Bilinmiyor,48.8534,2.2685,,Public,0
198801,"Valdallière, Rue Joseph Requeut 46",Bilinmiyor,48.853397,-0.672848,,Public,0
198800,Shopping Promenade Clos du Chene,VIRTA,48.853281,2.756072,,Public,0
198799,Metropolis - Proximité - Montreuil - République (5),Bilinmiyor,48.85316398,2.42329625,,Public,0
198798,Paris | square Tolstoï 2,Bilinmiyor,48.8531,2.261698,,Public,0
198797,Paris | Rue Chanaleilles 1,Bilinmiyor,48.85304,2.3190124,,Public,0
198796,Shopping Promenade Clos du Chene,VIRTA,48.852935,2.75367,,Public,0
198795,Paris | Rue Faidherbe 27,Bilinmiyor,48.852573,2.3830369,,Public,0
198794,Metropolis - Montreuil - République,Métropolis,48.85222209,2.41590762,Montreuil,Public,4
198793,Metropolis - Citadine - Neuilly-Plaisance - Cézanne,Bilinmiyor,48.8521468,2.5147147,,Public,0
198792,Parking de la concession,Bilinmiyor,48.852122,2.760219,,Public - Pay At Location,0
198791,Volvo Montévrain,Bilinmiyor,48.85207,2.756772,,Public,0
198790,Paris | Boulevard de Charonne 52,Bilinmiyor,48.8519,2.3982,,Public,0
198789,Paris | Avenue de Suffren 78,Bilinmiyor,48.851833,2.2997985,,Public,0
198788,Metropolis - ePremium - Vincennes - République,Bilinmiyor,48.8514798,2.4368853,,Public,0
198787,Paris | Quai de Béthune 36,Bilinmiyor,48.851254,2.3564553,,Public,0
198786,Paris | Rue du Docteur Finlay 43,Bilinmiyor,48.8512,2.2913,,Public,0
198785,Paris | Rue Jean de la Fontaine 42,Bilinmiyor,48.850998,2.2719011,,Public,0
198784,"Condé-en-Normandie, Rue des Prés Guillets",Bilinmiyor,48.850952,-0.553656,,Public,0
198783,Paris | Avenue Théophile Gauthier 14,Bilinmiyor,48.850754,2.2739246,,Public,0
198782,SAEMES | PARKING LAGRANGE,Bilinmiyor,48.850723128182764,2.3486904895097536,,Public,0
198781,SIGEIF - RUE ARMENGAUD - SAINT-CLOUD,Izivia (Sodetrel),48.850512,2.217007,,Public,0
198780,Paris | Quai Henri IV 44,Bilinmiyor,48.85023,2.3615763,,Public,0
198779,SIGEIF - 15  AVENUE CHARLES DE GAULLE - BOULOGNE-BILLANCOURT,Izivia (Sodetrel),48.850211,2.237767,,Public,0
198778,Paris | Rue de la Plaine 25,Bilinmiyor,48.85006,2.4019644,,Public,0
198777,Paris | Quai de la Tournelle 21,Bilinmiyor,48.850033,2.354431,,Public,0
198776,ISPO France,Bilinmiyor,48.85,7.61,,Public,0
198775,Paris | Rue Roubo 1,Bilinmiyor,48.849968,2.387246,,Public,0
198774,Metropolis - ePremium - Vincennes - Diderot (216),Bilinmiyor,48.84968646,2.45519471,,Public,0
198773,Paris | Rue Frédéric Loliée 5,Bilinmiyor,48.8495,2.4062,,Public,0
198772,Paris | Avenue de Taillebourg 2,Bilinmiyor,48.84948,2.397761,,Public,0
198771,"Vire Normandie, Rue des Peupliers",Bilinmiyor,48.849442,-0.882365,,Public,0
198770,Paris | Rue de Lagny 117,Bilinmiyor,48.8492,2.4133,,Public,0
198769,Paris | Rue de Rennes 105,Bilinmiyor,48.84896,2.328735,,Public,0
198768,SIGEIF - PLACE DU DOCTEUR BERTHET - LA CELLE-SAINT-CLOUD,Izivia (Sodetrel),48.848957,2.15031,,Public,0
198767,Paris | Avenue de Suffren 112,Bilinmiyor,48.848923,2.3045475,,Public,0
198766,Metropolis - Citadine - Vincennes - Rue de Fontenay (194),Bilinmiyor,48.848592,2.433171,,Public,0
198764,Paris | Boulevard de la Bastille 20,Bilinmiyor,48.84837,2.367915,,Public,0
198763,Paris | Boulevard de Grenelle 139,Bilinmiyor,48.8483,2.301,,Public,0
198762,Paris | Rue Duroc  2,Bilinmiyor,48.84828,2.315725,,Public,0
198761,Volvo Paris 16,Bilinmiyor,48.848209,2.274187,,Public,0
198760,Paris | Rue Beaugrenelle 4,Bilinmiyor,48.8479,2.2847,,Public,0
198759,Metropolis - ePremium - Vincennes - Massue,Bilinmiyor,48.847891,2.424445,,Public,0
198758,Paris | Rue de Bérite 3,Bilinmiyor,48.847874,2.3239782,,Public,0
198757,Paris | Rue Rémusat 8,Bilinmiyor,48.847847,2.272306,,Public,0
198756,Paris | Rue d'Auteuil 55,Bilinmiyor,48.8478,2.2636,,Public,0
198755,SIGEIF - 52  AVENUE DU MARECHAL FOCH - SAINT-CLOUD,Izivia (Sodetrel),48.847778,2.207391,,Public,0
198754,Metropolis - Proximité - Vincennes - Rue de Fontenay (44),Bilinmiyor,48.847775,2.443435,,Public,0
198753,SIGEIF - RUE DES 4 SAISONS - NOISY-LE-GRAND,Izivia (Sodetrel),48.847681,2.549687,,Public,0
198752,Paris | Cours de Vincennes 66,Bilinmiyor,48.847485,2.401736,,Public,0
198751,Paris | Rue Mayet  2,Bilinmiyor,48.84737,2.3182092,,Public,0
198750,Paris | Rue de Fleurus 2,Bilinmiyor,48.847107,2.332121,,Public,0
198749,Metropolis - ePremium - Vincennes - Péri,Bilinmiyor,48.846896,2.447183,,Public,0
198748,DONVILLE LES BAINS - Mairie,Bilinmiyor,48.8468776,-1.5804867,,Public,0
198747,Paris | Avenue Emilie Zola 65,Bilinmiyor,48.846703,2.2844167,,Public,0
198746,SIGEIF - 44  AVENUE DE LA CELLE ST CLOUD - VAUCRESSON,Izivia (Sodetrel),48.846574,2.169688,,Public,0
198745,Paris | Avenue Ledru Rollin 20,Bilinmiyor,48.84652,2.3692153,,Public,0
198744,Metropolis - ePremium - Vincennes - Lejemptel,Bilinmiyor,48.84624221,2.43712014,,Public,0
198743,Paris | Avenue Emile Zola 18,Bilinmiyor,48.846214,2.279884,,Public,0
198742,Metropolis - ePremium - Vincennes - Mur du Parc,Bilinmiyor,48.84609748,2.45605117,,Public,0
198741,Paris | Rue Miollis 21,Bilinmiyor,48.845806,2.3038075,,Public,0
198740,Paris | Place du Commerce 5,Bilinmiyor,48.84545,2.292136,,Public,0
198739,SIGEIF - 8  RUE GASTON LATOUCHE - SAINT-CLOUD,Izivia (Sodetrel),48.845411,2.218729,,Public,0
198738,"Vire Normandie, Avenue de la Gare",Bilinmiyor,48.84539,-0.8849,,Public,0
198737,Paris | Rue Molitor 16,Bilinmiyor,48.845284,2.2640333,,Public,0
198736,Paris | Rue Linnée 18,Bilinmiyor,48.845257,2.3548336,,Public,0
198735,SIGEIF - AVENUE DES ETANGS - LA CELLE-SAINT-CLOUD,Izivia (Sodetrel),48.84512,2.131865,,Public,0
198734,Paris | Rue de Lourmel 79,Bilinmiyor,48.845108,2.287503,,Public,0
198733,"Vire Normandie, Rue Saint-Martin",Bilinmiyor,48.844872,-0.901956,,Public,0
198732,"Condé-en-Normandie, Rue Saint-Martin",Bilinmiyor,48.844807,-0.554104,,Public,0
198731,Paris | Rue Monge 55,Bilinmiyor,48.84477,2.35242,,Public,0
198730,Paris | Avenue du Maine 4,Bilinmiyor,48.844707,2.3198109,,Public,0
198729,SAEMES | PARKING JEAN BOUIN,Bilinmiyor,48.844450618719236,2.2523614732393145,,Public,0
198728,Paris | Rue Monge 58,Bilinmiyor,48.84443,2.3522773,,Public,0
198727,Paris | Avenue de Saint-Mandé 94,Bilinmiyor,48.8444,2.407044,,Public,0
198726,Paris | Rue Sébastien Mercier 44,Bilinmiyor,48.84391,2.279693,,Public,0
198725,Metropolis - ePremium - Vincennes - Petit Parc,Bilinmiyor,48.8438568,2.42866225,,Public,0
198724,Paris | Avenue de Versailles 112,Bilinmiyor,48.843792,2.2698932,,Public,0
198723,Paris | Avenue du Maine 16/18,Bilinmiyor,48.843754,2.320272,,Public,0
198722,Paris | Boulevard Exelmans 77,Bilinmiyor,48.8433,2.2595,,Public,0
198721,Paris | Rue de l'Arrivée 16,Bilinmiyor,48.8432,2.3217,,Public,0
198720,SIGEIF - 8  BOULEVARD DE LA REPUBLIQUE - SAINT-CLOUD,Izivia (Sodetrel),48.843157,2.207385,,Public,0
198719,Paris | Rue Péguy 2,Bilinmiyor,48.843006,2.3280363,,Public,0
198718,VILLE DE DIEULOUARD,Izivia (Sodetrel),48.842911,6.068884,,Public,0
198717,Paris | Boulevard Pasteur 41,Bilinmiyor,48.842644,2.313266,,Public,0
198716,Paris | Place Etienne Pernet  26,Bilinmiyor,48.842594,2.2920513,,Public,0
198715,Paris | Rue de la Convention  75,Bilinmiyor,48.842567,2.2848904,,Public,0
198714,Paris | Rue Michelet 6,Bilinmiyor,48.842564,2.3363895,,Public,0
198713,PLOUGRESCANT-RUE ST GONERY,Izivia (Sodetrel),48.842125,-3.228862,,Public,0
198712,SIGEIF - RUE PASTEUR - SAINT-CLOUD,Izivia (Sodetrel),48.842105,2.203739,,Public,0
198711,PLEUBIAN-PLACE DU CHATEAU,Izivia (Sodetrel),48.842079,-3.138881,,Public,0
198710,Paris | Rue Gay-Lussac 66,Bilinmiyor,48.842007,2.3430684,,Public,0
198709,Paris | Rue Pierre Brossolette 1,Bilinmiyor,48.84196,2.347262,,Public,0
198708,Paris | Rue Joseph Bara 15,Bilinmiyor,48.84189,2.333149,,Public,0
198707,SIGEIF - RUE DORLEANS - SAINT-CLOUD,Izivia (Sodetrel),48.841715,2.219264,,Public,0
198706,Paris | Rue de la Convention 99,Bilinmiyor,48.841663,2.286931,,Public,0
198705,Paris | Avenue du Docteur Arnold Netter 10,Bilinmiyor,48.841595,2.4050138,,Public,0
198704,Paris | Rue Henri Barbusse 25,Bilinmiyor,48.8415,2.338973,,Public,0
198703,FLEURY - la Maison Neuve,Bilinmiyor,48.841466,-1.2504703,,Public,0
198702,Paris | Rue Lacordaire 56,Bilinmiyor,48.841404,2.28136,,Public,0
198701,Daltoner Vire,Bilinmiyor,48.8413,-0.8531,,Public,0
198700,Paris | Rue Monge  99,Bilinmiyor,48.841064,2.352048,,Public,0
198699,Parking Acelec,Bilinmiyor,48.841032,2.798854,,Public,0
198698,"Noues de Sienne, Place de la Mairie",Bilinmiyor,48.840977,-1.048561,,Public,0
198697,Paris | Avenue Émile Laurent 1,Bilinmiyor,48.84071,2.409631,,Public,0
198696,Paris | Rue Houdart de Lamotte 2,Bilinmiyor,48.8407,2.2876,,Public,0
198695,Paris | boulevard de Picpus 7,Bilinmiyor,48.840687,2.400428,,Public,0
198694,"Vire Normandie, Rue du Cotin",Bilinmiyor,48.84039,-0.888584,,Public,0
198693,SIGEIF - ROND-POINT DU SOUVENIR FRANCAIS - VAUCRESSON,Izivia (Sodetrel),48.840307,2.164518,,Public,0
198692,"Vire Normandie, Place de la Mairie",Bilinmiyor,48.840118,-0.854415,,Public,0
198691,Paris | Rue Docteur Goujon 5,Bilinmiyor,48.839947,2.397822,,Public,0
198690,Paris | Rue Leblanc  19,Bilinmiyor,48.83984,2.273328,,Public,0
198689,Paris | Rue Claude Bernard 16,Bilinmiyor,48.839775,2.3476574,,Public,0
198688,Paris | Rue Gerbert 11,Bilinmiyor,48.839577,2.2986453,,Public,0
198687,Paris | Boulevard Edgar Quinet 2,Bilinmiyor,48.83951,2.3301675,,Public,0
198686,SIGEIF - 2  BOULEVARD DU LEVANT - NOISY-LE-GRAND,Izivia (Sodetrel),48.839452,2.549201,,Public,0
198685,Paris | Rue Monge 112,Bilinmiyor,48.839275,2.3507414,,Public,0
198684,Paris | Rue du Charolais 2,Bilinmiyor,48.83919,2.387853,,Public,0
198683,Paris | Rue Henri Barbusse 66,Bilinmiyor,48.83912,2.337229,,Public,0
198682,Paris | Avenue Félix Faure 109,Bilinmiyor,48.83892,2.282485,,Public,0
198681,Paris | Rue de la Croix Nivert 192,Bilinmiyor,48.838886,2.2892983,,Public,0
198680,Paris | Rue Cotentin 29,Bilinmiyor,48.838547,2.312675,,Public,0
198679,Paris | Boulevard de Port-Royal 97,Bilinmiyor,48.838314,2.3408663,,Public,0
198678,Paris | Rue de la Convention 171,Bilinmiyor,48.838314,2.2943442,,Public,0
198677,SIGEIF - PARKING DU SQUARE DE LA CROIX BLANCHE - VAUCRESSON,Izivia (Sodetrel),48.838145,2.156808,,Public,0
198676,PARKING EXTERIE / BORNE 2,ChargePoint,48.838141172027,2.1658100513491,,Public - Pay At Location,0
198675,GRANVILLE - la Gare,Bilinmiyor,48.8381083,-1.5877092,,Public,0
198674,GRANVILLE - Place Corsaires,Bilinmiyor,48.837858,-1.600058,,Public,0
198673,PARKING EXTERIE / BORNE 1,ChargePoint,48.83774973023189,2.165491610332665,,Public - Pay At Location,0
198672,GRANVILLE - Mairie,Bilinmiyor,48.8375254,-1.5965401,,Public,0
198671,Paris | Rue Paul Barruel 44,Bilinmiyor,48.837364,2.3059905,,Public,0
198670,Paris | ter Rue de Picpus 122,Bilinmiyor,48.837315,2.4022446,,Public,0
198669,"Vire Normandie, Rue Turpin",Bilinmiyor,48.837307,-0.885866,,Public,0
198668,SIGEIF - 2  PLACE CHARLES DE GAULLE - VAUCRESSON,Izivia (Sodetrel),48.837186,2.152096,,Public,0
198667,Paris | Avenue Marcel Doret 4,Bilinmiyor,48.837055,2.259932,,Public,0
198666,Paris | Rue Olivier de Serres 3,Bilinmiyor,48.837017,2.2986736,,Public,0
198665,RESIDENCE LES CHATAIGNIERS,Bilinmiyor,48.8370002,2.11779263,,Public,0
198664,SIGEIF - 2  RUE HENRI MARTIN - BOULOGNE-BILLANCOURT,Izivia (Sodetrel),48.83684,2.252363,,Public,0
198663,VILLEDIEU LES POELES - Place de La Poste,Bilinmiyor,48.8367225,-1.2192249,,Public,0
198662,SIGEIF - 114  RUE GALLIENI - BOULOGNE-BILLANCOURT,Izivia (Sodetrel),48.836639,2.239694,,Public,0
198661,Paris | Rue Jeanne D'Arc 157,Bilinmiyor,48.83656,2.3592348,,Public,0
198660,Paris | Rue de Charenton  251,Bilinmiyor,48.83641,2.3922555,,Public,0
198659,GRANVILLE - Place Bedeau,Bilinmiyor,48.8359208,-1.5955279,,Public,0
198658,FOLLIGNY - Le Repas,Bilinmiyor,48.8358569,-1.4147694,,Public,0
198657,SIGEIF - 61  BOULEVARD JEAN JAURES - BOULOGNE-BILLANCOURT,Izivia (Sodetrel),48.835812,2.242281,,Public,0
198656,Paris | Rue de Pommard 7,Bilinmiyor,48.835518,2.3850355,,Public,0
198655,Paris | Rue Berbier du Mets 21,Bilinmiyor,48.8355,2.34965,,Public,0
198654,Paris | Rue Olier 15,Bilinmiyor,48.835197,2.2914295,,Public,0
198653,Paris | Rue Claude Decaen 26,Bilinmiyor,48.83519,2.4002905,,Public,0
198652,Paris | Boulevard Arago 52,Bilinmiyor,48.835163,2.3446052,,Public,0
198651,Paris | Rue de Cronstadt 2,Bilinmiyor,48.8349,2.3026,,Public,0
198650,Paris | Rue Boulard 1,Bilinmiyor,48.834854,2.3297832,,Public,0
198649,Paris | Rue de Vouillé 25,Bilinmiyor,48.834705,2.305529,,Public,0
198648,Paris | Rue Croulebarbe 1,Bilinmiyor,48.834526,2.353056,,Public,0
198647,LA NOE 61550 LA FERTE-EN-OUCHE,Qovoltis,48.83442,0.44288,,Public,0
198646,VILLEDIEU LES POELES - La Gare,Bilinmiyor,48.834159,-1.226381,,Public,0
198645,Paris | Avenue du General Dodds 3,Bilinmiyor,48.834084,2.405248,,Public,0
198644,Paris | Rue de Vouillé 47,Bilinmiyor,48.83389,2.3081343,,Public,0
198643,SIGEIF - 23 ALLEE DU COLLEGE - VAUCRESSON,Izivia (Sodetrel),48.833635,2.149957,,Public,0
198642,GRANVILLE - St Nicolas Agora,Bilinmiyor,48.8327924,-1.5683501,,Public,0
198641,"Noues de Sienne, Rue du Vieux Château",Bilinmiyor,48.832748,-1.038759,,Public,0
198640,Hôtel Restaurant Campanile Nogent-sur-Marne,Electromaps,48.832677935169805,2.493569567590577,,Public,0
198639,TREGASTEL-BOULEVARD DU COZ PORS PARKING DU PERE ETERNEL,Izivia (Sodetrel),48.832668,-3.513626,Trégastel,Public,2
198638,Paris | Rue du Colonel Pierre Avia 1,Bilinmiyor,48.8326,2.2788854,,Public,0
198637,"Vire Normandie, Rue de la Mairie 14",Bilinmiyor,48.83251,-0.838209,,Public,0
198636,SIGEIF - 24  BOULEVARD DE LA REPUBLIQUE  BOULOGNE-BILLANCOURT - BOULOGNE-BILLANCOURT,Izivia (Sodetrel),48.832364,2.254615,,Public,0
198635,Paris | Rue des Morillons 95,Bilinmiyor,48.831997,2.3048475,,Public,0
198634,SIGEIF - 80  RUE DE SEVRES - BOULOGNE-BILLANCOURT,Izivia (Sodetrel),48.831536,2.230145,,Public,0
198633,Metropolis - Citadine - Issy-les-Moulineaux - Joseph Frantz,Bilinmiyor,48.8312661,2.26644659,,Public,0
198632,Paris | Rue Raymond Losserand 145,Bilinmiyor,48.83126,2.313088,,Public,0
198631,Paris | Rue Vulpian 24,Bilinmiyor,48.83105,2.3460584,,Public,0
198630,Metropolis - Proximité - Issy-les-Moulineaux - Guynemer (16),Bilinmiyor,48.83087258,2.27849366,,Public,0
198629,SIGEIF - PLACE DE LA MAIRIE - MARNES-LA-COQUETTE,Izivia (Sodetrel),48.830567,2.178067,,Public,0
198628,Paris | Rue de Dantzig 80,Bilinmiyor,48.8304,2.295999,,Public,0
198627,SIGEIF - 31  RUE CAMILLE DESMOULINS - ISSY-LES-MOULINEAUX,Izivia (Sodetrel),48.82991,2.264953,,Public,0
198626,Paris | Rue Bobillot 16,Bilinmiyor,48.82958,2.3537664,,Public,0
198625,Metropolis - Proximité - Issy-les-Moulineaux - Ernest Renan,Bilinmiyor,48.82950414,2.28357617,,Public,0
198624,SIGEIF - 71  AVENUE MEDERIC - NOISY-LE-GRAND,Izivia (Sodetrel),48.829448,2.566347,,Public,0
198623,Metropolis - Express - Issy-les-Moulineaux - Roosevelt,Bilinmiyor,48.82914716,2.26103455,,Public,0
198622,SIGEIF - 245  BD JEAN JAURES - BOULOGNE-BILLANCOURT,Izivia (Sodetrel),48.8288,2.246242,,Public,0
198621,Paris | Rue Broussais  32,Bilinmiyor,48.82844,2.336613,,Public,0
198620,Paris | Rue des Plantes 56,Bilinmiyor,48.82837,2.3216963,,Public,0
198619,SIGEIF - 40  RUE DE MEUDON - BOULOGNE-BILLANCOURT,Izivia (Sodetrel),48.828194,2.241986,,Public,0
198618,Metropolis - Issy-les-Moulineaux - Guynemer,Métropolis,48.82816072,2.27441884,Issy-les-Moulineaux,Public,5
198617,SIGEIF - 10  RUE RIOCREUX - SEVRES,Izivia (Sodetrel),48.82587179993496,2.200324303457421,Sèvres,Public,2
198616,Metropolis - Citadine - Villiers sur marne - Rue Claude Trottin,Bilinmiyor,48.827653,2.544022,,Public,0
198615,Paris | Rue Marie-Andrée Lagroua Weil-Halle 2,Bilinmiyor,48.82764,2.3810866,,Public,0
198614,Paris | Rue Nationale  77,Bilinmiyor,48.826855,2.3665764,,Public,0
198613,Paris | Avenue Jean Moulin 34,Bilinmiyor,48.82668,2.3237355,,Public,0
198612,SIGEIF - 2  AVENUE DE LA CRISTALLERIE - SEVRES,Izivia (Sodetrel),48.826646,2.222437,,Public,0
198611,Paris | Rue de Tolbiac 234,Bilinmiyor,48.826504,2.343366,,Public,0
198610,SIGEIF - PLACE CHARLES DE GAULLE - VILLE-DAVRAY,Izivia (Sodetrel),48.82634,2.189425,,Public,0
198609,SIGEIF - 30  RUE MARCEL BONTEMPS - BOULOGNE-BILLANCOURT,Izivia (Sodetrel),48.826296,2.240936,,Public,0
198608,Paris | Rue de Tolbiac 245,Bilinmiyor,48.826233,2.34245,,Public,0
198607,SIGEIF - 101  RUE JEAN JAURES - VANVES,Izivia (Sodetrel),48.82598,2.290181,,Public,0
198606,"Noues de Sienne, Le Bourg",Bilinmiyor,48.825451,-0.977295,,Public,0
198605,Metropolis - Proximité - Issy-les-Moulineaux - Gallieni,Bilinmiyor,48.82499159,2.26791608,,Public,0
198604,SIGEIF - 53  GRANDE RUE - SEVRES,Izivia (Sodetrel),48.824499,2.212834,,Public,0
198603,Paris | Avenue D'Ivry 58,Bilinmiyor,48.824066,2.364308,,Public,0
198602,Metropolis - Citadine - Issy-les-Moulineaux - René Jacques,Bilinmiyor,48.82380279,2.26183571,,Public,0
198601,"Noues de Sienne, Le Bourg",Bilinmiyor,48.823738,-1.104626,,Public,0
198600,Metropolis - Citadine - Villiers sur marne - Avenue Henri Dunant,Bilinmiyor,48.823691,2.53511,,Public,0
198599,Paris | Rue du Docteur Leray 10,Bilinmiyor,48.82325,2.354296,,Public,0
198598,Paris | Rue Darmesteter 12,Bilinmiyor,48.82315,2.3753989,,Public,0
198597,Paris | Rue Regnault 118,Bilinmiyor,48.82312,2.367798,,Public,0
198596,Paris | Avenue de la Porte de Montrouge 8,Bilinmiyor,48.82306,2.322823,,Public,0
198595,BMW GRANVILLE,Freshmile,48.8227,-1.526,,Public,0
198594,Paris | Avenue Claude Régaud 3,Bilinmiyor,48.822433,2.372971,,Public,0
198593,SIGEIF - RUE PRUVOT - VANVES,Izivia (Sodetrel),48.822254,2.284057,,Public,0
198592,Metropolis - Proximité - Saint-Maurice - Verdun,Bilinmiyor,48.82215245,2.42205713,,Public,0
198591,SIGEIF - 123  GRANDE RUE - SEVRES,Izivia (Sodetrel),48.822094,2.20638,,Public,0
198590,Paris | Rue de Rungis  2,Bilinmiyor,48.82195,2.345853,,Public,0
198589,SIGEIF - RUE RENE SAHORS - VANVES,Izivia (Sodetrel),48.821902,2.290551,,Public,0
198588,Metropolis - Proximité - Issy-les-Moulineaux - Garibaldi,Bilinmiyor,48.82162691,2.26128899,,Public,0
198587,SIGEIF - RUE GEORGES BONNEFOUS - SEVRES,Izivia (Sodetrel),48.821562,2.213168,,Public,0
198586,SDEA HAGUENAU,Bilinmiyor,48.8214951,7.77905073,,Public,0
198585,SIGEIF - 12  RUE MARCEL ALLEGOT - MEUDON,Izivia (Sodetrel),48.821484,2.227161,,Public,0
198584,SIGEIF - 67  RUE DE VERSAILLES - VILLE-DAVRAY,Izivia (Sodetrel),48.821396,2.179316,,Public,0
198583,SIGEIF - 34  RUE ANTOINE FRATACCI - VANVES,Izivia (Sodetrel),48.821077,2.288422,,Public,0
198582,Paris | Rue de l'Amiral Mouchez 77,Bilinmiyor,48.82085,2.343626,,Public,0
198581,Paris | Rue Gouthière 12,Bilinmiyor,48.820423,2.3512075,,Public,0
198580,SIGEIF - 10  RUE DE LA VERRERIE - MEUDON,Izivia (Sodetrel),48.820297,2.234965,,Public,0
198579,VERSAILLES - Clinique de la porte verte,Bilinmiyor,48.82017657176424,2.14132017692533,,Public - Pay At Location,0
198578,SIGEIF - 1  RUE DE LEGALITE - ISSY-LES-MOULINEAUX,Izivia (Sodetrel),48.819562,2.265278,,Public,0
198577,SIGEIF - 66 BOULEVARD RODIN - ISSY-LES-MOULINEAUX,Izivia (Sodetrel),48.819081,2.258038,,Public,0
198576,SIGEIF - 88  AVENUE DU GENERAL DE GAULLE - ISSY-LES-MOULINEAUX,Izivia (Sodetrel),48.819004,2.277644,,Public,0
198575,SIGEIF - 217 RUE DE VERSAILLES - VILLE-DAVRAY,Izivia (Sodetrel),48.818204,2.165078,,Public,0
198574,Hyundai Issy-les-Moulineaux,Bilinmiyor,48.817855,2.250705,,Public,0
198573,SIGEIF - 166 PROMENADE DU VERGER - ISSY-LES-MOULINEAUX,Izivia (Sodetrel),48.817549,2.270023,,Public,0
198572,SIGEIF - 9  RUE BAUDIN - IVRY-SUR-SEINE,Izivia (Sodetrel),48.817419,2.37428,,Public,0
198571,Renault Champigny-sur-Marne,Renault,48.8172,2.496667,,Public,0
198570,SIGEIF - 6  RUE DE PARIS - MEUDON,Izivia (Sodetrel),48.816826,2.247755,,Public,0
198569,BNSIEGE / BORNE SIEGE N°1,ChargePoint,48.8167351490948,2.374382078759937,,Public - Pay At Location,0
198568,SIGEIF - 14  RUE LARMEROUX - VANVES,Izivia (Sodetrel),48.816557,2.280009,,Public,0
198567,ST PAIR SUR MER - Parking de la Liberte,Bilinmiyor,48.8164751,-1.5701226,,Public,0
198566,Fiat Haguenau,Bilinmiyor,48.816353,7.782814,,Public,0
198565,PERROS GUIREC-PLACE DE LHOTEL DE VILLE,Izivia (Sodetrel),48.815392,-3.444974,Perros-Guirec,Public,2
198564,Coulommiers,Izivia (Sodetrel),48.815,3.08237,,Public,0
198563,Intermarché Champigny-sur-marne,Bilinmiyor,48.814663,2.495979,,Public,0
198562,SIGEIF - 23  BOULEVARD DE BRANDEBOURG - IVRY-SUR-SEINE,Izivia (Sodetrel),48.814589,2.399729,,Public,0
198561,SIGEIF - RUE WOLFENBUTTEL  SEVRES,Izivia (Sodetrel),48.814263,2.213824,,Public,0
198560,Metropolis - Citadine - Saint-Maurice - Jean Renoir,Bilinmiyor,48.8142151,2.4596527,,Public,0
198559,PENVENAN-RUE DE LA POSTE PARKING FOYER LOGEMENT,Izivia (Sodetrel),48.813103,-3.295882,,Public,0
198558,SIGEIF - 705  AVENUE ROGER SALENGRO - CHAVILLE,Izivia (Sodetrel),48.813019,2.192191,,Public,0
198557,SIGEIF - 5  AVENUE SPINOZA - IVRY-SUR-SEINE,Izivia (Sodetrel),48.812972,2.389021,,Public,0
198556,TREVOU TREGUIGNEC-RUE DE LA MAIRIE,Izivia (Sodetrel),48.812908,-3.358388,,Public,0
198555,SIGEIF - 12  AVENUE DU DOCTEUR ANTOINE LACROIX - LE KREMLIN-BICETRE,Izivia (Sodetrel),48.81287,2.35707,,Public,0
198554,SIGEIF - 2  RUE DE PONCEAU - MEUDON,Izivia (Sodetrel),48.812485,2.237844,,Public,0
198553,SIGEIF - 111  RUE HOCHE - IVRY-SUR-SEINE - 2,Izivia (Sodetrel),48.812103,2.371545,,Public,0
198552,SIGEIF - 4  AVENUE JEAN LURCAT - FONTENAY-LE-FLEURY,Izivia (Sodetrel),48.811175,2.046263,,Public,0
198551,SIGEIF - 188  AVENUE DE PARIS - CHATILLON,Izivia (Sodetrel),48.810455,2.299287,,Public,0
198550,SIGEIF - 16  RUE MARAT - IVRY-SUR-SEINE,Izivia (Sodetrel),48.81043,2.3851,,Public,0
198549,SIGEIF - 76  AVENUE DE VERDUN - CHATILLON,Izivia (Sodetrel),48.809681,2.282806,,Public,0
198548,Parking de la Concession,Bilinmiyor,48.809524,2.3270929,,Public - Pay At Location,0
198547,SIGEIF - RUE DANIELLE CASANOVA - MAISONS-ALFORT,Izivia (Sodetrel),48.808336,2.456492,,Public,0
198546,SIGEIF - 1  PLACE OLIVIER MESSIAEN - FONTENAY-LE-FLEURY,Izivia (Sodetrel),48.80807,2.05212,,Public,0
198545,SIGEIF - PARKING TERRE NEUVE  MEUDON - MEUDON,Izivia (Sodetrel),48.807732,2.234801,,Public,0
198544,TRELEVERN-PLACE DES AIGUILLES PARKING MAIRIE,Izivia (Sodetrel),48.807682,-3.386452,,Public,0
198543,Daltoner Granville,Bilinmiyor,48.80759678252247,1.5397406236702427,,Public,0
198542,PERROS GUIREC-RUE A. LE BRAZ PARKING DU PORT,Izivia (Sodetrel),48.807404,-3.441761,Perros-Guirec,Public,2
198541,Hyundai Kremlin-Bicêtre,Bilinmiyor,48.807372,2.363391,,Public,0
198540,SIGEIF - 140  AVENUE DE LA REPUBLIQUE - CHATILLON,Izivia (Sodetrel),48.806568,2.298238,,Public,0
198539,SIGEIF - 20  RUE DE LA PEPINIERE - VIROFLAY,Izivia (Sodetrel),48.806434,2.163266,,Public,0
198538,SIGEIF - 5  RUE JEAN MARIN NAUDIN - BAGNEUX,Izivia (Sodetrel),48.805902,2.31427,,Public,0
198537,SIGEIF - 28  RUE ANATOLE FRANCE - CHAVILLE,Izivia (Sodetrel),48.805695,2.188014,,Public,0
198536,SIGEIF - 33  ROUTE DU PAVE DES GARDES - CHAVILLE,Izivia (Sodetrel),48.805695,2.185283,,Public,0
198535,SIGEIF - 92 AVENUE DU GENERAL LECLERC - MAISONS-ALFORT,Izivia (Sodetrel),48.804958,2.441778,,Public,0
198534,SIGEIF - 21  AVENUE DE PARIS - CHATILLON,Izivia (Sodetrel),48.804568,2.289905,,Public,0
198533,Metropolis - Citadine - Saint-Maur-des-Fossés - Parking Bollier,Bilinmiyor,48.8037405,2.4753937,,Public,0
198532,SIGEIF - PLACE DE MADAME DE MAINTENON - SAINT-CYR-LECOLE,Izivia (Sodetrel),48.803135,2.064108,,Public,0
198531,SIGEIF - PARKING RUE LUCIEN SAMPAIX - SAINT-CYR-LECOLE,Izivia (Sodetrel),48.803114,2.059222,,Public,0
198530,SIGEIF - 8  AVENUE ARLETTY - BOIS-DARCY,Izivia (Sodetrel),48.803085,2.011658,,Public,0
198529,SIGEIF - 127  RUE DE VERDUN - BAGNEUX,Izivia (Sodetrel),48.80181,2.321975,,Public,0
198528,SIGEIF - PLACE MON IDEE - CHENNEVIERES-SUR-MARNE,Izivia (Sodetrel),48.801016,2.532549,,Public,0
198527,PLOUBAZLANEC-CITE PARK NEVEZ,Izivia (Sodetrel),48.800983,-3.030685,,Public,0
198526,"Vire Normandie, Place des écoles",Bilinmiyor,48.800545,-0.900723,,Public,0
198525,SIGEIF - 4  RUE BELTRAME - BOIS DARCY,Izivia (Sodetrel),48.799939,2.028097,,Public,0
198524,LM - Bois d'Arcy,Bilinmiyor,48.799693,2.00914,,Public,0
198523,Versailles,Electric 55 Charging (FR),48.799674,2.153577,,Public - Pay At Location,0
198522,SIGEIF - 13  ROUTE DU PLESSIS - CHENNEVIERES-SUR-MARNE,Izivia (Sodetrel),48.799648,2.545659,,Public,0
198521,SIGEIF - 65  RUE RENE CROS - BAGNEUX,Izivia (Sodetrel),48.799297,2.304591,,Public,0
198520,SIGEIF - 12  AVENUE DE LA DIVISION LECLERC - CHATILLON,Izivia (Sodetrel),48.799158,2.284725,,Public,0
198519,Parking de l'Intermarch,Bilinmiyor,48.799119,2.281296,,Public - Pay At Location,0
198518,SIGEIF - 12 RUE DES FUSILLE DE CHATEAUBRIAND - CHENNEVIERES-SUR-MARNE,Izivia (Sodetrel),48.799087,2.535132,,Public,0
198517,SIGEIF - PARKING - RUE DU GENERAL DE GAULLE - CHENNEVIERES-SUR-MARNE,Izivia (Sodetrel),48.798856,2.531936,,Public,0
198516,SIGEIF - 17  AVENUE LOUIS PASTEUR - BAGNEUX,Izivia (Sodetrel),48.798756,2.317675,,Public,0
198515,MAIRIE BAGNEUX / RAVERA 2,ChargePoint,48.798495120256,2.3051793202444,,Public - Pay At Location,0
198514,SIGEIF - 166  AVENUE JEAN JAURES - MAISONS-ALFORT,Izivia (Sodetrel),48.797861,2.432908,,Public,0
198513,PLOUGUIEL-PLACE ANCIENS COMBATTANTS,Izivia (Sodetrel),48.797573,-3.238562,,Public,0
198512,Volvo Chennevières sur Marne,Bilinmiyor,48.797325,2.547351,,Public,0
198511,SIGEIF - AVENUE DU MARECHAL LECLERC - CHENNEVIERES-SUR-MARNE,Izivia (Sodetrel),48.7965,2.53094,,Public,0
198510,ByMyCar Bmw Chennevières,Bilinmiyor,48.796465,2.547393,,Public,0
198509,LMP VERSAILLES,Bilinmiyor,48.7958883,2.153461,,Public,0
198508,SIGEIF - 89  AVENUE ALBERT PETIT - BAGNEUX,Izivia (Sodetrel),48.795472,2.313771,,Public,0
198507,Pierre Lannier Ernolsheim Lès Saverne,Bilinmiyor,48.795403,7.385289,,Public,0
198506,MAIRIE BAGNEUX / ALBERT PETIT,ChargePoint,48.79465278111883,2.307716630688477,,Public - Pay At Location,0
198505,LOUANNEC-ROUTE DE PERROS PARKING MAIRIE,Izivia (Sodetrel),48.794518,-3.413295,Louannec,Public,2
198504,LA HAYE PESNEL - Parking du Thar,Bilinmiyor,48.7941251,-1.394381,,Public,0
198503,Metropolis - Proximité - Saint-Maur-des-Fossés - Mesnil,Bilinmiyor,48.794114,2.513764,,Public,0
198502,Metropolis - Citadine - Saint-Maur-des-Fossés - Adamville,Bilinmiyor,48.793445,2.487477,,Public,0
198501,"Noues de Sienne, Le Bourg",Bilinmiyor,48.792999,-1.007925,,Public,0
198500,SIGEIF - RUE DU DOCTEUR SCHWEITZER - BAGNEUX,Izivia (Sodetrel),48.790097,2.313149,,Public,0
198499,Metropolis - Citadine - La Queue en Brie - Avenue du Maréchal Mortier,Bilinmiyor,48.789679,2.574213,,Public,0
198498,LEZARDRIEUX-RUE DU PORT,Izivia (Sodetrel),48.788181,-3.103162,,Public,0
198497,Parking de l'Intermarch,Bilinmiyor,48.786809,2.436255,,Public - Pay At Location,0
198496,SIGEIF - AV DE LATTRE DE TASSIGNY - MEUDON,Izivia (Sodetrel),48.7865,2.229961,,Public,0
198495,M2056,Bilinmiyor,48.786174,-0.581247,,Public,0
198494,Metropolis - Citadine - Ormesson-sur-Marne - Mairie,Bilinmiyor,48.786073,2.540299,,Public,0
198493,JACIR,Alfen,48.7851797,2.5987076,,Public,0
198492,PLEUMEUR BODOU - POLE PHOENIX,Izivia (Sodetrel),48.784696,-3.517615,Pleumeur-Bodou,Public,0
198491,Metropolis - Proximité - Bourg-la-Reine - Carnot,Bilinmiyor,48.78448897,2.31725759,,Public,0
198490,Metropolis - Citadine - Bourg-la-Reine - André Theuriet,Bilinmiyor,48.779158,2.311957,,Public,0
198489,PAIMPOL-PARKING PLACE DU GOELO,Izivia (Sodetrel),48.778999,-3.043485,,Public,0
198487,Parking du SuperU,Bilinmiyor,48.778049,-3.231471,,Public - Pay At Location,0
198486,CAMLEZ-PARKING DU 19 MARS 1962,Izivia (Sodetrel),48.777443,-3.305036,,Public,0
198485,Metropolis - Proximité - Bourg-la-Reine - Carnot,Bilinmiyor,48.777139,2.322502,,Public,0
198484,Bornes Solutions IDF,Bilinmiyor,48.777098,2.242489,,Public,0
198483,PAIMPOL-PARKING DE LA GARE,Izivia (Sodetrel),48.776299,-3.048475,,Public,0
198482,Intermarché Noiseau,Bilinmiyor,48.775952,2.512694,,Public,0
198481,JULLOUVILLE - Syndicat d'Initiative,Bilinmiyor,48.7743602,-1.5673533,,Public,0
198480,SIGEIF - RUE IMPRIMEUR AU BLOC - JOUY-EN-JOSAS,Izivia (Sodetrel),48.77241,2.164531,,Public,0
198479,PLEUMEUR BODOU-LES CHARDONS PARKING CENTRE COMMERCIAL,Izivia (Sodetrel),48.771851,-3.517125,Pleumeur-Bodou,Public,0
198478,TREBEURDEN-PLACE DU PEILLET,Izivia (Sodetrel),48.771084,-3.577855,Trébeurden,Public,2
198477,COATREVEN-RUE DE LEGLISE,Izivia (Sodetrel),48.76889,-3.342592,,Public,0
198476,SIGEIF - RUE CHARLES DE GAULLE - JOUY-EN-JOSAS,Izivia (Sodetrel),48.768693,2.152863,,Public,0
198475,Metropolis - Proximité - Châtenay-Malabry - Jean Jaurès,Bilinmiyor,48.767361,2.255503,,Public,0
198474,Metropolis - Citadine - Châtenay-Malabry - Sully Prudhomme,Bilinmiyor,48.76595607,2.2904931,,Public,0
198473,SIGEIF - PLACE DE LA MARNE - JOUY-EN-JOSAS,Izivia (Sodetrel),48.765481,2.167502,,Public,0
198472,DOGA,Bilinmiyor,48.7649,1.9292,,Public,0
198471,SIGEIF - 17/19 AVENUE JEAN JAURES - JOUY-EN-JOSAS,Izivia (Sodetrel),48.76463,2.169532,,Public,0
198470,Metropolis - Proximité - Châtenay-Malabry - Roger Salengro,Bilinmiyor,48.76457362,2.27218497,,Public,0
198469,Metropolis - Antony - Général de Gaulle,Métropolis,48.76306,2.3067,Antony,Public,4
198468,SIGEIF - RUE ST ROCH - JOUY-EN-JOSAS,Izivia (Sodetrel),48.762795,2.175402,,Public,0
198467,ARJ CRETEIL,Bilinmiyor,48.76278583,2.4764962,,Public,0
198466,LIDL ST SULPICE SUR RISLE,Bilinmiyor,48.7624117,0.6610584,,Public,0
198465,SIGEIF - 66  RUE EMILE ZOLA - FRESNES,Izivia (Sodetrel),48.762217,2.326942,,Public,0
198464,Parking du Bricomarch,Bilinmiyor,48.762005,0.614444,,Public - Pay At Location,0
198463,Ecoclean,Bilinmiyor,48.7611644,2.1222859,,Public,0
198462,SARTILLY - aire de covoiturage,Bilinmiyor,48.760259,-1.4671269,,Public,0
198461,Style and Design - Maurepas - 7.4kW AC,Bilinmiyor,48.7580017,1.9288851,,Public,0
198460,Parking de la concession,Bilinmiyor,48.757607,1.932435,,Public - Pay At Location,0
198459,BR3D01,Alfen,48.757205,2.326243,,Public,0
198458,BAR LE DUC,Freshmile,48.7571171,5.1928184,,Public,0
198457,Aéroport Lannion,Ouest Charge,48.757046,-3.470821,Lannion,Public - Membership Required,2
198456,Fiat Coignières,Bilinmiyor,48.756802,1.932101,,Public,0
198455,SIGEIF - PIERRE ET MARIE CURIE - FRESNES,Izivia (Sodetrel),48.755884,2.322484,,Public,0
198454,Metropolis - Citadine - Antony - Velpeau,Bilinmiyor,48.75483829,2.30132922,,Public,0
198453,Parking de l'Intermarch,Bilinmiyor,48.753166,2.507587,,Public - Pay At Location,0
198452,Kiloutou_Thiais_DR,Bilinmiyor,48.752221,2.374703,,Public,0
198451,SARTILLY - Superette,Bilinmiyor,48.752177,-1.4549578,,Public,0
198450,SIGEIF - PLACE DE LA GARE - BIEVRES,Izivia (Sodetrel),48.751964,2.216118,,Public,0
198449,LANGOAT-RUE DES ETANGS PARKING TERRAIN FOOT,Izivia (Sodetrel),48.751244,-3.279891,,Public,0
198448,Metropolis - Proximité - Antony - Combattants,Bilinmiyor,48.7503152,2.3007512,,Public,0
198447,FR*QOV*22-00001,Qovoltis,48.75013,-3.45206,Lannion,Public,0
198446,Metropolis - Citadine - Orly - Hautes Bornes,Bilinmiyor,48.749487,2.40733,,Public,0
198445,SIGEIF - RUE DE SUCY - BOISSY-SAINT-LEGER,Izivia (Sodetrel),48.748812,2.513673,,Public,0
198444,Renault Boissy-St-Léger,G2mobility,48.748721,2.509139,,Public,0
198443,PLOUEZEC-ROUTE DE ST BRIEUC,Izivia (Sodetrel),48.747627,-2.984804,,Public,0
198442,Parking du SuperU,Bilinmiyor,48.747447,7.688002,,Public - Pay At Location,0
198441,Parc tertiaire ICADE,Bilinmiyor,48.745911,2.358913,,Public - Pay At Location,0
198440,PLOURIVO-LE BOURG,Izivia (Sodetrel),48.745758,-3.07167,,Public,0
198439,LA ROCHE DERRIEN-PLACE DU PILORI / PLACE DU MARTRAY PARKING DU BOULODROME,Izivia (Sodetrel),48.7452,-3.26137,,Public,0
198438,VILLENEUVE-LE-ROI-PARKING,Izivia (Sodetrel),48.743687,2.434506,,Public,0
198437,Metropolis - Citadine - Orly - Aérodrome,Bilinmiyor,48.742641,2.399966,,Public,0
198436,Renault Limeil,Bilinmiyor,48.742041,2.486263,,Public,0
198435,IGNY- PLACE FRANCOIS COLLET,Izivia (Sodetrel),48.741585,2.226447,,Public,0
198434,IGNY - LOR METE,Izivia (Sodetrel),48.739605,2.222766,,Public,0
198433,SIGEIF - 11  RUE FERNAND LEGER - WISSOUS,Izivia (Sodetrel),48.739087,2.329537,,Public,0
198432,MASSY - SOLOGNE,Izivia (Sodetrel),48.737225,2.295414,,Public,0
198431,MASSY - JOLIOT CURIE,Izivia (Sodetrel),48.735409,2.257871,,Public,0
198430,COMCOM BASSIN POMPEY,Izivia (Sodetrel),48.735001,6.167017,,Public,0
198429,MASSY – RUE PIERRE PICARD,Izivia (Sodetrel),48.73428,2.273265,,Public,0
198428,VAUHALLAN - MAIRIE,Izivia (Sodetrel),48.73402,2.20761,,Public,0
198427,Bmw Lannion,Drive Eco,48.733781,-3.4351,Lannion,Public - Membership Required,4
198426,Metropolis - Proximité - Antony - De Tocqueville,Bilinmiyor,48.73274,2.31383,,Public,0
198425,PLOEZAL-CHATEAU ROCHE JAGU,Izivia (Sodetrel),48.732681,-3.155936,,Public,0
198424,MASSY - NOYER LAMBERT,Izivia (Sodetrel),48.73232,2.292326,,Public,0
198423,IGNY - SARRAUT / FERRY,Izivia (Sodetrel),48.732231,2.221078,,Public,0
198422,WICKER TP ATELIERS,Bilinmiyor,48.73133,7.56065,,Public,0
198421,POMMERIT JAUDY-RUE DE LA GARE PARKING BOULANGERIE,Izivia (Sodetrel),48.73119,-3.243134,,Public,0
198420,SACLAY - STADE,Izivia (Sodetrel),48.730614,2.168417,,Public,0
198419,MASSY - ALLEE DE QUEBEC,Izivia (Sodetrel),48.730587,2.283376,,Public,0
198418,MASSY - PLACE ST FIACRE,Izivia (Sodetrel),48.730156,2.259031,,Public,0
198417,SIGEIF - MAIL DE LA JUSTICE  MAROLLES-EN-BRIE,Izivia (Sodetrel),48.729206,2.542244,,Public,0
198416,Ouest Charge - Lannion Boulevard Louis Guilloux,Ouest Charge,48.727578,-3.456394,Lannion,Public - Membership Required,2
198415,MASSY - BOUGAINVILLE,Izivia (Sodetrel),48.725075,2.272193,,Public,0
198414,BRECEY - La Poste,Bilinmiyor,48.7248101,-1.1700677,,Public,0
198413,ABLON-SUR-SEINE-PARKING,Izivia (Sodetrel),48.724464,2.420903,,Public,0
198412,SOURDEVAL - Cote Eglise,Bilinmiyor,48.7244128,-0.9214924,,Public,0
198411,CROSNE-PARKING,Izivia (Sodetrel),48.722122,2.470239,,Public,0
198410,SAINT LEGER EN YVELINES - PARKING DE LA SALLE DES FETES,Izivia (Sodetrel),48.722111,1.766528,,Public,0
198409,Metropolis - Citadine - Villecresnes - Réveillon,Bilinmiyor,48.721889,2.535109,,Public,0
198408,Opel Massy,Bilinmiyor,48.72118,2.284184,,Public,0
198407,SAINT LEGER EN YVELINES - PARKING DU PLAN DEAU,Izivia (Sodetrel),48.720886,1.768139,,Public,0
198406,Distri_Chris,Bilinmiyor,48.720741,7.042728,,Public,0
198405,LES ESSARTS LE ROI- PLACE DU MARCHE,Izivia (Sodetrel),48.718861,1.893833,,Public,0
198404,Parking de la concession,Bilinmiyor,48.718541,1.372042,,Public - Pay At Location,0
198403,PARAY-VIEILLE-POSTE-PARKING DU STADE PIERRE DE COUBERTIN,Izivia (Sodetrel),48.717175,2.367374,,Public,0
198402,CROSNE-PARKING RENE FALLET,Izivia (Sodetrel),48.715858,2.458896,,Public,0
198401,YERRES-PARKING CALMETTE,Izivia (Sodetrel),48.715031,2.493237,,Public,0
198400,PALAISEAU - AUVERGNE,Izivia (Sodetrel),48.714756,2.246326,,Public,0
198399,SAINT-AUBIN - ETAPE,Izivia (Sodetrel),48.714664,2.142571,,Public,0
198398,YERRES-PARKING DE LA PISCINE,Izivia (Sodetrel),48.714264,2.476976,,Public,0
198397,PALAISEAU - BD STALINGRAD,Izivia (Sodetrel),48.713703,2.259299,,Public,0
198396,SOCIETE DE CLOISONS PLATRERIE ISOLATION MENUISERIE,Alfen,48.712769,2.580855,,Public,0
198395,ATHIS-MONS - PLACE JULES FROELINGER,Izivia (Sodetrel),48.712495,2.403834,,Public,0
198394,PARAY-VIEILLE-POSTE-PARKING,Izivia (Sodetrel),48.712387,2.363134,,Public,0
198393,PALAISEAU - DR MORERE,Izivia (Sodetrel),48.711727,2.243571,,Public,0
198392,YERRES-PARKING MARECHAL JUIN,Izivia (Sodetrel),48.711296,2.486588,,Public,0
198391,CHAMPLAN - GYMNASE,Izivia (Sodetrel),48.711114,2.274164,,Public,0
198390,VIGNEUX-SUR-SEINE-PLACE MARX DORMOY,Izivia (Sodetrel),48.709064,2.432306,,Public,0
198389,CHAMPLAN - MAIRIE,Izivia (Sodetrel),48.708309,2.274077,,Public,0
198388,VIGNEUX SUR SEINE-AVE DU  PRES ROBERT LAKOTA,Izivia (Sodetrel),48.708259,2.414744,,Public,0
198387,YERRES-PARKING CANOTIERS,Izivia (Sodetrel),48.707657,2.49572,,Public,0
198386,MGN_CT PULNOY 2,Izivia (Sodetrel),48.70712,6.252347,,Public,0
198385,VIGNEUX-SUR-SEINE-PARKING CITY STADE,Izivia (Sodetrel),48.706635,2.421827,,Public,0
198384,SIGEIF - 36  RUE DE LEGLISE - MORANGIS,Izivia (Sodetrel),48.705907,2.339336,,Public,0
198383,Metropolis - Morangis - Eglise,Métropolis,48.705551,2.335556,Morangis,Public,4
198382,PLOUBEZRE-PLACE DE LA POSTE,Izivia (Sodetrel),48.705162,-3.447615,Ploubezre,Public,0
198381,20 RUE BLAISE PASCAL 54000 MAXEVILLE,Qovoltis,48.70478,6.1388,,Public,0
198380,QUEMPER GUEZENNEC-RUE DE LEGLISE,Izivia (Sodetrel),48.70467,-3.1057,,Public,0
198379,GARNAY,Bilinmiyor,48.703594,1.340418,,Public,0
198378,CHILLY-MAZARIN-CITE ADMINISTRATIVE,Izivia (Sodetrel),48.703182,2.320485,,Public,0
198377,ORSAY - LES PLANCHES,Izivia (Sodetrel),48.703136,2.191479,,Public,0
198376,Bidaud Volvo Athis Mons,Bilinmiyor,48.702795,2.371157,,Public,0
198375,MGN_PARKING RELAIS MOUZIMPRE,Izivia (Sodetrel),48.702408,6.225206,,Public,0
198374,MGN - VILLE DE PULNOY,Izivia (Sodetrel),48.702171,6.250865,,Public,0
198373,LONGJUMEAU - GARE DE LONGJUMEAU,Izivia (Sodetrel),48.701866,2.294186,,Public,0
198372,GIF - MARCHE DU PARC,Izivia (Sodetrel),48.701092,2.134818,,Public,0
198371,GIF - GYMNASE COURCELLE,Izivia (Sodetrel),48.700953,2.106596,,Public,0
198370,SIGEIF - 88  AVENUE ARISTIDE BRIAND - MORANGIS,Izivia (Sodetrel),48.700535,2.324774,,Public,0
198369,CHAMPLAN - JEAN JAURES,Izivia (Sodetrel),48.700448,2.291233,,Public,0
198368,AUFFARGIS - FOYER RURAL,Izivia (Sodetrel),48.700056,1.887639,,Public,0
198367,Villebon sur yvette,Bilinmiyor,48.7,2.25,,Public,0
198366,MANOIR DE L ISLE,Bilinmiyor,48.7,-3.52,,Public,0
198365,VILLEBON - LA POSTE,Izivia (Sodetrel),48.699745,2.226933,,Public,0
198364,MGN - CC CASCADES LAXOU,Izivia (Sodetrel),48.699406,6.133857,,Public,0
198363,ORSAY - PARKING MAIRIE,Izivia (Sodetrel),48.698582,2.187464,,Public,0
198362,PONTRIEUX-PARKING RUE DU QUAI,Izivia (Sodetrel),48.69836,-3.159283,,Public,0
198361,MGN - PISCINE GENTILLY,Izivia (Sodetrel),48.698059,6.142407,,Public,0
198360,VILLEBON - CENTRE JACQUES BREL,Izivia (Sodetrel),48.697381,2.233518,,Public,0
198359,BURES - GRANDE MAISON,Izivia (Sodetrel),48.696949,2.159423,,Public,0
198358,LONGJUMEAU - PARKING BRETTEN,Izivia (Sodetrel),48.696736,2.29254,,Public,0
198357,PLEHEDEL-RUE DU DR MAHE,Izivia (Sodetrel),48.696449,-3.00721,,Public,0
198356,MGN - PARKING VAUDEMONT,Izivia (Sodetrel),48.695024,6.183827,,Public,0
198355,MGN - PARKING DEUX RIVES,Izivia (Sodetrel),48.694878,6.196215,,Public,0
198354,MGN - PARKING ASNL MARCEL PICOT,Izivia (Sodetrel),48.694763,6.209852,,Public,0
198353,LE PERRAY EN YVELINES- MAIRIE,Izivia (Sodetrel),48.694752,1.8545,,Public,0
198352,YERRES-PARKING ROND POINT PASTEUR,Izivia (Sodetrel),48.694386,2.48292,,Public,0
198351,LE PERRAY EN YVELINES - AVENUE DE LA GARE,Izivia (Sodetrel),48.693527,1.855722,,Public,0
198350,MGN - PARKING MAIL DE LHORLOGE,Izivia (Sodetrel),48.69315,6.199602,,Public,0
198349,MGN - PARKING STANISLAS,Izivia (Sodetrel),48.692368,6.185137,,Public,0
198348,LE PERRAY EN YVELINES - PARKING RUE DU PLANIT,Izivia (Sodetrel),48.691528,1.857833,,Public,0
198347,AVRANCHES - Gare,Bilinmiyor,48.6908636,-1.3691367,,Public,0
198346,Metropolis - Juvisy-sur-Orge - Cour de France,Métropolis,48.690763,2.370823,Juvisy-sur-Orge,Public,4
198345,MGN - PARKING THIERS,Izivia (Sodetrel),48.690281,6.175165,,Public,0
198344,VIGNEUX-SUR-SEINE-PLACE DES 4 SAISONS,Izivia (Sodetrel),48.690067,2.439268,,Public,0
198343,Villebon sur yvette,Bilinmiyor,48.69,2.23,,Public,0
198342,MGN - PARKING ST LEON,Izivia (Sodetrel),48.689762,6.173022,,Public,0
198341,SAULX - BUHOTERIE,Izivia (Sodetrel),48.689507,2.261823,,Public,0
198340,Hôtel de ville - BOUSSY ST ANTOINE,Stations-e,48.68866197904302,2.531417455681962,,Public,0
198339,Bmw Mini Les Ulis,Bilinmiyor,48.688085,2.208125,,Public,0
198338,GIFS -PEUPLIERS,Izivia (Sodetrel),48.687965,2.116799,,Public,0
198337,Bmw Mini Juvisy sur Orge,Bilinmiyor,48.687652,2.37159,,Public,0
198336,AVRANCHES - Place Valhubert,Bilinmiyor,48.6867883,-1.3632336,,Public,0
198335,LES ULIS-PARKING,Izivia (Sodetrel),48.686054,2.173286,,Public,0
198334,MGN - PARKING KENNEDY,Izivia (Sodetrel),48.686047,6.17407,,Public,0
198333,Centre Administratif - DRAVEIL,Stations-e,48.68517050782172,2.4077141243933076,,Public,0
198332,LONGJUMEAU - GARE GRAVIGNY-BALIZY,Izivia (Sodetrel),48.684934,2.316214,,Public,0
198331,Gymnase Citadelle - DRAVEIL,Stations-e,48.6848221,2.4245679,,Public,0
198330,32 RUE DE REMENAUVILLE 54000 NANCY,Qovoltis,48.68465,6.20112,,Public,0
198329,MGN - PARKING PICHON,Izivia (Sodetrel),48.684557,6.188514,,Public,0
198328,Fiat Viry-Châtillon,Bilinmiyor,48.684087,2.3756,,Public,0
198327,AVRANCHES - Place Carnot,Bilinmiyor,48.6838561,-1.3638731,,Public,0
198326,VILLEJUST - ROUTE DE VILLEBON,Izivia (Sodetrel),48.68372,2.236749,,Public,0
198325,SAINT MICHEL EN GREVE-ROUTE D ARVOR,Izivia (Sodetrel),48.683102,-3.567519,,Public,0
198324,LES ULIS-PARKING DE LA REPUBLIQUE,Izivia (Sodetrel),48.681774,2.17022,,Public,0
198323,VIRY-CHATILLON-PARKING  QUAI DE CHATILLON / RUE CARNOT,Izivia (Sodetrel),48.681602,2.38493,,Public,0
198322,Aqua Sénart 3 - Enceinte piscine - DRAVEIL,Stations-e,48.681508,2.431342,,Public,0
198321,Médiathèque Donald Cardwell - DRAVEIL,Stations-e,48.6814842,2.403842,,Public,0
198320,LA BOISSIERE ECOLE - ECOLE,Izivia (Sodetrel),48.681057,1.648667,,Public,0
198319,EEP Marie Auxiliatrice 1,Bilinmiyor,48.680987,2.40923,,Public,0
198318,Parking Ennesser,Bilinmiyor,48.68,7.79,,Public,0
198317,PLOUMILLIAU-RUE ANATOLE LE BRAZ PARKING BARZIC,Izivia (Sodetrel),48.679855,-3.523392,,Public,0
198316,SAVIGNY SUR ORGE-RUE MARIE CHAUVET,Izivia (Sodetrel),48.679611,2.344139,,Public,0
198315,AM5,Bilinmiyor,48.678652435121194,2.4961249380287276,,Public,0
198314,LES ULIS-PARKING DE LA PISCINE,Izivia (Sodetrel),48.678509,2.167585,,Public,0
198313,Stations-e - Clos Auchin - Boussy-Saint-Antoine,Freshmile,48.678389833990664,2.5286632377885447,,Public,0
198312,Volvo Les Ulis,Bilinmiyor,48.678035,2.194266,,Public,0
198311,POIGNY LA FORET - PARKING DE LA SALLE DES FETES,Izivia (Sodetrel),48.677654,1.757398,,Public,0
198310,LES ULIS,Izivia (Sodetrel),48.677594,2.171913,,Public,0
198309,GOMETZ - SAINT NICOLAS,Izivia (Sodetrel),48.677201,2.134319,,Public,0
198308,BALLAINVILLIERS - CTRE CIAL ROUILLON,Izivia (Sodetrel),48.676964,2.293165,,Public,0
198307,Cancale - Avenue du Général de Gaulle,Izivia (Sodetrel),48.676537,-1.854012,,Public,0
198306,JUVIGNY LE TERTRE - rue de St Hilaire,Bilinmiyor,48.6764849,-1.0225093,,Public,0
198305,CANCALE - AV DE GAULE,Izivia (Sodetrel),48.676344,-1.85375,,Public,0
198304,PLOUHA-PLACE FOCH PARKING PRES DE LEGLISE,Izivia (Sodetrel),48.675999,-2.928985,,Public,0
198303,VIRY-CHATILLON-GYMNASE DU BELLAY,Izivia (Sodetrel),48.675476,2.363614,,Public,0
198302,BALLAINVILLIERS - STADE,Izivia (Sodetrel),48.675415,2.298674,,Public,0
198301,Saint-Coulomb - Place du Marché,Izivia (Sodetrel),48.67521264197024,-1.9137810638112287,,Public,0
198300,CERNAY LA VILLE,Izivia (Sodetrel),48.674915,1.97425,,Public,0
198299,PLOUEC DU TRIEUX-PLACE DE LA PAIX,Izivia (Sodetrel),48.674393,-3.191425,,Public,0
198298,Kia Gometz - ULIS AUTOMOBILES,Bilinmiyor,48.674052,2.137865,,Public,0
198297,VILLEJUST - COUDRAYES,Izivia (Sodetrel),48.673862,2.216673,,Public,0
198296,Opel Gometz,Bilinmiyor,48.673807,2.137609,,Public,0
198295,Piscine Caneton - DRAVEIL,Stations-e,48.673546,2.407719,,Public,0
198294,CAVAN-RUE MAURICE DENIS,Izivia (Sodetrel),48.672264,-3.347963,,Public,0
198293,VIRY-CHATILLON-PARKING MAIRIE,Izivia (Sodetrel),48.671604,2.37532,,Public,0
198292,MAILLY LE CAMP,Bilinmiyor,48.671467,4.19691,,Public - Pay At Location,0
198291,Parking duGolf,Bilinmiyor,48.67,7.8,,Public,0
198290,MGN - PISCINE MICHEL BERTRAND,Izivia (Sodetrel),48.666908,6.17863,,Public,0
198289,MGN_CT VANDOEUVRE,Izivia (Sodetrel),48.666607,6.186182,,Public,0
198288,VIEILLE-EGLISE- ROUTE DE RAMBOUILLET,Izivia (Sodetrel),48.666058,1.876861,,Public,0
198287,BALLAINVILLIERS - HAUTS-FRESNAIS,Izivia (Sodetrel),48.665501,2.279881,,Public,0
198286,SAINT CLET-RUE DU TREGOR,Izivia (Sodetrel),48.664848,-3.133419,,Public,0
198285,LA VILLE-DU-BOIS - GRAND NOYER,Izivia (Sodetrel),48.664589,2.276495,,Public,0
198284,SAINT MALO - ROCHEBONNE,Izivia (Sodetrel),48.663753,-1.988481,,Public,0
198283,Daltoner Avranches,Bilinmiyor,48.663549,-1.374363,,Public,0
198282,VILLEMOISSON-SUR-ORGE-PARKING DES FOUGERES,Izivia (Sodetrel),48.662197,2.330627,,Public,0
198281,NOZAY - CENTRE CULTUREL HOSSEIN,Bilinmiyor,48.661919,2.242334,,Public,0
198280,LA VILLE-DU-BOIS - MAIRIE,Izivia (Sodetrel),48.66151,2.268743,,Public,0
198279,MORSANG-SUR-ORGE-PARKING ECOLE,Izivia (Sodetrel),48.661503,2.35188,,Public,0
198278,SUPER U TRUCHTERSHEIM,Freshmile,48.66,7.61,,Public,0
198277,NOZAY - MEDIATHEQUE,Izivia (Sodetrel),48.659538,2.24285,,Public,0
198276,MGN - PISCINE LANEUVEVILLE,Izivia (Sodetrel),48.658569,6.22903,,Public,0
198275,Saint-Malo - Place Résistance,Izivia (Sodetrel),48.658044235643295,-1.9818575671276342,,Public,0
198274,LA VILLE-DU-BOIS - PLACE BEAULIEU,Izivia (Sodetrel),48.657887,2.269996,,Public,0
198273,VILLIERS-SUR-ORGE-PARKING PETIT CASINO,Izivia (Sodetrel),48.656883,2.300098,,Public,0
198272,9 ALLEE DE LONGCHAMP 54600 VILLIERS-LES-NANCY,Qovoltis,48.65662,6.13807,,Public,0
198271,14-16 ALLÉE DE LA FORÊT DE LA REINE 54500 VAN,Qovoltis,48.6559635,6.1286654,,Public,0
198270,PLEVENON-PARKING DU BOURG ROUTE DU CAP - RD 34,Izivia (Sodetrel),48.655931,-2.32811,,Public,0
198269,GRIGNY-SQUARE PIKETTY,Izivia (Sodetrel),48.655582,2.386056,,Public,0
198268,LONGPONT-SUR-ORGE-PARKING ECOLE,Izivia (Sodetrel),48.655407,2.279878,,Public,0
198267,PETR EINVILLE,Izivia (Sodetrel),48.6548,6.4859,,Public,0
198266,GRIGNY-PROMENADE DU CANAL,Izivia (Sodetrel),48.65414,2.382778,,Public,0
198265,SAINT QUAY PORTRIEUX-PLACE DARMES,Izivia (Sodetrel),48.653999,-2.837421,,Public,0
198264,INTERMARCHE SUPER DE COMBS-LA-VILLE 1,Izivia (Sodetrel),48.652631,2.562435,,Public,0
198263,Shopping Promenade Cœur d'Alsace,VIRTA,48.65234330765475,7.732911533000161,,Public,0
198262,SAINT MALO - BOULEVARD DE LA TOUR D AUVERGNE,Izivia (Sodetrel),48.651604,-2.008066,,Public,0
198261,Saint-Malo - Esplanade Saint-Vincent,Izivia (Sodetrel),48.65094904009887,-2.021482368024481,,Public,0
198260,HERMERAY - MAIRIE,Izivia (Sodetrel),48.650483,1.687804,,Public,0
198259,lampertheim,Bilinmiyor,48.650454,7.7229841,,Public,0
198258,MORSANG-SUR-ORGE-PARKING,Izivia (Sodetrel),48.650116,2.347961,,Public,0
198257,SAINT MALO - ESPLANADE SAINT VINCENT,Izivia (Sodetrel),48.649979,-2.022287,,Public,0
198256,MGN - PARKING MAISON DU TEMPS LIBRE,Izivia (Sodetrel),48.649816,6.194121,,Public,0
198255,SDE - Saint Quentin sur le Homme,(Unknown Operator),48.649714,-1.347532,Saint Quantin sur le Homme,Public - Membership Required,2
198254,SAINT-GENEVIEVE -DES-BOIS-PARKING NERUDA,Izivia (Sodetrel),48.649693,2.319499,,Public,0
198253,INTERMARCHE SUPER DE COMBS-LA-VILLE 1,Izivia (Sodetrel),48.649171,2.563548,,Public,0
198252,RAMBOUILLET - PATENOTRE,Izivia (Sodetrel),48.649048,1.822078,,Public,0
198251,MGN - PARKING RELAIS CHU,Izivia (Sodetrel),48.649043,6.145994,,Public,0
198250,ZAC EcoSénart - COMBS LA VILLE,Stations-e,48.64892309996577,2.566489583236157,,Public,0
198249,MORTAIN BOCAGE - place du Château,Bilinmiyor,48.6487864,-0.944979,,Public,0
198248,SAINT QUAY PORTRIEUX-PARKING PORT DARMOR,Izivia (Sodetrel),48.648033,-2.824075,,Public,0
198247,SAINT MALO - RUE ANITA CONTI,Izivia (Sodetrel),48.645897,-2.006723,,Public,0
198246,MGN - PARKING GARE DE HOUDEMONT,Izivia (Sodetrel),48.645809,6.180104,,Public,0
198245,MONTHLERY - BOURGUIGNONS,Izivia (Sodetrel),48.644867,2.273306,,Public,0
198244,RAMBOUILLET - GARE SNCF,Izivia (Sodetrel),48.644615,1.830751,,Public,0
198243,SIGEIF - PARKING DES ACACIAS - MARCOUSSIS,Izivia (Sodetrel),48.642979,2.232979,,Public,0
198242,WARNING Nancy,Bilinmiyor,48.642626,6.188131,,Public,0
198241,MONTHLERY - CLOS BOUQUET,Izivia (Sodetrel),48.641041,2.270542,,Public,0
198240,SAINT-GENEVIEVE -DES-BOIS-PARKING MAIRIE,Izivia (Sodetrel),48.640854,2.326775,,Public,0
198239,SAINT CAST LE GUILDO-LE PORT - PLACE DU PILOTE FROMONT,Izivia (Sodetrel),48.640558,-2.248423,,Public,0
198238,LONGPONT-SUR-ORGE-PARKING,Izivia (Sodetrel),48.640121,2.289938,,Public,0
198237,Parking Hotel Le Moulin,Bilinmiyor,48.64,7.8,,Public,0
198236,LA CELLE LES BORDES - PARKING  SALLE DES FETES,Izivia (Sodetrel),48.639778,1.954833,,Public,0
198235,GAZERAN - RUE DE GAULLE,Izivia (Sodetrel),48.638779,1.771222,,Public,0
198234,FLEURY-MEROGIS-PARKING,Izivia (Sodetrel),48.638241,2.360482,,Public,0
198233,SAINT MELOIR DES ONDES - PLACE DU MARCHE AU CADRAN,Izivia (Sodetrel),48.637699,-1.905508,,Public,0
198232,FLEURY-MEROGIS-PARKING GARDERIE,Izivia (Sodetrel),48.63707,2.364956,,Public,0
198231,ETIOLLES-PARKING,Izivia (Sodetrel),48.636753,2.471191,,Public,0
198230,Saint-Malo - Parking Godard Rue Le Pomellec,Izivia (Sodetrel),48.63672606073471,-2.0129934690110236,,Public,0
198229,GAZERAN - MAIRIE,Izivia (Sodetrel),48.6362,1.774694,,Public,0
198228,SAINT MALO - PARKING DES BAS SABLONS  RUE DE LA MONTRE,Izivia (Sodetrel),48.63596,-2.022722,,Public,0
198227,Hôtel le bon cap,Bilinmiyor,48.63538775462057,-2.4083504069540536,,Public,0
198226,RAMBOUILLET - PISCINE,Izivia (Sodetrel),48.635139,1.835139,,Public,0
198225,SAINT-GENEVIEVE -DES-BOIS-PARKING DE LA PISCINE,Izivia (Sodetrel),48.633911,2.34384,,Public,0
198224,Hôtel,Bilinmiyor,48.63340097926608,2.325158187997181,,Public,0
198223,Golf de Dinard,Bilinmiyor,48.63279,-2.136862,,Public,0
198222,SAINT LUNAIRE - PARKING RUE DU CLOS DU MARAIS,Izivia (Sodetrel),48.632473,-2.10327,,Public,0
198221,LINAS - FIEF DE PLAINVILLE,Izivia (Sodetrel),48.632023,2.267462,,Public,0
198220,DINARD - RUE RAPHAEL VEIL  PARKING DES HALLES,Izivia (Sodetrel),48.631416,-2.058255,,Public,0
198219,LANVOLLON-RUE DES FONTAINES,Izivia (Sodetrel),48.631336,-2.982932,,Public,0
198218,ERQUY-BOULEVARD DE LA MER,Izivia (Sodetrel),48.630241,-2.467628,,Public,0
198217,BEGARD-PLACE DU CENTRE,Izivia (Sodetrel),48.630089,-3.300457,,Public,0
198216,PLOURHAN-RUE DU PARC,Izivia (Sodetrel),48.629478,-2.869428,,Public,0
198215,M2065,Bilinmiyor,48.627201,7.766149,,Public,0
198214,LINAS - CHATEAU DEAU,Izivia (Sodetrel),48.626686,2.262753,,Public,0
198213,FTCS_Gazeran,Bilinmiyor,48.6263849,1.8183392,,Public,0
198212,Fast Automobile St Dizier,Bilinmiyor,48.626299,4.971536,,Public,0
198211,POILLEY - aire de l'Estuaire,Bilinmiyor,48.6249671,-1.3367836,,Public,0
198210,PLURIEN-RUE DE MONTANGUE DEVANT SALLE DES FETES,Izivia (Sodetrel),48.624866,-2.408021,,Public,0
198209,RAIZEUX - PLACE DE LA MAIRIE,Izivia (Sodetrel),48.624279,1.682583,,Public,0
198208,GAZERAN - ZAC BEL AIR,Izivia (Sodetrel),48.624027,1.825583,,Public,0
198207,Dinard - Parking du Cosec,Izivia (Sodetrel),48.62369339554672,-2.0661402743342285,,Public,0
198206,EVRY-COUR MONSEIGNEUR ROMERO,Izivia (Sodetrel),48.623333,2.429889,,Public,0
198205,KERMOROCH-PLACE DE L EGLISE,Izivia (Sodetrel),48.6227,-3.20627,,Public,0
198204,Hyundai Saint-Malo,Bilinmiyor,48.622305,-1.988244,,Public,0
198203,Dinard - Parking du Port Breton,Izivia (Sodetrel),48.62208315931308,-2.0544310861306294,,Public,0
198202,MGN - PARKING MAIRIE LUDRES,Izivia (Sodetrel),48.622033,6.16177,,Public,0
198201,BULLION - PARKING,Izivia (Sodetrel),48.621056,2.00075,,Public,0
198200,SAINT HILARION - PARKING DE LA MAIRIE,Izivia (Sodetrel),48.620556,1.73275,,Public,0
198199,ISIGNY LE BUAT - Salle Omnisports,Bilinmiyor,48.6204334,-1.1743921,,Public,0
198198,DUCEY - Place des Plats d'Etain,Bilinmiyor,48.6198576,-1.2911409,,Public,0
198197,Logis Auberge de la Sélune,Bilinmiyor,48.619747,-1.2948095,,Public,0
198196,CCPL,Bilinmiyor,48.6188041,2.1263145,,Public,0
198195,Hyundai Strasbourg,Bilinmiyor,48.618495,7.727679,,Public,0
198194,COMCOM MOSELLE ET MADON LAFILATURE PARKING NORD,Izivia (Sodetrel),48.618467,6.092196,,Public,0
198193,Fiat Strasbourg Bischheim,Bilinmiyor,48.617777,7.727141,,Public,0
198192,BONDOUFLE-PARKING DU STADE MARCILLE,Izivia (Sodetrel),48.617325,2.383634,,Public,0
198191,M2066,Bilinmiyor,48.616729,6.204699,,Public,0
198190,CARRE SENART,Izivia (Sodetrel),48.616655,2.547032,,Public,0
198189,LEUVILLE-SUR-ORGE-PARKING,Izivia (Sodetrel),48.616081,2.263498,,Public,0
198188,BONNELLES,Izivia (Sodetrel),48.616028,2.028,,Public,0
198187,PETITE MONTAGNE NORD,Bilinmiyor,48.6158982,2.42770525,,Public,0
198186,BONDOUFLE-PARKING CIMETIERE,Izivia (Sodetrel),48.615547,2.377323,,Public,0
198185,Les Insolites De Coco - La Perdrière 61320 LA,Qovoltis,48.61479,-0.06652,,Public,0
198184,Firalp - MONTEREAU SUR LE JARD,Stations-e,48.6143188,2.662636,,Public,0
198183,COMCOM MOSELLE ET MADON - CENTRE AQUATIQUE NEUVES MAISONS,Izivia (Sodetrel),48.614155,6.099536,,Public,0
198182,13 RUE DE LA HAYE 67300 SCHILTIGHEIM,Qovoltis,48.6138693,7.7079859,,Public,0
198181,LM - Reau,Bilinmiyor,48.613602,2.60762,,Public,0
198180,PLOUARET-RUE DU FOYER PARKING EHPAD MELCHONNEC,Izivia (Sodetrel),48.613342,-3.47037,,Public,0
198179,LE PLESSIS-PATE-PARKING FACE MAIRIE,Izivia (Sodetrel),48.612217,2.325223,,Public,0
198178,Parking ICS Schiltigheim,Bilinmiyor,48.6122,7.72,,Public,0
198177,CLAIREFONTAINE EN YVELINES - MAIRIE,Izivia (Sodetrel),48.612,1.909889,,Public,0
198176,CCTLB LANEUVEVILLE AUX BOIS,Izivia (Sodetrel),48.611865,6.651412,,Public,0
198175,TREGONNEAU-LE BOURG,Izivia (Sodetrel),48.61179,-3.165161,,Public,0
198174,LISSES-PARKING MAIL DE LISLE DE FRANCE,Izivia (Sodetrel),48.611588,2.416781,,Public,0
198173,PLOUARET - RUE LOUIS PRIGENT,Izivia (Sodetrel),48.611415,-3.473512,,Public,0
198172,Renault Corbeil-Essonnes,Renault,48.611259,2.452176,,Public,0
198171,Parking de la concession,Bilinmiyor,48.61039,2.457379,,Public - Pay At Location,0
198170,"LA TOURELLE, LE BOURG, Gîte La Tourelle 61170",Qovoltis,48.6100387,0.4243945,,Public,0
198169,"LA TOURELLE, LE BOURG, Gîte La Tourelle 61170",Qovoltis,48.6100218,0.4265536,,Public,0
198168,BORNE ROUXEL MARINE,Bilinmiyor,48.61,-2.28,,Public,0
198167,8 RUE DE COPENHAGUE BATIMENT H3 67300 SHILTIG,Qovoltis,48.60909,7.71741,,Public,0
198166,SDEA SCHILTIGHEIM,Bilinmiyor,48.6090433,7.71010637,,Public,0
198165,les terrasses d ecouves - momont 61320 LA LAN,Qovoltis,48.60901,-0.05771,,Public,0
198164,FR*QOV*61-00004,Qovoltis,48.60866,-0.05776,,Public,0
198163,Fiat Corbeil-Essonnes,Bilinmiyor,48.608288,2.45563,,Public,0
198162,LA RICHARDAIS - RUE JEAN LANGLAIS,Izivia (Sodetrel),48.60751,-2.036147,,Public,0
198161,LE VIEUX MARCHE-PLACE ANGELA DUVAL,Izivia (Sodetrel),48.607483,-3.449318,,Public,0
198160,La Richardais - Rue Jean Langlais,Izivia (Sodetrel),48.607453716998016,-2.036172081624722,,Public,0
198159,PLOUARET - RUE DE LA GARE,Izivia (Sodetrel),48.606523,-3.467023,,Public,0
198158,LANCIEUX-PARKING DE LA MAIRIE,Izivia (Sodetrel),48.60416,-2.151064,,Public,0
198157,Le Vivier-sur-Mer - Rue de la Grève,Izivia (Sodetrel),48.604063,-1.780146,,Public,0
198156,CCTLB JOLIVET,Izivia (Sodetrel),48.603982,6.500923,,Public,0
198155,Saint-Jouan-des-Guerets - Rue du Val du Moulin,Izivia (Sodetrel),48.6039584911551,-1.976135333450107,,Public,0
198154,SAINT GEORGES DE ROUELLEY - Soleil Levant,Bilinmiyor,48.603128,-0.765945,,Public,0
198153,PARIGNY - le Pointon,Bilinmiyor,48.60268,-1.0548212,,Public,0
198152,BINIC-AVENUE GENERAL DE GAULLE PARKING SALLE ESTRAN,Izivia (Sodetrel),48.601341,-2.829592,,Public,0
198151,HYPER U HANCHES / RETAIL 5,ChargePoint,48.6007687,1.6753805,,Public - Pay At Location,0
198150,Bmw Mini Lisses,Bilinmiyor,48.600359,2.440637,,Public,0
198149,CCTLB VITRIMONT,Izivia (Sodetrel),48.600135,6.439919,,Public,0
198148,BARENTON - Mairie,Bilinmiyor,48.5992163,-0.8327776,,Public,0
198147,CCTLB LUNEVILLE - PARKING CARMES,Izivia (Sodetrel),48.598501,6.489047,,Public,0
198146,SAINT JOUAN DES GUERETS - RUE DU VAL DU MOULIN,Izivia (Sodetrel),48.598431,-1.975186,,Public,0
198145,Parking du SuperU,Bilinmiyor,48.598404,-2.286396,,Public - Pay At Location,0
198144,SAINT JACUT DE LA MER-RUE DU CHATELET,Izivia (Sodetrel),48.598099,-2.189,,Public,0
198143,LISSES-PARKING DU GENERAL LECLERC,Izivia (Sodetrel),48.597321,2.425216,,Public,0
198142,PEDERNEC-PLACE DE LEGLISE,Izivia (Sodetrel),48.59726,-3.269847,,Public,0
198141,MATIGNON-PLACE RIOUST DES VILLES AUDRAINS,Izivia (Sodetrel),48.5971,-2.29119,,Public,0
198140,CCTLB CHANTEHEUX,Izivia (Sodetrel),48.596794,6.529493,,Public,0
198139,ISIGNY LE BUAT - Carrefour des Biards,Bilinmiyor,48.5960906,-1.1796253,,Public,0
198138,HYPER U HANCHES / RETAIL 3,ChargePoint,48.593982250254875,1.675270852045454,,Public - Pay At Location,0
198137,CCTLB LUNEVILLE - PISCINE,Izivia (Sodetrel),48.59336,6.503267,,Public,0
198136,Bmw Morlaix,Bilinmiyor,48.592746,-3.817317,,Public,0
198135,HYPER U HANCHES / RETAIL2,ChargePoint,48.59251564678257,1.677460007258943,,Public - Pay At Location,0
198134,SUN DEVELOPPEMENT,Bilinmiyor,48.59249496459961,1.683051586151123,,Public,0
198133,CCTLB LUNEVILLE - PARKING LHUILLIER,Izivia (Sodetrel),48.592458,6.495991,,Public,0
198132,CCTLB LUNEVILLE - MEDIATHEQUE,Izivia (Sodetrel),48.591825,6.500003,,Public,0
198131,CCTLB LUNEVILLE - PARKING REMPART,Izivia (Sodetrel),48.591508,6.489549,,Public,0
198130,Renault Strasbourg Hautepierre,Bilinmiyor,48.590384,7.690003,,Public,0
198129,CCTLB MARAINVILLER,Izivia (Sodetrel),48.589796,6.601472,,Public,0
198128,PETR BLAMONT,Izivia (Sodetrel),48.5895,6.8437,,Public,0
198127,PLENEUF VAL ANDRE-RUE CLEMENCEAU,Izivia (Sodetrel),48.588692,-2.552271,,Public,0
198126,EMANCE,Izivia (Sodetrel),48.588638,1.729444,,Public,0
198125,CCTLB LUNEVILLE - PARKING SEMARD,Izivia (Sodetrel),48.588446,6.497805,,Public,0
198124,SAINT PERE MARC EN POULET - PLACE ARTHUR REGNAULT,Izivia (Sodetrel),48.588104,-1.924252,,Public,0
198123,ORCEMONT MAIRIE,Izivia (Sodetrel),48.586834,1.811028,,Public,0
198122,PARIGNY - St Berthevin,Bilinmiyor,48.5866543,-1.0898374,,Public,0
198121,PABU-RUE DE LEGLISE,Izivia (Sodetrel),48.586258,-3.13708,,Public,0
198120,Parking du SuperU,Bilinmiyor,48.585379,-2.062035,,Public - Pay At Location,0
198119,CCTLB LUNEVILLE - PARKING BICHAT,Izivia (Sodetrel),48.584835,6.50647,,Public,0
198118,CCTLB MANONVILLER,Izivia (Sodetrel),48.58364,6.650546,,Public,0
198117,PETR CIREY SUR VEZOUZE,Izivia (Sodetrel),48.5813,6.946,,Public,0
198116,LM - Cesson,Bilinmiyor,48.580648,2.607846,,Public,0
198115,BEAUSSAIS-SUR-MER,Izivia (Sodetrel),48.580271,-2.144788,,Public,0
198114,ORPHIN - PARKING PRES DE LA MAIRIE,Izivia (Sodetrel),48.578293,1.778462,,Public,0
198113,LONGVILLERS,Izivia (Sodetrel),48.578239,1.990366,,Public,0
198112,Pleurtuit - Parking Espace Delta,Izivia (Sodetrel),48.57808185335001,-2.060820557777344,,Public,0
198111,CCTLB THIEBAUMENIL,Izivia (Sodetrel),48.578039,6.622318,,Public,0
198110,PLEURTUIT - PARKING ESPACE DELTA - RUE RANSBACH BAUMBACH,Izivia (Sodetrel),48.57803,-2.060846,,Public,0
198109,SONCHAMP - ECOLE,Izivia (Sodetrel),48.576057,1.877333,,Public,0
198108,ST HILAIRE DU HARCOUET - Eglise,Bilinmiyor,48.5759106,-1.0907322,,Public,0
198107,Intermarché - Morlaix - 22kW AC,Bilinmiyor,48.5750142,-3.8293749,,Public,0
198106,CCTLB MONCEL,Izivia (Sodetrel),48.574109,6.529611,,Public,0
198105,PARKING DANUBE VERT - STRASBOURG,Bilinmiyor,48.57303,7.770166,,Public,0
198104,SAINT ARNOULT - PLACE JEAN MOULIN B,Izivia (Sodetrel),48.572861,1.9375,,Public,0
198103,SAINT ARNOULT - PARKING DU CONSERVATOIRE,Izivia (Sodetrel),48.571835,1.942056,,Public,0
198102,Syndicat intercommunal (Mairie) - Cesson - 22kW AC,Bilinmiyor,48.5699316,2.6089027,,Public,0
198101,CCTLB BENAMENIL,Izivia (Sodetrel),48.569703,6.673311,,Public,0
198100,PORDIC-PLACE E. GUERET DEVANT LA POSTE,Izivia (Sodetrel),48.569214,-2.817927,,Public,0
198099,Bmw Mini Melun,Bilinmiyor,48.568031,2.627869,,Public,0
198098,CCTLB HERIMENIL,Izivia (Sodetrel),48.567491,6.499564,,Public,0
198097,EMENDO,Bilinmiyor,48.5667,2.4333,,Public,0
198096,LOUARGAT-PASSAGE DE LA MAIRIE,Izivia (Sodetrel),48.566673,-3.340143,,Public,0
198095,Fiat Melun,Bilinmiyor,48.564923,2.630807,,Public,0
198094,CCTLB REHAINVILLIER,Izivia (Sodetrel),48.562346,6.468064,,Public,0
198093,Volvo Melun,Bilinmiyor,48.561608,2.633873,,Public,0
198092,GUINGAMP-PARKING PLACE DE VERDUN,Izivia (Sodetrel),48.56057,-3.148005,,Public,0
198091,Châteauneuf d'Ille-et-Vilaine - 5 Rue des Marais,Izivia (Sodetrel),48.55988043985777,-1.9289780669603607,,Public,0
198090,PLOUNEVEZ-MOEDEC - SALLE DES FETES,Izivia (Sodetrel),48.55727,-3.44691,,Public,0
198089,SAINT AGATHON-RUE HENT MEUR PARKING SALLE DES SPORTS,Izivia (Sodetrel),48.55711,-3.104479,,Public,0
198088,PETR DAMELEVIERES,Izivia (Sodetrel),48.5571,6.3871,,Public,0
198087,PLELO-RUE DES ECOLES PARKING EN FACE LA POSTE,Izivia (Sodetrel),48.556736,-2.947672,,Public,0
198086,GRACES-PARKING DE LA MAIRIE,Izivia (Sodetrel),48.556637,-3.184587,,Public,0
198085,PETR BLAINVILLE,Izivia (Sodetrel),48.5553,6.4086,,Public,0
198084,TREMELOIR-RUE ST FIACRE PARKING MAIRIE,Izivia (Sodetrel),48.554886,-2.857123,,Public,0
198083,PONTORSON - aire de covoiturage,Bilinmiyor,48.554186,-1.499777,,Public,0
198082,PONTORSON - Place Leclerc,Bilinmiyor,48.5537084,-1.5122859,,Public,0
198081,Hutt_senonches,Bilinmiyor,48.553157,1.042283,,Public,0
198080,Renault Provins,Renault,48.552912,3.298084,,Public,0
198079,PONTORSON - la Gare,Bilinmiyor,48.5527294,-1.5052815,,Public,0
198078,PLOUMAGOAR-LA CHESNAYE RAPIDE,Izivia (Sodetrel),48.551281,-3.147928,,Public,0
198077,Dol-de-Bretagne - Place Jean Hamelin,Izivia (Sodetrel),48.54737182978283,-1.754473297578355,,Public,0
198076,BELLE ISLE EN TERRE-PLACE DE LEGLISE,Izivia (Sodetrel),48.545696,-3.396323,,Public,0
198075,CD54 - VILLE DALLAIN,Izivia (Sodetrel),48.545392,5.908144,,Public,0
198073,8 RUE DES HERONS 67960 ENTZHEIM,Qovoltis,48.54376,7.65126,,Public,0
198072,PLERIN-SAINT LAURENT,Izivia (Sodetrel),48.542061,-2.727605,,Public,0
198071,9 RUE DE CHERBOURG 67000 STRASBOURG,Qovoltis,48.5415,7.7847,,Public,0
198070,CHATELAUDREN-PLACE LA POSTE,Izivia (Sodetrel),48.541393,-2.968046,,Public,0
198069,CCTLB LARONXE,Izivia (Sodetrel),48.539439,6.604733,,Public,0
198068,AIRE DE OSTWALD OUEST,Izivia (Sodetrel),48.538636,7.717265,,Public,0
198067,LE TEILLEUL - Place de l'Eglise,Bilinmiyor,48.5380251,-0.8746268,,Public,0
198066,PLOUAGAT-PARKING DE LA GRANDE RUE,Izivia (Sodetrel),48.536179,-3.000515,,Public,0
198065,LM - Strasbourg Ostwald La Vigie (magasin 199),Bilinmiyor,48.5348,7.69545,,Public,0
198064,Villa Primerose - Arcis-sur-Aube - 7.4kW AC,Bilinmiyor,48.534072,4.1391855,,Public,0
198063,Pleine-Fougères - Rue de Rennes,Izivia (Sodetrel),48.53307693030367,-1.5645326878171535,,Public,0
198062,CCTLB XERMAMENIL,Izivia (Sodetrel),48.533034,6.461325,,Public,0
198061,Château du Mée - LE MEE SUR SEINE,Stations-e,48.5317993091365,2.627220130665313,,Public,0
198060,PLESLIN TRIGAVOU-LE BOURG PARKING DERRIERE LA POSTE,Izivia (Sodetrel),48.531796,-2.056249,,Public,0
198059,PLANGUENOUAL-RUE DES PONTS NEUFS,Izivia (Sodetrel),48.53167,-2.57723,,Public,0
198058,CCTLB ST CLEMENT,Izivia (Sodetrel),48.531142,6.607995,,Public,0
198057,Dourdan,EDF,48.53,2.02,,Public,0
198056,CCTLB LAMATH,Izivia (Sodetrel),48.52959,6.44907,,Public,0
198055,CCTLB FRAIMBOIS,Izivia (Sodetrel),48.529466,6.541528,,Public,0
198054,PLUDUNO-RUE CHATEAUBRIAND,Izivia (Sodetrel),48.52913,-2.26435,,Public,0
198053,CCTLB PETTONVILLE,Izivia (Sodetrel),48.528566,6.741191,,Public,0
198052,Parking de la Concession,Bilinmiyor,48.528236,2.645696,,Public - Pay At Location,0
198051,COMCOM DU PCST - VILLE DE COLOMBEY LES BELLES,Izivia (Sodetrel),48.528022,5.897909,,Public,0
198050,PLOUER SUR RANCE-RUE DE LA POSTE,Izivia (Sodetrel),48.526901,-2.004982,,Public,0
198049,4 rue jean sapidus 67400 ILLKIRCH GRAFFENSTAD,Qovoltis,48.5259933,7.7347312,,Public,0
198048,ST JAMES - Place du Vieux Presbytere,Bilinmiyor,48.523811,-1.320199,,Public,0
198047,6 RUE DE RHEINFELD 67100 STRASBOURG,Qovoltis,48.52341,7.78579,,Public,0
198046,LANDUNVEZ - BOULEVARD DE L OCEAN PORT D ARGENTON,Izivia (Sodetrel),48.523128,-4.758713,,Public,0
198045,6 RUE DE RHEINFELD 67100 STRASBOURG,Qovoltis,48.52276,7.78052,,Public,0
198044,SAINT BRIEUC-QUAI ARMEZ,Izivia (Sodetrel),48.52273,-2.751509,,Public,0
198043,TREMUSON-RUE DU BOUCHON PARKING SALLE MUNICIPALE,Izivia (Sodetrel),48.522652,-2.851859,,Public,0
198042,PLANCOET-RUE DE LA MADELEINE PARKING COLLEGE,Izivia (Sodetrel),48.52145,-2.24004,,Public,0
198041,6 RUE DE ROCHEFORT 67100 STRASBOURG,Qovoltis,48.52027,7.78094,,Public,0
198040,Parking Tente,Bilinmiyor,48.52013390000001,2.567508599999986,,Public,0
198039,RelaisDeLaPoste,Bilinmiyor,48.519971,7.684083,,Public,0
198038,CCTLB CHENEVIERES,Izivia (Sodetrel),48.519024,6.632634,,Public,0
198037,LANRODEC-PLACE DE LEGLISE,Izivia (Sodetrel),48.517891,-3.031632,,Public,0
198036,COADOUT-PLACE DE LA MAIRIE,Izivia (Sodetrel),48.517834,-3.1873,,Public,0
198035,CCTLB HABLAINVILLE,Izivia (Sodetrel),48.517423,6.729624,,Public,0
198034,Miniac-Morvan - Rue de la Poste,Izivia (Sodetrel),48.51709596407647,-1.9039196063082169,,Public,0
198033,GURUNHUEL-PARKING DE LA MAIRIE,Izivia (Sodetrel),48.515793,-3.29928,,Public,0
198032,Landivisiau - Aire de covoiturage Kerivoal,Freshmile,48.51559,-4.052963,,Public - Pay At Location,0
198031,CCTLB VAXAINVILLE,Izivia (Sodetrel),48.515558,6.753659,,Public,0
198030,LANDIVISIAU-MOULINS AUX PRETRES,Izivia (Sodetrel),48.515488,-4.052872,,Public,0
198029,SAINT BRIEUC-RUE DES PROMENADES,Izivia (Sodetrel),48.514561,-2.757097,,Public,0
198028,SAINT BRIEUC-18 RUE COURTELINE,Izivia (Sodetrel),48.514324,-2.779689,,Public,0
198027,Parking Mairie de Saint-Brieuc,Bilinmiyor,48.5139,-2.76385,,Public,0
198026,HILLION-RUE DE BEL ORIENT PARKING MAIRIE,Izivia (Sodetrel),48.51302,-2.66815,,Public,0
198025,LANGUENAN-PARKING DE LATELIER,Izivia (Sodetrel),48.512863,-2.126689,,Public,0
198024,PLEUDIHEN SUR RANCE-PARKING COUR DU VERGER,Izivia (Sodetrel),48.5108,-1.951,,Public,0
198023,i-paper,Bilinmiyor,48.509443,0.548438,,Public,0
198022,PLOUVARA-RUE DE LA MAIRIE,Izivia (Sodetrel),48.509109,-2.914907,,Public,0
198021,CCTLB REHERREY,Izivia (Sodetrel),48.509037,6.766798,,Public,0
198020,Parking de la Gendarmerie,Bilinmiyor,48.509013,-2.7648,,Public - Pay At Location,0
198019,Novotel Saint Brieuc,Bilinmiyor,48.508649,-2.762013,,Public,0
198018,Pleyber Christ - Rue de la République,Izivia (Sodetrel),48.508393,-3.874478,,Public - Pay At Location,0
198017,SAINT BRIEUC-53 BOULEVARD CARNOT,Izivia (Sodetrel),48.506653,-2.768753,,Public,0
198016,SAINT GEORGES DE REINTEMBAULT - PLACE ALEXANDRE DUBOIS,Izivia (Sodetrel),48.506386,-1.243968,,Public,0
198015,CCTLB VATHIMENIL,Izivia (Sodetrel),48.506082,6.62415,,Public,0
198014,BELHOMERT,Bilinmiyor,48.503768,1.058089,,Public,0
198013,Les jardins de la matz,Bilinmiyor,48.50192886577205,-1.9851546747886144,,Public,0
198012,Intermarché Itteville | Itteville,Bilinmiyor,48.5009,2.34979,,Public,0
198011,CCTLB FRANCONVILLE,Izivia (Sodetrel),48.500395,6.451822,,Public,0
198010,CCTLB HAUDONVILLE,Izivia (Sodetrel),48.499449,6.50141,,Public,0
198009,CCTLB BROUVILLE,Izivia (Sodetrel),48.497579,6.749424,,Public,0
198008,CCTLB FLIN,Izivia (Sodetrel),48.497517,6.655137,,Public,0
198007,PETR GERBEVILLER,Izivia (Sodetrel),48.4952,6.5098,,Public,0
198006,LANGUEUX-PLACE MITTERRAND,Izivia (Sodetrel),48.493778,-2.716298,,Public,0
198005,BOINVILLE-LE-GAILLARD - SALLE POLYVALENTE,Izivia (Sodetrel),48.492584,1.870972,,Public,0
198004,Bmw Saint-Brieuc,Bilinmiyor,48.491822,-2.767493,,Public,0
198003,TREGUEUX - PLACE F. MITTERAND PARKING MAIRIE,Izivia (Sodetrel),48.490196,-2.736905,,Public,0
198002,PLOUFRAGAN-RUE DU GRISMOLET / RUE DE LA MAIRIE,Izivia (Sodetrel),48.488029,-2.792451,,Public,0
198001,CCTLB AZERAILLES - PARKING RICHEZ,Izivia (Sodetrel),48.487852,6.694515,,Public,0
198000,LA VICOMTE SUR RANCE-PARKING DE LA MAIRIE,Izivia (Sodetrel),48.486935,-1.982655,,Public,0
197999,Parking de l'Intermarch,Bilinmiyor,48.48535,3.491325,,Public - Pay At Location,0
197998,PLOUGONVER-RUE DES ECOLES PARKING ARRIERE MAIRIE,Izivia (Sodetrel),48.485035,-3.377832,,Public,0
197997,YFFINIAC-PLACE STE ANNE,Izivia (Sodetrel),48.484627,-2.678333,,Public,0
197996,BOURSEUL-RUE DES COQUELICOTS,Izivia (Sodetrel),48.484188,-2.261191,,Public,0
197995,CCTLB MOYEN,Izivia (Sodetrel),48.483286,6.569545,,Public,0
197994,PLOUFRAGAN-RUE CAMILLE GUERIN TECHNOPOLE,Izivia (Sodetrel),48.482624,-2.792394,,Public,0
197993,Parking du SupeU,Bilinmiyor,48.482146,7.728104,,Public - Pay At Location,0
197992,TREGUEUX - LE PERRAY RAPIDE,Izivia (Sodetrel),48.482021,-2.703044,,Public,0
197991,CORSEUL-PARKING DU DR GUIDON,Izivia (Sodetrel),48.481873,-2.168236,,Public,0
197990,CCTLB GELACOURT,Izivia (Sodetrel),48.481303,6.732776,,Public,0
197989,CCTLB MERVILLER,Izivia (Sodetrel),48.480564,6.774703,,Public,0
197988,CCTLB VACQUEVILLE,Izivia (Sodetrel),48.480022,6.815633,,Public,0
197987,LOUVIGNE DU DESERT - PLACE DE LA MAIRIE,Izivia (Sodetrel),48.479938,-1.124653,,Public,0
197986,TADEN-ZA DES ALLEUX,Izivia (Sodetrel),48.4747,-2.04553,,Public,0
197985,Place de la Gare - LA LOUPE,Bilinmiyor,48.474017,1.011409,,Public,0
197984,CCTLB GLONVILLE,Izivia (Sodetrel),48.473567,6.691154,,Public,0
197983,BOURBRIAC-PARKING RUE DAVAUGOUR,Izivia (Sodetrel),48.473217,-3.186402,,Public,0
197982,La-Roche-Maurice - Bourg,Izivia (Sodetrel),48.472029,-4.203586,,Public - Pay At Location,0
197981,KERSAINT PLABENNEC-ROUTE DE PLABENNEC,Izivia (Sodetrel),48.471878,-4.374469,,Public,0
197980,LAMBALLE-BOULEVARD DU HARAS,Izivia (Sodetrel),48.47099,-2.51775,,Public,0
197979,Lanrivoaré - ZI de Kerdrioual,Izivia (Sodetrel),48.469198,-4.646087,,Public - Pay At Location,0
197978,PETR - VILLE DE BAYON,Izivia (Sodetrel),48.468331,6.322902,,Public,0
197977,CCTLB VENEY,Izivia (Sodetrel),48.466942,6.813043,,Public,0
197976,CCTLB VALLOIS,Izivia (Sodetrel),48.463424,6.550392,,Public,0
197975,PARAY-DOUAVILLE,Izivia (Sodetrel),48.462891,1.876806,,Public,0
197974,AUNEAU Complexe sportif,Bilinmiyor,48.462003,1.760177,,Public,0
197973,LOHUEC-ROUTE DE CALLAC,Izivia (Sodetrel),48.460747,-3.521428,,Public,0
197972,PONT MELVEZ-PARKING DE LA MAIRIE,Izivia (Sodetrel),48.460205,-3.307147,,Public,0
197971,LANVALLAY-PLACE DU 19 MARS 1962,Izivia (Sodetrel),48.455833,-2.028889,,Public,0
197970,MagnificEscapade,Bilinmiyor,48.454717,7.501399,,Public,0
197969,CCTLB FONTENOY,Izivia (Sodetrel),48.45428,6.66004,,Public,0
197968,Parking du Burger King,Bilinmiyor,48.451572,1.521382,,Public - Pay At Location,0
197967,Volvo Chartres,Bilinmiyor,48.451391,1.547116,,Public,0
197966,DINAN-PLACE DUGUESCLIN,Izivia (Sodetrel),48.450901,-2.0441,,Public,0
197965,PLEDELIAC-RUE DARMOR,Izivia (Sodetrel),48.449814,-2.388829,,Public,0
197964,Héricy,Izivia (Sodetrel),48.448495,2.76525,,Public,0
197963,Karting de Chartres,Bilinmiyor,48.4480485,1.5418966,,Public,0
197962,IRIS CONSEIL,Bilinmiyor,48.448042,1.4414807,,Public,0
197961,PETR BACCARAT,Izivia (Sodetrel),48.44718,6.739914,,Public,0
197960,SAINT PIERRE DE PLESGUEN - SQUARE JEAN JAURES,Izivia (Sodetrel),48.446304,-1.910318,,Public,0
197959,PLEDRAN-PLACE J. TANGUY,Izivia (Sodetrel),48.446144,-2.744903,,Public,0
197958,PLAINE HAUTE-PLACE DE LA MAIRIE PARKING SALLE POLYVALENTE,Izivia (Sodetrel),48.445023,-2.854698,,Public,0
197957,CCTLB MAGNIERES,Izivia (Sodetrel),48.444874,6.566207,,Public,0
197956,CCTLB DENEUVRE,Izivia (Sodetrel),48.444032,6.735212,,Public,0
197955,CCTLB BACCARAT - MEDIATHEQUE,Izivia (Sodetrel),48.443202,6.739727,,Public,0
197954,Les Portes du Coglais (MONTOURS) - rue de Quincampoix,Izivia (Sodetrel),48.44133445202902,-1.308587809828525,,Public,0
197953,PLELAN LE PETIT-RUE DES ROUAIRIES PARKING MAIRIE,Izivia (Sodetrel),48.433086,-2.218302,,Public,0
197952,CCTLB BERTRICHAMPS,Izivia (Sodetrel),48.429512,6.792528,,Public,0
197951,LE FOEIL-PLACE DE LA MAIRIE,Izivia (Sodetrel),48.429111,-2.914543,,Public,0
197950,Bazouges-la-Pérouse - Place de la Mairie,Izivia (Sodetrel),48.42717590591151,-1.5748867157304725,,Public,0
197949,BAZOUGES LA PEROUSE - PLACE DE LA MAIRIE,Izivia (Sodetrel),48.427132,-1.574867,,Public,0
197948,Parking de la concession,Bilinmiyor,48.426504,1.45702,,Bilinmiyor,0
197947,Bmw Mini Fontainebleau,Bilinmiyor,48.424867,2.763089,,Public,0
197946,Renault Avon,Renault,48.421874,2.73791,,Public,0
197945,QUESSOY-PLACE DE LEGLISE PARKING MAIRIE,Izivia (Sodetrel),48.42165,-2.657751,,Public,0
197944,Bmw Brest,Bilinmiyor,48.420313,-4.468301,,Public,0
197943,CCTLB LACHAPELLE,Izivia (Sodetrel),48.419586,6.79138,,Public,0
197942,Combourg - Allée de Lohon,Izivia (Sodetrel),48.418269254163036,-1.7542417575690976,,Public,0
197941,Volvo Avon,Bilinmiyor,48.417908,2.729357,,Public,0
197940,Château de Saint Paterne,Bilinmiyor,48.4166525,0.1289515,,Public,0
197939,CCTLB THIAVILLE,Izivia (Sodetrel),48.412013,6.810074,,Public,0
197938,SAINT BRICE EN COGLES - PLACE DU CHAMP DE FOIRE,Izivia (Sodetrel),48.410597,-1.364357,,Public,0
197937,Parking de la Concession,Bilinmiyor,48.410248,-4.461497,,Public - Pay At Location,0
197936,BORNE PERRY,Bilinmiyor,48.41,-1.75,,Public,0
197935,CALORGUEN-PARKING DE LA MAIRIE,Izivia (Sodetrel),48.409,-2.0288,,Public,0
197934,JUGON LES LACS-PLACE DE LA POSTE DERRIERE SALLE DES FETES,Izivia (Sodetrel),48.408466,-2.324368,,Public,0
197933,PLAINTEL-PLACE DU GENERAL DE GAULLE,Izivia (Sodetrel),48.408218,-2.81773,,Public,0
197932,CALLAC-LA GARE,Izivia (Sodetrel),48.407077,-3.41865,,Public,0
197931,LE HINGLE-PLACE DE LA POSTE,Izivia (Sodetrel),48.405834,-2.084445,,Public,0
197930,SAINT GERMAIN EN COGLES - RN17 DE COGLES A LARCHAMP,Izivia (Sodetrel),48.404282,-1.262695,,Public,0
197929,CALLAC-PLACE JEAN AUFFRET,Izivia (Sodetrel),48.40414,-3.42861,,Public,0
197928,QUINTIN-PLACE DU MARTRAY,Izivia (Sodetrel),48.403732,-2.91299,,Public,0
197927,QUINTIN-SQUARE BLANCHET,Izivia (Sodetrel),48.401482,-2.9103,,Public,0
197926,MAEL PESTIVIEN-LE BOURG,Izivia (Sodetrel),48.394058,-3.295955,,Public,0
197925,Roville-aux-chênes_IRVE,Bilinmiyor,48.39,6.6,,Public,0
197924,BRUSVILLY-PARKING RUE DE BROONS,Izivia (Sodetrel),48.389,-2.129,,Public,0
197923,DOLO-ETANG DU LOU,Izivia (Sodetrel),48.387981,-2.334854,,Public,0
197922,LP Automobile,Bilinmiyor,48.38603775039389,4.348885488640659,,Public,0
197921,EVRAN-RUE DE LAPOTHICAIRE,Izivia (Sodetrel),48.381901,-1.9816,,Public,0
197920,SAINT GILLES PLIGEAUX-PARKING RUE DES BRUYERES,Izivia (Sodetrel),48.381386,-3.0,,Public,0
197919,MEGRIT-RUE DES GRANITIERS PARKING STADE DE FOOT,Izivia (Sodetrel),48.377785,-2.247365,,Public,0
197918,Parking de l'Intermarch,Bilinmiyor,48.37536,2.810929,,Public - Pay At Location,0
197917,Saint-Domineuc - Place de l'Eglise,Izivia (Sodetrel),48.37277649959154,-1.8755540398753099,,Public,0
197916,Renault Varennes-sur-Seine,Renault,48.372502,2.941745,,Public,0
197915,Parking de l'hôtel,Bilinmiyor,48.37,7.43,,Public,0
197914,Lécousse - Parking des Marches de Bretagne,Izivia (Sodetrel),48.367715573708395,-1.2176795752996157,,Public,0
197913,PLENEE JUGON-RUE DE LA REPUBLIQUE PARKING SALLE DES FETES,Izivia (Sodetrel),48.367527,-2.394808,,Public,0
197912,CARNOET-PLACE DE LA MAIRIE,Izivia (Sodetrel),48.367466,-3.519825,,Public,0
197911,DUAULT-PLACE TY DUAOD,Izivia (Sodetrel),48.361355,-3.43409,,Public,0
197910,Parking Sud Hotel,Bilinmiyor,48.36,7.57,,Public,0
197909,MONCONTOUR-PLACE DE LA CARRIERE,Izivia (Sodetrel),48.359794,-2.633645,,Public,0
197908,SAINT GLEN-RUE DE LA FONTAINE PARKING MAIRIE,Izivia (Sodetrel),48.359306,-2.523397,,Public,0
197907,PLUMAUDAN-PLACE MARECHAL FOCH PARKING PRES DE LEGLISE,Izivia (Sodetrel),48.357742,-2.125556,,Public,0
197906,FOUGERES – URBANISTE RUE DE LA FORET,Izivia (Sodetrel),48.357157,-1.197093,,Public,0
197905,FOUGERES - PARKING DU ROCHER COUPE,Izivia (Sodetrel),48.355366,-1.210774,,Public,0
197904,Hyundai Neufchâteau,Bilinmiyor,48.354838,5.687408,,Public,0
197903,FOUGERES - PARKING DE LA DOUVE,Izivia (Sodetrel),48.353207,-1.201118,,Public,0
197902,SAINT JUVAT-LE BOURG,Izivia (Sodetrel),48.352299,-2.045,,Public,0
197901,LE QUIOU-PLACE DE LEGLISE,Izivia (Sodetrel),48.350601,-2.0058,,Public,0
197900,Fougères - Esplanade des Chaussonières,Izivia (Sodetrel),48.34962998318272,-1.1944767982280615,,Public,0
197899,YVIGNAC LA TOUR-RUE DU 8 MAI 1945 PARKING DERRIERE LA POSTE,Izivia (Sodetrel),48.347656,-2.175645,,Public,0
197898,TREMEUR-LES DINEUX,Izivia (Sodetrel),48.347279,-2.28777,,Public,0
197897,LANRIVAIN-PLACE DE LEGLISE,Izivia (Sodetrel),48.347222,-3.214817,,Public,0
197896,ROMAGNE - RUE NATIONALE 12,Izivia (Sodetrel),48.343723,-1.274674,,Public,0
197895,M2064,Bilinmiyor,48.33934,5.691319,,Public,0
197894,Parking du SuperU,Bilinmiyor,48.338835,7.316538,,Public - Pay At Location,0
197893,M2063,Bilinmiyor,48.338638,5.68926,,Public,0
197892,HENANBIHEN-ROUTE DHENANSAL,Izivia (Sodetrel),48.334202,-2.2244,,Public,0
197891,SENS DE BRETAGNE - PLACE DE LA GARE,Izivia (Sodetrel),48.334044,-1.537558,,Public,0
197890,Parking de l'Intermarch,Bilinmiyor,48.330689,0.804747,,Public - Pay At Location,0
197889,LE GOURAY-LE BOURG LA GARE,Izivia (Sodetrel),48.32917,-2.486411,,Public,0
197888,Volvo Troyes,Bilinmiyor,48.329123,4.02468,,Public,0
197887,Tinténiac - Place Tanouarn - Avenue des Trente,Izivia (Sodetrel),48.328398825145094,-1.8389157029161272,,Public,0
197886,Volvo Troyes,Bilinmiyor,48.32773,4.025353,,Public,0
197885,Liffol-le-grand_IRVE,Bilinmiyor,48.32,5.58,,Public,0
197884,Cliniquer Ker Yonnec,Bilinmiyor,48.318,3.128,,Public,0
197883,CORLAY-PLACE DU MARCHE,Izivia (Sodetrel),48.315941,-3.057214,,Public,0
197882,SAINT NICOLAS DU PELEM-PARKING RUE HENRI AVRIL,Izivia (Sodetrel),48.315102,-3.15994,,Public,0
197881,Nomexy_IRVE,Bilinmiyor,48.31,6.38,,Public,0
197880,Parking du Bricomarch,Bilinmiyor,48.309332,6.136824,,Public - Pay At Location,0
197879,Hôtel AKENA Troyes,Bilinmiyor,48.307904,4.023518,,Public,0
197878,PLOUASNE-BOULEVARD DE LA GARE PARKING DE LEGLISE,Izivia (Sodetrel),48.303225,-2.009714,,Public,0
197877,COLLINEE-RUE ANDRE GILLES PARKING STATION SERVICE DERRIERE CARREFOUR MARKET,Izivia (Sodetrel),48.29814,-2.51702,,Public,0
197876,Parking du SuperU,Bilinmiyor,48.289168,-0.927502,,Public - Pay At Location,0
197875,CAULNES-RUE DE LHOPITAL,Izivia (Sodetrel),48.28793,-2.153682,,Public,0
197874,MAEL CARHAIX-RUE DE LEGLISE,Izivia (Sodetrel),48.283971,-3.423825,,Public,0
197873,UZEL-CHAMP DE FOIRE,Izivia (Sodetrel),48.280586,-2.838271,,Public,0
197872,Renault Sélestat,Bilinmiyor,48.279614,7.465159,,Public,0
197871,Mazda - Chatenois - 22kW AC,Bilinmiyor,48.27955,7.390097,,Public,0
197870,CARHAIX PLOUGUER-RUE DE LEGLISE,Izivia (Sodetrel),48.277264,-3.576228,,Public,0
197869,PLESSALA-PLACE DU MARCHE PARKING EGLISE,Izivia (Sodetrel),48.276394,-2.617642,,Public,0
197868,Parking de la Piscine municipale,Bilinmiyor,48.27611,1.631473,,Public,0
197867,AIRE DE LA PLAINE DE BEAUCE,Izivia (Sodetrel),48.275634,1.855139,,Public,0
197866,QUEVERT-RUE DU VAL PARKING MAISON DES ASSOCIATIONS,Izivia (Sodetrel),48.275558,-2.513678,,Public,0
197865,EREAC-RUE BERTRAND DU GUESGLIN,Izivia (Sodetrel),48.274349,-2.34587,,Public,0
197864,AIRE DE VAL NEUVY,Izivia (Sodetrel),48.270983,1.855781,,Public,0
197863,Sainte-marguerite_IRVE,Bilinmiyor,48.27,6.98,,Public,0
197862,SAINT AUBIN D AUBIGNE - RUE DE RENNES,Izivia (Sodetrel),48.261263,-1.606378,,Public,0
197861,SAINT AUBIN DU CORMIER - PLACE DE LA MAIRIE,Izivia (Sodetrel),48.259888,-1.400322,,Public,0
197860,Parking de la liberté,Bilinmiyor,48.2576,7.39705,,Public,0
197859,8 RUE DES HERONS 67960 ENTZHEIM,Qovoltis,48.25758,7.65136,,Public,0
197858,8 IMPASSE RUDOLF DIESEL 33700 MERIGNAC,Qovoltis,48.25758,2.71869,,Public,0
197857,Parking de la batteuse,Bilinmiyor,48.253,7.39882,,Public,0
197856,LANRELAS-PLACE ST FIACRE,Izivia (Sodetrel),48.252918,-2.294399,,Public,0
197855,Parking Langouet,Bilinmiyor,48.2502,-1.82319,,Public,0
197854,Irodouer - Rue du Lavoir,Izivia (Sodetrel),48.25009129639642,-1.951177825914517,,Public,0
197853,Montreuil-Le-Gast - Place de l'Eglise,Izivia (Sodetrel),48.24658852282008,-1.7263246193049864,,Public,0
197852,ROSTRENEN-ZA DE GOASNEL,Izivia (Sodetrel),48.242321,-3.313114,,Public,0
197851,PLOUGUERNEVEL-LE BOURG - ROUTE DE ROSTRENEN,Izivia (Sodetrel),48.239723,-3.252257,,Public,0
197850,SAINT VRAN-LE BOURG,Izivia (Sodetrel),48.238331,-2.441176,,Public,0
197849,ROSTRENEN-PLACE BOURG KOHZ,Izivia (Sodetrel),48.234554,-3.316225,,Public,0
197848,LA MOTTE-RUE JOSEPH DUPRE,Izivia (Sodetrel),48.23396,-2.73364,,Public,0
197847,Jardinerie d'Aveze,Bilinmiyor,48.23,0.68,,Public,0
197846,GOUAREC-RUE DU MOULIN,Izivia (Sodetrel),48.22707,-3.180457,,Public,0
197844,SAINT GELVEN-PARKING DE LA GRANDE RUE,Izivia (Sodetrel),48.224899,-3.096286,,Public,0
197843,GLOMEL-PLACE DU CENTRE,Izivia (Sodetrel),48.222214,-3.397579,,Public,0
197842,LA MEZIERE - RUE DE MONTSIFROT,Izivia (Sodetrel),48.220081,-1.754816,,Public,0
197841,MELESSE - ALLEE ROUGE COTE,Izivia (Sodetrel),48.21637,-1.697809,,Public,0
197840,Hyundai Sens,Bilinmiyor,48.205276,3.28644,,Public,0
197839,MAZDA EPINAL DROITE,Bilinmiyor,48.204388,6.462146,,Public,0
197838,Vittel_IRVE,Bilinmiyor,48.2,5.94,,Public,0
197837,Montauban-de-Bretagne - Parking de l'Eglise,Izivia (Sodetrel),48.19938102164803,-2.048629213362605,,Public,0
197836,CAMPING PORTE DES VOSGES,Bilinmiyor,48.198965,5.844548,,Public,0
197835,LAURENAN-D16 - PARKING SALLE DES FETES,Izivia (Sodetrel),48.198631,-2.53545,,Public,0
197834,MUR DE BRETAGNE-RUE DE PONTIVY,Izivia (Sodetrel),48.198135,-2.987586,,Public,0
197833,Saint-Meen-le-Grand - Rue Maurice,Izivia (Sodetrel),48.19085488224261,-2.1920706742934986,,Public,0
197832,MERDRIGNAC-ZONE DE LA HERONNIERE,Izivia (Sodetrel),48.18869,-2.4236,,Public,0
197831,GVA / EPINAL,ChargePoint,48.187673003428706,6.477633053851646,,Public - Pay At Location,0
197830,STATION AARHUS / VSA BORNE NO,ChargePoint,48.18752,1.5814086,,Public - Pay At Location,0
197829,La Bouexière - Rue Jean-Marie Pavy,Izivia (Sodetrel),48.185221792346994,-1.4398289364559613,,Public,0
197828,hotelcosmos,Bilinmiyor,48.183724,5.89201,,Public,0
197827,BETTON - AVENUE D ARMORIQUE,Izivia (Sodetrel),48.181133,-1.636571,,Public,0
197826,Bédée - Place du Lieutenant Louessard,Izivia (Sodetrel),48.181017822507194,-1.9442823191670882,,Public,0
197825,Souppes-sur-Loing,Izivia (Sodetrel),48.180828,2.730934,,Public,0
197824,LOUDEAC - RAPIDE,Izivia (Sodetrel),48.180209,-2.735503,,Public,0
197823,Nissan - Espace 3 - Saint-Grégoire,Freshmile,48.1790417,-1.7212472222222224,,Public,0
197822,Val-d'Ize - Rue du Château,Izivia (Sodetrel),48.17849259357935,-1.301601027115891,,Public,0
197821,Bmw Mini Sens,Bilinmiyor,48.177654,3.290201,,Public,0
197820,LOUDEAC-PARKING DU CHAMP FOIRE,Izivia (Sodetrel),48.177609,-2.758196,,Public,0
197819,PLEMET-RUE DE RENNES PARKING PMU ET CMB,Izivia (Sodetrel),48.176651,-2.591516,,Public,0
197817,Avenue Méquillet,Bilinmiyor,48.165438,7.299371,,Public,0
197816,Parking de l'Intermarch,Bilinmiyor,48.159444,2.232654,,Public - Pay At Location,0
197815,MBC THORIGNE,Bilinmiyor,48.15,-1.59,,Public,0
197814,PACE - ESPLANADE CHARLES DE GAULLE,Izivia (Sodetrel),48.148734,-1.772327,,Public,0
197813,Parking du SuperU,Bilinmiyor,48.147118,-0.412921,,Public - Pay At Location,0
197812,BRETEIL - RUE DE LA HATTAIS,Izivia (Sodetrel),48.144344,-1.89592,,Public,0
197811,Granges-Autmonzey_IRVE,Bilinmiyor,48.14,6.79,,Public,0
197810,Montfort-sur-Meu - Place de la Gare,Izivia (Sodetrel),48.13847895385278,-1.9501058313726718,,Public,0
197809,MONTFORT SUR MEU - PLACE DE LA GARE,Izivia (Sodetrel),48.138467,-1.950056,,Public,0
197808,ACIGNE - RUE DES VIGNERONS,Izivia (Sodetrel),48.134682,-1.5333,,Public,0
197807,Parking de la Concession,Bilinmiyor,48.134185,-1.684457,,Public - Pay At Location,0
197806,THORIGNE FOUILLARD - AVENUE DE TIZE,Ouest Charge,48.131329,-1.594592,Thorigné-Fouillard,Public,0
197805,Iffendic - Rue de la Poste,Izivia (Sodetrel),48.12952204779563,-2.0348661384310045,,Public,0
197804,IECharge - Vezin-le-Coquet,IECharge (FR),48.125067030488154,-1.7548354193520386,Vezin-le-Coquet,Public - Membership Required,4
197803,MR BRICOLAGE - FAUBOURG DU MOULIN NEUF 52006,Qovoltis,48.12477,5.14854,,Public,0
197802,Vitré - Place du Champ de Foire,Izivia (Sodetrel),48.12441569568624,-1.209314390967884,,Public,0
197801,"Arches, Acacias",Bilinmiyor,48.12402757,6.51500284,,Public,0
197800,RENNES - PLACE GEORGES BERNANOS,Ouest Charge,48.123829,-1.660564,Rennes,Public,0
197799,Parking du SuperU,Bilinmiyor,48.123288,1.801874,,Public - Pay At Location,0
197798,CESSON-SEVIGNE - MAIL DE BOURGCHEVREUIL,Ouest Charge,48.118191,-1.604842,Cesson-Sévigné,Public,0
197797,RENNES - RUE MAURICE LE LANNOU,Ouest Charge,48.114941,-1.713573,Rennes,Public,2
197796,NOYAL SUR VILAINE - RUE DE LA MOTTE,Izivia (Sodetrel),48.114914,-1.52294,,Public,0
197795,Chateaubourg - ZA de la Goulgatière,Izivia (Sodetrel),48.11168210936378,-1.386695659662074,,Public,0
197794,Parking de l'HyperU,Bilinmiyor,48.111402,-1.212206,,Public - Pay At Location,0
197793,Station de recharge mobile 2021,Bilinmiyor,48.1093,-1.63448,,Public,0
197792,Vitré - Rue du Fougeray,Izivia (Sodetrel),48.10859371779258,-1.2181745285601897,,Public,0
197791,RENNES - PLACE HONORE COMMEREUC,Ouest Charge,48.108482,-1.679739,Rennes,Public,2
197790,Ouest Charge Rue de Bray,Ouest Charge,48.10760909001763,-1.6152671350170846,Cesson-Sévigné,Public,2
197789,Chateaubourg - Square Jean XXIII,Izivia (Sodetrel),48.10466845421444,-1.4138598788530143,,Public,0
197788,Jeep Colmar,Bilinmiyor,48.104325,7.379108,,Public,0
197787,Rennes - Cimetière Est,Ouest Charge,48.10391906564777,-1.6492932027453615,Rennes,Public,0
197786,Huttopia_Douarnenez,Bilinmiyor,48.102444,-4.360262,,Public,0
197785,PLUMIEUX-PARKING PLACE 19 MARS 1962,Izivia (Sodetrel),48.102253,-2.583354,,Public,0
197784,Le Rheu - Rue du Docteur Wagner,Izivia (Sodetrel),48.100428,-1.794172,,Public,0
197783,Parking de la concession,Bilinmiyor,48.0956304,7.3664798,,Bilinmiyor,0
197782,Parking du SuperU,Bilinmiyor,48.093817,-1.793775,,Public - Pay At Location,0
197781,RENNES - AVENUE HENRI FREVILLE,Ouest Charge,48.092412,-1.674198,Rennes,Public,3
197780,Darney_IRVE,Bilinmiyor,48.09,6.04,,Public,0
197779,CHANTEPIE - AV ANDRE BONIN,Izivia (Sodetrel),48.088831,-1.620366,,Public,0
197778,Bmw Chaumont,Bilinmiyor,48.088058,5.146258,,Public,0
197777,Douarnenez - Place Paul Stéphan,Izivia (Sodetrel),48.086471,-4.321075,,Public - Pay At Location,0
197776,RENNES ALMA - PKG VERT,Izivia (Sodetrel),48.08214529896034,-1.6785797849848905,,Public - Membership Required,8
197775,DOUARNENEZ - STADE AQUATIQUE,Izivia (Sodetrel),48.082424,-4.317882,,Public,0
197774,OuestCharge - Diva Sp - Laval - Espace Mayenne 1,Bilinmiyor,48.0820463,-0.7898318,,Public,0
197773,OuestCharge - Diva Sp - Laval - Bres,Bilinmiyor,48.0800885,-0.7830825,,Public,0
197772,Xonrupt-longemer_IRVE,Bilinmiyor,48.08,6.92,,Public,0
197771,COURTALAIN,Bilinmiyor,48.079524,1.135334,,Public,0
197770,Parking du SuperU,Bilinmiyor,48.079379,-1.835702,,Public - Pay At Location,0
197769,Place de Schweinfurt,Bilinmiyor,48.079293,1.348379,,Public,0
197768,MAUFFREY ACADEMY,Bilinmiyor,48.077638,6.604637,,Public,0
197767,OuestCharge - Diva Sp - Laval - Quartier ferrie 1,Bilinmiyor,48.0774643,-0.7857756,,Public,0
197766,MORDELLES - PLACE DE LA MAIRIE,Izivia (Sodetrel),48.073391,-1.846882,,Public,0
197765,Parking du SuperU,Bilinmiyor,48.071491,-4.186466,,Public - Pay At Location,0
197764,Domagné - Place Carron de la Carrière,Izivia (Sodetrel),48.07123167256095,-1.3932302832774792,,Public,0
197763,Place du 18 octobre,Bilinmiyor,48.070643,1.329051,,Public,0
197762,SUPERU / BORNE CLIENT,ChargePoint,48.06910197629548,2.065324307747626,,Public - Pay At Location,0
197761,Bmw Colmar,Bilinmiyor,48.064632,7.363236,,Public,0
197760,LM - Laval St Berthevin (magasin 198),Bilinmiyor,48.061501,-0.814988,,Public,0
197759,ARGENTRE DU PLESSIS - RUE DES ETANGS,Izivia (Sodetrel),48.057632,-1.151765,,Public,0
197758,BREAL SOUS MONTFORT - RUE DE LA PETITE MOTTE,Izivia (Sodetrel),48.050022,-1.867925,,Public,0
197757,Saint-nabord_IRVE,Bilinmiyor,48.05,6.58,,Public,0
197756,CHATEAUGIRON - BOULEVARD PIERRE ET JULIEN GOURDEL,Izivia (Sodetrel),48.049286,-1.501391,,Public,0
197755,VERN-SUR-SEICHE - PLACE DE LA MAIRIE,Izivia (Sodetrel),48.044979,-1.602782,,Public,0
197754,Pierre & Vacances - EGUISHEIM,Stations-e,48.0449181,7.312264,,Public,0
197753,Vern-sur-Seiche - Place de la Mairie,Izivia (Sodetrel),48.044869,-1.602635,,Public,0
197752,LANGEY,Bilinmiyor,48.044022,1.186173,,Public,0
197751,CHARTRES DE BRETAGNE – CENTRE CULTUREL POLE SUD,Izivia (Sodetrel),48.041413,-1.694653,,Public,0
197750,30 Rue des Murgers,Bilinmiyor,48.040626,1.470213,,Public,0
197749,Xertigny_IRVE,Bilinmiyor,48.04,6.4,,Public,0
197748,STATION AVIA - NOGENT,Izivia (Sodetrel),48.035643,5.346847,,Public,0
197747,Sargé Capucines,Bilinmiyor,48.033895,0.24189,,Public,0
197746,Bruz - Vert Buisson,Izivia (Sodetrel),48.02976290767194,-1.7584176534400648,,Public,0
197745,INTERMARCHE LE MANS,Izivia (Sodetrel),48.027775,0.18295,,Public,0
197744,Les Fontenelles,Bilinmiyor,48.018384,0.237465,,Public,0
197743,Robert Jarry,Bilinmiyor,48.017298,0.146661,,Public,0
197742,Bais - Rue des Acacias,Izivia (Sodetrel),48.01040964748962,-1.291053764185126,,Public,0
197741,Piré-sur-Seiche - Rue du Presbytère,Izivia (Sodetrel),48.00839190489795,-1.4300380918471152,,Public,0
197740,Ergué-Gabéric - Le Rouillen,Izivia (Sodetrel),47.999293,-4.051799,,Public - Pay At Location,0
197739,Jean Rondeau,Bilinmiyor,47.992034,0.197339,,Public,0
197738,Parking de la Gendarmerie,Bilinmiyor,47.98957,-4.119436,,Public - Pay At Location,0
197737,Cosec,Bilinmiyor,47.989493,0.280981,,Public,0
197735,Bruyères,Bilinmiyor,47.982271,0.231123,,Public,0
197734,AIRE DE MONTIGNY LE ROI,Izivia (Sodetrel),47.977395,5.497206,,Public,0
197733,Patte d'oie,Bilinmiyor,47.977284,0.172916,,Public,0
197732,Saint-Georges-du-bois,Bilinmiyor,47.972872,0.095828,,Public,0
197731,GUICHEN - PLACE GEORGES LE CORNEC,Izivia (Sodetrel),47.965626,-1.797362,,Public,0
197730,Parking de la Concession,Bilinmiyor,47.965517,0.176637,,Public - Pay At Location,0
197729,Parking de la concession,Bilinmiyor,47.963145,2.735046,,Public - Pay At Location,0
197728,Parking,Bilinmiyor,47.9625023015,3.5150352346,,Public - Pay At Location,0
197727,ROSPORDEN - PEM GARE,Izivia (Sodetrel),47.960244,-3.832769,,Public,0
197726,JANZE - RUE PAUL PAINLEVE,Izivia (Sodetrel),47.959038,-1.494696,,Public,0
197725,Janzé - Rue Charles Lindberg,Izivia (Sodetrel),47.95187082642947,-1.4896441819188406,,Public,0
197724,Bois joli,Bilinmiyor,47.949564,0.163069,,Public,0
197723,LORA - BLANC BRUN,Bilinmiyor,47.944610595703125,-2.3945364952087402,,Public,0
197722,VITRE - PLACE DU CHAMP DE FOIRE,Izivia (Sodetrel),47.941502,-1.233201,,Public,0
197721,WARNING Orleans,Bilinmiyor,47.939605,1.937386,,Public,0
197720,Parking du Burger King,Bilinmiyor,47.938643,1.893289,,Public - Pay At Location,0
197719,1 LE POINT DU JOUR 56800 GUILLAC,Qovoltis,47.9376334,2.5329867,,Public,0
197718,CREVIN - RUE BERNARD PICOULT,Izivia (Sodetrel),47.937542,-1.667065,,Public,0
197717,Parking du SuperU,Bilinmiyor,47.935188,-1.233303,,Public - Pay At Location,0
197716,6 RUE DES VALETTES - LABODENT SARL 45140 INGR,Qovoltis,47.93327,1.84515,,Public,0
197715,Parking de la concession,Bilinmiyor,47.931538,1.8981,,Public - Pay At Location,0
197714,Parking du SuperU,Bilinmiyor,47.931508,-2.382402,,Public - Pay At Location,0
197713,Parking de la concession,Bilinmiyor,47.931383,1.896413,,Bilinmiyor,0
197712,Rupt-sur-moselle_IRVE,Bilinmiyor,47.93,6.66,,Public,0
197711,Bourg-des-Comptes - Rue de Laillé,Izivia (Sodetrel),47.9290540282503,-1.7365845869660104,,Public,0
197710,200 RUE LEONARD DE VINCI 45400 SEMOY,Qovoltis,47.92489,1.95333,,Public,0
197709,Guignen - Place de l'Eglise,Izivia (Sodetrel),47.9199385871083,-1.8604502941468037,,Public,0
197708,RETIERS - PLACE HERDORF,Izivia (Sodetrel),47.914845,-1.381743,,Public,0
197707,Volvo Orléans,Bilinmiyor,47.914071,1.92407,,Public,0
197706,MELGVEN-PLACE DES GRANDS CHENES,Izivia (Sodetrel),47.906761,-3.836316,,Public,0
197705,Parking du Burger King,Bilinmiyor,47.90542,2.030873,,Public - Pay At Location,0
197704,TREMEVEN - RUE DU FAOUET,Izivia (Sodetrel),47.90242,-3.52067,,Public,0
197703,PLECHATEL - RUE DU PERE JOLIVET,Izivia (Sodetrel),47.894974,-1.749152,,Public,0
197702,MAURE DE BRETAGNE - PARKING DU PRESBYTERE,Izivia (Sodetrel),47.891972,-1.990164,,Public,0
197701,GVA / CHATILLON ABB,ChargePoint,47.86263372412943,4.562242520312503,,Public - Pay At Location,0
197700,Saint-maurice-sur-moselle_IRVE,Bilinmiyor,47.85,6.82,,Public,0
197699,Le Domaine de Kerlann - Pont aven,Bilinmiyor,47.844714,-3.789187,,Public,0
197698,Bain-de-Bretagne - Avenue du Général Patton,Izivia (Sodetrel),47.84334169621785,-1.688029949167973,,Public,0
197697,Parking du SuperU,Bilinmiyor,47.842082,0.756568,,Public - Pay At Location,0
197696,MARTIGNE FERCHAUD - RUE LUCIEN VIGNEL,Izivia (Sodetrel),47.832005,-1.320068,,Public,0
197695,GUIPRY - RUE DE VANNES,Izivia (Sodetrel),47.825089,-1.84429,,Public,0
197694,Volvo Auxerre,Bilinmiyor,47.812232,3.572737,,Public,0
197693,Bmw Mini Auxerre,Bilinmiyor,47.811747,3.562826,,Public,0
197692,PIPRIAC - RUE DE L AVENIR,Izivia (Sodetrel),47.809158,-1.935388,,Public,0
197691,Bmw Mulhouse,Bilinmiyor,47.787858,7.388211,,Public,0
197690,SIXT SUR AFF- RUE DES TEMPLIERS,Izivia (Sodetrel),47.776112,-2.080555,,Public,0
197689,Parking de la concession,Bilinmiyor,47.771601,7.380318,,Bilinmiyor,0
197688,Fiat Mulhouse,Bilinmiyor,47.762349,7.357279,,Public,0
197687,La Dominelais - Rue Anne de Bretagne,Izivia (Sodetrel),47.762213650270105,-1.6878018208583274,,Public,0
197686,50 RUE MARC SEGUIN 68200 MULHOUSE,Qovoltis,47.7466,7.29566,,Public,0
197685,Village_Vingeanne,Bilinmiyor,47.7461292,5.3219819,,Public,0
197684,Parking personnel du Hyper U,Bilinmiyor,47.740717,7.149815,,Public - Pay At Location,0
197683,Bains-sur-Oust - Impasse de la Tournelle,Izivia (Sodetrel),47.70545917853487,-2.0701712727458492,,Public,0
197682,Brasserie LA DILETTANTE,Bilinmiyor,47.7,-2.64,,Public,0
197681,SARL Bagatelle,Bilinmiyor,47.685852,-0.591853,,Public,0
197680,Oceane_Pluneret,Bilinmiyor,47.66811,-2.958104,,Public,0
197679,Oceane_Vannes,Bilinmiyor,47.664716,-2.788715,,Public,0
197678,LIDL ST MARCEL,Bilinmiyor,47.6644493,-3.0071297,,Public,0
197676,Redon - Rue Charles Sillard,Izivia (Sodetrel),47.652787554115946,-2.092524891241035,,Public,0
197675,Parking de la concession,Bilinmiyor,47.6515701,6.8932515,,Bilinmiyor,0
197674,AIRE DE SARTHE TOURAINE,Izivia (Sodetrel),47.650539,0.469286,,Public,0
197673,Redon - Place du Parc Anger,Izivia (Sodetrel),47.649628129860346,-2.0878320180294296,,Public,0
197672,Opel Belfort,Bilinmiyor,47.639712,6.8728,,Public,0
197671,LECLERC BELFORT,Izivia (Sodetrel),47.628899,6.8633,,Public,0
197670,25 BIS RUE DE LA VALLÉE MAILLARD 41000 BLOIS,Qovoltis,47.6113,1.336091,,Public,0
197669,Fiat Huningue,Bilinmiyor,47.587006,7.578616,,Public,0
197668,CHAMPADIS / BORNE 2,ChargePoint,47.565651,2.8369507,,Public - Pay At Location,0
197667,CAMPING LES ALICOURTS,Bilinmiyor,47.5451207,2.19137091,,Public,0
197666,Golf_Bauge,Bilinmiyor,47.5380938,-0.0763035,,Public,0
197665,Parking Cimetière Place des 4 Frères le Blouch,Freshmile,47.525771,-2.648074,,Public - Pay At Location,0
197664,Le Domaine de Dugny - Onzain,Bilinmiyor,47.525474,1.18809,,Public,0
197663,ETABLISSEMENTS BRUNO CUCIS ET CIE - MONTBELIARD,Bilinmiyor,47.5188961,6.8140013,,Public,0
197662,Golf de Saint Sylvain d'Anjou,Bilinmiyor,47.5085896,-0.4791085,,Public,0
197661,CityCamp_Angers,Bilinmiyor,47.501835,-0.517146,,Public,0
197660,Peugeot Avallon,Bilinmiyor,47.499001,3.89438,,Public,0
197659,Hôtel EUROPA - QUIBERON,Bilinmiyor,47.48,-3.1,,Public,0
197658,Le Conguel - Quiberon,Bilinmiyor,47.476018,-3.092746,,Public,0
197657,Bmw Angers,Bilinmiyor,47.471458,-0.616785,,Public,0
197656,Hôtel Kyriad Angers Beaucouzé,Bilinmiyor,47.46216679205851,-0.617293760965289,,Public,0
197655,Hutt_rille,Bilinmiyor,47.457506,0.218202,,Public,0
197654,Parking de l'Intermarch,Bilinmiyor,47.448639,5.584696,,Public - Pay At Location,0
197653,Borne sur pied parking ARAMIS AUTO extrieur,Bilinmiyor,47.436788,0.698583,,Public - Pay At Location,0
197651,Grillot automobiles,Bilinmiyor,47.435764,6.583716,,Public,0
197650,Volvo Tours,Bilinmiyor,47.431875,0.671869,,Public,0
197649,Parking de l'Intermarch,Bilinmiyor,47.425261,0.981107,,Public - Pay At Location,0
197648,Château De Pray | Chargé,Bilinmiyor,47.4246,1.01664,,Public,0
197647,OuestCharge - Diva Sp - Campbon - Bretagne,Bilinmiyor,47.41373,-1.970647,,Public,0
197646,Avenir_Communication,Bilinmiyor,47.4062682,-0.118736,,Public,0
197645,Parking de l'HyperU,Bilinmiyor,47.398367,-0.530794,,Public - Pay At Location,0
197644,Le Parc de Guibel - Piriac sur Mer,Bilinmiyor,47.386713,-2.510252,,Public,0
197643,TOUR GAMBETTA,Bilinmiyor,47.3839259,0.6656866,,Public,0
197642,FPB_Cosnes,Bilinmiyor,47.382409,2.92528,,Public,0
197641,CCI Piriac | Piriac-sur-Mer,Bilinmiyor,47.3811,-2.54363,,Public,0
197640,Le Cardinal,Freshmile,47.375944,-3.220639,,Public - Pay At Location,0
197639,Crédit Agricole Touraine Poitou,Bilinmiyor,47.37425458,0.681704879,,Public,0
197638,Pen Prad,Freshmile,47.368306,-3.222972,,Public - Pay At Location,0
197637,Port-Collen,Freshmile,47.36075,-3.186194,,Public - Pay At Location,0
197636,Toyota - Dijon - 22kW AC,Bilinmiyor,47.354481,5.065799,,Public,0
197635,HERVE THERMIQUE JOUE LES TOURS,Bilinmiyor,47.353958,0.654826,,Public,0
197634,F3CBaume,Bilinmiyor,47.3517596,6.3491347,,Public,0
197633,KEOLIS DIJON,Freshmile,47.3512055,5.0769923,,Public,0
197632,Parking de la Concession,Bilinmiyor,47.350849,5.062155,,Public - Pay At Location,0
197630,2 Avenue Carnot,Freshmile,47.346444,-3.15478,,Public - Pay At Location,0
197629,2 Rue des Remparts,Freshmile,47.344639,-3.154,,Public - Pay At Location,0
197628,Chateau_Soucherie,Bilinmiyor,47.322716,-0.6350666,,Public,0
197627,STATION AVIA - PLACE DU 30 OCTOBRE,Izivia (Sodetrel),47.322222,5.052789,,Public,0
197625,Bmw Guérande,Drive Eco,47.321519,-2.413464,,Public,4
197624,Intermarché - Marchaux - 22kw AC,Bilinmiyor,47.3207567,6.1299419,,Public,0
197623,AREAS DOMMAGES,Alfen,47.3191916,5.0104482,,Public,0
197622,WARNING Dijon,Bilinmiyor,47.317976,5.093141,,Public,0
197621,10-12 BOULEVARD CARNOT 21231 DIJON,Qovoltis,47.31761,5.04603,,Public,0
197620,Fiba Quetigny,Bilinmiyor,47.312161,5.097769,,Public,0
197618,CARQUEFOU,Izivia (Sodetrel),47.29969,-1.498428,,Public,0
197617,OuestCharge - E-Twin - Carquefou - Sevigne,Bilinmiyor,47.29850005,-1.48938447,,Public,0
197616,STATION AVIA - CHEVIGNY ST SAUVEUR,Izivia (Sodetrel),47.295589,5.145897,,Public,0
197615,56 Rue Argentré du Plessis,Freshmile,47.294556,-3.084972,,Public - Pay At Location,0
197614,OuestCharge - Pulse 50 - Vigneux-De-Bretagne - Pont De Pierre,Bilinmiyor,47.29341,-1.7441279,,Public,0
197613,Z.A.E DE LONGVIC IMPASSE DU TRI POSTAL 21600,Qovoltis,47.292429,5.03855,,Public,0
197612,Bmw Dijon,Bilinmiyor,47.290851,5.023851,,Public,0
197611,JLR -  Chenove,Bilinmiyor,47.287102,5.02148,,Public,0
197610,Parking de l'Intermarch,Bilinmiyor,47.285998,1.373067,,Public - Pay At Location,0
197609,Parking de la Concession,Bilinmiyor,47.284547,-1.450842,,Public - Pay At Location,0
197608,OuestCharge - E-Twin - La Baule - Atlantia,Bilinmiyor,47.28394529,-2.40979918,,Public,0
197606,5 RUE DAGUERRE 44000 NANTES,Qovoltis,47.27461,-1.51049,,Public,0
197605,EL2D / BORNE 2,ChargePoint,47.26320218197197,-1.48421021719666,,Public - Pay At Location,0
197604,E.LECLERC ORVAULT,Izivia (Sodetrel),47.262201,-1.59105,,Public,0
197602,8 BOULEVARD EINSTEIN BATIMENT B 44000 NANTES,Qovoltis,47.26109,-1.55854,,Public,0
197601,Général Automobile - Volvo Nantes,Bilinmiyor,47.25612,-1.631036,,Public,0
197600,Bmw Mini Saint-Herblain - Partie BMW,Bilinmiyor,47.249659,-1.619828,,Public,0
197599,OuestCharge - Diva Sp - Sainte-Luce-Sur-Loire - Gaulle,Bilinmiyor,47.24945,-1.484521,,Public,0
197598,Bmw Mini Saint-Herblain - Partie MINI,Bilinmiyor,47.248454,-1.61894,,Public,0
197597,Parking de l'Intermarch,Bilinmiyor,47.246125,-1.589719,,Public - Pay At Location,0
197596,STATION AVIA - GARAGE PAJOT,Izivia (Sodetrel),47.244513,4.567375,,Public,0
197595,AXIONE,Bilinmiyor,47.2310588,2.0447058,,Public,0
197594,Bmw Saumur,Bilinmiyor,47.23024,-0.129071,,Public,0
197593,"11 RUE DE LA FONTAINE, Le Relais des Deux Tou",Qovoltis,47.22998,6.39701,,Public,0
197592,AGENCE DE NANTES,Bilinmiyor,47.2203496,-1.6504833,,Public,0
197591,Parking Enedis Nantes,Bilinmiyor,47.2201,-1.55734,,Public,0
197590,Ford Besançon,Bilinmiyor,47.216517,5.953387,,Public,0
197589,Fiat Besançon,Bilinmiyor,47.215472,5.939918,,Public,0
197588,Kia Vierzon,Bilinmiyor,47.204739,2.073033,,Public - Pay At Location,0
197587,Les Pierres Couchées - St Brévin les Pins,Bilinmiyor,47.203898,-2.151235,,Public,0
197586,Garage Santa Maria - 22 kW AC,Bilinmiyor,47.200427,2.5759861,,Public - Pay At Location,0
197585,ACLEA,Alfen,47.19904415944349,1.667647361755371,,Public,0
197584,OuestCharge - Diva Sp - Le Pellerin - Sand,Bilinmiyor,47.198616,-1.754958,,Public,0
197583,Parking du SuperU,Bilinmiyor,47.185903,5.82722,,Public - Pay At Location,0
197582,Leclerc Océane,Bilinmiyor,47.160554,-1.546061,,Public,0
197581,Hôtel AKENA Nantes,Easy4You,47.160351,-1.541063,,Public,0
197580,Bmw Rezé,Bilinmiyor,47.15598,-1.545058,,Public,0
197579,OuestCharge - Diva Sp - Saint-Aignan-Grand-Lieu - Milenia,Bilinmiyor,47.123441,-1.632266,,Public,0
197578,Parking du SuperU,Bilinmiyor,47.122435,0.428934,,Public - Pay At Location,0
197577,Bmw Mini Bourges,Bilinmiyor,47.118303,2.373695,,Public,0
197576,Parking de la concession,Bilinmiyor,47.1112893,2.4149303,,Bilinmiyor,0
197575,Bmw Dole,Bilinmiyor,47.076993,5.460902,,Public,0
197574,GVA / LADOIX ABB,ChargePoint,47.0726827218911,4.877348385644549,,Public - Pay At Location,0
197573,Bourges - Parc d activites Beaulieu,Bilinmiyor,47.0635477,2.3690533,,Public,0
197572,Parking de l'Intermarch,Bilinmiyor,47.055945,6.616787,,Public - Pay At Location,0
197571,Bureau,Bilinmiyor,47.053393,5.428846,,Public,0
197570,Parking Hopital de Cholet,Bilinmiyor,47.0429,-0.895146,,Public,0
197569,Parking de l'Intermarch,Bilinmiyor,47.033096,2.642004,,Public - Pay At Location,0
197568,Residence Les Primeveres - Beaune,Bilinmiyor,47.0325195,4.8459941,,Public,0
197567,Volvo Cholet,Bilinmiyor,47.030978,-0.912427,,Public,0
197566,Toyota - Beaune - 24kW DC,Bilinmiyor,47.0236522,4.86082418,,Public,0
197565,Opel Beaune,Bilinmiyor,47.018766,4.859114,,Public,0
197564,FPB_Nevers,Bilinmiyor,46.994733,3.123147,,Public,0
197563,Bmw Nevers,Bilinmiyor,46.985454,3.123495,,Public,0
197562,Parking de l'Intermarch,Bilinmiyor,46.981203,0.690151,,Public - Pay At Location,0
197561,Hôtel le Paddock,Bilinmiyor,46.870963,3.165666,,Public,0
197560,Parking du Bricomarch,Bilinmiyor,46.858488,-1.865277,,Public - Pay At Location,0
197559,OuestCharge - Diva Sp - Challans - Foirail,Bilinmiyor,46.848647,-1.871946,,Public,0
197558,OuestCharge - TMC - Challans - Traversiere,Bilinmiyor,46.84815,-1.879576,,Public,0
197557,FPB_Decize,Bilinmiyor,46.8368349,3.4673989,,Public,0
197556,E.LECLERC SAINT MAUR NORD,Izivia (Sodetrel),46.820196,1.669763,,Public,0
197555,Camping Campéole Les Tonnelles,VIRTA,46.81010295,-2.1202879,,Public,0
197554,IBIS STYLES CHALON SUR SAONE,Bilinmiyor,46.79978,4.832477,,Public,0
197553,Bmw Chateauroux,Bilinmiyor,46.792977,1.715128,,Public,0
197552,Renault Châtellerault,Bilinmiyor,46.791476,0.525524,,Public,0
197551,Le Bois Masson - Saint Jean de Monts,Bilinmiyor,46.789796,-2.03117,,Public,0
197550,SUEZ TORCY,Bilinmiyor,46.7798858,4.4557611,,Public,0
197549,Parking de l'Intermarch,Bilinmiyor,46.771141,6.378216,,Public - Pay At Location,0
197548,Corsin Volvo Chalon-sur-Saône,Bilinmiyor,46.769045,4.862786,,Public,0
197547,Mazda - Chalon-sur-Saône - 22kW AC,Bilinmiyor,46.768978,4.860127,,Public,0
197546,le relais,Bilinmiyor,46.74,5.56,,Public,0
197545,"Lurcy-Lévis, Boulevard Gambetta",Bilinmiyor,46.72766065,2.93773212,,Public - Pay At Location,0
197544,Orval,Bilinmiyor,46.72504,2.4821,,Public,0
197543,Volvo La Roche sur Yon,Bilinmiyor,46.723121,-1.424702,,Public,0
197542,St Amand Montrond - Cour Manuel 1,Bilinmiyor,46.721011,2.505091,,Public,0
197541,Hyundai La Roche sur Yon,Bilinmiyor,46.71395,-1.427644,,Public,0
197540,"Ainay Le Château, Rue du pavé",Bilinmiyor,46.7054423572385,2.69468323268411,,Public,0
197539,OuestCharge - La Roche-Sur-Yon - Michelin,Ouest Charge,46.702999,-1.428843,La Roche sur Yon,Public,2
197538,Ford Lons Le Saunier,Bilinmiyor,46.693989,5.558022,,Public,0
197537,"Borne, Domaine, Charton-Vachet",Bilinmiyor,46.69,4.67,,Public,0
197536,Hyundai Montceau les Mimes,Bilinmiyor,46.680946,4.361676,,Public,0
197535,LE BISTRO D'HUGO,Bilinmiyor,46.675892,5.495418,,Public,0
197534,"Rencontre-handi, Bureau",Bilinmiyor,46.67,4.37,,Public,0
197533,PARC DU FUTUROSCOPE,Bilinmiyor,46.666345,0.366939,,Public,0
197532,Campanile Futuroscope,G2mobility,46.665512,0.358448,,Public,0
197531,Chasseneuil Teleport 2,Bilinmiyor,46.66112,0.36019,,Public,0
197530,CCI La Roche Sur Yon | La Roche-sur-Yon,Bilinmiyor,46.6571,-1.42966,,Public,0
197529,AREAS DOMMAGES,Alfen,46.65,0.3667,,Public,0
197528,MGMI - La Roche sur Yon - 22kW AC,Bilinmiyor,46.644182,-1.417247,,Public,0
197527,Camping Campilo,VIRTA,46.62349487,-1.4546121,,Public,0
197526,"Cérilly, Champ de Foire - Partie Haute",Bilinmiyor,46.6173,2.81824,,Public,0
197525,"Chevagnes, Place du Marché",Bilinmiyor,46.61020217,3.550729988,,Public - Pay At Location,0
197524,Mercedes Moulins,Bilinmiyor,46.602237,3.30373,,Public,0
197523,INTERMARCHE POITIER,Izivia (Sodetrel),46.59909,0.322088,,Public,0
197522,"Avermes, La Poste",Bilinmiyor,46.5868,3.30928,,Public,0
197521,SDE03 - Bourbon-L'Archambault,(Unknown Operator),46.58527691,3.054261263,Bourbon-L'Archambault,Public - Membership Required,2
197520,Hôtel Manoir de Boisvillers,Bilinmiyor,46.58525848388672,1.5179026126861572,,Public,0
197518,Volvo Poitiers,Bilinmiyor,46.581344,0.314263,,Public,0
197517,Renault Poitiers,Bilinmiyor,46.580346,0.332884,,Public,0
197516,OuestCharge - Diva Sp - La Tablier - Parking,Bilinmiyor,46.573218,-1.342638,,Public,0
197515,"Moulins, Hôpital",Bilinmiyor,46.5712,3.32408,,Public,0
197514,"Moulins, Rue Vigenère",Bilinmiyor,46.5709696286223,3.3334985053863,,Public,0
197513,RENAULT CHAUVIGNY,Bilinmiyor,46.56801,0.6303597,,Public,0
197512,"Moulins, Rue Michel de l'Hospital",Bilinmiyor,46.5676111588424,3.33516750516554,,Public,0
197511,"Moulins, Place Jean Moulin",Bilinmiyor,46.5668,3.3274,,Public,0
197510,"Yzeure, Place Bendorf",Bilinmiyor,46.5653,3.35443,,Public,0
197509,"Moulins, Avenue de la République",Bilinmiyor,46.5632788987201,3.33889735120585,,Public,0
197508,"Moulins, Rue Achille Roche",Bilinmiyor,46.56178494,3.328840225,,Public - Pay At Location,0
197507,"Yzeure, Rond-Point Liberté",Bilinmiyor,46.5534499961099,3.3633653006039,,Public,0
197506,POITIERS SUD 2,Bilinmiyor,46.54829,0.30007,,Public,0
197505,"Vallon-En-Sully, Route de Nassigny",Bilinmiyor,46.534336217717,2.60819339954621,,Public,0
197504,"Souvigny, Place Charles de Gaulle",Bilinmiyor,46.533539879161,3.1933275447493,,Public,0
197503,"Dompierre-sur-Besbre, Percières",Bilinmiyor,46.5176,3.68414,,Public,0
197502,"Toulon Sur Allier, Centre Routier - ZI Les Gris",Bilinmiyor,46.50575147,3.36105943,,Public - Pay At Location,0
197501,Parking de la concession,Bilinmiyor,46.48719,-1.740331,,Public - Pay At Location,0
197500,"Noyant-D'Allier, Place du Marché",Bilinmiyor,46.4798999784521,3.12540568739714,,Public,0
197499,"Cosne-d'Allier, Centre de secours",Bilinmiyor,46.474,2.83132,,Public,0
197498,"Besson, Place de la Mairie",Bilinmiyor,46.470022005587,3.26305837167366,,Public,0
197497,"Buxières-les-Mines, station essence",Bilinmiyor,46.468,2.96364,,Public,0
197496,"Neuilly Le Réal, Place de la Mairie",Bilinmiyor,46.46530872,3.43212947,,Public - Pay At Location,0
197495,Adage_Paray,Bilinmiyor,46.448839,4.125055,,Public,0
197494,"Bessay-Sur-Allier, Rue René Fallet",Bilinmiyor,46.44059511,3.364509956,,Public - Pay At Location,0
197493,VIVONNE CURIE,Bilinmiyor,46.43398,0.26777,,Public,0
197492,SARL GMGA,Bilinmiyor,46.430404911761144,0.8826280255628401,,Public,0
197491,Andrieux & Bourcerie 24KW DC,Bilinmiyor,46.42,0.86,,Public,0
197490,Camping Les Brunelles,VIRTA,46.412985,-1.526996,,Public,0
197489,"Evian-les-Bains, Route de Bissingues",Bilinmiyor,46.39752,6.57371,,Public,0
197488,"Villefranche d'Allier, Fossés",Bilinmiyor,46.3964,2.85832,,Public,0
197487,"Saint-Gingolph, Quai Chevallay",Bilinmiyor,46.39387,6.80141,,Public,0
197486,CROZANT,Bilinmiyor,46.38979827128929,1.621857810756655,,Public,0
197485,Parking du SuperU,Bilinmiyor,46.388809,-0.424093,,Public - Pay At Location,0
197484,"Jaligny-Sur-Besbre, Place René Fallet",Bilinmiyor,46.38128938,3.592193249,,Public - Pay At Location,0
197483,Ford Saint Claude,Bilinmiyor,46.380921,5.828371,,Public,0
197482,"Huriel, Rue du Pressoir",Bilinmiyor,46.37362129,2.478251621,,Public - Pay At Location,0
197481,la chapelle de guinchay,Bilinmiyor,46.3641578,4.7573375,,Public,0
197480,"Domérat, Victor Hugo",Bilinmiyor,46.3619,2.53289,,Public,0
197479,Payré,Bilinmiyor,46.35839,0.19736,,Public,0
197478,DIVONNE LES BAINS - Parking poste,Bilinmiyor,46.35666667,6.143138889,,Public - Pay At Location,0
197477,DIVONNE LES BAINS - Office de Tourisme,Bilinmiyor,46.35625,6.138388889,,Public - Pay At Location,0
197476,DIVONNE LES BAINS - Esplanade du lac,Bilinmiyor,46.35436111,6.146527778,,Public - Pay At Location,0
197475,Ford Anthy sur Léman,Freshmile,46.352148,6.433607,,Public,0
197474,"Montluçon, Rue des Lavandières",Bilinmiyor,46.3510782873567,2.59677019935577,,Public,0
197473,ByMyCar Peugeot Thonon,Bilinmiyor,46.350445,6.441782,,Public,0
197472,"Le Donjon, Guillotière",Bilinmiyor,46.3502,3.79649,,Public,0
197471,Mercedes Montluçon,Bilinmiyor,46.350146,2.596959,,Public,0
197470,"Montluçon, Rue Pablo Picasso",Bilinmiyor,46.3477751254521,2.60412108954706,,Public,0
197469,"Désertines, Rue Georges Brassens",Bilinmiyor,46.34579024,2.616759025,,Public - Pay At Location,0
197468,"Montluçon, Rue Denis Papin",Bilinmiyor,46.3444878759381,2.59816080205262,,Public,0
197467,"Montluçon, Place Pierre Petit",Bilinmiyor,46.34141926,2.604232631,,Public - Pay At Location,0
197466,gite danse des etoiles,Bilinmiyor,46.34,4.61,,Public,0
197465,"Montluçon, Rue de la Gironde",Bilinmiyor,46.33957118,2.609746404,,Public - Pay At Location,0
197464,Pétavit - La Roche Vineuse,Bilinmiyor,46.338771,4.720753,,Public,0
197463,"Montluçon, Avenue Marx Dormoy",Bilinmiyor,46.3386532098796,2.59894614947472,,Public,0
197462,GEX-Cimetière Perdtemps,Bilinmiyor,46.33733333,6.060027778,,Public - Pay At Location,0
197461,GEX - Crèche / Piscine,Bilinmiyor,46.33641667,6.066583333,,Public - Pay At Location,0
197460,GEX-MJC,Bilinmiyor,46.33444444,6.060583333,,Public - Pay At Location,0
197459,Hyundai Niort,Bilinmiyor,46.334355,-0.415346,,Public,0
197458,Corsin Volvo Sancé,Bilinmiyor,46.333903,4.843332,,Public,0
197457,"Montluçon, Rue des Faucheroux",Bilinmiyor,46.3301512872091,2.60561157482589,,Public,0
197456,"Prémilhat, Étang de Sault",Bilinmiyor,46.3273,2.55699,,Public,0
197455,BONNAT,Bilinmiyor,46.325814,1.908169,,Public,0
197454,LM - Niort (magasin 81),Bilinmiyor,46.317699,-0.417369,,Public,0
197453,"Montmarault, Boulevard Tourret",Bilinmiyor,46.31707839,2.955515899,,Public - Pay At Location,0
197452,Volvo Niort,Bilinmiyor,46.316454,-0.475358,,Public,0
197451,CESSY - Parking du Stade Vidolet,Bilinmiyor,46.31541667,6.069777778,,Public - Pay At Location,0
197450,"Lavault-Sainte-Anne, Allée du Pont-du-Garde",Bilinmiyor,46.3149738687604,2.59040839740452,,Public,0
197449,"Varennes-Sur-Allier, Place de L Hôtel de ville",Bilinmiyor,46.3127877163951,3.40415149796535,,Public,0
197448,"Saint Pourçain sur Sioule, Cours des Anciens combattant d'Afrique",Bilinmiyor,46.30993,3.2886,,Public,0
197447,Hotel Macon,Bilinmiyor,46.3085443,4.8372308,,Public,0
197446,"Saint Pourçain Sur Sioule, Quai de la Ronde",Bilinmiyor,46.3063596692672,3.29185212674009,,Public,0
197445,DUN LE PALESTEL,Bilinmiyor,46.3057547,1.67012069,,Public,0
197444,LELEX- La Chapelle,Bilinmiyor,46.30280556,5.940388889,,Public - Pay At Location,0
197443,VERSONNEX-Forge,Bilinmiyor,46.30097222,6.095888889,,Public - Pay At Location,0
197442,CHARRON - RUE DU CHATEAU ZONE DES MORINES,Izivia (Sodetrel),46.300894,-1.096399,,Public,0
197441,Agape Hôtel Niort Bessines,Bilinmiyor,46.3,-0.5,,Public,0
197440,Parking de l'Intermarch,Bilinmiyor,46.296929,6.30661,,Public - Pay At Location,0
197439,Parking de l'Intermarch,Bilinmiyor,46.28909,4.8087035,,Public - Pay At Location,0
197438,"Néris-les-Bains, Arènes",Bilinmiyor,46.2883,2.66032,,Public,0
197437,STATION PETITE GROSNE,Bilinmiyor,46.285911,4.781441,,Public,0
197436,Ford Oyonnax,Bilinmiyor,46.284154,5.665818,,Public,0
197435,ByMyCar Peugeot Ornex,Bilinmiyor,46.283535,6.08686,,Public,0
197434,Parking de l'Intermarch,Bilinmiyor,46.271366,5.284668,,Public - Pay At Location,0
197433,R‚seau AlterBase - Lezay - Mairie,Bilinmiyor,46.2654959,-0.0111787,,Public - Pay At Location,0
197432,Hôtel MACCHI,Bilinmiyor,46.26399717713806,6.8401120000162585,,Public,0
197431,FERNEY-VOLTAIRE-Piscine,Bilinmiyor,46.26136111,6.117361111,,Public - Pay At Location,0
197430,"Saint-Gérand-Le-Puy, Rue Maurice Dupont",Bilinmiyor,46.25929792,3.511760786,,Public - Pay At Location,0
197429,"Châtel ,Lac de Vonne",Bilinmiyor,46.25796,6.84055,,Public,0
197428,PREVESSIN-MOENS-centre ville,Bilinmiyor,46.254,6.080138889,,Public - Pay At Location,0
197427,"Lapalisse, Place Pasteur",Bilinmiyor,46.25039389,3.639783853,,Public - Pay At Location,0
197426,Parking de l'Intermarch,Bilinmiyor,46.248168,5.131723,,Public - Pay At Location,0
197425,SAINT-GENIS-POUILLY-Georges Sand,Bilinmiyor,46.24408333,6.021166667,,Public - Pay At Location,0
197424,"Chantelle, Rue de Bourgneuf",Bilinmiyor,46.2406970682248,3.15729919471199,,Public,0
197423,LA SOUTERRAINE,Bilinmiyor,46.238674,1.483527,,Public,0
197422,THOIRY- Salle de Fêtes,Bilinmiyor,46.23480556,5.980944444,,Public - Pay At Location,0
197421,SAINT-GENIS-POUILLY-Technoparc Maison de l'eau / Maison des Usagers Gessiens,Bilinmiyor,46.23391667,6.020444444,,Public - Pay At Location,0
197420,Ferrières | Rue de la Juillerie,Bilinmiyor,46.2281,-0.873,,Public,0
197419,Corsin Volvo Bourg-en-Bresse,Bilinmiyor,46.225648,5.231753,,Public,0
197418,LOIX EN RE - PARKING DE LA BERNARDIERE,Izivia (Sodetrel),46.224022,-1.432498,,Public,0
197417,Camping le Valserine,Bilinmiyor,46.22,5.86,,Public,0
197416,La Chabanaise,Bilinmiyor,46.215996601383644,-0.7065045195933709,,Public,0
197415,MONSOLS - COL DE CRIE,Izivia (Sodetrel),46.207105,4.536011,,Public,0
197414,SAINT VAURY,Bilinmiyor,46.204309,1.7562378,,Public,0
197413,"Saint-Germain-Des-Fossés, Rue de Vichy",Bilinmiyor,46.20184102,3.433305835,,Public - Pay At Location,0
197411,Volvo Annemasse,Bilinmiyor,46.200969,6.266699,,Public,0
197410,"Bellenaves, Avenue Michelet",Bilinmiyor,46.1985226995357,3.07998832924812,,Public,0
197409,ByMyCar Peugeot Annemasse,Bilinmiyor,46.194099,6.25664,,Public,0
197408,Hotel Val de Vienne - Le Vigeant,Bilinmiyor,46.1920729,0.6604186,,Public,0
197407,FLEURIE - PARKING MAIRIE,Izivia (Sodetrel),46.191549,4.698285,,Public,0
197406,LA FLOTTE EN RE - RUE JEAN MOULIN,Izivia (Sodetrel),46.19102,-1.33143,,Public,0
197405,Mazda - Bourg en Bresse - 22kW AC,Bilinmiyor,46.189385,5.210311,,Public,0
197404,PERON-Eglise,Bilinmiyor,46.18913889,5.926111111,,Public - Pay At Location,0
197403,"Brout-Vernet, Maison de santé",Bilinmiyor,46.1884,3.27081,,Public,0
197402,CHAMBON SUR VOUEIZE,Bilinmiyor,46.188104,2.427356,,Public,0
197401,Camping des Dunes,VIRTA,46.187012,-1.406844,,Public,0
197400,Toyota - Annemasse - 22kW AC D,Bilinmiyor,46.1858677,6.2174783,,Public,0
197399,Hôtel Mercure - Annemasse - 22 kW AC,Bilinmiyor,46.184232,6.2216688,,Bilinmiyor,0
197398,Kia Guéret,Bilinmiyor,46.183614,1.880525,,Public,0
197397,SAINT SULPICE LE GUERETOIS,Bilinmiyor,46.182498,1.84716,,Public,0
197396,Montaigut Le Boulval,Bilinmiyor,46.1815093,2.8066202,,Public,0
197395,GUERET,Bilinmiyor,46.18066,1.87458,,Public,0
197394,LUSSAT,Bilinmiyor,46.18043243312804,2.3282017747338646,,Public,0
197393,Hyundai La Rochelle,Bilinmiyor,46.179172,-1.101992,,Public,0
197392,"La Pacaudiere, Parking gymnase",Bilinmiyor,46.1756322,3.8660344,,Public - Pay At Location,0
197391,EVAUX LES BAINS,Bilinmiyor,46.174744,2.485976,,Public,0
197390,Toyota - Montagnat - 22kW AC,Bilinmiyor,46.1746523,5.2592028,,Public,0
197389,Camping Sunelia Interlude,VIRTA,46.17418428,-1.377925,,Public,0
197388,MENODIS / BORNE 2,ChargePoint,46.16973839589294,6.315549889236349,,Public - Pay At Location,0
197387,GUERET,Bilinmiyor,46.168328,1.872105,,Public,0
197386,"Marcillat-en-Combraille, Champ de foire",Bilinmiyor,46.1667,2.63455,,Public,0
197385,GUERET,Bilinmiyor,46.16619,1.852937,,Public,0
197384,"Fillinges, Parking Pont de Fillinges",Bilinmiyor,46.1632497,6.3533415,,Public - Pay At Location,0
197383,GUERET,Bilinmiyor,46.1613543,1.8728709,,Public,0
197382,VILLIE-MORGON - BOULEVARD DU PARC,Izivia (Sodetrel),46.160492,4.680341,,Public,0
197381,SIEG63 - ePremium - Saint Eloy les Mines - Jean Jaures,Bilinmiyor,46.158716,2.835858,,Public,0
197380,Hôtel Le Savary,VIRTA,46.15798512,-1.1706128,,Public,0
197379,SAINTE MARIE DE RE - CHEMIN DES SABLES,Izivia (Sodetrel),46.155851,-1.317532,,Public,0
197378,"Creuzier-Le-Vieux, Place des Guinards",Bilinmiyor,46.15446121,3.431451507,,Public - Pay At Location,0
197377,BEAUJEU - PARKING MAIRIE,Izivia (Sodetrel),46.153978,4.587281,,Public,0
197376,Parking Weidner Station 1,ChargePoint,46.14,6.16,,Public,0
197375,SAINTE FEYRE,Bilinmiyor,46.13929,1.915143,,Public,0
197374,"Cusset, Avenue Gilbert Roux",Bilinmiyor,46.1382406078437,3.43720401000073,,Public,0
197373,COLLONGES - Parking Pompiers,Bilinmiyor,46.13783333,5.906,,Public - Pay At Location,0
197372,Parking LA TOURTERELLE,Bilinmiyor,46.135216299999996,-0.7584632000000058,,Public,0
197371,"Cusset, Place du Centenaire",Bilinmiyor,46.1344,3.45461,,Public,0
197370,R‚seau Alterbase - Limalonges - Les Maisons Blanches - QC,Bilinmiyor,46.133704,-0.178913,,Public - Pay At Location,0
197369,"Vichy, Stade",Bilinmiyor,46.1332,3.41621,,Public,0
197368,"Cusset, Avenue du Drapeau",Bilinmiyor,46.1327,3.45557,,Public,0
197367,"Vichy, Place Jean Epinat",Bilinmiyor,46.130381,3.427322,,Public - Pay At Location,0
197366,"Bellerive, Chemin des Chabannes Basses",Bilinmiyor,46.1275566457957,3.39644083179758,,Public,0
197365,"Vichy, Gare",Bilinmiyor,46.1272,3.43013,,Public,0
197364,SAINTE FEYRE,Bilinmiyor,46.127182,1.889585,,Public,0
197363,"Bellerive, Chemin des Chabannes Basses",Bilinmiyor,46.127122,3.396184,,Public - Pay At Location,0
197362,Mercedes Bellerive,Bilinmiyor,46.125734,3.401355,,Public,0
197361,"Vichy, Place Charles de Gaulle",Bilinmiyor,46.12524373,3.426489242,,Public - Pay At Location,0
197360,"Vichy, Rue de Marseille",Bilinmiyor,46.1247414,3.434900054,,Public - Pay At Location,0
197359,"Vichy, Place de l'Hotel de Ville",Bilinmiyor,46.12431,3.42901,,Public,0
197358,Parking Hotel KYRIAD Vichy,Bilinmiyor,46.123436402688206,3.4245618642693594,,Public,0
197357,"Vichy, Square Général Leclerc",Bilinmiyor,46.12254294,3.419216495,,Public - Pay At Location,0
197356,"Vichy, Porte de France",Bilinmiyor,46.1217,3.42184,,Public,0
197355,BENEVENT L'ABBAYE,Bilinmiyor,46.11916513058057,1.6307987051364758,,Public,0
197354,Parking du Netto,Bilinmiyor,46.117962,4.963857,,Public - Pay At Location,0
197353,"Ébreuil, Allée du Chemin de Fer",Bilinmiyor,46.1175109594465,3.08927354210665,,Public,0
197352,"Bellerive, Rue Adrien Cavy",Bilinmiyor,46.11734565,3.401690007,,Public - Pay At Location,0
197351,Parking de l'Intermarch,Bilinmiyor,46.117048,-0.935728,,Public - Pay At Location,0
197350,"Bellerive, Place de la Source Intermittente",Bilinmiyor,46.1168105198016,3.41023892443676,,Public,0
197349,AIGREFEUILLE - RUE DE LA POSTE,Izivia (Sodetrel),46.114931,-0.936192,,Public,0
197348,MARCHAMPT - PLACE DU MOULIN,Izivia (Sodetrel),46.111426,4.573233,,Public,0
197347,BELLEVILLE-EN-BEAUJOLAIS - PARKING GARE,Izivia (Sodetrel),46.111418,4.729213,,Public,0
197346,"Cognat Lyonne, Route de Lyonne",Bilinmiyor,46.10865538,3.311696233,,Public - Pay At Location,0
197345,BELLEVILLE-EN-BEAUJOLAIS - RUE DE LA REPUBLIQUE,Izivia (Sodetrel),46.108371,4.752542,,Public,0
197344,Peugeot Cours-la-Ville,Bilinmiyor,46.105426,4.321232,,Public,0
197343,BELLEVILLE-EN-BEAUJOLAIS - PARKING COVOITURAGE,Izivia (Sodetrel),46.104656,4.751429,,Public,0
197342,"Gannat, Place Pasteur",Bilinmiyor,46.10164016,3.197689161,,Public - Pay At Location,0
197341,"Abrest, Place Jean Moulin",Bilinmiyor,46.09959024,3.443561884,,Public - Pay At Location,0
197340,Ionity Valleiry Sud,Ionity,46.09647,5.96435,Valleiry,Public,5
197339,Segab,Bilinmiyor,46.08831777039237,5.814621642327829,,Public,0
197338,Intermarché Thyez,Bilinmiyor,46.086405764520606,6.523605738717589,,Public,0
197337,"Thyez, Rue de la Mairie",Bilinmiyor,46.08405685,6.54229116,,Public,0
197336,Intermarché Bonneville,Bilinmiyor,46.08350074095008,6.403327536228296,,Public,0
197335,CHATELAILLON - PARKING HAUT RILLON,Izivia (Sodetrel),46.08067,-1.079027,,Public,0
197334,Parking du SuperU,Bilinmiyor,46.080598,6.501386,,Public - Pay At Location,0
197333,"Mably, Bonvert",Bilinmiyor,46.080367,4.086384,,Public - Pay At Location,0
197332,"Mably, COSEC Mably",Bilinmiyor,46.0755725,4.0728493,,Public - Pay At Location,0
197331,"1689 ROUTE DE SAINT TRIVIER - CESSEINS, B&B L",Qovoltis,46.074,4.8285,,Public,0
197330,ByMyCar Peugeot Cluses,Bilinmiyor,46.07317,6.56686,,Public,0
197329,Hotel Mont Blanc - Saint Pierre en Faucigny,Bilinmiyor,46.073133287506614,6.381371271658948,,Public,0
197328,RSE01 - Pulse22WL - Saint-Trivier-sur-Moignans - Espace Vial,Bilinmiyor,46.072778,4.892735,,Public,0
197327,"Le Mayet-de-Montagne, Vichy Place aux foires",Bilinmiyor,46.07,3.66512,,Public,0
197326,"Saint-Yorre, Avenue de Vichy",Bilinmiyor,46.0670938660186,3.46514792515273,,Public,0
197325,SAINT-ETIENNE-DES-OULLIERES - PLACE DU MONUMENT AUX MORTS,Izivia (Sodetrel),46.066545,4.649969,,Public,0
197324,RSE01 - Pulse22WL - Sandrans - Mairie,Bilinmiyor,46.0636389,4.97913888,,Public,0
197323,Parking de la concession,Bilinmiyor,46.047794,6.598465,,Bilinmiyor,0
197322,"Riorges, Parking gallieni",Bilinmiyor,46.0427515,4.0527121,,Public - Pay At Location,0
197321,Intermarché Thizy-les-Bourgs,Bilinmiyor,46.034904,4.289598,,Public,0
197320,SIEG63 - ePremium - Saint Gervais D Auvergne - Foirail,Bilinmiyor,46.030863,2.820273,,Public,0
197319,RUFFEC - PARKING DES AMBASSADEURS,Izivia (Sodetrel),46.028155,0.197685,,Public,0
197318,ARNAS - PLACE DES SARMENTS,Izivia (Sodetrel),46.024601,4.705451,,Public,0
197317,RSE01 - Pulse22WL - Bouligneux - Village,Bilinmiyor,46.0229167,4.990861,,Public,0
197316,RSE01 - Pulse22WL - Villeneuve - Rue des Marronniers (90),Bilinmiyor,46.0207222,4.83486111,,Public,0
197315,SIEG63 - ePremium - Aigueperse - Chevrils,Bilinmiyor,46.020521,3.200362,,Public,0
197314,GVA / COTEAU ABB,ChargePoint,46.020020714791,4.0931427257733,Le Coteau,Public - Membership Required,3
197313,281 CHEMIN DE JALAVOIR 74910 CHALLONGES,Qovoltis,46.02002,5.83448,,Public,0
197311,RSE01 - Pulse22WL - Sainte Olive - Parking Restaurant,Bilinmiyor,46.0196667,4.92875,,Public,0
197310,AULNAY DE SAINTONGE - PLACE CHARLES DE GAULLE,Izivia (Sodetrel),46.019559,-0.345935,,Public,0
197309,2A Automobiles,Bilinmiyor,46.01405490199754,3.2001838828882567,,Public,0
197308,CONFOLENS - PARKING DU LYCEE,Izivia (Sodetrel),46.004187,0.673057,,Public,0
197307,SAINT CHRISTOPHE - PLACE DE LEGLISE,Izivia (Sodetrel),46.003008,0.850099,,Public,0
197306,RSE01 - Pulse22WL - Savigneux - Rue de l Eglise (87),Bilinmiyor,46.0013889,4.84855555,,Public,0
197305,RSE01 - Pulse22WL - Amberieux en Dombes - Route 3 Septembre (245),Bilinmiyor,45.9986944,4.898472,,Public,0
197304,LE VIGNAU DU HAUT 87340 LA JONCHERE ST MAURIC,Qovoltis,45.99768,1.463564,,Public,0
197303,VILLEFRANCHE-SUR-SAONE - PARKING BALLOFFET,Izivia (Sodetrel),45.994463,4.714825,,Public,0
197302,RSE01 - Pulse22WL - Ars-Sur-Formans - Jean-Marie Vianney (339),Bilinmiyor,45.9933611,4.82161,,Public,0
197301,SIEG63 - ePremium - Combronde - Europe,Bilinmiyor,45.993258,3.087534,,Public,0
197300,RSE01 - Pulse22WL - Villars les Dombes - Parc des Oiseaux,Bilinmiyor,45.9922778,5.02619444,,Public,0
197299,Volvo Villefranche sur Saône,Bilinmiyor,45.991161,4.74331,,Public,0
197298,VILLEFRANCHE-SUR-SAONE - SAINT EXUPERY,Izivia (Sodetrel),45.990444,4.708909,,Public,0
197297,GLEIZE - PARKING DU RY,Izivia (Sodetrel),45.988154,4.696621,,Public,0
197296,VILLEFRANCHE-SUR-SAONE - PARKING GARE,Izivia (Sodetrel),45.985401,4.720659,,Public,0
197295,RSE01 - Pulse22WL - Lapeyrouse - Etang Quinson,Bilinmiyor,45.9836944,4.9733888,,Public,0
197294,AMBOTEL,Bilinmiyor,45.98177,5.3499,,Public,0
197293,Peugeot Amplepuis,Bilinmiyor,45.98139,4.326481,,Public,0
197292,LAGUNE SUD DRC,Bilinmiyor,45.979448,4.7421819,,Public,0
197291,"Charvonnex, RD 1203",Bilinmiyor,45.97767,6.164,,Public,0
197290,STATION MICHEL AULAS,Bilinmiyor,45.975531,4.716682,,Public,0
197289,RSE01 - Pulse22WL - Sainte Euphemie - Rue de la Mairie (300),Bilinmiyor,45.9723889,4.79597194,,Public,0
197288,RSE01 - Pulse22WL - Rance - Terrain de Jeux,Bilinmiyor,45.9673611,4.86708333,,Public,0
197287,RSE01 - Pulse22WL - Toussieux - Salle des fêtes,Bilinmiyor,45.9602222,4.822166,,Public,0
197286,SIEG63 - ePremium - Puy Guillaume - Jaures,Bilinmiyor,45.959944,3.47442,,Public,0
197285,RSE01 - Pulse22WL - Monthieux - Ecoles,Bilinmiyor,45.9575556,4.94088888,,Public,0
197284,Ford Sallanches,Bilinmiyor,45.957456,6.633398,,Public,0
197283,AUBUSSON,Bilinmiyor,45.95685385044865,2.1752391966838003,,Public,0
197282,BOURGANEUF,Bilinmiyor,45.954984,1.757261,,Public,0
197281,INTERMARCHE ROCHEFORT,Izivia (Sodetrel),45.954433,-0.976783,,Public,0
197280,RSE01 - Pulse22WL - St Jean de Thurigneux - Route d Ambérieux en Dombes (10),Bilinmiyor,45.9512778,4.88247222,,Public,0
197279,"Villaz, Mairie",Bilinmiyor,45.9509,6.1907,,Public,0
197278,ByMyCar Peugeot Sallanches,Bilinmiyor,45.950138,6.633747,,Public,0
197277,CHATEAU DE MEMANAT,Bilinmiyor,45.95,1.93,,Public,0
197276,SAINT JEAN DANGELY - FAUBOURG DAUNIS,Izivia (Sodetrel),45.948627,-0.529733,,Public,0
197275,RSE01 - Pulse22WL - St Marcel - Route de Lyon (70),Bilinmiyor,45.9481389,4.98519444,,Public,0
197274,"Argonay, Pace Arthur Lavy",Bilinmiyor,45.9450798,6.138729095,,Public - Pay At Location,0
197273,ROCHEFORT - AVENUE MARCEL DASSAULT,Izivia (Sodetrel),45.944355,-0.96002,,Public,0
197272,Parking de la concession,Bilinmiyor,45.943375,6.072494,,Bilinmiyor,0
197271,ROCHEFORT - AV CAMILLE PELLETAN LES THERMES,Izivia (Sodetrel),45.94209,-0.962153,,Public,0
197270,SAINT PIERRE DOLERON - RUE DE LA BOULINE PLACE GAMBETTA,Izivia (Sodetrel),45.941801,-1.30677,,Public,0
197269,SAINT JEAN DANGELY - AV ARISTIDE BRIAND,Izivia (Sodetrel),45.940547,-0.510211,,Public,0
197268,Poisson,Bilinmiyor,45.9382163,6.1297086,,Public,0
197267,ANSE - MAIRIE-AVENUE DE BRIANNE,Izivia (Sodetrel),45.935984,4.717011,,Public,0
197266,ROCHEFORT - PARKING DE LA GALISSONIERE,Izivia (Sodetrel),45.934373,-0.958623,,Public,0
197265,Pre de Math Annecy,Bilinmiyor,45.931379,6.16666,,Public,0
197264,"Sallanches, Parking du Centre Aquatique",Bilinmiyor,45.93089,6.646246,,Public,0
197263,Volvo Annecy,Bilinmiyor,45.924463,6.087058,,Public,0
197262,VAL DOINGT- PARKING DES TOURRIERES,Izivia (Sodetrel),45.922797,4.584769,,Public,0
197261,VAL d'OINGT,Freshmile,45.9221544,4.5801292,,Public,0
197260,Parking Hôtel Ile de Lumière,Bilinmiyor,45.921,-1.33876,,Public,0
197259,RSE01 - Pulse22WL - Civrieux - Place du Village,Bilinmiyor,45.9208333,4.88238888,,Public,0
197258,SIEG63 - ePremium - Chatel Guyon - Europe,Bilinmiyor,45.919709,3.072574,,Public,0
197257,Parking de l'Intermarch,Bilinmiyor,45.914509,5.192363,,Public - Pay At Location,0
197256,LEGNY - PARKING RD 338,Izivia (Sodetrel),45.90671,4.573959,,Public,0
197255,DLM ANNECY,Bilinmiyor,45.9008173,6.1177565,,Public,0
197254,MORANCE - PARKING ABRI BUS,Izivia (Sodetrel),45.898624,4.700996,,Public,0
197253,ECHILLAIS - PLACE DE LEUROPE RUE DE LEGLISE,Izivia (Sodetrel),45.898288,-0.955017,,Public,0
197252,carre_creation,Bilinmiyor,45.898164,4.820381,,Public,0
197251,GDH / BORNE 1,ChargePoint,45.896193648458755,6.771173851245207,,Public - Pay At Location,0
197250,SIEG63 - ePremium - Riom - Reynouard,Bilinmiyor,45.89586,3.111787,,Public,0
197249,RSE01 - Pulse22WL - Mionnay - Rue Principale (90),Bilinmiyor,45.8955833,4.93033333,,Public,0
197248,Avomarks,Bilinmiyor,45.89067,6.07568,,Public,0
197247,SIEG63 - ePremium - Riom - Jeanne D Arc,Bilinmiyor,45.890311,3.114279,,Public,0
197246,Bmw Limoges,Bilinmiyor,45.889783,1.273626,,Public,0
197245,LES CHERES - PARKING CENTRE-VILLE,Izivia (Sodetrel),45.889597,4.743134,,Public,0
197244,Garage du Colombier - 22 kW AC,Bilinmiyor,45.888625,6.313301,,Public - Pay At Location,0
197243,ByMyCar Opel Annecy,Bilinmiyor,45.888382,6.105256,,Public,0
197242,SIEG63 - ePremium - Riom - Cornet,Bilinmiyor,45.887632,3.118337,,Public,0
197241,LE CHATEAU DOLERON - PLACE DE LA REPUBLIQUE,Izivia (Sodetrel),45.886536,-1.194709,,Public,0
197240,Ford Annecy,Bilinmiyor,45.885354,6.099967,,Public,0
197239,SGM01 - MENDILLONNE,Izivia (Sodetrel),45.88337,4.803614,,Public,0
197238,MOT01 - RUE DES MAURES,Izivia (Sodetrel),45.880164,4.862851,,Public,0
197237,NEU01 - CENTRE,Izivia (Sodetrel),45.877467,4.838506,,Public,0
197236,CHAZAY DAZERGUES - VARENNES,Izivia (Sodetrel),45.877443,4.711515,,Public,0
197235,SAINT SAVINIEN - PLACE DE LA GARE,Izivia (Sodetrel),45.876197,-0.678354,,Public,0
197234,RSE01 - Pulse22WL - Tramoyes - Quai Marquis Sallmard (89),Bilinmiyor,45.8751389,4.9651111,,Public,0
197233,Relais Du Destin,Bilinmiyor,45.87444305419922,5.365912914276123,,Public,0
197232,MARCILLY-DAZERGUES - PARKING RESTAURANT SCOLAIRE,Izivia (Sodetrel),45.871845,4.728839,,Public,0
197231,SIEG63 - ePremium - Volvic - Centre historique,Bilinmiyor,45.87167589,3.04223102,,Public,0
197230,MATHA - PLACE DU CHATEAU DEAU,Izivia (Sodetrel),45.869989,-0.31735,,Public,0
197229,SIEG63 - ePremium - Monnerie le Montel - D2089,Bilinmiyor,45.869206,3.605907,,Public,0
197228,"Sevrier, Chemin de la Tournette",Bilinmiyor,45.8646,6.14032,,Public,0
197227,ALY01 - CENTRE-BOURG,Izivia (Sodetrel),45.864387,4.831712,,Public,0
197226,FLS01 - CENTRE-BOURG,Izivia (Sodetrel),45.862377,4.84524,,Public,0
197225,BEURLAY - PLACE DE LA MAIRIE,Izivia (Sodetrel),45.8611,-0.838119,,Public,0
197224,CIVRIEUX-DAZERGUES - RUE DE LA MAIRIE,Izivia (Sodetrel),45.858566,4.712088,,Public,0
197223,SIEG63 - ePremium - Celles Sur Durolle - Huit Mai,Bilinmiyor,45.858319,3.634941,,Public,0
197222,SIEG63 - ePremium - Thiers - Duchasseint,Bilinmiyor,45.85712,3.548463,,Public,0
197221,SIEG63 - ePremium - Thiers - Forest,Bilinmiyor,45.855276,3.546405,,Public,0
197220,LOZANNE - PARKING MAIRIE,Izivia (Sodetrel),45.855128,4.68011,,Public,0
197219,SIEG63 - ePremium - Saint Beauzire - Pont Neuf,Bilinmiyor,45.853508,3.182581,,Public,0
197218,Montluel - ePremium - Montluel - Portelle,Bilinmiyor,45.853183,5.058237,,Public,0
197217,BULLY - TARDIVIERE,Izivia (Sodetrel),45.852788,4.584402,,Public,0
197216,CAF01 - MAIRIE,Izivia (Sodetrel),45.852635,4.872527,,Public,0
197215,SIEG63 - ePremium - Chateaugay - Gaulle,Bilinmiyor,45.849755,3.084515,,Public,0
197214,SIEG63 - ePremium - Saint Ours - Eglise,Bilinmiyor,45.848914,2.893512,,Public,2
197213,CZM01 - RUE GABRIEL PERI,Izivia (Sodetrel),45.84807,4.83156,,Public,0
197212,SIEG63 - ePremium - Thiers - Sports,Bilinmiyor,45.845524,3.521339,,Public,0
197211,FSM01 - CENTRE-BOURG,Izivia (Sodetrel),45.844635,4.854293,,Public,0
197210,BOIS DIEU LES LYS 8,Bilinmiyor,45.8414,4.7352,,Public,0
197209,ROS01 - MAIRIE - QUAI PIERRE DUPONT,Izivia (Sodetrel),45.840823,4.834654,,Public,0
197208,ROYERE DE VASSIVIERE,Bilinmiyor,45.839515,1.911452,,Public,0
197207,SIEG63 - ePremium - Bromon Lamothe - Combrailles,Bilinmiyor,45.83819275471231,2.8193097364662663,,Public,2
197206,DOMMARTIN - LA FERME DU PROST,Izivia (Sodetrel),45.836536,4.714179,,Public,0
197205,Sea Bubbles,Bilinmiyor,45.8358484,6.1802348,,Public,0
197204,Beynost - ePremium - Beynost - Place Dombes,Bilinmiyor,45.835605,4.999213,,Public,0
197203,FOS01 - MAIRIE DE FONTAINES,Izivia (Sodetrel),45.835363,4.844746,,Public,0
197202,DOMMARTIN - PARKING MAIRIE,Izivia (Sodetrel),45.834577,4.71428,,Public,0
197201,SIEG63 - ePremium - Cebazat - Grillon,Bilinmiyor,45.829498,3.098991,,Public,0
197200,SIEG63 - ePremium - Lezoux - Lopick,Bilinmiyor,45.828258,3.3785739,,Public,0
197199,SIEG63 - ePremium - Blanzat - Primeveres,Bilinmiyor,45.827998,3.078451,,Public,0
197198,"Duingt, Place de l'église",Bilinmiyor,45.827454,6.202025,,Public,0
197197,SIEG63 - ePremium - Gerzat - Vigeries,Bilinmiyor,45.825378,3.144055,,Public,0
197196,FrancePareBrise_Lyon,Bilinmiyor,45.822894,4.902305,,Public,0
197195,DARDILLY PORTES LYON,Bilinmiyor,45.82178,4.76237,,Public,0
197194,RIL01 - FLEURY SALIGNAT,Izivia (Sodetrel),45.821754,4.89595,,Public,0
197193,DARDILLY PORTE DE LYON,Bilinmiyor,45.82169,4.762575,,Public,0
197192,FOS02 - MARRONNIERS,Izivia (Sodetrel),45.82162,4.863155,,Public,0
197191,CHASSENEUIL SUR BONNIEURE - PARKING DES TILLEULS,Izivia (Sodetrel),45.820853,0.447453,,Public,0
197190,HOTEL LYON EST,Bilinmiyor,45.819755,4.988044,,Public,0
197189,LENTILLY - PARKING EGLISE,Izivia (Sodetrel),45.819686,4.661321,,Public,0
197188,INTERMARCHE GERZAT,Izivia (Sodetrel),45.819579,3.14912,,Public,0
197187,Domaine Tesseron,Bilinmiyor,45.81890347412459,-0.3987681673214218,,Public,0
197186,"Balbigny, Place de Verdun",Bilinmiyor,45.81856,4.18384,,Public,0
197185,Volvo Limoges,Bilinmiyor,45.818391,1.287816,,Public,0
197184,RIL02 - MARIA CASARES,Izivia (Sodetrel),45.817578,4.900704,,Public,0
197183,ECOYEUX - RUE DES ARTISANS,Izivia (Sodetrel),45.817534,-0.505448,,Public,0
197182,LIM01 - ZAC DU PUY DOR,Izivia (Sodetrel),45.816332,4.771318,,Public,0
197181,LTS01 - PLACE DE LA MAIRIE,Izivia (Sodetrel),45.814521,4.716219,,Public,0
197180,Pétavit -Rillieux-la-Pape,Bilinmiyor,45.814385,4.879498,,Public,0
197179,"Montalieu-Vercieu, Rue du Besset",Bilinmiyor,45.81437,5.404874,,Public,0
197178,SIEG63 - ePremium - Clermont Ferrand - Clementel,(Unknown Operator),45.810183,3.10959,CLERMONT-FERRAND,Public,0
197177,DLM DARDILLY,Bilinmiyor,45.8100136,4.7644623,,Public,0
197176,SDM01 - CENTRE-BOURG,Izivia (Sodetrel),45.809992,4.798111,,Public,0
197175,SIEG63 - ePremium - Nohanent - Durtol,Bilinmiyor,45.808796,3.055715,,Public,0
197174,LIMONEST,Bilinmiyor,45.80878,4.7788302,,Public,0
197173,Darty - Limonest,Bilinmiyor,45.806599,4.77949,,Public,0
197172,RIL03 - ROUTE DE GENEVE,Izivia (Sodetrel),45.804627,4.884058,,Public,0
197171,SEPRIC Champagne Mont d'Or,Easy4You,45.803822,4.781187,,Public,0
197170,SIEG63 - ePremium - Giat - Hotel de Ville,Bilinmiyor,45.802692,2.468026,,Public,0
197169,Pia Green,VIRTA,45.80245775,4.7847036,,Public,0
197168,JONS - PARKING MAIRIE,Izivia (Sodetrel),45.801292,5.083837,,Public,0
197167,Station Ax'Stone,Bilinmiyor,45.7999825,4.8071364,,Public,0
197166,SIEG63 - ePremium - Pont Du Chateau - Chambige,Bilinmiyor,45.79836,3.248129,,Public,0
197165,St Didier,Bilinmiyor,45.7981775,4.8076714,,Public,0
197164,CAL05 - HOTEL DE VILLE - RADIANT,Izivia (Sodetrel),45.797818,4.84435,,Public,0
197163,SIEG63 - ePremium - Durtol - Chataigniers,Bilinmiyor,45.795907,3.050666,,Public,0
197162,SIEG63 - ePremium - Aulnat - Coubertin,Bilinmiyor,45.795585,3.168743,,Public,0
197161,JOG01 - BOULEVARD LOUIS PRADEL,Izivia (Sodetrel),45.795544,5.048532,,Public,0
197160,CAL03 - MONTESSUY - GUTENBERG,Izivia (Sodetrel),45.794353,4.849492,,Public,0
197159,SIEG63 - ePremium - Clermont Ferrand - Rodade,Bilinmiyor,45.79353,3.108089,,Public,0
197158,MONTROTTIER - PLACE DE LA DIME,Izivia (Sodetrel),45.791375,4.466701,,Public,0
197157,LY903 - INDUSTRIE,Izivia (Sodetrel),45.788793,4.814177,,Public,0
197156,CAL06 - SAINT  CLAIR,Izivia (Sodetrel),45.788587,4.854637,,Public,0
197155,CAL02 - CUIRE - RUE COSTE,Izivia (Sodetrel),45.78694,4.834116,,Public,0
197154,LY902 - AVENUE ROSA PARKS,Izivia (Sodetrel),45.786734,4.789977,,Public,0
197153,LY904 - ANDREI SAKHAROV,Izivia (Sodetrel),45.786609,4.797656,,Public,0
197152,MCY01 - LACROIX-LAVAL,Izivia (Sodetrel),45.786008,4.715171,,Public,0
197151,VAV03 - EGLISE DU VILLAGE,Izivia (Sodetrel),45.78576,4.928949,,Public,0
197150,SIEG63 - ePremium - Clermont Ferrand - République,Bilinmiyor,45.785758,3.10163,,Public,0
197149,SIEG63 - ePremium - Clermont Ferrand - Bughes,Bilinmiyor,45.78558,3.085003,,Public,0
197148,CHB01 - PLACE MARSONNAT,Izivia (Sodetrel),45.785288,4.734441,,Public,0
197147,SIEG63 - ePremium - Orcines - Liberté,Bilinmiyor,45.784302,3.012437,,Public,2
197146,ECY01 - CAMPUS LYON OUEST,Izivia (Sodetrel),45.784019,4.765806,,Public,0
197145,ECY02 - CENTRE SPORTIF,Izivia (Sodetrel),45.78257,4.78582,,Public,0
197144,VIL12 - INSA - EINSTEIN,Izivia (Sodetrel),45.782509,4.879203,,Public,0
197143,SIEG63 - ePremium - Clermont Ferrand - Fayolle,Bilinmiyor,45.781253,3.078341,,Public,0
197142,Le Relais Des Puys | Orcines,Bilinmiyor,45.78,3.02225,,Public,0
197141,Parking de la concession,Bilinmiyor,45.779537,3.127472,,Public - Pay At Location,0
197140,Parking de la Concession,Bilinmiyor,45.779459,3.133741,,Public - Pay At Location,0
197139,Handynamic_Lyon,Bilinmiyor,45.779445,5.02519,,Public,0
197138,VIL03 - LA DOUA,Izivia (Sodetrel),45.77919,4.873976,,Public,0
197137,VIL02 - TETE DOR - STALINGRAD,Izivia (Sodetrel),45.779157,4.859705,,Public,0
197136,SIEG63 - ePremium - Clermont Ferrand - Menat,Bilinmiyor,45.778677,3.072883,,Public,0
197135,SIEG63 - ePremium - Clermont Ferrand - Banville,Bilinmiyor,45.778448,3.105057,,Public,0
197134,GVA / VAULX,ChargePoint,45.77788890036292,4.911961947366161,,Public - Pay At Location,0
197133,VAV02 - HOTEL DE VILLE,Izivia (Sodetrel),45.777519,4.919892,,Public,0
197132,MONTEMBOEUF - PLACE LAURENT PRAT,Izivia (Sodetrel),45.777496,0.551885,,Public,0
197131,LY404 - BOULEVARD DES CANUTS,Izivia (Sodetrel),45.777419,4.828562,,Public,0
197130,LY901 - TISSOT - BOURGOGNE,Izivia (Sodetrel),45.777167,4.804307,,Public,0
197129,SIEG63 - ePremium - Chamalieres - Fournier,Bilinmiyor,45.776503,3.068955,,Public,0
197128,LY905 - MARIETTON,Izivia (Sodetrel),45.776037,4.800152,,Public,0
197127,LY402 - RUE BONY,Izivia (Sodetrel),45.775426,4.819801,,Public,0
197126,VIL16 - CHAPLIN - STALINGRAD,Izivia (Sodetrel),45.774643,4.859324,,Public,0
197125,GVA / ECULLY AC,ChargePoint,45.774271302143916,4.792897525131235,,Public - Pay At Location,0
197124,VIL06 - WILSON - TONKIN,Izivia (Sodetrel),45.774074,4.86727,,Public,0
197122,Mairie Burie,Bilinmiyor,45.77393371624896,-0.4212213179604373,,Public,0
197121,Parking de la Concession,Bilinmiyor,45.773431,4.9805143,,Public - Pay At Location,0
197120,LY401 - QUAI JOSEPH GILLET,Izivia (Sodetrel),45.773218,4.81272,,Public,0
197119,LY607 - MONTGOLFIER,Izivia (Sodetrel),45.772218,4.853004,,Public,0
197118,DEC02 - ESPLANADE,Izivia (Sodetrel),45.772192,4.976542,,Public,0
197117,LY103 - ORNANO - CHARTREUX,Izivia (Sodetrel),45.771705,4.82572,,Public,0
197116,LY606 - BOILEAU - MONTGOLFIER,Izivia (Sodetrel),45.771588,4.84858,,Public,0
197115,Mercure - Villeurbanne Charpennes,Bilinmiyor,45.771057,4.863347,,Public,0
197114,VIL05 - GRATTE-CIEL - BRANLY,Izivia (Sodetrel),45.770826,4.881616,,Public,0
197113,REGENS PARC,Bilinmiyor,45.77081931,3.077155298,,Public,0
197112,DLM LYON EST,Bilinmiyor,45.7707093,5.0276404,,Public,0
197111,SacreCoeur_Ecully,Bilinmiyor,45.7704641,4.7730982,,Public,0
197110,JOG02 - ZI MEYZIEU-JONAGE,Izivia (Sodetrel),45.770299,5.035817,,Public,0
197109,LM - Tassin (magasin 117),Bilinmiyor,45.7696,4.78698,,Public,0
197108,LA TREMBLADE - PLACE JEAN NOEL DE LIPKOWSKI,Izivia (Sodetrel),45.768927,-1.142896,,Public,0
197107,VIL07 - FLACHET,Izivia (Sodetrel),45.768693,4.88884,,Public,0
197106,SIEG63 - ePremium - Lempdes - Verny,Bilinmiyor,45.768058,3.197113,,Public,0
197105,LY603 - BROTTEAUX,Izivia (Sodetrel),45.767701,4.858266,,Public,0
197104,Sorofi_Villeurbanne,Bilinmiyor,45.767264,4.892459,,Public,0
197103,MEY03 - CENTRE,Izivia (Sodetrel),45.767058,5.003734,,Public,0
197102,SIEG63 - ePremium - Royat - Allard,Bilinmiyor,45.766472,3.055876,,Public,0
197101,LY601 - GARIBALDI - BUGEAUD,Izivia (Sodetrel),45.766396,4.85112,,Public,0
197100,LY602 - EDGAR QUINET,Izivia (Sodetrel),45.7661,4.84453,,Public,0
197099,Parking du Netto,Bilinmiyor,45.765805,5.0747381,,Public - Pay At Location,0
197098,LY501 - VIEUX- LYON - SAINT-PAUL,Izivia (Sodetrel),45.765606,4.828203,,Public,0
197097,TDL04 - STADE DU SAUZE,Izivia (Sodetrel),45.765054,4.755318,,Public,0
197096,SAINT CESAIRE - LES BUJOLIERS LAC,Izivia (Sodetrel),45.764361,-0.496067,,Public,0
197095,Hutt_Lyon,Bilinmiyor,45.763533,4.729194,,Public,0
197094,LY304 - DUGUESCLIN - LES HALLES,Izivia (Sodetrel),45.763361,4.848397,,Public,0
197093,VIL09 - TOTEM,Izivia (Sodetrel),45.763164,4.874061,,Public,0
197092,LY302 - LIBERTE,Izivia (Sodetrel),45.762921,4.841962,,Public,0
197091,LY309 - PATINOIRE BARABAN,Izivia (Sodetrel),45.762465,4.868584,,Public,0
197090,TDL02 - HOTEL DE VILLE,Izivia (Sodetrel),45.760804,4.778237,,Public,0
197089,SIEG63 - ePremium - Clermont Ferrand - Dunant,Bilinmiyor,45.760472,3.088685,,Public,0
197088,VIL13 - GRANDCLEMENT,Izivia (Sodetrel),45.760216,4.888936,,Public,0
197087,PARKING,Bilinmiyor,45.76011619906451,1.3003961423287695,,Public,0
197086,LY303 - SAXE - PLACE GUICHARD,Izivia (Sodetrel),45.758995,4.845828,,Public,0
197085,LY320 - PART-DIEU EST,Izivia (Sodetrel),45.758517,4.863127,,Public,0
197084,DLM LYON,Bilinmiyor,45.7582275,4.8523063,,Public,0
197083,"ZAC DES VARENNES EST, AVENUE LAVOISIER, Campa",Qovoltis,45.75775,3.14186,,Public,0
197082,LY314 - PAUL BERT -  GARIBALDI,Izivia (Sodetrel),45.757006,4.851691,,Public,0
197081,LY315 - AVENUE LACASSAGNE,Izivia (Sodetrel),45.756307,4.863521,,Public,0
197080,LY503 - POINT DU JOUR,Izivia (Sodetrel),45.756093,4.801467,,Public,0
197079,LY201 - ANTOINE VOLLON,Izivia (Sodetrel),45.755746,4.827657,,Public,0
197078,SIEG63 - ePremium - Courpiere - Roses,Bilinmiyor,45.755722,3.535703,,Public,0
197077,LY502 - PLACE DE LABBE LARUE,Izivia (Sodetrel),45.755467,4.819514,,Public,0
197076,GVA / F.FAURE LYON AB,ChargePoint,45.755291069953,4.8714907962786,,Public - Pay At Location,0
197075,SIEG63 - ePremium - Beaumont - Hessel,Bilinmiyor,45.754934,3.086385,,Public,0
197074,PUSIGNAN - RUE DE LEGALITE,Izivia (Sodetrel),45.75491,5.066882,,Public,0
197073,VIL15 - RECONNAISSANCE - BALZAC,Izivia (Sodetrel),45.754568,4.88493,,Public,0
197071,LY310 - ARISTIDE BRIAND,Izivia (Sodetrel),45.753338,4.849443,,Public,0
197070,LY308 - PLACE BIR-HAKEIM,Izivia (Sodetrel),45.75291,4.85484,,Public,0
197069,LY705 - QUAI CLAUDE BERNARD,Izivia (Sodetrel),45.752824,4.838031,,Public,0
197068,SIEG63 - ePremium - Beaumont - Parc,Bilinmiyor,45.75256,3.096065,,Public,0
197067,LY306 - DAUPHINE - LACASSAGNE,Izivia (Sodetrel),45.752512,4.868093,,Public,0
197066,TDL01 - ALAI - CHARLES DE GAULLE,Izivia (Sodetrel),45.751773,4.767208,,Public,0
197065,Toyota - Lexus Aubière,Bilinmiyor,45.751356,3.139686,,Public,0
197064,Mercedes Aubiere,Bilinmiyor,45.750367,3.133805,,Public,0
197063,LY701 - THIBAUDIERE,Izivia (Sodetrel),45.750243,4.845349,,Public,0
197062,LY713 - CHEVREUL,Izivia (Sodetrel),45.749838,4.836853,,Public,0
197061,LY305 - MONTCHAT - CHATEAU,Izivia (Sodetrel),45.749462,4.886463,,Public,0
197060,ALPTIS 25CAT / PARC 37 38,ChargePoint,45.74851001512157,4.862591457554524,,Public - Pay At Location,0
197059,LY311 - PINEL - HOPITAUX EST,Izivia (Sodetrel),45.7483,4.896494,,Public,0
197058,Leclerc Saintes | Saintes,Bilinmiyor,45.7483,-0.677424,,Public,0
197057,SIEG63 - ePremium - Aubière - Romagnat,Bilinmiyor,45.747517,3.109378,,Public,0
197056,DEC03 - EUREXPO - SEPT CHEMINS,Izivia (Sodetrel),45.74728,4.936937,,Public,0
197055,Hotel Ibis Saintes,VIRTA,45.74696553,-0.67005506,,Public,0
197054,BRN05 - HOPITAUX EST,Izivia (Sodetrel),45.746765,4.904544,,Public,0
197053,LY205 - PERRACHE SUD,Izivia (Sodetrel),45.746524,4.82456,,Public,0
197051,STATION CIEL,Bilinmiyor,45.745946211701884,4.926622543415475,,Public,0
197050,LY710 - SERGENT BLANDAN,Izivia (Sodetrel),45.745548,4.851272,,Public,0
197049,LY704 - QUARTIER GENERAL FRERE,Izivia (Sodetrel),45.743645,4.83371,,Public,0
197048,LY808 - GRANGE BLANCHE - BULLUKIAN,Izivia (Sodetrel),45.742985,4.875958,,Public,0
197047,LY206 - DENUZIERE - CONFLUENCE,Izivia (Sodetrel),45.742484,4.817802,,Public,0
197046,LY806 - BERLIET - EPARGNE,Izivia (Sodetrel),45.742073,4.860316,,Public,0
197045,SFL02 - JARROSSON,Izivia (Sodetrel),45.74192,4.797609,,Public,0
197044,Kia Saintes,Bilinmiyor,45.741218,-0.655626,,Public,0
197043,SIEG63 - ePremium - Pérignat les Sarliève - République,Bilinmiyor,45.740944,3.139562,,Public,0
197042,CORME ROYAL - RESIDENCE DES ORMEAUX,Izivia (Sodetrel),45.740856,-0.813299,,Public,0
197041,Kia Saintes,Bilinmiyor,45.740379,-0.655607,,Public,0
197040,SIEG63 - ePremium - Ceyrat - Vialle,Bilinmiyor,45.740132,3.060289,,Public,0
197039,SAINT-LAURENT-DE-CHAMOUSSET - PARKING DU CENTRE 2000,Izivia (Sodetrel),45.739716,4.463119,,Public,0
197038,NF078069 - RelaisLes Brondillants,Bilinmiyor,45.739564,4.905291,,Public,0
197037,FRC01 - PLACE DE LEUROPE,Izivia (Sodetrel),45.738293,4.773797,,Public,0
197036,GENAS - PARKING ROYBET-MINJAT,Izivia (Sodetrel),45.73785,5.015578,,Public,0
197035,LY807 - GRAND TROU,Izivia (Sodetrel),45.737324,4.852093,,Public,0
197034,LY702 - JEAN JAURES,Izivia (Sodetrel),45.737199,4.837835,,Public,0
197033,SIGOGNE  - PARKING MAIRIE,Izivia (Sodetrel),45.737022,-0.158672,,Public,0
197032,VAUX ROUILLAC - PARKING SALLE DES FETES,Izivia (Sodetrel),45.736952,-0.093416,,Public,0
197031,BRN04 - CURIAL,Izivia (Sodetrel),45.736845,4.918049,,Public,0
197030,FRC02 - MAIRIE,Izivia (Sodetrel),45.735576,4.765452,,Public,0
197029,LY801 - MAISON DE LA DANSE,Izivia (Sodetrel),45.735055,4.87067,,Public,0
197028,BRN01 - HOTEL DE VILLE,Izivia (Sodetrel),45.734346,4.909035,,Public,0
197027,GENAS - RUE DE LEGALITE,Izivia (Sodetrel),45.734077,4.998177,,Public,0
197026,"Tigneu Jameyzieu, Place de Mairie",Bilinmiyor,45.73356,5.1867,,Public,0
197025,SIEG63 - ePremium - Ceyrat - Brunmurol,Bilinmiyor,45.73286,3.0646,,Public,0
197024,LY703 - HALLE TONY GARNIER,Izivia (Sodetrel),45.731668,4.826636,,Public,0
197023,SIEG63 - ePremium - Cournon D Auvergne - Domes,Bilinmiyor,45.731381,3.192872,,Public,0
197022,SIEG63 - ePremium - Romagnat - Jean Moulin,Bilinmiyor,45.731146,3.100119,,Public,0
197021,LY707 - DEBOURG,Izivia (Sodetrel),45.73064,4.835647,,Public,0
197020,BRN07 - MERMOZ-PINEL,Izivia (Sodetrel),45.730192,4.887705,,Public,0
197019,ESPACE AUTO COURNON,Bilinmiyor,45.73,3.19,,Public,0
197018,TECHNOMAT,Bilinmiyor,45.7297,5.0159,,Public,0
197017,Peugeot Feurs,Bilinmiyor,45.728222,4.224763,,Public,0
197016,LAM01 - BASTERO - CENTRE,Izivia (Sodetrel),45.727861,4.808221,,Public,0
197015,LY712 - GERLAND,Izivia (Sodetrel),45.726871,4.830579,,Public,0
197014,SIEG63 - ePremium - Billom - Cohalion,Bilinmiyor,45.726008,3.34237,,Public,0
197013,LY809 - SAINT JEAN DE DIEU,Izivia (Sodetrel),45.725868,4.853851,,Public,0
197012,SIEG63 - ePremium - Billom - Voutes,Bilinmiyor,45.724561,3.338388,,Public,0
197011,SIEG63 - ePremium - Le Cendre - Gare,Bilinmiyor,45.72339477,3.18973137,,Public,0
197010,Parking P4 électrique,Bilinmiyor,45.720859,5.074257,,Public,0
197009,SIEG63 - ePremium - Saint Genes Champanelle - Cassin,Bilinmiyor,45.720608,3.01792,,Public,0
197008,VEN07 - PARILLY - METRO,Izivia (Sodetrel),45.720002,4.888112,,Public,0
197007,Volvo Vénissieux,Bilinmiyor,45.719143,4.871656,,Public,0
197006,SPR02 - PORTE DES ALPES,Izivia (Sodetrel),45.718133,4.926708,,Public,0
197005,CHANIERS - AV CHARLES DE GAULLE,Izivia (Sodetrel),45.717543,-0.556037,,Public,0
197004,LM - Vénissieux Grand Parilly (magasin 85),Bilinmiyor,45.717511,4.878727,,Public,0
197003,GVA / VÉNISSIEUX AC1,ChargePoint,45.71716787331292,4.864522070303399,,Public - Pay At Location,0
197002,OUL03 - GARE DOULLINS,Izivia (Sodetrel),45.717164,4.814662,,Public,0
197001,GVA / VÉNISSIEUX AC2,ChargePoint,45.71702609023656,4.864548225853964,,Public - Pay At Location,0
197000,Les Charmettes - Les Mathes,Bilinmiyor,45.716782,-1.162367,,Public,0
196999,COLOMBIER-SAUGNIEU - PARKING MEDIATHEQUE,Izivia (Sodetrel),45.716651,5.126468,,Public,0
196998,VENISSIEUX,Bilinmiyor,45.716101,4.8576895,,Public,0
196997,OUL01 - FRANCISQUE JOMARD,Izivia (Sodetrel),45.715749,4.79816,,Public,0
196996,OUL02 - CENTRE,Izivia (Sodetrel),45.713032,4.806887,,Public,0
196995,COLOMBIER-SAUGNIEU - PARKING DE LA MAIRIE,Izivia (Sodetrel),45.713004,5.111309,,Public,0
196994,COLOMBIER-SAUGNIEU - PARKING DE LEGLISE,Izivia (Sodetrel),45.711155,5.112423,,Public,0
196993,67 Allée Alexandre Borodine 69800 SAINT-PRIES,Qovoltis,45.710516,4.933825,,Public,0
196992,SFS01 - CENTRE-GARE,Izivia (Sodetrel),45.706235,4.852532,,Public,0
196991,SIEG63 - ePremium - Saint Genes Champanelle - Theix,(Unknown Operator),45.70559,3.02307,,Public,0
196990,SPR04 - CITE BERLIET,Izivia (Sodetrel),45.705336,4.901374,,Public,0
196989,PARAGONMOBILITY / COR BORNE SE,ChargePoint,45.70124,4.740681,,Public - Pay At Location,0
196988,PISANY - ALLEE DES SPORTS,Izivia (Sodetrel),45.700818,-0.779485,,Public,0
196987,Bonne Anse Plage - Les Mathes,Bilinmiyor,45.697498,-1.199684,,Public,0
196986,VEN03 - VENISSY,Izivia (Sodetrel),45.696395,4.872156,,Public,0
196985,Camping La Côte Sauvage,VIRTA,45.69602222,-1.22850767,,Public,0
196984,SPR05 - MENIVAL,Izivia (Sodetrel),45.69574,4.952119,,Public,0
196983,Auberge Dupuytren,Bilinmiyor,45.695593468232566,1.3599526215855915,,Public,0
196982,SFS03 - CLOCHETTE,Izivia (Sodetrel),45.694556,4.855184,,Public,0
196981,SAINT-BONNET-DE-MURE - PLACE JOANNES MARIUS,Izivia (Sodetrel),45.69374,5.030031,,Public,0
196980,SPR06 - PARKING HENRI MARECHAL,Izivia (Sodetrel),45.692814,4.940114,,Public,0
196979,SGL01 - PARKING DU 11 NOVEMBRE 1918,Izivia (Sodetrel),45.692455,4.794226,,Public,0
196978,LES MATHES - AVENUE DU POITOU - LA PALMYRE,Izivia (Sodetrel),45.691602,-1.178706,,Public,0
196977,SPR08 - BEL AIR,Izivia (Sodetrel),45.69125,4.949094,,Public,0
196976,Volvo Angoulème,Bilinmiyor,45.689028,0.174498,,Public,0
196975,WARNING Lyon,Bilinmiyor,45.688937,5.06979,,Public,0
196974,IRY02 - GARE DYVOURS,Izivia (Sodetrel),45.688457,4.829716,,Public,0
196973,SAINT-LAURENT-DE-MURE - PARKING FOOT,Izivia (Sodetrel),45.686693,5.050034,,Public,0
196972,SIEG63 - ePremium - Rochefort Montagne - Eglise,Bilinmiyor,45.683975,2.805213,,Public,0
196971,AIRE DE LA PLAINE DU FOREZ OUEST,Izivia (Sodetrel),45.682211,4.154907,,Public,0
196970,JARNAC  - PLACE JEAN JAURES,Izivia (Sodetrel),45.681636,-0.174088,,Public,0
196969,Parking GEESINKNORBA,Bilinmiyor,45.681247,4.954613,,Public - Pay At Location,0
196968,Parking SMI,Bilinmiyor,45.68,4.9,,Public,0
196967,MIS02 - ROCADE EST - D318,Izivia (Sodetrel),45.679845,4.957432,,Public,0
196966,Be Câblé - Raption 100 - Brignais - Industrie,Bilinmiyor,45.67892728,4.77616501,,Public,0
196965,RUELLE SUR TOUVRE- PLACE AUGUSTE ROYER,Izivia (Sodetrel),45.678441,0.228827,,Public,0
196964,"Albertville, Parking Place de L'église",Bilinmiyor,45.67794,6.39107,,Public - Pay At Location,0
196963,CRIS HOTEL,Bilinmiyor,45.67729,4.91875,,Public,0
196962,"Albertville, Pkg des sœurs, Rue Claude Genoux",Bilinmiyor,45.677082,6.388156,,Public - Pay At Location,0
196961,SOUCIEU-EN-JARREST - PARKING LA FLETTE,Izivia (Sodetrel),45.676796,4.701152,,Public,0
196960,"Albertville, Parking Place du Théatre",Bilinmiyor,45.676146,6.390545,,Public - Pay At Location,0
196959,"Albertville, Commissariat, Rue Jacques Porraz",Bilinmiyor,45.674221,6.391256,,Public - Pay At Location,0
196958,aqua loisirs,Bilinmiyor,45.67,5.49,,Public,0
196957,SAUJON - PARKING GARE SNCF,Izivia (Sodetrel),45.666839,-0.929732,,Public,0
196956,SIEG63 - ePremium - Aydat - Egueules,Bilinmiyor,45.666658,2.981373,,Public,2
196955,FEZ01 - LES RAZES,Izivia (Sodetrel),45.666275,4.850108,,Public,0
196954,Manuchar 1,Bilinmiyor,45.66573707254592,0.1783557363561291,,Public,0
196953,ByMyCar Opel Albertville,Bilinmiyor,45.6633,6.39323,,Public,0
196952,SIEG63 - ePremium - Vic le Comte - Gare,Bilinmiyor,45.663033,3.207466,,Public,0
196951,LISLE DESPAGNAC - PARKING RUE ANATOLE FRANCE,Izivia (Sodetrel),45.662282,0.197387,,Public,0
196950,Ford Albertville,Bilinmiyor,45.661877,6.388653,,Public,0
196949,SAINT-MARTIN-EN-HAUT - PARKING CHEMIN DU PARC,Izivia (Sodetrel),45.657817,4.563659,,Public,0
196948,"Le Bourget-Du-Lac, Boulevard du lac",Bilinmiyor,45.65551,5.859653,,Public - Pay At Location,0
196947,TOUSSIEU - PLACE DE LA MAIRIE,Izivia (Sodetrel),45.654184,4.985571,,Public,0
196946,CHY01 - PARKING MALPAS,Izivia (Sodetrel),45.652114,4.795381,,Public,0
196945,Prélodis Chaponnay,Bilinmiyor,45.651402,4.931266,,Public,0
196944,Salle d'Activité,Bilinmiyor,45.649438783139665,-0.8102565057215653,,Public,0
196943,"Le Bourget-Du-Lac, Rue des Ecoles",Bilinmiyor,45.64881,5.85806,,Public - Pay At Location,0
196942,VER01 - ROUTE DE LYON,Izivia (Sodetrel),45.648403,4.812139,,Public,0
196941,SIEG63 - ePremium - Saint Julien Puy Laveze - Laqueuille,Bilinmiyor,45.646964,2.705102,,Public,0
196940,Parking de l'Intermarch,Bilinmiyor,45.646849,-1.051683,,Public - Pay At Location,0
196939,SAINT-PIERRE-DE-CHANDIEU - PLACE CHARLES DE GAULLE,Izivia (Sodetrel),45.644385,5.010678,,Public,0
196938,SAINT MEME LES CARRIERES - ROUTE DE LA GARE,Izivia (Sodetrel),45.644203,-0.142347,,Public,0
196937,SAINT-LAURENT-DAGNY - PARKING JONAN,Izivia (Sodetrel),45.639919,4.685948,,Public,0
196936,SOL01 - MAIRIE,Izivia (Sodetrel),45.639385,4.842062,,Public,0
196935,Maison de Santé,Bilinmiyor,45.63648835730188,-0.6519199081168063,,Public,0
196934,SAINT-SYMPHORIEN-SUR-COISE - PLACE DE VERDUN,Izivia (Sodetrel),45.633003,4.456113,,Public,0
196933,"Heyrieux, Avenue du Général de Gaulle",Bilinmiyor,45.630879,5.063892,,Public - Pay At Location,0
196932,SARL LES BAINS DE ROYAN,Bilinmiyor,45.63,-1.0,,Public,0
196931,SEREZIN-DU-RHONE - PARKING ESPACE JEAN MONNET,Izivia (Sodetrel),45.628326,4.82279,,Public,0
196930,CHAPONNAY - PARKING 19 MARS 1962,Izivia (Sodetrel),45.627002,4.935313,,Public,0
196929,ROYAN - BD GEORGES CLEMENCEAU GARE,Izivia (Sodetrel),45.62523,-1.018217,,Public,0
196928,NERSAC - PARKING RUE DE LISLE DESPAGNAC,Izivia (Sodetrel),45.624888,0.049567,,Public,0
196927,SIEG63 - ePremium - Montpeyroux - Parking Entree,Bilinmiyor,45.6245733,3.2003302,,Public,0
196926,GARAT - PARKING SAINTE-CATHERINE,Izivia (Sodetrel),45.622856,0.250935,,Public,0
196925,SIMANDRES - PARKING CANTINE SCOLAIRE,Izivia (Sodetrel),45.621003,4.871368,,Public,0
196924,MORNANT - PARKING DU SOUVENIR,Izivia (Sodetrel),45.620682,4.673493,,Public,0
196923,ROYAN - AVENUE DES CONGRES,Izivia (Sodetrel),45.620421,-1.033112,,Public,0
196922,MARENNES - PLACE DU CHAMP DE MARS,Izivia (Sodetrel),45.619856,4.91325,,Public,0
196921,Ford Voglans,Bilinmiyor,45.617901,5.885873,,Public,0
196920,Villefontaine - Théâtre du Vellein,eborn,45.61784704501994,5.145635256982132,VILLEFONTAINE,Public,2
196919,Parking de l'Intermarch,Bilinmiyor,45.615872,4.769241,,Public - Pay At Location,0
196918,SIEG63 - ePremium - Parent - Gare,Bilinmiyor,45.61447849,3.21635011,,Public,0
196917,AIRE DE SAINT LEGER OUEST,Izivia (Sodetrel),45.6117,-0.6026,,Public,0
196916,Parking de la concession,Bilinmiyor,45.610414,5.8879,,Bilinmiyor,0
196915,ByMyCar Opel Chambery,Bilinmiyor,45.607101,5.8874,,Public,0
196914,CHATEAUNEUF SUR CHARENTE - PLACE DU VIEUX MARCHE,Izivia (Sodetrel),45.600461,-0.057746,,Public,0
196913,CHATEAUNEUF SUR CHARENTE - PARKING DE LA PAIX,Izivia (Sodetrel),45.599658,-0.053886,,Public,0
196912,CHATEAUNEUF SUR CHARENTE - PLACE DE LA GARE,Izivia (Sodetrel),45.599652,-0.050373,,Public,0
196911,"La Motte-Servolex, Rue des Allobroges",Bilinmiyor,45.596798,5.875031,,Public,0
196909,"Bourgoin Jallieu, 14 Rue Maréchal Foch",Bilinmiyor,45.5937983,5.2770589,,Public - Pay At Location,0
196908,"La Motte Servolex, Borne parking SDES, 1 rue de la",Bilinmiyor,45.592874,5.887285,,Public,0
196907,Bmw Bourgoin-jallieu,Bilinmiyor,45.592118,5.24938,,Public,0
196906,Parking de la concession,Bilinmiyor,45.591954,5.243401,,Bilinmiyor,0
196905,Decathlon - Bourgoin-Jallieu,(Unknown Operator),45.59151068010411,5.24703411765654,,Public,0
196904,"Bourgoin Jallieu, Place du champ de Mars",eborn,45.59067487046147,5.278744669842354,Bourgoin-Jallieu,Public - Pay At Location,2
196903,SIEG63 - ePremium - Champeix - Place du Foirail,Bilinmiyor,45.5896077,3.1293519,,Public,0
196902,"Chambery, Rue d'Anjou",Bilinmiyor,45.588654,5.916712,,Public - Pay At Location,0
196901,GVA / B.-JALLIEU DC,ChargePoint,45.58641034551143,5.259497953833008,,Public - Pay At Location,0
196900,VOEUIL ET GIGET - ROUTE DE TORSAC,Izivia (Sodetrel),45.585627,0.154645,,Public,0
196899,"Bourgoin Jallieu, Pkg Medicis. 23 ,Avenue d'Italie",Bilinmiyor,45.5846762,5.2782731,,Public,0
196898,Parking de l'Intermarch,Bilinmiyor,45.584002,4.302518,,Public - Pay At Location,0
196897,GIV01 - PARKING PREVERT,Izivia (Sodetrel),45.583926,4.768391,,Public,0
196896,CHAMBERET - ROUTE DES MONEDIERES,Izivia (Sodetrel),45.581782,1.72254,,Public,0
196895,Camping Le Viginet,VIRTA,45.57975404,3.00205723,,Public,0
196894,"Saint-Alban-Leysse, Place du commerce",Bilinmiyor,45.578509,5.955532,,Public - Pay At Location,0
196893,AIRE DE ROMAGNIEU,Izivia (Sodetrel),45.577675,5.630486,,Public,0
196892,"Saint-Alban-Leysse, Rte de Barby, Square de Leysse",Bilinmiyor,45.576509,5.974522,,Public,0
196891,SIEG63 - ePremium - Murol - Jassaguet,(Unknown Operator),45.572892,2.941508,,Public,2
196890,DLM CHAMBERY,Bilinmiyor,45.5725536,5.9517688,,Public,0
196889,SIEG63 - ePremium - Mont Dore - Libération,Bilinmiyor,45.57212,2.80976,,Public,0
196888,"Barby, Parking avenue des Salins",Bilinmiyor,45.572016,5.977494,,Public - Pay At Location,0
196887,"La Ravoire, Place des fées",Bilinmiyor,45.57173,5.965906,,Public - Pay At Location,0
196886,GEMOZAC - PLACE DE VERDUN,Izivia (Sodetrel),45.568583,-0.678903,,Public,0
196885,Hôtel Mercure Arc 1800,Bilinmiyor,45.5678,6.7759,,Public,0
196884,Hermès - Ateliers de Fitilieu,Bilinmiyor,45.564835,5.562664,,Public,0
196883,Volvo Chambéry,Bilinmiyor,45.564513,5.966794,,Public,0
196882,"Chambery, Rue de la République Manège",Bilinmiyor,45.564292,5.925893,,Public,0
196881,LOIRE-SUR-RHONE - PARKING DE LANCIENNE GARE,Izivia (Sodetrel),45.564159,4.80452,,Public,0
196879,SUPER GRANIER / BORNE 1,ChargePoint,45.56269194711483,5.966215754824442,,Public - Pay At Location,0
196878,"Chambery, 658 Avenue de Lyon Hôpital",Bilinmiyor,45.562052,5.911907,,Public - Pay At Location,0
196877,"Barberaz, Centre Bourg Route d'Apremont",Bilinmiyor,45.561391,5.94363,,Public - Pay At Location,0
196876,"Cognin, Rue de la Poterie",Bilinmiyor,45.560258,5.897872,,Public - Pay At Location,0
196875,SIEG63 - ePremium - Tauves - Aurlandeix,Bilinmiyor,45.559832,2.624044,,Public,0
196873,Camping Le Soleil levant,VIRTA,45.557678,-0.946211,,Public,0
196872,"Saint-Pierre-D'Albigny, Gare",Bilinmiyor,45.557526,6.156654,,Public - Pay At Location,0
196871,ECHALAS - PARKING DU GYMNASE,Izivia (Sodetrel),45.551842,4.718215,,Public,0
196870,SIEG63 - ePremium - St Floret - Mairie,Bilinmiyor,45.5500991,3.1044068,,Public,0
196869,SIEG63 - ePremium - Sauxillanges - Stade,(Unknown Operator),45.55,3.3698728,,Public,0
196868,"Challes-Les-Eaux, Rue du Dr Rochefrette Pkg. Poste",Bilinmiyor,45.54879,5.983438,,Public - Pay At Location,0
196867,SIEG63 - ePremium - Issoire - Place Montagne,(Unknown Operator),45.5461913,3.2501922,,Public,0
196866,SIEG63 - ePremium - Issoire - Place Freres Lumieres,(Unknown Operator),45.5436886,3.2429965,,Public,0
196865,Bricomarché - Nontron - 22kW AC,Bilinmiyor,45.5432207,0.6709003,,Public,0
196864,SIEG63 - ePremium - Mont Dore - Sancy,Bilinmiyor,45.54203,2.81641,,Public,0
196863,Parking de la concession,Bilinmiyor,45.539452,4.862944,,Bilinmiyor,0
196862,SIEG63 - ePremium - La Tour d'Auvergne - Auvergne,Bilinmiyor,45.53289,2.68706,,Public,0
196861,SIEG63 - ePremium - Parentignat - Château,(Unknown Operator),45.5323749,3.2902348,,Public,0
196860,SARL ECG,Bilinmiyor,45.530042,4.919764,,Public,0
196859,GVA / ST-ROMAIN DC,ChargePoint,45.529337353526,4.8646790886399,,Public - Pay At Location,0
196858,ARCHIAC - RUE DE LA PART DES ANGES,Izivia (Sodetrel),45.527902,-0.303649,,Public,0
196857,SIEG63 - ePremium - Saint Antheme - Ambert,Bilinmiyor,45.527348,3.914898,,Public,0
196856,SIEG63 - ePremium - Usson - Parking Visiteurs,(Unknown Operator),45.5265496,3.3363148,,Public,0
196855,Bricomarché - Rive de Gier - 22kW AC,Bilinmiyor,45.5257463,4.6073542,,Public,0
196854,SAINTE-COLOMBE - RUE DES PETITS JARDINS,Izivia (Sodetrel),45.524907,4.86562,,Public,0
196853,MTP Pont-Evêque,Bilinmiyor,45.520388,4.919903,,Public,0
196852,SIEG63 - ePremium - Besse et Saint Anastaise - Pistes,Bilinmiyor,45.512334,2.854209,,Public,0
196851,SIEG63 - ePremium - Besse et Saint Anastaise - Gazelle,Bilinmiyor,45.51016,2.93237,,Public,0
196850,Parking du SuperU,Bilinmiyor,45.503904,6.037812,,Public - Pay At Location,0
196849,LES HAIES - PLACE DE LEGLISE,Izivia (Sodetrel),45.50388,4.748752,,Public,0
196848,Genevray,Bilinmiyor,45.503661,4.857914,,Public,0
196847,Guillaud TP,Bilinmiyor,45.501453,5.150752,,Public,0
196846,"Montmelian, Rue Dupuy",Bilinmiyor,45.501175,6.051382,,Public - Pay At Location,0
196845,SIEG63 - ePremium - Le Broc - Vigneaux,(Unknown Operator),45.4994848,3.2472727,,Public,0
196844,"Les Marches, Passage du 19 mars 1962",Bilinmiyor,45.499247,6.000266,,Public - Pay At Location,0
196843,"Saint-Marcellin-En-Forez, Parking rue du 8 mai 1945",Bilinmiyor,45.4980481,4.1677001,,Public - Pay At Location,0
196842,AMPUIS - RUE DU STADE,Izivia (Sodetrel),45.495687,4.821907,,Public,0
196841,"L'Horme, Parking route des côtes",Bilinmiyor,45.4887721,4.5409676,,Public - Pay At Location,0
196840,AMPUIS - PARKING MAISON MEDICAL,Izivia (Sodetrel),45.487663,4.810038,,Public,0
196839,Reventin-Vaugris,Bilinmiyor,45.487406,4.820331,,Public,0
196838,Le Domaine de Soulac - Soulac sur mer,Bilinmiyor,45.486828,-1.116716,,Public,0
196837,TUPIN-ET-SEMONS - PARKING 24 ROUTE DE LYON,Izivia (Sodetrel),45.483864,4.789865,,Public,0
196836,Fiat L'Horme,Bilinmiyor,45.483167,4.530794,,Public,0
196835,"Aiton, Pont d'Aiton",Bilinmiyor,45.480671,6.032985,,Public - Pay At Location,0
196834,SIEG63 - ePremium - Villeneuve - Mairie,(Unknown Operator),45.4777874,3.1849199,,Public,0
196833,SIEG63 - ePremium - Nonette Orsonnette - Place du Bouillas,(Unknown Operator),45.47737767,3.28099446,,Public,0
196832,SIEG63 - ePremium - Vernet La Varenne - Mairie,(Unknown Operator),45.4727824,3.4514244,,Public,0
196831,"La Talaudiere, Parking rue Salvador Allende",Bilinmiyor,45.469006,4.422268,,Public - Pay At Location,0
196830,BARBEZIEUX-SAINT HILAIRE  - AVENUE NELSON MANDELA,Izivia (Sodetrel),45.466766,-0.156508,,Public,0
196829,Hôtel Logis Europa 1 - 22 kW AC,Bilinmiyor,45.466136,2.14176911,,Public - Pay At Location,0
196828,Mazda - Saint-Etienne - 22kW AC,Bilinmiyor,45.4626965,4.3993781,,Public,0
196827,CONDRIEU - RUE DE LINDUSTRIE,Izivia (Sodetrel),45.461143,4.764807,,Public,0
196826,"La Rochette, Rue du 8 mai 1945",Bilinmiyor,45.458288,6.117952,,Public - Pay At Location,0
196825,SIEG63 - ePremium - Boudes - Parking Entree,(Unknown Operator),45.45757491,3.18769063,,Public,0
196824,SIEG63 - ePremium - St Germain Lembron - Place du desert,(Unknown Operator),45.456907,3.2373332,,Public,0
196823,Sorofi_St_Etienne,Bilinmiyor,45.4566614,4.4053406,,Public,0
196822,Fiat St Etienne,Bilinmiyor,45.455535,4.411061,,Public,0
196821,Volvo St Etienne,Bilinmiyor,45.448346,4.390843,,Public,0
196820,"Saint-Victor-Sur-Loire, Parking rue de la plage",Bilinmiyor,45.4467313,4.2564165,,Public - Pay At Location,0
196819,UZERCHE - AVENUE DE LA GARE,Izivia (Sodetrel),45.442994,1.570625,,Public,0
196818,UZERCHE - CHEMIN DES LEZES,Izivia (Sodetrel),45.427326,1.566751,,Public,0
196817,UZERCHE - ALLEE DE LA PAPETERIE,Izivia (Sodetrel),45.426246,1.562014,,Public,0
196816,UZERCHE - PLACE DE LA LIBERATION,Izivia (Sodetrel),45.424296,1.563502,,Public,0
196815,"Roche-La-Moliere, Parking rue de la Briqueterie",Bilinmiyor,45.4216253,4.3233202,,Public - Pay At Location,0
196814,"Saint Etienne Rochetaillee, Parking Rue des Echeneaux",Bilinmiyor,45.4149,4.44893,,Public - Pay At Location,0
196813,SIEG63 - ePremium - Arlanc - Gaulle,Bilinmiyor,45.413449,3.724858,,Public,0
196812,SIEG63 - ePremium - Brassac-Les-Mines - Charles Souligoux,(Unknown Operator),45.409939238525084,3.332030795949777,,Public,0
196811,Parking de l'Intermarch,Bilinmiyor,45.408548,1.571765,,Public - Pay At Location,0
196809,EGLETONS - AVENUE CHARLES DE GAULLE,Izivia (Sodetrel),45.405044,2.046184,,Public,0
196808,"Sainte-Florine, Parking Rue Anatole France",eborn,45.40492,3.31931,,Public,2
196807,Carrefour Bort | Bort-les-Orgues,Bilinmiyor,45.4041,2.49996,,Public,0
196806,SIEG63 - ePremium - Ardes - Place du Foirail,(Unknown Operator),45.4015832,3.1234205,,Public,0
196805,ARNAC POMPADOUR - PLACE DU CHATEAU,Izivia (Sodetrel),45.397149,1.381578,,Public,0
196804,"485 CHEMIN DE LA CHARESTE, Le Domaine Du Plan",Qovoltis,45.39526,5.33488,,Public,0
196803,MOUSTIER VENTADOUR - LA CHANSELVE,Izivia (Sodetrel),45.392636,2.114273,,Public,0
196802,ByMyCar Opel Voiron,Bilinmiyor,45.382301,5.57861,,Public,0
196801,"Aurec-Sur-Loire, Place des déportés",Bilinmiyor,45.37026,4.20076,,Public,0
196800,Camping Campéole Medoc Plage,VIRTA,45.36995522,-1.14394557,,Public,0
196799,SEILHAC - PLACE DE L’HORLOGE,Izivia (Sodetrel),45.366442,1.713402,,Public,0
196798,"Voiron, Rue Claude Guillermoz",Bilinmiyor,45.366279,5.587042,,Public,0
196797,AIRE DE LA CORREZE,Izivia (Sodetrel),45.359277,1.937306,,Public,0
196796,"Saint-Just-Malmont, Parking des APG 39-45",Bilinmiyor,45.34064,4.3136,,Public,0
196795,AIRE DE LAFAYETTE LORLANGES,Izivia (Sodetrel),45.337849,3.273755,,Public,0
196794,"Craponne-Sur-Arzon, Avenue de la Gare",Bilinmiyor,45.33382,3.84071,,Public,0
196793,SIEG63 - ePremium - Anzat-Le-Luguet - Parking Entree,Bilinmiyor,45.33291829,3.04208259,,Public,0
196792,"Craponne-Sur-Arzon, Place de la Poste",Bilinmiyor,45.33199,3.84579,,Public,0
196791,SIEG63 - ePremium - Anzat-Le-Luguet - Parking Entree,Bilinmiyor,45.3319705,3.0420837,,Public,0
196790,"Craponne-Sur-Arzon, Place de la Poste",Bilinmiyor,45.331904,3.845616,,Public,0
196789,"Saint-Just-Malmont, Parking des APG 39-45",Bilinmiyor,45.3301131,4.314518,,Public,0
196788,"Blesle, Place Saint-Pierre",eborn,45.31767,3.17263,,Public,0
196787,"La-Chaise-Dieu, Parking Gare SNCF",Bilinmiyor,45.31638,3.696742,,Public,0
196786,NAVES - RUE GUSTAVE VIDALIN,Izivia (Sodetrel),45.313928,1.767277,,Public,0
196784,"Bas -En-Basset, Rue du Marais",Bilinmiyor,45.30546,4.11404,,Public,0
196783,"Saint-Didier-En-Velay, Avenue Veron de la Conde",Bilinmiyor,45.30199,4.27371,,Public,0
196782,"Monistrol-Sur-Loire, Place Marechal Jourda de Vaux",Bilinmiyor,45.2951,4.17089,,Public,0
196781,"Brioude, Parking du centre historique",Bilinmiyor,45.294012,3.386839,,Public,0
196780,"Monistrol-Sur-Loire, Place Marechal Jourda de Vaux",Bilinmiyor,45.29260265,4.17275643,,Public - Pay At Location,0
196779,"Brioude, Place du Postel",Bilinmiyor,45.291636,3.387615,,Public,0
196778,Parking du SuperU,Bilinmiyor,45.289264,5.639513,,Public - Pay At Location,0
196777,MONTENDRE - PLACE RAYMOND PAILLE,Izivia (Sodetrel),45.284856,-0.406388,,Public,0
196776,ST GERMAIN LES VERGNES - PLACE DE LA MAIRIE,Izivia (Sodetrel),45.273307,1.635647,,Public,0
196775,MARCILLAC LA CROISILLE - PLACE DOCTEUR RAOUL PEUCH,Izivia (Sodetrel),45.272957,2.032484,,Public,0
196774,M2061,Bilinmiyor,45.271856,6.350837,,Public,0
196773,TULLE- PARKING QUAI GABRIEL PERI,Izivia (Sodetrel),45.264992,1.770483,,Public,0
196772,TULLE - AVENUE LUCIEN SAMPEIX,Izivia (Sodetrel),45.257594,1.759414,,Public,0
196771,"Sainte-Sigolene, Place des Anciens d'AFN",Bilinmiyor,45.2440054,4.2322308,,Public - Pay At Location,0
196770,Parking du SuperU,Bilinmiyor,45.243871,4.669359,,Public - Pay At Location,0
196769,F3CAlbon,Bilinmiyor,45.24305,4.820679,,Public,0
196768,Hutt_lanmary,Bilinmiyor,45.239039,0.822814,,Public,0
196767,Parking de l'Intermarch,Bilinmiyor,45.237795,0.347428,,Public - Pay At Location,0
196766,DONZENAC - AVENUE JEAN CHICOU,Izivia (Sodetrel),45.227944,1.52392,,Public,0
196765,Parking de la Concession,Bilinmiyor,45.219812,5.675623,,Public - Pay At Location,0
196764,"Le Versoud, Rue des Deymes",Bilinmiyor,45.21769,5.8611931,,Public,0
196763,"Dunieres, Rue de St Régis",Bilinmiyor,45.21375,4.34412,,Public,0
196762,Airria 1 - 11 kW AC,Bilinmiyor,45.213163,5.7963701,,Public - Pay At Location,0
196761,Intermarché - Retournac - 22kW AC,Bilinmiyor,45.210931,4.029971,,Public,0
196760,"Paulhaguet, Place Lafayette",Bilinmiyor,45.206547,3.515296,,Public - Pay At Location,0
196759,"Retournac, Avenue de la Gare",Bilinmiyor,45.2051832,4.0364688,,Public - Pay At Location,0
196758,Bmw Meylan,Bilinmiyor,45.203351,5.766108,,Public,0
196757,Camping Domaine de la Garenne,VIRTA,45.203,4.953852,,Public,0
196756,"Retournac, Avenue de la Gare",Bilinmiyor,45.20158,4.03682,,Public,0
196755,Volvo Périgueux,Bilinmiyor,45.198121,0.791762,,Public,0
196754,"Allegre, Rue de Chateauneuf",Bilinmiyor,45.19631,3.71035,,Public,0
196753,ByMyCar Renault Fontaine,Renault,45.193872,5.675315,,Public,0
196752,Parking de la concession,Bilinmiyor,45.191796,5.679598,,Bilinmiyor,0
196751,Opel Durieux,Bilinmiyor,45.191325,6.646858,,Public,0
196750,Camping Le Paradou,VIRTA,45.1910994,0.02692661,,Public,0
196749,ByMyCar Fiat Fontaine,Bilinmiyor,45.19016,5.681431,,Public,0
196748,Saint-Martin-d'Hères,Bilinmiyor,45.186062,5.7623425,,Public,0
196747,Pétavit - St Martin d'Heres,Bilinmiyor,45.184545,5.777226,,Public,0
196746,DLM GRENOBLE,Bilinmiyor,45.1810981,5.7257621,,Public,0
196745,Toyota - Périgueux - 22kW AC,Bilinmiyor,45.17941688,0.7461104,,Public,0
196744,Volvo Grenoble,Bilinmiyor,45.179125,5.69277,,Public,0
196743,ETS Cornut,Bilinmiyor,45.17881774902344,4.333679676055908,,Public,0
196742,Parking de la concession,Bilinmiyor,45.178492,5.691684,,Public - Pay At Location,0
196741,MALEMORT- RD1089 ROUTE DE TULLE,Izivia (Sodetrel),45.177941,1.595673,,Public,0
196740,Parking de l'Intermarch,Bilinmiyor,45.17083,0.689164,,Public - Pay At Location,0
196739,MALEMORT - RUE JEAN JAURES,Izivia (Sodetrel),45.170076,1.563527,,Public,0
196738,"Raucoules, Parking La Gare, lieu dit Oumey",Bilinmiyor,45.16762,4.29389,,Public,0
196737,INTERMARCHE BRIVE,Izivia (Sodetrel),45.16407,1.5076,,Public,0
196736,BORNE 1 SATORIZ GRENOBLE ROCADE,Freshmile,45.16,5.76,,Public,0
196735,ABZAC-Rue du Cheminot,Bilinmiyor,45.15847,-0.128961,,Public,0
196734,Mairie De Vaujany | Vaujany,Bilinmiyor,45.1583,6.0798,,Public,0
196733,SAINT AIGULIN - RUE GAMBETTA  PLACE JULES FERRY,Izivia (Sodetrel),45.157408,-0.013245,,Public,0
196732,Mairie De Vaujany | Vaujany,Bilinmiyor,45.1565,6.0789,,Public,0
196731,"Saint-Georges-D'Aurac, place Louis de Cazenave",Bilinmiyor,45.15616,3.54074,,Public,0
196730,Hyundai Brive la Gaillarde,Bilinmiyor,45.152885,1.50758,,Public,0
196729,Bmw Brive la Gaillarde,Bilinmiyor,45.148433,1.481395,,Public,0
196728,Mazda - Brive - 22kW AC,Bilinmiyor,45.147515,1.4883644,,Public,0
196727,ByMyCar Fiat Echirolles,Bilinmiyor,45.14515,5.708778,,Public,0
196726,"Yssingeaux, Parking de l'Antreuil",Bilinmiyor,45.144505,4.122835,,Public,0
196725,"Saint-Bonnet-Le-Froid, Places aux champignons",Bilinmiyor,45.1428,4.43568,,Public,0
196724,Volvo Brive la Gaillarde,Bilinmiyor,45.140371,1.47507,,Public,0
196723,SAINT PRIVAT - RUE DES TOURS DE MERLE,Izivia (Sodetrel),45.137047,2.099795,,Public,0
196722,"Saint-Paulien, Rue de l’Anyade",Bilinmiyor,45.135617,3.811708,,Public,0
196721,Parking NOVABIO Sanilhac,Bilinmiyor,45.132872088016235,0.6969556979136504,,Public,0
196720,BEYNAT- PLACE DU CHAMP DE FOIRE,Izivia (Sodetrel),45.125055,1.724899,,Public,0
196719,LARCHE - PLACE DOCTEUR RENE JAUBERTIE,Izivia (Sodetrel),45.121961,1.414614,,Public,0
196718,"Lavoûte-Sur-Loire, Place du Pont Neuf",Bilinmiyor,45.12107,3.90733,,Public,0
196717,Le relais du monarque,Bilinmiyor,45.117992,4.536132,,Public,0
196716,"Tence, Parking du Fieu",Bilinmiyor,45.11508,4.29221,,Public,0
196715,"Tence, Parking du Fieu",Bilinmiyor,45.1138541,4.2962404,,Public - Pay At Location,0
196714,LANGEAC DISTRIB / BORNE 1,ChargePoint,45.11193111830665,3.492563081753559,,Public - Pay At Location,0
196713,"Le Pertuis, Parking de la mairie",Bilinmiyor,45.09719,4.05984,,Public,0
196712,"Siaugues-Sainte-Marie, Place du Général Lafayette",Bilinmiyor,45.093055,3.631,,Public,0
196711,SAINT CERNIN DE LARCHE - RUE DE LETANG,Izivia (Sodetrel),45.09254,1.430912,,Public,0
196710,"Chaspuzac, Aérodrome",Bilinmiyor,45.0805706,3.7616226,,Public,0
196709,"Chaspuzac, Aérodrome",Bilinmiyor,45.07478,3.76284,,Public,0
196708,ELEC eCONNECT Tain l'hermitage,Bilinmiyor,45.07,4.85,,Public,0
196707,"Polignac, Parking maison communal",Bilinmiyor,45.06895,3.85666,,Public,0
196706,Parking de l'Intermarch,Bilinmiyor,45.068816,4.866941,,Public - Pay At Location,0
196705,"Le-Chambon-Sur-Lignon, Rue de la Poste",Bilinmiyor,45.0612189,4.3035692,,Public - Pay At Location,0
196704,"Le Bourg D Oisans, Rue Capitaine Meunier",Bilinmiyor,45.0527698,6.0308339,,Public - Pay At Location,0
196703,"Le-Puy-En-Velay, Place de la Libération",Bilinmiyor,45.04768,3.87728,,Public,0
196702,"Brives-Charensac, Place blanche",Bilinmiyor,45.0469,3.92956,,Public,0
196701,"Le-Puy-En-Velay, Avenue Charles Dupuy",Bilinmiyor,45.042542,3.891326,,Public,0
196700,"Le Puy-en-Velay, Place Michelet",Bilinmiyor,45.040595,3.886055,,Public,0
196699,"Vals-près-le-Puy, avenue Charles Massot",Bilinmiyor,45.0295307,3.8785064,,Public,0
196698,Parking de l'Intermarch,Bilinmiyor,45.023207,-0.788583,,Public - Pay At Location,0
196697,Hôtel Archambeau,VIRTA,45.022197,1.116399,,Public,0
196696,ABZAC - RUE DU CHEMINOT,Izivia (Sodetrel),45.015847,-0.128961,,Public,0
196695,"Les Deux Alpes, Place des Deux Alpes",Bilinmiyor,45.010306,6.12483,,Public - Pay At Location,0
196694,SAINT-ANDRE-DE-CUBZAC - GIRATOIRE DE LA GAROSSE,Izivia (Sodetrel),45.005005,-0.436955,,Public,0
196693,Parking Jardins de la Sud,Bilinmiyor,44.993004231809124,-1.19743601177825,,Public,0
196692,GOURS - PARKING EGLISE,Izivia (Sodetrel),44.992886,0.022342,,Public,0
196691,"Arsac-En-Velay, Parking Mairie",Bilinmiyor,44.99135,3.94333,,Public,0
196690,CAMPS - SAINT MATHURIN,Izivia (Sodetrel),44.983314,1.98696,,Public,0
196689,VAL RHONE TP - CHATEAUNEUF SUR ISERE,Bilinmiyor,44.980096,4.881767,,Public,0
196688,TRYBA,Electromaps,44.96,4.95,,Public,0
196687,"Saugues, Route du Puy",Bilinmiyor,44.959245,3.549119,,Public,0
196686,"Saint-Peray, Parking relais Maladière",Bilinmiyor,44.94513,4.856624,,Public,0
196685,LIBOURNE - CENTRE AQUATIQUE ZONE DES DAGUEYS,Izivia (Sodetrel),44.944289,-0.244976,,Public,0
196683,Parking de la concession,Bilinmiyor,44.938989,4.915414,,Public - Pay At Location,0
196682,Réseau Eborn E.Leclerc,Bilinmiyor,44.93388,6.732188,Montgenèvre,Public,0
196681,"Montgenevre, Parking de l'obelisque",Bilinmiyor,44.93391,6.729531,,Public,0
196680,"Montgenevre, Le Peychier",Bilinmiyor,44.931449,6.729802,,Public,0
196679,Leclerc Biars,Bilinmiyor,44.924358,1.843358,,Public,0
196678,Carrefour Saint-Loubes | Saint-Loubès,Bilinmiyor,44.9153,-0.422041,,Public,0
196677,LIEU DIT LA BRUNETTE 46600 CREYSSE,Qovoltis,44.9122604,1.6117651,,Public,0
196676,"Les-Estables, Place Rechausseyre",Bilinmiyor,44.90396,4.15323,,Public,0
196675,Super U Bassens | Bassens,Bilinmiyor,44.9025,-0.508134,,Public,0
196674,Hôtel Le Meysset,VIRTA,44.90092439,1.20262039,,Public,0
196673,"Les-Estables, Place Rechausseyre",Bilinmiyor,44.8986025,4.1386083,,Public,0
196672,Sbepec | Bordeaux,Bilinmiyor,44.8978,-0.566839,,Public,0
196671,Hôtel Le Madrigal,VIRTA,44.89537348,1.21423544,,Public,0
196670,"Costaros, Place de la Mairie",Bilinmiyor,44.894145,3.849828,,Public,0
196669,Parking de la Concession,Bilinmiyor,44.892383,-0.615626,,Public - Pay At Location,0
196668,CHATEAU FLEUR CARDINALE,Bilinmiyor,44.8899,-0.082722,,Public,0
196667,Château Mangot | Saint-Étienne-de-Lisse,Bilinmiyor,44.8853,-0.078846,,Public,0
196666,Kia Briançon,Bilinmiyor,44.884602,6.62563,,Public,0
196665,"Briançon, Rue Maréchal de Lattre de Tassigny",Bilinmiyor,44.88128,6.62277,,Public,0
196664,WARNING - Bordeaux,Bilinmiyor,44.88082,-0.691778,,Public,0
196663,CCIAL SARLAT LA CANEDA,Bilinmiyor,44.875176,1.2224984,,Public,0
196662,Domaine Lanzac 01,Bilinmiyor,44.874,1.482,,Public,0
196661,AIRE DE LA LOZERE,Izivia (Sodetrel),44.870074,3.248176,,Public,0
196660,Parking HOTEL DU PORGE,Bilinmiyor,44.868051799999996,-1.0903127000000001,,Public,0
196659,Bmw Lormont,Bilinmiyor,44.867974,-0.509556,,Public,0
196658,"Monteleger, Parc Forêt d'Orient",Bilinmiyor,44.86594,4.92192,,Public,0
196657,"Chanaleilles, le Bourg",Bilinmiyor,44.86069,3.48785,,Public,0
196656,14 RUE FRANCOIS ARAGO 33700 MERIGNAC,Qovoltis,44.85581,-0.6683,,Public,0
196655,Auto Malin | Mérignac,Bilinmiyor,44.845203,-0.669434,,Public,0
196653,HOTEL B&B,Bilinmiyor,44.840481,-0.4929901,,Public,0
196652,"21 AVENUE NEIL ARMSTRONG, LE WINCH 33700 MERI",Qovoltis,44.83911,-0.69107,,Public,0
196651,Parking FLYOPS,Bilinmiyor,44.83887410485574,-0.6822308312133751,,Public,0
196650,4 AVENUE NEIL ARMSTRONG le Mermoz 33700 MERIG,Qovoltis,44.8374219,-0.6923713,,Public,0
196649,5 ALLÉE DES ACACIAS - LE BRIDGE 33700 MERIGNA,Qovoltis,44.83682,-0.68288,,Public,0
196648,1-3 AVENUE HENRI BEQUEREL 33700 MERIGNAC,Qovoltis,44.83663,-0.68742,,Public,0
196647,5 ALLÉE DES ACACIAS - LE BRIDGE 33700 MERIGNA,Qovoltis,44.83631,0.682699,,Public,0
196646,19 ALLÉE JAMES WATT 33700 MERIGNAC,Qovoltis,44.82949,-0.67333,,Public,0
196645,63 RUE JEAN BRIAUD 33700 MERIGNAC,Qovoltis,44.820877,-0.672754,,Public,0
196644,SAINTE-TERRE - LAVAGNAC – RUE DU GENERAL DE GAULLE,Izivia (Sodetrel),44.819706,-0.135596,,Public,0
196643,Bye Buy Car | Bègles,Bilinmiyor,44.8135,-0.540311,,Public,0
196642,Camping Eyrieux,VIRTA,44.807689,4.6305055,,Public,0
196640,Latresne,Bilinmiyor,44.79948425,-0.51073658,,Public,0
196639,Le Relais des Vigiers,VIRTA,44.792649,0.289881,,Public,0
196638,ARES,Freshmile,44.7920565,-0.5008902,,Public,0
196637,Parking Hippopotamus Villenave d'Ornon,Bilinmiyor,44.790757700000015,-0.5297513000000009,,Public,0
196636,"Le Monestier-Du-Percy, RD 1075",Bilinmiyor,44.788769,5.638102,,Public - Pay At Location,0
196635,INTERMARCHE GRADIGNAN,Izivia (Sodetrel),44.786403,-0.602749,,Public,0
196634,15 rue leonard de vinci 33600 PESSAC,Qovoltis,44.78204,-0.65481,,Public,0
196633,"Pradelles, Place du Foirail",Bilinmiyor,44.7698789,3.883702,,Public,0
196632,Camping Le Moulin de Paulhiac,VIRTA,44.76755,1.176454,,Public,0
196631,SCI Le Bois d'Imbert,Bilinmiyor,44.7667,1.6167,,Public,0
196630,Parking de l'Intermarch,Bilinmiyor,44.758216,4.836971,,Public - Pay At Location,0
196629,Camping Dordogne La Peyrugue,VIRTA,44.75268759,1.18773817,,Public,0
196628,Les Viviers - Lège Cap Ferret,SDE76 (FR),44.735584,-1.195649,,Public,0
196627,Camping Le Douzou,VIRTA,44.73029836,1.23832843,,Public,0
196626,"Privas, 283 Chemin d'Argevillières",Bilinmiyor,44.726121,4.579153,,Public,0
196625,Ardèche camping,VIRTA,44.724634,4.597721,,Public,0
196624,Parking de l'Intermarch,Bilinmiyor,44.722502,5.036637,,Public - Pay At Location,0
196623,"Molines-En-Queyras, Clot la Chalpe",Bilinmiyor,44.71980038,6.84759393,,Public,0
196622,Château Reaut | Rions,Bilinmiyor,44.6796,-0.352302,,Public,0
196621,"La Fare-En-Champsaur, Esplanade Napoléon",Bilinmiyor,44.67456,6.07298,,Public,0
196620,"Montclar, Parking Les Côtes De St Jean",Bilinmiyor,44.6745,6.02729,,Public,0
196619,ARCACHON - PEREIRE,Izivia (Sodetrel),44.658496,-1.193047,,Public,0
196618,ARCACHON - AIGUILLON,Izivia (Sodetrel),44.656649,-1.146988,,Public,0
196617,Devant l'entre du SuperU,Bilinmiyor,44.655521,-0.366048,,Public - Pay At Location,0
196616,GRAND CONNETABLE,Bilinmiyor,44.648,3.68591,,Public,0
196615,ARCACHON - MOULLEAU,Izivia (Sodetrel),44.641716,-1.201663,,Public,0
196614,LM - Biganos (magasin 173),Bilinmiyor,44.641162,-0.948787,,Public,0
196613,Leclerc Mios,(Unknown Operator),44.618314,-0.918739,,Public,0
196612,SA BEYNEL ET FILS - Gujan-Mestras - 22kW AC,Bilinmiyor,44.616646,-1.074071,,Public,0
196611,Les Oceanides | La Teste-de-Buch,Bilinmiyor,44.6149,-1.12371,,Public,0
196610,Intermarché - La Teste de Buche - 22kW AC,Bilinmiyor,44.6109419,-1.1472556,,Public,0
196609,M2099,Bilinmiyor,44.595813,5.111073,,Public,0
196608,M2098,Bilinmiyor,44.578352,5.127901,,Public,0
196607,Ford Gap,Bilinmiyor,44.573353,6.108252,,Public,0
196606,JLR - SVA GAP,Bilinmiyor,44.54017,6.052159,,Public,0
196605,"Montelimar, Chemin De Ravaly",Bilinmiyor,44.532597,4.760774,,Public,0
196604,BBJ Mazères,Bilinmiyor,44.517525,-0.238577,,Public,0
196603,HYPER U MENDE / BORNE 1,ChargePoint,44.516264212125,3.482186983484,,Public - Pay At Location,0
196602,Domaine les Oréades,Bilinmiyor,44.496018,-1.077328,,Public,0
196601,Parking de l'Intermarch,Bilinmiyor,44.46226,1.450943,,Public - Pay At Location,0
196600,LA RIVE CIELA VILLAGE,Bilinmiyor,44.46056813187505,-1.130048315345508,,Public,0
196599,Camping Campéole Le Vivier,VIRTA,44.45923178,-1.2400218,,Public,0
196598,"La Breole Ubaye Serre Poncon, Route de Boneisse",Bilinmiyor,44.456762,6.293065,,Public - Pay At Location,0
196597,Parking de la Concession,Bilinmiyor,44.444896,4.746016,,Public - Pay At Location,0
196596,Parking du SuperU,Bilinmiyor,44.443618,4.3495197,,Public - Pay At Location,0
196595,Camping Campéole Navarrosse,VIRTA,44.43103518,-1.17166083,,Public,0
196594,"Le Lauzet-Ubaye, Place de La Poste",Bilinmiyor,44.428196,6.435025,,Public - Pay At Location,0
196593,Camping La Plaine,VIRTA,44.42680651,4.33611093,,Public,0
196592,Parking MOULIN DE LABOIRIE,Bilinmiyor,44.42495892041201,-0.17653676640929428,,Public,0
196591,Mercure Villeneuve sur Lot,Bilinmiyor,44.423482,0.700228,,Public,0
196590,Parking de l'Intermarch,Bilinmiyor,44.420219,4.893804,,Public - Pay At Location,0
196589,Camping Vivarais,VIRTA,44.41770558,4.33468576,,Public,0
196588,"Montclar, Parking Les Côtes De St Jean",Bilinmiyor,44.411743,6.349193,,Public - Pay At Location,0
196587,"Sahune, Place du Village",Bilinmiyor,44.4114,5.2581,,Public,0
196586,Camping La Plage Fleurie,VIRTA,44.409231,4.353438,,Public,0
196585,CAMPING LES RAMIERES 26,Bilinmiyor,44.4,5.25,,Public,0
196584,"Barcelonnette, Place Paul Reynaud",Bilinmiyor,44.387667,6.654159,,Public - Pay At Location,0
196583,JLR - GRIM - Rodez,Bilinmiyor,44.374401,2.54386,,Public,0
196582,"Enchastrayes, Le Sauze",Bilinmiyor,44.374162,6.680762,,Public - Pay At Location,0
196581,McDonald's Takheos Onet,Bilinmiyor,44.372799,2.59336,,Public,0
196580,"Selonnet, Place de La Mairie",Bilinmiyor,44.371055,6.312005,,Public - Pay At Location,0
196579,"Uvernet-Fours, Pra Loup",Bilinmiyor,44.3699,6.60302,,Public,0
196578,Volvo Rodez,Bilinmiyor,44.369291,2.5835,,Public,0
196577,Hutt_Vagnas,Bilinmiyor,44.368657,4.371212,,Public,0
196576,Parking de l'Intermarch,Bilinmiyor,44.359309,5.125476,,Public - Pay At Location,0
196575,"Seyne, Saint Pierre",Bilinmiyor,44.3521,6.35781,,Public,0
196574,Be Câblé - INGETEAM - Parentis-en-Born - Camping,Bilinmiyor,44.3457871,-1.0925522,,Public,0
196573,"La Motte-Du-Caire, Le Village",Bilinmiyor,44.34249,6.028208,,Public - Pay At Location,0
196572,Parking de l'Intermarch,Bilinmiyor,44.340835,6.378003,,Public - Pay At Location,0
196571,CAMPING LE PLO,Bilinmiyor,44.33852129529498,2.9736927577629495,,Public,0
196570,La Réserve - Gastes,Bilinmiyor,44.314605,-1.169075,,Public,0
196569,McDonald's Luc la Primaube,Bilinmiyor,44.314098,2.55864,,Public,0
196568,"Allos, La Foux d'Allos",Bilinmiyor,44.290693,6.5692,,Public - Pay At Location,0
196567,"Mison, Les Armands",Bilinmiyor,44.266426,5.858366,,Public - Pay At Location,0
196566,Parking de l'Intermarch,Bilinmiyor,44.248931,5.093572,,Public - Pay At Location,0
196565,"Allos, Parking La Ville",Bilinmiyor,44.241315,6.626622,,Public - Pay At Location,0
196564,Hôtel la Bastide de Vaison,Stadtwerke Grevesmühlen,44.24,5.04,,Public,0
196563,CAMPING LES TROIS RIVIERES,Bilinmiyor,44.2371439,5.149723,,Public,0
196561,Mutuelle Prévi France,Bilinmiyor,44.20859,0.6144326,,Public,0
196560,Leclerc Mimizan,Bilinmiyor,44.205605,-1.220807,,Public,0
196559,Parking du SuperU,Bilinmiyor,44.200719,0.5538749,,Public - Pay At Location,0
196558,"Sisteron, Place du Dauphiné",Bilinmiyor,44.198659,5.945138,,Public - Pay At Location,0
196557,"Sisteron, Parking de La Gare",Bilinmiyor,44.191297,5.945653,,Public - Pay At Location,0
196556,ISOLA - PARKING VILLAGE,Izivia (Sodetrel),44.186345,7.048374,,Public,0
196555,"Colmars, Rue Sainte-Anne",Bilinmiyor,44.18199,6.62872,,Public - Pay At Location,0
196554,"Les Omergues, Entrée du village",Bilinmiyor,44.171957,5.60693,,Public,0
196553,"Le Brusquet, Médiathèque",Bilinmiyor,44.160654,6.306947,,Public - Pay At Location,0
196552,Le Temps Des Cerises,Electromaps,44.16,0.58,,Public,0
196551,"Thoard, Le Village",Bilinmiyor,44.1495,6.149061,,Public - Pay At Location,0
196550,HOTEL B&B,Bilinmiyor,44.146517682124674,4.069912308187833,,Public,0
196549,MCB2001,Bilinmiyor,44.14447,1.970396,,Public,0
196548,Parking de la concession,Bilinmiyor,44.144127,4.804306,,Public - Pay At Location,0
196547,SANYA MARKET,Bilinmiyor,44.1386705,4.0814445,,Public,0
196546,Parking de l'Intermarch,Bilinmiyor,44.137847,4.096022,,Public - Pay At Location,0
196545,"AVENUE JEAN MONNET, ZAC DU PROUXET, Entrepôt",Qovoltis,44.12186,0.88178,,Public,0
196544,Mas des OLIVES 1,Bilinmiyor,44.1203594,5.2199154,,Public,0
196543,MAS DE L'EVAJADE,Bilinmiyor,44.12,5.06,,Public,0
196542,GVA / ORANGE ABB,ChargePoint,44.11876964094754,4.841341921894937,,Public - Pay At Location,0
196541,"Volonne, Place Charles de Gaulles",Bilinmiyor,44.11129,6.013327,,Public - Pay At Location,0
196540,Ford Alès,Easy4You,44.110259,4.112082,,Public,0
196539,CAMPING Sunêlia l-Hippocampe,Bilinmiyor,44.10501405816338,6.017138957977295,,Public,0
196538,"Digne-Les-Bains, Gare Routière",Bilinmiyor,44.095983,6.230375,,Public - Pay At Location,0
196537,"Chateau-Arnoux-Saint-Auban, Pl. de la Résistance",Bilinmiyor,44.095176,6.009624,,Public - Pay At Location,0
196536,"Digne-Les-Bains, Gare Routière",Bilinmiyor,44.09287,6.230547,,Public,0
196535,"Digne-Les-Bains, Avenue Bad Merghenteim",Bilinmiyor,44.090763,6.238784,,Public - Pay At Location,0
196534,Les Dunes de Contis - St Julien en Born,Bilinmiyor,44.082491,-1.261491,,Public,0
196533,"Revest-Du-Bion, Avenue de Miravail",Bilinmiyor,44.0824,5.54716,,Public,0
196532,HOTEL LES PEUPLIERS,Bilinmiyor,44.08,4.99,,Public,0
196531,STATION LUMIIN,Bilinmiyor,44.07691857938178,4.994230270385742,,Public,0
196530,Volkswagen Digne,Elli (Volkswagen Group Charging GmbH),44.075673,6.184762,,Public,0
196529,"Chateau-Arnoux-Saint-Auban, Rue Adrien Badin",Bilinmiyor,44.074343,5.992738,,Public,0
196528,Pure Montagne - Borne 62737,Bilinmiyor,44.072137,7.258452,,Public,0
196527,"Chateau-Arnoux-Saint-Auban, Rue Adrien Badin",Bilinmiyor,44.071288,5.995658,,Public - Pay At Location,0
196526,Château La Gardine - Châteauneuf du Pape,Bilinmiyor,44.063128,4.81372,,Public,0
196525,COM.ACMD - Albi Conception Métallique et Développement,Bilinmiyor,44.05216,2.142497,,Public,0
196524,LUMI'IN MALIJAI,Bilinmiyor,44.05,6.05,,Public,0
196523,Parking de l'Intermarch,Bilinmiyor,44.045904,4.7864015,,Public - Pay At Location,0
196522,1405 CHEMIN DE FRAISAL SUEJOL Mas Suéjol 3014,Qovoltis,44.045159,3.963894,,Public,0
196521,"Peyruis, Rue des Oliviers",Bilinmiyor,44.0431,5.95677,,Public,0
196520,"Saint-Etienne-Les-Orgues, Parking de la Poste",Bilinmiyor,44.043,5.78116,,Public,0
196519,"Banon, Place de La république",Bilinmiyor,44.0379,5.62843,,Public,0
196518,GVA / CARPENTRAS ABB,ChargePoint,44.0367599,5.0502727,,Public - Pay At Location,0
196517,"Le Chaffaut-Saint-Jurson, Lycée Carmejane",Bilinmiyor,44.032658,6.135657,,Public - Pay At Location,0
196516,"Les Mees, Rue de L'Hopital",Bilinmiyor,44.029972,5.975625,,Public - Pay At Location,0
196515,CAMPING LA MONTAGNE,Bilinmiyor,44.02,4.89,,Public,0
196514,ROQUEBILLIERE - PARKING REGIE,Izivia (Sodetrel),44.012508,7.306957,,Public,0
196513,"LIEU-DIT, LE BUISSON 30170 CROS",Qovoltis,44.01097,3.82022,,Public,0
196512,"Mezel, Parking Le Claus",Bilinmiyor,43.9959,6.19651,,Public,0
196511,Novotel Sorgues,Bilinmiyor,43.985977,4.888125,,Public,0
196510,LM - Avignon Le Pontet (magasin 188),Bilinmiyor,43.981602,4.87727,,Public,0
196509,Hyundai Le Pontet,Bilinmiyor,43.977001,4.87383,,Public,0
196508,Parking de la Concession,Bilinmiyor,43.972065,4.856434,,Public - Pay At Location,0
196507,"Saint-Andre-Les-Alpes, Place de Verdun",Bilinmiyor,43.9672,6.5085,,Public,0
196506,"Annot, Place du Germe",Bilinmiyor,43.965362,6.667651,,Public - Pay At Location,0
196505,Parking de l'Intermarch,Bilinmiyor,43.964887,6.786559,,Public - Pay At Location,0
196504,Les Angles,Electric 55 Charging (FR),43.962289,4.752516,,Public - Pay At Location,0
196503,HOTEL LES ALIZES,Bilinmiyor,43.96,6.89,,Public,0
196502,Chateau de Cassagne,Bilinmiyor,43.96,4.87,,Public,0
196501,Saint-Affrique - Thibal Distribution - recharge gratuite,Bilinmiyor,43.96,2.86,,Public,0
196500,"Forcalquier, Espace Rompe Cuou",Bilinmiyor,43.95895,5.77988,,Public,0
196499,Camping Campéole Les Tourterelles,VIRTA,43.9543369,-1.35685396,,Public,0
196498,"Barreme, Parking PROXI",Bilinmiyor,43.954,6.37018,,Public,0
196497,Parking de la concession,Bilinmiyor,43.951573,4.857566,,Public - Pay At Location,0
196496,"Entrevaux, Parking de La gare",Bilinmiyor,43.948879,6.812349,,Public - Pay At Location,0
196495,"Entrevaux, Parking Les Lauves",Bilinmiyor,43.948779,6.81066,,Public - Pay At Location,0
196494,LA-TOUR-SUR-TINEE - PARKING VILLAGE,Izivia (Sodetrel),43.946681,7.18401,,Public,0
196493,Jeep Albi,Bilinmiyor,43.941509,2.149281,,Public,0
196492,LM - Albi - magasin 88,Bilinmiyor,43.937401,2.17724,,Public,0
196491,"Mane, Maison de Pays RN10/Clavieres",Bilinmiyor,43.93593,5.764642,,Public - Pay At Location,0
196490,FIRSTOP ALBI,Freshmile,43.9295849,2.175945,,Public,0
196489,"La Brillanne, Place Bon Accueil",Bilinmiyor,43.927252,5.890822,,Public - Pay At Location,0
196488,Toyota - Lexus Avignon Montfavet,Bilinmiyor,43.919405,4.876387,,Public,0
196487,Parking de l'Intermarch,Bilinmiyor,43.919187,1.305792,,Public - Pay At Location,0
196486,Volvo Avignon,Bilinmiyor,43.917733,4.870903,,Public,0
196485,"Oraison, Parking de La Mairie",Bilinmiyor,43.917451,5.918223,,Public - Pay At Location,0
196484,Intermarché | Le Sequestre,Bilinmiyor,43.9115,2.12646,,Public,0
196483,"Saint-Michel-L'Observatoire, Pkg De La Mairie",Bilinmiyor,43.909233,5.717422,,Public - Pay At Location,0
196482,Ford Rognonas,Bilinmiyor,43.89735,4.817745,,Public,0
196481,MONT DE MARSAN - PARKING CFA MONT DE MARSAN,Izivia (Sodetrel),43.89635,-0.482222,,Public,0
196479,DMD Menuiserie,Bilinmiyor,43.8833793,1.2740021,,Public,0
196478,UEXPRESS NOVES / UEXPRESS,ChargePoint,43.87780134817588,4.903929587241369,,Public - Pay At Location,0
196477,"Volx, Parking Mairie",Bilinmiyor,43.876715,5.842387,,Public - Pay At Location,0
196476,Parking de la concession,Bilinmiyor,43.86965,-0.484143,,Public - Pay At Location,0
196475,Villemur-sur-Tarn,Freshmile,43.8649,1.50365,,Public - Pay At Location,0
196474,Volkswagen Volx Manosque - AUTOMOBILES DU LUBERON,Bilinmiyor,43.864074,5.840248,,Public,0
196473,"Puimoisson, Rue Hoche",Bilinmiyor,43.8627,6.12718,,Public,0
196472,BONSON - PARKING STADE,Izivia (Sodetrel),43.862077,7.187114,,Public,0
196471,UTELLE - PONT DURANDY,Izivia (Sodetrel),43.860492,7.19894,,Public,0
196470,Cabinet Dentaire du Calavon - Beaumettes,Stadtwerke Grevesmühlen,43.86,5.2,,Public,0
196469,"Cereste, Parking Les Aires",Bilinmiyor,43.855664,5.591744,,Public - Pay At Location,0
196468,GVA / CHATILLION ABB,ChargePoint,43.8525716,5.028227999999999,,Public - Pay At Location,0
196467,Toyota - Nissan Cavaillon,Bilinmiyor,43.852183,5.025778,,Public,0
196466,La Halle des Producteurs 84300 Cavaillon,Bilinmiyor,43.85,5.02,,Public,0
196465,"Castellane, Parking de La Boudousque",Bilinmiyor,43.846434,6.515089,,Public - Pay At Location,0
196464,"Moustiers-Sainte-Marie, Pkg interm.",Bilinmiyor,43.8438,6.22201,,Public,0
196463,"Freshmile - Fronton, Marcorelle",Freshmile,43.8399,1.38989,Fronton,Public - Pay At Location,2
196462,FGS1,Electromaps,43.837642,5.804942,,Public,0
196461,"Valensole, Parking Salle Polyvalente",Bilinmiyor,43.836493,5.986382,,Public - Pay At Location,0
196460,PARKING ALU GRANON,Bilinmiyor,43.8355022,5.0655256,,Public,0
196459,Ets Neviere Manosque,Bilinmiyor,43.835475,5.976016,,Public,0
196458,"Manosque, Boulevard les Tilleuls",Bilinmiyor,43.835102,5.784201,,Public - Pay At Location,0
196457,"Manosque, Parking Guilhempierre",Bilinmiyor,43.83339,5.78056,,Public - Pay At Location,0
196456,"Maillane, Rue Pierre Damian, parking Noria",Bilinmiyor,43.832303,4.783836,,Public,0
196455,"Manosque, Parc du souvenir français Pkg Drouille",Bilinmiyor,43.83019,5.7837,,Public - Pay At Location,0
196454,"Manosque, Bas Saint Sépulcre",Bilinmiyor,43.83,5.796637,,Public - Pay At Location,0
196453,Parking PHA,Bilinmiyor,43.829884,5.052629,,Public,0
196452,"Manosque, Avenue du Dr Bernard Foussier",Bilinmiyor,43.829352,5.805136,,Public - Pay At Location,0
196451,Ford Manosque,Bilinmiyor,43.824226,5.787923,,Public,0
196450,Intermarché - Riez - 22kW AC,Bilinmiyor,43.822462,6.0901155,,Public,0
196449,Hyundai Manosque,Bilinmiyor,43.821393,5.794081,,Public,0
196448,"Manosque, Parking de Pré Combeaux",Bilinmiyor,43.816956,5.798577,,Public - Pay At Location,0
196447,Ford Nîmes,Bilinmiyor,43.816868,4.336615,,Public,0
196446,"Riez, Boulevard de Narwick",Bilinmiyor,43.816672,6.092185,,Public - Pay At Location,0
196445,PARKING GAMBUS,Bilinmiyor,43.815137,5.041201,,Public,0
196444,Kia Nimes,Bilinmiyor,43.814814,4.3382,,Public,0
196443,JLR - GRIM - Nîmes,Bilinmiyor,43.8144,4.34126,,Public,0
196442,SKODA,Bilinmiyor,43.8136602,4.3328996,,Public,0
196441,Camping Parc le Duc,VIRTA,43.81099781,3.93391388,,Public,0
196440,"Pierrevert, Place des Ferrages",Bilinmiyor,43.8109723,5.7499732,,Public - Pay At Location,0
196439,LE BROC - PARKING COUVERT,Izivia (Sodetrel),43.809038,7.168219,,Public,0
196438,Parking du SuperU,Bilinmiyor,43.802389,1.591391,,Public - Pay At Location,0
196437,Bessières,Freshmile,43.8004,1.60842,,Public - Pay At Location,0
196436,"La Conciergerie, Saint Rémy",Bilinmiyor,43.795898154156454,4.78275924122744,,Public,0
196434,CARROS VILLAGE - CHEMIN DE LA CALADE,Izivia (Sodetrel),43.791397,7.185988,,Public,0
196433,PARKING ROUMANILLE SAINT REMY,(Unknown Operator),43.7872,4.8283,,"Private - For Staff, Visitors or Customers",1
196432,"Sainte-Tulle, Place du Théatre",Bilinmiyor,43.786687,5.765247,,Public - Pay At Location,0
196431,Castelnau-d'Estrétefonds,Freshmile,43.7845,1.35641,,Public - Pay At Location,0
196430,"La Palud-Sur-Verdon, Le Vignaou",Bilinmiyor,43.780478,6.343127,,Public - Pay At Location,0
196429,"Bouloc, République",Freshmile,43.7795,1.40547,,Public - Pay At Location,0
196428,"Buzet-sur-Tarn, Rue des Écoles",Freshmile,43.7791,1.63193,,Public - Pay At Location,0
196427,INTERPARKING | PARKING MENTON HOTEL DE VILLE,Bilinmiyor,43.7759834,7.5039817,,Public,0
196426,INTERPARKING | PARKING MENTON BASTION,Bilinmiyor,43.7746702,7.5062241,,Public,0
196425,INTERPARKING | PARKING MENTON GEORGE V,Bilinmiyor,43.7738717,7.4963382,,Public,0
196424,"Les Salles-sur-Verdon, Place Gleb Sivirine",Bilinmiyor,43.77316,6.208756,,Public,0
196423,Grenade,Freshmile,43.7682,1.29456,,Public - Pay At Location,0
196422,"Montjoire, Toulouse",Freshmile,43.7671,1.53011,,Public - Pay At Location,0
196421,Parking Eurocentre,Bilinmiyor,43.7653,1.37023,,Public,0
196420,COLOMARS - PARKING FORT CAZAL,Izivia (Sodetrel),43.765256,7.223348,,Public,0
196419,LA BASTIDE D'EYGALIÈRES,Bilinmiyor,43.76015,4.950151,,Public,0
196418,"Sainte-Croix-De-Verdon, Le Village",Bilinmiyor,43.7592,6.15186,,Public,0
196417,"Senas, Avenue de Chevigné",Bilinmiyor,43.746832,5.076277,,Public,0
196416,LIEU DIT LA LOMBARDE - Mas De Foncaudette 841,Qovoltis,43.74417,5.33761,,Public,0
196415,Launac,Freshmile,43.7425,1.18005,,Public - Pay At Location,0
196414,PARKING LOMBARDIE,Izivia (Sodetrel),43.740131,7.285847,,Public,0
196413,Laréole,Freshmile,43.7379,1.02102,,Public - Pay At Location,0
196412,LA FARIGOULETTE CIEL A VILLAGE,Bilinmiyor,43.7342593961128,6.076252915345508,,Public,0
196411,EZE - PARKING COL DEZE,Izivia (Sodetrel),43.730893,7.341451,,Public,0
196410,NICE - PARKING TURIN / A8,Izivia (Sodetrel),43.730675,7.287958,,Public,0
196409,"Cadours, Raymond Sommer",Freshmile,43.7286,1.05059,,Public - Pay At Location,0
196408,STATION U / BORNE 1,ChargePoint,43.72453960381692,3.323696662828892,,Public - Pay At Location,0
196407,Merville,Freshmile,43.723,1.29722,,Public - Pay At Location,0
196406,"Cap d'Ail, Parking du Cap Fleuri",Bilinmiyor,43.7221983,7.404785072,,Public,0
196405,Camping Fontenelle,Bilinmiyor,43.720882,5.160449,,Public,0
196404,Merville,Bilinmiyor,43.7201004,1.32690799,,Public,0
196403,PARKING FLOREAL,Bilinmiyor,43.72,7.1,,Public,0
196402,NICE - CYRILLE BESSET  RP,Izivia (Sodetrel),43.719788,7.25179,,Public,0
196401,Parking de la concession,Bilinmiyor,43.719774,-1.056449,,Public - Pay At Location,0
196400,Montastruc-la-Conseillère,Freshmile,43.717,1.59226,,Public - Pay At Location,0
196399,Intermarché Garidech | Garidech,Bilinmiyor,43.7166,1.56082,,Public,0
196398,Montberon,Freshmile,43.7151,1.48099,,Public - Pay At Location,0
196397,"Caubiac, Village",Freshmile,43.7146,1.08348,,Public - Pay At Location,0
196396,WARNING Toulouse,Bilinmiyor,43.710233,1.413516,,Public,0
196395,NICE - MADELEINE RP,Izivia (Sodetrel),43.706299,7.2326,,Public,0
196394,"Pechbonnieu, 8 Mai 1945",Freshmile,43.7054,1.46728,,Public - Pay At Location,0
196393,"Bretx, Clauses de la Filouse",Freshmile,43.7052,1.19896,,Public - Pay At Location,0
196392,WARNING Nice,Bilinmiyor,43.703258,7.195802,,Public,0
196391,ByMyCar Smart Nice,Porsche Smart Mobility GmbH,43.702093,7.189638,,Public,0
196390,ST PAUL DE VENCE - PARKING VILLAGE,Izivia (Sodetrel),43.70119,7.121963,,Public,0
196389,NICE - MAX BAREL RP,Izivia (Sodetrel),43.700471,7.286961,,Public,0
196388,Ford Arles,Bilinmiyor,43.699624,4.642011,,Public,0
196387,Parking de l'Intermarch,Bilinmiyor,43.699595,1.217512,,Public - Pay At Location,0
196386,NICE - SEGURANE RP,Izivia (Sodetrel),43.699474,7.27976,,Public,0
196385,1 AVENUE GEORGES POMPIDOU 81500 LAVAUR,Qovoltis,43.698647,1.808734,,Public,0
196384,"Quinson, Grand Parking",Bilinmiyor,43.698242,6.038995,,Public,0
196383,RESIDENCE VAL DE DURANCE,Bilinmiyor,43.693586,5.732428,,Public,0
196382,"Montaigut-sur-Save, Impasse de la Save",Freshmile,43.6919,1.22946,,Public - Pay At Location,0
196381,NICE - ROSA BONHEUR RP,Izivia (Sodetrel),43.691707,7.248228,,Public,0
196380,Toyota - Nice - 22KW AC,Bilinmiyor,43.6885902,7.201547,,Public,0
196379,Parking de l'Intermarch,Bilinmiyor,43.685077,1.447254,,Public - Pay At Location,0
196378,Kyriad Lunel 4 - 11 kW,Bilinmiyor,43.6847324,4.1490836,,Public - Pay At Location,0
196377,"Saint-Esteve-Jeanson, Parking Nord",Bilinmiyor,43.680347,5.403016,,Public,0
196376,BASTIDE SAINT PAUL,Bilinmiyor,43.68,7.13,,Public,0
196375,"Saint-Esteve-Jeanson, Parking Sud",Bilinmiyor,43.679402,5.404101,,Public,0
196374,Castelmaurou,Freshmile,43.6786,1.53124,,Public - Pay At Location,0
196373,P+R NIKAIA ETAGE 1,Izivia (Sodetrel),43.676523,7.197112,,Public,0
196372,Parking de l'Intermarch,Bilinmiyor,43.675993,3.819634,,Public - Pay At Location,0
196371,SAINT-LAURENT-DU-VAR - ESPLANADE DU LEVANT,Izivia (Sodetrel),43.674056,7.192614,,Public,0
196370,Parking de l'Intermarch,Bilinmiyor,43.671569,4.421497,,Public - Pay At Location,0
196369,"276 CHEMIN DU CANAL À PAN BLANC, Gîte Arleya",Qovoltis,43.665,4.68152,,Public,0
196368,"Rouffiac-Tolosan, Mairie",Freshmile,43.6649,1.52423,,Public - Pay At Location,0
196367,CAGNES SUR MER - POLYGONE RP,Izivia (Sodetrel),43.664319,7.129493,,Public,0
196366,"Le Puy-Sainte-Reparade, Rue de L'Hotel de Ville",Bilinmiyor,43.663894,5.435216,,Public,0
196365,POLYGONE RIVIERA P1,Izivia (Sodetrel),43.663607,7.127841,,Public,0
196364,AGENCE DE TOULOUSE,Bilinmiyor,43.6622396,1.4592787,,Public,0
196363,CAGNES - LES MURIERS RP,Izivia (Sodetrel),43.65813,7.15081,,Public,0
196362,"Verfeil, Poste",Freshmile,43.6578,1.66252,,Public - Pay At Location,0
196361,CAGNES - HIPPODROME,Izivia (Sodetrel),43.65331,7.15181,,Public,0
196360,Hôtel Ibis Style Toulouse,VIRTA,43.65237411,1.42539138,,Public,0
196359,1 RUE DU PÔLE Hôtel Campanile / 1ère Classe 3,Qovoltis,43.646586,1.41904,,Public,0
196358,Super U Montrabé,Bilinmiyor,43.64446,1.533091,,Public,0
196357,GRASSE - PARKING PLASCASSIER,Izivia (Sodetrel),43.643076,6.97701,,Public,0
196356,Parking du SuperU,Bilinmiyor,43.639595,6.9790744,,Public - Pay At Location,0
196355,"Salon-de-Provence, Rue César Bossy",Bilinmiyor,43.638665,5.093004,,Public,0
196354,ByMyCar Mercedes Villeneuve Loubet,Bilinmiyor,43.638123,7.131983,,Public,0
196353,Parking de la concession,Bilinmiyor,43.637335,3.9278,,Public - Pay At Location,0
196352,SAINT VINCENT DE TYROSSE,Freshmile,43.6368,-1.3577,,Public,0
196351,Kia Salon-de-Provence,Bilinmiyor,43.635921,5.080653,,Public,0
196350,"Jouques, Avenue de la Gare",Bilinmiyor,43.635899,5.636482,,Public,0
196349,Parking de la concession,Bilinmiyor,43.635074,1.43064,,Public - Pay At Location,0
196348,Résidence Newton | Toulouse,Bilinmiyor,43.6334,1.45106,,Public,0
196347,TOULOUSE AEROPORT HOTEL,Bilinmiyor,43.6328,1.394,,Public,0
196346,Hôtel Pullman Toulouse - 22 kW AC - N°2,Bilinmiyor,43.627047,1.38243,,Bilinmiyor,0
196345,2229 ROUTE DES CRÊTES 06560 VALBONNE,Qovoltis,43.6269,7.0455,,Public,0
196344,SOPHIA ANTIPOLIS - CASA GENETS - PUBLIC,Izivia (Sodetrel),43.624772,7.030741,,Public,0
196343,MONTPELLIER BUSINESS SCHOOL,Bilinmiyor,43.6216932,3.83237553,,Public,0
196342,MOUANS SARTOUX - PARKING P+R,Izivia (Sodetrel),43.621304,6.969609,,Public,0
196341,"Montferrat, Pkg. du Stade rte de Draguignan",Bilinmiyor,43.610596,6.482466,,Public - Pay At Location,0
196340,PULLMAN,Electromaps,43.61,1.45,,Public,0
196339,Tzanck - Parking Barthelemy - Mougins,Bilinmiyor,43.609266,7.011042,,Public,0
196338,Champ d'Eysson,Bilinmiyor,43.6089629,6.77276,,Public,0
196337,SAP LABS FRANCE,Bilinmiyor,43.6087505,7.0100812,,Public,0
196336,33 ROUTE DE BAYONNE Campanile Purpan 31300 TO,Qovoltis,43.60755,1.394,,Public,0
196335,MOUANS SARTOUX - PARKING ZI ARGILE,Izivia (Sodetrel),43.607211,6.955042,,Public,0
196334,Parking de l'Intermarch,Bilinmiyor,43.606197,-0.991289,,Public - Pay At Location,0
196333,SARL CALM,Bilinmiyor,43.60575866699219,1.403512716293335,,Public,0
196332,Hotel Palladia | Toulouse,Bilinmiyor,43.6054,1.40016,,Public,0
196331,Parking de l'Intermarch,Bilinmiyor,43.602405,3.87077,,Public - Pay At Location,0
196330,Toyota - Antibes - 22kW AC,Bilinmiyor,43.6023265,7.0880539,,Public,0
196329,CARREFOUR ISLE JOURDAIN,Bilinmiyor,43.602,1.0701,,Public,0
196328,"Léguevin, rue de la Bastide",Freshmile,43.5993,1.2355,,Public - Pay At Location,0
196327,PARKING MARTYRS DE LA RESISTANCE,Izivia (Sodetrel),43.595834,7.091817,,Public,0
196326,Jeep Castres,Bilinmiyor,43.593892,2.220177,,Public,0
196325,MOUGINS PARKING PETITE COLLINE,Izivia (Sodetrel),43.589903,7.040892,,Public,0
196324,Toyota Montpellier,Bilinmiyor,43.589614,3.884912,,Public,0
196323,ANTIBES PARKING JULES GREC,Izivia (Sodetrel),43.589299,7.118111,,Public,0
196322,ANTIBES PARKING RABIAC ESTAGNOL,Izivia (Sodetrel),43.589162,7.09906,,Public,0
196321,Parking de la Concession,Bilinmiyor,43.586664,3.941358,,Public - Pay At Location,0
196320,Honda Cannes,Bilinmiyor,43.584887,7.006067,,Public,0
196319,Volvo Cannes,Bilinmiyor,43.58437,7.009637,,Public,0
196318,MOUGINS - PARKING SCENE 55,Izivia (Sodetrel),43.583708,6.997921,,Public,0
196317,BMW Pelras | Toulouse,Bilinmiyor,43.58244,1.40375,,Public,0
196316,Parking de la Concession,Bilinmiyor,43.58223,6.965646,,Public - Pay At Location,0
196315,DLM MONTPELLIER,Bilinmiyor,43.5818178,3.8840257,,Public,0
196314,"443 RUE DES MARCHANDS, Entretien Auto Vulco 3",Qovoltis,43.57849,4.19002,,Public,0
196313,LE CANNET,Bilinmiyor,43.578109,7.0124368,,Public,0
196312,"La Salvetat-Saint-Gilles, F. Mitterrand",Freshmile,43.5777,1.27251,,Public - Pay At Location,0
196311,Citro-Puy,Bilinmiyor,43.57690340000002,5.430500000000005,,Public,0
196310,Clinique St-Exupéry | Toulouse,Bilinmiyor,43.57644,1.48319,,Public,0
196309,Toyota - Le Cannet - 24kW DC,Bilinmiyor,43.576079,7.012564,,Public,0
196308,LE CANNET PARKING VAL DAZUR,Izivia (Sodetrel),43.575086,7.021575,,Public,0
196307,JLR - ABC - Cannes,Bilinmiyor,43.574314,7.012806,,Public,0
196306,"IXINA, Saint Jean de Védas",Bilinmiyor,43.57430316069223,3.8515752990825822,,Public,0
196305,ANTIBES - PARKING PLAGE DU PONTEIL,Izivia (Sodetrel),43.573163,7.125101,,Public,0
196304,Intermarché - Vallauris - 22kW AC,Bilinmiyor,43.573139,7.0497765,,Public,0
196303,LECLERC 06110 / BORNE 2,ChargePoint,43.572157346379804,7.001552231295314,,Public - Pay At Location,0
196302,ANITBES PARKING DULYS,Izivia (Sodetrel),43.571659,7.101737,,Public,0
196301,ANTIBES PARKING JUAN GARE,Izivia (Sodetrel),43.570758,7.111934,,Public,0
196300,Altissimo | Toulouse,Bilinmiyor,43.5683,1.48733,,Public,0
196299,PARKING MERMOZ 1,Izivia (Sodetrel),43.567243,6.948066,,Public,0
196298,ACCIF TOULOUSE,Bilinmiyor,43.56689,1.394606,,Public,0
196297,TAC TENNIS,Bilinmiyor,43.56417465209961,1.4179816246032715,,Public,0
196296,AGENCE DE MONTPELLIER,Bilinmiyor,43.5634727,3.8465246,,Public,0
196295,"Plaisance-du-Touch, Avenue Montaigne",Freshmile,43.5628,1.30224,,Public - Pay At Location,0
196294,Lanta,Freshmile,43.5613,1.65462,,Public - Pay At Location,0
196293,Securecharge - PIERRE CHALLEIL ET ANTOINE FABRE NOTAIRES,Bilinmiyor,43.56,2.27,,Public,0
196292,Les Lacs des Rêves - Lattes,Bilinmiyor,43.556423,3.939566,,Public,0
196291,Golf Teoula | Plaisance-du-Touch,Bilinmiyor,43.5551,1.2577,,Public,0
196290,CANNES - PARKING BASTIDE ROUGE,Izivia (Sodetrel),43.552794,6.959449,,Public,0
196289,CANNES - AEROPORT MANDELIEU,Izivia (Sodetrel),43.5519,6.953956,,Public,0
196288,CANNES - PARKING BASTIDE ROUGE,Izivia (Sodetrel),43.5515,6.959911,,Public,0
196287,"Saint-Chamas, Parking de la Gare",Bilinmiyor,43.550837,5.040562,,Public,0
196286,LFO / BORNE 2,ChargePoint,43.5499403663524,5.182970529847784,,Public - Pay At Location,0
196285,SCI Haim | Labège,Bilinmiyor,43.549,1.50505,,Public,0
196284,"Ramonville-Saint-Agne, Georges Pompidou",Freshmile,43.5484,1.47782,,Public - Pay At Location,0
196283,"Saint-Chamas, Avenue Marx Dormoy",Bilinmiyor,43.54726,5.03184,,Public,0
196282,CANNES PARKING LERINS,Izivia (Sodetrel),43.543026,7.038457,,Public,0
196281,Sainte-Foy-d'Aigrefeuille,Freshmile,43.5423,1.61002,,Public - Pay At Location,0
196280,"Fontenilles, Saint-Lys",Freshmile,43.5408,1.18917,,Public - Pay At Location,0
196279,"Mandelieu-la-Napoule, Hotel Ilot Du Golf",Bilinmiyor,43.5386752,6.943865577,,Public,0
196278,Dulamon Auto,Bilinmiyor,43.53783,-1.4587,,Public,0
196276,"Fonsorbes, IntermarchÃ©",Freshmile,43.533,1.2259,,Public - Pay At Location,0
196275,"Auzeville-Tolosane, Viognier",Freshmile,43.5318,1.49132,,Public - Pay At Location,0
196274,Ford Draguignan,Bilinmiyor,43.531653,6.44755,,Public,0
196273,"Caraman, Cimetière",Freshmile,43.5312,1.75551,,Public - Pay At Location,0
196272,"Labège, Autan",Freshmile,43.5306,1.53437,,Public - Pay At Location,0
196271,Parking de l'Intermarch,Bilinmiyor,43.529435,1.3494262,,Public - Pay At Location,0
196270,"Saiguède, 8 mai 1945",Freshmile,43.5284,1.14543,,Public - Pay At Location,0
196269,HYUNDAI LABEGE,Freshmile,43.5282203,1.537796,,Public,0
196268,"Vieille-Toulouse, Ecole",Freshmile,43.5259,1.4444,,Public - Pay At Location,0
196267,CHATEAU MENTONE,Bilinmiyor,43.52534026251893,6.278209770098333,,Public,0
196266,MANDELIEU-LA-NAPOULE PARKING CHANTIER NAVAL,Izivia (Sodetrel),43.52533,6.941249,,Public,0
196265,MANDELIEU-LA-NAPOULE PARKING BALCONS DAZUR,Izivia (Sodetrel),43.521552,6.939465,,Public,0
196264,"Escalquens, Tennis",Freshmile,43.5178,1.55905,,Public - Pay At Location,0
196263,Castanet-Tolosan,Freshmile,43.5146,1.49984,,Public - Pay At Location,0
196262,Frouzins,Freshmile,43.5146,1.32192,,Public - Pay At Location,0
196261,"Saint-Lys, Rue du Presbytère",Freshmile,43.5144,1.17848,,Public - Pay At Location,0
196260,Volvo - Honda Aix,Bilinmiyor,43.511956,5.421182,,Public,0
196259,"Tarabel, Ecole",Freshmile,43.5116,1.67391,,Public - Pay At Location,0
196258,SIPECC,Bilinmiyor,43.51,5.23,,Public,0
196257,Kia Les Milles,Bilinmiyor,43.508087,5.406752,,Public,0
196256,Fourquevaux,Freshmile,43.5075,1.61735,,Public - Pay At Location,0
196255,Ford Aix,Bilinmiyor,43.507303,5.399147,,Public,0
196254,CROUS Pauliane 2,Bilinmiyor,43.5069,5.44753,,Public,0
196253,"Pinsaguel, Mairie",Freshmile,43.5069,1.39033,,Public - Pay At Location,0
196252,"Belberaud, Chemin de la Briquetterie",Freshmile,43.5063,1.56636,,Public - Pay At Location,0
196251,"Roquettes, Montségur",Freshmile,43.5001,1.36462,,Public - Pay At Location,0
196250,"Seysses, Eglise",Freshmile,43.4989,1.31135,,Public - Pay At Location,0
196249,"La Motte, Parking Boulevard André Bouis",Bilinmiyor,43.49274,6.534731,,Public,0
196248,INTERMARCHE BAYONNE,Izivia (Sodetrel),43.49184,-1.45285,,Public,0
196247,"Sante-Foy-de-Peyrolières, Tilleuls",Freshmile,43.4918,1.14609,,Public - Pay At Location,0
196246,Technopole Arbois,Bilinmiyor,43.49131,5.329331,,Public,0
196245,"Aix-En-Provence, Rue André Ampère (Paap)",Bilinmiyor,43.490568,5.370653,,Public,0
196244,"Rognac, Boulevard des Jeunes",Bilinmiyor,43.48956,5.23283,,Public,0
196243,"Rognac, Boulevard Jean Jaurès",Bilinmiyor,43.487976,5.227451,,Public,0
196242,THEOULE-SUR-MER PARKING VERT BISSON,Izivia (Sodetrel),43.487486,6.944397,,Public,0
196241,Parking de la Concession,Bilinmiyor,43.484735,5.384736,,Public - Pay At Location,0
196239,PEPINIERES TRETS,Bilinmiyor,43.4805,5.70058,,Public,0
196238,"Pins-Justaret, Croisette",Freshmile,43.4798,1.38719,,Public - Pay At Location,0
196237,1PACTE,Electromaps,43.476583984941,5.476711409891,,Public,0
196236,Kia Fréjus,Bilinmiyor,43.471907,6.734506,,Public,0
196235,CAMPING OASIS VILLAGE,Bilinmiyor,43.47,6.66,,Public,0
196234,"Saint-Clar-de-Rivière, Grand Place",Freshmile,43.4657,1.21595,,Public - Pay At Location,0
196233,Parking de la Concession,Bilinmiyor,43.46497,-1.50153,,Public - Pay At Location,0
196232,HOTEL FORMULE 1,Bilinmiyor,43.463932037353516,6.632329940795898,,Public,0
196231,LM - Puget-sur-Argens Frejus (magasin 192),Bilinmiyor,43.457648,6.691381,,Public,0
196230,Le Montourey - Fréjus,Bilinmiyor,43.457195,6.737264,,Public,0
196229,LM - Puget-sur-Argens Frejus (magasin 192),Bilinmiyor,43.456799,6.69207,,Public - Pay At Location,0
196228,Parking de l'Intermarch,Bilinmiyor,43.453426,1.5866642,,Public - Pay At Location,0
196227,"Fuveau, Avenue Du Maréchal, Parking",Bilinmiyor,43.452861,5.557972,,Public,0
196226,"Labarthe-sur-Lèze, Place François Fournil",Freshmile,43.4528,1.39608,,Public - Pay At Location,0
196225,Ford Pezenas,Bilinmiyor,43.449176,3.414086,,Public,0
196224,Ford Puget sur Argens,Bilinmiyor,43.449069,6.694338,,Public,0
196223,Camping Fréjus 5 étoiles - Le Domaine du Colombier,Bilinmiyor,43.446937038436744,6.729168891906738,,Public,0
196222,BIDART – PLAGE ERRETEGIA,Izivia (Sodetrel),43.444202,-1.586527,,Public,0
196221,Borne de recharge HEXAOM,Bilinmiyor,43.44,5.4,,Public,0
196220,"Le Val, Pkg. de la Mairie Place de la Libération",Bilinmiyor,43.439098,6.072311,,Public,0
196219,Camping Fréjus 5 étoiles - Le Domaine du Colombier,Bilinmiyor,43.43741989135742,6.720282077789307,,Public,0
196218,"Vitrolles, Avenue Denis Padovani",Bilinmiyor,43.436392,5.257975,,Public,0
196217,DLM VITROLLES,Bilinmiyor,43.4359393,5.2414326,,Public,0
196216,"Greasque, Boulevard Salvadore Allende",Bilinmiyor,43.434712,5.540469,,Public,0
196215,WARNING - Marseille,Bilinmiyor,43.434434,5.251248,,Public,0
196214,"Venerque, Mont Frouzy",Freshmile,43.4331,1.4464,,Public - Pay At Location,0
196213,Lherm,Freshmile,43.4301,1.22182,,Public - Pay At Location,0
196212,"Fos-Sur-Mer, Avenue du Sablé D'Or",Bilinmiyor,43.42977,4.94352,,Public,0
196211,Ford Vitrolles,Bilinmiyor,43.426784,5.266113,,Public,0
196210,IPARRA - Arcangues - 7kW AC,Bilinmiyor,43.4252619,-1.5263958,,Public,0
196209,"Eaunes, Mairie",Freshmile,43.424,1.35633,,Public - Pay At Location,0
196208,Ford - Vitrolles - 22kW AC,Bilinmiyor,43.4227369,5.2877885,,Public,0
196207,BORNES U TECHNO / BORNE 1,ChargePoint,43.421307,3.162406,,Public - Pay At Location,0
196206,Ibis Brignoles Provence,Bilinmiyor,43.420531,6.067277,,Public,0
196205,Hotel saint alban,Electromaps,43.41959147913006,3.407609123225763,,Public,0
196204,A l'avant de la concession,Bilinmiyor,43.41956,3.712737,,Public - Pay At Location,0
196203,GSVI Marseille,Bilinmiyor,43.418722,5.230797,,Public,0
196202,"Mimet, Rue de Balotesti",Bilinmiyor,43.417,5.50502,,Public,0
196201,Bluewash1,Bilinmiyor,43.4167,3.6,,Public,0
196200,"D113 & Chem. de la Pourranque, Thyssenkrupp S",Qovoltis,43.41655,5.29781,,Public,0
196199,"Lagardelle-sur-Lèze, Puits",Freshmile,43.4141,1.38962,,Public - Pay At Location,0
196198,Rieumes,Freshmile,43.4119,1.11693,,Public - Pay At Location,0
196197,Camping Lauriers Roses | Fréjus,(Unknown Operator),43.407,6.70925,,Public,0
196196,Ford Brignoles,Bilinmiyor,43.405299,6.078015,,Public,0
196195,INTERMARCHE / VILLEFRANCHE1,ChargePoint,43.4041117,1.703404500000033,,Public - Pay At Location,0
196194,"Martigues, Quai Général Leclerc",Bilinmiyor,43.40283,5.057812,,Public,0
196193,Ford Martigues,Bilinmiyor,43.399142,5.039973,,Public,0
196192,"Le Fauga, Salle des Fêtes",Freshmile,43.398,1.29477,,Public - Pay At Location,0
196191,Villefranche-de-Lauragais,Freshmile,43.3975,1.71702,,Public - Pay At Location,0
196190,"Lavernose-Lacasse, Mairie",Freshmile,43.3967,1.26232,,Public - Pay At Location,0
196189,"Gignac-la-Nerthe, Boulevard Perrier",Bilinmiyor,43.39324,5.23536,,Public,0
196188,"Gardouch, République",Freshmile,43.3901,1.6839,,Public - Pay At Location,0
196187,"Gignac-la-Nerthe, Parking laure",Bilinmiyor,43.386888,5.223084,,Public,0
196186,"Peypin, Avenue de Valdonne",Bilinmiyor,43.38458,5.57785,,Public,0
196185,L'Isle en Dodon,Freshmile,43.3809,0.83871,,Public - Pay At Location,0
196184,"Le Rove, Place de L'Eglise",Bilinmiyor,43.36924,5.25035,,Public,0
196183,"Avignonet-Lauragais, République",Freshmile,43.3666,1.78432,,Public - Pay At Location,0
196182,"Noé, Sainte-Marie",Freshmile,43.3581,1.27554,,Public - Pay At Location,0
196181,Longages,Freshmile,43.3581,1.24848,,Public - Pay At Location,0
196180,Nailloux,Freshmile,43.3577,1.62286,,Public - Pay At Location,0
196179,"Auribail, Cimetière",Freshmile,43.3521,1.38218,,Public - Pay At Location,0
196178,"Auterive, Proudhon",Freshmile,43.3508,1.47748,,Public - Pay At Location,0
196177,JLR - GRIM - Béziers,Bilinmiyor,43.347198,3.2514,,Public,0
196176,"Marseille-14E, Boulevard Simon Bolivar",Bilinmiyor,43.34564,5.0,,Public,0
196175,"Capens, ZAC Serres",Freshmile,43.3436,1.25396,,Public - Pay At Location,0
196174,"Pouy-de-Touges, Mairie",Freshmile,43.3429,1.03756,,Public - Pay At Location,0
196173,"Marseille-13E, 1 Rue Augustin Fresnel",Bilinmiyor,43.342856,5.446643,,Public,0
196172,Parking de la concession,Bilinmiyor,43.337325,-0.38138,,Public - Pay At Location,0
196171,SELAFA ONCODOC,Bilinmiyor,43.33719,3.25578,,Public,0
196170,Mellone Construction - Roquevaire - 22kW AC,Bilinmiyor,43.336796,5.59939,,Public,0
196169,LM - Béziers,Bilinmiyor,43.336708,3.285718,,Public,0
196168,"Marseille-13E, Avenue Escadrille Normandie Niemen",Bilinmiyor,43.33595,5.41021,,Public,0
196167,Promocash Béziers,Bilinmiyor,43.334483,3.274975,,Public,0
196166,"IXINA, Villeneuve-lès-Béziers",Bilinmiyor,43.33412185286013,3.2798983323309523,,Public,0
196165,"Saint-Sulpice-sur-Jèze, Gendarmerie",Freshmile,43.3307,1.31795,,Public - Pay At Location,0
196164,"Marseille-13E, Rue des Glycines",Bilinmiyor,43.32901,5.42744,,Public,0
196163,Gratens,Freshmile,43.3222,1.11114,,Public - Pay At Location,0
196162,DLM MARSEILLE,Bilinmiyor,43.321751,5.3784608,,Public,0
196161,"Peyssies, Mairie",Freshmile,43.3211,1.17716,,Public - Pay At Location,0
196160,"Marseille-12E, Avenue Jean Compadieu",Bilinmiyor,43.32013,5.43225,,Public,0
196159,Camping Robinson,VIRTA,43.31988,3.557714,,Public,0
196158,Victoria Garden,(Unknown Operator),43.3174535,-0.3549031,,Public,0
196157,Cintegabelle,Freshmile,43.3139,1.53181,,Public - Pay At Location,0
196156,"Marseille-11E, Route de la Treille",Bilinmiyor,43.31196,5.51211,,Public,0
196155,"Marseille-3E, 28 Rue Jobin",Bilinmiyor,43.309831,5.389845,,Public,0
196154,BEAUDINARD AUBAGNE,Bilinmiyor,43.307852,5.5835336,,Public,0
196153,"Marseille-12E, 11 Rue des Électriciens",Bilinmiyor,43.304228,5.417336,,Public,0
196152,"Bagnols-En-Foret, 133 Boulevard du Rayol",Bilinmiyor,43.303853,6.603549,,Public,0
196151,"Lafitte-Vigordane, Chapelle",Freshmile,43.302,1.16776,,Public - Pay At Location,0
196150,"Marseille-11E, Chemin de Saint-Menet Aux Accates",Bilinmiyor,43.30195,5.49404,,Public,0
196149,"Marseille-11E, Traverse des Migauds",Bilinmiyor,43.30106,5.50964,,Public,0
196148,Securecharge Green Home Immobilier Camoins,Bilinmiyor,43.300038,5.501248,,Public,0
196147,"Gemenos, Cours Pasteur",Bilinmiyor,43.297151,5.62862,,Public,0
196146,Carbonne,Freshmile,43.2959,1.22489,,Public - Pay At Location,0
196145,Parking du SuperU,Bilinmiyor,43.293862,5.402158,,Public - Pay At Location,0
196144,"Aubagne, Place du Souvenir Français",Bilinmiyor,43.292736,5.574552,,Public,0
196143,Boulogne-sur-Gesse,Freshmile,43.2898,0.648923,,Public - Pay At Location,0
196142,Ford Aubagne,Bilinmiyor,43.287204,5.536087,,Public,0
196141,"Marseille-7E, Square du Lieutenant Danjaume",Bilinmiyor,43.286276,5.351102,,Public,0
196140,Homair | Grimaud,Bilinmiyor,43.2857,6.58054,,Public,0
196139,"Calmont, René Vidal",Freshmile,43.2839,1.63377,,Public - Pay At Location,0
196138,"Marseille-10E, Chemin la Valbarelle À St-Marcel",Bilinmiyor,43.28123,5.43951,,Public,0
196137,"Le Fousseret, Place du 11 Novembre",Freshmile,43.2811,1.06589,,Public - Pay At Location,0
196136,Saint-Elix-le-Château,Freshmile,43.2799,1.13566,,Public - Pay At Location,0
196134,Volvo Marseille,Bilinmiyor,43.276274,5.400253,,Public,0
196133,M2029,Bilinmiyor,43.267998,2.937887,,Public,0
196132,Rieux-Volvestre,Freshmile,43.257,1.1961,,Public - Pay At Location,0
196131,"Lavelanet-de-Comminges, Mairie",Freshmile,43.2552,1.11904,,Public - Pay At Location,0
196130,"Marseille-9E, Boulevard de L'Océan",Bilinmiyor,43.24166,5.39766,,Public,0
196129,"Massabrac, Mairie",Freshmile,43.2247,1.37474,,Public - Pay At Location,0
196128,Aurignac,Freshmile,43.2166,0.882365,,Public - Pay At Location,0
196127,M2024,Bilinmiyor,43.212574,2.298185,,Public,0
196126,"Montesquieu-Volvestre, Esplanade Nord",Freshmile,43.2099,1.23037,,Public - Pay At Location,0
196125,SONEPAR / SC CARCASSONNE,ChargePoint,43.2090288,2.3151921,,Public - Pay At Location,0
196124,M2075,Bilinmiyor,43.207505,5.602322,,Public,0
196123,Bmw Carcassonne,Bilinmiyor,43.207412,2.385471,,Public,0
196122,Ibis la ciotat,Bilinmiyor,43.20610905711502,5.601978976728186,,Public,0
196120,Ford Carcassonne,Bilinmiyor,43.204493,2.303864,,Public,0
196119,Martres-Tolosane,Freshmile,43.2001,1.0118,,Public - Pay At Location,0
196118,Boudrac,Freshmile,43.1917,0.52673,,Public - Pay At Location,0
196117,"La Valette Du Var, Pkg. Centre, place Jean Moulin",Bilinmiyor,43.177244,5.926085,,Public,0
196116,"Le Revest-les-Eaux, Chemin du Beal",Bilinmiyor,43.16388,5.92812,,Public,0
196115,Hyundai Narbonne,Bilinmiyor,43.159454,2.983178,,Public,0
196114,"Afuzy-La Garde, Rue Marcelin Berthelot",Bilinmiyor,43.1488,6.0406,,Public - Pay At Location,0
196113,Parking de la Concession,Bilinmiyor,43.148308,6.036216,,Public - Pay At Location,0
196112,"La Crau, Parking Gressler",Bilinmiyor,43.147958,6.070709,,Public,0
196111,"La Garde, Afuzi Rue Lambot",Bilinmiyor,43.1469,6.0387,,Public - Pay At Location,0
196110,"Toulon, Piscine du Pin d'Alep",Bilinmiyor,43.143787,5.895401,,Public - Pay At Location,0
196109,Camping Campéole Côte des Roses,VIRTA,43.14288259,3.14350611,,Public,0
196108,"La Garde, Rue des Frères Lumières",Bilinmiyor,43.141124,6.031743,,Public - Pay At Location,0
196107,JLR - AAV Toulon,Bilinmiyor,43.1404,6.03592,,Public,0
196106,"La Valette Du Var, Parking Collège Daudet",Bilinmiyor,43.139698,5.981366,,Public,0
196105,Volvo - JLR - Suzuki - Toulon La Garde,Bilinmiyor,43.138913,6.0274,,Public,0
196104,"La Valette, Mairie",Bilinmiyor,43.137653,5.983741,,Public - Pay At Location,0
196103,Parking de l'Intermarch,Bilinmiyor,43.136762,1.605541,,Public - Pay At Location,0
196102,"Le Val, Parking Collège Bosco Chemin du Buchet",Bilinmiyor,43.131758,5.993895,,Public - Pay At Location,0
196101,"Toulon, Pkg. du parc Des Lices 3",Bilinmiyor,43.130591,5.932443,,Public - Pay At Location,0
196100,"Toulon, Rue Antoine Bonnet",Bilinmiyor,43.130532,5.923122,,Public,0
196099,"Toulon, Place Sadi Carnot, Avenue de Valbourdin",Bilinmiyor,43.130271,5.92022,,Public,0
196098,"Toulon, Rue Antoine Bonnet",Bilinmiyor,43.13027018,5.9238871,,Public,0
196097,"Toulon, Place Parmentier",Bilinmiyor,43.130261,5.914784,,Public,0
196096,"Toulon, Parking Font Pre Borne 1",Bilinmiyor,43.129286,5.972501,,Public,0
196095,"Toulon, Pkg co-voiturage Escaillon, Route de Marseille",Bilinmiyor,43.129271,5.887216,,Public - Pay At Location,0
196094,"Toulon, Parking Font Pre Borne 1",Bilinmiyor,43.12926791,5.97218364,,Public,0
196093,"Toulon, Complexe Sportif Léo Lagrange",Bilinmiyor,43.12893153,5.97480134,,Public,0
196092,"La-Valette-du-Var, Rue Marcel Pagnol",Bilinmiyor,43.128168,5.987543,,Public,0
196091,"Toulon, Complexe sportif Léo Lagrange",Bilinmiyor,43.127335,5.974241,,Public - Pay At Location,0
196090,"Toulon, Pkg. du parc Des Lices 2",Bilinmiyor,43.127107,5.93622,,Public - Pay At Location,0
196089,"Toulon, Pkg Bon Rencontre, Avenue Aristide Briand",Bilinmiyor,43.12679,5.902172,,Public,0
196088,"Toulon, Rue Chalucet",Bilinmiyor,43.126733,5.927102,,Public,0
196087,"La Garde, Parking des Bleuets Avenue Jules Ferry",Bilinmiyor,43.124845,6.016902,,Public - Pay At Location,0
196086,Intermarché - Hyères - 22kW AC,Bilinmiyor,43.123458,6.147915,,Public,0
196085,"Toulon, Place du 4 septembre",Bilinmiyor,43.123039,5.952856,,Public,0
196084,"La Crau, Parking Boulodrome",Bilinmiyor,43.120548,6.078095,,Public,0
196083,"Toulon, Rue Henri Poincaré",Bilinmiyor,43.1194873,5.94080194,,Public,0
196082,"Hyeres, PARKING VERSIN",Bilinmiyor,43.116603,6.133562,,Public - Pay At Location,0
196081,"Toulon, Parking De La Carte Postale",Bilinmiyor,43.115201,5.936084,,Public,0
196080,"Toulon, parking DGA",Bilinmiyor,43.11232,5.932108,,Public - Pay At Location,0
196079,"Hyeres, Parking Piscine Municipale",Bilinmiyor,43.111634,6.137923,,Public,0
196078,Saint-Gaudens,Freshmile,43.1101,0.728788,,Public - Pay At Location,0
196077,"Salernes, Pkg des Playes Rue Président Kennedy",Bilinmiyor,43.109013,5.827597,,Public - Pay At Location,0
196076,"Toulon, Plages du Mourillon entrée Ouest 1-1",Bilinmiyor,43.1085,5.943407,,Public - Pay At Location,0
196075,Parking de la concession,Bilinmiyor,43.108445,1.630679,,Public - Pay At Location,0
196074,Kia La Seyne-sur-Mer,Bilinmiyor,43.107996,5.855174,,Public,0
196073,"Toulon, Plage du Mourillon Entrée Ouest 2",Bilinmiyor,43.107935,5.945638,,Public,0
196072,Beauchalot,Freshmile,43.1077,0.86942,,Public - Pay At Location,0
196071,GRUISSAN,Freshmile,43.1076,3.0865,,Public,0
196070,Hôtel Port Beach,(Unknown Operator),43.1075563,3.0952712,,Public,0
196069,"Toulon, Plages du Mourillon 4ème anse 1",Bilinmiyor,43.107303,5.952178,,Public - Pay At Location,0
196068,"Le Pradet, Parking Espace Des Arts",Bilinmiyor,43.107001,6.028701,,Public - Pay At Location,0
196067,"Hyères, Parking espace 3000",Bilinmiyor,43.1062,6.1298,,Public,0
196066,"Hyeres, Place des Aigrettes",Bilinmiyor,43.106,6.175739,,Public,0
196065,"La Seyne Sur Mer, Parking Aristide Briand",Bilinmiyor,43.103103,5.88241,,Public,0
196064,"Six-Fours-Les-Plages, Parking du Stade Baptiste",Bilinmiyor,43.100631,5.8226,,Public,0
196063,"Valentine, Baracane",Freshmile,43.0962,0.70622,,Public - Pay At Location,0
196062,"Carqueiranne, Parking Cimetière",Bilinmiyor,43.094876,6.077222,,Public,0
196061,"Miramont-de-Comminges, Verdun",Freshmile,43.0935,0.74389,,Public - Pay At Location,0
196060,"Le pradet, Place Lluch",Bilinmiyor,43.092978,6.025026,,Public,0
196059,"Six-Fours, Parking Bouillibaye",Bilinmiyor,43.091682,5.836931,,Public,0
196058,"Carqueiranne, Parking Beaurivage",Bilinmiyor,43.088313,6.083604,,Public,0
196057,"Carqueiranne, Parking du Port, Avenue Elie Gautier",Bilinmiyor,43.087644,6.0766,,Public,0
196056,"Montréjeau, Cinéma",Freshmile,43.0849,0.57109,,Public - Pay At Location,0
196055,"Hyères, Parking ARROMANCHES",Bilinmiyor,43.083425,6.150598,,Public,0
196054,"Six-Fours-Les-Plages, Parking du Cros",Bilinmiyor,43.080991,5.806694,,Public,0
196053,Parking de l'Intermarch,Bilinmiyor,43.079709,0.141086,,Public - Pay At Location,0
196052,"Six-Fours, Parking St elme Rue Georges Lahaye",Bilinmiyor,43.078878,5.898863,,Public,0
196051,"Six-Fours-les-Plages, Quai St Pierre",Bilinmiyor,43.07487,5.800506,,Public,0
196050,"Hyeres, Parking De La Capte",Bilinmiyor,43.064793,6.149858,,Public,0
196049,Encausse les Thermes,Freshmile,43.0484,0.74656,,Public - Pay At Location,0
196048,"Labroquère, Rue Armand Ribet",Freshmile,43.0393,0.587374,,Public - Pay At Location,0
196047,"Barbazan, Pradaou",Freshmile,43.0342,0.62402,,Public - Pay At Location,0
196046,"Valcabrère, Basilique",Freshmile,43.0291,0.58466,,Public - Pay At Location,0
196045,"Urau, Mairie",Freshmile,43.0164,0.95573,,Public - Pay At Location,0
196044,"Aspet, Armand Latour",Freshmile,43.0147,0.8006,,Public - Pay At Location,0
196043,CAMPING LA BOURIE,Bilinmiyor,43.000159063034566,0.3790712356567383,,Public,0
196042,HOTEL ORIGINALS ACCESS,Bilinmiyor,42.9937786,1.615694,,Public,0
196041,Sengouagnet,Freshmile,42.9847,0.7886,,Public - Pay At Location,0
196040,Antichan-de-Frontignes,Freshmile,42.9738,0.667604,,Public - Pay At Location,0
196039,"Frontignan-de-Comminges, République",Freshmile,42.9708,0.65856,,Public - Pay At Location,0
196038,Mairie de Rogliano,Bilinmiyor,42.955601,9.41797,,Public - Pay At Location,0
196037,Cierp-Gaud,Freshmile,42.9147,0.64527,,Public - Pay At Location,0
196035,LE VILLAGE 11190 SOUGRAIGNE,Qovoltis,42.90194,2.35455,,Public,0
196034,Hôtel Relax'Otel,VIRTA,42.84012418,3.03797136,,Public,0
196033,"Bagnères-de-Luchon, Lamartine",Tesla (including non-tesla),42.7894,0.591993,,"Private - For Staff, Visitors or Customers",1
196032,Camping Les Tamaris,VIRTA,42.77530709,3.02004486,,Public,0
196031,Hôtel l'Alivi,Bilinmiyor,42.72,9.46,,Public,0
196030,Géant Casino - Bastia - Port Toga,Bilinmiyor,42.70833,9.45321,,Public,0
196029,Best Western Bastia,Bilinmiyor,42.702721,9.440875,,Public,0
196028,Mar Estang - Canet en Roussillon,Bilinmiyor,42.675068,3.031454,,Public,0
196027,Lycées Scamaroni & Vincensini,Bilinmiyor,42.670267,9.439959,,Public - Pay At Location,0
196026,Ostella Bastia,Bilinmiyor,42.667811,9.440618,,Public,0
196025,Village Maurin Suzuki Hyundai,Bilinmiyor,42.665559,2.902049,,Public - Pay At Location,0
196024,Village Maurin - Ford,Bilinmiyor,42.66213,2.905982,,Public,0
196023,Village Maurin - Nissan,Nissan DE Freistrom,42.661424,2.903535,,Public,0
196022,Géant Casino - Furiani,Bilinmiyor,42.657354,9.439093,,Public,0
196021,Kia Furiani,Bilinmiyor,42.648643,9.440248,,Public,0
196020,Motel Saint Michel,VIRTA,42.63252697,8.9318771,,Public,0
196019,JLR BBC Bastia,Bilinmiyor,42.631004,9.439001,,Public,0
196018,LA TOUR BAS ELNE,Freshmile,42.60646,3.00201,,Public,0
196017,SAS COP2000,(Unknown Operator),42.520559,2.0598701,,Public,0
196016,ESSO LE RELAIS DE SAN PEDRONE,Bilinmiyor,42.4604,9.20708,,Public,0
196015,F.B Automobiles,Bilinmiyor,42.45,9.2,,Public,0
196014,DOMAINE DE FALGOS,Bilinmiyor,42.37,2.58,,Public,0
196013,Géant Casino - Corte,Bilinmiyor,42.301294,9.158238,,Public,0
196012,ESSO LE RELAIS DE LA PLAINE,Bilinmiyor,42.1152,9.51351,,Public,0
196011,CORSE TRAVAUX ALERIA - EUROVIA,Bilinmiyor,42.113244,9.507518,,Public,0
196010,CORSTYRENE / BORNE 1,ChargePoint,42.112410216280075,9.47534969594936,,Public - Pay At Location,0
196009,Hôtel Franceschini - Ghisonaccia,Bilinmiyor,42.015491,9.405043,,Public,0
196008,Camping Perla di Mare,VIRTA,42.00559298,9.45740696,,Public,0
196007,Camping Arinella,VIRTA,41.995246,9.445071,,Public,0
196006,Mairie d'Afa,Bilinmiyor,41.983815,8.797071,,Public,0
196005,JLR BBC Ajaccio,Bilinmiyor,41.952599,8.78786,,Public,0
196004,LM - Ajaccio (magasin 293),Bilinmiyor,41.9506,8.77347,,Public,0
196003,Géant Casino - Mezzavia,Bilinmiyor,41.949402,8.77721,,Public,0
196002,Ellipse Ajaccio,Bilinmiyor,41.945632,8.755878,,Public,0
196001,CARREFOUR AJACCIO,Bilinmiyor,41.94325812908591,8.746361669308984,,Public,0
196000,Ajaccio - Le Port,Bilinmiyor,41.941442,8.746823,,Public,0
195999,Ajaccio - Les Salines,Bilinmiyor,41.935176,8.751971,,Public,0
195998,Courtepaille Ajaccio,Bilinmiyor,41.932807,8.757932,,Public,0
195997,Ajaccio - Chemin de Loretto,Bilinmiyor,41.93042,8.732313,,Public,0
195996,ESSO LE RELAIS CECCALDI,Bilinmiyor,41.9286,8.76536,,Public,0
195995,Ajaccio - Hotel de ville,Bilinmiyor,41.919143,8.739099,,Public,0
195994,Ajaccio - Boulevard Lantivy,Bilinmiyor,41.916681,8.737738,,Public,0
195993,Ajaccio - Place Miot,Bilinmiyor,41.914243,8.729369,,Public,0
195992,Résidence les calanques,Electromaps,41.908579309038004,8.657888301758055,,Public,0
195991,IN-GEO Vito,Bilinmiyor,41.907501,8.82367,,Public,0
195990,KALLISTE RIVE SUD,(Unknown Operator),41.85874031254947,8.7970384,,Public,0
195989,Hôtel Maquis et Mer,Bilinmiyor,41.856361,9.399713,,Public,0
195988,Camping Tikiti,VIRTA,41.68211087,8.92031846,,Public,0
195987,Hôtel Le Pinarello,VIRTA,41.6820949,9.3749664,,Public,0
195986,CC Sud Corse - Lecci,Bilinmiyor,41.680351,9.317887,,Public,0
195985,ESSO DIGIACOMI et Fils,Bilinmiyor,41.670601,8.9133,,Public,0
195984,Les pavillons du Belvedere Porto Vecchio,Bilinmiyor,41.612646,9.298676,,Public,0
195983,CC Sud Corse - Stade Claude Papi,Bilinmiyor,41.599468,9.275828,,Public,0
195982,HOTEL LE TILBURY,Bilinmiyor,41.5930127,9.2785984,,Public,0
195981,Hôtel Castell'Verde Porto-Vecchio,Bilinmiyor,41.535,9.269352,,Public,0
195980,Hôtel Moby Dick Porto-Vecchio,Bilinmiyor,41.524884,9.271479,,Public,0
195979,CC Sud Corse - Pianotolli,Bilinmiyor,41.492517,9.055857,,Public,0
195978,Ghisonaccia - Camping,VIRTA,9.445071,41.995246,,Public - Pay At Location,0
195977,Plage de Pinarello - Parking extérieur,VIRTA,9.3749664,41.6820949,,Public - Pay At Location,0
195976,HERSERANGE - Parking de la Mairie,VIRTA,5.78494,49.518518,,Public - Pay At Location,0
195975,Champagne au Mont d'Or - Parking Restaurant,VIRTA,4.7847036,45.80245775,,Public - Pay At Location,0
195974,Camping La Plaine - Parking extérieur,VIRTA,4.33611093,44.42680651,,Public - Pay At Location,0
195973,Camping Le Soleil Vivarais,VIRTA,4.33468576,44.41770558,,Public - Pay At Location,0
195972,Camping Parc Le Duc - Parking Extérieur,VIRTA,3.93391388,43.81099781,,Public - Pay At Location,0
195971,Toulouse - Parking Hotel,VIRTA,1.42539138,43.65237411,,Public - Pay At Location,0
195970,Camping Le Douzou - Parking extérieur,VIRTA,1.23832843,44.73029836,,Public - Pay At Location,0
195969,Camping Dordogne La Peyrugue - Parking extérieur,VIRTA,1.18773817,44.75268759,,Public - Pay At Location,0
195968,Thonac - Parking restaurant,VIRTA,1.116399,45.022197,,Public - Pay At Location,0
195967,Le Vigiers - Parking du Relais,VIRTA,44.792649,0.289881,,Public - Pay At Location,0
195966,Camping Le Paradou - Parking extérieur,VIRTA,45.1910994,0.02692661,,Public - Pay At Location,0
195965,Le Bois-Plage-en-Ré - Camping,VIRTA,46.187012,-1.406844,,Public - Pay At Location,0
195964,Camping Campilo - Parking extérieur,VIRTA,46.62349487,-1.4546121,,Public - Pay At Location,0
195963,Camping Les Brunelles - Parking extérieur,VIRTA,46.41313532,-1.52703596,,Public - Pay At Location,0
195951,Hondschoote - Place du GÃÂ©nÃÂ©ral de Gaulle,Bilinmiyor,50.981441498,2.586960077,,Public - Pay At Location,0
195950,HONDSCHOOTE - Rue De Cassel,Bilinmiyor,50.978393555,2.579956055,,Public - Pay At Location,0
195949,BIERNE - La Place,Bilinmiyor,50.964836121,2.410666943,,Public - Pay At Location,0
195948,BROUCKERQUE - Place De L'Eglise,Bilinmiyor,50.953773499,2.292656898,,Public - Pay At Location,0
195947,REXPOEDE - Rue De West Cappel,Bilinmiyor,50.937503815,2.535747051,,Public - Pay At Location,0
195946,CAPPELLE BROUCK - Route De Bourbourg,Bilinmiyor,50.906955719,2.218332052,,Public - Pay At Location,0
195945,WORMHOUT - Place Du General De Gaulle,Bilinmiyor,50.883457184,2.467585087,,Public - Pay At Location,0
195944,WORMHOUT - Rue de l'ÃÂ©glise,Bilinmiyor,50.880844116,2.467989922,,Public - Pay At Location,0
195943,BOLLEZEELE - Rue De L'Eglise,pass pass électrique,50.865680695,2.327481031,,Public,1
195942,ARDRES - Avenue Fernand Buscot,Bilinmiyor,50.859844208,1.981981993,,Public - Pay At Location,0
195941,LEDRINGHEM - Route D'Arneke,Bilinmiyor,50.854476929,2.439028025,,Public - Pay At Location,0
195940,WATTEN - Rue Saint Antoine,Bilinmiyor,50.833366394,2.212966919,,Public - Pay At Location,0
195939,WULVERDINGHE - Rue Principale,Bilinmiyor,50.831981659,2.255397081,,Public - Pay At Location,0
195938,WATTEN - Place Du Rivage,Bilinmiyor,50.83158493,2.209670067,,Public - Pay At Location,0
195937,Arneke - Rue de la mairie,Bilinmiyor,50.831050873,2.41118145,,Public - Pay At Location,0
195936,HARDIFORT - Contour De L'Eglise,Bilinmiyor,50.821334839,2.485826969,,Public - Pay At Location,0
195935,STEENVOORDE - Rue De Godewaersvelde,Bilinmiyor,50.80891037,2.588376999,,Public - Pay At Location,0
195934,BUYSSCHEURE - La Place,Bilinmiyor,50.803348541,2.333800077,,Public - Pay At Location,0
195933,CASSEL - Place Du General Vandamme,Bilinmiyor,50.802375793,2.482585907,,Public - Pay At Location,0
195932,SAINT SYLVESTRE CAPPEL - Place De L'Eglise,Bilinmiyor,50.776767731,2.55409193,,Public - Pay At Location,0
195931,SAINT JANS CAPPEL - Chemin Haut,Bilinmiyor,50.76335907,2.71962595,,Public - Pay At Location,0
195930,SAINT-OMER -Rue des carmes,Bilinmiyor,50.751529694,2.253588915,,Public - Pay At Location,0
195929,Bailleul - rue du collÃÂ¨ge,Bilinmiyor,50.740097046,2.732645273,,Public - Pay At Location,0
195928,LONGUENESSE - Place de l'hotel de ville,Bilinmiyor,50.738430023,2.245314837,,Public - Pay At Location,0
195927,TOURCOING  - Rue du Pont de Neuville,Bilinmiyor,50.736305237,3.172872066,,Public - Pay At Location,0
195926,RENESCURE - Chemin Lateral Sncf,Bilinmiyor,50.731994629,2.37152791,,Public - Pay At Location,0
195925,BAILLEUL - Avenue De La Liberation,Bilinmiyor,50.729625702,2.735218048,,Public - Pay At Location,0
195924,HAZEBROUCK - Rue AndrÃÂ© Biebuyck,Bilinmiyor,50.723262787,2.53804493,,Public - Pay At Location,0
195923,BOULOGNE-SUR-MER - Place FrÃÂ©dÃÂ©ric Sauvage,Bilinmiyor,50.723110199,1.602159977,,Public - Pay At Location,0
195922,NIEPPE - Place Du General De Gaulle,pass pass électrique,50.70470047,2.8381989,NIEPPE,Public,1
195921,STEENWERCK - Rue De Nieppe,Bilinmiyor,50.700996399,2.780455112,,Public - Pay At Location,0
195920,Blaringhem - Rue Pierre Dhedin,Bilinmiyor,50.692043304,2.403771639,,Public - Pay At Location,0
195919,MORBECQUE - place Amaury de la Grange,Bilinmiyor,50.683307648,2.572230101,,Public - Pay At Location,0
195918,ARMENTIERES - Rue de Comines,Bilinmiyor,50.680702209,2.880901814,,Public - Pay At Location,0
195917,QUIESTÃÂDE - Rue de l'Eglise,Bilinmiyor,50.679103851,2.328888893,,Public - Pay At Location,0
195916,STEENBECQUE - Place Jean Ruyssen,Bilinmiyor,50.673797607,2.485248089,,Public - Pay At Location,0
195915,BOESEGHEM - Rue De La Chapelle,Bilinmiyor,50.662418365,2.438116074,,Public - Pay At Location,0
195914,VILLENEUVE D'ASCQ - Rue du Moulin Delmar,Bilinmiyor,50.650287628,3.125616074,,Public - Pay At Location,0
195913,LILLE - Lille Grand Place,Bilinmiyor,50.637172699,3.063555002,,Public - Pay At Location,0
195912,LILLE - Rue PiÃÂ©tonnes - Le 31,Bilinmiyor,50.634155273,3.065032005,,Public - Pay At Location,0
195911,SAINT VENANT - Chemin de Ceinture,Bilinmiyor,50.624687195,2.549571991,,Public - Pay At Location,0
195910,ISBERGUES - Rue Roger Salengro,Bilinmiyor,50.619552612,2.469696999,,Public - Pay At Location,0
195909,LILLE - Boulevard EugÃÂ¨ne Duthoit,Bilinmiyor,50.607837677,3.039940119,,Public - Pay At Location,0
195908,MONT BERNENCHON - RUE DES ECOLES,Bilinmiyor,50.584751129,2.587523937,,Public - Pay At Location,0
195907,LA COUTURE - Rue du Colonel Bento Roma,Bilinmiyor,50.580345154,2.714592934,,Public - Pay At Location,0
195906,LOCON - Place de l'Europe r du 8 Mai D845,Bilinmiyor,50.570266724,2.665930033,,Public - Pay At Location,0
195905,PÃÂRONNE-EN-MÃÂLANTOIS - Parking de l'Ecole,Bilinmiyor,50.566524506,3.166501999,,Public - Pay At Location,0
195904,GONNEHEM - Place Louis et AndrÃÂ© Delannoy B01,Bilinmiyor,50.562797546,2.575956106,,Public - Pay At Location,0
195903,LILLERS - D69/La Ferme de Philiomel,Bilinmiyor,50.562732697,2.489088058,,Public - Pay At Location,0
195902,DON - Quai de la Deule,Bilinmiyor,50.550739288,2.913980007,,Public - Pay At Location,0
195901,SECLIN - Rue Pierre SÃÂ©mard,Bilinmiyor,50.547214508,3.033775091,,Public - Pay At Location,0
195900,BETHUNE - Place du GÃÂ©nÃÂ©ral de Gaulle,Bilinmiyor,50.535137177,2.643306017,,Public - Pay At Location,0
195899,BETHUNE - Place du 73e,Bilinmiyor,50.53087616,2.636811972,,Public - Pay At Location,0
195898,BETHUNE - Place du MarÃÂ©chal Foch,Bilinmiyor,50.529506683,2.633764982,,Public - Pay At Location,0
195897,LA BASSÃÂE - Rue Jean-Baptiste Lebas,Bilinmiyor,50.528648376,2.805892944,,Public - Pay At Location,0
195896,ANNOEULIN - Rue du 8 mai 1945,Bilinmiyor,50.523124695,2.937422037,,Public - Pay At Location,0
195895,BETHUNE - Avenue du MarÃÂ©chal juin,Bilinmiyor,50.522022247,2.639003038,,Public - Pay At Location,0
195894,BEUVRY - Ruelle de la Place,Bilinmiyor,50.521057129,2.682612896,,Public - Pay At Location,0
195893,LAPUGNOY - Rue Cyr Bouchart D181E5,Bilinmiyor,50.515354156,2.539910078,,Public - Pay At Location,0
195892,DOUVRIN  - rue Marcel Cabiddu,Bilinmiyor,50.510719299,2.846026897,,Public - Pay At Location,0
195891,AUCHEL - rue LÃÂ©on Blum,Bilinmiyor,50.507598877,2.468451977,,Public - Pay At Location,0
195890,CAUCHY A LA TOUR - rue de Floringhem,Bilinmiyor,50.502223969,2.447177887,,Public - Pay At Location,0
195889,VERMELLES - Place de la RÃÂ©publique D39,Bilinmiyor,50.48783493,2.745848894,,Public - Pay At Location,0
195888,LABOURSE - Rue Lavoisier,Bilinmiyor,50.482074738,2.683983088,,Public - Pay At Location,0
195887,BRUAY LA BUISSIERE - rue Joule,Bilinmiyor,50.481376648,2.554048061,,Public - Pay At Location,0
195886,NOEUX LES MINES - rue Nationale,Bilinmiyor,50.480327606,2.66304493,,Public - Pay At Location,0
195885,NOEUX LES MINES - Avenue Pierre Guillon,Bilinmiyor,50.472015381,2.669687033,,Public - Pay At Location,0
195884,DIVION - rue Pasteur,Bilinmiyor,50.470836639,2.498770952,,Public - Pay At Location,0
195883,HOUDAIN - Place de la Marne,Bilinmiyor,50.456455231,2.548959017,,Public - Pay At Location,0
195882,BARLIN - rue de Versailles,Bilinmiyor,50.455364227,2.620496988,,Public - Pay At Location,0
195881,BARLIN - Rue FranÃÂ§ois Arago Pk,Bilinmiyor,50.45495224,2.617301941,,Public - Pay At Location,0
195880,HERSIN COUPIGNY - Rue de Lavoisier,Bilinmiyor,50.447414398,2.646243095,,Public - Pay At Location,0
195879,DIEVAL - Rue du 8 Mai 1945,Bilinmiyor,50.43580246,2.450551033,,Public - Pay At Location,0
195878,HÃÂ©nin Beaumont - Square Ilot Carnot,Bilinmiyor,50.421600342,2.950000048,,Public - Pay At Location,0
195877,HÃÂ©nin Beaumont - Parking de le Gare SNCF,Bilinmiyor,50.416999817,2.950000048,,Public - Pay At Location,0
195876,GAUCHIN LEGAL - rue de Caucourt (D73),Bilinmiyor,50.415294647,2.580123901,,Public - Pay At Location,0
195875,BRUAY-SUR-L'ESCAUT - Place Fontaine,Bilinmiyor,50.397724152,3.535577059,,Public - Pay At Location,0
195874,VRED - Rue Suzanne Lanoy,Bilinmiyor,50.39397049,3.231236935,,Public - Pay At Location,0
195873,PECQUENCOURT - Place Ducasse,Bilinmiyor,50.374229431,3.226089954,,Public - Pay At Location,0
195872,SIN-LE-NOBLE - Rue de la Gare,Bilinmiyor,50.357051849,3.113133192,,Public - Pay At Location,0
195871,TINCQUES - Route de Penin,Bilinmiyor,50.352783203,2.487289906,,Public - Pay At Location,0
195870,AUBIGNY EN ARTOIS - route national,Bilinmiyor,50.345451355,2.580270052,,Public - Pay At Location,0
195869,ARRAS - Place de la PrÃÂ©fecture,Bilinmiyor,50.29234314,2.765626907,,Public - Pay At Location,0
195868,AVESNES LE COMTE - Avenue Francois Mitterrand,Bilinmiyor,50.282756805,2.548168898,,Public - Pay At Location,0
195867,BEAURAINS - Rue Pierre Curie,Bilinmiyor,50.260955811,2.785890102,,Public - Pay At Location,0
195866,CAMBRAI - Impasse de Cheverny,Bilinmiyor,50.189067841,3.242508888,,Public - Pay At Location,0
195865,CAMBRAI - Rue du Champ de ManÃÂuvre,Bilinmiyor,50.181991577,3.240916967,,Public - Pay At Location,0
195864,CAMBRAI - Centre Hospitalier,Bilinmiyor,50.177223206,3.236388922,,Public - Pay At Location,0
195863,CAMBRAI - Place Maurice Schumann,Bilinmiyor,50.176063538,3.241499901,,Public - Pay At Location,0
195862,CAMBRAI - Rue du Paon,Bilinmiyor,50.175136566,3.226725101,,Public - Pay At Location,0
195861,CAMBRAI - Avenue Victor Hugo,Bilinmiyor,50.174999237,3.249284029,,Public - Pay At Location,0
195860,CAMBRAI - Rang Saint Jean,Bilinmiyor,50.174507141,3.238697052,,Public - Pay At Location,0
195859,CAMBRAI - Place EugÃÂ¨ne Thomas,Bilinmiyor,50.172733307,3.227062941,,Public - Pay At Location,0
195858,CAMBRAI - Rue Lafayette,Bilinmiyor,50.169876099,3.260788918,,Public - Pay At Location,0
195857,FOURMIES - Place Maria Blondeau,Bilinmiyor,50.017139435,4.042222023,,Public - Pay At Location,0
195856,FOURMIES - Rue de Grenoble,Bilinmiyor,50.015193939,4.053500175,,Public - Pay At Location,0
195855,FOURMIES - Rue Paul Lafargue,Bilinmiyor,50.011695862,4.04330492,,Public - Pay At Location,0
195854,FOURMIES - Rue des ÃÂ©tangs,Bilinmiyor,50.007888794,4.063582897,,Public - Pay At Location,0
195853,DIEPPE - HÃÂ´tel de Ville,Bilinmiyor,49.923099518,1.075979948,,Public - Pay At Location,0
195852,LAON - Centre Hospitalier,Bilinmiyor,49.56363678,3.610191107,,Public - Pay At Location,0
195851,ISNEAUVILLE - Parking relais Plaine de la Ronce,Bilinmiyor,49.49074173,1.142986178,,Public - Pay At Location,0
195850,COMPIÃÂGNE - MarchÃÂ©,Bilinmiyor,49.418422699,2.824892044,,Public - Pay At Location,0
195849,GRAND QUEVILLY - Mairie Annexe,Bilinmiyor,49.413646698,1.033819914,,Public - Pay At Location,0
195848,SAINT ETIENNE DU ROUVRAY Ã¢ÂÂ Champ des BruyÃÂ¨res Ã¢ÂÂ Rue Charles Peguy,Bilinmiyor,49.404972076,1.068500042,,Public - Pay At Location,0
195847,GRAND QUEVILLY - Place EugÃÂ¨ne Delacroix,Bilinmiyor,49.401939392,1.043921113,,Public - Pay At Location,0
195846,PETIT COURONNE - Rue Winston Churchill,Bilinmiyor,49.385852814,1.021834731,,Public - Pay At Location,0
195845,CAUDEBEC-LES-ELBEUF - Parking Rue Strasbourg,Bilinmiyor,49.28144455,1.025499701,,Public - Pay At Location,0
195844,METZ - Place Saint Vincent,Bilinmiyor,49.124095917,6.172685146,,Public - Pay At Location,0
195843,Place de la Préfecture,(Unknown Operator),49.122058868,6.175211906,Metz,Public - Pay At Location,0
195842,Rue du Chanoine Collin,(Unknown Operator),49.120716095,6.177474022,Metz,Public - Pay At Location,0
195841,METZ- Saint Thiebault,Bilinmiyor,49.112533569,6.178461075,,Public - Pay At Location,0
195840,METZ - Place du Roi Georges,Bilinmiyor,49.110553741,6.170878887,,Public - Pay At Location,0
195839,METZ - Rue d'Austrasie,Bilinmiyor,49.11051178,6.173818111,,Public - Pay At Location,0
195838,METZ - Place du GÃÂ©nÃÂ©ral de Gaulle,Bilinmiyor,49.110290527,6.176558971,,Public - Pay At Location,0
195837,METZ - Place Jean Moulin,Bilinmiyor,49.107948303,6.169641018,,Public - Pay At Location,0
195836,METZ - Rue Dembour,Bilinmiyor,49.106903076,6.178077221,,Public - Pay At Location,0
195835,METZ - Rue Philippe de Vigneulles,Bilinmiyor,49.106521606,6.166906834,,Public - Pay At Location,0
195834,METZ - Muse,Bilinmiyor,49.105892181,6.182878017,,Public - Pay At Location,0
195833,FRENEUSE -  Rue Charles De Gaulle,Bilinmiyor,49.049034119,1.601884961,,Public - Pay At Location,0
195832,JAMBVILLE - Rue Du Regard,Bilinmiyor,49.046962738,1.850597024,,Public - Pay At Location,0
195831,SAINT-MARTIN-LA-GARENNE - Chemin De La DÃÂ©sirÃÂ©e,Bilinmiyor,49.040336609,1.689461946,,Public - Pay At Location,0
195830,BONNIERES-SUR-SEINE - Place De La LibÃÂ©ration - Gauche,Bilinmiyor,49.037479401,1.581954956,,Public - Pay At Location,0
195829,BONNIERES-SUR-SEINE - Rue Des Caboches - Gauche,Bilinmiyor,49.032073975,1.579712987,,Public - Pay At Location,0
195828,FONTENAY-SAINT-PERE - Rue Pasteur,Bilinmiyor,49.027385712,1.751315951,,Public - Pay At Location,0
195827,TESSANCOURT-SUR-AUBETTE - Grande Rue,Bilinmiyor,49.023990631,1.919022202,,Public - Pay At Location,0
195826,FOLLAINVILLE-DENNEMONT - Rue Jean JaurÃÂ¨s,Bilinmiyor,49.014633179,1.695544958,,Public - Pay At Location,0
195825,EVECQUEMONT - Rue D'Adhemar,Bilinmiyor,49.01411438,1.942268968,,Public - Pay At Location,0
195824,JOUY-LE-MOUTIER - Avenue Des Bruzacques,Bilinmiyor,49.01241684,2.042421103,,Public - Pay At Location,0
195823,GUITRANCOURT - Rue AndrÃÂ© Touraud,Bilinmiyor,49.008281708,1.777369976,,Public - Pay At Location,0
195822,VAUX-SUR-SEINE - Place De La Gare,Bilinmiyor,49.006893158,1.963672996,,Public - Pay At Location,0
195821,MEULAN-EN-YVELINES - Rue Des ÃÂ©coles,Bilinmiyor,49.005241394,1.910179973,,Public - Pay At Location,0
195820,VAUX-SUR-SEINE - Parking De La Mairie,Bilinmiyor,49.005214691,1.962762952,,Public - Pay At Location,0
195819,CONFLANS-SAINTE-HONORINE - Place De La LibertÃÂ©,Bilinmiyor,49.005157471,2.116280079,,Public - Pay At Location,0
195818,ROSNY-SUR-SEINE - Rue Nationale,Bilinmiyor,49.000637054,1.632776022,,Public - Pay At Location,0
195817,MEZY-SUR-SEINE - Avenue De ChÃÂ¢teau Briand,Bilinmiyor,48.999408722,1.886458278,,Public - Pay At Location,0
195816,MANTES LA JOLIE - Centre Hospitalier,Bilinmiyor,48.998180389,1.675145984,,Public - Pay At Location,0
195815,ROSNY-SUR-SEINE - Avenue De La Gare,Bilinmiyor,48.996860504,1.631495953,,Public - Pay At Location,0
195814,CONFLANS-SAINTE-HONORINE - Place Du Colonnel Coutisson,Bilinmiyor,48.99641037,2.098133087,,Public - Pay At Location,0
195813,CONFLANS-SAINTE-HONORINE - Place Jean Moulin,Bilinmiyor,48.993595123,2.094629049,,Public - Pay At Location,0
195812,LES MUREAUX - Rue Carnot,Bilinmiyor,48.992950439,1.909626961,,Public - Pay At Location,0
195811,LIMAY - Avenue Du PrÃÂ©sident Wilson,Bilinmiyor,48.991638184,1.735723972,,Public - Pay At Location,0
195810,JUZIERS - Impasse Des Tennis,Bilinmiyor,48.99148941,1.843937993,,Public - Pay At Location,0
195809,BUCHELAY - Rue Du BÃÂ©arn,Bilinmiyor,48.990016937,1.664396048,,Public - Pay At Location,0
195808,LES MUREAUX - Avenue Paul Raoult - Borne 2,Bilinmiyor,48.98915863,1.912814021,,Public - Pay At Location,0
195807,MANTES-LA-JOLIE - Rue De La Sangle,Bilinmiyor,48.988937378,1.718582034,,Public - Pay At Location,0
195806,MANTES-LA-JOLIE - Place Henri Dunant,Bilinmiyor,48.988437653,1.711596012,,Public - Pay At Location,0
195805,ISSOU - Rue De La Gare,Bilinmiyor,48.985897064,1.789592981,,Public - Pay At Location,0
195804,LIMAY - Place Robespierre,Bilinmiyor,48.985099792,1.745882034,,Public - Pay At Location,0
195803,LES MUREAUX - Rue Descartes,(Unknown Operator),48.982730865,1.892768979,,Public - Pay At Location,0
195802,BUCHELAY - Rue Jean-Louis Sciailloux,Bilinmiyor,48.982391357,1.677649975,,Public - Pay At Location,0
195801,TRIEL-SUR-SEINE - Rue Du Pont,Bilinmiyor,48.980766296,2.003005981,,Public - Pay At Location,0
195800,VERNEUIL-SUR-SEINE - Place Du General De Gaulle,Bilinmiyor,48.980632782,1.981397986,,Public - Pay At Location,0
195799,TRIEL-SUR-SEINE - Rue Du Docteur Sobaux,Bilinmiyor,48.980430603,2.005920887,,Public - Pay At Location,0
195798,GARGENVILLE - Rue Simone Veil,Bilinmiyor,48.980190277,1.808737993,,Public - Pay At Location,0
195797,MANTES-LA-VILLE - Place du marchÃÂ©,Bilinmiyor,48.980083466,1.711155057,,Public - Pay At Location,0
195796,BUCHELAY - Rue Pasteur,Bilinmiyor,48.979633331,1.671376944,,Public - Pay At Location,0
195795,VERNEUIL-SUR-SEINE - Parking De La Mairie,Bilinmiyor,48.97914505,1.974997044,,Public - Pay At Location,0
195794,ANDRESY - Boulevard NoÃÂ«l Marc,Bilinmiyor,48.978645325,2.058028936,,Public - Pay At Location,0
195793,CHANTELOUP-LES-VIGNES - Rue Du GÃÂ©nÃÂ©ral Leclerc,Bilinmiyor,48.978534698,2.030589104,,Public - Pay At Location,0
195792,MANTES-LA-VILLE - Route De Houdan,Bilinmiyor,48.977615356,1.714397192,,Public - Pay At Location,0
195791,CHANTELOUP-LES-VIGNES - Rue D'Andresy,Bilinmiyor,48.975349426,2.033277035,,Public - Pay At Location,0
195790,ANDRESY - Place De La Gare,Bilinmiyor,48.974777222,2.049813032,,Public - Pay At Location,0
195789,PORCHEVILLE - Boulevard De La Republique,Bilinmiyor,48.972301483,1.776616693,,Public - Pay At Location,0
195788,VERNOUILLET - Place Conte,Bilinmiyor,48.972015381,1.983167052,,Public - Pay At Location,0
195787,AUBERGENVILLE - Place FranÃÂ§ois Mitterrand,Bilinmiyor,48.971633911,1.848320007,,Public - Pay At Location,0
195786,ACHERES - Rue Jean Moulin,Bilinmiyor,48.968902588,2.076411009,,Public - Pay At Location,0
195785,SAINT-GRATIEN - Forum,Bilinmiyor,48.968101501,2.285054922,,Public - Pay At Location,0
195784,MAGNANVILLE - Rue De La Mare Pasloue,Bilinmiyor,48.966838837,1.683367968,,Public - Pay At Location,0
195783,FLINS-SUR-SEINE - Place Charles De Gaulle,Bilinmiyor,48.96446228,1.870306015,,Public - Pay At Location,0
195782,BOUAFLE - Rue De Charnelles,Bilinmiyor,48.963512421,1.899338961,,Public - Pay At Location,0
195781,FLINS-SUR-SEINE - Rue Maurice Berteaux,Bilinmiyor,48.962993622,1.870787024,,Public - Pay At Location,0
195780,MEZIERES-SUR-SEINE - Rue Maurice Fricotte,Bilinmiyor,48.961704254,1.796763897,,Public - Pay At Location,0
195779,ACHERES - Place De La Jamais Contente,Bilinmiyor,48.96030426,2.06951499,,Public - Pay At Location,0
195778,AUBERGENVILLE - Avenue De La Division Leclerc,Bilinmiyor,48.958442688,1.856246948,,Public - Pay At Location,0
195777,CHÃÂLONS - GHV,Bilinmiyor,48.95778656,4.36091423,,Public - Pay At Location,0
195776,ACHERES - Rue St Germain,Bilinmiyor,48.955661774,2.072183371,,Public - Pay At Location,0
195775,CARRIERES-SOUS-POISSY - Rue Louis Armand,Bilinmiyor,48.951042175,2.038361073,,Public - Pay At Location,0
195774,ECQUEVILLY - Place De Fresnes,Bilinmiyor,48.948253632,1.92258203,,Public - Pay At Location,0
195773,CARRIERES-SOUS-POISSY - Avenue Du Port,Bilinmiyor,48.947635651,2.024576902,,Public - Pay At Location,0
195772,SAINT DENIS - UniversitÃÂ© - Rue Toussaint Louverture,Bilinmiyor,48.94682312,2.365590334,,Public - Pay At Location,0
195771,CARRIERES-SOUS-POISSY - Avenue Vanderbilt,Bilinmiyor,48.946063995,2.025039911,,Public - Pay At Location,0
195770,LA FALAISE - Rue Des Grands Pres,Bilinmiyor,48.945663452,1.831605554,,Public - Pay At Location,0
195769,GUERVILLE - Rue De La LibÃÂ©ration,Bilinmiyor,48.944343567,1.733343959,,Public - Pay At Location,0
195768,ARGENTEUIL - Val d'Argent Sud,Bilinmiyor,48.942424774,2.251199961,,Public - Pay At Location,0
195767,LE MESNIL-LE-ROI - Rue Des Grands Champs,Bilinmiyor,48.939624786,2.121738911,,Public - Pay At Location,0
195766,CARRIERES-SOUS-POISSY - Rue Pasteur,Bilinmiyor,48.93706131,2.022094965,,Public - Pay At Location,0
195765,POISSY - Rue Jean Claude Mary,Bilinmiyor,48.932544708,2.042339087,,Public - Pay At Location,0
195764,ASNIERES-SUR-SEINE - Rue Henri PoincarÃÂ©,Bilinmiyor,48.930660248,2.281164169,,Public - Pay At Location,0
195763,SAINT DENIS - Porte de Paris,Bilinmiyor,48.929561615,2.358735085,,Public - Pay At Location,0
195762,AULNAY-SUR-MAULDRE - Place De La Mairie,Bilinmiyor,48.928787231,1.843633294,,Public - Pay At Location,0
195761,ASNIERES-SUR-SEINE - Rue Robert Lavergne,Bilinmiyor,48.928512573,2.272780895,,Public - Pay At Location,0
195760,MORAINVILLIERS - Place De L'Eglise,Bilinmiyor,48.92780304,1.934972048,,Public - Pay At Location,0
195759,LE MESNIL-LE-ROI - Rue Jules Rein,Bilinmiyor,48.927780151,2.123059988,,Public - Pay At Location,0
195758,POISSY - Rue Du 8 Mai 1945,Bilinmiyor,48.927131653,2.042993069,,Public - Pay At Location,0
195757,DRANCY - Rue Sadi Carnot,Bilinmiyor,48.925769806,2.440460443,,Public - Pay At Location,0
195756,HOUILLES - Rue Michelet,Bilinmiyor,48.924732208,2.187469482,,Public - Pay At Location,0
195755,DRANCY - Rue Nouvelle,Bilinmiyor,48.924240112,2.435706854,,Public - Pay At Location,0
195754,HOUILLES - Rue De La Marne,Bilinmiyor,48.924182892,2.185416698,,Public - Pay At Location,0
195753,ASNIERES-SUR-SEINE - Rue ÃÂmile Zola,Bilinmiyor,48.923309326,2.285568953,,Public - Pay At Location,0
195752,HOUILLES -  Place du 14 Juillet,Bilinmiyor,48.921958923,2.189102888,,Public - Pay At Location,0
195751,POISSY - Place Racine,Bilinmiyor,48.921897888,2.028110027,,Public - Pay At Location,0
195750,GOUSSONVILLE - Rue Des Coutures,Bilinmiyor,48.921295166,1.768962026,,Public - Pay At Location,0
195749,DRANCY - Rue Diderot,Bilinmiyor,48.919445038,2.428887606,,Public - Pay At Location,0
195748,ORGEVAL - Chemin Du Ru,Bilinmiyor,48.919033051,1.977766037,,Public - Pay At Location,0
195747,DRANCY - Rue Saint Stenay,Bilinmiyor,48.918392181,2.418650627,,Public - Pay At Location,0
195746,ASNIERES-SUR-SEINE - Rue olympe de Gouges,Bilinmiyor,48.918376923,2.318570614,,Public - Pay At Location,0
195745,ASNIERES-SUR-SEINE - Avenue d'Argenteuil,Bilinmiyor,48.917575836,2.281687021,,Public - Pay At Location,0
195744,ASNIERES-SUR-SEINE - Rue Henri Say,Bilinmiyor,48.915283203,2.27698493,,Public - Pay At Location,0
195743,LES ALLUETS-LE-ROI - Rue Saint Pierre,Bilinmiyor,48.913406372,1.918952942,,Public - Pay At Location,0
195742,ASNIERES-SUR-SEINE - Rue de Colombes,Bilinmiyor,48.911979675,2.286554098,,Public - Pay At Location,0
195741,MAULE - Chaussee St Vincent,Bilinmiyor,48.911766052,1.849972248,,Public - Pay At Location,0
195740,ASNIERES-SUR-SEINE - Rue Sadi Carnot,Bilinmiyor,48.910030365,2.289632082,,Public - Pay At Location,0
195739,LA GARENNE-COLOMBES - LibertÃÂ©,Bilinmiyor,48.909793854,2.246089935,,Public - Pay At Location,0
195738,ASNIERES-SUR-SEINE - Rue Benoit Malon,Bilinmiyor,48.90953064,2.275408268,,Public - Pay At Location,0
195737,COMBS LA VILLE - 9 Rue des Bergeries,Bilinmiyor,48.909450531,2.398842335,,Public - Pay At Location,0
195736,AIGREMONT - Rue de Feucherolles,Bilinmiyor,48.907577515,2.021081924,,Public - Pay At Location,0
195735,ASNIERES-SUR-SEINE - Rue Denfert Rochereau,Bilinmiyor,48.907104492,2.269463062,,Public - Pay At Location,0
195734,MONTESSON -  Place Paul DÃÂ©mange,Bilinmiyor,48.906963348,2.15124011,,Public - Pay At Location,0
195733,CHAMBOURCY - Rue Croix Blanche,Bilinmiyor,48.906932831,2.039011002,,Public - Pay At Location,0
195732,ASNIERES-SUR-SEINE - Rue de Normandie,Bilinmiyor,48.90618515,2.284948111,,Public - Pay At Location,0
195731,CHAMBOURCY - Rue AndrÃÂ© Derain,Bilinmiyor,48.903247833,2.041870117,,Public - Pay At Location,0
195730,SAINT-GERMAIN-EN-LAYE - Place Victor Hugo,Bilinmiyor,48.902633667,2.072320938,,Public - Pay At Location,0
195729,DAMMARTIN-EN-SERVE - Allee Des Tournesol,Bilinmiyor,48.901012421,1.622527838,,Public - Pay At Location,0
195728,LEVALLOIS PERRET - Place Georges Pompidou/ Parking Pompidou,Bilinmiyor,48.89868927,2.283118963,,Public - Pay At Location,0
195727,COURBEVOIE - Avenue de l'Arche,Bilinmiyor,48.898014069,2.238192081,,Public - Pay At Location,0
195726,ST GERMAIN EN LAYE - Pologne,Bilinmiyor,48.897899628,2.088190079,,Public - Pay At Location,0
195725,ST GERMAIN EN LAYE - ChÃÂ¢teau,Bilinmiyor,48.897598267,2.09506011,,Public - Pay At Location,0
195724,LEVALLOIS PERRET - Rue Ernest Cognacq / Parking AndrÃÂ© CitroÃÂ«n,Bilinmiyor,48.89704895,2.275751114,,Public - Pay At Location,0
195723,COURBEVOIE - Rue Massenet,Bilinmiyor,48.896240234,2.256084919,,Public - Pay At Location,0
195722,PARIS - CitÃÂ© des Sciences,Bilinmiyor,48.895999908,2.387239933,,Public - Pay At Location,0
195721,COURBEVOIE - Rue Albert Simonin - Parking Charras,Bilinmiyor,48.895580292,2.254120111,,Public - Pay At Location,0
195720,LEVALLOIS PERRET - Rue Pierre Brossolette,Bilinmiyor,48.895469666,2.292315006,,Public - Pay At Location,0
195719,LA DÃÂFENSE - Tour EgÃÂ©e,Bilinmiyor,48.895011902,2.238044977,,Public - Pay At Location,0
195718,Pantin - Avenue Anatole France,Bilinmiyor,48.894863129,2.425323009,,Public - Pay At Location,0
195717,LEVALLOIS PERRET - Rue Jacques Mazaud,Bilinmiyor,48.894130707,2.286139011,,Public - Pay At Location,0
195716,LA DÃÂFENSE - Coupole Regnault,Bilinmiyor,48.893379211,2.241930008,,Public - Pay At Location,0
195715,SEPTEUIL - Place De La Mairie Louis FouchÃÂ©,Bilinmiyor,48.892086029,1.679209948,,Public - Pay At Location,0
195714,LEVALLOIS PERRET - Rue du PrÃÂ©sident Wilson,Bilinmiyor,48.891605377,2.290714979,,Public - Pay At Location,0
195713,LEVALLOIS PERRET - Rue Voltaire,Bilinmiyor,48.891208649,2.282188892,,Public - Pay At Location,0
195712,COURGENT - Rue Du ChÃÂ¢teau D'Eau,Bilinmiyor,48.890640259,1.663783312,,Public - Pay At Location,0
195711,Pantin - Rue du PrÃÂ© Saint Gervais,Bilinmiyor,48.890552521,2.403027058,,Public - Pay At Location,0
195710,LA DÃÂFENSE - Saisons,Bilinmiyor,48.890533447,2.252775908,,Public - Pay At Location,0
195709,HARGEVILLE - Rue Du Vieil Orme,Bilinmiyor,48.889816284,1.742612958,,Public - Pay At Location,0
195708,LA DÃÂFENSE - Michelet 2,Bilinmiyor,48.888408661,2.249540091,,Public - Pay At Location,0
195707,LEVALLOIS PERRET - Rue Louise Michel/ Parking Louise Michel,Bilinmiyor,48.88715744,2.284527063,,Public - Pay At Location,0
195706,RUEIL MALMAISON - Mobipole,Bilinmiyor,48.887084961,2.173628092,,Public - Pay At Location,0
195705,NEUILLY SUR SEINE - Inkermann,Bilinmiyor,48.887016296,2.27501893,,Public - Pay At Location,0
195704,LE PORT-MARLY - 28 Rue De Paris,Bilinmiyor,48.884914398,2.109640837,,Public - Pay At Location,0
195703,NEUILLY SUR SEINE - Madrid,Bilinmiyor,48.883342743,2.259768963,,Public - Pay At Location,0
195702,PARIS - Villiers,Bilinmiyor,48.881950378,2.314310074,,Public - Pay At Location,0
195701,CRESPIERES - Place De L'Eglise,Bilinmiyor,48.881637573,1.924110055,,Public - Pay At Location,0
195700,Les lilas - Rue leon renault,Bilinmiyor,48.881340027,2.422369957,,Public - Pay At Location,0
195699,NEUILLY SUR SEINE - MarchÃÂ©,Bilinmiyor,48.880199432,2.276089907,,Public - Pay At Location,0
195698,LE PORT-MARLY - Rue De Paris,Bilinmiyor,48.879123688,2.112344503,,Public - Pay At Location,0
195697,Les lilas - Rue Georges Pompidou,Bilinmiyor,48.879020691,2.415695906,,Public - Pay At Location,0
195696,PARIS - Montholon,Bilinmiyor,48.876831055,2.34592104,,Public - Pay At Location,0
195695,NEUILLY SUR SEINE - Bagatelle,Bilinmiyor,48.876682281,2.250797987,,Public - Pay At Location,0
195694,PARIS - Magenta - Niveau -6,Bilinmiyor,48.875442505,2.354827881,,Public - Pay At Location,0
195693,FEUCHEROLLES - Grande Rue,Bilinmiyor,48.874523163,1.974038959,,Public - Pay At Location,0
195692,PARIS - Etoile Friedland,Bilinmiyor,48.874149323,2.299190044,,Public - Pay At Location,0
195691,PARIS - Haussmann - Galeries Lafayette,Bilinmiyor,48.873256683,2.330812931,,Public - Pay At Location,0
195690,LE PORT-MARLY - Cimetieres,Bilinmiyor,48.873256683,2.104105711,,Public - Pay At Location,0
195689,PARIS - Haussmann C&A,Bilinmiyor,48.872909546,2.329370022,,Public - Pay At Location,0
195688,MARLY-LE-ROI - Parking Marche,Bilinmiyor,48.871879578,2.099299908,,Public - Pay At Location,0
195687,L'ETANG-LA-VILLE - Avenue General De Gaulle,Bilinmiyor,48.870437622,2.072596073,,Public - Pay At Location,0
195686,PARIS - Place Victor Hugo,Bilinmiyor,48.869365692,2.284447908,,Public - Pay At Location,0
195685,MARLY-LE-ROI - Place Du General De Gaulle,Bilinmiyor,48.868358612,2.096698999,,Public - Pay At Location,0
195684,BOUGIVAL -  Rue Yvan Tourgueneff,Bilinmiyor,48.867729187,2.145212889,,Public - Pay At Location,0
195683,BOUGIVAL - Rue Du Général Leclerc,(Unknown Operator),48.867019653,2.137613058,,Public - Pay At Location,0
195682,Thoiry - Route de Versailles,Bilinmiyor,48.865692139,1.797254443,,Public - Pay At Location,0
195681,THOIRY - Rue De La Mare Agrad,Bilinmiyor,48.865619659,1.792564034,,Public - Pay At Location,0
195680,PARIS - Alma Georges V,Bilinmiyor,48.865200043,2.301510096,,Public - Pay At Location,0
195679,BOUGIVAL -  Rue Saint Michel,Bilinmiyor,48.86252594,2.139219046,,Public - Pay At Location,0
195678,LOUVECIENNES - Rue Du Professeur Guyon,Bilinmiyor,48.862293243,2.112803936,,Public - Pay At Location,0
195677,PARIS - Louvre,Bilinmiyor,48.861721039,2.330333948,,Public - Pay At Location,0
195676,LOUVECIENNES - Rue St Michel,Bilinmiyor,48.860946655,2.123419285,,Public - Pay At Location,0
195675,BOUGIVAL -  Rue De La Cour Du Moulin,Bilinmiyor,48.860790253,2.139550924,,Public - Pay At Location,0
195674,SAINT-NOM-LA-BRETECHE - Avenue Des Platanes,Bilinmiyor,48.858898163,2.022779942,,Public - Pay At Location,0
195673,PARIS - Passy,Bilinmiyor,48.858100891,2.275170088,,Public - Pay At Location,0
195672,BEYNES - Place Du 8 Mai 1945,Bilinmiyor,48.856021881,1.876274943,,Public - Pay At Location,0
195671,SAINT-NOM-LA-BRETECHE - Rue Charles De Gaulle,Bilinmiyor,48.855884552,2.019402981,,Public - Pay At Location,0
195670,BOUGIVAL - Rue Cardon,Bilinmiyor,48.8542099,2.132464886,,Public - Pay At Location,0
195669,PARIS - Saint Germain des PrÃÂ©s,Bilinmiyor,48.854099274,2.33178401,,Public - Pay At Location,0
195668,PARIS - Radio France,Bilinmiyor,48.852062225,2.27927804,,Public - Pay At Location,0
195667,BEYNES - Cc De La Petite Mauldre,Bilinmiyor,48.851448059,1.87985301,,Public - Pay At Location,0
195666,PARIS - Saint Sulpice n-1,Bilinmiyor,48.851196289,2.333564997,,Public - Pay At Location,0
195665,PARIS - Faubourg Saint Antoine,Bilinmiyor,48.850849152,2.375396013,,Public - Pay At Location,0
195664,PARIS - Fremicourt,Bilinmiyor,48.84740448,2.297169924,,Public - Pay At Location,0
195663,SAINT-MANDÃÂ - Avenue Gallieni,Bilinmiyor,48.846851349,2.416671991,,Public - Pay At Location,0
195662,SAINT-MANDÃÂ - Avenue Pasteur,Bilinmiyor,48.844734192,2.423410177,,Public - Pay At Location,0
195661,SAINT-MANDÃÂ - ChaussÃÂ©e de l'ÃÂtang,Bilinmiyor,48.843624115,2.420092106,,Public - Pay At Location,0
195660,NOISY-LE-ROI - Avenue Charles De Gaulle,Bilinmiyor,48.843540192,2.064110994,,Public - Pay At Location,0
195659,SAINT-MANDÃÂ -  Place Charles Digeon,Bilinmiyor,48.843162537,2.418883085,,Public - Pay At Location,0
195658,NOISY-LE-ROI - Rue Andre Le Bourblanc,Bilinmiyor,48.842338562,2.06705308,,Public - Pay At Location,0
195657,THIVERVAL-GRIGNON - Parc De Folleville,Bilinmiyor,48.841842651,1.934185028,,Public - Pay At Location,0
195656,BAILLY - Rue Des chÃÂªnes,Bilinmiyor,48.839424133,2.07924509,,Public - Pay At Location,0
195655,PARIS - CitÃÂ© de la Mode Austerlitz,Bilinmiyor,48.838878632,2.371629,,Public - Pay At Location,0
195654,PARIS - CitroÃÂ«n CÃÂ©vennes,Bilinmiyor,48.838779449,2.27630496,,Public - Pay At Location,0
195653,NOGENT SUR MARNE - Rue Jean Monnet,Bilinmiyor,48.838577271,2.493693113,,Public - Pay At Location,0
195652,SAINT-MANDÃÂ - Avenue du GÃÂ©nÃÂ©ral De Gaulle,Bilinmiyor,48.837749481,2.417869091,,Public - Pay At Location,0
195651,NOGENT-SUR-MARNE - Rue Charles VII,Bilinmiyor,48.836513519,2.486093044,,Public - Pay At Location,0
195650,BUSSY ST GEORGES - Parking Relais,Bilinmiyor,48.836200714,2.707809925,,Public - Pay At Location,0
195649,PARIS - Bords de Seine Freysssinet,Bilinmiyor,48.835372925,2.373305082,,Public - Pay At Location,0
195648,Le Perreux Sur Marne - Avenue Pierre Brossolette,Bilinmiyor,48.835296631,2.503036737,,Public - Pay At Location,0
195647,NOGENT SUR MARNE - Parking Baltard,Bilinmiyor,48.8332901,2.473017931,,Public - Pay At Location,0
195646,NOGENT SUR MARNE - Rue Du Port,Bilinmiyor,48.833099365,2.489599943,,Public - Pay At Location,0
195645,BOULOGNE BILLANCOURT - MarchÃÂ©,Bilinmiyor,48.831401825,2.241709948,,Public - Pay At Location,0
195644,PLAISIR - Rue Abel Guyet,Bilinmiyor,48.830718994,1.944519997,,Public - Pay At Location,0
195643,LE CHESNAY - HÃÂ´pital Mignot,Bilinmiyor,48.829906464,2.128247023,,Public - Pay At Location,0
195642,PARIS - Universite Diderot,Bilinmiyor,48.829368591,2.378700018,,Public - Pay At Location,0
195641,VILLE D'AVRAY - Rue Des Marnes,Bilinmiyor,48.828250885,2.183645964,,Public - Pay At Location,0
195640,VILLE D'AVRAY - Avenue Thierry,Bilinmiyor,48.827823639,2.179158688,,Public - Pay At Location,0
195639,VILLEPREUX - Avenue De Touraine,Bilinmiyor,48.827579498,1.999359012,,Public - Pay At Location,0
195638,PLAISIR - Avenue De  Saint Germain,Bilinmiyor,48.826869965,1.948927999,,Public - Pay At Location,0
195637,CHARENTON LE PONT - Rue De Paris,Bilinmiyor,48.8268013,2.405200005,,Public - Pay At Location,0
195636,BOULOGNE BILLANCOURT - Cours Ile Seguin,Bilinmiyor,48.826789856,2.233237028,,Public - Pay At Location,0
195635,CHAMPIGNY-SUR-MARNE - Boulevard De Stalingrad,Bilinmiyor,48.826080322,2.495155096,,Public - Pay At Location,0
195634,PLAISIR - Sentier De L'Ecole,Bilinmiyor,48.825717926,1.953129053,,Public - Pay At Location,0
195633,ISSY LES MOULINEAUX - Ile Saint Germain,Bilinmiyor,48.825260162,2.258817911,,Public - Pay At Location,0
195632,CHAMPIGNY-SUR-MARNE - Avenue Danielle Casanova,Bilinmiyor,48.824981689,2.512491941,,Public - Pay At Location,0
195631,BOULOGNE BILLANCOURT - Rives de Seine,Bilinmiyor,48.824623108,2.236650944,,Public - Pay At Location,0
195630,PLAISIR - Boulevard LÃÂ©on Blum,Bilinmiyor,48.824234009,1.964378953,,Public - Pay At Location,0
195629,VILLE D'AVRAY - Chemin Desvalieres,Bilinmiyor,48.823692322,2.196966171,,Public - Pay At Location,0
195628,CHARENTON LE PONT - Rue du nouveau bercy,Bilinmiyor,48.823387146,2.396461964,,Public - Pay At Location,0
195627,VILLE D'AVRAY - Rue De La Ronce,Bilinmiyor,48.823329926,2.188131809,,Public - Pay At Location,0
195626,VANVES - Plateau de Vanves,Bilinmiyor,48.822971344,2.299385071,,Public - Pay At Location,0
195625,VILLE D'AVRAY - Chemin Desvalieres,Bilinmiyor,48.822044373,2.194736958,,Public - Pay At Location,0
195624,CHAMPIGNY-SUR-MARNE - Avenue Ambroisine,Bilinmiyor,48.815750122,2.561659098,,Public - Pay At Location,0
195623,ALFORTVILLE - Avenue Charles De Gaulle,Bilinmiyor,48.814632416,2.413063526,,Public - Pay At Location,0
195622,CHAMPIGNY SUR MARNE - Rue Pierre Renaudel,Bilinmiyor,48.813781738,2.509613037,,Public - Pay At Location,0
195621,CHAMPIGNY SUR MARNE  - Voie Sonia Delaunay,Bilinmiyor,48.813598633,2.528000116,,Public - Pay At Location,0
195620,NEAUPHLE-LE-CHATEAU - Rue Du Vieux Moulin,Bilinmiyor,48.81280899,1.90337503,,Public - Pay At Location,0
195619,CHAMPIGNY-SUR-MARNE - Rue du Bois L'AbbÃÂ©,Bilinmiyor,48.81035614,2.542103052,,Public - Pay At Location,0
195618,VERSAILLES - MarchÃÂ© Notre Dame,Bilinmiyor,48.806835175,2.130853891,,Public - Pay At Location,0
195617,ALFORTVILLE - Rue Port L'Anglais,Bilinmiyor,48.805500031,2.414099932,,Public - Pay At Location,0
195616,ARCUEIL - Avenue FranÃÂ§ois Vincent Raspail,Bilinmiyor,48.80538559,2.337156057,,Public - Pay At Location,0
195615,ALFORTVILLE -  Avenue Joseph Franceschi,Bilinmiyor,48.805370331,2.421277046,,Public - Pay At Location,0
195614,VERSAILLES - Saint Cloud,Bilinmiyor,48.804870605,2.131798029,,Public - Pay At Location,0
195613,ARCUEIL - Rue Paul Bert,Bilinmiyor,48.80406189,2.32882905,,Public - Pay At Location,0
195612,JOUARS-PONTCHARTRAIN - Rue Louis Phelypeaux,Bilinmiyor,48.803005219,1.896957994,,Public - Pay At Location,0
195611,ALFORTVILLE - Avenue Du GÃÂ©nÃÂ©ral Malferet,Bilinmiyor,48.802398682,2.425600052,,Public - Pay At Location,0
195610,JOUARS-PONTCHARTRAIN - Route De Paris,Bilinmiyor,48.802322388,1.90081799,,Public - Pay At Location,0
195609,ARCUEIL - Rue Emile Raspail,Bilinmiyor,48.800006866,2.331594944,,Public - Pay At Location,0
195608,CACHAN - Avenue Carnot,Bilinmiyor,48.798599243,2.326699972,,Public - Pay At Location,0
195607,ALFORTVILLE - Rue de Verdun,Bilinmiyor,48.796146393,2.426953077,,Public - Pay At Location,0
195606,CACHAN - Rue Camille Desmoulins,Bilinmiyor,48.794300079,2.334599972,,Public - Pay At Location,0
195605,CACHAN - Avenue Du Pont Royal,Bilinmiyor,48.793193817,2.32786727,,Public - Pay At Location,0
195604,CACHAN - Rue Francois Delage,Bilinmiyor,48.792678833,2.337120056,,Public - Pay At Location,0
195603,ALFORTVILLE - Place De L'Europe,Bilinmiyor,48.789001465,2.428822041,,Public - Pay At Location,0
195602,MERE - Square Raoul Breton,Bilinmiyor,48.788097382,1.820155621,,Public - Pay At Location,0
195601,CACHAN - Rue Des Saussaies,Bilinmiyor,48.786346436,2.340517282,,Public - Pay At Location,0
195600,CACHAN - Avenue de la Division Leclerc,Bilinmiyor,48.785499573,2.328836918,,Public - Pay At Location,0
195599,SCEAUX - Rue De Bagneux,Bilinmiyor,48.784290314,2.302846909,,Public - Pay At Location,0
195598,ALFORTVILLE - Rue Etienne Dolet,Bilinmiyor,48.784095764,2.427835703,,Public - Pay At Location,0
195597,SCEAUX - Avenue Paul Langevin,Bilinmiyor,48.78395462,2.292258024,,Public - Pay At Location,0
195596,JOUARS-PONTCHARTRAIN - Rue Du Grand Commun,Bilinmiyor,48.780673981,1.892446041,,Public - Pay At Location,0
195595,SCEAUX - Avenue de la gare,Bilinmiyor,48.779281616,2.281661034,,Public - Pay At Location,0
195594,SCEAUX - Rue Houdan,Bilinmiyor,48.778865814,2.288979053,,Public - Pay At Location,0
195593,TREMBLAY SUR MAULDRE - Rue Du Pave,Bilinmiyor,48.778572083,1.875211,,Public - Pay At Location,0
195592,MONTFORT-L'AMAURY - Place Robert Brault,Bilinmiyor,48.777702332,1.81013,,Public - Pay At Location,0
195591,SCEAUX - Avenue Franklin Roosevelt,Bilinmiyor,48.776992798,2.29668808,,Public - Pay At Location,0
195590,CHEVILLY-LARUE - Rue de la Provence,Bilinmiyor,48.772331238,2.359803915,,Public - Pay At Location,0
195589,CHEVILLY-LARUE - Place du MarÃÂ©chal de Lattre de Tassigny,Bilinmiyor,48.7722435,2.367141962,,Public - Pay At Location,0
195588,CHEVILLY-LARUE - Avenue de la croix du Sud,Bilinmiyor,48.769775391,2.34258604,,Public - Pay At Location,0
195587,CHEVILLY-LARUE - Avenue de Bretagne,Bilinmiyor,48.762069702,2.356848955,,Public - Pay At Location,0
195586,COIGNIERES - Rue De Neauphle Le ChÃÂ¢teau,Bilinmiyor,48.75056076,1.918609977,,Public - Pay At Location,0
195585,COIGNIERES - Place De L'Eglise,Bilinmiyor,48.747032166,1.917798996,,Public - Pay At Location,0
195584,TOUSSUS-LE-NOBLE  - Rue Robert Esnault Pelterie,Bilinmiyor,48.745613098,2.114876986,,Public - Pay At Location,0
195583,BURES SUR YVETTES - Gare RER,Bilinmiyor,48.697166443,2.164252996,,Public - Pay At Location,0
195582,NANCY - Charles III,Bilinmiyor,48.689399719,6.181950092,,Public - Pay At Location,0
195581,NANCY - Joffre Saint Thiebault,Bilinmiyor,48.687728882,6.179848194,,Public - Pay At Location,0
195580,STRASBOURG - HautePierre,Bilinmiyor,48.591899872,7.709310055,,Public - Pay At Location,0
195579,STRASBOURG - Kleber,Bilinmiyor,48.584300995,7.744170189,,Public - Pay At Location,0
195578,BREST - 5 Rue Ferdinand De Lessep - Ctc,Bilinmiyor,48.419845581,-4.45678091,,Public - Pay At Location,0
195577,BREST - Boulevard Europe - Ctm,Bilinmiyor,48.416069031,-4.465472221,,Public - Pay At Location,0
195576,SILLE LE GUILLAUME - Place de la Gare,Bilinmiyor,48.18176651,0.1294730008,,Public - Pay At Location,0
195575,LE MANS - Rue de Bellevue,Bilinmiyor,48.015911102,0.2061177045,,Public - Pay At Location,0
195574,LE MANS - Avenue MarÃÂ©chal Lyautey,Bilinmiyor,48.014858246,0.2218371183,,Public - Pay At Location,0
195573,LE MANS - Rue Paul Courboulay,Bilinmiyor,48.001289368,0.1908109933,,Public - Pay At Location,0
195572,LE MANS - Rue de Joinville,Bilinmiyor,47.996646881,0.2049288154,,Public - Pay At Location,0
195571,LE MANS - Rue de Coeffort,Bilinmiyor,47.994598389,0.1994658262,,Public - Pay At Location,0
195570,LE MANS - Rue Christian Pineau,Bilinmiyor,47.980789185,0.206172362,,Public - Pay At Location,0
195569,ALLONNES - Rue Maurice Ravel,Bilinmiyor,47.970291138,0.1613730043,,Public - Pay At Location,0
195568,LE MANS - Rue Marc Sangnier,Bilinmiyor,47.968647003,0.2094292194,,Public - Pay At Location,0
195567,LE MANS - Rue Joseph Marie Jacquard,Bilinmiyor,47.966018677,0.1811416447,,Public - Pay At Location,0
195566,LA SUZE SUR SARTHE - Route De Foulletourte,Bilinmiyor,47.881721497,0.02848600037,,Public - Pay At Location,0
195565,LA FLECHE - Boulevard de MontrÃÂ©al,Bilinmiyor,47.697525024,-0.07158400118,,Public - Pay At Location,0
195564,ETREZ - Route De Montrevel,Bilinmiyor,46.334140778,5.183526993,,Public - Pay At Location,0
195563,CRAS-SUR-REYSSOUZE - Place Du MarchÃÂ©,Bilinmiyor,46.307659149,5.165701866,,Public - Pay At Location,0
195562,PONCIN - Avenue Du Parc,Bilinmiyor,46.085720062,5.405705929,,Public - Pay At Location,0
195561,SALERS - Parking Des SagraniÃÂ¨res - Rd 35,Bilinmiyor,45.138694763,2.496268034,,Public - Pay At Location,0
195560,PONT-DE-CLAIX - Parking-Relais L'Etoile,Bilinmiyor,45.137550354,5.703981876,,Public - Pay At Location,0
195559,PONT-DE-CLAIX - Rue Stalingrad,Bilinmiyor,45.123416901,5.698552132,,Public - Pay At Location,0
195558,LAROQUEBROU - Rue du 11 juin 1944 - D653,Bilinmiyor,44.966636658,2.193020105,,Public - Pay At Location,0
195557,BORDEAUX - Bassin ÃÂ  flot,Bilinmiyor,44.867683411,-0.5621209741,,Public - Pay At Location,0
195556,ST MAMET LA SALVETAT - AllÃÂ©e des Coudercs - Parking aire de jeu,Bilinmiyor,44.858066559,2.309612036,,Public - Pay At Location,0
195555,BORDEAUX - Brienne,Bilinmiyor,44.825717926,-0.5480671525,,Public - Pay At Location,0
195554,VISAN - Impasse Du Stade,Bilinmiyor,44.313293457,4.948449135,,Public - Pay At Location,0
195553,LAPALUD - Rue Du Barry,Bilinmiyor,44.305137634,4.685691833,,Public - Pay At Location,0
195552,BOLLENE - Place des Recollets,Bilinmiyor,44.280509949,4.748733044,,Public - Pay At Location,0
195551,LAMOTTE-DU-RHONE - Zone Artisanale,Bilinmiyor,44.266143799,4.678859234,,Public - Pay At Location,0
195550,SAINT-ROMAIN-EN-VIENNOIS - Avenue De Verdun - Place Du 11 Novembre,Bilinmiyor,44.259010315,5.109612942,,Public - Pay At Location,0
195549,SAINTE-CECILE-LES-VIGNES - Place Du Colonel Arnaud Beltrame - Avenue Jean Jaures,Bilinmiyor,44.24401474,4.885836124,,Public - Pay At Location,0
195548,MONDRAGON - Rue Des Anciens Combattants,Bilinmiyor,44.238330841,4.711703777,,Public - Pay At Location,0
195547,CAIRANNE - Parking De La Poste,Bilinmiyor,44.228981018,4.932466984,,Public - Pay At Location,0
195546,AGEN - Gare,Bilinmiyor,44.207771301,0.6233050227,,Public - Pay At Location,0
195545,SEGURET - Parking P2 - Place Jean Moulin,Bilinmiyor,44.207256317,5.023124218,,Public - Pay At Location,0
195544,AGEN - Carnot,Bilinmiyor,44.204235077,0.6205239892,,Public - Pay At Location,0
195543,AGEN - Reine Garonne,Bilinmiyor,44.204082489,0.6154919863,,Public - Pay At Location,0
195542,MORNAS - Avenue Jean Moulin,Bilinmiyor,44.202167511,4.727138996,,Public - Pay At Location,0
195541,SERIGNAN-DU-COMTAT - Parking Du NaturoptÃÂ¨re - Gauche,Bilinmiyor,44.186523438,4.839464188,,Public - Pay At Location,0
195540,SAVOILLAN - Chemin De Saint Agricol,Bilinmiyor,44.179679871,5.375616074,,Public - Pay At Location,0
195539,MALAUCENE - Parking Cours des Isnards,Bilinmiyor,44.175548553,5.131869793,,Public - Pay At Location,0
195538,VACQUEYRAS - MontÃÂ©e Bellevue,Bilinmiyor,44.138923645,4.981357098,,Public - Pay At Location,0
195537,JONQUIERES - Route de Courthezon,Bilinmiyor,44.113113403,4.897553921,,Public - Pay At Location,0
195536,CAROMB - Avenue Jean Moulin,Bilinmiyor,44.111228943,5.105717182,,Public - Pay At Location,0
195535,CADEROUSSE - Cours Gabriel PÃÂ©ri,Bilinmiyor,44.103038788,4.758339882,,Public - Pay At Location,0
195534,SAULT - Place Des Aires,Bilinmiyor,44.093013763,5.408863068,,Public - Pay At Location,0
195533,COURTHEZON - Avenue General Leclerc,Bilinmiyor,44.087059021,4.887829781,,Public - Pay At Location,0
195532,SARRIANS - Boulevard F. Mistral (Parc De La Poste),Bilinmiyor,44.082820892,4.967785835,,Public - Pay At Location,0
195531,MORMOIRON - Route De Carpentras,Bilinmiyor,44.065143585,5.18253088,,Public - Pay At Location,0
195530,MAZAN - Zone Du Piol,Bilinmiyor,44.061668396,5.115583897,,Public - Pay At Location,0
195529,CARPENTRAS - CommunautÃÂ© D'AgglomÃÂ©ration Ventous Comtat Venaissin - Gauche,Bilinmiyor,44.059410095,5.067827225,,Public - Pay At Location,0
195528,VILLES-SUR-AUZON - Rue de Villeneuve,Bilinmiyor,44.056526184,5.235653877,,Public - Pay At Location,0
195527,CHATEAUNEUF-DU-PAPE - Rue Des Consuls,Bilinmiyor,44.056468964,4.834774017,,Public - Pay At Location,0
195526,CARPENTRAS - Parking Gare Pem - Gauche,Bilinmiyor,44.046756744,5.04559803,,Public - Pay At Location,0
195525,MONTEUX - Rue AimÃÂ© DuprÃÂ©,Bilinmiyor,44.037151337,4.994430065,,Public - Pay At Location,0
195524,CARPENTRAS - ChÃÂ¢teau Durbesson,Bilinmiyor,44.033893585,5.041113853,,Public - Pay At Location,0
195523,SAINT-CHRISTOL - Chemin Des Eglantiers,Bilinmiyor,44.029659271,5.490996838,,Public - Pay At Location,0
195522,SAINT-DIDIER - Chemin Le Tour Du Pont,Bilinmiyor,44.00497818,5.108521938,,Public - Pay At Location,0
195521,SAINT-SATURNIN-LES-AVIGNON - Parking Hotel De Ville,Bilinmiyor,43.956165314,4.929955006,,Public - Pay At Location,0
195520,MORIERES-LES-AVIGNON - Place Jean Moulin,Bilinmiyor,43.941963196,4.906526089,,Public - Pay At Location,0
195519,SAINT-SATURNIN-LES-APT - Piscine ExtÃÂ©rieure,Bilinmiyor,43.94146347,5.382240772,,Public - Pay At Location,0
195518,SAUMANE-DE-VAUCLUSE - Cours RenÃÂ© Chaar,Bilinmiyor,43.937225342,5.105523109,,Public - Pay At Location,0
195517,LE THOR - Chemin Des Estourans,Bilinmiyor,43.92918396,4.996997833,,Public - Pay At Location,0
195516,JOUCAS - Parking D102,Bilinmiyor,43.925487518,5.254271984,,Public - Pay At Location,0
195515,FONTAINE-DE-VAUCLUSE - Place De Verdun,Bilinmiyor,43.921524048,5.125678062,,Public - Pay At Location,0
195514,CAUMONT-SUR-DURANCE - Place Maurice Beaux - Gauche,Bilinmiyor,43.892288208,4.942841053,,Public - Pay At Location,0
195513,APT - Cours Lauze De Perret,Bilinmiyor,43.874645233,5.398722172,,Public - Pay At Location,0
195512,MAUBEC - Chemin Des Guillaumets - Gauche,Bilinmiyor,43.867446899,5.140635967,,Public - Pay At Location,0
195511,GRAMBOIS - Les Pasquiers,Bilinmiyor,43.761035919,5.591158867,,Public - Pay At Location,0
195510,ROQUEBRUNE CAP MARTIN - MAIRIE - Avenue Paul Doumer,Bilinmiyor,43.758052826,7.473740101,,Public - Pay At Location,0
195509,PUGET - Chemin De La Baronne,Bilinmiyor,43.755638123,5.270449162,,Public - Pay At Location,0
195508,CADENET - Route De Vaugines,Bilinmiyor,43.737693787,5.376688004,,Public - Pay At Location,0
195507,LA TOUR-D'AIGUES - Rue Claude Haut (CollÃÂ¨ge),Bilinmiyor,43.72857666,5.548383236,,Public - Pay At Location,0
195506,AUCH - ZAC Grand ChÃÂªne nÃÂ°1,Bilinmiyor,43.665531158,0.6110500097,,Public - Pay At Location,0
195505,GRASSE - HÃÂ´tel de ville,Bilinmiyor,43.659008026,6.925033092,,Public - Pay At Location,0
195504,TOULOUSE - Avenue des Etats-Unis,Bilinmiyor,43.643299103,1.42750001,,Public - Pay At Location,0
195503,SALON DE PROVENCE - Portail Coucou,Bilinmiyor,43.641807556,5.099866867,,Public - Pay At Location,0
195502,SALON DE PROVENCE - Emperi,Bilinmiyor,43.638996124,5.098835945,,Public - Pay At Location,0
195501,BLAGNAC - Parking Place Des Arts,Bilinmiyor,43.635105133,1.39819777,,Public - Pay At Location,0
195500,TOULOUSE - Ramblas,Bilinmiyor,43.609294891,1.453745008,,Public - Pay At Location,0
195499,TOULOUSE - Victor Hugo,Bilinmiyor,43.606086731,1.446526051,,Public - Pay At Location,0
195498,TOULOUSE - Jean JaurÃÂ¨s,Bilinmiyor,43.606060028,1.449504018,,Public - Pay At Location,0
195497,TOULOUSE - Capitole,Bilinmiyor,43.604301453,1.443560004,,Public - Pay At Location,0
195496,TOULOUSE - Rue Luce Boyals - Parking P2,Bilinmiyor,43.603855133,1.405737996,,Public - Pay At Location,0
195495,TOULOUSE - Saint Georges,Bilinmiyor,43.603298187,1.450719953,,Public - Pay At Location,0
195494,BIARRITZ - Casino,Bilinmiyor,43.483299255,-1.55941999,,Public - Pay At Location,0
195493,CI2C REVEL - Rue ClÃÂ©mence Isaure,Bilinmiyor,43.451953888,1.992838979,,Public - Pay At Location,0
195492,SAINT RAPHAEL - Parking de la Gare,Bilinmiyor,43.422805786,6.769752026,,Public - Pay At Location,0
195491,PAU - Place du 7ÃÂ¨me art Rue AndrÃÂ© Mitton,Bilinmiyor,43.315162659,-0.3585349023,,Public - Pay At Location,0
195490,MARSEILLE - Quai dÃ¢ÂÂArenc,Bilinmiyor,43.31244278,5.367205143,,Public - Pay At Location,0
195489,LA CIOTAT - Avenue De La Gare,Bilinmiyor,43.19959259,5.632381916,,Public - Pay At Location,0
195488,LA CIOTAT - POSTE ST JEAN - Avenue ThÃÂ©odore Aubanel,Bilinmiyor,43.189464569,5.626564026,,Public - Pay At Location,0
195487,LA CIOTAT - Avenue FrÃÂ©deric Mistral,Bilinmiyor,43.179187775,5.610915184,,Public - Pay At Location,0
195486,LA CIOTAT - IUT - Avenue Maurice Sandral,Bilinmiyor,43.173519135,5.604214191,,Public - Pay At Location,0
195485,Alizé Cinéma CGR,Alizé Liberté,43.164325714,2.986775398,Narbonne,Public,3
195484,HYÃÂRES - Gambetta,Bilinmiyor,43.119083405,6.128417969,,Public - Pay At Location,0
195483,HYÃÂRES - Casino,Bilinmiyor,43.118667603,6.131402016,,Public - Pay At Location,0
195482,SAINT LAURENT DE CERDANS - Place Gabriel PÃÂ©ri,Bilinmiyor,42.385314941,2.611635923,,Public - Pay At Location,0
195379,Proviridis Annecy,ZEN (Zero Emission Network)/PROVIRIDIS,45.887868359958674,6.115099547629484,Seynod,Public,4
195378,St Etienne Métropole - Avenue Mendes France - Saint-Priest-en-Jarez ,e-totem,45.47996516973791,4.35428435102142,Saint-Priest-en-Jarez,Public,1
195371,TotalEnergies - Relais Beaune Tailly,TotalEnergies (FR),46.963923628425164,4.8364084301482535,Bligny-lès-Beaune,Public,8
195370,TotalEnergies - Relais Ceignes Cerdon,TotalEnergies (FR),46.11409787377363,5.493339716179094,Ceignes,Public,8
195337,Modulo Place des Cigognes,(Unknown Operator),48.15964133531247,7.371258945336308,Ostheim,Public - Membership Required,1
195221,Lidl Rue de Behobie,Lidl,43.3488067709599,-1.7705322977831202,Hendaye,Public,4
195032,Carrefour Energies - Fécamp,Allego BV,49.75422613127893,0.372377202176267,Fécamp,Public,8
194654,Electra - Bobigny - Hôtel Campanile,Electra,48.90570490869575,2.4569691137421614,Bobigny,Public,4
194653,Electra - Saint-Barthélemy-d'Anjou - RS Parc,Electra,47.48171370943112,-0.5026524751433499,Saint-Barthélemy-d'Anjou,Public,4
194609,Parking Coeur de Ville,(Business Owner at Location),43.38827994369976,-1.6603036888003544,Saint-Jean-de-Luz,Public,2
194585,Parking Clemanceau,(Business Owner at Location),43.480914592684854,-1.559164019271293,Biarritz,Public,2
194581,Tesla Supercharger Bourg-Achard,Tesla (including non-tesla),49.358838701769116,0.8176853796502428,Bourg-Achard,Public,20
194552,Carrefour Energies - Armentières,Allego BV,50.689454284639,2.884899794776061,Armentières,Public,6
194551,Lidl Rue de Socoa,Lidl,43.38446330885722,-1.693663859856315,Urrugne,Public,1
194541,Carrefour Energies - Hazebrouck,Allego BV,50.738885453316186,2.5453943752356736,Hazebrouck,Public,8
194539,Centre Commerciale,Freshmile,43.37478406181009,-1.6779507988622981,Urrugne,Public - Membership Required,8
194533,Carrefour Energies - Tours,Allego BV,47.37890177520953,0.7143366957053559,Saint-Pierre-des-Corps,Public,10
194531,Allego - Aire de la Bruche A355,Allego BV,48.53897722524138,7.5806098691351735,Duttlenheim,Public,8
194528,Allego - Intermarché Saint-Louis,Allego BV,47.583249943370504,7.557110153573831,Saint-Louis,Public,6
194527,Carrefour Energies - Besançon Chalezeule,Allego BV,47.26303617629776,6.064414497759344,Chalezeule,Public,6
194526,Carrefour Energies - Ségny,Allego BV,46.29467383248087,6.080000060228258,Ségny,Public,6
194524,Carrefour Energies - Bourg-en-Bresse,Allego BV,46.200094952953606,5.241655189567268,Bourg-en-Bresse,Public,8
194523,Carrefour Energies - Francheville,Allego BV,45.7341966635434,4.774527544199373,Francheville,Public,8
194522,Carrefour Energies - L'Isle-d'Abeau,Allego BV,45.61396932573581,5.224990625218652,L'Isle-d'Abeau,Public,10
194520,Carrefour Energies - Echirolles,Allego BV,45.15877788758783,5.724249577433284,Échirolles,Public,10
194518,Allego - Auchan Fréjus,Allego BV,43.42487282818786,6.735615081956212,Fréjus,Public,4
194515,Allego - Carrefour Avignon Cap Sud,Allego BV,43.92779661092797,4.834785377060257,Avignon,Public,10
194513,Carrefour Energies - Orange,Allego BV,44.120221838186666,4.83967353198193,Orange,Public,10
194512,Carrefour Energies - Beaucaire,Allego BV,43.817099497693135,4.6145242335321655,Beaucaire,Public,8
194488,Allego - Auchan Fenouillet,Allego BV,43.692631416651636,1.4003006833899008,Fenouillet,Public,10
194487,Allego - Tisséo Ramonville,Allego BV,43.55712787740762,1.4773615711651473,Ramonville-Saint-Agne,Public,18
194484,Carrefour Energies - Mont-de-Marsan,Allego BV,43.90124269210321,-0.48186463336219276,Mont-de-Marsan,Public,6
194482,Carrefour Energies - Condé-sur-l'Escaut,Allego BV,50.45286096262211,3.5908284642753188,Condé-sur-l'Escaut,Public,6
194481,Carrefour Energies - Venette,Allego BV,49.40806831161646,2.7809380575999967,Venette,Public,8
194480,Carrefour Energies - Epernay,Allego BV,49.04896774721618,3.9627840358270987,Épernay,Public,6
194476,Carrefour Energies - Saint-Jean-de-Luz,Allego BV,43.404940531945755,-1.6281912720851324,Saint-Jean-de-Luz,Public,8
194475,TotalEnergies - Relais Rond-Point Jeanne Rose,TotalEnergies (FR),46.748231803104346,4.493638521552839,Montchanin,Public,4
194429,TotalEnergies - Relais Portes de Yèbles,TotalEnergies (FR),48.63584775218237,2.7806391904191514,Yèbles,Public,1
194428,TotalEnergies - Relais de la Mauldre,TotalEnergies (FR),48.961916885200026,1.8121699389691912,Épône,Public,4
194427,TotalEnergies - Relais Ivry-sur-Seine Stade,TotalEnergies (FR),48.80607406763437,2.3763048325326963,Ivry-sur-Seine,Public,6
194426,TotalEnergies - Relais de Silly,TotalEnergies (FR),48.839671197295644,2.2312055050406343,Boulogne-Billancourt,Public,1
194425,TotalEnergies - Relais Pont Aval,TotalEnergies (FR),48.8351798912922,2.266135375074441,Paris,Public,1
194424,TotalEnergies - Relais de Castets,TotalEnergies (FR),43.870006537764766,-1.1334999586473486,Castets,Public,2
194423,TotalEnergies - Kia Littotal Challans,TotalEnergies (FR),46.857047674996835,-1.8682415649545874,Challans,Public,1
194422,TotalEnergies - Relais Barre Thomas,TotalEnergies (FR),48.10752980344225,-1.726222789147073,Rennes,Public,3
194421,Total - Relais du Croisillon,TotalEnergies (FR),48.98719332959567,2.1815586835028853,Montigny-lès-Cormeilles,Public,1
194411,TotalEnergies - Relais Villabé,TotalEnergies (FR),48.595238865233966,2.4430523295708326,Villabé,Public,8
194403,TotalEnergies - Relais de la Ripaille,TotalEnergies (FR),45.87704706082374,6.072451092036772,Chavanod,Public,4
194369,TotalEnergies - Relais Le Mont Saint-Michel,TotalEnergies (FR),48.58504179076502,-1.3259586170433977,Saint-Aubin-de-Terregatte,Public,8
194327,TotalEnergies - Relais la Dentelle d'Alençon,TotalEnergies (FR),48.4568360126473,0.12534233292274166,Valframbert,Public,4
194295,Metropolis - Rueil-Malmaison - Auguste Perret ,Métropolis,48.88951474917434,2.1678735838734156,Rueil-Malmaison,Public,4
194294,Metropolis - Issy-les-Moulineaux - Bara,Métropolis,48.832756739483045,2.268191460179196,Issy-les-Moulineaux,Public,4
194293,Metropolis - Châtenay-Malabry - Bergerac ,Métropolis,48.768617295296764,2.2507757146657923,Châtenay-Malabry,Public,5
194292,Metropolis - Villiers-sur-Marne - Bishop's Stortford,Métropolis,48.83203061400363,2.5349103469834517,Villiers-sur-Marne,Public,4
194291,Metropolis - Neuilly-sur-Marne - Aristide Briand,Métropolis,48.854505729053386,2.520482345119376,Neuilly-sur-Marne,Public,4
194290,Metropolis - Livry-Gargan - Robert Schuman,Métropolis,48.9278456707502,2.548753052640677,Livry-Gargan,Public,4
194289,Metropolis - Rueil-Malmaison - Napoléon Bonaparte,Métropolis,48.871509949946045,2.160510174180672,Rueil-Malmaison,Public,4
194288,Metropolis - Issy-les-Moulineau - Egalité,Métropolis,48.816830668904885,2.2605551194189957,Issy-les-Moulineaux,Public,4
194287,Metropolis - Montrouge - Maurice Arnoux,Métropolis,48.821974202361645,2.314419358811392,Montrouge,Public,4
194286,TotalEnergies - Relais de Drumettaz,TotalEnergies (FR),45.672005569946805,5.926146554248362,Mouxy,Public,4
194275,Ionity Pech Montat Ouest,Ionity,45.03123396540704,1.5244490963716544,Nespouls,Public,5
194262,Ionity Chateauroux Nord,Ionity,46.85083722510501,1.7046538875160877,Déols,Public,7
194236,TotalEnergies - Relais Mâcon La Salle,TotalEnergies (FR),46.41866801381596,4.865133235727512,La Salle,Public,15
194235,TotalEnergies - Relais Voreppe,TotalEnergies (FR),45.27898027445073,5.623538496965352,Voreppe,Public,6
194167,Electra - Passy - Decathlon Mountain Store,Electra,45.916724448100666,6.691735842075559,Passy,Public,6
194138,Tesla Supercharger Colmar,Tesla (including non-tesla),48.129107102933034,7.368795834947491,Houssen,Public,12
194094,Electra - Les Ulis - Hôtel Mercure,Electra,48.67885356243772,2.1985842343402737,Les Ulis,Public,4
194091,Tesla Supercharger Saintes Nord,Tesla (including non-tesla),45.75363976938743,-0.6530854962693411,Saintes,Public,32
193961,Electra - Pessac - Hôtel Première Classe,Electra,44.78851117798632,-0.6448917630926871,Pessac,Public,4
193959,Ionity Saint-Laurent,Ionity,50.82695272083828,2.584976576149984,Saint-Laurent,Public,7
193939,Driveco - Camping Siblu - Vias,Drive Eco,43.29742789023925,3.4182709493102266,Vias,Public,6
193936,Tesla Supercharger Metz Sud,Tesla (including non-tesla),49.07967883473361,6.103705772680769,Moulins-lès-Metz,Public,28
193935,U Paesolu,(Unknown Operator),41.68629570844428,9.367646050001667,Pinarello,Public - Membership Required,2
193863,TotalEnergies - Relais Bosgouet Nord,TotalEnergies (FR),49.36126637695418,0.8646361480323321,Bosgouet,Public,8
193829,L'Hippocampe,Freshmile,42.57101765478086,3.031004660236704,Argelès-sur-Mer,Public - Membership Required,4
193828,Les Charmettes,(Business Owner at Location),45.71878366394952,-1.1608967439140088,Les Mathes,Public - Membership Required,1
193786,INDIGO ,Electromaps,46.63374057034062,5.262922994459586,Louhans,Public,2
193754,Electra - Sorgues - Décor Discount,Electra,43.984525919559246,4.886231917883265,Sorgues,Public,6
193739,TotalEnergies - Relais Ardennes Woinic,TotalEnergies (FR),49.59232103378912,4.504763460052345,Saulces-Monclin,Public,8
193730,Tesla Supercharger Saint-Quentin,Tesla (including non-tesla),49.85895065014083,3.253667441571679,Saint-Quentin,Public,20
193729,Tesla Supercharger Neuville-en-Ferrain,Tesla (including non-tesla),50.742499791856005,3.1455101093166604,Neuville-en-Ferrain,Public,20
193728,Tesla Supercharger Saint-Julien-en-Genevois,Tesla (including non-tesla),46.12957,6.08782,Saint-Julien-en-Genevois,Public,20
193727,Tesla Supercharger Poitiers Sud,Tesla (including non-tesla),46.5477430448619,0.2963551403094016,Croutelle,Public,40
193726,Tesla Supercharger Montpellier,Tesla (including non-tesla),43.60240970824211,3.919044287591987,Montpellier,Public,30
193700,Tesla Supercharger Avignon - Le Pontet,Tesla (including non-tesla),43.980454,4.879854,Le Pontet,Public,28
193699,Tesla Supercharger Châtellerault,Tesla (including non-tesla),46.835722,0.541722,Châtellerault,Public,16
193696,Volkswagen Rambouillet,(Unknown Operator),48.645285,1.819207,RAMBOUILLET,Public - Pay At Location,1
193689,Ionity Verdun Saint-Nicolas Nord,Ionity,49.11967199980646,5.508974638015275,Haudiomont,Public,7
193631,Tesla Supercharger Brest - Gouesnou,Tesla (including non-tesla),48.430906772780105,-4.470213061742925,Gouesnou,Public,16
193600,Avenue des Départs,Shell Recharge Solutions (DE),-22.195962461245813,166.4455202458712,Dumbéa,Public - Membership Required,2
193580,Electra - Bordeaux - Novotel Bordeaux Lac,Electra,44.89127655742172,-0.5658903428909525,Bordeaux,Public,8
193560,Tesla Supercharger Tournus,Tesla (including non-tesla),46.57690914259538,4.8992309375854575,Tournus,Public,20
193559,Tesla Supercharger Blagnac,Tesla (including non-tesla),43.64771474085643,1.3698388282268752,Blagnac,Public,16
193549,Carrefour Energies - Lescar,Allego BV,43.316854065337225,-0.42722914048010807,Lescar,Public,6
193531,Electra - Le Plessis-Robinson - La Boursidière,Electra,48.77326476855663,2.2383250273510384,Le Plessis-Robinson,Public,7
193513,Chargepoint - SuperU Plouharnel,ChargePoint,47.600250652315395,-3.1125705614576873,Plouharnel,Public - Pay At Location,3
193485,Rue Félix Esclangon,Freshmile,45.193886383152545,5.70949530694179,Grenoble,Public,3
193415,Tesla Supercharger Chartres,Tesla (including non-tesla),48.44597089246952,1.5388687726610897,Chartres,Public,20
193408,Mr. Bricolage,Freshmile,-21.327644940761445,55.46801058414917,Saint-Pierre,Public - Membership Required,2
193330,Belib’ - 24 rue des Frigos,Belib’,48.83174993982837,2.379223628407317,Paris,Public - Pay At Location,6
193314,Belib’ - 41 Rue de Tolbiac,Belib’,48.82805397955764,2.3721202973533764,Paris,Public - Pay At Location,6
193261,Lidl Amilly,Lidl,47.977751182747795,2.736215195614932,AMILLY,Public,2
193201,TotalEnergies - Relais Lorraine les Rappes,TotalEnergies (FR),48.26693382484021,5.863297982016434,Sandaucourt,Public,8
193169,Electra - Maurepas - CC Village des loisirs,Electra,48.76131574413853,1.9147346287155642,Maurepas,Public,4
193168,Electra - Écully - BYD & Quick,Electra,45.78540619778897,4.783136062739686,Écully,Public,4
193154,Ionity Verdun Saint-Nicolas Sud,Ionity,49.11842476241449,5.509622694522022,Haudiomont,Public,7
193153,Ionity Saint-Witz,Ionity,49.08890989814128,2.548311098882891,Saint-Witz,Public,13
193132,Avenue de l'École Spéciale Militaire de Saint-Cyr,Sigeif (FR),48.79965570730283,2.0694770897648596,Saint-Cyr-l'École,Public - Membership Required,1
193131,Rue du Petit Bièvres,Sigeif (FR),48.7545480447161,2.214690953455033,Bièvres,Public - Membership Required,1
193130,Rue Chanzy,Sigeif (FR),48.79844078914789,2.1755347489013275,Viroflay,Public - Membership Required,1
193129,Place de Verdun - Viroflay ,Sigeif (FR),48.800028436862846,2.184231359206251,Viroflay,Public - Membership Required,1
193055,PowerDot - Carrefour Contact - Tournay,Power Dot,43.17622326197403,0.24018713319901508,Tournay,Public,4
193054,Lidl - Castelsarrasin,Freshmile,44.05817295014944,1.0983993477902914,Castelsarrasin,Public - Membership Required,6
193047,TotalEnergies - Relais Fontbelleau,TotalEnergies (FR),44.873164354481816,-0.5058591017149467,Lormont,Public,6
192879,Underground Parking,(Unknown Operator),48.82923594464998,1.9733625661687029,Les Clayes-sous-Bois,Public - Membership Required,6
192878,IRVE Sigeif : Viroflay - 26 Parking Costes & Bellonte,Sigeif (FR),48.801956015697556,2.171669947791088,Viroflay,Public - Membership Required,2
192877,Rue Henri Rabourdin,Electric 55 Charging (FR),48.78133535176423,2.195482398888771,Vélizy-Villacoublay,Public - Pay At Location,2
192876,Parking Général Exelmans,(Unknown Operator),48.78116699589586,2.2007503172197858,Vélizy-Villacoublay,Public,8
192875,Volkswagen Vélizy Automobiles ,(Unknown Operator),48.778875265594706,2.2134712573150637,Vélizy-Villacoublay,"Private - For Staff, Visitors or Customers",2
192747,TotalEnergies - Relais Port Mazerolle,TotalEnergies (FR),49.12926063803485,6.164956101886219,Metz,Public,2
192714,Carrefour Energies - Vernon,Allego BV,49.08991794250167,1.4717736090657354,Vernon,Public,6
192680,Electra - Beaune - Greet Hotel,Electra,47.00955241249804,4.851777523897681,Beaune,Public,8
192526,La Flandre Assurance,(Unknown Operator),50.66550373262942,3.1085139216563675,Marcq-en-Barœul,Public,1
192519,Carrefour Energies - La Chapelle-Saint-Luc,Allego BV,48.305973233591885,4.025605774958535,La Chapelle-Saint-Luc,Public,8
192500,Tesla Supercharger Bègles,Tesla (including non-tesla),44.793815543302145,-0.5332697119685292,Bègles,Public,28
192499,Fastned - Aire d'Achères-la-Forêt,FastNed,48.360846324564704,2.5738435037427507,Achères-la-Forêt,Public,4
192460,HPB,(Unknown Operator),48.799413,3.187196,Saint-Siméon,Public - Membership Required,1
192459,restaurant LA GLOIRE,(Business Owner at Location),48.00646521232815,2.7398960255798954,Montargis,"Private - For Staff, Visitors or Customers",1
192406,TotalEnergies - Relais de Porte d'Alsace Nord,TotalEnergies (FR),47.716875036032576,7.135983805535943,Burnhaupt-le-Bas,Public,4
192405,TotalEnergies - Relais Troyes Le Plessis,TotalEnergies (FR),48.21445385514534,4.24105268113783,Fresnoy-le-Château,Public,8
192403,TotalEnergies - Relais Troyes Fresnoy,TotalEnergies (FR),48.21203268362373,4.240862782643717,Fresnoy le Château,Public,8
192375,Tesla Supercharger Saint-Gaudens,Tesla (including non-tesla),43.11679643745964,0.7670240225938301,Estancarbon,Public,20
192374,Tesla Supercharger Beaune Nord,Tesla (including non-tesla),47.04308203813608,4.841219818346417,Beaune,Public,28
192373,Tesla Supercharger Montauban,Tesla (including non-tesla),44.03661781970848,1.3788508601221565,Montauban,Public,16
192371,Ionity Ceignes Haut Bugey,Ionity,46.117885385096514,5.490154216369717,Ceignes,Public,5
192370,Ionity Loire,Ionity,45.85048982582637,4.226086459833596,Néronde,Public,7
191814,Rue Romain Rolland,Lidl,48.948993296644744,4.351974126487562,Marne,"Private - For Staff, Visitors or Customers",1
191759,Ionity Baralle,Ionity,50.22553205613508,3.0708475701123916,Rumaucourt,Public,5
191663,Ionity Champfleury,Ionity,49.20420072292151,4.012319659842547,Champfleury,Public,21
191546,Ionity Coquelles,Ionity,50.92703435436471,1.7983454196059938,Coquelles,Public,7
191411,Metropolis - Montrouge - Barbès,Métropolis,48.81729137781471,2.3278277304386847,Montrouge,Public,4
191410,Metropolis - Vincennes - Murs du Parc,Métropolis,48.846786227422115,2.4524774825219993,Vincennes,Public,4
191409,Metropolis - Santeny - Erables,Métropolis,48.718470071169264,2.566526438462404,Santeny,Public,4
191364,Ionity Maison Dieu,Ionity,47.50426234905754,4.035990718125618,Sceaux,Public,13
191360,Parking Victor Hugo,(Unknown Operator),48.588977290621244,2.2514986769339203,Arpajon,Public,2
191359,Parking Dauvilliers,(Unknown Operator),48.58968753524812,2.2516278373348086,Arpajon,Public,2
191358,Parking Verdié,(Unknown Operator),48.58682005796311,2.2488502980358476,Arpajon,Public,2
191357,Parking du Jeu de Paume,(Unknown Operator),48.58852145579664,2.2466446204642807,Arpajon,Public,2
191290,Domaine De Soucy,(Unknown Operator),48.609529483354294,2.16457748868811,Fontenay-lès-Briis,Public,2
191203,Tesla Supercharger Laxou,Tesla (including non-tesla),48.69071112152679,6.127511669441503,Laxou,Public,28
191188,Stations-e - Place de la République - La Ferté-Bernard,Stations-e,48.18671487735406,0.6541786705972754,La Ferté-Bernard,Public,2
191172,Proxi,(Unknown Operator),49.42833545761093,4.954960675443772,Bar-lès-Buzancy,Public - Membership Required,2
191150,Fastned - Aire des Jonchets - Les Récompenses,FastNed,48.4286849214032,2.9316171859735505,Forges,Public,4
191149,Fastned - Aire des Jonchets - La Grande Paroisse,FastNed,48.42595044856611,2.9288223734811254,Forges,Public,4
191088,Voie Romaine,(Unknown Operator),44.7779685876468,-0.6466699669202853,Canéjan,Public - Membership Required,8
190943,Le Saltimbanque - Auberge Du Moulin,(Unknown Operator),50.071242,1.8878638,Eaucourt Sur Somme,Public,1
190898,SDE32 - Villecomtal-sur-Arros - Avenue de Gascogne,(Unknown Operator),43.40170785336127,0.19946117932499874,Villecomtal-sur-Arros,Public,2
190848,Ionity Sorgues,Ionity,44.024554713797784,4.88964569313805,Sorgues,Public,13
190810,Col de Graydon,(Unknown Operator),46.19321482069756,6.60403670218227,Saint-Jean-d'Aulps,Public - Membership Required,1
190793,Fastned - Aire de Dracé,FastNed,46.14457922572703,4.768403615297274,Dracé,Public,8
190792,Fastned - Aire de Saint-Ambreuil,FastNed,46.691042836335754,4.844967789419769,Saint-Ambreuil,Public,8
190771,Ionity Ile Rose,Ionity,45.27733130841986,5.623005356258943,Voreppe,Public,13
190767,Ionity Périgueux Sud,Ionity,45.13775875085426,0.7012676168490088,Notre-Dame-de-Sanilhac,Public,7
190704,e-Totem SuperU la Tourette,e-totem,45.43225231314895,4.072010396920405,La Tourette,Public - Pay At Location,4
190701,Ionity Poitou-Charentes,Ionity,46.296232130578915,-0.3783474998753604,Aiffres,Public,7
190685,Tesla Supercharger Aire du Jura - A39,Tesla (including non-tesla),46.774577477964726,5.52213546690507,Arlay,Public - Membership Required,12
190672,Communaute Urbaine du Grand Reims,Shell Recharge Solutions (UK),49.25055400224036,4.027627227650879,Reims,Public,2
190638,Ionity Narbonne Vinassan Nord,Ionity,43.21614010429525,3.089428317044934,Salles-d'Aude,Public,9
190499,Ionity Bourges Sainte Thorette,Ionity,47.09448494036917,2.241030499843532,Marmagne,Public,7
190490,Ionity Vérités,Ionity,46.37874069064628,2.586959287577656,Saint-Victor,Public,5
190437,R3 Norauto Faches-Thumesnil,R3,50.58533096635273,3.083112693026351,Faches-Thumesnil,Public,4
190391,Ionity Troyes Sud,Ionity,48.22523719924044,4.132519737339408,Saint-Thibault,Public,7
190343,Fastned - Aire de Gevrey-Chambertin,FastNed,47.21701698086716,5.001944381272324,Gevrey-Chambertin,Public,8
190342,Fastned - Aire de Pont Chêne d'Argent,FastNed,47.179440923166425,5.333086476227095,Pont,Public,8
190341,Fastned - Aire de Pont Val de Saône,FastNed,47.1861645997252,5.333194479581152,Pont,Public,8
190333,Allego - Roissy-en-France,Allego BV,48.99622178351831,2.522032126579006,Roissy-en-France,Public,2
190332,Allego - Intermarché Tours La Riche,Allego BV,47.37663813081306,0.6566667959519066,La Riche,Public,10
190331,Allego - Intermarché Limoges,Allego BV,45.836570076959816,1.277544703750209,Limoges,Public,10
190330,Allego - Auchan Valence,Allego BV,44.906827625724276,4.879373266824388,Valence,Public,4
190329,Allego - Auchan Saint-Etienne,Allego BV,45.44034365454951,4.42391876328395,Saint-Étienne,Public,10
190328,Allego - Carrefour Lanester,Allego BV,47.776187495746626,-3.344904287645477,Lanester,Public,10
190327,Allego - Auchan Angoulême Champniers,Allego BV,45.69272498278221,0.18142380416384185,Champniers,Public,8
190326,Allego - Tisséo Balma Gramont,Allego BV,43.62825072152086,1.4824925735348415,Balma,Public,18
190325,Allego - Tisséo Borderouge,Allego BV,43.64240805402011,1.4527048336171902,Toulouse,Public,18
190324,Allego - Intermarché Montpellier,Allego BV,43.588578148836234,3.888995453717598,Montpellier,Public,6
190323,Allego - Auchan Nîmes,Allego BV,43.811176760472705,4.361250211933935,Nîmes,Public,10
190240,Ionity Coeur d’Aquitaine,Ionity,44.28684206834873,-0.22907293412993113,Captieux,Public,5
190088,Fastned - Aire d’Écot Sud,FastNed,47.44066509061315,6.728815652325579,Écot,Public,8
190038,Za Les Combettes Lavans Quingey,(Unknown Operator),47.08708141248883,5.886427151465568,Doubs,Public,1
189951,Ionity Rosny Nord,Ionity,48.99301843455456,1.6334609602575938,Rosny-sur-Seine,Public,5
189950,Izivia Rue du Fief Cordelier,Izivia (Sodetrel),48.775119980683854,2.4953802700221104,Bonneuil-sur-Marne,Public - Membership Required,2
189939,Ionity Rely,Ionity,50.57191747368819,2.379075640451788,Rely,Public,5
189938,Ionity Bolleville Ouest,Ionity,49.61439744520197,0.5458736309408039,Bolleville,Public,3
189937,Ionity Bolleville Est,Ionity,49.6143589944854,0.5471571011161416,Bolleville,Public,3
189934,Ionity Vallée de la Vire Gouvets,Ionity,48.90888603690058,-1.103032605960351,Gouvets,Public,5
189931,Ionity Kergoët,Ionity,48.27369682150507,-2.18636046216875,Saint-Jouan-de-l'Isle,Public,4
189930,Ionity la Réserve,Ionity,47.97347981036728,3.1983867284357075,Cudot,Public,9
189927,Ionity Glanon,Ionity,47.032068307050224,5.109783487632683,Glanon,Public,5
189926,Ionity Bois Guillerot,Ionity,47.030731695876085,5.107199108580517,Glanon,Public,5
189922,Ionity Montélimar Ouest,Ionity,44.51515149619826,4.780852135606949,Malataverne,Public,7
189921,Ionity Montélimar Est,Ionity,44.513887249889194,4.7812965361194415,Allan,Public,7
189892,Tesla Supercharger Parly 2,Tesla (including non-tesla),48.82694527673863,2.118680587960199,Le Chesnay,Public,12
189886,Ionity Nemours,Ionity,48.26376648261635,2.720864569732214,Nemours,Public,5
189845,Ionity Cambarette Nord,Ionity,43.42406798318757,5.990185558879176,Brignoles,Public,5
189842,Ionity Portes d'Angers Sud,Ionity,47.500489213849136,-0.49086336895891236,Saint-Sylvain d'Anjou,Public,6
189841,Ionity Orléans Nord,Ionity,47.948660306304134,1.8595690843594639,Saran,Public,7
189840,Ionity Giberville Sud,Ionity,49.16686129337765,-0.2769534046191495,Giberville,Public,7
189839,Ionity Giberville Nord,Ionity,49.16798813327449,-0.2736138850182215,Giberville,Public,7
189814,Tesla Supercharger Vierzon,Tesla (including non-tesla),47.245750190736885,2.068755875549755,Vierzon,Public,48
189811,Tesla Supercharger Sisteron,Tesla (including non-tesla),44.226013319576765,5.913607981788886,Sisteron,Public,12
189810,Tesla Supercharger Salaise-sur-Sanne,Tesla (including non-tesla),45.32716661865237,4.805367664674463,Salaise-sur-Sanne,Public,28
189808,Tesla Supercharger Le Mans - Saint-Saturnin,Tesla (including non-tesla),48.05319327130442,0.16612013917654167,Saint-Saturnin,Public,48
189794,Tesla Supercharger Dijon,Tesla (including non-tesla),47.2715804834325,5.043529400636089,Longvic,Public,16
189793,Tesla Supercharger Dardilly,Tesla (including non-tesla),45.82031309777756,4.760430482628749,Dardilly,Public,16
189791,Tesla Supercharger Blois,Tesla (including non-tesla),47.61193065752303,1.3393667199758283,Blois,Public,16
189790,Tesla Supercharger Avallon,Tesla (including non-tesla),47.50205020456315,3.984220051568201,Magny,Public,20
189784,Tesla Supercharger Albaret-Sainte-Marie - Aire de La Garde ,Tesla (including non-tesla),44.87079291580437,3.25324123467621,Albaret-Sainte-Marie,Public,20
189783,Tesla Supercharger Aix-en-Provence - Val de l'Arc,Tesla (including non-tesla),43.51201911394753,5.466421896725791,Aix-en-Provence,Public,12
189782,Tesla Supercharger Aire des Portes d'Angers,Tesla (including non-tesla),47.49907599061379,-0.4912931199103525,Verrières-en-Anjou,Public,20
189780,Tesla Supercharger Aire du Granier,Tesla (including non-tesla),45.52546574815585,5.97473714347538,Saint-Jeoire-Prieuré,Public,28
189779,Tesla Supercharger Aire de l’Abis,Tesla (including non-tesla),45.524642538744104,5.9767161315868975,Saint-Jeoire-Prieuré,Public,28
189778,Chemin de Garperon,(Business Owner at Location),45.0665539234943,-0.8107169984739357,Listrac-Médoc,"Private - For Staff, Visitors or Customers",1
189768,Tesla Supercharger Aire de la Baie de Somme,Tesla (including non-tesla),50.16735187766463,1.755313872528177,Sailly-Flibeaucourt,Public,10
189573,TotalEnergies - Aire de Lançon de Provence Est,TotalEnergies (FR),43.589568058882264,5.193363983167615,Lançon-Provence,Public,16
189530,"DIRVE 02 - 0136 Villers-Cotterêts, Piscine",USEDA (FR),49.2603667,3.0872607,Villers-Cotterêts,Public,1
189416,Meliad - CAPAERO,(Unknown Operator),47.148936180158756,-1.5424821978102727,Les Sorinières,"Private - For Staff, Visitors or Customers",1
189415,18 Rue de Nantes,(Unknown Operator),47.26728743016622,-1.4409208688756507,Thouaré-sur-Loire,Public - Membership Required,2
189107,Evota - Hôtel Eugène,(Unknown Operator),49.040070181381395,3.9740894961712456,Épernay,Public,2
189080,Rue de l'Ancien Abreuvoir,(Unknown Operator),46.19859624073274,1.297963364604584,Saint-Sornin-Leulac,Public,1
189016,Proviridis Chalon sur Saone,ZEN (Zero Emission Network)/PROVIRIDIS,46.82376483060412,4.8571052274593285,Fragnes-la-Loyère,Public,6
188990,Izivia Express - Intermarché Mons-en-Barœul,Izivia (Sodetrel),50.64536935962525,3.0987212779550646,Mons-en-Barœul,Public,2
188989,Lidl - Lys-lez-Lannoy,Lidl,50.668334987355536,3.208324003096891, Lys-lez-Lannoy,Public,2
188962,TotalEnergies - Relais Lyon Montluel,TotalEnergies (FR),45.84466797841807,5.070340548568652,Dagneux,Public,1
188948,Campanile Beaune,VIRTA,46.998590682270645,4.853518898496304,Beaune,Public - Pay At Location,2
188924,TotalEnergies - Relais de Portet Ouest,TotalEnergies (FR),43.52440724902465,1.3985018130667868,Portet-sur-Garonne,Public,2
188897,TotalEnergies - Relais Hardivillers,TotalEnergies (FR),49.60980409518746,2.2046362244348074,Hardivillers,Public,8
188818,Station Service E. Leclerc,ChargePoint,43.5705854036473,7.003067728471478,Le Cannet,Public,1
188807,Piscine des Sénarts - Boussy-Saint-Antoine,(Unknown Operator),48.69077906864795,2.5270701813215055,Boussy-Saint-Antoine,Public,2
188571,Terrasse des Arcades,(Unknown Operator),44.83622355507484,6.505859277932473,Vallouise -Pelvoux,"Private - For Staff, Visitors or Customers",1
188560,Tesla Supercharger Rivesaltes,Tesla (including non-tesla),42.77543041212223,2.908210896926107,Rivesaltes,Public,28
188559,Perpignan Airport,(Unknown Operator),42.74133778368409,2.8680068152618787,Perpignan,Public,1
188547,TotalEnergies - Relais Dijon Brognon,TotalEnergies (FR),47.42263616739393,5.171684501636946,Brognon,Public,2
188515,TotalEnergies - Relais Portes du Tarn,TotalEnergies (FR),43.75259022089847,1.656464499573758,Saint-Sulpice-la-Pointe,Public,11
188474,TotalEnergies - Relais Courbevoie Verdun,TotalEnergies (FR),48.90181856421145,2.259806400182697,Courbevoie,Public,4
188473,TotalEnergies - Relais Herrenwald,TotalEnergies (FR),48.707910142121676,7.709814085261769,Brumath,Public,2
188413,Square Albert Schweitzer,Charge & Drive (Fortum - NO),48.261372940685504,7.454086558774634,Sélestat,Public,2
188405,Ionity Bédenac Est,Ionity,45.17023176392868,-0.33477831728328056,Bédenac,Public,5
188398,Q-Park Mayol Centre,(Unknown Operator),43.1211830230495,5.938990401585897,Toulon,Public - Membership Required,2
188218,PowerDot - Intermarché - Bailleul,Power Dot,50.73113608396113,2.7446011294491655,Bailleul,Public,4
185547,Ionity Pech Montat Est,Ionity,45.031206164289614,1.5249600813293682,Nespouls,Public,5
176223,Super U,VIRTA,43.187492772364635,-0.23959227716625264,Mirepeix,Public - Membership Required,2
176215,TotalEnergies - Relais Marchaux,TotalEnergies (FR),47.326263265496124,6.122678950723071,Marchaux,Public,1
176210,MobiSDEC Orbec,(Unknown Operator),49.02368656288132,0.4051733273447553,Orbec,Public,1
176183,Boulevard Henri Dunant,Izivia (Sodetrel),47.627800472738585,6.860463612737476,Belfort,Public,1
176182,TotalEnergies - Relais de Gergovie,TotalEnergies (FR),45.75487445309352,3.129510548924145,Aubière,Public,2
176181,TotalEnergies - Relais du Caylar,TotalEnergies (FR),43.8639161362365,3.3121299074916806,Le Caylar,Public,6
176180,TotalEnergies - Relais Marguerittes Nord,TotalEnergies (FR),43.87590981478834,4.4488104883847654,Marguerittes,Public,4
176172,TotalEnergies - Relais Port Lauragais Sud,TotalEnergies (FR),43.352308937234426,1.806495867578633,Avignonet-Lauragais,Public,10
176169,TotalEnergies - Aire de Keskastel,TotalEnergies (FR),48.97235352316227,7.0687619522813065,Keskastel,Public,2
176168,TotalEnergies - Relais la Bayanne,TotalEnergies (FR),44.9997873764697,5.000600496275865,Alixan,Public,4
176167,TotalEnergies - Relais Pont-de-l'Isère,TotalEnergies (FR),45.01854350894013,4.874040302305957,Pont-de-l'Isère,Public,8
176148,Vinci,(Unknown Operator),47.47320959590414,0.7767965861426092,Monnaie,Public - Membership Required,1
176137,TotalEnergies - Relais Poitou Charentes Sud,TotalEnergies (FR),46.2973366,-0.3698327,Vouillé,Public,8
176088,Rue Marcel Dassault,Electric 55 Charging (FR),48.78576709093312,2.2113347237262815,Vélizy-Villacoublay,Public - Membership Required,6
176087,Rue du Général Exelmans,Electric 55 Charging (FR),48.781319500298025,2.201711473284945,Vélizy-Villacoublay,Public - Pay At Location,2
176086,Rue du Général Exelmans,Electric 55 Charging (FR),48.78116348337116,2.1969397178763757,Vélizy-Villacoublay,Public - Pay At Location,2
175871,Hotel Escale Oceania Lorient,(Unknown Operator),47.751227485922584,-3.3627685969329377,Morbihan,"Private - For Staff, Visitors or Customers",1
175774,Allego - Auchan Aix-en-Provence,Allego BV,43.53334183567995,5.416686277251529,Aix-en-Provence,Public,14
175765,Place des Moulettes,eborn,45.18597623919979,3.9084629768985906,Vorey,Public - Pay At Location,1
175758,Route de Beaulieu,(Unknown Operator),47.46186769330649,6.841254758752939,Valentigney,Public - Membership Required,2
175721,TotalEnergies - Relais Mille Etangs,TotalEnergies (FR),46.716261734946954,1.5935238451470468,Luant,Public,4
175707,Proviridis Manosque,ZEN (Zero Emission Network)/PROVIRIDIS,43.801674911946634,5.8181555207780775,Manosque,Public,2
175616,Route d'Ivry,(Unknown Operator),47.01461306938481,4.79029524674263,Pommard,Public - Membership Required,1
175562,Hotel le Bois d'Imbert,Freshmile,44.826201223279526,1.59636245552133,Rocamadour,Public - Membership Required,6
175546,Total - Relais Aubervilliers Périphérique Extérieur,TotalEnergies (FR),48.900663341883046,2.3754147834164314,Paris,Public,1
175545,TotalEnergies - Relais de l'Estalot,TotalEnergies (FR),44.97857008609739,-0.43170621688318533,Saint-André-de-Cubzac,Public,6
175530,TotalEnergies - Relais de la Défense,TotalEnergies (FR),48.891182197174686,2.247538748145871,Courbevoie,Public,8
175516,TotalEnergies - Aire Narbonne Vinassan Sud,TotalEnergies (FR),43.21570831171306,3.093707634974635,Salles-D'Aude,Public,8
175469,Avenue de Savoie,Electric 55 Charging (FR),48.783873046819934,2.170814458256359,Vélizy-Villacoublay,Public - Pay At Location,2
175468,Mail,Electric 55 Charging (FR),48.78430083732255,2.182153523561283,Vélizy-Villacoublay,Public - Pay At Location,2
175464,place gaby coll ,MObiVE,46.193422940216465,-1.188269623194401,L'Houmeau,Public - Pay At Location,1
175450,TotalEnergies - Relais Bourg Jasseron,TotalEnergies (FR),46.203238032302494,5.2961276031494435,Ceyzeriat,Public,4
175448,TotalEnergies - Relais de la Couline,TotalEnergies (FR),47.975206856191306,3.198543798154674,Précy-sur-Vrin,Public,12
175447,TotalEnergies - Relais Volcans d'Auvergne Ouest,TotalEnergies (FR),46.05885343979506,3.1124705152427623,Champs,Public,16
175446,TotalEnergies - Relais Carquefou,TotalEnergies (FR),47.26507955900351,-1.4898503969628791,Carquefou,Public,4
175445,TotalEnergies - Relais Guidel Sud,TotalEnergies (FR),47.82170718482283,-3.468927149162255,Guidel,Public,8
175430,TotalEnergies - Relais Ploumagoar,TotalEnergies (FR),48.55035119181326,-3.1124298517261195,Ploumagoar,Public,4
175428,TotalEnergies - Relais Amiral Mouchez,TotalEnergies (FR),49.48782587092617,0.14984536377369295,Le Havre,Public,4
175427,TotalEnergies - Relais Plombière Marseille,TotalEnergies (FR),43.316302238733584,5.382904131326882,Marseille,Public,2
175352,Izivia Grand Lyon - 2bis Rue du 24 Avril 1915,CNR (Compagnie Nationale du Rhône),45.7714020471503,4.987007177625401,Meyzieu,Public - Membership Required,1
175334,Proviridis Dourges,ZEN (Zero Emission Network)/PROVIRIDIS,50.45297860683158,2.977184606997753,Dourges,Public,4
175333,TotalEnergies - Relais Champ du Roy Laon,TotalEnergies (FR),49.57125090022467,3.6545482941023693,Laon,Public,2
175332,PowerDot - Supermarché Match - Villeneuve d'Ascq,Power Dot,50.606979809833746,3.164760494079246,Villeneuve-d'Ascq,Public,6
175306,Enercon Longueil,(Unknown Operator),49.320155776488036,2.696756809569024,Longueil-Sainte-Marie,Public,3
175296,Proviridis Plan d'Orgon,ZEN (Zero Emission Network)/PROVIRIDIS,43.82295253661405,5.014829597036396,Plan-d'Orgon,Public - Membership Required,4
175108,Ionity Tavel Sud,Ionity,43.9996134160715,4.700378543809165,Tavel,Public,5
175090,Ionity Labenne Ouest,Ionity,43.586775,-1.420473,Labenne,Public,5
175089,Ionity Labenne Est,Ionity,43.585904,-1.418951,Labenne,Public,5
175076,Avenue Robert Wagner,Electric 55 Charging (FR),48.78439047445559,2.1775918490465074,Vélizy-Villacoublay,Public - Pay At Location,6
175074,Ionity Gevrey-Chambertin Est,Ionity,47.223166,5.010984,Gevrey-Chambertin,Public,7
175072,Ionity Morières,Ionity,43.922931,4.91204,Morières-lès-Avignon,Public,5
175068,Ionity Villaines la Gonais,Ionity,48.125475,0.622302,Villaines-la-Gonais,Public,10
175065,Ionity Tavel Nord,Ionity,44.004071,4.703626,Tavel,Public,5
175063,Ionity Lacq Audejos Sud,Ionity,43.42185,-0.598593,Lacq,Public,5
175059,Ionity Mouxy,Ionity,45.673865,5.929976,Mouxy,Public,5
175058,Ionity Jardin des Arbres,Ionity,47.852405,2.684731,Varennes-Changy,Public,5
175057,Ionity Larzac,Ionity,43.985279,3.183078,L'Hospitalet-du-Larzac,Public,7
175054,Ionity Centre de la France Nord,Ionity,46.751937,2.417075,Farges-Allichamps,Public,5
175053,Ionity Mayenne,Ionity,48.09518,-0.693474,Bonchamp-lès-Laval,Public,13
175052,Ionity Centre de la France Sud,Ionity,46.751623,2.417606,Farges-Allichamps,Public,5
175051,Ionity l'Isle-d'Abeau,Ionity,45.611787,5.212795,L'Isle-d'Abeau,Public,13
175048,Ionity Lacq Audejos Nord,Ionity,43.418629,-0.584799,Lacq,Public,5
175045,Ionity Haut Koenigsbourg,Ionity,48.23175234222981,7.402830233341774,Orschwiller,Public,13
175041,Ionity Saint-Rambert Ouest,Ionity,45.27568800361391,4.825650981579429,Saint-Rambert-d'Albon,Public,9
175036,Ionity Village Catalan Ouest,Ionity,42.577784,2.848341,Banyuls-dels-Aspres,Public,5
175035,Ionity Village Catalan Est,Ionity,42.578429,2.846994,Banyuls-dels-Aspres,Public,5
175008,Lidl,Lidl,44.109309109685256,1.1020338856890248,Moissac,Public,1
174973,Ionity La Garde,Ionity,44.870642895335635,3.2532311817281254,Albaret-Sainte-Marie,Public,7
174674,22 Rue du Daval,Freshmile,47.96287772327116,6.8350862194388355,Cornimont,Public - Membership Required,1
174656,42 Grande Rue,Freshmile,47.92828262358253,6.48546678272146,Le Val-d'Ajol,Public - Membership Required,1
174422,Lidl Sarreguemines,Freshmile,49.117280275641264,7.08777623548508,Sarreguemines,"Private - For Staff, Visitors or Customers",4
174385,Sarreguemines Services Techniques,Freshmile,49.11829557654346,7.082629448447847,Sarreguemines,Public - Membership Required,2
174384,Sarreguemines Confluences,Freshmile,49.11799548318879,7.081761991756366,Sarreguemines,"Private - For Staff, Visitors or Customers",2
174380,Intermarché,Recharge (Formerly Fortum Charge & Drive),49.1046052,7.0719941,Sarreguemines,"Private - For Staff, Visitors or Customers",6
174379,SDE76 parking du Grand Val,SDE76 (FR),49.7050018,0.209106,Etretat,Public - Membership Required,2
174183,Nissan EC charge Roye DBT,(Unknown Operator),49.69990073233666,2.7880805280467484,Roye,Public,2
174164,Inspection académique,eborn,44.09528242418659,6.238699894518049,Digne-les-Bains,Public - Membership Required,2
174060,TotalEnergies - Relais Rocade Chartres,TotalEnergies (FR),48.43642333202169,1.5204379421661542,Chartres,Public,4
174058,QC Parking du resturant 'Les Maisons Blanches' Limalonges,(Unknown Operator),46.13417979553191,0.17882077710032718,Limalonges,Public - Membership Required,1
174056,Z. I. de la Republique,(Unknown Operator),46.61769805968606,0.3462996059224679,Poitiers,Public - Membership Required,1
174012,Ionity Poitiers Jaunay-Clan,Ionity,46.701692324158955,0.3668269751617572,Jaunay-Marigny,Public,5
173997,Chargeur Hyper U Saint Philbert,(Unknown Operator),47.046770963343675,-1.6423847175668698,Saint-Philbert-de-Grand-Lieu,Public,2
173906,Leclerc Surgeres,(Unknown Operator),46.11161633567997,-0.7399482316525337,Surgères,Public - Membership Required,1
173904,Ionity La Ferté-Bernard,Ionity,48.12668701459282,0.6229572694583112,Villaines-la-Gonais,Public,6
173903,Ionity Baie de Somme,Ionity,50.1673925191962,1.7555456607398128,Sailly-Flibeaucourt,Public,7
172983,Hypermarché Limoges,Izivia (Sodetrel),45.81468659463911,1.2681876974719444,Limoges,Public,1
172966,Tesla Supercharger Toulon - La Seyne-sur-Mer,Tesla (including non-tesla),43.121199,5.85086,La Seyne-sur-Mer,Public,16
172964,Hôtel Restaurant le Clos des Bruyères,Tesla (Tesla-only charging),44.398997,4.391934,Vallon-Pont-d'Arc,Public - Membership Required,2
172943,Nouvel Hôtel,Tesla (Tesla-only charging),46.261265,5.656009,Oyonnax,Public - Membership Required,1
172935,"Izivia Charger Intermarché, Limoges",Izivia (Sodetrel),45.8144,-1.2682,Limoges,Public,1
172776,Venarey-les-Laumes,(Unknown Operator),47.54298324854693,4.459297535146334,Venarey-les-Laumes,Public,1
172775,Route d'Avallon,Bilinmiyor,47.39847389824189,4.536485446587449,Vitteaux,Public,1
172744,CooriDoor Intermarché Pfastatt,Izivia (Sodetrel),47.759298596039145,7.29361593923079,Pfastatt,Public - Membership Required,1
172735,Aire de covoiturage - Custines,Freshmile,48.77982,6.1456,Custines,Public,1
172719,Ionity Agen,Ionity,44.17131384369324,0.6096496753923475,Le Passage,Public,4
172645,SDEA,Freshmile,48.31203135307362,4.069544287194958,Troyes,Public,1
172563, Mairie - Place de l'Europe,Freshmile,48.28818827542844,6.948294425776567,Saint Dié des Vosges,Public - Membership Required,1
172531,Tesla Supercharger Vélizy 2,Tesla (including non-tesla),48.784078,2.220945,Vélizy-Villacoublay,Public,30
172235,SICECO,(Unknown Operator),47.35268540181727,5.054935671009389,Dijon,Public - Membership Required,1
171991,Leclerc,TOTAL Be PlugToDrive,45.65634478394804,0.18271291291989655,Angoulême,"Private - For Staff, Visitors or Customers",3
171990,Lidl Gond-Pontouvre,Lidl,45.682045704003656,0.17668757782632838,Gond-Pontouvre,Public,2
171801,Tesla Supercharger Nice,Tesla (Tesla-only charging),43.727823,7.186348,Nice,Public - Membership Required,16
171675,Dijon,(Unknown Operator),47.32306,5.04194,Dijon,Public,1
171462,Soregies Mobilités - Lusignan - Plan Vert,(Unknown Operator),46.42909815113518,0.11590055305384794,Lusignan,Public,2
171414,Tesla Supercharger Niort,Tesla (including non-tesla),46.2984517100645,-0.375399816241725,Vouillé,Public,12
171405,Tesla Supercharger Chambéry,Tesla (Tesla-only charging),45.593132,5.898176,Chambéry,Public - Membership Required,4
171327,Station Esso,(Unknown Operator),48.1661548475615,3.171286228147551,Villeroy,Public - Membership Required,1
171290,Carrefour market,Lidl,45.2737601235232,5.886657325261353,Crolles,Public,2
171289,Rue du Moulin,Lidl,45.2742758,5.8837916,Crolles,Public,2
171264,TotalEnergies - Relais Gironde Merignac,TotalEnergies (FR),44.85020434323488,-0.6669140435685676,Merignac,Public,2
171263,TotalEnergies - Relais Saint Mathurin,TotalEnergies (FR),49.402864559167114,2.127957909540214,Allonne,Public,2
171216,SIEG 63 - Rue Anna Rodier,(Unknown Operator),45.55505195676551,3.7388576060922105,Ambert,Public,1
171083,Avenue de la Mairie,Lidl,45.523163735230185,4.217746843763621,Bonson,Public - Membership Required,2
171082,Ionity Veyre,Ionity,45.66017599728241,3.153540640053052,Veyre-Monton,Public,5
170976,Tesla Supercharger Aire de la Vendée,Tesla (Tesla-only charging),46.573233,-1.11793,Sainte-Hermine,Public - Membership Required,9
170951,Ionity Blois Villerbon,Ionity,47.66564542717245,1.3877349886006414,Villerbon,Public,5
170942,Ionity Saugon,Ionity,45.188939,-0.492423,Saugon,Public,5
170699,Maison de la nature muttersholtz,Freshmile,48.26866507738629,7.522023534589721,Muttersholtz,Public - Membership Required,1
170698,Lycée Agricole Rouffach,Freshmile,47.954542366987425,7.30400632400881,Rouffach,Public - Membership Required,1
170697,Centre Albert Camus de Bron,Izivia (Sodetrel),45.72666595706531,4.919367508348955,Bron,Public,4
170638,Ionity Blois Ménars,Ionity,47.66403478972066,1.3879160872404555,Villerbon,Public,5
170463,Ionity Vendée,Ionity,46.57339663050712,-1.1180669343985983,Sainte-Hermine,Public,7
170420,Ionity Saint-Léger,Ionity,45.61076944124474,-0.5989129281758778,Saint-Léger,Public,5
170418,TotalEnergies - Les Tilleuls,TotalEnergies (FR),48.891961,2.144546,Chatou,Public,1
170417,TotalEnergies - Relais Delta Rungis,TotalEnergies (FR),48.75825382878929,2.34757776076583,Rungis,Public,1
170389,Tesla Supercharger Montluçon - Aire des Vérités,Tesla (including non-tesla),46.378453,2.586523,Saint-Victor,Public,8
170330,TotalEnergies - Relais de Marsannay la Côte,TotalEnergies (FR),47.28059280053142,5.008035238651701,Marsannay-la-Côte,Public,4
170329,Total - Relais de la porte de Châtillon,TotalEnergies (FR),48.82354194382279,2.3163729704509706,Paris,Public,1
170328,TotalEnergies - Aire de Ressons Est,TotalEnergies (FR),49.523619138905815,2.7235351533687435,Ressons-sur-Matz ,Public,16
170238,Proviridis Puget-sur-Argens,ZEN (Zero Emission Network)/PROVIRIDIS,43.44811932040324,6.699085943831278,Puget-sur-Argens,Public,1
170149,TotalEnergies - Relais la Pomme,TotalEnergies (FR),43.29184835807402,5.453591251163289,Marseille,Public,4
170148,Rue du Docteur Jean Rebattu,eborn,44.38606768231506,6.650203479412085,Barcelonnette,Public - Pay At Location,1
170096,Tesla Supercharger Labouheyre,Tesla (including non-tesla),44.202799,-0.92682,Labouheyre,Public,8
170093,Tesla Supercharger Reims - Tinqueux,Tesla (including non-tesla),49.252931,3.975959,Tinqueux,Public,16
169952,Lidl - Croissy-Beaubourg,Freshmile,48.8283821807311,2.641641008856368,Croissy-Beaubourg,Public - Membership Required,14
169897,Stokomani,(Unknown Operator),48.87365499229347,2.685820439105896,Lagny-sur-Marne,Public,3
169896,Intermarché,(Unknown Operator),48.86916761782939,2.6782826933890647,Saint-Thibault-des-Vignes,Public - Membership Required,1
169800,Hôtel Restaurant la Roya,Tesla (Tesla-only charging),42.674082,9.295655,Saint-Florent,Public - Membership Required,3
169788,Au Coin du Spa,(Business Owner at Location),50.72394509488828,1.6106288171136498,Boulogne sur Mer,Public - Membership Required,1
169775,Domaine Tarbouriech,Tesla (Tesla-only charging),43.397178,3.547582,Marseillan,Public - Membership Required,3
169698,TotalEnergies - Relais Avelin,TotalEnergies (FR),50.540338127640666,3.0730593774699173,Avelin,Public,4
169552,Ionity Hauconcourt,Ionity,49.21518403343032,6.171855032034159,Hauconcourt,Public,19
169439,Lidl,Lidl,48.95136551025175,2.6678188886029375,Claye-Souilly,Public - Membership Required,1
169294,Tesla Supercharger Perigueux,Tesla (including non-tesla),45.152424,0.789938,Perigueux,Public,8
168914,Leroy Merlin,Drive Eco,45.24152614499573,5.665637207639065,Saint-Égrève,Public,4
168818,Rue de la Mare Neuve,Freshmile,48.616731040523405,2.423874028733394,Évry-Courcouronnes,"Private - For Staff, Visitors or Customers",4
168547,Charger - Toulon / Hyères Aéroport,(Unknown Operator),43.09270994392054,6.159177699151996,Hyères,Public,2
168524,Ionity Mâcon Saint-Albain,Ionity,46.421296604546285,4.864481520051868,Saint-Albain,Public,13
168469,Parking Lidl,Lidl,43.12946770535123,5.97798608371636,,Public - Pay At Location,2
168468,Avenue de Draguignan,Renault,43.138979065964975,6.03256886700774,La Garde,Public - Pay At Location,2
168467,Avenue Lavoisier,Lidl,43.13779321535446,6.000250067330285,La Valette-du-Var,Public - Pay At Location,2
168038,Au bureau,(Unknown Operator),45.69078058942958,0.17795554708573036,Champniers,Public,1
167853,La Taverne de l'Arc,(Unknown Operator),45.554671795394285,6.254643993822697,Chambéry,Public - Membership Required,1
167851,Bricomarche Hermillon - La Tour-en-Maurienne ,(Unknown Operator),45.235736320419534,6.412106704890562,Hermillon,Public,2
167766,Place de l'Hôtel de Ville,(Unknown Operator),49.1310620658864,4.53130535439027,Suippes,Public,1
166943,ARDRES - Avenue de Saint-Omer,pass pass électrique,50.852688,1.986287,,Public - Pay At Location,0
166942,NORDAUSQUES - Rue de la mairie,pass pass électrique,50.818188,2.08029,,Public - Pay At Location,0
166941,ZOUAFQUES - Place de la mairie,pass pass électrique,50.814556,2.054273,,Public - Pay At Location,0
166940,HARDINGHEN - Rue Maurice Brouta,pass pass électrique,50.806114,1.818632,,Public - Pay At Location,0
166939,ÉPERLECQUES - Rue de la mairie,pass pass électrique,50.805332,2.153832,,Public - Pay At Location,0
166938,HOULLE - Route de Watten,pass pass électrique,50.796658,2.174112,,Public - Pay At Location,0
166937,LICQUES - Place du Général de Gaulle,pass pass électrique,50.784527,1.931983,,Public - Pay At Location,0
166936,TILQUES - Aire de covoiturage de Tilques D943 E1,pass pass électrique,50.778355,2.194599,,Public - Pay At Location,0
166935,WIMEREUX - Rue du Château,Bilinmiyor,50.778137,1.619564,,Public - Pay At Location,0
166934,WIMEREUX - Av du Maréchal Foch,Bilinmiyor,50.765499,1.607552,,Public - Pay At Location,0
166933,WIMILLE - Rue de la gare,Bilinmiyor,50.764698,1.614245,,Public - Pay At Location,0
166932,SAINT-OMER - Place Ghiere,pass pass électrique,50.757599,2.2614,,Public - Pay At Location,0
166931,SAINT-MARTIN-AU-LAËRT - Chemin du Tourniquet,pass pass électrique,50.756046,2.247738,,Public - Pay At Location,0
166930,SAINT-MARTIN-AU-LAËRT - Place Cotillon Belin,pass pass électrique,50.753899,2.2377,,Public - Pay At Location,0
166929,SAINT-OMER -Rue de Dunkerque,pass pass électrique,50.753864,2.259572,,Public - Pay At Location,0
166928,SAINT-OMER - Chemin du Marais,pass pass électrique,50.753571,2.269641,,Public - Pay At Location,0
166927,SAINT-OMER - parking-Place Suger,pass pass électrique,50.753063,2.251864,,Public - Pay At Location,0
166926,SAINT-OMER - Rue Carnot,pass pass électrique,50.751583,2.262872,,Public - Pay At Location,0
166925,SAINT-OMER - Place de l'Esplanade,pass pass électrique,50.751499,2.2506,,Public - Pay At Location,0
166924,SAINT-OMER -Rue des carmes,pass pass électrique,50.751358,2.533136,,Public - Pay At Location,0
166923,SAINT-OMER - Enclos Saint-Denis,pass pass électrique,50.749588,2.257746,,Public - Pay At Location,0
166922,SAINT-OMER - Boulevard Vauban,pass pass électrique,50.746395,2.25171,,Public - Pay At Location,0
166921,SAINT-OMER - Chemin des glacis,pass pass électrique,50.744801,2.2503,,Public - Pay At Location,0
166920,TATINGHEM - Place de la mairie,pass pass électrique,50.744297,2.208709,,Public - Pay At Location,0
166919,LONGUENESSE - Avenue Léon Blum,pass pass électrique,50.740795,2.269746,,Public - Pay At Location,0
166918,LONGUENESSE - Route des Bruyères,pass pass électrique,50.740433,2.261409,,Public - Pay At Location,0
166917,LONGUENESSE - Place de l'hotel de ville,pass pass électrique,50.738335,2.444874,,Public - Pay At Location,0
166916,ARQUES - Rue Aristide Briand,pass pass électrique,50.737629,2.30126,,Public - Pay At Location,0
166915,ARQUES - Rue du General De Gaule,pass pass électrique,50.733711,2.297469,,Public - Pay At Location,0
166914,HAZEBROUCK - Rue du Maréchal Foch,pass pass électrique,50.732689,2.530926,,Public - Pay At Location,0
166913,BOULOGNE-SUR-MER - Boulevard Sainte Beuve,Bilinmiyor,50.731812,1.595234,,Public - Pay At Location,0
166912,ARQUES - Rue Henri Puypes,pass pass électrique,50.731747,2.295799,,Public - Pay At Location,0
166911,LA CAPELLE-LÈS-BOULOGNE - Rue Marcel Caudevelle,Bilinmiyor,50.730942,1.707534,,Public - Pay At Location,0
166910,HAZEBROUCK - Rue de la plaine,pass pass électrique,50.73027,2.552611,,Public - Pay At Location,0
166909,ARQUES - Avenue Newton,pass pass électrique,50.729771,2.332233,,Public - Pay At Location,0
166908,HAZEBROUCK - Rue Notre Dame,pass pass électrique,50.72863,2.54217,,Public - Pay At Location,0
166907,SAINT-MARTIN-BOULOGNE - ZAC du Mont Joie,Bilinmiyor,50.727886,1.642483,,Public - Pay At Location,0
166906,SAINT-MARTIN-BOULOGNE - Place Briand,Bilinmiyor,50.726448,1.633623,,Public - Pay At Location,0
166905,BOULOGNE-SUR-MER - Place de la résistance,Bilinmiyor,50.725101,1.61298,,Public - Pay At Location,0
166904,HAZEBROUCK - Rue Warein,pass pass électrique,50.724579,2.53162,,Public - Pay At Location,0
166903,BOULOGNE-SUR-MER - Place Dalton,Bilinmiyor,50.723129,1.60705,,Public - Pay At Location,0
166902,BOULOGNE-SUR-MER - Boulevard Napoléon,Bilinmiyor,50.723057,1.595387,,Public - Pay At Location,0
166901,HAZEBROUCK - Rue de Queux St Hilaire,pass pass électrique,50.722557,2.533966,,Public - Pay At Location,0
166900,SETQUES - Route départementale 942,pass pass électrique,50.722271,2.171564,,Public - Pay At Location,0
166899,HAZEBROUCK - Rue du Pont,pass pass électrique,50.720173,2.539142,,Public - Pay At Location,0
166898,HAZEBROUCK - Rue François Dominique Depoorter,pass pass électrique,50.720173,2.534213,,Public - Pay At Location,0
166897,HAZEBROUCK - Rue du Milieu,pass pass électrique,50.717873,2.543917,,Public - Pay At Location,0
166896,BLENDECQUES - Place de la libération,pass pass électrique,50.717587,2.282098,,Public - Pay At Location,0
166895,BOULOGNE-SUR-MER - Rue ferdinand Buisson,Bilinmiyor,50.715496,1.608758,,Public - Pay At Location,0
166894,BOULOGNE-SUR-MER - Place Léon Blum,Bilinmiyor,50.715172,1.603821,,Public - Pay At Location,0
166893,HAZEBROUCK - Rue d'Aire,pass pass électrique,50.714951,2.532066,,Public - Pay At Location,0
166892,HAZEBROUCK - Place Général de Gaulle,pass pass électrique,50.71188,2.544553,,Public - Pay At Location,0
166891,LE PORTEL - Avenue Gournay,Bilinmiyor,50.711216,1.575211,,Public - Pay At Location,0
166890,WARDRECQUES - Rue Haverskerques,pass pass électrique,50.710579,2.34401,,Public - Pay At Location,0
166889,WIZERNES - Place de la mairie,pass pass électrique,50.709618,2.228097,,Public - Pay At Location,0
166888,SAINT-MARTIN-BOULOGNE - Place de l'orme,Bilinmiyor,50.708981,1.619467,,Public - Pay At Location,0
166887,LUMBRES - Rue des Écoles,pass pass électrique,50.706848,2.124873,,Public - Pay At Location,0
166886,LUMBRES - chemin du pressart,pass pass électrique,50.706341,2.11046,,Public - Pay At Location,0
166885,OUTREAU  - Rue du Biez,Bilinmiyor,50.705528,1.5931,,Public - Pay At Location,0
166884,LE PORTEL - Quai de la Violette,Bilinmiyor,50.704311,1.56638,,Public - Pay At Location,0
166883,HELFAUT - Parking du CHR,pass pass électrique,50.703533,2.251372,,Public - Pay At Location,0
166882,OUTREAU  - Boulevard Splinglard,Bilinmiyor,50.700634,1.585452,,Public - Pay At Location,0
166881,HEURINGHEM - Rue de Saint-Omer,pass pass électrique,50.697296,2.283327,,Public - Pay At Location,0
166880,HELFAUT - Rue d'Aire et du Piperstraete,pass pass électrique,50.697172,2.24438,,Public - Pay At Location,0
166879,RACQUINGHEM - Parking de la Poste,pass pass électrique,50.693123,2.356985,,Public - Pay At Location,0
166878,SAINT-LÉONARD - Avenue François Miellot,Bilinmiyor,50.688049,1.62598,,Public - Pay At Location,0
166877,SAINT-ÉTIENNE-AU-MONT - Place Victor Hugo,Bilinmiyor,50.681152,1.627756,,Public - Pay At Location,0
166876,ÉQUIHEN-PLAGE - Place de l'Eglise,Bilinmiyor,50.67926,1.57129,,Public - Pay At Location,0
166875,QUIESTÉDE - Rue de l'Eglise,pass pass électrique,50.679024,2.311605,,Public - Pay At Location,0
166874,ÉQUIHEN-PLAGE - Rue Charles Cazin,Bilinmiyor,50.673531,1.5713,,Public - Pay At Location,0
166873,ROQUETOIRE - Place de la Mairie,pass pass électrique,50.670624,2.341369,,Public - Pay At Location,0
166872,ECQUES - Rue du Brule,pass pass électrique,50.670177,2.290505,,Public - Pay At Location,0
166871,WITTES - RDV 943,pass pass électrique,50.66732,2.392366,,Public - Pay At Location,0
166870,SAINT-ÉTIENNE-AU-MONT - Route d'Equihen,Bilinmiyor,50.666851,1.603425,,Public - Pay At Location,0
166869,CLARQUES - Aire de covoiturage,pass pass électrique,50.663155,2.260961,,Public - Pay At Location,0
166868,SAILLY-SUR-LA-LYS - Rue de la Lys,pass pass électrique,50.657722,2.769856,,Public - Pay At Location,0
166867,LOMME - Rue du grand but,pass pass électrique,50.652771,2.974986,,Public - Pay At Location,0
166866,CONDETTE - Place du Choquel,Bilinmiyor,50.650639,1.62555,,Public - Pay At Location,0
166865,FLEURBAIX - Rue de Quesne,pass pass électrique,50.650608,2.831136,,Public - Pay At Location,0
166864,ESTAIRES - Rue de l’Ondine,pass pass électrique,50.646614,2.704682,,Public - Pay At Location,0
166863,MERVILLE - Avenue Clémenceau,pass pass électrique,50.643703,2.640947,,Public - Pay At Location,0
166862,LA GORGUE - Rue de la Lys,pass pass électrique,50.640903,2.741627,,Public - Pay At Location,0
166861,"THÉROUANNE - Route de Clarques, BP11",pass pass électrique,50.6386,2.26029,,Public - Pay At Location,0
166860,AIRE-SUR-LA-LYS - Rue des Alliés,pass pass électrique,50.637455,2.390785,,Public - Pay At Location,0
166859,LA GORGUE - Rue de Verdun,pass pass électrique,50.636791,2.708741,,Public - Pay At Location,0
166858,THÉROUANNE - Résidence les Morins,pass pass électrique,50.635792,2.258158,,Public - Pay At Location,0
166857,MAMETZ - Rue de l'école Buissonnière,pass pass électrique,50.635265,2.321337,,Public - Pay At Location,0
166856,NEUFCHÂTEL-HARDELOT - Rue Syr Richard Ryche,Bilinmiyor,50.633251,1.581048,,Public - Pay At Location,0
166855,NEUFCHÂTEL-HARDELOT - Avenue Charles Dickens,Bilinmiyor,50.632785,1.584456,,Public - Pay At Location,0
166854,LAVENTIE - Place du Huit Mai,pass pass électrique,50.628609,2.771704,,Public - Pay At Location,0
166853,HAVERSKERQUE - Rue du Moulin,pass pass électrique,50.626617,2.549618,,Public - Pay At Location,0
166852,LESTREM - Place du Huit Mai,pass pass électrique,50.620762,2.685248,,Public - Pay At Location,0
166851,NEUFCHÂTEL-HARDELOT - Rue des Allées,Bilinmiyor,50.619999,1.6439,,Public - Pay At Location,0
166850,DELETTES - Rue du centre,pass pass électrique,50.619774,2.212831,,Public - Pay At Location,0
166849,SAINT-MARTIN-D'HARDINGHEM - Jonction rue de Saint Omer et D928,pass pass électrique,50.605919,2.100676,,Public - Pay At Location,0
166848,COYECQUES - Rue Principale,pass pass électrique,50.603981,2.18359,,Public - Pay At Location,0
166847,FAUQUEMBERGUES - Avenue Roland Huguet,pass pass électrique,50.603489,2.096668,,Public - Pay At Location,0
166846,AUBERS - Place de l'Eglise,pass pass électrique,50.595184,2.82549,,Public - Pay At Location,0
166845,ENQUIN-LES-MINES - Rue des Ecoles,pass pass électrique,50.587173,2.292062,,Public - Pay At Location,0
166844,LESQUIN - Rue Du Calvaire,Alizé Liberté,50.582941,3.116002,,Public - Pay At Location,0
166843,BOUVINES - Chaussée Brunehaut,pass pass électrique,50.57909,3.189449,,Public - Pay At Location,0
166842,HUCQUELIERS - Grand Place,pass pass électrique,50.568699,1.906662,,Public - Pay At Location,0
166841,FLÉCHIN - Rue Haute,pass pass électrique,50.560562,2.290743,,Public - Pay At Location,0
166840,VIEUX CONDE - Place Vermeersch,pass pass électrique,50.459484,3.569098,,Public - Pay At Location,0
166839,CONDÉ-SUR-L'ESCAUT - Route de Bonsecours,pass pass électrique,50.454327,3.590116,,Public - Pay At Location,0
166838,CONDÉ-SUR-L'ESCAUT - Place Verte,pass pass électrique,50.44939,3.591196,,Public - Pay At Location,0
166837,CONDÉ-SUR-L'ESCAUT - Quai Petit Rempart Rive Droite,pass pass électrique,50.447418,3.594453,,Public - Pay At Location,0
166836,RAIMBEAUCOURT - Place Clémenceau,pass pass électrique,50.43948,3.100631,,Public - Pay At Location,0
166835,FRESNES-SUR-ESCAUT - Place Vaillant Couturier,pass pass électrique,50.432755,3.579415,,Public - Pay At Location,0
166834,FLINES-LEZ-RACHES - Rue Dupire,pass pass électrique,50.425854,3.182443,,Public - Pay At Location,0
166833,ROOST-WARENDIN - rue pierre Brossolette,pass pass électrique,50.418369,3.101812,,Public - Pay At Location,0
166832,AUBY - Place de la République,pass pass électrique,50.414818,3.054271,,Public - Pay At Location,0
166831,ROOST-WARENDIN - Rue des Molettes,pass pass électrique,50.410564,3.108186,,Public - Pay At Location,0
166830,DOUAI - Musée Arkeos Route de Tourne,pass pass électrique,50.409676,3.13052,,Public - Pay At Location,0
166829,BRUAY-SUR-L'ESCAUT - Place Henri Durre,pass pass électrique,50.409618,3.555456,,Public - Pay At Location,0
166828,AUBY - Parc d'activités les Près Loribes,pass pass électrique,50.408894,3.063069,,Public - Pay At Location,0
166827,MARCHIENNES - Place Charles de Gaulle,pass pass électrique,50.407452,3.278486,,Public - Pay At Location,0
166826,QUIÉVRECHAIN - Avenue Jean Jaurès,pass pass électrique,50.402695,3.669055,,Public - Pay At Location,0
166825,FLERS-EN-ESCREBIEUX - Rue du Marché,pass pass électrique,50.398388,3.086123,,Public - Pay At Location,0
166824,BRUAY-SUR-L'ESCAUT - Place Fontaine,pass pass électrique,50.397495,3.669368,,Public - Pay At Location,0
166823,DOUAI - Zi Douai Dorignies,pass pass électrique,50.397381,3.10234,,Public - Pay At Location,0
166822,QUIÉVRECHAIN - rue Jean Mermoz,pass pass électrique,50.396595,3.669368,,Public - Pay At Location,0
166821,LALLAING - Place Jean Jaurès,pass pass électrique,50.390381,3.168918,,Public - Pay At Location,0
166820,WAZIERS - Rue Paul Langevin,pass pass électrique,50.387367,3.10211,,Public - Pay At Location,0
166819,BEUVRAGE - Place du 11 Novembre 1918,pass pass électrique,50.38541,3.506969,,Public - Pay At Location,0
166818,ONNAING - Rue de la Mairie,pass pass électrique,50.385185,3.600033,,Public - Pay At Location,0
166817,CUINCY - Place Edith Piaf,pass pass électrique,50.384598,3.0476,,Public - Pay At Location,0
166816,CUINCY - Rue du Cardinal Allen,pass pass électrique,50.383183,3.056829,,Public - Pay At Location,0
166815,DOUAI - Parc Jacques Vernier,pass pass électrique,50.381878,3.092359,,Public - Pay At Location,0
166814,DOUAI - Avenue du Maréchal de Tassigny,pass pass électrique,50.381016,3.066172,,Public - Pay At Location,0
166813,DOUAI - Boulevard Bréguet,pass pass électrique,50.38081,3.083195,,Public - Pay At Location,0
166812,RIEULAY - Rue Suzanne Lanoy,pass pass électrique,50.380085,3.2545,,Public - Pay At Location,0
166811,PECQUENCOURT - Rue d'Anchin,pass pass électrique,50.379002,3.216033,,Public - Pay At Location,0
166810,DOUAI - Rue Gabriel Fauré,pass pass électrique,50.376663,3.095716,,Public - Pay At Location,0
166809,DOUAI - Parking Cinéma Majestic,pass pass électrique,50.375641,3.075291,,Public - Pay At Location,0
166808,SAINT-SAULVE - Place du huit mai,pass pass électrique,50.375469,3.554266,,Public - Pay At Location,0
166807,DOUAI - Place de l'Arsenal,pass pass électrique,50.374115,3.085911,,Public - Pay At Location,0
166806,DOUAI - Gare de Douai,pass pass électrique,50.373363,3.089998,,Public - Pay At Location,0
166805,ANZIN - ZA Rives Créatives de l'Escaut,pass pass électrique,50.373344,3.520827,,Public - Pay At Location,0
166804,DOUAI - Place Carnot,pass pass électrique,50.37204,3.086167,,Public - Pay At Location,0
166803,DOUAI - Rue Geoges Guymener,pass pass électrique,50.371964,3.059633,,Public - Pay At Location,0
166802,DOUAI - Palais de Justice Pont du Rivage,pass pass électrique,50.370384,3.078077,,Public - Pay At Location,0
166801,PETITE-FORÊT - Rue Jean Jaurès,pass pass électrique,50.369053,3.475673,,Public - Pay At Location,0
166800,SAINT-SAULVE - Rue Montesquieu,pass pass électrique,50.368744,3.551396,,Public - Pay At Location,0
166799,ANZIN - rue Gustave Thiétard,pass pass électrique,50.36853,3.502086,,Public - Pay At Location,0
166798,DOUAI - Place Robert Schumann,pass pass électrique,50.368122,3.083735,,Public - Pay At Location,0
166797,DOUAI - Rue de la Fonderie,pass pass électrique,50.367714,3.074256,,Public - Pay At Location,0
166796,DOUAI - Rue Godin,pass pass électrique,50.367386,3.080179,,Public - Pay At Location,0
166795,FENAIN - Place des Fusilles,pass pass électrique,50.36618,3.300389,,Public - Pay At Location,0
166794,DOUAI - Place du Barlet,pass pass électrique,50.364925,3.082288,,Public - Pay At Location,0
166793,HORNAING - Rue Salvador Allende,pass pass électrique,50.364788,3.337247,,Public - Pay At Location,0
166792,SIN-LE-NOBLE - Place Jean Jaures,pass pass électrique,50.36433,3.112813,,Public - Pay At Location,0
166791,DOUAI - Bd Pasteur,pass pass électrique,50.364182,3.073038,,Public - Pay At Location,0
166790,VALENCIENNES - Boulevard d Harpignies,pass pass électrique,50.363956,3.528473,,Public - Pay At Location,0
166789,VALENCIENNES - Gare,pass pass électrique,50.362522,3.517346,,Public - Pay At Location,0
166788,DOUAI - Rue d'Arleux,pass pass électrique,50.36216,3.080173,,Public - Pay At Location,0
166787,SIN-LE-NOBLE - Piscine Tournesol,pass pass électrique,50.362099,3.116024,,Public - Pay At Location,0
166786,MONTIGNY-EN-OSTREVENT - Rue du Maréchal Leclerc,pass pass électrique,50.36174,3.188948,,Public - Pay At Location,0
166785,VALENCIENNES - Place du Hainaut,pass pass électrique,50.360413,3.52307,,Public - Pay At Location,0
166784,SOMAIN - Rue Anatole France,pass pass électrique,50.359093,3.27944,,Public - Pay At Location,0
166783,VALENCIENNES - Avenue Desandrouin,pass pass électrique,50.358608,3.501478,,Public - Pay At Location,0
166782,VALENCIENNES - Place Verte,pass pass électrique,50.357304,3.528754,,Public - Pay At Location,0
166781,SOMAIN - Gare,pass pass électrique,50.35577,3.279546,,Public - Pay At Location,0
166780,DECHY - rue Léon Gambetta,pass pass électrique,50.353535,3.125835,,Public - Pay At Location,0
166779,LAMBRES-LEZ-DOUAI - Rue Jean Jaurès,pass pass électrique,50.352913,3.064004,,Public - Pay At Location,0
166778,VALENCIENNES - Place du Canada,pass pass électrique,50.35276,3.522642,,Public - Pay At Location,0
166777,LAMBRES-LEZ-DOUAI - ZAc de l'Ermitage,pass pass électrique,50.350609,3.040109,,Public - Pay At Location,0
166776,MARLY - Place Gabriel Péry,pass pass électrique,50.349934,3.544137,,Public - Pay At Location,0
166775,SIN-LE-NOBLE - Centre aquatique Sourceane,pass pass électrique,50.349442,3.10115,,Public - Pay At Location,0
166774,SOMAIN - Boulevard Louise Michel,pass pass électrique,50.34763,3.284205,,Public - Pay At Location,0
166773,MARLY - Angle rue Barbara et Chemin Latéral,pass pass électrique,50.347294,3.535965,,Public - Pay At Location,0
166772,SOMAIN - Boulevard Louise Michel,pass pass électrique,50.346619,3.282981,,Public - Pay At Location,0
166771,DECHY - Parc d'activités du LUC,pass pass électrique,50.346352,3.116429,,Public - Pay At Location,0
166770,GOGNIES-CHAUSSÉE - Place de la République,pass pass électrique,50.340729,3.943025,,Public - Pay At Location,0
166769,VILLERS-SIRE-NICOLE -  Grand Place,pass pass électrique,50.339687,4.012432,,Public - Pay At Location,0
166768,VALENCIENNES - Rue du Dauphiné,pass pass électrique,50.339424,3.515436,,Public - Pay At Location,0
166767,MASNY - Rue des Hallots,pass pass électrique,50.337643,3.204079,,Public - Pay At Location,0
166766,PROUVY - Yellow Parc,pass pass électrique,50.33746,3.462699,,Public - Pay At Location,0
166765,LEWARDE - Domaine du Château,pass pass électrique,50.33691,3.165049,,Public - Pay At Location,0
166764,DECHY - Centre Hospitalier,pass pass électrique,50.33691,3.100362,,Public - Pay At Location,0
166763,SAULTAIN - Place Vaillant Couturier,pass pass électrique,50.336136,3.578243,,Public - Pay At Location,0
166762,ANICHE - Rue des Frères Fâché,pass pass électrique,50.33411,3.242844,,Public - Pay At Location,0
166761,BETTIGNIES - Route de Villers sire Nicole,pass pass électrique,50.33345,3.974458,,Public - Pay At Location,0
166760,AUBERCHICOURT - Boulevard Coquelet,pass pass électrique,50.331741,3.232677,,Public - Pay At Location,0
166759,AULNOY-LEZ-VALENCIENNES - Rue Henri Turlet,pass pass électrique,50.331036,3.530727,,Public - Pay At Location,0
166758,AULNOY-LEZ-VALENCIENNES - Rue Jules Mousseron,pass pass électrique,50.330822,3.513144,,Public - Pay At Location,0
166757,ANICHE - Rue Wambrouck,pass pass électrique,50.330822,3.25148,,Public - Pay At Location,0
166756,ANICHE - Rue Léo Lagrange,pass pass électrique,50.326672,3.25789,,Public - Pay At Location,0
166755,BERSILLIES - Rue Saint Pierre d'Hautmont,pass pass électrique,50.322632,4.005755,,Public - Pay At Location,0
166754,FAMARS - Parking Technopôle Transalley,pass pass électrique,50.32003,3.51204,,Public - Pay At Location,0
166753,MAIRIEUX - Rue Haute,pass pass électrique,50.31258,3.992481,,Public - Pay At Location,0
166752,ANZIN-SAINT-AUBIN - Chaussée Brunehaut,pass pass électrique,50.310955,2.749743,,Public - Pay At Location,0
166751,JEUMONT - Rue du Maréchal Leclerc,pass pass électrique,50.306557,4.089376,,Public - Pay At Location,0
166750,ÉLESMES - Ruie du Pont de Pierre,pass pass électrique,50.306171,4.010159,,Public - Pay At Location,0
166749,SAINTE-CATHERINE - Rue Nationale,pass pass électrique,50.304115,2.763805,,Public - Pay At Location,0
166748,ARRAS - Place Verlaine,pass pass électrique,50.301754,2.746614,,Public - Pay At Location,0
166747,SAINT-LAURENT-BLANGY - 8 Rue Laurent Gers,pass pass électrique,50.299244,2.801606,,Public - Pay At Location,0
166746,FEIGNIES - Place de l'église,pass pass électrique,50.297798,3.913268,,Public - Pay At Location,0
166745,ARRAS - Boulevard Schuman,pass pass électrique,50.297276,2.781572,,Public - Pay At Location,0
166744,JEUMONT - Rue lessines,pass pass électrique,50.297081,4.098619,,Public - Pay At Location,0
166743,ARRAS - Rue du Crinchon,pass pass électrique,50.296223,2.778047,,Public - Pay At Location,0
166742,ARRAS - Place Guy Mollet,pass pass électrique,50.293255,2.778971,,Public - Pay At Location,0
166741,MARPENT - Rue des Frères Roucheau,pass pass électrique,50.292732,4.079819,,Public - Pay At Location,0
166740,ARRAS - Rue Albert 1er de Belgique,pass pass électrique,50.291981,2.774584,,Public - Pay At Location,0
166739,ARRAS - Place Courbet,pass pass électrique,50.291969,2.747889,,Public - Pay At Location,0
166738,ARRAS - Bld Faidherbe,pass pass électrique,50.290779,2.782126,,Public - Pay At Location,0
166737,ARRAS - cours de Verdun,pass pass électrique,50.290394,2.768581,,Public - Pay At Location,0
166736,BOUSSOIS - Rue du Ponceau,pass pass électrique,50.290192,4.03865,,Public - Pay At Location,0
166735,ARRAS - Boulevard Crespel,pass pass électrique,50.288586,2.764971,,Public - Pay At Location,0
166734,ARRAS - Bld Vauban,pass pass électrique,50.286945,2.770589,,Public - Pay At Location,0
166733,ARRAS - Place Emile Breton,pass pass électrique,50.286434,2.782435,,Public - Pay At Location,0
166732,ASSEVENT - Rue du Général de Gaulle,pass pass électrique,50.286354,4.010719,,Public - Pay At Location,0
166731,ARRAS - La Citadelle,pass pass électrique,50.285564,2.7595,,Public - Pay At Location,0
166730,ARRAS - Rue Abel Bergaigne,pass pass électrique,50.285164,2.775698,,Public - Pay At Location,0
166729,RECQUIGNIES - Place de Nice,pass pass électrique,50.283791,4.038401,,Public - Pay At Location,0
166728,DAINVILLE - allée du 8 mai 1945,pass pass électrique,50.282616,2.730408,,Public - Pay At Location,0
166727,ARRAS - Rue Emile Didier,pass pass électrique,50.282436,2.796768,,Public - Pay At Location,0
166726,MAUBEUGE - Av J jaures,pass pass électrique,50.281746,3.957283,,Public - Pay At Location,0
166725,ARLEUX - Rue Georges lefebvre,pass pass électrique,50.280788,3.104651,,Public - Pay At Location,0
166724,FEIGNIES - Route de Valenciennes,pass pass électrique,50.280594,3.907042,,Public - Pay At Location,0
166723,MAUBEUGE - Parking du Pavillon,pass pass électrique,50.27784,3.9782,,Public - Pay At Location,0
166722,MAUBEUGE - Rue de Croix,pass pass électrique,50.276638,3.975887,,Public - Pay At Location,0
166721,MAUBEUGE - Pl de Wattignies,pass pass électrique,50.275326,3.971621,,Public - Pay At Location,0
166720,ACHICOURT - rue du 19 mars,pass pass électrique,50.274288,2.769392,,Public - Pay At Location,0
166719,ROUSIES - Rue de la Mairie,pass pass électrique,50.272598,4.005444,,Public - Pay At Location,0
166718,MAUBEUGE - Avenue de France,pass pass électrique,50.272541,3.97243,,Public - Pay At Location,0
166717,NEUF-MESNIL - Rue de Saint Amand,pass pass électrique,50.266468,3.906698,,Public - Pay At Location,0
166716,LOUVROIL - Route d'Avesnes,pass pass électrique,50.264469,3.962514,,Public - Pay At Location,0
166715,BOUSIGNIES-SUR-ROC - Grand Place,pass pass électrique,50.264118,4.181942,,Public - Pay At Location,0
166714,BEAURAINS - Rue Jean Jaures,pass pass électrique,50.263477,2.788694,,Public - Pay At Location,0
166713,CERFONTAINE - Place Anthime,pass pass électrique,50.26009,4.026694,,Public - Pay At Location,0
166712,COLLERET - Place de l'Europe,pass pass électrique,50.255886,4.074735,,Public - Pay At Location,0
166711,FERRIÈRE-LA-GRANDE - Rue Roger Salengro,pass pass électrique,50.25375,3.994372,,Public - Pay At Location,0
166710,HAUTMONT - Rue du Cimetière,pass pass électrique,50.252746,3.927248,,Public - Pay At Location,0
166709,VIEUX-MESNIL - Rue de Boussières,pass pass électrique,50.252503,3.861772,,Public - Pay At Location,0
166708,COUSOLRE - D936,pass pass électrique,50.246952,4.149507,,Public - Pay At Location,0
166707,FERRIÈRE-LA-PETITE - Place Charles Tondeur,pass pass électrique,50.238651,4.020206,,Public - Pay At Location,0
166706,QUIÉVELON - Grand Rue,pass pass électrique,50.237961,4.074501,,Public - Pay At Location,0
166705,BOUSSIÈRES-SUR-SAMBRE - Rue de l'église,pass pass électrique,50.236862,3.882849,,Public - Pay At Location,0
166704,AIBES - Rue du Quievelon,pass pass électrique,50.236748,4.09269,,Public - Pay At Location,0
166703,SAINT-RÉMY-DU-NORD - Rue de la Place,pass pass électrique,50.231396,3.905528,,Public - Pay At Location,0
166702,PONT-SUR-SAMBRE - Rue du huit mai 1945,pass pass électrique,50.222366,3.848917,,Public - Pay At Location,0
166701,OBRÉCHIES - La Place,pass pass électrique,50.220364,4.024435,,Public - Pay At Location,0
166700,BACHANT - Rue Alphonse Polvent,pass pass électrique,50.214138,3.865511,,Public - Pay At Location,0
166699,BERLAIMONT - Rue de Bruxelles,pass pass électrique,50.203831,3.813239,,Public - Pay At Location,0
166698,ECLAIBES - Ch Margot,pass pass électrique,50.202984,3.932986,,Public - Pay At Location,0
166697,AULNOYE-AYMERIES - Place de la mairie,pass pass électrique,50.199978,3.833836,,Public - Pay At Location,0
166696,AULNOYE-AYMERIES - Rue Léon Gambetta,pass pass électrique,50.197346,3.842994,,Public - Pay At Location,0
166695,LEVAL - Rue Roger Martin,pass pass électrique,50.188717,3.839588,,Public - Pay At Location,0
166694,SAINT-RÉMY-CHAUSSÉE - Rue de Saint Aubin,pass pass électrique,50.17239,3.873038,,Public - Pay At Location,0
166693,MONCEAU SAINT VAAST - La Place,pass pass électrique,50.170803,3.856558,,Public - Pay At Location,0
166692,NOYELLES-SUR-SAMBRE - Rue Alfred Bisiaux,pass pass électrique,50.156116,3.800211,,Public - Pay At Location,0
166691,"Noyon, Parking de la Boissière",Freshmile,49.5789,2.99637,,Public - Pay At Location,0
166690,"Noyon, Parking Cinéma",Freshmile,49.5704,2.98157,,Public - Pay At Location,0
166689,HOUPPEVILLE - Place De La Mairie,Alizé Liberté,49.50974182,1.08114481,,Public - Pay At Location,0
166688,THIL - Parking place du 8 mai 45,Bilinmiyor,49.4731833333,5.9078305556,,Public - Pay At Location,0
166687,VILLERUPT - Parking Jules Vallé,Bilinmiyor,49.4714888889,5.9301,,Public - Pay At Location,0
166686,VILLERUPT - Stade Delaune,Bilinmiyor,49.4634472222,5.9256527778,,Public - Pay At Location,0
166685,VILLERUPT - Place Joliot Curie,Bilinmiyor,49.4587555556,5.9273138889,,Public - Pay At Location,0
166684,"Saint-Germer-de-Fly, Aire de covoiturage",Freshmile,49.4545,1.78974,,Public - Pay At Location,0
166683,ROUEN - Place Cauchoise,Alizé Liberté,49.44548656,1.086004972,,Public - Pay At Location,0
166682,ST MARTIN DE BOSCHERVILLE - Place De La Mairie,Alizé Liberté,49.44482388,0.962795019,,Public - Pay At Location,0
166681,OTTANGE - Hôtel de ville,Bilinmiyor,49.4434986063,6.020516027,,Public - Pay At Location,0
166680,ROUEN - Place Martin Luther King,Alizé Liberté,49.44153474,1.087603569,,Public - Pay At Location,0
166679,ST LEGER DU BOURG DENIS - Parking Salle Polyvalente,Alizé Liberté,49.4317567,1.159830093,,Public - Pay At Location,0
166678,"Beauvais, Hôtel de Ville",Freshmile,49.4297,2.0813,,Public - Pay At Location,0
166677,"Beauvais, Gare",Freshmile,49.4265,2.08681,,Public - Pay At Location,0
166676,AUMETZ - Hôtel de ville,Bilinmiyor,49.4178861111,5.9421277778,,Public - Pay At Location,0
166675,BOOS - Parking Salle Polyvalente,Alizé Liberté,49.38823946,1.200047135,,Public - Pay At Location,0
166674,"Pont Sainte-Maxence, Médiathèque",Freshmile,49.3008,2.60051,,Public - Pay At Location,0
166673,"Nogent-sur-Oise, République",Freshmile,49.2798,2.47423,,Public - Pay At Location,0
166672,"Montataire, Auguste Génie",Freshmile,49.2562,2.43476,,Public - Pay At Location,0
166671,"Chantilly, Réservoir",Freshmile,49.1931,2.47152,,Public - Pay At Location,0
166670,"Chantilly, Avenue Marie Amélie",Freshmile,49.1766,2.45778,,Public - Pay At Location,0
166669,"Chambly, Rue Raymond Joly",Freshmile,49.1692,2.25257,,Public - Pay At Location,0
166668,"Lagny-le-Sec, rue du Puits d'Othis",Freshmile,49.0872,2.74434,,Public - Pay At Location,0
166667,"Le Plessis-Bouchard, Chaussée Jules César",Freshmile,48.997,2.2352,,Public - Pay At Location,0
166666,Trilport,EcoCharge77,48.958482,2.947197,,Public - Pay At Location,0
166665,AULNAY SOUS BOIS - RUE HENRI BECQUEREL,Alizé Liberté,48.947414,2.48,,Public - Pay At Location,0
166664,Drancy,Electric 55 Charging (FR),48.921681,2.445809,,Public - Pay At Location,0
166663,LEVALLOIS PERRET - Place de la République,Alizé Liberté,48.893227,2.288733,,Public - Pay At Location,0
166662,La Chaussée-d'Ivry | Place de l'Eglise,Bilinmiyor,48.882833,1.478731,,Public - Pay At Location,0
166661,Anet | Rue Lenôtre 2,Bilinmiyor,48.857906,1.440394,,Public - Pay At Location,0
166660,Trun | Place Charles de Gaulle,Bilinmiyor,48.84291,0.033124,,Public - Pay At Location,0
166659,Sorel-Moussel | Place de la Mairie,Bilinmiyor,48.840886,1.382028,,Public - Pay At Location,0
166658,La Ferté-en-Ouche | Allée de Kerroch,Bilinmiyor,48.838891,0.510631,,Public - Pay At Location,0
166657,Garche,Electric 55 Charging (FR),48.83874,2.187189,,Public - Pay At Location,0
166656,Nécy | Route de Vignats,Bilinmiyor,48.832935,-0.114195,,Public - Pay At Location,0
166655,Issy Les moulineaux,Electric 55 Charging (FR),48.82751,2.267517,,Public - Pay At Location,0
166654,Issy Les moulineaux,Electric 55 Charging (FR),48.822768,2.249937,,Public - Pay At Location,0
166653,Joinville,Electric 55 Charging (FR),48.816935,2.466876,,Public - Pay At Location,0
166652,Coulommiers,EcoCharge77,48.8138,3.08584,,Public - Pay At Location,0
166651,Caligny | Le Bourg 24,Bilinmiyor,48.808292,-0.595259,,Public - Pay At Location,0
166650,Versailles,Electric 55 Charging (FR),48.80674,2.15195,,Public - Pay At Location,0
166649,Versailles,Electric 55 Charging (FR),48.79661,2.136693,,Public - Pay At Location,0
166648,Saint-Evroult-Notre-Dame-du-Bois | Rue Principale,Bilinmiyor,48.79156,0.465261,,Public - Pay At Location,0
166647,Saint-Symphorien-des-Bruyères | Rue de St Evroult 3,Bilinmiyor,48.788227,0.583469,,Public - Pay At Location,0
166646,Velizy - Mairie,Electric 55 Charging (FR),48.782599,2.190179,,Public - Pay At Location,4
166645,Velizy,Electric 55 Charging (FR),48.780621,2.210091,,Public - Pay At Location,0
166644,Saint-Lubin-des-Joncherets | Rue de la Baronnie,Bilinmiyor,48.766003,1.198197,,Public - Pay At Location,0
166643,Putanges-le-Lac | Place de l'Hotel de Ville,Bilinmiyor,48.763992,-0.244639,,Public - Pay At Location,0
166642,Saint-Sulpice-sur-Risle | Rue d'Anglure,Bilinmiyor,48.76132,0.63996,,Public - Pay At Location,0
166641,L'Aigle | Rue de la Merillière 15,Bilinmiyor,48.760902,0.618188,,Public - Pay At Location,0
166640,Saint-Rémy-sur-Avre | Place des Dodots,Bilinmiyor,48.760857,1.24055,,Public - Pay At Location,0
166639,Vert-en-Drouais | Rue de l'Église,Bilinmiyor,48.760498,1.290755,,Public - Pay At Location,0
166638,L'Aigle | Avenue Kennedy,Bilinmiyor,48.764587,0.621484,,Public - Pay At Location,0
166637,Argentan | Rue de la Picardie,Bilinmiyor,48.750603,-0.029512,,Public - Pay At Location,0
166636,Argentan | Place Robert Aubin,Bilinmiyor,48.745026,-0.023866,,Public - Pay At Location,0
166635,Place Mahé,Bilinmiyor,48.743643,-0.018122,,Public - Pay At Location,0
166634,Dreux | Rue des Fontaines 7,Bilinmiyor,48.741367,1.375991,,Public - Pay At Location,0
166633,Le Pin-au-Haras | Le Haras du Pin,Bilinmiyor,48.739782,0.146003,,Public - Pay At Location,0
166632,Sainte-Gemme-Moronval | Place du Docteur Jouve,Bilinmiyor,48.73761,1.41498,,Public - Pay At Location,0
166631,Vernouillet | Avenue Marc Chappey 16,Bilinmiyor,48.730247,1.340031,,Public - Pay At Location,0
166630,Chanu | Rue de la Ferrière,Bilinmiyor,48.72935,-0.677842,,Public - Pay At Location,0
166629,Sainte-Gemme-Moronval | Route de Nogent le Roi 4,Bilinmiyor,48.727707,1.391119,,Public - Pay At Location,0
166628,Vernouillet | Esplanade du 8 mai 1945,Bilinmiyor,48.720734,1.356042,,Public - Pay At Location,0
166627,Luray | Rue Emile Zola,Bilinmiyor,48.71839,1.394265,,Public - Pay At Location,0
166626,Vernouillet | Rue de Rome,Bilinmiyor,48.71764,1.369639,,Public - Pay At Location,0
166625,Briouze | Place de l'Église,Bilinmiyor,48.698858,-0.367463,,Public - Pay At Location,0
166624,Bellou-en-Houlme | Route de Sainte-Opportune,Bilinmiyor,48.691303,-0.441353,,Public - Pay At Location,0
166623,Brezolles | Rue Notre-Dame,Bilinmiyor,48.69037,1.072763,,Public - Pay At Location,0
166622,Les Aspres | Rue du 1er Octobre 1959,Bilinmiyor,48.689285,0.601499,,Public - Pay At Location,0
166621,Tréon | Grande Rue,Bilinmiyor,48.676202,1.322366,,Public - Pay At Location,0
166620,Villemeux-sur-Eure | Rue de la Libération,Bilinmiyor,48.673946,1.460524,,Public - Pay At Location,0
166619,Coulombs | Rue des Remparts 2,Bilinmiyor,48.651646,1.543025,,Public - Pay At Location,0
166618,Charencey | Rue de Paris,Bilinmiyor,48.648975,0.757637,,Public - Pay At Location,0
166617,Moulins-la-Marche | Place Saint-Laurent,Bilinmiyor,48.647671,0.478333,,Public - Pay At Location,0
166616,Nogent-le-Roi | Place du Marché aux Chevaux,Bilinmiyor,48.6474,1.533494,,Public - Pay At Location,0
166615,Nogent-le-Roi | Route d'Ormoy,Bilinmiyor,48.64198,1.522347,,Public - Pay At Location,0
166614,Rânes | Rue du Parc,Bilinmiyor,48.639767,-0.212556,,Public - Pay At Location,0
166613,Le Grais | Le Bourg,Bilinmiyor,48.639374,-0.327852,,Public - Pay At Location,0
166612,SAINT MICHEL SUR ORGE,Bilinmiyor,48.636143,2.309117,,Public - Pay At Location,0
166611,Soligny-la-Trappe | D251,Bilinmiyor,48.635743,0.573477,,Public - Pay At Location,0
166610,EVRY,Izivia (Sodetrel),48.630527,2.450333,,Public - Pay At Location,0
166609,La Saucelle | Route des Hauts Étangs,Bilinmiyor,48.629845,1.028958,,Public - Pay At Location,0
166608,Les Monts d'Andaine | Lotissement les Fontainettes,Bilinmiyor,48.621999,-0.416713,,Public - Pay At Location,0
166607,La Ferté-Vidame | Place de la Mairie,Bilinmiyor,48.61171,0.901203,,Public - Pay At Location,0
166606,Épernon | Place du Ramponneau,Bilinmiyor,48.610031,1.674589,,Public - Pay At Location,0
166605,Champsecret | Rue Colonel André Lefèvre,Bilinmiyor,48.60927,-0.553686,,Public - Pay At Location,0
166604,Épernon | Avenue de la Prairie,Bilinmiyor,48.607811,1.679125,,Public - Pay At Location,0
166603,Sées | Place de la 2ème DB,Bilinmiyor,48.607536,0.17128,,Public - Pay At Location,0
166602,Sées | Rue Edouard Paysant,Bilinmiyor,48.60016,0.167383,,Public - Pay At Location,0
166601,Tremblay-les-Villages | Rue du Docteur Taugourdeau,Bilinmiyor,48.600136,1.382275,,Public - Pay At Location,0
166600,Hanches | Rue de la Barre,Bilinmiyor,48.599426,1.644564,,Public - Pay At Location,0
166599,Pierres | Place Marcel Rouleau,Bilinmiyor,48.591272,1.567505,,Public - Pay At Location,0
166598,La Ferté Macé | Rue Saint-Denis,Bilinmiyor,48.591028,-0.359223,,Public - Pay At Location,0
166597,La Ferté Macé | Place du Château,Bilinmiyor,48.590298,-0.355208,,Public - Pay At Location,0
166596,Domfront en Poiraie | Rue du Mont Saint-Michel,Bilinmiyor,48.589447,-0.661132,,Public - Pay At Location,0
166595,Maintenon | Rue Collin d'Harleville,Bilinmiyor,48.589372,1.57825,,Public - Pay At Location,0
166594,Magny-le-Désert | La Cour Chalmel,Bilinmiyor,48.587651,-0.33769,,Public - Pay At Location,0
166593,Maintenon | Place Aristide Briand,Bilinmiyor,48.586597,1.577814,,Public - Pay At Location,0
166592,Châteauneuf-en-Thymerais | Rue Maurice Viollette 23,Bilinmiyor,48.581581,1.242375,,Public - Pay At Location,0
166591,Châteauneuf-en-Thymerais | Rue Jean Moulin,Bilinmiyor,48.579361,1.244192,,Public - Pay At Location,0
166590,Senonches | Route de la Ferté Vidame 54,Bilinmiyor,48.569653,1.024185,,Public - Pay At Location,0
166589,Senonches | Rue de Verdun,Bilinmiyor,48.560792,1.032158,,Public - Pay At Location,0
166588,Senonches | Rue du Four Banal,Bilinmiyor,48.560074,1.038936,,Public - Pay At Location,0
166587,Bagnoles de l'Orne Normandie | Avenue de La Ferté-Macé,Bilinmiyor,48.55668,-0.41069,,Public - Pay At Location,0
166586,Juvigny Val d'Andaine | Place Saint-Michel,Bilinmiyor,48.552181,-0.50876,,Public - Pay At Location,0
166585,Bagnoles de l'Orne Normandie | Avenue du Maréchal de Tesse,Bilinmiyor,48.550327,-0.424187,,Public - Pay At Location,0
166584,Saint-Piat | Place Vauvillier,Bilinmiyor,48.547447,1.583772,,Public - Pay At Location,0
166583,Longny les Villages | Neuilly,Bilinmiyor,48.542011,0.903617,,Public - Pay At Location,0
166582,Essay | Rue Roederer,Bilinmiyor,48.541555,0.245066,,Public - Pay At Location,0
166581,Digny | Rue du Maréchal Leclerc 41,Bilinmiyor,48.535981,1.153989,,Public - Pay At Location,0
166580,Rives d'Andaine | Rue de Domfront,Bilinmiyor,48.53418,-0.481497,,Public - Pay At Location,0
166579,Gallardon | Résidence de la Tour,Bilinmiyor,48.527464,1.687425,,Public - Pay At Location,0
166578,Gallardon | Rue Guy Pouillé,Bilinmiyor,48.522625,1.689164,,Public - Pay At Location,0
166577,Passais Villages | Place des Justes,Bilinmiyor,48.518101,-0.75724,,Public - Pay At Location,0
166576,Courgeoût | Pré Gaudrin,Bilinmiyor,48.509751,0.489762,,Public - Pay At Location,0
166575,Auneau-Bleury-Saint-Symphorien | Rue du Général Patton,Bilinmiyor,48.506542,1.762403,,Public - Pay At Location,0
166574,Saint-Fraimbault | Place de l'Église,Bilinmiyor,48.48685,-0.698573,,Public - Pay At Location,0
166573,Pontgouin | Place des Halles 23,Bilinmiyor,48.48064,1.159896,,Public - Pay At Location,0
166572,La Loupe | Place de l'Hôtel de Ville,Bilinmiyor,48.47174,1.0142,,Public - Pay At Location,0
166571,La Loupe | Rue Pasteur,Bilinmiyor,48.470711,1.012175,,Public - Pay At Location,0
166570,Auneau-Bleury-Saint-Symphorien | Place du Marché 2,Bilinmiyor,48.461243,1.772472,,Public - Pay At Location,0
166569,Chartres | Rue de la Porte Drouaise,Bilinmiyor,48.452725,1.488464,,Public - Pay At Location,0
166568,Chartres | Avenue Marcel Proust,Bilinmiyor,48.451827,1.527252,,Public - Pay At Location,0
166567,Mainvilliers | Rue des Acacias 22,Bilinmiyor,48.451565,1.46745,,Public - Pay At Location,0
166566,Mainvilliers | Place du Marché 1,Bilinmiyor,48.450554,1.463496,,Public - Pay At Location,0
166565,Chartres | Boulevard du Maréchal Foch,Bilinmiyor,48.45027,1.491619,,Public - Pay At Location,0
166564,Chartres | Avenue des Sablons,Bilinmiyor,48.450197,1.515297,,Public - Pay At Location,0
166563,Chartres | Place Saint-Jean,Bilinmiyor,48.449917,1.483011,,Public - Pay At Location,0
166562,SDE61 - Valframbert,(Unknown Operator),48.44969,0.098126,Valframbert,Public - Membership Required,2
166561,Courville-sur-Eure | Rue des Planches 1,Bilinmiyor,48.449574,1.240356,,Public - Pay At Location,0
166560,Courville-sur-Eure | Rue de Beauce 1,Bilinmiyor,48.44906,1.252341,,Public - Pay At Location,0
166559,Damigny | Allée du Stade,Bilinmiyor,48.448034,0.073742,,Public - Pay At Location,0
166558,Mainvilliers | Rue de La République 30,Bilinmiyor,48.44771,1.472704,,Public - Pay At Location,0
166557,Chartres | Place Châtelet,Bilinmiyor,48.447301,1.483977,,Public - Pay At Location,0
166556,Chartres | Rue de la Porte Morard,Bilinmiyor,48.445607,1.495171,,Public - Pay At Location,0
166555,Damigny | Mont Foulon,Bilinmiyor,48.443954,0.059077,,Public - Pay At Location,0
166554,Chartres | Rue Pierre Mendès France,Bilinmiyor,48.442575,1.494053,,Public - Pay At Location,0
166553,Pervenchères | Le Bourg,Bilinmiyor,48.438511,0.424508,,Public - Pay At Location,0
166552,Béville-le-Comte | Rue Pinceloup 1,Bilinmiyor,48.435548,1.709945,,Public - Pay At Location,0
166551,Alençon | Place du Point du Jour,Bilinmiyor,48.43496,0.105902,,Public - Pay At Location,0
166550,Alençon | Place de la Résistance 23,Bilinmiyor,48.433575,0.098523,,Public - Pay At Location,0
166549,Alençon | Place du Commandant Daniel Desmeulles 77,Bilinmiyor,48.432651,0.085805,,Public - Pay At Location,0
166548,Alençon | Place du Général Jean Bonet 13,Bilinmiyor,48.431973,0.093636,,Public - Pay At Location,0
166547,Lucé | Avenue du Maréchal Leclerc 65,Bilinmiyor,48.431194,1.464789,,Public - Pay At Location,0
166546,Alençon | Place du Maréchal Ferdinand Foch,Bilinmiyor,48.430158,0.083524,,Public - Pay At Location,0
166545,Alençon | Rue de la Poterne 28,Bilinmiyor,48.42981,0.08987,,Public - Pay At Location,0
166544,Alençon | Boulevard de la République 83,Bilinmiyor,48.42714,0.093314,,Public - Pay At Location,0
166543,Alençon | Rue des Tisons,Bilinmiyor,48.425705,0.090356,,Public - Pay At Location,0
166542,Saint-Germain-du-Corbeïs | Route de Fresnay 26,Bilinmiyor,48.419331,0.077336,,Public - Pay At Location,0
166541,Saint-Georges-sur-Eure | Place De L'Eglise 1,Bilinmiyor,48.418119,1.353432,,Public - Pay At Location,0
166540,Luisant | Avenue de La République 112,Bilinmiyor,48.417667,1.465287,,Public - Pay At Location,0
166539,Luisant | Rue Jean Perrin 23,Bilinmiyor,48.417218,1.458178,,Public - Pay At Location,0
166538,Sainville | Place Farcot,Bilinmiyor,48.41618,1.878717,,Public - Pay At Location,0
166537,Sours | Rue du Docteur Bouclet 1,Bilinmiyor,48.412914,1.599485,,Public - Pay At Location,0
166536,Le Thieulin | Rue des Forgerons,Bilinmiyor,48.407722,1.132513,,Public - Pay At Location,0
166535,Sablons sur Huisne | Place du Général de Gaulle,Bilinmiyor,48.38041,0.850544,,Public - Pay At Location,0
166534,Saint-Céneri-le-Gérei | Le Bourg,Bilinmiyor,48.379402,-0.053907,,Public - Pay At Location,0
166533,Perche en Nocé | La Renardière,Bilinmiyor,48.378557,0.681759,,Public - Pay At Location,0
166532,Bellême | Place du Général Leclerc,Bilinmiyor,48.376781,0.555585,,Public - Pay At Location,0
166531,Belforêt-en-Perche | Rue de Mamers,Bilinmiyor,48.37523,0.525622,,Public - Pay At Location,0
166530,Ouarville | Rue de la République,Bilinmiyor,48.3547,1.771408,,Public - Pay At Location,0
166529,Gommerville | Route de Voves,Bilinmiyor,48.347017,1.944222,,Public - Pay At Location,0
166528,Dammarie | Place De L'Eglise 1,Bilinmiyor,48.343953,1.494117,,Public - Pay At Location,0
166527,Margon | Rue de la Cloche,Bilinmiyor,48.333706,0.83625,,Public - Pay At Location,0
166526,Boisville-la-Saint-Père | Rue de la République,Bilinmiyor,48.328335,1.693733,,Public - Pay At Location,0
166525,Combres | Place de l'Église,Bilinmiyor,48.325226,1.064419,,Public - Pay At Location,0
166524,Nogent-le-Rotrou | Place du 11 Août,Bilinmiyor,48.3222,0.8183,,Public - Pay At Location,0
166523,Nogent-le-Rotrou | Rue Maison Maraine,Bilinmiyor,48.321717,0.803706,,Public - Pay At Location,0
166522,Nogent-le-Rotrou | Place St Pol,Bilinmiyor,48.321614,0.821108,,Public - Pay At Location,0
166521,Nogent-le-Rotrou | Rue du Château,Bilinmiyor,48.31977,0.822642,,Public - Pay At Location,0
166520,Nogent-le-Rotrou | Rue du Commandant Charcot 10,Bilinmiyor,48.313378,0.831242,,Public - Pay At Location,0
166519,Thiron-Gardais | Place du Marché,Bilinmiyor,48.311883,0.991164,,Public - Pay At Location,0
166518,Illiers-Combray | Avenue Marcel Proust 48,Bilinmiyor,48.3041,1.256018,,Public - Pay At Location,0
166517,Illiers-Combray | Rue Henri Germond 5,Bilinmiyor,48.298936,1.244511,,Public - Pay At Location,0
166516,Saint-Germain-de-la-Coudre | Place Pierre Veau 14,Bilinmiyor,48.280618,0.605269,,Public - Pay At Location,0
166515,Les Villages Vovéens | Boulevard Maurice Violette,Bilinmiyor,48.270554,1.626753,,Public - Pay At Location,0
166514,Val-au-Perche | Place de la Mairie,Bilinmiyor,48.264814,0.690297,,Public - Pay At Location,0
166513,Ymonville | Rue du Haut Chemin,Bilinmiyor,48.264248,1.752539,,Public - Pay At Location,0
166512,Beaumont-les-Autels | Rue du Général de Gaulle 16,Bilinmiyor,48.255181,0.956808,,Public - Pay At Location,0
166511,Le Gault-Saint-Denis | Place de l'Église,Bilinmiyor,48.243989,1.484286,,Public - Pay At Location,0
166510,Bagneaux-sur-Loing,EcoCharge77,48.229726,2.70315,,Public - Pay At Location,0
166509,Alluyes | Avenue Chevallier Debeausse,Bilinmiyor,48.229292,1.364369,,Public - Pay At Location,0
166508,Ceton | Rue des Fontaines,Bilinmiyor,48.225887,0.747788,,Public - Pay At Location,0
166507,Montboissier | Rue les Rues Neuves 2,Bilinmiyor,48.22092,1.392573,,Public - Pay At Location,0
166506,Brou | Allée des Alouettes 1,Bilinmiyor,48.21524,1.179665,,Public - Pay At Location,0
166505,Brou | Place de L'Hôtel de ville,Bilinmiyor,48.210939,1.165922,,Public - Pay At Location,0
166504,Dangeau | Place du Docteur Bilbaut,Bilinmiyor,48.208405,1.285072,,Public - Pay At Location,0
166503,Janville | Rue Soeur Saint-Henri,Bilinmiyor,48.20017,1.884295,,Public - Pay At Location,0
166502,Authon-du-Perche | Place de la Mairie,Bilinmiyor,48.194986,0.896908,,Public - Pay At Location,0
166501,Sancheville | Place du Pastis,Bilinmiyor,48.192093,1.575833,,Public - Pay At Location,0
166500,Bonneval | Rue de Chartres 112,Bilinmiyor,48.188374,1.391492,,Public - Pay At Location,0
166499,Bonneval | Promenade du Mail,Bilinmiyor,48.182518,1.3851,,Public - Pay At Location,0
166498,Bonneval | Rue de la Grève,Bilinmiyor,48.179842,1.387653,,Public - Pay At Location,0
166497,Orgères-en-Beauce | Rue de l'Arsenal 2,Bilinmiyor,48.146181,1.682806,,Public - Pay At Location,0
166496,Chapelle-Royale | Rue Jean Moulin 4,Bilinmiyor,48.143368,1.052674,,Public - Pay At Location,0
166495,La Bazoche-Gouet | Rue des Fossés 23,Bilinmiyor,48.138475,0.980511,,Public - Pay At Location,0
166494,Commune nouvelle d'Arrou | Rue de Courtalain 4,Bilinmiyor,48.115525,1.1844,,Public - Pay At Location,0
166493,Moléans | Rue du Moulin,Bilinmiyor,48.113667,1.392704,,Public - Pay At Location,0
166492,Marboué | Avenue Aristide Briand 8,Bilinmiyor,48.11297,1.330639,,Public - Pay At Location,0
166491,Commune nouvelle d'Arrou | Rue du Docteur Vaisbuch 8,Bilinmiyor,48.098515,1.12392,,Public - Pay At Location,0
166490,Varize | Rue du Château,Bilinmiyor,48.095922,1.51415,,Public - Pay At Location,0
166489,Poupry  | Le Chemin de Poupry,Bilinmiyor,48.085017,1.858908,,Public - Pay At Location,0
166488,VILLENEUVE SUR YONNE_Parking Rue Saint-Jean,SDEY (Fr),48.08409,3.29679,,Public - Pay At Location,0
166487,Terminiers | Rue de Charrette,Bilinmiyor,48.08235,1.742558,,Public - Pay At Location,0
166486,Jallans | Rue de la République 10,Bilinmiyor,48.075028,1.371158,,Public - Pay At Location,0
166485,Saint-Denis-les-Ponts | Rue Jean Moulin,Bilinmiyor,48.066742,1.289339,,Public - Pay At Location,0
166484,Parking de la Mairie,Bilinmiyor,48.041094,7.309666,,Bilinmiyor,0
166483,Villemaury | Place Saint-Martin 2,Bilinmiyor,48.013753,1.480949,,Public - Pay At Location,0
166482,Versailles,Electric 55 Charging (FR),48.800806,2.129053,,Public - Pay At Location,0
166481,Cloyes-les-Trois-Rivières | Route de Montigny,Bilinmiyor,48.005573,1.233731,,Public - Pay At Location,0
166480,Cloyes-les-Trois-Rivières | Place Gambetta 4,Bilinmiyor,47.99714,1.233728,,Public - Pay At Location,0
166479,Ionity Langres Perrogney,Ionity,47.81494032440975,5.222419033492997,Noidant-le-Rocheux,Public,19
166478,Ionity Langres Noidant,Ionity,47.813659833756816,5.224348375243608,Courcelles-en-Montagne,Public,15
166477,Rougé | Rue du Vieux Rouge,Sydego,47.783883,-1.449028,,Public - Pay At Location,0
166476,Soudan | Rue du Presbytère,Sydego,47.73678,-1.305198,,Public - Pay At Location,0
166475,Sion-les-Mines | Rue Saint-Sulpice,Sydego,47.735648,-1.590963,,Public - Pay At Location,0
166474,Saint-Aubin-des-Châteaux | Rue de la Gaudinais,Sydego,47.720665,-1.486141,,Public - Pay At Location,0
166473,Châteaubriant | Place de la Motte 9,Sydego,47.718186,-1.37759,,Public - Pay At Location,0
166472,Châteaubriant | Rue de la Libération 33,Sydego,47.712905,-1.379295,,Public - Pay At Location,0
166471,Place Kerpape,Freshmile,47.70628,-3.385609,,Public - Pay At Location,0
166470,Place de l'Eglise,Freshmile,47.705921,-3.382892,,Public - Pay At Location,0
166469,Guémené-Penfao | Place de l'Église,Sydego,47.697553,-1.866043,,Public - Pay At Location,0
166468,Derval | Place de la Grée,Sydego,47.667198,-1.674989,,Public - Pay At Location,0
166467,Erbray | Rue de la Mouette,Sydego,47.657008,-1.317223,,Public - Pay At Location,0
166466,Saint-Vincent-des-Landes | Rue de la Magdeleine,Sydego,47.655756,-1.49881,,Public - Pay At Location,0
166465,Avessac | Rue de la Gare 10 B,Sydego,47.653232,-1.990829,,Public - Pay At Location,0
166464,Saint-Nicolas-de-Redon | Rue d'Ahaut,Sydego,47.642319,-2.069307,,Public - Pay At Location,0
166463,Guémené-Penfao | Rue Saint-Jean,Sydego,47.627398,-1.833976,,Public - Pay At Location,0
166462,Issé | Rue de la Gare,Sydego,47.623454,-1.452347,,Public - Pay At Location,0
166461,La Chapelle-Glain | Rue du Château,Sydego,47.621767,-1.197509,,Public - Pay At Location,0
166460,Moisdon-la-Rivière | Rue d'Aval,Sydego,47.621263,-1.372122,,Public - Pay At Location,0
166459,Parking Saint-Thuriau,Freshmile,47.617377,-3.000786,,Public - Pay At Location,0
166458,Route de Port Blanc,Freshmile,47.601551,-2.862988,,Public - Pay At Location,0
166457,Marsac-sur-Don | Rue du Prieuré,Sydego,47.596801,-1.676954,,Public - Pay At Location,0
166456,Fégréac | Rue de la Danoterie,Sydego,47.585254,-2.045511,,Public - Pay At Location,0
166455,Place de l'Europe,Bilinmiyor,47.57395,6.75739,,Public - Pay At Location,0
166454,boulevard de la Plage,Freshmile,47.570244,-3.077834,,Public - Pay At Location,0
166453,Nozay | Impasse du Lavoir,Sydego,47.566145,-1.623028,,Public - Pay At Location,0
166452,Vay | Route de Plesse 16,Sydego,47.554354,-1.704934,,Public - Pay At Location,0
166451,Abbaretz | Rue de la Mairie,Sydego,47.553973,-1.531968,,Public - Pay At Location,0
166450,Sévérac | Rue Sainte-Thérèse,Sydego,47.550071,-2.07738,,Public - Pay At Location,0
166449,Plessé | Rue du Cimetière 6,Sydego,47.540558,-1.887244,,Public - Pay At Location,0
166448,La Grigonnais | Route de l'Océan 20,Sydego,47.527509,-1.666373,,Public - Pay At Location,0
166447,Vallons-de-l'Erdre | Rue Neuve,Sydego,47.523337,-1.18292,,Public - Pay At Location,0
166446,Le Gâvre | Rue de l'Étang,Sydego,47.519053,-1.75007,,Public - Pay At Location,0
166445,Guenrouet | La Ruée,Sydego,47.518842,-1.953551,,Public - Pay At Location,0
166444,Saint-Gildas-des-Bois | Rue du Pré Beurel 2,Sydego,47.517877,-2.038474,,Public - Pay At Location,0
166443,Riaillé | Rue de l'Écheveau 7,Sydego,47.517368,-1.293884,,Public - Pay At Location,0
166442,Port d'Arzal,Freshmile,47.5009,-2.3799,,Public - Pay At Location,0
166441,Saffré | Rue du Manoir,Sydego,47.500873,-1.57997,,Public - Pay At Location,0
166440,Joué-sur-Erdre | Place André Mazureau 2,Sydego,47.495595,-1.419992,,Public - Pay At Location,0
166439,Missillac | Rue du Chemin de la ville,Sydego,47.482992,-2.159951,,Public - Pay At Location,0
166438,Parking Poste,Bilinmiyor,47.4815,6.841167,,Public - Pay At Location,0
166437,Missillac | Rue de la Fontaine Saint-Jean 14,Sydego,47.480876,-2.158828,,Public - Pay At Location,0
166436,Blain | Rue Charles de Gaulle 3,Sydego,47.477271,-1.767038,,Public - Pay At Location,0
166435,Blain | Place Joallan de Clerville 5,Sydego,47.475429,-1.761038,,Public - Pay At Location,0
166434,Drefféac | Rue du Calvaire,Sydego,47.474882,-2.057012,,Public - Pay At Location,0
166433,Blain | Avenue de la Gare 1,Sydego,47.472946,-1.761649,,Public - Pay At Location,0
166432,Loireauxence | Rue des Deux Provinces,Sydego,47.468655,-1.028215,,Public - Pay At Location,0
166431,Rue de la fonderie,Bilinmiyor,47.461732,6.860509,,Public - Pay At Location,0
166430,Teillé | Chemin des Romains,Sydego,47.461336,-1.277813,,Public - Pay At Location,0
166429,Sainte-Anne-sur-Brivet | Place de l'Église,Sydego,47.459991,-2.006097,,Public - Pay At Location,0
166428,Champs de foire,Bilinmiyor,47.449664,6.580771,,Public - Pay At Location,0
166427,Herbignac | Chemin de la Motte 1,Sydego,47.448766,-2.316809,,Public - Pay At Location,0
166426,Mouzeil | Rue du Bourg Drapé,Sydego,47.448143,-1.346143,,Public - Pay At Location,0
166425,Super U,Bilinmiyor,47.448092,6.813121,,Public - Pay At Location,0
166424,Herbignac | Rue Pasteur 24,Sydego,47.447462,-2.319294,,Public - Pay At Location,0
166423,La Chapelle-des-Marais | Rue de Penlys 28,Sydego,47.446531,-2.239721,,Public - Pay At Location,0
166422,Les Touches | Rue Saint-Mélaine 4,Sydego,47.441948,-1.431817,,Public - Pay At Location,0
166421,Sainte-Reine-de-Bretagne | Rue René Guy Cadou,Sydego,47.441001,-2.192189,,Public - Pay At Location,0
166420,Nort-sur-Erdre | Rue de Touraine,Bilinmiyor,47.439822,-1.479875,,Public - Pay At Location,0
166419,Nort-sur-Erdre | Place du Champ de Foire,Sydego,47.437694,-1.5012,,Public - Pay At Location,0
166418,Pontchâteau | Chemin de Criboeuf 1,Sydego,47.436521,-2.09346,,Public - Pay At Location,0
166417,Pontchâteau | Boulevard de Villeneuve 4,Sydego,47.433331,-2.084647,,Public - Pay At Location,0
166416,Mésanger | Rue de la Bellangeraie 77,Sydego,47.430853,-1.228706,,Public - Pay At Location,0
166415,Assérac | Rue de la Ruche,Sydego,47.429477,-2.391569,,Public - Pay At Location,0
166414,Bouvron | Rue Louis Guihot 29,Sydego,47.418352,-1.848403,,Public - Pay At Location,0
166413,Fay-de-Bretagne | Rue Georges Sicard,Sydego,47.415736,-1.793377,,Public - Pay At Location,0
166412,Héric | Rue de l'océan,Sydego,47.414195,-1.653893,,Public - Pay At Location,0
166411,Héric | Rue Saint-Pierre 8,Sydego,47.412831,-1.651239,,Public - Pay At Location,0
166410,Ligné | Rue des Lilas,Sydego,47.411751,-1.374239,,Public - Pay At Location,0
166409,Crossac | Rue de l'Ancienne Gare,Sydego,47.411584,-2.167744,,Public - Pay At Location,0
166408,Vair-sur-Loire | Rue de Versailles,Sydego,47.406206,-1.095683,,Public - Pay At Location,0
166407,Saint-Lyphard | Rue des Ajoncs,Sydego,47.399539,-2.306585,,Public - Pay At Location,0
166406,Petit-Mars | D31 125,Sydego,47.398087,-1.45349,,Public - Pay At Location,0
166405,Mesquer | Route de Bouin,Sydego,47.396174,-2.451702,,Public - Pay At Location,0
166404,Besné | Rue du Pont Neuf 4,Sydego,47.395745,-2.09213,,Public - Pay At Location,0
166403,Couffé | Place Saint Pierre 13,Sydego,47.39103,-1.294157,,Public - Pay At Location,0
166402,Intermarché,Bilinmiyor,47.389421,6.768683,,Public - Pay At Location,0
166401,Loireauxence | Place d'Orscholz,Sydego,47.386962,-1.032016,,Public - Pay At Location,0
166400,Vair-sur-Loire | Rue de Walheim,Sydego,47.384481,-1.103525,,Public - Pay At Location,0
166399,Casson | Rue du Hameau de Galichet,Sydego,47.384186,-1.558977,,Public - Pay At Location,0
166398,Saint-Joachim | Rue Joachim du Bellay,Sydego,47.384129,-2.201325,,Public - Pay At Location,0
166397,Notre-Dame-des-Landes | Place de l'Église 32,Sydego,47.381489,-1.710672,,Public - Pay At Location,0
166396,Héric | Avenue de l'Erette,Sydego,47.380213,-1.644031,,Public - Pay At Location,0
166395,Piriac-sur-Mer | Chemin du Vieux Moulin,Sydego,47.378032,-2.547222,,Public - Pay At Location,0
166394,Savenay | Zone de la colleraye,Sydego,47.373695,-1.938037,,Public - Pay At Location,0
166393,La Chapelle-Launay | Place de l'Église 1,Sydego,47.372136,-1.972218,,Public - Pay At Location,0
166392,Ancenis-Saint-Géréon | Boulevard du Docteur Moutel 79,Sydego,47.370906,-1.177845,,Public - Pay At Location,0
166391,Ancenis-Saint-Géréon | Rue des Maîtres,Sydego,47.369918,-1.196869,,Public - Pay At Location,0
166390,Ancenis-Saint-Géréon | Avenue des Alliés,Sydego,47.367033,-1.174149,,Public - Pay At Location,0
166389,Saint-Mars-du-Désert | Rue de la Mairie,Sydego,47.365936,-1.404951,,Public - Pay At Location,0
166388,Prinquiau | Rue de Besné,Sydego,47.362983,-2.014487,,Public - Pay At Location,0
166387,Grandchamps-des-Fontaines | Rue de la Vertière,Sydego,47.362484,-1.605544,,Public - Pay At Location,0
166386,Malville | Rue des Musiciens,Sydego,47.359424,-1.861284,,Public - Pay At Location,0
166385,Savenay | Rue de Verdun 84,Sydego,47.358691,-1.939955,,Public - Pay At Location,0
166384,Saint-Malo-de-Guersac | Rue Louise Michel,Sydego,47.352483,-2.179806,,Public - Pay At Location,0
166383,La Turballe | Rue de la Poste,Sydego,47.348051,-2.507161,,Public - Pay At Location,0
166382,Oudon | Rue de la Loire,Sydego,47.346324,-1.284393,,Public - Pay At Location,0
166381,Super U,Bilinmiyor,47.345889,6.360978,,Public - Pay At Location,0
166380,Sucé-sur-Erdre | Rue Descartes,Sydego,47.342284,-1.527051,,Public - Pay At Location,0
166379,Donges | Les Six Croix 2,Sydego,47.340349,-2.092474,,Public - Pay At Location,0
166378,Vigneux-de-Bretagne | Rue de la Galtière 3,Sydego,47.331241,-1.695545,,Public - Pay At Location,0
166377,Treillières | Rue de la Mairie 5,Sydego,47.331215,-1.626831,,Public - Pay At Location,0
166376,Montoir-de-Bretagne | Avenue de l'Île de France 210,Sydego,47.330177,-2.152043,,Public - Pay At Location,0
166375,Treillières | Avenue du Général-de-Gaulle,Sydego,47.329273,-1.621305,,Public - Pay At Location,0
166374,Le Temple-de-Bretagne | Rue Louis Girard,Sydego,47.3281,-1.792024,,Public - Pay At Location,0
166373,Montoir-de-Bretagne | Rue de la Bernuais 2,Sydego,47.326231,-2.15049,,Public - Pay At Location,0
166372,Vigneux-de-Bretagne | Rue Fontaine Saint-Martin 26,Sydego,47.325442,-1.737473,,Public - Pay At Location,0
166371,Guérande | Rue Jean Baptiste Legeay 8,Sydego,47.325404,-2.431082,,Public - Pay At Location,0
166370,Guérande | Avenue Gustave Flaubert 6,Sydego,47.324248,-2.416486,,Public - Pay At Location,0
166369,Le Cellier | Place Saint-Méen 8 A,Sydego,47.319132,-1.348234,,Public - Pay At Location,0
166368,Saint-André-des-Eaux | Rue du Marais,Sydego,47.319113,-2.300755,,Public - Pay At Location,0
166367,Esplanade des fêtes,Bilinmiyor,47.318987,6.81389,,Public - Pay At Location,0
166366,Trignac | Rue de la Mairie 17,Sydego,47.317501,-2.187091,,Public - Pay At Location,0
166365,Donges | Place de la Gare 6,Sydego,47.317146,-2.074784,,Public - Pay At Location,0
166364,Saint-André-des-Eaux | Rue des Écoles,Sydego,47.313832,-2.30994,,Public - Pay At Location,0
166363,Ionity Lochères,Ionity,47.30968,4.501811,Gissey-le-Vieil,Public,7
166362,Trignac | Rue Léo Lagrange 35,Sydego,47.299795,-2.200174,,Public - Pay At Location,0
166361,Mairie,Bilinmiyor,47.294315,6.583825,,Public - Pay At Location,0
166360,Cordemais | Avenue des Quatre Vents,Sydego,47.290846,-1.877391,,Public - Pay At Location,0
166359,Paimbœuf | Quai Sadi Carnot,Sydego,47.289456,-2.027984,,Public - Pay At Location,0
166358,Saint-Nazaire | Rue Henri Matisse,Sydego,47.287351,-2.210351,,Public - Pay At Location,0
166356,La Baule-Escoublac | Avenue Maréchal Joffre,Sydego,47.28544,-2.388422,,Public - Pay At Location,0
166355,Le Pouliguen | Rue de la Minoterie,Sydego,47.282658,-2.432168,,Public - Pay At Location,0
166354,Treillières | Route de la Chapelle,Bilinmiyor,47.28067,-1.593986,,Public - Pay At Location,0
166353,Batz-sur-Mer | Place des grandes Salorges,Sydego,47.279449,-2.479942,,Public - Pay At Location,0
166352,Corsept | Rue de la Mairie,Sydego,47.27916,-2.056627,,Public - Pay At Location,0
166351,Saint-Étienne-de-Montluc | Place Foch 3,Sydego,47.277731,-1.781826,,Public - Pay At Location,0
166350,Divatte-sur-Loire | Rue des Petites Noues 3,Sydego,47.276517,-1.290308,,Public - Pay At Location,0
166349,Le Pouliguen | Boulevard de Civanam 38,Sydego,47.275217,-2.433513,,Public - Pay At Location,0
166348,Saint-Étienne-de-Montluc | Avenue Abbé Paul Mercier,Sydego,47.274213,-1.779158,,Public - Pay At Location,0
166347,Mairie,Bilinmiyor,47.27346,5.829102,,Public - Pay At Location,0
166346,Pornichet | Avenue Mazy,Sydego,47.270324,-2.345177,,Public - Pay At Location,0
166345,Divatte-sur-Loire | Rue du Stade 13,Sydego,47.269653,-1.334967,,Public - Pay At Location,0
166344,Saint-Brevin-les-Pins | D277,Sydego,47.264783,-2.163872,,Public - Pay At Location,0
166343,Sautron |  Rue de l'Église,Sydego,47.262506,-1.672813,,Public - Pay At Location,0
166342,Mairie,Bilinmiyor,47.262166,6.658143,,Public - Pay At Location,0
166341,Pornichet | Avenue du 18 Juin 1940,Sydego,47.259812,-2.340087,,Public - Pay At Location,0
166340,Saint-Viaud | Rue du Parc des Sports 1,Sydego,47.257994,-2.014579,,Public - Pay At Location,0
166339,Saint-Brevin-les-Pins | Rue Albert Chassagne,Sydego,47.247989,-2.161966,,Public - Pay At Location,0
166338,Pornichet | Avenue des Violettes,Sydego,47.245187,-2.317604,,Public - Pay At Location,0
166337,Frossay | Rue du Cap Robert Martin,Sydego,47.244624,-1.933519,,Public - Pay At Location,0
166336,Parking St Paul,Bilinmiyor,47.23923,6.03128,,Public - Pay At Location,0
166335,Le Loroux-Bottereau | Place Rosmadec,Sydego,47.236772,-1.349169,,Public - Pay At Location,0
166334,Parking Granvelle,Bilinmiyor,47.23496,6.02517,,Public - Pay At Location,0
166333,Parking Chamars,Bilinmiyor,47.23414,6.01967,,Public - Pay At Location,0
166332,Saint-Brevin-les-Pins | Boulevard de l'Océan,Sydego,47.228305,-2.175058,,Public - Pay At Location,0
166331,Syded,Bilinmiyor,47.2274,5.96374,,Public - Pay At Location,0
166330,Minjoz,Bilinmiyor,47.223462,5.962,,Public - Pay At Location,0
166329,Parking Mairie,Bilinmiyor,47.214342,6.539925,,Public - Pay At Location,0
166328,Saint-Père-en-Retz | Place du Marché,Sydego,47.208127,-2.044815,,Public - Pay At Location,0
166327,Le Landreau | Rue des Moulins 13,Sydego,47.205485,-1.307135,,Public - Pay At Location,0
166326,Haute-Goulaine | Place Beau Soleil,Sydego,47.200016,-1.430135,,Public - Pay At Location,0
166325,Haute-Goulaine | Rue de la Châtaigneraie,Sydego,47.19593,-1.432675,,Public - Pay At Location,0
166324,Rouans | Route de Pazanne 1,Sydego,47.186286,-1.858725,,Public - Pay At Location,0
166323,La Regrippière | Place Saint-Joseph 11,Sydego,47.183363,-1.182186,,Public - Pay At Location,0
166322,Saint-Michel-Chef-Chef | Rue du Chevecier,Sydego,47.181975,-2.147443,,Public - Pay At Location,0
166321,Carrefour Express,Bilinmiyor,47.181917,6.395957,,Public - Pay At Location,0
166320,La Chapelle-Heulin | Rue André Ripoche 10,Sydego,47.178242,-1.340886,,Public - Pay At Location,0
166319,Mairie,Bilinmiyor,47.17421,5.90226,,Public - Pay At Location,0
166318,Vallet | Rue Emile Gabory 22,Sydego,47.162907,-1.268571,,Public - Pay At Location,0
166317,La Haie-Fouassière | Rue de l'Étang,Sydego,47.155328,-1.399953,,Public - Pay At Location,0
166316,Chauvé | Rue de Killala,Sydego,47.150435,-1.987865,,Public - Pay At Location,0
166315,Rue du Lavoir,Bilinmiyor,47.1481,6.34398,,Public - Pay At Location,0
166314,Mouzillon | Place de la Vendée 1,Sydego,47.140034,-1.281681,,Public - Pay At Location,0
166313,La Plaine-sur-Mer | Rue Joseph Rousse,Sydego,47.136163,-2.191869,,Public - Pay At Location,0
166312,Port-Saint-Père | Rue de Pornic,Sydego,47.132868,-1.750358,,Public - Pay At Location,0
166311,Port-Saint-Père | Rue du Grand Pré 1,Sydego,47.131272,-1.741972,,Public - Pay At Location,0
166310,Préfailles | Place du Marché 24,Sydego,47.129005,-2.218858,,Public - Pay At Location,0
166309,Pornic | Rue du Traité de Paris,Sydego,47.127457,-2.122795,,Public - Pay At Location,0
166308,Pont-Saint-Martin | Rue du Stade,Sydego,47.127249,-1.580587,,Public - Pay At Location,0
166307,Chaumes-en-Retz | Rue de Rouans,Sydego,47.125105,-1.910281,,Public - Pay At Location,0
166306,Château-Thébaud | Rue Saint-Thomas,Sydego,47.124176,-1.422498,,Public - Pay At Location,0
166305,Pont-Saint-Martin | Rue des Combes,Sydego,47.123621,-1.582848,,Public - Pay At Location,0
166304,Pornic | Rue du Général de Gaulle,Sydego,47.114189,-2.097518,,Public - Pay At Location,0
166303,Chaumes-en-Retz | Rue de Nantes,Sydego,47.114005,-1.937478,,Public - Pay At Location,0
166302,Saint-Mars-de-Coutais | Rue des Chaponneries 5,Sydego,47.113739,-1.734586,,Public - Pay At Location,0
166301,Office du tourisme,Bilinmiyor,47.10678,6.14709,,Public - Pay At Location,0
166300,Saint-Hilaire-de-Chaléons | Rue Eloi Guitteny,Sydego,47.104023,-1.867052,,Public - Pay At Location,0
166299,Parking Rue des Fossés,Bilinmiyor,47.10385,5.8824,,Public - Pay At Location,0
166298,Sainte-Pazanne | Impasse des Lavoirs,Sydego,47.103256,-1.808674,,Public - Pay At Location,0
166297,Sainte-Pazanne | Rue de l'Hôtel de ville 10,Sydego,47.103159,-1.812257,,Public - Pay At Location,0
166296,Gorges | Rue de la Roche 6,Sydego,47.101168,-1.300524,,Public - Pay At Location,0
166295,Maisdon-sur-Sèvre | Allée de Keelby,Sydego,47.098967,-1.385048,,Public - Pay At Location,0
166294,Le Bignon | Les Jardins de la Touche,Sydego,47.097019,-1.490912,,Public - Pay At Location,0
166293,Nods,Bilinmiyor,47.094832,6.339606,,Public - Pay At Location,0
166292,La Chevrolière | Rue Alfred Lemaître,Sydego,47.091867,-1.61073,,Public - Pay At Location,0
166291,La Chevrolière | Rue du Stade 48,Sydego,47.090245,-1.615587,,Public - Pay At Location,0
166290,Clisson | Rue du Dr Boutin 12,Sydego,47.089987,-1.279461,,Public - Pay At Location,0
166289,Clisson | Place Lemot 1,Sydego,47.085153,-1.282014,,Public - Pay At Location,0
166288,Saint-Lumine-de-Clisson | Route du Vignoble,Sydego,47.082876,-1.337741,,Public - Pay At Location,0
166287,Aigrefeuille-sur-Maine | Rue de la Filée 1,Sydego,47.081675,-1.410933,,Public - Pay At Location,0
166286,Ste Thorette,Bilinmiyor,47.0811526,2.2018356,,Public,0
166285,La Bernerie-en-Retz | Rue de Noirmoutier,Sydego,47.080729,-2.039746,,Public - Pay At Location,0
166284,Gétigné | Rue du Pont Jean Vay,Sydego,47.076892,-1.248399,,Public - Pay At Location,0
166283,Aigrefeuille-sur-Maine | Avenue de la Vendée,Sydego,47.074964,-1.397512,,Public - Pay At Location,0
166282,Les Moutiers-en-Retz | Chemin Sainte-Marguerite,Sydego,47.064589,-1.999195,,Public - Pay At Location,0
166281,Saint-Hilaire-de-Clisson | Espace Klettgau 8,Sydego,47.061157,-1.308939,,Public - Pay At Location,0
166280,Place Droz Bartholet,Freshmile,47.05909,6.67116,,Public - Pay At Location,0
166279,Rue du Collège,Bilinmiyor,47.057879,6.604882,,Public - Pay At Location,0
166278,Montbert | Grand Rue 14,Sydego,47.057456,-1.486906,,Public - Pay At Location,0
166277,Remouillé | Rue de la Bosselle,Sydego,47.057271,-1.376317,,Public - Pay At Location,0
166276,Saint-Lumine-de-Coutais | Place N-D du Châtelier,Sydego,47.055821,-1.727092,,Public - Pay At Location,0
166275,Geneston | Place de la Madeleine,Sydego,47.055246,-1.513712,,Public - Pay At Location,0
166274,Gare,Bilinmiyor,47.054011,6.604626,,Public - Pay At Location,0
166273,Haute Pierre,Bilinmiyor,47.047769,6.287353,,Public - Pay At Location,0
166272,Rue du Crêt,Bilinmiyor,47.047375,6.480021,,Public - Pay At Location,0
166271,Boussay | Place des Marronniers 5,Sydego,47.042495,-1.18643,,Public - Pay At Location,0
166270,Mesquer | Rue des sports,Sydego,47.041524,-1.95605,,Public - Pay At Location,0
166269,Parking Zone Commerciale,Bilinmiyor,47.039933,5.782099,,Public - Pay At Location,0
166268,Zone commerciale,Bilinmiyor,47.039175,6.069732,,Public - Pay At Location,0
166267,Saint-Philbert-de-Grand-Lieu | Place André Malraux,Sydego,47.037744,-1.643245,,Public - Pay At Location,0
166266,Saint-Philbert-de-Grand-Lieu | Place de l'Église,Sydego,47.03601,-1.640351,,Public - Pay At Location,0
166265,Machecoul-Saint-Même | Rue de la ville en Bois,Bilinmiyor,47.020156,-1.793926,,Public - Pay At Location,0
166264,La Planche | Rue du Stade,Sydego,47.01779,-1.436018,,Public - Pay At Location,0
166263,Parking champ de la Croix,Bilinmiyor,47.01757,6.3227,,Public - Pay At Location,0
166262,Saint-Colomban | Avenue du Général de Gaulle,Sydego,47.011961,-1.58056,,Public - Pay At Location,0
166261,Parking Mairie,Bilinmiyor,47.00027,6.22606,,Public - Pay At Location,0
166260,Machecoul-Saint-Même | Boulevard Gabriel Reliquet 6,Sydego,46.997306,-1.816219,,Public - Pay At Location,0
166259,La Limouzinière | Rue Félix Davy Desnaurois,Sydego,46.995125,-1.596198,,Public - Pay At Location,0
166258,Abbaye,Bilinmiyor,46.99242,6.46326,,Public - Pay At Location,0
166257,Salle des Fêtes,Bilinmiyor,46.980777,6.185535,,Public - Pay At Location,0
166256,Vieillevigne | Rue du Pré du Bois,Sydego,46.971725,-1.430494,,Public - Pay At Location,0
166255,Corcoué-sur-Logne | Rue du Huit Mai,Sydego,46.967023,-1.5765,,Public - Pay At Location,0
166254,Paulx | Place de l'Ebergement 1,Sydego,46.963716,-1.754012,,Public - Pay At Location,0
166253,parking de la Douet,Bilinmiyor,46.95473,6.11706,,Public - Pay At Location,0
166252,Pont de l'oie,Bilinmiyor,46.945228,6.383981,,Public - Pay At Location,0
166251,Saint-Étienne-de-Mer-Morte | Rue de Nantes,Sydego,46.92994,-1.74289,,Public - Pay At Location,0
166250,Hyper U,Bilinmiyor,46.922608,6.34236,,Public - Pay At Location,0
166249,Cinéma Olympia,Bilinmiyor,46.901949,6.345719,,Public - Pay At Location,0
166248,Touvois | Rue du Général Charette,Sydego,46.901893,-1.682692,,Public - Pay At Location,0
166247,Parking Multimodal,Bilinmiyor,46.901121,6.351283,,Public - Pay At Location,0
166246,Legé | Rue Victor Hugo,Sydego,46.887125,-1.593407,,Public - Pay At Location,0
166245,Rue de la Gare,Bilinmiyor,46.857546,6.158135,,Public - Pay At Location,0
166244,Salle des Fêtes,Bilinmiyor,46.855113,6.334876,,Public - Pay At Location,0
166243,Mairie,Bilinmiyor,46.81359,6.303193,,Public - Pay At Location,0
166242,Supermarché ATAC,Bilinmiyor,46.71446,6.195302,,Public - Pay At Location,0
166241,LA ROCHE SUR YON - Rue Pierre Gilles De Gennes,Alizé Liberté,46.639895,-1.405955,,Public - Pay At Location,0
166240,CELLES SUR BELLE - Avenue De Niort,Alizé Liberté,46.267879,-0.223744,,Public - Pay At Location,0
166239,SAINT MARTIN DE RE - rue du père Ignace,MObiVE,46.200984,-1.367359,,Public - Pay At Location,0
166238,DOMPIERRE SUR MER - espace Michel Crépeau,MObiVE,46.188736,-1.064226,,Public - Pay At Location,0
166237,PUILBOREAU - place Jean Flippi,MObiVE,46.186421,-1.11678,,Public - Pay At Location,0
166236,LE BOIS PLAGE EN RE - rue des bargottes parking lazzate,MObiVE,46.183592,-1.392039,,Public - Pay At Location,0
166235,RIVEDOUX - Place Des Lions,MObiVE,46.159822,-1.276077,,Public - Pay At Location,0
166234,PERIGNY - parking de la mairie,MObiVE,46.152379,-1.094403,,Public - Pay At Location,0
166233,REIGNIER ESERY - Zac De L'Eculaz - Rue De La Tour,Alizé Liberté,46.132742,6.301597,,Public - Pay At Location,0
166232,ORADOUR-FANAIS - Parking De La Salle Des Fêtes,MObiVE,46.121172,0.784798,,Public - Pay At Location,0
166231,Parking avenue de Paris,Bilinmiyor,46.047472,4.069028,,Public - Pay At Location,0
166230,Parking rue jacquard,Bilinmiyor,46.031578,4.234594,,Public - Pay At Location,0
166229,Parking place de la mairie,Bilinmiyor,46.031274,3.931463,,Public - Pay At Location,0
166228,ALLOUE - Rue Emile Belly,MObiVE,46.026397,0.512917,,Public - Pay At Location,0
166227,CONFOLENS - Place Maurice Croislebois,MObiVE,46.019272,0.668719,,Public - Pay At Location,0
166226,CONFOLENS - Place Des Marronniers,MObiVE,46.015385,0.673548,,Public - Pay At Location,0
166225,ANSAC-SUR-VIENNE - Place de la Mairie,MObiVE,45.993485,0.646388,,Public - Pay At Location,0
166224,CHAMPAGNE-MOUTON - Place Du Château,MObiVE,45.992661,0.411413,,Public - Pay At Location,0
166223,Parking place de la mairie,Bilinmiyor,45.990231,4.097075,,Public - Pay At Location,0
166222,COURCOME - Place De L'Ancienne Mairie,MObiVE,45.987716,0.134252,,Public - Pay At Location,0
166221,MONTROLLET - Place Beaulieu,MObiVE,45.983635,0.897107,,Public - Pay At Location,0
166220,VERTEUIL-SUR-CHARENTE - Parking Rue du Château,MObiVE,45.982833,0.22732,,Public - Pay At Location,0
166219,ST GEORGES D'OLERON - Cheray parking Godeau,MObiVE,45.972849,-1.351954,,Public - Pay At Location,0
166218,SALLES DE VILLEFAGNAN - Place Communale,MObiVE,45.959203,0.162199,,Public - Pay At Location,0
166217,CHARME - Place De La Mairie,MObiVE,45.953818,0.116474,,Public - Pay At Location,0
166216,SAINT FRAIGNE - Allée Des Jardins,MObiVE,45.953516,-0.007294,,Public - Pay At Location,0
166215,SAINT JEAN D'ANGELY - place des Martyrs,MObiVE,45.945885,-0.517528,,Public - Pay At Location,0
166214,TONNAY CHARENTE - rue de l'église,MObiVE,45.943885,-0.892796,,Public - Pay At Location,0
166213,Quincieux Parking Route de Chasselay,Bilinmiyor,45.913791,4.777065,,Public - Pay At Location,0
166212,DOLUS - passage de la cure,MObiVE,45.911365,-1.264931,,Public - Pay At Location,0
166211,ETAGNAC - Parking De La Salle Des Fêtes,MObiVE,45.894882,0.782702,,Public - Pay At Location,0
166210,SAINT CLAUD - Place Sadi Carnot,MObiVE,45.894125,0.466107,,Public - Pay At Location,0
166209,AIGRE - Villejésus - Place De L'glise,MObiVE,45.894076,0.028132,,Public - Pay At Location,0
166208,AIGRE - Place De L'Hôtel De Ville,MObiVE,45.893838,0.010372,,Public - Pay At Location,0
166207,Ionity Mionnay Chatanay,Ionity,45.889939,4.893953,Mionnay,Public,5
166206,LUXE - Place De La Gare,MObiVE,45.887854,0.109904,,Public - Pay At Location,0
166205,"VALENCE - Pièce Du Pont, Le Bourg, Rd 739, Route De Mansle",MObiVE,45.887144,0.307256,,Public - Pay At Location,0
166204,TERRES-DE-HAUTE-CHARENTE - Roumazières-Loubert - Parking Du Marché Couvert,MObiVE,45.886162,0.582232,,Public - Pay At Location,0
166203,EXIDEUIL SUR VIENNE - Place De La Salle Des Fêtes,MObiVE,45.88549,0.674923,,Public - Pay At Location,0
166202,Ionity Mionnay Saint-Galmier,Ionity,45.884542,4.894022,Mionnay,Public,5
166201,VERDILLE - Rue De L'Océan,MObiVE,45.882245,-0.106897,,Public - Pay At Location,0
166200,Ionity Fontanelles,Ionity,45.87579747009124,6.069587585015341,Chavanod,Public,7
166199,MANSLE - Place De L'Europe,MObiVE,45.875145,0.178614,,Public - Pay At Location,0
166198,CHABANAIS - Place Colbert,MObiVE,45.874186,0.71928,,Public - Pay At Location,0
166197,MAINE DE BOIXE - Place De La Mairie,MObiVE,45.852035,0.177472,,Public - Pay At Location,0
166196,Ionity Lyon-Dagneux Sud,Ionity,45.843626,5.069548,Dagneux,Public,5
166195,Saint-Vulbas (Parc industriel de la Plaine de l'Ain),Freshmile,45.8374,5.28599,,Bilinmiyor,0
166194,Sathonay-Village Mairie,Bilinmiyor,45.832194,4.878329,,Public - Pay At Location,0
166193,PRESSIGNAC - Parking Multiple Rural,MObiVE,45.828296,0.742937,,Public - Pay At Location,0
166192,CHASSENEUIL SUR BONNIEURE - Place Du Champ De Mars,MObiVE,45.824615,0.452225,,Public - Pay At Location,0
166191,CHASSENEUIL SUR BONNIEURE - Place De L'Eglise,MObiVE,45.824126,0.448823,,Public - Pay At Location,0
166190,CHASSENEUIL SUR BONNIEURE - Parking Du Gymnase,MObiVE,45.822888,0.455497,,Public - Pay At Location,0
166189,Sathonay-Camp Place du marché - Boulevard Castellane,Bilinmiyor,45.822366,4.872508,,Public - Pay At Location,0
166188,Collonges-au-Mont-d'Or Avenue César Paulet,Bilinmiyor,45.817736,4.842099,,Public - Pay At Location,0
166187,VOUHARTE - Place de l'Eglise,MObiVE,45.814956,0.074098,,Public - Pay At Location,0
166186,SAINT AMANT DE BOIXE - Zone D'Emploi,MObiVE,45.804216,0.140125,,Public - Pay At Location,0
166185,VILLETTE D'ANTHON - Rue Des Acacias (Borne 1),Alizé Liberté,45.803378,5.111916,,Public - Pay At Location,0
166184,MONTIGNAC-CHARENTE - Parking des Albizias,MObiVE,45.782601,0.124428,,Public - Pay At Location,0
166183,MASSIGNAC - Place Du Champ De Foire,MObiVE,45.77995,0.652945,,Public - Pay At Location,0
166182,ROUILLAC - Place Thiers,MObiVE,45.775582,-0.065062,,Public - Pay At Location,0
166181,Ecully Rue Auguste Tramier,Bilinmiyor,45.774545,4.781649,,Public - Pay At Location,0
166180,ROUILLAC - Place Du Champ De Foire,MObiVE,45.774046,-0.064496,,Public - Pay At Location,0
166179,Décines-Charpieu Toboggan,Bilinmiyor,45.769151,4.955587,,Public - Pay At Location,0
166178,Meyzieu Rue Jean-Louis Barrault,Bilinmiyor,45.767571,5.009728,,Public - Pay At Location,0
166177,VARS - Place Du Pilori,MObiVE,45.762363,0.122785,,Public - Pay At Location,0
166176,Tassin-la-Demi-Lune Atrium - Avenue des Cosmos,Bilinmiyor,45.760144,4.770547,,Public - Pay At Location,0
166175,VARS - Parking Des coles,MObiVE,45.760066,0.127878,,Public - Pay At Location,0
166174,Saint-Genis-les-Ollières Avenue Marcel Mérieux,Bilinmiyor,45.758426,4.722615,,Public - Pay At Location,0
166173,Lyon Joliot Curie - Les Battières,Bilinmiyor,45.754439,4.782994,,Public - Pay At Location,0
166172,SAINTES - Zi De L'Ormeau De Pied,MObiVE,45.747971,-0.663373,,Bilinmiyor,0
166171,Craponne Parking Curtil,Bilinmiyor,45.746018,4.725522,,Public - Pay At Location,0
166170,Bron Avenue Pierre Brossolette,Bilinmiyor,45.742366,4.919721,,Public - Pay At Location,0
166169,LA ROCHEFOUCAULD-EN-ANGOUMOIS - Parking salle des fêtes - La Rochefoucauld,MObiVE,45.739451,0.389289,,Public - Pay At Location,0
166168,LA ROCHEFOUCAULD-EN-ANGOUMOIS - Place Gérard Vandeputte - Saint Projet-Saint Constant,MObiVE,45.737043,0.360679,,Public - Pay At Location,0
166167,Lyon Avenue Paul Santy,Bilinmiyor,45.72893,4.876832,,Public - Pay At Location,0
166166,Vénissieux Avenue Viviani,Bilinmiyor,45.726635,4.863299,,Public - Pay At Location,0
166165,Vénissieux Jacques Duclos - Stade Laurent Guérin,Bilinmiyor,45.697485,4.89177,,Public - Pay At Location,0
166164,Vénissieux Marcel Houël - Hôtel de Ville,Bilinmiyor,45.696632,4.884666,,Public - Pay At Location,0
166163,MERIGNAC - Impasse Des Caducées - Pôle Médical,MObiVE,45.696191,-0.082316,,Public - Pay At Location,0
166162,Saint-Genis-Laval Avenue Ernest Auboyer,Bilinmiyor,45.692093,4.803939,,Public - Pay At Location,0
166161,SAUJON - Place Richelieu,MObiVE,45.676244,-0.925464,,Public - Pay At Location,0
166160,MONTBRON - Parking communal,MObiVE,45.665909,0.500211,,Public - Pay At Location,0
166159,Corbas Rue des Frênes,Bilinmiyor,45.664925,4.894663,,Public - Pay At Location,0
166158,Mions La Halle du Marché,Bilinmiyor,45.664807,4.957743,,Public - Pay At Location,0
166157,VAUX sur MER,MObiVE,45.64539,-1.060593,,Public - Pay At Location,0
166156,ROYAN - parking avenue de Paris,MObiVE,45.627838,-1.050841,,Public - Pay At Location,0
166155,ROYAN - Place Charles De Gaulle,MObiVE,45.624614,-1.029349,,Public - Pay At Location,0
166154,PIEGUT PLUVIERS - Rue Des Allies Place Du Marche,MObiVE,45.624321,0.68793,,Public - Pay At Location,0
166153,Grigny Avenue Jean Estragnat,Bilinmiyor,45.609585,4.789628,,Public - Pay At Location,0
166152,SAINT ESTEPHE - Parking Du Roc Branlant,MObiVE,45.591543,0.669544,,Public - Pay At Location,0
166151,BOURGOIN JALLIEU_Place Jean Jacques Rousseau,eborn,45.58996,5.276082,,Public - Pay At Location,0
166150,Parking place Jacques Raffin,Bilinmiyor,45.5613,4.277473,,Public - Pay At Location,0
166149,DIGNAC - Parking Communal,MObiVE,45.557682,0.277132,,Public - Pay At Location,0
166148,MOUTHIERS SUR BOEME - Place Du Champ De Foire,MObiVE,45.55367,0.123815,,Public - Pay At Location,0
166147,Ionity Arclusaz,Ionity,45.548721,6.158114,Chateauneuf,Public,7
166146,Ionity Val Gelon,Ionity,45.547432,6.155435,Chateauneuf,Public,7
166145,LA COQUILLE - Place Boyer De La Veyssiere,MObiVE,45.539673,0.976027,,Public - Pay At Location,0
166144,TREIGNAC - Place des Pénitents,MObiVE,45.535733,1.794784,,Public - Pay At Location,0
166143,NONTRON - Boulevard Gambetta (Parking),MObiVE,45.532617,0.662087,,Public - Pay At Location,0
166142,NONTRON - Impasse Notre Dame (Parking St Sauver),MObiVE,45.528956,0.664768,,Public - Pay At Location,0
166141,SOULAC SUR MER - Parking De La Mairie,MObiVE,45.51510784,-1.122845113,,Public - Pay At Location,0
166140,SOULAC SUR MER - Parking De La Baleine,MObiVE,45.514441,-1.126126,,Public - Pay At Location,0
166139,JUMILHAC - Place Du Chateau,MObiVE,45.49306,1.060931,,Public - Pay At Location,0
166138,SAINT PARDOUX LA RIVIERE - Place Du 8 Mai,MObiVE,45.492864,0.748864,,Public - Pay At Location,0
166137,SOULAC SUR MER - L'Amélie - 4  Rue Du  8 Mai,MObiVE,45.484944,-1.15,,Public - Pay At Location,0
166136,VILLEBOIS-LAVALETTE - Place Du Champ De Foire,MObiVE,45.48212,0.276775,,Public - Pay At Location,0
166135,LA ROCHEBEAUCOURT - Parking Bascule - Rue De Riberac,MObiVE,45.481873,0.380141,,Public - Pay At Location,0
166134,ST GENIS DE SAINTONGE - rue du pont Bouchard,MObiVE,45.480921,-0.568038,,Public - Pay At Location,0
166133,COTEAUX  DU BLANZACAIS - Parking du Cinéma,MObiVE,45.476361,0.033299,,Public - Pay At Location,0
166132,BARBEZIEUX-SAINT HILAIRE - Parking Jean Monnet,MObiVE,45.473188,-0.153031,,Public - Pay At Location,0
166131,BARBEZIEUX-SAINT HILAIRE - Avenue Du 14 Juillet,MObiVE,45.472511,-0.158627,,Public - Pay At Location,0
166130,MAREUIL - Place De La Felibre,MObiVE,45.451655,0.451196,,Public - Pay At Location,0
166129,MONTMOREAU - Parking De Aignes,MObiVE,45.450442,0.142127,,Public - Pay At Location,0
166128,LUBERSAC - Avenue du Château,MObiVE,45.442391,1.402562,,Public - Pay At Location,0
166127,THIVIERS - Place De La Liberation,MObiVE,45.4209268,0.9243158,,Public - Pay At Location,0
166126,VILLARS - Parking Cimetiere,MObiVE,45.420196,0.756159,,Public - Pay At Location,0
166125,SAINT JEAN DE CÔLE - Parking Tennis,MObiVE,45.419839,0.840611,,Public - Pay At Location,0
166124,SAINT CREPIN DE RICHEMONT - Place Du Foirail,MObiVE,45.417602,0.600149,,Public - Pay At Location,0
166123,THIVIERS - Place Du Champ De Foire,MObiVE,45.415888,0.919114,,Public - Pay At Location,0
166122,THIVIERS - Place Jean Paul Sartre,MObiVE,45.413514,0.920901,,Public - Pay At Location,0
166121,ANGOISSE - Rouffiac - Base loisirs,MObiVE,45.412545,1.167167,,Public - Pay At Location,0
166120,"PAYZAC - Place De La Poste, Espace Jp Timbaut",MObiVE,45.400748,1.217378,,Public - Pay At Location,0
166119,MONTMOREAU - Avenue Henri Dunant,MObiVE,45.397438,0.130669,,Public - Pay At Location,0
166118,LANOUAILLE - Rue Du Pont Lasveyras (Parking),MObiVE,45.392263,1.140332,,Public - Pay At Location,0
166117,CHAMPAGNAC DE BELAIR - Parking Avenue Charles Serre,MObiVE,45.392224,0.698037,,Public - Pay At Location,0
166116,BAIGNES-SAINTE RADEGONDE - Parking Mairie - Rampe Saint Nicolas,MObiVE,45.383055,-0.236464,,Public - Pay At Location,0
166115,MIRAMBEAU - rue des écoles,MObiVE,45.373002,-0.569505,,Public - Pay At Location,0
166114,BRANTOME - Chemin Du Vert Galant (Parking Des Reclus),MObiVE,45.36924,0.648179,,Public - Pay At Location,0
166113,BRANTOME - Boulevard Charlemagne (Parking),MObiVE,45.364911,0.647709,,Public - Pay At Location,0
166111,CONDAT SUR TRINCOU - Mademoiselle Dessert - Parking du Personnel - Arrière,MObiVE,45.363009,0.703903,,Public - Pay At Location,0
166110,Parking le bourg,Bilinmiyor,45.35628,4.376203,,Public - Pay At Location,0
166109,VERTEILLAC - Parking Des Vieux Metiers - Le Bourg,MObiVE,45.346583,0.365045,,Public - Pay At Location,0
166108,EXCIDEUIL - Place A.Moulinier,MObiVE,45.336727,1.051004,,Public - Pay At Location,0
166107,BROSSAC - Parking Salles De Fêtes,MObiVE,45.331316,-0.044549,,Public - Pay At Location,0
166106,BOURDEILLES - Le Parc (Place Du Foirail),MObiVE,45.321855,0.589328,,Public - Pay At Location,0
166105,SERRIERES_Quai Jules Roche Sud,eborn,45.317047,4.766763,,Public - Pay At Location,0
166104,SAINT SEVERIN - Parking De La Poste,MObiVE,45.312987,0.250624,,Public - Pay At Location,0
166103,SORGES-ET-LIGUEUX-EN-PERIGORD - Place Jean Daniel,MObiVE,45.305759,0.872856,,Public - Pay At Location,0
166102,SAINT CAPRAIS DE BLAYE - Parking De Ferchaud,MObiVE,45.2911599,-0.569408834,,Public - Pay At Location,0
166101,SAINT CIERS SUR GIRONDE - Rue  Georges Picotin,MObiVE,45.2900966,-0.609334856,,Public - Pay At Location,0
166100,AGONAC - Rue Du Stade,MObiVE,45.288015,0.751154,,Public - Pay At Location,0
166099,PEAUGRES_Route de l'Egalité,eborn,45.286166,4.7268,,Public - Pay At Location,0
166098,BRAUD ET SAINT LOUIS - Les Nouvelles Possessions - Terres D Oiseaux,MObiVE,45.28405322,-0.700727105,,Public - Pay At Location,0
166097,SAVIGNAC LES EGLISES - Place Du 19 Mars,MObiVE,45.275172,0.918521,,Public - Pay At Location,0
166096,CHALAIS - Chez Fagnard - Aire de covoiturage,MObiVE,45.272907,0.035488,,Public - Pay At Location,0
166095,AUBETERRE-SUR-DRONNE - Place du Champ de Foire,MObiVE,45.271808,0.169304,,Public - Pay At Location,0
166094,CHAMPAGNE_Le Village,eborn,45.271138,4.80108,,Public - Pay At Location,0
166093,CHALAIS - Avenue De La Gare,MObiVE,45.271091,0.043452,,Public - Pay At Location,0
166092,OBJAT - Place Charles de Gaulle,MObiVE,45.264425,1.409911,,Public - Pay At Location,0
166091,DAVEZIEUX_Aire de Covoiturage,eborn,45.261761,4.705962,,Public - Pay At Location,0
166090,HAUTEFORT - Rue Bertrand De Born,MObiVE,45.258834,1.145795,,Public - Pay At Location,0
166089,DAVEZIEUX_Place de la Poste,eborn,45.257324,4.70591,,Public - Pay At Location,0
166088,TOCANE SAINT APRE - Place Des Tilleuls,MObiVE,45.253568,0.496523,,Public - Pay At Location,0
166087,BRAUD ET SAINT LOUIS - Av De La Republique - Parking Cdc Estuaire,MObiVE,45.25166816,-0.624000337,,Public - Pay At Location,0
166086,RIBERAC - Place Pradeau Debonniere,MObiVE,45.249093,0.337888,,Public - Pay At Location,0
166085,AYEN - 19 route du Soulet,MObiVE,45.248766,1.325366,,Public - Pay At Location,0
166084,SAINT AUBIN DE BLAYE - Brasse Misere / Parking Pepiniere D Entreprise,MObiVE,45.24861975,-0.557762682,,Public - Pay At Location,0
166083,RIBERAC - Place General De Gaule,MObiVE,45.248266,0.339009,,Public - Pay At Location,0
166082,BRAUD ET SAINT LOUIS - Av De La Republique - Parking Musique Proche Pharmacie,MObiVE,45.2466917,-0.626513064,,Public - Pay At Location,0
166081,ANNONAY_Avenue de la Gare,eborn,45.244738,4.674702,,Public - Pay At Location,0
166080,ANNONAY_Rue de la Valette - Parking la Valette,eborn,45.241713,4.670735,,Public - Pay At Location,0
166079,ANDANCE_Place Maxime Chantier,eborn,45.239897,4.798643,,Public - Pay At Location,0
166078,SARLIAC SUR L'ISLE - Parking Rue Du Stade,MObiVE,45.235857,0.873653,,Public - Pay At Location,0
166077,ROIFFIEUX_Place de la Mairie,eborn,45.22726404,4.65860545,,Public - Pay At Location,0
166076,ETAULIERS - Mairie,MObiVE,45.22411585,-0.57348126,,Public - Pay At Location,0
166075,CUBJAC - Place Du 19 Mars 1962,MObiVE,45.222623,0.937528,,Public - Pay At Location,0
166074,VERNOSC LES ANNONAY_Rue du Centre,eborn,45.2187,4.71452,,Public - Pay At Location,0
166073,CHAMPCEVINEL - Rue Louis Aragon,MObiVE,45.216907,0.727561,,Public - Pay At Location,0
166072,CHANCELADE - Parking Mairie Rue Andre Maurois,MObiVE,45.205341,0.666067,,Public - Pay At Location,0
166071,CHAMPCEVINEL - Aquacap,MObiVE,45.204577,0.743226,,Public - Pay At Location,0
166070,VOCANCE_Place de l'Eglise,eborn,45.202235,4.553613,,Public - Pay At Location,0
166069,SAINT AULAYE PUYMANGOU - Place Du Champ De Foire,MObiVE,45.201869,0.135192,,Public - Pay At Location,0
166068,SAINT SULPICE DE ROUMAGNAC - Parking Le Donzac,MObiVE,45.201723,0.392442,,Public - Pay At Location,0
166067,PAUILLAC - Rue Jules Ferry,MObiVE,45.19955408,-0.74790448,,Public - Pay At Location,0
166066,TRELISSAC - Parking Avenue Georges Pompidou,MObiVE,45.196924,0.73867,,Public - Pay At Location,0
166065,TRELISSAC - Place Napoleon Magne,MObiVE,45.195217,0.779958,,Public - Pay At Location,0
166064,MARSAC SUR L'ISLE (GO) - Avenue Du Parc Zae Peri Ouest,Alizé Liberté,45.192806,0.665889,,Public - Pay At Location,0
166063,BASSILLAC ET AUBEROCHE - Rue Jacques Prevert,MObiVE,45.192721,0.815406,,Public - Pay At Location,0
166062,PERIGUEUX - Parking Du Centre Hospitalier,MObiVE,45.192044,0.730312,,Public - Pay At Location,0
166061,COULOUNIEIX CHAMIERS - Place De La Mairie,MObiVE,45.19173,0.689566,,Public - Pay At Location,0
166060,EYRANS - Lieu-Dit Pontet,MObiVE,45.19014493,-0.601418316,,Public - Pay At Location,0
166059,ST ALBAN D AY_Font Benite,eborn,45.188983,4.638471,,Public - Pay At Location,0
166058,PERIGUEUX - Parking De La Gare,MObiVE,45.187737,0.708173,,Public - Pay At Location,0
166057,SARRAS_Place Jean Moulin,eborn,45.187721,4.799815,,Public - Pay At Location,0
166056,MARSAC SUR L'ISLE - Impasse Du Vieux Moulin,MObiVE,45.187425,0.661303,,Public - Pay At Location,0
166055,PERIGUEUX - Allee De Tourny,MObiVE,45.187054,0.722759,,Public - Pay At Location,0
166054,MARSAC SUR L'ISLE - Place De La Poste,MObiVE,45.184495,0.659777,,Public - Pay At Location,0
166053,PERIGUEUX - Rue Wilson,MObiVE,45.184344,0.715532,,Public - Pay At Location,0
166052,PERIGUEUX - Place Francheville,MObiVE,45.182871,0.718926,,Public - Pay At Location,0
166051,BOULAZAC - Avenue De L'Agora (Mairie),MObiVE,45.182498,0.763094,,Public - Pay At Location,0
166050,BOULAZAC - Place Mandela,MObiVE,45.181854,0.75831,,Public - Pay At Location,0
166049,PERIGUEUX - Parking Rue 26Ème Regiment D'Infanterie,MObiVE,45.180084,0.711979,,Public - Pay At Location,0
166048,PERIGUEUX - Cours Saint Georges,MObiVE,45.179816,0.724807,,Public - Pay At Location,0
166047,NOTRE DAME DE SANILHAC - Place De La Mairie,MObiVE,45.176008,0.724982,,Public - Pay At Location,0
166046,ST ROMAIN D AY_Avenue de Praperrier,eborn,45.166995,4.66594299,,Public - Pay At Location,0
166045,RAZAC SUR L'ISLE - Place Roger Gauthier,MObiVE,45.164208,0.600758,,Public - Pay At Location,0
166044,COULOUNIEIX CHAMIERS - Place Yves Peron,MObiVE,45.157291,0.688412,,Public - Pay At Location,0
166043,SATILLIEU_Place du Collège,eborn,45.151355,4.61752,,Public - Pay At Location,0
166042,SAINT LAURENT SUR MANOIRE (BOULAZAC ISLE MANOIRE) - ZaDu Grand Front,MObiVE,45.151277,0.791827,,Public - Pay At Location,0
166041,LA ROCHE CHALAIS - Place De L'Etoile,MObiVE,45.150938,0.011073,,Public - Pay At Location,0
166040,SAINT LAURENT MEDOC - Rue Camille Maumey / Parking Place Du 8 Mai-Rue Fontain,MObiVE,45.14931458,-0.82210237,,Public - Pay At Location,0
166039,SAINT LAURENT SUR MANOIRE (BOULAZAC ISLE MANOIRE) - Parking Mairie,MObiVE,45.148569,0.794854,,Public - Pay At Location,0
166038,LA BACHELLERIE - Aire De Covoiturage,MObiVE,45.148058,1.170348,,Public - Pay At Location,0
166037,SAINT ASTIER - Place Du 19 Mars 62,MObiVE,45.146795,0.526451,,Public - Pay At Location,0
166036,SAINT ASTIER - Rue Amiral Courbet,MObiVE,45.144789,0.527508,,Public - Pay At Location,0
166035,THENON - Rd 6089 - Parking Gendarmerie,MObiVE,45.14091,1.06972,,Public - Pay At Location,0
166034,SAINT-YZAN-DE-SOUDIAC - Rue Pierre Sémard,MObiVE,45.14044431,-0.392748668,,Public - Pay At Location,0
166033,SAINT - SAVIN - Place De  La Liberation,MObiVE,45.13994659,-0.447129607,,Public - Pay At Location,0
166032,SAINT-YZAN-DE-SOUDIAC - Parking Mairie,MObiVE,45.13987884,-0.410028475,,Public - Pay At Location,0
166031,TERRASSON - Place Yvan DELBOS,MObiVE,45.132474,1.297951,,Public - Pay At Location,0
166030,BLAYE -  Place Des  Cones / Angle Esplanade De La Citadelle,MObiVE,45.131039,-0.6631594,,Public - Pay At Location,0
166029,SAINT CHRISTOLY DE BLAYE - Vc N°6 Le Bourg,MObiVE,45.13012533,-0.507449272,,Public - Pay At Location,0
166028,TERRASSON - Place Marcel Paul,MObiVE,45.129875,1.298838,,Public - Pay At Location,0
166027,LE LARDIN - Place Heni Faure,MObiVE,45.129516,1.228201,,Public - Pay At Location,0
166026,BLAYE - Cours De La Republique,MObiVE,45.12927,-0.662261,,Public - Pay At Location,0
166025,TERRASSON - Parking Jeanne D'Arc,MObiVE,45.126181,1.302298,,Public - Pay At Location,0
166024,BLAYE - Cours Du General De Gaulle,MObiVE,45.1245206,-0.664302,,Public - Pay At Location,0
166023,NOTRE DAME DE SANILHAC - Place Du 19 Mars,MObiVE,45.121778,0.715628,,Public - Pay At Location,0
166022,LALOUVESC_Sainte-Agathe,eborn,45.119859,4.534039,,Public - Pay At Location,0
166021,CONDAT SUR VEZERE - Place Des Ecoles,MObiVE,45.118351,1.232004,,Public - Pay At Location,0
166020,LARUSCADE - Le Bourg - Rd N°22 / Parking Salle Des Fetes,MObiVE,45.10786074,-0.343015144,,Public - Pay At Location,0
166019,CAVIGNAC - Rte De Paris - Place Des Roses-Proche La Poste,MObiVE,45.10160807,-0.389538556,,Public - Pay At Location,0
166018,NEUVIC - Place Du Chapdal,MObiVE,45.101332,0.468953,,Public - Pay At Location,0
166017,"NEUVIC - Parking Centre Multimedia, Rue Des Freres Pouget",MObiVE,45.098449,0.470814,,Public - Pay At Location,0
166016,ARGENTAT - Place Bad-Koënig,MObiVE,45.094022,1.939453,,Public - Pay At Location,0
166015,ST FELICIEN_Place du Martouret,eborn,45.085456,4.625376,,Public - Pay At Location,0
166014,ST JEAN DE MUZOLS_Rue Centrale,eborn,45.083486,4.815346,,Public - Pay At Location,0
166013,SAINT-CHRISTOPHE-DE-DOUBLE - Centre Bourg,MObiVE,45.0799989,0.014855666,,Public - Pay At Location,0
166012,CUBNEZAIS - Rue De L Abrevoir / Parking Cimetiere,MObiVE,45.075555,-0.408790761,,Public - Pay At Location,0
166011,MARANSIN - Rd N°120/ Ld Le Bourg/Parking Eglise,MObiVE,45.0708878,-0.268850265,,Public - Pay At Location,0
166010,LES PEINTURES - Rue Lucien Lacour - Parking Mairie,MObiVE,45.06965636,-0.097568035,,Public - Pay At Location,0
166009,MONTIGNAC - Parking Rue Des Sagnes,MObiVE,45.067746,1.164784,,Public - Pay At Location,0
166008,MARSAS - Place De L Ecole,MObiVE,45.06746503,-0.384012049,,Public - Pay At Location,0
166007,COLOMBIER LE VIEUX_Place du Marché,eborn,45.066154,4.695439,,Public - Pay At Location,0
166006,TOURNON SUR RHONE_Place Carnot,eborn,45.0643,4.835527,,Public - Pay At Location,0
166005,SAINT AMAND DE COLY - Place De La Gare,MObiVE,45.063184,1.24543,,Public - Pay At Location,0
166004,MONTIGNAC - Parking Lascaux - D704E1,MObiVE,45.060807,1.165569,,Public - Pay At Location,0
166003,LE FIEU - Le Bourg Parking Angle Rue De La Gravette,MObiVE,45.05923964,-0.032427246,,Public - Pay At Location,0
166002,MEYSAC - Aire de covoiturage,MObiVE,45.056961,1.671406,,Public - Pay At Location,0
166001,MONTIGNAC - D706 - Zone Commerciale Lacoste,MObiVE,45.055424,1.151401,,Public - Pay At Location,0
166000,SOURZAC - Parking De La Mairie,MObiVE,45.050848,0.391331,,Public - Pay At Location,0
165999,ROUFFIGNAC SAINT CERNIN DE REILHAC - Place 31 Mars,MObiVE,45.047361,0.977736,,Public - Pay At Location,0
165998,NESPOULS - Parking aéroport Brive – Vallée de la Dordogne,MObiVE,45.041874,1.489812,,Public - Pay At Location,0
165997,GUITRES - Av De L Isle / Parking L Angle Rue De La Gravette,MObiVE,45.04044804,-0.185352334,,Public - Pay At Location,0
165996,BOURG SUR GIRONDE - Place De La Mairie,MObiVE,45.03911586,-0.560364425,,Public - Pay At Location,0
165995,MUSSIDAN - Rue Raymond Villechanoux - Parking De La Gare,MObiVE,45.03333,0.352734,,Public - Pay At Location,0
165994,SAINT CIERS D ABZAC - Rue Montaigne,MObiVE,45.03098975,-0.276985358,,Public - Pay At Location,0
165993,SAINT ANTOINE SUR L ISLE - Avenue De La Libération / Rue Bartebrune,MObiVE,45.02743386,0.040667653,,Public - Pay At Location,0
165992,VERGT - Place Charles Mangold,MObiVE,45.026386,0.718481,,Public - Pay At Location,0
165991,CASTELNAU  DE MEDOC - Parking Mairie,MObiVE,45.025739,-0.797203,,Public - Pay At Location,0
165990,SABLONS - Village d'Enfants - GRANDE LANDE,MObiVE,45.02510816,-0.176874385,,Public - Pay At Location,0
165989,VILLAMBLARD - Avenue Edouard Depuy,MObiVE,45.021867,0.539875,,Public - Pay At Location,0
165988,CAMPS SUR L ISLE - Av De La Republique,MObiVE,45.01512723,-0.030508069,,Public - Pay At Location,0
165987,SAINT SEURIN SUR L ISLE - Av Georges Clemenceau / Parking Mediatheque,MObiVE,45.01500242,-0.000991528,,Public - Pay At Location,0
165986,SAINT MEDARD DE GUIZIERES - Rue Du 14 Juillet /  Parking Mairie,MObiVE,45.01477428,-0.056674683,,Public - Pay At Location,0
165985,SAINT SEURIN SUR L ISLE - Place General Raoul Salan,MObiVE,45.01341835,-0.003134058,,Public - Pay At Location,0
165984,SAINT LEON SUR VEZERE - Le Bourg - Parking Camping Cars,MObiVE,45.011402,1.089969,,Public - Pay At Location,0
165983,MONTPON MENESTEROL - Place Gambetta,MObiVE,45.009335,0.163076,,Public - Pay At Location,0
165982,MONTPON MENESTEROL - Place Du Foirail,MObiVE,45.009018,0.165742,,Public - Pay At Location,0
165981,LACANAU - Allée Du Matelot,MObiVE,45.001761,-1.195334,,Public - Pay At Location,0
165980,SAINT-ANDRE-DE-CUBZAC - Allée Louise Michel,MObiVE,44.996262,-0.443644,,Public - Pay At Location,0
165979,PEYZAC LE MOUSTIER - D6 - Parking Salle Des Fetes,MObiVE,44.9959,1.058212,,Public - Pay At Location,0
165978,SAINT GENIES - Place De La Gare,MObiVE,44.993978,1.253506,,Public - Pay At Location,0
165977,MAUZENS MIREMONT - Parking Du Stade,MObiVE,44.992536,0.909665,,Public - Pay At Location,0
165976,SAINT-ANDRE-DE-CUBZAC - Impasse Du Pas De Monnac,MObiVE,44.992445,-0.430289,,Public - Pay At Location,0
165975,GALGON - Parking Mairie,MObiVE,44.99225592,-0.274073481,,Public - Pay At Location,0
165974,SAINT DENIS DE PILE - Rue Du Champs De Foire - Salle Des Fëtes - Au Bourg,MObiVE,44.99210129,-0.204426038,,Public - Pay At Location,0
165973,GOURS - Parking Église,MObiVE,44.989855,0.022342,,Public - Pay At Location,0
165972,LUDON-MEDOC - Place Jean Jaurès,MObiVE,44.98245494,-0.603403151,,Public - Pay At Location,0
165971,PETIT-PALAIS-ET-CORNEMPS - Centre Bourg,MObiVE,44.981811,-0.064026,,Public - Pay At Location,0
165970,PUYNORMAND - Rd N°123 /Angle Vc Du Bourg / Ld Bourg Sud Ouest,MObiVE,44.981497,-0.001493,,Public - Pay At Location,0
165969,BEAULIEU SUR DORDOGNE - Place Du Champ De Mars,MObiVE,44.9785,1.8365,,Public - Pay At Location,0
165968,LACANAU - Rue Du Maréchal Leclerc,MObiVE,44.97723364,-1.074967682,,Public - Pay At Location,0
165967,SALIGNAC EYVIGUES - Place De La Mairie,MObiVE,44.974308,1.323247,,Public - Pay At Location,0
165966,TAMNIES - Place Salle Des Fetes,MObiVE,44.966335,1.15009,,Public - Pay At Location,0
165965,CORNAS_Avenue du Colonel Rousset,eborn,44.960719,4.848103,,Public - Pay At Location,0
165964,LUSSAC - Impasse De La Confrérie,MObiVE,44.948993,-0.09581387,,Public - Pay At Location,0
165963,LIBOURNE - Rue Schwandorf - Dagueys,MObiVE,44.94697507,-0.244545043,,Public - Pay At Location,0
165962,VILLEFRANCHE DE LONCHAT - Rue Bugeaud,MObiVE,44.94679,0.057228,,Public - Pay At Location,0
165961,SAINTE ALVERE - Parking Avenue Jules Ferry,MObiVE,44.946424,0.809715,,Public - Pay At Location,0
165960,SAINT GERMAIN LA RIVIERE - Parking Maison Du Fronsadais,MObiVE,44.94613979,-0.32744139,,Public - Pay At Location,0
165959,FRANCS - Mairie,MObiVE,44.94543258,-0.007033316,,Public - Pay At Location,0
165958,SAINT AVIT DE VIALARD - Parking Salles Des Fetes,MObiVE,44.943237,0.86671,,Public - Pay At Location,0
165957,ST PERAY_Allee Du Mistral,eborn,44.941937,4.860399,,Public - Pay At Location,0
165956,CHAMPIS_Fringuet,eborn,44.941794,4.765732,,Public - Pay At Location,0
165955,SAINT CIBARD - Rd N°21/Ld Pimpine/Parking Mairie,MObiVE,44.93989305,-0.023352004,,Public - Pay At Location,0
165954,CARSAC DE GURSON - Base De Loisirs,MObiVE,44.939214,0.075685,,Public - Pay At Location,0
165953,LES EYZIES DE TAYAC SIREUIL - Avenue De Le Prehistoire,MObiVE,44.938702,1.011215,,Public - Pay At Location,0
165952,CAMPSEGRET - Parking De La Mairie,MObiVE,44.935706,0.563419,,Public - Pay At Location,0
165951,GUILHERAND GRANGES_Boulevard Charles de Gaulle,eborn,44.935071,4.883509,,Public - Pay At Location,0
165950,LES EYZIES DE TAYAC SIREUIL - Parking Avenue De La Forge,MObiVE,44.934868,1.018297,,Public - Pay At Location,0
165949,GUILHERAND GRANGES_Avenue Georges Clemenceau,eborn,44.932387,4.870804,,Public - Pay At Location,0
165948,MONTAGNE - Centre Bourg,MObiVE,44.92953079,-0.126780697,,Public - Pay At Location,0
165947,PUISSEGUIN - Lieu-Dit Au Barail - Parking Mairie,MObiVE,44.925064,-0.074422,,Public - Pay At Location,0
165946,FRONSAC - Parking Mairie,MObiVE,44.924077,-0.271769,,Public - Pay At Location,0
165945,LE BUGUE - Place De Pre Saint Louis,MObiVE,44.922066,0.926065,,Public - Pay At Location,0
165944,IZON - Av Du Gen De Gaulle - Parking Mairie,MObiVE,44.9198804,-0.361701203,,Public - Pay At Location,0
165943,LIBOURNE - Allées Robert Boulin,MObiVE,44.917741,-0.241218,,Public - Pay At Location,0
165942,LIBOURNE - Avenue Gallieni,MObiVE,44.916815,-0.23693,,Public - Pay At Location,0
165941,LE BUGUE - Place Leopold Salme,MObiVE,44.916542,0.926937,,Public - Pay At Location,0
165940,SAINT LOUBES - Parking Mairie,MObiVE,44.9160785,-0.426205694,,Public - Pay At Location,0
165939,SAINTE LOUBES - CENTRE NAUTIQUE,MObiVE,44.914339,-0.424664,,Public - Pay At Location,0
165938,LIBOURNE - Rue Michel Montaigne,MObiVE,44.914329,-0.243664,,Public - Pay At Location,0
165937,SAINTE LOUBES - CENTRE NAUTIQUE,MObiVE,44.914314,-0.424683,,Public - Pay At Location,0
165936,SAINT-PHILIPPE-D'AIGUILHE - Centre Bourg,MObiVE,44.9141107,-0.031378891,,Public - Pay At Location,0
165935,LES SALLES-DE-CASTILLON - Mairie,MObiVE,44.91209047,-0.001138505,,Public - Pay At Location,0
165934,LIBOURNE - Angle Place Joffre,MObiVE,44.91170026,-0.241468548,,Public - Pay At Location,0
165933,SAINTE EULALIE - Rue Eugene Colette,MObiVE,44.90874831,-0.473356247,,Public - Pay At Location,0
165932,SAINTE EULALIE - Rue De L'Estey Fleuri,MObiVE,44.907876,-0.48524063,,Public - Pay At Location,0
165931,SAINTE EULALIE - Parking Médiathèque,MObiVE,44.904659,-0.473999,,Public - Pay At Location,0
165930,SAINT-GENES-DE-CASTILLON - Centre Bourg,MObiVE,44.89820437,-0.063500844,,Public - Pay At Location,0
165929,VERNOUX EN VIVARAIS_Avenue Vincent D Indy - Le Village,eborn,44.897658,4.647763,,Public - Pay At Location,0
165928,VAYRES - Parking Du Gestas,MObiVE,44.89764677,-0.316924452,,Public - Pay At Location,0
165927,SAINT EMILION - Parking  Rue Du  Grand Pontet,MObiVE,44.8962702,-0.15699237,,Public - Pay At Location,0
165926,SARLAT LA CANEDA - Place Des Cordeliers,MObiVE,44.892675,1.217389,,Public - Pay At Location,0
165925,SARLAT LA CANEDA - Place Du Marche Aux Noix,MObiVE,44.892534,1.21282,,Public - Pay At Location,0
165924,BORDEAUX - Rue Du Cardinal Richaud (Parking Sdeeg),MObiVE,44.88754518,-0.565216541,,Bilinmiyor,0
165923,SARLAT LA CANEDA - Place De La  Liberation,MObiVE,44.883867,1.214353,,Public - Pay At Location,0
165922,LIMEUIL - Le Bourg (Parking Du Stade),MObiVE,44.883762,0.891005,,Public - Pay At Location,0
165921,CAZOULES - Place D'Alsace,MObiVE,44.88248,1.433106,,Public - Pay At Location,0
165920,SARLAT LA CANEDA - Avenue Aristide Briand,MObiVE,44.880421,1.217427,,Public - Pay At Location,0
165919,AUDRIX - Le Bourg (Parking Piscine),MObiVE,44.879647,0.947273,,Public - Pay At Location,0
165918,SAINTE COLOMBE - Parking Mairie,MObiVE,44.87916951,-0.061989842,,Public - Pay At Location,0
165917,BELVES DE CASTILLON - Le Bourg / Parking Proche Eglise,MObiVE,44.8786296,-0.03135102,,Public - Pay At Location,0
165916,SAINT SULPICE DE FALEYRENS - Av Du General De Gaulle,MObiVE,44.87611867,-0.190544128,,Public - Pay At Location,0
165915,BERGERAC - Aire De Covoiturage - Pombonne,MObiVE,44.870893,0.503334,,Public - Pay At Location,0
165914,LA FORCE - Rue De La Liberation - Parking Espace Socio-Culturel,MObiVE,44.86892,0.375426,,Public - Pay At Location,0
165913,SAINT CYPRIEN - Place Mackenheim,MObiVE,44.868399,1.044134,,Public - Pay At Location,0
165912,ST MARTIAL_Village Nord,eborn,44.867287,4.274825,,Public - Pay At Location,0
165911,LA FORCE - Parking Avenue Des Ducs De La Force,MObiVE,44.867257,0.375686,,Public - Pay At Location,0
165910,SAINT CYPRIEN - Avenue De Sarlat Parking Comcom,MObiVE,44.865113,1.042477,,Public - Pay At Location,0
165909,SAINT JULIEN DE LAMPON - Parking Mairie,MObiVE,44.860177,1.363911,,Public - Pay At Location,0
165908,BERGERAC - Gare De Bergerac (Parking),MObiVE,44.857045,0.488127,,Public - Pay At Location,0
165907,ST GEORGES LES BAINS_Le Blod,eborn,44.856094,4.829734,,Public - Pay At Location,0
165906,CREYSSE - Place De La Creyssette,MObiVE,44.855401,0.568117,,Public - Pay At Location,0
165905,PRIGONRIEUX - Rue Du 19 Mars 1962,MObiVE,44.854721,0.400406,,Public - Pay At Location,0
165904,CASTILLON-LA-BATAILLE - Place Du 14 Juillet,MObiVE,44.85407959,-0.04214555,,Public - Pay At Location,0
165903,BERGERAC - Rue  Mouney Sully,MObiVE,44.853121,0.482518,,Public - Pay At Location,0
165902,MONTCARET - Place Tournier,MObiVE,44.852802,0.065287,,Public - Pay At Location,0
165901,CASTILLON-LA-BATAILLE - Eglise,MObiVE,44.85247716,-0.043265704,,Public - Pay At Location,0
165900,VELINES - Zone Des Reaux - Face A La Pharmacie,MObiVE,44.850286,0.101924,,Public - Pay At Location,0
165899,BERGERAC - Rue Candillac (Mairie),MObiVE,44.849666,0.48543,,Public - Pay At Location,0
165898,BERGERAC - Rue Maurice Barat,Alizé Liberté,44.848523,0.489061,,Public - Pay At Location,0
165897,LE BUISSON DE CADOUIN - Place Mianne,MObiVE,44.845737,0.912535,,Public - Pay At Location,0
165896,SAINT ANTOINE DE BREUILH - Le Bourg (Place De La Halle),MObiVE,44.845245,0.154022,,Public - Pay At Location,0
165895,PORT SAINTE FOY ET PONCHAPT - Place Du 8 Mai,MObiVE,44.84433,0.210743,,Public - Pay At Location,0
165894,SALLEBOEUF - Centre Bourg  - Av De La Tour,MObiVE,44.84295704,-0.396709442,,Public - Pay At Location,0
165893,LAMONZIE SAINT MARTIN - Parking Avenue De Bergerac,MObiVE,44.842257,0.382402,,Public - Pay At Location,0
165892,SAINT CAPRAISE DE LALINDE - D660 - Air De Campings Cars,MObiVE,44.842112,0.652252,,Public - Pay At Location,0
165891,BEYNAC ET CAZENAC - Place D'Alsace,MObiVE,44.839418,1.150119,,Public - Pay At Location,0
165890,GARDONNE - Rue De La Mairie,MObiVE,44.836281,0.331995,,Public - Pay At Location,0
165889,LALINDE - Avenue Jean Moulin,MObiVE,44.8359515,0.7247487,,Public - Pay At Location,0
165888,VEZAC - Place Regis Magnol,MObiVE,44.834118,1.165397,,Public - Pay At Location,0
165887,PINEUILH - Place De La Mairie,MObiVE,44.830223,0.226371,,Public - Pay At Location,0
165886,LA ROQUE-GAGEAC - Place Du 8 Mai,MObiVE,44.825271,1.18357,,Public - Pay At Location,0
165885,FARGUES-SAINT-HILAIRE - Avenue De La Laurence,MObiVE,44.82478533,-0.445305705,,Public - Pay At Location,0
165884,SIORAC EN PERIGORD - Zone Commerciale,MObiVE,44.82306,0.987989,,Public - Pay At Location,0
165883,ST SAUVEUR DE MONTAGUT_Saint Sauveur,eborn,44.821415,4.584573,,Public - Pay At Location,0
165882,GROLEJAC - Parking Zone Commerciale,MObiVE,44.820824,1.2907,,Public - Pay At Location,0
165881,PESSAC-SUR-DORDOGNE - Place Du Pont,MObiVE,44.82074354,0.078746974,,Public - Pay At Location,0
165880,LE LAC D ISSARLES_Le Village,eborn,44.816089,4.062937,,Public - Pay At Location,0
165879,ST PIERREVILLE_Place du Clos,eborn,44.814927,4.48872,,Public - Pay At Location,0
165878,CASTELNAUD LA CHAPELLE - Tournepique,MObiVE,44.813113,1.152277,,Public - Pay At Location,0
165877,SAINT JEAN D'ILLAC - Place De L’Eglise,MObiVE,44.812154,-0.780595,,Public - Pay At Location,0
165876,SAINT JEAN D'ILLAC - Giratoire De La Fontaine,MObiVE,44.809964,-0.784099,,Public - Pay At Location,0
165875,STE EULALIE_Place du Marche,eborn,44.809247,4.189488,,Public - Pay At Location,0
165874,MEZILHAC_Le Village,eborn,44.808022,4.351456,,Public - Pay At Location,0
165873,DOMME - L'Esplanade (Parking) - Rue Du Repos,MObiVE,44.803702,1.21471,,Public - Pay At Location,0
165872,RAZAC DE SAUSSIGNAC - Le Bourg - Place De La Mairie,MObiVE,44.803475,0.285507,,Public - Pay At Location,0
165871,COUCOURON_Place du 14 Juillet,eborn,44.803111,3.97075,,Public - Pay At Location,0
165870,LA VOULTE SUR RHONE_Quai Anatole France,eborn,44.799609,4.781453,,Public - Pay At Location,0
165869,CENAC - Route De St Martial D46,MObiVE,44.798594,1.203975,,Public - Pay At Location,0
165868,LEGE - CAP-FERRET - Avenue De La Gare - Mairie,MObiVE,44.7957709,-1.146030128,,Public - Pay At Location,0
165867,MONBAZILLAC - Parking Restaurant Semillion,MObiVE,44.793633,0.490578,,Public - Pay At Location,0
165866,FAUX - D22 - Parking Mairie,MObiVE,44.790835,0.642597,,Public - Pay At Location,0
165865,SAGNES ET GOUDOULET_Les Sagnes,eborn,44.79045,4.226428,,Public - Pay At Location,0
165864,SAGELAT - Auberge De La Nauze (Parking),MObiVE,44.786625,1.012185,,Public - Pay At Location,0
165863,LATRESNE - Rue De La Salargue,MObiVE,44.78557021,-0.498520732,,Public - Pay At Location,0
165862,POMPORT - Parking Salle Des Fetes,MObiVE,44.779985,0.417831,,Public - Pay At Location,0
165861,RAUZAN - Place Du Champs De Foire,MObiVE,44.77847257,-0.126183863,,Public - Pay At Location,0
165860,CROS DE GEORAND_La Palisse,eborn,44.77788,4.10358,,Public - Pay At Location,0
165859,BELVES - Esplanade De La Breche (Parking),MObiVE,44.777497,1.006493,,Public - Pay At Location,0
165858,ANDERNOS LES BAINS - Giratoire  Querquillas,MObiVE,44.77675544,-1.050626636,,Public - Pay At Location,0
165857,CESTAS - Place De La République,MObiVE,44.77175892,-0.701826767,,Public - Pay At Location,0
165856,BEAUMONT DU PERIGORD - Place De La Halle,MObiVE,44.767878,0.768692,,Public - Pay At Location,0
165855,ARES - Mairie - Rue Pierre Pauillhac,MObiVE,44.76534406,-1.138983294,,Public - Pay At Location,0
165854,ARES - Avenue De La Plage - Place Weiss,MObiVE,44.76466268,-1.141424105,,Public - Pay At Location,0
165853,CANEJAN - Che De Barbicadge,MObiVE,44.76347968,-0.654257833,,Public - Pay At Location,0
165852,BOUNIAGUES - Parking N21,MObiVE,44.759462,0.526162,,Public - Pay At Location,0
165851,SIGOULES - Parking Route De Perthus,MObiVE,44.756952,0.408764,,Public - Pay At Location,0
165850,QUINSAC - Rue Henri Chivaley Centre Bourg,MObiVE,44.75591448,-0.488296151,,Public - Pay At Location,0
165849,CADAUJAC - Parking Église,MObiVE,44.755656,-0.529436,,Public - Pay At Location,0
165848,CANEJAN - Chemin La House,MObiVE,44.750344,-0.64121961,,Public - Pay At Location,0
165847,LEGE - CAP-FERRET - Avenue Des Halles - Claouey,MObiVE,44.74934373,-1.181364208,,Public - Pay At Location,0
165846,SAINT MARTIAL DE NABIRAT - Parking Multiple Rural,MObiVE,44.74526,1.262063,,Public - Pay At Location,0
165845,ANDERNOS LES BAINS - Boulevard De La Plage/ Parking Port Ostreicole,MObiVE,44.74374066,-1.106562354,,Public - Pay At Location,0
165844,ANDERNOS LES BAINS - Esplanade De Broustic/Allee Max Et Paulette Faye,MObiVE,44.74308003,-1.098946631,,Public - Pay At Location,0
165843,PELLEGRUE - Parking Du Cimetière,MObiVE,44.742752,0.077091,,Public - Pay At Location,0
165842,CESTAS - Bourg,MObiVE,44.74170766,-0.684627916,,Public - Pay At Location,0
165841,COUX_Place d'Onclaire,eborn,44.735891,4.623651,,Public - Pay At Location,0
165840,TARGON - Rue Du Poids Public/Place Du 11 Novembre,MObiVE,44.73456468,-0.265181002,,Public - Pay At Location,0
165839,PRIVAS_Avenue de l'Europe Unie,eborn,44.734181,4.598438,,Public - Pay At Location,0
165838,PRIVAS_Place du Foiral,eborn,44.734135,4.59005,,Public - Pay At Location,0
165837,ISSIGEAC - D14 - Parking,MObiVE,44.730902,0.608055,,Public - Pay At Location,0
165836,LESPERON_Le Village,eborn,44.730306,3.897925,,Public - Pay At Location,0
165835,LANARCE_La Bruge,eborn,44.72836,4.006611,,Public - Pay At Location,0
165834,LEOGNAN - Parking Eglise,MObiVE,44.72771181,-0.60147196,,Public - Pay At Location,0
165833,LEOGNAN - Place Mairie,MObiVE,44.72755936,-0.59814468,,Public - Pay At Location,0
165832,ST PRIEST_Place Des Mineurs,eborn,44.720654,4.574741,,Public - Pay At Location,0
165831,ANTRAIGUES SUR VOLANE_Les Allevards,eborn,44.719448,4.358827,,Public - Pay At Location,0
165830,ALISSAS_Place de la Mairie,eborn,44.7145,4.632694,,Public - Pay At Location,0
165829,MARTILLAC - Parking Du Pas De L 'Ane,MObiVE,44.714038,-0.542552,,Public - Pay At Location,0
165828,MARTILLAC - Parking Site Montesquieu  - Allée Rostand,MObiVE,44.712681,-0.581216,,Public - Pay At Location,0
165827,LANTON - Avenue De La République (Cassy),MObiVE,44.71238619,-1.056711227,,Public - Pay At Location,0
165826,MONTPEZAT SOUS BAUZON_Place de la Poste - Boulevard de la Prairie,eborn,44.711028,4.207861,,Public - Pay At Location,0
165825,MARTILLAC - Rue  Jacques Monod  - Technopole,MObiVE,44.709854,-0.584632,,Public - Pay At Location,0
165824,MAURS (COMCOM CHATAIGNERAIE),Alizé Liberté,44.709621,2.198465,,Public - Pay At Location,0
165823,MONTSALVY (COMCOM CHATAIGNERAIE),Alizé Liberté,44.708338,2.498555,,Public - Pay At Location,0
165822,LANGOIRAN - Place De La Mairie,MObiVE,44.708164,-0.400897,,Public - Pay At Location,0
165821,CHOMERAC_Le Triolet,eborn,44.706977,4.662959,,Public - Pay At Location,0
165820,BEAUTIRAN - Rue De La Papeterie / Angle Place De Verdun,MObiVE,44.70366386,-0.449122488,,Public - Pay At Location,0
165819,LANTON - Avenue De La Libération (Mairie),MObiVE,44.70180214,-1.033432335,,Public - Pay At Location,0
165818,PORTETS - Mairie,MObiVE,44.6962493,-0.4239459,,Public - Pay At Location,0
165817,SAUVETERRE DE GUYENNE - Parking Cimetière,MObiVE,44.694388,-0.088728,,Public - Pay At Location,0
165816,SAUVETERRE DE GUYENNE - Parking Gendarmerie,MObiVE,44.69229,-0.083812,,Public - Pay At Location,0
165815,MARCHEPRIME - Avenue De La Côte D'Argent,MObiVE,44.69216431,-0.855522752,,Public - Pay At Location,0
165814,MARCHEPRIME - Rue De La Gare,MObiVE,44.69049395,-0.85433051,,Public - Pay At Location,0
165813,AUDENGE - Parking Mairie,MObiVE,44.68396233,-1.01597602,,Public - Pay At Location,0
165812,AUDENGE - Parking Rue Des Hortensias,MObiVE,44.68238,-1.014052,,Public - Pay At Location,0
165811,MONPAZIER - Place Du Foirail Nord,MObiVE,44.682358,0.895054,,Public - Pay At Location,0
165810,MEYRAS_Place du Champ de Mars,eborn,44.681074,4.267563,,Public - Pay At Location,0
165809,LA BREDE - Parking De La Brédinière,MObiVE,44.67978328,-0.53108945,,Public - Pay At Location,0
165808,THUEYTS_Place du Champ de Mars,eborn,44.675752,4.221803,,Public - Pay At Location,0
165807,DURAS - Place De L'Union,MObiVE,44.6755556,0.18111111,,Public - Pay At Location,0
165806,SAINT SELVE - Grand Rue - Salle Polyvalente,MObiVE,44.67112364,-0.478577941,,Public - Pay At Location,0
165805,EYMET - Parking Park Relais - Departemental 18,MObiVE,44.666526,0.400101,,Public - Pay At Location,0
165804,VALS LES BAINS_Place Galimard,eborn,44.665798,4.365731,,Public - Pay At Location,0
165803,MIOS - Echangeur Pelouneyres,MObiVE,44.66427871,-0.82675606,,Public - Pay At Location,0
165802,ARCACHON - Place Peyneau,MObiVE,44.6635273,-1.16312116,,Public - Pay At Location,0
165801,ARCACHON - Place Carnot,MObiVE,44.663366,-1.172374,,Public - Pay At Location,0
165800,ARCACHON - Gare Sncf,MObiVE,44.6594936,-1.166089754,,Public - Pay At Location,0
165799,CRUAS_Place René Cassin,eborn,44.657171,4.765453,,Public - Pay At Location,0
165798,VESSEAUX_Chemin de l'Ancien Stade,eborn,44.652523,4.445178,,Public - Pay At Location,0
165797,CASTILLONNES - Place Jasmin,MObiVE,44.6516667,0.59138889,,Public - Pay At Location,0
165796,ST ETIENNE DE LUGDARES_Le Village,eborn,44.651228,3.955454,,Public - Pay At Location,0
165795,LEGE - CAP-FERRET - Avenue Du Monument Saliens (Parking - Cap-Ferret),MObiVE,44.65079718,-1.245857924,,Public - Pay At Location,0
165794,MONSEGUR - Place Du 8 Mai,MObiVE,44.650417,0.083541,,Public - Pay At Location,0
165793,PODENSAC - Place Gambetta,MObiVE,44.65034995,-0.354771763,,Public - Pay At Location,0
165792,BIGANOS - Mairie,MObiVE,44.64143059,-0.975692421,,Public - Pay At Location,0
165791,GUJAN-MESTRAS - Rue Edmond Dautric,MObiVE,44.64054275,-1.068484016,,Public - Pay At Location,0
165790,BIGANOS - Rue De La Résistance,MObiVE,44.63935158,-0.965469163,,Public - Pay At Location,0
165789,GUJAN-MESTRAS - Parking Docteur Bezian,MObiVE,44.63863111,-1.060200506,,Public - Pay At Location,0
165788,VILLEREAL - Parking Atelier Technique,MObiVE,44.6383333,0.74555556,,Public - Pay At Location,0
165787,VILLEREAL - Boulevard Alphonse De Poitiers,MObiVE,44.6383333,0.74111111,,Public - Pay At Location,0
165786,LA TESTE-DE-BUCH - Rue De L'Yser,MObiVE,44.638231,-1.144855,,Public - Pay At Location,0
165785,BIGANOS - Pei Gare,MObiVE,44.63793013,-0.965542231,,Public - Pay At Location,0
165784,GUJAN-MESTRAS - Parking Mairie,MObiVE,44.63571701,-1.07150607,,Public - Pay At Location,0
165783,LE TEICH - Parking Mairie,MObiVE,44.63540825,-1.021465659,,Public - Pay At Location,0
165782,JAUJAC_Fabrias,eborn,44.635165,4.256896,,Public - Pay At Location,0
165781,LE TEICH - Parking Gare,MObiVE,44.6327778,-1.025833333,,Public - Pay At Location,0
165780,LA TESTE-DE-BUCH - Allée Du Garde-Feu Du Juge,MObiVE,44.632653,-1.202032,,Public - Pay At Location,0
165779,LA TESTE-DE-BUCH - Rue Du Général Gallieni - Parking La Poste,MObiVE,44.63166634,-1.148235574,,Public - Pay At Location,0
165778,LA TESTE DE BUCH - Rue Gilbert Sore - Parking,MObiVE,44.631289,-1.150912022,,Public - Pay At Location,0
165777,LE TEICH - Rue De La Petite Foret,MObiVE,44.6310754,-1.026442999,,Public - Pay At Location,0
165776,BIRON - Parking Bellevue,MObiVE,44.630784,0.870593,,Public - Pay At Location,0
165775,LAUZUN - Avenue De Schlierbach,MObiVE,44.630515,0.459611,,Public - Pay At Location,0
165774,VILLEFRANCHE DU PERIGORD - Place Du  19 Mars,MObiVE,44.629174,1.080201,,Public - Pay At Location,0
165773,MIOS - Echangeur Masquet,MObiVE,44.62788504,-0.96018523,,Public - Pay At Location,0
165772,UCEL_Route de la manufacture royale - Espace Deydier,eborn,44.626255,4.397295,,Public - Pay At Location,0
165771,LA TESTE-DE-BUCH - Plaine Des Sports,MObiVE,44.61884887,-1.124490649,,Public - Pay At Location,0
165770,ST DIDIER SOUS AUBENAS_Place des Vignettes,eborn,44.612364,4.409012,,Public - Pay At Location,0
165769,MEYSSE_Rue Chevrière,eborn,44.609918,4.723737,,Public - Pay At Location,0
165768,LE BARP - Place Du Centre  Bourg,MObiVE,44.60796312,-0.770520866,,Public - Pay At Location,0
165767,ST LAURENT LES BAINS_Le Village,eborn,44.607085,3.969142,,Public - Pay At Location,0
165766,MIOS  - Avenue De La République (Mairie),MObiVE,44.60631955,-0.93973875,,Public - Pay At Location,0
165765,MIRAMONT DE GUYENNE - Boulevard Aristide Briand,MObiVE,44.60271355,0.359662771,,Public - Pay At Location,0
165764,ST ETIENNE DE FONTBELLON_Rue de la Mairie,eborn,44.599646,4.382688,,Public - Pay At Location,0
165763,AILHON_Le Village,eborn,44.597907,4.341696,,Public - Pay At Location,0
165762,ROCHEMAURE_Place des Brassieres,eborn,44.588025,4.704728,,Public - Pay At Location,0
165761,VALGORGE_Le Village,eborn,44.587763,4.129422,,Public - Pay At Location,0
165760,LA REOLE - Parking - Avenue Carnot,MObiVE,44.58421278,-0.03562067,,Public - Pay At Location,0
165759,LA REOLE - Parking - Rue Des Jacobins,MObiVE,44.58224491,-0.034756726,,Public - Pay At Location,0
165758,LA REOLE - Avenue Jean Delsol,MObiVE,44.5816174,-0.037011681,,Public - Pay At Location,0
165757,LANDIRAS - Place De  L'Eglise,MObiVE,44.567454,-0.41494,,Public - Pay At Location,0
165756,LACHAPELLE SOUS AUBENAS_Place De L'Alambic,eborn,44.563802,4.36312,,Public - Pay At Location,0
165755,VILLENEUVE DE BERG_Place des Combettes,eborn,44.558368,4.501929,,Public - Pay At Location,0
165754,TOULENNE - Avenue Du 8 Mai 1945 - Parking Commerces,MObiVE,44.5578804,-0.260849252,,Public - Pay At Location,0
165753,LANGON - Place  Du Foirail,MObiVE,44.555327,-0.248037,,Public - Pay At Location,0
165752,ST GERMAIN_Place du Champ des Pauvres,eborn,44.555261,4.451231,,Public - Pay At Location,0
165751,LANGON - Place Kennedy,MObiVE,44.55362,-0.248891,,Public - Pay At Location,0
165750,ALBA LA ROMAINE_Parking le clos - Le clos,eborn,44.553365,4.597261,,Public - Pay At Location,0
165749,LANGON - Place  De La Mairie,MObiVE,44.553132,-0.245125,,Public - Pay At Location,0
165748,LE TEIL_Place René Montérémal,eborn,44.552929,4.685681,,Public - Pay At Location,0
165747,SALLES - Allee  Du Champ De Foire,MObiVE,44.55058366,-0.867026746,,Public - Pay At Location,0
165746,LE TEIL_Place du Cimetière,eborn,44.550008,4.682286,,Public - Pay At Location,0
165745,VOGUE_Place du Heyd,eborn,44.539131,4.418393,,Public - Pay At Location,0
165744,LA TESTE-DE-BUCH - Avenue Verdun (Cazaux),MObiVE,44.53766289,-1.152655184,,Public - Pay At Location,0
165743,VINEZAC_Place Chalendas,eborn,44.537509,4.325842,,Public - Pay At Location,0
165742,CANCON - Jardin Public,MObiVE,44.53630335,0.62402514,,Public - Pay At Location,0
165741,SABLIERES_Le Village,eborn,44.532292,4.073174,,Public - Pay At Location,0
165740,MONFLANQUIN - Place Yves Balségur,MObiVE,44.53087,0.767955,,Public - Pay At Location,0
165739,MONFLANQUIN - Abattoir,MObiVE,44.527365,0.760762,,Public - Pay At Location,0
165738,MEILHAN SUR GARONNE - Place De L'Hotel De Ville,MObiVE,44.5191667,0.03222222,,Public - Pay At Location,0
165737,MARMANDE - Rond Point De Thivras,MObiVE,44.507811,0.1394905,,Public - Pay At Location,0
165736,MARMANDE - Parking Piscine,MObiVE,44.507634,0.15449,,Public - Pay At Location,0
165735,VIRAZEIL - Aire De Covoiturage,MObiVE,44.5060629,0.216507912,,Public - Pay At Location,0
165734,TOMBEBOEUF - Place Du Basket,MObiVE,44.505327,0.451676,,Public - Pay At Location,0
165733,MARMANDE - Place Du 14 Juillet,MObiVE,44.5038889,0.16333333,,Public - Pay At Location,0
165732,MARMANDE - Place De La Couronne,MObiVE,44.5016667,0.16916667,,Public - Pay At Location,0
165731,MARMANDE - La Gravette,MObiVE,44.50094,0.177198,,Public - Pay At Location,0
165730,MARMANDE - Place De La Laicité,MObiVE,44.4986111,0.16861111,,Public - Pay At Location,0
165729,MARMANDE - Place Birac,MObiVE,44.4966667,0.16722222,,Public - Pay At Location,0
165728,VIVIERS_Parking les Lauriers,eborn,44.484416,4.6887,,Public - Pay At Location,0
165727,ROSIERES_Place du Village,eborn,44.482199,4.255207,,Public - Pay At Location,0
165726,MONSEMPRON-LIBOS - Rue Des Ecoles,MObiVE,44.482043,0.943916,,Public - Pay At Location,0
165725,SANGUINET - Rue Du Maréchal Ferrant,MObiVE,44.480806,-1.077171,,Public - Pay At Location,0
165724,MONTAYRAL - Place Pierre Caumont,MObiVE,44.480385,0.98584215,,Public - Pay At Location,0
165723,LABLACHERE_La Jaujon,eborn,44.463088,4.215867,,Public - Pay At Location,0
165722,GONTAUD DE NOGARET - Rue Des Docteurs De Samondes,MObiVE,44.455634,0.293672,,Public - Pay At Location,0
165721,RUOMS_Place Général de Gaulle,eborn,44.453956,4.342456,,Public - Pay At Location,0
165720,FOURQUES SUR GARONNE - Bourg,MObiVE,44.4486111,0.15944444,,Public - Pay At Location,0
165719,LAGORCE_Le Village,eborn,44.447861,4.41797,,Public - Pay At Location,0
165718,LABEAUME_Les Fraysses,eborn,44.447701,4.307057,,Public - Pay At Location,0
165717,COCUMONT - Place De L'église,MObiVE,44.4474,0.025985,,Public - Pay At Location,0
165716,BISCARROSSE - Parking Dufau,MObiVE,44.4450026,-1.2501231,,Public - Pay At Location,0
165715,CASSENEUIL - Chemin De Pascalet,MObiVE,44.442344,0.621467,,Public - Pay At Location,0
165714,CASSENEUIL - Avenue De La Gare,MObiVE,44.442253,0.625405,,Public - Pay At Location,0
165713,ST MONTAN_Bauvache,eborn,44.438699,4.625431,,Public - Pay At Location,0
165712,SAMAZAN - Parking Parcelle Eaux Pluviale,MObiVE,44.4352158,0.13091807,,Public - Pay At Location,0
165711,SAINT SYMPHORIEN - Place Michelet,MObiVE,44.42978139,-0.48838209,,Public - Pay At Location,0
165710,ST ALBAN AURIOLLES_Place Aristide Briand,eborn,44.426088,4.299883,,Public - Pay At Location,0
165709,SAMPZON_Place de la Mairie,eborn,44.424621,4.343681,,Public - Pay At Location,0
165708,BIAS - Parking Du Dojo,MObiVE,44.416509,0.670505,,Public - Pay At Location,0
165707,LE MAS D'AGENAIS - Place Des Fosses De La Ville,MObiVE,44.409391,0.218302,,Public - Pay At Location,0
165706,VILLENEUVE SUR LOT - Parking République,MObiVE,44.408772,0.706495,,Public - Pay At Location,0
165705,VALLON PONT D ARC_Parking Néruda,eborn,44.406267,4.389944,,Public - Pay At Location,0
165704,VALLON PONT D ARC_Quartier Ratiere,eborn,44.406231,4.39753,,Public - Pay At Location,0
165703,LES VANS_Le Bourdaric,eborn,44.405268,4.128181,,Public - Pay At Location,0
165702,TOURNON D'AGENAIS - Parking Du Credit Agricole,MObiVE,44.40205,0.999401,,Public - Pay At Location,0
165701,SAINTE LIVRADE SUR LOT - Parking Gendarmerie,MObiVE,44.400085,0.586944,,Public - Pay At Location,0
165700,SAINTE LIVRADE SUR LOT - Faubourg Gardette,MObiVE,44.398442,0.591341,,Public - Pay At Location,0
165699,CASTELMORON SUR LOT - Parking Bransouillé,MObiVE,44.3974837,0.49302866,,Public - Pay At Location,0
165698,SAINTE SYLVESTRE SUR LOT - Parking Place Du Lot,MObiVE,44.396168,0.805496,,Public - Pay At Location,0
165697,BISCARROSSE - Parking Mairie,MObiVE,44.395639,-1.167335,,Public - Pay At Location,0
165696,PUJOLS - Parking Piscine Malbentre,MObiVE,44.3946815,0.6886499,,Public - Pay At Location,0
165695,PENNE D'AGENAIS - Parking Capitainerie,MObiVE,44.3941667,0.80666667,,Public - Pay At Location,0
165694,CHANDOLAS_Le Verdal,eborn,44.393373,4.23633,,Public - Pay At Location,0
165693,TONNEINS - Rue Ducourneau,MObiVE,44.391033,0.30878,,Public - Pay At Location,0
165692,GRIGNOLS - Rue Du Château D'Eau,MObiVE,44.3906116,-0.0414034,,Public - Pay At Location,0
165691,TONNEINS - Maréchal Foch,MObiVE,44.390132,0.310212,,Public - Pay At Location,0
165690,PUJOLS - Parking Mairie,MObiVE,44.386063,0.690809,,Public - Pay At Location,0
165689,BOUGLON - Parking Aire De Repos,MObiVE,44.3859298,0.1029085,,Public - Pay At Location,0
165688,PENNE D'AGENAIS - Théatre D'Eau,MObiVE,44.38476,0.810305,,Public - Pay At Location,0
165687,DAUSSE - Place Du 8 Mai 1945,MObiVE,44.3836111,0.89083333,,Public - Pay At Location,0
165686,BERRIAS ET CASTELJAU_Place Andrée Rouveyrol,eborn,44.373635,4.201782,,Public - Pay At Location,0
165685,BOURG ST ANDEOL_Place Jardin Neptune,eborn,44.367129,4.646727,,Public - Pay At Location,0
165684,BANNE_Lochere,eborn,44.366488,4.155203,,Public - Pay At Location,0
165683,BIDON_Le Village,eborn,44.366203,4.534159,,Public - Pay At Location,0
165682,CLAIRAC - Parking Tivoli,MObiVE,44.36061,0.376292,,Public - Pay At Location,0
165681,MOUSTEY - Parking De La Poste,MObiVE,44.35858055,-0.76152354,,Public - Pay At Location,0
165680,LABASTIDE DE VIRAC_Sous la Vielle,eborn,44.351686,4.399957,,Public - Pay At Location,0
165679,PARENTIS EN BORN - Allées Malichecq,MObiVE,44.3499298,-1.07159352,,Public - Pay At Location,0
165678,VAGNAS_Place de l'Eglise,eborn,44.345122,4.366008,,Public - Pay At Location,0
165677,YCHOUX - Parking De La Mairie Avenue Felix Arnaudin,MObiVE,44.32789993,-0.96217089,,Public - Pay At Location,0
165676,YCHOUX - Parking De Covoiturage Rue Felix Arnaudin,MObiVE,44.327574,-0.946732,,Public - Pay At Location,0
165675,SORE - Parking Place De La Poste,MObiVE,44.32295311,-0.581231797,,Public - Pay At Location,0
165674,ORGNAC L AVEN_Camp Redon,eborn,44.31816,4.413857,,Public - Pay At Location,0
165673,CASTELJALOUX - Place José Bes,MObiVE,44.313192,0.088177,,Public - Pay At Location,0
165672,AIGUILLON - Rue De Vise,MObiVE,44.3011111,0.34055556,,Public - Pay At Location,0
165671,ST SAUVEUR DE CRUZIERES_Fangaro,eborn,44.298979,4.254712,,Public - Pay At Location,0
165670,CASTELJALOUX - Lac De Clarens,MObiVE,44.29595243,0.071370253,,Public - Pay At Location,0
165669,AIGUILLON - Parking Avenue Jf Poncet,MObiVE,44.295475,0.339443,,Public - Pay At Location,0
165668,CAPTIEUX - PLACE DE L'EGLISE,MObiVE,44.29199951,-0.261003957,,Public - Pay At Location,0
165667,DAMAZAN - Salle Des Fêtes,MObiVE,44.291207,0.274231,,Public - Pay At Location,0
165666,PRAYSSAS - Place Avenue Jean Jaures,MObiVE,44.288911,0.509986,,Public - Pay At Location,0
165665,DAMAZAN - Parking Covoiturage,MObiVE,44.28681358,0.270507411,,Public - Pay At Location,0
165664,LAROQUE TIMBAUT - Place De L'Hôtel De Ville,MObiVE,44.2830556,0.76361111,,Public - Pay At Location,0
165663,BEAUVILLE - Place Carré,MObiVE,44.277364,0.882228,,Public - Pay At Location,0
165662,BUZET SUR BAÏSE - Parking Du Marché,MObiVE,44.258471,0.2993748,,Public - Pay At Location,0
165661,PORT SAINTE MARIE - Parking Rue Pasteur,MObiVE,44.2497222,0.39916667,,Public - Pay At Location,0
165660,FOULAYRONNES - ZAE Foulayronnes,MObiVE,44.245252,0.640469,,Public - Pay At Location,0
165659,PONTENX - Parking Eglise,MObiVE,44.24158182,-1.121237129,,Public - Pay At Location,0
165658,FOULAYRONNES - Place Du Marché,MObiVE,44.238673,0.644147,,Public - Pay At Location,0
165657,PONT-DU-CASSE - Parking Centre Bourg,MObiVE,44.23138,0.681062,,Public - Pay At Location,0
165656,LUE - Parking Mairie,MObiVE,44.23101848,-0.98515708,,Public - Pay At Location,0
165655,PONT-DU-CASSE - Parking Centre Commercial,MObiVE,44.230486,0.67833,,Public - Pay At Location,0
165654,SAINT-HILAIRE DE LUSIGNAN - Place De La Mairie,MObiVE,44.225597,0.513095,,Public - Pay At Location,0
165653,FEUGAROLLES - Parking De La Mairie,MObiVE,44.222727,0.347643,,Public - Pay At Location,0
165652,COLAYRAC - Place De La Mairie,MObiVE,44.22178,0.554053,,Public - Pay At Location,0
165651,COLAYRAC - Place Maurice Tisserand,MObiVE,44.220076,0.552938,,Public - Pay At Location,0
165650,MIMIZAN - Parking Segosa,MObiVE,44.21330261,-1.292032003,,Public - Pay At Location,0
165649,LABOUHEYRE - Parking De La Gare,MObiVE,44.21160126,-0.92024368,,Public - Pay At Location,0
165648,AGEN - Monseigneur Pouzet - côté cathédrale,MObiVE,44.206919,0.619786,,Public - Pay At Location,0
165647,AGEN - Monseigneur Pouzet - côté Carnot,MObiVE,44.206849,0.619894,,Public - Pay At Location,0
165646,AGEN - Parking Cinéma,MObiVE,44.20568,0.627324,,Public - Pay At Location,0
165645,AGEN - Général De Gaulle - Grand Café Foy,MObiVE,44.203744,0.611923,,Public - Pay At Location,0
165644,AGEN - Général De Gaulle - Contrepoint,MObiVE,44.203403,0.611634,,Public - Pay At Location,0
165643,MIMIZAN - Rue Du Jardin Public,MObiVE,44.20258837,-1.22732209,,Public - Pay At Location,0
165642,LE PASSAGE - Place De La République,MObiVE,44.201248,0.606086,,Public - Pay At Location,0
165641,AGEN - SDEE47,MObiVE,44.200529,0.61978,,Bilinmiyor,0
165640,AGEN - Place Fallières,MObiVE,44.199536,0.616936,,Public - Pay At Location,0
165639,LE PASSAGE - Allée Du Luxembourg,MObiVE,44.194826,0.603436,,Public - Pay At Location,0
165638,SAINTE COLOMBE EN BRUILHOIS - Carrere De Brax,MObiVE,44.1944117,0.5424538,,Public - Pay At Location,0
165637,LE PASSAGE - Placette Ricard,MObiVE,44.1928,0.604511,,Public - Pay At Location,0
165636,AGEN - Rue De Sevin,MObiVE,44.191931,0.616868,,Public - Pay At Location,0
165635,LE PASSAGE - Rue Anatole France,MObiVE,44.190452,0.5974,,Public - Pay At Location,0
165634,BON ENCONTRE - Parking Redon,MObiVE,44.190346,0.656492,,Public - Pay At Location,0
165633,BON ENCONTRE - Square Bir Hakeim,MObiVE,44.186966,0.669306,,Public - Pay At Location,0
165632,BON ENCONTRE - Mascaron Basilique,MObiVE,44.186228,0.67219,,Public - Pay At Location,0
165631,BON ENCONTRE - Parking Tortis,MObiVE,44.186149,0.676419,,Public - Pay At Location,0
165630,BOE - Chemin Des Écoliers,MObiVE,44.1813889,0.66388889,,Public - Pay At Location,0
165629,BOE - Rue Rigoulet,MObiVE,44.179936,0.6303479,,Public - Pay At Location,0
165628,LAVARDAC - Place Du Foirail,MObiVE,44.1791667,0.29861111,,Public - Pay At Location,0
165627,SAINTE COLOMBE EN BRUILHOIS - Pole Sportif Bécade,MObiVE,44.1788889,0.51694444,,Public - Pay At Location,0
165626,"""BOE - Z.A.C. De Gardes - RUE DE GARDES LIEU DIT 'ARTIGUELOUBE"""" """"""",Alizé Liberté,44.178115,0.637229,,Public - Pay At Location,0
165625,CASTELCULIER - Rue LesBoulbenes,MObiVE,44.175272,0.689687,,Public - Pay At Location,0
165624,TotalEnergies - Relais Passage d'Agen,TotalEnergies (FR),44.17085815,0.608544946,Le Passage,Public,2
165623,BOE - Dojo,MObiVE,44.1708333,0.65555556,,Public - Pay At Location,0
165622,ESTILLAC - Place De La Mairie,MObiVE,44.168722,0.577217,,Public - Pay At Location,0
165621,BOE - Parking De La Mairie,MObiVE,44.160133,0.62705,,Public - Pay At Location,0
165620,ESCOURCE - Zone D'Activités,MObiVE,44.14580917,-0.972000778,,Public - Pay At Location,0
165619,MOIRAX - Place Du Bruilhois,MObiVE,44.141378,0.609229,,Public - Pay At Location,0
165618,NÉRAC - Le Pin,MObiVE,44.13788936,0.33349757,,Public - Pay At Location,0
165617,NÉRAC - Médiathèque - Droite,MObiVE,44.13497504,0.34265,,Public - Pay At Location,0
165616,NÉRAC - Foirail - Gauche,MObiVE,44.13411648,0.335646272,,Public - Pay At Location,0
165615,LAYRAC - Rue Du 19 Mars 1962,MObiVE,44.132674,0.659898,,Public - Pay At Location,0
165614,CAUDECOSTE - Route De Gimbrede,MObiVE,44.1152778,0.7375,,Public - Pay At Location,0
165613,ASTAFFORT - Parking Plateau,MObiVE,44.063635,0.650561,,Public - Pay At Location,0
165612,SAINT JULIEN EN BORN - Parking Rue Des Ecoles,MObiVE,44.06321195,-1.227091366,,Public - Pay At Location,0
165611,MEZIN - Parking Piscine,MObiVE,44.056679,0.261792,,Public - Pay At Location,0
165610,MEZIN - Place Du Club,MObiVE,44.056006,0.256566,,Public - Pay At Location,0
165609,"LIT ET MIXE - Parking Arrière Mairie, Rue Des Arènes",MObiVE,44.0341301,-1.258726597,,Public - Pay At Location,0
165608,ROQUEFORT - Parking Square Jean Cailluye,MObiVE,44.03405541,-0.32054671,,Public - Pay At Location,0
165607,GARROSSE - Avenue De L Ocean,MObiVE,44.03067017,-0.924395912,,Public - Pay At Location,0
165606,GABARRET - Parking Rue Attenschwiller,MObiVE,43.98666114,0.00855217,,Public - Pay At Location,0
165605,SAINT JUSTIN - Parking Allée Gaston Phoebus,MObiVE,43.98000526,-0.23222302,,Public - Pay At Location,0
165604,LABASTIDE D'ARMAGNAC - Place Des Martyres,MObiVE,43.96896517,-0.18740367,,Public - Pay At Location,0
165603,Les Angles,Electric 55 Charging (FR),43.958037,4.764347,,Public - Pay At Location,0
165602,AVIGNON,Electric 55 Charging (FR),43.953885,4.823256,,Public - Pay At Location,0
165601,AVIGNON,Electric 55 Charging (FR),43.949122,4.800716,,Public - Pay At Location,0
165600,JONQUERETTE,Electric 55 Charging (FR),43.948856,4.933912,,Public - Pay At Location,0
165599,SAINT MARTIN D'ONEY - Parking Place,MObiVE,43.928137,-0.64104069,,Public - Pay At Location,0
165598,RION DES LANDES - Place Guillaume (Fronton),MObiVE,43.91973114,-0.91823816,,Public - Pay At Location,0
165597,MONT DE MARSAN - Médiathèque,MObiVE,43.89654159,-0.49180096,,Public - Pay At Location,0
165596,MONT DE MARSAN - Parking CFA Mont de Marsan,MObiVE,43.89562965,-0.459354042,,Public - Pay At Location,0
165595,MONT DE MARSAN - Place De La Douze,MObiVE,43.89361954,-0.497181565,,Public - Pay At Location,0
165594,VILLENEUVE DE MARSAN - Place De La Boiterie,MObiVE,43.89185715,-0.302908242,,Public - Pay At Location,0
165593,MONT DE MARSAN - Parking Lycée Jean Rostand,MObiVE,43.88692696,-0.502202064,,Public - Pay At Location,0
165592,MONT DE MARSAN - Parking Pole D'Echange Multimodal,MObiVE,43.8849144,-0.503016472,,Public - Pay At Location,0
165591,CASTETS - Parking Mairie,MObiVE,43.88217608,-1.144952308,,Public - Pay At Location,0
165590,SAINT PIERRE DU MONT - Parking Mairie,MObiVE,43.8818119,-0.51934394,,Public - Pay At Location,0
165589,LEON - Place De L'Abbé Dulong,MObiVE,43.87606388,-1.30344277,,Public - Pay At Location,0
165588,SAINT PERDON - Rue De L'Eglise-Parking Mairie,MObiVE,43.8649701,-0.59110607,,Public - Pay At Location,0
165587,MOLIETS - Avenue De L'Océan,MObiVE,43.85149384,-1.385065794,,Public - Pay At Location,0
165586,MOLIETS - Parking Du Tennis,MObiVE,43.84949665,-1.359457982,,Public - Pay At Location,0
165585,TARTAS - Rue Léon Blum,MObiVE,43.83513259,-0.81418085,,Public - Pay At Location,0
165584,BENQUET - Parking Ecole,MObiVE,43.82895482,-0.50120339,,Public - Pay At Location,0
165583,Sivergues,Electric 55 Charging (FR),43.82887,5.403812,,Public - Pay At Location,0
165582,MESSANGES - Route Des Lacs,MObiVE,43.81494904,-1.378625989,,Public - Pay At Location,0
165581,VIEUX BOUCAU - Parking Plage - Avenue Bremontier,MObiVE,43.78825332,-1.41012465,,Public - Pay At Location,0
165580,"PONTONX SUR ADOUR - Rue De Baluhec,Parking Des Arênes",MObiVE,43.78764259,-0.92296945,,Public - Pay At Location,0
165579,VIEUX BOUCAU - Avenue De La Liberté,MObiVE,43.78672302,-1.40224677,,Public - Pay At Location,0
165578,MAGESCQ - Aire De Covoiturage,MObiVE,43.77866053,-1.21337672,,Public - Pay At Location,0
165577,GRENADE SUR ADOUR - Avenue De Hesingue,MObiVE,43.77366257,-0.428460389,,Public - Pay At Location,0
165576,SAINT SULPICE LA POINTE - ZA LES CADAUX LIEU DIT LES CADAUX,Alizé Liberté,43.760885,1.712163,,Public - Pay At Location,0
165575,SAINT SEVER - Place Du Tribunal,MObiVE,43.76036835,-0.57284498,,Public - Pay At Location,0
165574,SOUSTONS - Parking Labouyrie,MObiVE,43.75444087,-1.32883488,,Public - Pay At Location,0
165573,SOUSTONS - Parking Salle Roger Hanin,MObiVE,43.7516861,-1.325919509,,Public - Pay At Location,0
165572,MUGRON - Parking Place Rue Ducasse,MObiVE,43.75027755,-0.74915557,,Public - Pay At Location,0
165571,LA TURBIE - Place Neuve,Alizé Liberté,43.744711,7.399986,,Public - Pay At Location,0
165570,SAINT PAUL LES DAX - Parking Lac De Christus,MObiVE,43.72776794,-1.064402461,,Public - Pay At Location,0
165569,SAINT PAUL LES DAX - Gymnase De Lingres,MObiVE,43.72621536,-1.044376373,,Public - Pay At Location,0
165568,SAINT PAUL LES DAX - Parking Jean Oddos,MObiVE,43.72582245,-1.052638888,,Public - Pay At Location,0
165567,SAINT PAUL LES DAX - Rue André Fourcade,MObiVE,43.72305765,-1.05209564,,Public - Pay At Location,0
165566,MEES - ROUTE DU CLEDON,Alizé Liberté,43.717272,-1.13623,,Public - Pay At Location,0
165565,DAX - Parking De La Tannerie,MObiVE,43.7149353,-1.053255081,,Public - Pay At Location,0
165564,DAX - Quartier Du Sablar,MObiVE,43.71314142,-1.055700034,,Public - Pay At Location,0
165563,DAX - Hopital,MObiVE,43.71103287,-1.04190135,,Public - Pay At Location,0
165562,MONTFORT EN CHALOSSE - Parking Coopérative - Face Gendarmerie,MObiVE,43.7101059,-0.833645463,,Public - Pay At Location,0
165561,DAX - Place St Pierre,MObiVE,43.70918655,-1.049525261,,Public - Pay At Location,0
165560,DAX - Place Camille Bouvet,MObiVE,43.70896912,-1.055476069,,Public - Pay At Location,0
165559,SAINT GEOURS DE MARENNE - Rue Du Gave (Aygue Blue),MObiVE,43.70822525,-1.23330664,,Public - Pay At Location,0
165558,SEIGNOSSE - Place Victor Gentille,MObiVE,43.70820389,-1.43049489,,Public - Pay At Location,0
165557,DAX - Place De La Chalosse,MObiVE,43.70717621,-1.040466309,,Public - Pay At Location,0
165556,HINX - Place De La Mairie,MObiVE,43.70288467,-0.9276849,,Public - Pay At Location,0
165555,DAX - Rue De Tercis,MObiVE,43.69860663,-1.06615652,,Public - Pay At Location,0
165554,DAX - Place De La Torte- Rue Joseph De Laurens,MObiVE,43.69569397,-1.052169204,,Public - Pay At Location,0
165553,EYGUIERES - Avenue Saint Veredeme,Bilinmiyor,43.69299,5.026815,,Public - Pay At Location,0
165552,NARROSSE - Mairie,MObiVE,43.692861,-1.008743,,Public - Pay At Location,0
165551,PERTUIS - Place Granier,Bilinmiyor,43.692855,5.501983,,Public - Pay At Location,0
165550,TOSSE - Salle Des Sports,MObiVE,43.69235775,-1.330115099,,Public - Pay At Location,0
165549,SAINT GEOURS DE MARENNE - Parking Derriere Eglise,MObiVE,43.688267,-1.22876712,,Public - Pay At Location,0
165548,SOORTS HOSSEGOR - Avenue Des Charpentiers,MObiVE,43.67066574,-1.39072585,,Public - Pay At Location,0
165547,SAINT VINCENT DE TYROSSE - Rue Clairacq,MObiVE,43.66298599,-1.30691945,,Public - Pay At Location,0
165546,SOORTS HOSSEGOR - Boulevard De La Dune,MObiVE,43.66153717,-1.44272557,,Public - Pay At Location,0
165545,SAINT VINCENT DE TYROSSE - Avenue De Tourren,MObiVE,43.66124734,-1.314984916,,Public - Pay At Location,0
165544,HAGETMAU - Place Gramont,MObiVE,43.657413,-0.592122,Hagetmau,Public - Membership Required,2
165543,CAPBRETON - Parking Du Lac,MObiVE,43.653249,-1.439685,,Public - Pay At Location,0
165542,SDEYC - Parking Des Arênes,(Unknown Operator),43.652554,-0.59247,Hagetmau,Public - Membership Required,2
165541,PEYROLLES-EN-PROVENCE - Parking De L'Abreuvoir,(Unknown Operator),43.645533,5.584868,,Public - Pay At Location,0
165540,CAPBRETON - Avenue Du Marechal Leclerc,MObiVE,43.64505767,-1.432252645,,Public - Pay At Location,0
165539,JOSSE - Entree Parking Covoiturage,MObiVE,43.64021301,-1.224409223,,Public - Pay At Location,0
165538,SALON-DE-PROVENCE - 270 Rue Victor Grignard,Bilinmiyor,43.638515,5.056872,,Public - Pay At Location,0
165537,GEAUNE - Parking De La Piscine,MObiVE,43.63654951,-0.38038584,,Public - Pay At Location,0
165536,SALON-DE-PROVENCE - Avenue De Grans,Bilinmiyor,43.635131,5.090649,,Public - Pay At Location,0
165535,SAMADET - Parking Zone Commerciale,MObiVE,43.63461472,-0.487642121,,Public - Pay At Location,0
165534,BENESSE MARENNE - D28 Aire De Covoiturage,MObiVE,43.63103104,-1.396895527,,Public - Pay At Location,0
165533,Villeneuve Loubet  Parking Gare,Bilinmiyor,43.628931,7.133592,,Public - Pay At Location,0
165532,POMAREZ - Place De La Mairie,MObiVE,43.62865211,-0.82854986,,Public - Pay At Location,0
165531,Valbonne - Parking Nautipolis,Bilinmiyor,43.62566,7.054662,,Public - Pay At Location,0
165530,SAINT-CANNAT - Avenue Jean Moulin,(Unknown Operator),43.623065,5.299185,,Public - Pay At Location,0
165529,Grasse - Parking Hôpital,Bilinmiyor,43.620566,6.932883,,Public - Pay At Location,0
165528,SAINT LON LES MINES - Parking Superette,MObiVE,43.61354446,-1.12599647,,Public - Pay At Location,0
165527,SAUBRIGUES - Place De La Mairie,MObiVE,43.610507,-1.31280899,,Public - Pay At Location,0
165526,POUILLON - Parking Du Collège,MObiVE,43.60643768,-0.99687987,,Public - Pay At Location,0
165525,VENELLES - Avenue Maurice Plantier,Bilinmiyor,43.600001,5.486176,,Public - Pay At Location,0
165524,LABENNE - Parking Côté Presbytere,MObiVE,43.595454003818105,-1.4269285920086077,LABENNE,Public - Pay At Location,0
165523,AMOU - Avenue De La Gare,MObiVE,43.59122086,-0.749006689,,Public - Pay At Location,0
165522,MIRAMAS - Avenue De La République,Bilinmiyor,43.582842,5.003616,,Public - Pay At Location,0
165521,HABAS - Lotissement La Barraque,MObiVE,43.57119751,-0.928073347,,Public - Pay At Location,0
165520,Le Cannet - Parking Rocheville,Bilinmiyor,43.570099,7.005276,,Public - Pay At Location,0
165519,Le Cannet - Parking Palèstre,Bilinmiyor,43.568851,6.984026,,Public - Pay At Location,0
165518,ONDRES - Place Richard Feuillet,MObiVE,43.56206512,-1.446481228,,Public - Pay At Location,0
165517,GARLIN - Place Marcadieu,MObiVE,43.5585861,-0.273733,,Public - Pay At Location,0
165516,COUDOUX - Avenue De La République,Bilinmiyor,43.558456,5.253117,,Public - Pay At Location,0
165515,SAINTE MARIE DE GOSSE - Place Salle Isidore,MObiVE,43.55631256,-1.237677693,,Public - Pay At Location,0
165514,VAUVENARGUES - 5  Boulevard Moraliste,Bilinmiyor,43.555415,5.598967,,Public - Pay At Location,0
165513,SAULT DE NAVAILLES - Place De L'église,MObiVE,43.551067,-0.67319,,Public - Pay At Location,0
165512,Mandelieu Rond-Point de la Canardiere,Bilinmiyor,43.550339,6.94775,,Public - Pay At Location,0
165511,TARNOS - Parking Espace Bertin,MObiVE,43.54551277,-1.49181098,,Public - Pay At Location,0
165510,PEYREHORADE - Parking Arrière Piscine,MObiVE,43.54379657,-1.10154781,,Public - Pay At Location,0
165509,SAINT MARTIN DE SEIGNANX - Parking Super U,MObiVE,43.54179382,-1.386023044,,Public - Pay At Location,0
165508,ARZACQ  - Place Marcadieu,MObiVE,43.534475,-0.410083,,Public - Pay At Location,0
165507,ANGLET - Parking Vert Izardia,MObiVE,43.526861,-1.52123,,Public - Pay At Location,0
165506,ISTRES - Bayanne,Bilinmiyor,43.526777,4.955317,,Public - Pay At Location,0
165505,PUYOO - Place De La Mairie,MObiVE,43.526647,-0.915612,,Public - Pay At Location,0
165504,PUYLOUBIER - Avenue Du Chemin Neuf,Bilinmiyor,43.524756,5.673313,,Public - Pay At Location,0
165503,BOUCAU - Place Semard,MObiVE,43.523515,-1.490235,,Public - Pay At Location,0
165502,LE THOLONET - 664 Avenue Paul Julien,Bilinmiyor,43.510783,5.487714,,Public - Pay At Location,0
165501,ISTRES - Gymnase Donadieu,Bilinmiyor,43.507643,4.988791,,Public - Pay At Location,0
165500,ANGLET - Plaine Du Maharin,MObiVE,43.500191,-1.512033,,Public - Pay At Location,0
165499,ANGLET - Parking Des Dauphins,MObiVE,43.499856,-1.542654,,Public - Pay At Location,0
165498,BAYONNE - Place Des Gascons,MObiVE,43.499332,-1.455062,,Public - Pay At Location,0
165497,BAYONNE - Quai De Lesseps,MObiVE,43.495883,-1.472567,,Public - Pay At Location,0
165496,URT - Place Du Marche,MObiVE,43.494445,-1.292284,,Public - Pay At Location,0
165495,ANGLET - Parking Paul Courbin,MObiVE,43.494271,-1.528599,,Public - Pay At Location,0
165494,BAYONNE - Place Albret,MObiVE,43.494068,-1.466206,,Public - Pay At Location,0
165493,BAYONNE - Rue Jules Labat,MObiVE,43.493511,-1.477648,,Public - Pay At Location,0
165492,BAYONNE - Square Leo Pouzac,MObiVE,43.491816,-1.470652,,Public - Pay At Location,0
165491,ORTHEZ - Place Brossers,MObiVE,43.48888,-0.77197,,Public - Pay At Location,0
165490,ORTHEZ - Place De La Mairie,MObiVE,43.48725,-0.77348,,Public - Pay At Location,0
165489,LAHONCE - Place Des Commerces,MObiVE,43.487185,-1.386753,,Public - Pay At Location,0
165488,BIARRITZ - Rue Raoul Follereau,MObiVE,43.486942,-1.548945,,Public - Pay At Location,0
165487,URCUIT - Parking De La Mairie,MObiVE,43.485745,-1.336469,,Public - Pay At Location,0
165486,ANGLET - Parking Quintaou,MObiVE,43.484076,-1.512736,,Public - Pay At Location,0
165485,BIDACHE - Allee Corisande,MObiVE,43.483562,-1.138647,,Public - Pay At Location,0
165484,ANGLET - Parking Service Technique,MObiVE,43.482129,-1.515348,,Public - Pay At Location,0
165483,BIARRITZ - Parking Gambetta,MObiVE,43.480666,-1.563354,,Public - Pay At Location,0
165482,BAYONNE - Rue Lasseguette,MObiVE,43.480653,-1.479587,,Public - Pay At Location,0
165481,BAYONNE  - Polo Beyris,MObiVE,43.479192,-1.498578,,Public - Pay At Location,0
165480,SAINT PIERRE D'IRUBE - Parking De La Poste,MObiVE,43.47879,-1.458963,,Public - Pay At Location,0
165479,BIARRITZ - Parking Floquet,MObiVE,43.477989,-1.554001,,Public - Pay At Location,0
165478,BIARRITZ - Rue Augusta,MObiVE,43.477183,-1.546907,,Public - Pay At Location,0
165477,BIARRITZ - Parking Beaurivage,MObiVE,43.476483,-1.565975,,Public - Pay At Location,0
165476,ISTRES - Complexe Sportif Davini,Bilinmiyor,43.476179,4.992584,,Public - Pay At Location,0
165475,BARDOS - Parking Du Stade,MObiVE,43.474678,-1.20519,,Public - Pay At Location,0
165474,SALIES DE BEARN - Parking Du Casino,MObiVE,43.47291,-0.9301,,Public - Pay At Location,0
165473,MOUGUERRE - Parking Haitz Ondo,MObiVE,43.468288,-1.420695,,Public - Pay At Location,0
165472,ARTHEZ DE BEARN - Place Du Palais,MObiVE,43.464344,-0.615299,,Public - Pay At Location,0
165471,BOUC-BEL-AIR - Impasse Des Acacias,Bilinmiyor,43.459768,5.41303,,Public - Pay At Location,0
165470,ST MAXIMIN LA STE BAUME_147 Chemin De La Glaciere,Bilinmiyor,43.4555,5.8643,,Public - Pay At Location,0
165469,VITROLLES - Quartier Du Lion,Bilinmiyor,43.454958,5.230562,,Public - Pay At Location,0
165468,GARDANNE - Parking De La Cité Administrative,Bilinmiyor,43.451656,5.47019,,Public - Pay At Location,0
165467,LEMBEYE - Place Marcadieu,MObiVE,43.4490639,-0.112355,,Public - Pay At Location,0
165466,PEYNIER - Avenue De La Garenne,Bilinmiyor,43.447876,5.639103,,Public - Pay At Location,0
165465,BASSUSSARY - Place Barthelemy,MObiVE,43.446562,-1.509453,,Public - Pay At Location,0
165464,MAZEROLLES - Route De Arzacq D32,MObiVE,43.445971,-0.470634,,Public - Pay At Location,0
165463,MAUBOURGUET - ZI DU MARMAJOU,Alizé Liberté,43.440936,0.046448,,Public - Pay At Location,0
165462,BIDART - Parking Du Lavoir,MObiVE,43.437927,-1.59103,,Public - Pay At Location,0
165461,ARCANGUES - Parking Du Trinquet,MObiVE,43.437334,-1.522298,,Public - Pay At Location,0
165460,VILLEFRANQUE - Chemin Bahunenia,MObiVE,43.436344,-1.454603,,Public - Pay At Location,0
165459,GARDANNE - Place De Biver,Bilinmiyor,43.434866,5.464812,,Public - Pay At Location,0
165458,MONT - Place de la mairie,MObiVE,43.433836,-0.651662,,Public - Pay At Location,0
165457,ARBONNES - Parking Mairie,MObiVE,43.43213,-1.550943,,Public - Pay At Location,0
165456,SIMIANE-COLLONGUE - 4 Rue Lambert,Bilinmiyor,43.429731,5.436711,,Public - Pay At Location,0
165455,LA BASTIDE DE CLAIRENCE - Parking Rd10,MObiVE,43.429482,-1.256211,,Public - Pay At Location,0
165454,GUETHARY - Parking Du Fronton,MObiVE,43.424665,-1.608876,,Public - Pay At Location,0
165453,SAINT-VICTORET - Rue Raymond Marin,Bilinmiyor,43.420631,5.235656,,Public - Pay At Location,0
165452,NAVAILLES ANGOS  - Rue Du Bourg,MObiVE,43.415914,-0.342253,,Public - Pay At Location,0
165451,SAINT-VICTORET - Boulevard Paul Liotard,Bilinmiyor,43.415533,5.24102,,Public - Pay At Location,0
165450,LACQ - Chemin Du Moulin,MObiVE,43.411995,-0.616958,,Public - Pay At Location,0
165449,LES PENNES-MIRABEAU - Parking D113,Bilinmiyor,43.410797,5.309629,,Public - Pay At Location,0
165448,SAUVAGNON - Place Du Champ De Foire,MObiVE,43.403502,-0.386747,,Public - Pay At Location,0
165447,SAUVETERRE - Rue Pasteur Rennes,MObiVE,43.400018,-0.940464,,Public - Pay At Location,0
165446,UZEIN - Place De La Musique,MObiVE,43.39959,-0.432928,,Public - Pay At Location,0
165445,USTARITZ - Place Du Château,MObiVE,43.397104,-1.455624,,Public - Pay At Location,0
165444,JATXOU - Place Des Sports,MObiVE,43.388065,-1.428592,,Public - Pay At Location,0
165443,SAINT JEAN DE LUZ - Parking Des Pyrénées,MObiVE,43.387048,-1.658076,,Public - Pay At Location,0
165442,HASPARREN - Place Harana,MObiVE,43.385556,-1.303562,,Public - Pay At Location,0
165441,SAINT JEAN DE LUZ - Parking Urdazuri,MObiVE,43.385005,-1.661432,,Public - Pay At Location,0
165440,Avenue François Mitterrand,MObiVE,43.38165378833884,-1.6647271467245446,Ciboure,Public - Pay At Location,0
165439,LAAS - Place De L'Eglise,MObiVE,43.381123,-0.850575,,Public - Pay At Location,0
165438,MARSEILLE-15E - Chemin Des Bourrely,Bilinmiyor,43.379781,5.361972,,Public - Pay At Location,0
165437,SERRES CASTET - Chemin De Liben,MObiVE,43.379721,-0.377164,,Public - Pay At Location,0
165436,SAINT CASTIN  - Route De Maucor,MObiVE,43.37807,-0.30609,,Public - Pay At Location,0
165435,CASTEIDE DOAT - Rue Simin Palay,MObiVE,43.375095,-0.013904,,Public - Pay At Location,0
165434,MARSEILLE-15E - 1 Place Alphonse Canovas,Bilinmiyor,43.371302,5.35584,,Public - Pay At Location,0
165433,MOURENX - Boulevard De La République,MObiVE,43.370915,-0.630113,,Public - Pay At Location,0
165432,MONTARDON - Chemin Lanots (Parking),MObiVE,43.369244,-0.348866,,Public - Pay At Location,0
165431,HENDAYE - Quai De La Floride,MObiVE,43.368277,-1.781185,,Public - Pay At Location,0
165430,URRUGNE - Parking D'Abbadie,MObiVE,43.363674,-1.697669,,Public - Pay At Location,0
165429,MARSEILLE-16E - 148 Plage De L'Estaque,Bilinmiyor,43.362236,5.309551,,Public - Pay At Location,0
165428,MARSEILLE-16E - Boulevard D'Annam,Bilinmiyor,43.361274,5.329846,,Public - Pay At Location,0
165427,DENGUIN - Place De La Mairie,MObiVE,43.361063,-0.510176,,Public - Pay At Location,0
165426,CAMBO LES BAINS - Place Sorhainde Borne 2,MObiVE,43.36083,-1.400544,,Public - Pay At Location,0
165425,URRUGNE - Parking Osasuna,MObiVE,43.360787,-1.698865,,Public - Pay At Location,0
165424,CAMBO - Place Sorhainde,MObiVE,43.360763,-1.400397,,Public - Pay At Location,0
165423,ALLAUCH - Avenue Jean Moulin -  Parking Fassanaro,Bilinmiyor,43.357858,5.488317,,Public - Pay At Location,0
165422,MARSEILLE-16E - 9 Rue Rabelais,Bilinmiyor,43.357724,5.337002,,Public - Pay At Location,0
165421,SAINT PEE SUR NIVELLE - Place Principale,MObiVE,43.353795,-1.549645,,Public - Pay At Location,0
165420,MARSEILLE-13E - 6 Chemin De Palama,Bilinmiyor,43.352498,5.437851,,Public - Pay At Location,0
165419,HENDAYE - Rue Lekueder,MObiVE,43.347189418691215,-1.772414098904278,,Public - Pay At Location,0
165418,POEY DE LESCAR - Zone Principale,MObiVE,43.346133,-0.478742,,Public - Pay At Location,0
165417,ASCAIN - Parking Xurio,MObiVE,43.345979,-1.618273,,Public - Pay At Location,0
165416,MORLAAS - Place De La Tour,MObiVE,43.344503,-0.264224,,Public - Pay At Location,0
165415,MARSEILLE-13E - Rue Frédéric Joliot Curie,Bilinmiyor,43.342681,5.436152,,Public - Pay At Location,0
165414,MARSEILLE-15E - 456 Rue De Lyon,Bilinmiyor,43.341629,5.360216,,Public - Pay At Location,0
165413,ESPELETTE - Parking Jaureguia,MObiVE,43.339203,-1.446297,,Public - Pay At Location,0
165412,MORLAAS - Parking Communauté de communes du Nord-Est Béarn,MObiVE,43.339057,-0.25093,,Public - Pay At Location,0
165411,MARSEILLE-15E - 35 Boulevard Bernabo,Bilinmiyor,43.338506,5.357061,,Public - Pay At Location,0
165410,ALLAUCH - Chemin Du Garlaban - Parking Monge,Bilinmiyor,43.336789,5.483673,,Public - Pay At Location,0
165409,ARBUS - Place Mairie,MObiVE,43.334592,-0.506672,,Public - Pay At Location,0
165408,MARSEILLE-15E - 5 Boulevard De La Méditerranée,Bilinmiyor,43.333326,5.363658,,Public - Pay At Location,0
165407,PAU - Parking Zénith 2,MObiVE,43.332509,-0.366184,,Public - Pay At Location,0
165406,MARSEILLE-14E - 9 Boulevard Gay Lussac,Bilinmiyor,43.332198,5.374552,,Public - Pay At Location,0
165405,MARSEILLE-13E - 45 Avenue De Saint-Jérôme,Bilinmiyor,43.329629,5.418971,,Public - Pay At Location,0
165404,Sainte-Maxime,Electric 55 Charging (FR),43.329318,6.616837,,Public - Pay At Location,0
165403,SAINT PALAIS - Rue Jean Urruty,MObiVE,43.328079,-1.03606,,Public - Pay At Location,0
165402,MARSEILLE-13E - 34 Avenue Laveran,Bilinmiyor,43.326733,5.413793,,Public - Pay At Location,0
165401,Sainte-Maxime,Electric 55 Charging (FR),43.325788,6.624927,,Public - Pay At Location,0
165400,PAU - Rue Thomas Edison,MObiVE,43.3250556,-0.3265,,Public - Pay At Location,0
165399,MARSEILLE-14E - 42 Boulevard Charles Moretti,Bilinmiyor,43.32494,5.382365,,Public - Pay At Location,0
165398,LONS - Mail De Coubertin,MObiVE,43.3245778,-0.3920111,,Public - Pay At Location,0
165397,NAVARRENX - Place Du Foirail,MObiVE,43.323806,-0.760931,,Public - Pay At Location,0
165396,LONS - Avenue Du Moulin,MObiVE,43.3236361,-0.3978027,,Public - Pay At Location,0
165395,MONEIN - Jardin Public,MObiVE,43.322564,-0.579099,,Public - Pay At Location,0
165394,MARSEILLE-13E - 101 Rue Alphonse Daudet,Bilinmiyor,43.320297,5.409596,,Public - Pay At Location,0
165393,MARSEILLE-12E - 365 Avenue De Montolivet,Bilinmiyor,43.318421,5.42204,,Public - Pay At Location,0
165392,MARSEILLE-13E - 61 Avenue De Saint-Just,Bilinmiyor,43.317055,5.404849,,Public - Pay At Location,0
165391,ARTIGUELOUVE - Place De La Mairie,MObiVE,43.31702,-0.475503,,Public - Pay At Location,0
165390,LOUHOSSOA - Parking De L'école,MObiVE,43.316138,-1.350442,,Public - Pay At Location,0
165389,MARSEILLE-3E - 418 Rue René Cassin,Bilinmiyor,43.315151,5.372985,,Public - Pay At Location,0
165388,BILLERE - Avenue Du Tonkin,MObiVE,43.314882,-0.384321,,Public - Pay At Location,0
165387,Sainte-Maxime,Electric 55 Charging (FR),43.314845,6.633743,,Public - Pay At Location,0
165386,SARE - Parking Annexe De La Mairie,MObiVE,43.31342,-1.579401,,Public - Pay At Location,0
165385,MARSEILLE-3E - 71 Avenue Roger Salengro,Bilinmiyor,43.312827,5.37159,,Public - Pay At Location,0
165384,MARSEILLE-12E - 3 Avenue Des Trois Lucs,Bilinmiyor,43.312781,5.464186,,Public - Pay At Location,0
165383,MARSEILLE-3E - 14 Rue Chanterac,Bilinmiyor,43.312724,5.369957,,Public - Pay At Location,0
165382,MARSEILLE-12E - 31 Avenue Fernandel,Bilinmiyor,43.312251,5.449793,,Public - Pay At Location,0
165381,PAU - Rue Lavoisier Centre Kennedy,MObiVE,43.310793,-0.365129,,Public - Pay At Location,0
165380,Sainte-Maxime,Electric 55 Charging (FR),43.310428,6.634794,,Public - Pay At Location,0
165379,MARSEILLE-3E - 20 Rue Désirée Clary,Bilinmiyor,43.309042,5.371379,,Public - Pay At Location,0
165378,AGDE - Rue Victor De Moléon,Alizé Liberté,43.308301,3.492863,,Public - Pay At Location,0
165377,MARSEILLE-2E - 29 Boulevard De Dunkerque,Bilinmiyor,43.308184,5.367851,,Public - Pay At Location,0
165376,HELETTE - Parking D645 Mairie,MObiVE,43.306766,-1.244016,,Public - Pay At Location,0
165375,MARSEILLE-1E - 11 Boulevard Montricher,Bilinmiyor,43.304651,5.39319,,Public - Pay At Location,0
165374,MARSEILLE-12E - Avenue Des Caillols,Bilinmiyor,43.303279,5.450343,,Public - Pay At Location,0
165373,PAU - Place Du Foirail,MObiVE,43.302959,-0.370207,,Public - Pay At Location,0
165372,BILLERE - Allée Montesquieu,MObiVE,43.302117,-0.398105,,Public - Pay At Location,0
165371,MARSEILLE-2E - 1 Rue Jean François Leca,Bilinmiyor,43.301462,5.368833,,Public - Pay At Location,0
165370,MARSEILLE-1E - 14 Allée Léon Gambetta,Bilinmiyor,43.299055,5.38179,,Public - Pay At Location,0
165369,MARSEILLE-2E - 38 Rue De L'Evêché,Bilinmiyor,43.298904,5.366179,,Public - Pay At Location,0
165368,MARSEILLE-11E - 270 Route Des 3Lucs  La Valentine,Bilinmiyor,43.298393,5.481858,,Public - Pay At Location,0
165367,MARSEILLE-2E - 8 Rue De La Loge,Bilinmiyor,43.296597,5.370829,,Public - Pay At Location,0
165366,PAU - Avenue Nitot,MObiVE,43.295142,-0.354209,,Public - Pay At Location,0
165365,GEMENOS - D396,Bilinmiyor,43.293444,5.627451,,Public - Pay At Location,0
165364,MARSEILLE-7E - 85 Boulevard Charles Livon,Bilinmiyor,43.291969,5.358481,,Public - Pay At Location,0
165363,MARSEILLE-1E - 90 Rue Grignan,Bilinmiyor,43.29145,5.373858,,Public - Pay At Location,0
165362,AUBAGNE - Avenue Des Surs Gastine,Bilinmiyor,43.29134,5.56348,,Public - Pay At Location,0
165361,MARSEILLE-7E - 7 Place Saint-Victor,Bilinmiyor,43.290685,5.366079,,Public - Pay At Location,0
165360,MARSEILLE-11E - Boulevard Pierre Ménard,Bilinmiyor,43.290268,5.439112,,Public - Pay At Location,0
165359,AUBAGNE - 22 Avenue De Verdun,Bilinmiyor,43.288849,5.57308,,Public - Pay At Location,0
165358,MARSEILLE-11E - 71 Boulevard Saint-Marcel,Bilinmiyor,43.288847,5.459582,,Public - Pay At Location,0
165357,BIZANOS - Rue Georges Clémenceau,MObiVE,43.2880611,-0.352839,,Public - Pay At Location,0
165356,AUBAGNE - Centre De Vie Agora,Bilinmiyor,43.287061,5.603132,,Public - Pay At Location,0
165355,MARSEILLE-7E - 12 Place Du Colonel Edon,Bilinmiyor,43.286242,5.370056,,Public - Pay At Location,0
165354,JURANCON  - Rue Louis Barthou,MObiVE,43.285932,-0.391359,,Public - Pay At Location,0
165353,GELOS - Square Edouard Herriot,MObiVE,43.285103,-0.370771,,Public - Pay At Location,0
165352,"AUBAGNE - 1465 Route Nationnale 8, Le Charrel",Bilinmiyor,43.284336,5.545049,,Public - Pay At Location,0
165351,OUSSE - Rue Des Pyrenees,MObiVE,43.28408,-0.268858,,Public - Pay At Location,0
165350,MARSEILLE-10E - 1 Rue Alfred Curtel,Bilinmiyor,43.280252,5.4082,,Public - Pay At Location,0
165349,MAZERES LEZONS - Rue Du Général De Gaulle,MObiVE,43.279402,-0.355827,,Public - Pay At Location,0
165348,MARSEILLE-10E - 3 Boulevard Rouvier,Bilinmiyor,43.279139,5.416769,,Public - Pay At Location,0
165347,ARTIGUELOUTAN - Rue De La Vallee De L'Ousse,MObiVE,43.275677,-0.249037,,Public - Pay At Location,0
165346,CUGES-LES-PINS - Chemin Du Cimetière,Bilinmiyor,43.274927,5.700573,,Public - Pay At Location,0
165345,PARKING DU PORT,Electric 55 Charging (FR),43.2704789,6.6353,,Public - Pay At Location,0
165344,MARSEILLE-10E - 1 Rue Gaston Berger,Bilinmiyor,43.268556,5.414278,,Public - Pay At Location,0
165343,SOUMOULOU - Rd817 Place De La Mairie,MObiVE,43.266114,-0.189169,,Public - Pay At Location,0
165342,BIDARRAY - Parking Antetxa,MObiVE,43.265264,-1.350787,,Public - Pay At Location,0
165341,Gassin,Electric 55 Charging (FR),43.262611,6.586437,,Public - Pay At Location,0
165340,AREN - Rue Carrère,MObiVE,43.260806,-0.689243,,Public - Pay At Location,0
165339,MARSEILLE-9E - Traverse De La Gaye,Bilinmiyor,43.258666,5.409066,,Public - Pay At Location,0
165338,MARSEILLE-9E - 83-81 Boulevard Du Redon,Bilinmiyor,43.253283,5.421871,,Public - Pay At Location,0
165337,GER - Parking Salle Polyvalente,MObiVE,43.252917,-0.052827,,Public - Pay At Location,0
165336,Cogolin,Electric 55 Charging (FR),43.251919,6.533656,,Public - Pay At Location,0
165335,Cogolin,Bilinmiyor,43.250659,6.534474,,Public - Pay At Location,0
165334,MARSEILLE-9E - 16 Rue Emile Zola,Bilinmiyor,43.24787,5.399622,,Public - Pay At Location,0
165333,ESPOEY - Route De Lourdes (Tennis),MObiVE,43.2452167,-0.1630527,,Public - Pay At Location,0
165332,OSSES - Parking Poche A Eau,MObiVE,43.234404,-1.298317,,Public - Pay At Location,0
165331,BORDES - Rte De Lourdes,MObiVE,43.2343972,-0.281022,,Public - Pay At Location,0
165330,GAN - Rue Louis Bidau,MObiVE,43.23161,-0.387803,,Public - Pay At Location,0
165329,CHERAUTE - Avenue Du Général Charles De Gaulle,MObiVE,43.231102,-0.877405,,Public - Pay At Location,0
165328,LARCEVEAU - Place De La Mairie,MObiVE,43.230894,-1.093103,,Public - Pay At Location,0
165327,LASSEUBE - Chemin Du Mourou,MObiVE,43.222602,-0.478445,,Public - Pay At Location,0
165326,BOSDARROS - Route Du Village,MObiVE,43.220954,-0.362168,,Public - Pay At Location,0
165325,MAULEON - Parking Du Jeu De Paume,MObiVE,43.22081,-0.8925,,Public - Pay At Location,0
165324,OLORON SAINTE MARIE - Parking De La Gare,MObiVE,43.19435,-0.612117,,Public - Pay At Location,0
165323,OLORON SAINTE MARIE - Place G. Clemenceau,MObiVE,43.193944,-0.604778,,Public - Pay At Location,0
165322,BENEJACQ - Impasse de la Fontaine,MObiVE,43.191564,-0.213154,,Public - Pay At Location,0
165321,PONTACQ - Rue Du Stade,MObiVE,43.184776,-0.113234,,Public - Pay At Location,0
165320,COARRAZE  - Rue De La Gare,MObiVE,43.1819056,-0.242255,,Public - Pay At Location,0
165319,SAINT ETIENNE DE BAIGORRY - Parking Mairie,MObiVE,43.178416,-1.340355,,Public - Pay At Location,0
165318,NAY - Place Du 8 Mai 1945,MObiVE,43.178398,-0.260889,,Public - Pay At Location,0
165317,SAINT JEAN PIED DE PORT - Parking Jai Alai,MObiVE,43.165532,-1.233588,,Public - Pay At Location,0
165316,OGEU LES BAINS  - Avenue De Pau,MObiVE,43.153542,-0.502143,,Public - Pay At Location,0
165315,ASSON - Avenue Des Pyrénées,MObiVE,43.1421,-0.25735,,Public - Pay At Location,0
165314,TOULON_Place Du Colonel Bonnier,Bilinmiyor,43.1287,5.9105,,Public - Pay At Location,0
165313,TOULON_Avenue F.Lesseps,Bilinmiyor,43.1262,5.9389,,Public - Pay At Location,0
165312,MONTAUT - Rue Des Annettes,MObiVE,43.125578,-0.199239,,Public - Pay At Location,0
165311,LA CRAU_Parking Place Maréchal Leclerc,Bilinmiyor,43.1205,6.0696,,Public - Pay At Location,0
165310,HYERES_Place Des Pêcheurs,Bilinmiyor,43.1165,6.2012,,Public - Pay At Location,0
165309,TARDETS - Parking Du Lavoir,MObiVE,43.116351,-0.864163,,Public - Pay At Location,0
165308,ARUDY - Rue Des Ecoles,MObiVE,43.10335,-0.429515,,Public - Pay At Location,0
165307,LA SEYNE SUR MER_Parking Parc Navale,Bilinmiyor,43.1016,5.8845,,Public - Pay At Location,0
165306,ARETTE - Route D'Issor,MObiVE,43.09505,-0.715234,,Public - Pay At Location,0
165305,BEDOUS - Rue Gambetta Parking Nord,MObiVE,43.000209,-0.601011,,Public - Pay At Location,0
165304,LARUNS - Parking Mediatheque,MObiVE,42.987435,-0.428099,,Public - Pay At Location,0
165303,ARETTE LA PIERRE SAINT MARTIN - Parking Office De Tourisme,MObiVE,42.977496,-0.744628,,Public - Pay At Location,0
165111,SYDEC Saint Avit,(Unknown Operator),43.91693166562237,-0.44943139721567604,Saint-Avit,Public - Membership Required,1
163752,Goncelin Rue de la Ventive,(Unknown Operator),45.34245252641054,5.976381997244289,Goncelin,Public - Membership Required,1
163267,Hôtel le Cavendish Cannes,Tesla (Tesla-only charging),43.555346,7.016827,Cannes,Public - Membership Required,1
162809,Saint-Etienne-De-Tinée - Chemin de l'Ardon,Izivia (Sodetrel),44.257015639397025,6.921892637455244,Saint-Étienne-de-Tinée,Public,2
162636,Tesla Supercharger Les Herbiers,Tesla (including non-tesla),46.889368,-1.032994,Les Herbiers,Public,8
162510,SIEG63 - ZA des Coustilles,Bilinmiyor,45.46034534507709,3.2551713428251787,Saint-Germain-Lembron,Public,1
162327,Parking Casino de Megève,(Unknown Operator),45.858352754775666,6.620106864292666,Megève,Public,1
162319,Proviridis Saint-Martin-de-Crau,ZEN (Zero Emission Network)/PROVIRIDIS,43.62734873484064,4.803403075844244,Saint-Martin-de-Crau,Public,2
162308,Domaine des Escaunes,Tesla (Tesla-only charging),43.910268,4.549234,Sernhac,Public - Membership Required,2
162302,La Ferme du Chateau de Pfastatt,(Business Owner at Location),47.761479,7.2999347,Pfastatt,Public - Membership Required,3
162181, CAMPINGPLATZ « CAMP DU DOMAINE »,(Business Owner at Location),43.11818178871826,6.351914207913978,Bormes-les-Mimosas,"Private - For Staff, Visitors or Customers",2
162124,Tesla Supercharger Angoulême,Tesla (including non-tesla),45.69450182505014,0.17891341929220062,Champniers,Public,14
161968,Piscine Ecuires,(Unknown Operator),50.4541595216227,1.757316389723428,Écuires,Public,1
161940,Nozay - Le Spot / Salle polyvalente,Bilinmiyor,47.57503638778891,-1.6207869206705254,NOZAY,Public,1
161264,Izivia - Intermarché Super Calais,Izivia (Sodetrel),50.946038554148686,1.8914671445147633,Calais,Public,1
161137,Rue de Chazeau,(Unknown Operator),45.37917448837106,4.276497355614879,Loire,Public - Membership Required,0
160923,Dartmoor Cottage,(Business Owner at Location),50.714336,2.667852,Merris,Public - Membership Required,1
160819,SYDEV - Angles,AAE,46.40574120693947,-1.3901088945187894,Angles,Public,1
160818,SYDEGO - Legé,(Unknown Operator),46.891753523857176,-1.6015840510769976,Legé,Public,1
160817,SYDEGO - PONT-ST-MARTIN,(Unknown Operator),47.11262420911996,-1.5405298349160148,Pont-Saint-Martin,Public,1
157673,Ionity Volvestre,Ionity,43.337933,1.245628,Capens,Public,5
157594,Lidl - Epernay ,(Unknown Operator),49.02603249168078,3.952436316403805,Épernay,Public,2
157461,Avenue de la Libération,(Unknown Operator),50.86638120482084,1.8606429756196121,Guînes,Public,2
157428,E-Totem - 2 Rue Antoine Laurent de Lavoisier,e-totem,46.133211,-1.095338,Aytré,Public - Membership Required,4
157303,Place Pradon,Bilinmiyor,44.98704687026458,4.57980113234953,Lamastre,Public,1
157301,Place Chantoisel,Bilinmiyor,45.0098985763741,4.393639407922365,Saint-Agrève,Public,2
156444,Route de Riez D952,Tesla (Tesla-only charging),43.845830838347354,6.220461491324272,Moustiers-Sainte-Marie,Private - Restricted Access,1
155866,Le Manoir des Montagnes,Tesla (Tesla-only charging),46.490649,6.095657,Les Rousses,Public - Membership Required,3
155638,Gare Tram-Train,Bilinmiyor,47.34246,-1.530352,Sucé Sur Erdre,Public,1
155376,Hotel Beau Site Talloires Lac d'Annecy,Tesla (Tesla-only charging),45.838534,6.214552,Talloires,Public - Notice Required,3
155350,E. Leclerc Saint-Grégoire,Izivia (Sodetrel),48.138980526708906,-1.685399001456176,Saint-Grégoire,Public,1
155326,HOTEL CASTEL BRANDO,(Unknown Operator),42.774343965401386,9.47428589104652,Brando,"Private - For Staff, Visitors or Customers",3
155206,Place du Château - Surgères,(Unknown Operator),46.10520533481804,-0.7525369338566179,Surgeres,Public,1
154961,"Place du Chateau, Jarnac",(Unknown Operator),45.678907335295804,-0.17425061303617895,Jarnac,Public,2
154960,"Pons, Charente-Maritime",(Unknown Operator),45.57801538995332,-0.5485054683532553,Pons,Public,1
154924,Maison de la Foret,(Unknown Operator),45.243669870348384,-0.27310289854540315,Montlieu-la-Garde,Public - Pay At Location,1
154487,Bousbecque - Parc,Bilinmiyor,50.771004,3.076908,,Public - Pay At Location,0
154486,Warneton - Route de Quesnoy,Bilinmiyor,50.748534,2.952477,,Public - Pay At Location,0
154485,Deûlémont - Parking Mairie,Bilinmiyor,50.735118,2.945258,,Public - Pay At Location,0
154484,BOULOGNE SUR MER - Eurvin,pass pass électrique,50.726433,1.616818,,Public - Pay At Location,0
154483,Frelinghien - Parking Mairie,Bilinmiyor,50.711773,2.93225,,Public - Pay At Location,0
154482,Verlinghem - Place de Mairie,Bilinmiyor,50.681383,2.995271,,Public - Pay At Location,0
154481,Erquinghem Lys - Parking de la Mairie,Bilinmiyor,50.677936,2.845534,,Public - Pay At Location,0
154480,Lompret - Eglise,Bilinmiyor,50.670213,2.989537,,Public - Pay At Location,0
154479,Lannoy - Rapheleng,Bilinmiyor,50.666526,3.211096,,Public - Pay At Location,0
154478,Toufflers - Rue des Ecoles,Bilinmiyor,50.660399,3.228508,,Public - Pay At Location,0
154477,Premesques - Eglise,Bilinmiyor,50.65543,2.951881,,Public - Pay At Location,0
154476,Sailly Lez Lannoy - Mairie,Bilinmiyor,50.648277,3.22222,,Public - Pay At Location,0
154475,Bois Grenier - Complexe sportif,Bilinmiyor,50.645613,2.877322,,Public - Pay At Location,0
154474,Capinghem - Mairie,Bilinmiyor,50.645086,2.965627,,Public - Pay At Location,0
154473,Forest sur Marque - Pergola,Bilinmiyor,50.636709,3.189922,,Public - Pay At Location,0
154472,Ennetières en Weppes - Complexe sportif,Bilinmiyor,50.635844,2.942131,,Public - Pay At Location,0
154471,Willems - Mairie,Bilinmiyor,50.631971,3.240236,,Public - Pay At Location,0
154470,Englos - Rue Paul Procureur,Bilinmiyor,50.628143,2.956267,,Public - Pay At Location,0
154469,Sequedin - Rue de Carpentras,Bilinmiyor,50.624002,2.985088,,Public - Pay At Location,0
154468,Escobèques - Tennis,Bilinmiyor,50.622205,2.931303,,Public - Pay At Location,0
154467,Radinghem en Weppes - Parking de la Mairie,Bilinmiyor,50.621906,2.905382,,Public - Pay At Location,0
154466,Tressin - Mairie,Bilinmiyor,50.61681,3.193225,,Public - Pay At Location,0
154465,Hallennes lez Haubourdin - Eglise,Bilinmiyor,50.615394,2.960664,,Public - Pay At Location,0
154464,Erquinghem le Sec - Rue de la Gare,Bilinmiyor,50.615171,2.928452,,Public - Pay At Location,0
154463,Baisieux - Mairie,Bilinmiyor,50.615109,3.240012,,Public - Pay At Location,0
154462,Lezennes - complexe sportif,Bilinmiyor,50.610265,3.115136,,Public - Pay At Location,0
154461,Chéreng - Complexe sportif,Bilinmiyor,50.608525,3.208113,,Public - Pay At Location,0
154460,Anstaing - Mairie,Bilinmiyor,50.606252,3.190342,,Public - Pay At Location,0
154459,Fromelles - Rue de Verdun,Bilinmiyor,50.60615,2.854173,,Public - Pay At Location,0
154458,Beaucamps Ligny - Salle des fêtes,Bilinmiyor,50.604311,2.916241,,Public - Pay At Location,0
154457,Gruson - Rue du Maréchal Leclerc,Bilinmiyor,50.596516,3.204439,,Public - Pay At Location,0
154456,Emmerin - Mairie,Bilinmiyor,50.593388,3.000196,,Public - Pay At Location,0
154455,Sainghin en Mélantois - Eglise,Bilinmiyor,50.58896,3.167262,,Public - Pay At Location,0
154454,Fournes en Weppes - de l'église,Bilinmiyor,50.583519,2.887749,,Public - Pay At Location,0
154453,Herlies - Mairie,Bilinmiyor,50.576707,2.853821,,Public - Pay At Location,0
154452,Vendeville - St Rita,Bilinmiyor,50.576415,3.080624,,Public - Pay At Location,0
154451,Noyelles Lez Seclin - Place Alexandre Gratte,Bilinmiyor,50.57625,3.01771,,Public - Pay At Location,0
154450,Templemars - salle des Fêtes,Bilinmiyor,50.571841,3.054466,,Public - Pay At Location,0
154449,Houplin - Médiathèque,Bilinmiyor,50.561569,3.000154,,Public - Pay At Location,0
154448,Illies - Mairie,Bilinmiyor,50.56099,2.831258,,Public - Pay At Location,0
154447,Fretin - cimetière,Bilinmiyor,50.560583,3.133606,,Public - Pay At Location,0
154446,Marquillies - Mairie,Bilinmiyor,50.557431,2.866748,,Public - Pay At Location,0
154445,Don - Mairie,Bilinmiyor,50.54793,2.920719,,Public - Pay At Location,0
154444,Salomé - Mairie,Bilinmiyor,50.535527,2.842418,,Public - Pay At Location,0
154443,Hantay - église,Bilinmiyor,50.533064,2.866815,,Public - Pay At Location,0
154442,Criel sur Mer - Plage,SDE76 (FR),50.03304,1.31615,,Public - Pay At Location,0
154441,0124 - Rue Th�odore Blot,Bilinmiyor,50.016753,3.787326,,Public - Pay At Location,0
154440,0118 - Rue Cyrille,Bilinmiyor,50.007447,3.696323,,Public - Pay At Location,0
154439,SAINT PIERRE EN VAL,SDE76 (FR),50.006191,1.43674,,Public - Pay At Location,0
154438,0097- place charles de Gaulle,Bilinmiyor,49.99713,3.308143,,Public - Pay At Location,0
154437,0048 - Parking du port fluvial,Bilinmiyor,49.99141,3.655216,,Public - Pay At Location,0
154436,0017 - rue du cimetière,Bilinmiyor,49.98639838,3.451711307,,Public - Pay At Location,0
154435,0126 - Rue Sainte Genevi�ve,Bilinmiyor,49.972911,3.919278,,Public - Pay At Location,0
154434,SDE76 - Petit-Caux - 9 Rue des Ecrelles,SDE76 (FR),49.95045,1.16411,Petit-Caux,Public,2
154433,0068 - parking rue laurent cavalier,Bilinmiyor,49.94640048,3.415899797,,Public - Pay At Location,0
154432,0066- Avenue Mar�chal Joffre,Bilinmiyor,49.927299,4.075371,,Public - Pay At Location,0
154431,0084 - Espace Rotonde le S�maphore,Bilinmiyor,49.908804,4.070447,,Public - Pay At Location,0
154430,0022 - Zac rue de l'Europe,Bilinmiyor,49.90555364,3.644980321,,Public - Pay At Location,0
154429,0055 - parking familistère,Bilinmiyor,49.90447875,3.627810477,,Public - Pay At Location,0
154428,SDE76 - Quiberville-sur-Mer - 51 Rue de la Saâne,SDE76 (FR),49.904149,0.92492,Quiberville-sur-Mer,Public,2
154427,0021 - place lesur,Bilinmiyor,49.89870135,3.628538346,,Public - Pay At Location,0
154426,Biville sur Mer,SDE76 (FR),49.896453,1.265101,,Public - Pay At Location,0
154425,SDE76 - Saint-Nicolas-d'Aliermont - 4 Rue de l'Église,SDE76 (FR),49.87861,1.22165,Saint-Nicolas-d'Aliermont,Public,0
154424,0085 - Place de l'H�tel de ville,Bilinmiyor,49.878226,3.150327,,Public - Pay At Location,0
154423,0049 - Place de la citoyenneté,Bilinmiyor,49.51394844,3.155577956,,Public - Pay At Location,0
154422,0015 - Avenue Archimède,Bilinmiyor,49.51222016,3.155467976,,Public - Pay At Location,0
154421,0008 - Square André Malraux,Bilinmiyor,49.85174202,3.276904666,,Public - Pay At Location,0
154420,Foucarmont,SDE76 (FR),49.84827,1.56877,,Public - Pay At Location,0
154419,0006 - Parking de la criée,Bilinmiyor,49.84773929,3.286222241,,Public - Pay At Location,0
154418,0009 - Square André Malraux,Bilinmiyor,49.50445708,3.165977732,,Public - Pay At Location,0
154417,0010 -Boulevard Gambetta,Bilinmiyor,49.51048599,3.174277265,,Public - Pay At Location,0
154416,0003 - GARE1,Bilinmiyor,49.84065743,3.298433003,,Public - Pay At Location,0
154415,0134 -place jean mermoz,Bilinmiyor,49.839848,3.488249,,Public - Pay At Location,0
154414,0007  - Piscine rue Lamartine,Bilinmiyor,49.839041,3.286017,,Public - Pay At Location,0
154413,0013 - Avenue Pierre Choquart,Bilinmiyor,49.50108582,3.194474313,,Public - Pay At Location,0
154412,0014 - Rue de Paris,Bilinmiyor,49.50845626,3.155721737,,Public - Pay At Location,0
154411,0012 - rue de la Fère,Bilinmiyor,49.50543683,3.182337838,,Public - Pay At Location,0
154410,0060 - UTAS de Saint Quentin,Bilinmiyor,49.83382,3.300917,,Public - Pay At Location,0
154409,0117 - Rue du G�n�ral Leclerc,Bilinmiyor,49.833014,3.903442,,Public - Pay At Location,0
154408,SDE76 - Londinières - 15 Route de Neufchâtel,SDE76 (FR),49.830497,1.403283,Londinières,Public,2
154407,SDE76 - Luneray - Chemin des Hortensias,SDE76 (FR),49.82804444,0.91151111,Luneray,Public,2
154406,0123 - Place H�tel de Ville,Bilinmiyor,49.82367,3.702376,,Public - Pay At Location,0
154405,SDE76 - Torcy-le-Petit - Route de Dieppe,SDE76 (FR),49.814997,1.172183,Torcy-le-Petit ,Public,2
154404,0072 - Rue Neuve,Bilinmiyor,49.80869221,3.343746636,,Public - Pay At Location,0
154403,0031 - Place du château,Bilinmiyor,49.79641497,3.458556332,,Public - Pay At Location,0
154402,Cany-Barville,SDE76 (FR),49.78829444,0.637575,,Public - Pay At Location,0
154401,SDE76 - Bacqueville-en-Caux - Place du Général de Gaulle,SDE76 (FR),49.786224,0.997472,Bacqueville-en-Caux,Public,2
154400,Aumale piscine,SDE76 (FR),49.769288,1.643907,,Public - Pay At Location,0
154399,FECAMP - VICOMTE,SDE76 (FR),49.761122,0.365779,,Public - Pay At Location,0
154398,0079 - circuit,Bilinmiyor,49.752428,3.218362,,Public - Pay At Location,0
154397,YPREVILLE BIVILLE,SDE76 (FR),49.741468,0.515949,,Public - Pay At Location,0
154396,Vattetot-sur-Mer,SDE76 (FR),49.73736667,0.31476389,,Public - Pay At Location,0
154395,0028 - Avenue de la Victoire,Bilinmiyor,49.73335854,3.245405801,,Public - Pay At Location,0
154394,0032 - Place de la Mairie,Bilinmiyor,49.72020433,4.090101591,,Public - Pay At Location,0
154393,Héricourt-en-Caux,SDE76 (FR),49.71971667,0.78748889,,Public - Pay At Location,0
154392,0032 - Place de la Mairie,Bilinmiyor,49.72020433,4.090101591,,Public - Pay At Location,0
154391,0086-Rue neuve,Bilinmiyor,49.696441,4.015469,,Public - Pay At Location,0
154390,0088-parking rue des roses,Bilinmiyor,49.695147,3.622926,,Public - Pay At Location,0
154389,0020 - Rue de l'Eglise,Bilinmiyor,49.68481474,3.452373439,,Public - Pay At Location,0
154388,LE TILLEUL,Izivia (Sodetrel),49.68426,0.202687,,Public - Pay At Location,0
154387,Tôtes,Izivia (Sodetrel),49.678975,1.04405833,,Public - Pay At Location,0
154386,ETOUTTEVILLE,Izivia (Sodetrel),49.676262,0.79002,,Public - Pay At Location,0
154385,Yerville,Izivia (Sodetrel),49.669462,0.896854,,Public - Pay At Location,0
154384,"Grandvilliers, Place Barbier",Freshmile,49.6646,1.93968,,Public - Pay At Location,0
154383,GODERVILLE,Izivia (Sodetrel),49.663693,0.392506,,Public - Pay At Location,0
154382,0065 - UTAS de La FERE,Bilinmiyor,49.66197074,3.368606062,,Public - Pay At Location,0
154381,Gaillefontaine,Izivia (Sodetrel),49.65249444,1.61588333,,Public - Pay At Location,0
154380,"Formerie, Albert Premier",Freshmile,49.6501,1.73085,,Public - Pay At Location,0
154379,"Feuquieres, Place du vieux marché",Freshmile,49.6478,1.84394,,Public - Pay At Location,0
154378,Criquetot-l'Esneval,Izivia (Sodetrel),49.640571,0.222402,,Public - Pay At Location,0
154377,0077 - Zac les Terrages,Bilinmiyor,49.63932434,3.25309273,,Public - Pay At Location,0
154376,Saint-Martin-Osmonville,Izivia (Sodetrel),49.63853889,1.29910278,,Public - Pay At Location,0
154375,"Breteuil, Paris",Freshmile,49.6323,2.29768,,Public - Pay At Location,0
154374,FORGES LES EAUX - PISCINE,Izivia (Sodetrel),49.613011,1.547185,,Public - Pay At Location,0
154373,0019 - Rue des Remparts,Bilinmiyor,49.61279126,3.220826714,,Public - Pay At Location,0
154372,0081 - Place Bailly,Bilinmiyor,49.609146,3.803009,,Public - Pay At Location,0
154371,0075 - Place Foch,Bilinmiyor,49.60780036,3.615714065,,Public - Pay At Location,0
154370,"Crevecœur-le-Grand , château",Freshmile,49.6076,2.07904,,Public - Pay At Location,0
154369,0071 - Parking Mairie rue Briquet,Bilinmiyor,49.604009,3.515397,,Public - Pay At Location,0
154368,Yebleron,SDE76 (FR),49.603601,0.628777,,Public - Pay At Location,0
154367,CAUVILLE SUR MER,Izivia (Sodetrel),49.59508,0.130374,,Public - Pay At Location,0
154366,0095 - Place Foch,Bilinmiyor,49.59499,3.381259,,Public - Pay At Location,0
154365,Beuzeville la Grenier,SDE76 (FR),49.584935,0.527887,,Public - Pay At Location,0
154364,0056 - Parking MDPH,Bilinmiyor,49.576465,3.594501,,Public - Pay At Location,0
154363,"Marseille-en-beauvaisis, Général Leclerc",Freshmile,49.5752,1.95532,,Public - Pay At Location,0
154362,0073 - Parking espace culturel,Bilinmiyor,49.57114244,3.885580803,,Public - Pay At Location,0
154361,0025 - Parking de la Gare,Bilinmiyor,49.57058236,3.624099153,,Public - Pay At Location,0
154360,27 - Place Victor Hugo,Bilinmiyor,49.57006092,3.633996116,,Public - Pay At Location,0
154359,"Froissy, Provinlieu",Freshmile,49.5676,2.22256,,Public - Pay At Location,0
154358,0076 - Piscine,Bilinmiyor,49.567432,3.651722,,Public - Pay At Location,0
154357,MESNIERES EN BRAY,SDE76 (FR),49.565649,0.25592,,Public - Pay At Location,0
154356,0023 - Place de l'hôtel de ville,Bilinmiyor,49.56485214,3.620405137,,Public - Pay At Location,0
154355,"Ansauvillers, Chaussée Brunehaut",Freshmile,49.5645,2.3842,,Public - Pay At Location,0
154354,0024 - Parking la Plaine,Bilinmiyor,49.56431481,3.629071994,,Public - Pay At Location,0
154353,Limésy,SDE76 (FR),49.56324722,1.00630278,,Public - Pay At Location,0
154352,0058 - promenade de la couloire,Bilinmiyor,49.561844,3.627316,,Public - Pay At Location,0
154351,0026 - Place Robert Aumont,Bilinmiyor,49.56132209,3.611212813,,Public - Pay At Location,0
154350,0057 - Parc Foch,Bilinmiyor,49.556729,3.603233,,Public - Pay At Location,0
154349,"Songeons, Général de Gaulle",Freshmile,49.5482,1.85392,,Public - Pay At Location,0
154348,LA CERLANGUE,SDE76 (FR),49.528097,0.411832,,Public - Pay At Location,0
154347,Villers Ecalles - Jean Moulin,SDE76 (FR),49.528086,0.931743,,Public - Pay At Location,0
154346,MALAUNAY - Route de Montville,Alizé Liberté,49.527744,1.044775,,Public - Pay At Location,0
154345,MALAUNAY - Place de la Mairie,Alizé Liberté,49.523666,1.040865,,Public - Pay At Location,0
154344,SAINT PAER - Rue de l'église,Alizé Liberté,49.516641,0.880119,,Public - Pay At Location,0
154343,0016 - Avenue Archimède,Bilinmiyor,49.51220656,3.155449543,,Public - Pay At Location,0
154342,0010 -Boulevard Gambetta,Bilinmiyor,49.51048599,3.174277265,,Public - Pay At Location,0
154341,ROUMARE,Izivia (Sodetrel),49.51048,0.97705,,Public - Pay At Location,0
154340,"Ribécourt Dreslincourt, République",Freshmile,49.5104,2.92314,,Public - Pay At Location,0
154339,0014 - Rue de Paris,Bilinmiyor,49.50845626,3.155721737,,Public - Pay At Location,0
154338,LE HOULME - Place des Canadiens,Alizé Liberté,49.506936,1.039363,,Public - Pay At Location,0
154337,Saint-Jean-du-Cardonnay,Izivia (Sodetrel),49.50685,1.00664444,,Public - Pay At Location,0
154336,"Saint-Just-en-Chaussée, Mairie",Freshmile,49.5055,2.43579,,Public - Pay At Location,0
154335,0012 - rue de la Fère,Bilinmiyor,49.50543683,3.182337838,,Public - Pay At Location,0
154334,0078 - Parking aigle noir,Bilinmiyor,49.504649,3.450753,,Public - Pay At Location,0
154333,0009 - Square André Malraux,Bilinmiyor,49.50445708,3.165977732,,Public - Pay At Location,0
154332,0011 - Avenue Léo Lagrange,Bilinmiyor,49.50336048,3.180136748,,Public - Pay At Location,0
154331,"Milly-sur-Thérain, Dieppe",Freshmile,49.5019,1.99773,,Public - Pay At Location,0
154330,0013 - Avenue Pierre Choquart,Bilinmiyor,49.50108582,3.194474313,,Public - Pay At Location,0
154329,0030 – Rue du 7ème BCA,Bilinmiyor,49.49789418,3.451041712,,Public - Pay At Location,0
154328,SAINT PIERRE DE VARENGEVILLE - Chemin de la Messe,Alizé Liberté,49.497306,0.928466,,Public - Pay At Location,0
154327,0116 - Rue de l'Eglise,Bilinmiyor,49.489895,3.557957,,Public - Pay At Location,0
154326,LE TRAIT - Amiral Ronarch,Alizé Liberté,49.485101,0.80646,,Public - Pay At Location,0
154325,MAROMME - Place Saint-Just,Alizé Liberté,49.48148826,1.041254997,,Public - Pay At Location,0
154324,BOIS GUILLAUME - Parking Rouges Terres,Alizé Liberté,49.480623,1.131256,,Public - Pay At Location,0
154323,MAROMME - Carrefour de la Demi Lune,Alizé Liberté,49.480571,1.047005,,Public - Pay At Location,0
154322,Norville,Izivia (Sodetrel),49.47634,0.63895,,Public - Pay At Location,0
154321,0063 - Axo Plage Le Moulinet,Bilinmiyor,49.47060637,3.554080909,,Public - Pay At Location,0
154320,0062 - Cap Aisne,Bilinmiyor,49.46989905,3.668968556,,Public - Pay At Location,0
154319,BOIS GUILLAUME - Rue de la Haie,Alizé Liberté,49.469128,1.117192,,Public - Pay At Location,0
154318,DEVILLE LES ROUEN - Place du Marché,Alizé Liberté,49.469096,1.050759,,Public - Pay At Location,0
154317,MONT SAINT AIGNAN - Parc de la Vatine,Alizé Liberté,49.47649716,1.094244719,,Public - Pay At Location,0
154316,900090,Bilinmiyor,49.467521,0.525036,,Public - Pay At Location,0
154315,Ferrières en Bray,SDE76 (FR),49.46383056,1.51535833,,Public - Pay At Location,0
154314,MONT SAINT AIGNAN - Rue Saint-Gilles,Alizé Liberté,49.4623541,1.078553796,,Public - Pay At Location,0
154313,"Tillé, salle des fêtes",Freshmile,49.4617,2.11208,,Public - Pay At Location,0
154312,Croisy sur Andelle,Izivia (Sodetrel),49.45881,1.39225,,Public - Pay At Location,0
154311,CANTELEU - Place Jean Jaurčs,Alizé Liberté,49.452111,1.036169,,Public - Pay At Location,0
154310,ROUEN - Parking Fond du Val,Alizé Liberté,49.45197,1.068603,,Public - Pay At Location,0
154309,ROUEN - Place du Boulingrin,Alizé Liberté,49.446753,1.107378,,Public - Pay At Location,0
154308,ROUEN - Mail Andrée Putman,Alizé Liberté,49.446,1.066778,,Public - Pay At Location,0
154307,ROUEN - Place de la Madeleine,Alizé Liberté,49.445077,1.080065,,Public - Pay At Location,0
154306,Lachapelle aux Pots,Freshmile,49.4442,1.90068,,Public - Pay At Location,0
154305,900015,Bilinmiyor,49.444076,1.382145,,Public - Pay At Location,0
154304,"Saint-Germer-de-Fly, l'Abbaye",Freshmile,49.4432,1.78179,,Public - Pay At Location,0
154303,DARNETAL - Place du General de Gaulle,Alizé Liberté,49.440618,1.144492,,Public - Pay At Location,0
154302,ROUEN - Hangar 106 - Borne n°1,Alizé Liberté,49.440045,1.075262,,Public - Pay At Location,0
154301,ROUEN - Quai du Havre,Alizé Liberté,49.439184,1.088285,,Public - Pay At Location,0
154300,ROUEN - Place Joffre,Alizé Liberté,49.435611,1.086847,,Public - Pay At Location,0
154299,"Beauvais, Parking Verdun",Freshmile,49.4345,2.08807,,Public - Pay At Location,0
154298,0133 -rue de proviseux,Bilinmiyor,49.433589,3.970726,,Public - Pay At Location,0
154296,"Beauvais, Antoine Loisel",Freshmile,49.4327,2.0787,,Public - Pay At Location,0
154295,"Beauvais, Parking Saint-Quentin",Freshmile,49.4321,2.07126,,Public - Pay At Location,0
154294,ROUEN - ILE LACROIX parking patinoire/piscine,Alizé Liberté,49.43150899,1.103541255,,Public - Pay At Location,0
154293,LE PETIT QUEVILLY - Mairie,Alizé Liberté,49.430465,1.052386,,Public - Pay At Location,0
154292,ROUEN - Place Saint Clément,Alizé Liberté,49.426441,1.077608,,Public - Pay At Location,0
154291,"Beauvais, Pont de Paris",Freshmile,49.4264,2.08214,,Public - Pay At Location,0
154290,Margny-lès-Compiègne,Freshmile,49.4243,2.81761,,Public - Pay At Location,0
154289,BONSECOURS - Rue de la Basilique,Alizé Liberté,49.421737,1.123004,,Public - Pay At Location,0
154288,"Compiègne, Gare",Freshmile,49.4214,2.82247,,Public - Pay At Location,0
154287,"Etouy, Crèvecoeur",Freshmile,49.42,2.3604,,Public - Pay At Location,0
154286,900017,Bilinmiyor,49.419466,1.556744,,Public - Pay At Location,0
154285,900028,Bilinmiyor,49.417993,0.397276,,Public - Pay At Location,0
154284,"Compiègne, Ecu",Freshmile,49.4175,2.82212,,Public - Pay At Location,0
154283,Venette,Freshmile,49.4154,2.80243,,Public - Pay At Location,0
154282,SOTTEVILLE-LES-ROUEN - Hôtel de ville,Alizé Liberté,49.41453312,1.089599133,,Public - Pay At Location,0
154281,"Le Coudray-Saint-Germer, Paul Dubois",Freshmile,49.4125,1.83395,,Public - Pay At Location,0
154280,LE MESNIL-SOUS-JUMIEGE - Place de l'école,Alizé Liberté,49.41191,0.859653,,Public - Pay At Location,0
154279,SOTTEVILLE-LES-ROUEN - place des Bruyčres,Alizé Liberté,49.4117934,1.0726583,,Public - Pay At Location,0
154278,0120 - Place Edouard Herriot,Bilinmiyor,49.41096,3.516168,,Public - Pay At Location,0
154277,GRAND QUEVILLY - Place des Provinces,Alizé Liberté,49.40940955,1.051983833,,Public - Pay At Location,0
154276,"Bresles, Condorcet",Freshmile,49.4081,2.2439,,Public - Pay At Location,0
154275,"Allonne, Zone Commerciale",Freshmile,49.4075,2.11224,,Public - Pay At Location,0
154274,0045 - rue Saint-Jean,Bilinmiyor,49.40723095,3.1182754,,Public - Pay At Location,0
154273,0080 - Rue des Ecoles,Bilinmiyor,49.40319295,3.899494689,,Public - Pay At Location,0
154272,AMFREVILLE LA MIEVOIE - Parking Municipal,Alizé Liberté,49.404201,1.123673,,Public - Pay At Location,0
154271,FRANQUEVILLE-SAINT-PIERRE - Avenue Coty,Alizé Liberté,49.400831,1.176106,,Public - Pay At Location,0
154270,0052 - Avenue François Mitterand,Bilinmiyor,49.40030814,3.32898344,,Public - Pay At Location,0
154269,0109 - avenue de la gare,Bilinmiyor,49.400126,3.114138,,Public - Pay At Location,0
154268,900018,Bilinmiyor,49.399683,1.479175,,Public - Pay At Location,0
154267,"Agnetz, Parking Bernard Laurent",Freshmile,49.3994,2.38393,,Public - Pay At Location,0
154266,"Fitz-James, Piscine",Freshmile,49.3984,2.42129,,Public - Pay At Location,0
154265,0034 - Piscine,Bilinmiyor,49.39413543,3.326699747,,Public - Pay At Location,0
154264,0104 - All�e du Jeu d'Arc,Bilinmiyor,49.392119,3.319871,,Public - Pay At Location,0
154263,0119-Ecoquartier,Bilinmiyor,49.391111,3.150136,,Public - Pay At Location,0
154262,900099,Bilinmiyor,49.390881,0.622742,,Public - Pay At Location,0
154261,0018 - Place du 29 Août 1994,Bilinmiyor,49.39023698,3.395633636,,Public - Pay At Location,0
154260,0131 - avenue de laon,Bilinmiyor,49.38857,3.336628,,Public - Pay At Location,0
154259,0001-Rue de Poulandon,Bilinmiyor,49.38776111,3.147182617,,Public - Pay At Location,0
154258,0130 - avenue de coucy,Bilinmiyor,49.387428,3.332628,,Public - Pay At Location,0
154257,"Clermont , Wenceslas Coutellier",Freshmile,49.3874,2.39929,,Public - Pay At Location,0
154256,0102 - Place Lamartine,Bilinmiyor,49.386446,3.316491,,Public - Pay At Location,0
154255,0092-parking angle quinette deviolaine,Bilinmiyor,49.385928,3.322303,,Public - Pay At Location,0
154254,0039 - Centre Culturel,Bilinmiyor,49.38581391,3.32809457,,Public - Pay At Location,0
154253,0050 - Rue de Reims,Bilinmiyor,49.38490253,3.439422,,Public - Pay At Location,0
154252,0035 - Bibliothèque,Bilinmiyor,49.38468306,3.328399903,,Public - Pay At Location,0
154251,0093-place Alsace Lorraine,Bilinmiyor,49.383648,3.335463,,Public - Pay At Location,0
154250,0059 - UTAS de Soissons,Bilinmiyor,49.38364232,3.326643053,,Public - Pay At Location,0
154249,"Bailleul-sur-Thérain, Maurice Segonds",Freshmile,49.3833,2.22365,,Public - Pay At Location,0
154248,0040 - Rue QUINQUET,Bilinmiyor,49.38325317,3.32778349,,Public - Pay At Location,0
154247,0042 - Place Saint christophe,Bilinmiyor,49.38210047,3.321505726,,Public - Pay At Location,0
154246,0037 - Rue du Beffroi,Bilinmiyor,49.38168357,3.326288724,,Public - Pay At Location,0
154245,0127 - avenue de compi�gne,Bilinmiyor,49.38141,3.311639,,Public - Pay At Location,0
154244,0128 - quartier maupas,Bilinmiyor,49.380689,3.305269,,Public - Pay At Location,0
154243,0041 - Place de l'évéché,Bilinmiyor,49.38026628,3.325881447,,Public - Pay At Location,0
154242,0110 - Parking des bains du lac,Bilinmiyor,49.379687,3.29882,,Public - Pay At Location,0
154241,0038 - Square Bonnenfant,Bilinmiyor,49.37922829,3.326501693,,Public - Pay At Location,0
154240,900091,Bilinmiyor,49.378795,0.731554,,Public - Pay At Location,0
154239,"Clermont , Place Wohburg",Freshmile,49.3781,2.41666,,Public - Pay At Location,0
154238,0091- Boulevard Jeanne d�arc,Bilinmiyor,49.377839,3.321658,,Public - Pay At Location,0
154237,0089 - Boulevard Gambetta,Bilinmiyor,49.377708,3.330959,,Public - Pay At Location,0
154236,0036 - Place Dauphine,Bilinmiyor,49.37759236,3.326242243,,Public - Pay At Location,0
154235,SAINT ETIENNE DU ROUVRAY - Gare,Alizé Liberté,49.377425,1.109396,,Public - Pay At Location,0
154234,0043 - Halte saint christophe,Bilinmiyor,49.37727221,3.311813954,,Public - Pay At Location,0
154232,0132 -avenue de paris,Bilinmiyor,49.376078,3.315769,,Public - Pay At Location,0
154231,0129 - place de la r�publique,Bilinmiyor,49.37595,3.329628,,Public - Pay At Location,0
154230,0101 -  Place Lino Ventura,Bilinmiyor,49.374659,3.306452,,Public - Pay At Location,0
154229,0106 - Boulevard Jeanne d'Arc Etats Unis,Bilinmiyor,49.374555,3.327769,,Public - Pay At Location,0
154228,0108 - Rue de Vaudrial,Bilinmiyor,49.374184,3.093481,,Public - Pay At Location,0
154227,0105 - Boulevard Jeanne d'Arc 78,Bilinmiyor,49.37384,3.323617,,Public - Pay At Location,0
154226,0099 - Parking de l'�glise r�surrection,Bilinmiyor,49.373751,3.309318,,Public - Pay At Location,0
154225,0044 - Centre médical,Bilinmiyor,49.37054951,3.336273415,,Public - Pay At Location,0
154224,0094 - Rue Marcel Paul,Bilinmiyor,49.365991,3.314632,,Public - Pay At Location,0
154223,"Breuil-le-Vert , Paris",Freshmile,49.3656,2.41971,,Public - Pay At Location,0
154222,0100 - Impasse Le Corbusier,Bilinmiyor,49.365518,3.31535,,Public - Pay At Location,0
154221,"Auneuil, Gymnase",Freshmile,49.3654,1.99012,,Public - Pay At Location,0
154220,0115 - Rue du Bac,Bilinmiyor,49.365281,3.541069,,Public - Pay At Location,0
154219,900042,Bilinmiyor,49.35987,1.356333,,Public - Pay At Location,0
154218,"Serifontaine, Tilleul",Freshmile,49.3591,1.77066,,Public - Pay At Location,0
154217,0107 - Rue de Septmonts,Bilinmiyor,49.358731,3.334916,,Public - Pay At Location,0
154216,900011,Bilinmiyor,49.35841,0.515229,,Public - Pay At Location,0
154215,GRAND COURONNE - Place de la République,Alizé Liberté,49.357614,1.008667,,Public - Pay At Location,0
154214,900002,Bilinmiyor,49.35578,0.518561,,Public - Pay At Location,0
154213,900098,Bilinmiyor,49.35421,0.817924,,Public - Pay At Location,0
154212,"Hermes , 11 novembre",Freshmile,49.3541,2.24296,,Public - Pay At Location,0
154211,900035,Bilinmiyor,49.351758,0.513936,,Public - Pay At Location,0
154210,LA BOUILLE - Allee des Saules,Alizé Liberté,49.350392,0.933086,,Public - Pay At Location,0
154209,"Saint-Sulpice, Chemin Vert",Freshmile,49.3468,2.11821,,Public - Pay At Location,0
154208,"Neuilly-sous-Clermont, Rue d'Auvillers",Freshmile,49.3464,2.40665,,Public - Pay At Location,0
154207,900029,Bilinmiyor,49.34592,0.344569,,Public - Pay At Location,0
154206,OISSEL - Gare,Alizé Liberté,49.342319,1.101331,,Public - Pay At Location,0
154205,MOULINEAUX - Rue Louis Moguen,Alizé Liberté,49.34200295,0.967220664,,Public - Pay At Location,0
154204,0002 - Place Charles de Gaulle,Bilinmiyor,49.3415397,3.531847316,,Public - Pay At Location,0
154203,900026,Bilinmiyor,49.335297,1.266925,,Public - Pay At Location,0
154202,"Rantigny, République",Freshmile,49.3294,2.44095,,Public - Pay At Location,0
154201,900044,Bilinmiyor,49.324463,1.219454,,Public - Pay At Location,0
154200,"Noailles, Paris",Freshmile,49.3232,2.20158,,Public - Pay At Location,0
154199,"Mouy, Pierre Semard",Freshmile,49.3204,2.3253,,Public - Pay At Location,0
154198,900025,Bilinmiyor,49.319537,1.156333,,Public - Pay At Location,0
154197,"Jouy-sous-Thelle, Saint-Michel",Freshmile,49.3181,1.97133,,Public - Pay At Location,0
154196,"Bury , Pillon Crouzet",Freshmile,49.3138,2.34366,,Public - Pay At Location,0
154195,CLEON - Place Saint Roch,Alizé Liberté,49.313386,1.032853,,Public - Pay At Location,0
154194,"Verberie, Ecole",Freshmile,49.3084,2.72718,,Public - Pay At Location,0
154193,900110,Bilinmiyor,49.303396,1.612974,,Public - Pay At Location,0
154192,900034,Bilinmiyor,49.30327,1.15578,,Public - Pay At Location,0
154191,SAINT AUBIN LES ELBEUF - Rue Pierre Saint Georges,Alizé Liberté,49.302889,1.009074,,Public - Pay At Location,0
154190,900089,Bilinmiyor,49.299502,0.874672,,Public - Pay At Location,0
154189,900050,Bilinmiyor,49.293963,0.659175,,Public - Pay At Location,0
154188,900066,Bilinmiyor,49.293602,0.951704,,Public - Pay At Location,0
154187,ELBEUF - Place Aristide Briand,Alizé Liberté,49.291155,1.006514,,Public - Pay At Location,0
154186,"Villers Saint-Paul, Albert Thomas",Freshmile,49.2911,2.50008,,Public - Pay At Location,0
154185,900093,Bilinmiyor,49.29076,1.478814,,Public - Pay At Location,0
154184,900092,Bilinmiyor,49.290671,0.922083,,Public - Pay At Location,0
154183,ELBEUF - Place de la Libération,Alizé Liberté,49.288847,1.006948,,Public - Pay At Location,0
154182,"Sainte-Geneviève, RN1",Freshmile,49.2886,2.20135,,Public - Pay At Location,0
154181,900104,Bilinmiyor,49.285445,1.206554,,Public - Pay At Location,0
154180,"Trie-Château, Nationale",Freshmile,49.2851,1.82146,,Public - Pay At Location,0
154179,ELBEUF - Fabrique des Savoirs,Alizé Liberté,49.284811,1.006577,,Public - Pay At Location,0
154178,CAUDEBEC LES ELBEUF - Emile Zola,Alizé Liberté,49.282331,1.018348,,Public - Pay At Location,0
154177,900023,Bilinmiyor,49.27973,0.43984,,Public - Pay At Location,0
154176,900111,Bilinmiyor,49.278682,1.777517,,Public - Pay At Location,0
154175,SAINT PIERRE LES ELBEUF - Rue Hélčne Boucher,Alizé Liberté,49.276567,1.041904,,Public - Pay At Location,0
154174,900063,Bilinmiyor,49.276345,1.761226,,Public - Pay At Location,0
154173,900108,Bilinmiyor,49.275684,1.224221,,Public - Pay At Location,0
154172,"Cire-lès-Mello, Mairie",Freshmile,49.2753,2.35848,,Public - Pay At Location,0
154171,"Nogent-sur-Oise, Mairie",Freshmile,49.275,2.46748,,Public - Pay At Location,0
154170,"Verneuil-en-Halatte, Piegaro",Freshmile,49.274,2.51699,,Public - Pay At Location,0
154169,900095,Bilinmiyor,49.27201,1.217491,,Public - Pay At Location,0
154168,900033,Bilinmiyor,49.271924,1.197021,,Public - Pay At Location,0
154167,0070 - parking mairie grande rue,Bilinmiyor,49.26988421,3.353581148,,Public - Pay At Location,0
154166,900100,Bilinmiyor,49.266036,0.939257,,Public - Pay At Location,0
154165,"Chaumont-en-Vexin, Foulerie",Freshmile,49.2642,1.88509,,Public - Pay At Location,0
154164,0064 - Caverne du Dragon,Bilinmiyor,49.2630061,3.436012312,,Public - Pay At Location,0
154163,"Creil, place Carnot",Freshmile,49.2623,2.47148,,Public - Pay At Location,0
154162,"Saint-Crépin-Ibouvillers, Europe",Freshmile,49.2623,2.07926,,Public - Pay At Location,0
154161,"Chaumont-en-Vexin, Gare",Freshmile,49.2613,1.87341,,Public - Pay At Location,0
154160,"Creil, 8 Mai",Freshmile,49.2603,2.4741,,Public - Pay At Location,0
154159,"Andeville, Jean-Jaurès",Freshmile,49.2591,2.16567,,Public - Pay At Location,0
154158,900064,Bilinmiyor,49.25644,1.20844,,Public - Pay At Location,0
154157,0113 - Parking Gendarmerie,Bilinmiyor,49.253889,3.088333,,Public - Pay At Location,0
154156,"Creil, Rencontres",Freshmile,49.252,2.48286,,Public - Pay At Location,0
154155,900045,Bilinmiyor,49.248609,1.187305,,Public - Pay At Location,0
154154,"Creil, Hôpital",Freshmile,49.2486,2.46236,,Public - Pay At Location,0
154153,900102,Bilinmiyor,49.248376,0.962192,,Public - Pay At Location,0
154152,900004,Bilinmiyor,49.24707,0.376949,,Public - Pay At Location,0
154151,900117,Bilinmiyor,49.245858,1.41371,,Public - Pay At Location,0
154150,Ionity Gueux,Ionity,49.2444077876024,3.924195407745515,Gueux,Public,5
154149,900039,Bilinmiyor,49.243902,0.584992,,Public - Pay At Location,0
154148,Ionity Vrigny,Ionity,49.242949359852446,3.9185261845619266,Vrigny,Public,5
154147,"Fleury, Moulins",Freshmile,49.2415,1.96835,,Public - Pay At Location,0
154146,0112 - Parking Place 8 mai 1945,Bilinmiyor,49.241432,3.081714,,Public - Pay At Location,0
154145,"Crépy-en-Valois, Jeu de Paume",Freshmile,49.2378,2.88831,,Public - Pay At Location,0
154144,900118,Bilinmiyor,49.23773,1.401083,,Public - Pay At Location,0
154143,"Méru, Charles Boudeville",Freshmile,49.2365,2.13594,,Public - Pay At Location,0
154142,0074-avenue du général Patton,Bilinmiyor,49.23565054,3.219130617,,Public - Pay At Location,0
154141,900072,Bilinmiyor,49.23479,1.612249,,Public - Pay At Location,0
154140,"Crépy-en-Valois, Parking Communauté",Freshmile,49.2341,2.90012,,Public - Pay At Location,0
154139,900094,Bilinmiyor,49.233117,0.719094,,Public - Pay At Location,0
154138,900096,Bilinmiyor,49.231282,1.22331,,Bilinmiyor,0
154137,900043,Bilinmiyor,49.230692,0.49855,,Public - Pay At Location,0
154136,"Ivry-le-Temple, Commanderie",Freshmile,49.2248,2.03334,,Public - Pay At Location,0
154135,"Neuilly-en-Thelle, Tiburce Lefèvre",Freshmile,49.2235,2.2869,,Public - Pay At Location,0
154134,900032,Bilinmiyor,49.223315,1.06483,,Public - Pay At Location,0
154133,"Saint-Maximin, 8 Mai 1945",Freshmile,49.2214,2.44549,,Public - Pay At Location,0
154131,"Saint-Leu-d'Esserent, République",Freshmile,49.2161,2.41841,,Public - Pay At Location,0
154130,900022,Bilinmiyor,49.213922,1.167038,,Public - Pay At Location,0
154129,900020,Bilinmiyor,49.211,1.17084,,Public - Pay At Location,0
154128,900121,Bilinmiyor,49.21079,1.16539,,Public - Pay At Location,0
154127,"Senlis, Yves Carlier",Freshmile,49.2088,2.579,,Public - Pay At Location,0
154126,"Villers-sous-Saint-Leu, Primevères",Freshmile,49.2075,2.39058,,Public - Pay At Location,0
154125,"Senlis, Cours Boutteville",Freshmile,49.2056,2.5905,,Public - Pay At Location,0
154124,0069 - parking de la mairie rue potel,Bilinmiyor,49.20432855,3.368214958,,Public - Pay At Location,0
154123,"Précy-sur-Oise, Gaston Wateau",Freshmile,49.204,2.37512,,Public - Pay At Location,0
154122,"Amblainville, Nationale",Freshmile,49.2017,2.11993,,Public - Pay At Location,0
154121,"Senlis, Ordener",Freshmile,49.2012,2.58248,,Public - Pay At Location,0
154120,"Bornel, Gambetta",Freshmile,49.1986,2.20703,,Public - Pay At Location,0
154119,900012,Bilinmiyor,49.197647,1.221452,,Public - Pay At Location,0
154118,900008,Bilinmiyor,49.196627,0.712047,,Public - Pay At Location,0
154117,900031,Bilinmiyor,49.195263,1.224898,,Public - Pay At Location,0
154116,"Lierville, La Frette",Freshmile,49.1951,1.87947,,Public - Pay At Location,0
154115,"Hermeray, Mairie",Freshmile,49.194,2.46569,,Public - Pay At Location,0
154114,900006,Bilinmiyor,49.19387,0.721077,,Public - Pay At Location,0
154113,"Gouvieux, Amic",Freshmile,49.1879,2.41503,,Public - Pay At Location,0
154112,900109,Bilinmiyor,49.185342,1.546146,,Public - Pay At Location,0
154111,"Le Mesnil-en-Thelle, Parc du Thelle",Freshmile,49.1781,2.28562,,Public - Pay At Location,0
154110,0114 - Place de l'Eglise,Bilinmiyor,49.170737,3.259815,,Public - Pay At Location,0
154109,"Boran-sur-Oise , Auchois Dupont",Freshmile,49.1666,2.36028,,Public - Pay At Location,0
154108,Bullion - Aulnettes,Freshmile,49.1656,2.24686,,Public - Pay At Location,0
154107,900005,Bilinmiyor,49.164969,1.341375,,Public - Pay At Location,0
154106,900122,Bilinmiyor,49.163115,1.34989,,Public - Pay At Location,0
154105,Cernay-la-Ville - Moulins,Freshmile,49.1598,2.25579,,Public - Pay At Location,0
154104,900055,Bilinmiyor,49.158001,1.605735,,Public - Pay At Location,0
154103,900059,Bilinmiyor,49.157966,1.34918,,Public - Pay At Location,0
154102,"Lamorlaye, Arcades",Freshmile,49.1547,2.4415,,Public - Pay At Location,0
154101,"Pontarme, Eglise",Freshmile,49.1544,2.55001,,Public - Pay At Location,0
154100,900067,Bilinmiyor,49.153238,0.673576,,Public - Pay At Location,0
154099,"Lamorlaye, Château",Freshmile,49.1528,2.44243,,Public - Pay At Location,0
154098,"Thiers-sur-Thève, Général de Gaulle",Freshmile,49.152,2.57219,,Public - Pay At Location,0
154097,900129,Bilinmiyor,49.150593,0.91013,,Public - Pay At Location,0
154096,900010,Bilinmiyor,49.141649,0.45836,,Public - Pay At Location,0
154095,"Coye-la-Forêt , cerfs",Freshmile,49.1405,2.4702,,Public - Pay At Location,0
154094,900097,Bilinmiyor,49.140422,1.120187,,Public - Pay At Location,0
154093,900086,Bilinmiyor,49.1394202,1.3175225,,Public - Pay At Location,0
154092,900009,Bilinmiyor,49.135919,0.457547,,Public - Pay At Location,0
154091,"Orry-la-Ville, 18 juin 1940",Freshmile,49.1303,2.515,,Public - Pay At Location,0
154090,"La Chapelle-en-Serval, Place Dauphiné",Freshmile,49.1273,2.53077,,Public - Pay At Location,0
154089,900065,Bilinmiyor,49.108212,0.709275,,Public - Pay At Location,0
154088,"Plailly, Vergers",Freshmile,49.1062,2.59313,,Public - Pay At Location,0
154087,900128,Bilinmiyor,49.103352,0.934779,,Public - Pay At Location,0
154086,900051,Bilinmiyor,49.101689,1.452088,,Public - Pay At Location,0
154085,"Le Plessis-Belleville, Georges Bataille",Freshmile,49.0953,2.75395,,Public - Pay At Location,0
154084,900048,Bilinmiyor,49.09347,1.483316,,Public - Pay At Location,0
154083,900052,Bilinmiyor,49.093379,1.605988,,Public - Pay At Location,0
154082,900037,Bilinmiyor,49.092874,1.485049,,Public - Pay At Location,0
154081,900016,Bilinmiyor,49.092359,1.489306,,Public - Pay At Location,0
154080,900013,Bilinmiyor,49.090911,0.601421,,Public - Pay At Location,0
154079,Crouy-sur-Ourcq,EcoCharge77,49.090664,3.068942,,Public - Pay At Location,0
154078,900054,Bilinmiyor,49.09016,1.485499,,Public - Pay At Location,0
154077,900062,Bilinmiyor,49.089329,0.597432,,Public - Pay At Location,0
154076,900027,Bilinmiyor,49.088719,0.592528,,Public - Pay At Location,0
154075,900068,Bilinmiyor,49.087252,0.596704,,Public - Pay At Location,0
154074,900069,Bilinmiyor,49.080689,0.775525,,Public - Pay At Location,0
154073,900047,Bilinmiyor,49.074712,1.530081,,Public - Pay At Location,0
154072,0046 - Centre Aquatique 1,Bilinmiyor,49.06606353,3.391396437,,Public - Pay At Location,0
154071,Moussy-le-Neuf,EcoCharge77,49.0645339,2.6030888,,Public - Pay At Location,0
154070,900036,Bilinmiyor,49.06278335195154,1.4198845389646522,,Public - Pay At Location,0
154069,0098 - avenue de Champagne,Bilinmiyor,49.06159,3.521925,,Public - Pay At Location,0
154068,900053,Bilinmiyor,49.060499,1.420738,,Public - Pay At Location,0
154067,Dammartin-en-Goële,EcoCharge77,49.053848,2.684942,,Public - Pay At Location,0
