OCM_ID,Istasyon_Adi,Operator,Enlem,Boylam,Sehir,Kullanim_Tipi,Priz_Sayisi
487418,Canan Residence,En Yakıt (TR),40.99869082461231,29.142761790435998,Ümraniye,Public - Membership Required,1
485657,Nermin Hanım EnYakıt,En Yakıt (TR),39.555448686859506,27.112779285715646,Havran,Public - Membership Required,1
485137,Burgaz İnci ,Toger (TR),41.079336,28.729074,Istanbul,Public - Membership Required,0
484873,Burgaz Çarşı 2,Toger (TR),41.085199,28.725077,Istanbul,Public - Membership Required,0
481194,"Azdavay Belediyesi, Kastamonu - DC",Otopriz (Türkiye),41.64161354234276,33.301743853313965,Kastamonu,Public - Membership Required,0
481193,"Közkanat, Çekmeköy - DC",Otopriz (Türkiye),41.0440934640873,29.177412718762255,İstanbul,Public - Membership Required,0
481192,"Yazıcılar Mobilya, Ortahisar - DC",Otopriz (Türkiye),40.989660402624715,39.80174261180991,Trabzon,Public - Membership Required,0
481191,"Ayzek Otel, Altınordu - DC",Otopriz (Türkiye),40.97614707334212,37.95241949746614,Ordu,Public - Membership Required,0
481190,"Evada Sitesi, Maltepe - AC 2",Otopriz (Türkiye),40.922,29.1508,İstanbul,Public - Membership Required,0
481189,"Unigarden Sitesi, Serdivan - AC 2",Otopriz (Türkiye),40.7488,30.3294,Sakarya,Public - Membership Required,0
481188,"Q8 Akademi Sitesi, Serdivan - AC 3",Otopriz (Türkiye),40.745784,30.329256,Sakarya,Public - Membership Required,0
481187,"AP İst Port, Yenimahalle - DC 2",Otopriz (Türkiye),39.980412453918106,32.6591892781351,Ankara,Public - Membership Required,0
481186,"Tarım ve Orman Bakanlığı, Yenimahalle - AC 2",Otopriz (Türkiye),39.96146933545994,32.80285923042404,Ankara,Public - Membership Required,0
481185,"Mia Suits Sitesi, Bornova AC 2",Otopriz (Türkiye),38.4551596008511,27.203154237515346,İzmir,Public - Membership Required,0
481184,"İzmir Bölge Adliyesi, Konak - AC 1",Otopriz (Türkiye),38.444203069165795,27.178690187275954,İzmir,Public - Membership Required,0
481183,"Goldiva Kuzey Sitesi, Bornova AC 4",Otopriz (Türkiye),38.44353413809294,27.198775339364737,İzmir,Public - Membership Required,0
481182,"Karayıl Lilav Sitesi, Kayapınar - AC 2",Otopriz (Türkiye),37.965359,40.162198,Diyarbakır,Public - Membership Required,0
481181,"Safir Deluxe Konutları, Kayapınar - AC 2",Otopriz (Türkiye),37.960790142199976,40.15813744232855,Diyarbakır,Public - Membership Required,0
481180,"Karayıl Mezopotamya Sitesi, Kayapınar - AC 4",Otopriz (Türkiye),37.931278,40.13269,Diyarbakır,Public - Membership Required,0
481179,"Petrolcity, Batman Merkez - DC 3",Otopriz (Türkiye),37.91982621275565,41.13716467661527,Batman,Public - Membership Required,0
481178,"Nurka Enç Yapı Sitesi, Bağlar - AC 4",Otopriz (Türkiye),37.919447316840376,40.16904836408083,Diyarbakır,Public - Membership Required,0
481177,"F1 Sitesi, Batman Merkez - AC 2",Otopriz (Türkiye),37.9081939562507,41.1531769545302,Batman,Public - Membership Required,0
481176,"ANG Akaryakıt, Nazilli - DC",Otopriz (Türkiye),37.8973,28.3192,Aydın,Public - Membership Required,0
481175,"Hamit Göçtü İş Merkezi, Kuşadası - DC",Otopriz (Türkiye),37.773686550457086,27.275311117818877,Aydın,Public - Membership Required,0
481174,"Hasan Usta, Sarıçam - DC",Otopriz (Türkiye),37.04495378607847,35.39380568342058,Adana,Public - Membership Required,0
481173,"Erkan Koleji, Çukurova - DC",Otopriz (Türkiye),37.03745058357739,35.27392265621594,Adana,Public - Membership Required,0
481172,"Belediye Sosyal Tesisleri, Suruç - DC",Otopriz (Türkiye),36.98756725024534,38.42557020370009,Şanlıurfa,Public - Membership Required,0
481171,"Sinpaş Thermal Resort, Kızılbük - AC 6",Otopriz (Türkiye),36.7952,28.2466,Muğla,Public - Membership Required,0
481170,"Gazipark Airport AVM, Gazipaşa - DC",Otopriz (Türkiye),36.28739405787152,32.29438761544527,Antalya,Public - Membership Required,0
481169,Hayat Park Kayaşehir,Toger (TR),41.104145,28.785898,Istanbul,Public - Membership Required,0
481168,Bahçekent Tual 4,Toger (TR),41.092845,28.653621,Istanbul,Public - Membership Required,0
481167,Hilton Hotel Altunizade ,Toger (TR),41.024956,29.042675,Istanbul,Public - Membership Required,0
481166,Doğapark Suadiye,Toger (TR),40.964904,29.081798,Istanbul,Public - Membership Required,0
480828,Afyonkarahisar - Burdur Yolu,Trugo (TR),37.912394559248256,30.30799781163296,Keçiborlu,Public - Membership Required,1
480516,Yükseloğulları Gurme Çiftliği,Trugo (TR),39.70738,26.37736,Ezine,Public - Membership Required,4
480515,Yükseloğulları Gurme Çiftliği,Trugo (TR),39.70820778767322,26.376097243011372,Ezine,Public - Membership Required,0
480505,Yükseloğulları Peynircilik,Trugo (TR),39.70509930293298,26.377458420500034,Ezine,Public - Membership Required,0
480493,Yükseloğulları Gurme Çiftliği,Trugo (TR),39.70738,26.37736,Ezine,Public,4
480195,Düzce-Ereğli yolu,Trugo (TR),41.082179982019994,31.177308961146878,Akçakoca,Public - Membership Required,2
480194,Sahil Bulvarı,En Yakıt (TR),41.253079380460804,31.42287200300757,Ereğli,Public - Membership Required,2
480193,Devrek Yolu Caddesi,Trugo (TR),41.26938765945792,31.443476271406098,Ereğli,Public - Membership Required,2
480192,Yazar İlhami Soysal Sokak,ZES,41.2716868490385,31.436511350326327,Ereğli,Public - Membership Required,2
480191,Suat Başol Sokak,Trugo (TR),41.27318848179223,31.43120338347103,Ereğli,Public - Membership Required,2
480190,Şehit Ömer Halisdemir Bulvarı Yan Yolu,Astor Şarj (TR),41.272859682523375,31.43246964585819,Ereğli,Public - Membership Required,2
478007,"Kireçport Otopark, Sarıyer - DC",Otopriz (Türkiye),41.14803051476599,29.04809394259133,İstanbul,Public - Membership Required,0
478006,"Engin Kent Konutları, Silivri - AC 4",Otopriz (Türkiye),41.081123787421305,28.246535728835717,İstanbul,Public - Membership Required,0
478005,"Hünkar Restaurant, Fatsa - DC",Otopriz (Türkiye),41.0538,37.4787,Ordu,Public - Membership Required,0
478004,"Buket Sitesi, Ataşehir - AC 1",Otopriz (Türkiye),40.98565545068492,29.124846167222053,İstanbul,Public - Membership Required,0
478003,"Akgünler Otomotiv, İzmit - DC",Otopriz (Türkiye),40.743476593297984,29.944695448033155,Kocaeli,Public - Membership Required,0
478002,"Grand Termal Otel, Yalova - AC",Otopriz (Türkiye),40.619103,29.188855,Yalova,Public - Membership Required,0
478000,"Skyloft Sitesi, Pursaklar - AC 4",Otopriz (Türkiye),40.0493,32.8887,Ankara,Public - Membership Required,0
477999,"Trend Cadde İş Merkezi, Sincan - DC 2",Otopriz (Türkiye),40.0046,32.5189,Ankara,Public - Membership Required,0
477998,"Turgut Aslan Sitesi, Etimesgut - AC 2",Otopriz (Türkiye),39.9769,32.6048,Ankara,Public - Membership Required,0
477997,"Velux Ankara Sitesi, Yenimahalle - AC 1",Otopriz (Türkiye),39.946904313113805,32.73464694755105,Ankara,Public - Membership Required,0
477996,"Güre Termal Resort, Edremit - DC",Otopriz (Türkiye),39.58922021667605,26.886495976476564,Balıkesir,Public - Membership Required,0
477995,"Erdallar Otomotiv, Kırşehir Merkez - DC",Otopriz (Türkiye),39.113976688708334,34.19553692115034,Kırşehir,Public - Membership Required,0
477994,"Cappadocia Marriott Hotel, Nevşehir Merkez - DC",Otopriz (Türkiye),38.63150804457257,34.751356670195776,Nevşehir,Public - Membership Required,0
477993,"Yücesoy Kuzeyşehir Sitesi, Menemen - AC 1",Otopriz (Türkiye),38.59640607159172,27.064870087551167,İzmir,Public - Membership Required,0
477992,"2A Gross Hatuniye, İpekyolu - DC",Otopriz (Türkiye),38.48514875330157,43.363747283018675,Van,Public - Membership Required,0
477991,"Folkart Incity, Bornova - DC",Otopriz (Türkiye),38.44739228707414,27.18707502394069,İzmir,Public - Membership Required,0
477990,"İzmir Bölge Adliyesi, Konak - AC 2",Otopriz (Türkiye),38.443448718748456,27.17871443419286,İzmir,Public - Membership Required,0
477989,"Varyant Tower Çamdibi, Bornova - AC",Otopriz (Türkiye),38.44228933354344,27.19700293654445,İzmir,Public - Membership Required,0
477988,"EMOT Hastanesi, Konak - AC 5",Otopriz (Türkiye),38.42581963599871,27.15106463599068,İzmir,Public - Membership Required,0
477987,"Hanbağı Et, Buca - DC",Otopriz (Türkiye),38.35668722244589,27.26177259621107,İzmir,Public - Membership Required,0
477986,"Sintaç Depoları, Menderes - DC 1",Otopriz (Türkiye),38.274682587260365,27.151038583572046,İzmir,Public - Membership Required,0
477985,"Ay Center Plaza, Kayapınar - AC 2",Otopriz (Türkiye),37.98399759288555,40.14147149402447,Diyarbakır,Public - Membership Required,0
477984,"Elbeyler Platinum Sitesi, Kayapınar - AC 5",Otopriz (Türkiye),37.96117937238765,40.130695010464336,Diyarbakır,Public - Membership Required,0
477983,"Prestij Residence, Selçuklu - AC 2",Otopriz (Türkiye),37.94637349175458,32.49132628357205,Konya,Public - Membership Required,0
477982,"Karakuş Parma Sitesi, Bağlar - DC",Otopriz (Türkiye),37.920398,40.152462,Diyarbakır,Public - Membership Required,0
477981,"Esmira Plaza, Selçuklu - DC",Otopriz (Türkiye),37.89053239851218,32.49852655092502,Konya,Public - Membership Required,0
477980,"Hektar Plaza, Karatay - DC",Otopriz (Türkiye),37.863424008230886,32.50259001222911,Konya,Public - Membership Required,0
477979,"Akgül Sitesi, Çukurova - AC 2",Otopriz (Türkiye),37.056441437027075,35.24372212217615,Adana,Public - Membership Required,0
477978,"Yıldırım VillaGarden Atakent, Yüreğir - AC 2",Otopriz (Türkiye),36.9893103149126,35.37205776015158,Adana,Public - Membership Required,0
477977,"Acem Mobilya, Mezitli - DC",Otopriz (Türkiye),36.75430997279038,34.537283487729425,Mersin,Public - Membership Required,0
477976,"Tarhan Petrol, İskenderun - DC",Otopriz (Türkiye),36.58984531000331,36.172959564399086,Hatay,Public - Membership Required,0
477975,"TED İskenderun Koleji, Arsuz - DC",Otopriz (Türkiye),36.5616522773903,36.13906878224625,Hatay,Public - Membership Required,0
477974,Uyum Sitesi,Toger (TR),41.18879,29.046173,Istanbul,Public - Membership Required,0
477973,Kayaşehir 12.bölge 2.kısım,Toger (TR),41.138467,28.787407,Istanbul,Public - Membership Required,0
477972,Metrokent - Imam-i Azam Camii,Toger (TR),41.109842,28.80352,Istanbul,Public - Membership Required,0
477971,Emirgan Sitesi,Toger (TR),41.101478,28.803613,Istanbul,Public - Membership Required,0
477970,Kayaşehir 6.bölge,Toger (TR),41.100218,28.760969,Istanbul,Public - Membership Required,0
477969,Boğaziçi Loft,Toger (TR),41.096117,28.972195,Istanbul,Public - Membership Required,0
477968,Bahçekent Flora,Toger (TR),41.09445,28.64593,Istanbul,Public - Membership Required,0
477967,Hayat Park Olimpiyat,Toger (TR),41.088024,28.771092,Istanbul,Public - Membership Required,0
477966,Avant Prestige,Toger (TR),41.052628,28.796826,Istanbul,Public - Membership Required,0
477965,Hazreti Üzeyr Peygamber Türbesi,Toger (TR),38.029024,39.035086,Istanbul,Public - Membership Required,0
477282,tripy - Ören Marina ,(Unknown Operator),37.028159169667774,27.991117232620695,Milas,Public - Membership Required,4
477281,otoWATT - Rüya 48 Outlet AVM ,(Unknown Operator),37.2549682279833,28.228944929173622,Menteşe,Public - Membership Required,14
477280,ZES - DRK PETROL ,ZES,37.30849782730846,28.019693611127423,Yatağan,Public - Membership Required,2
477279,5 Şarj - PO Milas İke ,5 Şarj (TR),37.28801190161394,27.80105580475447,Milas,Public - Membership Required,4
477278,ovolt - Demsa Akaryakıt Milas ,(Unknown Operator),37.29188211012557,27.781209695733764,Milas,Public - Membership Required,2
477277,Trugo - Milas M Migros ,Trugo (TR),37.29929821895948,27.781515100341267,Milas,Public - Membership Required,2
477276,Trugo - Shell Milas Merkez,Trugo (TR),37.32591107113036,27.778478290887847,Milas,Public - Membership Required,4
477275,Otojet - Total Milas Ören ,Otojet,37.35481836408955,27.69792157522238,Milas,Public - Membership Required,2
477274,wat mobilite - Wat Şarj Hub Ekindere ,WAT Mobilite,37.4143642572475,27.621709588432964,Milas,Public - Membership Required,12
477273,VALE - SOLARTÜK PETROLCÜLÜK ,(Unknown Operator),37.41833526461393,27.6078905331932,Milas,Public - Membership Required,2
477272,EN YAKIT - Eminems Olive Oil ,En Yakıt (TR),37.41910429621463,27.605660534711546,Milas,Public - Membership Required,2
477271,HIZZLAN - Aquasis De Luxe Resort & Spa,(Unknown Operator),37.34714344073798,27.236940298156355,Didim,Public - Membership Required,2
477270,ZES - Aquasis De Luxe Resort & Spa,ZES,37.34713651584525,27.23643678764813,Didim,Public - Membership Required,2
477269,ZES - Garden Of Sun Hotel Didim ,ZES,37.346751918369335,27.265397284858864,Didim,Public - Membership Required,2
477268,ZES - Laur Hotels Experience & Elegance,ZES,37.34608144252749,27.265641989838173,Didim,Public - Membership Required,4
477266,ZES - Didim Kipa ,ZES,37.38113808316744,27.290010461202655,Didim,Public - Membership Required,1
477264,ZES - Anda Barut Collection ,ZES,37.37154161485647,27.327347329349323,Didim,Public - Membership Required,4
477263,ASTORSARJ - Didim DUJA OTEL ,Astor Şarj (TR),37.35366066693422,27.3265052903339,Didim,Public - Membership Required,2
477262,ZES - Venosa Otel ,ZES,37.35044239098623,27.32902261579693,Didim,Public - Membership Required,2
477261,ovolt - Six Sense Kaplankaya,(Unknown Operator),37.310764457720836,27.410704980972014,Milas,Public - Membership Required,3
477260,Miggo - Migros Akbük ,(Unknown Operator),37.390415583791125,27.43311972055335,Didim,Public - Membership Required,1
477259,varr TM - The Holiday Resort Hotel,(Unknown Operator),37.412433958030036,27.388864579413394,Didim,Public - Membership Required,5
477258,wat mobilite - Bafa Gölü Seyir Terası ,WAT Mobilite,37.47659065905046,27.47715828126502,Milas,Public - Membership Required,2
477257,E-MOD - 6 EYLÜL ZEYTİN ,(Unknown Operator),37.482835139398546,27.375985266287444,Didim,Public - Membership Required,4
477256,e-POwer - PO,(Unknown Operator),37.681462316028316,27.38099978763023,Söke,Public - Membership Required,1
477255,360 Enerji - Capello AVM ,(Unknown Operator),37.68186040686396,27.38010664925639,Söke,Public - Membership Required,3
477254,HIZZLAN - Capello AVM ,(Unknown Operator),37.68223664672884,27.38019026368204,Söke,Public - Membership Required,2
477253,ZES - Capello AVM ,ZES,37.68249612187918,27.380210755161784,Söke,Public - Membership Required,2
477252,Voltrun - Söke Outlet Vimtaş ,Voltrun,37.690854869597786,27.380984582271026,Söke,Public - Membership Required,2
477251,Trugo - Shell Akçakonak ,Trugo (TR),37.6912531850904,27.381255642050405,Söke,Public - Membership Required,2
477250,5 Şarj - Modalife Söke ,5 Şarj (TR),37.708932188627784,27.385022752649434,Söke,Public - Membership Required,4
477249,E-MOD - Novada Outlet Söke ,(Unknown Operator),37.76784119362436,27.426422955853354,Söke,Public - Membership Required,4
477248,Eşarj - Koyuncu Kia Söke ,Eşarj (TR),37.76920752570415,27.42560898540978,Söke,Public - Membership Required,4
477247,wat mobilite - Novada Outlet Söke ,WAT Mobilite,37.76668821562818,27.42515529044681,Söke,Public - Membership Required,4
477246,EN YAKIT - Yalçınlar Cam Söke ,En Yakıt (TR),37.79641314315265,27.468302844183086,Söke,Public - Membership Required,2
477245,Trugo - Özce Akaryakıt İstasyonu ,Trugo (TR),37.79764439870017,27.46893131984484,Söke,Public - Membership Required,12
477244,Tesla SC - Söke ,Tesla (including non-tesla),37.798073691041225,27.469756309218383,Söke,Public - Membership Required,16
477243,Otojet - Total Argavlı ,Otojet,37.819736039930504,27.48798708730544,Söke,Public - Membership Required,2
477242,ovolt - Bademci Opet ,(Unknown Operator),37.83086076045012,27.50059016276191,Söke,Public - Membership Required,2
477241,GIOev - Söke Yolu ,GioEV (TR),37.8313743615948,27.505965451935026,Söke,Public - Membership Required,12
477240,Eşarj - Ortaklar OSB ,Eşarj (TR),37.856462486139634,27.50087655781249,Germencik,Public - Membership Required,2
477239,HIZZLAN - TP ORTAKLAR ,(Unknown Operator),37.88334303624123,27.504487903971267,Germencik,Public - Membership Required,2
477238,ZES - TP ORTAKLAR,ZES,37.88323399132055,27.50427554536236,Germencik,Public - Membership Required,1
477237,ovolt - Örnekpet Opet,(Unknown Operator),37.961666260072306,27.372252878724225,Selçuk,Public - Membership Required,2
477236,Trugo - Shell Selçuk ,Trugo (TR),37.96431345247673,27.3739763363767,Selçuk,Public - Membership Required,4
477235,e-POwer - PO ,(Unknown Operator),38.16968043165045,27.358482971009835,Torbalı,Public - Membership Required,1
477234,ovolt - Enis Bağçivan Ecem Petrol ,(Unknown Operator),38.18466093038856,27.35512077481235,Torbalı,Public - Membership Required,1
477233,ZES - Torbalı Kipa ,ZES,38.182656286043255,27.35074888990482,Torbalı,Public - Membership Required,2
477232,BMW WALLBOX - Key Museum - Torbalı ,(Unknown Operator),38.20209851719784,27.34987446917387,Torbalı,Public - Membership Required,2
477231,E-MOD - UD Concept Mimarlık ,(Unknown Operator),38.25806129059785,27.253605177505733,Torbalı,Public - Membership Required,7
477230,varr TM - İTOB Bölge Müdürlüğü ,(Unknown Operator),38.18904427770869,27.205246737843026,Menderes,Public - Membership Required,2
477229,otoWATT - İzmir Bİlim ve Teknoloji Parkı ,(Unknown Operator),38.18763092524486,27.200690095223422,Menderes,Public - Membership Required,2
477228,varr TM - İTOB Ticaret Merkezi ,(Unknown Operator),38.18468186772586,27.204517744686427,Menderes,Public - Membership Required,2
477227,E-MOD - Glassmall Cam Sanayi ,(Unknown Operator),38.21492220504649,27.159388271969647,Menderes,Public - Membership Required,1
477226,Otopriz - Sintaç Depoları Menderes,Otopriz (Türkiye),38.27524248639341,27.15069325365664,Menderes,Public - Membership Required,4
477224,Estasyon - Jetpark İzmir ,(Unknown Operator),38.293859059524124,27.132566479525735,Menderes,Public - Membership Required,2
477223,ZES - RS OTOMOTİV BOCH CAR SERVİCE GAZİEMİR ,ZES,38.30873022249824,27.142815069316043,Gaziemir,Public - Membership Required,1
477222,5 Şarj - Borusan Next Özgörkey ,5 Şarj (TR),38.316994840490935,27.140557486454327,Gaziemir,Public - Membership Required,4
477221,ZEPLİN CAR rental - İzmir Baha Servis ,(Unknown Operator),38.31791241284364,27.139865180342667,Gaziemir,Public - Membership Required,2
477220,ZES - Hakcan Otel,ZES,38.327096675427185,27.136119550163016,Gaziemir,Public - Membership Required,2
477219,Eşarj - Volcar Otomotiv ,Eşarj (TR),38.339774608541035,27.134038559355986,Gaziemir,Public - Membership Required,2
477218,ZES - Ertekler Otomotiv ,ZES,38.35482031036045,27.133402208093685,Gaziemir,Public - Membership Required,2
477217,VİZYONEKS - GAZİEMİR KATLI OTOPARK ,(Unknown Operator),38.35661204259125,27.13565021211184,Gaziemir,Public - Membership Required,1
477216,wat mobilite - Bizim Toptan İzmir ,WAT Mobilite,38.36119339214784,27.13673134844032,Gaziemir,Public - Membership Required,1
477174,getacharge - Bolu Koru Hotel,(Unknown Operator),40.72326470226301,31.43876441995485,,Public - Membership Required,4
477173,ZES - Bolu Koru Hotel ,ZES,40.723701331416606,31.43840907895037,,Public - Membership Required,3
477172,Önizşarj - İbrahimin Yeri Garden ,(Unknown Operator),40.750481058648404,31.374382633731784,Kaynaşlı,Public - Membership Required,2
477171,Oncharge - Kaynaşlı ,OnCharge (TR),40.7734356978882,31.32138072162695,Kaynaşlı,Public - Membership Required,2
477170,ASTORSARJ - BERCESTE - 1 ,Astor Şarj (TR),40.77063743422204,31.353619457455125,Kaynaşlı,Public - Membership Required,4
477169,Eşarj - Bozbey Dinlenme Tesisleri Düzce ,Eşarj (TR),40.78069557745488,31.278974358442838,Kaynaşlı,Public - Membership Required,4
477168,360 Enerji - Türsan DT Güney - Ankara Yönü - AO ,(Unknown Operator),40.789853742503254,31.23984021943329,Kaynaşlı,Public - Membership Required,2
477167,Trugo - Türsan DT Güney - Ankara Yönü - AO ,Trugo (TR),40.78986750151583,31.24145756232633,Kaynaşlı,Public - Membership Required,4
477166,e-POwer - Türsan DT Güney - Ankara Yönü - AO ,(Unknown Operator),40.78986419753926,31.24386214866047,Kaynaşlı,Public - Membership Required,2
477165,360 Enerji - Türsan DT İstanbul Yönü ,(Unknown Operator),40.791330533924,31.24173028899429,Kaynaşlı,Public - Membership Required,2
477164,e-POwer - Türsan DT Kuzey(İstanbul) - AO ,(Unknown Operator),40.79122077308125,31.238473066038864,Kaynaşlı,Public - Membership Required,2
477163,Trugo - Türsan İstanbul Yönü ,Trugo (TR),40.791130615526015,31.240404766362303,Kaynaşlı,Public - Membership Required,4
476163,Trugo - Berceste Kuzey - AO ,Trugo (TR),40.80717630224996,30.858407197536508,Gümüşova,Public - Membership Required,4
476162,ASTORSARJ - Berceste Kuzey - AO ,Astor Şarj (TR),40.80693319249002,30.857881259197484,Gümüşova,Public - Membership Required,4
476161,ASTORSARJ - Berceste Güney - AO  ,Astor Şarj (TR),40.80102540328201,30.85015549151899,Gümüşova,Public - Membership Required,4
476160,Trugo - Berceste Güney - AO ,Trugo (TR),40.80073335825952,30.84962768785806,Gümüşova,Public - Membership Required,4
476159,Powerşarj - Hendek Kuzey ,Powerşarj,40.753494025946196,30.69873246440045,Hendek,Public - Membership Required,2
476158,Powerşarj - Hendek ,Powerşarj,40.75158480006559,30.698397864049184,Hendek,Public - Membership Required,2
476157,Oncharge - Parkshop Outlet Center ,OnCharge (TR),40.75105866403797,30.695594930562493,Hendek,Public - Membership Required,2
476156,Trugo - Shell Akova ,Trugo (TR),40.77602003004617,30.651425765064573,Hendek,Public - Membership Required,4
476155,Oncharge - Akyazı Güney OHT - KMO ,OnCharge (TR),40.779073207653,30.52241983500312,Erenler,Public - Membership Required,4
476154,Beefull - Akyazı Güney OHT - KMO ,(Unknown Operator),40.7792406559108,30.521542495683093,Erenler,Public - Membership Required,4
476153,Beefull - Akyazı OHT Kuzey - KMO ,(Unknown Operator),40.778332122951696,30.525001057372947,Erenler,Public - Membership Required,4
476152,Oncharge - Akyazı Kuzey OHT - KMO ,OnCharge (TR),40.77904940970805,30.524341371175296,Erenler,Public - Membership Required,4
476151,Beefull - KMO - Adapazarı Güney OHT ,(Unknown Operator),40.843414977745795,30.285492749450214,Adapazarı,Public - Membership Required,3
476150,Oncharge - KMO - Adapazarı Güney OHT,Trugo (TR),40.84364303480484,30.28447530837036,Adapazarı,Public - Membership Required,6
476149,Trugo - KMO - Adapazarı OHT Güney ,Trugo (TR),40.843662597378966,30.283469658526087,Adapazarı,Public - Membership Required,2
476148,Trugo - KMO - Adapazarı Kuzey OHT ,Trugo (TR),40.844646220749695,30.28851017713305,Adapazarı,Public - Membership Required,2
476146,Oncharge - KMO - Adapazarı Kuzey OHT ,OnCharge (TR),40.844663280664605,30.28798207222235,Adapazarı,Public - Membership Required,6
476145,Beefull - KMO - Adapazarı Kuzey OHT ,(Unknown Operator),40.844071704154516,30.288952971341132,Adapazarı,Public - Membership Required,3
476143,Beefull - KMO - İzmit Kuzey OHT ,(Unknown Operator),40.795127620784086,30.080208501526045,İzmit,Public - Membership Required,3
476142,Trugo - KMO - İzmit Kuzey OHT ,Trugo (TR),40.795610340500644,30.076911017541875,İzmit,Public - Membership Required,2
476140,Trugo - KMO - İzmit Güney OHT ,Trugo (TR),40.794154713545595,30.076171942214273,İzmit,Public - Membership Required,2
476139,Beefull - KMO - İzmit Güney OHT ,(Unknown Operator),40.79480977567641,30.074872449682857,İzmit,Public - Membership Required,3
476137,Oncharge - KMO - İzmit Güney OHT ,OnCharge (TR),40.795131912140874,30.074471177608984,İzmit,Public - Membership Required,6
476136,Oncharge - KMO - İzmit Kuzey OHT,OnCharge (TR),40.79543017289393,30.078844469105093,İzmit,Public - Membership Required,4
476134,Oncharge - KMO Sevindikli - Ankara Yönü ,OnCharge (TR),40.88845724762331,29.711994131170854,Körfez,Public - Membership Required,4
476133,Oncharge - KMO Sevindikli - İstanbul Yönü ,OnCharge (TR),40.88986158133264,29.71166497157037,Körfez,Public - Membership Required,4
476132,Beefull - KMO Sevindikli - Ankara Yönü,(Unknown Operator),40.88902326361662,29.71027004250584,Körfez,Public - Membership Required,4
476131,Trugo - KMO Sevindikli - Ankara Yönü ,Trugo (TR),40.88921294373057,29.708960139034843,Körfez,Public - Membership Required,2
476130,Trugo - KMO Sevindikli - İstanbul Yönü,Trugo (TR),40.89007942513936,29.714200444216885,Körfez,Public - Membership Required,2
476129,Beefull - KMO Sevindikli - İstanbul Yönü,(Unknown Operator),40.89031506925119,29.709813201591714,Körfez,Public - Membership Required,4
476128,Mehmetçik Enerji Grubu - Kandıra ,(Unknown Operator),41.038293558876404,30.112389775224642,Kandıra,Public - Membership Required,2
476125,Eşarj - Nar Eğitim,Eşarj (TR),41.12400011130728,30.20171441594914,Kandıra,Public - Membership Required,2
476124,Trugo - Şile ,Trugo (TR),41.167722028430234,29.605738936247576,Şile,Public - Membership Required,2
476122,Tunçmatik - Lotus Restaurant,(Unknown Operator),41.17804228048587,29.609559491466598,Şile,Public - Membership Required,2
476082,varr TM - Fuar İzmir ,(Unknown Operator),38.347293602895945,27.121849182967935,Gaziemir,Public - Membership Required,8
476081,otoWATT - GAZİEMİR BYD VOLT ,(Unknown Operator),38.35325435250195,27.13416551834507,,Public - Membership Required,2
476080,D-Charge - Gaziemir Cupra ,(Unknown Operator),38.35330468522784,27.133323218027385,,Public - Membership Required,3
476079,5 Şarj - PO Gaziemir,5 Şarj (TR),38.3575275740549,27.134923453011083,Gaziemir,Public - Membership Required,2
476078,Otojet - Petrol ,Otojet,37.845099916460256,27.897044795832358,,Public - Membership Required,1
476077,ZES - Aymira Hotel & SPA ,ZES,37.84474755922635,27.894446315372534,,Public - Membership Required,2
476076,ZES - Anemon Hotel Aydın ,5 Şarj (TR),37.8454863939218,27.874262467526478,Efeler,Public - Membership Required,4
476075,5 Şarj - PO Efeler ,5 Şarj (TR),37.84449721175574,27.862522710810822,Efeler,Public - Membership Required,2
476074,Trugo - Forum Aydın ,Trugo (TR),37.84579287382296,27.860521666932982,Efeler,Public - Membership Required,2
476073,Tora - Forum Aydın ,ToraŞarj (TR),37.846936408736596,27.860225768069654,Efeler,Public - Membership Required,3
476072,ototWATT - Tarihi Sarıoğlu Lokantası ,(Unknown Operator),37.842496318020565,27.85845890378414,,Public - Membership Required,1
476071,otoWATT - Zafer Otoparkı ,(Unknown Operator),37.849944900072515,27.846641866544587,Efeler,Public - Membership Required,1
476070,ZES - Parktürk Aydın  ,ZES,37.846080338145384,27.844482089528697,,Public - Membership Required,4
476069,ZES - Aydın 5M Migros (Kipa AVM) ,ZES,37.84694682211814,27.839565943772868,,Public - Membership Required,2
476068,Miggo - Aydın 5M Migros (Kipa AVM),(Unknown Operator),37.84731150681044,27.839694850981914,,Public - Membership Required,1
476067,otoWATT - Kurtuluş Otoparkı ,(Unknown Operator),37.8381438588991,27.84297193256316,,Public - Membership Required,4
476066,Trugo - Aydın Auto King ,Trugo (TR),37.84659210707375,27.810271434016386,Efeler,Public - Membership Required,2
476065,5 Şarj - PO Efeler ,5 Şarj (TR),37.79368700030021,27.838827340349553,Efeler,Public - Membership Required,2
476064,ovolt - Opet Petrol ,(Unknown Operator),37.80174243494086,27.83938820201263,Efeler,Public - Membership Required,2
476063,otoWATT - Tarihi Sarıoğlu Lokantası 1953,(Unknown Operator),37.8171037447532,27.83859051350896,Efeler,Public - Membership Required,2
476062,Rst ChargePoint - Vezirhan ,RST Charge Point,40.25093846229717,30.02200998058072,,Public - Membership Required,2
476061,Eşarj - Aytemiz Bilecik ,Eşarj (TR),40.161886852443104,29.97762101743649,,Public - Membership Required,2
476060,wat mobilite - Hürriyet OSB 1,WAT Mobilite,40.168519916120175,29.978356902202563,,Public - Membership Required,2
476059,Trugo - Atabey Et Mangal ,Trugo (TR),39.60894469660158,30.151574554246054,,Public - Membership Required,2
476058,Ekos - Dursunbey,(Unknown Operator),39.590600886506536,28.62936522512507,Dursunbey,Public - Membership Required,2
476057,ASTORSARJ - AKAY,Astor Şarj (TR),39.561820381838146,29.460935090154862,Tavşanlı,Public - Membership Required,2
476056,ZES - Çanakkale Kepez,ZES,40.09701504426357,26.402915436593503,,Public - Membership Required,8
476055,Otojet - Total Çanakkale Erenköy,Otojet,39.99511710698516,26.311659206373747,,Public - Membership Required,2
476054,Eşarj - Troya DT ,Eşarj (TR),39.94921171149309,26.293010403001063,,Public - Membership Required,2
476053,Trugo - Shell Ezine ,Trugo (TR),39.82836449844038,26.32538259981436,,Public - Membership Required,2
476052,ENERTÜRK RHG - EZİNE PEYMAR ,(Unknown Operator),39.69723670564221,26.384513764197777,,Public - Membership Required,3
476051,Otojet - Total Çan ,Otojet,40.03114318362162,27.060901514264742,,Public - Membership Required,2
476050,Lumicle - Çan Miraplar ,Lumicle (TR),40.03732192629752,27.075244491860303,Çan,Public - Membership Required,1
476049,Eşarj - Mezre Süt,Eşarj (TR),39.93507976107827,27.262665341207367,Yenice,Public - Membership Required,2
476047,Lumicle - Balıkesir - Gönen ,Lumicle (TR),40.115285388956295,27.660435787470306,Gönen,Public - Membership Required,2
476046,HIZZLAN - ÖZSU MAKİNE ,(Unknown Operator),40.11972321230908,27.664607257783132,Gönen,Public - Membership Required,2
476045,HIZZLAN - Ayer Gıda ,(Unknown Operator),40.135823660674674,27.67608533179964,Gönen,Public - Membership Required,2
476044,5 Şarj - PO Saruhanlı ,5 Şarj (TR),38.74103414325148,27.604484321844097,Saruhanlı,Public - Membership Required,2
476043,Trugo - Shell Akhisar OSB,Trugo (TR),38.884224401657804,27.76097030421579,Akhisar,Public - Membership Required,2
476042,ZES - O289 - İstanbul Yönü ,ZES,39.180787098067384,27.67818771557893,Soma,Public - Membership Required,1
476041,ZES - O289 - İzmir Yönü ,ZES,39.180314526566946,27.67647743976022,Soma,Public - Membership Required,1
476040,ZES - O266 - İstanbul Yönü ,ZES,39.350412056783824,27.628889985413025,Savaştepe,Public - Membership Required,2
476039,ZES - O266 - İzmir Yönü ,ZES,39.34732951671731,27.6268233084146,Savaştepe,Public - Membership Required,2
476038,Tunçmatik - Erdem Yatakları Gökçeyazı ,(Unknown Operator),39.636808316045915,27.66712810861611,İvrindi,Public - Membership Required,2
476037,5 Şarj - O228 - İstanbul Yönü ,5 Şarj (TR),39.65466600813863,27.730012220471394,Karesi,Public - Membership Required,4
476036,Trugo - O228 - İstanbul Yönü ,Trugo (TR),39.654826793409825,27.730145515864933,Karesi,Public - Membership Required,4
476035,ENERTÜRK RHG - O228 - İstanbul Yönü ,(Unknown Operator),39.654945890751435,27.73065758838993,Karesi,Public - Membership Required,4
476033,Otojet - O228 - İstanbul Yönü ,Otojet,39.65522106477317,27.730622746996687,Karesi,Public - Membership Required,8
476032,Lumicle - O228 - İstanbul Yönü ,Lumicle (TR),39.655318464521,27.7304181717858,Karesi,Public - Membership Required,4
476031,5 Şarj - O228 - İzmir Yönü ,5 Şarj (TR),39.654682035129355,27.729395844387227,Karesi,Public - Membership Required,4
476030,ZES - O228 - İzmir Yönü ,ZES,39.65488961942975,27.72906068263876,Karesi,Public - Membership Required,6
476029,Lumicle - O228 - İzmir Yönü,Lumicle (TR),39.6549832790094,27.72951526115901,Karesi,Public - Membership Required,4
476028,Otojet - O228 - İzmir Yönü ,Otojet,39.655645557698136,27.729270937333126,Karesi,Public - Membership Required,8
476027,Trugo - O228 - İzmir Yönü,Trugo (TR),39.65577345606289,27.729413880116454,Karesi,Public - Membership Required,4
476025,wat mobilite - O204 İstanbul Yönü ,WAT Mobilite,39.75599428554614,27.961818392041778,Karesi,Public - Membership Required,4
476024,Tesla SC - O204 - İstanbul Yönü,Tesla (including non-tesla),39.75636013750446,27.960188422542274,Karesi,Public - Membership Required,8
476023,Lumicle - O204 - İstanbul Yönü ,Lumicle (TR),39.75637869758805,27.960908955045852,Karesi,Public - Membership Required,4
476021,Trugo - O204 - İstanbul Yönü ,Trugo (TR),39.756035296928275,27.961445980044118,Karesi,Public - Membership Required,8
476020,ASTORSARJ  - O204 - İstanbul Yönü ,Astor Şarj (TR),39.75581918471252,27.962733432332698,Karesi,Public - Membership Required,2
476019,Trugo - O204 - İzmir Yönü ,Trugo (TR),39.757597746307084,27.96047939467735,Karesi,Public - Membership Required,8
476018,wat mobilite - O204 - İzmir Yönü ,WAT Mobilite,39.75788401763046,27.961073524067615,Karesi,Public - Membership Required,4
476017,ASTORSARJ - O204 - İzmir Yönü ,Astor Şarj (TR),39.75783962867246,27.96140133041399,Karesi,Public - Membership Required,2
476016,Lumicle - O204 - İzmir Yönü ,Lumicle (TR),39.75757682735545,27.962880587747122,Karesi,Public - Membership Required,4
476015,Eşarj - Tellioğlu DT ,Eşarj (TR),39.74961810900692,27.999876696786373,Karesi,Public - Membership Required,4
476014,ZES - Tellioğlu DT,ZES,39.74946431222796,27.99986650819119,Karesi,Public - Membership Required,8
476013,Voltrun - Tellioğlu DT ,Voltrun,39.75029309209236,28.001114395831564,Karesi,Public - Membership Required,4
476012,En YAKIT - Tellioğlu DT ,En Yakıt (TR),39.7499602090148,28.000760161665312,Karesi,Public - Membership Required,2
476010,GIOev - Festiva Outlet Susurluk,GioEV (TR),39.84343924617738,28.144211121802414,,Public - Membership Required,2
476009,ASTORSARJ - Susurluk Metro Tesisi,Astor Şarj (TR),39.93648499933917,28.160868566578074,Susurluk,Public - Membership Required,4
476008,Köfteci Yusuf - Susurluk Köfteci Yusuf ,(Unknown Operator),39.92923838752441,28.15576120009132,Susurluk,Public - Membership Required,5
476007,Eşarj - O178 - İstanbul Yönü,Eşarj (TR),39.92328073181619,28.134046442916087,Susurluk,Public - Membership Required,2
476006,5 Şarj - O178 - İstanbul Yönü,5 Şarj (TR),39.92305280354387,28.133323392187435,Susurluk,Public - Membership Required,4
476005,Lumicle - O178 - İstanbul Yönü ,Lumicle (TR),39.922686194478075,28.13378334288234,Susurluk,Public - Membership Required,4
476004,AkSA ŞARJ - O178 - İstanbul Yönü ,(Unknown Operator),39.92194520816466,28.132783927496234,Susurluk,Public - Membership Required,4
476003,AKSA ŞARJ - O178 - İzmir Yönü ,(Unknown Operator),39.92330377694145,28.131609404318624,Susurluk,Public - Membership Required,4
476002,5 Şarj - 0178 - İzmir Yönü ,5 Şarj (TR),39.92292139119979,28.131653708844283,Susurluk,Public - Membership Required,4
476001,Lumicle - O178 - İzmir Yönü ,Lumicle (TR),39.92348944404071,28.13199460234057,Susurluk,Public - Membership Required,4
476000,Eşarj - O178 - İzmir Yönü ,Eşarj (TR),39.92321892475138,28.13219285318337,Susurluk,Public - Membership Required,2
475999,ASTORSARJ - O167 - İstanbul Yönü ,Astor Şarj (TR),40.039442329483876,28.220427730909023,Mustafakemalpaşa,Public - Membership Required,4
475998,Lumicle - O167 - İstanbul Yönü ,Lumicle (TR),40.040273772931414,28.220529392747153,Mustafakemalpaşa,Public - Membership Required,4
475997,Shell Recharge - O167 - İstanbul Yönü ,Shell Recharge (TR),40.0419149906086,28.222912594488093,Mustafakemalpaşa,Public - Membership Required,4
475996,ASTORSARJ - O167 - İzmir Yönü ,Astor Şarj (TR),40.04214866929581,28.220071878379258,Mustafakemalpaşa,Public - Membership Required,4
475995,ZES - O167 - İzmir Yönü ,ZES,40.04056644501824,28.218246112455176,Mustafakemalpaşa,Public - Membership Required,8
475994,Shell Recharge - O167 - İzmir Yönü ,Shell Recharge (TR),40.039651637056096,28.21793220376378,Mustafakemalpaşa,Public - Membership Required,4
475993,Estasyon - NGS Dinlenme Tesisi ,(Unknown Operator),40.02963692026836,28.30783100543067,Mustafakemalpaşa,Public - Membership Required,2
475992,ovolt - Opet ,(Unknown Operator),40.03525614075906,28.37429041016867,,Public - Membership Required,2
475991,5 Şarj - PO ,5 Şarj (TR),40.030172152020356,28.336795107808484,,Public - Membership Required,2
475990,Şarjon - Karacabey,Şarjon (TR),40.16738874225106,28.354488352652538,Karacabey,Public - Membership Required,5
475989,Trugo - Karacabey ,Trugo (TR),40.20515067651294,28.349649693390916,Karacabey,Public - Membership Required,6
475988,Tunçmatik - Tavacı Refik ,(Unknown Operator),40.20600167727085,28.346917360997395,Karacabey,Public - Membership Required,2
475987,Otojet - Bursa Total ,Otojet,40.224448551496664,28.456704864658377,,Public - Membership Required,2
475986,Eşarj - O135 - İzmir Yönü ,Eşarj (TR),40.25296637342146,28.451352550017305,,Public - Membership Required,2
475985,ASTORSARJ - O135 - İzmir Yönü ,Astor Şarj (TR),40.25239904274477,28.451953403342827,Karacabey,Public - Membership Required,2
475984,Trugo - O135 - İzmir Yönü ,Trugo (TR),40.25221779517295,28.453120532225057,Karacabey,Public - Membership Required,8
475983,Eşarj - O135 - İstanbul Yönü ,Eşarj (TR),40.25112319052744,28.456835704803552,Karacabey,Public - Membership Required,2
475982,ASTORSARJ - O135 - İstanbul Yönü ,Astor Şarj (TR),40.25016852659354,28.453683133716595,Karacabey,Public - Membership Required,2
475981,Trugo - O135 - İstanbul Yönü ,Trugo (TR),40.25011028857071,28.45251721254374,Karacabey,Public - Membership Required,8
475980,5 Şarj - PO ,5 Şarj (TR),40.231403397077656,28.517737558550493,Karacabey,Public - Membership Required,2
475979,ZES - Minteks Cafe & Restaurant ,ZES,40.223751538002915,28.777772123580917,,Public - Membership Required,8
475978,Trugo - O107 - İzmir Yönü ,Trugo (TR),40.23277923223054,28.781654959198818,Nilüfer,Public - Membership Required,4
475977,Trugo - O107 - İstanbul Yönü,Trugo (TR),40.23308210880822,28.78057648753338,Nilüfer,Public - Membership Required,4
475976,Eşarj - Özel Medar Hastanesi ,Eşarj (TR),40.705935654767416,29.848349507889225,,Public - Membership Required,4
475975,5 Şarj - PO Gölcük ,5 Şarj (TR),40.7067885895828,29.84916920124465,Gölcük,Public - Membership Required,4
475974,Eşarj - Aytemiz,Eşarj (TR),40.705778037192175,29.872481269991795,Gölcük,Public - Membership Required,2
475973,wat mobilite - Opet ,WAT Mobilite,40.71174090754272,29.890078838688396,Başiskele,Public - Membership Required,2
475972,sepascharge - Bilgili Kültür Okulları ,(Unknown Operator),40.70957889559409,29.89344408249667,Başiskele,Public - Membership Required,2
475971,Trugo - Shell Ilıcadere ,Trugo (TR),40.70636813712085,29.878885477029144,Başiskele,Public - Membership Required,2
475970,ZES - O14 - İstanbul Yönü ,ZES,40.682804630304474,29.468890516559668,Altınova,Public - Membership Required,8
475969,Trugo - O14 - İzmir Yönü ,Trugo (TR),40.68317223175114,29.46722672716851,Altınova,Public - Membership Required,4
475968,Lumicle - O14 - İzmir Yönü ,Lumicle (TR),40.68421847698295,29.468307191683493,Altınova,Public - Membership Required,4
475967,ZES - O14 - İzmir Yönü,ZES,40.68486089909376,29.46918358046139,Altınova,Public - Membership Required,8
475966,wat mobilite - O37 - İstanbul Yönü,WAT Mobilite,40.5237299954982,29.343771272032654,Orhangazi,Public - Membership Required,4
475965,ASTORSARJ - O37 - İstanbul Yönü ,Astor Şarj (TR),40.52370666414578,29.343923912480932,Orhangazi,Public - Membership Required,4
475964,Eşarj - O37 - İstanbul Yönü ,Eşarj (TR),40.52389451950208,29.34373251819386,Orhangazi,Public - Membership Required,4
475963,5 Şarj - O37 - İstanbul Yönü,5 Şarj (TR),40.52389043445089,29.34387296039995,Orhangazi,Public - Membership Required,4
475962,Otojet - O37 - İstanbul Yönü - TotalEnergies,Otojet,40.5270528967491,29.34346858188792,Orhangazi,Public - Membership Required,2
475961,Otojet - O37 - İzmir Yönü - TotalEnergies,Otojet,40.527202027591784,29.341680702530994,,Public - Membership Required,2
475960,5 Şarj - O37 - İzmir Yönü ,5 Şarj (TR),40.52507952097946,29.341642789551543,,Public - Membership Required,4
475959,ASTORSARJ - O37 - İzmir Yönü,Astor Şarj (TR),40.52530760458197,29.341252988413657,,Public - Membership Required,4
475958,Eşarj - O37 - İzmir Yönü ,Eşarj (TR),40.52681141035433,29.341919096026913,,Public - Membership Required,4
475957,wat mobilite - O37 - İzmir Yönü ,WAT Mobilite,40.52721654796974,29.34193245743711,,Public - Membership Required,4
475956,AKSA ŞARJ - O68 İstanbul Yönü,(Unknown Operator),40.38878455886962,29.14200488479014,Gemlik,Public - Membership Required,4
475955,Shell Recharge - O68 - İstanbul Yönü ,Shell Recharge (TR),40.39025678581288,29.142141648268762,,Public - Membership Required,4
475954,Shell Recharge - O68 - İzmir Yönü ,Shell Recharge (TR),40.388320589780704,29.13880950291025,,Public - Membership Required,4
475953,AKSA ŞARJ - O68 - İzmir Yönü ,(Unknown Operator),40.390205267565705,29.140253699529694,Gemlik,Public - Membership Required,4
475952,ZES - O68 - İzmir Yönü,ZES,40.389594327358424,29.139949611187035,Gemlik,Public - Membership Required,8
475951,Lumicle - O68 - İzmir Yönü,Lumicle (TR),40.38937982377479,29.139897763073918,Gemlik,Public - Membership Required,4
475950,ZES - O86 - İstanbul Yönü ,ZES,40.282031053799386,28.996405311637773,,Public - Membership Required,4
475949,Trugo - O86 - İstanbul Yönü,Trugo (TR),40.281880826570756,28.996237123783317,,Public - Membership Required,8
475948,ASTORSARJ - O86 - İstanbul Yönü,Astor Şarj (TR),40.28105683398715,28.995089653235482,,Public - Membership Required,2
475947,Lumicle - O86 - İstanbul Yönü,Lumicle (TR),40.281696433652286,28.99590093777158,,Public - Membership Required,4
475946,ASTORSARJ - O86 - İZMİR YÖNÜ,Astor Şarj (TR),40.28191987491138,28.994478262853136,Osmangazi,Public - Membership Required,2
475945,Trugo - O86 - İzmir Yönü,Trugo (TR),40.2824351800958,28.99485909687553,,Public - Membership Required,8
475944,Lumicle - O86 - İzmir Yönü,Lumicle (TR),40.28205840353766,28.994960480168174,,Public - Membership Required,4
475910,Tesla SC - O320 - İstanbul Yönü ,Tesla (including non-tesla),38.92762859709973,27.70316353629005,,Public - Membership Required,8
475909,Tesla SC - O320 - İzmir Yönü ,Tesla (including non-tesla),38.93015855350936,27.703409609675873,,Public - Membership Required,8
475900,TRUGO - SHELL DUTLU ,Trugo (TR),37.013101031898586,37.85826868276695,Nizip,Public - Membership Required,2
475899,ASTORSARJ - ŞANLIURFA ,Astor Şarj (TR),36.96666026797607,38.44121972919663,Suruç,Public - Membership Required,2
475884,[En Yakıt] Afyon Çarşı Lokumcusu,En Yakıt (TR),38.79539668902089,30.394608327326864,Sinanpaşa,Public - Membership Required,2
475866,İ-ŞARJ - Göksun Otokar,(Unknown Operator),38.02508578468934,36.50079312844741,Göksun,Public - Membership Required,2
475864,EN YAKIT - Nicer Hotel Kangal,En Yakıt (TR),39.22461225803673,37.38323255026717,,Public - Membership Required,2
475863,Wat mobilite - Elazığ Şehirlerarası Otobs Terminali,WAT Mobilite,38.64530752412614,39.20875581382302,,Public - Membership Required,2
475862,RST ChargePoint - KEKLİKTEPE,RST Charge Point,38.63859222395246,39.25793498908547,,Public - Membership Required,2
475861,Eşarj - PO,Eşarj (TR),38.83684314797634,39.97862090762396,,Public - Membership Required,2
475860,RST ChargePoint - 33 şehitlik Anıtı,RST Charge Point,38.94348998626242,40.29567108418735,,Public - Membership Required,2
475859,Trugo - karlıova ,Trugo (TR),39.30082198642813,41.020740323226505,Karlıova,Public - Membership Required,2
475858,watmobilite - Opet Serhad Petrol ,WAT Mobilite,38.95886556582943,41.036775431586534,Solhan,Public - Membership Required,2
475857,GREEN SCIENCE - Dambat Maden Suyu,(Unknown Operator),39.65802087163527,43.016777480346036,,Public - Membership Required,2
475856,GREEN SCIENCE - Yenigun Dinlenme Tesisleri,(Unknown Operator),39.60879287128623,43.5478850676468,Diyadin,Public - Membership Required,2
475855,Trugo - Doğubayazıt Ertur Otel,Trugo (TR),39.5518371257902,44.06080994307422,Doğubayazıt,Public - Membership Required,2
475854,Eşarj - Kadoil Ağrı ,Eşarj (TR),39.599635940037956,44.05317667294253,Doğubayazıt,Public - Membership Required,2
475853,GREEN SCIENCE - Melekli Aytemiz Petrol,(Unknown Operator),39.938119871045245,44.08699017839899,,Public - Membership Required,2
475852,Oncharge - aslankaya petrol ,OnCharge (TR),39.90381848977313,44.06141779766949,,Public - Membership Required,2
475850,GREEN SCIENCE - Ald Petrol,(Unknown Operator),39.85332639619321,44.06399174678609,,Public - Membership Required,2
475849,GREEN SCIENCE - Kahraman Petrol,(Unknown Operator),40.03468487525697,43.663133207816486,,Public - Membership Required,2
475848,GREEN SCIENCE - Kristal Kar Tanesi Otel,(Unknown Operator),40.324436220257695,42.61760843687853,Sarıkamış,Public - Membership Required,2
475846,Green Science - GES ÇİFTLİK,(Unknown Operator),40.497701472199566,42.911136248982075,Selim,Public - Membership Required,2
475845,Trugo - Kars Kafkas ,Trugo (TR),40.60160223395226,43.096866239532346,,Public - Membership Required,2
475844,ASTORSARJ - KARS HYUNDAI ,Astor Şarj (TR),40.57642109198133,43.137888080278344,,Public - Membership Required,2
475843,Oncharge - Tunahan Petrol ,OnCharge (TR),40.741052369795796,43.59863742485868,Akyaka,Public - Membership Required,2
475842,Trugo - Ordu Akkuş Devlet Hastanesi ,Trugo (TR),40.804512810684116,37.01209241404672,Akkuş,Public - Membership Required,2
475841,İ-ŞARJ - ERDOĞANLAR REŞADİYE,(Unknown Operator),40.38577364902844,37.334416967351444,,Public - Membership Required,3
475840,QC QuickŞarj - KOYULHİSAR ÇELİKLER PETROL ,(Unknown Operator),40.29126280137194,37.793135225806054,Koyulhisar,Public - Membership Required,1
475839,RST ChargePoint - LUKOİL MM ENS ,RST Charge Point,39.8598806279831,37.40985967163442,Hafik,Public - Membership Required,2
475838,Trugo - SUŞEHRİ DEVLET HASTANESİ ,Trugo (TR),40.16799389974088,38.08067409408625,Suşehri,Public - Membership Required,4
475837,QC Quickşarj - SUŞEHRİ YÜCELER PETROL ,(Unknown Operator),40.164554896522446,38.0951913420829,Suşehri,Public - Membership Required,1
475836,Eşarj - Opet Hancılar Petrol ,Eşarj (TR),40.28771991439075,38.40222533718941,Şebinkarahisar,Public - Membership Required,2
475835,Trugo - Şebinkarahisar Hare Petrol,Trugo (TR),40.298556642247036,38.433173096928044,Şebinkarahisar,Public - Membership Required,2
475834,Eşarj - Sultan Pestil Köme ,Eşarj (TR),40.178353518132866,39.12307868846847,Şiran,Public - Membership Required,2
475833,Green Science - Hünkar Cafe ,(Unknown Operator),40.104881504682226,39.45794633416256,Kelkit,Public - Membership Required,2
475832,Ovolt - pasinli mehmet petrol ,(Unknown Operator),40.10496868119955,39.45908089812701,Kelkit,Public - Membership Required,2
475831,EŞarj - Türkiye Petrolleri Murathanoğulları Gümüşhane,Eşarj (TR),40.179402280901314,39.65683866006805,Köse,Public - Membership Required,2
475830,Wat Mobilite - Köse Belediyesi ,WAT Mobilite,40.21161367645328,39.652944799346756,Köse,Public - Membership Required,2
475829,Trugo - Tercan Di-Kubik Tesisleri,Trugo (TR),39.772719510903386,40.40313621258406,Tercan,Public - Membership Required,2
475828,Trugo - Shell Aşkale ,Trugo (TR),39.918971286984174,40.68793244774395,Aşkale,Public - Membership Required,2
475827,Trugo - Çakır Palace Otel,Trugo (TR),40.458714865749585,40.96323731235623,İspir,Public - Membership Required,2
475826,Trugo - Shell Artvin Borçka,Trugo (TR),41.36104076591761,41.675068396551296,,Public - Membership Required,2
475825,Oncharge - Livane Petrol Dinlenme Tesisi,OnCharge (TR),41.24057550692993,41.779661403838986,,Public - Membership Required,2
475824,Oncharge - Artrium AVM,OnCharge (TR),41.18526534580107,41.82066570829818,,Public - Membership Required,2
475823,Trugo - Artvin Kamiloğlu Petrol Ofisi,Trugo (TR),41.184905005459,41.820734350755174,,Public - Membership Required,2
475069,Shell Selçuk OHT Batı,Shell Recharge (TR),38.069954779374825,27.409965181836355,,Public - Membership Required,4
475068,Shell Selçuk OHT Doğu,Shell Recharge (TR),38.07003562489933,27.41226160514043,,Public - Membership Required,4
473027,ev,(Unknown Operator),38.978672703245394,34.74393530088719,ataşehir,Public - Membership Required,1
473010,Tunalı Hilmi Caddesi,(Unknown Operator),39.90617889548402,32.8608887154889,Çankaya,Public - Membership Required,1
472290,WAT MOBILITE - Afium Outlet,WAT Mobilite,38.793749878881755,30.45938673584851,Merkez,Public - Membership Required,3
472288,ASTOR ŞARJ - Afium AVM,Astor Şarj (TR),38.79369119657943,30.459554006497797,Merkez,Public - Membership Required,2
472268,ASTOR ŞARJ - Bozüyük Sarar Outlet Bursa Yönü,Astor Şarj (TR),39.9170358862693,30.01585221950768,Bozüyük,Public - Membership Required,2
472266,ASTOR ŞARJ - Bozüyük Sarar Outlet Eskişehir Yönü ,Astor Şarj (TR),39.918364084219434,30.013034290408882,Bozüyük,Public - Membership Required,2
472199,PlanKA Ofis,(Unknown Operator),36.8877156716819,30.700510303801593,Muratpaşa,Public - Membership Required,1
472135,E90 Karayolu Blv.,Trugo (TR),38.91696901090154,33.5615031045005,Şereflikoçhisar,Public - Membership Required,4
471605,En Yakıt - Myway 202 ,En Yakıt (TR),38.44566271102494,27.22448737324862,,Public - Membership Required,2
471604,D-Charge - Vosmer Bornova - Volkswagen,(Unknown Operator),38.4438869561248,27.23274715138382,,Public - Membership Required,1
471603,D-Charge - Vosmer Bornova - Porsche,(Unknown Operator),38.44413802321267,27.232299806122683,,Public - Membership Required,2
471602,D-Charge - Vosmer Bornova - Audi,(Unknown Operator),38.44409238911757,27.23173121075547,,Public - Membership Required,4
471600,wat mobilite - Park Bornova Avm ,WAT Mobilite,38.45724738905406,27.247457664405715,,Public - Membership Required,8
471598,Sharz.net - Kipa ,Sharz.Net,38.458623410761305,27.238768754898956,,Public - Membership Required,1
471597,Miggo - Migros 5M Bornova,(Unknown Operator),38.458533790839056,27.237045835935874,,Public - Membership Required,1
471595,ŞarjOn - Migros Evka 3 ,Şarjon (TR),38.466023783057636,27.244290910181576,,Public - Membership Required,2
471594,Trugo - Shell Erzene,Trugo (TR),38.48250828952993,27.24327626431534,,Public - Membership Required,4
471593,ASTORŞARJ - Hasköy Bornova,Astor Şarj (TR),38.47215749921793,27.217108781251568,,Public - Membership Required,2
471538,Tekirdağ Tesla Supercharger,Tesla (including non-tesla),40.98880555703724,27.57719007695141,Süleymanpaşa,Public - Membership Required,8
470724,Gelin Çiçeği Sokağı,(Unknown Operator),41.04282395696427,29.268260495032678,Çekmeköy,Public - Membership Required,1
470723,Gelin Çiçeği Sokağı,(Unknown Operator),41.04234302170087,29.269836490878106,Çekmeköy,Public - Membership Required,4
470708,Adal Gross Market ,En Yakıt (TR),38.54207850175408,28.6348836303157,Kula,Public - Membership Required,2
470595,"Simge Hyundai Otomotiv, Ereğli - DC",Otopriz (Türkiye),41.27466026637787,31.429641307401347,Zonguldak,Public - Membership Required,0
470594,"Karmersan Petrol, Merkez - DC",Otopriz (Türkiye),37.88955644808085,41.15459872583873,Batman,Public - Membership Required,0
470505,Usak Sanayii Wat Mobilite,WAT Mobilite,38.677097485578685,29.217387690905383,Merkez,Public - Membership Required,2
470503,Usak Sanayii Trugo,Trugo (TR),38.67669658297447,29.217338298311006,Merkez,Public - Membership Required,2
469728,"Çınar Residence, Yenişehir - AC 2",Otopriz (Türkiye),37.978074282147716,40.155754957725655,Diyarbakır,Public - Membership Required,0
469605,"Alemdağ Emlak Konutları, Çekmeköy - AC 6",Otopriz (Türkiye),41.041674106912225,29.27021711090351,İstanbul,Public - Membership Required,0
469604,SCHNEIDER TEST,Otopriz (Türkiye),41.01795160004005,29.05532938271584,İstanbul,Public - Membership Required,0
469603,"Karakoç Petrol, Keşap - DC",Otopriz (Türkiye),40.9236,38.54878,Giresun,Public - Membership Required,0
469600,"Nükte Teras Konutları, Selçuklu - DC",Otopriz (Türkiye),37.94848484085639,32.53520089128387,Konya,Public - Membership Required,0
469599,"Diclekent Petrol, Kayapınar - DC",Otopriz (Türkiye),37.944069795172574,40.18528896228661,Diyarbakır,Public - Membership Required,0
469598,"Barida Hotels, Isparta - DC 2",Otopriz (Türkiye),37.78016946441861,30.546884588843735,Isparta,Public - Membership Required,0
469597,"Ayranpınar Gross, Dulkadiroğlu - DC",Otopriz (Türkiye),37.5503318281661,36.921964721930124,Kahramanmaraş,Public - Membership Required,0
469592,Piramit Çarşı Avm Cep Otoparkı,Toger (TR),41.10816,28.810156,Istanbul,Public - Membership Required,0
469360,Shell Gediz,Trugo (TR),39.00852324276198,29.407846741014623,Gediz,Public - Membership Required,1
464197,Medyakent Sitesi,Toger (TR),41.19603,29.050586,Istanbul,Public - Membership Required,0
464196,Birbahçe Sitesi,Toger (TR),41.126274,28.760916,Istanbul,Public - Membership Required,0
464195,Başakşehir Kent Meydanı - Merkez Camii,Toger (TR),41.121675004424624,28.77304709862403,Istanbul,Public - Membership Required,0
464194,Tarabya Sitesi,Toger (TR),41.099902,28.802115,Istanbul,Public - Membership Required,0
464193,Başakkent Gölet Konutları Sitesi,Toger (TR),41.09593,28.665963,Istanbul,Public - Membership Required,0
464192,Spradon Kuleler Bahçeşehir,Toger (TR),41.076289,28.683787,Istanbul,Public - Membership Required,0
464191,Ispartakule Banu Evleri 2. Bölge,Toger (TR),41.074098,28.717968,Istanbul,Public - Membership Required,0
464190,Bahçeşehir Gölet Parki Dc,Toger (TR),41.064016,28.697409,Istanbul,Public - Membership Required,0
464189,Home Aves Güneşli,Toger (TR),41.038911,28.819259,Istanbul,Public - Membership Required,0
464188,3.matbaacılar Sitesi,Toger (TR),41.004111,28.675972,Istanbul,Public - Membership Required,0
464187,Kocaeli Derince 1453 Elektrik,Toger (TR),40.7569137,29.824059,Istanbul,Public - Membership Required,0
463984,"İkizler Petrol, Alaçam - DC",Otopriz (Türkiye),41.61320723810585,35.63706480871604,Samsun,Public - Membership Required,0
463983,"Eksun Gıda, Babaeski - DC",Otopriz (Türkiye),41.4658125,27.0282969,Kırklareli,Public - Membership Required,0
463982,"Coşkunoğlu Kasap, Ereğli - DC",Otopriz (Türkiye),41.32063336722904,31.54068185046595,Zonguldak,Public - Membership Required,0
463981,AsPower Test 3,Otopriz (Türkiye),41.1997162,28.7065446,İstanbul,Public - Membership Required,0
463980,"Hadımköy 4.Etap Toplu Konutları, Arnavutköy - AC 1",Otopriz (Türkiye),41.18176135989493,28.610538963539636,İstanbul,Public - Membership Required,0
463979,"Hadımköy 2.Etap Toplu Konutları, Arnavutköy - AC 3",Otopriz (Türkiye),41.17978476521898,28.612557088123033,İstanbul,Public - Membership Required,0
463978,"Hadımköy 2.Etap Toplu Konutları, Arnavutköy - AC 1",Otopriz (Türkiye),41.178127518114124,28.6107484345323,İstanbul,Public - Membership Required,0
463977,"Aras Residence Apartmanı, Eyüpsultan - AC 1",Otopriz (Türkiye),41.1589633769623,28.912248862063997,İstanbul,Public - Membership Required,0
463976,"Gönül Bahçem, Terme - DC",Otopriz (Türkiye),41.150862119351565,37.117869416862,Samsun,Public - Membership Required,0
463975,"Ünye Belediyesi Batıpark Millet Bahçesi, Ünye - AC",Otopriz (Türkiye),41.14430027348602,37.23453957116418,Ordu,Public - Membership Required,0
463974,"Ünye Belediyesi Hizmet Binası Otoparkı, Ünye - AC",Otopriz (Türkiye),41.1304564742488,37.28703888713427,Ordu,Public - Membership Required,0
463973,"Ünye Belediyesi 15 Temmuz Demokrasi Meydanı, Ünye - DC",Otopriz (Türkiye),41.125811224623405,37.28473104847758,Ordu,Public - Membership Required,0
463972,"Ünye Belediyesi Asarkaya Otoparkı, Ünye - AC",Otopriz (Türkiye),41.09362341553541,37.346715274495004,Ordu,Public - Membership Required,0
463971,"Vega AVM, Sultangazi - DC",Otopriz (Türkiye),41.093274031257,28.902311314429912,İstanbul,Public - Membership Required,0
463970,"Ünye Belediyesi Binicilik Tesisleri, Ünye - AC",Otopriz (Türkiye),41.08858,37.32399,Ordu,Public - Membership Required,0
463969,"Focus Eyüp, Eyüpsultan - AC 2",Otopriz (Türkiye),41.08394095523886,28.93956745092536,İstanbul,Public - Membership Required,0
463968,"Ömerli Çarşı, Çekmeköy - DC 2",Otopriz (Türkiye),41.082939869602484,29.330316203888973,İstanbul,Public - Membership Required,0
463967,"Vega Maxi AVM, Silivri - DC",Otopriz (Türkiye),41.0825125,28.2039219,İstanbul,Public - Membership Required,0
463966,"Brand Vadi, Büyükçekmece - DC",Otopriz (Türkiye),41.0795,28.6006,İstanbul,Public - Membership Required,0
463965,"Vega AVM, Silivri - DC",Otopriz (Türkiye),41.0776375,28.2516406,İstanbul,Public - Membership Required,0
463964,"Basın Konut Sitesi, Silivri - AC 2",Otopriz (Türkiye),41.071014736030385,28.13588320674643,İstanbul,Public - Membership Required,0
463963,"Özyurtlar Ntepe Evleri, Esenyurt - DC 1",Otopriz (Türkiye),41.06508526594378,28.67105191417809,İstanbul,Public - Membership Required,0
463962,"Autogross, Bağcılar - AC 4",Otopriz (Türkiye),41.06245883091239,28.829598383803553,İstanbul,Public - Membership Required,0
463961,"Tepekent Villaları, Büyükçekmece - DC",Otopriz (Türkiye),41.0506875,28.5157969,İstanbul,Public - Membership Required,0
463959,"Alemdağ Emlak Konutları, Çekmeköy - AC 1",Otopriz (Türkiye),41.0437703900823,29.26918962024926,İstanbul,Public - Membership Required,0
463958,"Alemdağ Emlak Konutları, Çekmeköy - AC 3",Otopriz (Türkiye),41.043575850309566,29.268552359936713,İstanbul,Public - Membership Required,0
463957,"Alemdağ Emlak Konutları, Çekmeköy - AC 8",Otopriz (Türkiye),41.043566935609334,29.270525330604276,İstanbul,Public - Membership Required,0
463956,"Alemdağ Emlak Konutları, Çekmeköy - AC 4",Otopriz (Türkiye),41.043238045596816,29.268252985861213,İstanbul,Public - Membership Required,0
463955,"Delta Hotels by Marriott, Küçükcekmece - DC",Otopriz (Türkiye),41.02907877257811,28.80728722931871,İstanbul,Public - Membership Required,0
463954,"Eriş Un Dinlenme Tesisleri, Çorlu - DC",Otopriz (Türkiye),41.0258,27.72506,Tekirdağ,Public - Membership Required,0
463953,"Real City, Güngören - AC 2",Otopriz (Türkiye),41.02202474873151,28.877965324538312,İstanbul,Public - Membership Required,0
463952,"Eksim Holding, Üsküdar - AC 2",Otopriz (Türkiye),41.0199965,29.0473277,İstanbul,Public - Membership Required,0
463951,"Acıbadem Hastanesi, Üsküdar - AC 2",Otopriz (Türkiye),41.018512990733406,29.048258124595318,İstanbul,Public - Membership Required,0
463950,"Bakırcı Topkapı, Zeytinburnu - AC 3",Otopriz (Türkiye),41.01693,28.90289,İstanbul,Public - Membership Required,0
463949,"Moncher Lounge, Üsküdar - AC 2",Otopriz (Türkiye),41.01236451780818,29.062745583471685,İstanbul,Public - Membership Required,0
463948,Test,Otopriz (Türkiye),41.011356670382796,28.9769987177723,İstanbul,Public - Membership Required,0
463947,"Delta Luxury Residence, Esenyurt - AC 1",Otopriz (Türkiye),41.00932780691944,28.671535826153963,İstanbul,Public - Membership Required,0
463946,"Hasan Usta Kebap, Kadıköy - DC",Otopriz (Türkiye),41.0042125,29.0276719,İstanbul,Public - Membership Required,0
463945,"Cuento Sitesi, Ümraniye - AC 3",Otopriz (Türkiye),41.00302,29.133,İstanbul,Public - Membership Required,0
463944,"Mirkelam, Sancaktepe Güney - DC 2",Otopriz (Türkiye),40.98849928213435,29.192486703618624,İstanbul,Public - Membership Required,0
463943,"Mirkelam, Sancaktepe Kuzey - DC 2",Otopriz (Türkiye),40.98847809893533,29.194637962373584,İstanbul,Public - Membership Required,0
463942,"Mirkelam, Sancaktepe Güney - DC 1",Otopriz (Türkiye),40.988465049509664,29.19254663127087,İstanbul,Public - Membership Required,0
463941,"Aytop, Sultanbeyli - DC 2",Otopriz (Türkiye),40.987711512392316,29.274322410270475,İstanbul,Public - Membership Required,0
463940,"Mahal Sitesi, Sancaktepe - AC 3",Otopriz (Türkiye),40.98496759900215,29.238603881730945,İstanbul,Public - Membership Required,0
463939,"Aytop, Sultanbeyli - DC 1",Otopriz (Türkiye),40.984455673182595,29.274131586259237,İstanbul,Public - Membership Required,0
463938,Mobil Hızlı Şarj İstasyonu - DC,Otopriz (Türkiye),40.9799625,29.0998594,İstanbul,Public - Membership Required,0
463937,"Arpaş, Beylikdüzü - AC 2",Otopriz (Türkiye),40.9691054,28.6759743,İstanbul,Public - Membership Required,0
463936,"Hüseyin Ayaz Apartmanı, Caddebostan - AC 2",Otopriz (Türkiye),40.96519510852158,29.06572060547581,İstanbul,Public - Membership Required,0
463935,"Still İstanbul Comfort, Pendik - AC 1",Otopriz (Türkiye),40.9314,29.2997,İstanbul,Public - Membership Required,0
463934,"Giresun Ulaşım, Merkez - DC 2",Otopriz (Türkiye),40.91108250485531,38.42724757246218,Giresun,Public - Membership Required,0
463933,"Logitrans Depo, Tuzla - AC 1",Otopriz (Türkiye),40.90896378906653,29.34077335449217,İstanbul,Public - Membership Required,0
463932,"Logitrans Garaj, Tuzla - AC 2",Otopriz (Türkiye),40.90578837837032,29.341925697675947,İstanbul,Public - Membership Required,0
463931,"Logitrans Depo, Tuzla - AC 2",Otopriz (Türkiye),40.89964774988473,29.339424563476573,İstanbul,Public - Membership Required,0
463930,"Erensoy Petrol, Malkara - DC",Otopriz (Türkiye),40.8686530943809,27.023607338655722,Tekirdağ,Public - Membership Required,0
463929,"Güvenal Prestige Konakları, Keşan - AC 1",Otopriz (Türkiye),40.84185159609477,26.65344153198547,Edirne,Public - Membership Required,0
463928,"Bendis AVM, Keşan - DC",Otopriz (Türkiye),40.836830524139174,26.626017949723064,Edirne,Public - Membership Required,0
463927,"Özenler Otomotiv, Düzce - DC",Otopriz (Türkiye),40.80215669981499,31.239427183133504,Düzce,Public - Membership Required,0
463926,"Narven Sağlık Termal, Merkez - AC 3",Otopriz (Türkiye),40.691381,31.671105,Bolu,Public - Membership Required,0
463925,"Vega AVM, Yalova Merkez - DC",Otopriz (Türkiye),40.653185,29.254542,Yalova,Public - Membership Required,0
463923,"Arinna Garden Sitesi, Çorum Merkez - AC 3",Otopriz (Türkiye),40.57323965345967,34.9709,Çorum,Public - Membership Required,0
463922,"Abidin Usta, Osmangazi - DC",Otopriz (Türkiye),40.247403,29.064355,Bursa,Public - Membership Required,0
463921,"Seyhanlar Gross 16 Nosap, Nilufer - DC",Otopriz (Türkiye),40.243492,28.936675,Bursa,Public - Membership Required,0
463920,"Mer Akaryakıt, Kalecik - DC",Otopriz (Türkiye),40.22586209868499,33.45689100000001,Ankara,Public - Membership Required,0
463919,"Seyhanlar Göçmen Konutları, Nilüfer - DC",Otopriz (Türkiye),40.216141316372344,28.815877130653405,Bursa,Public - Membership Required,0
463918,"Silver Gayrimenkul, Nilüfer - AC",Otopriz (Türkiye),40.192208634262975,28.96588142118956,Bursa,Public - Membership Required,0
463917,"Oto Centrum, Akyurt - DC",Otopriz (Türkiye),40.0792625,32.9642344,Ankara,Public - Membership Required,0
463916,"Ekodoğa Tohumculuk, Akyurt - DC",Otopriz (Türkiye),40.07631,33.00429,ANKARA,Public - Membership Required,0
463915,"Anadolu Akaryakıt, Kahramankazan - DC",Otopriz (Türkiye),40.06527,32.613231,Ankara,Public - Membership Required,0
463914,"Anadolu Akaryakıt Petrol Ofisi, Kahramankazan - DC",Otopriz (Türkiye),40.05482689297925,32.6278065777122,Ankara,Public - Membership Required,0
463913,"Ovaloft, Keçiören - AC",Otopriz (Türkiye),40.004301,32.825804,Ankara,Public - Membership Required,0
463912,"New Gate Sitesi, Keçiören - AC 4",Otopriz (Türkiye),40.002677,32.825872,Ankara,Public - Membership Required,0
463911,"Vip Tower Prestij, Çankaya - DC",Otopriz (Türkiye),39.997476,32.819598,Ankara,Public - Membership Required,0
463910,"Gastrogems, Yenimahalle - DC",Otopriz (Türkiye),39.990989376099826,32.70130494998658,Ankara,Public - Membership Required,0
463909,"Sude Konutları, Etimesgut - AC 2",Otopriz (Türkiye),39.985649128589245,32.63798870898439,Ankara,Public - Membership Required,0
463908,"Sude Konutları, Etimesgut - AC 1",Otopriz (Türkiye),39.985498902827814,32.63936200000001,Ankara,Public - Membership Required,0
463907,"Sude Konutları, Etimesgut - AC 4",Otopriz (Türkiye),39.98545390185747,32.640048645507825,Ankara,Public - Membership Required,0
463906,"Ataköy Konutları, Yenimahalle - AC 2",Otopriz (Türkiye),39.98407510480107,32.663025582031246,Ankara,Public - Membership Required,0
463905,"Ataköy Konutları, Yenimahalle - AC 1",Otopriz (Türkiye),39.98354897914556,32.66096564550781,Ankara,Public - Membership Required,0
463904,"Ataköy Konutları, Yenimahalle - AC 4",Otopriz (Türkiye),39.98302284943847,32.66096564550781,Ankara,Public - Membership Required,0
463903,"Ataköy Konutları, Yenimahalle - AC 3",Otopriz (Türkiye),39.98144443600816,32.66096564550781,Ankara,Public - Membership Required,0
463902,"Yıldızpark Sitesi A Blok, Altındağ - AC 2",Otopriz (Türkiye),39.97852407060546,32.891181100000004,Ankara,Public - Membership Required,0
463901,"Marka Evleri, Yenimahalle - AC 4",Otopriz (Türkiye),39.97845423587207,32.7865116455078,Ankara,Public - Membership Required,0
463900,"Marka Evleri, Yenimahalle - AC 2",Otopriz (Türkiye),39.9779280669342,32.785138354492176,Ankara,Public - Membership Required,0
463899,"Yıldızpark Sitesi A Blok, Altındağ - AC 1",Otopriz (Türkiye),39.977531966075915,32.89257329101563,Ankara,Public - Membership Required,0
463898,"Marka Evleri, Yenimahalle - AC 3",Otopriz (Türkiye),39.9774018939449,32.7865116455078,Ankara,Public - Membership Required,0
463897,"Yıldızpark Sitesi A Blok, Altındağ - AC 3",Otopriz (Türkiye),39.97634556996886,32.89200554550783,Ankara,Public - Membership Required,0
463896,"Vega Subayevleri AVM, Keçiören - AC",Otopriz (Türkiye),39.975504662051534,32.88468004788551,Ankara,Public - Membership Required,0
463895,"Marka Evleri, Yenimahalle - AC 1",Otopriz (Türkiye),39.97529716147405,32.78582499999999,Ankara,Public - Membership Required,0
463894,"Ihlamur Vadi Konutları, Keçiören - AC 3",Otopriz (Türkiye),39.97383383085904,32.87897266019563,Ankara,Public - Membership Required,0
463893,"Sağlık Bilimleri Üniversitesi, Keçiören - AC 1",Otopriz (Türkiye),39.97219316284046,32.84895929124564,Ankara,Public - Membership Required,0
463892,"Vega Otonomi, Sincan - DC 1",Otopriz (Türkiye),39.972179031523446,32.59938664550782,Ankara,Public - Membership Required,0
463891,"Sağlık Bilimleri Üniversitesi, Keçiören - AC 3",Otopriz (Türkiye),39.972144857920874,32.84893649247015,Ankara,Public - Membership Required,0
463890,"Vega Otonomi, Sincan - AC 2",Otopriz (Türkiye),39.9721190311539,32.59866000000002,Ankara,Public - Membership Required,0
463889,"Antares Konutları, Keçiören - DC 2",Otopriz (Türkiye),39.971171,32.819239,Ankara,Public - Membership Required,0
463888,"Vega Otonomi, Sincan - DC 2",Otopriz (Türkiye),39.97104289116221,32.59865969999999,Ankara,Public - Membership Required,0
463887,"Vega Otonomi, Sincan - AC 1",Otopriz (Türkiye),39.970560366441,32.59935664550782,Ankara,Public - Membership Required,0
463886,"Antares AVM, Keçiören - DC 2",Otopriz (Türkiye),39.969448,32.821825,Ankara,Public - Membership Required,0
463885,"Andora AVM, Yenimahalle - DC",Otopriz (Türkiye),39.96447898410222,32.70701335449219,Ankara,Public - Membership Required,0
463884,"Gökdemir Class, Yeni Mahalle - AC 4",Otopriz (Türkiye),39.959444028685496,32.69088737280595,Ankara,Public - Membership Required,0
463883,"Vega Cadde AVM, Yenimahalle - DC",Otopriz (Türkiye),39.946026,32.714535,Ankara,Public - Membership Required,0
463882,"Hacı Bayram Veli Üniversitesi Itri, Yenimahalle - AC 6",Otopriz (Türkiye),39.942062321020934,32.818447257403136,Ankara,Public - Membership Required,0
463881,"Hacı Bayram Veli Üniversitesi Beşevler, Yenimahalle - AC 4",Otopriz (Türkiye),39.934517,32.828108,Ankara,Public - Membership Required,0
463880,"İlci Otel, Çankaya - DC",Otopriz (Türkiye),39.93335528427986,32.84036920820889,Ankara,Public - Membership Required,0
463879,"Çakır QPLUS, Aziziye - AC",Otopriz (Türkiye),39.9258,41.1787,ERZURUM,Public - Membership Required,0
463878,"Hacı Bayram Veli Üniversitesi Yücetepe, Çankaya - AC 1",Otopriz (Türkiye),39.92275778258438,32.84197015449218,Ankara,Public - Membership Required,0
463877,"Hacı Bayram Veli Üniversitesi Yücetepe, Çankaya - AC 2",Otopriz (Türkiye),39.92191522537459,32.84265679999999,Ankara,Public - Membership Required,0
463876,"CK Farabi Hotel, Çankaya - AC",Otopriz (Türkiye),39.89685993234903,32.85672249778197,Ankara,Public - Membership Required,0
463875,"Gold Yaşam Sitesi B Blok, Etimesgut - AC 2",Otopriz (Türkiye),39.89635419723197,32.63484400000001,Ankara,Public - Membership Required,0
463874,"Gold Yaşam Sitesi B Blok, Etimesgut - AC 1",Otopriz (Türkiye),39.89635419723197,32.634157354492196,Ankara,Public - Membership Required,0
463873,"Gold Yaşam Sitesi A Blok, Etimesgut - AC 2",Otopriz (Türkiye),39.89579083657883,32.634897,Ankara,Public - Membership Required,0
463872,"Gold Yaşam Sitesi A Blok, Etimesgut - AC 1",Otopriz (Türkiye),39.89526403169335,32.634897,Ankara,Public - Membership Required,0
463871,"Bahçem Residance, Etimesgut - AC 1",Otopriz (Türkiye),39.89416636556201,32.6349253544922,Ankara,Public - Membership Required,0
463870,"Bahçem Residance, Etimesgut - AC 3",Otopriz (Türkiye),39.893639548190095,32.63561200000001,Ankara,Public - Membership Required,0
463869,"Bahçem Residance, Etimesgut - AC 2",Otopriz (Türkiye),39.89258590129849,32.63629864550782,Ankara,Public - Membership Required,0
463868,"Libra Kule, Çankaya - AC 1",Otopriz (Türkiye),39.89164953595381,32.815787,Ankara,Public - Membership Required,0
463867,"Nata Vega Outlet, Mamak - DC",Otopriz (Türkiye),39.887225,32.934643,Ankara,Public - Membership Required,0
463866,"Blu Mağaza, Çankaya - DC",Otopriz (Türkiye),39.8803875,32.8599219,Ankara,Public - Membership Required,0
463865,"Mira Rezidance, Çankaya - DC 2",Otopriz (Türkiye),39.86196692988842,32.71320339711001,Ankara,Public - Membership Required,0
463864,"Yıldız 87 Sitesi E Blok, Çankaya - AC 2",Otopriz (Türkiye),39.86137541595437,32.8220203544922,Ankara,Public - Membership Required,0
463863,"Yıldız 87 Sitesi E Blok, Çankaya - AC 1",Otopriz (Türkiye),39.86084834662675,32.822707000000015,Ankara,Public - Membership Required,0
463862,"Yıldız 87 Sitesi D Blok, Çankaya - AC 2",Otopriz (Türkiye),39.85979419582626,32.822707000000015,Ankara,Public - Membership Required,0
463861,"Yıldız 87 Sitesi D Blok, Çankaya - AC 1",Otopriz (Türkiye),39.85979419582626,32.8220203544922,Ankara,Public - Membership Required,0
463860,"Rast Avend, Çankaya - DC",Otopriz (Türkiye),39.85938,32.676553,Ankara,Public - Membership Required,0
463859,"Türeli Golf Park Sitesi, Çankaya - AC 3",Otopriz (Türkiye),39.85213713758709,32.66209913177679,Ankara,Public - Membership Required,0
463858,"Çankaya Üniversitesi, Etimesgut - AC 7",Otopriz (Türkiye),39.8197,32.5657,Ankara,Public - Membership Required,0
463857,"Çankaya Üniversitesi, Etimesgut - DC",Otopriz (Türkiye),39.81951,32.56424,Ankara,Public - Membership Required,0
463856,"Çankaya Üniversitesi, Etimesgut - AC 10",Otopriz (Türkiye),39.818242,32.560972,Ankara,Public - Membership Required,0
463855,"Plus 30 İncek, Gölbaşı - DC",Otopriz (Türkiye),39.816182366171674,32.76732962075095,Ankara,Public - Membership Required,0
463853,"Meklife Prestij, Gölbaşı - AC 2",Otopriz (Türkiye),39.80824327155326,32.69510396457646,Ankara,Public - Membership Required,0
463852,"Hacı Bayram Veli Üniversitesi, Gölbaşı - AC 6",Otopriz (Türkiye),39.78967784827626,32.81749316406251,Ankara,Public - Membership Required,0
463851,"Yıldırım Sitesi, Gölbaşı - AC 2",Otopriz (Türkiye),39.789329526551505,32.829016,Ankara,Public - Membership Required,0
463850,"Yıldırım Sitesi, Gölbaşı - AC 1",Otopriz (Türkiye),39.78880190425163,32.83038929101563,Ankara,Public - Membership Required,0
463849,"Hacı Bayram Veli Üniversitesi, Gölbaşı - AC 1",Otopriz (Türkiye),39.7801,32.812,Ankara,Public - Membership Required,0
463848,"Hacı Bayram Veli Üniversitesi, Gölbaşı - AC 4",Otopriz (Türkiye),39.7791501519604,32.81062670898439,Ankara,Public - Membership Required,0
463847,"Hacı Bayram Veli Üniversitesi, Gölbaşı - AC 3",Otopriz (Türkiye),39.77809474718976,32.81337329101564,Ankara,Public - Membership Required,0
463846,"Hacı Bayram Veli Üniversitesi, Gölbaşı - AC 2",Otopriz (Türkiye),39.777567038735,32.81200000000001,Ankara,Public - Membership Required,0
463845,wat mobilite - Opet Tellioğlu DT ,WAT Mobilite,39.750646,28.000736,Balıkesir,Public - Membership Required,5
463844,"Hacı Bayram Veli Üniversitesi, Polatlı - AC 1",Otopriz (Türkiye),39.591862828825334,32.11900064550783,Ankara,Public - Membership Required,0
463843,"Hacı Bayram Veli Üniversitesi, Polatlı - AC 2",Otopriz (Türkiye),39.591807828909346,32.11836600000001,Ankara,Public - Membership Required,0
463842,"Highway Otel, Burhaniye - DC",Otopriz (Türkiye),39.48997078654396,26.959885471122597,Balıkesir,Public - Membership Required,0
463841,"Doğan Buyruk, Kırşehir Merkez - DC",Otopriz (Türkiye),39.0867875,34.1617031,Kırşehir,Public - Membership Required,0
463840,"Yaşar Petrol, Ortaköy - DC",Otopriz (Türkiye),38.7549875,34.0717969,Aksaray,Public - Membership Required,0
463839,"Ramada by Wyndham, Ürgüp - DC",Otopriz (Türkiye),38.6321570187154,34.85909761076318,Nevşehir,Public - Membership Required,0
463838,"Varyant Sitesi, Karşıyaka - AC 2",Otopriz (Türkiye),38.491318929963214,27.09349626885024,İzmir,Public - Membership Required,0
463837,"Epicenter, Bayraklı - DC",Otopriz (Türkiye),38.4695,27.1769,İzmir,Public - Membership Required,0
463836,"Eraltınlar Petrol TP, Aksaray - DC",Otopriz (Türkiye),38.4612625,33.9170469,Aksaray,Public - Membership Required,0
463835,"Rüya Evleri, Bornova - AC 2",Otopriz (Türkiye),38.447382864427794,27.238545950313412,İzmir,Public - Membership Required,0
463834,"Chekich Ayakkabı, Bornova - DC",Otopriz (Türkiye),38.4296125,27.2427969,İzmir,Public - Membership Required,0
463833,"Yeni Hanedan, Urla - DC",Otopriz (Türkiye),38.289627,26.556034,İzmir,Public - Membership Required,0
463832,"Kuşçular, Urla - DC",Otopriz (Türkiye),38.278355,26.741008,İzmir,Public - Membership Required,0
463831,"Nükte 74 Konutları, Selçuklu - DC",Otopriz (Türkiye),37.9629375,32.5186875,Konya,Public - Membership Required,0
463830,"Nükte Sancak Konutları, Selçuklu - DC",Otopriz (Türkiye),37.9622,32.5188,Konya,Public - Membership Required,0
463829,"Çavuşoğlu 21 Sitesi, Kayapınar - AC 1",Otopriz (Türkiye),37.95038985081682,40.15965695254315,Diyarbakır,Public - Membership Required,0
463828,"+1 Nükte Teras Konutları, Selçuklu - AC 11",Otopriz (Türkiye),37.948964,32.534617,Konya,Public - Membership Required,0
463827,"Platinum Park Konutları, Kayapınar - AC 2",Otopriz (Türkiye),37.94439618188481,40.1552744827637,Diyarbakır,Public - Membership Required,0
463826,"Liva Yapı, Kayapınar - AC",Otopriz (Türkiye),37.94404187212301,40.12437787866356,Diyarbakır,Public - Membership Required,0
463825,"Welat Yapı, Kayapınar - AC 2",Otopriz (Türkiye),37.922838,40.141999,Diyarbakır,Public - Membership Required,0
463824,"Wyndham Garden, Yenişehir - DC",Otopriz (Türkiye),37.92265510245821,40.2386523239907,Diyarbakır,Public - Membership Required,0
463823,"Welat Yapı, Kayapınar - AC 1",Otopriz (Türkiye),37.92200335563457,40.14198000000001,Diyarbakır,Public - Membership Required,0
463822,"Öz Miranlı Petrol, Kayapınar - DC",Otopriz (Türkiye),37.92158841151874,40.14583044717585,Diyarbakır,Public - Membership Required,0
463821,"Konya Ticaret Merkezi, Karatay - AC 1",Otopriz (Türkiye),37.92150301607432,32.53740100000001,Konya,Public - Membership Required,0
463820,"Konya Ticaret Merkezi, Karatay - AC 2",Otopriz (Türkiye),37.92150301607432,32.536027708984385,Konya,Public - Membership Required,0
463819,"Konya Ticaret Merkezi, Karatay - DC",Otopriz (Türkiye),37.92096135137505,32.538774291015635,Konya,Public - Membership Required,0
463818,"Konya Ticaret Merkezi, Karatay - AC 3",Otopriz (Türkiye),37.92096135137505,32.53740100000001,Konya,Public - Membership Required,0
463815,"HFC Meidan, Merkez - AC 6",Otopriz (Türkiye),37.91631492479982,41.13318444983693,Batman,Public - Membership Required,0
463814,"HFC Meidan, Merkez - AC 1",Otopriz (Türkiye),37.91683412223559,41.13310479229722,Batman,Public - Membership Required,0
463810,"Eksun Gıda, Selçuklu - DC",Otopriz (Türkiye),37.9126875,32.5160625,Konya,Public - Membership Required,0
463809,"Can Nova Sitesi, Meram - DC",Otopriz (Türkiye),37.8516875,32.4868906,Konya,Public - Membership Required,0
463808,"OMS Collection, Gölbaşı - DC",Otopriz (Türkiye),37.740628,37.573439,Adıyaman,Public - Membership Required,0
463807,"Martoğlu Yapı Market, Düziçi - DC",Otopriz (Türkiye),37.235155,36.43631764550783,Osmaniye,Public - Membership Required,0
463806,"Sak Kaya Petrol, Karaman - DC",Otopriz (Türkiye),37.153464769027906,33.218601264542116,Karaman,Public - Membership Required,0
463805,"S Class Hotel, Şehitkamil - AC 1",Otopriz (Türkiye),37.106326,37.4039058,GAZİANTEP,Public - Membership Required,0
463804,"SMA Karakaya Petrol, Osmaniye Merkez - DC",Otopriz (Türkiye),37.081838,36.231038,Osmaniye,Public - Membership Required,0
463803,"Bozkurtlar Yapı Market, Çukurova - DC",Otopriz (Türkiye),37.0475,35.2718,Adana,Public - Membership Required,0
463802,"Termo Petrol, Döşemealtı - DC",Otopriz (Türkiye),37.03594616419721,30.555716146285825,Antalya,Public - Membership Required,0
463801,"Mesa Elektrik, Seyhan - DC",Otopriz (Türkiye),37.0328372306277,35.28722282863825,Adana,Public - Membership Required,0
463800,"Lugga Hotel, Bodrum - DC",Otopriz (Türkiye),37.02158787385605,27.34690335449218,Muğla,Public - Membership Required,0
463799,"Acıbadem Hastanesi, Seyhan - DC",Otopriz (Türkiye),36.995162,35.314515,Adana,Public - Membership Required,0
463798,"Yenikent Sabuncu İş Merkezi, Seyhan - AC 2",Otopriz (Türkiye),36.99436128199745,35.31951691832971,Adana,Public - Membership Required,0
463797,"Yusuf Tunç Petrol, Seyhan - DC",Otopriz (Türkiye),36.9895125,35.1488594,Adana,Public - Membership Required,0
463796,"Girne Bulvarı, Yüreğir - DC",Otopriz (Türkiye),36.983923076558455,35.38433202614764,Adana,Public - Membership Required,0
463795,"01 OTO AVM, Sarıçam - DC",Otopriz (Türkiye),36.982938,35.425338,Adana,Public - Membership Required,0
463794,"Akaslan Petrol, Oğuzeli - AC",Otopriz (Türkiye),36.95355738859201,37.38093706940915,Gaziantep,Public - Membership Required,0
463793,"Soulmate Coffee, Tarsus - DC",Otopriz (Türkiye),36.921886686068085,34.85965339258435,Mersin,Public - Membership Required,0
463792,"Beyaziler, Tarsus - DC",Otopriz (Türkiye),36.91992159533222,34.941443559598056,Mersin,Public - Membership Required,0
463791,"Şahin Otomotiv, Tarsus - DC",Otopriz (Türkiye),36.919124166005076,34.9248426957899,Mersin,Public - Membership Required,0
463790,"Mert Otomotiv, Kepez - DC",Otopriz (Türkiye),36.91549295331819,30.64777026626007,Antalya,Public - Membership Required,0
463789,"Gülveren Konutları, Kepez - AC 3",Otopriz (Türkiye),36.902475,30.647358,Antalya,Public - Membership Required,0
463788,"Naia Restoran, Toroslar - DC",Otopriz (Türkiye),36.86449,34.56945,Mersin,Public - Membership Required,0
463787,"Hamay Tarım, Yüreğir - DC",Otopriz (Türkiye),36.8327375,35.3376406,Adana,Public - Membership Required,0
463786,"Başarı Koleji, Manavgat - DC",Otopriz (Türkiye),36.79516391968098,31.412112291015635,Antalya,Public - Membership Required,0
463785,"Noax Hotel, Akdeniz - DC",Otopriz (Türkiye),36.791638,34.612987,Mersin,Public - Membership Required,0
463784,"Sahil Restaurant, Mezitli - DC",Otopriz (Türkiye),36.7433375,34.5437031,Mersin,Public - Membership Required,0
463783,"Algül Petrol, Mezitli - DC",Otopriz (Türkiye),36.71980268875495,34.4875473544922,Mersin,Public - Membership Required,0
463782,"Çiğdem Market, Erdemli - DC",Otopriz (Türkiye),36.46191968179375,34.1400449986138,Mersin,Public - Membership Required,0
463781,"FN Tarım, Silifke - DC",Otopriz (Türkiye),36.23257146728124,33.74589754907158,Mersin,Public - Membership Required,0
462539,ODTU Teknokent Gumus Bloklar,Trugo (TR),39.90005472241458,32.77459503250134,Ankara,Public - Membership Required,1
462538,ODTU Teknokent Gumus Bloklar,Trugo (TR),39.89904689957211,32.775858678537816,Ankara,Public - Membership Required,3
462389,Güvenal Prestij Konakları,Otopriz (Türkiye),40.84156767681222,26.652963791101342,Edirne,Public - Membership Required,4
462360,OTOJET,Otojet,38.480582,27.180513,Bayrakli,Public - Membership Required,1
462359,OTOJET,Otojet,38.488231,27.105028,Karsiyaka,Public - Membership Required,1
462358,En Yakit,En Yakıt (TR),38.435417,27.182546,Bornova,Public - Membership Required,1
462357,Tuncmatik Charge,Voltrun,38.445314,27.206062,Bornova,Public - Membership Required,1
462356,Voltrun Charging Station – Park Inn by Radisson İzmir,Voltrun,38.4285,27.1379,Konak,"Private - For Staff, Visitors or Customers",1
462355,ZES Charging Station – Swissôtel Büyük Efes,ZES,38.4301,27.1385,Konak,Public - Membership Required,1
462354,Trugo Charging Station – Forum Bornova AVM,Trugo (TR),38.4648,27.2253,Bornova,Public - Membership Required,1
462152,En Yakıt - Aydın - Denizli Otoyolu Sarayköy - Aydın Yönü,En Yakıt (TR),37.909597682136194,28.852566397363717,,Public - Membership Required,2
462151,En Yakıt - Aydın - Denizli Otoyolu Sarayköy - Denizli Yönü ,En Yakıt (TR),37.90886624354815,28.85324910660779,,Public - Membership Required,2
462150,En Yakıt - Aydın - Denizli Otoyolu - Aydın Yönü ,En Yakıt (TR),37.79736592976367,27.945378977611426,,Public - Membership Required,2
462149,En Yakıt - Aydın - Denizli Otoyolu - Denizli Yönü,En Yakıt (TR),37.7962596206462,27.945312153702844,,Public - Membership Required,2
462140,Adze Charge – Bahçeşehir Park 2 DC Hızlı Şarj İstasyonu,ADZE ŞARJ (TR),41.07282831884183,28.692703598360254,Başakşehir,Public - Membership Required,2
462050,Trugo - Shell Damlama Kuzey OHT ,Trugo (TR),37.136686663143266,34.85539624727028,,Public - Membership Required,2
462049,Trugo - Pelit Taşpınar Çamalan Dinlenme T.,Trugo (TR),37.19541670642212,34.839537166766036,,Public - Membership Required,2
462048,ZES - Taşpınar Tesisleri Pozantı ,ZES,37.29535872419447,34.74632252529318,,Public - Membership Required,2
462047,En Yakıt - İpekyolu Tesisleri ,En Yakıt (TR),37.59043299550578,34.74806049060987,,Public - Membership Required,2
462046,En Yakıt - İpekyolu Tesisleri 2 ,En Yakıt (TR),37.59119798011277,34.747752488464016,,Public - Membership Required,2
462045,Trugo - Kırkgeçit İpekyolu Dinlenme T. ,Trugo (TR),37.591614511791164,34.74743031115713,,Public - Membership Required,8
462044,AstorŞarj - Başmakçı Dinleme T.,Astor Şarj (TR),37.654604487852424,34.701460166804964,,Public - Membership Required,4
462043,ZES - Demireller Başmakçı Dinlenme T. ,ZES,37.65423379405168,34.701584075082565,,Public - Membership Required,4
462042,ZES - Demireller Başmakçı Dinlenme T.,ZES,37.652716433772696,34.70157915968457,,Public - Membership Required,4
462041,AstorŞarj - Demireller Dinlenme T. ,Astor Şarj (TR),37.65223601548466,34.69929437069561,,Public - Membership Required,4
462040,AstorŞarj - Ereğli Başak Park ,Astor Şarj (TR),37.63282735800047,34.30632883614396,,Public - Membership Required,2
462039,En Yakıt - Ramada By Wyndham Karapınar,En Yakıt (TR),37.713915096047444,33.56947801122374,,Public - Membership Required,2
462038,Karbon Nötr Konya - Odabaşı Tarım ,(Unknown Operator),37.85633639425296,32.64179084359375,,Public - Membership Required,3
462037,Eşarj - RTM Tarım Konya ,Eşarj (TR),37.85899881515323,32.62456793845524,,Public - Membership Required,4
462036,Monokon Elektrik - Hasan Kulu Orman Ürünleri ,(Unknown Operator),37.85380310180997,32.66421205018992,,Public - Membership Required,4
462035,ZES - Karatay Termal Otel ,ZES,37.733788687014226,33.0548995807485,,Public - Membership Required,2
462034,Trugo - Karatay Termal Otel ,Trugo (TR),37.734373399037125,33.05502505494269,,Public - Membership Required,2
462033,WAT Mobilite - Opet ,WAT Mobilite,37.716677078080465,33.48891791002461,,Public - Membership Required,6
462032,Trugo - Shell Karapınar ,Trugo (TR),37.7136396877744,33.4249787600196,,Public - Membership Required,2
462030,Otojet - Alp Akaryakıt Konya ,Otojet,37.71290071196387,33.38498410243494,,Public - Membership Required,2
462026,Trugo - Ladik Shell İstasyonu,Trugo (TR),38.2084673167553,32.37502920521183,,Public - Membership Required,4
462025,Trugo - Ilgın Ticaret Borsası,Trugo (TR),38.290263286173484,31.919379842032413,,Public - Membership Required,2
462023,WAT Mobilite - Opet Koçlar,WAT Mobilite,38.287528036838296,31.901851036855305,,Public - Membership Required,4
462022,Trugo - Shell Kozağaç,Trugo (TR),38.379797667243935,31.420776687343164,,Public - Membership Required,2
462020,Eşarj - Nallar Petrol ,Eşarj (TR),38.591404922489204,31.056066271099894,,Public - Membership Required,1
462018,Trugo - Köfteci Yusuf - Çay,Trugo (TR),38.596577013857285,30.9940823154559,,Public - Membership Required,2
462017,ZES - Nebioğlu Akaryakıt,ZES,38.594962634360314,30.984305967547698,,Public - Membership Required,3
462016,WAT Mobilite - Opet Dempet Demireller Petrol,WAT Mobilite,38.59044550000456,30.95283063469151,,Public - Membership Required,2
462009,AstorŞarj - Yükselhan Hotel ,Astor Şarj (TR),37.22778557976295,39.77312610148124,,Public - Membership Required,1
462008,AstorŞarj - Yükselhan Hotel,Astor Şarj (TR),37.227791701844524,39.77299243587845,,Public - Membership Required,2
462007,Eşarj - Kadoil ,Eşarj (TR),37.260822611710225,39.76924516373299,,Public - Membership Required,1
462005,Otojete - Palmanak,Otojet,37.2260146301451,39.73569297869119,,Public - Membership Required,2
462004,SOLARGIZE - Şanlıurfa 02 - GO ,(Unknown Operator),37.23020416080456,39.69327922471882,,Public - Membership Required,2
462003,AstorŞarj - Birecik Park Mirkelam ,Astor Şarj (TR),37.098132274153585,38.1893735215142,,Public - Membership Required,2
462002,AstorŞarj - Birecik Park Mirkelam,Astor Şarj (TR),37.10030004240373,38.18972008767639,,Public - Membership Required,2
462001,En Yakıt - G.Antep Yönü - Park Hayat,En Yakıt (TR),37.19781580814197,38.56220856219932,,Public - Membership Required,2
462000,En Yakıt - Şanlıurfa Yönü - Park Hayat,En Yakıt (TR),37.19576592866535,38.562690134664535,,Public - Membership Required,2
461999,AstorŞarj - Şanlıurfa Yönü - Park Hayat ,Astor Şarj (TR),37.19664288979139,38.56276538036002,,Public - Membership Required,2
461969,wat mobilite - Opet Egesan,WAT Mobilite,37.28262347497318,28.19232773772444,,Public - Membership Required,2
461968,WAT Opet HAS Petrol,WAT Mobilite,37.09830077707831,28.379015013097955,muğla,Public - Membership Required,2
461959,ZES - Holiday Inn İstanbul Old City ,ZES,41.01202921906997,28.954999885892903,,Public - Membership Required,2
461958,Royal - Mitte Port Otopark,(Unknown Operator),41.007815201274326,28.97148202585845,,Public - Membership Required,2
461957,ZES - Radisson Hotel President ,ZES,41.00760235937963,28.96565446288571,,Public - Membership Required,2
461955,Efish - Radisson Hotel İstanbul Sultanahmet,(Unknown Operator),41.00333038296634,28.981598849584657,,Public - Membership Required,1
461954,ZES - Kalyon Otel,ZES,41.003083291522984,28.980696102856655,,Public - Membership Required,2
461952,ZES - Allianz İzmir,ZES,38.30362288772855,27.17206597329141,,Public - Membership Required,1
461951,ZES - Double Tree by Hilton Airport,ZES,38.30785083786333,27.159009403822438,,Public - Membership Required,2
461930,Trugo - Shell Çambel ,Trugo (TR),38.44814587438685,27.517036508873957,,Public - Membership Required,2
461928,Eşarj - Daysil Silikon İzmir,Eşarj (TR),38.47247444231593,27.360157772772254,,Public - Membership Required,2
461927,Önizşarj - Galeria AVM Ankara,(Unknown Operator),39.89531074542907,32.70393804948799,,Public - Membership Required,6
461926,Trugo - Shell Ümitköy ,Trugo (TR),39.89463673507231,32.70266617307641,,Public - Membership Required,4
461925,Eşarj - CarrefourSA Ümitköy,Eşarj (TR),39.89543003688365,32.70192186294821,,Public - Membership Required,3
461923,Oncharge - Tübitak Bilgem Yerleşkesi,OnCharge (TR),39.89879633294771,32.700363267192415,,Public - Membership Required,4
461922,Neva Şarj - İstanbul Sosyete Pazarı,(Unknown Operator),39.90582890106856,32.701742077722656,,Public - Membership Required,2
461921,e-POwer - Petrol Ofisi Ümitköy,ePower,39.90549631950111,32.70354858850021,,Public - Membership Required,1
461920,AstorŞarj - Şa-ra,Astor Şarj (TR),39.89929553996373,32.693014368444324,,Public - Membership Required,2
461919,Trugo - Gordion AVM,Trugo (TR),39.901189445703665,32.69125344244708,,Public - Membership Required,4
461918,Otojet - Mehmetçik Vakfı Etimesgut,Otojet,39.9004040815137,32.686881046306326,,Public - Membership Required,2
461917,AstorŞarj - Ağaçlı BMW Servisi,Astor Şarj (TR),39.900276745037246,32.68384695699933,,Public - Membership Required,2
461915,Eşarj - Otomol Etimesgut,Eşarj (TR),39.8984776034352,32.68383245801374,,Public - Membership Required,2
461914,Eşarj - Baykoçlar Otomotiv,Eşarj (TR),39.89796968821773,32.68310448036118,,Public - Membership Required,2
461913,Eşarj - Ankara Oto Etimesgut,Eşarj (TR),39.89721454227595,32.68050762310372,,Public - Membership Required,2
461912,Interdata - Ekrem Usta Restoran,(Unknown Operator),39.895782618168965,32.67946845114818,,Public - Membership Required,3
461911,Eşarj - Mengerler Ankara,Eşarj (TR),39.894066147795115,32.676707113232965,,Public - Membership Required,3
461910,EŞarj - Otosay Otomotiv ,Eşarj (TR),39.89387515812632,32.67636712845638,,Public - Membership Required,2
461909,CheckPoint - High Life Office,(Unknown Operator),39.89378025515802,32.67523173817881,,Public - Membership Required,6
461908,ZES - Türkiye Petrolleri Etimesgut,ZES,39.8924953802954,32.674498972242645,,Public - Membership Required,1
461907,ERC Sistem - Çağdaş Market Dumlupınar ,(Unknown Operator),39.88676837437154,32.6653928959264,,Public - Membership Required,2
461905,Önizşarj - Azel Urhan Kule ,(Unknown Operator),39.8766679536738,32.655795942772556,,Public - Membership Required,12
461904,5Şarj - Borusan Oto Çayyolu,5 Şarj (TR),39.87881853276909,32.655868392509774,,Public - Membership Required,6
461903,ZES - Elmar Tower,ZES,39.87700635647195,32.65306562138642,,Public - Membership Required,4
461902,Önizşarj - Elmar Tower,(Unknown Operator),39.8768736189447,32.65282655564852,,Public - Membership Required,11
461900,AstorŞarj - Elya Center AVM ,Astor Şarj (TR),39.875122110562586,32.65162764657066,,Public - Membership Required,10
461899,ZES - Elya Center AVM,ZES,39.87540308459495,32.65144805350167,,Public - Membership Required,8
461898,Acropol - Gündoğdu Lezzet Sarayı,(Unknown Operator),39.83809201295381,32.64707247291676,,Public - Membership Required,2
461897,EPSIS - 344 Mehmet Usta,(Unknown Operator),39.853667635996146,32.64832270953775,,Public - Membership Required,2
461896,Acropol - Sierra Yaşamkent Sitesi,(Unknown Operator),39.854078802304684,32.648429371634506,,Public - Membership Required,5
461895,AstorŞarj - Yaşamkent ,Astor Şarj (TR),39.857607292350764,32.64550410870936,,Public - Membership Required,2
461894,ZES - Besa Karina ,ZES,39.85598810849868,32.64558110126143,,Public - Membership Required,2
461893,ZES - BESA NOVA PLAZA,ZES,39.86187554288665,32.64312143230245,,Public - Membership Required,2
461891,Önizşarj - BESA NOVA PLAZA,(Unknown Operator),39.861997445052964,32.64304577506425,,Public - Membership Required,4
461890,Acropol - Yaşamkule,(Unknown Operator),39.848311750898944,32.63730331946476,,Public - Membership Required,3
461889,ZES - Liberica Cafe,ZES,39.85742624370323,32.63594683904353,,Public - Membership Required,2
461888,EPSIS - ANKA CADDE,(Unknown Operator),39.8612356586691,32.63757180975642,,Public - Membership Required,2
461887,ZES - Çankaya Detailing Dükkanı ,ZES,39.860289700695944,32.63649880200194,,Public - Membership Required,2
461886,Q Charge - Akıncı Kule,(Unknown Operator),39.860054119113414,32.636640092268635,,Public - Membership Required,6
461885,Otopriz - Akıncı 1 Kule Çankaya,Otopriz (Türkiye),39.86001881126262,32.63656259445747,,Public - Membership Required,2
461884,WAT Mobilite,WAT Mobilite,39.860205782269304,32.63306875706985,,Public - Membership Required,5
461883,AstorŞarj - Taymek ,Astor Şarj (TR),39.85466257101342,32.60625964299197,,Public - Membership Required,2
461882,e-POwer - Petrol Ofisi ,ePower,39.838553727898955,32.58731780933647,,Public - Membership Required,1
461881,Ekoşarj - MT Enerji,(Unknown Operator),39.80492454339844,32.54818817639671,,Public - Membership Required,16
461880,EPSIS - Aslanlar Petrol,(Unknown Operator),39.77945985757887,32.50509552319363,,Public - Membership Required,2
461879,Trugo - Shell Temelli,Trugo (TR),39.72186114926612,32.33935460437067,,Public - Membership Required,4
461878,EŞarj - Ankara Çelik Kapı,Eşarj (TR),39.700420021654196,32.2688856818944,,Public - Membership Required,3
461877,ŞARJTAK - Türkiye Petrolleri Polatlı ,(Unknown Operator),39.65629216249772,32.21784892519793,,Public - Membership Required,4
461876,ZES - Kartaltepe AVM ,ZES,39.58148563238527,32.15780509404931,,Public - Membership Required,6
461875,Otojet - Beştepe Gross Market,Otojet,39.57584194816059,32.14362305823454,,Public - Membership Required,2
461874,ZES - Polatlı Mc Donald's,ZES,39.57326527549179,32.122531556070385,,Public - Membership Required,2
461873,Eşarj - Yılmaz Usta Konya Tandır,Eşarj (TR),39.57336817583666,32.12212834430943,,Public - Membership Required,2
461872,Lumicle Polatlı ,Lumicle (TR),39.57204767040872,32.11394507035425,,Public - Membership Required,3
461871,EŞarj - Atalay Petrol,Eşarj (TR),39.573236255850475,32.10213948489718,,Public - Membership Required,2
461870,Rst ChargePoint - Nasrettin Hoca D.T,RST Charge Point,39.535809874803135,31.66364918892316,,Public - Membership Required,2
461869,ZES - Nasrettin Hoca Dinlenme T.,ZES,39.53577230550627,31.663519173580767,,Public - Membership Required,2
461868,ZES - ROTA Dinlenme T.,ZES,39.53595188036937,31.65317582906232,,Public - Membership Required,2
461867,Rst ChargePoint - ROTA Dinlenme T.,RST Charge Point,39.53595611540089,31.65289028061295,,Public - Membership Required,2
461866,En Yakıt - ROTA Dinlenme T.,En Yakıt (TR),39.53593917522463,31.652684356244777,,Public - Membership Required,2
461865,Astor Can Osman Dinlenme T.,Astor Şarj (TR),39.439340623915456,31.563256758630473,,Public - Membership Required,4
461864,Rst ChargePoint ,RST Charge Point,39.44148408144656,31.513738024574764,,Public - Membership Required,2
461863,Rst ChargePoint,RST Charge Point,39.55342492344906,31.016507450057134,,Public - Membership Required,2
461862,Rst ChargePoint Orhan Kardeşler,RST Charge Point,39.57931364734188,30.917168799707383,,Public - Membership Required,2
461861,ZES Sever Petrol ,ZES,39.58440521433391,30.900749572810128,,Public - Membership Required,2
461860,ZES Ette Osmanlı Tesisleri,ZES,39.586755697283564,30.898220954191856,,Public - Membership Required,1
461859,Otojet Uzunlar Petrol ,Otojet,39.624225071522915,30.828318716686,,Public - Membership Required,1
461858,WAT Mobilite İzmir Park AVM,WAT Mobilite,38.40355810283086,27.129043695120117,,Public - Membership Required,4
461857,Trugo İzmir Park AVM,Trugo (TR),38.4032138537772,27.128506797807404,,Public - Membership Required,4
461856,5Şarj İzmir Park AVM,5 Şarj (TR),38.40338941502827,27.1285129138912,,Public - Membership Required,2
461855,ZES İzmir Park AVM ,ZES,38.40339622420015,27.12901654138784,,Public - Membership Required,1
461854,ZES Mercan Restoran,ZES,38.4090039541739,27.035285361893898,,Public - Membership Required,2
461853,varr TM Zaitun Restaurant,(Unknown Operator),38.412666425646165,27.015543185951287,,Public - Membership Required,2
461852,ZES İsabey Bağları,ZES,38.261851749490916,27.16529165144152,,Public - Membership Required,2
461851,E-mod Sintaç Depoları,(Unknown Operator),38.27532730340195,27.147383625686757,,Public - Membership Required,22
461850,ZES Adnan Menderes Havalimanı İç Hatlar,ZES,38.29134042607862,27.14705605472659,,Public - Membership Required,3
461848,ZES Adnan Menderes Havalimanı Dış Hatlar Kapalı Otopark ParkNo:74,ZES,38.29481756977404,27.145609972747934,,Public - Membership Required,1
461847,ZES Millenium Otomotiv ,ZES,38.29950074832345,27.138613450497587,,Public - Membership Required,1
461846,otoWATT İçkale Grup,(Unknown Operator),38.327119369080464,27.13664315629717,,Public - Membership Required,1
461845,otoWATT Extenso Otel,(Unknown Operator),38.32696724088899,27.135580190294377,,Public - Membership Required,1
461844,ZES MG Doğan Trend Otomotiv ,ZES,38.329529424305804,27.134891401492155,,Public - Membership Required,1
461843,Hızzlan Mia City Hotel ,(Unknown Operator),38.332165285581596,27.13550213252779,,Public - Membership Required,2
461842,En Yakıt DPark Gaziemir,En Yakıt (TR),38.33351601563044,27.13394088420182,,Public - Membership Required,2
461805,Officium Beytepe,(Unknown Operator),39.86657543886733,32.70983468360416,Çankaya,Public - Membership Required,4
461751,Shell Recharge Trugo Togg,Trugo (TR),38.3985521363941,27.07803859582225,Konak,Public - Membership Required,4
461432,Opet Babaeski Wat Mobilite,WAT Mobilite,41.52442363327942,27.08308134529342,,Public - Membership Required,1
461127,Miggo Migros Güzelbahçe MM,(Unknown Operator),38.37656706864826,26.883722945353384,İzmir,Public - Membership Required,3
461126,Shell Recharge - Shell Güzelbahçe,Shell Recharge (TR),38.37823900785287,26.895078819183595,İzmir,Public - Membership Required,2
461125,ZES Rudis Otel,ZES,38.382791406846366,26.93151518313516,İzmir,Public - Membership Required,2
461124,ŞarjOn Limanreis Muhtarlığı,Şarjon (TR),38.382588208571974,26.93416500774788,İzmir,Public - Membership Required,1
461123,Wat Mobilite Viona Otel,WAT Mobilite,38.38386107354009,26.937393279364187,İzmir,Public - Membership Required,2
461122,ŞarjOn Cemevi Önü,Şarjon (TR),38.39538960907595,26.99255805341511,İzmir,Public - Membership Required,2
461121,ŞarjOn Sessiz Sokak,Şarjon (TR),38.39554772789515,26.998930203393343,İzmir,Public - Membership Required,2
461120,SarjOn Narlıdere Atatürk Kültür Merkezi,Şarjon (TR),38.39560614268106,26.996993836396086,İzmir,Public - Membership Required,4
461119,ŞarjOn Narlıdere Folkart,Şarjon (TR),38.39518909614935,27.017382555732183,İzmir,Public - Membership Required,6
461118,Miggo Migros İnciraltı MMM,(Unknown Operator),38.39739297117222,27.024333640266264,İzmir,Public - Membership Required,2
461117,ZES Balçova İnciraltı Migros ,ZES,38.396758280878316,27.024262000010708,İzmir,Public - Membership Required,1
461116,EKOŞARJ Depark Defne Binası,(Unknown Operator),38.39294010579877,27.02924236725312,İzmir,Public - Membership Required,5
461115,ZES Plaza Otel İzmir,ZES,38.3931219936496,27.03345160772085,İzmir,Public - Membership Required,1
461114,EKOŞARJ Depark Zeytin Binası,(Unknown Operator),38.394211456451785,27.035873432737844,İzmir,Public - Membership Required,2
461113,Wat Mobilite Asma Çatı AVM,WAT Mobilite,38.395482919639335,27.04872098974863,İzmir,Public - Membership Required,5
461112,Wat Mobilite Balçova Koçtaş,WAT Mobilite,38.3950118288806,27.046424299578803,İzmir,Public - Membership Required,2
461111,Wat Mobilite Tınaztepe Balçova Hastanesi,WAT Mobilite,38.39493610695612,27.04430302277285,İzmir,Public - Membership Required,6
461110,ZES Ege Park AVM,ZES,38.39494816393383,27.043704891943662,İzmir,Public - Membership Required,4
461109,Miggo Balçova Kipa AVM,(Unknown Operator),38.39500037620948,27.042293795469732,İzmir,Public - Membership Required,2
461108,Beefull İzmir İstinyePark,(Unknown Operator),38.39841716220624,27.068502740246004,İzmir,Public - Membership Required,4
461107,VOLTRUN İzmir İstinyePark,Voltrun,38.39930911418193,27.068285555740317,İzmir,Public - Membership Required,5
461106,Wat Mobilite İzmir İstinyePark,WAT Mobilite,38.39890142012146,27.067486597443235,İzmir,Public - Membership Required,4
461105,SolarŞarj İzmir İstinyePark ,(Unknown Operator),38.39890639051441,27.06809100708483,İzmir,Public - Membership Required,10
461104,Beefull İzmir İstinyePark ,OnCharge (TR),38.39890639051441,27.06809100708483,İzmir,Public - Membership Required,4
461103,Oncharge İzmir İstinyePark AVM,OnCharge (TR),38.39931575935853,27.067825409774287,İzmir,Public - Membership Required,6
461102,ZES Monza Motors,ZES,38.31777907995209,27.139292824233735,,Public - Membership Required,1
461101,Hızzlan Altay Spor Kulubü,(Unknown Operator),38.315434498526685,27.137588500979177,,Public - Membership Required,2
461100,EŞarj Carrefoursa Gaziemir,Eşarj (TR),38.31199731743354,27.141806274329497,,Public - Membership Required,4
461099,D-Charge Vosmer Gaziemir,(Unknown Operator),38.31328211881865,27.142801704768658,,Public - Membership Required,3
461083,Miggo Gaziemir Kipa,(Unknown Operator),38.31267660445994,27.14350900089653,,Public - Membership Required,1
461082,ZES OPS Mall,ZES,37.79955383310882,27.841101937168787,,Public - Membership Required,26
461081,ZES Gaziemir Kipa,ZES,38.312779198978404,27.143637699962937,,Public - Membership Required,2
461080,ZES Svalinn Hotel,ZES,38.33157319954026,27.13381175112204,,Public - Membership Required,4
461079,ZES Maxeria Blue Diamond Hotel,ZES,37.41686235478059,27.41750931778097,,Public - Membership Required,6
461078,ZES Turgut Oto Bodrum ,ZES,37.20442548978002,27.643830885868965,Muğla,Public - Membership Required,2
461077,ZES Kariaport AVM,ZES,37.16506776470568,27.590287826447252,Muğla,Public - Membership Required,2
461076,ZES Lujo Hotel,ZES,37.13567530091791,27.561201131881603,Muğla,"Private - For Staff, Visitors or Customers",1
461075,ZES La Blanche Island,ZES,37.134959449409266,27.556600239871386,Muğla,"Private - For Staff, Visitors or Customers",2
461035,Shell Mavişehir,Trugo (TR),38.47812280406421,27.065259597578006,İzmir,Public - Membership Required,2
460658,Özdilek Afyonkarahisar AVM,GioEV (TR),38.79226234688318,30.454491327530178,Afyonkarahisar,Public - Membership Required,4
460558,Elektrikli Araç Şarj İstasyonu – ManyCharge,(Unknown Operator),40.76449606428116,29.95698080126408,İzmit,Public - Membership Required,1
460529,Shell Recharge Shell Ayvalık Girişi,(Unknown Operator),39.334909255436486,26.737090846665694,Ayvalık,Public - Membership Required,4
460508,Faruk Ulular Mühendislik (SPARKEV),Spark EV (lk),37.8660818687147,32.494222516106674,Meram,Public,2
460400,Demir Park Avm,Astor Şarj (TR),41.08564918821742,31.17739261439067,AkcakocA,Public - Membership Required,4
460399,Opet,Sharz.Net,41.08621168791029,31.178193493725075,Akçakoca,Public - Membership Required,1
460339,Otojet TotalEnergies Mehmetçik Vakfı Kurtköy İstanbul Yönü,Otojet,40.916886594903104,29.354203327084946,Pendik,Public - Membership Required,18
460338,Otojet Total Energies Mehmetçik Vakfı Kurtköy Ankara Yönü,Otojet,40.92708136052849,29.344474026535863,Pendik,Public - Membership Required,1
460249,Rakerplus Charge Station,(Unknown Operator),38.430482234698104,27.23852644343114,Bornova,Public - Membership Required,1
460186,AutoVolt Enerji,(Unknown Operator),37.10648160148621,41.09876790569328,Mardin,Public,4
460122,Wat Mobilite - Park West AVM,WAT Mobilite,39.79035733676389,30.449792945014053,Tepebaşı,Public - Membership Required,1
459965,En Yakıt - Grand Özalp OTEL,En Yakıt (TR),36.823063595819065,28.79230360438214,Ortaca,Public - Membership Required,2
459271,Bizim Mahalle EKA Enerji,(Unknown Operator),41.02465167051756,28.780854169065833,Küçükçekmece,Public - Membership Required,2
458919,Ercoş Enerji,Eşarj (TR),38.556553648699264,27.564287141454884,,Public,10
458030,Hilal Hill Konutlari,Toger (TR),41.0132216,28.6069675,Istanbul,Public - Membership Required,0
314084,11. Bölge Kız Kulesi Feneri Sitesi 3. Ada,Toger (TR),41.1421945,28.7909177,Istanbul,Public - Membership Required,0
314083,Rüya Evleri,Toger (TR),41.1363153,28.7885145,Istanbul,Public - Membership Required,0
314082,Fenertepe Pazar 24.bölge,Toger (TR),41.1325653366735,28.781413453367737,Istanbul,Public - Membership Required,0
314081,Başakşehir Belediyesi Açık Otopark Ac,Toger (TR),41.1215293,28.7710328,Istanbul,Public - Membership Required,0
314080,Yeniköy Sitesi,Toger (TR),41.114768,28.806573,Istanbul,Public - Membership Required,0
314079,Kayaşehir Vadi Konutları,Toger (TR),41.101907,28.7643529,Istanbul,Public - Membership Required,0
314078,Humeirah Golden,Toger (TR),41.101726,28.784327,Istanbul,Public - Membership Required,0
314077,Kanlica Evleri,Toger (TR),41.099135,28.8054057,Istanbul,Public - Membership Required,0
314076,Model Kuyum Merkezi,Toger (TR),41.089007,28.802586,Istanbul,Public - Membership Required,0
314075,Bahçeşehir 652.ada,Toger (TR),41.08296,28.656277,Istanbul,Public - Membership Required,0
314074,Düden 3-4,Toger (TR),41.071849,28.679968,Istanbul,Public - Membership Required,0
314073,Yuvam Bahçeşehir Evleri 3,Toger (TR),41.06679,28.674855,Istanbul,Public - Membership Required,0
314072,Yuvam Bahçeşehir Evleri 1,Toger (TR),41.064407,28.67426,Istanbul,Public - Membership Required,0
314071,Fezapark Evleri Göztepe,Toger (TR),41.0519039,28.8351474,Istanbul,Public - Membership Required,0
314070,Retno Palm,Toger (TR),41.045971,28.82683,Istanbul,Public - Membership Required,0
314069,Önkar İnşaat Bağcilar,Toger (TR),41.0376337,28.8188469,Istanbul,Public - Membership Required,0
314068,S Life Sitesi,Toger (TR),41.0176072,28.811075,Istanbul,Public - Membership Required,0
313764,Ticaret ve Sanayi Odası,ZES,41.28164200653589,27.998088289775012,Tekirdağ,Public,1
313487,ŞARJ MAHAL,(Unknown Operator),41.41586770036318,35.0576588589355,Durağan ,Public,1
312977,Wat Mobilite Opet CBA Petrol,WAT Mobilite,40.736846032792585,31.657428551997413,Merkez,Public - Membership Required,4
312948,Kadoil RST Chargepoint,RST Charge Point,38.617466765879385,28.889910343423736,Merkez,Public - Membership Required,1
312488,Wat Mobilite Canakkale Koprusu Servis Alani Canakkale Yonu,WAT Mobilite,40.398326730205554,26.615308245898746,Gelibolu,Public - Membership Required,4
312487,Lumicle Canakkale 1915 Bati,Lumicle (TR),40.397763024851685,26.61494670465754,Geliboli,Public - Membership Required,2
312485,Lumicle Canakkale 1915 Dogu,Lumicle (TR),40.39937467370916,26.61774197205432,Gelibolu,Public - Membership Required,2
312484,Wat Mobilite Canakkale Koprusu Istanbul Yonu,WAT Mobilite,40.39913054441294,26.61673966254375,Gelibolu,Public - Membership Required,4
312483,Shell Recharge Shell Edincik,Shell Recharge Solutions (US),40.32713380743502,27.86908720054646,Bandirma,Public - Membership Required,2
312482,Wat Mobilite Opet Bastas ,WAT Mobilite,40.33084802603423,27.891234921383102,Bandirma,Public - Membership Required,2
312479,Lumicle Miraplar,Lumicle (TR),40.34160346362836,27.97951092813946,Bandirma,Public - Membership Required,5
312476,Wat Mobilite - O86 - İstanbul Yönü,WAT Mobilite,40.281848267726446,28.99691115919984,Osmangazi,Public - Membership Required,4
312475,Wat Mobilite - Oksijen 086 İzmir Yönü,WAT Mobilite,40.282184424930335,28.994405844904747,Osmangazi,Public - Membership Required,4
312371,Shell Gulbahce,Trugo (TR),38.32817193651897,26.644449364697834,Urla,Public - Membership Required,2
312362,Lumicle Oksijen 122 Istanbul Yonu,Lumicle (TR),40.27224429433525,28.601211272577387,Karacabey,Public - Membership Required,4
312361,Wat Mobilite Oksijen 122 Istanbul Yonu,WAT Mobilite,40.27230170890746,28.600689985733993,Karacabey,Public - Membership Required,4
312360,Wat Mobilite Oksijen 122 Izmir Yonu,WAT Mobilite,40.273209626456634,28.600241248034877,Karacabey,Public - Membership Required,4
312359,5 Sarj - Oksijen O86 Istanbul Yonu,5 Şarj (TR),40.28150848985106,28.995378043937876,Orhangazi,Public - Membership Required,1
312358,5 Sarj - Oksijen 086 İzmir Yönü ,5 Şarj (TR),40.28261123025521,28.99528587744885,Osmangazi,Public - Membership Required,4
312357,Opet Inegol Lumicle,Lumicle (TR),40.094241172434806,29.485830276949628,Inegol,Public - Membership Required,5
312356,Shell Barikent,Shell Recharge Solutions (US),40.08528687636749,29.512226554443828,Inegol,Public - Membership Required,2
312355,Shell Inegol,Shell Recharge Solutions (US),40.08388467372339,29.52056709868748,Inegol,Public - Membership Required,4
312349,Opet Wat Mobilite,WAT Mobilite,39.44486869036072,30.006109057749427,Merkez,Public - Membership Required,3
312344,Teknik Oto 5 Şarj,5 Şarj (TR),39.82465791567,30.34754205380466,Tepebasi,Public - Membership Required,1
312238,Mavili Sokak,(Unknown Operator),40.206909413409164,29.02682438285558,Osmangazi,"Private - For Staff, Visitors or Customers",1
312184,Total Energies Otojet,WAT Mobilite,38.48161457656357,28.068020719821675,Salihli,Public - Membership Required,1
312183,5 Sarj Petrol Ofisi Salihli,5 Şarj (TR),38.48804592042694,28.058450260747122,Salihl,Public - Membership Required,1
312182,Opet Salihli Petrol Watt,WAT Mobilite,38.494870814288646,28.1807610542387,Salihli,Public - Membership Required,1
312179,En Yakit Adal Gross Market,En Yakıt (TR),38.49121018250008,27.666542222056478,Turgutlu,Public - Membership Required,1
312125,Club Marvy Watt Mobility DC & AC,WAT Mobilite,38.00642543544425,27.113339607218673,Menderes,Public - Membership Required,1
311899,Ramada By Wyndham,Astor Şarj (TR),38.63239951020134,34.85968009579446,Ortahisar,Public - Membership Required,2
311898,Astor Charge,Astor Şarj (TR),38.67346491659538,34.754477323563066,merkez,Public - Membership Required,2
311826,PO Edirne-Kar-pet,ToraŞarj (TR),41.667842253605784,26.570662389133872,Edirne,Public - Membership Required,2
311689,Enza Home,En Yakıt (TR),39.43564698879132,29.999453278150327,Kutahya,Public - Membership Required,1
311619,Petrol Ofisi 5 Şarj,5 Şarj (TR),38.54027260381454,28.64121624511904,Kula,Public - Membership Required,1
311411,EŞARJ Fatih Acar Ticaret,Eşarj (TR),36.966597115079736,28.28583810212615,Muğla,Public - Membership Required,3
311410,Otojet-DOCO Ispartakule,(Unknown Operator),41.0571001162661,28.71276833411514,Avcılar,Public - Pay At Location,4
311294,EN YAKIT Ototay Shell,En Yakıt (TR),37.80854649656732,27.838768309080024,,Public - Membership Required,2
311172,Kayaşehir 23. Bölge,Toger (TR),41.13753898993907,28.791180161134882,Istanbul,Public - Membership Required,0
311171,13. Bölge Bizimada Sitesi,Toger (TR),41.1374983,28.7895974,Istanbul,Public - Membership Required,0
311170,Çamlıbahçe Evleri,Toger (TR),41.1365092,28.7719937,Istanbul,Public - Membership Required,0
311169,Kayaşehir Kavaklıbahçe Sitesi,Toger (TR),41.133594022485354,28.78157442194933,Istanbul,Public - Membership Required,0
311168,Asmalıbahçe 2. Kısım,Toger (TR),41.1308671,28.7717533,Istanbul,Public - Membership Required,0
311167,Başakşehir Belediye Kapalı Otopark Ac,Toger (TR),41.12117545253571,28.77002458594692,Istanbul,Public - Membership Required,0
311166,Ortaköy Sitesi,Toger (TR),41.11064504065272,28.803483497986583,Istanbul,Public - Membership Required,0
311165,Misstanbul Evleri 1. Ada,Toger (TR),41.096328950726594,28.80527111417037,Istanbul,Public - Membership Required,0
311164,Bahçekent Tual 1,Toger (TR),41.09604877767385,28.64858712218938,Istanbul,Public - Membership Required,0
311163,Mostar Life,Toger (TR),41.095458186063716,28.7850975476893,Istanbul,Public - Membership Required,0
311162,Bahçekent Tual 2,Toger (TR),41.09479400949524,28.652647044174397,Istanbul,Public - Membership Required,0
311161,Misstanbul Evleri 3. Ada E2,Toger (TR),41.09314892969877,28.80449192945406,Istanbul,Public - Membership Required,0
311160,Bahçekent Tual 3,Toger (TR),41.09184181299445,28.654131439420446,Istanbul,Public - Membership Required,0
311159,Misstanbul Evleri 3. Ada Ortak,Toger (TR),41.09082224838283,28.80504286210897,Istanbul,Public - Membership Required,0
311158,Kayapark Sakura Evleri,Toger (TR),41.09075896655295,28.75753349999487,Istanbul,Public - Membership Required,0
311157,Bahçekent Emlak Konutları 654. Ada,Toger (TR),41.087383,28.652413,Istanbul,Public - Membership Required,0
311156,Avrupark 650 Ada,Toger (TR),41.08682021886303,28.655762788539246,Istanbul,Public - Membership Required,0
311155,İstanbul Gıda Toptancılar Çarşısı,Toger (TR),41.0859274,28.7229304,Istanbul,Public - Membership Required,0
311154,Bahçeşehir Tren Gari,Toger (TR),41.0839858,28.6793144,Istanbul,Public - Membership Required,0
311153,Burgaz Çarşı Evleri,Toger (TR),41.08380193510825,28.722587289608786,Istanbul,Public - Membership Required,0
311152,Özdemir Bayraktar Bilim Ve Kültür Merkezi,Toger (TR),41.079463414157026,28.662442785755097,Istanbul,Public - Membership Required,0
311151,Spradon Kuzu Residence,Toger (TR),41.07866149146291,28.681012838619555,Istanbul,Public - Membership Required,0
311150,Yeni Hayat Sitesi,Toger (TR),41.0759843506367,28.70627898687937,Istanbul,Public - Membership Required,0
311149,Vaditepe Gölevleri Otopark,Toger (TR),41.07270423630722,28.693798060785237,Istanbul,Public - Membership Required,0
311148,Gül 06 Sitesi,Toger (TR),41.06844621666835,28.683566218373652,Istanbul,Public - Membership Required,0
311147,Fezapark Evleri 102,Toger (TR),41.0617208,28.835895,Istanbul,Public - Membership Required,0
311146,Agena Park,Toger (TR),41.04574414798053,28.672546796413314,Istanbul,Public - Membership Required,0
311145,Gardan Hotel,Toger (TR),41.001168422239225,28.654089415919287,Istanbul,Public - Membership Required,0
311144,Benim Kentim Yalova,Toger (TR),40.5581526,28.8285113,Istanbul,Public - Membership Required,0
311143,Etimesgut Bulvarı 1,Toger (TR),39.910717271808366,32.64941050475468,Istanbul,Public - Membership Required,0
311142,Bağlıca Zirve Konutları,Toger (TR),39.89807640283146,32.65747691174164,Istanbul,Public - Membership Required,0
309466,OVOLT Şarj İstasyonu,Otopriz (Türkiye),36.94644523559249,28.735575832646305,Muğla,Public - Membership Required,2
309012,Lumicle - O167 - İzmir Yönü ,Lumicle (TR),40.0407866626324,28.219761298784874,Celtikci,Public - Membership Required,4
309009,Lumicle - O135 - İstanbul Yönü ,Lumicle (TR),40.250912223945875,28.45319684750723,Karacabey,Public - Membership Required,4
309008,Lumicle - O135 - İzmir Yönü,Lumicle (TR),40.25163484126753,28.449820254595693,Karacabey,Public - Membership Required,4
309004,Petrol Ofisi,Lumicle (TR),39.41295936556554,30.01018116107423,,Public - Membership Required,1
308654,Sönmez Caddesi,(Unknown Operator),40.6905227,30.251977,,"Private - For Staff, Visitors or Customers",1
308603,ASTOR ŞARJ İyaş AVM Dinar,Astor Şarj (TR),38.05626330787817,30.144336114986316,,Public - Membership Required,4
308602,NEVA ŞARJ İyaş AVM Diner,Tesla (including non-tesla),38.05645900904787,30.14441251174594,,Public - Membership Required,4
308601,NEVA ŞARJ Ender Dinlenme Tesisleri,Tesla (including non-tesla),37.828156335271245,29.595752938245596,,Public - Membership Required,4
308600,NEVA ŞARJ Dur Yolcu Sarıkavak,Tesla (including non-tesla),37.45724749185611,28.866232538277245,,Public - Membership Required,4
308474,Trugo - O37 - İzmir Yönü,Trugo (TR),40.525437451727385,29.34158976056048,Orhangazi,Public - Membership Required,8
308437,ENERTÜRK RHG - O228 - İzmir Yönü ,Trugo (TR),39.656082192028805,27.73025064661215,,Public - Membership Required,4
308436,ZES - O228 - İstanbul Yönü ,Trugo (TR),39.655781836954276,27.731002587864822,Karesi,Public - Membership Required,6
308435,Trugo - O37 - İstanbul Yönü ,Trugo (TR),40.52365802843215,29.343749421432932,Orhangazi,Public - Membership Required,8
308434,Trugo - O14 - İstanbul Yönü,Trugo (TR),40.6815276296345,29.467521451902343,Altınova,Public - Membership Required,4
308433,Oksijen O3 Dilovası,Trugo (TR),40.77308469677541,29.5203309516493,Dilovası,Public - Membership Required,6
308297,5 Şarj - Petrol Ofisi Tepebaşı,5 Şarj (TR),39.78653227887881,30.475421075707004,Tepebaşı,Public - Membership Required,1
308279,"OtoPriz - Koparan Kardeşler, Sincan - DC",Otopriz (Türkiye),40.014383,32.52037,Sincan,Public - Membership Required,2
308278,"OtoPriz - Adil Cam, Yakutiye - DC",Otopriz (Türkiye),39.958666,41.297996,Yakutiye,Public - Membership Required,2
308277,"OtoPriz - Akkaya, Pozantı - DC",Otopriz (Türkiye),37.428668,34.876073,Pozantı,Public - Membership Required,2
308276,"OtoPriz - Eroğlu, Pozantı - DC",Otopriz (Türkiye),37.41956,34.873783,Pozantı,Public - Membership Required,2
308173,Erka Çarşı,WAT Mobilite,39.38566226554599,30.03789526603552,,Public - Membership Required,1
308041,Opet Astor Charge,Astor Şarj (TR),38.56775775447949,28.57495477599514,Kula,Public - Membership Required,1
308000,Tesla SC - O204 - İzmir Yönü,Tesla (including non-tesla),39.757185791064984,27.963093430369327,,Public - Membership Required,8
307886,Tavukcu Yakup Restoran,RST Charge Point,38.9242089223672,29.303886797030373,Gediz,Public - Membership Required,1
307885,Gediz Hotel,WAT Mobilite,38.987601215023176,29.394863964077672,Gediz,Public - Membership Required,1
307605,"OtoPriz Trabzon Ekmek, Avcılar - DC",Otopriz (Türkiye),40.993164232278566,28.71013738427213,Avcılar,Public - Membership Required,1
307604,"OtoPriz Green Sanat, Atakum - AC",Otopriz (Türkiye),41.3277505627282,36.306513158739335,Atakum,Public - Membership Required,1
307603,"OtoPriz Green Sanat, Atakum - DC",Otopriz (Türkiye),41.327851,36.306799,Atakum,Public - Membership Required,2
307602,"OtoPriz Sincer, Osmaniye Merkez - DC",Otopriz (Türkiye),37.118414,36.219885,Osmaniye Merkez,Public - Membership Required,2
307601,"OtoPriz Güzeller, Gebze DC",Otopriz (Türkiye),40.839699,29.432975,Gebze,Public - Membership Required,2
307600,"OtoPriz Sultan Town, Sultangazi - DC",Otopriz (Türkiye),41.1063413,28.8725969,Sultangazi,Public - Membership Required,2
307573,Trugo Yüreğir,Trugo (TR),36.98752979511612,35.34888224165002,Adana,Public - Membership Required,2
307514,ADZE ŞARJ,ADZE ŞARJ (TR),41.148657693205564,27.835260551910096,Çorlu,Public,1
307513,ZES İpsala Türkiye Giriş,ZES,40.931717407794764,26.331275232340772,,Public - Membership Required,4
307512,ZES İbrahim Girgin Gümrük Araç Parkı,ZES,40.92227531975968,26.34884007716414,,Public - Membership Required,8
307243,ZES Opet Çine,ZES,37.64549620815957,28.02946309005847,,Public - Membership Required,1
307242,Neva Şarj,Bilinmiyor,37.0143215110529,28.467675970119217,Muğla,Public - Membership Required,4
307198,TESLA SC Oksijen 068 İzmir Yönü,Tesla (including non-tesla),40.38874471771453,29.139481030853688,Bursa,Public - Membership Required,8
307197,TESLA SC Oksijen 068 İstanbul Yönü,Tesla (including non-tesla),40.3895048763074,29.14193796688437,bursa,Public - Membership Required,8
307155,Watt MOBİLİTE KOCATEPE PETROL,WAT Mobilite,36.92734430527014,29.72377320898545,Bekçiler,Public - Membership Required,2
306871,Trugo DC Gölbaşı Shell,Trugo (TR),37.77843632174442,37.62843550587763,Gölbaşı,Public - Membership Required,1
306788,Enyakit DC Kayıkçıoğlu Total Erdemli ,Trugo (TR),36.642942711224734,34.356117377568154,Erdemli,Public - Membership Required,1
306787,Otojet DC TotalEnergies İstasyonu Kayıkçıoğlu Petrol,Trugo (TR),36.642998436322,34.3563196779227,Erdemli,Public - Membership Required,1
306786,Trugo DC AMR Petrol,Trugo (TR),37.37975631324471,36.87017699020251,Türkoğlu,Public - Membership Required,1
306766,AMR Petrol Trugo DC,Trugo (TR),37.37990704886134,36.87016828868764,Türkoğlu,Public - Membership Required,1
306763,Mersin-Antalya Yolu,Astor Şarj (TR),36.19186520328488,33.61260656087717,Silifke,Public - Membership Required,1
306762,Mersin-Antalya yolu,Powerşarj,36.52890150456372,34.218461758679325,Erdemli,Public - Membership Required,1
306761,Mersin-Antalya yolu,GioEV (TR),36.326525456917224,33.8901577065227,Silifke,Public - Membership Required,1
306681,Muhtar Akbekir 2. Sokak,En Yakıt (TR),36.75696922565436,28.801097192711268,Dalaman,Public - Membership Required,2
306680,Muğla - Fethiye Yolu,(Unknown Operator),36.76006849611021,28.88129005151177,Dalaman,Public - Membership Required,2
306654,Enyakıt,En Yakıt (TR),41.0804401161561,28.3373822335177,Silivri,Public - Membership Required,2
306297,"OtoPriz Kardelen, Çiftlikköy - DC",Otopriz (Türkiye),40.673275,29.345142,Çiftlikköy,Public - Membership Required,2
306295,"OtoPriz Kiza, Seyhan - AC",Otopriz (Türkiye),36.99583,35.256821,Seyhan,Public - Membership Required,2
306290,"OtoPriz Yıldız, Sarıçam - DC",Otopriz (Türkiye),37.02565,35.39909,Sarıçam,Public - Membership Required,1
306289,"OtoPriz Hasan Usta, Çukurova - DC",Otopriz (Türkiye),37.049261,35.280604,Çukurova,Public - Membership Required,2
306287,"OtoPriz Kiza, Seyhan - DC-2",Otopriz (Türkiye),36.996325,35.256254,Seyhan,Public - Membership Required,2
306286,"OtoPriz Kiza, Seyhan - DC-1",Otopriz (Türkiye),36.99609,35.258733,Seyhan,Public - Membership Required,2
306285,"OtoPriz Görgülü, Keşan - AC",Otopriz (Türkiye),40.870932,26.627678,Keşan,Public - Membership Required,2
306284,"OtoPriz Seyhanlar Çamlıca Gross 16, Nilüfer - DC",Otopriz (Türkiye),40.198199356494094,28.968895115746754,Nilüfer,Public - Membership Required,2
306283,"OtoPriz Anadolu Park, Maltepe - AC",Otopriz (Türkiye),40.92218404525747,29.16551627909403,Maltepe,Public - Membership Required,3
306281,"OtoPriz Dağtekin, Etimesgut - DC",Otopriz (Türkiye),39.834217,32.584161,,Public - Membership Required,2
306280,"OtoPriz Güzeller, Gebze AC-1",Otopriz (Türkiye),40.8352724848213,29.436734198505803,Gebze,Public - Membership Required,2
306278,"OtoPriz File Alavardı, Meram - DC",Otopriz (Türkiye),37.874588474855514,32.44968406548623,Meram,Public - Membership Required,2
306276,"OtoPriz Meydan, Zeytinburnu - DC",Otopriz (Türkiye),40.99627,28.910355,Zeytinburnu,Public - Membership Required,2
305898,OTOJET ,Otopriz (Türkiye),40.89824374162339,26.38584868657938,İpsala,Public - Membership Required,2
305643,HIZZLAN Kaltun MAdran Su Fabrikası,ToraŞarj (TR),37.57693822736748,28.05812711192442,Çine,Public - Membership Required,2
305641,Aydın - Muğla Yolu,ZES,37.602950378497724,28.06003809810022,Çine,Public - Membership Required,3
305476,Geldol - Demiröz Makina,Sharz.Net,40.86240633959295,29.2769287780809,Pendik,Public - Membership Required,1
305464,"OtoPriz Çıtır Simit, Yenimahalle - DC",Otopriz (Türkiye),39.79674728527778,32.53317913225686,Yenimahalle,Public - Membership Required,2
305452,Geldol - Florence Nightingale,Sharz.Net,41.06295756772943,29.00434002997099,,Public - Membership Required,6
305377,ZES İpsala Sınır Kapısı Cikis Yonu,ZES,40.93463548716352,26.327369398301585,İpsala,Public - Membership Required,4
305296,Zengin Petrol ,Sharz.Net,41.100917391620015,28.980004499429015,Kâğıthane,Public - Membership Required,1
304974,Lumicle 10 Edremit sarıkız Olivecity,Lumicle (TR),39.59050123877722,26.929778256613076,Edremit,Public - Membership Required,2
304967,Foça Ensar Hotel,(Unknown Operator),38.67244646168985,26.75601603864381,Foça,Privately Owned - Notice Required,1
304915,Süleyman Demirel Caddesi,Astor Şarj (TR),37.79819717489332,30.538340400597328,,Public - Membership Required,1
304836,"OtoPriz Seyhanlar Yunuseli, Osmangazi - DC",Otopriz (Türkiye),40.246848,28.995645,Osmangazi,Public - Membership Required,2
304835,"OtoPriz Seyhanlar Gross 16 Nosap, Nilufer - DC",Otopriz (Türkiye),40.242837,28.936731,Nilüfer,Public - Membership Required,2
304834,"OtoPriz Seyhanlar Market, Nilüfer - DC",Otopriz (Türkiye),40.207827,28.992006,Nilüfer,Public - Membership Required,1
304501,ZES Turgut Otomotiv,ZES,37.25429555664306,28.23443536507841,,Public - Membership Required,2
304322,"OtoPriz Akün, Pozantı - DC",Otopriz (Türkiye),37.437916,34.876719,Pozantı,Public - Membership Required,2
304321,"OtoPriz Akdemirler, Tarsus - DC",Otopriz (Türkiye),36.964062,34.944978,Tarsus,Public - Membership Required,2
304319,"OtoPriz FM İnşaat, Seyhan - DC",Otopriz (Türkiye),37.02485999999924,35.25485999999978,Seyhan ,Public - Membership Required,2
304299,EŞARJ Şenapa Gıda Torbalı,Eşarj (TR),38.13376106075458,27.38336954021773,Torbalı,Public - Membership Required,2
304292,Otojet CNS Muğla,CV Charging Vehicles,37.17939148362926,28.37199982529728,Menteşe,Public - Membership Required,2
304249,MYZCO Şarj Arena Düğün Salonu,CV Charging Vehicles,38.11712463363412,27.71641298204068,Tire,Public - Membership Required,2
304247,WAT Mobilite Tınaztepe Hastahanesi Torbalı,WAT Mobilite,38.14264727660975,27.36710360277459,Torbalı,Public - Membership Required,2
304176,İstasyon Caddesi,ZES,38.10240504701787,27.715982887427344,Tire,Public - Membership Required,3
304032,ENYAKIT İnci Otel,En Yakıt (TR),37.75161597080681,29.10647169239087,Pamukkale,Public - Membership Required,2
304017,"OtoPriz Zeruj, Pendik - DC-1",Otopriz (Türkiye),40.88187,29.232208,Pendik,Public - Membership Required,2
304016,"OtoPriz Ada, Üsküdar - DC",Otopriz (Türkiye),41.04133780179879,29.043187598832674,Üsküdar,Public - Membership Required,1
304015,"OtoPriz Bosspa, Bornova - DC",Otopriz (Türkiye),38.469188,27.2264125,Bornova,Public - Membership Required,2
304014,"OtoPriz Bahçeşehir Koleji, Dörtyol - DC",Otopriz (Türkiye),36.851064,36.208472,Dörtyol,Public - Membership Required,2
304013,"OtoPriz Eksun, Muratlı - AC - 2",Otopriz (Türkiye),41.189629,27.51226,Muratlı,Public - Membership Required,1
304012,"OtoPriz Eksun, Muratlı - AC - 1",(Unknown Operator),41.189639,27.51226,Muratlı,Public - Membership Required,1
304011,"OtoPriz Eksun, Muratlı - DC",(Unknown Operator),41.18969408855048,27.512337872104325,Muratlı,Public - Membership Required,2
303843,Tora Şarj Metes Tarım,ToraŞarj (TR),36.82292003247669,28.7930836344907,Ortaca,Public - Membership Required,1
303828,ZES Şarj İstasyonu,ZES,36.71790854409741,28.785788769796,Dalaman,Public,2
303805,Bendis AVM,WAT Mobilite,40.83699405808491,26.626127984611344,Keşan,Public - Membership Required,1
303802,WAT mobilite Tınaztepe Hastanesi,WAT Mobilite,38.143235986495654,27.365804699485068,Torbalı,Public - Membership Required,2
303801,507 Sokak,WAT Mobilite,36.85845788892479,28.253446626106324,Marmaris,Public - Membership Required,4
303658,Solargize - Aka Catering ,(Unknown Operator),40.68662799265053,29.42995859976611,Çiftlikköy,Public - Membership Required,1
303657,"Şahan Petrol, Yerköy - DC",Otopriz (Türkiye),39.740438,34.253265,YERKÖY,Public - Membership Required,2
303656,"OtoPriz Grand Ser, Yozgat Merkez - DC",Otopriz (Türkiye),39.817163,34.789701,Merkez,Public - Membership Required,2
303655,"OtoPriz Gala, Yozgat Merkez - DC",Otopriz (Türkiye),39.802692,34.781258,MERKEZ,Public - Membership Required,2
303654,"OtoPriz Ulusoy, Şefaatli - DC",Otopriz (Türkiye),39.491766,34.760031,Şefaatli,Public - Membership Required,2
303653,"2A Gross İki Nisan, İpekyolu - DC",Otopriz (Türkiye),38.493662,43.386493,İpekyolu,Public - Membership Required,2
303652,"2A Gross Hatuniye, İpekyolu - DC",Otopriz (Türkiye),38.486936,43.365455,İpekyolu,Public - Membership Required,2
303651,"Arden, Edremit - DC",(Unknown Operator),38.43223,43.309454,EDREMİT ,Public - Membership Required,2
303650,"Akdamar, Gevaş - DC",(Unknown Operator),38.313071,43.115463,Gevaş,Public - Membership Required,2
303649,"Edens, Edremit - DC",(Unknown Operator),38.454389,43.333321,Edremit,Public - Membership Required,2
303648,"Castrol, Tuşba - DC",Otopriz (Türkiye),38.534457,43.350745,Tuşba,Public - Membership Required,2
303647,"Kandahar Petrol, Muradiye - DC",Otopriz (Türkiye),39.004316,43.750159,Muradiye,Public - Membership Required,2
303646,"7 Kıta Yanar Petrol, Erciş - DC",Otopriz (Türkiye),39.0151891,43.330171,ERCİŞ ,Public - Membership Required,2
303645,"OtoPriz Ümran, Tuşba - DC",Otopriz (Türkiye),38.520464,43.363,Tuşba,Public - Membership Required,2
303644,"OtoPriz Çavuştepe Petrol, Gürpınar - DC",Otopriz (Türkiye),38.348039,43.440791,Gürpınar,Public - Membership Required,2
303643,"OtoPriz Van-Pet Petrol, Gürpınar - DC",Otopriz (Türkiye),38.344387,43.432048,Gürpınar,Public - Membership Required,2
303642,"OtoPriz Gözegir Petrol, Gevaş - DC",Otopriz (Türkiye),38.303772,43.134773,Gevaş,Public - Membership Required,2
303641,"OtoPriz Başak Petrol, Erbaa - DC",Otopriz (Türkiye),40.68156,36.552526,ERBAA,Public - Membership Required,2
303640,"OtoPriz Sevindir, Zile - DC",Otopriz (Türkiye),40.309365,35.906534,ZİLE,Public - Membership Required,2
303639,"OtoPriz İso Gross, Turhal - DC",Otopriz (Türkiye),40.360329,36.106148,TURHAL,Public - Membership Required,2
303638,"OtoPriz Müşüroğlu Petrol, Pazar - DC",Otopriz (Türkiye),40.286536,36.303903,PAZAR,Public - Membership Required,2
303637,"OtoPriz Şahinler, Niksar - DC",Otopriz (Türkiye),40.580037,36.924482,Niksar,Public - Membership Required,2
303636,"OtoPriz Yeşil Vadi, Tokat Merkez - DC",(Unknown Operator),40.28431,36.550019,MERKEZ ,Public - Membership Required,2
303635,"OtoPriz Coşaroğulları, Tokat Merkez - DC",Otopriz (Türkiye),40.333728,36.538523,Merkez,Public - Membership Required,2
303634,"Palmiyem, Baykan - DC",Otopriz (Türkiye),38.1308,41.719647,Veyselkarani Köyü,Public - Membership Required,2
303633,"Tillo Belediyesi, Tillo - DC",Otopriz (Türkiye),37.949255,42.011773,Aydınlar,Public - Membership Required,2
303632,"Murat Market, Siirt Merkez - DC",Otopriz (Türkiye),37.935839,41.938114,Merkez,Public - Membership Required,2
303631,"OtoPriz Siirt Park, Siirt Merkez - DC",Otopriz (Türkiye),37.936737,41.925869,Merkez,Public - Membership Required,2
303630,"OtoPriz Otogar, Kurtalan - DC",Otopriz (Türkiye),37.927418,41.702881,Kurtalan,Public - Membership Required,2
303629,"OtoPriz DEDAŞ, Eyyübiye - DC",Otopriz (Türkiye),37.116578,38.817756,Eyyübiye,Public - Membership Required,2
303628,"OtoPriz Eroğlu, Hilvan - DC",Otopriz (Türkiye),37.569431,38.939393,Hilvan,Public - Membership Required,2
303627,"Nasıroğulları, Muş Merkez - DC",Otopriz (Türkiye),38.749168,41.50521,Merkez ,Public - Membership Required,2
303626,"Global, Muş Merkez - DC",Otopriz (Türkiye),38.758301,41.502061,Merkez,Public - Membership Required,2
303625,"OtoPriz Diyar, Hasköy - DC",Otopriz (Türkiye),38.702875,41.658637,Hasköy,Public - Membership Required,2
303624,"OtoPriz Petlas, Bulanık - DC",Otopriz (Türkiye),39.096994,42.244207,Bulanık ,Public - Membership Required,2
303623,"OtoPriz Ramada, Mardin Merkez - AC",Otopriz (Türkiye),37.326266,40.753368,Artuklu,Public - Membership Required,1
303622,OtoPriz Ramada Otel2,Otopriz (Türkiye),37.326266,40.753368,Artuklu,Public - Membership Required,1
303621,"OtoPriz Mardian, Artuklu - DC",(Unknown Operator),37.321596,40.723659,Artuklu,Public - Membership Required,2
303620,"Aktürk, Yahşihan - DC",Otopriz (Türkiye),39.864261,33.458614,YAHŞİHAN,Public - Membership Required,2
303619,"OtoPriz Vinpet, Balışeyh - DC",Otopriz (Türkiye),39.910064,33.718863,BALIŞEYH,Public - Membership Required,2
303618,"OtoPriz Uğur Petrol, Delice - DC",Otopriz (Türkiye),39.894162,33.999113,DELİCE,Public - Membership Required,2
303617,"OtoPriz Yıldızlar, Kırıkkale Merkez - DC",(Unknown Operator),39.860652,33.480763,DELİCE,Public - Membership Required,2
303616,"OtoPriz Üçyıldız Kardeşler, Kırıkkale Merkez - DC",(Unknown Operator),39.840071,33.525089,Merkez,Public - Membership Required,2
303615,"OtoPriz Cengiz Petrol, Balışeyh - DC",Otopriz (Türkiye),39.914689,33.738665,Balışeyh,Public - Membership Required,2
303614,"OtoPriz Mertay, Kırıkkale Merkez - DC",(Unknown Operator),39.867452,33.635629,,Public - Membership Required,2
303613,"OtoPriz Eon, Sultanbeyli - DC",(Unknown Operator),40.969806,29.251,Sultanbeyli,Public - Membership Required,2
303612,"OtoPriz Eon, Sultanbeyli - AC-1",(Unknown Operator),40.969616,29.2511,Sultanbeyli,Public - Membership Required,1
303611,"OtoPriz Eon, Sultanbeyli - AC-2",(Unknown Operator),40.969926,29.2511,Sultanbeyli,Public - Membership Required,1
303610,"OtoPriz Vizyon Park, Kartal - DC-2",Otopriz (Türkiye),40.908661,29.199269,Kartal,Public - Membership Required,2
303609,"OtoPriz Vizyon Park, Kartal - DC-1",(Unknown Operator),40.908578,29.1992081,Kartal,Public - Membership Required,2
303608,"OtoPriz Dembeller, Pendik - DC",Otopriz (Türkiye),40.891078,29.262542,Pendik,Public - Membership Required,2
303607,"OtoPriz Vizyon Park, Kartal - AC",(Unknown Operator),40.908575,29.199208,Kartal,Public - Membership Required,1
303606,OtoPriz Dumankaya Vizyon Park Açık Otopark AC 2,(Unknown Operator),40.908673,29.1992081,Kartal,Public - Membership Required,1
303605,OtoPriz Dumankaya Vizyon Park Kapalı Otopark AC 1,(Unknown Operator),40.907981,29.198782,Kartal,Public - Membership Required,1
303604,OtoPriz Dumankaya Vizyon Park Kapalı Otopark AC 2,(Unknown Operator),40.907981,29.198782,Kartal,Public - Membership Required,1
303603,"OtoPriz La Quinta, Bağcılar - DC",Otopriz (Türkiye),41.035824,28.811811,Bağcılar,Public - Membership Required,2
303602,"OtoPriz File Trendist, Ataşehir - DC",Otopriz (Türkiye),40.9886395,29.143521,Ataşehir,Public - Membership Required,2
303600,"OtoPriz Esbaş, Eyüpsultan - DC",Otopriz (Türkiye),41.049502,28.934972,Eyüpsultan,Public - Membership Required,2
303597,"OtoPriz Rami, Eyüpsultan - DC",Otopriz (Türkiye),41.047588,28.918253,Eyüpsultan,Public - Membership Required,2
303596,"OtoPriz Aslı, Ümraniye - DC",Otopriz (Türkiye),40.999459,29.167802,Ümraniye ,Public - Membership Required,2
303595,"OtoPriz World Point, Esenyurt - DC",(Unknown Operator),41.023271,28.636372,Esenyurt,Public - Membership Required,2
303594,"OtoPriz Ramada Florya, Bakırköy - DC",Otopriz (Türkiye),40.990696,28.795642,Küçükçekmece,Public - Membership Required,2
303593,"OtoPriz File Liv, Beylikdüzü - DC",Otopriz (Türkiye),40.982988,28.681785,Beylikdüzü,Public - Membership Required,2
303592,"OtoPriz File Küçükbakkalköy, Ataşehir - DC",(Unknown Operator),40.98304,29.124918,Ataşehir ,Public - Membership Required,2
303591,"OtoPriz Zap, Hakkari Merkez - DC",Otopriz (Türkiye),37.518216,43.730759,,Public - Membership Required,2
303590,"OtoPriz Çavlı, Yüksekova - DC",Otopriz (Türkiye),37.569842,44.275872,,Public - Membership Required,2
303589,"OtoPriz Depin, Hakkari Merkez - DC",(Unknown Operator),37.570339,43.767344,Hakkâri Merkez,Public - Membership Required,2
303588,OtoPriz Dicle Edaş Kampüs AC ,(Unknown Operator),37.93064,40.178826,Kayapınar,Public - Membership Required,1
303587,OtoPriz Dicle Edaş Kampüs DC( A),Otopriz (Türkiye),37.93045,40.178868,Kayapınar,Public - Membership Required,2
303586,"OtoPriz Dünyapark, Kayapınar - DC",(Unknown Operator),37.931001,40.150975,Kayapınar,Public - Membership Required,2
303585,"Hışıroğlu, Çorum Merkez - DC",Otopriz (Türkiye),40.56175,34.944073,MERKEZ,Public - Membership Required,2
303584,"Baykallar Petrol, İskilip - DC",Otopriz (Türkiye),40.712346,34.484805,İSKİLİP,Public - Membership Required,2
303583,"Hanedan, Osmancık - DC",(Unknown Operator),40.977786,34.781653,OSMANCIK,Public - Membership Required,2
303582,"Sultan Sofrası, Osmancık - DC",Otopriz (Türkiye),40.971461,34.848997,OSMANCIK,Public - Membership Required,2
303581,"Özgür, Sungurlu - DC",Otopriz (Türkiye),40.172561,34.402204,SUNGURLU,Public - Membership Required,2
303580,"OtoPriz Özseda Petrol, Çorum Merkez - DC",(Unknown Operator),40.466106,34.862596,Merkez,Public - Membership Required,2
303579,"Buzlupınar, Bitlis Merkez - DC",(Unknown Operator),38.297962,42.000628,Merkez,Public - Membership Required,2
303578,"2A Gross, Tatvan - DC",(Unknown Operator),38.511718,42.277837,Tatvan,Public - Membership Required,2
303577,"Yeşilırmak, Bitlis Merkez - DC",(Unknown Operator),38.485685,42.175523,Merkez,Public - Membership Required,2
303576,"Seyr-i Cevaz, Adilcevaz - DC",Otopriz (Türkiye),38.793369,42.711327,Adilcevaz,Public - Membership Required,2
303575,"Kardelen, Tatvan - DC",(Unknown Operator),38.494154,42.285288,Tatvan,Public - Membership Required,2
303574,"OtoPriz Doğu Pasifik, Güroymak - DC",Otopriz (Türkiye),38.579966,42.013922,Güroymak,Public - Membership Required,2
303573,"OtoPriz Petrolcity, Batman Merkez - DC",Otopriz (Türkiye),37.920219,41.135701,Merkez,Public - Membership Required,2
303572,"OtoPriz Kofan, Batman Merkez - AC",(Unknown Operator),37.888471,41.156697,Merkez,Public - Membership Required,1
303571,"OtoPriz Saray, Muratpaşa - DC 1",Otopriz (Türkiye),36.893963,30.668776,Muratpaşa,Public - Membership Required,2
303570,"OtoPriz Saray, Muratpaşa - DC 2",(Unknown Operator),36.897757,30.668756,Muratpaşa,Public - Membership Required,2
303569,"OtoPriz Kule Evo, Çankaya - DC ",(Unknown Operator),39.874178,32.649612,Çankaya,Public - Membership Required,2
303568,OtoPriz Kule Evo 2,Otopriz (Türkiye),39.874078,32.649612,Çankaya,Public - Membership Required,2
303567,"OtoPriz Via Green, Çankaya - DC",(Unknown Operator),39.908928,32.743472,Çankaya,Public - Membership Required,2
303566,"OtoPriz Tepe Prime, Çankaya - AC",(Unknown Operator),39.909096,32.755106,Çankaya,Public - Membership Required,1
303565,"OtoPriz Via Green, Çankaya - AC - 1",(Unknown Operator),39.908938,32.743472,Çankaya,Public - Membership Required,1
303564,"OtoPriz Via Green, Çankaya - AC - 2",(Unknown Operator),39.908948,32.743472,Çankaya,Public - Membership Required,2
303563,"OtoPriz ATO, Çankaya - DC",(Unknown Operator),39.910345,32.801189,Çankaya,Public - Membership Required,2
303562,"Nokta Oto, Amasya Merkez - DC",(Unknown Operator),40.658379,35.834593,,Public - Membership Required,2
303561,"Wosmer, Merzifon - DC",(Unknown Operator),40.861329,35.469853,MERZİFON,Public - Membership Required,2
303560,"Başak Petrol, Taşova - DC-1",Otopriz (Türkiye),40.732977,36.370219,TAŞOVA,Public - Membership Required,2
303559,"Başak Petrol, Taşova - DC-2",(Unknown Operator),40.731542,36.382431,TAŞOVA,Public - Membership Required,2
303558,"OtoPriz ÇTN, Merzifon - DC",(Unknown Operator),40.874432,35.546083,Merzifon,Public - Membership Required,2
303557,"OtoPriz Yolpınar, Suluova - DC",Otopriz (Türkiye),40.757464,35.724779,Suluova,Public - Membership Required,2
303556,"OtoPriz Taşpınar, Pozantı - DC-1",(Unknown Operator),37.43289368,34.87628,Pozantı,Public - Membership Required,2
303555,"OtoPriz Taşpınar, Pozantı - AC",(Unknown Operator),37.4339568,34.876418,Pozantı,Public - Membership Required,1
303554,"OtoPriz Taşpınar, Pozantı - DC-2",(Unknown Operator),37.433605,34.876251,Pozantı,Public - Membership Required,2
303384,Xşarj - Valeri Beach Hotel,(Unknown Operator),36.60251022791755,30.565969654330388,Kemer,Public - Membership Required,1
302558,GIOEV Selway Doğu,GioEV (TR),38.377818583249166,27.07354613674798,,Public - Membership Required,4
302200,Ankara - Eskişehir Yolu,Astor Şarj (TR),39.44490834015275,31.568526442958245,Sivrihisar,Public - Membership Required,2
302199,Başkent Mola Tesisleri,Trugo (TR),39.44493473682667,31.56854209790015,,Public - Membership Required,1
302197,DİVAİSİB TERMAL HOTEL - MyCharge,(Unknown Operator),39.21179,34.864082,Kozaklı,Public,1
301960,Kanuni Caddesi,Eşarj (TR),40.216824318064084,28.978783577896138,Nilüfer,Public - Membership Required,1
301838,Shell Esadaş Dinlenme Tesisleri Refahiye,Trugo (TR),39.91073180162823,38.76983358297218,Refahiye,Public - Pay At Location,4
301669,Trugo - Shell ,Trugo (TR),37.56278869316776,27.354231844144522,Söke,Public - Membership Required,2
301651,Oncharge - Yalıkavak Marina,ZES,37.102592476571346,27.28426629310252,Bodrum,Public - Membership Required,1
301618,E-Power - Tuzgölü Doğu,ZES,39.266851410037276,33.09797264454312,Balâ,Public - Membership Required,1
301617,E-Power - Tuzgölü Batı,ZES,39.26621412561485,33.09659754547408,Balâ,Public - Membership Required,1
301616,Watt - Dinamik Akaryakıt Güney,WAT Mobilite,39.677025816680754,32.74288541484202,Gölbaşı,Public - Membership Required,1
301615,Prim Şarj - Değirmen Restaurant,ZES,37.758764309334424,27.28999069199267,Kuşadası,Public - Membership Required,1
301015,Mareşal Eşref Bitlis,En Yakıt (TR),41.00618500000107,29.19087799999852,Sancaktepe,Public - Membership Required,2
300907,ZES - Rüya 48 Outlet,ZES,37.25481156101006,28.2295369865177,Menteşe,Public - Membership Required,28
300906,Trugo Ramada by Wyndham Soma,Trugo (TR),39.18398557430521,27.54884697937723,Soma,Public - Membership Required,1
300905,Trugo Shell Kınık,Trugo (TR),39.10266842050561,27.280497211298155,Kınık,Public - Membership Required,1
300904,Trugo Shell Bergama,Trugo (TR),39.05909321359084,27.10465920978322,Bergama,Public - Membership Required,1
300803,Esarj Hapimag,Astor Şarj (TR),36.987808336378265,27.556313055846914,Bodrum,Public - Membership Required,2
300654,Malkara-Çanakkale Otoyolu,En Yakıt (TR),40.399351235072885,26.61698552356461,Gelibolu,Public - Membership Required,2
300552,360 Bahcesehir Park,Astor Şarj (TR),41.072376310944094,28.68629989973249,Başakşehir,Private - Restricted Access,2
300551,Ispartakule Caddesi,Astor Şarj (TR),41.07774954547929,28.690496388631345,Başakşehir,Private - Restricted Access,3
300550,Kelebek Sokak,Voltrun,41.063054290688,28.685461704318755,Başakşehir,Public - Membership Required,2
300549,TRUGO SHELL,Trugo (TR),41.071644428637626,28.693771223978047,ISTANBUL,Public - Membership Required,2
300531,ADZE MIGROS PARK 2 BAHCESEHIR,(Unknown Operator),41.072416556695,28.684699576142407,Başakşehir,Public - Membership Required,2
299818,Autopia Otomobil Avm,Toger (TR),41.01973014122889,28.633652431724883,Istanbul,Public - Membership Required,0
299817,Çayırova E5 Yan yol - Alemdar Köprüsü,Toger (TR),40.791456,29.404077,Istanbul,Bilinmiyor,0
299811,GioEV Gloria Avm Çeşme,GioEV (TR),38.31279263054782,26.34343782246117,Çeşme,Public - Membership Required,2
299649,Powerşarj - Demir Country Kapalı Otopark,Powerşarj,40.984279492646465,28.658100855525486,İstanbul,Public,1
299648,Powerşarj - Demir Country Galata Kulesi,Powerşarj,40.98406490858986,28.658213225465747,İstanbul,Public,1
299631,11. Bölge Kız Kulesi Feneri Sitesi 2. Ada,Toger (TR),41.143416,28.789351,Istanbul,Public - Membership Required,0
299630,Başakşehir Belediye Açık Otopark Dc,Toger (TR),41.121216,28.766457,Istanbul,Public - Membership Required,0
299629,Soyak Konforia,Toger (TR),41.111321,28.675282,Istanbul,Public - Membership Required,0
299628,Başakşehir Millet Bahçesi,Toger (TR),41.121571,28.779723,Istanbul,Public - Membership Required,0
299627,Onurkent Spor Parkı,Toger (TR),41.105704,28.780993,Istanbul,Public - Membership Required,0
299626,Kayaşehir Mercan Sitesi,Toger (TR),41.10550225469586,28.749054538075036,Istanbul,Public - Membership Required,0
299625,Avrasya Konutları 1,Toger (TR),41.103608,28.771192,Istanbul,Bilinmiyor,0
299624,Kayaşehir Firuze Sitesi,Toger (TR),41.09821288593955,28.76215645210438,Istanbul,Public - Membership Required,0
299623,Başakşehir Livinglab,Toger (TR),41.095572,28.803287,Istanbul,Public - Membership Required,0
299622,Misstanbul Evleri 2. Ada,Toger (TR),41.09401434223169,28.805210730653478,Istanbul,Public - Membership Required,0
299621,Semt Bahçekent 2,Toger (TR),41.086362,28.649696,Istanbul,Public - Membership Required,0
299620,Depo Ürünleri,Toger (TR),41.089046,28.729311,Istanbul,Bilinmiyor,0
299619,Pazartürk,Toger (TR),41.080349,28.679812,Istanbul,Public - Membership Required,0
299618,Düden Sitesi 1-2,Toger (TR),41.072133,28.681554,Istanbul,Public - Membership Required,0
299617,Automall,Toger (TR),41.070691,28.853607,Istanbul,Public - Membership Required,0
299616,Şelalepark Sosyal Tesisler,Toger (TR),41.070174,28.681305,Istanbul,Public - Membership Required,0
299615,Bahçeşehir Spor Parkı,Toger (TR),41.068259842477126,28.67736435772519,Istanbul,Public - Membership Required,0
299614,Doğa Park,Toger (TR),41.067514,28.690512,Istanbul,Public - Membership Required,0
299613,Mall Of İstanbul,Toger (TR),41.062283,28.806819,Istanbul,Public - Membership Required,0
299612,SINAV DERSHANESİ ,Toger (TR),41.02256,28.929337,Istanbul,Public - Membership Required,0
299611,MEKTEBİM KOLEJİ  ESENYURT 1039,Toger (TR),41.011256,28.700919,Istanbul,Public - Membership Required,0
299610,Vema Avm,Toger (TR),40.84914,29.3,Istanbul,Public - Membership Required,0
299609,Gebze Teknopark 2. Bölge,Toger (TR),40.790274,29.462256,Istanbul,Public - Membership Required,0
299608,Gebze Teknopark 3. Bölge,Toger (TR),40.788914,29.462902,Istanbul,Public - Membership Required,0
299492,AhmetBesim Uyal Caddesi,En Yakıt (TR),38.31927263230946,26.754988232099407,Urla,Public - Membership Required,2
299258,WAT Mobilite Koçtaş Dikili,WAT Mobilite,39.08350687536489,26.898783666096733,dikili,Public - Membership Required,2
298994,Toger Başakşehir test 2,Trugo (TR),41.0449893,28.8558382,İstanbul,Public - Membership Required,4
298993,Toger Başakşehir,Trugo (TR),41.0449893,28.8558382,İstanbul,Public - Membership Required,4
298992,Toger Başakşehir,ToraŞarj (TR),41.0449893,28.8558382,İstanbul,Public - Membership Required,4
298440,ŞARJON BAMBOO AVM,Şarjon (TR),38.33523860708118,26.770040331642747,Urla,Public - Membership Required,2
298436,Powerşarj - Karaman Kent Otel,Powerşarj,37.18467782756221,33.21946411100978,Karaman,Public,1
298123,Powerşarj - Terrace Elite Resort,Powerşarj,36.824841002397534,31.28520827932624,Antalya,Public,1
298122,Powerşarj - Hotel Terrace Beach Resort,Powerşarj,36.79985845167739,31.363918498868454,Antalya,Public,1
298083,Powerşarj - Zirve Turistik Dinlenme Tesisi,Powerşarj,0.0,0.0,Mersin,Public,1
298025,D320,Voltrun,38.07830080704349,30.43564661416974,Uluborlu,Public - Membership Required,1
297832,CV Charge Gören Otomotiv,CV Charging Vehicles,37.25526749237481,28.230017878147237,Menteşe,Public - Membership Required,1
297824,Ekrem Kurt Bulvarı,Voltrun,40.987644894449346,28.885401423832604,Bakırköy,Public - Membership Required,1
297820,Ceylan Sokak,WAT Mobilite,40.127490193103455,26.410969486272165,,Public - Membership Required,2
297811,OTOJET Eşiyok AVM Çine,CV Charging Vehicles,37.62683712634475,28.042192962390175,Çine,Public - Membership Required,2
297810,RS ŞARJ Kutay Muğla,CV Charging Vehicles,37.25273464610001,28.244132578015467,Menteşe,Public - Membership Required,2
297732,ZES AS Kıtır Demre,ZES,36.23337477715664,29.99156680090556,Demre,Public - Membership Required,1
297731,SHARZ Zeytin Evleri Datça,Sharz.Net,36.72753066153116,27.680923551046817,Datça,Public - Membership Required,1
297721,CV Charge Hastalya Dalaman,CV Charging Vehicles,36.81196502241794,28.807155681797553,Dalaman,Public - Membership Required,2
297651,Eşarj - İntes Gıda Muğla,Trugo (TR),37.27172629699274,28.204848862304175,Yatağan,Public - Membership Required,2
297650,Trugo Shell Gökova Ataköy,Trugo (TR),37.03949216738421,28.385952508830627,Ula,Public - Membership Required,2
297649,Trugo Shell Gökova,Trugo (TR),37.04092908810958,28.380102277326614,Ula,Public - Membership Required,2
297648,Trugo Shell Datça,Trugo (TR),36.763620921543776,27.72367668312043,Datça,Public - Membership Required,2
297647,Trugo Shell Bayır,Trugo (TR),37.258909635617954,28.221756643281537,Menteşe,Public - Membership Required,1
297356,ENYAKIT Festiva AVM Muğla,En Yakıt (TR),37.19063676836353,28.369547379866617,Menteşe,Public - Membership Required,1
297013,Powerşarj - SsangYong Şahsuvaroğlu Tesisleri Trabzon,Powerşarj,41.013135,39.608161,Trabzon,Public,1
296864,Powerşarj - Çalıkuşu Fırın & Kafe,Powerşarj,41.01858861271252,34.05586945518961,Kastamonu,Public,1
296812,EnYakıt Pınarbaşı BK Tesisleri,En Yakıt (TR),38.72707397369854,36.402740398678276,Pınarbaşı,Public - Membership Required,1
296809,Trugo Darende Tiryandefil Otel,Trugo (TR),38.565897,37.488225,Darende,Public - Membership Required,1
296588,Shell Kule Site,Trugo (TR),37.89071094044286,32.4923501710756,Konya,Public - Membership Required,1
296278,Powerşarj - Demir Country,Powerşarj,40.984282483234935,28.6575743,İstanbul,Public,1
296277,Powerşarj - SsangYong Şahsuvaroğlu Tesisleri Tekirdağ,Powerşarj,41.14280688365205,27.859543067787943,Tekirdağ,Public,1
296201,D715,Trugo (TR),38.63863157382963,32.92571792930164,Karşıyaka,Public - Membership Required,4
295958,125,Tesla (Tesla-only charging),37.952557766275234,29.10154780580092,Pamukkale,"Private - For Staff, Visitors or Customers",1
295957,Trugo Shell Çukurköy,Trugo (TR),37.68210372245146,29.22308800867853,Pamukkale,Public - Membership Required,2
295956,Trugo Shell Cankurtaran,Trugo (TR),37.68380786356484,29.222616343588015,Pamukkale,Public - Membership Required,2
295939,ZES Hampton by Hilton Aliağa,ZES,38.8324558244652,26.97786812013092,Aliağa,Public - Membership Required,1
295906,Powerşarj - Auto King Diyarbakır,Powerşarj,37.920367337051836,40.1424097046457,Diyarbakır,Public,1
295883,ZES Torbalı Tınaztepe Hastanesi,ZES,38.14223718254854,27.366192813652333,izmir,Public - Membership Required,2
295801,Odabasi Opet ,En Yakıt (TR),38.004025046989085,40.120259345610975,Yenişehir,Public - Membership Required,1
295792,Gökçe TP,Trugo (TR),40.90559460876884,33.64658261548789,Inköy,Public - Membership Required,1
295791,Yerköy Esatbeyoglu Petrol,Trugo (TR),39.660183614010265,34.55668153672286,Aşagielmahacili/Yerköy,Public - Membership Required,1
295790,Yozgat Yimpaş Avm,Trugo (TR),39.82469746402461,34.818475866898325,Yozgat Merkez,Public - Membership Required,2
295789,Sorgun Şahbazlar Akaryakıt,Trugo (TR),39.78973767733024,35.23221298446458,Sorgun,Public - Membership Required,1
295788,Sidas Opet,Trugo (TR),39.76508572701016,37.055426081233804,Sivas Merkez,Public - Membership Required,1
295787,Shell Osman Pasa,Trugo (TR),39.67021226173216,37.00715377011193,Güllüce,Public - Membership Required,2
295786,Shell Sivas-Ankara Yolu,Trugo (TR),39.72235493936526,36.953163512998344,Sivas Merkez,Public - Membership Required,2
295785,  Shell Sivas Zara,Trugo (TR),39.87872770299063,37.70267592185212,Kadriye/Zara,Public - Membership Required,1
295755,Kocalar Çeltikçi Dinlenme Tesisi İstanbul Yönü,Trugo (TR),40.24185645021191,32.5038625645758,Kızılcahamam,Public - Membership Required,2
295753,Aksaray Ahsaray Otel,Trugo (TR),38.36524871014899,34.00799276959401,Aksaray Merkez,Public - Membership Required,1
295752,Niğde Kültür Merkezi,Trugo (TR),37.97128461965538,34.67316798200068,Niğde Merkez,Public - Membership Required,1
295751,İpek Yolu Tesisleri Adana Yönü,Trugo (TR),37.02886331311075,35.2032055709509,Çukurova,Public - Membership Required,1
295750,İpek Yolu Tesisleri Mersin Yönü,Trugo (TR),37.030618485387365,35.20419144497055,Çukurova,Public - Membership Required,1
295749,Shell Başpınar,Trugo (TR),37.137595457142936,37.30245439702503,Şehitkamil,Public - Membership Required,2
295748,  Askoç Dinlenme Tesisleri Şanlıurfa Yönü,Trugo (TR),37.054613749933154,37.540342032363355,Şehitkamil,Public - Membership Required,2
295747,Askoç Dinlenme Tesisleri Adana Yönü,Trugo (TR),37.05594215734814,37.54361307888428,Şehitkamil,Public - Membership Required,2
295746,Gaziantep Bilim Merkezi,Trugo (TR),37.02764006818806,37.30930856338273,Şahinbey,Public - Membership Required,1
295745,Gaziantep Sanat Merkezi,Trugo (TR),37.06152974701355,37.37984224331194,Şahinbey,Public - Membership Required,1
295744,Shell Küsget Sanayi Sitesi,Trugo (TR),37.083820080377706,37.4260374404397, Şehitkamil,Public - Membership Required,2
295743,Merkür Petrol,Trugo (TR),37.04409014558689,38.380058079381115,Suruç,Public - Membership Required,1
295742,Demirol Dinlenme Tesisleri,Trugo (TR),37.14825291084854,39.102965189736665,Şanlıurfa Merkez,Public - Membership Required,1
295741,Şanlıurfa Dedeman Otel,Trugo (TR),37.15964881126345,38.78687121399673,Haliliye,Public - Membership Required,1
295740,Şanlıurfa Ticaret ve Sanayi Odası,Trugo (TR),37.15778022460859,38.80102564649894,Haliliye,Public - Membership Required,1
295739,Haliliye Mevlana Bulvarı,Trugo (TR),37.16009018767629,38.809305632036626,Haliliye,Public - Membership Required,1
295738,Şanlıurfa Ural Petrol,Trugo (TR),36.78331786798188,38.94488907809364,Akçakale,Public - Membership Required,1
295737,Mardin Ramada Plaza by Wyndham,Trugo (TR),37.32617109558532,40.75341568561896,Artuklu,Public - Membership Required,1
295736,Shell Eski Mardin,Trugo (TR),37.31948307056321,40.73075160752239,Artuklu,Public - Membership Required,1
295735,Shell Diyarbakır Şanlıurfa Girişi,Trugo (TR),37.890268503352544,40.00484282108209,Kayapınar,Public - Membership Required,1
295734,Shell Diyarbakır Şanlıurfa Çıkışı,Trugo (TR),37.889286308074006,40.00348259419309,Kayapınar,Public - Membership Required,1
295733,Diyarbakır Ticaret Borsası,Trugo (TR),37.9161663640037,40.130857794520125,Bağlar,Public - Membership Required,1
295732,Shell Dicle Mahallesi,Trugo (TR),37.869719952875656,40.22128229245254,Bağlar,Public - Membership Required,2
295731,Elazığ Bulvarı,Trugo (TR),37.95763433082783,40.18364585113545,Yenişehir,Public - Membership Required,1
295730,Diyarbakir Winstown AVM,Trugo (TR),37.96793750123848,40.155033321936,Kayapınar,Public,1
295728,Divriği - Sunpet,Trugo (TR),39.387958590654165,38.110009471730564,Divriği,Public - Membership Required,1
291264,Adiyaman Bayindir Lukoil Petrol,Trugo (TR),37.751203176363305,37.772260394913474,Besni/Adıyaman,Public - Membership Required,1
291263,Adiyaman Ticaret ve Sanayi Odasi,Trugo (TR),37.73870308547647,38.22452096060374,Merkez/Adıyaman,Public - Membership Required,1
291262,Adiyaman Dedeman Otel,Trugo (TR),37.76661949912189,38.306322916625504,Adiyaman Merkez,Public - Membership Required,1
291224,ENYAKIT Colossae Hotel Karahayıt,En Yakıt (TR),37.95464922367698,29.111842278137544,Pamukkale,Public - Membership Required,2
291194,Powerşarj - Fitness-G Spor ve Sağlıklı Yaşam Merkezi,Powerşarj,40.829263,29.421857,Kocaeli,Public,1
291160,Powerşarj - Yenibahar Fırın & Cafe & Restaurant,Powerşarj,39.089026,33.071487,Konya,Public,1
290485,Powerşarj - Sunpet A-1 Enerji Akaryakıt İstasyonu,Powerşarj,41.41048442477742,33.80296663,Kastamonu,Public,1
290464,ASTOR ŞARJ BP Çine,Astor Şarj (TR),37.665243623268864,28.01801436065861,Çine,Public - Membership Required,2
290144,Astor Şarj - Acıpayam Suit Park DC-2,Astor Şarj (TR),37.517290600455645,29.30330165912018,Acıpayam,Public - Membership Required,2
290143,Astor Şarj - Acıpayam Suit Park DC-1,Astor Şarj (TR),37.517206566267916,29.303356644405607,Acıpayam,Public - Membership Required,2
290142,TRUGO - Korkuteli PO,Trugo (TR),37.122287,30.227225,Korkuteli,Public - Membership Required,1
290141,PETROO - KORKUTELİ ŞARJ İSTASYONU,Petroo (TR),37.049271,30.24223,Korkuteli,Public - Membership Required,3
290050,İ-ŞARJ - Aksan Petrol Torbalı ,CV Charging Vehicles,38.22196015575375,27.314065798399128,Torbalı,Public - Membership Required,2
289933,Powerşarj - TECO Banban Petrol,Powerşarj,40.352165587935836,27.9431938,Balıkesir,Public,1
289929,Powerşarj - Diva Hotel,Powerşarj,36.54762690207563,36.07611772512713,Hatay,Public,1
289649,Powerşarj - Rest & More by Dedeman Mersin,Powerşarj,36.60987980041574,34.317388484523995,Mersin,Public,1
289548,Özel Medifema Hastanesi AC Şarj İstasyonu,WAT Mobilite,38.24095476637345,27.275443926152263,İzmir,Public - Membership Required,1
289479,CV Charge Jura Hotels Afyon,CV Charging Vehicles,38.784400938045565,30.476765337541337,afyon,Public - Membership Required,2
289048,Cengiz Topel Caddesi,(Unknown Operator),40.996908527402525,28.60460681369466,Beylikdüzü,Public - Membership Required,1
288952,Powerşarj - SsangYong Şahsuvaroğlu Tesisleri,Powerşarj,39.89557171348323,32.81303471,Ankara,Public,1
288786,Hızzlan Limon Petrol Karacasu Aydın,Eşarj (TR),37.819098461852576,28.57295140742366,Karacasu,Public - Membership Required,2
288566,OTOJET MOİL ÖZHAN AKARYAKIT,Eşarj (TR),37.82354997353896,29.387443021270883,Honaz,Public - Membership Required,2
288565,Vizyoneks Neşe Tekstil,En Yakıt (TR),37.80490115946981,29.21638271571817,Pamukkale,Public - Membership Required,2
288564,ENYAKIT Rindera İş Merkezi Denizli,En Yakıt (TR),37.807046834091295,29.243593177970183,Honaz,Public - Membership Required,2
288563,Trugo Nutova Denizli,Trugo (TR),37.545069,29.045755,Tavas,Public - Membership Required,2
288442,Torbalı Hasan Ev İstasyonu,Sharz.Net,38.179329451599045,27.346735122359405,Torbalı,Private - Restricted Access,1
288249,Lumicle - Torbalı,Eşarj (TR),38.20216418093446,27.344718234177293,Torbalı,Public - Membership Required,7
288214,Powerşarj - Skywell Ürkmezler Otomotiv,Powerşarj,40.894550598196716,29.227578167635084,İstanbul,Public,1
288157,Powerşarj - Kaplıkaya Cazibe Merkezi,Powerşarj,40.17591281545497,29.125178225299273,Bursa,Public,1
280351,EŞARJ LOV Faralya,Eşarj (TR),36.477962842843766,29.10760580508517,Fethiye,Public - Membership Required,2
280029,Eşarj Sunset Beach Club,Eşarj (TR),36.67409177299231,29.101975672873095,Fethiye,Public - Membership Required,2
279921,Trugo Shell Yapracık,Trugo (TR),39.85122406881018,32.60165740777586,ankara,Public - Membership Required,2
279920,Trugo zafer Anıt Park Afyon,Trugo (TR),38.75784930812529,30.53670291807316,afyon,Public - Membership Required,2
279919,Trugo Afyon Ticaret Odası,Trugo (TR),38.78849031328804,30.45856886167806,afyon,Public - Membership Required,2
279918,Trugo Shell Sardes,Trugo (TR),38.49656211914149,28.021680312577587,manisa,Public - Membership Required,2
279839,POWERŞARJ - Mobsan Vitem Mutfak,Powerşarj,36.23966924573467,36.25236062531003,Hatay,Public,1
279558,Trugo Migros 2M,Trugo (TR),37.20710416579833,28.36882690569064,Menteşe,Public - Membership Required,2
279525,Trugo Gülağzı Shell,Trugo (TR),37.13738637492246,28.37036949065876,Menteşe,Public - Membership Required,2
279276,Londra Inn Hotel,Trugo (TR),41.71391341803624,26.36912927887147,Edirne Merkez,Public - Pay At Location,1
279103,Otojet - TotalEnergies,ZES,41.07947940704625,28.208923082740284,Silivri,Public - Membership Required,1
278722,Powerşarj - Karaman Ticaret Ve Sanayi Odası,Powerşarj,37.16745661139988,33.22323815414804,Karaman,Public,1
278698,VOLTRUN  Agora İzmir AVM,Voltrun,38.3948602125588,27.052417499942976,Balçova,Public - Membership Required,4
278622,POWERŞARJ - Barbaros Hayrettin Paşa Camii,Powerşarj,41.0788484025334,29.014409067784825,İstanbul,Public,1
274669,POWERŞARJ - Doğuş Dijital Enerji Maslak Eclipse,Powerşarj,41.11795977511042,29.014450366831667,İstanbul,Public,2
274668,POWERŞARJ - Iyaşpark Otel,Powerşarj,37.76310006979314,30.55547719,Isparta,Public - Membership Required,1
274655,Tora Şarj - Duha Makina,ToraŞarj (TR),40.78628317810865,29.964056671172585,Kocaeli,Public - Membership Required,1
274654,Tora Şarj - PERİOS BEACH,ToraŞarj (TR),36.7767718838887,28.248412353922504,MUĞLA,Public - Membership Required,1
274653,Tora Şarj - GÜVENEVLER OLİCENTER,ToraŞarj (TR),37.08786198314779,37.33968430950722,GAZİANTEP,Public - Membership Required,1
274652,İBRAHİMLİ OLİCENTER,ToraŞarj (TR),37.075822864908105,37.33436907327916,GAZİANTEP,Public - Membership Required,1
274651,Tora Şarj - KARATAŞ OLİCENTER,ToraŞarj (TR),37.0154405118128,37.34503917456931,GAZİANTEP,Public - Membership Required,1
274650,Tora Şarj - SARIGÜLLÜK OLİCENTER,ToraŞarj (TR),37.06692847767529,37.36042573924905,Gaziantep,Public - Membership Required,1
274649,Tora Şarj - Han Energy 3,ToraŞarj (TR),36.71552468686767,37.203465427913954, KİLİS,Public - Membership Required,1
274648,Tora Şarj - Han Energy 2,ToraŞarj (TR),36.73250469131705,37.09188375284049,KİLİS,Public - Membership Required,1
274647,Tora Şarj - Han Energy 1,ToraŞarj (TR),37.02476851181136,36.630586921979784, KİLİS,Public - Membership Required,1
274646,Tora Şarj - Sapanca Bamboolow,ToraŞarj (TR),40.70775158250626,30.164705727978458, SAKARYA,Public - Membership Required,1
274645,Tora Şarj - Kata İnşaat,ToraŞarj (TR),40.208207473830726,28.9296102389128,BURSA,Public - Membership Required,1
274644,Tora Şarj - Troypark AVM,ToraŞarj (TR),40.12807803646393,26.41089468534085,ÇANAKKALE,Public - Membership Required,1
274643,Tora Şarj - Güvensan Elektrik,ToraŞarj (TR),40.20898539953967,28.927277498543617,BURSA,Public - Membership Required,1
274642,Tora Şarj - Kaya Garden,ToraŞarj (TR),37.59134414091531,28.05976817479157,AYDIN,Public - Membership Required,1
274641,Tora Şarj - Angels Park,ToraŞarj (TR),37.78920931872098,29.09979976368618,DENİZLİ,Public - Membership Required,1
274640,Tora Şarj - Omsed Ekmek,ToraŞarj (TR),39.96001716934407,32.83535557176867, ANKARA,Public - Membership Required,1
274639,Tora Şarj - Fransız Lape Hastanesi,ToraŞarj (TR),41.062379279181755,28.990009572193458,İstanbul,Public - Membership Required,1
274638,Tora Şarj - Tartanlar AVM,ToraŞarj (TR),37.70784901570971,33.5459635493506,Konya,Public - Membership Required,1
274637,Tora Şarj - Adrina Otel 2,ToraŞarj (TR),39.585500396110916,26.888199405183627,Balıkesir,Public - Membership Required,1
274636,Tora Şarj - Adrina Otel,ToraŞarj (TR),39.58540342373158,26.88870419358838,Balıkesir,Public - Membership Required,1
274635,Tora Şarj - Şen Orman Ürünleri,ToraŞarj (TR),40.58468138346831,36.91614977578183,Tokat,Public - Membership Required,1
274633,Tora Şarj - Akes Ticaret,ToraŞarj (TR),36.89348651419907,30.599452709819502,Düzce,Public - Membership Required,1
274632,Tora Şarj - ALN Mühendislik,ToraŞarj (TR),36.90717719591258,30.68694306832228,Antalya,Public - Membership Required,1
274630,Tora Şarj - Anfora Global Petrol,ToraŞarj (TR),36.89427456755543,30.59855318932921,Antalya,Public - Membership Required,1
274617,Tora Şarj - Esen Petrol Hypco,ToraŞarj (TR),37.94773021699859,31.593990458969046,Konya,Public - Membership Required,1
274616,Tora Şarj - Hüyük Esen Otel,ToraŞarj (TR),37.95201431076977,31.59858250917614,Konya,Public - Membership Required,1
274615,Tora Şarj - Kabuloğlu Petrol,ToraŞarj (TR),38.30617288704562,31.158504173579814,Isparta,Public - Membership Required,1
274614,Tora Şarj - Gölkar Otomotiv,ToraŞarj (TR),37.8423225914439,30.8629444122802,Isparta,Public - Membership Required,1
274613,Tora Şarj - ARC Akaryakıt,ToraŞarj (TR),40.24435378935513,29.014850044473633,Bursa,Public - Membership Required,1
274612,Tora Şarj - Antes Enerji,ToraŞarj (TR),36.91556182112703,30.667063619160814,Antalya,Public - Membership Required,1
274611,Tora Şarj - Tores Akaryakıt,ToraŞarj (TR),39.73222285741991,30.624243286542423,Eskişehir,Public - Membership Required,1
274610,Tora Şarj - AVC Grup,ToraŞarj (TR),40.91762471884272,29.2271781871774,İstanbul,Public - Membership Required,1
274609,Tora Şarj - Yılpomser,ToraŞarj (TR),36.82692824721464,34.68300362676945,Mersin,Public - Membership Required,1
274608,Tora Şarj - Atesan Akaryakıt,ToraŞarj (TR),37.75126763799723,29.109462772132872,Denizli,Public - Membership Required,1
274605,Tora Şarj - Eken Solar,ToraŞarj (TR),37.93644065306563,32.56640911063539,Konya,Public - Membership Required,1
274604,Tora Şarj - Mepser,ToraŞarj (TR),40.88415671461826,39.70184355316451,Trabzon,Public - Membership Required,1
274602,Tora Şarj - Aseva,ToraŞarj (TR),39.98302248956659,32.662801595504874,Ankara,Public - Membership Required,1
274601,Tora Şarj - Uygar Elektro Manyetik,ToraŞarj (TR),38.356009675548705,38.31402079906698,Malatya,Public - Membership Required,1
274600,Tora Şarj - İspark Maçka Katlı Otoparkı,ToraŞarj (TR),41.04837667998618,28.990233457161366,İstanbul,Public - Membership Required,1
274599,Tora Şarj - Koç Akaryakıt,ToraŞarj (TR),38.67182280360126,29.43999352360379,Uşak,Public - Membership Required,1
274598,Tora Şarj - CNR Tora,ToraŞarj (TR),41.30761266584486,32.10034538677584,Zonguldak,Public - Membership Required,1
274597,Tora Şarj - Sorgun Akadia,ToraŞarj (TR),36.75667803586727,31.457543565335072,Antalya,Public - Membership Required,1
274596,Tora Şarj - The Raga Side,ToraŞarj (TR),36.77989791050655,31.39212348255495,Antalya,Public - Membership Required,1
274565,OnCharge - İstanbul Park Kuzey OHT 2,OnCharge (TR),40.929608,29.437167,Tuzla,Public - Membership Required,4
274564,OnCharge - İstanbul Park Güney OHT,OnCharge (TR),40.92776,29.437658,Tuzla,Public - Membership Required,8
274563,OnCharge - İstanbul Park Kuzey OHT,OnCharge (TR),40.927922,29.440258,Tuzla,Public - Membership Required,8
274562,OnCharge - Bilişim Vadisi Batı OHT,OnCharge (TR),40.852619,29.537577,Dilovası,Public - Membership Required,1
274561,OnCharge - Bilişim Vadisi Doğu OHT,OnCharge (TR),40.853347,29.538874,Dilovası,Public - Membership Required,1
274560,OnCharge - Nev 201,OnCharge (TR),39.889117,32.813922,Çankaya,Public - Membership Required,5
274559,OnCharge - Naturkoy,OnCharge (TR),40.669793,30.221839,Sapanca,Public - Membership Required,1
274461,Tora Şarj - Fun Beach Çeşme,ToraŞarj (TR),38.27079884958536,26.256741655645527,Çeşme,Public - Membership Required,1
274399,Tora Şarj - Doğu Sanayi,ToraŞarj (TR),41.01718677014577,28.81949665172968,Istanbul,Public - Membership Required,1
274262,POWERŞARJ - Adem Usta Et Lokantası,Powerşarj,41.5146244,34.2115113,Kastamonu,Public,1
274261,POWERŞARJ - İnkum Terrace Otel,Powerşarj,41.67586786208792,32.229290907172285,Bartın,Public,1
274260,POWERŞARJ - İntegral İşgem,Powerşarj,41.42156706579818,33.78655180335045,Kastamonu,Public,1
274259,POWERŞARJ - Doğuş Dijital Enerji Aydos Karavan,Powerşarj,41.13474852838311,29.274270969055536,İstanbul,Public,1
274258,POWERŞARJ - Doğuş Dijital Enerji Doğuş Konakları,Powerşarj,41.192116895264064,29.050795112798692,İstanbul,Public,1
274257,POWERŞARJ - Doğuş Dijital Enerji Tepe Balık,Powerşarj,41.1854959760383,29.04701304437393,İstanbul,Public,1
274256,POWERŞARJ - Doğuş Dijital Enerji Uzunya Restaurant,Powerşarj,41.24804542448754,29.070891634988925,İstanbul,Public,1
274255,POWERŞARJ - Doğuş Dijital Enerji By Topcu,Powerşarj,41.0093421936035,28.52272605896,İstanbul,Public,1
274254,POWERŞARJ - Doğuş Dijital Enerji Ova Et Lokantası,Powerşarj,41.0093421936035,28.52272605896,İstanbul,Public,1
274253,POWERŞARJ - Doğuş Dijital Enerji Koreli Restaurant,Powerşarj,41.1885757446289,28.4976463317871,İstanbul,Public,1
274252,POWERŞARJ - Doğuş Dijital Enerji Sahan Kebap,Powerşarj,41.046183621277194,28.746608757670817,İstanbul,Public,1
274251,POWERŞARJ - Doğuş Dijital Enerji Papuli Restaurant,Powerşarj,41.046183621277194,28.746608757670817,İstanbul,Public,1
274250,POWERŞARJ - Doğuş Dijital Enerji Doğuş Gıda Bursa,Powerşarj,40.28684761329742,28.93606940641598,Bursa,Public,1
274249,POWERŞARJ - Doğuş Dijital Enerji Demircan Restaurant,Powerşarj,41.18484394611255,29.20394995856656,İstanbul,Public,1
274248,POWERŞARJ - Doğuş Dijital Enerji Elite Hotel Dragos,Powerşarj,40.91561749774981,29.143724674868324,İstanbul,Public,1
274246,POWERŞARJ - Doğuş Dijital Enerji Elite Hotel Darıca,Powerşarj,0.0,0.0,Kocaeli,Public,1
274244,POWERŞARJ - Doğuş Dijital Enerji Köz Kanat Ataşehir,Powerşarj,0.0,0.0,İstanbul,Public,1
274243,POWERŞARJ - Doğuş Dijital Enerji Köz Kanat Kartal,Powerşarj,40.89361244213709,29.170953383584678,İstanbul,Public,1
274236,Demirkapı Dinlenme Tesisleri,ZES,37.57629913848514,31.563148148665675,Beyşehir,Public,2
274196,POWERŞARJ - YMY Ssangyong Şahsuvaroğlu Erzurum,Powerşarj,39.94219955575289,41.28924064159395,Erzurum,Public,1
274195,Zes - Babacan Ayvalık Hotel,ZES,39.3262401500013,26.69663730219088,Ayvalık,Public - Membership Required,1
274038,Oncharge - Casa Giallo,OnCharge (TR),40.67943,30.230941,Sakarya,Public - Membership Required,1
274034,oncharge - Kastamonu OSB,OnCharge (TR),41.518913,33.761826,Kastamonu,Public - Membership Required,2
273871,Blue Heaven Beach Apart & Restaurant,(Unknown Operator),36.79652167228886,31.36577006179732,Manavgat,Public - Membership Required,2
273749,Trabzon Ortahisar Migros,Trugo (TR),40.99903354385813,39.70050426554235,Ortahisar,Public,1
273748,Trabzon Atapark,Trugo (TR),41.006440673626884,39.71567021145938,Ortahisar,Public,1
273712,Sharz Kutay Renault Muğla,Sharz.Net,37.25273036116532,28.244207619278654,Menteşe,Public - Membership Required,2
273653,Oncharge - Bilkent Center AVM,OnCharge (TR),39.8829245626722,32.75785352815993,Çankaya,Public - Membership Required,4
273642,Erzincan Neon Hastanesi,Trugo (TR),39.74882512133573,39.46850696362708,Erzincan,Public,1
273641,Maçka Macar Taşı Hotel & Restorant,Trugo (TR),40.860883273950606,39.679508228845634,Maçka,Public,1
273640,POWERŞARJ - Nazif Kara Köfte & Kokoreç,Powerşarj,37.19104647108367,33.20899978,Karaman,Public,1
273579,Shell Erzurum Pasinler,Trugo (TR),39.990397280650484,41.73834441834174,Erzurum,Public,1
273578,Gümüşhane Canca,Trugo (TR),40.48131239435574,39.46198083385423,Gümüşhane,Public,1
273569,Bayburt Sekmenli Tesisleri,Trugo (TR),40.2216387354147,40.26651328555454,Bayburt,Public,2
273568,Gümüşhane Canca,Trugo (TR),40.481011326007746,39.462170923095755,Gümüşhane,Public,1
273564,Kırıkkale Ulubatlı Hasan Caddesi,Trugo (TR),39.83880809383595,33.495626780354314,Kırıkkale,Public,1
273563,Sivas Merkez Migros,Trugo (TR),39.739783618158725,37.01694905279851,Sivas,Public,2
273545,Trabzon-Gümüşhane yolu,Trugo (TR),40.48111624158824,39.46219889141116,Gümüşhane,Public,1
273544,Sivas Merkez Migros Trugo,Trugo (TR),39.73984335087678,37.016849596113275,Sivas,Public,1
273541,Plevne Caddesi,Trugo (TR),39.83884031708641,33.4957335282287,Kırıkkale,Public,1
273510,Yozgat Safa Termal Hotel,Trugo (TR),39.80341608429097,35.20788459199491,Sorgun,Public,1
273509,Tunceli 15 Temmuz Şehitler Bulvari,Trugo (TR),39.07651523941337,39.53464500883172,Tunceli,Public,1
273508,Shell Erzincan Girişi,Trugo (TR),39.74757677352429,39.4685930060964,Mimar Sinan Mahallesi,Public,1
273490,POWERŞARJ - Euro Park Hotel Bursa,Powerşarj,40.218663126654796,28.8718016,Bursa,Public,1
273399,CV CHARGING VEHICLES HASTALYA DÖŞEMEALTI,CV Charging Vehicles,37.003318,30.630068,Döşemealtı,Public - Membership Required,1
273398,CV CHARGING VEHICLES İSTEK KUŞADASI OKULLARI,CV Charging Vehicles,37.842999,27.259907,Kuşadası,Public - Membership Required,1
273289,BaşakPazar Toger Şarj İstasyonu,(Unknown Operator),41.11142,28.809814,Başakşehir,Public,1
273270,POWERŞARJ - SsangYong Şahsuvaroğlu Tesisleri,Powerşarj,36.910060701211904,30.743565840148904,Antalya,Public,1
273063,Trugo 180kwh Söke Ticaret Borsası,En Yakıt (TR),37.74751116709729,27.416558482220466,Söke,Public - Membership Required,1
273062,Enyakıt 180kwh Capello Avm,En Yakıt (TR),37.68273808334746,27.38043991467839,Söke,Public - Membership Required,1
273048,Powerşarj - Karamanoğlu Mehmetbey Üniversitesi,Powerşarj,37.18021,33.24541,Karaman,Public,1
273047,Powerşarj - Doğuş Dijital Enerji Zekeriyaköy Çarşı,Powerşarj,41.20929861447526,29.02250062,İstanbul,Public,1
273018,Trugo Shell çeşme otoban Guney,Trugo (TR),38.35091556425979,26.853679927326993,Güzelbahçe,Public - Membership Required,4
272996,Trugo 2M Migros Marmaris,ZES,36.84448682590667,28.25359533676172,Marmaris,Public - Membership Required,2
272982,[Trugo] YSK Center,Trugo (TR),40.98886624124145,27.576436013437842,Süleymanpaşa,Public - Membership Required,2
272848,Eşarj Mengerler Mercedes,Eşarj (TR),38.307775770757075,27.143163587790923,izmir,Public - Membership Required,2
272756,Trugo Shell çeşme OHT kuzey,Trugo (TR),38.352490700298176,26.853219524920746,izmir,Public - Membership Required,1
270953,Antalya - Burdur Yolu,En Yakıt (TR),37.40898642949114,30.543263889796208,Susuz,Public - Membership Required,2
267583,ZES RZ Petrol Gökova,ZES,37.05104236666173,28.355755803837496,Ula,Public - Membership Required,1
267582,En Yakıt Tırak Otomotiv Çiğli,En Yakıt (TR),38.51229788668837,27.044766710537715,Çiğli,Public - Membership Required,2
267562,Aydın - Muğla Yolu,Eşarj (TR),37.63815496272619,28.034157907759834,Çine,Public - Membership Required,2
267561,Eşarj Opet Kaltun Petrol,Eşarj (TR),37.64513873063184,28.02964258773818,Çine,Public - Membership Required,2
267560,Eşarj Ajlan Hotel Cunda,Eşarj (TR),39.337065389866666,26.660077536088124,Çine,Public - Membership Required,2
267504,Eşarj Çukurova Teknoloji Geliştirme Bölgesi,Eşarj (TR),37.04245,35.361156,Çukurova,Public - Membership Required,1
267502,Eşarj Özel Medline Hastanesi,Eşarj (TR),37.05352833952148,35.254822816917226,Çukurova,Public - Membership Required,1
267423,POWERŞARJ - Iyaşpark Otel,Powerşarj,0.0,0.0,Isparta,Public,1
267307,Eşarj Gören Otomotiv,Eşarj (TR),37.255305306473275,28.229922262814114,Menteşe,Public - Membership Required,2
267306,POWERŞARJ - Mutuna Zeytinyağı Fabrikası,Powerşarj,36.68002135984148,33.41556022623192,Mersin,Public,1
267305,POWERŞARJ - Kumburnu Tabiat Parkı,Powerşarj,36.54938503210142,29.119320681333665,Muğla,Public,1
267304,POWERŞARJ - Iyaş Avm Isparta,Powerşarj,37.78169040446191,30.544604380539436,Isparta,Public,1
267303,POWERŞARJ - Iyaş Dinar Avm,Powerşarj,38.056697845458984,30.144681930541992,Afyonkarahisar,Public,1
267284,Novotel Konya,En Yakıt (TR),37.88578217178524,32.45978113929709,Konya,Public - Membership Required,1
267147,Trugo Ölüdeniz Shell,(Unknown Operator),36.58949335396372,29.154856375019676,Fethiye,Public - Membership Required,2
267146,Trugo Fethiye Çevreyolu Shell,(Unknown Operator),36.684068762727634,29.112419808877462,Fethiye,Public - Membership Required,2
267145,Trugo Köyceğiz Shell,Otopriz (Türkiye),36.96630295227608,28.71138039220773,Köyceğiz,Public - Membership Required,2
267141,ZES - Öz Meda Adıyaman,ZES,37.78133975226221,37.64889146087501,Gölbaşı,Public - Membership Required,2
267140,WAT - Otokoç Malatya,WAT Mobilite,38.36182747391945,38.18457683582503,Yeşilyurt,Public - Membership Required,2
267138,OTOJET - Kars Petrol,(Unknown Operator),39.958599515980694,32.687680377331475,Ankara,Public - Membership Required,2
267136,OTOJET - Doco Maltepe,(Unknown Operator),40.93943068386994,29.13364758221917,İstanbul,Public - Membership Required,2
267129,"EŞARJ - Adım Otomotiv, Gaziantep",Eşarj (TR),37.09663483318093,37.40213464309042,Gaziantep,Public - Membership Required,2
267128,"EŞARJ - The Green Park Hotel, Gaziantep",Eşarj (TR),37.07615485651637,37.38701653152151,Gaziantep,Public - Membership Required,2
267127,EŞARJ - KOLUMAN GAZIANTEP TR-GZT-005,Eşarj (TR),37.186164147520515,37.273935221055694,Gaziantep,Public - Membership Required,2
267126,EŞARJ - Koluman Gaziantep TR-GZT-004,Eşarj (TR),37.18610845513305,37.273534834250626,Gaziantep,Public - Membership Required,2
267116,"Enerjisa, Osmaniye",Eşarj (TR),37.0447757340947,36.227167888306894,Osmaniye,Public - Membership Required,2
267115,Enerjisa Osmaniye,Eşarj (TR),37.04477293391105,36.22714634523237,Osmaniye,Public - Membership Required,2
266662,oncharge - İstanbul Park Güney OHT,OnCharge (TR),40.92817918846012,29.43772330497768,İstanbul,Public - Membership Required,8
266650,Tora Şarj - Merkez,ToraŞarj (TR),41.03960606361855,28.8148399872415,Bağcılar,Public,1
266638,POWERŞARJ - Babasultan TotalEnergies Akaryakıt İstasyonu,Powerşarj,36.6435147954173,29.124813006366207,Muğla,Public,1
266578,POWERŞARJ - BP Aşçıoğlu Akaryakıt,Powerşarj,37.2269060135211,27.668675918870782,Muğla,Public,1
266440,CV CHARGING VEHICLES KAHYA HOTEL ,CV Charging Vehicles,36.59814997847357,31.8299473578345,Antalya,Public - Membership Required,1
266438,CV CHARGING VEHICLES KHAN HOTEL,CV Charging Vehicles,36.88862133899521,30.70429924058874,Antalya,Public - Membership Required,1
266436,CV CHARGING VEHICLES  ELAMIR HOTEL,CV Charging Vehicles,36.618256,30.554426,Antalya,Public - Membership Required,1
266435,CV CHARGING VEHICLES QUESTA THERMAL & SPA HOTEL,CV Charging Vehicles,39.74722068699532,30.453295686692172,Eskişehir,Public - Membership Required,1
266433,CV CHARGING VEHICLES Banio Yapı Market,CV Charging Vehicles,36.88751157552218,30.745814601715438,ANTALYA,Public - Membership Required,0
266282,Trugo Aydın Merkez,WAT Mobilite,37.853338449323886,27.843734196581124,Efeler,Public - Membership Required,2
266233,WAT Opet Işıkkent,WAT Mobilite,38.429488988633295,27.219586287828292,Bornova,Public - Membership Required,2
266232,wat mobilite - Opet Egecem Petrol Torbalı,WAT Mobilite,38.191771265397506,27.34642949783384,Torbalı,Public - Membership Required,2
266231,ZES Belcekız Otel,ZES,36.54630928587106,29.12541187873478,Fethiye,Public - Membership Required,2
266230,Eşarj Montebello Resort Belcekız,Eşarj (TR),36.552079604088945,29.124818863258042,Fethiye,Public - Membership Required,2
266228,Sharz Muğla Merkez Patırtı Giyim,Sharz.Net,37.21230319125932,28.35352708657439,Menteşe,Public - Membership Required,1
266077,EŞARJ - Artan Suites Tatil Evleri,Eşarj (TR),37.7154463459123,27.218048439455288,Kuşadası,Public - Membership Required,1
265928,"EŞARJ - Özel Batıkent Tıp Merkezi, Sarıçam [Eşarj (TR)]",Eşarj (TR),37.027617,35.401422,,Public - Membership Required,1
265890,POWERŞARJ - Dağtur Turizm İşletmeleri,Powerşarj,37.246200627705434,31.92352664446048,Konya,Public,1
265887,Trugo Muğla Merkez,Bilinmiyor,37.21546167046567,28.362443826131084,Menteşe,Public - Membership Required,2
265871,POWERŞARJ - Doğuş Dijital Elite Otels,Powerşarj,40.91561749774981,29.143724674868324,İstanbul,Public,1
265870,POWERŞARJ - Doğuş Dijital Fusha,Powerşarj,41.17980315409787,29.6130388370662,İstanbul,Public,1
265663,POWERŞARJ - Doğuş Dijital Elite Otel & Restaurant,Powerşarj,40.75666531764393,29.381262719519345,Kocaeli,Public,1
260705,POWERŞARJ - Doğuş Köz Kanat,Powerşarj,40.89361244213709,29.170953383584678,İstanbul,Public,1
260704,POWERŞARJ - Doğuş Cafe Floresta,Powerşarj,40.90227006154129,29.145362376640893,İstanbul,Public,1
260427,POWERŞARJ - Doğuş Dijital Ataşehir,Powerşarj,40.98784130948342,29.12412077301552,İstanbul,Public,1
260294,Opet Öztürkler Petrol,WAT Mobilite,40.997224,27.973443,tekirdağ,Public - Membership Required,1
260285,POWERŞARJ - Aksu Yedisu,Powerşarj,36.94736,30.8389,Antalya,Public,1
260284,CW Enerji-Fabrika,Powerşarj,37.082686895874645,30.613435171952347,Antalya,Public,1
260283,POWERŞARJ - Doğuş Demircan Restoran,Powerşarj,41.18484394611255,29.20394995856656,İstanbul,Public,1
260282,POWERŞARJ - Doğuş Gıda,Powerşarj,41.121762107893176,29.006624365308518,İstanbul,Public,1
260281,POWERŞARJ - Doğuş Kilya Hotel,Powerşarj,41.24679535386733,29.035953722069078,İstanbul,Public,1
260239,POWERŞARJ - Simge Ess,Powerşarj,38.71367,35.47429,Kayseri,Public,1
260238,POWERŞARJ - Çamlıca Camii Otoparkı,Powerşarj,41.03433,29.07013,İstanbul,Public,22
260237,POWERŞARJ - Roboko,Powerşarj,37.1970475,33.3149304,Konya,Public,1
260236,POWERŞARJ - Moon Center,Powerşarj,37.965381,32.506956,Konya,Public,1
260235,POWERŞARJ - Marketim42 Yazır Şube,Powerşarj,37.9603,32.50383,Konya,Public,1
260233,POWERŞARJ - Marketim42 Şeyhşamil Şube,Powerşarj,37.95122,32.49439,Konya,Public,1
260232,POWERŞARJ - Karaman Organize Sanayi,Powerşarj,37.219262695040136,33.31431818563814,Karaman,Public,1
260231,POWERŞARJ - Saykom,Powerşarj,37.15902,38.81581,Şanlıurfa,Public,1
260230,POWERŞARJ - Doğuş Güvenlik,Powerşarj,37.10568,27.29788,Muğla,Public,1
260228,POWERŞARJ - Rg Car Studio,Powerşarj,38.34421714250057,33.95209920406696,Aksaray,Public,1
260227,POWERŞARJ - Modoko Mobilyacılar Sitesi,Powerşarj,41.008505,29.156706,İstanbul,Public,1
260226,POWERŞARJ - Sirus Yazılım,Powerşarj,37.89667084363429,32.44603568080482,Konya,Public,1
260225,POWERŞARJ - Kulu Manas Enerji,Powerşarj,39.08312057704664,33.06679986899342,Konya,Public,1
260224,POWERŞARJ - Gölbaşı Manas Enerji,Powerşarj,39.799788585823535,32.80229021134342,Ankara,Public,1
260223,POWERŞARJ - Marketim42 Adakale Şube,Powerşarj,37.8871023967351,32.46723570113309,Konya,Public,1
260222,POWERŞARJ - Marketim42 Fetih Şube,Powerşarj,37.877849707416594,32.52667933076018,Konya,Public,1
260221,POWERŞARJ - Marketim42 Ahmet Özcan Şube,Powerşarj,37.852787645061035,32.49173770086727,Konya,Public,1
260220,POWERŞARJ - Niğsaç,Powerşarj,37.97764289169725,34.71119834012547,Niğde,Public,1
260219,POWERŞARJ - Cotech Garage Konya,Powerşarj,37.925659776931006,32.532188397849886,Konya,Public,1
260218,POWERŞARJ - Samet Et Ereğli,Powerşarj,37.54475513308713,33.992549897691546,Konya,Public,1
260217,POWERŞARJ - Zirve Tınaztepe Dinlenme Tesisleri,Powerşarj,37.23588273196563,31.918542269,Konya,Public,1
260216,POWERŞARJ - White Rose Konya,Powerşarj,37.9559,32.5261,Konya,Public,1
260215,POWERŞARJ - Konfiat,Powerşarj,37.9356873961809,32.51238354,Konya,Public,1
260214,POWERŞARJ - Büsan Özel Organize Sanayi Bölgesi,Powerşarj,37.919681,32.537167,Konya,Public,1
260213,POWERŞARJ - Drdoor,Powerşarj,37.92034184810758,32.53752636,Konya,Public,1
260212,POWERŞARJ - Yılmaz Kepenk,Powerşarj,37.90325964777563,32.54612862,Konya,Public,1
260211,POWERŞARJ - Fatih Taşçı Otomotiv,Powerşarj,37.90894,32.51729,Konya,Public,1
260210,POWERŞARJ - Simyacı Kafe,Powerşarj,37.89772140341278,32.50775877975851,Konya,Public,1
260209,POWERŞARJ - 3Boyut Otomasyon,Powerşarj,37.89260116842351,32.44231140562541,Konya,Public,1
260208,POWERŞARJ - Çamlıca Camii Otoparkı,Powerşarj,41.03433,29.07013,İstanbul,Public,1
260207,POWERŞARJ - Kazımkarabekir A101,Powerşarj,37.2332,32.9558,Karaman,Public,1
260206,POWERŞARJ - Grand Otel Karaman,Powerşarj,37.1872,33.1794,Karaman,Public,1
260205,POWERŞARJ - Konya Yolu Opet,Powerşarj,37.18685457150105,33.18015037,Karaman,Public,1
260203,POWERŞARJ - New Karaman,Powerşarj,37.1798,33.2451,Karaman,Public,1
260202,POWERŞARJ - KMÜ Önü,Powerşarj,37.1805,33.2453,Karaman,Public,1
260201,POWERŞARJ - Karaman Enerji,Powerşarj,37.1845,33.2358,Karaman,Public,1
260199,POWERŞARJ - Adana Ogitek A.Ş.,Powerşarj,36.98280296703549,35.39880674602784,Adana,Public,1
260196,POWERŞARJ - Niğde Uslu,Powerşarj,37.97963151163193,34.72431911,Niğde,Public,1
260195,POWERŞARJ - İzmir Ege Teta,Powerşarj,38.46503807313008,27.25561289,İzmir,Public,1
260144,POWERŞARJ - Urgan Opet,Powerşarj,37.1803,33.2623,Karaman,Public,1
260141,POWERŞARJ - Organize Sanayi Bölgesi Opet,Powerşarj,37.2183,33.2983,Karaman,Public,1
260140,POWEŞARJ - Eldem Mobilya,Powerşarj,37.1961,33.2389,Karaman,"Private - For Staff, Visitors or Customers",1
260137,POWERŞARJ - White Rose Fabrika,Powerşarj,37.20649153697231,33.3138791215506,Karaman,Public,1
260135,POWERŞARJ - White Rose Fabrika Kapalı Otopark,Powerşarj,37.2063524,33.3132385,Karaman,Public,1
260098,POWERŞARJ - White Rose Fabrika,Powerşarj,37.2064955,33.3128142,Karaman,Public,1
260076,Eşarj Körmen,Eşarj (TR),36.75957353853447,27.63570130557099,,Public - Membership Required,2
259824,Enyakıt - Başkent Mola Park,En Yakıt (TR),39.443588661659675,31.568561902149554,Sivrihisar,Public - Membership Required,1
259823,"Eşarj - Bayraktarlar Otomotiv, Aksaray",Eşarj (TR),38.338708,33.974017,Merkez,Public - Membership Required,1
259822,"EŞARJ - Koluman, Gölbaşı",Eşarj (TR),39.742315,32.804253,Gölbaşı,Public - Membership Required,1
259821,POWERŞARJ - Moil Dost Petrol,Powerşarj,37.80604110877943,34.21515567321211,Konya,Public,1
259820,POWERŞARJ - Dost Cömert Dinlenme Tesisi,Powerşarj,37.80684577636771,34.21252773536094,Konya,Public,1
259791,Eşarj Esen Grup,Eşarj (TR),36.34359118445607,29.335703136758553,Kaş,Public - Membership Required,2
259769,CV CHARGING VEHICLES GO PETROL,CV Charging Vehicles,36.97449927247577,30.611310367905617,Döşemealtı,Public - Membership Required,1
259768,Kırağlı Sokağı,CV Charging Vehicles,39.64157988081945,27.885564150008804,Altıeylül,Public - Membership Required,1
259766,Lalezade Caddesi,CV Charging Vehicles,38.71330033557942,35.49433498813369,Melikgazi,Public - Membership Required,1
259696,"Bayraktarlar Merkon Otomotiv, Konya",Eşarj (TR),37.920953,32.522056,Selçuklu,Public - Membership Required,1
259695,"Özkaymak Konya Hotel, Konya",Eşarj (TR),37.888281,32.495606,Selçuklu,Public - Membership Required,1
259571,Ankamall Tesla supercharger,Tesla (including non-tesla),39.950062622598494,32.83318545162933,Yenimahalle,Public - Membership Required,8
259570,Bolu Highway Outlet Tesla Supercharger,Tesla (including non-tesla),40.723955326965324,31.46427569895863,,Public - Membership Required,8
259569,Emaar Tesla Supercharger,Tesla (including non-tesla),41.003940099033514,29.071409864097745,Üsküdar,Public - Membership Required,8
259568,Hilly Hotel Tesla Supercharger,Tesla (including non-tesla),41.680027230511314,26.582755055953726,,Public - Membership Required,6
259289,"Propratik (Baki Oto), Samsun",Eşarj (TR),41.292837059783864,36.244469292716445,İlkadım,Public - Membership Required,2
259288,Samsun - Karadeniz Erpet Petrol,GioEV (TR),41.29177217642342,36.27318603673396,İlkadım,Public - Membership Required,2
259287,Trabzon Ortahisar Migros,Trugo (TR),40.99902376302876,39.7004949242006,,Public - Membership Required,2
259286,"Hazar Petrol, Çankırı",Sharz.Net,40.83922940102056,32.70865097392229,Çerkeş,Public - Membership Required,1
256420,POWERŞARJ - White Rose Fabrika,(Unknown Operator),37.206352,33.313239,Karaman,Public - Membership Required,1
238411,Oncharge,OnCharge (TR),38.66013598863094,27.07644696565012,Menemen,Public - Membership Required,2
238410,Oncharge,OnCharge (TR),38.66472966281262,27.07365320328944,Menemen,Public - Membership Required,2
238382,ZES - O135 - İzmir Yönü ,ZES,40.252171148181674,28.450136248201716,Karacabey,Public - Membership Required,8
238381,ZES - O135 - İstanbul Yönü ,ZES,40.25204713087291,28.4560193106023,Karacabey,Public - Membership Required,8
238227,Antalya Bulvarı,GioEV (TR),36.81488563936014,31.36651170115465,Manavgat,Public - Membership Required,2
238226,Şeyh Şamil Cd.,GioEV (TR),36.55458211373772,31.978133601569425,Alanya,Public - Membership Required,2
238205,GIOev - Selçuk ,GioEV (TR),37.96172007118281,27.373187118536066,Selçuk,Public - Membership Required,2
235549,Demre - Kaş Yolu,GioEV (TR),36.213860085773845,29.676663715377117,Kaş,Public - Membership Required,1
235548,GIOEV Uçak Park Restaurant,GioEV (TR),37.01897500021474,28.446921888370525,Ula,Public - Membership Required,2
235547,EŞARJ 90kW kürşat zeytin evi,Eşarj (TR),39.28762496970339,26.706851153626758,Ayvalık,Public - Membership Required,2
235546,EŞARJ 90kwh Ramada by Wyndham Uşak,Eşarj (TR),38.66975808165202,29.41624124009627,Uşak,Public - Membership Required,2
235518,CV CHARGING VEHICLES - PASTIRMACI HAYRULLAH - PH BRUNCH,CV Charging Vehicles,38.730189,35.4819,Kocasinan,Public - Membership Required,1
235517,CV CHARGING VEHICLES - MERSU HASTANESİ,CV Charging Vehicles,36.807771295492685,34.61833873243677,Akdeniz,Public - Membership Required,1
235516,CV CHARGING VEHICLES - KASTAMALL AVM ,CV Charging Vehicles,41.3617075739802,33.766521881667074,Kastamonu,Public - Membership Required,1
235515,CV CHARGING VEHICLES -  AOSB ACİL,CV Charging Vehicles,37.022956,30.601333,Döşemealtı,Public - Membership Required,1
235514,CV CHARGING VEHICLES - VIB OTEL AOSB,CV Charging Vehicles,37.06351813103437,30.627944523494307,Döşemealtı,Public - Membership Required,1
235513,CV CHARGING VEHICLES - OSB İDARİ BİNA ,CV Charging Vehicles,37.080147,30.613936,Antalya ,Public - Membership Required,1
235512,CV CHARGING VEHICLES - ARTEMİS OTEL,CV Charging Vehicles,36.952517,36.238055,HATAY,Public - Membership Required,1
235495,CV CHARGING VEHICLES - ORDER CAFE BİSTRO,CV Charging Vehicles,36.883632,30.685638,ANTALYA ,Public - Membership Required,1
235494,CV CHARGING VEHICLES - KUMLUCA MEDİKUM HASTANESİ,CV Charging Vehicles,36.366023,30.290136,ANTALYA,Public - Membership Required,1
235493,CV CHARGING VEHICLES - MAZAKALAND HARİKALAR DİYARI,CV Charging Vehicles,38.76667,35.564667, Kocasinan,Public - Membership Required,1
235492,CV CHARGING VEHICLES - CAPITAL CENTER ODC AVM,CV Charging Vehicles,39.891275,32.807401,ANKARA,Public - Membership Required,1
235490,CV CHARGING VEHICLES - ABANT ADEN BOUTIQUE HOTEL & SPA,CV Charging Vehicles,40.659639,31.407286,Bolu,Public - Membership Required,1
235489,CV CHARGING VEHICLES - BİLEM OTEL,CV Charging Vehicles,36.855995,30.743159,Antalya,Public - Membership Required,1
235487,CV CHARGING VEHICLES - DİP GROSS MİMSİN-14,CV Charging Vehicles,38.765814,35.56961,KAYSERİ,Public - Membership Required,1
235486,CV CHARGING VEHICLES - DİP GROSS ESENYURT-13,CV Charging Vehicles,38.67344788464652,35.500540605337505,KAYSERİ,Public - Membership Required,1
235483,CV CHARGING VEHICLES - ŞEHZADE DANİŞMENT-12,CV Charging Vehicles,38.6769788,35.474403,Melikgazi ,Public - Membership Required,1
235481,CV CHARGING VEHICLES - ŞEHZADE SEHER-11,CV Charging Vehicles,38.7087467493123,35.454621818195506,KAYSERİ,Public - Membership Required,1
235479,CV CHARGING VEHICLES - DİP GROSS ANAYURT-10,CV Charging Vehicles,38.697947780183426,35.560959827370425,KAYSERİ,Public - Membership Required,1
235478,CV CHARGING VEHICLES - ŞEHZADE GÜLTEPE-9,CV Charging Vehicles,38.717545419200235,35.50844014359282,KAYSERİ,Public - Membership Required,1
235477,CV CHARGING VEHICLES -  DİP GROSS ALPASLAN-8,CV Charging Vehicles,38.718109904095854,35.50585911362464,Kayseri,Public - Membership Required,1
235476,CV CHARGING VEHICLES - ŞEHZADE YENİDOĞAN-7,CV Charging Vehicles,38.7027259340276,35.553022728306246,KAYSERİ,Public - Membership Required,1
235475,CV CHARGING VEHICLES - FATİH-6,CV Charging Vehicles,38.687822378277644,35.43598060424665,Melikgazi,Public - Membership Required,1
235474,CV CHARGING VEHICLES - ŞEHZADE ALTINOLUK-5,CV Charging Vehicles,38.708252710839474,35.4459430888445,KAYSERİ ,Public - Membership Required,1
235473,CV CHARGING VEHICLES - ŞEHZADE BELSİN-4,CV Charging Vehicles,38.73927907561361,35.396636238311544,KAYSERİ,Public - Membership Required,1
235456,CV CHARGING VEHICLES - ŞEHZADE KÖŞK-3,CV Charging Vehicles,38.719499,35.5129009,KAYSERİ ,Public - Membership Required,1
235455,CV CHARGING VEHICLES -  ŞEHZADE ERKİLET-2,OpenLoop,38.813293,35.454383,KAYSERİ,Public - Membership Required,1
235454,CV CHARGING VEHICLES - ŞEHZADE BEYAZŞEHİR-1 ,CV Charging Vehicles,38.77811151717174,35.58222977314088,KAYSERİ ,Public - Membership Required,1
235451,CV CHARGING VEHICLES - ELMACIOĞLU İSKENDER,CV Charging Vehicles,38.719657508649135,35.50181948497013,Kayseri ,Public - Membership Required,0
235450,CV CHARGING VEHICLES -  SİNAN CHEF,CV Charging Vehicles,38.67530234624519,35.561283786738386,Kayseri ,Public - Membership Required,1
235449,CV CHARGING VEHICLES -  FAME RESIDENCE - GÖYNÜK,CV Charging Vehicles,36.66277,30.557946,Antalya ,Public - Membership Required,2
235448,CV CHARGING VEHICLES - FAME RESIDENCE - LARA,CV Charging Vehicles,36.855646,30.877159,Antalya ,Public - Membership Required,1
235447,CV CHARGING VEHICLES -  FAME RESIDENCE - KEMER,CV Charging Vehicles,36.603045,30.565846,Antalya ,Public - Membership Required,2
235446,CV CHARGING VEHICLES - TEKNOKENT,CV Charging Vehicles,36.900024,30.64597,Antalya,Public - Membership Required,2
235445,CV CHARGING VEHICLES - SEYRAN KOLTUK İMOTİM,CV Charging Vehicles,40.117842,29.443304,Bursa,Public - Membership Required,1
235443,CV CHARGİNG VEHİCLES -  SEYRAN KOLTUK İMOTİM,CV Charging Vehicles,40.117842,29.443304,İnegöl,Public - Membership Required,1
235442,CV CHARGING VEHICLES - KAHRAMAN YENİLENEBİLİR ENERJİ,CV Charging Vehicles,38.4441529,30.256413521,Sandıklı,Public - Membership Required,1
235441,CV CHARGING VEHICLES - SENSITIVE PREMİUM RESORT & SPA,CV Charging Vehicles,36.839494,31.137562,Serik,Public - Membership Required,1
235440,CV CHARGING VEHICLES - MARY PALACE OTEL SİDE,CV Charging Vehicles,36.822502,31.304534,MANAVGAT,Public - Membership Required,1
235439,CV CHARGING VEHICLES - MEVLANA LOKANTASI ,CV Charging Vehicles,36.89857884244796,30.70921816312756,Muratpaşa,Public - Membership Required,3
235438,CV CHARGİNG VEHİCLES -  MEVLANA LOKANTASI,CV Charging Vehicles,36.898630999999995,30.7094895,ANTALYA,Public - Membership Required,3
235437,CV CHARGING VEHICLES - HİLMİ BEKEN LUKOİL KEMER,CV Charging Vehicles,36.585983,30.541898,Antalya ,Public - Membership Required,1
235436,CV CHARGING VEHICLES -LUNA BLANCA RESORT & SPA,CV Charging Vehicles,36.78662919935111,31.4462775692908,Manavgat,Public - Membership Required,1
235370,ZES - O204 - İstanbul Yönü ,ZES,39.756402399165296,27.961576216272192,balıkesir,Public - Membership Required,4
235369,ZES - O320 - İstanbul Yönü,ZES,38.92811055837839,27.704481666497713,manisa,Public - Membership Required,1
235368,ZES - O320 - İzmir Yönü,ZES,38.92938737426567,27.702445605817843,manisa,Public - Membership Required,1
235367,En Yakıt - Ufresh Shop,En Yakıt (TR),37.90420727918719,28.29994283422934,nazilli,Public - Membership Required,1
235312,CV CHARGİNG VEHİCLES - ANFAŞ ,CV Charging Vehicles,36.93964062274527,30.81811873913432,Antalya,Public - Membership Required,2
235310,CV CHARGING VEHICLES - MAVI KOY PETROL,CV Charging Vehicles,36.374507,30.393163,Kumluca,Public - Membership Required,1
235309,CV CHARGING VEHICLES - CMC PETROL,CV Charging Vehicles,37.08660352176027,30.62007227867184,ANTALYA,Public - Membership Required,1
235307,CV CHARGING - THE CORNER PARK HOTEL,CV Charging Vehicles,36.87441223,30.657541914293574,Konyaaltı,Public,2
235056,CV CHARGING - SEYRAN KOLTUK İMOTİM,CV Charging Vehicles,40.11302891856258,29.45280278229029,İnegöl/Bursa,Public - Membership Required,1
212885,Oncharge,OnCharge (TR),38.95383087194264,27.060463138653972,Bergama,Public - Membership Required,2
212884,Oncharge,OnCharge (TR),38.95309157939971,27.06160328992314,Bergama,Public - Membership Required,2
212391,Metro Market,ZES,38.33756169136089,38.23902690073896,Yeşilyurt,Public - Membership Required,2
212390,Honda Akcanlar,En Yakıt (TR),37.13730561485171,37.30250058460226,Şehitkamil,Public - Membership Required,1
212389,Metro Market ZES,ZES,37.0651013353599,37.33382236826537,Şehitkamil,Public - Membership Required,1
212365,GIOEV Selway Outlet Balçova Batı,GioEV (TR),38.376950906190785,27.072879539929772,Balçova,Public - Membership Required,2
212364,GIOEV İzmir Selway Outlet Balçova,GioEV (TR),38.377929772740174,27.073507643411205,Balçova,Public - Membership Required,2
212362,Eşarj Kahyaoğulları Opel,Eşarj (TR),38.296745043370834,27.13984443141203,Gaziemir,Public - Membership Required,2
212361,Eşarj - Arkas Otomotiv Gaziemir,Eşarj (TR),38.35984133268542,27.136130196564295,Gaziemir,Public - Membership Required,2
212359,Eşarj 120kW - Nazar Renault,Eşarj (TR),38.616925918536424,27.065666302092268,Menemen,Public - Membership Required,2
211263,"Hilton, Adana",Eşarj (TR),36.988071,35.336831,Adana,Public - Membership Required,1
211262,"Koluman Yenice, Mersin",Eşarj (TR),36.9521,34.996781,Mersin,Public - Membership Required,1
211219,"Ahsaray Otel, Aksaray",Eşarj (TR),38.364991,34.008086,Aksaray,Public - Membership Required,1
211218,"Çağlayanlar Oto, Kırşehir",Eşarj (TR),39.120247,34.196106,Kırşehir,Public - Membership Required,1
211079,ZES Metro Çiğli,ZES,38.48984898414608,27.073296367765266,Çiğli,Public - Membership Required,2
211076,ZES 3M Migros Marmaris,ZES,36.84133278994507,28.248936502810977,Marmaris,Public - Membership Required,1
211074,Eşarj uçak Kardeşler,Eşarj (TR),38.17729491691401,26.831370924679845,Seferihisar,Public - Membership Required,2
211060,ZES Metro Gaziemir,ZES,38.31734831625877,27.138717457531357,Gaziemir,Public - Membership Required,2
211059,EŞARJ 90kW - Carrefoursa Urla,Eşarj (TR),38.32045889614585,26.754227636189057,Urla,Public - Membership Required,2
210979,Eşarj - Otopratik Efeler ,Eşarj (TR),37.84611890450421,27.865779308163155,Efeler,Public - Membership Required,2
210978,Eşarj Turgut Otomotiv Muğla,Eşarj (TR),37.25447104352607,28.234615263536966,Menteşe,Public - Membership Required,2
210977,ZES Metro Market Ayvalık,ZES,39.32786289814206,26.715234496874245,balıkesir ayvalık,Public - Membership Required,2
210976,Oncharge Kuzey Ege Otoyolu İzmir Yönü,OnCharge (TR),38.74015310645015,26.984214378255018,Aliağa,Public - Membership Required,2
210975,Oncharge Kuzey Ege Otoyolu Çanakkale Yönü,Eşarj (TR),38.739893153368655,26.98670341275715,Aliağa,Public - Membership Required,2
210974,En Yakıt Caprice AVM MArmaris,Eşarj (TR),36.85921523915671,28.255340263261132,Marmaris,Public - Membership Required,2
210909,Şarjon Mert Marine Tuzla Atölye,Şarjon (TR),40.8386464037159,29.297094102590165,Tuzla,Public - Membership Required,1
210839,Şarjon - Caraj (Çakıroğlu) Car Rental,Şarjon (TR),40.934425,29.338331,Pendik,Public - Membership Required,2
210745,Sharz - GO  Samsun Kavak,Sharz.Net,41.06844007426065,36.01521364523967,Kavak,Public - Membership Required,1
210743,ZES - Turkish Oil Merzifon IMC Petrol,ZES,40.874388892667184,35.54610933592471,Merzifon,Public - Membership Required,2
210742,oncharge - Amorium Hotel,OnCharge (TR),41.32229286137982,33.76707956854648,Kastamonu Merkez,Public - Membership Required,4
210348,Hampton by Hilton,Eşarj (TR),41.225234197349494,36.430928500558366,Tekkeköy,Public - Membership Required,2
210184,Akyaka - Gökova Yolu,Eşarj (TR),37.055785676417656,28.33715004375165,,Public - Membership Required,1
210183,Muğla - Fethiye Yolu,Sharz.Net,37.05114362161402,28.355685390204258,,Public - Membership Required,1
210093,EŞARJ - AMCA Otomotiv,Eşarj (TR),38.439940055300355,27.268572909792624,İzmir ,Public - Membership Required,1
210092,EŞARJ - ÇETAŞ İzmir,Eşarj (TR),38.45660572382786,27.253517211185454,izmir,Public - Membership Required,1
209913,ENYAKIT Sakıpağa Outlet,En Yakıt (TR),38.67545245719569,27.01731418859572,Menemen,Public - Membership Required,2
209912,Point Bornova ZES,ZES,38.431180454395275,27.21038180589983,izmir,Public - Membership Required,1
209816,Eşarj Külleci Otomotiv,Eşarj (TR),37.846221345275495,27.818254042196145,Efeler,Public - Membership Required,2
209524,Hasan Dikili Ev,Sharz.Net,39.09125804373386,26.886094076787003,Dikili,Privately Owned - Notice Required,1
209523,Hasan Ev,Sharz.Net,36.69271278381346,27.460845947265618,Datça,Privately Owned - Notice Required,1
209522,Flow Datça ZES,ZES,36.764317057455656,27.730667845080916,Datça,Public - Membership Required,1
209521,Migros Datça ZES,ZES,36.7326867775065,27.681840164057547,datça,Public - Membership Required,1
209520,Begonvil Apart ZES,ZES,36.673013,27.502296,datça,Public - Membership Required,2
209479,EŞARJ 60kW - Otopratik (Paşa Oto),Eşarj (TR),38.49895139761472,27.046544438070214,Çiğli,Public - Membership Required,3
209478,E Şarj,Eşarj (TR),38.47793005410054,27.09658229753677,Karşıyaka,Public - Membership Required,3
209370,Eşarj - Propartik Muğla ,Eşarj (TR),37.327477674824735,28.164007753358305,Yatağan,Public - Membership Required,2
208215,ZES - O167 - İstanbul Yönü,ZES,40.040942001045245,28.22120699376365,Mustafakemalpaşa,Public,8
207761,SHARZ - Keskinler Otomotiv,Sharz.Net,40.20993102667438,28.943798901930904,Çalı,Public - Membership Required,1
207760,ŞARJON - Kayseri Depo,Şarjon (TR),38.711537,35.623117,Melikgazi,Public - Membership Required,1
207751,ŞARJON - Burulaş Hocaalizade Açık Otoparkı,Şarjon (TR),40.180266,29.067474,Osmangazi,Public - Membership Required,1
207735,ŞARJON - Burulaş Kayıhan Otoparkı,Şarjon (TR),40.184816,29.070692,Osmangazi,Public - Membership Required,2
207726,ŞARJON - Burulaş Osmangazi Metro Istasyonu Batı Çıkışı,Şarjon (TR),40.196028,29.055071,Osmangazi,Public - Membership Required,1
207701,ŞARJON - Burulaş Güzelyalı İDO İskele Açık Otoparkı,Şarjon (TR),40.3558243,28.9274526,Mudanya,Public - Membership Required,1
207694,Şarjon - Burulaş Mudanya Basketbol Sahası,Şarjon (TR),40.372527,28.890057,Mudanya,Public - Membership Required,1
207402,ŞARJON - Mudanya Tekel Otopark,Şarjon (TR),40.373796,28.887656,Mudanya,Public - Membership Required,1
207401,ŞARJON - Som Yatırım,Şarjon (TR),41.091755,29.0942232,Beykoz,Public - Membership Required,1
203026,Şarjon - Bodrum Ticaret Odası,Şarjon (TR),37.052891,27.381497,Bodrum,Public - Membership Required,1
203023,ZES - Backstage,ZES,38.313089,27.1658867,Gaziemir,Public - Membership Required,2
203022,Şarjon - Esbaş Ege Serbest Bölge,Şarjon (TR),38.3348506,27.1243606,Gaziemir,Public - Membership Required,1
203017,ŞARJON - Ernaz Düzce,Şarjon (TR),40.7995793,31.2432285,Kaynaşlı,Public - Membership Required,1
203014,Şarjon - Ernaz Sakarya ,Şarjon (TR),40.7581004,30.4207088,Erenler,Public - Membership Required,1
203008,Şarjon - Skoda Çakıroğlu,Şarjon (TR),40.960522,29.281267,Sultanbeyli,Public - Membership Required,1
203004,ŞARJON - İspark Salıpazarı,Şarjon (TR),40.9968767,29.048388,,Public - Membership Required,1
203002,Şarjon - Maçka İspark Katlı Otopark ,Şarjon (TR),41.0480719,28.9903048,Şişli,Public - Membership Required,1
203001,ŞARJON - Torunlar İspark,Şarjon (TR),41.0640763,28.9991748,Şişli,Public - Membership Required,1
202319,ŞARJON - Six Senses Kocatas Mansion ,Şarjon (TR),41.165277,29.053994,Sarıyer,Public - Membership Required,1
194306,Eşarj - Mengerler İzmir ,Eşarj (TR),38.3214002228147,27.137874976548005,Gaziemir,Public,2
194278,Otopratik Söke Eşarj,Eşarj (TR),37.73432476918141,27.401295898491412,Savuca,Public,1
193821,Pine Bay Otel,ZES,37.911866,27.265163,Kuşadası Aydın,"Private - For Staff, Visitors or Customers",2
193569,EŞARJ - Küşleme Kebap Gaziantep,Eşarj (TR),37.13313332174107,37.30398679726886,Gaziantep,Public,0
193568,EŞARJ - Mengerler Adana,Eşarj (TR),36.984038224397366,35.3744847114408,Adana,Public,0
193519,EŞARJ - Taymek Ankara,Eşarj (TR),39.85496990703018,32.607005254752494,Ankara,Public - Membership Required,10
193002,Mengerler Eşarj,Eşarj (TR),37.340877034758805,27.73887268909789,Bahçeburun,Public - Membership Required,1
192817,ZES - Çakaloğlu Petrol Aydın,ZES,37.87563242192914,27.560661663844485,Aydın,Public,1
192592,The Stay Otel Alaçatı ,(Business Owner at Location),38.28988560064633,26.36679415794606,,Public - Membership Required,2
192442,EŞARJ - Aytemiz Taşlıdere Rize,Eşarj (TR),41.04491213442142,40.59455417294089,Rize,Public,1
192132,ZES - Keşan Kipa AVM DC,ZES,40.87422926904679,26.637602442405296,Keşan,Public,1
192124,Zes - Arkoçlar Petrol,ZES,39.94916861145842,26.293059608130648,Taştepe,Public - Membership Required,1
192123,Zes - TP Şarköy Maral Petrol,ZES,40.61806663301368,27.09919530299169,Şarköy,Public - Membership Required,1
192122,Zes - Ramada By Wyndham ,ZES,40.945874785901424,27.465871590253983,Tekirdağ,Public - Membership Required,2
192121,Zes-Tekira Avm,ZES,40.97838268061679,27.504028910159832,Tekirdağ,Public - Membership Required,2
192120,Şaraphane Voltrun - Des Hotel,Voltrun,40.97310702828031,27.501771068868607,Tekirdağ,Public - Membership Required,1
192119,Voltrun - Silivri Sahil Otopark,Voltrun,41.0712714823168,28.243890263654976,Silivri,Public - Membership Required,1
191997,ZES - Oksijen O86 İzmir Yönü,ZES,40.28321764556952,28.995544170815492,Bursa,Public,6
191996,ZES - O37 - İstanbul Yönü,ZES,40.52372002708404,29.34280096843122,Bursa,Public,8
191984,O228 Istanbul yönü,ZES,39.65583222229756,27.76287581706856,Savastepe,Public,6
191946,SHARZ - Ozcanlar Köfte Beyazköy,Sharz.Net,40.98964549057814,27.603078083765695,Tekirdağ,Public - Membership Required,2
191764,EŞARJ - Shell Bilkent,Eşarj (TR),39.88520571003815,32.76378409355209,Çankaya,Public,0
191714,Otopratik Amasya,Eşarj (TR),40.64324087394914,35.80771813954641,Amasya,Public,1
191713,EŞARJ - Mercedes Samsun,Eşarj (TR),41.224471679808886,36.44857346137394,Tekkeköy,Public - Membership Required,2
191314,EŞARJ - Borusan Oto Tarsus,Eşarj (TR),36.97851345021985,35.08286200437669,Mersin,Public,1
191313,EŞARJ - Otopratik Adana,Eşarj (TR),36.99492469437638,35.281032861356266,Adana,Public,1
191312,EŞARJ - Otopratik Diyarbakır,Eşarj (TR),37.94241264266981,40.20225546980441,Diyarbakır,Public,1
191311,Trugo - Oksijen O3,Trugo (TR),40.77346726861356,29.5203427172861,Dilovası,Public,6
191310,ZES - O204 - İzmir Yönü,ZES,39.7578249919967,27.960127630879242,Balıkesir,Public,6
191279,SHARZ - Karis Oto,Sharz.Net,38.450146256213145,27.190551193939427,Bornova,Public - Membership Required,1
190794,Voltrun - E-Power Bursa,Voltrun,40.223715071982724,28.81481829762231,Görükle,Public - Membership Required,1
190416,SHARZ - Bolçi Cafe,Sharz.Net,40.740132256433895,31.57928826717273,Kılıçarslan,Public - Membership Required,1
190412,Sümerpark Alışveriş Merkezi,Sharz.Net,37.790550179706656,29.089145319656723,Merkezefendi,Public - Membership Required,1
190411,ZES - Coşkunlar Otomotiv Denizli DC,ZES,37.81515511379999,29.062748180893323,denizli,Public - Membership Required,1
188934,ZES - Edremit Akın AVM DC,ZES,39.597281491089205,26.972888137949894,,Public,1
188930,EŞARJ - Otopratik Çorlu,Eşarj (TR),41.14815226341747,27.838324301608054,Çorlu,Public,0
188929,EŞARJ - Mengerler Trakya,Eşarj (TR),41.13916883455374,27.87289300295663,Çorlu,Public,0
188768,"Hasan Kalyoncu Universitesi, Gaziantep",Eşarj (TR),37.007748,37.436512,Gaziantep,Public - Membership Required,1
188626,SHARZ - Yıldız Pet. Dinleme Tesisleri,Sharz.Net,37.9331973248745,29.877565200914546,Dazkırı,Public - Membership Required,1
188477,Voltrun - e-Power Balıkesir 1,Voltrun,39.60791622445191,27.902889791198618,Çayırhisar,Public - Membership Required,1
188249,Armada Grannos Thermal Hotel [ZES AC],ZES,39.4183058939191,32.49723314238367,Haymana,Public - Membership Required,2
188207,EŞARJ - Q Beach Club,Eşarj (TR),38.68418194708775,26.73999898630484,Foça,Public - Membership Required,1
188206,EŞARJ - Q Beach Club,Eşarj (TR),38.68418194708775,26.73999898630484,Foça,Public - Membership Required,1
188197,EŞARJ - Pilotcar,Eşarj (TR),40.239504133200825,28.93011167027032,Doğanköy,Public - Membership Required,1
188166,Voltrun - Green Gold Hotel,Voltrun,37.71438612512995,27.219952724993618,Güzelçamlı,Public - Membership Required,1
176280,Ankara - Eskişehir Yolu,ZES,39.48030059209873,31.59591081937947,Sivrihisar,Public - Membership Required,1
176241,SHARZ - Akvaryum Cafe & Restaurant,Sharz.Net,38.48855961724979,27.05298686367132,Çiğli,Public - Membership Required,1
176240,SHARZ - Tektürk,Sharz.Net,40.86523276171849,29.3797338167127,Hamidiye,Public - Membership Required,1
176238,Zes - Hitit Hotel Restaurant,ZES,37.96273889683367,27.37253201451881,Selçuk,Public - Membership Required,1
176237,Voltrun - Suhan360 Hotel & Spa ,Voltrun,37.88346693727422,27.2673034684949,Kuşadası,Public - Membership Required,1
176236,Zes - Fesatto Avm,ZES,37.82869542981189,27.253340491106314,Kuşadası,Public - Membership Required,1
176235,Zes - Ephesia Holiday Beach Club,ZES,37.81419298641771,27.26942950839532,Kuşadası,Public - Membership Required,1
176234,Zes - Kuşadası Avm,ZES,37.808511788185555,27.27816885685627,Kuşadası,Public - Membership Required,1
176232,SHARZ - Maia Luxury Beach Hotel & Spa ,Sharz.Net,37.71604772957714,27.218398357472097,Güzelçamlı,Public - Membership Required,1
176002,Armas Akademi - resident or emergency charging only,(Unknown Operator),40.861061089999986,30.225904459999988,Akmeşe,"Private - For Staff, Visitors or Customers",1
175735,EŞARJ - Mercedes-Benz Birollar Oto Eskişehir,Eşarj (TR),39.805886243777366,30.416128671368597,Eskişehir,Public,0
175267,SHARZ - Özdilek Avm,Sharz.Net,38.41068940651596,27.031634925261187,Balçova,Public - Membership Required,1
175104,EŞARJ - Shell Acıbadem,Eşarj (TR),41.00332060955927,29.03392891175247,,Public,0
175103,EŞARJ - Mengen Rüya Çiftliği,Eşarj (TR),40.91016172729135,32.078747208212235,Bolu,Public - Membership Required,1
175102,EŞARJ - Otopratik Antalya,Eşarj (TR),36.90467231565677,30.75524843229391,Antalya,Public - Membership Required,1
174928,Zes - Uysallar Bosch Araç Servisi,ZES,36.6249492956328,29.136081980548852,Muğla,Public - Membership Required,1
174927,Zes - Sundia By Liberty Fethiye Hotel ,ZES,36.665209583913935,29.1068368052114,Fethiye,Public - Membership Required,1
174926,SHARZ - Atler Hypco,Sharz.Net,36.825687319699966,28.78822496372618,Ortaca,Public - Membership Required,1
174925,Zes - YDA Dalaman Havalimanı,ZES,36.72406552683728,28.78761043650252,,"Private - For Staff, Visitors or Customers",1
174924,Zes - Milas Ören Marina,ZES,37.029000490150324,27.99025180909291,,Public - Membership Required,3
174923,Zes - Otomar Bosch Araç Servisi,ZES,37.205652794667316,28.36799849454485,,Public - Membership Required,1
174922,Renault - Kutay,(Unknown Operator),37.25283740282602,28.244233312855272,,Public - Membership Required,1
174921,Zes - B.Yıldız Bosch Araç Servisi,ZES,40.095180740365095,29.514268315017148,İnegöl,Public - Membership Required,1
174920,Voltrun - Ernaz Sakarya ,Voltrun,40.759720666659774,30.42149222193507,Erenler,Public - Membership Required,1
174887,Zes - Pakt Plus Avm,ZES,40.22616777235078,27.24769804937705,Biga,Public - Membership Required,1
174886,Zes - Paragon Avm,ZES,39.33330184189725,26.717617456345124,Ayvalık,Public - Membership Required,1
174885,Zes - Palm Beach Otel,ZES,39.54666660621726,26.6108762738794,Küçükkuyu,Public - Membership Required,1
174884,Zes - Hotel Caeli,ZES,40.26604805385455,26.382876049422748,,Public - Membership Required,1
174883,Zes - Suvla Wines,ZES,40.1789276463428,26.352487879363366,Eceabat,Public - Membership Required,1
174882,Zes - Kırşehir Turan Petrol,ZES,39.13449884855629,34.18636926890167,Kırşehir,Public - Membership Required,1
174881,SHARZ - Gök Petrol,Sharz.Net,39.257950970739955,34.12204732236182,Kırşehir,Public - Membership Required,1
174880,Zes - CKR Dünya Köfte ,ZES,38.8451017114958,30.744399484055293,Çalışlar,Public - Membership Required,1
174879,SHARZ - Enk Dinlenme Tesisleri,Sharz.Net,39.43974535201258,31.563665425915133,Oğlakçı,Public - Membership Required,1
174878,SHARZ - Kartaltepe Avm,Sharz.Net,39.58173777925023,32.15809708850793,Polatlı,Public - Membership Required,1
174840,SHARZ - Lens Yaşam Merkezi,Sharz.Net,40.92690187331567,29.312707150601,Kurtköy,Public - Membership Required,1
174818,Voltrun - Şile Belediye Otoparkı,Voltrun,41.172394998535566,29.60917405019154,Şile,Public - Membership Required,1
174783,Zes - Anemon Hotel ,ZES,37.84574112027724,27.874661461973346,Kocagür,Public - Membership Required,1
174782,Zes - Köfteci Tamer Öztürk ,ZES,37.62321704369725,28.045643397641015,Çaltı,Public - Membership Required,1
174781,Zes - Korumar Hotel,ZES,37.87829057071613,27.265298728159905,Kuşadası,Public - Membership Required,1
174780,İzmir Çanakkale Yolu,ZES,38.67757033007905,27.015389660546134,Buruncuk Mahallesi,Public - Membership Required,1
174779,İzmir Çanakkale Yolu,ZES,38.678840682543296,27.015269404284822,Buruncuk Mahallesi,Public - Membership Required,1
174778,Zes - Apama Zeytinli Bahçe ,ZES,38.67667070926177,26.904829504122745,Bağarası,Public - Membership Required,1
174777,Zes - Florat Çiftlik Hotel & Kahvaltı,ZES,39.207649546504996,26.816618885400544,Bahçeli,Public - Membership Required,1
174775,Voltrun - E-POwer,Voltrun,38.7816712588467,30.599702652633027,Çalışlar,Public - Membership Required,1
174774,Zes - Afyon Etçi Baba Restaurant ,ZES,38.78374549211364,30.47914613889384,Afyonkarahisar,Public - Membership Required,1
174772,Zes - NG Afyon Otel ,ZES,38.78467935866405,30.477737509306507,Afyonkarahisar,Public - Membership Required,1
174771,D300,ZES,38.79031420539073,30.45954508321006,Afyonkarahisar,Public - Membership Required,1
174770,Zes - Güral Porselen ,ZES,39.394788511881046,30.034857677115497,Kütahya,Public - Membership Required,1
174769,Voltrun - Kütahya Belediyesi ,Voltrun,39.42535864712815,29.98977064170242,Kütahya,Public - Membership Required,1
174768,Zes - Oepsaş,ZES,39.426325935091995,29.989486973303542,Kütahya,Public - Membership Required,1
174767,Zes - Eskişehir Fuar ve Kongre Merkezi Açık Otopark ,ZES,39.75246189159054,30.594554416765163,Eskişehir,Public - Membership Required,1
174766,Kemal Zeytinoğlu Caddesi,ZES,39.75802096883831,30.524133698382684,Eskisehir,Public - Membership Required,1
174765,Zes - Ibis Hotel Eskisehir,ZES,39.780668093393274,30.512916745985763,Tepebaşı,Public - Membership Required,1
174764,Zes - Park Plus Otopark ,ZES,39.781725251778994,30.512118658566806,Tepebaşı,Public - Membership Required,1
174762,Zes - Capella Hotel,ZES,39.783047160809105,30.506504142552217,Tepebaşı,Public - Membership Required,1
174761,Zes - Tepebaşı Belediye Açık Otopark ,ZES,39.782986971587405,30.503281805446022,Tepebaşı,Public - Membership Required,1
174760,Zes - Cassaba Modern,ZES,39.78400531536698,30.499676997928646,Tepebaşı,Public - Membership Required,1
174759,Zes - Hilton Garden Inn,ZES,39.785011454428314,30.500188279469512,Tepebaşı,Public - Membership Required,1
174758,Tepebaşı Belediyesi Su Sporları Merkezi,(Unknown Operator),39.77765472689293,30.47800143588472,Tepebaşı,Public - Membership Required,1
174757,Zes - Vega Outlet ,ZES,39.78172390832526,30.479139371299084,Tepebaşı,Public - Membership Required,1
174756,Zes - Anemon Hotel,ZES,39.78193542144922,30.477090812987853,Tepebaşı,Public - Membership Required,1
174755,Zes - Tekpark Yaşam Merkezi,ZES,39.79350248620051,30.457797395184002,Tepebaşı,Public - Membership Required,1
174754,SHARZ - Koçoğlu ,Sharz.Net,39.88984663136185,30.111488866272225,,Public - Membership Required,1
174753,Zes - Cennet Vadisi ,ZES,40.07159152874351,30.01715137080555,Başköy,Public - Membership Required,1
174752,Voltrun - Şile Belediye Otoparkı,Voltrun,41.17089597637104,29.609049199960964,,Public - Membership Required,1
174751,Zes - Akrapol Restaurant ,ZES,36.192763037704296,29.593945505494503,Kaş,Public - Membership Required,1
174749,SHARZ - Zirve Petrol,Sharz.Net,36.52952421383441,34.21892125055126,Kumkuyu,Public - Membership Required,1
174748,Zes - Sayapark Avm,ZES,36.76828856272964,34.55359028459043,Yenişehir,Public - Membership Required,1
174747,Zes - Mersin Ramada Otel,ZES,36.805170922278094,34.61528180736059,Toroslar,Public - Membership Required,1
174746,Zes - Ramada Hotel Kahramanmaraş,ZES,37.60063163976143,36.820711395797275,Kahramanmaraş,Public - Membership Required,1
174745,Zes - Clarion Hotel Kahramanmaraş,ZES,37.5758704546362,36.922619667107824,Onikişubat,Public - Membership Required,1
174744,SHARZ - Ergün Kanbağlı Michelin,Sharz.Net,37.06332629104551,37.33318239180085,Şehitkamil,Public - Membership Required,1
174742,SHARZ - Tuğcan Hotel,Sharz.Net,37.06258624557181,37.37347266305869,Gaziantep,Public - Membership Required,1
174740,Zes - TP Çağpet,ZES,37.18122019355506,37.27579479688245,Aktoprak,Public - Membership Required,1
174736,SHARZ - Hypco,Sharz.Net,36.47917278898484,36.26109432000544,Çakallı,Public - Membership Required,1
174735,Zes - Park 328 AVM,ZES,37.06459501556863,36.23413520326642,Osmaniye,Public - Membership Required,1
174734,Zes - Büyük Osmaniye Oteli,ZES,37.05568911030116,36.18998071522151,Akyar,Public - Membership Required,1
174733,Zes - Sheraton Grand Hotel Adana,ZES,36.99511383340413,35.339987897377114,,Public - Membership Required,1
174732,Zes - Ibis Hotel Adana,ZES,36.991652559780576,35.32128514568103,Adana,Public - Membership Required,1
174731,Zes - 01 Burda Avm,ZES,36.993940950216995,35.30718382162377,Adana,Public - Membership Required,1
174730,SHARZ -  Yapsan,Sharz.Net,36.99737743172007,35.24901106228879,Adana,Public - Membership Required,1
174728,Zes - Kaysermall Outlet,ZES,38.787012888685126,35.60575884995478,Gesi,Public - Membership Required,1
174726,Zes - Novotel Kayseri,ZES,38.735230428968265,35.49546051939592,Kayseri,Public - Membership Required,1
174725,Zes - Radisson Blu Kayseri,ZES,38.723760731417514,35.495546720046605,Hunat Mah.,Public - Membership Required,1
174724,Zes - Holiday Inn Hotel Kayseri,ZES,38.72183975007948,35.47951986192106,Kayseri,Public - Membership Required,1
174723,SHARZ - Büyükağa,Sharz.Net,38.46430403741317,34.75139145894377,Kaymaklı,Public - Membership Required,1
174721,Zes - Crystal Kaymaklı Hotel,ZES,38.46264491544255,34.750058797216866,Kaymaklı,Public - Membership Required,1
174719,Zes - Kral Bosch Araç Servisi,ZES,38.601922147073,34.68678139122903,Nevşehir merkez,Public - Membership Required,1
174718,Zes - Nissara Avm,ZES,38.62491597751381,34.715828946381976,Nevşehir merkez,Public - Membership Required,1
174716,Zes - Dinler,ZES,38.63395616783757,34.92426602115768,Urgup,Public - Membership Required,1
174715,Voltrun - Sühan Hotel,Voltrun,38.71502010029138,34.83690594442555,Avanos,Public - Membership Required,1
174714,Zes - Has Döner,ZES,38.407443647826994,33.97681720951607,Sarayhan,Public - Membership Required,1
174713,SHARZ - Ahsaray Otel,Sharz.Net,38.36353206460771,34.00730681206687,Aksaray,Public - Membership Required,1
174672,SHARZ - Tp,Sharz.Net,39.82086783886021,33.479950778251464,Kırıkkale,Public - Membership Required,1
174671,Voltrun - E-POwer,Voltrun,39.92475171107486,33.37689567463201,Irmak,Public - Membership Required,1
174670,Zes - D Marin Göcek,ZES,36.74592830777635,28.942931730652845,Göcek,Public - Membership Required,1
174669,Zes - Marmaris Hotel Aqua,ZES,36.802872278115316,28.231902136673966,Icmeler,Public - Membership Required,1
174668,e-POwer - PO ,Voltrun,37.32988979972171,28.163336315185006,Yatağan,Public - Membership Required,1
174667,SHARZ - Kurutaş Otopark,Sharz.Net,37.0364626517041,27.435193317488256,Bodrum,Public - Membership Required,1
174666,SHARZ - Naifoğlu,Sharz.Net,37.04250857354019,27.430134379722062,Bodrum,Public - Membership Required,1
174665,Zes - Didim D-Marin ,ZES,37.34145665582524,27.261966664464012,Didim,Public - Membership Required,1
174664,Zes - Didim D-Marin ,ZES,37.34145665582524,27.261966664464012,Didim,Public - Membership Required,1
174663,Voltrun - e-POwer,Voltrun,37.38775215676637,27.247814444827554,Didim,Public - Membership Required,1
174662,ZES - Novada Söke Avm,ZES,37.76650925156346,27.42462428111753,Sazlıköy,Public - Membership Required,10
174661,SHARZ - Westpark Outlet 2,Sharz.Net,38.48176762247854,27.182836737701564,Laka,Public - Membership Required,1
174660,SHARZ - West park Outlet 1,Sharz.Net,38.48119011504315,27.180506674880803,Laka,Public - Membership Required,1
174659,SHARZ - Murat Reis ,Sharz.Net,39.28150477027663,26.66113293079968,Küçükköy,Public - Membership Required,1
174658,SHARZ - Asude Tesisleri,Sharz.Net,39.45454150253411,26.884921704624162,Karaağaç,Public - Membership Required,1
174657,Voltrun - E-Power Çanakkale ,Voltrun,40.01389811347295,26.32811647663766,Erenköy,Public - Membership Required,1
174642,SHARZ - Yıkapark 17,Sharz.Net,40.1490892609506,26.432692149146533,Çanakkale,Public - Membership Required,1
174641,SHARZ - Arasta Park AVM,Sharz.Net,40.7647620180897,29.976055207347258,Kocaeli,Public - Membership Required,1
174639,Renault Ernaz ,Eşarj (TR),40.75500236871105,29.948539632079587,Kocaeli,"Private - For Staff, Visitors or Customers",1
174601,SHARZ - Toksoy Po,Sharz.Net,36.85708299639715,28.272878393210476,Marmaris,Public - Membership Required,1
174600,SHARZ - Maçakızı,Sharz.Net,37.133760888323266,27.379494560614376,Türkbükü,Public - Membership Required,1
174599,Zes Turgutreis D-Marin,ZES,37.005333688489415,27.256688319888212,Bodrum ,Public - Membership Required,1
174598,SHARZ - Priene Avm,Sharz.Net,37.707524006123535,27.383762022409883,Gölbent,Public - Membership Required,1
174596,SHARZ - Alptekin Butik Otel ,Sharz.Net,38.08021926670665,26.96753792786285,Ürkmez,Public - Membership Required,1
174595,Zes Teos Marina ,ZES,38.1908877052266,26.783363436928425,Düzce,Public - Membership Required,1
174594,Renault Mais,Eşarj (TR),40.213778246573526,28.95445251313913,,"Private - For Staff, Visitors or Customers",1
174557,SHARZ - Yaylada AVM,Sharz.Net,39.6559789011059,27.90452786541482,Balıkesir,Public - Membership Required,1
174531,Zes - Charisma Deluxe,ZES,37.87542470790095,27.265455851830325,Kuşadası,Public - Membership Required,1
174447,ZES - Bahçıvanoğlu Otomotiv,ZES,39.08918918962368,27.12696700636502,Bergama,Public,4
174400,ZES - O178 - İstanbul Yönü,ZES,39.924594067764104,28.13397400496308,Balıkesir,Public,8
174399,ZES - O178 - İzmir Yönü,ZES,39.92465549006087,28.133658897699434,Balıkesir,Public,8
174095,"EŞARJ - Hampton by Hilton, Gelibolu",Eşarj (TR),40.41282441491259,26.678770827428934,Gelibolu,Public,2
174049,EŞARJ - Otopratik Denizli,Eşarj (TR),37.8029461527305,29.074164056306586,Denizli,Public - Membership Required,1
174048,EŞARJ - Otopratik Bayramoğlu Trabzon,Eşarj (TR),40.99240352835608,39.7856039001374,Trabzon,Public - Membership Required,1
174047,EŞARJ - Meroto Çorum,Eşarj (TR),40.522097168039295,34.91546525792933,Çorum,Public - Membership Required,1
173965,EŞARJ - Köprülü Oto,Eşarj (TR),37.90945311461712,32.51582033703937,Konya,Public,0
172990,ZES - Metropol Istanbul DC,ZES,40.994015926594614,29.121954178827536,Istanbul,Public,5
172249,Tire Park AVM,ZES,38.096172503828996,27.72829252063002,Tire,Public - Membership Required,1
172240,Renault Ordu A.Ş.,Eşarj (TR),38.625865917604585,27.43583041628972,Şehzadeler,Public - Membership Required,2
172239,Ercoş Total,Sharz.Net,38.6231781782779,27.431605063114148,Şehzadeler,Public - Membership Required,1
172238,Zorpet,ZES,38.61372178884508,27.380249238186707,Yunusemre,Public - Membership Required,1
172237,45Park AVM,ZES,38.629109110140035,27.38821340126526,Yunusemre,Public - Membership Required,2
172236,Meydan,Sharz.Net,41.02354289759106,29.12585402125194,Ümraniye,Public - Membership Required,1
170963,EŞARJ - Aytemiz Koşuyolu,Eşarj (TR),41.00477883306317,29.03541279336855,,Public,0
170150,ZES - TŞOF Sivrihisar DC,ZES,39.43692679324312,31.558217171732394,Sivrihisar,Public,5
169862,ZES - Maidan AVM DC,ZES,39.90930122797826,32.764428928578354,Çankaya,Public,5
169861,ZES - Sungurlu Ali Osman Ulusoy DC,ZES,40.154907695439675,34.337128013038296,Sungurlu,Public,5
169860,ZES - Kampüs Dinlenme Tesisi DC,ZES,38.33037673239261,33.97561466305751,Aksaray,Public,5
168359,EŞARJ - Otostat Sancaktepe,Eşarj (TR),40.98007208115362,29.21300398469657,Istanbul,Public,0
168337,ZES - Zorluteks Lüleburgaz DC,ZES,41.28148599084503,27.589574065302713,Kırklareli,Public,4
167267,ZES O122 120 DC İzmir YÖNÜ,ZES,40.273781237916324,28.600534638519207,Taşpınar,Public,2
167266,İstanbul İzmir Otoyolu,ZES,40.27228579990731,28.60182634996704,Taşpınar,Public,2
165282,"Eşarj - Sandıkçı Oto, Arifiye",Eşarj (TR),40.728252,30.38389,Sakarya,Public,0
165281,"Eşarj - Serdivan AVM, Sakarya",Eşarj (TR),40.778324,30.365519,Sakarya,Public,0
165280,"Eşarj - Kapadokya Hill Hotel, Nevşehir",Eşarj (TR),38.594025,34.718216,Nevşehir,Public,0
165279,"Eşarj - Erasta AVM, Fethiye",Eşarj (TR),36.622376,29.132165,Muğla,Public,0
165278,"Eşarj - Midtown AVM, Bodrum",Eşarj (TR),37.056885,27.358917,Muğla,Public,0
165277,"Eşarj - Otomol, Milas, Muğla",Eşarj (TR),37.215561,27.657983,Muğla,Public,0
165276,"Eşarj - Borusan Oto, Bodrum",Eşarj (TR),37.055904,27.372107,Muğla,Public,0
165275,"Eşarj - Değirmenburnu Residence, Bodrum",Eşarj (TR),37.031483,27.416269,Muğla,Public,0
165274,"Eşarj - Borusan Oto (JLR), Tarsus",Eşarj (TR),36.978016,35.081158,Mersin,Public,0
165273,"Eşarj - Borusan Oto, Tarsus",Eşarj (TR),36.977905,35.080124,Mersin,Public,0
165272,Eşarj - Mersin Marina,Eşarj (TR),36.771904,34.570961,Mersin,Public,0
165270,"Eşarj - Shell, Sapanca (Güney)",Eşarj (TR),40.72757,30.06826,Kocaeli,Public,0
165269,"Eşarj - Shell, Sapanca (Kuzey)",Eşarj (TR),40.728073,30.072037,Kocaeli,Public,0
165268,"Eşarj - KuveytTürk, Kocaeli",Eşarj (TR),40.868114,29.379469,Kocaeli,Public,0
165267,"Eşarj - Öztorun Oto, Kocaeli",Eşarj (TR),40.773018,29.968559,Kocaeli,Public,0
165266,"Eşarj - Doğuş Otomotiv, Kocaeli",Eşarj (TR),40.865818,29.39612,Kocaeli,Public,0
165265,"Eşarj - ASF Otomotiv, Gebze",Eşarj (TR),40.786926,29.417063,Kocaeli,Public,0
165264,"Eşarj - TÜBİTAK MAM, Kocaeli",Eşarj (TR),40.787437,29.458794,Kocaeli,Public,0
165263,"Eşarj - Kilim Otel, İzmir",Eşarj (TR),38.426033,27.132443,İzmir,Public,0
165262,Eşarj - İzmir Palas Otel,Eşarj (TR),38.431549,27.136526,İzmir,Public,1
165261,"Eşarj - Hilltown AVM, Karşıyaka",Eşarj (TR),38.479324,27.074808,İzmir,Public,0
165260,"Eşarj - Hilltown AVM, Karşıyaka",Eşarj (TR),38.479343,27.074918,İzmir,Public,0
165259,"Rönesans Charger - Optimum Outlet ve Eğlence Merkezi, İzmir",Eşarj (TR),38.338852,27.135082,İzmir,Public,0
165257,"Eşarj - Ege Perla, Konak",Eşarj (TR),38.44684,27.175578,İzmir,Public,0
165254,"Eşarj - Özgörkey Otomotiv, Bornova",Eşarj (TR),38.453754,27.197189,İzmir,Public,0
165253,"Eşarj - Otomol, Alsancak, İzmir",Eşarj (TR),38.43773756487738,27.160161012851404,İzmir,Public,0
165252,"Eşarj - Mavibahçe AVM, İzmir",Eşarj (TR),38.474655,27.074982,İzmir,Public,0
165251,"Rönesans Charger Optimum Outlet ve Eğlence Merkezi, İzmir",(Unknown Operator),38.338852,27.135082,İzmir,Public,0
165250,"Eşarj - Aytemiz, Vadim, Kozyatağı",Eşarj (TR),40.967503,29.102757,İstanbul,Public,0
165249,"Eşarj - Aytemiz, Kadıköy",Eşarj (TR),40.977543,29.09704,İstanbul,Public,0
165248,"Eşarj - Modoko Çarşı, Ümraniye",Eşarj (TR),41.005756,29.157563,İstanbul,Public,0
165247,"Eşarj - CarrefourSA, İstinye",Eşarj (TR),41.117741,29.049364,İstanbul,Public,0
165246,"Eşarj - CarrefourSA, Zekeriyaköy",Eşarj (TR),41.217348,29.03239,İstanbul,Public,0
165245,"Eşarj - CarrefourSA, Anadoluhisarı",Eşarj (TR),41.080211,29.078853,İstanbul,Public,0
165244,"Eşarj - Kanyon AVM, Levent",Eşarj (TR),41.078184,29.01131,İstanbul,Public,0
165243,"Eşarj - Bi Mola Fenertepe, Eyüp",Eşarj (TR),41.198738,28.822584,İstanbul,Public,0
165242,"Eşarj - Buyaka AVM, Ümraniye",Eşarj (TR),41.026295,29.125305,İstanbul,Public,0
165241,"Eşarj - Bi Mola Işıklar, Eyüp",Eşarj (TR),41.196274,28.826164,İstanbul,Public,0
165240,"Eşarj - Otopratik - Birlas, 4. Levent Sanayi Sitesi",Eşarj (TR),41.098945,29.005363,İstanbul,Public,0
165239,"Eşarj - Total, Tayakadın, İstanbul",Eşarj (TR),41.245239,28.702338,İstanbul,Public,0
165238,"Eşarj - Total, Tayakadın, İstanbul",Eşarj (TR),41.245312,28.701265,İstanbul,Public,0
165237,"Eşarj - Kosifler Oto, Bostancı",Eşarj (TR),40.961561,29.112241,İstanbul,Public,0
165236,"Eşarj - Buyaka AVM, Ümraniye",Eşarj (TR),41.026535,29.127829,İstanbul,Public,0
165235,"Eşarj - Vadi İstanbul, Sarıyer",Eşarj (TR),41.108673,28.987551,İstanbul,Public,0
165234,"Eşarj - The Marmara, Pera",Eşarj (TR),41.03117,28.974241,İstanbul,Public,0
165233,"Eşarj - Aytemiz, Gaziosmanpaşa",Eşarj (TR),41.078148,28.899164,İstanbul,Public,0
165232,"Eşarj - Tekfen Tower, 4. Levent",Eşarj (TR),41.081932,29.009003,İstanbul,Public,0
165231,"Eşarj - Tekfen Tower, 4. Levent",Eşarj (TR),41.081924,29.009033,İstanbul,Public,0
165230,"Eşarj - Tekfen Tower, 4. Levent",Eşarj (TR),41.081913,29.009064,İstanbul,Public,0
165229,"Eşarj - İstanbul Oto, Yenibosna",Eşarj (TR),41.001305,28.822353,İstanbul,Public,0
165228,"Eşarj - Kosifler Oto, Bostancı",Eşarj (TR),40.961121,29.11211,İstanbul,Public,0
165227,"Eşarj - Borusan Oto (JLR), Avcılar",Eşarj (TR),40.993031,28.716864,İstanbul,Public,0
165226,"Eşarj - Borusan Oto (JLR), Avcılar",Eşarj (TR),40.993011,28.71693,İstanbul,Public,0
165225,"Eşarj - Borusan Oto, Samandıra",Eşarj (TR),40.975834,29.227957,İstanbul,Public,0
165224,"Eşarj - Borusan Oto (JLR), Vadi, İstanbul",Eşarj (TR),41.102158,28.973856,İstanbul,Public,0
165223,"Eşarj - Otomol, Merter, İstanbul",Eşarj (TR),41.002404,28.890553,İstanbul,Public,0
165222,"Eşarj - Akasya AVM, Acıbadem",Eşarj (TR),41.001083,29.054726,İstanbul,Public,0
165221,Eşarj - Uniq Istanbul,Eşarj (TR),41.108326,29.007746,İstanbul,Public,0
165220,"Eşarj - Otopratik - Arıcıoğlu, Beyoğlu",Eşarj (TR),41.038273,28.969446,İstanbul,Public,0
165219,"Eşarj - Aytemiz, Şişli",Eşarj (TR),41.058609,28.965727,İstanbul,Public,0
165218,"Eşarj - Akbatı AVM, Esenyurt",Eşarj (TR),41.055424,28.666748,İstanbul,Public,0
165217,"Eşarj - Bemcar Oto, Esenyurt",Eşarj (TR),41.04945,28.671661,İstanbul,Public,0
165216,"Eşarj - Borusan Oto, Samandıra",Eşarj (TR),40.975578,29.22954,İstanbul,Public,0
165215,"Eşarj - Trend Oto, Ümraniye",Eşarj (TR),41.009396,29.163401,İstanbul,Public,0
165214,"Eşarj - Doğuş Otomotiv - Turkcell, Maltepe",Eşarj (TR),40.955299,29.118095,İstanbul,Public,0
165213,"Eşarj - ASF Otomotiv, Kartal",Eşarj (TR),40.917294,29.17877,İstanbul,Public,0
165212,"Eşarj - Ayedaş Genel Müdürlüğü, İstanbul",Eşarj (TR),40.92857,29.146574,İstanbul,Public,0
165211,"Eşarj - StarCity Outlet Center, İstanbul",Eşarj (TR),41.011181,28.815447,İstanbul,Public,0
165210,"Eşarj - Shangri-La Bosphorus Hotel, İstanbul",Eşarj (TR),41.040901,29.005075,İstanbul,Public,0
165209,"Eşarj - Pendorya Alışveriş Merkezi, İstanbul",Eşarj (TR),40.865791,29.275307,İstanbul,Public,0
165208,"Eşarj - Maltepe Park AVM, İstanbul",Eşarj (TR),40.919983,29.164553,İstanbul,Public,0
165207,"Eşarj - The Grand Tarabya, İstanbul",Eşarj (TR),41.139877,29.05719,İstanbul,Public,0
165206,Eşarj - Gayrettepe Taşyapı - Özgün Katlı Otopark,Eşarj (TR),41.064011,29.002472,İstanbul,Public,0
165205,"Eşarj - Borusan Oto, İstinye",Eşarj (TR),41.119682,29.048466,İstanbul,Public,0
165204,"Eşarj - Borusan Oto, Avcılar",Eşarj (TR),40.992699,28.717186,İstanbul,Public,0
165203,"Eşarj - Akasya AVM, Acıbadem",Eşarj (TR),41.000813,29.054344,İstanbul,Public,0
165202,Eşarj - Hilton İstanbul Bomonti Hotel and Conference Center,Eşarj (TR),41.058296,28.979471,İstanbul,Public,0
165201,"Eşarj - Selenium, Fulya",Eşarj (TR),41.054211,29.000151,İstanbul,Public,0
165200,"Eşarj - Optimum, Ataşehir",Eşarj (TR),40.988682,29.085714,İstanbul,Public,0
165199,"Eşarj - Pelican Mall, Avcılar",Eşarj (TR),40.991127,28.714201,İstanbul,Public,0
165198,"Eşarj - Tepe Nautilus, Kadıköy",Eşarj (TR),40.99984,29.030685,İstanbul,Public,0
165197,"Eşarj - Flyinn AVM, Florya",Eşarj (TR),40.972824,28.804192,İstanbul,Public,0
165196,"Eşarj - Kanyon AVM, Levent",Eşarj (TR),41.078171,29.011318,İstanbul,Public,0
165195,"Eşarj - Palladium AVM, Ataşehir",Eşarj (TR),40.986126,29.100428,İstanbul,Public,0
165194,"Eşarj - The Marmara, Taksim",Eşarj (TR),41.0364,28.986444,İstanbul,Public,0
165193,"Eşarj - Polat Renaissance Hotel, Yeşilyurt",Eşarj (TR),40.960232,28.839064,İstanbul,Public,0
165192,"Eşarj - Akbatı AVM, Esenyurt",Eşarj (TR),41.055676,28.667032,İstanbul,Public,0
165191,"Eşarj - Sabancı Üniversitesi, Tuzla",Eşarj (TR),40.891113,29.378279,İstanbul,Public,0
165190,"Eşarj - İspark, Balmumcu",Eşarj (TR),41.063892,29.010958,İstanbul,Public,0
165189,"Eşarj - Park Forbes AVM, İskenderun",Eşarj (TR),36.593317,36.159712,Hatay,Public,0
165188,"Eşarj - Erenler Otomotiv, Gaziantep",Eşarj (TR),37.09213,37.399922,Gaziantep,Public,0
165187,"Eşarj - PrimeMall, Gaziantep",Eşarj (TR),37.052164,37.320433,Gaziantep,Public,0
165186,"Eşarj - Ergüleryüz Otomotiv, Yakutiye",Eşarj (TR),39.957504,41.301903,Erzurum,Public,0
165185,"Eşarj - Erasta AVM, Edirne",Eşarj (TR),41.666277,26.57063,Edirne,Public,0
165184,"Eşarj - Aytemiz, Polatcan, Keşan",Eşarj (TR),40.875047,26.64221,Edirne,Public,0
165183,"Eşarj - Özgür Otomotiv, Denizli",Eşarj (TR),37.803734,29.073187,Denizli,Public,0
165182,"Eşarj - AHL Park AVM, Çorum",Eşarj (TR),40.544773,34.947739,Çorum,Public,0
165181,"Eşarj - Otopratik - Grup Lastik, Nilüfer",Eşarj (TR),40.211777,28.93392,Bursa,Public,0
165180,"Eşarj - Burmot Motorlu Vasıtalar, Nilüfer",Eşarj (TR),40.214622,28.9009,Bursa,Public,0
165179,"Eşarj - Aytemiz - İzmir Otoyolu, Bursa",Eşarj (TR),40.233219,28.781492,Bursa,Public,0
165178,"Eşarj - Teknik Oto, Nilüfer",Eşarj (TR),40.212379,28.927334,Bursa,Public,0
165177,"Eşarj - Teknik Oto, Osmangazi",Eşarj (TR),40.306919,29.061878,Bursa,Public,0
165176,Eşarj - Highway Outlet Alışveriş ve Yaşam Merkezi,Eşarj (TR),40.724181,31.463743,Bolu,Public,0
165175,Eşarj - Highway Outlet Alışveriş ve Yaşam Merkezi,Eşarj (TR),40.722942,31.466892,Bolu,Public,0
165173,"Eşarj - White City Resort, Antalya",Eşarj (TR),36.607655,31.782714,Antalya,Public,0
165172,"Eşarj - White City Beach, Antalya",Eşarj (TR),36.567113,31.917039,Antalya,Public,0
165171,"Eşarj - Erasta AVM, Antalya",Eşarj (TR),36.907186,30.665064,Antalya,Public,0
165170,"Eşarj - The Land of Legends, Antalya",Eşarj (TR),36.880898,31.003654,Antalya,Public,0
165169,"Eşarj - Kosifler Oto, Antalya",Eşarj (TR),36.914539,30.776699,Antalya,Public,0
165168,"Eşarj - Migros AVM, Antalya",Eşarj (TR),36.883347,30.659853,Antalya,Public,0
165167,"Eşarj - Günlas Chevrolet, Antalya",Eşarj (TR),36.915352,30.778305,Antalya,Public,0
165166,"Eşarj - The Marmara, Antalya",Eşarj (TR),36.856689,30.738808,Antalya,Public,0
165165,"Eşarj - Aselsan, Gölbaşı, Ankara",Eşarj (TR),39.719757,32.815927,Ankara,Public,0
165164,"Eşarj - Armada AVM, Ankara",Eşarj (TR),39.912127,32.810264,Ankara,Public,0
165163,"Eşarj - Armada AVM, Ankara",Eşarj (TR),39.912408,32.809003,Ankara,Public,0
165162,"Eşarj - Armada AVM, Ankara",Eşarj (TR),39.913028,32.808847,Ankara,Public,0
165161,"Eşarj - Aselsan, Yenimahalle, Ankara",Eşarj (TR),39.964434,32.764823,Ankara,Public,0
165160,"Eşarj - Aselsan, Yenimahalle, Ankara",Eşarj (TR),39.964569,32.764831,Ankara,Public,0
165159,"Eşarj - Cepa Ofis, Çankaya",Eşarj (TR),39.912705,32.778037,Ankara,Public,0
165158,"Eşarj - Cepa AVM, Çankaya",Eşarj (TR),39.910542,32.7787,Ankara,Public,0
165157,"Eşarj - Ağaçlı Oto, Etimesgut",Eşarj (TR),39.900275,32.683428,Ankara,Public,0
165156,"Eşarj - Ağaçlı Oto, Etimesgut",Eşarj (TR),39.900158,32.683587,Ankara,Public,0
165155,"Eşarj - Ağaçlı Oto, Etimesgut",Eşarj (TR),39.900032,32.683666,Ankara,Public,0
165154,"Eşarj - Borusan Oto (JLR), Esenboğa",Eşarj (TR),40.088306,32.974651,Ankara,Public,0
165153,"Eşarj - Next Level AVM, Ankara",Eşarj (TR),39.911362,32.811718,Ankara,Public,0
165152,"Eşarj - Ağaçlı Oto, Etimesgut",Eşarj (TR),39.899849,32.683575,Ankara,Public,0
165151,"Eşarj - Aytemiz, Yenimahalle",Eşarj (TR),39.97113,32.771179,Ankara,Public,0
165150,"Eşarj - Borusan Oto, Esenboğa",Eşarj (TR),40.08791,32.974186,Ankara,Public,0
165149,"Eşarj - ANKAmall AVM, Ankara",Eşarj (TR),39.952286,32.830296,Ankara,Public,0
165148,"Eşarj - Başkent, Tok Sokak, Ankara",Eşarj (TR),39.92775,32.848755,Ankara,Public,0
165147,"Eşarj - Başkent Kule, Ankara",Eşarj (TR),39.909225,32.813824,Ankara,Public,0
165146,"Eşarj - Taurus AVM, Ankara",Eşarj (TR),39.888393,32.812054,Ankara,Public,0
165145,"Eşarj - Başkent Kule, Ankara",Eşarj (TR),39.909199,32.813515,Ankara,Public,0
165144,"Eşarj - Base Life Club, Ankara",Eşarj (TR),39.877495,32.705788,Ankara,Public,0
165143,"Eşarj - Borusan Oto, Balgat",Eşarj (TR),39.894829,32.813747,Ankara,Public,0
165142,"Eşarj - Kentpark AVM, Ankara",Eşarj (TR),39.909901,32.775925,Ankara,Public,0
165141,"Eşarj - Panora AVM, Ankara",Eşarj (TR),39.847862,32.832092,Ankara,Public,0
165140,"Eşarj - Bilkent Center, Ankara",Eşarj (TR),39.883251,32.757549,Ankara,Public,0
165139,"Eşarj - Nora City AVM, Aksaray",Eşarj (TR),38.368372,34.030731,Aksaray,Public,0
165138,"Eşarj - İkbal Thermal Hotel, Afyonkarahisar",Eşarj (TR),38.793282,30.457851,Afyonkarahisar,Public,0
165137,Eşarj - Adana Optimum AVM,Eşarj (TR),36.991163,35.340734,Adana,Public,0
165136,"Eşarj - Park Zirve, Adana",Eşarj (TR),37.057784,35.302847,Adana,Public,0
165135,Eşarj - M1 Adana AVM,Eşarj (TR),37.019082,35.240327,Adana,Public,0
165134,ZES - O375 - İstanbul Yönü ,ZES,38.48610630420566,27.574409191323298,Manisa,Public,1
162913,Opet Dempet,ZES,38.5905742843137,30.95262102956417,Çay,Public - Membership Required,1
161984,ZES - Akra Barut Hotel DC,ZES,36.86422040803198,30.726462541950127,Antalya,Public - Membership Required,2
161966,Koroglu Meselik Et Mangal,ZES,38.645047427329985,30.31114028244076,Sinanpasa,Public - Membership Required,2
161965,Mustafa Seref Blv.,ZES,37.70857419826697,30.28010533204622,,Public - Membership Required,2
161826,EŞARJ - İskenderun Park Forbes AVM,Eşarj (TR),36.59212819909624,36.15894200222442,Hatay,Public - Membership Required,1
161702,Assos Kervansaray Hotel,Eşarj (TR),39.4863771723746,26.341167506853026,Behramkale,Private - Restricted Access,1
161683,ZES - 17 Burda AVM Çanakkale,ZES,40.123950102601015,26.411020512505047,Çanakkale,Public - Membership Required,2
161313,Lovelet Outlet,Sharz.Net,41.26537325925153,36.37930050035732,Canik,Public - Membership Required,1
161312,Kumru - Fatsa yolu,Sharz.Net,41.020711717453224,37.476905072820045,Kaleönü,Public - Membership Required,1
161311,Karadeniz Gaz - Hamarat Petrol,Sharz.Net,41.116985913930364,37.265627874613074,Ünye,Public - Membership Required,1
161196,Mersin-Adana yolu,Eşarj (TR),36.978244006536315,35.080301881188234,,Private - Restricted Access,1
161173,İncek Blv.,Sharz.Net,39.82936605056844,32.74369827449527,Ankara,Public - Membership Required,1
161144,EŞARJ - M1 Konya AVM,Eşarj (TR),37.95159315172724,32.49401165923234,Konya,Public - Membership Required,1
161143,EŞARJ - Nora City AVM,Eşarj (TR),38.368868164971786,34.03087555845639,Aksaray,Public - Membership Required,1
160841,Eşarj - Özgörkey ( JLR & BMW),Eşarj (TR),38.45414839493819,27.197701430803363,Bornova,Private - Restricted Access,2
157324,EŞARJ - Aytemiz Vadim Kadıköy,Eşarj (TR),40.96766369620363,29.102748067089806,Bostancı,Public - Membership Required,1
156470,Voltrun - Petrol Ofisi ePower Çankırı Ilgaz,Voltrun,40.90910597467649,33.62783738663529,İnköy,Public - Membership Required,1
154959,EŞARJ - Borusan Otomotiv Avcılar,Eşarj (TR),40.992695691984835,28.716895474739204,istanbul,Public - Notice Required,1
149717,ZES - Anemon Denizli Hotel,ZES,37.82776203252226,29.04912365698192,Denizli,Public - Membership Required,1
149716,ZES - Bamboo AVM Nazilli,ZES,37.89807935587669,28.278227819769995,Nazilli,Public - Membership Required,2
149715,Balkan Tekstil Makina,(Business Owner at Location),37.83770871249952,27.884714132820818,Aydın,Public - Notice Required,1
149625,SHARZ - Göçmentürk,Sharz.Net,36.53572860672713,32.0466550626644,Alanya,Public - Membership Required,1
149623,SHARZ - Kaşıkçıoğlu Tesisleri,Sharz.Net,36.371653303331385,33.91779139218079,Silifke,Public - Membership Required,1
149620,ZES - Novotel Gaziantep,ZES,37.07082373607639,37.38074989899644,Gaziantep,Public - Membership Required,2
149619,ZES - Anemon Iskenderun Hotel,ZES,36.54453977253739,36.14225217672231,Iskenderun,Public - Membership Required,1
149618,EŞARJ - PrimeMall Gaziantep,Eşarj (TR),37.05166918577655,37.319907377926256,Gaziantep,Public - Membership Required,2
149617,EŞARJ - M1 Adana AVM,Eşarj (TR),37.017558781154634,35.24230987251951,Adana,Public - Membership Required,2
149616,EŞARJ - Adana Optimum AVM,Eşarj (TR),36.99074673966922,35.340460525951926,Adana,Public - Membership Required,2
149615,EŞARJ - Mersin Marina,Eşarj (TR),36.772187213119864,34.57162987130005,Mersin,Public - Membership Required,2
149575,SHARZ - Karaman Kent Otel,Sharz.Net,37.18428507492287,33.186636538411335,Karaman,Public - Membership Required,1
148542,EŞARJ - Armada AVM DC,Eşarj (TR),39.91244307620292,32.80927976858686,Yenimahalle,Public - Membership Required,1
148540,ZES - Gediz Petrol,ZES,38.93709431513989,29.31490697656284,Gediz,Public - Membership Required,1
148137,ZES - Anemon Malatya Hotel,ZES,38.33551357537178,38.21657921548649,Malatya,Public - Membership Required,1
147934,ZES - Hotel La Bella Bergama,ZES,39.09211463858418,27.135518650431322,Bergama,Public - Membership Required,1
147906,Afyonkarahisar - Burdur Yolu,Sharz.Net,37.91964885939228,30.30080610684513,Keçiborlu,Public - Membership Required,1
147905,ZES - Sultandağı Yaşar Petrol,ZES,38.55166075079515,31.229948601114415,Sultandağı,Public - Membership Required,2
147904,ZES - Novaland AVM Konya,ZES,37.94848682310696,32.52482071218856,Konya,Public - Membership Required,3
147903,ZES - Anemon Konya Hotel,ZES,37.89439108139344,32.48172238936081,Konya,Public - Membership Required,1
147902,SHARZ - Yalçın Küçükbaş Petrol,Sharz.Net,41.50748415942033,34.76158746919623,Boyabat,Public - Membership Required,1
147901,SHARZ - Mertpak Atkaracalar,Sharz.Net,40.80393644050034,33.04126432466228,Çankırı,Public - Membership Required,1
147900,SHARZ - TP Kayalar Petrol,Sharz.Net,40.61101637212397,32.25241468516174,Bolu,Public - Membership Required,1
147865,ZES- Oksijen O86 İzmir Yönü,ZES,40.28318505215475,28.995856599171702,Osmangazi ,Public - Membership Required,1
147862,ZES - Türkiye Petrolleri Çorum,ZES,40.57086723941461,34.963021027565446,Çorum,Public - Membership Required,2
147861,ZES - Safranpark AVM,ZES,41.216913123817534,32.76071430012621,Safranbolu,Public - Membership Required,2
147860,ZES - Hilton Safranbolu,ZES,41.258385,32.674492,Safranbolu,Public - Membership Required,2
147858,ZES - Barutçuoğlu AVM,ZES,41.38284818224014,33.78021249465883,Kastamonu,Public - Membership Required,1
147825,ZES - Cornerpark Çerkezköy,ZES,41.31933113611376,27.979333970736093,Tekirdağ,Public - Membership Required,1
147824,ZES - ICA Işıklar Bi' Mola DC,ZES,41.1971649893261,28.824461860074507,Istanbul,Public,1
147823,ZES - O375 - İzmir Yönü ,ZES,38.48762248078637,27.572812545388842,Manisa,Public,2
147822,ZES - Bafra Çelikpark AVM,ZES,41.5569795569493,35.909683042374354,Bafra,Public - Membership Required,2
147821,ZES - Yeşilyurt AVM,ZES,41.33086709227882,36.291256034557136,Samsun,Public - Membership Required,2
147777,ZES - Anemon Ordu,ZES,40.99624895796171,37.87578900897654,Ordu,Public - Membership Required,1
147753,ZES - Zorlu Grand Hotel,ZES,41.00533398807272,39.728813857078535,Trabzon,Public - Membership Required,2
147752,ZES - Novotel Trabzon,ZES,40.96902163263164,39.83914052553007,Kaşüstü,Public - Membership Required,2
146556,Enspire - Opet Altunizade Alev Petrol,(Unknown Operator),41.023706,29.041962,Istanbul,Public,1
146325,EŞARJ - Carrefoursa Zekeriyaköy,Eşarj (TR),41.21740265015461,29.032647105744218,Istanbul,Public - Membership Required,1
146324,EŞARJ - Carrefoursa Anadolu Hisarı,Eşarj (TR),41.080090729967736,29.079243549696912,Istanbul,Public - Membership Required,1
146323,EŞARJ - Erasta AVM Fethiye,Eşarj (TR),36.62220798742395,29.131725261529027,Fethiye,Public - Membership Required,1
146322,EŞARJ - Midtown AVM Bodrum,Eşarj (TR),37.0574061231174,27.35892401454248,Bodrum,Public - Membership Required,1
135480,SHARZ - Tekirdağ Tekpark,Voltrun,40.978343902931755,27.515527748778368,Tekirdağ,Public - Membership Required,1
135440,SHARZ - Energy Çerkezköy Petrol,Sharz.Net,41.307500732282136,27.999904200227206,Çerkezköy,Public - Membership Required,1
135344,EŞARJ - Otomol Merter,Eşarj (TR),41.00241770210468,28.89054078200047,,Public - Membership Required,1
135342,EŞARJ - BUYAKA AVM,Eşarj (TR),41.026341766119316,29.12743340890688,Istanbul,Public - Membership Required,1
135338,EŞARJ - Shell Eyüp İçtur,Eşarj (TR),41.19820757011669,28.822354092178557,Istanbul,Public - Membership Required,1
135285,SHARZ - Energy Petrol Babaeski,Sharz.Net,41.47455723991047,27.098620124061313,Havsa,Public - Membership Required,1
135246,EŞARJ - Edirne Erasta AVM,Eşarj (TR),41.666571,26.571236,Edirne merkez,Public - Membership Required,1
135229,ZES - Orion AVM Çorlu,ZES,41.150553394029714,27.83487201548735,Çorlu,Public - Membership Required,2
133741,EŞARJ - Erasta AVM Antalya,Eşarj (TR),36.9072835,30.6646726,,Public - Membership Required,1
133740,EŞARJ - İkbal Thermal Hotel,Eşarj (TR),38.7930382016503,30.4565133137938,İzmir,Public - Membership Required,1
131982,ZES - Edirne Erasta AVM,ZES,41.667165826235,26.5718461160474,Edirne,Public - Membership Required,2
131264,EŞARJ - Aytemiz Polatcan Petrol,Eşarj (TR),40.8748542595632,26.6398945344233,Keşan,Public - Membership Required,1
131205,ZES - Adalya Dinlenme Tesisleri,ZES,38.52332127794142,30.220267778137895,Sandıklı,Public - Membership Required,2
130845,ZES - TŞÖF Tesisleri,ZES,39.437201195063,31.5596038222017,Sivrihisar/Eskişehir,Public - Membership Required,2
130660,180 Kwh - EŞARJ - Cadde Plus AVM,Eşarj (TR),38.3283736846727,26.312393230419616,İzmir,Public - Membership Required,6
130599,SHARZ - Energy Havsa Petrol,Sharz.Net,41.5410724867743,26.8315044489558,Havsa,Public - Membership Required,1
130580,SHARZ - Gölpınar Dinlenme Tesisleri,Sharz.Net,38.7220658639684,37.2628291374212,Gürün,Public,1
130579,Renault - Gülpar,(Unknown Operator),38.7541837760987,35.3462459029307,Kayseri,Public,1
130578,Sharz - Kayseri RP AKARYAKIT OIL STATION,Sharz.Net,38.7586884350805,35.482357864189,Kayseri,Public,1
130577,Sharz - Kayseri Almer,Sharz.Net,38.7231457199708,35.4862524714885,Kayseri,Public,1
130495,Sharz - Kayseri Lukoil,Sharz.Net,38.7215202490275,35.5933469054544,Kayseri,Public,1
130493,Sharz - Sivas Demal Otogaz,Sharz.Net,39.7413406876098,37.0345658579996,Sivas,Public,1
129621,SHARZ - Tuz Gölü Tesisleri,Sharz.Net,39.0749883319005,33.4119646999114,Şeker,Public - Membership Required,1
129494,SHARZ - Energy Petrol Edirne,Sharz.Net,41.62953195825409,26.620300368544576,Edirne,Public - Membership Required,2
129484,ZES - Zorluteks Lüleburgaz,ZES,41.2813027377076,27.5896160823124,Vakıflar Mahallesi,Public - Membership Required,2
129461,ZES - Oksijen O68 İstanbul Yönü,ZES,40.3900076839376,29.1416823261353,Bursa,Public,8
127187,EŞARJ - Aytemiz Eyüp İçtur,Eşarj (TR),41.1969533583384,28.8259827204768,Istanbul,Public - Membership Required,1
127185,EŞARJ - Total Tayakadın,Eşarj (TR),41.2447101936602,28.7014606303087,Istanbul,Public - Membership Required,2
126752,Voltrun - Petrol Ofisi Keşan,(Unknown Operator),40.8746714209667,26.662889694117,Keşan,Public - Membership Required,1
126302,ZES - Milas Pomelon,ZES,37.3070904483472,27.7878809521783,Milas,Public,4
126301,ZES - Rüya Park AVM Marmaris,ZES,37.1938236490669,28.3693680075157,Muğla,Public,4
126199,ZES - Isparta Centrum Garden,ZES,37.7826375366165,30.5644051842211,Isparta,Public,4
126198,ZES - Afyon Kolaylı,ZES,38.7898544875012,30.4568150153162,Afyonkarahisar,Public,3
126197,ZES - Bozüyük Sarar Outlet,ZES,39.9160073052359,30.0139172392574,Saraycık Köyü/Bozüyük,Public,4
126196,ZES - Bolu Highway Outlet,ZES,40.7236983256825,31.4658104905294,Bolu,Public,4
126195,ZES - Uşak Festiva Outlet,ZES,38.6774144789242,29.4407761949709,Uşak,Public,4
126194,ZES - Akhisar Novada AVM,ZES,38.9435848923698,27.8328930435487,Manisa,Public,4
126193,ZES - Susurluk Festiva Outlet,ZES,39.8416991139274,28.1426228071947,Sultançayırı,Public,2
126104,ZES - Oksijen O37 İzmir Yönü,ZES,40.5243463356609,29.3415156945335,Bursa,Public,8
126103,ZES - Oksijen O3,ZES,40.7739763674968,29.5193703556399,Dilovası,Public,4
126102,ZES - Zorlu Center,ZES,41.0676580034195,29.0181421562716,Beşiktaş,Public,4
114416,5Şarj - Petrol Ofisi,5 Şarj (TR),39.905695,32.703788,Ankara,Public - Membership Required,2
113651,ZES - Eskişehir Sarar,ZES,39.800475,30.436046000000033,Tepebaşı,Public,1
107961,EŞARJ - Akbatı AVM,Eşarj (TR),41.0561316,28.6677377999999,Istanbul,Public - Membership Required,1
107960,EŞARJ - Akasya AVM,Eşarj (TR),41.0016789,29.0548257,Istanbul,Public - Membership Required,1
107959,EŞARJ - Aytemiz Petrol Kadıköy,Eşarj (TR),40.9776617283262,29.0971235276788,Istanbul,Public - Membership Required,2
107958,EŞARJ - Aytemiz Petrol Şişli,Eşarj (TR),41.059464,28.9761063999999,Istanbul,Public - Membership Required,1
107957,EŞARJ - Kanyon AVM,Eşarj (TR),41.0785168,29.0108798,Istanbul,Public - Membership Required,1
107956,EŞARJ - Shell Sapanca Güney,Eşarj (TR),40.7275296476995,30.0690513253784,Kocaeli,Public - Membership Required,1
107955,EŞARJ - Shell Sapanca Kuzey,Eşarj (TR),40.72805,30.0714975,Kocaeli,Public - Membership Required,1
107954,EŞARJ - Aytemiz Yenimahalle,Eşarj (TR),39.9702676906739,32.7705894216109,Ankara,Public - Membership Required,1
107953,EŞARJ - Aytemiz Petrol İzmir Otoyolu,Eşarj (TR),40.2319338437845,28.7813703412681,Bursa,Public - Membership Required,1
95657,Yıldız Teknik Üniversitesi Davutpasa ,(Unknown Operator),41.0200034,28.8895798999999,Davutpasa Istanbul,"Private - For Staff, Visitors or Customers",2
83989,"Borusan Otomotiv, Balgat",Eşarj (TR),39.89539842893558,32.81410276402573,Ankara,"Private - For Staff, Visitors or Customers",1
78883,"Akasya AVM, Acıbadem",Eşarj (TR),41.0003279,29.0551021,Üsküdar,Public - Membership Required,2
78814,"EŞARJ - Ak-Tan Petrol, Karşıyaka",Eşarj (TR),38.4684675,27.1135585,Karşıyaka,Public - Membership Required,1
62716,Uğur Mumcu Caddesi,Stadtwerke Clausthal-Zellerfeld,41.087936,29.017988,Beşiktaş,Bilinmiyor,1
31451,Balmumcudere Sokak,Essent (NL),41.058854,29.007962,Beşiktaş,Bilinmiyor,1
31450,Saray Caddesi 5,Essent (NL),41.047791,29.009475,Beşiktaş,Bilinmiyor,1
31449,Acısu Sokak,Essent (NL),41.041178,28.996747,Beşiktaş,Bilinmiyor,1
