OCM_ID,Istasyon_Adi,Operator,Enlem,Boylam,Sehir,Kullanim_Tipi,Priz_Sayisi
487591,Akkerklaverstraat,(Unknown Operator),52.3829934193094,5.206364905114697,,Public - Membership Required,2
486186,Claus Sluterweg,TOTAL Nl PlugToDrive,52.36279798366539,4.61718424293656,Haarlem,Public - Membership Required,4
486052,Heinenwaard,TotalEnergies (FR),52.64508469946318,4.765294643147513,,Public,2
486051,Veerhoeklaan,Shell Recharge Solutions (NL),51.3260918278408,3.4848752051400425,Oostburg,Public - Membership Required,6
485206,Basic-Fit 1149 Zwolle (PowerGo),PowerGo,52.53251266479492,6.087224960327148,Zwolle,Public - Membership Required,0
480977,Jumbo 4632 Emmen Wilhelminastraat (PowerGo),PowerGo,52.778324127197266,6.898055553436279,Emmen,Public - Membership Required,0
480970,Jumbo 3762 Nieuwerkerk (PowerGo),PowerGo,51.6472053527832,3.9980077743530273,Nieuwerkerk,Public - Membership Required,0
480837,Floddertje,(Unknown Operator),51.47734704181943,3.9547002312554014,,Public - Membership Required,1
480739,Wipmolen 2,Qwello,52.12198511455094,4.671819492401937,Alphen Aan Den Rijn,Public - Membership Required,2
480738,Papiermolen 33,Qwello,52.122272651305536,4.672519432867375,Alphen Aan Den Rijn,Public - Membership Required,4
479672,Schlepers,Monta,52.52455330009013,5.495130590394069,Lelystad,Public,2
478528,Carolineburg,TOTAL Nl PlugToDrive,52.30633160023851,4.659844105850652,Hoofddorp,Public - Membership Required,2
477331,PLUS Vledder (PowerGo),PowerGo,52.8572883605957,6.2110114097595215,Vledder,Public - Membership Required,0
477330,PLUS Odoorn (PowerGo),PowerGo,52.853553771972656,6.847490310668945,Odoorn,Public - Membership Required,0
477324,Basic-Fit 1139 Ridderkerk (PowerGo),PowerGo,51.870601654052734,4.606110095977783,Ridderkerk,Public - Membership Required,0
477323,Jumbo 3748 Oud-Beijerland (PowerGo),PowerGo,51.82477951049805,4.420300006866455,Oud-Beijerland,Public - Membership Required,0
477321,Basic-Fit 1094 Oosterhout Beneluxweg (PowerGo),PowerGo,51.62565231323242,4.868551254272461,Oosterhout,Public - Membership Required,0
475277,Boogaertshof,Allego BV,51.59004894513291,4.524537231212321,Oudenbosch,Public - Membership Required,2
473176,Jacob Cnodestraat,Vattenfall InCharge,51.69428661501152,5.271764540184222,,Public - Membership Required,2
472670,Stroomstek - Openbaar laadplein Brookhuis,(Unknown Operator),52.301919619974825,6.922462981859276,Oldenzaal,Public,26
472604,Stationsstraat,Bilinmiyor,51.859109558304255,4.418708362559414,Rhoon,Public,2
472446,Adminance,(Unknown Operator),51.84408160139958,4.896806681837802,Giessenburg,Public,2
472180,vanZijlweg1,(Unknown Operator),52.80581332733479,6.213646722224894,Wapserveen,Privately Owned - Notice Required,1
471141,Next To Tamoil,Qwello,51.5902892555215,5.085150204736124,Tilburg,Public - Membership Required,1
470818,Kletec Charge,(Unknown Operator),52.165651333711764,5.606631844036883,Barneveld,Public,3
470683,De Waaij,(Unknown Operator),51.765646359806624,5.8351903289863,Heumen,Public,1
469283,Zeeland Zweefland,(Unknown Operator),51.51346059910438,3.7252811161121144,Arnemuiden,Public,2
464107,Jumbo 6479 Bedum (PowerGo),PowerGo,53.30032730102539,6.5948381423950195,Bedum,Public - Membership Required,0
464106,Groningse Golfclub Duurswold (PowerGo),PowerGo,53.26579666137695,6.838139057159424,Steendam,Public - Membership Required,0
464105,Voetbalvereniging Nieuw Buinen (PowerGo),PowerGo,52.966739654541016,6.962071895599365,Nieuw-Buinen,Public - Membership Required,0
464104,Jachthaven Marina den Oever (PowerGo),PowerGo,52.923309326171875,5.046607494354248,Wieringerwerf,Public - Membership Required,0
464102,Jumbo 6518 Ter Apel (PowerGo),PowerGo,52.87522888183594,7.059174060821533,Ter Apel,Public - Membership Required,0
464101,Jumbo 4687 Emmen Weerdingerstraat (PowerGo),PowerGo,52.791866302490234,6.897941589355469,Emmen,Public - Membership Required,0
464098,Jumbo 4683 Hardenberg A. Helfrichstraat (PowerGo),PowerGo,52.5744514465332,6.6215739250183105,Hardenberg,Public - Membership Required,0
464096,Basic-Fit 1243 Hoofddorp Toolenburg (PowerGo),PowerGo,52.289520263671875,4.6671953201293945,Hoofddorp,Public - Membership Required,0
464095,Vakgarage Automeer (PowerGo),PowerGo,52.20167541503906,4.430006980895996,Katwijk aan Zee,Public - Membership Required,0
464094,Scheepmakerstraat 1 Katwijk (PowerGo),PowerGo,52.201178,4.4249535,Katwijk aan Zee,Public - Membership Required,0
464091,TopParken Landgoed de Scheleberg (PowerGo),PowerGo,52.0877799987793,5.669320583343506,Lunteren,Public - Membership Required,0
464090,TopParken Recreatiepark ’t Gelloo (PowerGo),PowerGo,52.07477951049805,5.667741298675537,Ede,Public - Membership Required,0
464089,TopParken Bospark Ede (PowerGo),PowerGo,52.06673049926758,5.669722080230713,Ede,Public - Membership Required,0
464088,Jumbo 5111 Nieuwegein WC Galecop (PowerGo),PowerGo,52.05317306518555,5.083372116088867,Nieuwegein,Public - Membership Required,0
464087,TopParken - Parc de IJsselhoeve (PowerGo),PowerGo,51.95858383178711,4.641470432281494,Nieuwerkerk aan den IJssel,Public - Membership Required,0
464086,Basic-Fit 1131 Oss Euterpelaan (PowerGo),PowerGo,51.757423400878906,5.513257026672363,Oss,Public - Membership Required,0
464084,Bladelstraat 1 Tilburg (PowerGo),PowerGo,51.5854375,5.0102702,Tilburg,Public - Membership Required,0
464083,Lombardijenlaan 383 Tilburg  (PowerGo),PowerGo,51.5840683,4.9897356,Tilburg,Public - Membership Required,0
464082,Dillepad 6 Tilburg (PowerGo),PowerGo,51.5775748,5.029405,Tilburg,Public - Membership Required,0
464081,Koning Willem II Stadion (PowerGo),PowerGo,51.54213333129883,5.066168308258057,Tilburg,Public - Membership Required,0
464075,TopParken Residence Valkenburg (PowerGo),PowerGo,50.84987258911133,5.882030487060547,Schin op Geul,Public - Membership Required,0
462487,Oosterscheldestraat,(Unknown Operator),51.9986207,4.4713045,,"Private - For Staff, Visitors or Customers",1
460621,LEAP24 Charging Station,Leap24 (NL),52.168167,5.358717,Amersfoort,Public,2
460536,Marialaan,Vattenfall InCharge,51.8543117153298,5.944049993010708,Ooij,Public,2
460535,Dovenetel,Vattenfall InCharge,51.234904,5.9501153,Haelen,Public,2
459910,Roompot Parkeerplaats,Last Mile Solutions,51.3827394098422,3.4412654636525417,,Public - Membership Required,6
459907,Parkeerplaats Zeedijk,Last Mile Solutions,51.39043038785479,3.4538934708392333,Nieuwvliet,Public - Membership Required,6
459140,TopParken - Resort de Brabantse Kempen (PowerGo),PowerGo,51.42026138305664,5.142798900604248,Lage Mierde,Public - Membership Required,0
459036,LastMileSolutions,Last Mile Solutions,52.173494966027874,6.742379000402025,,Public,2
458923,Total Energies,Circle K,52.46316607990792,4.6149589847780135,IJmuiden,Public,1
456522,AG EMS Eemshaven (PowerGo),PowerGo,53.45703125,6.832214832305908,Eemshaven,Public - Membership Required,0
456521,Restaurette Schierzicht Lauwersoog (PowerGo),PowerGo,53.407779693603516,6.199525833129883,Lauwersoog,Public - Membership Required,0
456519,Jumbo 6594 Groningen Reitdiephaven (PowerGo),PowerGo,53.23582458496094,6.521451473236084,Groningen,Public - Membership Required,0
456518,Pezy Group - Kieler Bocht 67 (PowerGo),PowerGo,53.207275390625,6.627153396606445,Groningen,Public - Membership Required,0
456517,Bornholmstraat 76 (PowerGo),PowerGo,53.20320129394531,6.604796409606934,Groningen,Public - Membership Required,0
456516,Bornholmstraat 82 (PowerGo),PowerGo,53.20302963256836,6.605747699737549,Groningen,Public - Membership Required,0
456515,Hotel Parkzicht Veendam (PowerGo),PowerGo,53.10711669921875,6.874725818634033,Veendam,Public - Membership Required,0
456514,The Ranch Veendam (PowerGo),PowerGo,53.106689453125,6.8493242263793945,Veendam,Public - Membership Required,0
456513,Basic-Fit 1201 Assen Nijverheidsweg (PowerGo),PowerGo,53.01093292236328,6.589879035949707,Assen,Public - Membership Required,0
456512,Jumbo 3524 Gieten Stationsstraat (PowerGo),PowerGo,53.001800537109375,6.764089584350586,Gieten,Public - Membership Required,0
456510,Restaurant De Zingende Wielen (PowerGo),PowerGo,52.925010681152344,5.019556045532227,Den Oever,Public - Membership Required,0
456506,Orvelte P2 (PowerGo),PowerGo,52.84443283081055,6.66337251663208,Orvelte,Public - Membership Required,0
456505,Orvelte P1 (PowerGo),PowerGo,52.84273910522461,6.6538615226745605,Orvelte,Public - Membership Required,0
456504,Zonnepark Emmen (PowerGo),PowerGo,52.823036193847656,6.970945835113525,Nieuw-Weerdinge,Public - Membership Required,0
456503,Recreatiepark Burghorn (PowerGo),PowerGo,52.7895393371582,4.770309925079346,Schagen,Public - Membership Required,0
456502,Camping de Watersnip Petten (PowerGo),PowerGo,52.760047912597656,4.66340970993042,Petten,Public - Membership Required,0
456501,Villavakantiepark IJsselhof (PowerGo),PowerGo,52.75126266479492,5.191852569580078,Andijk,Public - Membership Required,0
456499,PLUS Schoonebeek (PowerGo),PowerGo,52.662628173828125,6.879960536956787,Schoonebeek,Public - Membership Required,0
456496,Van der Molen auto's (PowerGo),PowerGo,52.503196716308594,4.776751518249512,Wormerveer,Public - Membership Required,0
456495,Conradstraat 4 (PowerGo),PowerGo,52.48868942260742,6.1349639892578125,Zwolle,Public - Membership Required,0
456494,Conradstraat 4c (PowerGo),PowerGo,52.48815155029297,6.135124206542969,Zwolle,Public - Membership Required,0
456493,Basic-Fit 1160 Assendelft Rode Ring (PowerGo),PowerGo,52.48685836791992,4.762907981872559,Assendelft,Public - Membership Required,0
456492,Jachthaven Nauerna (PowerGo),PowerGo,52.43816375732422,4.750866413116455,Assendelft,Public - Membership Required,0
456491,Hotel Zwanenburg (PowerGo),PowerGo,52.375648498535156,4.749892234802246,Zwanenburg,Public - Membership Required,0
456490,Mercure Hotel Amsterdam City (PowerGo),PowerGo,52.33543014526367,4.91411018371582,Amsterdam,Public - Membership Required,0
456489,Basic-Fit 1241 Badhoevedorp Sloterweg (PowerGo),PowerGo,52.33454895019531,4.771780967712402,Badhoevedorp,Public - Membership Required,0
456488,Novotel Amsterdam City (PowerGo),PowerGo,52.33431625366211,4.888354301452637,Amsterdam,Public - Membership Required,0
456486,Jumbo 5121 Rijssen (PowerGo),PowerGo,52.312801361083984,6.495947360992432,Rijssen,Public - Membership Required,0
456485,Binnenweg 2-18 Hoofddorp (PowerGo),PowerGo,52.29909133911133,4.692262172698975,Hoofddorp,Public - Membership Required,0
456484,Opaallaan 1180 Hoofddorp (PowerGo),PowerGo,52.29570388793945,4.680570125579834,Hoofddorp,Public - Membership Required,0
456483,Opaallaan 1206-1212 Hoofddorp (PowerGo),PowerGo,52.29538345336914,4.682733535766602,Hoofddorp,Public - Membership Required,0
456482,Wegalaan 14-28 Hoofddorp (PowerGo),PowerGo,52.29417037963867,4.70864725112915,Hoofddorp,Public - Membership Required,0
456481,Basic-Fit Nederland HQ Hoofddorp (PowerGo),PowerGo,52.29317855834961,4.707998752593994,Hoofddorp,Public - Membership Required,0
456480,Polarisavenue 151 Hoofddorp (PowerGo),PowerGo,52.29267501831055,4.709311008453369,Hoofddorp,Public - Membership Required,0
456478,TopParken Resort Veluwe (PowerGo),PowerGo,52.23632049560547,5.688793182373047,Garderen,Public - Membership Required,0
456477,Bungalowpark Bok Garderen (PowerGo),PowerGo,52.236656188964844,5.685846328735352,Garderen,Public - Membership Required,0
456476,Intratuin Apeldoorn AC (PowerGo),PowerGo,52.21072769165039,5.9957966804504395,Apeldoorn,Public - Membership Required,0
456475,Jumbo 3477 Loenen aan de Vecht (PowerGo),PowerGo,52.21009826660156,5.021380424499512,Loenen aan de Vecht,Public - Membership Required,0
456473,Blokmakerstraat 13 Katwijk (PowerGo),PowerGo,52.20126276,4.43056704,Katwijk,Public - Membership Required,0
456472,Emiclaer Shopping Center (PowerGo),PowerGo,52.18601608276367,5.399288177490234,Amersfoort,Public - Membership Required,0
456470,TopParken - Résidence Lage Vuursche (PowerGo),PowerGo,52.17616653442383,5.215174674987793,Bilthoven,Public - Membership Required,0
456469,Intratuin Lochem (PowerGo),PowerGo,52.165401458740234,6.441591739654541,Lochem,Public - Membership Required,0
456468,TopParken Recreatiepark Beekbergen (PowerGo),PowerGo,52.14366149902344,5.963442325592041,Beekbergen,Public - Membership Required,0
456467,Jumbo 3770 Voorschoten Planciusplantsoen (PowerGo),PowerGo,52.1424674987793,4.46108341217041,Voorschoten,Public - Membership Required,0
456466,Jumbo 5831 Neede Zwaluwstraat (PowerGo),PowerGo,52.13321304321289,6.611560821533203,Neede,Public - Membership Required,0
456464,Eibergen Gladiolenstraat (PowerGo),PowerGo,52.09605026245117,6.640758037567139,Eibergen,Public - Membership Required,0
456463,PLUS Servicekantoor Archimedeslaan (PowerGo),PowerGo,52.09309005737305,5.150975227355957,Utrecht,Public - Membership Required,0
456457,Jumbo 3144 Nieuwegein Walnootgaarde (PowerGo),PowerGo,52.03630447387695,5.071855545043945,Nieuwegein,Public - Membership Required,0
456454,Jumbo 6344 Krimpen ad IJssel Korf (PowerGo),PowerGo,51.92193603515625,4.611451148986816,Krimpen aan den IJssel,Public - Membership Required,0
456453,Jumbo 3753 Krimpen aan den IJssel De Olm (PowerGo),PowerGo,51.91487503051758,4.617678165435791,Krimpen aan den IJssel,Public - Membership Required,0
456452,TopParken - Recreatiepark het Esmeer (PowerGo),PowerGo,51.78465270996094,5.113356590270996,Aalst,Public - Membership Required,0
456450,Jumbo 6526 Cuijk Lavendel (PowerGo),PowerGo,51.741485595703125,5.858556270599365,Cuijk,Public - Membership Required,0
456448,Basic-Fit 1114 Den Bosch Vlijmenseweg (PowerGo),PowerGo,51.69568634033203,5.286333084106445,'s-Hertogenbosch,Public - Membership Required,0
456447,TopParken Residence De Leuvert Cromvoirt (PowerGo),PowerGo,51.65493392944336,5.234941005706787,Cromvoirt,Public - Membership Required,0
456446,HealthCity Vught (PowerGo),PowerGo,51.63456726074219,5.277694225311279,Vught,Public - Membership Required,0
456445,Berkelseweg 36 Berkel-Enschot (PowerGo),PowerGo,51.5873,5.15914,Berkel-Enschot,Public - Membership Required,0
456444,Basic-Fit 1141 Etten-Leur Vijfhuizenweg (PowerGo),PowerGo,51.582908630371094,4.662201404571533,Etten-Leur,Public - Membership Required,0
456443,Basic-Fit 1188 Tilburg Spaubeekstraat (PowerGo),PowerGo,51.58141326904297,4.974706172943115,Tilburg,Public - Membership Required,0
456442,Basic-Fit 1085 Sint Oedenrode Bremhorst (PowerGo),PowerGo,51.578651428222656,5.45255708694458,Sint-Oedenrode,Public - Membership Required,0
456441,Lepelkruidhof 27 Tilburg (PowerGo),PowerGo,51.57698059,5.03402472,Tilburg,Public - Membership Required,0
456440,Olststraat 2 Tilburg (PowerGo),PowerGo,51.5761324,4.9909987,Tilburg,Public - Membership Required,0
456439,Basic-Fit 1132 Tilburg Artemisstraat (PowerGo),PowerGo,51.57372283935547,5.0521063804626465,Tilburg,Public - Membership Required,0
456438,HealthCity Oisterwijk (PowerGo),PowerGo,51.57329559326172,5.182103633880615,Oisterwijk,Public - Membership Required,0
456437,Vriezenveenstraat 155 Tilburg (PowerGo),PowerGo,51.5711832,4.9714785,Tilburg,Public - Membership Required,0
456436,Jumbo 4860 Gemert P. Poellplein (PowerGo),PowerGo,51.56147766113281,5.6856513023376465,Gemert,Public - Membership Required,0
456435,Parkeerplaats Elisabethplaats  (PowerGo),PowerGo,51.5567741394043,5.680947780609131,Gemert,Public - Membership Required,0
456434,Sint Sebastiaanstraat 20 Tilburg (PowerGo),PowerGo,51.552476,5.0914393,Tilburg,Public - Membership Required,0
456433,Pieter Brinkmanstraat 12 Tilburg (PowerGo),PowerGo,51.5493304,5.0601278,Tilburg,Public - Membership Required,0
456432,Van Grobbendonckstraat 32 Tilburg (PowerGo),PowerGo,51.54808044,5.09055567,Tilburg,Public - Membership Required,0
456431,Jumbo 5128 St. Willebrord Kievitstraat (PowerGo),PowerGo,51.54558563232422,4.59018087387085,Sint Willebrord,Public - Membership Required,0
456430,Jeker 59 Tilburg  (PowerGo),PowerGo,51.54517,5.0430913,Tilburg,Public - Membership Required,0
456428,Aces Direct (PowerGo),PowerGo,51.536258697509766,5.044888019561768,Tilburg,Public - Membership Required,0
456427,First Impression (PowerGo),PowerGo,51.531639099121094,5.045964241027832,Tilburg,Public - Membership Required,0
456426,Hilvaria Studio's (PowerGo),PowerGo,51.50962448120117,5.107387065887451,Tilburg,Public - Membership Required,0
456425,Basic-Fit 1208 Goes Klein Frankrijk (PowerGo),PowerGo,51.506561279296875,3.878473997116089,Goes,Public - Membership Required,0
456424,Basic-Fit 1089 Bergen op Zoom Bastionweg (PowerGo),PowerGo,51.505428314208984,4.305623531341553,Bergen op Zoom,Public - Membership Required,0
456423,Jumbo 3179 Oirschot WC De Poort (PowerGo),PowerGo,51.50456619262695,5.314081192016602,Oirschot,Public - Membership Required,0
456422,Basic-Fit 1097 Goes v.d. Spiegelstraat (PowerGo),PowerGo,51.499107360839844,3.896637439727783,Goes,Public - Membership Required,0
456420,Jumbo 5085 Heinkenszand Stenevate (PowerGo),PowerGo,51.47193908691406,3.819934844970703,Heinkenszand,Public - Membership Required,0
456419,Parkeerplaats Schelde (PowerGo),PowerGo,51.4560432434082,5.803840160369873,Deurne,Public - Membership Required,0
456418,Basic-Fit 1203 Deurne Fabriekstraat (PowerGo),PowerGo,51.45452117919922,5.792730331420898,Deurne,Public - Membership Required,0
456417,Basic-Fit 1166 Eindhoven Limburglaan (PowerGo),PowerGo,51.432308197021484,5.452301025390625,Eindhoven,Public - Membership Required,0
456416,Jumbo 3833 Hoogerheide Raadhuisstraat (PowerGo),PowerGo,51.42529296875,4.3236165046691895,Hoogerheide,Public - Membership Required,0
456413,Parkeerplaats Kalverstraat (PowerGo),PowerGo,51.2750129699707,3.4444186687469482,Aardenburg,Public - Membership Required,0
456406,Basic-Fit 1098 Sittard Limbrichterweg (PowerGo),PowerGo,51.007102966308594,5.846179008483887,Sittard,Public - Membership Required,0
456404,Basic-Fit 1133 Brunssum Haefland (PowerGo),PowerGo,50.95833206176758,5.973237037658691,Brunssum,Public - Membership Required,0
313477,Last Mile Solutions,Last Mile Solutions,51.94786572729845,4.456203233765791,Rotterdam ,Public - Membership Required,2
313370,EQUANS-oplaadstation,(Unknown Operator),51.83373661602042,4.135614396999242,Hellevoetsluis,Public - Membership Required,2
313350,Lumen,(Unknown Operator),51.98811875235097,5.667171563799229,Wageningen,"Private - For Staff, Visitors or Customers",8
313349,Lumen,(Unknown Operator),51.98718260007058,5.666934747546065,Wageningen,"Private - For Staff, Visitors or Customers",2
313057,Tesla Supercharger Wolvega,Tesla (including non-tesla),52.880495,6.021328,,Public - Membership Required,20
313056,Tesla Supercharger Sassenheim,Tesla (including non-tesla),52.213255,4.503421,,Public - Membership Required,16
313055,Tesla Supercharger Haarlem,Tesla (including non-tesla),52.369266,4.648278,,Public - Membership Required,12
313054,Tesla Supercharger Ridderkerk,Tesla (including non-tesla),51.867901,4.557753,,Public - Membership Required,24
313053,Tesla Supercharger Gorinchem,Tesla (including non-tesla),51.841363,5.009041,,Public - Membership Required,12
313052,Tesla Supercharger Nieuwerkerk aan den IJssel,Tesla (including non-tesla),51.978417,4.618879,,Public - Membership Required,12
313051,Tesla Supercharger Weert,Tesla (including non-tesla),51.2817204,5.65095,,Public - Membership Required,16
313050,Tesla Supercharger Venray,Tesla (including non-tesla),51.547096,5.996985,,Public - Membership Required,12
313049,Tesla Supercharger Tilburg,Tesla (including non-tesla),51.5431836,5.1119267,,Public - Membership Required,16
313048,Tesla Supercharger Schiedam,Tesla (including non-tesla),51.924806,4.372265,,Public - Membership Required,16
313047,Tesla Supercharger Roosendaal,Tesla (including non-tesla),51.566522,4.469804,,Public - Membership Required,16
313046,Tesla Supercharger Nootdorp,Tesla (including non-tesla),52.052541,4.402053,,Public - Membership Required,20
313045,Tesla Supercharger Hengelo,Tesla (including non-tesla),52.287203,6.773114,,Public - Membership Required,16
313044,Tesla Supercharger Heerlen,Tesla (including non-tesla),50.892974,5.955635,,Public - Membership Required,8
313043,Tesla Supercharger Harderwijk,Tesla (including non-tesla),52.335931,5.643634,,Public - Membership Required,16
313042,Tesla Supercharger Groningen,Tesla (including non-tesla),53.196252,6.516312,,Public - Membership Required,16
313041,Tesla Supercharger Enschede,Tesla (including non-tesla),52.202901,6.888668,,Public - Membership Required,12
313040,Tesla Supercharger Emmen,Tesla (including non-tesla),52.724169,6.883522,,Public - Membership Required,12
313039,Tesla Supercharger Best,Tesla (including non-tesla),51.490943,5.42467,,Public - Membership Required,20
313038,Tesla Supercharger Eemnes,Tesla (including non-tesla),52.235476,5.230129,,Public - Membership Required,24
313037,Tesla Supercharger Deventer,Tesla (including non-tesla),52.233401,6.210263,,Public - Membership Required,20
313036,Tesla Supercharger Almere,Tesla (including non-tesla),52.358206,5.251964,,Public - Membership Required,20
312928,Poort van Maastricht,Ecotap,50.8598718681458,5.772740580411323,Berg en Terblijt,"Private - For Staff, Visitors or Customers",4
312057,LEAP24 Charging Station,Leap24 (NL),52.019422,4.708112,Gouda,Public,8
311774,Formule 2 Tankstations,(Unknown Operator),52.281489408375194,4.515687802751017,Noordwijkerhout,Public,4
311591,Efteling Parking,Eneco,51.65016454967139,5.041580309169291,Kaatsheuvel,"Private - For Staff, Visitors or Customers",242
311533,LEAP24 Charging Station,Leap24 (NL),51.43397129917194,5.427430326300366,Eindhoven,Public,2
311440,ChargePost Tango Vaassen,(Unknown Operator),52.29577910826151,5.990005127949644,Vaassen,Public - Pay At Location,2
311282,De Meent 6,Vattenfall InCharge,52.514282982716,5.476251813889007,Lelystad,Public - Membership Required,2
309183,LEAP24 Charging Station,Leap24 (NL),50.87443597908411,5.705049092322648,Maastricht,Public,2
309182,LEAP24 Charging Station,Leap24 (NL),53.20837092349771,6.540476025631771,Groningen,Public,2
309181,LEAP24 Charging Station,Leap24 (NL),51.376135961500324,6.153649029459393,Venlo,Public,6
309180,LEAP24 Charging Station,Leap24 (NL),51.82347613458287,5.757827070561182,Wijchen,Public,2
309058,Heideblauwtje,Allego BV,51.86787685066028,5.40247133214109,Tiel,Public - Membership Required,2
308427,"Floris Balthasarstraat 2, 2064 XP Spaarndam",TotalEnergies (ES),52.4150929,4.6871885,Spaarndam,Public,1
307945,BNTKMP58,Allego BV,52.5199493819041,6.255540491218994,Dalfsen,Public - Membership Required,1
306907,Openbare laadpaal - Eekhorstweg 21A,E-Flux,52.70995884736385,6.19514912150737,Meppel,Public - Membership Required,2
305801,LEAP24 Charging Station,Leap24 (NL),50.99605987334057,5.847185353406889,Sittard,Public,4
305582,LEAP24 Charging Station,Leap24 (NL),53.246202,6.57465,Groningen,Public,6
305581,LEAP24 Charging Station,Leap24 (NL),52.979052,6.977498,Stadskanaal,Public,6
305580,LEAP24 Charging Station,Leap24 (NL),53.1442980374475,7.047083203196308,Winschoten,Public,4
305579,LEAP24 Charging Station,Leap24 (NL),53.167593670551156,6.864696996907924,Zuidbroek,Public,6
304231,Taxi Van Meurs,(Unknown Operator),50.82858438488333,5.992625983912376,Simpelveld,Public,1
303157,Van Oosten de Bruijnstraat,ubitricity,52.37290045009584,4.617311489408962,Haarlem,Public,1
303155,Adriaan de Jongestraat,Greenflux,52.374120702225234,4.618560747015223,Haarlem,Public,1
301738,Ionity Tolnegen Zuid,Ionity,52.185479,5.677543,,Public,4
301711,Ionity Steenwijk,Ionity,52.799384,6.119607,Steenwijk,Public,8
301710,Ionity Kampen,Ionity,52.555811,5.884281,Kampen,Public,6
301686,Ionity Gorinchem,Ionity,51.831966,4.950333,Gorinchem,Public,24
301685,Ionity Medemblik,Ionity,52.7564590092056,5.040346612463509,,Public,12
300432,Vierkante Bosje,TOTAL Nl PlugToDrive,52.25223918008447,5.253447956902818,,Public - Membership Required,2
300041,Jan Hoornstraat,(Unknown Operator),52.049828036750085,4.50596291991269,Zoetermeer ,Public,1
299912,Cambara 35,Vattenfall InCharge,51.7412441,5.3501211,Rosmalen,Public,2
298103,Laadstation Welvreugd Energy,(Unknown Operator),51.94942347535786,4.263460294890251,Maasland,Public - Notice Required,2
297757,Vattenfall InCharge Public Charger,Vattenfall InCharge,52.21639217242321,6.942283637068499,Enschede,Public,2
297266,LEAP24 Charging Station,Leap24 (NL),52.427101,4.879149,Oostzaan,Public,4
297182,Gezellelaan,Ecotap,51.52286084676919,4.462946437551352,Roosendaal,Public - Membership Required,2
296884,LEAP24 Charging Station,Leap24 (NL),52.217512,6.869029,Enschede,Public,5
296857,Velperpoort,TOTAL Nl PlugToDrive,52.27903525259438,4.619977495428884,Nieuw-Vennep,Public - Membership Required,2
296856,Lekpoort,TOTAL Nl PlugToDrive,52.27731446530859,4.616095062272365,Nieuw-Vennep,Public - Membership Required,2
296855,Maaspoort ,TOTAL Nl PlugToDrive,52.27777338099773,4.617981621331211,Nieuw-Vennep ,Public - Membership Required,2
296772,Bandeliersberg 233,Vattenfall InCharge,51.518572328354765,4.449183978178894,Roosendaal,Public,2
296697,Doctor Janssenslaan,Vattenfall InCharge,51.63634614039046,4.8596225377759765,Oosterhout,Public,1
296696,Commandeurstraat,Allego BV,51.63660748654624,4.86092706652002,Oosterhout,Public,2
296695,De Genestetlaan,Vattenfall InCharge,51.514544508548624,4.458062934154668,Roosendaal,Public,2
296694,Van Effenlaan,Vattenfall InCharge,51.51800760426832,4.4571316174249205,Roosendaal,Public - Membership Required,2
296693,Kroevenlaan,Vattenfall InCharge,51.521568506627176,4.455175367519644,Roosendaal,Public,2
291323,Guus Gelukstraat,EVBox,52.4023011694529,5.330968937874218,Almere,Public - Membership Required,2
291159,Middachten,Vattenfall InCharge,52.18643996332335,5.950601823747206,Ugchelen,Public - Membership Required,2
291157,Laan van Spitsbergen,Allego BV,52.19437528096577,5.934586927939563,Apeldoorn,Public,2
291094,Bouwhofweg,Allego BV,52.188398735706016,5.948754836016974,Apeldoorn,Public - Membership Required,2
291092,Laan van Spitsbergen,Shell Recharge Solutions (NL),52.19495130089291,5.934384220066477,Apeldoorn,Public,4
290722,Total Energies Kamp 11,TotalEnergies (ES),52.50302547748146,5.482734387665346,Lelystad,Public,2
290620,LEAP24 Charging Station,Leap24 (NL),51.455029,3.592871,Vlissingen,Public,6
290274,LEAP24 Charging Station,Leap24 (NL),52.79654706800656,4.777353025477453,Schagen,Public,6
290273,LEAP24 Charging Station,Leap24 (NL),51.60917893880824,5.551019466879666,Veghel,Public,2
290272,LEAP24 Charging Station,Leap24 (NL),52.361309435151384,6.507062493257536,Nijverdal,Public,4
290271,LEAP24 AC Charging Station,Leap24 (NL),51.83222289469785,5.859548127078028,Nijmegen,Public,6
290270,LEAP24 Charging Station,Leap24 (NL),52.40020119899745,4.660123398882263,Haarlem,Public,8
290269,LEAP24 Charging Station,Leap24 (NL),53.194740082505575,5.774600160921068,Leeuwarden,Public,12
290268,LEAP24 Charging Station,Leap24 (NL),51.957579,5.640955,Wageningen,Public,2
290267,LEAP24 Charging Station,Leap24 (NL),52.35292213439669,4.665215826228348,Haarlem,Public,2
290266,LEAP24 Charging Station,Leap24 (NL),52.32797542283103,4.784033432245337,Badhoevedorp,Public,10
290265,LEAP24 Charging Station,Leap24 (NL),52.26491461868875,6.144711103859038,Deventer,Public,2
290244,LEAP24 Charging Station,Leap24 (NL),51.173289,6.025068,Roermond,Public,4
290243,LEAP24 Charging Station,Leap24 (NL),52.33380072384009,6.656853106297244,Almelo,Public,6
290241,LEAP24 Charging Station,Leap24 (NL),53.20627940462643,5.843413511598072,Leeuwarden,Public,2
288958,Hoornderslag,Greenflux,53.0210025395009,4.7115799246217875,,Public - Membership Required,2
288957,Krimweg 180,Justplugin (NL),53.15861725238565,4.844968413008758,,Public - Membership Required,4
285212,Shell Recharge Charging Station,Shell Recharge Solutions (NL),52.38383781,4.8647564,Amsterdam,Public - Pay At Location,2
279413,Allego,Allego BV,51.95637711989457,5.2269599599578385,Culemborg,Public - Membership Required,2
279263,Scheffer Media,(Unknown Operator),52.99110127469331,6.289915949718733,Oosterwolde,Public,1
278546,Emmerhoutstraat,Allego BV,52.816950648536505,6.918983149911014,Emmen,Public - Membership Required,2
274104,Boerderijwinkel Lagerweij,Last Mile Solutions,51.91593988845722,5.276771337816967,Buurmalsen,Public,1
273936,Van der Valk Larserplein Lelystad,Allego BV,52.48266239886473,5.504657788635541,City,Public,4
273927,KFC Larserplein Lelystad,PowerGo,52.48275573026649,5.505836542592618,City,Public,4
260616,LEAP24 Fastcharging station,Leap24 (NL),52.02587329680358,4.363657738411348,Delft,Public,4
260615,LEAP24 Fast Charging Station,Leap24 (NL),52.48467601267876,6.131613538762423,Zwolle,Public,6
260614,Eeser Veld,Leap24 (NL),52.804779000051155,6.133885326612699,Steenwijk,Public,6
260350,Berliozstraat,(Unknown Operator),51.91689902158163,4.56201683552149,Capelle aan den IJssel,Public - Membership Required,1
260348,Puccinistraat,(Unknown Operator),51.91759733356153,4.56515469493084,Capelle aan den IJssel,Public - Membership Required,1
260327,Castellum,Last Mile Solutions,51.9168755697022,4.565175905029946,Capelle aan den Ijssel,Public - Membership Required,2
258262,Groene Kruisweg,Allego BV,51.858566250616946,4.2936322845002906,Spijkenisse,Public - Membership Required,1
256957,De Wildkansel,(Unknown Operator),52.521086139767704,5.731164197082762,,"Private - For Staff, Visitors or Customers",1
238390,Mc Donalds Ijsselstein,Shell Recharge Solutions (NL),52.014896340300794,5.06245760912293,IJsselstein,Public - Membership Required,1
238389,Haje Allego Ultra E Nieuwegein Oost,Shell Recharge Solutions (NL),52.01118158983823,5.1220471338107245,Nieuwegein,Public - Membership Required,6
238388,Mc Donalds Nieuwegein ,Shell Recharge Solutions (NL),52.04920110246246,5.117388801827872,Nieuwegein,Public - Membership Required,1
238387,Divers Woerden,Shell Recharge Solutions (NL),52.075587540309186,4.901184234016853,Woerden,Public - Membership Required,2
238386,Shell A12 Hellevliet,Shell Recharge Solutions (NL),52.08093975266934,4.983936303056225,Woerden,Public - Membership Required,2
238385,Shell Recharge Veldhuizen,Shell Recharge Solutions (NL),52.0819105021566,5.003278715701072,Harmelen,Public - Membership Required,2
235545,Rivierenlaan 164,Last Mile Solutions,52.008437986141985,4.438623144085568,Pijnacker,Public - Membership Required,2
235341,Rosendaalsestraat 318,Allego BV,51.989283738948245,5.926502582741591,Arnhem,Public,2
213619,Avia Marees Den Oever,(Business Owner at Location),52.92906820812402,5.028645395294689,Den Oever,Public,2
212424,Meester Cramerweg,Leap24 (NL),52.710549409171165,6.517221954540901,Hoogeveen,Public,4
212423,Zeemansstraat,Leap24 (NL),52.440784547014516,4.821080344094412,Zaandam,Public,2
212422,Oude Groenewoudseweg,Leap24 (NL),51.83215405018595,5.859914320165842,,Public,8
211127,Parking Hoogvliet,ladenetz.de,52.04184477866,5.666623285234095,Ede,Public - Membership Required,2
211037,Kamp 15,ubitricity,52.5043093824838,5.482155730281818,Lelystad,Public,2
210962,Jan Tinbergenweg,Shell Recharge Solutions (NL),52.68088528852729,5.084495657004027,Zwaag,Public,2
210384,Theemsstraat,Greenflux,52.37507619143503,4.613204035808508,Haarlem,Public,1
210349,Parkeerterrein Regius College,(Unknown Operator),52.783795024517815,4.797450942261776,Schagen,Public - Membership Required,2
209765,Bavoort LEAP24 Semi-Fast charger,Leap24 (NL),52.12276082899771,5.400444811984585,Leusden,Public,5
208214,Avelingen-West,(Unknown Operator),51.8360073270031,4.939790531752465,Gorinchem,Public - Membership Required,4
208212,50 Van Heemstraweg,(Unknown Operator),51.87832100591848,5.522909074397148,West Maas en Waal,Public - Membership Required,4
207411,4 Einsteinstraat,Greenflux,52.36773974028,4.612164531240637,Haarlem,Public - Membership Required,1
206938,Johanna's weg,Allego BV,52.561055179424045,4.636920323230129,,Public,6
204836,Shakespeareplein,We Drive Solar,52.088953646361034,5.0900749398151675,Utrecht,Public,2
204328,McDonald's Parallelweg,Vattenfall InCharge,52.48018978217911,4.666021248274205,,"Private - For Staff, Visitors or Customers",1
202500,Nieuwe Kerksplein 16,Greenflux,52.37749070088256,4.629442271028097,Haarlem,Public,1
202121,Stephensonstraat 39,Greenflux,52.369181828691126,4.613651889691823,Haarlem,Public,1
201483,Robijnstraat,Allego BV,52.15618310880117,4.463912704653239,Leiden,Public - Membership Required,1
201482,7 Carneoolstraat,Allego BV,52.1546048796059,4.460548931738117,Leiden,Public - Membership Required,2
201301,Stephensonstraat,(Unknown Operator),52.36994650289088,4.614159016727285,Haarlem,(Unknown),1
201300,Rutherfordstraat,(Unknown Operator),52.370876207248756,4.614198948038165,Haarlem,Public,1
195040,IONITY Mienscheer,Ionity,53.161647,6.292686,Niebert,Public,3
194587,Pijlslaan,Greenflux,52.372003720140015,4.611520743119058,Haarlem,Public,1
194583,Twaalfmat,FastNed,52.500278047265056,4.702634557778197,Heemskerk,Bilinmiyor,2
194582,Lorentzkade,Greenflux,52.373997763985926,4.611189696895622,Haarlem,Public,2
194570,Botnische golf,Allego BV,52.07745826113799,4.904246265408801,Woerden,Public - Membership Required,1
194365,IONITY Sandelingen Oost,Ionity,51.836003,4.620008,Hendrik-Ido-Ambacht,Public,4
194305,Boerderijcamping Zuiderhoeve,Last Mile Solutions,51.47525081439318,3.541423812603057,Koudekerke,Public,2
194248,LEAP24 Fast Charge Station,Leap24 (NL),50.981218592935164,5.826535347417348,Sittard-Geleen,Public,6
194169,Lorentzkade 192,Greenflux,52.37385749804912,4.611194772672775,Haarlem,Public - Membership Required,2
194027,Tesla Supercharger Maastricht,Tesla (including non-tesla),50.81612219964967,5.725457854811339,Maastricht,Public,24
193988,Klappermanstraat,(Unknown Operator),51.3478214,5.4650453,,"Private - For Staff, Visitors or Customers",1
193861,LEAP24 Snellaadstation,Leap24 (NL),51.88148057397515,4.542689376008184,Rotterdam,Public,7
193379,31 Hoofdstraat,(Unknown Operator),52.1982121,6.199734,Gorssel,Public - Membership Required,1
193375,Shell Tatelaar Didam,(Unknown Operator),51.93702950683783,6.105900472739108,Didam,Public - Membership Required,1
193365,26-t Boschlaan,Shell Recharge Solutions (NL),52.007904406939105,6.555560897646046,Oost Gelre,Public,6
193248,Frans Verpoortenstraat Spaarndam,(Unknown Operator),52.41261361874487,4.6894929669294925,Spaarndam,Public - Membership Required,1
193247,Westhoff 95 Spaarndam ,(Unknown Operator),52.413823848322096,4.692106920008882,Spaarndam,Public - Membership Required,1
192942,Aaltje Noordewierlaan 12,(Unknown Operator),52.26612194182354,5.183866416416777,Bussum,Public - Pay At Location,2
192905,Egel,Bilinmiyor,51.43320684103659,5.399156716910397,,Bilinmiyor,0
192799,Middenweg,(Unknown Operator),51.47255496048646,3.969291790664556,Kapelle,Public - Membership Required,1
192609,de Kerentuin 20,Shell Recharge Solutions (NL),51.88218652825981,5.519846062022907,West Maas en Waal,Public - Membership Required,1
192595,FastNed Dekkersland,FastNed,52.62403274801221,6.208360886758413,Staphorst,Public,4
192594,Fastned Paardeweide,FastNed,52.75153539954195,6.189469149620919,Darp,Public,1
192549,LEAP 24 Fast Charging Station - Almere Transistorstraat,Leap24 (NL),52.34607107001267,5.178145318981848,Almere,Public,4
192503,FastNed Bovenboer,FastNed,52.753472323568644,6.186789231245712,Darp,Public,4
192439,Allego Zwaluwstraat 15,Allego BV,51.93141936867795,4.238358198599883,Maassluis,Public,2
192438,Fastned Peulwijk-Oost,FastNed,52.00917951726262,4.312016522762235,Den Hoorn,Public,4
192437,Fastned Hogenhoorn,FastNed,52.01195360295989,4.315466804741391,Den Hoorn,Public,10
192339,van Eerbeeklaan 2,(Unknown Operator),52.24550215072222,4.829777348453177,Uithoorn,Public,1
191685,Platanenlaan 12,(Unknown Operator),52.25009579068714,5.046898739448807,Nederhorst den Berg,Public - Membership Required,2
191683,5 Goeseelsstraat,(Business Owner at Location),51.59475608450231,4.797436275629025,Breda,"Private - For Staff, Visitors or Customers",5
191365,Lidl - Woerden,Lidl,52.0815342436093,4.8763468008691575,Woerden,Public,2
190860,Martinetsingel,Allego BV,52.139127107971944,6.198663242153316,Zutphen,Public - Membership Required,2
190859,45 Zijlvest,Last Mile Solutions,52.38162773568132,4.629299343716525,Haarlem,Public - Membership Required,12
190858,Johan de Wittstraat 3,EVBox,52.142832881845806,4.396562071018252,Wassenaar,Public - Membership Required,1
190857,Koorstraat,Greenflux,52.37612866380192,4.6232540415333006,Haarlem,Public - Membership Required,2
190856,Westerstraat,Greenflux,52.38002741031801,4.617947970403748,Haarlem,Public - Membership Required,2
190855,Leidseplein 5,Greenflux,52.37936273410284,4.624896923061669,Haarlem,Public - Membership Required,2
190854,Leidsevaart,Greenflux,52.379180705342606,4.6255161386943655,Haarlem,Public - Membership Required,2
190853,Emmaplein 44,Greenflux,52.37615398667208,4.620922324279832,Haarlem,Public - Membership Required,2
190852,Oranjeboomstraat 192,TotalEnergies (FR),52.3784293311314,4.621668786092414,Haarlem,Public,2
190800,Kloosterhof 1 Malden,ladenetz.de,51.78351485299547,5.853117655653705,Heumen,Public,4
190786, Allego (NL) - 2 Beelen - Tolbert,Allego BV,53.16617235219772,6.365452206876483,Tolbert,Public - Membership Required,2
190742,1A Maliestraat,(Unknown Operator),52.09439885061656,5.13682600351558,Utrecht,Public - Membership Required,1
190741,Partou Kinderopvang,(Unknown Operator),52.09460183680176,5.137383584372742,Utrecht,Public - Membership Required,1
190740,2 Johan de Wittstraat,(Unknown Operator),52.08747062866928,5.1294540610476815,Utrecht,Public - Membership Required,1
190739,50 Maliesingel,(Unknown Operator),52.08681383473356,5.12965218031195,Utrecht,Public - Membership Required,1
190738,146-BS Frederik Hendrikstraat,(Unknown Operator),52.08753185131545,5.144907961435706,Utrecht,Public - Membership Required,1
190737,Frederik Hendrikstraat,(Unknown Operator),52.0893326912462,5.144997951445703,Utrecht,Public - Membership Required,1
190736,Dillenburgstraat,(Unknown Operator),52.08933791435135,5.144052165853964,Utrecht,Public - Membership Required,1
190735,Frederik Hendrikstraat,(Unknown Operator),52.09133977918398,5.144411430434616,Utrecht,Public - Membership Required,1
190734,22 Johan Willem Frisostraat,(Unknown Operator),52.091211258387716,5.14362166824526,Utrecht,Public - Membership Required,1
190733,Johan Willem Frisostraat,(Unknown Operator),52.09091765343223,5.1426455651408105,Utrecht,Public - Membership Required,1
190732,Stolberglaan,(Unknown Operator),52.09156927028508,5.142013335418824,Utrecht,Public - Membership Required,1
190731,Emmalaan,(Unknown Operator),52.09334789225565,5.13998540702346,Utrecht,Public - Membership Required,1
190730,74 Wolter Heukelslaan,(Unknown Operator),52.094065878017204,5.138216938305618,Utrecht,Public - Membership Required,1
190729,70 Wolter Heukelslaan,(Unknown Operator),52.093662668099284,5.138263700923744,Utrecht,Public - Membership Required,1
190728,65A-BS Wolter Heukelslaan,(Unknown Operator),52.09299309878932,5.137815118952972,Utrecht,Public - Membership Required,1
190727,Zonnehof,(Unknown Operator),52.08557265458322,5.134593090747785,Utrecht,Public - Membership Required,1
190726,62 Homeruslaan,(Unknown Operator),52.08539424128722,5.1366493877505945,Utrecht,Public - Membership Required,1
190725,Koningslaan,(Unknown Operator),52.08549713969251,5.139713048908561,Utrecht,Public - Membership Required,1
190724,Wagendwarsstraat,(Unknown Operator),52.09005478679455,5.133734557582329,Utrecht,Public - Membership Required,1
190723,15 Bloesemstraat,(Unknown Operator),52.08818594300041,5.133346335065994,Utrecht,Public - Membership Required,1
190722,Minervaplein,(Unknown Operator),52.086329944695024,5.13538062577652,Utrecht,Public - Membership Required,1
190721,80 Bankstraat,(Unknown Operator),52.08692819056603,5.135704882230243,Utrecht,Public - Membership Required,1
190720,Willem de Zwijgerstraat,(Unknown Operator),52.0872231173976,5.14253424432502,Utrecht,Public - Pay At Location,1
190719,Dillenburgstraat,(Unknown Operator),52.08916478875773,5.142193386030044,Utrecht,Public - Pay At Location,1
190718,Van Alphenplein,(Unknown Operator),52.091717725238425,5.138035548936045,Utrecht,Public - Pay At Location,1
190717,Wolter Heukelslaan,(Unknown Operator),52.091365709776454,5.13593364135636,Utrecht,Public - Pay At Location,1
190716,Oudwijkerveldstraat,(Unknown Operator),52.090672992999174,5.139545855576216,Utrecht,Public - Pay At Location,1
190715,Baanstraat,(Unknown Operator),52.08811463525973,5.137616741754414,Utrecht,Public - Pay At Location,1
190714,Wilhelminapark,(Unknown Operator),52.088493461073995,5.138207920472382,Utrecht,Public - Pay At Location,1
190713,Van der Duijnstraat,(Unknown Operator),52.08956879970452,5.137197575874552,Utrecht,Public - Pay At Location,1
190712,Prinsenstraat,Bilinmiyor,52.09016646756268,5.138294360708983,Utrecht,Public - Pay At Location,1
190544,IONITY Overbroek,Ionity,51.921616,5.603749,Opheusden,Public,2
190533,IONITY De Knoest,Ionity,52.014598,5.122174,Nieuwegein,Public,2
190516,IONITY Apeldoorn-Zuid,Ionity,52.1791,5.984281,Apeldoorn,Public,4
190378,Shell Kooimeer,Shell Recharge Solutions (NL),52.61466842977481,4.73974268657912,Alkmaar,Public - Membership Required,4
189833,Fastned Bodegraven,FastNed,52.06609674140043,4.740941524163732,Bodegraven,Public - Membership Required,2
189692,Derde Haren 2,Vattenfall InCharge,51.71331874026589,5.3244017626710445,'s-Hertogenbosch,Public,2
189683,Manis Krijgsmanhof 176,Vattenfall InCharge,51.716871183020714,5.326481719329422,'s-Hertogenbosch,Public,2
189571,Amsteldijk 707,Vattenfall InCharge,52.35696655643656,4.904728043048863,Amsterdam,Public,1
189568,Pastoor Kampstraat,Allego BV,51.62212023200124,5.014121586034207,De Moer,Public - Membership Required,1
189532,Handelskade,Ecotap,52.15484297040098,6.201007564910242,Zutphen,Public - Membership Required,2
189190,Kagerdreef 90,Allego BV,52.2209165058091,4.531349788212651,Teylingen,Public - Membership Required,2
189106,Pap,(Unknown Operator),51.4117,6.1678,Velden,Public - Membership Required,1
188817,Parelstraat 12,Allego BV,52.04224240470472,5.665900546495209,Ede,Public,1
188816,Hendriksen Accountants,(Unknown Operator),52.39935783211084,6.783781252681251,Tubbergen,"Private - For Staff, Visitors or Customers",2
175280,Shell Recharge,Shell Recharge Solutions (UK),51.74455131475028,4.91804792074322,Hank,Public,6
175091,IONITY Sandelingen West,Ionity,51.834832,4.618082,Hendrik-Ido-Ambacht,Public,2
175088,IONITY Oosterhout,Ionity,51.626778,4.870164,Oosterhout,Public,6
175087,IONITY Bodegraven,Ionity,52.066539,4.738413,Bodegraven,Public,6
175086,IONITY De Kroon,Ionity,52.014276,5.119229,Nieuwegein,Public,2
175082,IONITY Tolnegen Noord,Ionity,52.184387,5.670553,Stroe,Public,6
175038,IONITY Best,Ionity,51.503064,5.414372,,Public,4
174898,De Brink,Allego BV,53.092833955052896,6.686966293022351,Zuidlaren,Public,2
174897,Coop Parking Lot ,Allego BV,53.07778991690341,6.699140666223229,Zuidlaren ,Public,2
174143,Marktplein,Blue Marble Charging,52.30521415057004,4.693212235237297,Haarlemmermeer,Public,12
173970,EVBox fastcharger,EVBox,52.14141141493823,5.567445005043965,Barneveld,Public,2
173931, AVIA de Poel - Goes,(Unknown Operator),51.49369149242824,3.881460649445785,Goes,Public,1
173893,Ab en van de Schelde Nissan dealer,Allego BV,52.49450730013044,6.122473470318141,Zwolle,Public - Membership Required,1
173892,Ab en van de Schelde Nissan dealer,Allego BV,52.49450730013044,6.122473470318141,Zwolle,Public - Membership Required,1
171439,Van Musschenbroekstraat,Ecotap,52.065035901097986,4.329579515997125,The Hague,Public,1
171094,Meerkerk Supercharger,Tesla (Tesla-only charging),51.899517,4.982968,Utrecht,Public - Membership Required,16
171086,Carlton President Hotel,Tesla (Tesla-only charging),52.12049127,5.03869943,Utrecht,Public - Membership Required,4
171081,Waterfront,(Unknown Operator),51.439800399682724,5.40194946392603,Eindhoven,Public,1
171080,4 charge points Waterrijk,Allego BV,51.435549864472904,5.395050952476026,Eindhoven,Public,4
170946,Rosariumstraat,Allego BV,52.525242027120925,6.070279269660773,Zwolle,Public,2
170757,Willibrordus Business Center,Alfen,52.59565598875008,4.709053203057465,Heiloo,Public,10
170696,Dcb energy hub Schiphol,(Unknown Operator),52.271121182830655,4.69533813882299,Hoofddorp,Public - Membership Required,10
170569,Flitsmeister,(Unknown Operator),52.039305597053925,5.550275138520533,Veenendaal,Private - Restricted Access,2
170568,24 Landjuweel,(Unknown Operator),52.03925546403201,5.550582310882078,Veenendaal,"Private - For Staff, Visitors or Customers",2
170229,Zuidbroek,Tesla (Tesla-only charging),53.169567,6.852949,Zuidbroek,Public - Membership Required,8
169959,Parking banjaardstrand,(Unknown Operator),51.590606301790416,3.6629008999134385,Noord-Beveland,Public - Membership Required,8
169654,Graaf Adolfstraat,(Unknown Operator),52.077645597481876,4.820435944502833,,Public - Membership Required,2
169309,Leusden Supercharger,Tesla (Tesla-only charging),52.144022,5.416976,Utrecht,Public - Membership Required,12
169300,Uden Supercharger,Tesla (Tesla-only charging),51.671308,5.60267,Uden,Public - Membership Required,12
167143,Boekhorstlaan 4,Bilinmiyor,52.33570233192614,5.643056566499581,Harderwijk,Public,2
163019,"Achterweg 1, Onderdendam",Allego BV,53.3353029,6.5879694,Onderdendam,Public - Membership Required,1
162620,9 Doornkampsteeg,Vattenfall InCharge,51.733641519305564,5.328723169128807,'s-Hertogenbosch,Public,2
162393,Wolkammersstraat,Vattenfall InCharge,53.034881824005396,5.622067875116045,Súdwest-Fryslân,Public - Pay At Location,2
162363,Koningin Emmaplein 15,EVBox,51.910371730587144,4.474995764763207,Rotterdam,Public,1
162362,Van Vollenhovenstraat 3,EVBox,51.910460915596104,4.477087146797885,Rotterdam,Public,1
162064,Honthorststraat,Vattenfall InCharge,52.35769059255907,4.88575757377555,Amsterdam,Public,2
161875,Middelburg Supercharger,Tesla (Tesla-only charging),51.480275,3.636485,Middelburg,Public - Membership Required,8
161853,Shell Rotterdam,Shell Recharge Solutions (UK),51.89464168918698,4.530835616649711,Rotterdam,Public - Pay At Location,2
161638,Akersloot Supercharger,Tesla (Tesla-only charging),52.547541,4.722741,Akersloot,Public - Membership Required,8
161618,3 Waterschapstraat,Greenflux,52.630213224208035,4.757845411660696,Alkmaar,Public - Membership Required,1
161434,Apeldoorn Oost Supercharger,Tesla (Tesla-only charging),52.204703,6.016104,Apeldoorn,Public - Membership Required,20
161381,IJsvogelstraat,Last Mile Solutions,52.25563301923523,4.7599020794293665,Aalsmeer,Public,4
161270,Rijswijk Supercharger,Tesla (Tesla-only charging),52.048276,4.349078,Rijswijk,Public - Membership Required,18
157470,Zebrakever,Vattenfall InCharge,51.53141911337636,5.48762993293019,Son en Breugel,Public,2
157452,Rooijseweg,Vattenfall InCharge,51.5243917,5.4910909,Son en Breugel,Public,2
157325,Koningsweg 26,Allego BV,52.41508160721338,6.621509916866216,Twenterand,Public,2
156061,Dadelgaarde 28,Last Mile Solutions,52.059905953834345,4.515953744973444,Zoetermeer,Public,2
156060,Gaardedreef 45,Eneco,52.05951900533063,4.512890914411173,Zoetermeer,Public,2
155570,15 Maaslandstraat,EVBox,51.58392882792006,5.208350056368886,Oisterwijk,Public,1
155148,Onderdreef 1A,Last Mile Solutions,51.91202628008102,5.331636984511761,Buren,Public - Membership Required,6
154912,Sowetostraat 2,EVBox,51.981313294692,4.338029529359346,Delft,Public - Membership Required,2
154843,Enkplein 2,Allego BV,51.99904825178032,5.968128500752073,Velp,Public,1
149869,Schuddebeursstraat,Vattenfall InCharge,52.061878017790576,4.539799144399467,Zoetermeer,Public,2
149536,Agri SnelTank,Last Mile Solutions,51.483224893636816,3.894598537953584,Goes,Public - Membership Required,3
149457,Argonautenstraat 19,Vattenfall InCharge,52.34361035307606,4.860980473843256,Amsterdam,Public,2
148645,Oudorperdijkje,Greenflux,52.628374784191664,4.760675819920607,Alkmaar,Public - Membership Required,2
148471,Fivelgolaan,Allego BV,53.19893376495949,6.526537179599018,Groningen,Public,2
148324,Strawinskylaan,Allego BV,52.340961671030556,4.875402153081495,Amsterdam,Public,2
148197,LastMileSolutions Charging Station,Last Mile Solutions,52.10143220497022,4.296741264116008,Den Haag,Public - Membership Required,2
148110,'S-Hertogenbosch Supercharger,Tesla (Tesla-only charging),51.720357,5.333276,Rosmalen,Public - Membership Required,16
148061,Scheldestraat 2,Greenflux,52.45791653907861,4.610817588895998,IJmuiden,Public,2
146028,Assen Supercharger,Tesla (Tesla-only charging),52.9929,6.52447,Assen,Public - Membership Required,14
145861,Escher EV,(Private Residence/Individual),52.00997492699278,6.360814324598891,Zelhem,Privately Owned - Notice Required,1
135441,Sterappelstraat ,Vattenfall InCharge,52.06545893864143,4.255977912920798,Den haag,Public,2
135327,Doctor Ariënsstraat,Nuon,51.324719151036305,5.978757452000309,Peel en Maas,Public,2
134006,Stationsplein,Nuon,51.5840855763044,4.92548384979523,Gilze en Rijen,Public,2
133796,Ericssonstraat 2 Rijen,Allego BV,51.57804198587354,4.926538867494173,Rijen,Public,12
133792,Fastned Ravensewetering,FastNed,52.04992463230403,5.122193865356394,Nieuwegein,Public,4
133791,Fastned Jutphaas,FastNed,52.01765429656405,5.068244565118107,Nieuwegein,Public,4
133777,Duiven Supercharger,Tesla (Tesla-only charging),51.959482,6.021093,Duiven,Public - Membership Required,20
133766,Naarden Supercharger,Tesla (Tesla-only charging),52.308658,5.140926,Naarden,Public - Membership Required,32
133744,Marijkestraat,(Unknown Operator),51.588294822554,4.91985313736404,Gilze en Rijen,Public,2
133632,Heerlijkheid Mariënwaerdt,Tesla (Tesla-only charging),51.889319,5.219076,Beesd,Public - Membership Required,1
133376,Fastned De Hackelaar,FastNed,52.322068974177654,5.084432053024898,Muiden,Public,4
133144,Winkelcentrum Stadsveld,Allego BV,52.2104000019586,6.86353579627712,Enschede,Public,2
133004,SpaSereen,(Unknown Operator),52.1464286185232,5.08371539338782,Tienhoven,"Private - For Staff, Visitors or Customers",4
132596,IONITY Sevenum,Ionity,51.3800057287701,5.98544993956125,Sevenum,Public,4
132397,Fastned De Knoest,FastNed,52.0142658986678,5.12237807136125,Nieuwegein,Public,3
132396,Fastned Varakker,FastNed,51.9239521236228,5.605242981731408,Opheusden,Public - Pay At Location,4
132395,Fastned Jan Heijnsstraat (AH),FastNed,51.56232666590884,5.07525043679334,Tilburg,Public - Pay At Location,2
132394,Fastned Bloemheuvel,FastNed,52.049899909363546,5.461559592664003,Woudenberg,Public,4
132393,Fastned De Vonken,FastNed,53.032415688134506,6.021034570977008,Terwispel,Public - Pay At Location,4
132391,Fastned Den Ruygen Hoek-Oost,FastNed,52.25826430677844,4.685957607546129,Rijsenhout,Public,8
132390,Fastned Aalscholver,FastNed,52.43605394334023,5.425004709194127,Lelystad,Public,4
132389,Fastned Lepelaar,FastNed,52.432869,5.422989,Lelystad,Public,4
132387,Fastned Honswijck,FastNed,52.3198822293468,5.077603571033933,Muiden,Public,8
132386,Fastned Portland,FastNed,51.86262339782925,4.4598305447498205,Rhoon,Public,4
132385,Fastned Wellerzand,FastNed,52.784365011052245,5.759275406583583,Bant,Public,4
132384,Fastned Lemsterhop,FastNed,52.818464629420276,5.7423368906721635,Rutten,Public,4
132383,GelreDome,FastNed,51.96467,5.892364,Arnhem,Public,4
132382,Fastned Mastpolder,FastNed,51.5476316753116,4.53054657308508,Rucphen,Public,4
132381,Fastned Hoezaar,FastNed,51.54878251803402,4.529013372128929,Rucphen,Public,4
132380,Fastned Prinses Máximaplein,FastNed,52.0552053241585,4.39111172879348,Den Haag,Public,4
132379,Fastned Sandelingen-Oost,FastNed,51.83475015088521,4.620992950949812,Hendrik-Ido-Ambacht,Public,4
132378,Fastned Vrijenban,FastNed,51.983412,4.392855,Delft,Public,4
132377,Fastned Hazeldonk-Oost,FastNed,51.497864494311045,4.743250363658831,Breda,Public,4
132376,Fastned Hazeldonk-West,FastNed,51.50006170367081,4.7410144819448305,Breda,Public,4
132375,Fastned Molenkamp,FastNed,51.847476442050805,5.190784931576445,Gellicum,Public,4
132374,Fastned Eigenblok,FastNed,51.849068597836464,5.191414900292784,Gellicum,Public,4
132373,Fastned Overbroek,FastNed,51.92159655110726,5.603319459536806,Opheusden,Public - Pay At Location,4
132372,Fastned Streepland,FastNed,51.69068858287895,4.657570000495866,Zevenbergschen Hoek,Public - Pay At Location,4
132371,Fastned Tussenhoek,FastNed,51.870171183539355,4.182257291199221,Vierpolders,Public - Pay At Location,4
132370,Fastned Coosenhoek,FastNed,51.870605301019566,4.180432122666616,Vierpolders,Public - Pay At Location,4
132369,Fastned Meedenertol,FastNed,53.18090611485101,6.933631737604628,Scheemda,Public - Pay At Location,4
132368,Fastned Roode Til,FastNed,53.182019030339205,6.931017642004235,Scheemda,Public - Pay At Location,4
132367,Fastned De Walden,FastNed,53.02930206042643,6.020059502517029,Terwispel,Public - Pay At Location,4
132366,Fastned Beatrixkwartier,FastNed,52.07904494794499,4.333990347882718,Den Haag,Public - Pay At Location,4
132365,Fastned Middelsloot,FastNed,52.545986435998685,4.957308495860389,Middenbeemster,Public - Pay At Location,4
131963,Hotel Old Dutch Bergen Op Zoom,Tesla (Tesla-only charging),51.4950874,4.2952009,Bergen op Zoom,Public - Membership Required,1
131289,Herberg de Klomp,Tesla (Tesla-only charging),52.5110807,6.3540541,Vilsteren,Public - Membership Required,1
131004,Qurios Zandvoort,Tesla (Tesla-only charging),52.386701,4.535351,Zandvoort,Public - Membership Required,1
130974,Comfortcamping Scheldeoord,Tesla (Tesla-only charging),51.396404,3.89869,Baarland,Public - Membership Required,1
130958,Reginahof,Park & Charge (D),51.7488403179767,4.1007135315233,Goeree-Overflakkee,Public,4
130825,EVB-P1607208,EVBox,51.8312595701483,5.80206636530647,Nijmegen,Public,2
130824,McDonald's Nijmegen Noviu.,Incharge (SE),51.82525258085269,5.803722694323596,Nijmegen,Public,1
130757,Het Diep,(Unknown Operator),52.5243266699086,5.71568012375474,,Public,1
130748,Nyeveltstraat 1,(Unknown Operator),52.0814474144259,5.03528223213107,Utrecht,Public,2
130095,Beach car park,(Unknown Operator),51.4003321647688,3.4964692403269737,Groede,Public,2
129629,Vletkade parkeerplaats,Ecotap,52.0767138401761,4.49590898462804,Zoetermeer,Public - Membership Required,2
129191,Qurios Ameland,Tesla (Tesla-only charging),53.448264,5.630548,Hollum,"Private - For Staff, Visitors or Customers",1
129101,Tolberterstraat,Ecotap,53.166317526302,6.38593530149933,Westerkwartier,Public,4
128883,Landmetersweg,EVBox,51.5556883118205,3.55077481928902,Veere,"Private - For Staff, Visitors or Customers",4
128820,Het Galjoen 33,Park & Charge (CH),52.2052588069986,5.30194795798479,Baarn,Public,2
128815,Merkelbachlaan,(Unknown Operator),52.0115731486211,5.03730420790919,IJsselstein,Public,2
128793,Morelstraat,Nuon,52.1082026963618,5.10280388270178,Utrecht,Public - Pay At Location,1
127709,Fastned Hoge Kwel,FastNed,52.8573098519762,5.02145534255908,Hollands Kroon,Public,1
127708,Sint Jacobslaan,FastNed,51.820270055047,5.85208276981928,Nijmegen,Public,3
127556,Wapen Van Beckum,Tesla (Tesla-only charging),52.21132,6.742062,Hengelo,Public - Membership Required,1
127218,Maria Austriastraat 722,Nuon,52.353330135339,5.00136550966624,Amsterdam,Public,1
127216,Pieter Oosterhuisstraat 9,Nuon,52.352441194956,5.00557549269763,Amsterdam,Public,1
127215,Nuon NL,Nuon,52.3514132,5.0017806,Amsterdam,Public,2
127042,Allego charger kleiwerd,Allego BV,53.2406007677666,6.51487359169641,Groningen,Public - Pay At Location,2
125954,Leiderdorp Supercharger,Tesla (Tesla-only charging),52.160832,4.54932,Leiderdorp,Public - Membership Required,24
125953,Landgoed Hotel & Restaurant Groot Warnsborn,Tesla (Tesla-only charging),52.010383,5.865473,Arnhem,Public - Membership Required,2
125731,Fastned Den Hoek,FastNed,51.6626,4.678,Moerdijk,Public - Pay At Location,5
125567,Lidl - Tilburg,Lidl,51.577526,5.002262,Tilburg,Public,1
125565,Lidl - Zaandam,Lidl,52.460983,4.817797,Zaanstad,Public,1
125557,Keukenhof,EVBox,52.268231,4.5438,Lisse,Public - Membership Required,2
125548,Lidl Leeuwarden,Lidl,53.172172,5.794169,Goutum,Public,1
125076,Stationslaan,Allego BV,52.3405957234005,5.62064976959232,,Public,2
124955,Sphinx Parkeerterrein,(Unknown Operator),50.8554201308655,5.68825694713689,Maastricht,Public,6
118594,Cornelis Dirkszstraat 92,Shell Recharge Solutions (NL),52.1120596801183,5.09502857905363,Utrecht,Public - Membership Required,2
118265,Gouda Supercharger,Tesla (Tesla-only charging),52.022778,4.684873,Gouda,Public - Membership Required,24
118264,Bunnik Supercharger,Tesla (Tesla-only charging),52.061035,5.205139,Bunnik,Public - Membership Required,32
118036,"Vakantiewoningen ""het Anker""",Tesla (Tesla-only charging),53.3964675,5.3379015,Hoorn-Terschelling,Public - Membership Required,2
118003,Masami,Tesla (Tesla-only charging),52.2924587,4.7091108,Hoofddorp,Public - Membership Required,2
117994,Lake 7,Tesla (Tesla-only charging),51.975543,4.5603847,Zevenhuizen,Public - Membership Required,2
117932,Parkeerplaats achter Stoholm 4,(Unknown Operator),52.3150485082558,4.66741673572017,Hoofddorp,Public,2
117882,Tivolilaan 205,(Business Owner at Location),51.987262033686,5.9328307506953,Arnhem,"Private - For Staff, Visitors or Customers",4
117879,Uilenburgersteeg,Nuon,52.36967685612797,4.902912452417581,Amsterdam,Public,2
117878,Rapenburgerstraat,Nuon,52.3684088304119,4.90605465079534,Amsterdam,Public,2
114251,"Daslook, Nootdorp",EVBox,52.041151091205,4.39949333667755,Nootdorp ,(Unknown),1
114119,Hotel Van der Valk Sassenheim-Leiden,Tesla (Tesla-only charging),52.212619,4.504546,Sassenheim,Public - Membership Required,2
114112,Boompjes Restaurant,Tesla (Tesla-only charging),51.5711274,5.9461312,Overloon,Public - Membership Required,1
114034,Badhoevedorp Supercharger,Tesla (Tesla-only charging),52.329339,4.784994,Badhoevedorp,Public - Membership Required,32
113931,Netl de Wildste Tuin,Tesla (Tesla-only charging),52.6821961,5.8744425,Kraggenburg,Public - Membership Required,3
113706,"Markt Parkeerplaats, Ijzendijke",(Unknown Operator),51.3220072995403,3.61675304907385,Ijzendijke,Public,2
113701,Agrisneltank gas station,Ecotap,51.3310089,3.8248858,Terneuzen,Public,1
113528,De Krommert,TOTAL Nl PlugToDrive,52.591222,4.708903,Heiloo,"Private - For Staff, Visitors or Customers",2
113527,De Strandwal,Alfen,52.5965819344334,4.71197017829419,Heiloo,Public,2
112703,Kleine Veerweg 27,Alfen,52.4793532300083,6.089476456552347,Zwolle,Privately Owned - Notice Required,1
112286,Hoefijzerstraat,(Unknown Operator),52.09589567649837,5.137107873541254,Utrecht,Public,2
109352,B & B de Grote Byvanck,Tesla (Tesla-only charging),51.951697,5.970656,Westervoort,Public - Membership Required,1
109263,Restaurant Zoet of Zout,Tesla (Tesla-only charging),51.826405,4.0442323,,Public - Membership Required,1
109191,Jachthaven Lutsmond,Tesla (Tesla-only charging),52.904648,5.598225,Balk,Public - Notice Required,1
109085,Van der Valk Hotel Groningen-Zuidbroek,Tesla (Tesla-only charging),53.1701126,6.852452,Zuidbroek,Public - Membership Required,1
109059,Breda Supercharger,Tesla (Tesla-only charging),51.5765157,4.729773,Breda,Public - Membership Required,16
108631,Hoek Gijsbrecht van Amstelstraat en Oude Loosdrechtseweg,(Unknown Operator),52.21624793157964,5.161669539887498,,Public,1
108380,Parking Garage Bellevue,Ecotap,51.7785811254632,5.93351782094942,Groesbeek,Public,1
107922,Boyleweg,(Unknown Operator),51.8546165691436,4.30309292047241,Spijkenisse,Public,1
107697,50 kW Fastcharger  Winkelcentrum Struytse Hoeck 62 tegenover BCC,Allego BV,51.8324132619278,4.14737400335343,Hellevoetsluis,Public,2
107646,Abe Bonnemastraat,Allego BV,51.989683722539,4.48553402113248,Bergschenhoek,Public,1
107341,AnyTyme Palazzo Lelystad,(Business Owner at Location),52.4914155640247,5.48303814966812,Lelystad,"Private - For Staff, Visitors or Customers",3
107207,Home center Wolvega,(Business Owner at Location),52.886433114105465,5.99432140555723,Wolvega,Public,72
106514,Hotels Van Oranje,Tesla (Tesla-only charging),52.247115,4.432682,Noordwijk aan Zee,Public - Membership Required,2
106202,Hotel Nimma Nijmegen,Tesla (Tesla-only charging),51.854285,5.837113,Nijmegen,Public - Membership Required,1
104994,Breukelen Supercharger,Tesla (Tesla-only charging),52.167178,4.989068,Breukelen,Public - Membership Required,28
104903,Blue & Manna Hotels,Tesla (Tesla-only charging),51.842314,5.862685,Nijmegen,Public - Notice Required,2
104478,Qo Amsterdam,Tesla (Tesla-only charging),52.338392,4.920993,Amsterdam,Public - Membership Required,2
104466,Evenementenhal Gorinchem,Tesla (Tesla-only charging),51.839649,5.009054,Gorinchem,Public - Membership Required,3
104406,Hotel - Restaurant - Brasserie 'T Paviljoen,Tesla (Tesla-only charging),51.955958,5.58951,Rhenen,Public - Membership Required,1
104403,Harlingen Garden Apartment,Tesla (Tesla-only charging),53.182109,5.434368,Midlum,Public - Membership Required,1
104402,Evenementenhal Hardenberg,Tesla (Tesla-only charging),52.558383,6.626275,Hardenberg,Public - Membership Required,1
104391,Hotel Beaumont,Tesla (Tesla-only charging),50.849842,5.700734,Maastricht,Public - Membership Required,3
103534,Batavia Stad,Tesla (Tesla-only charging),52.52305,5.43792,Lelystad,Public - Membership Required,20
102025,G&G Special Sizes,Tesla (Tesla-only charging),53.199743,6.788897,Slochteren,Public - Membership Required,1
101121,Zaltbommel Supercharger,Tesla (Tesla-only charging),51.796249,5.254964,Zaltbommel,Public - Membership Required,16
101107,Vuren Supercharger,Tesla (Tesla-only charging),51.839079,5.09062,Vuren,Public - Membership Required,12
100886,Race Planet,(Unknown Operator),52.3962498,4.7896188,Amsterdam,(Unknown),2
100803,Pannenkoekenrestaurant den Tol - Velp,Tesla (Tesla-only charging),51.74507,5.716071,Velp,Public - Membership Required,1
100774,Skidiscovery den Haag,Tesla (Tesla-only charging),52.059399,4.362439,Den Haag,Public - Membership Required,1
100619,Fastned - De Watering,FastNed,52.4422712592311,4.855034351348877,zaandam,Public - Pay At Location,6
100426,ColoCenter,(Unknown Operator),52.0333797904231,4.497190117836,Zoetermeer,Public - Pay At Location,2
100356,Hotel Restaurant de Nachtegaal,Tesla (Tesla-only charging),52.271875,4.564281,Lisse,Public - Membership Required,2
99682,De Woeste Wieven - Boutique & Conference Hotel,Tesla (Tesla-only charging),52.175972,6.614891,Diepenheim,Public - Membership Required,2
99635,Conservatorium Hotel,Tesla (Tesla-only charging),52.35883,4.878628,Amsterdam,Public - Membership Required,1
98125,Parkeergarage Raadhuisplein,EVBox,53.1054347,6.10054679999996,Drachten,Public,6
98098,Chateau de Holtmuehle,Tesla (Tesla-only charging),51.331131,6.136385,Tegelen,Public - Membership Required,1
98029,Saillant Kasteel Doenrade,Tesla (Tesla-only charging),50.961264,5.908891,Doenrade,Public - Membership Required,2
97928,Villa Magnolia,Tesla (Tesla-only charging),51.568291,3.539339,Oostkapelle,Public - Membership Required,1
97668,Dutch Design Hotel Artemis Amsterdam,Tesla (Tesla-only charging),52.341746,4.824712,Amsterdam,Public - Membership Required,2
97566,Horst Supercharger,Tesla (Tesla-only charging),51.470106,6.05724,Horst,Public - Membership Required,12
97447,Logis Hotel Restaurant Faber,Tesla (Tesla-only charging),53.163936,6.755294,Hoogezand,Public - Membership Required,1
97435,Emmeloord Supercharger,Tesla (Tesla-only charging),52.727405,5.764609,Emmeloord,Public - Membership Required,10
97402,Logis Strandhotel Camperduin,Tesla (Tesla-only charging),52.726387,4.644627,Schoorl,Public - Membership Required,1
95902,Renault Oving,(Business Owner at Location),52.70343518821619,5.755553459802281,Emmeloord,Public - Notice Required,1
95870,Paladijnenweg 2,Allego BV,52.167459,5.37940070000002,Amersfoort,Public,2
95869,Paladijnenweg 51,Allego BV,52.1685049353294,5.38477867841721,Amersfoort,Public,2
95477,Hotel Restaurant Zalen Hoogeerd,Tesla (Tesla-only charging),51.798564,5.688385,Niftrik/Wijchen,Public - Membership Required,1
95267,Landal Amerongse Berg,Tesla (Tesla-only charging),52.031574,5.518599,Overberg,Public - Membership Required,1
95196,Landgoed de Wilmersberg,Tesla (Tesla-only charging),52.309942,6.959972,De Lutte,Public - Membership Required,2
95189,Logis Hotel Restaurant Zeezicht,Tesla (Tesla-only charging),53.175467,5.413871,Harlingen,Public - Membership Required,1
95177,Van der Valk Hotel Cuijk - Nijmegen,Tesla (Tesla-only charging),51.735582,5.847405,Cuijk,Public - Membership Required,2
95000,Shopping Centre De Drait ,Allego BV,53.0995767995957,6.07442128656658,Drachten ,Public,2
94744,Hyatt Place Amsterdam Airport,EV-Point,52.2934458880429,4.71207525901264,Hoofddorp,Public,4
94540,Conferentiecentrum Samaya,Tesla (Tesla-only charging),52.003186,5.255735,Werkhoven,"Private - For Staff, Visitors or Customers",2
94108,Camping Linda,Ecotap,51.5160306,4.00781740000002,Wemeldinge,Public,1
94107,Gasterij Schoudee,Ecotap,51.516529,4.01120270000001,Wemeldinge,Public - Membership Required,1
94031,Hotel Wapen Van Delden,Tesla (Tesla-only charging),52.259617,6.682393,Delden,"Private - For Staff, Visitors or Customers",2
94007,Radisson Blu Palace Hotel,Tesla (Tesla-only charging),52.241952,4.431662,Noordwijk,Public - Membership Required,1
93988,Amadore Hotel Restaurant de Kamperduinen,Tesla (Tesla-only charging),51.590083,3.664783,Kamperland,"Private - For Staff, Visitors or Customers",2
93977,Ushiem,Tesla (Tesla-only charging),52.989056,5.543616,Oudega,Public - Membership Required,2
93895,Restaurant De Kromme Watergang,(Business Owner at Location),51.3773242,3.6029031000000487,Hoofdplaat,Public - Notice Required,5
93749,Ecotap,Ecotap,51.8561502,4.2972181,Spijkenisse,Public - Membership Required,1
93095,Kalverdans 17,Allego BV,52.07405853,4.63905478,Boskoop,Public - Membership Required,1
93094,Parklaan 1 B,Allego BV,52.07606506,4.64681053,Boskoop,Public - Membership Required,1
93092,Raadhuisplein 1,Allego BV,52.0751915,4.65680504,Boskoop,Public - Membership Required,2
93001,Bierbrouwerij de Koningshoeven - Proeflokaal,Tesla (Tesla-only charging),51.542956,5.129958,,Public - Membership Required,2
92984,Olympia Charters Sloepenverhuur,Tesla (Tesla-only charging),52.189745,4.503932,,"Private - For Staff, Visitors or Customers",1
92556,Ramada the Hague - Scheveningen,Tesla (Tesla-only charging),52.113888,4.285957,Den Haag,Public - Notice Required,1
92511,Hotel/Restaurant Duinoord,Tesla (Tesla-only charging),51.586036,3.621077,Vrouwenpolder,"Private - For Staff, Visitors or Customers",1
92451,Amadore Hotel Restaurant Arion,Tesla (Tesla-only charging),51.446344,3.564244,Vlissingen,"Private - For Staff, Visitors or Customers",2
92383,"Max Planckstraat - Sterrenschool ""Het Universum""",(Unknown Operator),52.3590251572708,5.28448820114136,Almere,Public - Membership Required,1
91781,Designer Outlet Roermond,Tesla (Tesla-only charging),51.199222,5.988171,Roermond,Public - Membership Required,13
91767,J. M. De Muinck Keizerlaan 27,Shell Recharge Solutions (NL),52.116711,5.0844572,Utrecht ,Public,2
90760,Flevo Marina,(Unknown Operator),52.5504124146232,5.46084344387054,Lelystad ,Public - Pay At Location,1
90554,Nassaulaan 36,Shell Recharge Solutions (NL),52.2127278,5.27831930000002,Baarn,"Private - For Staff, Visitors or Customers",1
90311,Het Bosch @ the Waterfront,Tesla (Tesla-only charging),52.335616,4.848441,Amsterdam,Public - Notice Required,2
90203,Logement Aan de Vecht,Tesla (Tesla-only charging),52.157467,5.019031,Breukelen,"Private - For Staff, Visitors or Customers",2
88897,P-Havenpoort (’s Heer Lauwensdorp),Allego BV,51.6463230727093,3.92646601719661,Zierikzee,Public,2
88878,Hotel Ibis Tilburg,Tesla (Tesla-only charging),51.541908,5.050957,Tilburg,"Private - For Staff, Visitors or Customers",1
88809,Hof Van Vijfeijken,Tesla (Tesla-only charging),51.594902,5.280143,Boxtel,Public - Membership Required,1
87982,The Tire Station (Hotel),Tesla (Tesla-only charging),52.357282,4.855383,Amsterdam,"Private - For Staff, Visitors or Customers",1
87702,Hotel Tiel,Tesla (Tesla-only charging),51.899286,5.436147,Katwoude,Public - Membership Required,2
87448,"Fastned Fustweg, Haarlem",FastNed,52.385146930626,4.66171579766194,Haarlem,Public,2
87408,Lidl Bergen op Zoom,EVBox,51.4766021188438,4.29847700845947,Bergen op Zoom,Public,2
87402,Designer Outlet Roermond,EVBox,51.199222,5.988171,Roermond,Public - Membership Required,52
86138,Apeldoorn Supercharger,Tesla (Tesla-only charging),52.177652,5.912803,Ugchelen,Public - Membership Required,12
86109, P+R Parkeergarage NS-station Gouda,(Unknown Operator),52.0176944788978,4.70871448516846,Gouda,Public - Membership Required,4
85841,"MisterGreen, A4 richting Amsterdam, Leiderdorp",Allego BV,52.1601143233767,4.55392185819699, Leiderdorp,Public,3
85837,"Curacaostraat 91, Amsterdam",Nuon,52.3617221395221,4.85309267871252,Amsterdam,Public,2
85740,Rijksstraatweg 75,EVnetNL,51.98402175120854,4.395835495770264,Delfgauw,Public,2
85711,YES!Delft,(Unknown Operator),51.993348126445625,4.386129150787381,Delft,"Private - For Staff, Visitors or Customers",0
85710,Fastned Steelhoven A59 Noord Den Hout - Made,FastNed,51.6765163135713,4.82723190110528, Made,Public,2
85709,"Fastned Den Ruygen Hoek-West, A4",FastNed,52.2614410121857,4.6862626028892,Hoofddorp,Privately Owned - Notice Required,2
85607,Van der Valk Hotel Gilze Tilburg,Tesla (Tesla-only charging),51.552915,4.944677,Gilze,"Private - For Staff, Visitors or Customers",3
85536,Piet Zoomers Fashion Mall,Tesla (Tesla-only charging),52.219382,6.146307,Wilp,Public - Membership Required,2
85290,Van der Valk Hotel Ridderkerk,Tesla (Tesla-only charging),51.867531,4.55762,Ridderkerk,Public - Membership Required,3
84847,"B&B De Derde Ronde, Wemeldinge, Zeeland",(Business Owner at Location),51.5125577,3.9856777,Wemeldinge,"Private - For Staff, Visitors or Customers",2
84637,Fastned Labbegat A59 Zuid,FastNed,51.693630306109704,5.0134644397034,,Public,2
84597,Hoorn Supercharger,Tesla (Tesla-only charging),52.650769,5.038917,Hoorn,Public - Membership Required,12
84494,"Automotions Opel, Goes",Bilinmiyor,51.48417257883239,3.8781565767211346,Goes,Public,2
84493,"Automotions Volvo, Goes",(Business Owner at Location),51.4844403983243,3.87773653876184,Goes,Public,2
84492,Mitsubishi Goes,EVBox,51.486798817462514,3.8782800730164046,Goes,Public,2
84453,Hotel Van der Valk 'S-Hertogenbosch-Vught,Tesla (Tesla-only charging),51.67012,5.293447,Vught,"Private - For Staff, Visitors or Customers",2
84373,Allego Shell Hobbemakade Amsterdam,Allego BV,52.3497200185866,4.88584220409393,Amsterdam,Public,2
84347,"Overschiestraat 172, Amsterdam",Allego BV,52.3461067,4.83904469999993,Amsterdam,Public,6
84043,Restaurant Crijns,Tesla (Tesla-only charging),51.368976,5.23011,Bladel,"Private - For Staff, Visitors or Customers",1
84024,"BioBase Laadpunt, Terneuzen, ( naast SkiDome) ",Ecotap,51.2994380968455,3.85103570436855,Terneuzen,Public,2
82274,Hotel Brull,Tesla (Tesla-only charging),50.794876,5.921583,Mechelen,"Private - For Staff, Visitors or Customers",2
82229,Strandhotel,Tesla (Tesla-only charging),51.377801,3.386208,Cadzand-Bad,"Private - For Staff, Visitors or Customers",2
82171,Romantik Hotel Landgoed de Holtweijde,Tesla (Tesla-only charging),52.431124,6.961855,Lattrop-Breklenkamp,Public - Membership Required,2
82167,Hotel Restaurant de Echoput,Tesla (Tesla-only charging),52.233414,5.878242,Hoog Soeren,Public - Membership Required,2
82100,Hotel Schaepkens Van St Fijt,Tesla (Tesla-only charging),50.868763,5.835283,Valkenburg aan de Geul,Public - Membership Required,2
82047,Landal Kasteeldomein de Cauberg,Tesla (Tesla-only charging),50.85975,5.823513,Valkenburg aan de Geul,Public - Membership Required,2
81777,Hotel Gulpenerland,Tesla (Tesla-only charging),50.815947,5.902148,Gulpen,"Private - For Staff, Visitors or Customers",2
81774,Van der Valk Hotel Volendam,Tesla (Tesla-only charging),52.488272,5.033532,Katwoude,"Private - For Staff, Visitors or Customers",2
81743,Van der Valk Hotel Haarlem,Tesla (Tesla-only charging),52.368898,4.647904,Haarlem,"Private - For Staff, Visitors or Customers",4
81725,Mercure Hotel Tilburg | Parkeergarage Heuvelpoort,Tesla (Tesla-only charging),51.557015,5.090869,Tilburg,Public - Membership Required,2
80039,Restaurant Monarh,Tesla (Tesla-only charging),51.555617,5.06969,Tilburg,"Private - For Staff, Visitors or Customers",1
79301,Tesla Supercharger Dordrecht,Tesla (Tesla-only charging),51.774411,4.653324,Dordrecht,Public - Membership Required,16
79223,Hilton Rotterdam,Tesla (Tesla-only charging),51.923506,4.47707,Rotterdam,Public - Membership Required,1
77625,Saman Groep Parking,EVBox,51.6455892,3.937453699999992,Zierikzee,"Private - For Staff, Visitors or Customers",4
77493,Intratuin Halsteren ,Ecotap,51.515850286209954,4.279001529113771,Halsteren,Public,6
77491,"Lidl, Halsteren",Lidl,51.5288615,4.27874489999999,Halsteren,Public,2
77273,Heyhoef parkeergarage,(Unknown Operator),51.5775030346264,5.00251368292084,Tilburg,Public,2
75325,"Restaurant, Hotel & Spa Savarin",Tesla (Tesla-only charging),52.048317,4.350055,Rijswijk,"Private - For Staff, Visitors or Customers",2
75311,Park Hotel Amsterdam,Tesla (Tesla-only charging),52.361587,4.883425,Amsterdam,"Private - For Staff, Visitors or Customers",2
75293,Bilderberg Landgoed Lauswolt,Tesla (Tesla-only charging),53.058133,6.091141,Beesterzwaag,"Private - For Staff, Visitors or Customers",2
75282,De Hoefslag,Tesla (Tesla-only charging),52.12404,5.246345,Bosch en Duin,"Private - For Staff, Visitors or Customers",2
75280,Grand Hotel Huis Ter Duin,Tesla (Tesla-only charging),52.241193,4.429914,Noordwijk,"Private - For Staff, Visitors or Customers",1
75244,Restaurant de Landbouw,Tesla (Tesla-only charging),52.102594,4.364455,Wassenaar,"Private - For Staff, Visitors or Customers",1
75193,Mövenpick Hotel 'S-Hertogenbosch,Tesla (Tesla-only charging),51.676896,5.332564,s-Hertogenbosch,"Private - For Staff, Visitors or Customers",2
75171,Hotel Greenside - Restaurant Wambinge,Tesla (Tesla-only charging),53.099198,4.767078,De Koog,"Private - For Staff, Visitors or Customers",1
75044,Worldhotel Wings,Tesla (Tesla-only charging),51.947716,4.436052,Rotterdam,"Private - For Staff, Visitors or Customers",2
75028,Tesla Supercharger Drachten,Tesla (Tesla-only charging),53.105883,6.129539,Drachten,Public - Membership Required,12
75025,Hotel Pullman Eindhoven Cocagne,Tesla (Tesla-only charging),51.438898,5.482512,Eindhoven,Public - Membership Required,2
74994,Van der Valk Hotel Wolvega,Tesla (Tesla-only charging),52.880449,6.021003,Wolvega,"Private - For Staff, Visitors or Customers",2
74979,Fastned Maatveld,FastNed,51.96787562596961,4.589078075518738,Nieuwerkerk aan den IJssel,Public,6
74978,Fastned De Vink,FastNed,51.9660677656942,4.58884119987488,Nieuwerkerk aan den IJssel,Public,6
74874, Fastned ten Bosch,FastNed,52.0987683246335,4.34650897979736,Den Haag,Public,2
74873,Fastned Laan van Meerdervoort,FastNed,52.06139632516377,4.228057265281677,Den Haag,Public,2
74808,Binnenkadijk,Nuon,52.36969062924485,4.912484639881072,Amsterdam,Public,2
74807,"Entrepotdok 40, Amsterdam",Nuon,52.3687131,4.914603800000009,Amsterdam,Public,2
74803,Kruisherenhotel Maastricht,Tesla (Tesla-only charging),50.848764,5.683589,Maastricht,"Private - For Staff, Visitors or Customers",1
74793,Conscious Hotel Vondelpark,Tesla (Tesla-only charging),52.357784,4.856549,Amsterdam,Public - Membership Required,2
74327,Agrimarkt Goes,Ecotap,51.4979188853102,3.88564485714723,Goes,Public,6
74204,CZAV Wemeldinge,Ecotap,51.50949275917492,4.005841500663809,Wemeldinge,Public,4
73567,Keizersgracht 200,Bilinmiyor,52.3737665,4.8846077000000605,Amsterdam,Public,2
73301,Parkeergarage Paleiskwartier,e-Laad,51.6893525,5.28978660000007,'s Hertogenbosch,Public,28
73300,Parkeergarage St Jan,EVBox,51.68554,5.314269299999978,'s Hertogenbosch,Public,8
73080,"Paul Krugerstraat 9, Vlissingen",EVBox,51.4492665,3.5725887999999486,Vlissingen,Public,2
72552,Gezondheids Centrum Scheemda,(Unknown Operator),53.1745635366044,6.97011646971077,Scheemda,Public,2
72547,EV-Box EVB-P1608444,EVBox,51.8400776365621,5.86221385918272,Nimega,Public - Membership Required,2
72540,www.eltveghel.com,(Unknown Operator),51.606130790241,5.53359031677246,Veghel,Public - Notice Required,2
72476,"Pauwenpad, Amsterdam",EVBox,52.34941949942166,4.9170334878356226,Amsterdam,Public,3
71824,Bedumerschans / Heerlerschans,Allego BV,52.019180066177356,5.093927979469299,Nieuwegein,Public,2
71777,Parkeergarage Maasziekenhuis Pantein,(Unknown Operator),51.6629064879811,5.94003081321716,Beugen,Public,4
70930,"Admiraal De Ruyter Ziekenhuis, Goes",Ecotap,51.48510963974026,3.905984672213769,Goes,Public,4
70892,"Houttuinen 31, Dordrecht",(Private Residence/Individual),51.8148813554362,4.66173759140168,Dordrecht,Public,3
70781,"Parkeergarage Centrum, Westwal 35, Goes",Ecotap,51.5035552,3.88698020000004,Goes,Public,6
70780,Bornholmstraat,(Business Owner at Location),53.2120403319232,6.59386227470088,Groningen,Public,1
70718,Parking Stationspark Goes,EVnetNL,51.4981160585635,3.89731689422605,Goes,Public,2
70717,Nieuwe Jachthaven Brouwershaven,Allego BV,51.7275339704289,3.91334514564664,Brouwershaven,Public,2
70137,Reith Elektrotechniek ,(Unknown Operator),52.1294785298222,6.63031282707379,Neede,Public,1
70035,Sperwerlaan,Allego BV,52.0206127858415,5.07083415985107,Nieuwegein,Public - Pay At Location,2
68985,Schakelstede 169,Allego BV,52.0275722,5.0830196,Nieuwegein,Public - Membership Required,2
68982,Fastned Swentibold,FastNed,51.010946624807275,5.800352096557617,Geleen,Public - Membership Required,2
68650,Decathlon Arnhem,Blue Corner (Belgium),51.96262695329827,5.90065598487854,Arnhem,Public - Membership Required,3
68501,McDonalds Bergen op Zoom,(Business Owner at Location),51.48669049630196,4.278136709717515,Bergen op Zoom,Public,1
68314,Hippolytuslaan 2H,Shell Recharge Solutions (BE),53.3472897,6.6477931,Loppersum,Bilinmiyor,1
68313,Piet Heinstraat 38,Shell Recharge Solutions (BE),53.3271262,6.9178201,Delfzijl,Bilinmiyor,1
68312,Fivelpoort 1,Shell Recharge Solutions (BE),53.3031488,6.856694,Appingedam,Bilinmiyor,1
68311,Duinweg 9,Shell Recharge Solutions (BE),53.2976629,5.0733724,Vlieland,Bilinmiyor,1
68309,Van Oldenbarneveltlaan 123,Allego BV,53.2331276,6.55981951,Groningen,Bilinmiyor,1
68308,Damsterdiep 204,Allego BV,53.22265344,6.5888392,Groningen,Bilinmiyor,1
68307,Molenstraat 34g,Allego BV,53.20211,5.78479,Leeuwarden,Bilinmiyor,1
68306,Coendersweg 1a-4,Allego BV,53.201889,6.58155385,Groningen,Bilinmiyor,1
68305,Verlengde Hereweg 20,Allego BV,53.20008553,6.57871517,Groningen,Bilinmiyor,1
68304,G.J. Boekhovenstraat 2-aa,Allego BV,53.1916928,6.5570241,Groningen,Bilinmiyor,1
68303,Gorterlaan 66,Allego BV,53.18737103,6.57726375,Groningen,Bilinmiyor,1
68302,De Wijmerts 6,EVBox,53.18512,5.82704,Leeuwarden,Bilinmiyor,1
68301,Ublingaplantage,Allego BV,53.17800378,5.82187926,Leeuwarden,Bilinmiyor,1
68300,Weidebloemenweg 12,Shell Recharge Solutions (BE),53.1299013964644,6.40546917915344,Noordenveld,Bilinmiyor,1
68299,Stuifweg,Shell Recharge Solutions (BE),53.1149037,4.8970803,Texel,Bilinmiyor,1
68298,De Feart 1,Ecotap,53.105105,6.13943,Opsterland,Bilinmiyor,2
68297,Zonnedauw 7,EVBox,53.10353,6.12546,Smallingerland,Bilinmiyor,1
68296,De Tsjalk 15,Allego BV,53.08982065,5.83666591,Leeuwarden,Bilinmiyor,1
68295,Arlo 23,Shell Recharge Solutions (BE),53.0736608,6.6193405,Tynaarlo,Bilinmiyor,1
68294,Ra'anana 10,EVBox,53.00056,6.07146,Opsterland,Bilinmiyor,1
68293,Bloksleat,EVBox,52.99305,5.75287,De Fryske Marren,Bilinmiyor,1
68292,Stadsbroek,Bilinmiyor,52.98438,6.541,Assen,Bilinmiyor,1
68291,Hoogveen 13,EVBox,52.98055,6.96532,Stadskanaal,Bilinmiyor,1
68290,K R Poststraat 91-1,EVBox,52.96386,5.92772,Heerenveen,Bilinmiyor,1
68289,Markehof 4,Shell Recharge Solutions (BE),52.7987156,6.089696,Steenwijkerland,Bilinmiyor,1
68288,Marktplein 15,EVBox,52.78446,6.89151,Emmen,Bilinmiyor,1
68287,Ruigeweg 49,EVBox,52.7801,4.71061,Schagen,Bilinmiyor,1
68286,Achterom 24,Allego BV,52.77156482,5.10563085,Medemblik,Bilinmiyor,1
68285,Chromiumweg 7,EVBox,52.7707,6.89964,Amersfoort,Bilinmiyor,1
68284,Weereweg 15,EVBox,52.76749,4.88552,Hollands Kroon,Bilinmiyor,1
68283,Leliestraat 2,EVBox,52.72654,5.64235,Noordoostpolder,Bilinmiyor,1
68282,Heereweg 305,Nuon,52.722056,4.663813,Bergen (NH),Bilinmiyor,1
68281,Geerling 37,EVBox,52.71104,5.21789,Stede Broec,Bilinmiyor,1
68280,Klaproos 1,Nuon,52.706318,4.94458,Opmeer,Bilinmiyor,1
68279,Sportlaan 1,Nuon,52.704105,4.693015,Bergen (NH),Bilinmiyor,1
68278,Jan Tooroplaan 2,EVBox,52.69096,6.17831,Meppel,Bilinmiyor,1
68277,Jan Steenstraat 22,EVBox,52.68307,6.18068,Meppel,Bilinmiyor,1
68276,Zakedijkje 38C,Nuon,52.668726,4.719739,Bergen (NH),Bilinmiyor,1
68275,Sint Antoniusstraat 45,Shell Recharge Solutions (BE),52.6655688,4.7031462,Bergen (NH),Bilinmiyor,1
68274,Benonilaan 30,EVBox,52.66267,5.08291,Hoorn,Bilinmiyor,1
68273,Zeeweg 42,Nuon,52.660409,4.630658,Bergen (NH),Bilinmiyor,1
68272,H.G. Zwerusstraat 3,Ecotap,52.64354,6.220173,Staphorst,Bilinmiyor,2
68271,Wethouder Wassebaliestraat 6,Ecotap,52.627415,6.208203,Staphorst,Bilinmiyor,2
68270,Prinses Beatrixlaan 55,Nuon,52.624336,4.657131,Bergen (NH),Bilinmiyor,1
68269,Lamoraalweg 55,Allego BV,52.6202,4.65629,Bergen (NH),Bilinmiyor,1
68267,Noordervaart 46,EVBox,52.60693,4.83998,Alkmaar,Bilinmiyor,1
68266,Kerkplein 3,Nuon,52.594534,4.654664,Bergen (NH),Bilinmiyor,1
68265,Raiffeisenstraat 2,Shell Recharge Solutions (BE),52.5879213,6.283228,Dalfsen,Bilinmiyor,1
68264,Het Kamp,EVBox,52.53309,5.72442,Dronten,Bilinmiyor,1
68263,Flevostraat,EVBox,52.51833,4.97342,Purmerend,Bilinmiyor,1
68262,Wieringenlaan 34,Nuon,52.510125,5.075247,Edam-Volendam,Bilinmiyor,1
68260,Hendric Dirckszstraat 3,Shell Recharge Solutions (BE),52.50552,5.04802489999997,Edam-Volendam,Bilinmiyor,1
68259,Fien de la Marlaan 17,EVBox,52.48446,4.67931,Beverwijk,Bilinmiyor,1
68258,De Wildeman,Allego BV,52.4607,4.79448,Zaanstad,Bilinmiyor,1
68257,Kopermolenstraat 61A,Allego BV,52.449483,4.826615,Zaanstad,Bilinmiyor,1
68256,Zuiderzeestraatweg 107,Shell Recharge Solutions (BE),52.4464434415651,5.89521244841001,Oldebroek,Bilinmiyor,2
68255,Pieter Lakplantsoen 29,Allego BV,52.44476,4.83113,Zaanstad,Bilinmiyor,1
68254,Caro van Eyckstraat,Nuon,52.444598,4.800292,Zaanstad,Bilinmiyor,1
68253,Westzanerdijk,Allego BV,52.4344855,4.8107194,Zaanstad,Bilinmiyor,1
68252,Dinkgrevelaan,EVBox,52.43025,4.64143,Velsen,Bilinmiyor,1
68251,Rijshoutweg 25,EVBox,52.42285,4.84843,Zaanstad,Bilinmiyor,1
68250,Oostzanerdijk 22,Nuon,52.416255,4.897347,Amsterdam,Bilinmiyor,1
68249,Kadoelenweg 169H,Nuon,52.414955,4.907609,Amsterdam,Bilinmiyor,1
68248,Westhavenweg 45,EVBox,52.40491,4.83475,Amsterdam,Bilinmiyor,1
68247,Pegasusstraat 61,Shell Recharge Solutions (BE),52.4039789,4.64154619999999,Haarlem,Bilinmiyor,1
68246,H. Cleyndertweg 447,Nuon,52.403583,4.938367,Amsterdam,Bilinmiyor,1
68245,Galwin,EVBox,52.39684,4.79959,Amsterdam,Bilinmiyor,1
68244,Zekeringstraat 7B,EVBox,52.39602,4.85336,Amsterdam,Bilinmiyor,1
68243,Kabelweg 51,Nuon,52.394112,4.846907,Amsterdam,Bilinmiyor,1
68242,Asterweg 103,EVBox,52.39294,4.90185,Amsterdam,Bilinmiyor,1
68241,Basisweg 35,Nuon,52.391262,4.830831,Amsterdam,Bilinmiyor,1
68240,Nieuwendammerkade 28A-14,Nuon,52.390449,4.935603,Amsterdam,Bilinmiyor,1
68239,Werengouw 55,Nuon,52.390378,4.954974,Amsterdam,Bilinmiyor,1
68238,Rhôneweg 34,Nuon,52.390196,4.826021,Amsterdam,Bilinmiyor,1
68237,Frans Halsweg 4,Allego BV,52.385723,5.25358,Almere,Bilinmiyor,1
68236,Edelhertweg 67,EVBox,52.38526,5.2751,Almere,Bilinmiyor,1
68235,Bickersgracht 1,Nuon,52.384362,4.888415,Amsterdam,Bilinmiyor,1
68234,Jacob van Ruysdaelstraat 120,Allego BV,52.38379177,5.25664071,Almere,Bilinmiyor,1
68233,De Wittenkade 91-3,Nuon,52.383271,4.877731,Amsterdam,Bilinmiyor,1
68232,Kerkekampstraat 12,EVBox,52.38314,6.44927,Hellendoorn,Bilinmiyor,1
68231,Marga Klompélaan 50,Nuon,52.379596,4.791596,Amsterdam,Bilinmiyor,1
68230,Dennenlaan 14,Nuon,52.379488,4.751577,Haarlemmermeer,Bilinmiyor,1
68229,Midswaard 52,Nuon,52.377643,4.731651,Haarlemmermeer,Bilinmiyor,1
68228,Blancefloorstraat 2-1,Nuon,52.377095,4.855724,Amsterdam,Bilinmiyor,1
68227,Bakhuijs Roozeboomlaan 26,Shell Recharge Solutions (BE),52.3763216,6.6982289,Almelo,Bilinmiyor,1
68226,Marcantilaan 489,Nuon,52.374609,4.866976,Amsterdam,Bilinmiyor,1
68225,Geuzenkade 58-1,Nuon,52.373535,4.86464,Amsterdam,Bilinmiyor,1
68224,Senecastraat 21,Nuon,52.3734,4.813206,Amsterdam,Bilinmiyor,1
68223,Admiraal de Ruijterweg 123-1,Nuon,52.373046,4.858978,Amsterdam,Bilinmiyor,1
68222,John Franklinstraat 76-3,Nuon,52.372803,4.853719,Amsterdam,Bilinmiyor,1
68221,Faas Wilkesstraat 102,Nuon,52.372503,4.969192,Amsterdam,Bilinmiyor,1
68220,Klarinetstraat 68,Allego BV,52.37154876,5.18623192,Almere,Bilinmiyor,1
68219,Dorpsbleek 28,Shell Recharge Solutions (BE),52.3708844,6.6024597,Wierden,Bilinmiyor,1
68218,Wim Kanplein 1,Allego BV,52.370361,5.17969978,Almere,Bilinmiyor,1
68217,Van Spilbergenstraat 160-1,Nuon,52.368713,4.85088,Amsterdam,Bilinmiyor,1
68216,Prins Mauritsstraat 8,Shell Recharge Solutions (BE),52.3671211,6.45892670000001,Hellendoorn,Bilinmiyor,1
68215,Hemsterhuisstraat 44,Nuon,52.361399,4.822978,Amsterdam,Bilinmiyor,1
68214,James Bradleystraat 21,Nuon,52.359908,4.98025,Amsterdam,Bilinmiyor,1
68213,Bonistraat 14,Nuon,52.359053,4.935425,Amsterdam,Bilinmiyor,1
68212,Erich Salomonstraat 64,Nuon,52.35889,4.993291,Amsterdam,Bilinmiyor,1
68211,Van Mourik Broekmanstraat 103,Nuon,52.357198,4.821633,Amsterdam,Bilinmiyor,1
68210,Vennepluimstraat 6,Nuon,52.356689,4.989679,Amsterdam,Bilinmiyor,1
68209,Tourniairestraat 1,Nuon,52.355798,4.824988,Amsterdam,Bilinmiyor,1
68208,Herenweg 117,Bilinmiyor,52.35578,4.61319,Heemstede,Bilinmiyor,1
68207,Langswater 268,Nuon,52.355501,4.789584,Amsterdam,Bilinmiyor,1
68206,Iskurstraat 12,Allego BV,52.35497275,5.1611408,Almere,Bilinmiyor,1
68205,Lumièrestraat 93,Nuon,52.354814,5.002253,Amsterdam,Bilinmiyor,1
68204,President Brandstraat 110,Nuon,52.354247,4.917177,Amsterdam,Bilinmiyor,1
68203,M. Gandhilaan 113,Nuon,52.354151,4.779016,Amsterdam,Bilinmiyor,1
68202,Zwanebloemlaan 308,Nuon,52.351999,4.998771,Amsterdam,Bilinmiyor,1
68201,Willem Bartjenshof 7,Nuon,52.351926,4.805209,Amsterdam,Bilinmiyor,1
68200,Eduard Hellendoornstraat,Nuon,52.35166,4.784584,Amsterdam,Bilinmiyor,1
68199,Nobelweg 2,Nuon,52.35068,4.923835,Amsterdam,Bilinmiyor,1
68198,Ottho Heldringstraat 37A,Nuon,52.34837,4.832403,Amsterdam,Bilinmiyor,1
68197,Eva Besnyöstraat 372,Nuon,52.347996,5.011488,Amsterdam,Bilinmiyor,1
68196,Einsteinweg,EVBox,52.34751,4.84037,Amsterdam,Bilinmiyor,1
68195,Berlaarstraat 387,Nuon,52.34538,4.800753,Amsterdam,Bilinmiyor,1
68194,Lekstraat 5-1,Nuon,52.345324,4.908478,Amsterdam,Bilinmiyor,1
68193,President Kennedylaan 218B,Nuon,52.340974,4.898141,Amsterdam,Bilinmiyor,1
68192,President Kennedylaan 190,Nuon,52.340611,4.903745,Amsterdam,Bilinmiyor,1
68191,Toevluchtstraat 51,Nuon,52.339178,4.78849,Haarlemmermeer,Bilinmiyor,1
68190,Holy 2,Nuon,52.332832,4.882153,Amsterdam,Bilinmiyor,1
68189,Doddendaal 90,Nuon,52.332382,4.874845,Amsterdam,Bilinmiyor,1
68188,Waddenland 25,Nuon,52.332205,4.938159,Duivendrecht,Bilinmiyor,1
68187,Fokkerstraat 20,Nuon,52.331893,4.78126,Haarlemmermeer,Bilinmiyor,1
68186,Stammerkamp 9,Nuon,52.3304904,4.9857368,Diemen,Bilinmiyor,1
68185,Broekerheide,EVBox,52.32924,6.64915,Almelo,Bilinmiyor,1
68184,Van Nijenrodeweg 432,Nuon,52.327739,4.877177,Amsterdam,Bilinmiyor,1
68183,Charlotte Brontéstraat 46,Nuon,52.324284,4.945047,Amsterdam,Bilinmiyor,1
68182,Schipholweg,EVBox,52.32409,4.78924,Haarlemmermeer,Bilinmiyor,1
68181,Simonszand 52,Nuon,52.323178,4.650442,Haarlemmermeer,Bilinmiyor,1
68180,Edith Magnusstraat 31,EVBox,52.32135,4.96083,Amsterdam,Bilinmiyor,1
68179,Noordermorssingel,EVBox,52.3195,6.51206,Rijssen-Holten,Bilinmiyor,1
68178,Nijverdalseweg 141,EVBox,52.31948,6.50111,Rijssen-Holten,Bilinmiyor,1
68177,Zuidtangent,EVBox,52.31846,4.77419,Haarlemmermeer,Bilinmiyor,1
68176,Hogelandstraat 8,EVBox,52.31652,6.93952,Oldenzaal,Bilinmiyor,1
68175,Oksholm 155,Nuon,52.31399,4.666153,Haarlemmermeer,Bilinmiyor,1
68174,Krombekstraat 65,Nuon,52.312498,4.97909,Amsterdam,Bilinmiyor,1
68173,Zandbos 159,Nuon,52.312248,4.649853,Haarlemmermeer,Bilinmiyor,1
68172,Van der Hoochlaan 23,Allego BV,52.3122288,4.8546713,Amstelveen,Bilinmiyor,1
68171,De Giezen 26,Allego BV,52.30930472,6.5220937,Rijssen-Holten,Bilinmiyor,1
68170,Fanny Blankers-Koenlaan 56,Allego BV,52.30872224,4.881888,Amstelveen,Bilinmiyor,1
68169,Hogehilweg 4,EVBox,52.30781,4.94633,Amsterdam,Bilinmiyor,1
68168,Wijtvliet 12,Nuon,52.307592,4.632512,Haarlemmermeer,Bilinmiyor,1
68167,Dussenstraat 42,Nuon,52.305543,4.639028,Haarlemmermeer,Bilinmiyor,1
68166,Wilsonstraat 217,Nuon,52.30502,4.680945,Haarlemmermeer,Bilinmiyor,1
68165,Fanny Blankers-Koenlaan 352,Nuon,52.304541,4.645874,Haarlemmermeer,Bilinmiyor,1
68164,Schoutenhof 43,Nuon,52.302751,4.634193,Haarlemmermeer,Bilinmiyor,1
68163,Wamelstraat 3,Nuon,52.301109,4.986798,Amsterdam,Bilinmiyor,1
68162,Rigestanplein 49,Nuon,52.300344,4.638397,Haarlemmermeer,Bilinmiyor,1
68161,Markt,Allego BV,52.30021,5.618086,Ermelo,Bilinmiyor,1
68160,Rondenburglaan,Nuon,52.299889,4.658184,Haarlemmermeer,Bilinmiyor,1
68159,Oberonstraat 21,Allego BV,52.29984856,4.8772051,Amstelveen,Bilinmiyor,1
68158,Hendrik Hosstraat 48,Nuon,52.29955,4.997398,Amsterdam,Bilinmiyor,1
68157,Abraham Rademakerstraat 13,Nuon,52.299258,4.914441,Ouder-Amstel,Bilinmiyor,1
68156,Maria Rutgerslaan 137,Nuon,52.298084,4.662193,Haarlemmermeer,Bilinmiyor,1
68155,Reijgershof 49,Nuon,52.297479,4.912034,Ouder-Amstel,Bilinmiyor,1
68154,Vestingwerken 1I-1,Nuon,52.296719,5.160079,Gooise Meren,Bilinmiyor,1
68153,Twickelerblokweg 10a,EVBox,52.29552,6.73515,Borne,Bilinmiyor,1
68152,Wilhelminalaan 91,EVBox,52.29543,4.56624,Hillegom,Bilinmiyor,1
68151,Adriaan Dortsmanplein,Allego BV,52.294933,5.1643752,Gooise Meren,Bilinmiyor,1
68150,Bierdijk,Nuon,52.293526,4.993384,Hollands Kroon,Bilinmiyor,1
68149,Maarten Lutherweg 142,Allego BV,52.2930857,4.8631728,Amstelveen,Bilinmiyor,1
68148,Klaproos 39,Allego BV,52.29290141,4.90485987,Ouder-Amstel,Bilinmiyor,1
68147,Graan voor Visch 15801,Nuon,52.292759,4.691445,Haarlemmermeer,Bilinmiyor,1
68146,Wethouder Ramstraat 24,Nuon,52.292598,4.990334,Amsterdam,Bilinmiyor,1
68145,Wethouder Driessenstraat 116,Nuon,52.291346,4.985423,Amsterdam,Bilinmiyor,1
68144,Aagje Dekenlaan 51,Allego BV,52.290793,4.83358,Amstelveen,Bilinmiyor,1
68143,Groenendaal 29,Allego BV,52.2868631,4.826893,Amstelveen,Bilinmiyor,1
68142,Demmersweg 3-13,EVBox,52.28265,6.77986,Hengelo,Bilinmiyor,1
68141,Pletterij 2,Bilinmiyor,52.282128,4.838218,Amstelveen,Bilinmiyor,2
68140,Turfschip 90B,Allego BV,52.28088458,4.866983,Amstelveen,Bilinmiyor,1
68139,Tupolevlaan,EVBox,52.28037,4.75436,Schiphol-Rijk,Bilinmiyor,1
68138,Zwarteweg 55,EVBox,52.279,5.14948,Gooise Meren,Bilinmiyor,1
68137,Schoener 110,Allego BV,52.2770304,4.855932,Amstelveen,Bilinmiyor,1
68136,Stuwdam 13,Allego BV,52.2766699,4.866314,Amstelveen,Bilinmiyor,1
68135,Heideveld 13,Nuon,52.264935,4.609637,Haarlemmermeer,Bilinmiyor,1
68134,Andellaan 5,Nuon,52.257138,4.489682,Noordwijkerhout,Bilinmiyor,1
68133,Cotoneaster,EVBox,52.25554,4.78842,Uithoorn,Bilinmiyor,1
68132,Grote Kerkhof 1,Ecotap,52.251776,6.156034,Deventer,Bilinmiyor,2
68131,Diamantstraat 3,EVBox,52.24271,6.76719,Hengelo,Bilinmiyor,1
68130,Koningin Astrid Boulevard 5,EVBox,52.24127,4.42792,Noordwijk,Bilinmiyor,1
68129,Steenbokstraat,EVBox,52.23807,5.97914,Apeldoorn,Bilinmiyor,1
68128,Korfstraat 110,Allego BV,52.2362735,4.7612441,Aalsmeer,Bilinmiyor,1
68127,Kamerlingh Onnesstraat 52,EVBox,52.23427,5.96962,Apeldoorn,Bilinmiyor,1
68126,Herenweg 206,Allego BV,52.21991866,4.9328517,De Ronde Venen,Bilinmiyor,1
68125,Westkreek 35,EVBox,52.21593,6.00916,Apeldoorn,Bilinmiyor,1
68124,Dodaarslaan 67,Allego BV,52.215437,4.92196631,De Ronde Venen,Bilinmiyor,1
68123,Brinkzicht 12,EVBox,52.21326,5.29158,Baarn,Bilinmiyor,1
68122,Tenderlaan 48,EVBox,52.20853,5.96131,Apeldoorn,Bilinmiyor,1
68121,Korenbloem 82,Allego BV,52.20717702,4.85186473,De Ronde Venen,Bilinmiyor,1
68120,Markestraat 60,Allego BV,52.20672,4.85636,De Ronde Venen,Bilinmiyor,1
68119,Christiaan Geurtsweg 6,EVBox,52.20583,5.95696,Apeldoorn,Bilinmiyor,1
68118,Nijverheidsweg 25,EVBox,52.20492,4.87573,De Ronde Venen,Bilinmiyor,1
68117,Nijverheidsweg 1,EVBox,52.2046,4.87193,De Ronde Venen,Bilinmiyor,1
68116,Industrieweg 8,EVBox,52.20456,6.52234,Hof van Twente,Bilinmiyor,1
68115,Synthese 20,Allego BV,52.20282892,4.41710706,Katwijk,Bilinmiyor,1
68114,Goorseweg,EVBox,52.20004,6.55928,Hof van Twente,Bilinmiyor,1
68113,Hazeweg 1,Allego BV,52.19539935,4.75214283,Nieuwkoop,Bilinmiyor,1
68112,Heideweg 53A,EVBox,52.18874,5.42367,Amersfoort,Bilinmiyor,1
68111,Asterstraat 45,Allego BV,52.18609241,4.42328336,Katwijk,Bilinmiyor,1
68110,Triangelstraat 46,EVBox,52.18449,5.40415,Amersfoort,Bilinmiyor,1
68109,Cosmeaduin 17,Allego BV,52.18175864,4.50833837,Leiden,Bilinmiyor,1
68108,Lijsterbes 23,Allego BV,52.17827558,4.49926233,Leiden,Bilinmiyor,1
68107,Hoofdstraat 77,EVBox,52.17792,4.43672,Katwijk,Bilinmiyor,1
68106,Nijverheidsweg 9,EVBox,52.17611,5.28062,Soest,Bilinmiyor,1
68105,Zijldonk 51,Allego BV,52.17311459,4.51081483,Leiden,Bilinmiyor,1
68104,Verbeekstraat 8,Allego BV,52.16414042,4.46280717,Leiden,Bilinmiyor,1
68103,Harselaarseweg 59,EVBox,52.16289,5.58762,Barneveld,Bilinmiyor,1
68102,Oostzeestraat 1a,EVBox,52.15914,6.20272,Zutphen,Bilinmiyor,1
68101,De Genestetstraat 73,Allego BV,52.15666374,4.4763879,Leiden,Bilinmiyor,1
68100,Stoelmatter 150,Allego BV,52.1562271,4.6529875,Alphen aan den Rijn,Bilinmiyor,1
68099,Rijndijkstraat 1,Allego BV,52.15493917,4.51056272,Leiden,Bilinmiyor,1
68098,Sint Jacobsgracht 1,Allego BV,52.15485933,4.48944385,Leiden,Bilinmiyor,1
68097,Blaasbalg 41,Allego BV,52.15228975,4.76768592,Nieuwkoop,Bilinmiyor,1
68096,Haagweg 243,Allego BV,52.15157147,4.46527446,Leiden,Bilinmiyor,1
68095,Cornelie van Zantenstraat 1,Allego BV,52.15152789,4.444849,Leiden,Bilinmiyor,1
68094,Hoflaan 84,Allego BV,52.15018061,4.47988815,Leiden,Bilinmiyor,1
68093,Regentesselaan 2A,Shell Recharge Solutions (BE),52.149948,5.3739966,Amersfoort,Bilinmiyor,1
68092,Tjaskerstraat 9,EVBox,52.14988,5.66843,Barneveld,Bilinmiyor,1
68091,Hessenweg 151,EVBox,52.14665,5.45547,Leusden,Bilinmiyor,1
68090,Verdistraat 15,Allego BV,52.14602143,4.77104992,Nieuwkoop,Bilinmiyor,1
68089,Erf 10,EVBox,52.14061,5.60566,Barneveld,Bilinmiyor,1
68088,Juweelstraat 83,Allego BV,52.14001591,4.67527787,Alphen aan den Rijn,Bilinmiyor,1
68087,Prinses Marielaan 10,EVBox,52.13926,4.40167,Wassenaar,Bilinmiyor,1
68086,'t Spiker 81,Allego BV,52.1375595,6.22098243,Zutphen,Bilinmiyor,1
68085,Chopinlaan,Allego BV,52.129868,4.59209579,Alphen aan den Rijn,Bilinmiyor,1
68084,Marnixstraat 17,Allego BV,52.12864,4.672289,Alphen aan den Rijn,Bilinmiyor,1
68083,Op Buurenplein 3,EVBox,52.12646,5.0555,Stichtse Vecht,Bilinmiyor,1
68082,Klopdijk,Nuon,52.121582,5.09226,Utrecht,Bilinmiyor,1
68081,Evenaar 232,Allego BV,52.1214981,4.64989079,Alphen aan den Rijn,Bilinmiyor,1
68080,Ter Lips 141,EVBox,52.11536,4.44188,Voorschoten,Bilinmiyor,1
68079,Ariadnedreef 2,Nuon,52.114573,5.131981,Utrecht,Bilinmiyor,1
68078,Rembrandtlaan 70,Nuon,52.111369,5.015394,Utrecht,Bilinmiyor,1
68077,Ananasstraat 32,Nuon,52.109341,5.102455,Utrecht,Bilinmiyor,1
68076,Atoomweg 52,EVBox,52.10775,5.06958,Utrecht,Bilinmiyor,1
68075,Adriaen Beyerkade 20,Nuon,52.105315,5.121636,Utrecht,Bilinmiyor,1
68074,Kerkdwarslaan 21,Allego BV,52.104795,5.170843,De Bilt,Bilinmiyor,1
68073,Samuel van Houtenstraat 500,Nuon,52.104101,5.115798,Utrecht,Bilinmiyor,1
68072,Burgemeester Smitsstraat 11,Allego BV,52.10273,6.64483,Berkelland,Bilinmiyor,1
68071,Edmond Audranstraat 74,Nuon,52.101844,5.034863,Utrecht,Bilinmiyor,1
68070,Fregatstraat 101,Nuon,52.098898,5.081631,Utrecht,Bilinmiyor,1
68069,2e Daalsedijk 8V,EVBox,52.09813,5.10029,Utrecht,Bilinmiyor,1
68068,Van Asch van Wijckskade,Nuon,52.096312,5.121199,Utrecht,Bilinmiyor,1
68067,Carel Fabritiusplantsoen 22,Allego BV,52.09556643,4.58065774,Alphen aan den Rijn,Bilinmiyor,1
68066,Kleine Slachtstraat 3,Nuon,52.094337,5.119756,Utrecht,Bilinmiyor,1
68065,Romeinse weg,Nuon,52.091188,4.996366,Utrecht,Bilinmiyor,1
68064,Mierikswortelstraat 150A,Nuon,52.091003,5.06184,Utrecht,Bilinmiyor,1
68063,Hongarenburg 117,Ecotap,52.089883,4.360722,Den Haag,Bilinmiyor,2
68062,Duivelandsestraat,Alfen,52.087008,4.253981,Den Haag,Bilinmiyor,1
68061,Groot Hertoginnelaan 8B,Alfen,52.084583,4.290817,Den Haag,Bilinmiyor,1
68060,Cypresstraat,Ecotap,52.079863,4.2684,Den Haag,Bilinmiyor,2
68059,Zonnedauw 2,Nuon,52.078603,5.018398,Utrecht,Bilinmiyor,1
68058,Mytylweg,Nuon,52.07695,5.150506,Utrecht,Bilinmiyor,1
68057,Valkenburgerlaan 40,Allego BV,52.0757907,4.6692032,Alphen aan den Rijn,Bilinmiyor,1
68056,Pompmolenlaan 13,Shell Recharge Solutions (BE),52.0751803,4.89381419999995,Woerden,Bilinmiyor,1
68055,Houtensepad 49,Nuon,52.073613,5.132978,Utrecht,Bilinmiyor,1
68054,Arnhemse Bovenweg 100,Shell Recharge Solutions (BE),52.0710047,5.2614944,Zeist,Bilinmiyor,1
68053,Aziëlaan,Nuon,52.066401,5.104642,Utrecht,Bilinmiyor,1
68052,Treublaan,Alfen,52.066269,4.246603,Den Haag,Bilinmiyor,1
68051,Seringstraat 19,EVBox,52.06599,5.57503,Ede,Bilinmiyor,1
68050,Cabrallaan 3,Nuon,52.065681,5.098051,Utrecht,Bilinmiyor,1
68049,Schelpenhof 71,Alfen,52.065581,4.407169,Den Haag,Bilinmiyor,1
68048,Hondsrug 813,EVBox,52.06551,5.1425,Utrecht,Bilinmiyor,1
68047,Luxemburglaan,EVBox,52.063037116626,4.4913911819458,Zoetermeer,Bilinmiyor,1
68046,Spiegelkarpersingel 17,Ecotap,52.060677,4.408037,Den Haag,Bilinmiyor,2
68045,Albert Rousselstraat 14E,Ecotap,52.060214,4.246205,Den Haag,Bilinmiyor,2
68044,Hof van Waarder 14,Shell Recharge Solutions (BE),52.060083,4.8205321,Bodegraven-Reeuwijk,Bilinmiyor,1
68043,Durgerdamhof 24,Ecotap,52.059949,4.263696,Den Haag,Bilinmiyor,2
68042,Lau Mazirellaan 438A,Ecotap,52.058926,4.301278,Den Haag,Bilinmiyor,2
68041,Leyweg 301,Ecotap,52.054303,4.269275,Den Haag,Bilinmiyor,2
68040,Alberdingk Thijmstraat 85,Alfen,52.052436,4.31284,Den Haag,Bilinmiyor,1
68039,Doctor J. Presserstraat 188,Ecotap,52.051538,4.250868,Den Haag,Bilinmiyor,2
68037,Winterswijkseweg 8,EVBox,52.04004,6.62022,Oost Gelre,Bilinmiyor,1
68036,Pruisisch blauw 5,EVBox,52.03661,4.49242,Zoetermeer,Bilinmiyor,1
68035,Maarsbergseweg 20,Shell Recharge Solutions (BE),52.0332070652445,5.41549949147111,Utrechtse Heuvelrug,Bilinmiyor,1
68034,Violierenweg,Shell Recharge Solutions (BE),52.0303117,4.5307408,Lansingerland,Bilinmiyor,1
68033,Nypelsplantsoen 90,Allego BV,52.0299,5.08332,Nieuwegein,Bilinmiyor,1
68032,De Gorzen 10,EVBox,52.02302,4.27835,Westland,Bilinmiyor,1
68031,Klemstraat 40,EVBox,52.02217,5.58532,Veenendaal,Bilinmiyor,1
68030,Duikboot 1,EVBox,52.02137,5.14909,Houten,Bilinmiyor,1
68029,Pienemanstraat 170,EVBox,52.01715,5.66112,Ede,Bilinmiyor,1
68028,Gelderlandhaven 4,Shell Recharge Solutions (BE),52.0165164,5.10762850000003,Nieuwegein,Bilinmiyor,2
68027,Boveneind Noordzijde 72,Shell Recharge Solutions (BE),52.0121436,5.0098717,Lopik,Bilinmiyor,1
68026,Amerikalaan 69,EVBox,52.00872,5.04354,IJsselstein,Bilinmiyor,1
68025,Prinsenlaan 6,EVBox,51.99926,5.67965,Ede,Bilinmiyor,1
68024,Valkenstraat 3,Allego BV,51.99531793,5.09337527,Vianen,Bilinmiyor,1
68023,Bakenbergseweg 76,Allego BV,51.99183074,5.88898836,Arnhem,Bilinmiyor,1
68022,Stationssingel 308,Ecotap,51.990557,4.452767,Lansingerland,Bilinmiyor,2
68021,Marshalllaan 1,Bilinmiyor,51.986453,4.345366,Delft,Bilinmiyor,2
68020,Vlietweg 14A,Shell Recharge Solutions (BE),51.9852561950684,4.21665334701538,Westland,Bilinmiyor,1
68019,Annie M.G. Schmidtstraat 11,EVBox,51.98519,5.64466,Wageningen,Bilinmiyor,1
68018,Bronland,Ecotap,51.984398,5.666611,Wageningen,Bilinmiyor,2
68017,Waalstraat 36-148,Allego BV,51.9839683,5.9425414,Arnhem,Bilinmiyor,1
68016,Cesar Domelastraat 14,EVBox,51.98077,4.58967,Rotterdam,Bilinmiyor,1
68015,Reijmerweg 20,EVBox,51.97841,5.73922,Renkum,Bilinmiyor,1
68014,Jogchem van der Houtweg 14,EVBox,51.97458,4.22268,Westland,Bilinmiyor,1
68013,Jogchem van der Houtweg 1,EVBox,51.97381,4.22726,Westland,Bilinmiyor,1
68012,Carel Willinksingel 294,EVBox,51.96912,4.5816,Rotterdam,Bilinmiyor,1
68011,Bastiaan Bosstraat 23,EVBox,51.96569,5.03111,Zederik,Bilinmiyor,1
68010,Cuneraweg 12,Ecotap,51.958503,5.608589,Rhenen,Bilinmiyor,2
68009,Bovendijk 162,EVBox,51.95484,4.45732,Rotterdam,Bilinmiyor,1
68008,Regiment van Heutszstraat,EVBox,51.9516,4.84445,Krimpenerwaard,Bilinmiyor,1
68007,Koestraat 80g,EVBox,51.94593,4.84928,Krimpenerwaard,Bilinmiyor,1
68006,Evenaar 189,EVBox,51.94454,4.56121,Rotterdam,Bilinmiyor,1
68005,Meester J.M. de Kempenaersingel 9,Allego BV,51.940879,5.8954861,Arnhem,Bilinmiyor,1
68004,Gordelweg 95A,EVBox,51.94014,4.47168,Rotterdam,Bilinmiyor,1
68003,Lisstraat 4C,EVBox,51.9385,4.47715,Rotterdam,Bilinmiyor,1
68002,A27,EVBox,51.62657611681036,4.869681462457267,Oosterhout,Bilinmiyor,1
68001,Schiekade 44C-03,EVBox,51.9304,4.47135,Rotterdam,Bilinmiyor,1
68000,Clazina Kouwenbergzoom 296,EVBox,51.92755,4.55479,Rotterdam,Bilinmiyor,1
67999,Vriendenlaan 21,EVBox,51.92747,4.48323,Rotterdam,Bilinmiyor,1
67998,Fresia 215,EVBox,51.92306,4.6231,Krimpen aan den IJssel,Bilinmiyor,1
67997,Bajonetstraat 17E,EVBox,51.91861,4.46102,Rotterdam,Bilinmiyor,1
67996,Meerkoetstraat 11,EVBox,51.91427,4.59587,Krimpen aan den IJssel,Bilinmiyor,1
67995,Bas de Blokrede 45,EVBox,51.91424,4.5593,Capelle aan den IJssel,Bilinmiyor,1
67994,Keerkleppad 3,EVBox,51.91107,4.52202,Rotterdam,Bilinmiyor,1
67993,Berkenblad 17,EVBox,51.9076107535068,4.09957093457638,Westvoorne,Bilinmiyor,1
67992,Sint Martinusstraat 18,EVBox,51.9071,6.19115,Montferland,Bilinmiyor,1
67991,Bennekomseweg 78,EVBox,51.90371,5.62483,Renkum,Bilinmiyor,1
67990,Staaldiepseweg 8,EVBox,51.90368,4.20444,Brielle,Bilinmiyor,1
67989,Zuidzijde 30,EVBox,51.90251,4.2385,Rotterdam,Bilinmiyor,1
67988,Hilledijk 259,EVBox,51.89859,4.50932,Rotterdam,Bilinmiyor,1
67987,Gaffelaar 2,EVBox,51.89382,4.16002,Brielle,Bilinmiyor,1
67986,Boergoensevliet 85A,EVBox,51.88921,4.46714,Rotterdam,Bilinmiyor,1
67985,Moeraszegge 2,Allego BV,51.88647996,4.68059089,Molenwaard,Bilinmiyor,1
67984,Aalsdijk 30,EVBox,51.88356,4.54417,Rotterdam,Bilinmiyor,1
67983,Muggenborch 12,Shell Recharge Solutions (BE),51.8813574,5.373957,Tiel,Bilinmiyor,1
67982,2e Slag 9,EVBox,51.87668,4.04589,Westvoorne,Bilinmiyor,1
67981,Tinstraat 24,EVBox,51.87199,4.60985,Ridderkerk,Bilinmiyor,1
67980,Jupiterlaan 13,EVBox,51.87118,4.07374,Westvoorne,Bilinmiyor,1
67979,Swinsedreef 22c,EVBox,51.87035,4.05352,Westvoorne,Bilinmiyor,1
67978,Patrijs 8,EVBox,51.86505,4.61228,Ridderkerk,Bilinmiyor,1
67977,Pastoor Apeldoornpad 2,EVBox,51.86369,4.35664,Rotterdam,Bilinmiyor,1
67976,Oostzijdsepad 2,EVBox,51.8634,4.37318,Rotterdam,Bilinmiyor,1
67975,Ghijseland 351,EVBox,51.85703,4.4309,Albrandswaard,Bilinmiyor,1
67974,Voordijk 379,EVBox,51.85585,4.50428,Barendrecht,Bilinmiyor,1
67973,Klimop 14,EVBox,51.85452,4.39948,Albrandswaard,Bilinmiyor,1
67972,Middenbaan 33a,EVBox,51.85375,4.54017,Barendrecht,Bilinmiyor,1
67971,Dokter Schöyerstraat 213,Allego BV,51.8433255,4.955634,Gorinchem,Bilinmiyor,1
67970,Voordijk 1,Allego BV,51.84240459,4.9247781,Giessenlanden,Bilinmiyor,1
67969,Sportlaan 4A,Shell Recharge Solutions (BE),51.8419315695743,4.9196120991669,Giessenlanden,Bilinmiyor,1
67968,Margriethof 58,Allego BV,51.840481,4.70026856,Papendrecht,Bilinmiyor,1
67967,Douwes Dekkerlaan 29,Allego BV,51.83247261,4.67774091,Papendrecht,Bilinmiyor,1
67966,Beethovenstraat 1,Allego BV,51.82892617,4.73849216,Sliedrecht,Bilinmiyor,1
67965,Trapezium 120,EVBox,51.82502,4.79951,Sliedrecht,Bilinmiyor,1
67964,Lede 13,EVBox,51.82403,4.34284,Nissewaard,Bilinmiyor,1
67963,Colijnweg 31,Allego BV,51.82249503,4.66001902,Zwijndrecht,Bilinmiyor,1
67962,Sigarenmaker 26,Allego BV,51.82177666,4.3955824,Oud-Beijerland,Bilinmiyor,1
67961,Johan Vermeerstraat 19,Allego BV,51.81738391,4.40042027,Oud-Beijerland,Bilinmiyor,1
67960,Roosstraat 6,Allego BV,51.81280831,4.63014759,Zwijndrecht,Bilinmiyor,1
67959,Aston Martinlaan 37,EVBox,51.81189,4.42375,Oud-Beijerland,Bilinmiyor,1
67958,Hinder,Allego BV,51.8117064,4.0239203,Goeree-Overflakkee,Bilinmiyor,1
67957,Erasmuslaan 2,Allego BV,51.8079047,4.65752592,Dordrecht,Bilinmiyor,1
67956,Van den Broek-erf 282,Allego BV,51.80427598,4.72733851,Dordrecht,Bilinmiyor,1
67955,'s-Gravendeelsedijk 10,EVBox,51.80406,4.6453,Dordrecht,Bilinmiyor,1
67954,Heysterbachstraat 91,Allego BV,51.80179372,4.68435624,Dordrecht,Bilinmiyor,1
67953,Viottakade,Allego BV,51.8015582,4.6552005,Dordrecht,Bilinmiyor,1
67952,Vissersdijk Beneden 17,Bilinmiyor,51.799703,4.709091,Dordrecht,Bilinmiyor,2
67951,Van Heesenstraat 4,Allego BV,51.77757,4.62218,Binnenmaas,Bilinmiyor,1
67950,Essenburg 121,Allego BV,51.77559,4.673652,Dordrecht,Bilinmiyor,1
67949,Bolkafstraat,Allego BV,51.77534739,4.610278,Binnenmaas,Bilinmiyor,1
67948,Goudplevier 157,EVBox,51.77228,5.54817,Oss,Bilinmiyor,1
67947,Honingklaverstraat 19,EVBox,51.70354,5.32232,'s-Hertogenbosch,Bilinmiyor,1
67946,Voorstraat 19,EVnetNL,51.693481,4.43983,Moerdijk,Bilinmiyor,2
67945,Grimhoek 4,Allego BV,51.69076321,4.43813588,Moerdijk,Bilinmiyor,1
67944,Doctor Jan van den Tempellaan 12,Allego BV,51.68713766,4.43932208,Moerdijk,Bilinmiyor,1
67943,Vossenstaart 15,Allego BV,51.6779509,4.78287,Drimmelen,Bilinmiyor,1
67942,Vluchtoord 37,Ecotap,51.673787,5.643872,Uden,Bilinmiyor,2
67941,Stationsstraat 17,EVnetNL,51.656451,5.292603,Vught,Bilinmiyor,2
67940,Van Houwelingenplantsoen 5,EVBox,51.6552,5.28091,Vught,Bilinmiyor,1
67939,Van Lanschotlaan 2,Allego BV,51.6549081,5.28554043,Vught,Bilinmiyor,1
67938,Parking Gashuisboomgaard,Allego BV,51.6508014,3.92056,Schouwen-Duiveland,Public,2
67937,Parking Mosselboomgaard,Allego BV,51.650774,3.92455941,Schouwen-Duiveland,Public,1
67936,Balie,Allego BV,51.64994755,3.914101,Schouwen-Duiveland,Bilinmiyor,1
67935,Weststraat 24,Allego BV,51.64993094,3.998609,Schouwen-Duiveland,Bilinmiyor,1
67934,Ooststraat 55,EVBox,51.64909,4.00924,Schouwen-Duiveland,Bilinmiyor,1
67933,Hoogstraat 11B,EVBox,51.649,5.35721,Sint-Michielsgestel,Bilinmiyor,1
67932,Ooststraat 44,EVBox,51.64825,4.00893,Schouwen-Duiveland,Bilinmiyor,1
67931,Poortkade 186,Allego BV,51.64278404,3.90655584,Schouwen-Duiveland,Bilinmiyor,1
67930,Bovenmoeren 2,Allego BV,51.6122006,4.74337347,Breda,Bilinmiyor,1
67929,Heienlangdonk,Allego BV,51.61099,4.750389,Breda,Bilinmiyor,1
67928,Abdisstraat 25,Allego BV,51.604129,4.71481096,Breda,Bilinmiyor,1
67927,Menno van Coehoornstraat 73,Allego BV,51.59479658,4.78244858,Breda,Bilinmiyor,1
67926,Loopschansstraat 9,Allego BV,51.5936207,4.79127877,Breda,Bilinmiyor,1
67925,Eikepage 41,Allego BV,51.59089859,4.74754866,Breda,Bilinmiyor,1
67924,Kangoeroestraat 28,Allego BV,51.58858408,4.80823124,Breda,Bilinmiyor,1
67923,De Schans,Allego BV,51.58734138,5.09128475,Tilburg,Bilinmiyor,1
67921,Ledeboerstraat 53,EVBox,51.58305,5.0503,Tilburg,Bilinmiyor,1
67920,Cederstraat 36,Allego BV,51.581889,4.65352,Etten-Leur,Bilinmiyor,1
67919,Clausstraat 2,Allego BV,51.5809752,4.767777,Breda,Bilinmiyor,1
67918,Spakenburglaan 148,Allego BV,51.57887994,4.97720614,Tilburg,Bilinmiyor,1
67917,Oude Lind 32,EVBox,51.57749,5.08478,Tilburg,Bilinmiyor,1
67916,Langendijk 50,Allego BV,51.5757712,4.76183445,Breda,Bilinmiyor,1
67915,Schoonhout 158,Allego BV,51.574882,4.65116,Etten-Leur,Bilinmiyor,1
67914,Trappistenstraat 37,Shell Recharge Solutions (BE),51.5744818,5.05736419999994,Tilburg,Bilinmiyor,1
67913,Bontwerkerstraat 1,Allego BV,51.5743121,4.7332808,Breda,Bilinmiyor,1
67912,Baronielaan 274A,Allego BV,51.56854508,4.77626259,Breda,Bilinmiyor,1
67911,Lovensestraat 33,Allego BV,51.56577978,5.09678031,Tilburg,Bilinmiyor,1
67910,Nijverheidsweg 120,EVBox,51.5631,4.60459,Etten-Leur,Bilinmiyor,1
67909,Nijverheidsweg 120,EVBox,51.56277,4.60438,Etten-Leur,Bilinmiyor,1
67908,Beeklaan 42,Allego BV,51.54962561,5.04970964,Tilburg,Bilinmiyor,1
67907,Rosada 1,EVBox,51.53087,4.42762,Roosendaal,Bilinmiyor,1
67906,Vlucht 2,EVBox,51.52696,5.02101,Goirle,Bilinmiyor,1
67905,Esdoornstraat 27,Shell Recharge Solutions (BE),51.5179892,4.3561891,Roosendaal,Bilinmiyor,1
67904,Westwal 37,Ecotap,51.503723,3.886887,Goes,"Private - For Staff, Visitors or Customers",2
67903,Nieuwe Kraaijertsedijk 37,EVBox,51.50064,3.753,Goes,Bilinmiyor,1
67902,Duinweg,Ecotap,51.497742,3.496772,Veere,Bilinmiyor,2
67901,Ter Vorseldreef 14,Shell Recharge Solutions (BE),51.4949106,5.696471,Helmond,Bilinmiyor,1
67900,Marshallstraat 16B,EVBox,51.47113,5.67274,Helmond,Bilinmiyor,1
67899,Castendijkweg 5,Alfen,51.4606,5.396195,Eindhoven,Bilinmiyor,1
67898,De Run 6803,EVBox,51.44733,5.51049,Veldhoven,Bilinmiyor,1
67897,Nieuwstraat,EVBox,51.44394,4.92962,Baarle-Nassau,Bilinmiyor,1
67896,Sainte Marielaan 6a,(Unknown Operator),51.43131016640565,4.379753243481779,Woensdrecht,Public,1
67895,Korhoen 17,EVBox,51.43023,5.3937,Veldhoven,Bilinmiyor,1
67894,Berkter Hei,EVBox,51.41454,6.09494,Venlo,Bilinmiyor,1
67892,Plattepeeldijk 24,EVBox,51.30661,5.8041,Nederweert,Bilinmiyor,1
67889,Bisschop Schrijnenstraat 18,EVBox,51.18963,5.98679,Roermond,Bilinmiyor,1
67888,Branskamp 9,EVBox,51.17812,5.8366,Leudal,Bilinmiyor,1
67885,Ada Byronweg 11,EVBox,51.16773,6.03496,Roermond,Bilinmiyor,1
67884,Jezuïetenstraat 30,EVBox,51.1392681,6.0000651999999945,Roerdalen,Bilinmiyor,1
67880,Chemelot AF-weg 135G-37,EVBox,50.98392,5.8002,Sittard-Geleen,Bilinmiyor,1
67879,Business Park Stein 194,EVBox,50.95775,5.7821,Stein,Bilinmiyor,1
67878,Chemelot A-weg 1G-18,EVBox,50.95773,5.78594,Sittard-Geleen,Bilinmiyor,1
67877,Altaarstraat 120,Shell Recharge Solutions (BE),50.9425103,5.8996798,Schinnen,Bilinmiyor,2
67876,Prins Hendriklaan,Shell Recharge Solutions (BE),50.9413436,5.9784872,Brunssum,Bilinmiyor,2
66235,Winkelcentrum Maasplaza,Shell Recharge Solutions (NL),51.81073743304608,4.654807448387146,Dordrecht,Public,2
65850,Boskalis employees,EVBox,51.824963448690255,4.726760387420653,Papendrecht,"Private - For Staff, Visitors or Customers",10
65812,Eemshornweg 9,EVBox,53.44762,6.82544,Eemsmond,Bilinmiyor,1
65810,Handelskade Oost 11,EVBox,53.33219,6.93881,Delfzijl,Bilinmiyor,1
65809,Marktstraat 10b,EVBox,53.33032,6.92864,Delfzijl,Bilinmiyor,1
65808,Blauwborgje,Bilinmiyor,53.2414022300016,6.53123094334023,Groningen,Bilinmiyor,4
65807,Damsterwaard 20,Allego BV,53.22827781,6.61553201,Groningen,Bilinmiyor,1
65806,H.A. Kooykerplein 5a,Allego BV,53.22384,6.57805,Groningen,Bilinmiyor,1
65804,Sontbrug 9,Shell Recharge Solutions (BE),53.2165404846629,6.58927589398729,Groningen,Bilinmiyor,1
65803,Jan Steenstraat 5,Allego BV,53.21628954,6.54673433,Groningen,Bilinmiyor,1
65802,Coehoornsingel,EVBox,53.21108,6.56182,Groningen,Bilinmiyor,1
65801,Koeriersterweg 24,Allego BV,53.20977226,6.55398352,Groningen,Bilinmiyor,1
65800,Jepmastate 9,Allego BV,53.208645,5.83601599,Leeuwarden,Bilinmiyor,1
65799,Uranusweg 12,EVBox,53.19883,5.84404,Leeuwarden,Bilinmiyor,1
65798,Hora Siccamasingel 301-1,Allego BV,53.1956253,6.57529859,Groningen,Bilinmiyor,1
65797,Verlengde Hereweg 174,EVBox,53.19255,6.58483,Groningen,Bilinmiyor,1
65796,Damsingel 7,EVBox,53.18387,5.99319,Tytsjerksteradiel,Bilinmiyor,1
65795,P F Catsstraat 45,EVBox,53.18366,5.53258,Franekeradeel,Bilinmiyor,1
65794,Moleplaat 14,Shell Recharge Solutions (BE),53.1758603,5.85040789999994,Leeuwarden,Bilinmiyor,1
65793,Deeling 20,Shell Recharge Solutions (BE),53.1502031,6.4346299,Noordenveld,Bilinmiyor,1
65792,Californiëweg 106,Shell Recharge Solutions (BE),53.0773585,4.7612417,Texel,Bilinmiyor,1
65791,Venekoten 18,Shell Recharge Solutions (BE),52.9763219,6.3008125,Ooststellingwerf,Bilinmiyor,1
65790,Drs. F. Bijlweg 7,EVBox,52.93947,4.75209,Den Helder,Bilinmiyor,1
65789,Graaf Floris V straat 89,EVBox,52.93787,4.76759,Den Helder,Bilinmiyor,1
65788,Buinerweg 8,EVBox,52.90797,6.81261,Borger-Odoorn,Bilinmiyor,1
65787,Doorzwin 1222,EVBox,52.89063,4.74642,Den Helder,Bilinmiyor,1
65786,Aelderholt,EVBox,52.79788,6.70506,Coevorden,Bilinmiyor,1
65785,Produktieweg 7,EVBox,52.79095,6.10581,Steenwijkerland,Bilinmiyor,1
65784,Toldijk 11,EVBox,52.7402,6.47422,Hoogeveen,Bilinmiyor,1
65782,Molenweidtje,Allego BV,52.676034,4.708761,Bergen (NH),Bilinmiyor,1
65781,Helderseweg 55,EVBox,52.64721,4.74297,Alkmaar,Bilinmiyor,1
65780,Westerweg 1,EVBox,52.6344,4.73847,Alkmaar,Bilinmiyor,1
65779,Robijnstraat 42,EVBox,52.61459,4.75901,Alkmaar,Bilinmiyor,1
65778,Het Bleekveld 41,EVBox,52.57219,6.63906,Hardenberg,Bilinmiyor,1
65777,Baksteen 71,Shell Recharge Solutions (BE),52.540840941949,5.6834077835083,Dronten,Bilinmiyor,1
65776,Chroomstraat 5A,EVBox,52.53883,5.5165,Lelystad,Bilinmiyor,1
65775,Reggelaan 98,Allego BV,52.53526826,6.11140841,Zwolle,Bilinmiyor,1
65774,Benesserlaan 75,Allego BV,52.5332947,4.70715672,Uitgeest,Bilinmiyor,1
65773,Goesinnestraat 22,Allego BV,52.52948394,4.70734746,Uitgeest,Bilinmiyor,1
65772,Middelweg 108,Allego BV,52.52383177,4.70943206,Uitgeest,Bilinmiyor,1
65771,De Sluiswachter 18,Allego BV,52.520481,4.698322,Uitgeest,Bilinmiyor,1
65770,Ambonstraat 47,Allego BV,52.5191833,6.11379933,Zwolle,Bilinmiyor,1
65768,Kraaienhof,Shell Recharge Solutions (BE),52.5158997,5.52564269999994,Lelystad,Bilinmiyor,1
65766,Aan de Kromme Sloot 109,Allego BV,52.512792,4.706679,Uitgeest,Bilinmiyor,1
65765,Samsonweg 132,EVBox,52.51135,4.78454,Zaanstad,Bilinmiyor,1
65764,Schoutenstraat 4,Allego BV,52.51075549,6.09559996,Zwolle,Bilinmiyor,1
65762,Regenboogforel 32,Allego BV,52.50732172,4.77421108,Zaanstad,Bilinmiyor,1
65761,Hanzelaan 93,EVBox,52.5062071497568,6.08296667724608,Zwolle,Bilinmiyor,1
65760,Stuwweg 15,Shell Recharge Solutions (BE),52.5024457,5.4481523,Lelystad,Bilinmiyor,1
65759,Lünenstraat 9,Shell Recharge Solutions (BE),52.5019291,6.0864722,Zwolle,Bilinmiyor,1
65758,Hortensiastraat 30,Allego BV,52.50079627,6.10980254,Zwolle,Bilinmiyor,1
65756,Spoorbuurt 12a,Allego BV,52.4954478,5.07212591,Edam-Volendam,Bilinmiyor,1
65755,Slobbeland 4,Allego BV,52.49127145,5.07009368,Edam-Volendam,Bilinmiyor,1
65754,Sandvisbaai 6,EVBox,52.48778,4.94132,Purmerend,Bilinmiyor,1
65753,Rosa Luxemburgpark 6,Allego BV,52.48606919,4.96073916,Purmerend,Bilinmiyor,1
65752,Artemisweg 145G,Shell Recharge Solutions (BE),52.4811095,5.490364,Lelystad,Bilinmiyor,1
65751,Roolvinkstraat 2,Allego BV,52.47438412,6.1230226,Zwolle,Bilinmiyor,1
65750,Daendelsweg 2T,Allego BV,52.46764347,6.07028106,Hattem,Bilinmiyor,1
65749,Knosterveld 1,Allego BV,52.4621355,4.7990013,Zaanstad,Bilinmiyor,1
65748,Waterput 1,Allego BV,52.435369,4.8745099,Oostzaan,Bilinmiyor,1
65747,Provincialeweg 11,Shell Recharge Solutions (BE),52.4353446960449,4.81606721878052,Zaanstad,Bilinmiyor,1
65746,Spaarnberglaan,EVBox,52.42312,4.64084,Velsen,Bilinmiyor,1
65745,Dukdalfweg 51,Ecotap,52.417978,4.823499,Amsterdam,Bilinmiyor,2
65744,Kwartaalstraat 39,EVBox,52.40444,5.28278,Almere,Bilinmiyor,1
65743,De Reiger 20,EVBox,52.39827,6.60999,Twenterand,Bilinmiyor,1
65742,Randmeerweg,EVBox,52.39281,5.73162,Nunspeet,Bilinmiyor,1
65741,Oudeweg 115,EVBox,52.38582,4.66199,Haarlem,Bilinmiyor,1
65739,Wisselweg 33,Alfen,52.37651,5.213,Almere,Bilinmiyor,1
65738,Paul Kleestraat 17,Allego BV,52.37333761,5.25941077,Almere,Bilinmiyor,1
65737,Eversbergweg 5,EVBox,52.36608,6.48225,Hellendoorn,Bilinmiyor,1
65736,Cesar Franckweg 59,Allego BV,52.36515541,5.19710632,Almere,Bilinmiyor,1
65735,Schönbergweg 80,Allego BV,52.36297579,5.19075291,Almere,Bilinmiyor,1
65734,Nachtwachtlaan 20,EVBox,52.3595248070492,4.84394260725583,Amsterdam,Bilinmiyor,1
65733,Eddastraat 31,EVBox,52.35194,5.15058,Almere,Bilinmiyor,1
65732,Houtbosch 37,Shell Recharge Solutions (BE),52.3519973754883,4.97004079818726,Diemen,Bilinmiyor,1
65731,Delflandlaan 15,EVBox,52.35103,4.84175,Amsterdam,Bilinmiyor,1
65730,Melbournestraat,Shell Recharge Solutions (BE),52.3486993,4.7654587,Haarlemmermeer,Bilinmiyor,1
65728,Sloterweg 1285,EVBox,52.3415,4.79644,Sloten,Bilinmiyor,1
65727,Einsteinstraat 12,Shell Recharge Solutions (BE),52.3411368,6.6816987,Almelo,Bilinmiyor,1
65726,Kruidenhof,Allego BV,52.33328,4.957414,Diemen,Bilinmiyor,1
65723,Hobolaan 6,Shell Recharge Solutions (BE),52.3242053,6.9163377,Oldenzaal,Bilinmiyor,1
65721,Zuidtangent,EVBox,52.32263,4.78679,Haarlemmermeer,Bilinmiyor,1
65714,Bentinckstraat 104,Shell Recharge Solutions (BE),52.3180049,6.9251892,Oldenzaal,Bilinmiyor,1
65713,Landleeuw 5,Allego BV,52.314457,4.68308,Haarlemmermeer,Bilinmiyor,1
65712,Rijnkade 8,EVBox,52.30595,5.02144,Weesp,Bilinmiyor,1
65711,Oud Huizerweg 4-TRAF,EVBox,52.30477,5.19324,Gooise Meren,Bilinmiyor,1
65710,Amsterdam-Bataviaweg,EVBox,52.30065,4.79475,Haarlemmermeer,Bilinmiyor,1
65709,Spinfondsweg 15,Shell Recharge Solutions (BE),52.2996253967285,5.98772859573364,Epe,Bilinmiyor,1
65708,Bovenmaatweg 336,Allego BV,52.298045,5.271707,Huizen,Bilinmiyor,1
65707,Toulousestraat 22,Shell Recharge Solutions (BE),52.2961691,6.8007381,Hengelo,Bilinmiyor,1
65706,Fokkerweg,Shell Recharge Solutions (BE),52.2924308,4.7883227,Oude Meer,Bilinmiyor,1
65705,Folkstoneweg 100,EVBox,52.29191,4.75788,Haarlemmermeer,Bilinmiyor,1
65704,Reykjavikweg,EVBox,52.28954,4.76729,Haarlemmermeer,Bilinmiyor,1
65703,Willem Brocadesdreef 1,EVBox,52.28746,4.68359,Haarlemmermeer,Bilinmiyor,1
65702,Landuwerweg 17,EVBox,52.28688,6.4471,Rijssen-Holten,Bilinmiyor,1
65701,Waagweg 5,EVBox,52.28405,6.42429,Rijssen-Holten,Bilinmiyor,1
65699,Wegtersweg,EVBox,52.27933,6.77558,Hengelo,Bilinmiyor,1
65698,Crailoseweg,EVBox,52.27716,5.21039,Huizen,Bilinmiyor,1
65696,Seoellaan 24,EVBox,52.273,4.64167,Haarlemmermeer,Bilinmiyor,1
65695,Iepenlaan 352A,Allego BV,52.2667218,5.15640052,Gooise Meren,Bilinmiyor,1
65694,Lange Heul 181,Allego BV,52.26180876,5.16934397,Gooise Meren,Bilinmiyor,1
65693,Sierteeltstraat,EVBox,52.25986,4.78635,Aalsmeer,Bilinmiyor,1
65692,Vikkerhoekweg 33,EVBox,52.25635,6.76009,Hengelo,Bilinmiyor,1
65691,Visrokersplein 9,EVnetNL,52.253737,5.377058,Bunschoten,Bilinmiyor,2
65690,Bomstraat 19B,Shell Recharge Solutions (BE),52.243697,4.4327198,Noordwijk,Bilinmiyor,1
65689,Kolkplein 7b,EVnetNL,52.243321,5.375164,Bunschoten,Bilinmiyor,2
65688,Mr.Johannes Sandersonhof 2,Allego BV,52.240197,5.118837,Wijdemeren,Bilinmiyor,1
65687,Beukenlaan,EVBox,52.23884,5.23837,Eemnes,Bilinmiyor,1
65686,Hoflaan 23,Allego BV,52.238721,5.110297,Wijdemeren,Bilinmiyor,1
65685,Grauwe Gans 2,EVBox,52.23628,4.81308,Uithoorn,Bilinmiyor,1
65684,Jaagpad 4,Shell Recharge Solutions (BE),52.2290109,4.7799179,Uithoorn,Bilinmiyor,1
65683,Stichtstraat 2,Allego BV,52.2289,5.0012,Stichtse Vecht,Bilinmiyor,1
65682,Offenbachstraat 23,ThePluginCompany (Belgium),52.228387,6.105822,Voorst,Bilinmiyor,1
65681,Watergoorweg 4,EVBox,52.22415,5.47794,Nijkerk,Bilinmiyor,1
65679,Koningslijn 6,Shell Recharge Solutions (BE),52.2054978,5.9488473,Apeldoorn,Bilinmiyor,1
65678,De Borsaliastraat 62,Allego BV,52.20303196,4.86264753,De Ronde Venen,Bilinmiyor,1
65677,Van Roekelweg 60,EVBox,52.19743,5.9529,Apeldoorn,Bilinmiyor,1
65674,Straat van Gibraltar 101,EVBox,52.19064,5.4188,Amersfoort,Bilinmiyor,1
65673,Noodweg 37D-13A,Shell Recharge Solutions (BE),52.188632554511,5.15399431534422,Hilversum,Bilinmiyor,1
65672,Vreedenburghstraat 12,EVBox,52.18816,4.43418,Katwijk,Bilinmiyor,1
65671,Broekplein 13,Allego BV,52.17988446,4.50314936,Leiden,Bilinmiyor,1
65670,Kleinhovenweg,EVBox,52.17826,5.45283,Nijkerk,Bilinmiyor,1
65669,Oosterdorpsstraat 107a,EVBox,52.17611,5.47259,Nijkerk,Bilinmiyor,1
65668,Doctor F.W. Klaarenbeeksingel 73,EVBox,52.17054,5.47321,Nijkerk,Bilinmiyor,1
65667,Hoofdweg 86,EVBox,52.1697858354194,6.06636008136752,Voorst,Bilinmiyor,1
65666,Hanzeweg 19,Shell Recharge Solutions (BE),52.1683861558716,5.61281539259039,Barneveld,Bilinmiyor,1
65665,Rijksweg A50,FastNed,52.166212,6.026113,Apeldoorn,Bilinmiyor,2
65664,Voorweg 87,Shell Recharge Solutions (BE),52.1655152,4.8397443,Nieuwkoop,Bilinmiyor,1
65663,Keulschevaart 4,Shell Recharge Solutions (BE),52.1649200036749,4.99259952156524,Stichtse Vecht,Bilinmiyor,1
65662,Richterstraat 30,Shell Recharge Solutions (BE),52.1638034,6.7238646,Haaksbergen,Bilinmiyor,1
65661,Jacob Catslaan 107,Allego BV,52.16262313,4.46975755,Leiden,Bilinmiyor,1
65660,Goorsestraat 68,EVBox,52.16429,6.7301,Haaksbergen,Bilinmiyor,1
65659,Noordewierweg 16A,Allego BV,52.15942908,5.36833146,Amersfoort,Bilinmiyor,1
65658,Vuurscheweg 3,EVBox,52.15952,5.22276,De Bilt,Bilinmiyor,1
65657,Opaalstraat 2,Allego BV,52.1570225,4.46609226,Leiden,Bilinmiyor,1
65656,Lemelerberg 58,EVBox,52.15424,4.66062,Alphen aan den Rijn,Bilinmiyor,1
65655,Hoge Rijndijk 209,Allego BV,52.15273581,4.52018927,Leiden,Bilinmiyor,1
65654,Voorstraat 26,Allego BV,52.14858378,4.94639256,Stichtse Vecht,Bilinmiyor,1
65653,Graaf Lodewijklaan 4,Allego BV,52.147016,5.3798132,Amersfoort,Bilinmiyor,1
65652,Maarsseveensevaart 7A,Shell Recharge Solutions (BE),52.1470111,5.0614018,Stichtse Vecht,Bilinmiyor,1
65651,Liszthof 30,EVBox,52.14666,4.67028,Alphen aan den Rijn,Bilinmiyor,1
65650,Boterbloemweg 53,Allego BV,52.146651,4.6874077,Alphen aan den Rijn,Bilinmiyor,1
65649,Polderpeil 1,Allego BV,52.14483094,4.51713125,Zoeterwoude,Bilinmiyor,1
65648,Gasthuisstraat 17,Ecotap,52.144527,6.196178,Zutphen,Bilinmiyor,2
65647,Everard Meysterweg 65A,Allego BV,52.14390608,5.38587375,Amersfoort,Bilinmiyor,1
65646,Andromedastraat 52,Allego BV,52.14327062,4.64875508,Alphen aan den Rijn,Bilinmiyor,1
65645,Frans Halslaan 107,EVBox,52.14313,5.20224,De Bilt,Bilinmiyor,1
65644,Vondelstraat 33,EVBox,52.14209,5.57293,Barneveld,Bilinmiyor,1
65643,Van Lingelaan 85,Allego BV,52.141048,5.054244,Stichtse Vecht,Bilinmiyor,1
65642,Teniersstraat 9,Shell Recharge Solutions (BE),52.1405373,6.2084803,Zutphen,Bilinmiyor,1
65641,Huis ten Boschstraat 7,EVBox,52.13953,5.04674,Stichtse Vecht,Bilinmiyor,1
65640,Watertorenpark 3,Shell Recharge Solutions (BE),52.139388,4.6544577,Alphen aan den Rijn,Bilinmiyor,1
65639,Kanon 64,Allego BV,52.13541587,6.18019452,Zutphen,Bilinmiyor,1
65637,Notarisappel 1,EVBox,52.12595,5.57353,Barneveld,Bilinmiyor,1
65636,Schoolstraat 140,Shell Recharge Solutions (BE),52.1256825732983,4.44577430856361,Voorschoten,Bilinmiyor,1
65635,Nimrodlaan 31,Allego BV,52.124414,5.196616,De Bilt,Bilinmiyor,1
65634,Knottenbeltlaan 37,EVBox,52.12328,5.57361,Barneveld,Bilinmiyor,1
65633,Griekenlandstraat 32,Allego BV,52.12326347,4.64670055,Alphen aan den Rijn,Bilinmiyor,1
65632,Braamkamp 227,Allego BV,52.12269191,6.20574692,Zutphen,Bilinmiyor,1
65631,Raaphorstlaan 15,EVBox,52.11784,4.38299,Wassenaar,Bilinmiyor,1
65630,Doctor J.P. Thijsselaan 85,Shell Recharge Solutions (BE),52.1115738120288,5.13422922735231,Utrecht,Bilinmiyor,2
65629,Atoomweg 132,EVBox,52.11465,5.05273,Utrecht,Bilinmiyor,1
65628,Enghlaan 32,Shell Recharge Solutions (BE),52.1080904,5.0323914,Utrecht,Bilinmiyor,1
65627,Theo Mann-Bouwmeesterlaan 568,Alfen,52.106077,4.326467,Den Haag,Bilinmiyor,1
65626,Hertogswetering 167,EVBox,52.10344,5.06095,Utrecht,Bilinmiyor,1
65625,Harderwijkerweg 9B,EVBox,52.10185,6.04473,Brummen,Bilinmiyor,1
65624,Nepveulaan 166,Allego BV,52.10144258,5.25003927,Zeist,Bilinmiyor,1
65623,Jacob van Lenneplaan 2,Shell Recharge Solutions (BE),52.0929042,5.2420252,Zeist,Bilinmiyor,1
65622,Dorpsstraat 5,Shell Recharge Solutions (BE),52.0896943,4.9701129,Woerden,Bilinmiyor,1
65621,Theetuinlaan 32,Shell Recharge Solutions (BE),52.0881414,5.01931300000001,Utrecht,Bilinmiyor,1
65620,Yalelaan,EVBox,52.08379,5.17963,Utrecht,Bilinmiyor,1
65619,Hoog Kanje 186b,Allego BV,52.0771864,5.26427644,Zeist,Bilinmiyor,1
65618,Copernicuslaan 54,Alfen,52.074549,4.271422,Den Haag,Bilinmiyor,1
65617,Kalverdans,Allego BV,52.07406,4.639055,Alphen aan den Rijn,Bilinmiyor,1
65616,Dotterbloemlaan 42,Bilinmiyor,52.069726634376,4.2383971810341,Den Haag,Bilinmiyor,2
65615,Oosteinde,EVBox,52.06996,4.36981,Voorburg,Bilinmiyor,1
65614,De Duiker 51,Shell Recharge Solutions (BE),52.0662377,4.9159342,Montfoort,Bilinmiyor,1
65613,A12,EVBox,52.063208612958,5.0839099287987,Utrecht,Bilinmiyor,1
65612,Bertus Aafjeshove 7001,Allego BV,52.05613185,5.0822329,Nieuwegein,Bilinmiyor,1
65611,Ferdinand Bolhage 6,Allego BV,52.05229923,5.07515316,Nieuwegein,Bilinmiyor,1
65610,Hooiersweide 119,Allego BV,52.04903641,5.07387783,Nieuwegein,Bilinmiyor,1
65609,IJsselveld 20,Shell Recharge Solutions (BE),52.0478327,4.9420617,Montfoort,Bilinmiyor,1
65608,Hydeparklaan,EVBox,52.04704,5.30662,Utrechtse Heuvelrug,Bilinmiyor,1
65607,Hydeparklaan,EVBox,52.04596,5.30665,Utrechtse Heuvelrug,Bilinmiyor,1
65606,Valthestraat 1A,Alfen,52.045355,4.27443,Den Haag,Bilinmiyor,1
65605,Gazelleweide 9,Allego BV,52.04325947,5.06971778,Nieuwegein,Bilinmiyor,1
65604,Rigolettoplantsoen 18,Allego BV,52.0422073,5.08998236,Nieuwegein,Bilinmiyor,1
65603,Koningsschot 45-07,EVBox,52.04162,5.54302,Veenendaal,Bilinmiyor,1
65601,Van Dijkwater 9,Alfen,52.037713,4.368684,Den Haag,Bilinmiyor,1
65600,Drilleveld 20,Allego BV,52.03730359,5.09028566,Nieuwegein,Bilinmiyor,1
65599,Darwinstraat 31B,Shell Recharge Solutions (BE),52.031098,5.6079207,Ede,"Private - For Staff, Visitors or Customers",1
65598,Berkenlaan 14,EVBox,52.03137,5.67189,Ede,Bilinmiyor,1
65597,Grootslag 1,Shell Recharge Solutions (BE),52.0280279,5.1481058,Houten,Bilinmiyor,1
65596,Anjerweg,EVBox,52.02701,4.52311,Lansingerland,Bilinmiyor,1
65595,Vondellaan 49,EVBox,52.02666,5.52824,Veenendaal,Bilinmiyor,1
65594,Galvanibaan 10,EVBox,52.02476,5.10618,Nieuwegein,Bilinmiyor,1
65593,Vlamoven 15,Allego BV,52.01965693,5.05783822,IJsselstein,Bilinmiyor,1
65591,Kamgras 52,Allego BV,52.01443595,5.1863104,Houten,Bilinmiyor,1
65590,Schepenensingel 10,Allego BV,52.00974792,5.03693739,IJsselstein,Bilinmiyor,1
65589,Dennenweg 104,Allego BV,52.008286,5.942953,Arnhem,Bilinmiyor,1
65588,Gildenborglaan 10,Allego BV,52.00461371,5.09751385,Nieuwegein,Bilinmiyor,1
65587,Zutphensestraatweg,Bilinmiyor,52.0,6.0,Rheden,Bilinmiyor,2
65586,Overstraat 8,EVBox,51.99842,5.45955,Utrechtse Heuvelrug,Bilinmiyor,1
65585,Dokter Kniplaan 63,EVBox,51.99003,4.13092,Rotterdam,Bilinmiyor,1
65584,Rijsenborch 58,Allego BV,51.9889343,5.09472624,Vianen,Bilinmiyor,1
65583,Amaliastein 69,Bilinmiyor,51.985628,5.070843,Vianen,Bilinmiyor,1
65582,Rietkamp 47,Allego BV,51.9826357,5.0775726,Vianen,Bilinmiyor,1
65581,Vosstraat 7,Allego BV,51.980186,5.1216128,Vianen,Bilinmiyor,1
65580,Stadhoudersstraat 171,Allego BV,51.97869685,5.92912175,Arnhem,Bilinmiyor,1
65579,Haverlanden 121,EVBox,51.9775,5.66523,Wageningen,Bilinmiyor,1
65578,Spoorhaven 66,EVBox,51.97369,4.46002,Lansingerland,Bilinmiyor,1
65577,Drielsedijk 17C,Allego BV,51.9674946,5.86157781,Arnhem,Bilinmiyor,1
65576,Kastanjesingel 199,EVBox,51.95902,4.46748,Rotterdam,Bilinmiyor,1
65575,Markweg,EVBox,51.95873,4.09059,Rotterdam,Bilinmiyor,1
65574,Breedspoor 26,EVBox,51.95714,4.58615,Capelle aan den IJssel,Bilinmiyor,1
65573,Wassenaarweg 40,EVBox,51.95462,5.86663,Arnhem,Bilinmiyor,1
65572,Paardebloem 14,EVBox,51.95346,4.53432,Rotterdam,Bilinmiyor,1
65571,Minoes erf 2,EVBox,51.95253,4.57401,Capelle aan den IJssel,Bilinmiyor,1
65570,Missouriweg,EVBox,51.94622,4.07235,Rotterdam,Bilinmiyor,1
65569,Elisabeth Koetenstraat 7,EVBox,51.94564,4.3706,Schiedam,Bilinmiyor,1
65568,Vaasahof 75,EVBox,51.94455,4.56649,Rotterdam,Bilinmiyor,1
65567,Prunuslaan 3-hB02,EVBox,51.94371,4.86528,Krimpenerwaard,Bilinmiyor,1
65566,Innovatieweg 18,EVBox,51.94362,6.2763,Doetinchem,Bilinmiyor,1
65564,Bermweg 354,EVBox,51.93883,4.58216,Capelle aan den IJssel,Bilinmiyor,1
65563,Boezemlaan 47,EVBox,51.93761,4.49754,Rotterdam,Bilinmiyor,1
65562,Schubertplein,EVBox,51.9368,4.36533,Schiedam,Bilinmiyor,1
65561,Doctor Jan Schoutenlaan 1,EVBox,51.93727,4.22797,Maassluis,Bilinmiyor,1
65560,Professor Bolklaan 23,EVBox,51.93693,4.42015,Rotterdam,Bilinmiyor,1
65559,Bergsingel 141A,EVBox,51.93471,4.46981,Rotterdam,Bilinmiyor,1
65558,Nieuwe Boezemstraat 156,EVBox,51.93413,4.49918,Rotterdam,Bilinmiyor,1
65557,Merellaan 342A,EVBox,51.93138,4.58401,Capelle aan den IJssel,Bilinmiyor,1
65556,Hattasingel 110,EVBox,51.93076,4.54893,Rotterdam,Bilinmiyor,1
65555,Riet Blom-Mouritsstraat 32,EVBox,51.9305,4.54273,Rotterdam,Bilinmiyor,1
65554,Zwaluwenlaan 387,EVBox,51.92885,4.35985,Vlaardingen,Bilinmiyor,1
65553,Swaneblakestraat 1,EVBox,51.92768,4.41296,Schiedam,Bilinmiyor,1
65552,Voorstraat 88,Allego BV,51.92615143,4.82128167,Molenwaard,Bilinmiyor,1
65551,Atletiek 17c,EVBox,51.92352,4.60959,Krimpen aan den IJssel,Bilinmiyor,1
65549,Heldringstraat 6,EVBox,51.92241,4.24816,Maassluis,Bilinmiyor,1
65548,Jacob van Heemskercklaan 83,EVBox,51.92254,4.2389,Maassluis,Bilinmiyor,1
65547,'s-Gravenwetering 26,EVBox,51.92157,4.52823,Rotterdam,Bilinmiyor,1
65546,Essenlaan 90,EVBox,51.92184,4.5182,Rotterdam,Bilinmiyor,1
65544,Haringvliet 2,EVBox,51.92131,4.49764,Rotterdam,Bilinmiyor,1
65543,'s-Gravensingel 57,EVBox,51.92015,4.52802,Rotterdam,Bilinmiyor,1
65541,Stationsstraat 18,EVBox,51.91552,5.85092,Overbetuwe,Bilinmiyor,1
65540,Warande,EVBox,51.91252,4.39524,Schiedam,Bilinmiyor,1
65539,Rivium Boulevard 101A,EVBox,51.91173,4.54544,Capelle aan den IJssel,Bilinmiyor,1
65538,Willem Hasekampstraat 2,EVBox,51.9117,4.37485,Schiedam,Bilinmiyor,1
65537,François Haverschmidtlaan 1,EVBox,51.9101,4.38812,Schiedam,Bilinmiyor,1
65536,Spanjaardstraat 36D,EVBox,51.90851,4.4466,Rotterdam,Bilinmiyor,1
65535,S. van Ravesteynkade 386,EVBox,51.90702,4.49755,Rotterdam,Bilinmiyor,1
65534,Schoonderloostraat 88,EVBox,51.90484,4.45385,Rotterdam,Bilinmiyor,1
65533,Turfkade,EVBox,51.90019,4.16442,Brielle,Bilinmiyor,1
65532,Kerkweg,EVBox,51.90031,4.68435,Krimpenerwaard,Bilinmiyor,1
65531,Jan Pettersonstraat 15,EVBox,51.89679,4.52226,Rotterdam,Bilinmiyor,1
65530,Boterdiep 26,Shell Recharge Solutions (BE),51.8963525,4.5287784,Rotterdam,Bilinmiyor,2
65528,Pleinweg 56A,EVBox,51.89124,4.48559,Rotterdam,Bilinmiyor,1
65527,Vondelingenweg 550,Shell Recharge Solutions (BE),51.8890077193619,4.32729732245207,Rotterdam,Bilinmiyor,1
65525,Merseyweg 10,EVBox,51.88493,4.25591,Rotterdam,Bilinmiyor,1
65523,Sluiskreek 121,EVBox,51.88275,4.5324,Rotterdam,Bilinmiyor,1
65522,Welplaatweg 26,Shell Recharge Solutions (BE),51.8784805810463,4.28134515679892,Rotterdam,Bilinmiyor,1
65521,Anthony Fokkerweg 41,EVBox,51.87471,4.44785,Rotterdam,Bilinmiyor,1
65519,Boterbloemstraat 20a,Allego BV,51.873780000000004,4.787323,Molenwaard,Bilinmiyor,1
65518,Molièreweg 581,EVBox,51.87371,4.51953,Rotterdam,Bilinmiyor,1
65517,D. Botterwegstraat 5,EVBox,51.87246,5.39767,Tiel,Bilinmiyor,1
65516,Witte Paters 11,EVBox,51.87121,6.24929,Montferland,Bilinmiyor,1
65515,Shannonweg 15,EVBox,51.87037,4.25896,Rotterdam,Bilinmiyor,1
65514,Heulenslag 57,Shell Recharge Solutions (BE),51.8653352,4.7449184,Molenwaard,Bilinmiyor,1
65512,Leeuwenburg 42,EVBox,51.8607,4.50077,Barendrecht,Bilinmiyor,1
65511,van Steenstraat 36,EVBox,51.85447,5.94631,Berg en Dal,Bilinmiyor,1
65510,Riederveld 50,EVBox,51.8535,4.48923,Barendrecht,Bilinmiyor,1
65509,Heuvelsteijn 77,EVBox,51.85281,4.47825,Albrandswaard,Bilinmiyor,1
65508,Want 12,EVBox,51.85156,4.37604,Rotterdam,Bilinmiyor,1
65507,Botter 80,EVBox,51.85166,4.53805,Barendrecht,Bilinmiyor,1
65506,Buitendijkweide 40,EVBox,51.85076,4.16011,Hellevoetsluis,Bilinmiyor,1
65505,Van Riedevliet 26,EVBox,51.84792,4.53334,Barendrecht,Bilinmiyor,1
65504,Guldenweg 73,Allego BV,51.846166,4.648399,Hendrik-Ido-Ambacht,Bilinmiyor,1
65503,Spinbolmolen 4,Allego BV,51.84182796,4.69513746,Papendrecht,Bilinmiyor,1
65502,Multatulistraat 50,Allego BV,51.8389541,5.0015874,Gorinchem,Bilinmiyor,1
65501,Triathlonweg 13,Shell Recharge Solutions (BE),51.8380716337108,4.14023347022146,Hellevoetsluis,Bilinmiyor,1
65500,Molenhoef 46,Allego BV,51.835401,4.628276,Hendrik-Ido-Ambacht,Bilinmiyor,1
65499,De Heerenhof 33,Shell Recharge Solutions (BE),51.8336224,4.6359795,Hendrik-Ido-Ambacht,Bilinmiyor,1
65498,Korte Langesteijn,EVBox,51.83334,4.61527,Hendrik-Ido-Ambacht,Bilinmiyor,1
65497,Vissersdijk 81a,Allego BV,51.83227468,4.97969439,Gorinchem,Bilinmiyor,1
65496,Blauwkapel 20,EVBox,51.8305,5.01141,Gorinchem,Bilinmiyor,1
65495,Fonteinkruid 23,Allego BV,51.83045,4.656179,Hendrik-Ido-Ambacht,Bilinmiyor,1
65494,Leeghwaterstraat 55,EVBox,51.82916,4.76501,Sliedrecht,Bilinmiyor,1
65493,Leeghwaterstraat 59,EVBox,51.82897,4.76516,Sliedrecht,Bilinmiyor,1
65492,Kalkhaven 64,Allego BV,51.8282,4.978048,Gorinchem,Bilinmiyor,1
65491,Molendijk 86,Allego BV,51.82750962,4.40787231,Oud-Beijerland,Bilinmiyor,1
65490,Haringvlietplein,Allego BV,51.82609669,4.04351797,Goeree-Overflakkee,Bilinmiyor,1
65488,Bomansstraat 5,Shell Recharge Solutions (BE),51.819206,4.4393496,Oud-Beijerland,Bilinmiyor,1
65487,Loevestein 2,EVnetNL,51.81846,4.951841,Werkendam,Bilinmiyor,2
65486,Pieter de Hooghlaan 29,Allego BV,51.81741274,4.41114551,Oud-Beijerland,Bilinmiyor,1
65485,Zesweg 140,EVBox,51.81724,5.7457,Wijchen,Bilinmiyor,1
65484,Nieuwe Haven 53,Allego BV,51.81545617,4.66172651,Dordrecht,Bilinmiyor,1
65483,Ravelstraat 7,Allego BV,51.8153569,4.42971124,Oud-Beijerland,Bilinmiyor,1
65482,Waalkade 24,Allego BV,51.81490472,5.24841628,Zaltbommel,Bilinmiyor,1
65480,Staddijk 123,Shell Recharge Solutions (BE),51.812912,5.7841026,Nijmegen,Bilinmiyor,1
65479,Zomertaling 6,Allego BV,51.812706,5.7310208,Wijchen,Bilinmiyor,1
65478,Noordhoveweg 2,Allego BV,51.81130076,4.67948994,Dordrecht,Bilinmiyor,1
65477,Riouwstraat 136,Allego BV,51.808015,4.68172,Dordrecht,Bilinmiyor,1
65476,Biezenbloker 2,Allego BV,51.80580388,4.5574195,Binnenmaas,Bilinmiyor,1
65475,Krommedijk 147,Allego BV,51.804999,4.681156,Dordrecht,Bilinmiyor,1
65474,Willemstraat 1,Allego BV,51.80388,4.67673218,Dordrecht,Bilinmiyor,1
65473,Driehoek 5C,Allego BV,51.782169,4.6705344,Dordrecht,Bilinmiyor,1
65472,Assumburg,Allego BV,51.772928,4.668149,Dordrecht,Bilinmiyor,1
65470,Eikenboomgaard,Ecotap,51.772164,5.526886,Oss,Bilinmiyor,2
65469,Aventurijn 1200,EVBox,51.76991,4.63627,Dordrecht,Bilinmiyor,1
65468,Industriepark 11,Shell Recharge Solutions (BE),51.7415845,5.64463169999999,Landerd,Bilinmiyor,1
65467,Haven 4,Allego BV,51.7400271,4.24342909,Goeree-Overflakkee,Bilinmiyor,1
65466,Burgemeester de Zeeuwstraat 118,Ecotap,51.737467,4.440203,Cromstrijen,Bilinmiyor,2
65465,Maïsveld 1,EVBox,51.73605,5.32333,'s-Hertogenbosch,Bilinmiyor,1
65464,Elstweg 12,EVBox,51.72461,5.82244,Cuijk,Bilinmiyor,1
65463,Piersonstraat 6,EVBox,51.71924,5.25772,Sint-Oedenrode,Bilinmiyor,1
65462,J.J. Boeijesweg 45-0015,EVBox,51.71581,3.72372,Schouwen-Duiveland,Bilinmiyor,1
65461,Ketsheuvel 49,EVnetNL,51.705605,5.306333,'s-Hertogenbosch,Bilinmiyor,2
65460,Beethovenlaan 13,Shell Recharge Solutions (BE),51.7018196,5.2185154,Heusden,Bilinmiyor,1
65459,Boezemweg 13o,EVBox,51.69233,4.22154,Goeree-Overflakkee,Bilinmiyor,1
65458,Kerkstraat 50,EVnetNL,51.66323,4.750548,Drimmelen,Bilinmiyor,2
65457,Vughterhage 49,Allego BV,51.66269569,5.28630217,Vught,Bilinmiyor,1
65456,Middenakker 18,Shell Recharge Solutions (BE),51.6559318960647,4.81292742955679,Oosterhout,Bilinmiyor,1
65455,Slijpsteen 12,EVBox,51.65057,4.82738,Oosterhout,Bilinmiyor,1
65454,Theresialaan 91,Allego BV,51.65019407,5.28323885,Vught,Bilinmiyor,1
65453,Egeldonk 2,Allego BV,51.6335795,4.9453636,Dongen,Bilinmiyor,1
65452,Rosariopark 60,Allego BV,51.62779579,4.93683157,Dongen,Bilinmiyor,1
65451,Den Domp 29,EVBox,51.62711,3.98205,Schouwen-Duiveland,Bilinmiyor,1
65450,Tram 1,EVBox,51.624,4.95587,Delft,Bilinmiyor,1
65448,Heidehof 1,EVBox,51.61705,4.82673,Breda,Bilinmiyor,1
65447,Verzonken Kasteel 108,Allego BV,51.6105881,5.15804661,Tilburg,Bilinmiyor,1
65446,Groeningsestraat 20,Shell Recharge Solutions (BE),51.6063724,6.0009853,Boxmeer,Bilinmiyor,1
65444,Drukkerij 6,Shell Recharge Solutions (BE),51.5875352,4.3050551,Steenbergen,Bilinmiyor,2
65443,Hillegomlaan 24,Allego BV,51.5803993,5.00262613,Tilburg,Bilinmiyor,1
65441,Gageldonk 19,EVBox,51.57646,4.31174,Steenbergen,Bilinmiyor,1
65440,Oostpoort 10,EVBox,51.57023,4.65975,Etten-Leur,Bilinmiyor,1
65439,Burgemeester Beenshof 8,EVBox,51.5669,4.78667,Breda,Bilinmiyor,1
65438,Le Sage ten Broekstraat 28,Allego BV,51.56458151,5.08240625,Tilburg,Bilinmiyor,1
65437,Bredaseweg,Ecotap,51.559644,5.035166,Tilburg,Bilinmiyor,2
65436,Groenstraat 73,Allego BV,51.54747887,5.09603606,Tilburg,Bilinmiyor,1
65435,Krukkerd 3,Shell Recharge Solutions (BE),51.5251424,5.2921699,Oirschot,Bilinmiyor,1
65433,Carolushof 10,EVBox,51.5064,5.62694,Laarbeek,Bilinmiyor,1
65432,Industrieweg 155,EVBox,51.5022,5.4028,Best,Bilinmiyor,1
65431,Wesselmanlaan 33,Ecotap,51.482262,5.64368,Helmond,Bilinmiyor,2
65430,Watermolenwal,Allego BV,51.48161278,5.65517548,Helmond,Bilinmiyor,1
65429,Boerhaavelaan 55,Allego BV,51.47840562,5.6375045,Helmond,Bilinmiyor,1
65428,Lage Dijk,EVBox,51.46352,5.67792,Helmond,Bilinmiyor,1
65427,Rietven 75,EVnetNL,51.462595,5.769597,Deurne,Bilinmiyor,2
65426,Vennekeshof 16,Bilinmiyor,51.461935337649,5.7703623175621,Deurne,Bilinmiyor,1
65425,Willi Martinalistraat 16,EVBox,51.46213,5.77419,Deurne,Bilinmiyor,1
65424,Stationsstraat 122,Allego BV,51.458034,5.785169,Deurne,Bilinmiyor,1
65422,Luchthavenweg 13,Alfen,51.456633,5.390486,Eindhoven,Bilinmiyor,1
65420,Heiderschoor 26,Bilinmiyor,51.45167,5.58111,Geldrop-Mierlo,Bilinmiyor,1
65419,Celebeslaan,EVBox,51.44744,5.50501,Eindhoven,Bilinmiyor,1
65418,Sojadijk,EVBox,51.44692,5.71409,Helmond,Bilinmiyor,1
65417,Witveldweg 102,EVBox,51.44665,6.07292,Horst aan de Maas,Bilinmiyor,1
65416,Wielewaal,EVnetNL,51.43118,5.564588,Geldrop-Mierlo,Bilinmiyor,2
65415,De Run,EVBox,51.40413,5.40957,Veldhoven,Bilinmiyor,1
65414,De volksabdij,(Business Owner at Location),51.4076353349479,4.34372387039182,Woensdrecht,"Private - For Staff, Visitors or Customers",1
65413,Hooghbeemd 17,Allego BV,51.3953265,5.44502379,Waalre,Bilinmiyor,1
65412,Den Hof 10,Allego BV,51.3949246,5.4745256,Waalre,Bilinmiyor,1
65411,Turfweg 1,Bilinmiyor,51.386904,5.378103,Veldhoven,Bilinmiyor,2
65409,Oude Provincialeweg 23,EVBox,51.3723,5.20915,Bladel,Bilinmiyor,1
65408,Emmaplein 5,EVBox,51.34156,6.15188,Venlo,Bilinmiyor,1
65406,Montfortstraat 103,Bilinmiyor,51.306967,6.116869,Venlo,Bilinmiyor,1
65405,Oud Ferdinandusdijk,EVBox,51.26616,4.00368,Hulst,Bilinmiyor,1
65400,Elmpterweg 44A,EVBox,51.20115,6.02109,Roermond,Bilinmiyor,1
65384,Chromiumweg 12,EVBox,50.87739,5.9708,Amersfoort,Bilinmiyor,1
65383,Douve Weienstraat 8,EVBox,50.87465,5.98715,Heerlen,Bilinmiyor,1
65380,Witte Wereld,Bilinmiyor,50.875113,6.018621,Landgraaf,Bilinmiyor,2
65378,Witte Wereld 1,Bilinmiyor,50.87453,6.01943,Landgraaf,Bilinmiyor,1
65377,Nieuweweg 38,Bilinmiyor,50.868756,5.834812,Valkenburg aan de Geul,Bilinmiyor,1
65375,Molenweg 113,Shell Recharge Solutions (BE),50.8627875,5.7384424,Maastricht,Bilinmiyor,1
65342,Glashaven,EVBox,51.9165,4.48586,Rotterdam,Bilinmiyor,1
65332,Corbion Purac,EVBox,51.8441094,4.9862181,Gorinchem,"Private - For Staff, Visitors or Customers",5
65330,Winkelcentrum Westpolder,Allego BV,51.8366957018516,4.6856153011322,Papendrecht,Public,2
65291,Grand Hotel Amrâth ,Tesla (Tesla-only charging),52.1129813,4.28208970000003,Den Haag,"Private - For Staff, Visitors or Customers",1
65290,Hotel Manhattan Marriott,Tesla (Tesla-only charging),51.9224229492324,4.47158544940451,Rotterdam,"Private - For Staff, Visitors or Customers",2
65044,Bisde,Allego BV,51.91146290146136,5.178701877593994,Beesd,Public - Membership Required,1
65033,Residence Wijnimport,(Unknown Operator),52.193335,4.6121807,Roelofarendsveen,Public - Membership Required,2
64916,Goudreinet Vuren,Allego BV,51.83913159999999,5.0910221,Vuren,Public - Membership Required,4
64594,Travelcard Lingehorst,"MisterGreen, The Fast Charger Network",51.91240270264993,5.180922746658325,Beesd,(Unknown),1
64510,Heembouw,EVBox,52.2025853,4.6192757,Roelofarendsveen,Public,4
64220,Oostmahorn 31,EVBox,53.38198,6.15731,Dongeradeel,Bilinmiyor,1
64216,Kleasterwei 41,EVBox,53.3305,5.82611,Ferwerderadiel,Bilinmiyor,1
64215,Beurtvaart 4,EVBox,53.32089,6.02051,Dongeradeel,Bilinmiyor,1
64214,Hogelandsterweg 14,Shell Recharge Solutions (BE),53.3192549,6.92125190000002,Delfzijl,Bilinmiyor,2
64212,Kerkuil 14,Shell Recharge Solutions (BE),53.302018,6.58536960000004,Bedum,Bilinmiyor,1
64210,Bartlehiem 11,EVBox,53.27214,5.83787,Tytsjerksteradiel,Bilinmiyor,1
64209,Brédyk,EVBox,53.2535,5.75107,Leeuwarderadeel,Bilinmiyor,1
64208,Menoldalaan 10,Bilinmiyor,53.239235268217,6.837100982666,Slochteren,Bilinmiyor,1
64207,Neptunusstraat 80,Allego BV,53.2342889,6.53575346,Groningen,Bilinmiyor,1
64206,Kastanjelaan,Allego BV,53.2310082,6.5543909,Groningen,Bilinmiyor,1
64205,Bernoulliplein 1,Allego BV,53.22861014,6.56561678,Groningen,Bilinmiyor,1
64204,Zaagmuldersweg,Allego BV,53.22854042,6.57628024,Groningen,Bilinmiyor,1
64203,Akkerstraat 26,Allego BV,53.22776709,6.5577776,Groningen,Bilinmiyor,1
64202,Noorderbinnensingel 139b,Allego BV,53.2208113,6.5563085,Groningen,Bilinmiyor,1
64201,Noorderhaven 20,Allego BV,53.2201683,6.56016199,Groningen,Bilinmiyor,1
64200,Verlengde Visserstraat 10a,Allego BV,53.2182429,6.55671119,Groningen,Bilinmiyor,1
64198,Trompstraat,Bilinmiyor,53.215875,6.574977,Groningen,Bilinmiyor,2
64197,Jeverweg 18,Shell Recharge Solutions (BE),53.2156205,6.61764740000001,Groningen,Bilinmiyor,1
64196,Stavangerweg 23-14,Shell Recharge Solutions (BE),53.2134977,6.6090539,Groningen,Bilinmiyor,1
64195,Mr. P.J. Troelstraweg 58,EVBox,53.20863,5.78514,Leeuwarden,Bilinmiyor,1
64194,Groningerplein 9,Allego BV,53.2085273,5.80619563,Leeuwarden,Bilinmiyor,1
64193,Spanjaardslaan,Allego BV,53.20624418,5.79640126,Leeuwarden,Bilinmiyor,1
64192,Hooghoudtstraat 2,EVBox,53.20561,6.6141,Groningen,Bilinmiyor,1
64191,Harlingerstraatweg 70,Allego BV,53.20496444,5.77879095,Leeuwarden,Bilinmiyor,1
64189,Hereweg 95a,EVBox,53.20413,6.57437,Groningen,Bilinmiyor,1
64188,Ryksstrjitwei 5,FastNed,53.20374,5.68262,Menameradiel,Bilinmiyor,2
64187,Groenendaal 35,Allego BV,53.2016662,6.58641979,Groningen,Bilinmiyor,1
64185,Laan van de Vrede,Bilinmiyor,53.20032,6.55488,Groningen,Bilinmiyor,1
64184,Eemsgolaan 9,EVBox,53.19886,6.51979,Groningen,Bilinmiyor,1
64183,Overwinningsplein 65,Allego BV,53.1986277,6.55977729,Groningen,Bilinmiyor,1
64182,Duinkerkenstraat,EVnetNL,53.197653,6.612509,Groningen,Bilinmiyor,1
64180,De Citrus 4,Allego BV,53.19233801,5.81411793,Leeuwarden,Bilinmiyor,1
64178,Curaçaostraat 18,EVBox,53.18883,5.7848,Leeuwarden,Bilinmiyor,1
64177,Galvanistraat,Ecotap,53.188552,5.768535,Leeuwarden,Bilinmiyor,2
64176,De Kolk 33C,EVBox,53.1832,6.16654,Achtkarspelen,Bilinmiyor,1
64175,McDonald's,Ecotap,53.182217,5.46215,Harlingen,Bilinmiyor,2
64174,Frouwesân 115,EVBox,53.1796,5.85487,Leeuwarden,Bilinmiyor,1
64173,Scheepswervenweg 7,EVBox,53.17382,6.69822,Westerbroek,Bilinmiyor,1
64171,Roomsterweg 1,EVBox,53.15407,6.37999,Leek,Bilinmiyor,1
64170,Oosterzoom 17,EVBox,53.15171,6.50095,Noordenveld,Bilinmiyor,1
64169,De Emma 2,EVBox,53.12191,6.09083,Smallingerland,Bilinmiyor,1
64168,Ringweg 11,EVBox,53.119448,6.098751,Smallingerland,Bilinmiyor,1
64167,De Boeg 12,EVBox,53.11406,6.06353,Smallingerland,Bilinmiyor,1
64166,Winschoterweg 17,Shell Recharge Solutions (BE),53.1133367,7.0608064,Bellingwedde,Bilinmiyor,1
64165,Gjalt de Jongstraat 25,EVBox,53.10366,6.06446,Smallingerland,Bilinmiyor,1
64164,Gjalt de Jongstraat 65,EVBox,53.1038,6.06036,Smallingerland,Bilinmiyor,1
64163,Tjonger 19,Allego BV,53.09819643,6.08034548,Smallingerland,Bilinmiyor,1
64162,De Gilden 1,EVBox,53.09383,6.17619,Opsterland,Bilinmiyor,1
64161,De Blei 13,EVBox,53.08374,5.83309,Leeuwarden,Bilinmiyor,1
64160,De Marne 211,EVBox,53.07022,5.50149,Súdwest-Fryslân,Bilinmiyor,1
64159,De Opstekker,EVBox,53.0561,5.84879,Heerenveen,Bilinmiyor,1
64158,Schilderend 100,Shell Recharge Solutions (BE),53.0508326,4.8060799,Texel,Bilinmiyor,1
64157,Douwe Hiddesstraat 12,EVBox,53.04762,5.67579,Súdwest-Fryslân,Bilinmiyor,1
64156,De Potten 33,EVBox,53.03058,5.7252,Súdwest-Fryslân,Bilinmiyor,1
64155,Voltastraat 5,EVBox,53.01697,5.68661,Súdwest-Fryslân,Bilinmiyor,1
64154,Eegracht 17,EVBox,53.0097,5.62269,Súdwest-Fryslân,Bilinmiyor,1
64153,Stationsstraat 3,EVnetNL,53.004331,6.763933,Aa en Hunze,Bilinmiyor,1
64151,Tijmstraat 75,EVBox,53.00165,6.50626,Assen,Bilinmiyor,1
64150,Mast 17,Shell Recharge Solutions (BE),52.9971967,6.9513579,Stadskanaal,Bilinmiyor,1
64149,Houtlaan 74,EVBox,52.99649,6.59192,Assen,Bilinmiyor,1
64148,Brinkstraat 10,EVBox,52.99194,6.29289,Ooststellingwerf,Bilinmiyor,1
64147,Zoltstede 10,Shell Recharge Solutions (BE),52.9842698,6.3026917,Ooststellingwerf,Bilinmiyor,1
64146,Cypreslaan 9,EVBox,52.98097,6.56239,Assen,Bilinmiyor,1
64145,De Draei,EVBox,52.97267,5.61425,Súdwest-Fryslân,Bilinmiyor,1
64144,Hazelaar 4,EVBox,52.96936,5.91617,Heerenveen,Bilinmiyor,1
64143,Sinnebuorren 1,EVnetNL,52.966892,5.79942,De Fryske Marren,Bilinmiyor,2
64142,Jacob Hepkemastraat 44,EVBox,52.96375,5.92003,Heerenveen,Bilinmiyor,1
64141,Harddraversweg 95,EVBox,52.96162,5.78329,De Fryske Marren,Bilinmiyor,1
64140,it Foardek 9,EVBox,52.96103,5.90141,Heerenveen,Bilinmiyor,1
64138,Appelhôf 9,EVBox,52.95729,5.71986,De Fryske Marren,Bilinmiyor,1
64137,Dalhuysenstraat 32,EVBox,52.95755,5.93457,Heerenveen,Bilinmiyor,1
64136,De Blocq van Scheltingaweg 1,EVBox,52.95035,5.96538,Heerenveen,Bilinmiyor,1
64135,Eendenkooi 19,Shell Recharge Solutions (BE),52.9465911524577,5.91834844365542,Heerenveen,Bilinmiyor,1
64134,Sluisstraat 56,EVBox,52.94519,6.99644,Stadskanaal,Bilinmiyor,1
64132,Heerenveenseweg 2B,Bilinmiyor,52.93955,6.12545,Ooststellingwerf,Bilinmiyor,2
64131,Schoterlandseweg 9,Shell Recharge Solutions (BE),52.9345857,5.9913694,Heerenveen,Bilinmiyor,1
64130,Industrieweg,EVBox,52.93398,5.94651,Heerenveen,Bilinmiyor,1
64129,Vaartweg 108,Shell Recharge Solutions (BE),52.9167296,6.4105976,Midden-Drenthe,Bilinmiyor,1
64127,Floriadepark,EVBox,52.06378,4.91122,Haarlemmermeer,Bilinmiyor,1
64125,Middelweg 119,EVBox,52.88055,5.37861,Súdwest-Fryslân,Bilinmiyor,1
64124,Doldersummerweg,EVBox,52.86635,6.29923,Westerveld,Bilinmiyor,1
64121,Koningin Wilhelminalaan,EVBox,52.84335,6.09109,Steenwijkerland,Bilinmiyor,1
64120,Mr. J.B. Kanweg 3-163,EVBox,52.83418,6.66628,Midden-Drenthe,Bilinmiyor,1
64118,Het Schar,EVBox,52.7932,6.13028,Steenwijkerland,Bilinmiyor,1
64117,Spoorpad,EVBox,52.79075,6.12025,Steenwijkerland,Bilinmiyor,1
64116,Oosterstraat 15,Shell Recharge Solutions (BE),52.7887089,4.803512,Schagen,Bilinmiyor,1
64115,Heerenweg 75,Shell Recharge Solutions (BE),52.7868296,4.86942590000001,Hollands Kroon,Bilinmiyor,1
64114,Boermarkeweg,EVBox,52.78521,6.91476,Emmen,Bilinmiyor,1
64113,Menisweg 21,EVBox,52.78253,4.77997,Schagen,Bilinmiyor,1
64112,Witte Paal 217,EVBox,52.78123,4.81226,Schagen,Bilinmiyor,1
64110,Broekslagen 14,EVBox,52.77626,6.09438,Steenwijkerland,Bilinmiyor,1
64109,Nautilusstraat 1B,EVBox,52.77228,6.92153,Emmen,Bilinmiyor,1
64108,Nijbracht 10,Bilinmiyor,52.762856030589,6.9073829054832,Emmen,Bilinmiyor,2
64106,Informaticalaan 9,Shell Recharge Solutions (BE),52.7524159,6.92008269999997,Delft,Bilinmiyor,1
64105,Verlengde Hoogeveense Vaart,Shell Recharge Solutions (BE),52.7357411,6.7205607,Coevorden,Bilinmiyor,1
64104,Vijverweg 14,EVBox,52.73509,4.88698,Hollands Kroon,Bilinmiyor,1
64103,Industrieweg 5,Shell Recharge Solutions (BE),52.7321729066378,6.47879004478455,Hoogeveen,Bilinmiyor,1
64102,Hargerstrandweg,Allego BV,52.714886,4.645567,Bergen (NH),Bilinmiyor,1
64101,Heereweg 150,Allego BV,52.7141381,4.68302266,Bergen (NH),Bilinmiyor,1
64100,Middenweijdt 17-GAR,Allego BV,52.711078,4.69659,Bergen (NH),Bilinmiyor,1
64099,de Deel 1,EVBox,52.71037,5.75458,Noordoostpolder,Bilinmiyor,1
64098,Oorsprongweg 2,Allego BV,52.70647153,4.69014269,Bergen (NH),Bilinmiyor,1
64097,Randweg 14,Allego BV,52.697394,5.745553,Noordoostpolder,Bilinmiyor,1
64096,Celsiusstraat 2,EVBox,52.68651,4.8375,Heerhugowaard,Bilinmiyor,1
64095,Spoorstraat 5A,EVBox,52.68161,5.03329,Medemblik,Bilinmiyor,1
64094,Jan Mostaertlaan 18,Allego BV,52.6776457,4.85770476,Heerhugowaard,Bilinmiyor,1
64093,Floris van Wevelikhovenstraat 2,Shell Recharge Solutions (BE),52.6763208,5.9642901,Steenwijkerland,Bilinmiyor,1
64092,Ambachtsweg 14,EVBox,52.67453,6.99293,Emmen,Bilinmiyor,1
64091,Ide Klaas Minlaan,EVBox,52.67151,4.71418,Bergen (NH),Bilinmiyor,1
64090,Rondelaan 22,EVBox,52.67148,4.69192,Bergen (NH),Bilinmiyor,1
64089,Kanaaldijk 211C,Allego BV,52.66984785,4.75286419,Alkmaar,Bilinmiyor,1
64088,Bangert 63,EVBox,52.6669,5.08509,Hoorn,Bilinmiyor,1
64086,Wachtdeur 10,Shell Recharge Solutions (BE),52.6643211,4.7911802,Langedijk,Bilinmiyor,1
64085,Hulstlaan 2,Allego BV,52.66298726,4.83620139,Heerhugowaard,Bilinmiyor,1
64084,Paardenweide 3,Allego BV,52.66198673,5.04507742,Hoorn,Bilinmiyor,1
64083,Bergkristal 1,Allego BV,52.66010178,4.82481955,Heerhugowaard,Bilinmiyor,1
64082,Monierweg 5,Shell Recharge Solutions (BE),52.6572944,6.72931059999996,Coevorden,Bilinmiyor,1
64081,Meelmolen 19,Allego BV,52.65619576,4.83657657,Heerhugowaard,Bilinmiyor,1
64080,Einsteinweg 4,Shell Recharge Solutions (BE),52.6561579,6.7272806,Coevorden,Bilinmiyor,1
64078,Schulpengat 12,EVBox,52.65278,5.61516,Urk,Bilinmiyor,1
64077,Schulpengat 12,EVBox,52.65242,5.61494,Urk,Bilinmiyor,1
64076,P.C.Boutensstraat 62,Allego BV,52.6525416,4.7718434,Alkmaar,Bilinmiyor,1
64075,Branding 22,EVBox,52.6496,4.78089,Alkmaar,Bilinmiyor,1
64074,Ida Gerhardtstraat 11,EVBox,52.64932,4.76728,Alkmaar,Bilinmiyor,1
64073,Sara de Bronóvoland 8,Allego BV,52.64910196,4.81527008,Heerhugowaard,Bilinmiyor,1
64072,Koepoortsweg 63,Shell Recharge Solutions (BE),52.6482788,5.05642609999995,Hoorn,Bilinmiyor,1
64071,H.T.Kuipers-Rietbergtuin 20,Allego BV,52.6449232,4.8304807,Heerhugowaard,Bilinmiyor,1
64070,Zuiderlicht 131,EVBox,52.64353,4.80815,Heerhugowaard,Bilinmiyor,1
64069,Rietbeek 7,EVBox,52.63989,6.05924,Zwartewaterland,Bilinmiyor,1
64068,Grote Oost 40,Allego BV,52.63946902,5.06209237,Hoorn,Bilinmiyor,1
64067,Scheldestraat 71,Bilinmiyor,52.629469199912,4.7670538723469,Alkmaar,Bilinmiyor,2
64066,Willem de Zwijgerlaan 18,Allego BV,52.62348187,4.74169086,Alkmaar,Bilinmiyor,1
64065,Dokter Wiardi Beckmanlaan 42,Allego BV,52.62327348,4.62480031,Bergen (NH),Bilinmiyor,1
64064,Oranjelaan 57,EVBox,52.62228,4.72557,Alkmaar,Bilinmiyor,1
64062,Trompstraat 12,Allego BV,52.6194344,4.62695172,Bergen (NH),Bilinmiyor,1
64061,Nylonstraat 14a,EVBox,52.61587,6.06094,Genemuiden,Bilinmiyor,1
64059,Laan van Zeeman 30,EVBox,52.60546,4.72491,Heiloo,Bilinmiyor,1
64058,Het Hoekstuk 25,Allego BV,52.60423069,4.68762015,Heiloo,Bilinmiyor,1
64057,Fluorietweg 21B,Shell Recharge Solutions (BE),52.602098,4.7421596,Alkmaar,Bilinmiyor,1
64056,Kamperzeedijk 29,EVBox,52.59797,6.01335,Kamperzeedijk-Oost,Bilinmiyor,1
64055,Vaartweg,EVBox,52.59294,6.09504,Zwartewaterland,Bilinmiyor,1
64054,F. Wiedijk Jznstraat 17,Allego BV,52.58021634,4.84901471,Alkmaar,Bilinmiyor,1
64052,Vechtstraat 3,EVBox,52.5679,6.61948,Hardenberg,Bilinmiyor,1
64051,Karekiet 4,EVBox,52.5676,5.94449,Kampen,Bilinmiyor,1
64050,Constructieweg 49,EVBox,52.56709,5.87531,Kampen,Bilinmiyor,1
64049,Hertenkamplaan 13,EVBox,52.5655,5.63604,Dronten,Bilinmiyor,1
64048,Oldemeijerweg 3,Ecotap,52.561595,6.581607,Hardenberg,Bilinmiyor,2
64046,Gildestraat 17,EVBox,52.56067,5.88446,Kampen,Bilinmiyor,1
64044,Van Bergenlaan 10,Allego BV,52.55975935,4.65686513,Castricum,Bilinmiyor,1
64042,Sleutelbloem 25,Allego BV,52.553772,4.67800576,Castricum,Bilinmiyor,1
64041,Bernardus Hollanderstraat 5,Shell Recharge Solutions (BE),52.5511768,4.9075936,Beemster,Bilinmiyor,1
64037,De Reest 3,ThePluginCompany (Belgium),52.537867,5.712749,Dronten,Bilinmiyor,2
64035,van Ostadestraat 96,Shell Recharge Solutions (BE),52.5324047,6.4322664,Ommen,Bilinmiyor,1
64034,Hoorne 32,Alfen,52.530974,4.71688,Uitgeest,Bilinmiyor,1
64033,Hoofdweg,EVBox,52.52981,4.64828,Heemskerk,Bilinmiyor,1
64031,Karveel 56 34,Allego BV,52.5233899,5.45280413,Lelystad,Bilinmiyor,1
64030,Pedro de Medinalaan 51,EVBox,52.52168,6.08456,Amsterdam,Bilinmiyor,1
64028,Badweg,EVnetNL,52.520054,5.494051,Lelystad,Bilinmiyor,2
64027,Lelybaan,Allego BV,52.519548,5.43748632,Lelystad,Bilinmiyor,1
64026,Branderweg 17,Shell Recharge Solutions (BE),52.5179355,6.05698,Zwolle,Bilinmiyor,1
64025,Burg. Roelenweg 15,Shell Recharge Solutions (BE),52.5178229,6.08377050000001,Zwolle,Bilinmiyor,1
64023,Hamerstraat 8,EVBox,52.51577,5.0408,Edam-Volendam,"Private - For Staff, Visitors or Customers",1
64022,Wipstrikkerallee 71,EVBox,52.51223,6.11385,Zwolle,Bilinmiyor,1
64021,Zeelaan 20,Allego BV,52.50866238,4.66390083,Heemskerk,Bilinmiyor,1
64020,Witte Vlinderweg 11,EVBox,52.50571,4.78876,Zaanstad,Bilinmiyor,1
64018,Donaulaan 51,Allego BV,52.50138765,4.94235852,Purmerend,Bilinmiyor,1
64017,Luxemburglaan 174,Allego BV,52.50051987,4.68030117,Heemskerk,Bilinmiyor,1
64015,Akermaat,FastNed,52.498633317647,4.69879420043662,Heemskerk,Bilinmiyor,2
64014,Kreil 12,Allego BV,52.4986,5.05431,Edam-Volendam,Bilinmiyor,1
64013,Luxemburglaan 217,Allego BV,52.49548835,4.67222888,Heemskerk,Bilinmiyor,1
64011,Zwanebloem,Allego BV,52.49467334,4.95281342,Purmerend,Bilinmiyor,1
64010,Van Burgplein,Allego BV,52.49424399,4.96789975,Purmerend,Bilinmiyor,1
64007,Pamir 1,EVBox,52.49153,4.75083,Zaanstad,Bilinmiyor,1
64006,Baileystraat 8,Shell Recharge Solutions (BE),52.4915172,6.1331227,Zwolle,Bilinmiyor,2
64005,Wederiklaan 34,Allego BV,52.48994495,5.44858446,Lelystad,Bilinmiyor,1
64004,Zwarte Ring 108,Allego BV,52.48984203,4.74402663,Zaanstad,Bilinmiyor,1
64003,Nieuwe Deventerweg 101-1,EVBox,52.48859,6.11081,Zwolle,Bilinmiyor,1
63998,Kolenveldweg,Shell Recharge Solutions (BE),52.4732746,4.57890339999995,Velsen,Bilinmiyor,1
63997,Kalf 132,Allego BV,52.46984649,4.82728542,Zaanstad,Bilinmiyor,1
63996,Watermolenstraat 116,Allego BV,52.46101,4.764173,Zaanstad,Bilinmiyor,1
63995,Jan Pieterszoon Coenstraat 85,Shell Recharge Solutions (BE),52.4602933,4.61188637672126,Velsen,Bilinmiyor,1
63994,Snelliusstraat 27,Allego BV,52.46007929,4.60289484,Velsen,Bilinmiyor,1
63993,Swaensborch 1,Allego BV,52.45611,5.03695,Waterland,Bilinmiyor,1
63991,Groot Helmduin 2,Allego BV,52.45114877,4.59773822,Velsen,Bilinmiyor,1
63990,Van den Vondellaan 14,Allego BV,52.44775041,4.63825059,Velsen,Bilinmiyor,1
63987,De Kamp 35,Allego BV,52.43989343,4.65764982,Velsen,Bilinmiyor,1
63986,Looweg 47-R273,EVBox,52.4394,5.95472,Oldebroek,Bilinmiyor,1
63985,Rijksweg 384,Allego BV,52.43378051,4.64797066,Velsen,Bilinmiyor,1
63984,Linnaeusstraat 226,Allego BV,52.43347934,4.8545213,Zaanstad,Bilinmiyor,1
63983,Kleine Steng,Ecotap,52.431744,4.774645,Zaanstad,Bilinmiyor,2
63982,Pieter Jelles Troelstralaan 54,Allego BV,52.43168533,4.84286198,Zaanstad,Bilinmiyor,1
63981,Ducaatstraat 42,EVBox,52.4285,4.79882,Zaanstad,Bilinmiyor,1
63980,Eyndenhoefflaan 6,Shell Recharge Solutions (BE),52.4285436,4.6388851,Velsen,Bilinmiyor,1
63979,A. Molletstraat 14,Allego BV,52.42740054,4.66565171,Velsen,Bilinmiyor,1
63978,Sluispolderweg 5,EVBox,52.42708,4.85592,Zaanstad,Bilinmiyor,1
63977,Muiderslotweg 162,EVnetNL,52.417932,4.655116,Haarlem,Bilinmiyor,2
63976,Dukdalfweg 36,EVBox,52.4166,4.82559,Amsterdam,Bilinmiyor,1
63975,Johan Verhulstweg 22,Allego BV,52.41342762,4.62721157,Bloemendaal,Bilinmiyor,1
63974,Damsluisweg 79,EVBox,52.41167,5.24297,Almere,Bilinmiyor,1
63973,Oceanenweg 1,Bilinmiyor,52.409634,4.75966,Amsterdam,Bilinmiyor,2
63972,Hartenlustlaan 1-a5,Allego BV,52.40592749,4.62370883,Bloemendaal,Bilinmiyor,1
63971,Noorder Stationsweg 3,EVBox,52.40554,4.6249,Bloemendaal,Bilinmiyor,1
63970,Iepenlaan 90,Shell Recharge Solutions (BE),52.4026842,4.6259644,Bloemendaal,Bilinmiyor,1
63969,Corsicaweg 10,Shell Recharge Solutions (BE),52.4021045,4.8115058,Amsterdam,Bilinmiyor,1
63968,Glindeweg 17A,EVBox,52.40224,5.81883,Elburg,Bilinmiyor,1
63967,Sidoniastraat 30,Shell Recharge Solutions (BE),52.3981248,5.3231726,Almere,Bilinmiyor,1
63966,Delmaweg 21,EVBox,52.39757,6.72033,Tubbergen,Bilinmiyor,1
63964,Emrikweg 6,EVBox,52.39529,4.6649,Haarlem,Bilinmiyor,1
63963,Santpoorterplein 26,EVnetNL,52.394809,4.630192,Haarlem,Bilinmiyor,2
63962,Velserstraat 53,Allego BV,52.39332148,4.63296926,Haarlem,Bilinmiyor,1
63961,J.W. Lucasweg,Bilinmiyor,52.391124,4.667312,Haarlem,Bilinmiyor,2
63960,Wouwermanstraat 66,Allego BV,52.39100365,4.62848406,Haarlem,Bilinmiyor,1
63959,Groen van Prinstererstraat 7,EVBox,52.38594,5.79975,Nunspeet,Bilinmiyor,1
63957,Oleanderstraat 54,EVBox,52.38563,5.285,Almere,Bilinmiyor,1
63956,Haarlemmerstraatweg 149b,EVBox,52.38433,4.71474,Halfweg,Bilinmiyor,1
63955,Haarlemmerstraatweg 149a,EVBox,52.38465,4.71461,Haarlemmerliede en Spaarnwoude,Bilinmiyor,1
63954,IJdok,Shell Recharge Solutions (BE),52.3845252990723,4.8943600654602,Amsterdam,Bilinmiyor,1
63953,Marconiweg 4,Shell Recharge Solutions (BE),52.3813172153305,7.01805302275398,Dinkelland,Bilinmiyor,1
63952,Markerkant 15 1,EVnetNL,52.381143,5.216934,Almere,Bilinmiyor,1
63950,Van Oosten de Bruijnstraat,Allego BV,52.3770137,4.61904536,Haarlem,Bilinmiyor,1
63949,Johan Wagenaarring 32,Allego BV,52.374085,4.65262138,Haarlem,Bilinmiyor,1
63948,Kleine Houtweg 47,Allego BV,52.37382821,4.6343662,Haarlem,Bilinmiyor,1
63947,Dellenweg 115,Bilinmiyor,52.37365,5.97545,Epe,Bilinmiyor,1
63946,Dellenweg 115,Bilinmiyor,52.373566,5.975866,Epe,Bilinmiyor,2
63945,Marke Hasselo 10,EVBox,52.37038,6.69836,Almelo,Bilinmiyor,1
63944,Industrieweg 18,EVBox,52.37033,5.77821,Nunspeet,Bilinmiyor,1
63943,Simone Signoretstraat 27,EVBox,52.36894,5.23581,Almere,Bilinmiyor,1
63942,Simon van Collemstraat 14,EVnetNL,52.367345,5.23991,Almere,Bilinmiyor,2
63941,Plesmanlaan,EVBox,52.36717,5.79751,Nunspeet,Bilinmiyor,1
63940,Duindoornhof 5,EVBox,52.36411,4.57617,Zandvoort,Bilinmiyor,1
63938,Leidsevaartweg 99,EVBox,52.3597,4.60758,Heemstede,Bilinmiyor,1
63937,A. Roland Holststraat 37,Allego BV,52.35879109,5.1758937,Almere,Bilinmiyor,1
63935,van den Bergsweg 18,EVBox,52.35863,6.49625,Hellendoorn,Bilinmiyor,1
63934,Engelandlaan 349,Allego BV,52.35698098,4.64395631,Haarlem,Bilinmiyor,1
63933,Science Park,Shell Recharge Solutions (BE),52.3564043947753,4.95967754550782,Amsterdam,Bilinmiyor,1
63932,Kruissteenweg 23,Shell Recharge Solutions (BE),52.3561846765538,6.58497869968414,Wierden,Bilinmiyor,1
63931,Franz Schubertlaan 32,EVBox,52.35292,4.62591,Heemstede,Bilinmiyor,1
63929,Hageveld 1,EVBox,52.34786,4.63003,Heemstede,Bilinmiyor,1
63928,Martinus Nijhoffstraat 37,EVBox,52.34659,5.63033,Harderwijk,Bilinmiyor,1
63927,Fortwachter 4,Shell Recharge Solutions (BE),52.3469850759582,4.67218263491827,Haarlemmermeer,Bilinmiyor,1
63926,Spieringweg 613,Shell Recharge Solutions (BE),52.3468146713731,4.67220409259039,Haarlemmermeer,Bilinmiyor,1
63925,Tokyostraat 2,EVBox,52.34708,4.76425,Haarlemmermeer,Bilinmiyor,1
63924,Sporadenlaan 22,Bilinmiyor,52.346305458821,4.7941535711288,Amsterdam,Bilinmiyor,2
63923,Dinkellaan 11,Shell Recharge Solutions (BE),52.3454427,4.6056517,Heemstede,Bilinmiyor,1
63922,Johan Huizingalaan,EVBox,52.34296,4.82938,Amsterdam,Bilinmiyor,1
63920,employee access,EVBox,52.34084,4.82934,Amsterdam,Bilinmiyor,1
63919,Edisonstraat 11,Shell Recharge Solutions (BE),52.3383150941197,6.68429370311048,Almelo,Bilinmiyor,1
63918,H.J.E. Wenckebachweg 137,EVBox,52.33727,4.93338,Amsterdam,Bilinmiyor,1
63916,H.J.E. Wenckebachweg 78,EVBox,52.33441,4.92757,Ouder-Amstel,Bilinmiyor,1
63915,Stammerkamp 1-TRAF,EVBox,52.33315,4.98594,Diemen,Bilinmiyor,1
63914,Kazernestraat 14b,Allego BV,52.33099089,5.07139636,Gooise Meren,Bilinmiyor,1
63913,Twentepoort Oost 56,EVBox,52.32155,6.64892,Almelo,Bilinmiyor,1
63911,Loevesteinse Randweg,EVBox,52.32272,4.79136,Haarlemmermeer,Bilinmiyor,1
63910,Waddenweg 315,Allego BV,52.32296379,4.65714138,Haarlemmermeer,Bilinmiyor,1
63909,Boxbergerweg 32,EVBox,52.32155,6.17873,Olst-Wijhe,Bilinmiyor,1
63906,Tolweg 15,EVBox,52.31728,5.62256,Ermelo,Bilinmiyor,1
63905,Kryptonstraat 11,Ecotap,52.315662,6.4969,Rijssen-Holten,Bilinmiyor,2
63903,Brouwersdam 23,EVBox,52.31382,4.63528,Haarlemmermeer,Bilinmiyor,1
63902,Amsterdamseweg 204A,EVBox,52.31209,4.85044,Amstelveen,Bilinmiyor,1
63901,Engelsholm 140,Allego BV,52.311777,4.67682,Haarlemmermeer,Bilinmiyor,1
63900,Hangerad 1,EVBox,52.31062,6.52527,Rijssen-Holten,Bilinmiyor,1
63899,Jan Benninghstraat 62,Allego BV,52.310447,4.8536646,Amstelveen,Bilinmiyor,1
63897,Rhododendronlaan 7-TR,Ecotap,52.309027,6.959885,Losser,Bilinmiyor,2
63896,Ard Schenkstraat 26,Allego BV,52.3087568,4.64273901,Haarlemmermeer,Bilinmiyor,1
63895,De Stroekeld 1,EVBox,52.3085,6.5037,Rijssen-Holten,Bilinmiyor,1
63894,Wijkplaats 4,EVBox,52.30771,5.14868,Naarden,Bilinmiyor,1
63893,Groenlandstroom 23,EVBox,52.29252,5.27719,Huizen,Bilinmiyor,1
63892,Wijkplaats 10,EVBox,52.30867,5.14797,Naarden,Bilinmiyor,1
63890,Brederodelaan 3,EVBox,52.30519,5.63413,Ermelo,Bilinmiyor,1
63889,Lindholm 42A,Allego BV,52.30558513,4.66916182,Haarlemmermeer,Bilinmiyor,1
63888,Kollenbergweg 44,Alfen,52.305504,4.93812,Amsterdam,Bilinmiyor,1
63886,Industriestraat 6,EVBox,52.30559,6.74148,Borne,Bilinmiyor,1
63885,Textielstraat 46,Alfen,52.303855,6.923435,Oldenzaal,Bilinmiyor,1
63884,Putterweg 7A,EVBox,52.30049,5.63197,Ermelo,Bilinmiyor,1
63883,Lübeckstraat 26,Allego BV,52.29949806,6.9095201,Oldenzaal,Bilinmiyor,1
63882,Planetenweg 5,Bilinmiyor,52.29771,4.70333,Hoofddorp,Bilinmiyor,1
63881,Planetenweg 5,Bilinmiyor,52.297475,4.703089,Haarlemmermeer,Bilinmiyor,2
63880,Ceintuurbaan 2,EVBox,52.29584,5.23325,Huizen,Bilinmiyor,1
63878,Etta Palmstraat 153,EVBox,52.2961,4.67723,Haarlemmermeer,Bilinmiyor,1
63877,Oostkade 56,Allego BV,52.29580543,5.26559856,Huizen,Bilinmiyor,1
63874,Laan van de Helende Meesters 6,Shell Recharge Solutions (BE),52.2938234305304,4.87538695335388,Amstelveen,Bilinmiyor,1
63873,Meerkade 2a,EVBox,52.29247,5.14224,Naarden,Bilinmiyor,1
63871,Laan van de Helende Meesters,EVBox,52.2927,4.87305,Amstelveen,Bilinmiyor,1
63870,Wilhelminalaan 3,Alfen,52.2924805,4.5738602,Hillegom,Bilinmiyor,1
63868,Athanasiastraat 10,EVBox,52.29058,6.57655,Wierden,Bilinmiyor,1
63867,Topweg 41,EVBox,52.29201,6.80124,Hengelo,Bilinmiyor,1
63866,Dirk Storklaan 76,EVBox,52.28979,4.6739,Haarlemmermeer,Bilinmiyor,1
63865,Het Plein,Shell Recharge Solutions (BE),52.2895513590133,6.76721608934099,Hengelo,Bilinmiyor,1
63864,Borgmanweg,EVBox,52.28837,6.84721,Hengelo,Bilinmiyor,1
63863,Dirk Tersteeglaan 17,Shell Recharge Solutions (BE),52.2879981994629,5.16888475418091,Naarden,Bilinmiyor,1
63862,Zuidtangent,EVBox,52.29254,4.70333,Haarlemmermeer,Bilinmiyor,1
63861,Kielzog 6,EVBox,52.28722,5.2495,Huizen,Bilinmiyor,1
63860,Marijkeweg 3,EVBox,52.286,5.96721,Epe,Bilinmiyor,1
63859,van der Helstlaan 26,EVBox,52.28638,5.16556,Gooise Meren,Bilinmiyor,1
63858,Gerard Doulaan 26,Shell Recharge Solutions (BE),52.285289,5.17083249999996,Gooise Meren,Bilinmiyor,1
63857,Luttickduin 56B,Allego BV,52.28495978,4.82321796,Amstelveen,Bilinmiyor,1
63856,Tenierslaan 23,EVBox,52.28454,5.17271,Gooise Meren,Bilinmiyor,1
63855,Burgemeester van der Borchstraat 2,Shell Recharge Solutions (BE),52.2839295,6.4149163,Rijssen-Holten,Bilinmiyor,1
63853,Tespellaan 53,Ecotap,52.283658,4.525595,Noordwijkerhout,Bilinmiyor,2
63852,Comeniuslaan 12,EVBox,52.2837,5.15835,Gooise Meren,Bilinmiyor,1
63851,Hoffesstraat 41,EVBox,52.28262,6.43069,Rijssen-Holten,Bilinmiyor,1
63850,Burgemeester s'Jacoblaan 24,EVBox,52.2804,5.17551,Bussum,Bilinmiyor,1
63849,Westhove 242,Allego BV,52.279937,4.81844019,Amstelveen,Bilinmiyor,1
63848,Jacqueline van der Waalsheem 33,Shell Recharge Solutions (BE),52.2787013,4.5847563,Hillegom,Bilinmiyor,1
63847,Landuwerweg 11,EVBox,52.27795,6.44259,Rijssen-Holten,Bilinmiyor,1
63846,Bovenkerkerweg 83,Shell Recharge Solutions (BE),52.2774213,4.83704869999997,Amstelveen,Bilinmiyor,2
63845,Twelloseweg 102,EVBox,52.27726,6.10631,Voorst,Bilinmiyor,1
63844,Snoekbaarsstraat 78,Allego BV,52.27639193,4.80534283,Oosteinde,Bilinmiyor,1
63843,Bisonstraat 1,EVBox,52.2755,5.17731,Bussum,Bilinmiyor,1
63842,Lothariuslaan 72,EVBox,52.27412,5.1873,Gooise Meren,Bilinmiyor,1
63841,Dorpsstraat 47,Shell Recharge Solutions (BE),52.2725964,5.0294073,Stichtse Vecht,Bilinmiyor,1
63840,Spinner 20,Allego BV,52.271974,4.636151,Haarlemmermeer,Bilinmiyor,1
63839,Scheimel 12,Shell Recharge Solutions (BE),52.2718597770859,5.25485812883608,Blaricum,Bilinmiyor,1
63838,Gooilaan 13,EVBox,52.27105,5.15057,Bussum,Bilinmiyor,1
63837,Hugo de Vriesstraat 36,Shell Recharge Solutions (BE),52.2708906,4.628294,Haarlemmermeer,Bilinmiyor,1
63836,Weteringstraat,Bilinmiyor,52.2703,4.75249,Aalsmeer,Bilinmiyor,1
63835,Koppeldijk 5,Allego BV,52.26918038,4.97390608,De Ronde Venen,Bilinmiyor,1
63834,van Cleeffkade 15,Bilinmiyor,52.269143,4.751887,Aalsmeer,Bilinmiyor,2
63833,Diaconessenlaan,Shell Recharge Solutions (BE),52.2676359,5.2077619,Blaricum,Bilinmiyor,1
63832,Japanlaan,EVBox,52.26596,4.79738,Aalsmeer,Bilinmiyor,1
63831,Luzernestraat 59,EVBox,52.266,4.6529,Haarlemmermeer,Bilinmiyor,1
63830,S.H. de Roosstraat 7,Shell Recharge Solutions (BE),52.2650479,6.2305877,Deventer,Bilinmiyor,1
63829,Ophelialaan 97,Allego BV,52.26400946,4.76074322,Aalsmeer,Bilinmiyor,1
63827,Randweg 121,EVBox,52.25739,4.80469,Uithoorn,Bilinmiyor,1
63825,Robertinkkamp 2,EVBox,52.25421,6.91451,Enschede,Bilinmiyor,1
63824,Leonard Springerlaan 30,EVBox,52.25562,6.22252,Deventer,Bilinmiyor,1
63823,Handelskade,Shell Recharge Solutions (BE),52.2543783,6.1680351,Deventer,Bilinmiyor,1
63822,Betula 11,EVBox,52.25403,4.78346,Uithoorn,Bilinmiyor,1
63821,Traasterdijk 1,Shell Recharge Solutions (BE),52.2532973,6.2882995,Deventer,Bilinmiyor,1
63820,Burg. Jhr Dr A. Boreellaan 11,Shell Recharge Solutions (BE),52.2495178,6.28059329999996,Deventer,Bilinmiyor,1
63818,Industrieweg 8,EVBox,52.24896,6.17218,Deventer,Bilinmiyor,1
63817,Pletterij 3,Bilinmiyor,52.248586,4.493848,Noordwijkerhout,Bilinmiyor,2
63815,Trijntje Blaauboerstraat 9,EVBox,52.24529,6.23252,Deventer,Bilinmiyor,1
63814,Lisdoddestraat 98,EVBox,52.24339,4.75336,Aalsmeer,Bilinmiyor,1
63812,Calslaan,Shell Recharge Solutions (BE),52.244178508174,6.84930805236206,Enschede,Bilinmiyor,2
63811,Enterseweg 9,EVBox,52.24348,6.59123,Hof van Twente,Bilinmiyor,1
63810,Batterij 1,EVBox,52.24158,4.8133,Uithoorn,Bilinmiyor,1
63809,Visbystraat 5,EVBox,52.24077,6.17884,Deventer,Bilinmiyor,1
63807,Bergseweg 28Q,EVBox,52.24051,5.03975,Stichtse Vecht,Bilinmiyor,1
63805,Sigarenmaker 8,EVBox,52.23781,5.15664,Eersel,Bilinmiyor,1
63804,Teugseweg 42T,EVBox,52.23461,6.17338,Deventer,Bilinmiyor,1
63803,'s-Gravesandelaan 40,EVBox,52.2323,5.18037,Hilversum,Bilinmiyor,1
63802,Kwartelstraat 10,EVBox,52.2321,6.89122,Enschede,Bilinmiyor,1
63801,Emmaweg 39,Shell Recharge Solutions (BE),52.2324113,5.1211445,Wijdemeren,Bilinmiyor,1
63800,Eemnesserweg 210,Shell Recharge Solutions (BE),52.23056,5.195528,Hilversum,Bilinmiyor,1
63797,Einsteinweg 27i,EVBox,52.22902,5.36943,Bunschoten,Bilinmiyor,1
63796,Eikenlaan 4,EVBox,52.22912,5.24534,Eemnes,Bilinmiyor,1
63794,Koninginnelaan 124,EVBox,52.22861,5.95834,Apeldoorn,Bilinmiyor,1
63793,Händelstraat 2,Shell Recharge Solutions (BE),52.2277412414551,6.10076570510864,Voorst,Bilinmiyor,1
63792,Neptunus 42,EVBox,52.22701,6.09365,Voorst,Bilinmiyor,1
63791,Kleine Drift 62,Shell Recharge Solutions (BE),52.226341,5.1855169,Hilversum,Bilinmiyor,1
63790,Van Reenenpark,Ecotap,52.223965,5.48877,Nijkerk,Bilinmiyor,2
63789,De Moseik 7,EVBox,52.22296,6.01252,Apeldoorn,Bilinmiyor,1
63788,Moleneind 41,EVBox,52.22182,5.0789,Wijdemeren,Bilinmiyor,1
63787,Bosweg 92,EVBox,52.22223,5.93448,Apeldoorn,Bilinmiyor,1
63786,Smaragdstraat 25,EVBox,52.22176,5.94294,Apeldoorn,Bilinmiyor,1
63785,Mauritslaan 36,Shell Recharge Solutions (BE),52.2209773,5.1638423,Hilversum,Bilinmiyor,1
63784,Maarten Harpertsz Tromplaan,Shell Recharge Solutions (BE),52.2206798,6.8857805,Enschede,"Private - For Staff, Visitors or Customers",1
63783,Lavendelstraat 17,Shell Recharge Solutions (BE),52.2195394,5.9938045,Apeldoorn,Bilinmiyor,1
63781,Zwarte Kijkerweg 16,EVBox,52.21911,5.9315,Apeldoorn,Bilinmiyor,1
63780,Galjoen 94,EVBox,52.21825,5.45642,Nijkerk,Bilinmiyor,1
63778,Soestdijkerstraatweg 27,Shell Recharge Solutions (BE),52.2171978,5.1863375,Hilversum,Bilinmiyor,1
63777,Van Linschotenlaan,Shell Recharge Solutions (BE),52.2167202,5.2020552,Hilversum,Bilinmiyor,1
63776,Gronausestraat 710,Shell Recharge Solutions (BE),52.2166672,6.94596790000003,Enschede,Bilinmiyor,1
63775,Stuurboord 5,EVBox,52.21626,5.45435,Nijkerk,Bilinmiyor,1
63774,Van 't Hoffstraat 28d,EVBox,52.21626,5.47494,Nijkerk,Bilinmiyor,1
63773,Groot Mijdrechtstraat,EVBox,52.21436,4.87305,De Ronde Venen,Bilinmiyor,1
63772,Johan de Wittstraat 16,Shell Recharge Solutions (BE),52.2140923,5.159019,Hilversum,Bilinmiyor,1
63770,Stevinlaan 22,Allego BV,52.2137827,4.42777211,Katwijk,Bilinmiyor,1
63769,Johan de Wittstraat 27,Shell Recharge Solutions (BE),52.2133382,5.1594764,Hilversum,Bilinmiyor,1
63768,Javastraat 75,EVBox,52.21343,6.9004,Enschede,Bilinmiyor,1
63767,Zutphensestraat 39,Shell Recharge Solutions (BE),52.2132088,5.9908797,Apeldoorn,Bilinmiyor,1
63766,Nassaulaan 36,Shell Recharge Solutions (BE),52.2126716,5.2783019,Baarn,Bilinmiyor,1
63765,Melkweg 110,Allego BV,52.21259,4.417449,Katwijk,Bilinmiyor,1
63764,Arena,Bilinmiyor,52.21244,5.19395,Hilversum,Bilinmiyor,1
63763,van Wassenaerlaan 19,Shell Recharge Solutions (BE),52.2118353,5.2993436,Baarn,Bilinmiyor,1
63762,Veerstraat 1a,Shell Recharge Solutions (BE),52.2110836,4.6467096,Kaag en Braassem,Bilinmiyor,1
63761,Kastanjelaan 1,EVBox,52.21049,5.17212,Hilversum,Bilinmiyor,1
63760,Ligtelijnweg 9,EVBox,52.21024,5.01325,Stichtse Vecht,Bilinmiyor,1
63759,Dorrewold 34,EVBox,52.20931,6.20336,Lochem,Bilinmiyor,1
63758,Groot Mijdrechtstraat 11,EVBox,52.20751,4.87379,De Ronde Venen,Bilinmiyor,1
63756,Hilversumsestraatweg 19,Ecotap,52.205822,5.21711,Baarn,Bilinmiyor,2
63755,Olieslagershorst 108,EVBox,52.20484,5.98841,Apeldoorn,Bilinmiyor,1
63754,Pitrus 2,Allego BV,52.20468575,5.37649102,Amersfoort,Bilinmiyor,1
63753,Arnhemseweg 97,Shell Recharge Solutions (BE),52.2033393,5.9603621,Apeldoorn,Bilinmiyor,1
63752,Parnaskruid 52,Allego BV,52.203077,5.381813,Amersfoort,Bilinmiyor,1
63751,Laan van Duurzaamheid 119,Allego BV,52.20135723,5.3849045,Amersfoort,Bilinmiyor,1
63750,Lage Boog 11,EVBox,52.20061,5.37799,Amersfoort,Bilinmiyor,1
63748,Beemster 22,EVBox,52.19911,5.42139,Amersfoort,Bilinmiyor,1
63747,Randweg 1,Allego BV,52.19977839,4.40388098,Katwijk,Bilinmiyor,1
63746,Seinpoststraat 14,Allego BV,52.19947865,4.39194456,Katwijk,Bilinmiyor,1
63745,Oude Veenweg 23,EVBox,52.19808,5.42719,Amersfoort,Bilinmiyor,1
63744,De Vergulde Valk 1,Allego BV,52.19732617,5.37971863,Amersfoort,Bilinmiyor,1
63743,Hattemseweg 16,EVBox,52.19526,5.94816,Apeldoorn,Bilinmiyor,1
63742,Kunstenaarshoeve 275,EVBox,52.19474,6.00714,Apeldoorn,Bilinmiyor,1
63741,Aluminiumweg 82,Shell Recharge Solutions (BE),52.1942761,5.9610207,Apeldoorn,Bilinmiyor,1
63740,Schepenstraat 18,Allego BV,52.19389627,4.70629557,Nieuwkoop,Bilinmiyor,1
63739,C.A. van Zwietenstraat 6,EVBox,52.19336,4.70345,Nieuwkoop,Bilinmiyor,1
63737,Benoordenhout 3,EVBox,52.19043,5.38548,Amersfoort,Bilinmiyor,1
63735,Magnesiumweg 4,EVBox,52.19003,5.60842,Amersfoort,Bilinmiyor,1
63734,Grunerielaan 15,EVBox,52.18818,4.46554,Oegstgeest,Bilinmiyor,1
63733,De Beurs 76,Allego BV,52.1875599,5.39708285,Amersfoort,Bilinmiyor,1
63732, Fastned De Hucht,FastNed,52.185740570848,5.890774726867676,Apeldoorn,Public - Membership Required,2
63731,Euroweg 101,Shell Recharge Solutions (BE),52.1846512941203,5.41749093299632,Amersfoort,Public,4
63730,Zuidhof 2,EVBox,52.18421,4.58988,Kaag en Braassem,Bilinmiyor,1
63729,Magnesiumweg 4,EVBox,52.18365,5.58993,Amersfoort,Bilinmiyor,1
63728,Prins Bernhardlaan 70,EVBox,52.18451,4.43753,Katwijk,Bilinmiyor,1
63727,Straatweg 236,EVBox,52.18313,5.0061,Stichtse Vecht,Bilinmiyor,1
63726,Torenvalk 28,Allego BV,52.18186439,4.42840116,Katwijk,Bilinmiyor,1
63725,Gloxiniadal 19,Allego BV,52.18180559,4.51371534,Leiden,Bilinmiyor,1
63724,Soesterengweg 8B,Shell Recharge Solutions (BE),52.1789770452026,5.29392582778633,Soest,Bilinmiyor,1
63723,Mussenberg 7,EVBox,52.17897,6.32842,Lochem,Bilinmiyor,1
63721,Westervoortsedijk 73-VB,Allego BV,52.1755261,5.389954,Arnhem,Bilinmiyor,1
63719,De Corridor 5b,EVBox,52.1751721867883,4.98866729282372,Stichtse Vecht,Bilinmiyor,1
63718,Hardwareweg 11-1,Bilinmiyor,52.1725,5.4163,Amersfoort,Bilinmiyor,1
63717,Rijnsburgerweg 120,Allego BV,52.17212063,4.4768831,Leiden,Bilinmiyor,1
63716,Mezenstraat 13,Allego BV,52.17203278,4.46983952,Leiden,Bilinmiyor,1
63715,Modemweg 3,Bilinmiyor,52.17176,5.41814,Amersfoort,Bilinmiyor,1
63713,Balladelaan 216,Allego BV,52.17056969,5.37693369,Amersfoort,Bilinmiyor,1
63712,De Stuwdam 45,EVBox,52.16861,5.43017,Amersfoort,Bilinmiyor,1
63711,Dr. A. Schweitzerstraat 10,Allego BV,52.16738462,4.70490034,Nieuwkoop,Bilinmiyor,1
63710,Scheggertdijk 11,EVBox,52.16697,6.29884,Lochem,Bilinmiyor,1
63709,Surinamestraat 58,Allego BV,52.1668256,4.5089725,Leiden,Bilinmiyor,1
63708,Reespoor 18,Shell Recharge Solutions (BE),52.1665074632406,5.27564148227839,Soest,Bilinmiyor,1
63707,Maagdenpalm 1,EVBox,52.16598,5.00021,Stichtse Vecht,Bilinmiyor,1
63706,Slachthuislaan 24,Allego BV,52.1657885,4.4945942,Leiden,Bilinmiyor,1
63705,Theresiastraat 1,Allego BV,52.16540405,4.497438,Leiden,Bilinmiyor,1
63704,Veenzoom 8,EVBox,52.16474,5.27145,Soest,Bilinmiyor,1
63703,van Schagenhof 13,Allego BV,52.1634417,4.70417522,Nieuwkoop,Bilinmiyor,1
63702,Straatweg 25,EVBox,52.16329,5.00885,Stichtse Vecht,Bilinmiyor,1
63701,Fastned Bospoort,FastNed,52.16278,4.55405,Leiderdorp,Bilinmiyor,2
63700,Soestdijkerweg 8,Shell Recharge Solutions (BE),52.1617533,5.235751,Zeist,Bilinmiyor,1
63699,Transportweg 9F,EVBox,52.16134,4.78509,Nieuwkoop,Bilinmiyor,1
63698,Hogeweg 205A,EVBox,52.15945,5.41413,Amersfoort,Bilinmiyor,1
63697,Papengracht 7D,Allego BV,52.15942315,4.48580215,Leiden,Bilinmiyor,1
63696,Heemskerkstraat 109,Allego BV,52.15910516,4.50964914,Leiden,Bilinmiyor,1
63695,Dorpstraat,EVBox,52.15886,5.96419,Apeldoorn,Bilinmiyor,1
63694,Rijndijk 246,Allego BV,52.157267,4.45241869,Leiden,Bilinmiyor,1
63693,Wilhelmina Druckerstraat 72,Allego BV,52.15594013,4.65623091,Alphen aan den Rijn,Bilinmiyor,1
63692,P.J. Blokstraat,Allego BV,52.15501032,4.50546645,Leiden,Bilinmiyor,1
63691,Hoge Rijndijk 107B,Allego BV,52.15448314,4.51533227,Leiden,Bilinmiyor,1
63690,Cauberg 20,Allego BV,52.154255,4.66375579,Alphen aan den Rijn,Bilinmiyor,1
63689,Wethouder Romeijnlaan 1,Shell Recharge Solutions (BE),52.1532581,5.5822587,Barneveld,Bilinmiyor,1
63688,Burggravenlaan 2U,Allego BV,52.15322245,4.50779765,Leiden,Bilinmiyor,1
63687,De Meij van Streefkerkstraat 2,Allego BV,52.15175548,4.50484281,Leiden,Bilinmiyor,1
63686,Kerkdijk 5A,Allego BV,52.151,5.12566,De Bilt,Bilinmiyor,1
63685,Tolstraat 26,Shell Recharge Solutions (BE),52.1508541,6.7115818,Haaksbergen,Bilinmiyor,1
63684,Aldegondestraat 2,Allego BV,52.150017,5.385464,Amersfoort,Bilinmiyor,1
63683,Van der Waalsstraat 4,Allego BV,52.14921139,4.49443742,Leiden,Bilinmiyor,1
63682,Deventerweg 40,Allego BV,52.14915395,6.20599197,Zutphen,Bilinmiyor,1
63681,Stuifzwam 2,Allego BV,52.14878272,4.6824225,Alphen aan den Rijn,Bilinmiyor,1
63680,Van Vollenhovenkade,Allego BV,52.14851054,4.50117993,Leiden,Bilinmiyor,1
63679,Junostraat 2,Allego BV,52.14824858,4.51269473,Leiden,Bilinmiyor,1
63678,Jupiterlaan 44,Allego BV,52.14784581,4.50974705,Leiden,Bilinmiyor,1
63677,Venusstraat 50,Allego BV,52.14739995,4.51029607,Leiden,Bilinmiyor,1
63676,Vitruviusstraat 137,Allego BV,52.14675963,4.51685888,Leiden,Bilinmiyor,1
63675,Dreef 6,EVBox,52.14798,6.19663,Zutphen,Bilinmiyor,1
63674,Gerda Brautigamsingel 26,Allego BV,52.14544994,4.44890029,Leiden,Bilinmiyor,1
63673,Pegasusstraat 2,Allego BV,52.14530725,4.64736032,Alphen aan den Rijn,Bilinmiyor,1
63672,Drususlaan 20,Allego BV,52.14510345,4.51267989,Leiden,Bilinmiyor,1
63670,Waterloospolder,Shell Recharge Solutions (BE),52.1446304,4.49579219999998,Kaag en Braassem,Bilinmiyor,1
63669,Karperstraat 20,Allego BV,52.14434415,4.76873096,Nieuwkoop,Bilinmiyor,1
63668,Gerda Brautigamsingel 112,Allego BV,52.14434343,4.45213605,Leiden,Bilinmiyor,1
63667,Lambalgerkom 63t,Allego BV,52.14391178,5.43046797,Leusden,Bilinmiyor,1
63666,Snoeckgensheuvel 56,Shell Recharge Solutions (BE),52.1436584,5.3950922,Amersfoort,Bilinmiyor,1
63665,Birkstraat 118-04,EVBox,52.1565,5.3258,Soest,Bilinmiyor,1
63664,De Genestetstraat 13,EVBox,52.14168,5.57591,Barneveld,Bilinmiyor,1
63663,Reeënbergweg 18-1,EVBox,52.14049,5.99775,Apeldoorn,Bilinmiyor,1
63662,Larikslaan,EVBox,52.14048,5.42014,Leusden,Bilinmiyor,1
63661,Zuideinde 141,Allego BV,52.14032061,4.76847797,Nieuwkoop,Bilinmiyor,1
63660,Landal Heideheuvel,EVBox,52.14001,6.00334,Apeldoorn,Bilinmiyor,1
63659,Ondernemingsweg 2,EVBox,52.13934,4.63883,Alphen aan den Rijn,Bilinmiyor,1
63658,Hezer Enghweg 4422,EVBox,52.13891,5.2389,Zeist,Bilinmiyor,1
63657,Schalterdalweg 18,Bilinmiyor,52.13881,5.98453,Beekbergen,Bilinmiyor,1
63656,Schalterdalweg 18,Bilinmiyor,52.138508,5.983909,Apeldoorn,Bilinmiyor,2
63655,Hezer Enghweg 46,Shell Recharge Solutions (BE),52.1382443,5.2385183,Zeist,Bilinmiyor,1
63654,Burgemeester de Beaufortweg 16,EVBox,52.13733,5.4207,Leusden,Bilinmiyor,1
63653,Jan van Arkelweg 6,Allego BV,52.13572869,5.49695332,Leusden,Bilinmiyor,1
63652,Burgemeester Swaanplantsoen 52,Allego BV,52.13542764,4.599907,Alphen aan den Rijn,Bilinmiyor,1
63651,Oranje Nassaulaan 65,Allego BV,52.13442576,5.22797875,De Bilt,Bilinmiyor,1
63650,Reigerskamp 227,Shell Recharge Solutions (BE),52.1330849,5.0146052,Maarssenbroek,Bilinmiyor,1
63649,Julianalaan 182,EVBox,52.13298,5.21864,De Bilt,Bilinmiyor,1
63648,Koningin Wilhelminaweg,EVBox,52.13271,5.15003,De Bilt,Bilinmiyor,1
63647,Amersfoortsestraat 124A,Ecotap,52.132852,5.329691,Soest,Bilinmiyor,2
63646,Lepelaar 7,Allego BV,52.13177156,5.44086348,Leusden,Bilinmiyor,1
63645,Brem 12,Allego BV,52.13148216,5.18814528,De Bilt,Bilinmiyor,1
63644,Schout bij Nacht Doormanlaan 1,Shell Recharge Solutions (BE),52.1313085723544,4.38513231585591,Wassenaar,Bilinmiyor,1
63643,Pieter Breughellaan 28,Allego BV,52.13100879,5.19415529,De Bilt,Bilinmiyor,1
63642,Doornenburg 58,EVBox,52.13093,5.58036,Barneveld,Bilinmiyor,1
63641,Hans Memlinglaan 49,Allego BV,52.12949662,5.19402843,De Bilt,Bilinmiyor,1
63640,Amersfoortsestraat 69,EVBox,52.12932,5.31256,Soest,Bilinmiyor,1
63639,Amersfoortsestraat 71,EVBox,52.12906,5.31301,Soest,Bilinmiyor,1
63638,Miggelenbergweg 65,Justplugin (NL),52.12863794547286,5.9010095699276235,Apeldoorn,"Private - For Staff, Visitors or Customers",4
63637,Saturnusplein 2,Allego BV,52.12801077,4.59826489,Alphen aan den Rijn,Bilinmiyor,1
63636,Laarweg 31,EVBox,52.12648,5.75295,Ede,Bilinmiyor,1
63635,Valkappel 8,EVBox,52.12781,5.57921,Barneveld,Bilinmiyor,1
63634,A. Einsteinweg 2,EVBox,52.12712,4.64034,Alphen aan den Rijn,Bilinmiyor,1
63633,Watertuin 200,EVBox,52.12518,5.57123,Barneveld,Bilinmiyor,1
63629,Amersfoortsestraat,Bilinmiyor,52.12434,5.29955,Soest,Bilinmiyor,1
63628,Rijksstraatweg,Ecotap,52.123755,4.387282,Wassenaar,Bilinmiyor,2
63627,Van de Lagemaathof 23,EVBox,52.12448,5.41791,Leusden,Bilinmiyor,1
63626,Prins Hendrikstraat 69B,Allego BV,52.12116819,4.66428101,Alphen aan den Rijn,Bilinmiyor,1
63625,Watermunt 25,Allego BV,52.12011754,4.63969075,Alphen aan den Rijn,Bilinmiyor,1
63624,De Roo van Alderwereltlaan 7,Allego BV,52.11935855,5.4080931,Leusden,Bilinmiyor,1
63623,Marezatendreef 20,Allego BV,52.11771781,4.64995861,Alphen aan den Rijn,Bilinmiyor,1
63622,Madeliefpad 17,Allego BV,52.11760804,4.49514232,Zoeterwoude,Bilinmiyor,1
63621,De Schans 15,EVBox,52.11752,4.66842,Alphen aan den Rijn,Bilinmiyor,1
63620,Copepad 55,Shell Recharge Solutions (BE),52.1161084,4.6602708,Alphen aan den Rijn,Bilinmiyor,1
63619,Moezeldreef 117,Shell Recharge Solutions (BE),52.1159600970457,5.11596009704567,Utrecht,Bilinmiyor,2
63618,Beatrixlaan 134,Allego BV,52.1158398,5.18620455,De Bilt,Bilinmiyor,1
63617,Bettinkhorst 4,EVBox,52.11273,6.2199,Zutphen,Bilinmiyor,1
63616,Biesterveld 92,Shell Recharge Solutions (BE),52.1124309,6.3046987,Bronckhorst,Bilinmiyor,1
63614,Arnodreef 51,Shell Recharge Solutions (BE),52.1111796202003,5.12399527455216,Utrecht,Bilinmiyor,2
63613,Muyskenweg 1B,eNovates,52.110783,5.0817084,Utrecht,Bilinmiyor,2
63611,Aartsbisschop Romerostraat 423,eNovates,52.10904,5.1454263,Utrecht,Bilinmiyor,2
63610,Lester Pearsonweg 22,Allego BV,52.10823986,5.17164858,De Bilt,Bilinmiyor,1
63608,Houtwerf 8,Shell Recharge Solutions (BE),52.1081109253171,5.00655794411091,Utrecht,Bilinmiyor,2
63606,Loevenhoutsedijk 335,eNovates,52.107067,5.1081605,Utrecht,Bilinmiyor,2
63605,Jasmijnstraat 20,EVBox,52.10578,5.18357,De Bilt,Bilinmiyor,1
63603,Woeste Hoefweg 80,Bilinmiyor,52.10564,5.94633,Hoenderloo,Bilinmiyor,1
63601,Hindersteinlaan 89,Shell Recharge Solutions (BE),52.1055996743475,5.01499528017882,Utrecht,Bilinmiyor,2
63600,Park Arenberg 54,Allego BV,52.10665506,5.17165681,De Bilt,Bilinmiyor,1
63599,Dorpsstraat vanouds Steenstraat 34A,Allego BV,52.10443707,5.18372063,De Bilt,Bilinmiyor,1
63597,Nyelantstraat 6,EVBox,52.10343,4.32452,Den Haag,Bilinmiyor,1
63595,Paddenstoelenlaan 1,eNovates,52.10253,5.004977,Utrecht,Bilinmiyor,2
63593,Jazzsingel 10,Shell Recharge Solutions (BE),52.1022338039927,5.04941726564141,Utrecht,Bilinmiyor,2
63592,Coldenhovenseweg 43,EVBox,52.10141,6.06433,Brummen,Bilinmiyor,1
63591,Wilhelminalaan 37,Allego BV,52.10156316,5.18195452,De Bilt,Bilinmiyor,1
63590,Utrechtseweg 419,Allego BV,52.09834917,5.15792444,De Bilt,Bilinmiyor,1
63589,'t Zand 7,EVBox,52.0978,5.04515,Utrecht,Bilinmiyor,1
63588,Hellingweg 21,Alfen,52.097653,4.26598,Den Haag,Bilinmiyor,1
63587,Wassenaarseweg 239,Alfen,52.096383,4.331685,Den Haag,Bilinmiyor,1
63586,Raadhuisplein 5,Allego BV,52.09597864,4.595907,Alphen aan den Rijn,Bilinmiyor,1
63585,Bakhuizen van den Brinkstraat 49-BS,Bilinmiyor,52.094417,5.094847,Utrecht,Bilinmiyor,2
63584,Van Koetsveldstraat 1,Bilinmiyor,52.094227,5.093393,Utrecht,Bilinmiyor,2
63583,Van Lennepstraat,Bilinmiyor,52.09411,5.103257,Utrecht,Bilinmiyor,2
63582,Vleutenseweg 60,Shell Recharge Solutions (BE),52.0927857,5.1026469,Utrecht,Bilinmiyor,1
63581,Vlaskamp 412,Alfen,52.091939,4.350077,Den Haag,Bilinmiyor,1
63580,Lombokstraat 56,Bilinmiyor,52.091628,5.10037,Utrecht,Bilinmiyor,2
63579,Westplein,Shell Recharge Solutions (BE),52.0915690181575,5.10673987990117,Utrecht,Bilinmiyor,1
63578,Westplein,Shell Recharge Solutions (BE),52.0915162836393,5.10671842222905,Utrecht,Bilinmiyor,1
63577,Marsmanstraat 74,Allego BV,52.09168322888681,5.235252836050449,Zeist,Bilinmiyor,1
63575,Tweede Oosterparklaan 360,Shell Recharge Solutions (BE),52.0909340796976,5.0669599095703,Utrecht,Bilinmiyor,2
63573,Harmonielaan 18,EVBox,52.09024,5.22381,Zeist,Bilinmiyor,1
63572,Korte Nieuwstraat,Shell Recharge Solutions (BE),52.0889977,5.12247439999999,Utrecht,Bilinmiyor,1
63571,Kiefte 4,EVBox,52.08959,6.64195,Berkelland,Bilinmiyor,1
63569,Jan Meerdinklaan 36,EVBox,52.08886,5.23231,Zeist,Bilinmiyor,1
63568,Griffensteijnselaan,Allego BV,52.088373,5.218789,Zeist,Bilinmiyor,1
63567,Lemsteraak 7011,EVBox,52.08599,4.73891,Bodegraven-Reeuwijk,Bilinmiyor,1
63565,Meester de Klerkstraat 1,EVBox,52.08662,5.24283,Zeist,Bilinmiyor,1
63564,Utrechtseweg,Ecotap,52.086614,5.232463,Zeist,Bilinmiyor,2
63563,Huydecoperweg 17,EVBox,52.08643,5.24665,Zeist,Bilinmiyor,1
63562,Graadt van Roggenweg,EVBox,52.08809,5.10236,Utrecht,Bilinmiyor,1
63561,Weijpoort,EVBox,52.08344,4.79405,Bodegraven-Reeuwijk,Bilinmiyor,1
63559,Johan Wagenaarkade 21,Shell Recharge Solutions (BE),52.085288099467,5.0804871636675,Utrecht,Bilinmiyor,2
63558,Nico Bergsteijnweg 13,Shell Recharge Solutions (BE),52.0850531,5.4175935,Woudenberg,Bilinmiyor,1
63557,Brugakker 4002,Allego BV,52.08490228,5.21243341,Zeist,Bilinmiyor,1
63555,Leeuweriklaan 11,Alfen,52.084548,4.263598,Den Haag,Bilinmiyor,1
63554,Nassaukade 29,Allego BV,52.083952,4.881818,Woerden,Bilinmiyor,1
63550,Groenmarktstraat 59,Shell Recharge Solutions (BE),52.0832504905647,5.1074252048935,Utrecht,Bilinmiyor,2
63548,Abstederhof 35,eNovates,52.082928,5.130471,Utrecht,Bilinmiyor,2
63547,Voorstraat 12,Ecotap,52.082528,5.41339,Woudenberg,Bilinmiyor,2
63546,Nijverheidsstraat 1b,Shell Recharge Solutions (BE),52.0815965,6.4525285,Berkelland,Bilinmiyor,1
63545,Bizetlaan 1,EVBox,52.08211,5.08788,Utrecht,Bilinmiyor,1
63544,Gramserweg,EVBox,52.07987,5.31637,Zeist,Bilinmiyor,1
63543,Strijkviertel 64,EVBox,52.07921,5.05835,Utrecht,Bilinmiyor,1
63542,Grebbeberglaan 15,Shell Recharge Solutions (BE),52.0793973,5.09920579999994,Utrecht,Bilinmiyor,1
63541,Damzigt 49,EVBox,52.07898,5.04905,Utrecht,Bilinmiyor,1
63540,Hovenierslaan 15,EVBox,52.0783,5.48049,Scherpenzeel,Bilinmiyor,1
63539,Claudiuslaan 86,Shell Recharge Solutions (BE),52.0772254,5.0236914,Utrecht,Bilinmiyor,1
63538,Willem Silviusstraat 57,Alfen,52.07689,4.325715,Rivierenbuurt,Bilinmiyor,1
63537,Arnhemse Bovenweg 15B,Bilinmiyor,52.076548,5.254512,Zeist,Bilinmiyor,2
63536,Waardsedijk,EVBox,52.07702,4.87297,Woerden,Bilinmiyor,1
63535,Parklaan,Allego BV,52.07606357,4.64681058,Alphen aan den Rijn,Bilinmiyor,1
63534,Oranje Nassaulaan,Bilinmiyor,52.07475,5.25906,Zeist,Bilinmiyor,1
63533,Wilgenlaan 19,EVBox,52.07444,5.54319,Renswoude,Bilinmiyor,1
63531,Boteyken 361,EVBox,52.07399,5.04296,Utrecht,Bilinmiyor,1
63530,Arnhemse Bovenweg,EVBox,52.07369,5.25708,Zeist,Bilinmiyor,1
63529,Supernovaweg,Shell Recharge Solutions (BE),52.0719386,4.3367729,Den Haag,Bilinmiyor,1
63528,Ruseschans 33,EVBox,52.07157,4.52452,Zoetermeer,Bilinmiyor,1
63527,Bevrijdingslaan,Shell Recharge Solutions (BE),52.0701859336635,5.08323097229004,Utrecht,Bilinmiyor,1
63526,Apeldoornselaan 25A,Alfen,52.069614,4.282572,Rustenburg/Oostbroek,Bilinmiyor,1
63523,Buytenparklaan 30,Bilinmiyor,52.06948,4.45846,Zoetermeer,Bilinmiyor,1
63522,Nassaustraat 6,Allego BV,52.0693113,4.65830025,Alphen aan den Rijn,Bilinmiyor,1
63521,Sportlaan 17,Allego BV,52.06719174,5.27228249,Utrechtse Heuvelrug,Bilinmiyor,1
63520,Van Baaklaan 34,Alfen,52.064994,4.398831,Den Haag,Bilinmiyor,1
63519,Plattenberg 25,Shell Recharge Solutions (BE),52.0641395,5.36340399999995,Utrechtse Heuvelrug,Bilinmiyor,1
63517,Papendorpseweg 99,Bilinmiyor,52.063979,5.087489,Utrecht,Bilinmiyor,2
63516,Thorbeckelaan 159,Alfen,52.063921,4.257417,Den Haag,Bilinmiyor,1
63515,Donaustroom 43,EVBox,52.06268,4.55087,Zoetermeer,Bilinmiyor,1
63514,Fonteynenburghlaan 19,EVnetNL,52.062328,4.349501,Voorburg,Bilinmiyor,2
63513,Lekstroom 104,EVBox,52.06134,4.54505,Zoetermeer,Bilinmiyor,1
63512,Hooft Graaflandstraat 33,Shell Recharge Solutions (BE),52.0612351,5.1171752,Utrecht,Bilinmiyor,1
63509,Mozartlaan 247,Alfen,52.060694,4.231361,Den Haag,Bilinmiyor,1
63508,Libelsingel 70,Alfen,52.060551,4.417322,Den Haag,Bilinmiyor,1
63507,Melvill van Carnbeelaan 62,EVBox,52.05941,5.29002,Utrechtse Heuvelrug,Bilinmiyor,1
63506,Imboslaan 130,EVBox,52.05988,6.10173,Rheden,Bilinmiyor,1
63505,Haarweg 1c,EVBox,52.05816,5.40805,Utrechtse Heuvelrug,Bilinmiyor,1
63504,Livingstonelaan 3,Shell Recharge Solutions (BE),52.0579533,5.10516570000004,Utrecht,Bilinmiyor,1
63503,Griffioenlaan,Shell Recharge Solutions (BE),52.0575802,5.1048076,Utrecht,Bilinmiyor,1
63502,Griffioenlaan,Shell Recharge Solutions (BE),52.0575016,5.10509780000007,Utrecht,Bilinmiyor,1
63501,Zegveldstraat 4,Alfen,52.057465,4.273695,Den Haag,Bilinmiyor,1
63500,Rijnenberghof 23,Shell Recharge Solutions (BE),52.0570374,6.0900506,Rheden,Bilinmiyor,1
63499,Amersfoortseweg 1,EVBox,52.05675,5.34998,Utrechtse Heuvelrug,Bilinmiyor,1
63497,Architect van Lieflandstraat 11,Alfen,52.056028,4.255057,Den Haag,Bilinmiyor,1
63496,Horstlaan 22,EVBox,52.05326,5.30165,Utrechtse Heuvelrug,Bilinmiyor,1
63495,Gildeweg 23,EVBox,52.05157,4.40701,Pijnacker-Nootdorp,Bilinmiyor,1
63494,Laan van 's-Gravenmade,EVBox,52.04906,4.35505,Den Haag,Bilinmiyor,1
63493,Simon de Vliegerhage 108,Allego BV,52.05049399,5.07620438,Nieuwegein,Bilinmiyor,1
63492,Ambachtshof 78,EVBox,52.05022,4.40892,Pijnacker-Nootdorp,Bilinmiyor,1
63491,Mevrouw Leinweberlaan 35,EVBox,52.0503,5.29559,Utrechtse Heuvelrug,Bilinmiyor,1
63490,Akkerwinde 49,EVBox,52.05013,4.64351,Waddinxveen,Bilinmiyor,1
63489,de Bleek 6,EVBox,52.04959,5.1448,Woerden,Bilinmiyor,1
63488,Frans Halshage 24,Allego BV,52.04929268,5.08478371,Nieuwegein,Bilinmiyor,1
63487,B. Thoenplantsoen 32,Alfen,52.049088,4.242121,Den Haag,Bilinmiyor,1
63486,Hertenrade 122,Alfen,52.047327,4.261761,Den Haag,Bilinmiyor,1
63485,Hengelolaan 564,Alfen,52.04731,4.268771,Den Haag,Bilinmiyor,1
63484,Brederhorst 63,EVBox,52.04688,5.64061,Ede,Bilinmiyor,1
63483,Meerlobrug,Shell Recharge Solutions (BE),52.0460666176932,5.01940839786994,IJsselstein,Bilinmiyor,1
63481,Witte de Withlaan 4,Shell Recharge Solutions (BE),52.0441952,5.3359673,Utrechtse Heuvelrug,Bilinmiyor,1
63480,Orpheuslaan 54,Allego BV,52.04416107,5.09076229,Nieuwegein,Bilinmiyor,1
63479,Neonstraat 4,EVBox,52.04323,5.61634,Ede,Bilinmiyor,1
63478,'s-Gravenbroekseweg 25,EVBox,52.04275,4.73446,Bodegraven-Reeuwijk,Bilinmiyor,1
63477,Neonstraat,EVBox,52.04329,5.616,Ede,Bilinmiyor,1
63476,Amsterdamseweg 53,EVBox,52.04177,4.3786,Amersfoort,Bilinmiyor,1
63475,Kameraarsweide 1,EVBox,52.04112,5.07147,Nieuwegein,Bilinmiyor,1
63474,Harplaan 7,Allego BV,52.04120671,5.08373802,Nieuwegein,Bilinmiyor,1
63473,Speerpunt,Alfen,52.040908,4.36809,Den Haag,Bilinmiyor,1
63472,Randhoeve 2,Allego BV,52.038813,5.162499,Houten,Bilinmiyor,1
63471,Beresteinlaan 603,Alfen,52.038436,4.258978,Den Haag,Bilinmiyor,1
63470,Schoutstraat 2,Shell Recharge Solutions (BE),52.0382402,4.9487156,Montfoort,Bilinmiyor,1
63468,Donsvlinderstraat,EVBox,52.037603387698,5.5596613883972,Veenendaal,Bilinmiyor,1
63467,Vuurvlinderberm,EVBox,52.03592,5.18201,Houten,Bilinmiyor,1
63466,Richterslaan 54,Allego BV,52.03561999,5.0785384,Nieuwegein,Bilinmiyor,1
63464,Herenstraat 53,Allego BV,52.03522304,5.09322159,Nieuwegein,Bilinmiyor,1
63463,Van der Woudendijk 45,Alfen,52.033914,4.362949,Den Haag,Bilinmiyor,1
63461,Galvanistraat 83,EVBox,52.0327,5.62266,Ede,"Private - For Staff, Visitors or Customers",1
63460,Boylestraat 46,EVBox,52.03215,5.6014,Ede,Bilinmiyor,1
63459,Dwarsweg,EVBox,52.03022,5.51892,Utrechtse Heuvelrug,Bilinmiyor,1
63458,Boylestraat 46,EVBox,52.03094,5.60139,Ede,Bilinmiyor,1
63457,ABC Westland 401,EVBox,52.02987,4.22948,Westland,Bilinmiyor,1
63456,Schouwstede 7003,Allego BV,52.0288715,5.07846987,Nieuwegein,Bilinmiyor,1
63455,Friezenpoort 3,Allego BV,52.0287029,5.15634374,Houten,Bilinmiyor,1
63454,Vogelenzanglaan 2,Alfen,52.028537,4.297828,Den Haag,Bilinmiyor,1
63453,Coenecoop 85B,Shell Recharge Solutions (BE),52.0282972,4.6538564,Waddinxveen,Bilinmiyor,1
63451,Leersumsestraatweg 23x-h46,Bilinmiyor,52.02773,5.385,Doorn,Bilinmiyor,1
63450,Poldermolen 1,Allego BV,52.0276047,5.17552948,Houten,Bilinmiyor,1
63449,Wulfsedijk 13,Allego BV,52.02755134,5.15170118,Houten,Bilinmiyor,1
63448,Treslonglaan 90,Alfen,52.02745,4.293867,Den Haag,Bilinmiyor,1
63447,Lorentzbaan 11,EVBox,52.02563,5.10008,Nieuwegein,Bilinmiyor,1
63446,Heemradenlaan 59,Allego BV,52.0264586,5.02788078,IJsselstein,Bilinmiyor,1
63445,Sportlaan 11,EVBox,52.02611,5.54301,Veenendaal,Bilinmiyor,1
63444,Plesmanplantsoen 1,Allego BV,52.02592944,4.87085237,Oudewater,Bilinmiyor,1
63442,Kampenringweg 11,Shell Recharge Solutions (BE),52.0250942,4.6738269,Gouda,Bilinmiyor,1
63441,Hootsenheem,EVBox,52.02515,5.58257,Veenendaal,Bilinmiyor,1
63440,Dissel 102,Allego BV,52.02255357,5.03518119,IJsselstein,Bilinmiyor,1
63439,Da Vincilaan 5B,EVBox,52.02388,5.62571,Ede,Bilinmiyor,1
63438,Vuilcop,EVBox,52.02404,5.1254,Nieuwegein,Bilinmiyor,1
63437,Vuilcop,EVBox,52.0236,5.12649,Nieuwegein,Bilinmiyor,1
63436,Wethouder Venteweg 139,EVBox,52.0235,4.7207,Gouda,Bilinmiyor,1
63435,Kruisvaardersland 41,Allego BV,52.0234875,5.18187051,Houten,Bilinmiyor,1
63434,Frankrijkstraat 13,Allego BV,52.023074,5.05171089,IJsselstein,Bilinmiyor,1
63433,Gotland 22,Alfen,52.023012,4.300045,Den Haag,Bilinmiyor,1
63432,Laan van Wateringse Veld 1080,Alfen,52.022746,4.294472,Den Haag,Bilinmiyor,1
63431,Monsterseweg 100,Shell Recharge Solutions (BE),52.0225975,4.2033365,Westland,Bilinmiyor,1
63429,Kemperbergerweg,Shell Recharge Solutions (BE),52.0219988041709,5.87221169999998,Arnhem,Bilinmiyor,1
63427,Achtersloot 68,EVBox,52.02193,5.03472,IJsselstein,Bilinmiyor,1
63426,Moerkapellepad,EVBox,52.02044,4.61972,Waddinxveen,Bilinmiyor,1
63425,Lelietuin 23,EVBox,52.02034,5.18375,Houten,Bilinmiyor,1
63423,Nieuwe Schaft 9-0004,EVBox,52.02026,5.17069,Houten,Bilinmiyor,1
63422,Parkweg 19,Greenflux,52.020064,6.053645,Rheden,Bilinmiyor,1
63421,De Bouw 117,Allego BV,52.01957301,5.17672066,Houten,Bilinmiyor,1
63420,Moeckenkamp 4,EVBox,52.01854,6.05992,Rheden,Bilinmiyor,1
63419,Zandlaan 18,Shell Recharge Solutions (BE),52.0190994,5.6681655,Ede,Bilinmiyor,1
63418,105 Pronkmos,Allego BV,52.01729598689249,5.194914426838864,Houten,Bilinmiyor,1
63417,Terras van Sion,Alfen,52.017194,4.328764,Rijswijk,Bilinmiyor,1
63416,Panoramaweg 2,EVBox,52.01664,5.7246,Ede,Bilinmiyor,1
63414,Zuidelijk Halfrond 3,Bilinmiyor,52.01608,4.68498,Gouda,Bilinmiyor,1
63413,Lierseschans 7001,Allego BV,52.01572723,5.09182683,Nieuwegein,Bilinmiyor,1
63412,Ambachtsweg 2,EVBox,52.01541,5.09878,Nieuwegein,Bilinmiyor,1
63411,De Poel,EVBox,52.01561,4.19285,Westland,Bilinmiyor,1
63410,Kerkewijk,EVBox,52.01507,5.54721,Veenendaal,Bilinmiyor,1
63408,Broekweg 5a,EVBox,52.01464,5.37958,Utrechtse Heuvelrug,Bilinmiyor,1
63407,Westervoortsedijk 73-VB,Allego BV,52.01450325,5.16713275,Arnhem,Bilinmiyor,1
63406,Nijverheidsweg 7001,EVBox,52.01386,5.10139,Nieuwegein,Bilinmiyor,1
63405,Schaepmanstraat 1,Allego BV,52.01391232,5.0337401,IJsselstein,Bilinmiyor,1
63404,Fluweelmos 29,Allego BV,52.01346133,5.191669,Houten,Bilinmiyor,1
63402,Sofiastraat 6,Allego BV,52.01301025,5.04274787,IJsselstein,Bilinmiyor,1
63401,Kloostermuur 2,Allego BV,52.01228197,5.17060498,Houten,Bilinmiyor,1
63400,Dreef 39,Allego BV,52.01177937,5.41779575,Utrechtse Heuvelrug,Bilinmiyor,1
63399,Leeuwerik 127,Shell Recharge Solutions (BE),52.0104758,4.25587819999998,Westland,Bilinmiyor,1
63398,Prins Hendriklaan 10A,Allego BV,52.00997161,5.09711612,Nieuwegein,Bilinmiyor,1
63397,Beukenlaan 219,EVBox,52.00941,4.54708,Lansingerland,Bilinmiyor,1
63396,Boomgaard 28,EVBox,52.00829,5.04714,IJsselstein,Bilinmiyor,1
63394,Zonnebloemstraat 70,Allego BV,52.00686713,5.0804613,Nieuwegein,Bilinmiyor,1
63393,Zuideinde 1,EVBox,52.00646,4.58465,Zuidplas,Bilinmiyor,1
63390,Ankermonde 22,EVBox,52.0035,5.09093,Nieuwegein,Bilinmiyor,1
63389,Benedenmonde 49,Allego BV,52.0028118,5.08031918,Nieuwegein,Bilinmiyor,1
63388,Bernard Zweerslaan 1,Allego BV,52.00234102,5.9129091,Arnhem,Bilinmiyor,1
63387,Verwierdelaan 31,Shell Recharge Solutions (BE),52.0021126,5.5480477,Veenendaal,Bilinmiyor,1
63384,Middel Broekweg 39,EVBox,52.0009,4.22795,Westland,Bilinmiyor,1
63382,Kluizeweg,Bilinmiyor,51.99911,5.908088,Arnhem,Bilinmiyor,2
63379,Oudzoom 78,EVBox,51.99683,4.49314,Lansingerland,Bilinmiyor,1
63378,Nieuwstraat 21,EVBox,51.99413,5.97173,Rheden,Bilinmiyor,1
63377,Menno ter Braaklaan 283,Shell Recharge Solutions (BE),51.9939137,4.3520501000000404,Delft,Bilinmiyor,1
63376,Vijverlaan 103,Allego BV,51.9921469,5.92531176,Arnhem,Bilinmiyor,1
63375,Laan van Klarenbeek 137,Allego BV,51.9907423,5.94086498,Arnhem,Bilinmiyor,1
63374,Prümelaan 2,Allego BV,51.9891616,5.9343016,Arnhem,Bilinmiyor,1
63373,Copenweg 33,EVBox,51.98861,4.97035,Lopik,Bilinmiyor,1
63372,Berkelse Poort 133,EVBox,51.98907,4.47545,Lansingerland,Bilinmiyor,1
63371,Veluwestraat 62,Allego BV,51.98818775,5.88961648,Arnhem,Bilinmiyor,1
63370,Ceresstraat 29,Shell Recharge Solutions (BE),51.987615,4.4746798,Lansingerland,Bilinmiyor,1
63369,Margaretha van Daunstraat 27,Shell Recharge Solutions (BE),51.9870749,5.07407899999998,Vianen,Bilinmiyor,1
63368,Laan van Avant-Garde 81,EVBox,51.98617,4.59033,Rotterdam,Bilinmiyor,1
63367,Adolf van Nieuwenaarlaan,Allego BV,51.98589923,5.92789324,Arnhem,Bilinmiyor,1
63366,Waalstraat 59,Allego BV,51.98572881,5.94156164,Arnhem,Bilinmiyor,1
63365,Utrechtseweg 168,Allego BV,51.98553,5.89081005,Arnhem,Bilinmiyor,1
63364,Vijverlust 1,EVBox,51.98348,5.0703,Vianen,Bilinmiyor,1
63363,Bergweg-noord 18,EVBox,51.98304,4.49845,Lansingerland,Bilinmiyor,1
63362,IJssellaan 25-1,Allego BV,51.98265242,5.93927926,Arnhem,Bilinmiyor,1
63361,Voltaweg 11,EVBox,51.9827,4.37608,Delft,Bilinmiyor,1
63360,Lange Wal 24-1,Allego BV,51.98245837,5.9509098,Arnhem,Bilinmiyor,1
63359,Tobias Asserlaan,Alfen,51.982159,4.492783,Lansingerland,Bilinmiyor,1
63358,Nienke van Hichtumstraat 6,EVBox,51.97966,5.64407,Wageningen,Bilinmiyor,1
63357,Schulstraße,EVBox,51.97912,5.67669,Neuweiler,Bilinmiyor,1
63356,Beatrice Woodstraat 17,EVBox,51.9787,4.59089,Rotterdam,Bilinmiyor,1
63355,Abtsrechtseweg,EVBox,51.97885,4.32731,Midden-Delfland,Bilinmiyor,1
63354,Markt,EVBox,51.97789,5.90963,Arnhem,Bilinmiyor,1
63353,Europalaan 118,EVBox,51.97713,5.72519,Renkum,Bilinmiyor,1
63351,Doctor C. Lelyweg 6,EVBox,51.97387,5.93522,Arnhem,Bilinmiyor,1
63350,Kalverstraat 18,EVBox,51.97347,6.7075,Winterswijk,Bilinmiyor,1
63348,Maasvlakteweg 975,Shell Recharge Solutions (BE),51.973352548004,4.07136449964139,Rotterdam,Bilinmiyor,1
63347,Van Oldenbarneveldtstraat 117,Allego BV,51.971906,5.9230922,Arnhem,Bilinmiyor,1
63346,Houtmolenstraat 2,EVnetNL,51.971541,6.273032,Doetinchem,Bilinmiyor,1
63345,Boeslaan 63,EVBox,51.97008,5.68701,Wageningen,Bilinmiyor,1
63344,Lawickse Allee 50,EVBox,51.96852,5.66223,Wageningen,Bilinmiyor,1
63343,de Vijf Boeken 1j,EVBox,51.97037,4.62628,Zuidplas,Bilinmiyor,1
63342,Rijnstraat 2,EVBox,51.9691,5.45293,Buren,Bilinmiyor,1
63341,Prinses Beatrixstraat 35,EVBox,51.96834,5.45561,Buren,Bilinmiyor,1
63340,Schollevaartse Dreef 3,EVBox,51.9654,4.57786,Rotterdam,Bilinmiyor,1
63338,Söderblomplaats 7,EVBox,51.96397,4.54181,Rotterdam,Bilinmiyor,1
63337,Boslandweg 44,EVBox,51.96381,5.58128,Rhenen,Bilinmiyor,1
63336,Nieuwemeer 46,EVBox,51.9632,4.57523,Rotterdam,Bilinmiyor,1
63335,Laan van de bevrijding,Allego BV,51.9633171,5.8392919,Arnhem,Bilinmiyor,1
63334,Boris Pasternakstraat 74,EVBox,51.96306,4.5475,Rotterdam,Bilinmiyor,1
63333,Laan van de 17e september 2,EVBox,51.96093,5.83481,Arnhem,Bilinmiyor,1
63332,Centraalspoor 46,Allego BV,51.96082873,5.84162593,Arnhem,Bilinmiyor,1
63331,Esdoornlaan 1,EVBox,51.95964,4.4793,Rotterdam,Bilinmiyor,1
63330,Molenlaan 172,EVBox,51.95793,4.5064,Rotterdam,Bilinmiyor,1
63329,Malburgse Sluis 2,Allego BV,51.95868352,5.92875958,Arnhem,Bilinmiyor,1
63328,Meidoornsingel 159,EVBox,51.95693,4.47285,Rotterdam,Bilinmiyor,1
63327,Westersingel 43,Allego BV,51.95628907,5.2215937,Culemborg,Bilinmiyor,1
63326,Teltinghof 7,EVBox,51.95561,4.4635,Rotterdam,Bilinmiyor,1
63325,Loilderhofweg 5a,EVBox,51.95443,6.12255,Montferland,Bilinmiyor,1
63323,Ottersingel 1,Allego BV,51.95280097,5.20177538,Culemborg,Bilinmiyor,1
63322,Hofsingel 289,Allego BV,51.95184339,5.92429306,Arnhem,Bilinmiyor,1
63321,De Overmaat 38,Allego BV,51.95177369,5.88386985,Arnhem,Bilinmiyor,1
63320,Byblisstraat 42,Allego BV,51.9510287,5.84843913,Arnhem,Bilinmiyor,1
63319,Bugel 13,EVBox,51.94817,4.58222,Capelle aan den IJssel,Bilinmiyor,1
63318,Schiebroekseweg 4B,EVBox,51.94656,4.47481,Rotterdam,Bilinmiyor,1
63317,De Velden 124,EVBox,51.94702,4.37573,Schiedam,Bilinmiyor,1
63316,Stuttgartstraat 28,EVBox,51.94476,4.40927,Rotterdam,Bilinmiyor,1
63315,Innsbruckweg 2,EVBox,51.94568,4.41304,Rotterdam,Bilinmiyor,1
63314,Provinciale weg,Shell Recharge Solutions (BE),51.9434183,5.2321315,Culemborg,Bilinmiyor,1
63313,Helsingborgerf 17,EVBox,51.94293,4.55843,Rotterdam,Bilinmiyor,1
63312,Roggeveld 1,EVBox,51.9427,6.14022,Montferland,Bilinmiyor,1
63311,Kobelaan 516,EVBox,51.94144,4.55647,Rotterdam,Bilinmiyor,1
63310,Generaal van der Heijdenstraat 11,EVBox,51.92861,4.48972,Rotterdam,Bilinmiyor,1
63309,Gordelpad 25,EVBox,51.94005,4.48249,Rotterdam,Bilinmiyor,1
63308,Zwaanshals 15D,EVBox,51.94045,4.48458,Rotterdam,Bilinmiyor,1
63307,Poortmolen 92,EVBox,51.93929,4.56512,Capelle aan den IJssel,Bilinmiyor,1
63306,Philip Vingboonsstraat 21,EVBox,51.93923,4.54058,Rotterdam,Bilinmiyor,1
63305,Sevillaweg 142,Shell Recharge Solutions (BE),51.9381333,4.4038579,Rotterdam,Bilinmiyor,2
63304,Karrewiel 55,EVBox,51.93839,6.14347,Montferland,Bilinmiyor,1
63303,Esdoorndreef 114,EVBox,51.93715,4.34218,Vlaardingen,Bilinmiyor,1
63302,Vignolastraat 202,EVBox,51.93709,4.55238,Rotterdam,Bilinmiyor,1
63300,Merellaan 386,EVBox,51.93471,4.58928,Capelle aan den IJssel,Bilinmiyor,1
63299,Schermerhornstraat 5,EVBox,51.93514,4.55735,Rotterdam,Bilinmiyor,1
63298,Merellaan 364,EVBox,51.93433,4.59008,Capelle aan den IJssel,Bilinmiyor,1
63297,Bergselaan 257D,EVBox,51.93446,4.46645,Rotterdam,Bilinmiyor,1
63296,Kievitstraat 10,EVBox,51.93165,4.23206,Maassluis,Bilinmiyor,1
63295,Willem de Zwijgerlaan 76,EVBox,51.9315,6.06485,Zevenaar,Bilinmiyor,1
63294,Van der Dussenstraat 1,EVBox,51.93226,4.45651,Rotterdam,Bilinmiyor,1
63293,Pelsertstraat 1,EVBox,51.93162,4.41604,Rotterdam,Bilinmiyor,1
63292,Van Adrichemweg 358,EVBox,51.92919,4.4303,Rotterdam,Bilinmiyor,1
63291,Visserijstraat 4,Shell Recharge Solutions (BE),51.9280107,4.80629269999997,Krimpenerwaard,Bilinmiyor,1
63290,Hengelder 19,EVBox,51.92805,6.10388,Zevenaar,Bilinmiyor,1
63289,Roo-Valkstraat,EVBox,51.92881,4.47306,Rotterdam,Bilinmiyor,1
63288,Kerklaan 6A,EVBox,51.92695,4.59404,Capelle aan den IJssel,Bilinmiyor,1
63287,Linker Rottekadehof 34B,EVBox,51.92697,4.4861,Rotterdam,Bilinmiyor,1
63286,Einsteinstraat 12-T001,EVBox,51.9256,6.09945,Zevenaar,Bilinmiyor,1
63285,Meeuwensingel 31A,EVBox,51.9252,4.58568,Capelle aan den IJssel,Bilinmiyor,1
63284,Claudius 10,Shell Recharge Solutions (BE),51.9250485,5.8616677,Overbetuwe,Bilinmiyor,1
63283,Elektraweg 2A,EVBox,51.92494,4.24804,Maassluis,Bilinmiyor,1
63282,Goosse van der Windstraat 37,EVBox,51.92489,4.5308,Rotterdam,Bilinmiyor,1
63281,Nijverheidstraat 13,EVBox,51.9251,4.24692,Maassluis,Bilinmiyor,1
63280,Goudsesingel 93,EVBox,51.92443,4.49006,Rotterdam,Bilinmiyor,1
63279,Slotplein 7,EVBox,51.92437,4.58364,Capelle aan den IJssel,Bilinmiyor,1
63278,Laan van Hooglede 19,EVBox,51.92303,4.34432,Vlaardingen,Bilinmiyor,1
63277,Irenestraat 58,Allego BV,51.9229222,4.8226839,Molenwaard,Bilinmiyor,1
63276,Andrej Sacharovstraat 21,EVBox,51.92245,4.55854,Rotterdam,Bilinmiyor,1
63274,Beukelsdijk 7A-02,EVBox,51.92271,4.46195,Rotterdam,Bilinmiyor,1
63273,De Korf,EVBox,51.92208,4.61137,Krimpen aan den IJssel,Bilinmiyor,1
63272,Lingewei 109,EVBox,51.92044,5.45715,Tiel,Bilinmiyor,1
63271,Händelstraat 17,EVBox,51.9204,4.56613,Capelle aan den IJssel,Bilinmiyor,1
63270,Prins Bernhardlaan 43,EVBox,51.91981,4.34834,Vlaardingen,Bilinmiyor,1
63269,Sigarenmaker 5,EVBox,51.92046,4.44634,Eersel,Bilinmiyor,1
63268,Fresia 47,EVBox,51.91961,4.62669,Krimpen aan den IJssel,Bilinmiyor,1
63267,Francina Molen 24,EVBox,51.91906,4.50948,Rotterdam,Bilinmiyor,1
63266,Brahmsstraat 44,EVBox,51.91897,4.56328,Capelle aan den IJssel,Bilinmiyor,1
63265,Oostsingel 65,EVBox,51.91725,4.40789,Schiedam,Bilinmiyor,1
63264,Rondo 100,EVBox,51.91777,4.61253,Krimpen aan den IJssel,Bilinmiyor,1
63263,Desertosingel 101,EVBox,51.9167,4.55239,Capelle aan den IJssel,Bilinmiyor,1
63262,Philips de Goedestraat 162,EVBox,51.9149,4.32052,Vlaardingen,Bilinmiyor,1
63260,Irisstraat 1,EVBox,51.91522,4.3481,Vlaardingen,Bilinmiyor,1
63259,van Leeuwenhoekstraat 22,EVBox,51.91399,4.3121,Vlaardingen,Bilinmiyor,1
63258,Waterwerk 91,EVBox,51.91319,4.51877,Rotterdam,Bilinmiyor,1
63257,Van Beverenstraat 2A,EVBox,51.91345,4.39358,Schiedam,Bilinmiyor,1
63256,Dillenburgstraat 46,EVBox,51.91325,4.50782,Rotterdam,Bilinmiyor,1
63255,Kamerlingh Onnesstraat 93,EVBox,51.91322,4.31504,Vlaardingen,Bilinmiyor,1
63253,Rivium 1e straat 1,Bilinmiyor,51.913166,4.538997,Capelle aan den IJssel,Bilinmiyor,2
63252,Rochussenstraat 91A,EVBox,51.91194,4.46604,Rotterdam,Bilinmiyor,1
63251,Simon Rijnbendestraat 102,EVBox,51.91312,4.37814,Schiedam,Bilinmiyor,1
63250,Gedempte Biersloot 3,EVBox,51.91283,4.34357,Vlaardingen,Bilinmiyor,1
63249,Ambonlaan 24,EVBox,51.91273,4.33057,Vlaardingen,Bilinmiyor,1
63248,Parkweg 2,EVBox,51.91219,4.35334,Vlaardingen,Bilinmiyor,1
63247,Fastned Blommendaal,FastNed,51.9119,4.98484,Zederik,Public - Membership Required,2
63245,Krimpenerbosweg 2a,Shell Recharge Solutions (BE),51.9111963438456,4.6187188984253,Krimpen aan den IJssel,Bilinmiyor,1
63244,Julianalaan 126,EVBox,51.91088,4.37957,Schiedam,Bilinmiyor,1
63243,Hofsingel 33,EVBox,51.91075,4.34889,Vlaardingen,Bilinmiyor,1
63242,Grote Stern 161,EVBox,51.91017,4.23658,Rotterdam,Bilinmiyor,1
63241,Louis Pregerkade 106,EVBox,51.91034,4.49599,Rotterdam,Bilinmiyor,1
63240,Rochus Meeuwiszweg 43,EVBox,51.90915,4.17398,Brielle,Bilinmiyor,1
63239,Nijverheidstraat 22,EVBox,51.90848,5.91994,Lingewaard,Bilinmiyor,1
63238,dr. Wiardi Beckmansingel,EVBox,51.90877,4.31554,Vlaardingen,Bilinmiyor,1
63237,Willem de Zwijgerlaan 33,EVBox,51.90883,4.39677,Schiedam,Bilinmiyor,1
63234,Schuilheuvelstraat 1,Shell Recharge Solutions (BE),51.9068463,5.3346993,Buren,Bilinmiyor,1
63233,Biezenwei 2,EVBox,51.9065,5.46135,Tiel,Bilinmiyor,1
63232,Maarland Zuidzijde 93,EVBox,51.90488,4.16134,Brielle,Bilinmiyor,1
63231,Nieuwe Maasstraat 31A,EVBox,51.90496,4.40279,Schiedam,Bilinmiyor,1
63230,Wetering 25,EVBox,51.90226,4.89233,Molenwaard,Bilinmiyor,1
63229,Industrieweg 14,Ecotap,51.901822,4.333798,Vlaardingen,Bilinmiyor,2
63228,Katendrechtsestraat,EVBox,51.9014,4.48315,Rotterdam,Bilinmiyor,1
63226,Nieuwe Waterwegstraat 34,EVBox,51.90026,4.39123,Schiedam,Bilinmiyor,1
63225,Opperduit 314,EVBox,51.8998,4.71289,Krimpenerwaard,Bilinmiyor,1
63224,Merkenhorststraat 1,EVBox,51.90013,5.74529,Herveld,Bilinmiyor,1
63223,Mahoniestraat 6,EVBox,51.89918,4.54203,Rotterdam,Bilinmiyor,1
63222,Saturnushof 45,EVBox,51.89637,5.87895,Lingewaard,Bilinmiyor,1
63221,Jan Dammassestraat 80,EVBox,51.89598,4.54148,Rotterdam,Bilinmiyor,1
63220,De Nes 26,EVBox,51.89435,5.41628,Tiel,Bilinmiyor,1
63219,Bakkersoordsekade 38,Ecotap,51.895102,4.381255,Rotterdam,Bilinmiyor,2
63218,Kloosterlaan 40,Ecotap,51.894407,5.604181,Druten,Bilinmiyor,2
63216,Lange Hilleweg 103,EVBox,51.8925,4.50243,Rotterdam,Bilinmiyor,1
63215,Landvoogdes 63,EVBox,51.893,4.18039,Brielle,Bilinmiyor,1
63214,Klein Rome 21,Shell Recharge Solutions (BE),51.8929838,5.8789546,Lingewaard,Bilinmiyor,1
63212,Markstraat 116,EVBox,51.89165,4.58361,Ridderkerk,Bilinmiyor,1
63211,Cannenburchstraat 40,EVBox,51.89077,4.57031,Rotterdam,Bilinmiyor,1
63209,Buskenshof 8,EVBox,51.88835,5.66554,Druten,Bilinmiyor,1
63208,Brahmsstraat 1,EVBox,51.88783,4.6082,Ridderkerk,Bilinmiyor,1
63207,Roodborststraat 2,EVBox,51.88788,4.47462,Rotterdam,Bilinmiyor,1
63206,Dorpsweg 153A,EVBox,51.88727,4.47093,Rotterdam,Bilinmiyor,1
63205,Ophemertstraat 50,EVBox,51.88532,4.43377,Rotterdam,Bilinmiyor,1
63204,Ophemertstraat 50,EVBox,51.88567,4.43312,Rotterdam,Bilinmiyor,1
63203,Sluisweg 3,EVBox,51.88438,4.21579,Brielle,Bilinmiyor,1
63202,Dijkstraat 11,Ecotap,51.883877,5.517109,West Maas en Waal,Bilinmiyor,2
63201,Nieuwe Tielseweg 47,Ecotap,51.883335,5.432317,Tiel,Bilinmiyor,2
63199,Nijverheidsweg 1,Shell Recharge Solutions (BE),51.8825801,6.384337,Oude IJsselstreek,Bilinmiyor,1
63198,Mozartstraat 55,EVBox,51.88264,4.59826,Ridderkerk,Bilinmiyor,1
63196,Dillestraat 1,Shell Recharge Solutions (BE),51.8792096,5.8367335,Nijmegen,Bilinmiyor,1
63194,Bietenveld 1,Shell Recharge Solutions (BE),51.875931058043,5.52300274721347,West Maas en Waal,Bilinmiyor,1
63193,Imbrexstraat 18,EVBox,51.87531,5.84589,Nijmegen,Bilinmiyor,1
63192,Gruttostraat 6,EVBox,51.87486,4.94807,Giessenlanden,Bilinmiyor,1
63191,Bosmanskamp 16,Ecotap,51.873617,5.302468,Geldermalsen,Bilinmiyor,2
63190,Groeneweg 33A,EVBox,51.8725,4.94856,Giessenlanden,Bilinmiyor,1
63189,Slinge 162,EVBox,51.87331,4.4829,Rotterdam,Bilinmiyor,1
63187,Krabbendijkestraat 313,EVBox,51.8719,4.46563,Rotterdam,Bilinmiyor,1
63185,Leijenburgplein 2a,Ecotap,51.871219,5.074827,Lingewaal,Bilinmiyor,2
63184,Hondsroos 2,Ecotap,51.870646972367,5.401581376791,Tiel,Bilinmiyor,2
63183,Sleedoornlaan 17,EVBox,51.87045,4.58721,Ridderkerk,Bilinmiyor,1
63182,Grensstraat 3,EVBox,51.86974,6.26163,'s-Heerenberg,Bilinmiyor,1
63180,Karvelsedijk 34,EVBox,51.86671,4.36777,Rotterdam,Bilinmiyor,1
63179,Kortland 41,EVBox,51.86541,4.67231,Alblasserdam,Bilinmiyor,1
63178,Meester Pieter Cornelisz. Vermaatlaan 42,EVBox,51.86544,4.39471,Albrandswaard,Bilinmiyor,1
63176,Driemanssteeweg 188,Shell Recharge Solutions (BE),51.864346970252,4.46127362069319,Rotterdam,Bilinmiyor,1
63175,Petuniastraat 10,EVBox,51.86392,5.8735,Nijmegen,Bilinmiyor,1
63174,Putteweye 3,EVBox,51.86342,4.23685,Heenvliet,Bilinmiyor,1
63173,Achterdijk 49,EVBox,51.86316,4.43171,Albrandswaard,Bilinmiyor,1
63172,Brasem 275,EVBox,51.86327,4.62359,Ridderkerk,Bilinmiyor,1
63171,Dorpsdijk 42,EVBox,51.86034,4.41746,Albrandswaard,Bilinmiyor,1
63170,Meerkoet 2,EVBox,51.8599,4.60779,Ridderkerk,Bilinmiyor,1
63169,Kloosplantsoen 387,EVBox,51.85978,4.60207,Ridderkerk,Bilinmiyor,1
63168,Bakemaveld 1,EVBox,51.85953,4.52469,Barendrecht,Bilinmiyor,1
63167,Prisma 2,EVBox,51.85956,4.46776,Albrandswaard,Bilinmiyor,1
63166,Mangaan 24,EVBox,51.85999,4.47491,Albrandswaard,Bilinmiyor,1
63165,Akeleistraat 2A,EVBox,51.85938,4.31509,Nissewaard,Bilinmiyor,1
63163,Voordijk 59,EVBox,51.85812,4.92225,Giessenlanden,Bilinmiyor,1
63162,Prisma 51,EVBox,51.85787,4.46474,Albrandswaard,Bilinmiyor,1
63161,Koopliedenweg 10,EVBox,51.85768,4.55963,Barendrecht,Bilinmiyor,1
63160,Landweg 3,EVBox,51.85639,4.39635,Albrandswaard,Bilinmiyor,1
63159,Beschoeiing 38,EVBox,51.85661,4.36882,Rotterdam,Bilinmiyor,1
63158,De Snip 32,EVBox,51.85658,4.39004,Albrandswaard,Bilinmiyor,1
63157,Marjoleinlaan 16,EVBox,51.85471,4.54479,Barendrecht,Bilinmiyor,1
63156,Wilgenwede,EVBox,51.85383,4.49361,Barendrecht,Bilinmiyor,1
63155,Pruimendijk 332,EVBox,51.85301,4.63893,Ridderkerk,Bilinmiyor,1
63154,Ziedewij 5,EVBox,51.85291,4.55927,Barendrecht,Bilinmiyor,1
63153,Oranjestraat 1T,Allego BV,51.85280359,4.642608,Hendrik-Ido-Ambacht,Bilinmiyor,1
63152,Emmastraat 10,EVBox,51.8525,4.5533,Barendrecht,Bilinmiyor,1
63151,Oranjestraat 36a,Shell Recharge Solutions (BE),51.8503986,4.5532401,Barendrecht,Bilinmiyor,1
63150,M A de Ruijterstraat 72,EVBox,51.84915,4.32161,Nissewaard,Bilinmiyor,1
63149,Dorpsstraat 124,Allego BV,51.84902743,4.63325546,Hendrik-Ido-Ambacht,Bilinmiyor,1
63148,Mauritsstraat 131,Allego BV,51.848266,4.644488,Hendrik-Ido-Ambacht,Bilinmiyor,1
63145,van Godewijckstraat 95,Allego BV,51.84714865,4.64113486,Hendrik-Ido-Ambacht,Bilinmiyor,1
63144,Schultz van Haegenstraat 1,Allego BV,51.84678393,4.62769699,Hendrik-Ido-Ambacht,Bilinmiyor,1
63143,Nieuwstraat 9,Ecotap,51.846747,5.434041,West Maas en Waal,Bilinmiyor,2
63142,Zalmwater 105,EVBox,51.84646,4.50386,Barendrecht,Bilinmiyor,1
63141,Nijverheidsweg 69,EVBox,51.84529,4.65473,Hendrik-Ido-Ambacht,Bilinmiyor,1
63140,Lekstraat 31,EVBox,51.84465,4.35342,Nissewaard,Bilinmiyor,1
63139,Museum Kamstraat 64,Shell Recharge Solutions (BE),51.84256233951,5.87960693053901,Nijmegen,Bilinmiyor,1
63138,Adriaan Pieterslaan 31,Allego BV,51.84171636,4.62292336,Hendrik-Ido-Ambacht,Bilinmiyor,1
63137,Mercatorlaan 55,EVBox,51.84057,4.33,Nissewaard,Bilinmiyor,1
63136,Doctor de Blécourtstraat 55,EVBox,51.83961,5.81578,Nijmegen,Bilinmiyor,1
63135,Godfried Bomanslaan 124,Allego BV,51.83882719,4.99105351,Gorinchem,Bilinmiyor,1
63134,Korte Slagenstraat 11,Allego BV,51.83805217,4.97164748,Gorinchem,Bilinmiyor,1
63132,Maria Kleine-Gartmanstraat 1,EVBox,51.83717,4.36271,Nissewaard,Bilinmiyor,1
63131,Nieuwe Hoven 85,Shell Recharge Solutions (BE),51.8364168,4.97115340000005,Gorinchem,Bilinmiyor,1
63129,Parklaan,EVBox,51.83654294981896,4.311653578861296,Nissewaard,(Unknown),1
63128,Berg en Dalseweg 337,EVBox,51.83409,5.89555,Nijmegen,Bilinmiyor,1
63127,Fazantenlaan 4b,EVBox,51.83481,4.11802,Hellevoetsluis,Bilinmiyor,1
63126,Henriëtte van der Meijstraat 43,EVBox,51.83374,4.36323,Nissewaard,Bilinmiyor,1
63125,Lange Tiendweg,Allego BV,51.833331,4.694335,Papendrecht,Bilinmiyor,1
63124,Marisstraat 1,EVBox,51.83273,4.75578,Sliedrecht,Bilinmiyor,1
63123,Kweeklust,Allego BV,51.8329827,4.97354989,Gorinchem,Bilinmiyor,1
63122,Vlethaak 4,EVBox,51.83251,4.72194,Papendrecht,Bilinmiyor,1
63121,Van der Capellenstraat 1,Ecotap,51.832312,5.586331,West Maas en Waal,Bilinmiyor,2
63120,A15 Fastned Den Bout Hardinxveld-Noord,FastNed,51.83224,4.88122,Hardinxveld-Giessendam,Public,2
63119,Zalmhaak 11,Shell Recharge Solutions (BE),51.8321518,4.7238319,Papendrecht,Bilinmiyor,1
63118,Zalmhaak 3,EVBox,51.83175,4.72368,Papendrecht,Bilinmiyor,1
63117,Watermolen 66,Shell Recharge Solutions (BE),51.8317885,4.71999260000007,Papendrecht,Bilinmiyor,1
63116,Anne Frankstraat 103,Shell Recharge Solutions (BE),51.8314464,4.3589767,Nissewaard,Bilinmiyor,1
63115,Rog 43,EVBox,51.82983,4.1589,Hellevoetsluis,Bilinmiyor,1
63114,Develweg 4,EVBox,51.82953,4.57497,Zwijndrecht,Bilinmiyor,1
63113,Langeweg 350,EVBox,51.82924,4.62574,Zwijndrecht,Bilinmiyor,1
63112,Borstelgras 30,EVBox,51.82952,4.32203,Nissewaard,Bilinmiyor,1
63111,Simon Stevinstraat 3,Shell Recharge Solutions (BE),51.8287461168648,4.44425103278809,Oud-Beijerland,Bilinmiyor,1
63110,Vlotgras 70,EVBox,51.82795,4.32341,Nissewaard,Bilinmiyor,1
63109,Tapijtschelp 25,EVBox,51.82743,4.16289,Hellevoetsluis,Bilinmiyor,1
63107,Oude Veerdam 4,Shell Recharge Solutions (BE),51.82671,4.2686335,Nissewaard,Bilinmiyor,1
63106,Kerkenbos 1016A,EVBox,51.82623,5.78471,Nijmegen,Bilinmiyor,1
63105,Kerkenbos 1022,EVBox,51.82565,5.78355,Nijmegen,Bilinmiyor,1
63104,Moeraskreek 13,EVBox,51.82525,4.33184,Nissewaard,Bilinmiyor,1
63103,Hakgriend 5,Shell Recharge Solutions (BE),51.8255348205566,4.8461127281189,Hardinxveld-Giessendam,Bilinmiyor,1
63102,Doevelskerc 1,EVBox,51.82516,4.64346,Zwijndrecht,Bilinmiyor,1
63101,Engel de Raatpad 8,EVBox,51.82533,4.4835,Binnenmaas,Bilinmiyor,1
63099,Saturnusstraat 737,EVBox,51.8221,4.63508,Zwijndrecht,Bilinmiyor,1
63098,Industrieweg 69,EVBox,51.8204,4.76246,Sliedrecht,Bilinmiyor,1
63097,Suikerbergseweg 2,Allego BV,51.82026435,5.72756906,Wijchen,Bilinmiyor,1
63096,Wijnstraat,Allego BV,51.81934579,4.67039432,Dordrecht,Bilinmiyor,1
63095,Rembrandtlaan 225,EVBox,51.81947,4.783,Sliedrecht,Bilinmiyor,1
63094,Boezemsingel 32,EVBox,51.81742,4.42642,Oud-Beijerland,Bilinmiyor,1
63093,Groenling 3,Shell Recharge Solutions (BE),51.8142859415142,5.09529644973759,Zaltbommel,Bilinmiyor,1
63092,Oudsas 11,EVBox,51.81268,4.88664,Werkendam,Bilinmiyor,1
63091,Onderdemolen 5,Allego BV,51.8111473,4.0299677,Goeree-Overflakkee,Bilinmiyor,1
63090,Chico Mendesring 470,EVBox,51.81037,4.70882,Dordrecht,Bilinmiyor,1
63089,Kreekweg 10,EVBox,51.80966,4.62331,Zwijndrecht,Bilinmiyor,1
63087,Aldenhof 7014,EVBox,51.80921,5.80221,Nijmegen,Bilinmiyor,1
63086,Kelderweg 41,Shell Recharge Solutions (BE),51.8090473,3.92034569999998,Goeree-Overflakkee,Bilinmiyor,1
63085,Wilgenlaan 17,EVBox,51.80745,4.89505,Werkendam,Bilinmiyor,1
63084,Krommedijk 57,Allego BV,51.80764,4.6785365,Dordrecht,Bilinmiyor,1
63082,Hooftstraat 88,Allego BV,51.80502311,4.66062594,Dordrecht,Bilinmiyor,1
63081,Anna Paulownastraat 39,Allego BV,51.803264,4.671275,Dordrecht,Bilinmiyor,1
63080,Hulsenboschstraat 2,EVBox,51.8019,4.88998,Werkendam,Bilinmiyor,1
63079,Bamendaweg 58,EVBox,51.8011,4.70798,Dordrecht,Bilinmiyor,1
63078,Weezenhof 2313,Shell Recharge Solutions (BE),51.8009548,5.8010972,Nijmegen,Bilinmiyor,1
63077,Penningkruid 10,Allego BV,51.79966243,4.56003184,Binnenmaas,Bilinmiyor,1
63075,Zuiderdreef,Allego BV,51.79950572,5.72414816,Wijchen,Bilinmiyor,1
63074,Maasbandijk 10,Ecotap,51.798509,5.688302,Wijchen,Bilinmiyor,2
63073,Jacobus Lipsweg 130,EVBox,51.79786,4.62598,Dordrecht,Bilinmiyor,1
63071,Kastanjelaan,Allego BV,51.790538,4.700425,Dordrecht,Bilinmiyor,1
63070,Donker Duyvisweg,EVBox,51.78995,4.6266,Dordrecht,Bilinmiyor,1
63069,Maasdijk 12A,Shell Recharge Solutions (BE),51.7885957,5.6856711,Oss,Bilinmiyor,1
63068,Lariksstraat 28,Allego BV,51.787485,4.709214,Dordrecht,Bilinmiyor,1
63067,Lindehof 5,Allego BV,51.77959725,4.61378899,Binnenmaas,Bilinmiyor,1
63066,Walenburg 2,Allego BV,51.777856,4.682983,Dordrecht,Bilinmiyor,1
63065,Wetering 25,Shell Recharge Solutions (BE),51.775176,5.5023202,Oss,Bilinmiyor,1
63064,Slangenburg 291,Allego BV,51.774049,4.676201,Dordrecht,Bilinmiyor,1
63061,Oude Kerkstraat 30,Shell Recharge Solutions (BE),51.7657402,5.5174923,Oss,Bilinmiyor,1
63059,Willem Bilderdijkstraat 43,Allego BV,51.76223911,4.1505575,Goeree-Overflakkee,Bilinmiyor,1
63058,Romeinenweg 47,EVBox,51.75844,5.55131,Oss,Bilinmiyor,1
63057,Nieuwendijk 13,EVBox,51.75665,4.30761,Korendijk,Bilinmiyor,1
63056,Dwarsweg 40,Allego BV,51.75634689,4.17799696,Goeree-Overflakkee,Bilinmiyor,1
63055,Moorreesstraat 6,EVnetNL,51.75564,5.131501,Aalburg,Bilinmiyor,2
63054,Omloop 13,Allego BV,51.74784933,4.55095021,Strijen,Bilinmiyor,1
63053,Bosschebaan 10a,Shell Recharge Solutions (BE),51.7449942,5.7153559,Grave,Bilinmiyor,1
63052,Dorpsplein,Ecotap,51.740712,5.461212,Oss,Bilinmiyor,2
63050,Hofse Hoeve 12,EVBox,51.7397,5.637,Landerd,Bilinmiyor,1
63049,'t Hoogt 13,Allego BV,51.73874456,4.55451413,Strijen,Bilinmiyor,1
63048,De Bonnet 24,EVBox,51.73467,5.37053,'s-Hertogenbosch,Bilinmiyor,1
63047,Rijksweg,FastNed,51.7344651807518,5.49272505501563,Oss,Bilinmiyor,2
63046,Grotestraat 10H,EVBox,51.73253,5.12725,Heusden,Bilinmiyor,1
63045,Duitlaan 11,Shell Recharge Solutions (BE),51.7315402501384,5.28571665287018,'s-Hertogenbosch,Bilinmiyor,1
63043,Anne Frankstraat 1,EVBox,51.729,5.37156,'s-Hertogenbosch,Bilinmiyor,1
63042,Grotestraat 36,EVBox,51.72868,5.11169,Heusden,Bilinmiyor,1
63041,Pottenbakker 27,EVBox,51.72704,5.32551,'s-Hertogenbosch,Bilinmiyor,1
63040,Meester van Ierselstraat 7,EVBox,51.72613,5.3645,'s-Hertogenbosch,Bilinmiyor,1
63039,Walessingel 20,EVBox,51.72564,5.36379,'s-Hertogenbosch,Bilinmiyor,1
63038,Westeind 12A,EVBox,51.72183,5.34923,Rosmalen,Bilinmiyor,1
63037,Vierde Donk 20,Shell Recharge Solutions (BE),51.7180096116989,5.32301208783565,'s-Hertogenbosch,Bilinmiyor,1
63036,Numansgors 169,Shell Recharge Solutions (BE),51.7164582,4.4500138,Cromstrijen,Bilinmiyor,1
63035,Vosbergstraat 21a,Ecotap,51.714537,5.517202,Bernheze,Bilinmiyor,2
63034,Tuinstraat,Shell Recharge Solutions (BE),51.7110762,5.35306689999993,'s-Hertogenbosch,Bilinmiyor,2
63033,Rietveldenweg,Shell Recharge Solutions (BE),51.7066621,5.2676852,'s-Hertogenbosch,Bilinmiyor,2
63032,Bonkelaar 32,EVBox,51.70569,5.97923,Gennep,Bilinmiyor,1
63031,Industrieweg 67,Shell Recharge Solutions (BE),51.7027008,5.0578939,Waalwijk,Bilinmiyor,1
63030,Industrieweg 8,EVBox,51.70286,4.94223,Waalwijk,Bilinmiyor,1
63029,Raadhuisplein 2,EVBox,51.70245,5.98222,Gennep,Bilinmiyor,1
63028,Zandzuigerstraat 15,Ecotap,51.701742,5.296655,'s-Hertogenbosch,Bilinmiyor,2
63027,Van Schagenstraat 16,EVBox,51.69928,5.15172,Heusden,Bilinmiyor,1
63026,Graafseweg 294,Ecotap,51.698952,5.330384,'s-Hertogenbosch,Bilinmiyor,2
63025,Burgemeester Woltersstraat 33a,EVBox,51.69595,5.96873,Gennep,Bilinmiyor,1
63024,Sluisweg 1,Shell Recharge Solutions (BE),51.6928001,5.0531787,Waalwijk,Bilinmiyor,1
63023,Verdistraat 4,Shell Recharge Solutions (BE),51.6906724,4.8788783,Geertruidenberg,Bilinmiyor,1
63022,Westelijke Parallelweg,Allego BV,51.689237,4.662858,Moerdijk,Bilinmiyor,1
63021,Meester van Coothstraat 8,EVnetNL,51.68845,5.062886,Waalwijk,Bilinmiyor,2
63020,Molenstraat 1,EVnetNL,51.687541,5.051743,Waalwijk,Bilinmiyor,2
63019,Langenboomseweg 73,Ecotap,51.68622,5.758775,Mill en Sint Hubert,Bilinmiyor,1
63018,Händelstraat 50,EVBox,51.67977,5.31957,'s-Hertogenbosch,Bilinmiyor,1
63017,Blockmekerstraat 41,EVBox,51.67839,4.8072,Drimmelen,Bilinmiyor,1
63016,Mozartlaan 51,Bilinmiyor,51.678304972223,5.1358294487,Heusden,Bilinmiyor,1
63015,Ruiterpad 14,Shell Recharge Solutions (BE),51.6713864,5.3763232,Sint-Michielsgestel,Bilinmiyor,1
63013,Lage Zandschel 42A,EVBox,51.67,5.00716,Loon op Zand,Bilinmiyor,1
63011,Schepenhoek 326,Shell Recharge Solutions (BE),51.6640179,5.6256171,Uden,Bilinmiyor,1
63010,Amerikastraat 18,Shell Recharge Solutions (BE),51.6633396,5.0266821,Loon op Zand,Bilinmiyor,1
63009,Vaart 3,EVBox,51.65983,5.37243,Sint-Michielsgestel,Bilinmiyor,1
63008,Schoolstraat 20,EVBox,51.6598,5.29809,Vught,Bilinmiyor,1
63007,Bosveld 407,Shell Recharge Solutions (BE),51.6589544889267,5.63336840793454,Uden,Bilinmiyor,1
63006,Hoogeindsestraat 2,EVBox,51.65823,5.88609,Boxmeer,Bilinmiyor,1
63004,Loopkantstraat 9A,EVBox,51.65631,5.63134,Uden,Bilinmiyor,1
63003,Krombraak 13,EVBox,51.65427,4.8417,Oosterhout,Bilinmiyor,1
63001,Annendal 8,Allego BV,51.64902397,4.58871373,Moerdijk,Bilinmiyor,1
63000,Haagwinde 23,EVBox,51.64833,4.75291,Drimmelen,Bilinmiyor,1
62999,Bilderbeekstraat 35,EVBox,51.64538,5.94486,Boxmeer,Bilinmiyor,1
62998,IJsvogel 20,EVnetNL,51.643487,5.273416,Vught,Bilinmiyor,1
62997,Lage Ham 190,Shell Recharge Solutions (BE),51.6429508,4.9310627,Dongen,Bilinmiyor,1
62996,Lage Ham 190,EVBox,51.64205,4.93182,Dongen,Bilinmiyor,1
62995,Gasstraat 3A,EVBox,51.6423,4.85471,Oosterhout,Bilinmiyor,1
62994,Hertoglaan 42,EVBox,51.63836,5.28282,Vught,Bilinmiyor,1
62993,Boxtelseweg 58,Ecotap,51.638733,5.306912,Vught,Bilinmiyor,2
62992,Akeleilaan 16,Shell Recharge Solutions (BE),51.6345447,5.34047409999994,Sint-Michielsgestel,Bilinmiyor,1
62991,Asterdse Sluis 29,EVBox,51.62578,4.75985,Breda,Bilinmiyor,1
62990,Distellaar 8,EVBox,51.62082,5.55248,Veghel,Bilinmiyor,1
62989,Kanaalstraat 38,Shell Recharge Solutions (BE),51.6205813,4.9436196,Dongen,Bilinmiyor,1
62988,Besselaar 15,Shell Recharge Solutions (BE),51.6169622,5.37009160000002,Sint-Michielsgestel,Bilinmiyor,1
62987,Haanse Hoef 3A,EVBox,51.6158,4.95417,Dongen,Bilinmiyor,1
62986,Bramentuin 84,Shell Recharge Solutions (BE),51.6144069,4.82913740000004,Breda,Bilinmiyor,1
62985,Akeleistraat,Ecotap,51.613072,5.527185,Veghel,Bilinmiyor,2
62984,Oude Baan 33,EVBox,51.60868,4.77155,Breda,Bilinmiyor,1
62983,Konijnenberg 68,EVBox,51.60859,4.76957,Breda,Bilinmiyor,1
62982,Lange Weide 111,EVnetNL,51.607811,4.804854,Breda,Bilinmiyor,2
62981,Bosscheweg 143,Ecotap,51.606745,5.318712,Boxtel,Bilinmiyor,2
62979,Koningsveld 7,EVBox,51.60145,5.59263,Veghel,Bilinmiyor,1
62978,Merellaan 14,Shell Recharge Solutions (BE),51.600934340391,5.67964874803693,Boekel,Bilinmiyor,1
62977,Speelhuislaan 156A,EVBox,51.59998,4.77085,Breda,Bilinmiyor,1
62976,Takkebijsters 46,EVBox,51.59699,4.82901,Breda,Bilinmiyor,1
62975,'s-Gravenkreek 47,Shell Recharge Solutions (BE),51.5961522,4.1005437,Tholen,Bilinmiyor,1
62974,Stadionstraat,Ecotap,51.595381,4.749897,Breda,Bilinmiyor,2
62973,Takkebijsters 3A,EVBox,51.59427,4.8241,Breda,Bilinmiyor,1
62972,Rheastraat 14,Ecotap,51.594086,5.009922,Tilburg,Bilinmiyor,2
62971,Ridder van Cuijkstraat 42,EVnetNL,51.590872,5.3116,Boxtel,Bilinmiyor,1
62970,Baroniestraat 28,Shell Recharge Solutions (BE),51.5891570870259,5.31625910340188,Boxtel,Bilinmiyor,1
62969,Morgenstraat 50,Shell Recharge Solutions (BE),51.5877546,5.584467,Veghel,Bilinmiyor,1
62968,Maalbergenstraat 32,Shell Recharge Solutions (BE),51.5874706,4.9949229,Tilburg,Bilinmiyor,1
62967,Langendijk 70,EVBox,51.58595,4.99432,Tilburg,Bilinmiyor,1
62966,Heereveldseweg 68,EVBox,51.58539,5.72873,Gemert-Bakel,Bilinmiyor,1
62964,Sommelsdijkhof 6,Shell Recharge Solutions (BE),51.5829761340086,4.97652783121339,Tilburg,Bilinmiyor,1
62963,Decathlon Breda,Blue Corner (Belgium),51.58202,4.834863,Breda,Bilinmiyor,1
62962,Kraaivenstraat 17,EVBox,51.58229,5.06517,Tilburg,Bilinmiyor,1
62961,Geldropstraat 10,EVnetNL,51.579831,5.712073,Gemert-Bakel,Bilinmiyor,2
62960,Siriusstraat 25,EVBox,51.57671,5.11222,Tilburg,Bilinmiyor,1
62959,Lisstraat 22,EVBox,51.57667,5.19145,Oisterwijk,Bilinmiyor,1
62957,Marie Koenenlaan 18,Shell Recharge Solutions (BE),51.5718729,5.0336722,Tilburg,Bilinmiyor,1
62956,1e Deltaweg,Bilinmiyor,51.569694620697,3.8512766361237,Noord-Beveland,Bilinmiyor,1
62955,Lijndonk 24,EVBox,51.56645,4.8722,Gilze en Rijen,Bilinmiyor,1
62953,Ringbaan-West 138,EVnetNL,51.564755,5.066113,Tilburg,Bilinmiyor,2
62952,Mon Plaisir 53,EVBox,51.56239,4.62172,Etten-Leur,Bilinmiyor,1
62951,Sint-Annastraat 50,EVBox,51.558,5.69082,Gemert-Bakel,Bilinmiyor,1
62950,Fastned Ooiendonk,FastNed,51.55638,5.36184,Boxtel,Bilinmiyor,2
62949,Stroomlaan 59,EVnetNL,51.550953,5.044807,Tilburg,Bilinmiyor,2
62948,Berkdijksestraat 143,EVBox,51.54999,5.06086,Tilburg,Bilinmiyor,1
62947,Luienhoeksestraat 16,EVBox,51.54521,4.60237,Rucphen,Bilinmiyor,1
62946,Matterhornstraat 90,EVnetNL,51.541359,5.086231,Tilburg,Bilinmiyor,2
62945,Stationsplein 3e,EVnetNL,51.54072,4.461065,Roosendaal,Bilinmiyor,2
62944,Keizersveld 28,EVBox,51.54034,5.98876,Venray,Bilinmiyor,1
62943,Noorderstraat 42,EVBox,51.53916,4.59373,Rucphen,Bilinmiyor,1
62942,Wijnkorenstraat 7a,EVBox,51.53718,4.49891,Roosendaal,Bilinmiyor,1
62941,Veerweg,EVBox,51.53417,3.81701,Goes,Bilinmiyor,1
62940,Biggelaar 29,Allego BV,51.532998,4.458523,Roosendaal,Bilinmiyor,1
62939,Biggelaar 29,Allego BV,51.532989,4.458526,Roosendaal,Bilinmiyor,1
62938,Wouwseweg 20,EVnetNL,51.532614,4.44663,Roosendaal,Bilinmiyor,2
62937,Emmastraat 7,EVnetNL,51.531108,4.462947,Roosendaal,Bilinmiyor,2
62936,Grondster 39,EVBox,51.51753,5.04398,Goirle,Bilinmiyor,1
62935,Bergsebaan 1,EVnetNL,51.51779,4.383958,Roosendaal,Bilinmiyor,2
62934,Isabellahof 28,EVBox,51.51323,5.95288,Venray,Bilinmiyor,1
62933,Aarleseweg 10,EVBox,51.51236,5.36403,Best,Bilinmiyor,1
62932,Hertvelden 4,Shell Recharge Solutions (BE),51.5075623,5.37297,Best,Bilinmiyor,1
62931,Zandstraat,Ecotap,51.503677,5.410968,Best,Bilinmiyor,2
62930,Prinses Beatrixlaan 600,Ecotap,51.503175,5.386353,Best,Bilinmiyor,2
62929,Ekkersrijt 7310,Ecotap,51.501967,5.463946,Son en Breugel,Bilinmiyor,2
62927,Ekkersrijt,Shell Recharge Solutions (BE),51.4994514266102,5.4730493893021,Son en Breugel,Bilinmiyor,1
62926,Ekkersrijt,Shell Recharge Solutions (BE),51.4993028200002,5.47293405431446,Son en Breugel,Bilinmiyor,1
62925,"Fastned Selnisse, Zeeland, A58 north side.",FastNed,51.49875,3.77227,Goes,Public,2
62923,De Kruik 8,EVBox,51.49691,5.30819,Oirschot,Bilinmiyor,1
62922,Veenpluis,EVBox,51.49202,5.37983,Best,Bilinmiyor,1
62921,Veenpluis,EVBox,51.4889,5.38359,Best,Bilinmiyor,1
62920,Laagveld 27,EVBox,51.48819,5.64273,Helmond,Bilinmiyor,1
62919,Gorp,EVBox,51.48765,5.05268,Goirle,Bilinmiyor,1
62917,Johan Wilhem Thibautstraat 20A,EVBox,51.48656,3.61619,Middelburg,Bilinmiyor,1
62916,"Fastned De Vliedberg, A58 Zuid, Zeeland",FastNed,51.48431,3.85084,Goes,Public,3
62915,Zeppelinstraat 40,Allego BV,51.48398419,5.6810642,Helmond,Bilinmiyor,1
62914,Augustalaan 39,EVBox,51.48241,4.29278,Bergen op Zoom,Bilinmiyor,1
62913,Frans Joseph van Thielpark 26,Allego BV,51.478267,5.649747,Helmond,Bilinmiyor,1
62912,Estlandweg,EVBox,51.47051,3.72249,Borsele,Bilinmiyor,1
62911,Gerretsonlaan 86,EVnetNL,51.4701,5.463897,Eindhoven,Bilinmiyor,1
62910,Dobbelerserf 2,EVBox,51.46374,5.61727,Helmond,Bilinmiyor,1
62909,Julianastraat 32,Shell Recharge Solutions (BE),51.4629409,6.0464952,Horst aan de Maas,Bilinmiyor,1
62908,Muzenlaan 47,EVnetNL,51.4621,5.488029,Eindhoven,Bilinmiyor,1
62906,Industrieweg 7,EVBox,51.45687,5.77522,Deurne,Bilinmiyor,1
62905,Derpsestraat 41,Shell Recharge Solutions (BE),51.4563886,5.7947523,Deurne,Bilinmiyor,1
62904,Besselhoeve 27,Allego BV,51.45409786,5.61193688,Helmond,Bilinmiyor,1
62903,Kaldersedijk 26,EVBox,51.45347,5.6188,Helmond,Bilinmiyor,1
62902,Maatheide,Alfen,51.452903,5.457051,Lommel,Bilinmiyor,1
62901,Kaldersedijk 14,EVBox,51.45173,5.61949,Helmond,Bilinmiyor,1
62900,Zandkrab 11,EVBox,51.44902,5.41031,Eindhoven,Bilinmiyor,1
62899,Helmesstraat 15,EVBox,51.44723,6.05225,Horst aan de Maas,Bilinmiyor,1
62897,Korendijk 13,EVBox,51.44661,5.70838,Helmond,Bilinmiyor,1
62896,Pastoor Petersstraat 154,EVBox,51.4447263604078,5.47302603721619,Eindhoven,Bilinmiyor,1
62895,St Josephlaan 10,EVnetNL,51.437969,5.512368,Eindhoven,Bilinmiyor,1
62894,Spaarpot 5,EVBox,51.43739,5.56258,Geldrop-Mierlo,Bilinmiyor,1
62893,Heer Dickbierweg 7,Shell Recharge Solutions (BE),51.4365472,5.61883080000007,Geldrop-Mierlo,Bilinmiyor,1
62892,Waterland 218,EVBox,51.43614,5.39973,Eindhoven,Bilinmiyor,1
62891,Geldropseweg 17,Shell Recharge Solutions (BE),51.4347403,5.485682,Eindhoven,Bilinmiyor,1
62890,"De Kroon 5, Kwadendamme",EVBox,51.43392,3.87613,Kwadendamme,Public - Membership Required,1
62889,Wekkerstraat 25,EVnetNL,51.431825,5.428635,Eindhoven,Bilinmiyor,2
62888,Jan van Boendalelaan 1,Shell Recharge Solutions (BE),51.4303817749023,5.47073221206665,Eindhoven,Bilinmiyor,1
62887,Hoogepat 26,EVBox,51.42547,5.41085,Veldhoven,Bilinmiyor,1
62886,Hoevehei 27,EVBox,51.42437,5.40083,Veldhoven,Bilinmiyor,1
62884,De Poort 1,Shell Recharge Solutions (BE),51.4227938,4.1976497,Reimerswaal,Bilinmiyor,1
62883,De Poort 24 / Tankstation De Meeuw,Shell Recharge Solutions (NL),51.42264047748636,4.1915534989585845,Reimerswaal,Public,2
62882,Janus Hagelaarsstraat 12,EVBox,51.42082,5.36758,Veldhoven,Bilinmiyor,1
62881,Willigenakkerstraat 20,Shell Recharge Solutions (BE),51.4154472351074,5.40560054779053,Veldhoven,Bilinmiyor,1
62880,High Tech Campus P0,Alfen,51.410303,5.451551,Eindhoven ,"Private - For Staff, Visitors or Customers",18
62879,Schoutstraat 21,Shell Recharge Solutions (BE),51.4079223,6.0315565,Horst aan de Maas,Bilinmiyor,1
62878,Venrayseweg 214,EVBox,51.40238,6.13279,Venlo,Bilinmiyor,1
62876,Locht,Alfen,51.38903,5.37428,Veldhoven,Bilinmiyor,1
62875,Kalverekker 29,EVBox,51.3754,5.2274,Bladel,Bilinmiyor,1
62874,Industrieweg 62,EVBox,51.36996,5.58174,Heeze-Leende,Bilinmiyor,1
62873,Sigarenmaker 14,EVBox,51.88731,4.55172,Eersel,Bilinmiyor,1
62872,Professor Doctor J.E. de Quaystraat 9,EVBox,51.36561,5.22164,Bladel,Bilinmiyor,1
62871,Berkenbos 10,EVBox,51.36581,5.20955,Bladel,Bilinmiyor,1
62868,Industrieterrein Panningen 13,EVBox,51.33395,5.98009,Peel en Maas,Bilinmiyor,1
62866,Keramiekstraat 11,Shell Recharge Solutions (BE),51.3334416,6.1294031,Venlo,Bilinmiyor,1
62864,Mr. F.J. Haarmanweg 33,EVBox,51.31934,3.83626,Terneuzen,Bilinmiyor,1
62863,Hughersluys 31,EVBox,51.31219,3.84427,Terneuzen,Bilinmiyor,1
62862,Irisstraat 17,Shell Recharge Solutions (BE),51.3116932,3.78072459999999,Terneuzen,Bilinmiyor,1
62861,Mr. F.J. Haarmanweg 61,Shell Recharge Solutions (BE),51.3002273,3.847803,Terneuzen,Bilinmiyor,1
62860,Truffinoweg 232,Shell Recharge Solutions (BE),51.2912354,4.0615256,Hulst,Bilinmiyor,1
62859,Gastelseweg 68,EVBox,51.2793,5.56672,Cranendonck,Bilinmiyor,1
62858,Kringgreppel 10,EVBox,51.27786,5.78443,Nederweert,Bilinmiyor,1
62855,St. Paulusstraat 12,EVBox,51.25074,5.70605,Weert,Bilinmiyor,1
62854,Sint Sebastianusstraat 14,EVBox,51.23746,6.04949,Roermond,Bilinmiyor,1
62851,Sicco Mansholtstraat 3,EVBox,51.17529,5.97444,Roermond,Bilinmiyor,1
62850,Aldrinerf 13,EVBox,51.16115,6.0251,Roerdalen,Bilinmiyor,1
62848,Oude Maasweg 7,EVBox,51.14161,5.87896,Maasgouw,Bilinmiyor,1
62847,Halfersstraat 5,EVBox,51.13957,6.00176,Roerdalen,Bilinmiyor,1
62835,Egelantier,Ecotap,50.985125,5.825876,Sittard-Geleen,Bilinmiyor,2
62834,Urmonderbaan,EVBox,50.98365,5.78975,Sittard-Geleen,Bilinmiyor,1
62831,Wolfstraat 28,EVBox,50.97604,5.83349,Sittard-Geleen,Bilinmiyor,1
62827,Hoefnagelshof 34,EVBox,50.94157,5.96943,Brunssum,Bilinmiyor,1
62826,Roodborststraat,EVBox,50.92092,5.91029,Heerlen,Bilinmiyor,1
62823,Langweide 24,Shell Recharge Solutions (BE),50.9063907,5.8815655,Nuth,Bilinmiyor,1
62821,In de Cramer,Shell Recharge Solutions (BE),50.8989241212788,5.9456997547004,Heerlen,Bilinmiyor,1
62820,Marconistraat 1,Shell Recharge Solutions (BE),50.8880681,6.02541389999999,Landgraaf,Bilinmiyor,1
62819,Bunderstraat 28,Shell Recharge Solutions (BE),50.8855621,5.7516189,Meerssen,Bilinmiyor,1
62818,Jan Campertstraat 7C,EVBox,50.88231,6.00549,Heerlen,Bilinmiyor,1
62815,Doctor Clemens Meulemanstraat 3A,EVBox,50.86834,5.99582,Heerlen,Bilinmiyor,1
62813,Laurierhoven 3C,Shell Recharge Solutions (BE),50.8663177490234,5.73736906051636,Maastricht,Bilinmiyor,1
62812,Ambyerstraat Noord,Shell Recharge Solutions (BE),50.8645925,5.73282010000003,Maastricht,Bilinmiyor,1
62811,Stadionweg,Shell Recharge Solutions (BE),50.8592454,5.7172544,Maastricht,Bilinmiyor,1
62810,A76,Ecotap,50.838929,6.005851,Heerlen,Bilinmiyor,2
62809,Wittemer Allee,Ecotap,50.815092,5.909426,Gulpen-Wittem,Bilinmiyor,2
62807,Meikers 12,Shell Recharge Solutions (BE),50.7770957,5.71438749999993,Eijsden-Margraten,Bilinmiyor,1
62806,Molenstraat 4,Shell Recharge Solutions (BE),50.7710109,5.7012185,Eijsden-Margraten,Bilinmiyor,1
62805,Grensweg 10,Ecotap,50.766217,5.863264,Gulpen-Wittem,Bilinmiyor,2
61480,De Abt - Nagele A6,Allego BV,52.625560980673335,5.666284561157227,Nagele,Public - Membership Required,1
60607,Marlot II,Alfen,52.0998986234563,4.35787618160248,The Hague,Public - Membership Required,2
60279,Cohere Head Office,POD Point (UK),52.3825301,4.85790889999998,Amsterdam,"Private - For Staff, Visitors or Customers",29
59154,Tesla Supercharger Urmond,Tesla (Tesla-only charging),50.9881005,5.7805974,Urmond,Public - Membership Required,20
59153,Tesla Supercharger Eindhoven,Tesla (Tesla-only charging),51.4066286,5.4797143,Eindhoven,Public - Membership Required,24
59149,Tesla Supercharger Zwolle,Tesla (Tesla-only charging),52.5322920549193,6.15845918655396,Zwolle,Public - Membership Required,24
59080,Distripark Eemhaven,Nomadpower,51.8709536157285,4.41889556304933,Albrandswaard,Public - Membership Required,8
57993,FastNed,FastNed,52.0400020647412,4.70606501886164,Bodegraven-Reeuwijk,Public,4
57913,Truck Centrum Emmen,Nomadpower,52.7400034562056,6.964782303679855,Emmen,Public - Membership Required,4
57777,Diemerschans 40,Allego BV,52.0194834114185,5.09715447462155,Nieuwegein,Public,2
56809,Emmahoeve,(Business Owner at Location),52.7239866116711,5.84521969537286,Luttelgeest,Public - Pay At Location,1
54749,Hoendiep,EVBox,53.21121,6.48259,Groningen,Bilinmiyor,1
54747,De Meerpaal 40,Shell Recharge Solutions (BE),53.1103668212891,6.0586142539978,Smallingerland,Bilinmiyor,1
54745,Aurelia 26,Shell Recharge Solutions (BE),52.87642,6.0164765,Weststellingwerf,Bilinmiyor,1
54737,Van Zuylenware 75,Shell Recharge Solutions (BE),52.4796138,6.111747,Zwolle,Bilinmiyor,1
54734,Zuiderzeelaan 66,EVBox,52.42778,4.90415,Landsmeer,Bilinmiyor,1
54731,Hoge Duin en Daalseweg 31,Bilinmiyor,52.402003,4.604847,Bloemendaal,Bilinmiyor,1
54728,Handelsweg,EVBox,52.35787,5.50944,Zeewolde,Bilinmiyor,1
54727,Handelsweg 1,EVBox,52.35762,5.50991,Zeewolde,Bilinmiyor,1
54726,Aletta Jacobslaan,EVBox,52.34663,4.83053,Amsterdam,Bilinmiyor,1
54724,Keienbergweg 56,EVBox,52.30689,4.93373,Amsterdam,Bilinmiyor,1
54722,Nijverheidsweg 18,EVBox,52.30285,5.24456,Huizen,Bilinmiyor,1
54720,Elsenerveldweg 5,EVBox,52.27668,6.48173,Rijssen-Holten,Bilinmiyor,1
54717,Leeuwenbrug,Allego BV,52.256334,6.16197,Deventer,Bilinmiyor,1
54716,Rijnlanderweg 1423,EVBox,52.25135,4.65432,Haarlemmermeer,Bilinmiyor,1
54712,Zonnewende 289,EVBox,52.21946,6.01566,Apeldoorn,Bilinmiyor,1
54711,Vuurbloem 1,EVBox,52.21741,5.98232,Apeldoorn,Bilinmiyor,1
54709,Zandoogje 1,EVBox,52.21142,5.46222,Nijkerk,Bilinmiyor,1
54708,Heemskerkstraat 13,EVBox,52.19986,5.97745,Apeldoorn,Bilinmiyor,1
54705,Zandzegge 9,Allego BV,52.18189718,4.50151154,Leiden,Bilinmiyor,1
54702,Constantijn Huygenslaan,Allego BV,52.16147888,4.46652638,Leiden,Bilinmiyor,1
54701,Janvossensteeg 46,Allego BV,52.161006,4.49257767,Leiden,Bilinmiyor,1
54700,Kalvermarkt 5,Allego BV,52.16047748,4.50054968,Leiden,Bilinmiyor,1
54697,Witte Rozenstraat 57,Allego BV,52.15156292,4.4839035,Leiden,Bilinmiyor,1
54696,Thorbeckestraat 30,Allego BV,52.15155504,4.50070737,Leiden,Bilinmiyor,1
54695,Cronesteinkade 28,Allego BV,52.15109693,4.49755524,Leiden,Bilinmiyor,1
54694,Binkhorst 53,Allego BV,52.15068747,4.66566286,Alphen aan den Rijn,Bilinmiyor,1
54693,Kraanbaan 1,Allego BV,52.14944905,4.48301303,Leiden,Bilinmiyor,1
54692,Clara Visserplaats 1,Allego BV,52.14891338,4.45468137,Leiden,Bilinmiyor,1
54691,Pijperhof 2,Allego BV,52.14573306,4.66531442,Alphen aan den Rijn,Bilinmiyor,1
54688,Händelstraat 26,Allego BV,52.1435192,4.4690109,Leiden,Bilinmiyor,1
54687,Obrechtlaan 7,EVBox,52.13794,5.21929,De Bilt,Bilinmiyor,1
54686,Floridadreef 104A,EVBox,52.12905,5.08999,Utrecht,Bilinmiyor,1
54680,Leidse Rijn 33,EVBox,52.08171,5.05892,Utrecht,Bilinmiyor,1
54679,Roeterskamp 50,EVBox,52.08122,5.49615,Scherpenzeel,Bilinmiyor,1
54678,Gelderse Roos 11,EVBox,52.07786,5.49643,Scherpenzeel,Bilinmiyor,1
54677,Overgoo 11,EVBox,52.07603,4.39469,Leidschendam-Voorburg,Bilinmiyor,1
54676,Kanaalweg 29B,EVBox,52.07078,5.10944,Utrecht,Bilinmiyor,1
54675,Singelpark 1,Ecotap,52.055367,5.226467,Bunnik,Bilinmiyor,2
54672,Parkweide 14,Greenflux,52.050775071521,5.6438291072845,Ede,Bilinmiyor,4
54671,Hoflaan 88,EVBox,52.04523,5.63612,Ede,Bilinmiyor,1
54670,Nieuweweg 226,EVBox,52.03834,5.55492,Veenendaal,Bilinmiyor,1
54669,Standaardruiter 13,EVBox,52.03813,5.54389,Veenendaal,Bilinmiyor,1
54668,Nieuweweg 222,EVBox,52.03773,5.55515,Veenendaal,Bilinmiyor,1
54667,Spitsbergenweg 49,EVBox,52.02678,5.57631,Veenendaal,Bilinmiyor,1
54666,Galvanistraat 13,Shell Recharge Solutions (BE),52.0263962,5.6411828,Ede,Bilinmiyor,1
54664,Roseboomlaan 26,EVBox,52.0228,5.67495,Ede,Bilinmiyor,1
54662,Roghorst 111,EVBox,51.97865,5.66634,Wageningen,Bilinmiyor,1
54661,Plantsoen 184A,EVBox,51.968,5.66445,Wageningen,Bilinmiyor,1
54660,Midwoldastraat 21,Allego BV,51.95078862,5.90361177,Arnhem,Bilinmiyor,1
54659,Tuinderserf 24,Allego BV,51.94732323,5.8521406,Arnhem,Bilinmiyor,1
54658,Bijenstraat 11,EVBox,51.94439,5.21361,Culemborg,Bilinmiyor,1
54656,Boezembocht 23,Ecotap,51.942853,4.496707,Rotterdam,Bilinmiyor,2
54654,Pakkebierhofstraat 24,EVnetNL,51.923017,6.097316,Zevenaar,Bilinmiyor,2
54653,Bahialaan 100,Ecotap,51.918023,4.537683,Rotterdam,Bilinmiyor,2
54652,1e Articuslaan 4,EVBox,51.91684,4.54713,Capelle aan den IJssel,Bilinmiyor,1
54651,Veilingweg 8,Ecotap,51.91348,5.92351,Lingewaard,Bilinmiyor,2
54650,Goudenregenplantsoen 207,EVBox,51.87244,4.58166,Ridderkerk,Bilinmiyor,1
54649,Van den Bergstraat 2,Bilinmiyor,51.828004580278,4.4038116931915,Oud-Beijerland,Bilinmiyor,1
54647,De Buurt 1,EVBox,51.82165,4.8818,Hardinxveld-Giessendam,Bilinmiyor,1
54646,Boonsweg 63,Shell Recharge Solutions (BE),51.8147231,4.5210949,Binnenmaas,Bilinmiyor,1
54645,Omhoeken 11,Allego BV,51.8110791,5.24987859,Zaltbommel,Bilinmiyor,1
54643,Dammenweg,Allego BV,51.78494904,3.8700851,Goeree-Overflakkee,Bilinmiyor,1
54642,Boogschutter 1,Allego BV,51.7798925,4.6704606,Dordrecht,Bilinmiyor,1
54641,Heidezoom 16,Ecotap,51.777887703139,5.8578345179558,Heumen,Bilinmiyor,2
54640,Hazelaar 21,Allego BV,51.768631,4.071563,Goeree-Overflakkee,Bilinmiyor,1
54638,'t Dorp 25,EVBox,51.73498,5.53081,Bernheze,Bilinmiyor,1
54637,De Hoek 1,EVnetNL,51.730454,5.053537,Aalburg,Bilinmiyor,2
54636,Benedenkade,Allego BV,51.695729,4.441538,Moerdijk,Bilinmiyor,1
54635,De Bossche Pad,EVnetNL,51.690612,5.316944,'s-Hertogenbosch,Bilinmiyor,2
54634,Sumatrastraat 15,EVnetNL,51.687765,5.328499,'s-Hertogenbosch,Bilinmiyor,2
54633,Molenberglaan,Allego BV,51.662297,4.535305,Moerdijk,Bilinmiyor,1
54632,Prins Hendrikstraat,Allego BV,51.646257,4.610074,Moerdijk,Bilinmiyor,1
54631,Pastoor van Kessellaan 15,Allego BV,51.641978,4.604825,Moerdijk,Bilinmiyor,1
54628,Ericssonstraat 32,EVBox,51.58044,4.93128,Gilze en Rijen,Bilinmiyor,1
54627,Ericssonstraat 32,EVBox,51.57975,4.93222,Gilze en Rijen,Bilinmiyor,1
54625,Overakkerstraat 347,EVBox,51.56365,4.80751,Breda,Bilinmiyor,1
54624,Alleenhouderstraat 226,EVBox,51.5627,5.07459,Tilburg,Bilinmiyor,1
54623,Pauvreweg 5,Ecotap,51.56085,4.620926,Etten-Leur,Bilinmiyor,2
54622,Metaalweg 8,EVBox,51.55056,5.98528,Venray,Bilinmiyor,1
54621,Vossendreef 18,EVBox,51.54747,4.81027,Breda,Bilinmiyor,1
54620,Nijverheidsweg 4-N01,Ecotap,51.547137,4.088585,Tholen,Bilinmiyor,2
54619,Elsanta 6,EVBox,51.54701,4.59925,Rucphen,Bilinmiyor,1
54618,Antwerpseweg 2,EVBox,51.51451,4.69771,Zundert,Bilinmiyor,1
54617,Buigeind 7,EVBox,51.49935,5.37801,Best,Bilinmiyor,1
54615,Scheldekade 46,EVBox,51.33958,3.82634,Terneuzen,Bilinmiyor,1
54607,Giselbertstraat 4,Shell Recharge Solutions (BE),50.8508944,5.7205175,Maastricht,Bilinmiyor,1
54478,Militair Luchtvaart Museum,(Private Residence/Individual),52.1316657,5.2805731,Soest,"Private - For Staff, Visitors or Customers",2
54009,Ynzeweg 2,Greenflux,53.389125743097,5.3031027317047,Terschelling,Bilinmiyor,2
54007,Eelaan 10,EVBox,53.32868,6.00425,Dongeradeel,Bilinmiyor,1
54006,Heratemaheerd 10,EVBox,53.24704,6.58164,Groningen,Bilinmiyor,1
54005,Zernikepark 12,Shell Recharge Solutions (BE),53.2446065,6.533665,Groningen,Bilinmiyor,1
54004,De Jokse 586,Allego BV,53.2173053,5.79370979,Leeuwarden,Bilinmiyor,1
54003,Kieler Bocht 13,Ecotap,53.216095,6.608798,Groningen,Bilinmiyor,2
54002,Scandinaviëweg 5-aa,EVBox,53.21523,6.59303,Groningen,Bilinmiyor,1
54001,Osingastate 5,Allego BV,53.21276779,5.84830329,Leeuwarden,Bilinmiyor,1
54000,Frederik Ruyschstraat 14,Allego BV,53.2098984,5.81514889,Leeuwarden,Bilinmiyor,1
53999,Lijsterbesstraat 4,EVBox,53.20716,5.82158,Leeuwarden,Bilinmiyor,1
53997,Huygensstraat,Ecotap,53.203305,6.562185,Groningen,Bilinmiyor,2
53995,Waddenpromenade 3-1,Ecotap,53.176522,5.414089,Harlingen,Bilinmiyor,2
53993,J.P. Santeeweg 88,EVBox,53.15915,6.40191,Noordenveld,Bilinmiyor,1
53991,Keatsebaen 1,Allego BV,53.1077868,5.58803299,Littenseradiel,Bilinmiyor,1
53989,Jan Eisengastrjitte 1,EVBox,53.00523,6.06351,Opsterland,Bilinmiyor,1
53988,Generaal Maczekplein,EVnetNL,52.989307,6.955745,Stadskanaal,Bilinmiyor,2
53985,Kempenaerlaan 11,EVBox,52.9239,5.73875,De Fryske Marren,Bilinmiyor,1
53982,Havenstraat 25a,Shell Recharge Solutions (BE),52.7401211,4.84046620000004,Hollands Kroon,Bilinmiyor,1
53981,Van Echtenskanaal NZ 126,EVBox,52.72529,6.98448,Emmen,Bilinmiyor,1
53980,Eekhorstweg 16,EVBox,52.69958,6.18554,Meppel,Bilinmiyor,1
53978,Noordlaan 42S,EVBox,52.67806,4.69712,Bergen (NH),Bilinmiyor,1
53976,Dijk 90,EVBox,52.6722,4.80459,Langedijk,Bilinmiyor,1
53975,John Raedeckerhof 197,Shell Recharge Solutions (BE),52.6510295,5.115778,Hoorn,Bilinmiyor,1
53972,De Drieslag 30-45,ChargePoint,52.528864,5.698447,Dronten,Bilinmiyor,2
53969,Ziekenhuisweg,Alfen,52.504768,5.474321,Lelystad,Bilinmiyor,1
53968,Hanzelaan 345,EVBox,52.50071,6.09637,Zwolle,Bilinmiyor,1
53967,Callistostraat 19,Bilinmiyor,52.49875,4.750178,Zaanstad,Bilinmiyor,1
53966,Sellingerbos 27,Bilinmiyor,52.494048,4.980547,Purmerend,Bilinmiyor,1
53964,Koeweg,EVBox,52.46216,6.05032,Hattem,Bilinmiyor,1
53962,Veenwal 9,EVBox,52.45326,6.07057,Hattem,Bilinmiyor,1
53960,te Kieftestraat 2A,EVBox,52.44818,6.34428,Dalfsen,Bilinmiyor,1
53957,Spiekweg 7-B7,Shell Recharge Solutions (BE),52.431126,6.96185500000001,Dinkelland,Bilinmiyor,1
53954,Kaneelappelstraat 126,Essent (NL),52.407598,4.90564,Amsterdam,Bilinmiyor,1
53947,Naritaweg 12,EVBox,52.38756,4.82991,Amsterdam,Bilinmiyor,1
53946,Kingsfordweg 151,EVBox,52.3855894,4.84283110000001,Amsterdam,Bilinmiyor,1
53945,Grutto 4,EVBox,52.38486,5.78487,Nunspeet,Bilinmiyor,1
53944,Dolhaantjestraat 37,Essent (NL),52.383317,4.807045,Amsterdam,Bilinmiyor,1
53942,Johan Frisoplein 3,Allego BV,52.3816281,5.77932694,Nunspeet,Bilinmiyor,1
53941,Vlaanderenlaan 20,Allego BV,52.38032182,5.81002681,Nunspeet,Bilinmiyor,1
53939,Plesmanweg 9,Shell Recharge Solutions (BE),52.3697445,6.64530790000003,Almelo,Bilinmiyor,2
53938,Dokter Meurerlaan 4,Essent (NL),52.368528,4.80519,Amsterdam,Bilinmiyor,1
53936,Van Leeuwenhoekstraat 26,Shell Recharge Solutions (BE),52.3651106,5.6469239,Harderwijk,Bilinmiyor,1
53931,Comeniusstraat 249,Essent (NL),52.359212,4.830204,Amsterdam,Bilinmiyor,1
53928,Boekenroodeweg 47,Bilinmiyor,52.35394,4.5908,Bloemendaal,Bilinmiyor,1
53927,Jaap ter Haarstraat 47,EVBox,52.35408,5.18165,Almere,Bilinmiyor,1
53925,Diepenbeekplantsoen 35,Essent (NL),52.349046,4.818995,Amsterdam,Bilinmiyor,1
53920,Bastenakenstraat 81,Essent (NL),52.343322,4.817951,Amsterdam,Bilinmiyor,1
53917,Middenlaan 32,Shell Recharge Solutions (BE),52.3323175,5.6241534,Harderwijk,Bilinmiyor,1
53916,Grand Canal 23,Bilinmiyor,52.331375,6.659817,Almelo,Bilinmiyor,1
53912,Kalfjeslaan,Greenflux,52.321342,4.87895,Amsterdam,Bilinmiyor,1
53907,Reggesingel 10,EVBox,52.31728,6.53003,Rijssen-Holten,Bilinmiyor,1
53904,Eversdijk 4a,EVBox,52.31068,6.56872,Wierden,Bilinmiyor,1
53890,Folkstoneweg,EVBox,52.29175,4.76103,Haarlemmermeer,Bilinmiyor,1
53885,Aalsmeerderweg 203,Shell Recharge Solutions (BE),52.2774903,4.7883703,Aalsmeer,Bilinmiyor,1
53881,Dammerweg 81,Shell Recharge Solutions (BE),52.2730732,5.047835,Wijdemeren,Bilinmiyor,1
53877,Werven 37,Shell Recharge Solutions (BE),52.2723361,4.7478477,Aalsmeer,Bilinmiyor,1
53873,Legmeerdijk,EVBox,52.265,4.78476,Aalsmeer,Bilinmiyor,1
53871,Betula 71,EVBox,52.25247,4.79143,Uithoorn,Bilinmiyor,1
53870,Dorpsstraat 303,EVBox,52.25213,6.91355,Enschede,Bilinmiyor,1
53863,Vaartweg 137A,EVnetNL,52.223059,5.157173,Hilversum,Bilinmiyor,1
53862,Rijksstraatweg 38,EVBox,52.21952,6.14589,Voorst,Bilinmiyor,1
53860,Hercules 169,Allego BV,52.21147343,4.4218147,Katwijk,Bilinmiyor,1
53859,E.A. Borgerstraat 49,Allego BV,52.2080317,4.3985132,Katwijk,Bilinmiyor,1
53857,Ankerplaats,Allego BV,52.2045043,4.4127108,Katwijk,Bilinmiyor,1
53856,Voorstraat 107A,Allego BV,52.202556,4.402367,Katwijk,Bilinmiyor,1
53854,Parklaan 64,Allego BV,52.19851,4.39742845,Katwijk,Bilinmiyor,1
53853,Kamperfoelie 21,Allego BV,52.19351649,4.43656469,Katwijk,Bilinmiyor,1
53852,Kaalbertlanden 28,Bilinmiyor,52.191403,6.89483,Enschede,Bilinmiyor,1
53851,Rolklaver 19,Allego BV,52.191066,4.413553,Katwijk,Bilinmiyor,1
53850,Valkenburgseweg 9,Allego BV,52.19017,4.42342615,Katwijk,Bilinmiyor,1
53849,Anthonie van Dyckstraat 7,Allego BV,52.18921645,4.43098613,Katwijk,Bilinmiyor,1
53848,Berkenpad 1,Allego BV,52.18382745,4.44083117,Katwijk,Bilinmiyor,1
53847,Laan van Malkenschoten 40A,EVBox,52.17785,5.96729,Apeldoorn,Bilinmiyor,1
53846,Van Oldenbarneveltstraat 41,Allego BV,52.1752056,4.47267142,Leiden,Bilinmiyor,1
53844,Poelwetering,EVBox,52.1674,4.47289,Leiden,Bilinmiyor,1
53842,Plesmanlaan,Shell Recharge Solutions (BE),52.1646795,4.4562187,Leiden,Bilinmiyor,1
53839,Witte Singel 87,Allego BV,52.1538566,4.48666046,Leiden,Bilinmiyor,1
53838,Lammenschansweg 2,Allego BV,52.15321992,4.49420741,Leiden,Bilinmiyor,1
53837,Elzekrulzoom 65,Allego BV,52.1511459,4.68070819,Alphen aan den Rijn,Bilinmiyor,1
53835,Van Foreestlaan 1,Shell Recharge Solutions (BE),52.1358871,4.6479859,Alphen aan den Rijn,Bilinmiyor,1
53833,Prinses Margrietlaan,Ecotap,52.135215,4.64972,Alphen aan den Rijn,Bilinmiyor,1
53832,Baronie 11,Ecotap,52.134779,4.65038,Alphen aan den Rijn,Bilinmiyor,2
53831,Schouwweg 57,Shell Recharge Solutions (BE),52.1332309,4.3844621,Wassenaar,Bilinmiyor,1
53830,Het Spangoor 5,EVBox,52.13133,6.23878,Zutphen,Bilinmiyor,1
53829,Doctor A.D. Sacharovlaan 1,Allego BV,52.12811938,4.65486492,Alphen aan den Rijn,Bilinmiyor,1
53828,Euromarkt 101A,Allego BV,52.12676098,4.65186824,Alphen aan den Rijn,Bilinmiyor,1
53827,Conradstraat 13,Allego BV,52.1233757,4.659583,Alphen aan den Rijn,Bilinmiyor,1
53824,Hoge Balver 13,EVBox,52.11505,6.21901,Zutphen,Bilinmiyor,1
53822,Watermolen 22,EVBox,52.11339,6.01722,Apeldoorn,Bilinmiyor,1
53820,Eerbeekseweg 65,ChargePoint,52.111458,6.02438,Apeldoorn,Bilinmiyor,1
53817,Wassenaarsestraat 5A,Alfen,52.107016,4.274003,Den Haag,Bilinmiyor,1
53810,Overste den Oudenlaan 60,EVBox,52.0769372,5.1055858,Utrecht,Bilinmiyor,1
53809,Landzigt 22,EVBox,52.07653,5.04684,Utrecht,Bilinmiyor,1
53808,Emmaplaats 6,Allego BV,52.07621303,4.54604063,Alphen aan den Rijn,Bilinmiyor,1
53807,'s-Gravenzandelaan 137,Alfen,52.071268,4.296511,Den Haag,Bilinmiyor,1
53805,Cor Spaanslaan 1,Alfen,52.063211,4.397583,Den Haag,Bilinmiyor,1
53802,Machiel Vrijenhoeklaan,EVBox,52.05912,4.21215,Den Haag,Bilinmiyor,1
53801,Geestbrugweg 42,Alfen,52.057786,4.340622,Rijswijk,Bilinmiyor,1
53799,Fastned Oudenhorst,FastNed,52.0511739167844,5.46401054788168,Woudenberg,(Unknown),2
53798,Hoflaan 11,EVBox,52.04261,5.63818,Ede,Bilinmiyor,1
53796,Rondweg-West,EVBox,52.04135,5.55538,Veenendaal,Bilinmiyor,1
53794,Delftweg 58,Shell Recharge Solutions (BE),52.0371299,4.3457314,Rijswijk,Bilinmiyor,1
53791,Strandmeer 56,Shell Recharge Solutions (BE),52.0246715,5.1896629,Houten,Bilinmiyor,1
53790,Hoofdstraat 3,EVBox,52.017899,6.0566434,Rheden,Bilinmiyor,1
53789,Jan van der Heydenstraat 66,EVBox,52.01198,4.54141,Lansingerland,Bilinmiyor,1
53788,Aderpolderweg 25,EVBox,52.0071,4.74742,Gouda,Bilinmiyor,1
53787,De Smalle Zijde 20A,EVBox,52.00816,5.56201,Veenendaal,Bilinmiyor,1
53785,Einsteinweg 45,Shell Recharge Solutions (BE),52.0059659,5.0381051,IJsselstein,Bilinmiyor,1
53782,Breehoven 15,EVBox,51.99293,5.67432,Ede,Bilinmiyor,1
53781,Handelsweg 2,EVBox,51.98283,4.97004,Lopik,Bilinmiyor,1
53780,Laan van Avant-Garde 200,EVBox,51.9828,4.59007,Rotterdam,Bilinmiyor,1
53779,Columbusstraat 1,EVBox,51.98147,4.13255,Rotterdam,Bilinmiyor,1
53777,Duke Ellingtonstraat 58,EVBox,51.96726,4.57183,Rotterdam,Bilinmiyor,1
53775,A12,EVBox,51.9629,6.01775,Duiven,Bilinmiyor,1
53774,Ribeslaan 43,EVBox,51.96045,4.4734,Rotterdam,Bilinmiyor,1
53772,Djeddalaan 132,EVBox,51.94973,4.5641,Rotterdam,Bilinmiyor,1
53771,Asserlaan 1,EVBox,51.9475,4.83785,Krimpenerwaard,Bilinmiyor,1
53770,Groene Singel 10,EVBox,51.94618,4.84637,Krimpenerwaard,Bilinmiyor,1
53766,Industrieweg 15,Ecotap,51.942548,5.219605,Culemborg,Bilinmiyor,2
53764,Spilbergen 3,Shell Recharge Solutions (BE),51.9319305,5.4599168,Buren,Bilinmiyor,1
53762,Giga,EVBox,51.92445,6.11307,Zevenaar,Bilinmiyor,1
53760,Hogenbanweg 67D,EVBox,51.91767,4.4159,Schiedam,Bilinmiyor,1
53759,Maaskade 21A,EVBox,51.9161,4.49916,Rotterdam,Bilinmiyor,1
53754,Hoogkellenseweg,Ecotap,51.90361,5.441553,Tiel,Bilinmiyor,2
53753,Zuidzijde 131,Shell Recharge Solutions (BE),51.9020297,4.8981415,Molenwaard,Bilinmiyor,1
53752,Heijplaatweg 4,Shell Recharge Solutions (BE),51.898895,4.4319309,Rotterdam,Bilinmiyor,1
53751,Leliestraat 10,Allego BV,51.89837869,4.7479912,Molenwaard,Bilinmiyor,1
53750,Nijmegenstraat 27,EVBox,51.88951,4.45226,Rotterdam,Bilinmiyor,1
53749,Theemsweg 34,EVBox,51.88628,4.23788,Rotterdam,Bilinmiyor,1
53748,Touwslagerstraat 15,Shell Recharge Solutions (BE),51.8790194,4.61514590000002,Ridderkerk,Bilinmiyor,1
53747,Zwolseweg 15,EVBox,51.86061,4.5104,Barendrecht,Bilinmiyor,1
53746,Beukenwede 134,EVBox,51.85293,4.49829,Barendrecht,Bilinmiyor,1
53745,Torenmolen 135,EVBox,51.84895,4.52931,Barendrecht,Bilinmiyor,1
53744,Kattestaart 20,Shell Recharge Solutions (BE),51.8321963,4.7049271,Papendrecht,Bilinmiyor,1
53743,Hopklaver 3,Allego BV,51.8276192,4.64534479,Hendrik-Ido-Ambacht,Bilinmiyor,1
53740,Westerweg,Allego BV,51.8243781,3.91432003,Goeree-Overflakkee,Bilinmiyor,1
53739,Varkensmarkt 9,Allego BV,51.81936,3.97735779,Goeree-Overflakkee,Bilinmiyor,1
53738,Jongkoenstraat 1,Allego BV,51.8192398,3.98340299,Goeree-Overflakkee,Bilinmiyor,1
53737,Kommerstraat 10,Allego BV,51.81220631,5.24500994,Zaltbommel,Bilinmiyor,1
53736,Blaaksedijk 205,EVBox,51.81054,4.52216,Binnenmaas,Bilinmiyor,1
53735,Schoolstraat 8,Allego BV,51.805928,4.02582895,Goeree-Overflakkee,Bilinmiyor,1
53734,Tuinstraat 4,Allego BV,51.80402414,4.02538614,Goeree-Overflakkee,Bilinmiyor,1
53733,Brink 27,Allego BV,51.7949064,5.7413481,Wijchen,Bilinmiyor,1
53732,Dubbelsteynlaan West 94,Allego BV,51.794197,4.70399,Dordrecht,Bilinmiyor,1
53731,Lekstraat 26,Ecotap,51.785856,5.550372,Oss,Bilinmiyor,2
53729,Maxwellstraat 27,EVBox,51.78185,4.63596,Dordrecht,Bilinmiyor,1
53728,het Veldje,Allego BV,51.78114,5.71375,Wijchen,Bilinmiyor,1
53727,Kerkplein 10,Ecotap,51.78076,5.851632,Heumen,Bilinmiyor,2
53726,Weegje 5,Allego BV,51.7773738,4.61622849,Binnenmaas,Bilinmiyor,1
53725,Anna Bijnspad 13,Allego BV,51.76224203,4.15645662,Goeree-Overflakkee,Bilinmiyor,1
53724,J.W. Frisostraat 1,Allego BV,51.75743186,4.16852126,Goeree-Overflakkee,Bilinmiyor,1
53723,Hondsgalgweg 5,Allego BV,51.744781,4.09721844,Goeree-Overflakkee,Bilinmiyor,1
53722,Leeuwerikstraat 26,Allego BV,51.74167817,4.54813276,Strijen,Bilinmiyor,1
53721,Muldershofweg 1a,Ecotap,51.736742,5.919192,Mook en Middelaar,Bilinmiyor,2
53719,Spaanse Matplein 13,Shell Recharge Solutions (BE),51.7341742,5.2851591,'s-Hertogenbosch,Bilinmiyor,1
53718,Bollenveld 1,EVnetNL,51.729354,5.305724,'s-Hertogenbosch,Bilinmiyor,2
53717,Holterveste 47,Ecotap,51.725875,5.2514,'s-Hertogenbosch,Bilinmiyor,2
53716,Postekampke 20,EVnetNL,51.72176,5.265664,'s-Hertogenbosch,Bilinmiyor,2
53715,Boven Oostdijk 3,Allego BV,51.71724,4.28103718,Goeree-Overflakkee,Bilinmiyor,1
53714,Korteweegje 14a,Allego BV,51.7121823,4.1656251,Goeree-Overflakkee,Bilinmiyor,1
53713,Saturnuslaan 18,Allego BV,51.6929103,4.20597735,Goeree-Overflakkee,Bilinmiyor,1
53712,'s-Gravesandestraat 3,EVnetNL,51.692724,5.290488,'s-Hertogenbosch,Bilinmiyor,2
53710,Van Veldekekade 1,EVnetNL,51.68736,5.318945,'s-Hertogenbosch,Bilinmiyor,2
53709,Kloosterstraat 8,Allego BV,51.685958,4.2819406,Goeree-Overflakkee,Bilinmiyor,1
53708,Het Sterrenbeeld 23A,Ecotap,51.685582,5.35881,'s-Hertogenbosch,Bilinmiyor,2
53707,Weesmolenstraat 11,Allego BV,51.6846505,4.3467656,Goeree-Overflakkee,Bilinmiyor,1
53706,Wielewaalweg 4,EVBox,51.67635,4.54738,Moerdijk,Bilinmiyor,1
53704,Kampdijklaan 32,EVBox,51.66961,5.28654,Vught,Bilinmiyor,1
53703,Middenweg 6,EVBox,51.66908,4.58476,Moerdijk,Bilinmiyor,1
53702,Monseigneur Völkerstraat 2,EVnetNL,51.660883,5.038123,Loon op Zand,Bilinmiyor,2
53701,Hoefakker 18,EVnetNL,51.645999,4.866752,Oosterhout,Bilinmiyor,2
53698,Wilhelminalaan 61,EVnetNL,51.64281,4.847299,Oosterhout,Bilinmiyor,2
53697,Coba Pulskensdreef 6,EVBox,51.63736,4.84058,Oosterhout,Bilinmiyor,1
53696,Vloetweg 37A,EVBox,51.60731,5.87291,Sint Anthonis,Bilinmiyor,1
53695,Frankenthalerstraat 20,Ecotap,51.600212,4.803937,Breda,Bilinmiyor,2
53692,Europalaan 4,EVBox,51.57618,4.93713,Gilze en Rijen,Bilinmiyor,1
53690,Venrayseweg 5,EVBox,51.56959,5.94829,Boxmeer,Bilinmiyor,1
53689,Besterdplein 40,EVnetNL,51.565017,5.091278,Tilburg,Bilinmiyor,2
53688,Schelpweg 12,EVBox,51.56121,3.49126,Veere,Bilinmiyor,1
53684,Doctor Hub van Doorneweg 99,Shell Recharge Solutions (BE),51.5425796508789,5.0521354675293,Tilburg,Bilinmiyor,1
53681,Landjuweel 44,EVBox,51.52294,4.46491,Roosendaal,Bilinmiyor,1
53680,Beekse Bergen 1,Bilinmiyor,51.52335065302,5.116203725338,Hilvarenbeek,Bilinmiyor,2
53677,Agrobaan 11,EVBox,51.49621,5.89362,Venray,Bilinmiyor,1
53676,Klein Vink,EVBox,51.4953,6.1829,Venlo,Bilinmiyor,1
53675,Hazeldonk 6405,EVBox,51.49158,4.746,Breda,Bilinmiyor,1
53673,Scottweg 39,Shell Recharge Solutions (BE),51.4868821,3.8823461,Goes,Bilinmiyor,1
53672,Walkvat 58,EVnetNL,51.482928,4.962799,Alphen-Chaam,Bilinmiyor,1
53670,Houtse Parallelweg 40,Allego BV,51.472111,5.64897,Helmond,Bilinmiyor,1
53668,Jonker Florislaan 20,EVnetNL,51.471966,5.559655,Nuenen c.a.,Bilinmiyor,1
53664,Lisdodde 6,EVBox,51.43927,5.62418,Geldrop-Mierlo,Bilinmiyor,1
53662,Heuvelsestraat 16,EVBox,51.41802,6.0034,Horst aan de Maas,Bilinmiyor,1
53660,Koninginnestraat 65,EVnetNL,51.414512,5.546012,Geldrop-Mierlo,Bilinmiyor,2
53656,Cavelot,EVBox,51.37529,3.39152,Sluis,Bilinmiyor,1
53655,Sterkselseweg 71,EVBox,51.36356,5.5934,Heeze-Leende,Bilinmiyor,1
53649,Trancheeweg 7,EVBox,51.25119,5.64942,Weert,Bilinmiyor,1
53640,Staakijzerstraat 9,EVBox,50.99296,5.7729,Stein,Bilinmiyor,1
53639,Eggerweg,Shell Recharge Solutions (BE),50.9913712,5.8428357,Sittard-Geleen,Bilinmiyor,1
52171,Utrechtseweg 12 entrance Zonnehof,Shell Recharge Solutions (NL),52.1523612694743,5.38309851289749,Amersfoort,"Private - For Staff, Visitors or Customers",1
52019,Stadsring 109 Entry Arnhemseweg,EVBox,52.15240860000001,5.385924100000011,Amersfoort,"Private - For Staff, Visitors or Customers",1
51659,Leeuwenveldseweg 16,Shell Recharge Solutions (NL),52.3140976,5.043078199999968,Weesp,Public - Membership Required,1
51658,Leeuwenveldseweg 12 ,Shell Recharge Solutions (NL),52.3136156,5.044225800000049,Weesp,Public - Membership Required,1
51611,Veluwezoom 32,Ecotap,52.3553467,5.247758799999929,Almere,"Private - For Staff, Visitors or Customers",1
51610,Veluwezoom 5,(Business Owner at Location),52.35770157752756,5.254271495523071,Almere,Public - Membership Required,1
51609,Veluwezoom 4,(Business Owner at Location),52.35685303086079,5.251245963754272,Almere,Public - Membership Required,2
51608,Veluwezoom 35,(Business Owner at Location),52.35620148444666,5.244241810311916,Almere,"Private - For Staff, Visitors or Customers",2
51607,Veluwezoom 42-50,EVBox,52.35656386296061,5.245892243516539,Almere,"Private - For Staff, Visitors or Customers",1
51596,van Houten Industriepark 1,(Business Owner at Location),52.30665684109635,5.0350853846557575,Weesp,"Private - For Staff, Visitors or Customers",1
51595,C. van Drosthagenstraat 19,EVBox,52.3087667,5.030538500000034,Weesp,Public - Membership Required,1
51594,Van Houten Industriepark,EVBox,52.3037651024158,5.0306917089843495,Weesp,"Private - For Staff, Visitors or Customers",1
51593,Van Houten Industriepark 25 Front,(Business Owner at Location),52.3053026925383,5.03486686197129,Weesp,"Private - For Staff, Visitors or Customers",1
51413,Hogeweyselaan 101,Shell Recharge Solutions (NL),52.3123782,5.027048700000023,Weesp,"Private - For Staff, Visitors or Customers",1
51356,Engelseplein 16,Allego BV,53.2012186,5.7809283,Leeuwarden,Bilinmiyor,1
51352,Louisahoeve 32,EVBox,52.32006,4.67688,Haarlemmermeer,Bilinmiyor,1
51340,Nieuwendijk 180,EVBox,52.20975,5.96529,Apeldoorn,Bilinmiyor,1
51333,Ruisdaelstraat 89,Allego BV,52.1389658,4.6647047,Alphen aan den Rijn,Bilinmiyor,1
51332,Burgemeester Verheullaan 11,Allego BV,52.1330988,4.6031481,Alphen aan den Rijn,Bilinmiyor,1
51331,Hofzichtstraat 10,Allego BV,52.1270243,4.6638755,Alphen aan den Rijn,Bilinmiyor,1
51330,Prins Hendrikstraat 81,Allego BV,52.1227553,4.6624698,Alphen aan den Rijn,Bilinmiyor,1
51329,Zuiderkeerkring 337,Allego BV,52.1183,4.6539,Alphen aan den Rijn,Bilinmiyor,1
51324,Veilingweg 18,EVBox,52.06297,5.21109,Bunnik,Bilinmiyor,1
51322,Olmstraat 62,Allego BV,52.004622,5.9448277,Arnhem,Bilinmiyor,1
51321,Bovenover 3,Allego BV,51.984747,5.8878786,Arnhem,Bilinmiyor,1
51320,Breedveldsingel 95,EVBox,51.95477,4.50482,Rotterdam,Bilinmiyor,1
51318,Voorhaven 82,EVBox,51.90693,4.44908,Rotterdam,Bilinmiyor,1
51317,Hillelaan 27,EVBox,51.90378,4.4967,Rotterdam,Bilinmiyor,1
51316,Carsveldstraat 14,EVBox,51.89708,4.56296,Rotterdam,Bilinmiyor,1
51315,Hoogvlietsekerkweg 130A,EVBox,51.86268,4.37881,Rotterdam,Bilinmiyor,1
51314,Rijksstraatweg 293,EVBox,51.85937,4.56518,Ridderkerk,Bilinmiyor,1
51313,Wilgenhoven 2,EVBox,51.856675596673064,4.473774433135986,Albrandswaard,(Unknown),1
51312,Dorpsstraat 51,Allego BV,51.8507355,5.6662573,Wijchen,Bilinmiyor,1
51311,Gerard Dousingel,Allego BV,51.83667249894214,4.685647487640381,Papendrecht,Public - Membership Required,1
51310,Tunnelpad 3,Allego BV,51.8328961,5.6835274,Wijchen,Bilinmiyor,1
51309,Zonnedauw 18,Allego BV,51.8327517,4.698448,Papendrecht,Bilinmiyor,1
51308,Seringenstraat 16,Allego BV,51.8291066,4.693078,Papendrecht,Bilinmiyor,1
51307,Edisonstraat 1B,EVBox,51.82566,4.42823,Oud-Beijerland,Bilinmiyor,1
51305,Roerdompstraat 76,Allego BV,51.8153374,5.7281517,Wijchen,Bilinmiyor,1
51304,Matena'spad 60,Allego BV,51.8146189,4.6768843,Dordrecht,Bilinmiyor,1
51303,Homberg 1526M,Allego BV,51.8116629,5.7155637,Wijchen,Bilinmiyor,1
51302,Dorpstienden 4,Allego BV,51.8094957,3.9329122,Goeree-Overflakkee,Bilinmiyor,1
51301,Urnenveldweg 10,Allego BV,51.8067085,5.7402806,Wijchen,Bilinmiyor,1
51300,Speenkruid 5,EVBox,51.80561,4.88316,Werkendam,Bilinmiyor,1
51299,Blauwe Hof 6904,Allego BV,51.805724,5.705758,Wijchen,Bilinmiyor,1
51298,Dudokplein 218,Allego BV,51.8024034,4.7158433,Dordrecht,Bilinmiyor,1
51297,Lagestraat 17,Allego BV,51.7972524,5.6745661,Wijchen,Bilinmiyor,1
51296,Abel Tasmanstraat 15,Allego BV,51.790897,4.6562692,Dordrecht,Bilinmiyor,1
51294,Julianastraat 28,Allego BV,51.7422633,4.5570326,Strijen,Bilinmiyor,1
51292,Atlasstraat,Ecotap,51.606407,5.004132,Tilburg,Bilinmiyor,2
51290,Kranenberg 1,Ecotap,51.590697,5.024147,Tilburg,Bilinmiyor,2
51289,Steenovenweg 5,Allego BV,51.4752488,5.6282616,Helmond,Bilinmiyor,1
51288,Kanunnikensven 28,EVBox,51.41694,5.51143,Eindhoven,Bilinmiyor,1
51286,Kerkhofstraat 15,Allego BV,51.3526283,5.4544389,Valkenswaard,Bilinmiyor,1
51285,Stationsplein 18,Ecotap,51.24907,5.704815,Weert,Bilinmiyor,1
51089,Duinweg Oosterend,Greenflux,53.407178293319,5.3911113739014,Terschelling,Bilinmiyor,2
51088,Badweg,Greenflux,53.397698780632,5.2548444271088,Terschelling,Bilinmiyor,4
51087,Dorpsstraat 47,Greenflux,53.396937513583,5.343132019043,Terschelling,Bilinmiyor,4
51086,Lies,Greenflux,53.393757956932,5.3239703178406,Terschelling,Bilinmiyor,2
51085,Zuid Midslandweg 19A,Greenflux,53.381830903888,5.2867090702057,Terschelling,Bilinmiyor,4
51084,Kinnum 2,Greenflux,53.375680511435,5.2766025066376,Terschelling,Bilinmiyor,2
51083,Roptawei 4,EVBox,53.36975,6.07072,Dongeradeel,Bilinmiyor,1
51082,Burgemeester van Heusdenweg 35,Greenflux,53.366488467255,5.222475528717,Terschelling,Bilinmiyor,4
51081,Werkhaven,Greenflux,53.363959667129,5.2198469638824,Terschelling,Bilinmiyor,2
51078,Klaverweide 32,Bilinmiyor,53.326592767944,6.8941354751587,Delfzijl,Bilinmiyor,1
51077,Meidoorn 23,Shell Recharge Solutions (BE),53.3143121,6.0064831,Dongeradeel,Bilinmiyor,1
51076,Haadwei 51a,EVBox,53.29006,5.99794,Dantumadiel,Bilinmiyor,1
51073,Rijksstraatweg 36,Ecotap,53.217858,5.941567,Tytsjerksteradiel,Bilinmiyor,2
51071,Markt 42,Allego BV,53.19131,5.993814,Tytsjerksteradiel,Bilinmiyor,1
51068,Eldersveld 42,Shell Recharge Solutions (BE),53.1327819824219,6.4014892578125,Noordenveld,Bilinmiyor,1
51067,Leppa 139,EVBox,53.10077,6.07353,Smallingerland,Bilinmiyor,1
51064,Rijweg 18,Allego BV,52.9929,6.29563,Ooststellingwerf,Bilinmiyor,1
51063,Stationsplein,Allego BV,52.989129,6.2942,Ooststellingwerf,Bilinmiyor,1
51061,Wetterwille 4,EVBox,52.9707,5.89728,Heerenveen,Bilinmiyor,1
51059,Boerestreek 21,Allego BV,52.95298,6.343741,Ooststellingwerf,Bilinmiyor,1
51057,Koningin Julianaweg,EVBox,52.9439,5.96654,Heerenveen,Bilinmiyor,1
51056,Industrieweg 10H,Shell Recharge Solutions (BE),52.9431568,4.7752486,Den Helder,Bilinmiyor,2
51054,P.R. Roelfsema Rzn.-weg 24,Shell Recharge Solutions (BE),52.8939849,6.3870904,Midden-Drenthe,Bilinmiyor,2
51053,Eikenlaan 43,EVBox,52.88142,6.01308,Weststellingwerf,Bilinmiyor,1
51052,Liezenveenweg 37,Shell Recharge Solutions (BE),52.789047,6.2788908,Westerveld,Bilinmiyor,1
51051,Kapitein Nemostraat 1B,Shell Recharge Solutions (BE),52.7755435,6.9175882,Emmen,Bilinmiyor,1
51050,Spreeuwendijk 1a,Bilinmiyor,52.769019922601,4.6583962440491,Schagen,Bilinmiyor,1
51048,Gijsselterweg 30,Bilinmiyor,52.751022,6.410445,De Wolden,Bilinmiyor,2
51046,Makkumstraat 42,Shell Recharge Solutions (BE),52.7073409141362,5.76532068836059,Noordoostpolder,Bilinmiyor,1
51044,Werkhorst 18,EVBox,52.68844,6.19078,Meppel,Bilinmiyor,1
51043,Visarend 12,EVBox,52.67877,5.67239,Noordoostpolder,Bilinmiyor,1
51041,Duintuin 7,Greenflux,52.593037841157,5.16357421875,Drechterland,Bilinmiyor,2
51038,Floralaan 46,EVBox,52.57491,6.64273,Hardenberg,Bilinmiyor,1
51036,Schrevenweg 2,Shell Recharge Solutions (BE),52.5259774073278,6.12897682883613,Zwolle,Bilinmiyor,2
51035,Brinkweg 13D,Bilinmiyor,52.520937,6.00751,Kampen,Bilinmiyor,1
51031,Herman Heijermanslaan 50,Shell Recharge Solutions (BE),52.488511956897,4.68782234658806,Beverwijk,Bilinmiyor,1
51030,Buziaulaan 56,EVBox,52.48689,4.69016,Beverwijk,Bilinmiyor,1
51025,Havenrak 31,Shell Recharge Solutions (BE),52.435085,4.99543519999997,Waterland,Bilinmiyor,1
51024,Rijksweg 501,Allego BV,52.42991,4.64763,Velsen,Bilinmiyor,1
51022,Zeedijk,Ecotap,52.428167,5.07304,Waterland,Bilinmiyor,2
51019,Muiderslotweg 7,EVnetNL,52.419637,4.648988,Haarlem,Bilinmiyor,2
51016,Delftlaan 325,Shell Recharge Solutions (BE),52.4093823,4.6361518,Haarlem,Bilinmiyor,1
51015,Gyroscoopweg 4A,EVBox,52.39823,4.83979,Amsterdam,Bilinmiyor,1
51014,Ter Hoffsteedeweg 1,Bilinmiyor,52.396033,4.612094,Bloemendaal,Bilinmiyor,2
51012,Paul Krugerkade 45,EVnetNL,52.391945,4.647466,Haarlem,Bilinmiyor,2
51008,Burgemeester Kerssemakersstraat 29,EVBox,52.38699,6.26954,Raalte,Bilinmiyor,1
51006,Weerenweg 19,EVBox,52.38415,4.7351,Haarlemmermeer,Bilinmiyor,1
51002,Hazepaterslaan 18,EVnetNL,52.371223,4.625388,Haarlem,Bilinmiyor,2
50997,Harderwijkerweg,Bilinmiyor,52.35665911830344,5.715998481479232,Hulshorst,Bilinmiyor,1
50995,Scheutenhof 4,EVBox,52.3534,6.86299,Dinkelland,Bilinmiyor,1
50993,Transistorstraat 16,Shell Recharge Solutions (BE),52.3476095495587,5.18226631163941,Almere,Bilinmiyor,2
50991,Buitenhof 128,Shell Recharge Solutions (BE),52.3415718078613,5.21704530715942,Almere,Bilinmiyor,1
50985,Visseringweg 78,EVBox,52.33192,4.97177,Diemen,Bilinmiyor,1
50984,Twentepoort Oost 18b,Bilinmiyor,52.326465,6.649933,Almelo,Bilinmiyor,2
50983,Bornsestraat 55A,EVBox,52.32451,6.78115,Dinkelland,Bilinmiyor,1
50982,Groevenbekerhout 31,EVBox,52.32374,5.5937,Harderwijk,Bilinmiyor,1
50981,Bijlmerdreef 754,Nuon,52.31922826204415,4.963280068122913,Amsterdam Zuidoost,Public - Membership Required,1
50979,Provincialeweg 38,Shell Recharge Solutions (BE),52.315449,4.996354,Amsterdam,Bilinmiyor,1
50978,Bennebroekerweg 880B,EVBox,52.30981,4.61711,Haarlemmermeer,Bilinmiyor,1
50977,Vlietepolder 55,Shell Recharge Solutions (BE),52.3093013,4.63043879999998,Haarlemmermeer,Bilinmiyor,1
50976,Karspeldreef 4,EVBox,52.30524,4.94887,Amsterdam Zuidoost,Bilinmiyor,1
50963,Rondehoep West 32,Shell Recharge Solutions (BE),52.2902433,4.8889085,Ouder-Amstel,Bilinmiyor,1
50960,Koolhovenlaan 93,EVBox,52.28378,4.76137,Haarlemmermeer,Bilinmiyor,1
50959,Capronilaan 2,Ecotap,52.281555,4.772703,Haarlemmermeer,Bilinmiyor,2
50957,Capronilaan 1,Ecotap,52.282922,4.773403,Haarlemmermeer,Bilinmiyor,2
50955,Jacobus Pennweg 7B,EVBox,52.23453,5.16195,Hilversum,Bilinmiyor,1
50954,Noorddammerweg,EVBox,52.27187,4.81188,Amstelveen,Bilinmiyor,1
50953,Ringdijk Bovenkerker Polder 11A,Shell Recharge Solutions (BE),52.270729,4.8656273,Amstelveen,Bilinmiyor,1
50950,B. Gerritsenstraat 3,EVBox,52.26069,6.14175,Deventer,Bilinmiyor,1
50949,Jagerspad 27,EVBox,52.25821,5.23588,Laren,Bilinmiyor,1
50945,Wilhelminabrug,Allego BV,52.249994,6.159454,Deventer,Bilinmiyor,1
50942,Finsestraat 1,ChargePoint,52.244232,6.1697,Deventer,Bilinmiyor,2
50938,Burgemeester van der Feltzweg 41,Shell Recharge Solutions (BE),52.2418556830418,6.12382739793247,Voorst,Bilinmiyor,1
50935,Maagdenburgstraat 34,Shell Recharge Solutions (BE),52.2405477972347,6.22171667563248,Deventer,Bilinmiyor,1
50931,Maagdenburgstraat 26,Shell Recharge Solutions (BE),52.2388708296583,6.22011003243256,Deventer,Bilinmiyor,1
50930,Argusvlinder 14,EVBox,52.23745,5.99902,Apeldoorn,Bilinmiyor,1
50929,Nijkerkerstraat,EVBox,52.23605,5.49757,Putten,Bilinmiyor,1
50928,Berencamperweg 4,Shell Recharge Solutions (BE),52.2336477,5.48733,Nijkerk,Bilinmiyor,1
50925,Gentiaanstraat 224,EVBox,52.22713,5.98311,Apeldoorn,Bilinmiyor,1
50924,Burgemeester Gülcherlaan 31,EVBox,52.22496,5.16249,Hilversum,Bilinmiyor,1
50921,Briljant 20,Shell Recharge Solutions (BE),52.2158711,4.862582,De Ronde Venen,Bilinmiyor,1
50919,Mijdrechtse dwarsweg 6,Shell Recharge Solutions (BE),52.2072501,4.9132591,De Ronde Venen,Bilinmiyor,1
50917,Tuinslak 58,EVBox,52.2019,5.3727,Amersfoort,Bilinmiyor,1
50916,Elsgeesterweg,EVBox,52.2011,4.45906,Katwijk,Bilinmiyor,1
50911,Paramariboweg 84,ChargePoint,52.178273,5.981038,Apeldoorn,Bilinmiyor,2
50906,Scholeksterstraat 7,EVBox,52.16705,5.41024,Amersfoort,Bilinmiyor,1
50905,Nijverheidsweg 60,EVBox,52.16615,5.57858,Barneveld,Bilinmiyor,1
50904,Compagnieweg 2,EVBox,52.16548,5.61166,Barneveld,Bilinmiyor,1
50901,Ehzerallee 14b,Bilinmiyor,52.162492,6.325993,Lochem,Bilinmiyor,1
50900,Meubelplein 8,EVBox,52.15881,4.54636,Leiderdorp,Bilinmiyor,1
50899,Prinses Marijkelaan 2,Ecotap,52.155237,5.177122,De Bilt,Bilinmiyor,2
50898,Bloemendaalselaan 42,EVBox,52.14462,4.53216,Leiderdorp,Bilinmiyor,1
50897,Klaverhof 49,Allego BV,52.14378052,4.68526271,Alphen aan den Rijn,Bilinmiyor,1
50895,Daam Fockemalaan,Bilinmiyor,52.1417,5.35314,Amersfoort,Bilinmiyor,1
50894,Planetensingel 19,Shell Recharge Solutions (BE),52.1409568786621,4.66674709320068,Alphen aan den Rijn,Bilinmiyor,1
50893,Boekweitakker 36,EVBox,52.13903,5.60405,Barneveld,Bilinmiyor,1
50892,Produktieweg 17,Shell Recharge Solutions (BE),52.1319487,4.642019,Alphen aan den Rijn,Bilinmiyor,1
50891,Welsumerlaan 22,Shell Recharge Solutions (BE),52.1292691,5.59294829999999,Barneveld,Bilinmiyor,1
50890,H.A. Lorentzweg 2A,EVBox,52.12907,4.63948,Alphen aan den Rijn,Bilinmiyor,1
50889,Brahmalaan 59,EVBox,52.12546,5.595,Barneveld,Bilinmiyor,1
50888,Nieuwedijk 19,Allego BV,52.11906795,4.66660974,Alphen aan den Rijn,Bilinmiyor,1
50887,Lisdodde 64,Allego BV,52.1182512,4.6407143,Alphen aan den Rijn,Bilinmiyor,1
50886,Zonneplein,Shell Recharge Solutions (BE),52.1179886,5.18088469999998,De Bilt,Bilinmiyor,1
50883,Zwolsestraat 426,Bilinmiyor,52.11319972581,4.2935889959335,Den Haag,Bilinmiyor,4
50882,Blanckenhagenweg 4,EVBox,52.10929,5.26114,Zeist,Bilinmiyor,1
50878,Suzannaland 374,Alfen,52.100165,4.361123,Den Haag,Bilinmiyor,1
50875,Hoefblad,Alfen,52.094779,4.471,Leidschendam-Voorburg,Bilinmiyor,1
50873,Park Coldenhove 6,EVBox,52.09184,6.03437,Brummen,Bilinmiyor,1
50872,Zwitsersekade,EVBox,52.0908,5.283869999999979,Zeist,Bilinmiyor,1
50870,Vlielandsestraat 65,Alfen,52.089585,4.260093,Den Haag,Bilinmiyor,1
50869,Kranenburgweg 37,Alfen,52.089137,4.26902,Den Haag,Bilinmiyor,1
50867,Arnhemseweg 102,Ecotap,52.086758,5.769448,Ede,Bilinmiyor,2
50866,Marktstraat 59,EVBox,52.08502,5.48965,Scherpenzeel,Bilinmiyor,1
50865,Trompstraat 316A,Alfen,52.084513,4.298341,Den Haag,Bilinmiyor,1
50864,Dassenlaan 17,EVBox,52.08334,5.61504,Ede,Bilinmiyor,1
50863,Hendrika van Tussenbroeklaan,Bilinmiyor,52.082707078386,5.0836671888828,Utrecht,Bilinmiyor,2
50858,Fastned Bijleveld,FastNed,52.079367538130214,4.981226921081543,Woerden,(Unknown),2
50857,Burgemeester Colijnstraat 209,Allego BV,52.07932508,4.66072083,Alphen aan den Rijn,Bilinmiyor,1
50856,Ruysdaellaan 2,Shell Recharge Solutions (BE),52.0786248,5.4237889,Woudenberg,Bilinmiyor,1
50852,Middellandse zee 9,EVBox,52.0753,4.90756,Woerden,Bilinmiyor,1
50850,Broekveldselaan 7a,Blue Corner (Belgium),52.072834,4.745983,Bodegraven-Reeuwijk,Bilinmiyor,1
50849,Distelveld 1,Alfen,52.068469,4.400686,Den Haag,Bilinmiyor,1
50848,Kijkduinsestraat 914,Alfen,52.06504,4.225831,Den Haag,Bilinmiyor,1
50847,Harriëtte Freezerhof 86,Alfen,52.063495,4.404794,Den Haag,Bilinmiyor,1
50846,Loenensestraat 169,Alfen,52.062818,4.277086,Den Haag,Bilinmiyor,1
50845,Haags Kwartier 47,Alfen,52.061915,4.381595,Den Haag,Bilinmiyor,1
50844,Westmaasstraat 17,Alfen,52.058657,4.402321,Den Haag,Bilinmiyor,1
50841,Welgelegenlaan 26,EVBox,52.05233,5.29393,Utrechtse Heuvelrug,Bilinmiyor,1
50838,Bastion 73,Bilinmiyor,52.042893261145,5.5677522718906,Veenendaal,Bilinmiyor,1
50837,Tormentil 19,Shell Recharge Solutions (BE),52.0415441,4.395801,Pijnacker-Nootdorp,Bilinmiyor,1
50836,Jonkheer van Riemsdijklaan 1,Alfen,52.038313,4.362326,Den Haag,Bilinmiyor,1
50834,Katwijkerlaan 75,Ecotap,52.036577,4.458795,Pijnacker-Nootdorp,Bilinmiyor,2
50833,Slangenwortel 16,Alfen,52.035843,4.388521,Den Haag,Bilinmiyor,1
50832,Koolhovenlaan 1,Alfen,52.035039,4.355483,Den Haag,Bilinmiyor,1
50831,Van Veendijk 13,Alfen,52.032091,4.364558,Den Haag,Bilinmiyor,1
50830,Mandolinestraat 40,Bilinmiyor,52.03187,4.321692,Rijswijk,Bilinmiyor,1
50828,Colenstraat 4,Alfen,52.030176,4.272655,Westland,Bilinmiyor,1
50827,Nijverheidlaan 9,EVBox,52.02815,5.65838,Ede,Bilinmiyor,1
50826,Rubenslaan 14,Alfen,52.026489,4.179227,Westland,Bilinmiyor,1
50825,Herenstraat,Alfen,52.025502,4.281268,Westland,Bilinmiyor,1
50824,Dahliastraat 71,Alfen,52.02437,4.217489,Poeldijk,Bilinmiyor,1
50823,Verdilaan 81,Alfen,52.022507,4.181194,Westland,Bilinmiyor,1
50822,MacBridestraat 41,EVBox,52.02243,5.57476,Veenendaal,Bilinmiyor,1
50821,Utrechthaven 3,EVBox,52.02091,5.09931,Nieuwegein,Bilinmiyor,1
50820,Plantagelaan 24,EVBox,52.01542,5.55007,Veenendaal,Bilinmiyor,1
50819,Natuursteen 7,EVBox,52.013,5.1783,Houten,Bilinmiyor,1
50817,Endeldijk 3,Alfen,52.008969,4.229882,Westland,Bilinmiyor,1
50816,Bachlaan 78,Allego BV,52.0054879,5.906855,Arnhem,Bilinmiyor,1
50815,Commandeursweg 97,EVBox,52.00522,5.66897,Ede,Bilinmiyor,1
50814,Zuidmade 2,Alfen,52.004435,4.324311,Delft,Bilinmiyor,1
50813,Helena Coetsstraat 21,Allego BV,52.0041,5.899422,Arnhem,Bilinmiyor,1
50811,Dreeslaan 238,Alfen,51.998826,4.218154,Westland,Bilinmiyor,1
50810,Naaldwijkseweg 26A,Alfen,51.998813,4.161489,Westland,Bilinmiyor,1
50809,Oudlaan 217,Alfen,51.997813,4.218272,Westland,Bilinmiyor,1
50808,Dreeslaan 112,Alfen,51.995413,4.221425,Westland,Bilinmiyor,1
50807,Vondellaan 38,Allego BV,51.99532,5.9464884,Arnhem,Bilinmiyor,1
50806,Nobelstraat 10-BU2,Shell Recharge Solutions (BE),51.9946174,4.18070450000005,Westland,Bilinmiyor,1
50805,Hoefblad 30,Alfen,51.994022,4.19851,Westland,Bilinmiyor,1
50804,Scheldestraat 2c,Shell Recharge Solutions (BE),51.9908165,5.97785120000003,Rheden,Bilinmiyor,1
50803,Van Pallandtstraat 9,Allego BV,51.98887,5.899106,Arnhem,Bilinmiyor,1
50802,Reigerstraat 20,Ecotap,51.987965,5.982297,Rheden,Bilinmiyor,2
50801,Florastraat 47,Alfen,51.9878,4.216429,Westland,Bilinmiyor,1
50800,Gruttostraat 10,Ecotap,51.987777,5.98227,Rheden,Bilinmiyor,2
50799,Sweerts de Landasstraat 83,Allego BV,51.9862,5.90179,Arnhem,Bilinmiyor,1
50798,Weldamlaan 6I,Allego BV,51.98511,5.96045,Arnhem,Bilinmiyor,1
50797,Veilingweg 22,Alfen,51.98091,4.243452,Westland,Bilinmiyor,1
50796,Maasvlakteweg,EVBox,51.98053,4.04638,Rotterdam,Bilinmiyor,1
50794,Heulstraat 1,Alfen,51.975553,4.238863,Westland,Bilinmiyor,1
50793,De Dijk 40A,EVBox,51.97115,5.59551,Rhenen,Bilinmiyor,1
50792,S.L. van Alterenlaan,Ecotap,51.969763,4.978032,Lopik,Bilinmiyor,2
50790,De Eelinkes 13,EVBox,51.96492,6.7284,Winterswijk,Bilinmiyor,1
50789,Rupsklaver 106,EVBox,51.96447,4.53223,Rotterdam,Bilinmiyor,1
50787,Rietbaan 17,EVBox,51.95867,4.57485,Capelle aan den IJssel,Bilinmiyor,1
50784,Zuidhovenplantsoen 2,Allego BV,51.95781,5.86238,Arnhem,Bilinmiyor,1
50782,Hoofdweg,Bilinmiyor,51.955648664007,4.5753912627697,Capelle aan den IJssel,Bilinmiyor,4
50781,Hoofdweg 3,Ecotap,51.952335,4.565865,Capelle aan den IJssel,Bilinmiyor,2
50780,Zeemanhof 1,EVBox,51.94916,4.84118,Krimpenerwaard,Bilinmiyor,1
50779,Rijndwarsweg 6,Ecotap,51.948612,4.14841,Rotterdam,Bilinmiyor,2
50776,Transportweg 49,EVBox,51.94489,4.23229,Westland,Bilinmiyor,1
50775,Rozenstraat 33,EVBox,51.94204,6.13545,Montferland,Bilinmiyor,1
50774,Nicolaas Arie van der Burgsingel 34,EVBox,51.94061,4.36809,Schiedam,Bilinmiyor,1
50773,Kromhoutstraat 17,EVBox,51.94186,4.55035,Rotterdam,Bilinmiyor,1
50772,Rozenstraat 23,EVBox,51.94166,6.13541,Montferland,Bilinmiyor,1
50771,Emily Brontësingel 52,Allego BV,51.941405,5.905678,Arnhem,Bilinmiyor,1
50769,Paradijslaan 85A,EVBox,51.9359,4.49337,Rotterdam,Bilinmiyor,1
50768,Willem Weltevredenlaan 50,EVBox,51.93284,4.22711,Maassluis,Bilinmiyor,1
50767,Spoorstraat 69,Shell Recharge Solutions (BE),51.9325092,5.5880742,Neder-Betuwe,Bilinmiyor,1
50763,Burg. De Jonghkade 23,EVBox,51.91659,4.24799,Maassluis,Bilinmiyor,1
50760,Bergstoep 50,EVBox,51.91467,4.77284,Molenwaard,Bilinmiyor,1
50759,Rembrandtlaan 74-1,EVBox,51.91404,4.38479,Schiedam,Bilinmiyor,1
50758,Nijverheidsweg 31,Shell Recharge Solutions (BE),51.9134987310072,5.86803269450377,Overbetuwe,Bilinmiyor,2
50757,Snelfilterweg 106,EVBox,51.9093,4.52096,Rotterdam,Bilinmiyor,1
50756,Oranjeboomstraat 175B,EVBox,51.90823,4.5063,Rotterdam,Bilinmiyor,1
50755,Olympiasingel,EVBox,51.90858,5.85759,Overbetuwe,Bilinmiyor,1
50754,Kasteelweg 53,EVBox,51.90146,4.54811,Rotterdam,Bilinmiyor,1
50753,Maasboulevard,EVBox,51.89713,4.34354,Vlaardingen,Bilinmiyor,1
50752,Bovenstraat 201,EVBox,51.89681,4.54498,Rotterdam,Bilinmiyor,1
50751,Stadionweg 37B,EVBox,51.89552,4.53153,Rotterdam,Bilinmiyor,1
50749,Streefkerkstraat 45,EVBox,51.89072,4.42432,Rotterdam,Bilinmiyor,1
50748,Kinkelenburglaan,Allego BV,51.89035,5.89554,Lingewaard,Bilinmiyor,1
50747,Meiendaal 22,EVBox,51.88935,4.5149,Rotterdam,Bilinmiyor,1
50746,Christinestraat 13,EVBox,51.8821,5.51182,West Maas en Waal,Bilinmiyor,1
50745,Schipleisingel 36,Shell Recharge Solutions (BE),51.881746477719,5.60891765356064,Druten,Bilinmiyor,1
50744,Nieuwenoord 132,EVBox,51.88188,4.55851,Rotterdam,Bilinmiyor,1
50743,Slotlaan 84,EVBox,51.88048,6.23761,Montferland,Bilinmiyor,1
50742,Dijckpotingen,EVBox,51.87926,4.17927,Brielle,Bilinmiyor,1
50739,Binkhorst 48,EVBox,51.87718,4.49727,Rotterdam,Bilinmiyor,1
50738,Laan van Leeuwenstein 4a,EVBox,51.87521,5.2822,Geldermalsen,Bilinmiyor,1
50736,Columbusstraat 25,EVBox,51.87039,4.42282,Albrandswaard,Bilinmiyor,1
50734,Vlietskade 9003,Ecotap,51.868392,4.993743,Giessenlanden,Bilinmiyor,2
50733,Klaasje Zevensterstraat 252,EVBox,51.86763,4.35201,Rotterdam,Bilinmiyor,1
50732,Zwaluw 137,EVBox,51.86667,4.61012,Ridderkerk,Bilinmiyor,1
50731,Bijland 5,Shell Recharge Solutions (BE),51.8638065,6.0742397,Rijnwaarden,Bilinmiyor,2
50730,Handelscentrum ZHZ 40b,EVBox,51.85811,4.55563,Barendrecht,Bilinmiyor,1
50729,Riedertuin 42,EVBox,51.85557,4.49093,Barendrecht,Bilinmiyor,1
50728,Achterom 64,EVBox,51.85448,4.53858,Barendrecht,Bilinmiyor,1
50726,A15 1a,FastNed,51.850617,4.6798,Alblasserdam,Public - Membership Required,2
50725,Wagnerstraat 7,EVBox,51.84909,4.52493,Barendrecht,Bilinmiyor,1
50723,Flamingohoek 21,EVBox,51.84673,4.31875,Nissewaard,Bilinmiyor,1
50722,Rondostraat,EVBox,51.84648,4.1648,Hellevoetsluis,Bilinmiyor,1
50721,Graadt van Roggenstraat 18,Shell Recharge Solutions (BE),51.8443473,5.8746356,Nijmegen,Bilinmiyor,1
50720,Baron van Leydenstraat 39,Shell Recharge Solutions (BE),51.8440824,4.1560177,Hellevoetsluis,Bilinmiyor,1
50719,Einsteinstraat 2,EVBox,51.8404,5.0056,Gorinchem,Bilinmiyor,1
50718,Ary Schefferlaan 14,Allego BV,51.839845,4.639298,Hendrik-Ido-Ambacht,Bilinmiyor,1
50717,Moriaanseweg West 125,EVBox,51.83862,4.13323,Hellevoetsluis,Bilinmiyor,1
50715,Wipmolen 70,EVBox,51.83814,4.68777,Papendrecht,Bilinmiyor,1
50714,Laurierhof 3,Allego BV,51.8378945,4.70851246,Papendrecht,Bilinmiyor,1
50713,Ring 198,Allego BV,51.837778,4.6274028,Hendrik-Ido-Ambacht,Bilinmiyor,1
50711,Schepenenstraat 44,Allego BV,51.83701,4.960106,Gorinchem,Bilinmiyor,1
50710,Rembrandtlaan 17,Allego BV,51.833724,4.682739,Papendrecht,Bilinmiyor,1
50709,Steilsteven 61,Allego BV,51.8322583,4.7156913,Papendrecht,Bilinmiyor,1
50708,Struweel 22,Allego BV,51.829368,4.639898,Hendrik-Ido-Ambacht,Bilinmiyor,1
50707,Groen van Prinstererstraat 13,EVBox,51.82833,4.69763,Papendrecht,Bilinmiyor,1
50706,Crayenbosch 2,Allego BV,51.827227,4.4239263,Oud-Beijerland,Bilinmiyor,1
50703,Bernhardweg 14,Shell Recharge Solutions (BE),51.8248393083277,5.50197020162159,Oss,Bilinmiyor,1
50702,Kerkenbos 1057,EVBox,51.82423,5.77981,Nijmegen,Bilinmiyor,1
50700,Rivierdijk 638A,EVBox,51.82364,4.84765,Hardinxveld-Giessendam,Bilinmiyor,1
50699,Veenhof 2355,EVBox,51.82014,5.73811,Wijchen,Bilinmiyor,1
50698,S. Goudswaardstraat 15,EVBox,51.81934,4.40308,Oud-Beijerland,Bilinmiyor,1
50697,Delta-Industrieweg 34A,EVBox,51.81935,4.03689,Goeree-Overflakkee,Bilinmiyor,1
50695,Arsenaal 13,EVnetNL,51.815946,5.004133,Woudrichem,Bilinmiyor,2
50694,Buddingh'plein 60,Allego BV,51.81506,4.66518,Dordrecht,Bilinmiyor,1
50692,Oranjeplein 23,EVBox,51.80635,4.56882,Binnenmaas,Bilinmiyor,1
50691,Hugo de Grootplein 1,Alfen,51.805562,4.655597,Dordrecht,Bilinmiyor,1
50689,Schouteneinde 50A,Allego BV,51.80428,4.574986,Binnenmaas,Bilinmiyor,1
50688,Graafseweg 570,Allego BV,51.802483,5.756159,Wijchen,Bilinmiyor,1
50686,Laan van Moerkerken 93,EVBox,51.79784,4.48686,Binnenmaas,Bilinmiyor,1
50684,Van Hogendorpplantsoen 3,EVBox,51.79305,4.66194,Dordrecht,Bilinmiyor,1
50683,Callistolaan 12,Allego BV,51.785169062698,4.6718475222588,Dordrecht,Bilinmiyor,2
50681,Aventurijn 202,EVBox,51.76963,4.63114,Dordrecht,Bilinmiyor,1
50680,Handelstraat 22,Shell Recharge Solutions (BE),51.748336,4.556501,Strijen,Bilinmiyor,1
50679,Fastned De Keizer,FastNed,51.746609,4.921814,Werkendam,Bilinmiyor,2
50677,Suiteweg 27,EVnetNL,51.733304,5.34832,'s-Hertogenbosch,Bilinmiyor,2
50676,Cereslaan 9,Ecotap,51.732478,5.508352,Bernheze,Bilinmiyor,2
50675,Beneden Molendijk 2,EVBox,51.72623,4.43571,Cromstrijen,Bilinmiyor,1
50670,Lagezoom 23,Ecotap,51.718347,3.766915,Schouwen-Duiveland,Bilinmiyor,2
50669,Kattenbosch 116,EVnetNL,51.717912,5.371168,'s-Hertogenbosch,Bilinmiyor,2
50668,Bruistensingel 116,EVnetNL,51.716043,5.334733,'s-Hertogenbosch,Bilinmiyor,2
50666,Orthen 15,EVnetNL,51.704329,5.303816,'s-Hertogenbosch,Bilinmiyor,2
50664,Grote Kerk 11P,EVBox,51.69392,5.22392,Heusden,Bilinmiyor,1
50663,Munteltuinen 42,EVnetNL,51.691563,5.313327,'s-Hertogenbosch,Bilinmiyor,2
50662,Sint Antoniusstraat 12,EVnetNL,51.683753,5.067604,Waalwijk,Bilinmiyor,2
50661,Zuiddijk 4,Shell Recharge Solutions (BE),51.6826657,3.982306,Schouwen-Duiveland,Bilinmiyor,1
50657,Pettelaarpark,Shell Recharge Solutions (BE),51.677003,5.33246410000004,'s-Hertogenbosch,Bilinmiyor,1
50654,Van Dubbelmondestraat 1,EVnetNL,51.648113,4.856989,Oosterhout,Bilinmiyor,2
50653,Julianalaan 5,EVnetNL,51.644721,4.850339,Oosterhout,Bilinmiyor,2
50652,Rietven 282,Shell Recharge Solutions (BE),51.6291752,5.55493879999995,Veghel,Bilinmiyor,1
50650,Bergdreef 78,Shell Recharge Solutions (BE),51.613886,4.725107,Breda,Bilinmiyor,1
50646,Maasdijk 226,EVnetNL,51.609436,4.802611,Breda,Bilinmiyor,2
50644,Monseigneur Bekkersplein 7,EVnetNL,51.601779,5.226277,Haaren,Bilinmiyor,2
50643,Spoorstraat,Bilinmiyor,51.59479,4.77699,Breda,Bilinmiyor,1
50642,Ceresstraat 2-PG,EVnetNL,51.594275,4.785736,Breda,Bilinmiyor,2
50641,Kranenberg 21,Shell Recharge Solutions (BE),51.5886073,5.0211754,Tilburg,Bilinmiyor,1
50639,Berkenlaan 19,EVBox,51.57634,5.18022,Oisterwijk,Bilinmiyor,1
50637,Sint Paulusstraat 110,EVnetNL,51.569995,5.088729,Tilburg,Bilinmiyor,2
50636,Dillenburgstraat 21,EVnetNL,51.569233,4.78569,Breda,Bilinmiyor,2
50635,Aagtekerkseweg 2A,Ecotap,51.562575,3.545727,Veere,Bilinmiyor,2
50633,Huisdreef 4,Alfen,51.560374,4.76658,Breda,Bilinmiyor,1
50632,Jan Pieterszoon Coenstraat 87,EVnetNL,51.557812,5.105449,Tilburg,Bilinmiyor,2
50630,Sporenring 34,EVnetNL,51.53044,5.071177,Goirle,Bilinmiyor,2
50629,Salderes 12,EVnetNL,51.513217,5.389852,Best,Bilinmiyor,2
50628,Jan Pietersz. Coenstraat 1,EVnetNL,51.506916,5.384925,Best,Bilinmiyor,2
50627,I.B.C.weg 10,Ecotap,51.501805,5.411102,Best,Bilinmiyor,1
50626,Rendierhei 29,EVnetNL,51.501581,5.372993,Best,Bilinmiyor,2
50625,Joulehof 16,EVBox,51.49942317383654,4.3093205839920845,Bergen op Zoom,Bilinmiyor,8
50622,Ziteind 4,EVnetNL,51.497325,5.376861,Best,Bilinmiyor,2
50621,Korenbeursstraat 38,Ecotap,51.496602,4.290632,Bergen op Zoom,Public,2
50620,Herder Pasmansdreef 1,Shell Recharge Solutions (BE),51.4936086,5.3017682,Oirschot,Bilinmiyor,2
50619,"Van der Valk Hotel, Goes",Ecotap,51.491967,3.866463,Goes,Public,2
50618,Toledolaan 2A,Ecotap,51.490913,5.453893,Eindhoven,Bilinmiyor,2
50617,Rigoletto 19,EVnetNL,51.49071,5.477812,Eindhoven,Bilinmiyor,1
50616,Charles Dickenslaan 17,EVnetNL,51.486521,5.478178,Eindhoven,Bilinmiyor,1
50615,Biarritzplein 35,EVnetNL,51.483439,5.449552,Eindhoven,Bilinmiyor,1
50614,Strandweg 7A,Ecotap,51.478233,3.531502,Veere,Bilinmiyor,2
50613,Industrieweg 15,EVBox,51.47818,5.44194,Eindhoven,Bilinmiyor,1
50612,Vlokhovenseweg 33,EVnetNL,51.473087,5.484758,Eindhoven,Bilinmiyor,1
50611,Refelingse Erven 173,EVnetNL,51.465689,5.555573,Nuenen c.a.,Bilinmiyor,1
50610,Regge 13,EVnetNL,51.45955,5.805601,Deurne,Bilinmiyor,2
50609,Minckelersplein 11,EVnetNL,51.456701,5.458867,Eindhoven,Bilinmiyor,1
50608,Schelde 38,EVnetNL,51.456507,5.804365,Deurne,Bilinmiyor,2
50607,Wilhelminaplein 11,Shell Recharge Solutions (BE),51.4537825,6.0526068,Horst aan de Maas,Bilinmiyor,1
50606,Tongelresestraat 336A,EVnetNL,51.44148,5.506897,Eindhoven,Bilinmiyor,1
50605,Stationsstraat 82,EVBox,51.4414,6.04917,Horst,Bilinmiyor,1
50604,Karel Martelweg,EVnetNL,51.434396,5.457947,Eindhoven,Bilinmiyor,1
50603,Jacob van Maerlantlaan 3,EVnetNL,51.429643,5.47572,Eindhoven,Bilinmiyor,1
50602,St Servaasweg 36,EVnetNL,51.427461,5.494394,Eindhoven,Bilinmiyor,1
50601,Beneden Beekloop 36,EVnetNL,51.426262,5.550927,Geldrop-Mierlo,Bilinmiyor,2
50600,Floraplein 6,EVnetNL,51.416932,5.497748,Eindhoven,Bilinmiyor,1
50599,Wegedoornlaan 2,EVnetNL,51.416182,5.502173,Eindhoven,Bilinmiyor,1
50598,Pasteurlaan 2,EVnetNL,51.413981,5.490654,Eindhoven,Bilinmiyor,1
50597,Pater Verhaagstraat 26,EVBox,51.41058,6.17044,Venlo,Bilinmiyor,1
50596,Lienderweg 55,Shell Recharge Solutions (BE),51.4057055,5.7555523,Asten,Bilinmiyor,1
50595,Columbusweg,EVBox,51.3956,6.10115,Venlo,Bilinmiyor,1
50594,Bleeckpad 2,EVnetNL,51.393489,5.443734,Waalre,Bilinmiyor,2
50593,Aanwas 44,EVBox,51.39131,4.31474,Woensdrecht,Private - Restricted Access,1
50591,Ereprijs 6,EVBox,51.37022,6.19266,Venlo,Bilinmiyor,1
50589,Ninnesweg 52,EVBox,51.33571,5.97533,Peel en Maas,Bilinmiyor,1
50587,Dissel 117,EVBox,51.31737,5.61789,Cranendonck,Bilinmiyor,1
50580,Boslaan 9,EVBox,51.21975,5.8548,Maasgouw,Bilinmiyor,1
50562,Palankastraat 1,Shell Recharge Solutions (BE),50.8620819,5.83355470000004,Valkenburg aan de Geul,Bilinmiyor,1
50561,Kapellaan 33,EVnetNL,50.861358,6.059349,Kerkrade,Bilinmiyor,2
50559,Nieuwe Haven 100,EVBox,51.90992,4.39933,Schiedam,Bilinmiyor,1
50293,Bloemendalerweg 43 F,(Unknown Operator),52.3206271,5.023491100000001,Weesp,"Private - For Staff, Visitors or Customers",1
50292,Flevolaan 66,Shell Recharge Solutions (NL),52.3170527,5.021481799999947,Weesp,"Private - For Staff, Visitors or Customers",1
50291,Hogeweyselaan 215 Mitsubishi Dealer,(Unknown Operator),52.31740129599029,5.027476356483458,Weesp,"Private - For Staff, Visitors or Customers",1
49289,Flevolaan 19,Shell Recharge Solutions (NL),52.3151916,5.021262400000069,Weesp,"Private - For Staff, Visitors or Customers",1
49288,Flevolaan 21,Shell Recharge Solutions (NL),52.3155596,5.021112799999969,Weesp,"Private - For Staff, Visitors or Customers",1
49235,Flevolaan 25,EVBox,52.3162783,5.02098950000004,Weesp,"Private - For Staff, Visitors or Customers",1
49234,Bloemendalerweg 25,Shell Recharge Solutions (NL),52.3197249,5.0253318,Weesp,"Private - For Staff, Visitors or Customers",1
49233,Ambachtstraat 12,(Business Owner at Location),52.313409300000004,5.02339719999998,Weesp,"Private - For Staff, Visitors or Customers",1
49232,Gemeenschapspolderweg 36,(Business Owner at Location),52.3139733,5.02257770000006,Weesp,"Private - For Staff, Visitors or Customers",1
49213,Pampuslaan 79,FLOW Charging,52.3122088,5.02486269999997,Weesp,Public - Membership Required,1
49212,Pampuslaan 104,EVBox,52.3127861,5.02522699999997,Weesp,"Private - For Staff, Visitors or Customers",3
49210,Hogeweyselaan 235,EVBox,52.3188813,5.02869729999998,Weesp,"Private - For Staff, Visitors or Customers",1
49209,Pampuslaan 228,EVBox,52.3192509520461,5.02668039147112,Weesp,Public - Membership Required,1
49208,Keurstraat,EVBox,52.3114762001058,5.02640943505709,Weesp,Public,2
49207,Ossenmarkt,Ecotap,52.3072203767972,5.0454471589302,Weesp,Public,1
49202,Flevolaan 17,EVBox,52.3148949,5.02125019999994,weesp,"Private - For Staff, Visitors or Customers",1
49177,Secured Truckparking Borchwerf ,Nomadpower,51.54805183646235,4.46101964166407,Roosendaal,Public - Membership Required,2
49176,Wegrestaurant De Gouden Leeuw ,Nomadpower,51.6860105523224,4.65737739839483,Zevenbergschen Hoek,Public - Membership Required,8
49175,Partner Logistics ,Nomadpower,51.5008461,4.2641546,Bergen op Zoom,Public - Membership Required,8
49174,Partner Logistics ,Nomadpower,51.50254935031136,4.259225099847406,Bergen op Zoom,Public - Membership Required,8
49173,De Raket,Nomadpower,52.686031994437684,6.269819503735334,Rogat,Public - Membership Required,8
47945,Lumen Hotel Zwolle,EVBox,52.5158454149262,6.12057570793457,Zwolle,Public - Membership Required,2
47706,Ikea Breda,(Business Owner at Location),51.5803351,4.729073500000027,Breda,Public,1
47636,Fastned De Kroon,FastNed,52.016010753673875,5.120851993560791,Nieuwegein,Public,1
47635,Fastned De Somp,FastNed,52.168457098861246,6.028103828430176,Klarenbeek,Public,2
47634,Fastned De Brink,FastNed,52.17084902645571,6.025797128677368,Klarenbeek,Public,2
47633,De Horn,FastNed,52.7390674,5.029178600000023,Abbekerk,Public,4
47559,Fastned de Slenk,FastNed,52.00771056541515,5.812241280581816,Arnhem ,Public - Membership Required,2
47239,Purperreiger,(Unknown Operator),51.8842993,4.67697550000003,Molenwaard,Private - Restricted Access,1
47024,Het Hoge Holt 37,EVBox,52.72436,6.44692,Hoogeveen,Bilinmiyor,1
47020,Strandgaperweg 26,Bilinmiyor,52.41247,5.68572,Dronten,Bilinmiyor,1
47019,Strandgaperweg,Bilinmiyor,52.41026,5.67676,Dronten,Bilinmiyor,1
47018,Alberdingk Thijmlaan 57,EVBox,52.3581,4.60839,Heemstede,Bilinmiyor,1
47017,Lisdoddelaan 84,EVBox,52.35192,4.99409,Amsterdam,Bilinmiyor,1
47010,Munsterstraat 12,EVBox,52.23869,6.18666,Deventer,Bilinmiyor,1
46998,Van Alkemadelaan 1174A,Alfen,52.108691,4.305828,Den Haag,Bilinmiyor,1
46997,Tapijtweg 1,Alfen,52.103443,4.305338,Den Haag,Bilinmiyor,1
46996,Tholensestraat 139,Alfen,52.087568,4.25701,Den Haag,Bilinmiyor,1
46995,Lübeckstraat 29,Alfen,52.08605,4.279579,Den Haag,Bilinmiyor,1
46994,Laan van Eik en Duinen 226,Alfen,52.072538,4.262161,Den Haag,Bilinmiyor,1
46993,Loosduinsekade 331,Alfen,52.068967,4.278311,Den Haag,Bilinmiyor,1
46992,Fastned De Poel,FastNed,52.06393911400764,5.611943006492766,Ede,Public - Membership Required,2
46991,Fastned De Veenen,FastNed,52.064285397002664,5.608955025628347,Ede,Public - Membership Required,2
46990,Beresteinlaan 465,Alfen,52.040021,4.256871,Den Haag,Bilinmiyor,1
46989,Gaasterlandlaan 6,Alfen,52.035002,4.2905,Den Haag,Bilinmiyor,1
46988,Kampenringweg,EVBox,52.02745,4.67987,Gouda,Bilinmiyor,1
46987,Kampenringweg 45b,EVBox,52.0274257,4.680376,Gouda,Bilinmiyor,1
46985,Stationsweg 23,Bilinmiyor,51.976973,4.126158,Rotterdam,Bilinmiyor,2
46984,Watermanweg 351,EVBox,51.9505684,4.5558745,Rotterdam,Bilinmiyor,1
46983,Diamantweg 12,EVBox,51.94631,4.46662,Rotterdam,Bilinmiyor,1
46982,Van Enckevoirtlaan 105,EVBox,51.94748,4.47216,Rotterdam,Bilinmiyor,1
46979,Prinses Marijkeweg 1,EVBox,51.92134,4.99574,Zederik,Bilinmiyor,1
46977,Groene Kruisweg 22,EVBox,51.89775,4.17429,Brielle,Bilinmiyor,1
46976,J.S. de Jongplein 2,Ecotap,51.884803,5.419705,Tiel,Bilinmiyor,2
46974,Poppenbouwing 56,Shell Recharge Solutions (BE),51.872397,5.3223823,Geldermalsen,Bilinmiyor,1
46969,Weteringstraat 1,Shell Recharge Solutions (BE),51.700167,5.41417969999998,'s-Hertogenbosch,Bilinmiyor,1
46967,Joris Helleputtestraat 46,EVnetNL,51.611301,4.801692,Breda,Bilinmiyor,2
46966,Heikantsestraat 52,EVnetNL,51.606094,4.711233,Breda,Bilinmiyor,2
46965,Lunetstraat,EVBox,51.59341,4.75466,Breda,Bilinmiyor,1
46964,Vredenburchsingel 41,EVnetNL,51.581857,4.770892,Breda,Bilinmiyor,2
46963,Marksingel 2C,EVnetNL,51.580917,4.776763,Breda,Bilinmiyor,2
46962,Graaf Hendrik III laan 4,EVnetNL,51.578041,4.769934,Breda,Bilinmiyor,2
46961,Heuvelstraat 106,EVnetNL,51.575424,4.74706,Breda,Bilinmiyor,2
46960,Julianastraat 6,EVnetNL,51.528262,4.270898,Bergen op Zoom,Bilinmiyor,2
46959,Science Park Eindhoven 5525,EVBox,51.49892,5.45831,Son en Breugel,Bilinmiyor,1
46958,Balsedreef,EVnetNL,51.4875859119901,4.32648189318468,Bergen op Zoom,Public,2
46957,Vechtstraat 32,Shell Recharge Solutions (BE),51.4848508,4.282762,Bergen op Zoom,Bilinmiyor,1
46956,Ooitas 11,EVnetNL,51.479283,4.281717,Bergen op Zoom,Bilinmiyor,2
46955,Fleerbosseweg 2,EVBox,51.470132481362846,3.974304926424006,Kapelle,"Private - For Staff, Visitors or Customers",1
45517,Oosterhorn 36,Bilinmiyor,53.30761015915,6.9860252738818,Delfzijl,Bilinmiyor,2
45516,Peebos 3,Shell Recharge Solutions (BE),53.1949793,6.2049938,Grootegast,Bilinmiyor,1
45513,Edelhertweg 1,Bilinmiyor,52.539900005546,5.5624795988047,Lelystad,Bilinmiyor,2
45512,Strangeweg 1a,ChargePoint,52.525472,6.427812,Ommen,Bilinmiyor,2
45501,De la Bassecour Caanstraat 143,Shell Recharge Solutions (BE),52.2360000610352,4.45046997070312,Noordwijk,Bilinmiyor,1
45500,Hengelosestraat,Shell Recharge Solutions (BE),52.2351961685747,6.85567591362633,Enschede,Bilinmiyor,1
45499,Koningstraat 24,EVnetNL,52.234109,5.951977,Apeldoorn,Bilinmiyor,1
45496,Thorbeckelaan 5,EVBox,52.22478,6.87975,Enschede,Bilinmiyor,1
45488,Korte Ossendam 55,EVBox,52.16401,5.30714,Soest,Bilinmiyor,1
45485,Wipselbergweg,Bilinmiyor,52.14252,5.97664,Apeldoorn,Bilinmiyor,1
45480,Loire,Bilinmiyor,52.070839533075,4.3973542749882,Den Haag,Bilinmiyor,2
45479,van Rijckevorselstraat 27b,EVBox,52.05646,5.27624,Utrechtse Heuvelrug,Bilinmiyor,1
45478,Sint Jorisweg,EVBox,52.02184,4.36001,Delft,Bilinmiyor,1
45475,Rietbaan 6,Greenflux,51.957786,4.577594,Capelle aan den IJssel,Bilinmiyor,1
45471,Laageinde 15-bis,Ecotap,51.876337,5.278458,Geldermalsen,Bilinmiyor,2
45470,Laageinde 15b,Ecotap,51.876252,5.278657,Geldermalsen,Bilinmiyor,2
45468,Waalstraat 14,EVBox,51.85368,4.41838,Albrandswaard,Bilinmiyor,1
45465,Zoomwijcklaan 12,Allego BV,51.826837,4.398876,Oud-Beijerland,Bilinmiyor,1
45463,Schubertpad 43,Allego BV,51.814523,4.43514,Oud-Beijerland,Bilinmiyor,1
45459,Loonsebaan 13,EVBox,51.66734,5.29109,Vught,Bilinmiyor,1
45456,Sibeliuslaan 9,EVBox,51.56668,4.77323,Breda,Bilinmiyor,1
45455,Berghof 2,Shell Recharge Solutions (BE),51.4786907639616,5.54978578888552,Nuenen c.a.,Bilinmiyor,1
45448,Ambyerstraat Zuid 77B,Alfen,50.85521,5.729566,Maastricht,Bilinmiyor,1
44785,It Hiem 3,Shell Recharge Solutions (BE),53.1316184997559,5.72310256958008,Littenseradiel,Bilinmiyor,1
44783,Smidsstraat 5A,EVBox,53.03441,5.63543,Súdwest-Fryslân,Bilinmiyor,1
44782,Aziëweg 5,EVBox,53.02576,6.57078,Assen,Bilinmiyor,1
44781,Suderséleane,Ecotap,52.966467,5.416278,Súdwest-Fryslân,Bilinmiyor,2
44780,Stationsweg 4A,EVnetNL,52.843300432073,5.7082481235102,De Fryske Marren,Bilinmiyor,2
44779,Parmentierstraat 3,Shell Recharge Solutions (BE),52.7342987060547,6.5104398727417,Hoogeveen,Bilinmiyor,1
44778,Dampten 900,Ecotap,52.646115,5.046213,Hoorn,Bilinmiyor,2
44777,Bergerweg 200,EVBox,52.643,4.72764,Alkmaar,Bilinmiyor,1
44776,Oude Rijksweg 412,EVBox,52.6199,6.18446,Staphorst,Bilinmiyor,1
44773,Grote Voort 1,Shell Recharge Solutions (BE),52.5122525210468,6.07482083439334,Zwolle,Bilinmiyor,1
44770,Pieter Houtkooperhof 12,EVBox,52.49594,4.65226,Beverwijk,Bilinmiyor,1
44769,Hollandse Hout 142,Shell Recharge Solutions (BE),52.4923631,5.4294037,Lelystad,Bilinmiyor,1
44768,Buitenhuizerweg 2,Ecotap,52.431613,4.708683,Velsen,Bilinmiyor,2
44764,Zuiderweg,Ecotap,52.395857,4.753948,Haarlemmerliede en Spaarnwoude,Bilinmiyor,2
44762,Varelseweg 211,Ecotap,52.382905,5.70863,Nunspeet,Bilinmiyor,2
44759,Kriekenoord,Ecotap,52.337803,4.972955,Diemen,Bilinmiyor,2
44756,Stanislas 13,EVBox,52.30148,4.64075,Haarlemmermeer,Bilinmiyor,1
44753,Logger 7,Shell Recharge Solutions (BE),52.2950315,5.2564645,Huizen,Bilinmiyor,1
44748,Dordrechtweg 1,EVBox,52.24979,6.18062,Deventer,Bilinmiyor,1
44740,Vaartweg 48,Shell Recharge Solutions (BE),52.2227684,5.1651797,Hilversum,Bilinmiyor,1
44739,Liebergerweg 30A,EVBox,52.22261,5.18877,Hilversum,Bilinmiyor,1
44735,Taanderstraat 19,Shell Recharge Solutions (BE),52.2025389,4.4352019,Katwijk,Bilinmiyor,1
44727,DroomPark Beekbergen,Ecotap,52.1377,6.002702,Apeldoorn,Bilinmiyor,2
44726,Zanderijpad,Alfen,52.137034,4.390633,Wassenaar,Bilinmiyor,1
44725,Savannahweg 65,Bilinmiyor,52.114608019949,5.0454966723919,Utrecht,Bilinmiyor,2
44722,Vijverlaan 1,Ecotap,52.092908,5.777272,Ede,Bilinmiyor,2
44719,Parkweg 180,Shell Recharge Solutions (BE),52.0727174,4.3695254,Voorburg,Bilinmiyor,1
44718,Groenewoudsedijk,Shell Recharge Solutions (BE),52.0683708190918,5.08754062652588,Utrecht,Bilinmiyor,1
44717,Traaij,Ecotap,52.062093,5.30935,Utrechtse Heuvelrug,Bilinmiyor,2
44716,Koningsweg,Ecotap,52.031072,5.866638,Arnhem,Bilinmiyor,2
44713,Zaagmolenpad 2,Shell Recharge Solutions (BE),51.9682411,6.2783043,Doetinchem,Bilinmiyor,1
44712,Strausslaan 1,EVBox,51.96351,4.5023,Rotterdam,Bilinmiyor,1
44710,Commanderij 82,EVBox,51.93717,4.27558,Midden-Delfland,Bilinmiyor,1
44704,Mercuriusstraat 25,EVBox,51.90237,4.3308,Vlaardingen,Bilinmiyor,1
44702,Molenstraat 2,Ecotap,51.883245,5.705857,Beuningen,Bilinmiyor,2
44701,Watermolenweg 6a,Bilinmiyor,51.879997,5.266443,Geldermalsen,Bilinmiyor,2
44700,Kolenbranderstraat 10,EVBox,51.87538,4.6119,Ridderkerk,Bilinmiyor,1
44699,Pastoor Hootsmansstraat 5,Ecotap,51.870187,5.740952,Beuningen,Bilinmiyor,2
44697,Koolzaadveld 1,Ecotap,51.86412,5.757875,Beuningen,Bilinmiyor,2
44696,Julianaplein 132,Ecotap,51.861527,5.77077,Beuningen,Bilinmiyor,2
44694,Leigraaf,Ecotap,51.859097,5.76658,Beuningen,Bilinmiyor,2
44693,Ottersveen 305,EVBox,51.83573,4.34022,Nissewaard,Bilinmiyor,1
44691,H.A. Lorentzstraat 7,EVBox,51.81673,4.63173,Zwijndrecht,Bilinmiyor,1
44690,Weverseinde,EVBox,51.80996,4.56401,Binnenmaas,Bilinmiyor,1
44688,Maaskade 16,EVnetNL,51.760964,5.74111,Grave,Bilinmiyor,2
44687,Bostulp 54,EVnetNL,51.737513,5.857554,Cuijk,Bilinmiyor,2
44686,Burchtplein 7,EVnetNL,51.733613,5.135943,Heusden,Bilinmiyor,2
44685,Wolfskuil 5,EVnetNL,51.717476,5.885754,Cuijk,Bilinmiyor,2
44684,Pasteurlaan 16,EVnetNL,51.701163,5.208308,Heusden,Bilinmiyor,2
44683,Koestraat 46,EVnetNL,51.700097,4.857624,Geertruidenberg,Bilinmiyor,2
44682,Spoordijk 5,EVnetNL,51.699643,4.870305,Geertruidenberg,Bilinmiyor,2
44681,Hoogeinde 86,EVnetNL,51.694306,5.099621,Waalwijk,Bilinmiyor,2
44680,Parallelweg-West 54D,EVnetNL,51.693783,5.198177,Heusden,Bilinmiyor,2
44678,Doctor Kuyperlaan 12,EVnetNL,51.690642,5.080837,Waalwijk,Bilinmiyor,2
44677,Margrietstraat 95,EVnetNL,51.686541,5.065058,Waalwijk,Bilinmiyor,2
44676,Adrianus Benedictus van Lieshoutlaan 97,EVnetNL,51.683583,5.046547,Waalwijk,Bilinmiyor,2
44674,Villa Fonteinkruid 75,EVnetNL,51.675234,5.039166,Waalwijk,Bilinmiyor,2
44673,Ringvaert 83,EVnetNL,51.660411,5.044358,Loon op Zand,Bilinmiyor,2
44672,Brugske 19,EVnetNL,51.654386,5.039225,Loon op Zand,Bilinmiyor,2
44671,Schildersplein 215,EVnetNL,51.654163,5.023968,Loon op Zand,Bilinmiyor,2
44670,De Meer 15,EVnetNL,51.653871,5.037295,Loon op Zand,Bilinmiyor,2
44669,Pieter Stastokstraat 185,EVnetNL,51.649184,4.834883,Oosterhout,Bilinmiyor,2
44667,Sint Antoniusstraat 23,EVnetNL,51.639017,4.868662,Oosterhout,Bilinmiyor,2
44665,Overkroetenlaan 144,EVnetNL,51.624941,4.736008,Breda,Bilinmiyor,2
44664,Zonneglans 1,EVnetNL,51.593303,5.335942,Boxtel,Bilinmiyor,2
44663,Vinkenbroek 25,EVnetNL,51.591616,4.648253,Etten-Leur,Bilinmiyor,2
44662,Persephonéstraat 7a,Ecotap,51.589917,5.01498,Tilburg,Bilinmiyor,2
44661,Mary Zeldenrustlaan 47,EVnetNL,51.584947,4.92889,Gilze en Rijen,Bilinmiyor,2
44660,Wilhelminastraat 17,EVnetNL,51.585685,4.312978,Steenbergen,Bilinmiyor,2
44659,Eilenbergstraat 241,EVnetNL,51.584558,5.093093,Tilburg,Bilinmiyor,2
44658,Benthuizenstraat 1,EVnetNL,51.582886,5.014181,Tilburg,Bilinmiyor,1
44657,Wethouder Romboutsstraat 34,EVnetNL,51.578853,4.784278,Breda,Bilinmiyor,2
44655,Emmalaan 1,EVnetNL,51.577526262599,4.6483540534973,Etten-Leur,Bilinmiyor,2
44654,Zandberglaan 17,EVnetNL,51.57692,4.783453,Breda,Bilinmiyor,2
44653,Dokkumstraat 11,EVnetNL,51.576103,5.013181,Tilburg,Bilinmiyor,2
44652,Kerkstraat 30a,EVnetNL,51.575303,5.137768,Tilburg,Bilinmiyor,2
44651,Oegstgeeststraat 279,EVnetNL,51.575235,4.988546,Tilburg,Bilinmiyor,2
44650,Ginnekenweg 161,EVnetNL,51.573966,4.783735,Breda,Bilinmiyor,2
44649,Prins Hendrikstraat 88,EVnetNL,51.572412,4.787725,Breda,Bilinmiyor,2
44648,van Slingelandtstraat 35,EVnetNL,51.571362,4.745052,Breda,Bilinmiyor,2
44645,Wilhelminapark 69,EVnetNL,51.566793,5.081019,Tilburg,Bilinmiyor,2
44644,Duivelsbruglaan 98,EVnetNL,51.566731,4.777584,Breda,Bilinmiyor,2
44643,Nicolaas Beetsstraat 5,EVnetNL,51.550409,5.065302,Tilburg,Bilinmiyor,2
44642,Professor van Buchemlaan,Ecotap,51.539118,5.09813,Tilburg,Bilinmiyor,2
44641,Sporenring 1000-traf,EVnetNL,51.533221,5.071909,Goirle,Bilinmiyor,2
44640,Kloosterstraat 75,EVnetNL,51.522722,5.064612,Goirle,Bilinmiyor,2
44639,Meers 8,EVnetNL,51.428926,5.546846,Geldrop-Mierlo,Bilinmiyor,2
44638,Stationsstraat 22,EVnetNL,51.421755,5.555231,Geldrop-Mierlo,Bilinmiyor,2
44637,Markt 4,EVnetNL,51.385822,5.44433,Waalre,Bilinmiyor,2
44636,Steenstraat 51f-gar,EVnetNL,51.352911,5.319634,Eersel,Bilinmiyor,2
44634,Offenbekerweg 4,EVBox,51.27714,6.09202,Beesel,Bilinmiyor,1
44631,Middenweg,ChargePoint,50.983242,5.848073,Sittard-Geleen,Bilinmiyor,2
43569,Markt parking,(Unknown Operator),52.0596054025687,4.49391782283783,zoetermeer,Public,4
43066,Coopmansstraat 36,Allego BV,53.20645,5.812969,Leeuwarden,Bilinmiyor,1
43065,Anne Wadmanwei 4h,Ecotap,53.200148,5.764198,Leeuwarden,Bilinmiyor,2
43063,Jonagold 16,EVBox,53.00553,6.50475,Assen,Bilinmiyor,1
43062,Pastoriesingel 6,EVBox,52.99711,5.9443,Heerenveen,Bilinmiyor,1
43061,Zoom,Shell Recharge Solutions (BE),52.9924185,6.5238584,Assen,Bilinmiyor,1
43057,Woldmeentherand 5,Shell Recharge Solutions (BE),52.798392,6.1224739,Steenwijkerland,Bilinmiyor,1
43055,Oudewal 73,Shell Recharge Solutions (BE),52.7181621,4.7263208,Schagen,Bilinmiyor,1
43054,Hanzeweg 21,EVBox,52.58266,6.09268,Zwartewaterland,Bilinmiyor,1
43050,Bataviaplein 60,EVBox,52.52306,5.44101,Lelystad,Bilinmiyor,1
43047,Grote Voort 201,Shell Recharge Solutions (BE),52.5091496649825,6.06940119842534,Zwolle,Bilinmiyor,1
43044,Campus,EVBox,52.5006822870548,6.0812140847778,Zwolle,Bilinmiyor,1
43043,Crunershof 1,Shell Recharge Solutions (BE),52.4814987182617,6.05917549133301,Hattem,Bilinmiyor,1
43042,Pieter Ghijsenlaan 22,Ecotap,52.427338,4.823645,Zaanstad,Bilinmiyor,2
43038,Augustusstraat 35,EVBox,52.40116,5.28569,Almere,Bilinmiyor,1
43032,Leidsevaartweg 125,Shell Recharge Solutions (BE),52.3616442,4.6091687,Heemstede,Bilinmiyor,1
43027,Zilvermeeuw,Bilinmiyor,52.337847,6.642015,Almelo,Bilinmiyor,2
43023,Van Houten Industriepark 25 Back,EVBox,52.3055454188174,5.03507070985642,Weesp,"Private - For Staff, Visitors or Customers",1
43020,Schinkeldijkje 2,EVBox,52.29154,4.82069,Aalsmeer,Bilinmiyor,1
43018,A1,FastNed,52.285233,6.85775,Dinkelland,Public - Pay At Location,2
43015,Fastned Eemakker,FastNed,52.26425061602018,5.25596022605896,Eemnes,(Unknown),2
43014,Schapendrift 79,EVBox,52.26356,5.24129,Blaricum,Bilinmiyor,1
43013,Geerdinksweg 139-35,Bilinmiyor,52.262838,6.770472,Hengelo,Bilinmiyor,2
43007,Vivaldipark 46,EVBox,52.24089,5.16392,Hilversum,Bilinmiyor,1
43006,Boerderijweg,Shell Recharge Solutions (BE),52.246373630115,6.85262024402618,Enschede,Bilinmiyor,1
43004,Douzastraat 61,EVBox,52.23292,4.44422,Noordwijk,Bilinmiyor,1
42997,Vondellaan 7,Bilinmiyor,52.207368,5.286163,Baarn,Bilinmiyor,1
42995,Nieuw-Loosdrechtsedijk 105,EVBox,52.1952,5.12861,Wijdemeren,Bilinmiyor,1
42993,Molenpark 21,Shell Recharge Solutions (BE),52.1861152648926,5.61349058151245,Barneveld,Bilinmiyor,1
42991,Prins Bernhardlaan 21B,EVBox,52.1836,5.29715,Soest,Bilinmiyor,1
42986,Van Duivenvoordelaan 125,Alfen,52.14996,4.409647,Wassenaar,Bilinmiyor,1
42985,Van Cranenburchlaan 153,Alfen,52.149732,4.403348,Wassenaar,Bilinmiyor,1
42984,Dokter Weederlaan 39,Alfen,52.148503,4.39783,Wassenaar,Bilinmiyor,1
42983,Jacob Damsingel 26,Shell Recharge Solutions (BE),52.1450905,6.2025594,Zutphen,Bilinmiyor,1
42982,Clematislaan 33,Alfen,52.143798,4.41109,Wassenaar,Bilinmiyor,1
42980,Van Oldenbarneveltweg 36,Alfen,52.142596,4.401148,Wassenaar,Bilinmiyor,1
42979,Ambachtsweg 45,Ecotap,52.124255,5.048675,Utrecht,Bilinmiyor,2
42978,Soestdijkseweg,Ecotap,52.121805,5.19713,De Bilt,Bilinmiyor,2
42976,Polweg 5,EVBox,52.10487,6.04199,Brummen,Bilinmiyor,1
42975,Veurseweg,Ecotap,52.115888,4.433936,Voorschoten,Bilinmiyor,2
42974,Veurseweg 180a,Ecotap,52.115305,4.433087,Voorschoten,Bilinmiyor,2
42973,Het Kerkehout 2,Alfen,52.112946,4.371011,Wassenaar,Bilinmiyor,1
42967,Jacob Gillesstraat 20,Alfen,52.087251,4.275287,Den Haag,Bilinmiyor,1
42966,Brinnolaan 8,Alfen,52.083036,4.359756,Voorburg,Bilinmiyor,1
42964,Jan Pietersz. Coenstraat 28,Alfen,52.078848,4.33271,Den Haag,Bilinmiyor,1
42963,Veenkade 136,Alfen,52.07785,4.297379,Den Haag,Bilinmiyor,1
42962,Werflaan 76,Alfen,52.07382,4.50278,Zoetermeer,Bilinmiyor,1
42961,Zuidwal 1A,Alfen,52.072814,4.31381,Den Haag,Bilinmiyor,1
42960,Zandzeggelaan 171,Alfen,52.069327,4.233346,Den Haag,Bilinmiyor,1
42959,César Franckrode 45,Alfen,52.069286,4.468133,Zoetermeer,Bilinmiyor,1
42958,Hekelingenstraat 84,Alfen,52.067994,4.531651,Zoetermeer,Bilinmiyor,1
42957,Smientstraat 72,Alfen,52.067159,4.414922,Den Haag,Bilinmiyor,1
42956,Lulofsstraat,Alfen,52.063707,4.3171,Den Haag,Bilinmiyor,1
42955,Engelandlaan 350,Alfen,52.060281,4.491351,Zoetermeer,Bilinmiyor,1
42954,Laan van Vredestein 185,Alfen,52.058641,4.252195,Den Haag,Bilinmiyor,1
42953,Mozartlaan 288,Alfen,52.058324,4.229713,Den Haag,Bilinmiyor,1
42952,Sinjeur Semeynsweg 21,Alfen,52.054502,4.32109,Den Haag,Bilinmiyor,1
42951,Kerketuinenweg,EVBox,52.05175,4.2563,Den Haag,Bilinmiyor,1
42950,Jaap Edenweg,Alfen,52.038758,4.238927,Den Haag,Bilinmiyor,1
42948,Juweellaan 273,Alfen,52.034796,4.479651,Zoetermeer,Bilinmiyor,1
42947,Violierenweg 1,Shell Recharge Solutions (BE),52.0330278,4.5324255,Lansingerland,Bilinmiyor,1
42946,Laan van Wateringse Veld 602,Alfen,52.030304,4.288147,Den Haag,Bilinmiyor,1
42945,Santiagosingel 3,Alfen,52.028667,4.288591,Den Haag,Bilinmiyor,1
42944,Poeldijkseweg 45,Ecotap,52.028033,4.254778,Westland,Bilinmiyor,2
42943,Hendrick de Keyserweg 11,Alfen,52.014545,4.372691,Delft,Bilinmiyor,1
42942,Hof van Delftlaan 52,Alfen,52.012474,4.347731,Delft,Bilinmiyor,1
42941,Rivierpad 9,Alfen,52.007798,4.337764,Delft,Bilinmiyor,1
42939,Crommelinlaan 16,Alfen,52.00397,4.360024,Delft,Bilinmiyor,1
42938,Eikenlaan 95,Alfen,51.997226,4.168294,Westland,Bilinmiyor,1
42936,Leeuweriklaan 1,Alfen,51.980233,4.358385,Delft,Bilinmiyor,1
42935,Minosstraat 6,EVBox,51.96365,4.4861,Rotterdam,Bilinmiyor,1
42932,Wessel Couzijnhof 67,Shell Recharge Solutions (BE),51.9472572506655,5.89661578538676,Arnhem,Bilinmiyor,1
42928,Wilgentuinen 30,EVBox,51.91224,4.23317,Rotterdam,Bilinmiyor,1
42926,Daniël Pichotstraat 10,Shell Recharge Solutions (BE),51.9046981,4.3745951,Schiedam,Bilinmiyor,1
42925,Seggelant-Oost 8,Ecotap,51.892817,4.195942,Brielle,Bilinmiyor,2
42923,Achterweg 91,EVBox,51.88163,4.22238,Brielle,Bilinmiyor,1
42922,Bergsonstraat,EVBox,51.87727,4.51633,Rotterdam,Bilinmiyor,1
42921,Albert Plesmanweg 121,EVBox,51.87211,4.43935,Rotterdam,Bilinmiyor,1
42920,Zuidzijdsedijk 92,EVBox,51.86519,4.37139,Rotterdam,Bilinmiyor,1
42916,Graafseweg 1,EVBox,51.92318,5.86322,Nijmegen,Bilinmiyor,1
42914,Roosje Vosstraat 9,EVBox,51.83559,4.35459,Nissewaard,Bilinmiyor,1
42908,Laurens Jzn. Costerstraat 2,Shell Recharge Solutions (BE),51.8243961,4.4265186,Oud-Beijerland,Bilinmiyor,1
42906,Dokter Rietveldplein 45,EVBox,51.82423,4.68932,Papendrecht,Bilinmiyor,1
42905,Touwslagersstraat 26,Ecotap,51.816345,4.680528,Dordrecht,Bilinmiyor,2
42901,Rie Mastenbroekweg,Ecotap,51.793829,4.677893,Dordrecht,Bilinmiyor,1
42900,Sportlaan 1A,Ecotap,51.791606,4.551202,Binnenmaas,Bilinmiyor,2
42897,Koebaksestraat 8c,Shell Recharge Solutions (BE),51.7167552,5.8592075,Cuijk,Bilinmiyor,1
42896,Raadhuisstraat 112,Shell Recharge Solutions (BE),51.6719970703125,5.01856422424316,Waalwijk,Bilinmiyor,1
42894,Belgiëstraat 5A,Shell Recharge Solutions (BE),51.6655388,5.0291976,Loon op Zand,Bilinmiyor,1
42893,Touwslagerijweg 4,Ecotap,51.664573,4.840733,Oosterhout,Bilinmiyor,2
42892,Promenade 57,Ecotap,51.658373,5.612452,Uden,Bilinmiyor,2
42890,Mathildastraat 50,Bilinmiyor,51.64421,4.865055,Oosterhout,Bilinmiyor,2
42887,Wilhelminapark 15,EVBox,51.58096,4.78029,Breda,Bilinmiyor,1
42886,Cimburgalaan 5,Shell Recharge Solutions (BE),51.5722579956055,4.77537155151367,Breda,Bilinmiyor,1
42883,Van Wamelweg 10,Shell Recharge Solutions (BE),51.5040642,4.2729328,Bergen op Zoom,Bilinmiyor,1
42882,Van Wamelweg 10,Shell Recharge Solutions (BE),51.503917278002,4.27295425767215,Bergen op Zoom,Bilinmiyor,1
42881,Thorbeckelaan 14,EVBox,51.45298,5.51025,Eindhoven,Bilinmiyor,1
42880,Parklaan 62,Shell Recharge Solutions (BE),51.4418952,5.4858557,Eindhoven,Bilinmiyor,1
42879,Vendelier 20,Shell Recharge Solutions (BE),51.4228247,5.54257089999999,Geldrop-Mierlo,Bilinmiyor,1
42875,Schaekenstraat 4,EVBox,51.24148,5.701,Weert,Bilinmiyor,1
42871,Schinkepoort 7,EVnetNL,50.820655,5.823596,Eijsden-Margraten,Bilinmiyor,1
42833,AC Restaurant - 't Harde,Allego BV,52.4108001,5.88844300000005,'t Harde,Public - Membership Required,1
42824,AC Restaurant en Tulip Inn Hotel - Oosterhout,Allego BV,51.626793,4.86934080000003,Oosterhout,Public - Membership Required,1
42821,AC Restaurant Nederweert -Zuid,Allego BV,51.2551135,5.76751890000003,Weert,Public - Membership Required,1
42811,Van der Valk - Hengelo,Allego BV,52.2868375930599,6.77440499999999,Hengelo,Public - Membership Required,1
42776,Hellevliet,FastNed,52.08154305208515,4.9829366988283255,Harmelen,Public - Membership Required,1
42674,Ikea Barendrecht,Allego BV,51.8491336952676,4.51365561985164,Barendrecht,Public,1
42673,Van der Valk - Arnhem,Allego BV,52.01418208512479,5.819065904632112,Arnhem,Public,1
42671,Arnhem IPKW,Allego BV,51.9702635908799,5.94008377916795,Arnhem,Public - Membership Required,1
42658,Total Alexandrium,(Unknown Operator),51.95369757298452,4.56304124232791,Capelle aan den IJssel,Public - Pay At Location,1
42598,Fastned Het Lonnekermeer,FastNed,52.281433852409776,6.85286573658118,Deurningen,Public,2
42596,Ellerburg,FastNed,51.22063152226061,5.8090817598938616,Ell,Public,1
42595,Velder,FastNed,51.55919778369041,5.356783445385762,Liempde,Public,1
42593,Kruisoord,FastNed,52.58122988690621,4.977910741613756,Noordbeemster,Public,2
42592,Fastned Mandelan,FastNed,53.12924353021204,5.804645888885469,Wirdum,Public,2
42591,Fastned De Weeren,FastNed,52.9156244133447,5.98237905116366,Oldeholtwolde,Public,2
42136,Veengang 18,Shell Recharge Solutions (BE),52.97877064359,6.2961186826033,Ooststellingwerf,Bilinmiyor,2
42135,Zeepromenade,Shell Recharge Solutions (BE),52.9646292,4.7777155,Den Helder,Bilinmiyor,1
42133,F. Bordewijkstraat 24,EVBox,52.70132,5.2156,Stede Broec,Bilinmiyor,1
42132,Zwanebloem 29,EVBox,52.69709,5.24319,Stede Broec,Bilinmiyor,1
42131,Pommerenstraat,EVBox,52.54652,6.17812,Zwolle,Bilinmiyor,1
42130,Bentheimstraat,Shell Recharge Solutions (BE),52.5323715209961,6.16178178787232,Zwolle,Bilinmiyor,1
42128,Bentheimstraat,Shell Recharge Solutions (BE),52.5322685241699,6.16169595718384,Zwolle,Bilinmiyor,1
42126,Westerduinweg 1,Shell Recharge Solutions (BE),52.4619789123535,4.57728385925293,Velsen,Bilinmiyor,1
42125,Trawlerkade 32A,Shell Recharge Solutions (BE),52.4596829,4.5880551,Velsen,Bilinmiyor,1
42123,Tiarastraat 19,EVBox,52.40731,5.30834,Almere,Bilinmiyor,1
42122,Voorduinstraat 22,Shell Recharge Solutions (BE),52.4011345,4.632383,Haarlem,Bilinmiyor,1
42119,Tunnelweg 7f,Shell Recharge Solutions (BE),52.3802329,6.41422999999998,Hellendoorn,Bilinmiyor,2
42115,Oosterdoksstraat,Shell Recharge Solutions (BE),52.3765816,4.90697260000002,Amsterdam,Bilinmiyor,1
42113,Oosterdokskade 67,Shell Recharge Solutions (BE),52.3759189,4.90701960000001,Amsterdam,Bilinmiyor,1
42099,Bunschoter Veenkamp 145,Shell Recharge Solutions (BE),52.2332047,5.379387,Bunschoten,Bilinmiyor,1
42095,Venestraat 2a,Shell Recharge Solutions (BE),52.2224835,5.48356250000006,Nijkerk,Bilinmiyor,1
42093,Veenweg 158C,EVBox,52.21093,4.88578,De Ronde Venen,Bilinmiyor,1
42084,Energieweg 21,Alfen,52.139907,4.526335,Zoeterwoude,Bilinmiyor,1
42082,Industrieweg 40,Shell Recharge Solutions (BE),52.1284584,5.0388863,Stichtse Vecht,Bilinmiyor,1
42081,Braziliëstraat 62,Shell Recharge Solutions (BE),52.1216841,4.644877,Alphen aan den Rijn,Bilinmiyor,1
42080,Benoordenhoutseweg,EVBox,52.08983,4.32371,Den Haag,Bilinmiyor,1
42078,Westeinde,Alfen,52.065652,4.360077,Voorburg,Bilinmiyor,1
42076,Haagweg 161,Alfen,52.055181,4.339864,Rijswijk,Bilinmiyor,1
42072,Lozerlaan 211,Alfen,52.039213,4.245529,Den Haag,Bilinmiyor,1
42071,John F. Kennedylaan 1,Alfen,52.037422,4.305454,Rijswijk,Bilinmiyor,1
42070,Galileïlaan,EVBox,52.02728,5.62484,Ede,Bilinmiyor,1
42069,Mr. Beerninkplantsoen 70,Alfen,52.023473,4.315937,Rijswijk,Bilinmiyor,1
42067,Oranje-Nassaustraat 10,EVBox,52.00698,4.97931,Lopik,Bilinmiyor,1
42065,Hoofdstraat 74,EVnetNL,51.97431,4.250979,Westland,Bilinmiyor,2
42064,Oudedijkse Schiekade 120,EVBox,51.93656,4.44326,Rotterdam,Bilinmiyor,1
42062,Lekdijk-West 33b,EVBox,51.91887,4.77517,Krimpenerwaard,Bilinmiyor,1
42061,Pieter de Hoochweg 11A,EVBox,51.90765,4.45936,Rotterdam,Bilinmiyor,1
42060,Wilgensingel 43,EVBox,51.90286,4.25623,Rotterdam,Bilinmiyor,1
42059,Satijnhout 2,EVBox,51.85972,4.49857,Barendrecht,Bilinmiyor,1
42056,Fleur 49,EVBox,51.85015,4.36598,Rotterdam,Bilinmiyor,1
42055,Sientje Mesdag-van Houtenstraat 91,Shell Recharge Solutions (BE),51.8358401,4.3677227,Nissewaard,Bilinmiyor,1
42054,Van Leeuwenhoekweg 21A,EVBox,51.79811,4.63644,Dordrecht,Bilinmiyor,1
42053,Hovenlaan 21,Shell Recharge Solutions (BE),51.7930135,4.7284058,Dordrecht,Bilinmiyor,1
42049,Pearl S. Buckstraat 1,EVBox,51.575,5.46876,Sint-Oedenrode,Bilinmiyor,1
42046,Limburglaan 2,EVBox,51.43468,5.45116,Eindhoven,Bilinmiyor,1
42044,Steenweg 11A,EVBox,51.33485,6.13767,Venlo,Bilinmiyor,1
41908,Marlot,(Private Residence/Individual),52.1020588,4.3604792,Den Haag,Privately Owned - Notice Required,1
41730,De Blieke 42,Shell Recharge Solutions (BE),53.4477596,5.6351052,Ameland,Bilinmiyor,1
41729,Verdekspad 9,Stadtwerke Clausthal-Zellerfeld,53.444619,5.770653,Ameland,Bilinmiyor,1
41722,Ter Braaklaan 20,EVBox,53.18844,6.57145,Groningen,Bilinmiyor,1
41719,Jaarlastins 55,EVBox,53.20716,5.84567,Leeuwarden,Bilinmiyor,1
41717,Kruiswijk 10,EVBox,52.86703,4.80924,Hollands Kroon,Bilinmiyor,1
41716,Pieter De Keyserstraat,EVBox,52.75778,6.92849,Emmen,Bilinmiyor,1
41714,Jan Ligthartstraat 2,EVBox,52.64383,4.72581,Alkmaar,Bilinmiyor,1
41711,Koningsspil 2a,Ecotap,52.574827,6.592007,Hardenberg,Bilinmiyor,2
41700,De Eenvoud 15,Shell Recharge Solutions (BE),52.3930892944336,5.16666316986084,Almere,Bilinmiyor,1
41699,Spaarndammerdijk 302,Shell Recharge Solutions (BE),52.392663,4.8689384,Amsterdam,Bilinmiyor,1
41698,Teleportboulevard,EVBox,52.388122,4.8417883,Amsterdam,Bilinmiyor,1
41697,Nieuwpoortkade 27,Essent (NL),52.382986,4.861224,Amsterdam,Bilinmiyor,1
41693,Oosteinde 27,EVBox,52.3505,5.63667,Harderwijk,Bilinmiyor,1
41692,A9,Bilinmiyor,52.341145221083,4.7688670590651,Haarlemmermeer,Bilinmiyor,1
41691,Van der Madeweg 35,EVnetNL,52.326197,4.923581,Ouder-Amstel,Bilinmiyor,1
41688,Driemondweg,EVBox,52.30421,5.00552,Amsterdam,Bilinmiyor,1
41687,Koningin Julianalaan 15,EVnetNL,52.295116,4.90777,Ouder-Amstel,Bilinmiyor,1
41686,Naarderstraat 268,Shell Recharge Solutions (BE),52.2948457,5.2044566,Huizen,Bilinmiyor,1
41682,Bergse Pad,EVBox,52.25842,5.08623,Wijdemeren,Bilinmiyor,1
41672,Buurserstraat 190,EVBox,52.19636,6.89018,Enschede,Bilinmiyor,1
41667,Algolweg 11B,Shell Recharge Solutions (BE),52.1742054,5.4147308,Amersfoort,Bilinmiyor,1
41664,Philipsstraat 9,Bilinmiyor,52.143793337545,5.4188266396523,Leusden,Bilinmiyor,3
41662,Burgemeester Smeetsweg 1-37,Alfen,52.137463,4.533978,Zoeterwoude,Bilinmiyor,1
41661,Rijndijk 19,Alfen,52.133291,4.555062,Alphen aan den Rijn,Bilinmiyor,1
41660,Mijzijde 32,EVBox,52.11068,4.89383,Woerden,Bilinmiyor,1
41659,Van Dorpstraat 20,Alfen,52.099771,4.278734,Den Haag,Bilinmiyor,1
41658,Johan van Oldenbarneveltlaan 84,Alfen,52.098645,4.278185,Den Haag,Bilinmiyor,1
41657,Van Hogenhoucklaan 1,Alfen,52.094357,4.323364,Den Haag,Bilinmiyor,1
41656,Paul Gabriëlstraat 1,Alfen,52.092705,4.322693,Den Haag,Bilinmiyor,1
41655,Borneostraat 199,Alfen,52.091655,4.302333,Den Haag,Bilinmiyor,1
41654,Sperwerlaan 46,Alfen,52.091361,4.379659,Leidschendam-Voorburg,Bilinmiyor,1
41653,Kersengaarde 10,Alfen,52.088422,4.373659,Leidschendam-Voorburg,Bilinmiyor,1
41652,Koningin Wilhelminalaan 48,Alfen,52.086623,4.395736,Leidschendam-Voorburg,Bilinmiyor,1
41651,De Carpentierstraat 83,Alfen,52.085431,4.336728,Den Haag,Bilinmiyor,1
41650,Elzendreef 18,Alfen,52.084353,4.369036,Voorburg,Bilinmiyor,1
41649,Kwikstaartlaan 17,Alfen,52.079066,4.251943,Den Haag,Bilinmiyor,1
41648,Thomsonlaan 6,Alfen,52.078816,4.275193,Den Haag,Bilinmiyor,1
41647,Buitenrustplein 9,Alfen,52.077497,4.376789,Leidschendam-Voorburg,Bilinmiyor,1
41645,Aucubastraat,Alfen,52.076589,4.266154,Den Haag,Bilinmiyor,1
41644,Daal en Bergselaan 1,Alfen,52.076262,4.250944,Den Haag,Bilinmiyor,1
41643,Verbreepark 6A,EVBox,52.07476,4.55583,Alphen aan den Rijn,Bilinmiyor,1
41642,Blekerslaan,Shell Recharge Solutions (BE),52.0737766,4.2996113,Den Haag,Bilinmiyor,1
41641,Binckhorstlaan 36,Alfen,52.073719,4.332789,Den Haag,Bilinmiyor,1
41640,Van Limburg Stirumstraat 1,Alfen,52.072052,4.319676,Den Haag,Bilinmiyor,1
41639,Loevesteinlaan 204,Alfen,52.053505,4.278185,Den Haag,Bilinmiyor,1
41638,Arnoldsonstraat 66b,Alfen,52.032078,4.311573,Rijswijk,Bilinmiyor,1
41637,De Raaphorst 4,Alfen,52.014346,4.254675,Westland,Bilinmiyor,1
41636,Orka 1,Alfen,52.000689,4.200629,Westland,Bilinmiyor,1
41635,Zuidweg,Alfen,51.987469,4.206378,Westland,Bilinmiyor,1
41634,Eusebiusbuitensingel 10,Bilinmiyor,51.98088,5.91592,Arnhem,Bilinmiyor,1
41633,Meander,ThePluginCompany (Belgium),51.978047,5.98048,Arnhem,Bilinmiyor,2
41632,Heemwerf 48,Alfen,51.977635,4.257501,Westland,Bilinmiyor,1
41631,Slimme Watering,EVBox,51.94438,4.38178,Schiedam,Bilinmiyor,1
41630,Capelseweg 41,EVBox,51.94127,4.57442,Capelle aan den IJssel,Bilinmiyor,1
41629,Cairostraat 95,EVBox,51.94045,4.40466,Rotterdam,Bilinmiyor,1
41627,Spoorstraat 47,Shell Recharge Solutions (BE),51.9328079223633,5.58306455612183,Neder-Betuwe,Bilinmiyor,1
41626,Diepenbrockstraat 20,EVBox,51.92845,4.37101,Schiedam,Bilinmiyor,1
41620,Laan van Westroijen 12,Greenflux,51.899362859371,5.4362744092941,Tiel,Bilinmiyor,2
41618,Waalhaven Oostzijde 85,EVBox,51.88598,4.45673,Rotterdam,Bilinmiyor,1
41617,Burgemeester van Lidth de Jeudelaan 3,Ecotap,51.882912,5.424358,Tiel,Bilinmiyor,2
41616,Veren Ambachtseweg,ThePluginCompany (Belgium),51.864378,4.55731,Ridderkerk,Bilinmiyor,2
41615,Veren Ambachtseweg,ThePluginCompany (Belgium),51.862436,4.558123,Ridderkerk,Bilinmiyor,2
41610,Gantelweg 5,EVBox,51.82732,4.73077,Papendrecht,Bilinmiyor,1
41608,Driehuizerweg 285,Shell Recharge Solutions (BE),51.8182871,5.8709019,Nijmegen,Bilinmiyor,2
41607,Burgemeester de Raadtsingel,Shell Recharge Solutions (BE),51.8079209,4.66926109999997,Dordrecht,Bilinmiyor,2
41603,Venusstraat 2,Ecotap,51.767013,5.508709,Oss,Bilinmiyor,2
41602,Heesterseweg 15,Ecotap,51.735582,5.468997,Oss,Bilinmiyor,2
41601,Steurweg 12,Shell Recharge Solutions (BE),51.7140007019043,4.88076019287109,Geertruidenberg,Bilinmiyor,1
41597,Noordstraat 5,EVBox,51.62042,5.71252,Boekel,Bilinmiyor,1
41596,Brugstraat 7,Shell Recharge Solutions (BE),51.6140954,4.4427163,Halderberge,Bilinmiyor,1
41595,Marshallweg 4,Ecotap,51.60771,5.513903,Veghel,Bilinmiyor,2
41594,Kapitein Hatterasstraat 23-01,EVBox,51.56976,5.10899,Tilburg,Bilinmiyor,1
41592,Elvis Presleylaan 145,Shell Recharge Solutions (BE),51.4871609,3.8928487,Goes,Bilinmiyor,1
41591,Oosterhavenweg 14,Bilinmiyor,51.449326753365,3.6013805866241,Vlissingen,Bilinmiyor,1
41590,High Tech Campus,EVBox,51.40865,5.4592,Eindhoven,Bilinmiyor,1
41589,Sneppendijk 29,EVBox,51.30702,5.62279,Cranendonck,Bilinmiyor,1
41585,Minderbroederssingel 38,EVnetNL,51.191266,5.985048,Roermond,Bilinmiyor,2
41571,Cauberg,Bilinmiyor,50.85956,5.82323,Valkenburg aan de Geul,Bilinmiyor,1
41569,Wim Duisenbergplantsoen 43,ThePluginCompany (Belgium),50.8415,5.704189,Maastricht,Bilinmiyor,1
40874,Kraaiheide 17a,EVBox,53.10386,6.12869,Smallingerland,Bilinmiyor,1
40873,Waterranonkel 26,Shell Recharge Solutions (BE),52.943302154541,5.92197322845459,Heerenveen,Bilinmiyor,1
40872,Langeweide,EVBox,52.44835,4.80253,Zaanstad,Bilinmiyor,1
40869,Regisseurstraat 5 Regisseurgarage,EVBox,52.37336,5.2222,Almere,Public - Membership Required,1
40852,Boulevard,EVBox,52.2067475824065,4.39497692315672,Katwijk,Bilinmiyor,1
40851,Boulevard Zeezijde 15,EVBox,52.2056430054883,4.39403278558348,Katwijk,Bilinmiyor,1
40850,Boulevard Zeezijde 21,EVBox,52.203933487078,4.39235908715818,Katwijk,Bilinmiyor,1
40844,Rhijngeesterstraatweg 2,Shell Recharge Solutions (BE),52.1773164,4.46335880000004,Oegstgeest,Bilinmiyor,2
40843,Het Buitenwater 51,Shell Recharge Solutions (BE),52.1740921,4.4482943,Katwijk,Bilinmiyor,1
40830,Appelgaarde,Alfen,52.09059,4.369721,Leidschendam-Voorburg,Bilinmiyor,1
40829,Bordewijklaan 18,Shell Recharge Solutions (BE),52.0897369384766,4.36578178405762,Den Haag,Bilinmiyor,2
40824,Nieuwstraat 24B,Alfen,52.078513,4.396117,Leidschendam-Voorburg,Bilinmiyor,1
40821,Jacques Urlusstraat 47,Alfen,52.061651,4.235214,Den Haag,Bilinmiyor,1
40806,Jan Romeinstraat 16,Bilinmiyor,51.469745,5.461052,Eindhoven,Bilinmiyor,1
40797,Limburglaan 10,ChargePoint,50.839713,5.702423,Maastricht,Bilinmiyor,2
40796,Limburglaan,ChargePoint,50.838018,5.70287,Maastricht,Bilinmiyor,2
39159,Burgemeester van den Wormstraat 8,Stadtwerke Clausthal-Zellerfeld,53.478088,6.162978,Schiermonnikoog,Bilinmiyor,1
39154,Verdekspad,EVnetNL,53.443334,5.768034,Ameland,Bilinmiyor,1
39153,Jan Jacobsweg,EVnetNL,53.441401,5.634636,Ameland,Bilinmiyor,1
39148,Zeedijk,EVnetNL,53.410357,6.195833,De Marne,Bilinmiyor,2
39147,Schoolstraat,Shell Recharge Solutions (BE),53.4090003967285,6.67257022857666,Eemsmond,Bilinmiyor,1
39145,Heereweg 1,EVnetNL,53.383714,5.284476,Terschelling,Bilinmiyor,1
39143,Lutineweg 5,EVnetNL,53.365775,5.212879,Terschelling,Bilinmiyor,1
39142,Duindoornstraat 4,EVnetNL,53.361841,5.215042,Terschelling,Bilinmiyor,1
39141,Nijverheidsweg,EVnetNL,53.361341,6.373503,De Marne,Bilinmiyor,2
39139,Winterpeil 5,Shell Recharge Solutions (BE),53.3386576,6.914856,Delfzijl,Bilinmiyor,1
39138,Hegebeintumerdyk 4,EVnetNL,53.337289,5.823695,Ferwerderadiel,Bilinmiyor,2
39137,Molenweg,EVnetNL,53.33352,6.745833,Loppersum,Bilinmiyor,2
39136,Landstraat,EVnetNL,53.333005,6.923916,Delfzijl,Bilinmiyor,2
39135,Borgweg 2,EVnetNL,53.330327,6.519412,Winsum,Bilinmiyor,2
39133,Harddraversdijk 1,Stadtwerke Clausthal-Zellerfeld,53.326048,6.003375,Dongeradeel,Bilinmiyor,1
39131,Farmsumerweg 25,Bilinmiyor,53.320396267773,6.8703992664814,Appingedam,Bilinmiyor,2
39130,Overdiep 6,EVnetNL,53.31888,6.859953,Appingedam,Bilinmiyor,2
39129,Ljouwerterdyk 9,Shell Recharge Solutions (BE),53.3102340698242,5.78576421737671,Ferwerderadiel,Bilinmiyor,1
39128,Gedempte Haven 49,Shell Recharge Solutions (BE),53.3063735961914,5.78188848495483,Ferwerderadiel,Bilinmiyor,1
39127,Sportlaan,EVnetNL,53.304624,6.589902,Bedum,Bilinmiyor,1
39125,St Annerweg,Shell Recharge Solutions (BE),53.3014385,6.61076500000002,Bedum,Bilinmiyor,1
39124,Boereglop 4,EVnetNL,53.296696,5.069965,Vlieland,Bilinmiyor,1
39123,Schoolstraat,EVnetNL,53.29577,5.877203,Ferwerderadiel,Bilinmiyor,2
39122,De Stuw 17,EVnetNL,53.292291,6.539054,Winsum,Bilinmiyor,2
39121,Hynsteblom 1,EVnetNL,53.290561,5.994715,Dantumadiel,Bilinmiyor,1
39120,Willem Lodewijkstraat,EVnetNL,53.282151,6.147881,Kollumerland c.a.,Bilinmiyor,2
39119,Van Harenstraat,EVnetNL,53.277023,5.662162,het Bildt,Bilinmiyor,2
39118,Hendrik Westerstraat 13,EVnetNL,53.275458,6.692154,Ten Boer,Bilinmiyor,1
39117,Seestjer 3B,Shell Recharge Solutions (BE),53.2666320800781,5.74714374542236,Leeuwarderadeel,Bilinmiyor,1
39116,Kievitsweg 13,EVBox,53.26425,6.30702,Zuidhorn,Bilinmiyor,1
39115,Lege Hearewei 10F,EVnetNL,53.263046,5.758984,Leeuwarderadeel,Bilinmiyor,2
39113,Ljipstrjitte,EVnetNL,53.260619,5.758317,Leeuwarderadeel,Bilinmiyor,1
39112,Stationsstraat,Bilinmiyor,53.259888057636,6.311377286911,Zuidhorn,Bilinmiyor,2
39111,Stationsstraat 19,EVnetNL,53.255884,6.142536,Achtkarspelen,Bilinmiyor,2
39110,Badhúswei 1,EVnetNL,53.254856,6.04071,Dantumadiel,Bilinmiyor,1
39109,Groningerweg,Greenflux,53.254392426634,6.5786325931549,Groningen,Bilinmiyor,2
39108,Voorstraat 28A,EVnetNL,53.253731,6.142723,Achtkarspelen,Bilinmiyor,2
39107,Groningerweg,Ecotap,53.251275,6.5787183,Groningen,Bilinmiyor,2
39105,Hooiweg,EVnetNL,53.248827,6.405603,Zuidhorn,Bilinmiyor,2
39104,Zernikelaan 16,Bilinmiyor,53.246695752007,6.5281963348389,Groningen,Bilinmiyor,4
39103,Zeewinde 5,EVnetNL,53.246369,6.572463,Groningen,Bilinmiyor,1
39101,De Seize 5,Shell Recharge Solutions (BE),53.2383185,5.64189999999996,Menameradiel,Bilinmiyor,1
39100,Kleasterdyk 28,Shell Recharge Solutions (BE),53.2359123229981,5.62558650970459,Menameradiel,Bilinmiyor,1
39097,Pleiadenlaan,EVBox,53.22971,6.54501,Groningen,Bilinmiyor,1
39096,Johan Ellenbergerstraat 27,EVnetNL,53.228641,6.512167,Groningen,Bilinmiyor,1
39095,Bloemsingel,Shell Recharge Solutions (BE),53.224552154541,6.56755924224854,Groningen,Bilinmiyor,1
39094,Koldingweg 30,Shell Recharge Solutions (BE),53.2221069335938,6.61268138885498,Groningen,Bilinmiyor,1
39093,Ossenmarkt 4a,Shell Recharge Solutions (BE),53.2220687866211,6.56254959106445,Groningen,Bilinmiyor,1
39092,Koldingweg 14,EVBox,53.22015,6.60628,Groningen,Bilinmiyor,1
39090,Hoofdweg 10A,EVnetNL,53.219472,6.806738,Slochteren,Bilinmiyor,2
39089,Rijksstraatweg 5B,EVnetNL,53.218561,5.935042,Tytsjerksteradiel,Bilinmiyor,2
39087,Pelsterdwarsstraat 11,Shell Recharge Solutions (BE),53.2168886,6.5654918,Groningen,Bilinmiyor,1
39086,Aweg 11a,EVnetNL,53.216073,6.556273,Groningen,Bilinmiyor,1
39085,Rademarkt 25,Shell Recharge Solutions (BE),53.2151641845703,6.57180833816528,Groningen,Bilinmiyor,1
39084,Westerhaven 32,Shell Recharge Solutions (BE),53.2147483825684,6.55660152435303,Groningen,Bilinmiyor,1
39083,Kleine Raamstraat 16,Shell Recharge Solutions (BE),53.2143707275391,6.56792879104614,Groningen,Bilinmiyor,1
39082,Kalmarweg 16-1,EVnetNL,53.213798,6.617677,Groningen,Bilinmiyor,1
39081,Palmslag 85,EVnetNL,53.213635,6.577701,Groningen,Bilinmiyor,1
39080,De Schalck 1,EVnetNL,53.213335,6.278196,Grootegast,Bilinmiyor,1
39079,Verlengde Bremenweg,Bilinmiyor,53.212187740587,6.6157111153007,Groningen,Bilinmiyor,1
39076,Joachim Altinghstraat 5,EVnetNL,53.211024,6.579463,Groningen,Bilinmiyor,1
39075,Cuxhavenweg 8,Stadtwerke Clausthal-Zellerfeld,53.210196346363,6.6230204701424,Groningen,Bilinmiyor,2
39074,Weg der Verenigde Naties,EVBox,53.21012,6.58686,Groningen,Bilinmiyor,1
39073,Cuxhavenweg 3,Shell Recharge Solutions (BE),53.2097587585449,6.62202453613281,Groningen,Bilinmiyor,2
39071,Herningweg,Bilinmiyor,53.209208445553,6.5936851501465,Groningen,Bilinmiyor,4
39068,Spanjaardslaan 99a,EVnetNL,53.20722,5.78914,Leeuwarden,Bilinmiyor,1
39067,Boumaboulevard 115,Shell Recharge Solutions (BE),53.2067947387695,6.59305572509766,Groningen,Bilinmiyor,1
39065,Hoeksterpad,Ecotap,53.205965,5.802167,Leeuwarden,Bilinmiyor,2
39063,Europapad,Shell Recharge Solutions (BE),53.2052700390477,6.58609199523926,Groningen,Bilinmiyor,1
39061,Leonard Springerlaan,EVBox,53.20336,6.55503,Groningen,Bilinmiyor,1
39060,Oldehoofsterkerkhof,EVnetNL,53.202734,5.790615,Leeuwarden,Bilinmiyor,1
39059,Anne Wadmanwei 2,EVBox,53.20214,5.76306,Leeuwarden,Bilinmiyor,1
39057,Fryslanplein,EVnetNL,53.200817,5.770395,Leeuwarden,Bilinmiyor,1
39056,Orionweg 26k,Shell Recharge Solutions (BE),53.2005004882812,5.84575986862183,Leeuwarden,Bilinmiyor,1
39055,Potmargewal,Stadtwerke Clausthal-Zellerfeld,53.198914,5.798288,Leeuwarden,Bilinmiyor,1
39054,Eemsgolaan 1,Shell Recharge Solutions (BE),53.1987991333008,6.52355337142944,Groningen,Bilinmiyor,1
39053,Willemskade 60,EVnetNL,53.198589,5.79269,Leeuwarden,Bilinmiyor,1
39051,Posthoornsteeg 40,Ecotap,53.197993,5.798178,Leeuwarden,Bilinmiyor,2
39050,Helperplein,EVnetNL,53.19782,6.578144,Groningen,Bilinmiyor,1
39048,Rouaanstraat 33,Shell Recharge Solutions (BE),53.1972732543945,6.60784721374512,Groningen,Bilinmiyor,2
39047,Zuidersingel,EVBox,53.19716,5.78766,Leeuwarden,Bilinmiyor,1
39046,Multatulistraat 174,EVnetNL,53.195178,6.565186,Groningen,Bilinmiyor,1
39045,Laan Corpus den Hoorn 108,Essent (NL),53.193638,6.55637,Groningen,Bilinmiyor,1
39044,Alddyk 2,EVnetNL,53.193624,5.642338,Menameradiel,Bilinmiyor,2
39043,Tijnjedijk 91,Shell Recharge Solutions (BE),53.1931114196777,5.82223129272461,Leeuwarden,Bilinmiyor,1
39042,Zuiderkruisweg,EVBox,53.1938,5.84415,Leeuwarden,Bilinmiyor,1
39039,Korte Lijnbaan 25,EVBox,53.18985,5.43659,Harlingen,Bilinmiyor,1
39036,Raadhuisweg,EVnetNL,53.189283,5.98978,Tytsjerksteradiel,Bilinmiyor,2
39035,Morseweg,EVBox,53.1873161826711,5.75578451156616,Leeuwarden,Bilinmiyor,1
39034,Potklei 8,EVBox,53.18657,6.37576,Leek,Bilinmiyor,1
39033,Hissemar 22,Shell Recharge Solutions (BE),53.1861228942871,5.83882761001587,Leeuwarden,Bilinmiyor,1
39032,Harlingerweg 54,Shell Recharge Solutions (BE),53.1853065490723,5.52363634109497,Franekeradeel,Bilinmiyor,1
39030,Wiardaplantage 19k,Bilinmiyor,53.183908821662,5.8222496509552,Leeuwarden,Bilinmiyor,2
39029,De Hoogte 1,EVBox,53.18277,6.37097,Leek,Bilinmiyor,1
39028,Gedempte Vaart 4B,EVBox,53.18243,6.16258,Achtkarspelen,Bilinmiyor,1
39027,Vliet 116,EVBox,53.18171,5.53668,Franekeradeel,Bilinmiyor,1
39026,Jan Binneslaan,Bilinmiyor,53.181005922271,6.1629089713097,Achtkarspelen,Bilinmiyor,2
39025,Vuurtorenweg 189 / Cocksdorp / Texel,TOTAL Nl PlugToDrive,53.180913,4.854573,Texel,Public,2
39022,Koningsweg 3,EVBox,53.17585,5.44424,Harlingen,Bilinmiyor,1
39021,Snakkerbuorren 3,EVnetNL,53.174786,6.057027,Tytsjerksteradiel,Bilinmiyor,1
39020,Nieuwe Stationsweg,EVnetNL,53.173971,6.617921,Haren,Bilinmiyor,1
39019,Vondellaan,EVnetNL,53.173595,6.601329,Haren,Bilinmiyor,1
39018,Zuiderhaven 300,EVnetNL,53.171637,5.418207,Harlingen,Bilinmiyor,2
39015,Euroweg 15,EVnetNL,53.165319,6.380508,Leek,Bilinmiyor,1
39013,Ljippenstâl 35,Bilinmiyor,53.165,5.966,Tytsjerksteradiel,Bilinmiyor,1
39012,Tolberterstraat 41,EVnetNL,53.164585,6.388122,Leek,Bilinmiyor,1
39011,Krimweg,EVnetNL,53.161679,4.823065,Texel,Bilinmiyor,2
39010,Schimmelpennincklaan 12,Shell Recharge Solutions (BE),53.1610527038574,6.76233196258545,Hoogezand-Sappemeer,Bilinmiyor,1
39008,Molenlaan 3,EVnetNL,53.154733,4.869969,Texel,Bilinmiyor,2
39006,Roggeslootweg,Shell Recharge Solutions (BE),53.1520576477051,4.85798263549805,Texel,Bilinmiyor,1
39005,Hoofdstraat 21K-116,EVnetNL,53.148955,6.495447,Noordenveld,Bilinmiyor,2
39004,Molenstraat 45,EVnetNL,53.146209,6.266721,Marum,Bilinmiyor,2
39003,Vincent van Goghlaan 12,EVnetNL,53.145428,7.041569,Oldambt,Bilinmiyor,1
39002,Skildyk 10-208,Shell Recharge Solutions (BE),53.1451988220215,5.74159049987793,Littenseradiel,Bilinmiyor,1
38999,Heerestraat,EVnetNL,53.139576,6.429888,Noordenveld,Bilinmiyor,2
38998,Baerderdyk 12,Shell Recharge Solutions (BE),53.1362357548603,5.65250649140171,Littenseradiel,Bilinmiyor,1
38997,Kerkstraat 2,EVnetNL,53.135509,6.868488,Menterwolde,Bilinmiyor,1
38996,Hoofdweg 74,EVnetNL,53.133239,6.56402,Tynaarlo,Bilinmiyor,2
38995,Zanddijk,EVnetNL,53.130825,4.816832,Texel,Bilinmiyor,2
38994,Wiidswei 32,Stadtwerke Clausthal-Zellerfeld,53.129639,5.938114,Tytsjerksteradiel,Bilinmiyor,1
38993,Machlaan,EVnetNL,53.129399,6.587049,Tynaarlo,Bilinmiyor,2
38992,Wiidswei 36B,EVnetNL,53.129184,5.93759,Tytsjerksteradiel,Bilinmiyor,2
38989,Loswal 3,EVnetNL,53.109644,6.078581,Smallingerland,Bilinmiyor,2
38988,Oude Nering,EVnetNL,53.108878,6.094331,Smallingerland,Bilinmiyor,2
38987,Van Beresteynstraat 4,EVnetNL,53.107004,6.878426,Veendam,Bilinmiyor,2
38986,Sybren de Vlasstrjitte 3,Shell Recharge Solutions (BE),53.1065406799316,5.59219312667847,Littenseradiel,Bilinmiyor,1
38985,Tussendiepen 53-2,EVBox,53.10594,6.06681,Smallingerland,Bilinmiyor,1
38984,De Zwaaikom 20,Shell Recharge Solutions (BE),53.104221,6.89451099999997,Veendam,Bilinmiyor,1
38983,Parallelweg 6,EVnetNL,53.104048,6.884903,Veendam,Bilinmiyor,2
38981,Raadhuislaan 19,EVnetNL,53.103792,7.008408,Pekela,Bilinmiyor,2
38980,Aquapark 7,EVBox,53.10372,6.86608,Veendam,Bilinmiyor,1
38979,Kiryat-Onoplein,EVnetNL,53.102208,6.096267,Smallingerland,Bilinmiyor,2
38977,Hoofdweg 28,EVnetNL,53.101094,7.145793,Bellingwedde,Bilinmiyor,1
38976,Stappeland 112,Shell Recharge Solutions (BE),53.0994061,4.7725392,Texel,Bilinmiyor,1
38975,Mouneplein 5,EVnetNL,53.099344,5.469949,Súdwest-Fryslân,Bilinmiyor,1
38974,Routiers Zürich ,Allego BV,53.0990982055664,5.38401985168457,Zurich,Public - Membership Required,1
38973,Nikadel 75,TOTAL Nl PlugToDrive,53.09810181032674,4.7650544596936015,Texel,Bilinmiyor,2
38972,Fahrenheitlaan 10-TR01,Shell Recharge Solutions (BE),53.0979804992676,6.12832307815552,Opsterland,Bilinmiyor,2
38971,Biensma 32,EVBox,53.09488,5.823,Leeuwarden,Bilinmiyor,1
38970,Sportlaan 7,EVnetNL,53.093163,6.088194,Smallingerland,Bilinmiyor,2
38969,Bosrandweg,EVBox,53.09088,4.76465,Texel,Bilinmiyor,1
38967,Stationsweg,EVnetNL,53.090387,6.669892,Tynaarlo,Bilinmiyor,2
38965,E,EVBox,53.08678,6.67314,Tynaarlo,Bilinmiyor,1
38964,Bijenkorfweg,EVnetNL,53.085319,4.874545,Texel,Bilinmiyor,2
38963,Ruijslaan,EVnetNL,53.080779,4.74004,Texel,Bilinmiyor,2
38962,Brink 1,EVnetNL,53.080344,6.256541,Opsterland,Bilinmiyor,1
38961,Ruijslaan,EVnetNL,53.078744,4.745579,Texel,Bilinmiyor,2
38960,Rijksweg 155,EVBox,53.07505,5.79576,Leeuwarden,Bilinmiyor,1
38959,Polderweg 19,Shell Recharge Solutions (BE),53.0748023986816,4.82026290893555,Texel,Bilinmiyor,1
38958,Nieuwe Rijksweg,EVnetNL,53.074142,6.577621,Tynaarlo,Bilinmiyor,2
38956,Leeksterweg 29,Shell Recharge Solutions (BE),53.0677121,6.3313801,Ooststellingwerf,Bilinmiyor,1
38955,Brink 4A,EVnetNL,53.066734,6.461061,Noordenveld,Bilinmiyor,2
38954,Jongemastraat,EVnetNL,53.062177,5.523331,Súdwest-Fryslân,Bilinmiyor,2
38953,Hoofdstraat 83,EVnetNL,53.059487,6.080994,Opsterland,Bilinmiyor,1
38952,Bernhardlaan 168,TOTAL Nl PlugToDrive,53.05897,4.79902,Den Burg,Public,4
38951,Lieuwkemastraat,EVnetNL,53.058507,5.401894,Súdwest-Fryslân,Bilinmiyor,2
38950,Waalderstraat 47,EVnetNL,53.056888,4.798067,Texel,Bilinmiyor,2
38949,Vogelenzang 10,EVnetNL,53.055578,4.79502,Texel,Bilinmiyor,2
38948,Wilhelminalaan 32A,EVnetNL,53.054448,4.802442,Texel,Bilinmiyor,2
38947,Vismarkt 3,Shell Recharge Solutions (BE),53.0542755126953,4.79706764221191,Texel,Bilinmiyor,1
38946,Elemert,EVnetNL,53.05242,4.796981,Texel,Bilinmiyor,2
38945,Emmalaan 16,EVnetNL,53.051075,4.801986,Texel,Bilinmiyor,2
38944,Emmalaan,EVnetNL,53.050295,4.796535,Texel,Bilinmiyor,2
38943,Buorren 16,EVnetNL,53.048895,5.836281,Heerenveen,Bilinmiyor,2
38942,Oosterom 5,Bilinmiyor,53.047888904892,5.6640261411667,Súdwest-Fryslân,Bilinmiyor,2
38941,Middelzeelaan 1a,EVnetNL,53.039029,5.676967,Súdwest-Fryslân,Bilinmiyor,1
38940,Jan Ayeslag,EVnetNL,53.038665,4.715664,Texel,Bilinmiyor,2
38939,De Ruyterstraat 8,EVnetNL,53.037809,4.849429,Texel,Bilinmiyor,2
38938,Klompenmakersstraat 10,Shell Recharge Solutions (BE),53.0368003845215,5.63068437576294,Súdwest-Fryslân,Bilinmiyor,1
38935,Binnenwei 85,Shell Recharge Solutions (BE),53.0359336,6.1475097,Opsterland,Bilinmiyor,1
38934,Bolswarderbaan 3,EVBox,53.03517,5.64363,Súdwest-Fryslân,Bilinmiyor,1
38933,Hoofden 64,Shell Recharge Solutions (BE),53.0351587713802,5.68841432285944,Súdwest-Fryslân,Bilinmiyor,1
38932,Leeuwarderkade,EVnetNL,53.034926,5.666251,Súdwest-Fryslân,Bilinmiyor,1
38931,Sint Antoniusplein 34,EVnetNL,53.034101,5.65562,Súdwest-Fryslân,Bilinmiyor,1
38929,Hemdijk 35,EVBox,53.03356,5.64604,Súdwest-Fryslân,Bilinmiyor,1
38928,1e Oppenhuizerdwarsstraat,EVnetNL,53.031844,5.667454,Súdwest-Fryslân,Bilinmiyor,1
38926,Duitslandlaan 5,EVnetNL,53.02675,6.577111,Assen,Bilinmiyor,1
38925,Herenstraat 2,EVnetNL,53.025879,4.752094,Texel,Bilinmiyor,2
38924,Amerikaweg 16,EVnetNL,53.025569,6.565575,Assen,Bilinmiyor,2
38922,Amerikaweg 22,EVBox,53.02356,6.5598,Assen,Bilinmiyor,1
38921,Portugallaan 10,EVBox,53.02348,6.57669,Assen,Bilinmiyor,1
38919,Visserwei 33,Essent (NL),53.017786,6.053207,Opsterland,Bilinmiyor,1
38918,Burgemeester Rasterhofflaan,Stadtwerke Clausthal-Zellerfeld,53.01721009357,5.6819620728493,Súdwest-Fryslân,Bilinmiyor,1
38915,Koperslagerstraat 5,EVBox,53.00885,6.59031,Assen,Bilinmiyor,1
38914,Willem Lodewijkstraat 33,Stadtwerke Clausthal-Zellerfeld,53.008591,7.189636,Vlagtwedde,Bilinmiyor,1
38913,Industrieweg,Shell Recharge Solutions (BE),53.0073738098144,6.57107734680176,Assen,Bilinmiyor,1
38912,Wenkebachstraat 10,Bilinmiyor,53.004396603085,6.5811002254486,Assen,Public,1
38910,Gieterveldweg,EVnetNL,53.001877,6.750736,Aa en Hunze,Bilinmiyor,1
38909,Schoolstraat 7-01,EVnetNL,53.001572,6.064436,Opsterland,Bilinmiyor,1
38908,Aengwirderweg 318,EVnetNL,53.00086,5.951435,Heerenveen,Bilinmiyor,1
38907,Verlengde Asserstraat 83,Stadtwerke Clausthal-Zellerfeld,53.000249,6.747325,Aa en Hunze,Bilinmiyor,1
38906,Nijlandstraat 51,EVnetNL,52.998425,6.569474,Assen,Bilinmiyor,2
38905,Baken 36,Shell Recharge Solutions (BE),52.9982872009277,6.94688320159912,Stadskanaal,Bilinmiyor,1
38904,Apollopad 72,EVnetNL,52.997848,6.559302,Assen,Bilinmiyor,2
38903,Balkendwarsweg 4,EVBox,52.99578,6.52292,Assen,Bilinmiyor,1
38902,Balkengracht 4,EVnetNL,52.995027,6.528939,Assen,Bilinmiyor,2
38901,Transportweg 8B,Stadtwerke Clausthal-Zellerfeld,52.992974220918,6.5196347236633,Assen,Bilinmiyor,2
38899,Lilienthalplein 19A,EVnetNL,52.989756,6.951755,Stadskanaal,Bilinmiyor,1
38898,Broeklaan 50,Shell Recharge Solutions (BE),52.9890624,6.54487410000002,Assen,Bilinmiyor,1
38896,Veenkampen,EVBox,52.98527,6.535,Assen,Bilinmiyor,1
38891,Rijksweg,EVBox,52.98252,5.94921,Heerenveen,Bilinmiyor,1
38890,Tinnegieter 20,EVBox,52.98251,6.97779,Stadskanaal,Bilinmiyor,1
38889,Ruiten A kanaal Oost III 4,Shell Recharge Solutions (BE),52.9805793,7.1653335,Vlagtwedde,Bilinmiyor,1
38888,Begine 25,EVnetNL,52.979769,5.444774,Súdwest-Fryslân,Bilinmiyor,2
38887,Skroef 54,Shell Recharge Solutions (BE),52.9774475097656,5.80523920059204,De Fryske Marren,Bilinmiyor,1
38886,Pluto 3,EVBox,52.97649,5.93729,Heerenveen,Bilinmiyor,1
38884,Venus,EVBox,52.9746,5.93075,Heerenveen,Bilinmiyor,1
38883,Korenmaat 1,Bilinmiyor,52.97275,6.556387,Assen,Bilinmiyor,2
38882,Aliehoeve 44,EVnetNL,52.972186,5.815965,De Fryske Marren,Bilinmiyor,2
38881,Mercurius,EVBox,52.97072,5.92667,Heerenveen,Bilinmiyor,1
38880,Aukebaes 40,EVBox,52.96987,5.80203,De Fryske Marren,Bilinmiyor,1
38877,Harinxmastrjitte 18,EVnetNL,52.966953,5.604661,Súdwest-Fryslân,Bilinmiyor,2
38876,Veldweg 22-700,EVBox,52.96631,6.67531,Aa en Hunze,Bilinmiyor,1
38874,Beurtschip 35,Bilinmiyor,52.96372029603,5.9042902374267,Heerenveen,Bilinmiyor,1
38873,Yndustrywei 1,EVBox,52.96263,5.81427,De Fryske Marren,Bilinmiyor,1
38872,Paleiskade 74,EVnetNL,52.962155,4.777309,Den Helder,Bilinmiyor,2
38871,K R Poststraat 3,EVnetNL,52.962098,5.920748,Heerenveen,Bilinmiyor,2
38869,De Haar 9,Ecotap,52.9612333,6.5236283,Assen,Bilinmiyor,2
38868,Jutte 15,EVnetNL,52.960578,5.914423,Heerenveen,Bilinmiyor,1
38867,Pasteurweg 14,Shell Recharge Solutions (BE),52.9598197937012,5.77998781204224,De Fryske Marren,Bilinmiyor,1
38866,Anewiel 4,EVBox,52.95966,5.83624,De Fryske Marren,Bilinmiyor,1
38865,Gashoudersplein,EVnetNL,52.958904,5.927186,Heerenveen,Bilinmiyor,2
38864,Jousterweg 178,Shell Recharge Solutions (BE),52.9588470458984,5.88646268844604,De Fryske Marren,Bilinmiyor,1
38861,Schoterlandseweg 41,EVBox,52.94983,6.0546,Heerenveen,Bilinmiyor,1
38860,Veenhoopsweg,EVnetNL,52.94825,6.44449,Midden-Drenthe,Bilinmiyor,2
38858,Op 'e Romte 18,EVnetNL,52.944025,5.627864,Súdwest-Fryslân,Bilinmiyor,1
38856,Heidemeer 6,EVBox,52.93629,5.93718,Heerenveen,Bilinmiyor,1
38855,Jan Verfailleweg 5,EVnetNL,52.935066,4.732897,Den Helder,Bilinmiyor,2
38852,Industrieweg 11,EVBox,52.93173,5.94929,Heerenveen,Bilinmiyor,1
38850,Robbenoordstraat 7a,EVBox,52.93155,5.0325,Hollands Kroon,Bilinmiyor,1
38849,Industrieweg 11,EVBox,52.93133,5.94999,Heerenveen,Bilinmiyor,1
38848,Marktstraat 74T,EVnetNL,52.930116,7.015363,Stadskanaal,Bilinmiyor,2
38846,Hoofdstraat 23,Shell Recharge Solutions (BE),52.9248313903809,6.79195213317871,Borger-Odoorn,Bilinmiyor,2
38845,Nieuweweg 42,Shell Recharge Solutions (BE),52.919548034668,5.46121883392334,Súdwest-Fryslân,Bilinmiyor,1
38843,Verkeerstorenweg 3,EVBox,52.91592,4.7905,Den Helder,Bilinmiyor,1
38841,Swarte Liester 19,Shell Recharge Solutions (BE),52.9109153747559,4.97220420837402,Hollands Kroon,Bilinmiyor,1
38840,Zanddijk,EVnetNL,52.906385,4.719545,Den Helder,Bilinmiyor,2
38839,Keamerlânswei 4,Shell Recharge Solutions (BE),52.9034843444824,5.56652212142944,De Fryske Marren,Bilinmiyor,1
38838,F.D. Hoekstraplein 1,EVnetNL,52.898935,5.580233,De Fryske Marren,Bilinmiyor,2
38837,Eigen Haard 41,EVBox,52.89845,5.56904,De Fryske Marren,Bilinmiyor,1
38836,Zanddijk,EVnetNL,52.896286,4.718368,Den Helder,Bilinmiyor,2
38835,Westeinde,EVnetNL,52.895045,6.498177,Midden-Drenthe,Bilinmiyor,2
38834,Benjamin Steegengastrjitte 10,EVBox,52.89323,5.59189,De Fryske Marren,Bilinmiyor,1
38832,Rotanstraat,EVnetNL,52.890943,6.142994,Weststellingwerf,Bilinmiyor,2
38831,Stadburen,Shell Recharge Solutions (BE),52.8895170820856,5.96786871145014,Weststellingwerf,Bilinmiyor,1
38830,Stationsweg,EVnetNL,52.886486,5.359413,Súdwest-Fryslân,Bilinmiyor,2
38829,Tinweg 4,Shell Recharge Solutions (BE),52.882840163078,5.98588498332822,Weststellingwerf,Bilinmiyor,1
38828,Callantsogervaart 3,EVBox,52.8827,4.72455,Den Helder,Bilinmiyor,1
38827,Atalanta,Shell Recharge Solutions (BE),52.8797836303711,6.02209615707397,Weststellingwerf,Bilinmiyor,1
38825,Griffioenpark 4,EVnetNL,52.876557,6.005841,Weststellingwerf,Bilinmiyor,2
38824,Boslaan 6,EVnetNL,52.876104,7.076687,Vlagtwedde,Bilinmiyor,2
38823,Zevenhoeksweg 14,Shell Recharge Solutions (BE),52.8719291687012,6.58349084854126,Midden-Drenthe,Bilinmiyor,1
38821,Ossebroeken 26,Bilinmiyor,52.862895003357,6.4938995987177,Midden-Drenthe,Bilinmiyor,2
38820,Burgemeester Mijnlieffstraat 2,EVnetNL,52.861108,4.833255,Hollands Kroon,Bilinmiyor,2
38819,Kampstraat 4,EVnetNL,52.860598,6.512986,Midden-Drenthe,Bilinmiyor,2
38818,Raadhuislaan,EVnetNL,52.859087007150805,6.310714602141502,Diever,Bilinmiyor,2
38817,Tramstraat,Bilinmiyor,52.856365,6.75166,Coevorden,Bilinmiyor,1
38816,Omtaplein 2,EVnetNL,52.854865,5.023729,Hollands Kroon,Bilinmiyor,1
38815,Aldebaran 36,Shell Recharge Solutions (BE),52.8517150878906,5.70415925979614,De Fryske Marren,Bilinmiyor,1
38814,Burgemeester Gualthérie van Weezelplein 15,EVnetNL,52.850947,6.6059,Midden-Drenthe,Bilinmiyor,2
38810,Lindedijk 3,EVnetNL,52.836357,5.934999,Weststellingwerf,Bilinmiyor,2
38808,Zuidrak,EVBox,52.83365,5.01369,Hollands Kroon,Bilinmiyor,1
38807,A28,EVBox,52.81706,6.46218,Midden-Drenthe,Bilinmiyor,1
38806,Havenkade 26,Shell Recharge Solutions (BE),52.8148651123047,4.99804878234863,Hollands Kroon,Bilinmiyor,1
38805,Eeser Campus,Bilinmiyor,52.801289858894,6.1303335428238,Steenwijkerland,Bilinmiyor,4
38804,Oostermeentherand 8,EVnetNL,52.7978,6.129078,Steenwijkerland,Bilinmiyor,1
38803,Remmelinge 12,EVBox,52.79612,6.09165,Steenwijkerland,Bilinmiyor,1
38802,de Fok 8,Shell Recharge Solutions (BE),52.79133,4.78307799999993,Schagen,Bilinmiyor,1
38801,Tukseweg 132A,Alfen,52.7913,6.1017,Steenwijkerland,Bilinmiyor,1
38800,Lange Baan 15,Shell Recharge Solutions (BE),52.7896194458008,6.09840726852417,Steenwijkerland,Bilinmiyor,1
38799,Lange Baan 3-093,EVnetNL,52.788379,6.093646,Steenwijkerland,Bilinmiyor,2
38798,Gagelsweg,EVBox,52.78794,6.13221,Steenwijkerland,Bilinmiyor,1
38797,Steenwijkerdiep 2,EVnetNL,52.787296,6.111437,Steenwijkerland,Bilinmiyor,1
38795,Hogewal 2,EVnetNL,52.784346,6.11519,Steenwijkerland,Bilinmiyor,2
38794,Westerduinweg 3,EVBox,52.78411,4.67446,Schagen,Bilinmiyor,1
38793,Harmenkaag 9,EVnetNL,52.783551,4.810809,Schagen,Bilinmiyor,1
38792,Driestoel,EVnetNL,52.783162,6.116738,Steenwijkerland,Bilinmiyor,1
38791,Westerduinweg 3,EVBox,52.78327,4.67511,Schagen,Bilinmiyor,1
38790,Grotewallerweg,Ecotap,52.782392,4.809023,Schagen,Bilinmiyor,2
38789,Witte Paal 329,Shell Recharge Solutions (BE),52.7781982421875,4.81573009490967,Schagen,Bilinmiyor,1
38788,Green Planet Pesse,Allego BV,52.774342,6.44522,Pesse,Public - Membership Required,1
38787,Bannerschultestraat 6,EVnetNL,52.773752,6.801615,Coevorden,Bilinmiyor,1
38786,Ruiterweg 69,Bilinmiyor,52.773544999765,6.1802557840615,Westerveld,Bilinmiyor,1
38785,Bennevelderstraat 46,Shell Recharge Solutions (BE),52.773250579834,6.74977159500122,Coevorden,Bilinmiyor,1
38784,Pekelharinghaven 51,EVnetNL,52.771519,5.112847,Medemblik,Bilinmiyor,1
38783,Piet Soerplein,EVnetNL,52.771152,6.235972,Westerveld,Bilinmiyor,2
38778,Spehornerbrink 2,Shell Recharge Solutions (BE),52.7619539,6.89287339999999,Emmen,Bilinmiyor,1
38777,Cornelis Houtmanstraat,Shell Recharge Solutions (BE),52.7536087036133,6.9255051612854,Emmen,Bilinmiyor,1
38772,Weidemolen 42,EVBox,52.74568,4.89705,Hollands Kroon,Bilinmiyor,1
38771,Kleingouw 39,EVBox,52.74431,5.21268,Medemblik,Bilinmiyor,1
38770,Oosterweg 15,Shell Recharge Solutions (BE),52.7439956665039,5.25301218032837,Medemblik,Bilinmiyor,1
38769,Schoolstraat 32,EVnetNL,52.742256,4.949584,Opmeer,Bilinmiyor,1
38768,'t Skuitje 2,EVBox,52.73636,4.75474,Schagen,Bilinmiyor,1
38764,Industrieweg 68,Shell Recharge Solutions (BE),52.7313117980957,6.49205017089844,Hoogeveen,Bilinmiyor,1
38762,Burgemeester Raatlaan 1,EVnetNL,52.728367,5.151008,Medemblik,Bilinmiyor,1
38761,Raadhuisplein 1,EVnetNL,52.726286,6.475191,Hoogeveen,Bilinmiyor,2
38760,Kolffstraat 39,EVnetNL,52.725711,6.461248,Hoogeveen,Bilinmiyor,2
38759,Grote Kerkstraat,EVnetNL,52.725413,6.480437,Hoogeveen,Bilinmiyor,2
38757,Bilderdijkplein,EVnetNL,52.724714,6.476355,Hoogeveen,Bilinmiyor,2
38756,Bentincksdijk,EVnetNL,52.723925,6.492681,Hoogeveen,Bilinmiyor,1
38755,A37,EVBox,52.7238,6.88353,Emmen,Bilinmiyor,1
38754,Havelterweg,Bilinmiyor,52.722364949135,6.2476225197315,De Wolden,Bilinmiyor,2
38753,Doorbraak 8,Bilinmiyor,52.721991299981,4.7400158643723,Schagen,Bilinmiyor,1
38752,Eendrachtsplein,EVBox,52.72187,6.07844,Steenwijkerland,Bilinmiyor,1
38751,Valeriaan 3,EVnetNL,52.720711,6.438447,Hoogeveen,Bilinmiyor,2
38750,Wieder 2,EVBox,52.71928,4.74409,Schagen,Bilinmiyor,1
38749,Zuidwoldigerweg,EVnetNL,52.718801,6.463072,Hoogeveen,Bilinmiyor,2
38748,Weg om de Oost 1,e-Laad,52.718670555551,6.5178751945496,Hoogeveen,Bilinmiyor,1
38747,Laanderweg 15,Shell Recharge Solutions (BE),52.7159996032715,4.84417057037354,Heerhugowaard,Bilinmiyor,1
38746,Mandeveld 2,EVBox,52.71516,6.19963,Meppel,Bilinmiyor,1
38745,Debbemeerweg,Shell Recharge Solutions (BE),52.7145500183106,4.73482942581177,Schagen,Bilinmiyor,1
38744,Jan Gooskaai 46,EVnetNL,52.713773,5.265232,Enkhuizen,Bilinmiyor,1
38742,Faddegonstraat 64,EVnetNL,52.712269,5.758585,Noordoostpolder,Bilinmiyor,2
38741,Rivièralaan 2-TR,EVnetNL,52.711437,5.74056,Noordoostpolder,Bilinmiyor,1
38740,Duit 14,(Unknown Operator),52.711241050373,5.778266787529,Noordoostpolder,(Unknown),3
38739,Harmen Visserplein,EVnetNL,52.710286,5.746922,Noordoostpolder,Bilinmiyor,2
38737,Ecopark 38,Bilinmiyor,52.708550798865,5.787997841835,Noordoostpolder,Bilinmiyor,2
38736,Valeriaan 11,Shell Recharge Solutions (BE),52.7085431,4.80129299999999,Langedijk,Bilinmiyor,1
38735,Ecopark 42,EVBox,52.70853,5.79074,Noordoostpolder,Bilinmiyor,1
38734,Duindoornplantsoen 10,EVnetNL,52.708431,4.701703,Bergen (NH),Bilinmiyor,1
38733,Waterdrieblad 22,EVBox,52.7083,4.80573,Langedijk,Bilinmiyor,1
38732,Zuiderkade,EVnetNL,52.707403,5.757313,Noordoostpolder,Bilinmiyor,1
38730,Waterlelie 21,Bilinmiyor,52.706551918077,5.8563888072968,Noordoostpolder,Bilinmiyor,1
38729,Praam 7B,EVBox,52.70449,4.7785,Langedijk,Bilinmiyor,1
38728,Mient 32,Shell Recharge Solutions (BE),52.7037925720215,5.00811719894409,Medemblik,Bilinmiyor,1
38727,Paardenmarkt 18,EVnetNL,52.702365,4.694778,Bergen (NH),Bilinmiyor,1
38726,Nachtegalenlaan,EVnetNL,52.70177,4.704168,Bergen (NH),Bilinmiyor,1
38724,De Bloemen 34,EVBox,52.70077,6.21669,Meppel,Bilinmiyor,1
38723,Stationsplein 3,EVnetNL,52.699856,5.287478,Enkhuizen,Bilinmiyor,1
38722,Dokter Wilminkstraat 1,Bilinmiyor,52.699460840681,4.8165687918663,Langedijk,Bilinmiyor,2
38721,Binnenweg 3,EVnetNL,52.698757,6.757143,Coevorden,Bilinmiyor,1
38720,Kloosterstraat,EVnetNL,52.697902,4.810166,Langedijk,Bilinmiyor,1
38719,Blankenstein 290,Bilinmiyor,52.69786484381,6.2051850137696,Meppel,Bilinmiyor,1
38718,Flevolaan,EVBox,52.69774,5.27967,Enkhuizen,Bilinmiyor,1
38717,Grote Oever 160,EVnetNL,52.697688,6.188103,Meppel,Bilinmiyor,2
38715,Middenweg 2,EVnetNL,52.695242704086,5.2365101873875,Stede Broec,Bilinmiyor,2
38714,Wagenweg,Shell Recharge Solutions (BE),52.6945190429688,4.7704610824585,Langedijk,Bilinmiyor,1
38713,Zeppelinstraat 6,EVnetNL,52.694436,4.832321,Heerhugowaard,Bilinmiyor,2
38710,Galileistraat 61,Bilinmiyor,52.690872967492,4.8287862539291,Heerhugowaard,Bilinmiyor,2
38707,Vroedschap,Bilinmiyor,52.686784071614,4.8038202524185,Langedijk,Bilinmiyor,2
38706,Bosgroet 14,EVnetNL,52.68614,4.800877,Langedijk,Bilinmiyor,1
38704,Schaarweg 5,Shell Recharge Solutions (BE),52.6828706,5.97929729999999,Steenwijkerland,Bilinmiyor,1
38703,Duinweg 7A,ChargePoint,52.681957,4.697397,Bergen (NH),Bilinmiyor,1
38702,Ereprijs 30,Shell Recharge Solutions (BE),52.6815948486328,6.17550897598267,Meppel,Bilinmiyor,1
38701,Kaaspers 2,EVnetNL,52.680939,5.023498,Medemblik,Bilinmiyor,1
38700,Oude Hoornseweg 21,Shell Recharge Solutions (BE),52.6788940429688,5.02907752990723,Medemblik,Bilinmiyor,1
38698,Zuidlaan 15,EVBox,52.67659,4.69576,Bergen (NH),Bilinmiyor,1
38697,Dokter Lohmanstraat 21M,EVBox,52.67667,4.90112,Koggenland,Bilinmiyor,1
38696,Krusemanlaan,Shell Recharge Solutions (BE),52.6765929211493,4.86743589907223,Heerhugowaard,Bilinmiyor,1
38695,Carel Fabritiuspark,EVnetNL,52.675545,4.85829,Heerhugowaard,Bilinmiyor,2
38694,Berckheidelaan,EVnetNL,52.675016,4.85396,Heerhugowaard,Bilinmiyor,2
38691,De Corantijn 55A,Shell Recharge Solutions (BE),52.6733627319336,5.07041597366333,Hoorn,Bilinmiyor,1
38690,De Factorij 32G,Shell Recharge Solutions (BE),52.6714973449707,5.0640869140625,Hoorn,Bilinmiyor,2
38689,Binnenhof 1-TRAF,EVnetNL,52.671059,4.701813,Bergen (NH),Bilinmiyor,1
38688,De Compagnie 51-52,Shell Recharge Solutions (NL),52.6706352233887,5.05859994888306,Zwaag,Public,2
38687,Industriestraat 10,Shell Recharge Solutions (BE),52.6706199645996,4.82032251358032,Heerhugowaard,Bilinmiyor,1
38686,Dokter van Peltlaan 10,Bilinmiyor,52.670444599727,4.703776538372,Bergen (NH),Bilinmiyor,1
38685,De Compagnie 52,EVBox,52.6702,5.05879,Hoorn,Bilinmiyor,1
38684,Raadhuisplein,EVnetNL,52.670013,4.843678,Heerhugowaard,Bilinmiyor,2
38683,Stationsweg,EVnetNL,52.669851,4.825487,Heerhugowaard,Bilinmiyor,2
38682,Plein 4,EVBox,52.6697603,4.7014578,Bergen (NH),Bilinmiyor,1
38681,Kerkelaan 5,EVBox,52.66926,4.69508,Bergen (NH),Bilinmiyor,1
38680,De Factorij 65,Shell Recharge Solutions (BE),52.6682014465332,5.06302976608276,Hoorn,Bilinmiyor,1
38676,Kalbstraat 1,EVnetNL,52.665883,5.069067,Hoorn,Bilinmiyor,2
38675,Julianalaan 25,EVnetNL,52.665532,4.632156,Bergen (NH),Bilinmiyor,1
38674,De Hofstee 2,EVnetNL,52.665403,5.596563,Urk,Bilinmiyor,1
38673,Parelhof,EVnetNL,52.665265,4.824835,Heerhugowaard,Bilinmiyor,2
38672,Kogendijk 56,EVnetNL,52.664218,4.717728,Bergen (NH),Bilinmiyor,1
38671,Singel,Bilinmiyor,52.663997929601,5.6015494465828,Urk,Bilinmiyor,1
38670,J. Duikerweg 1,EVBox,52.66336,4.81557,Heerhugowaard,Bilinmiyor,1
38669,Hortensialaan,EVnetNL,52.663133,4.845062,Heerhugowaard,Bilinmiyor,2
38667,Het Roer,Bilinmiyor,52.662602174774,5.6247371435165,Urk,Bilinmiyor,2
38666,De Oude Veiling 23,EVnetNL,52.662472,5.062583,Hoorn,Bilinmiyor,2
38665,Rikkerstraat 3,EVnetNL,52.662274,6.739854,Coevorden,Bilinmiyor,1
38664,M. de Klerkweg 1,Shell Recharge Solutions (BE),52.6617543,4.8120567,Heerhugowaard,Bilinmiyor,1
38663,Westerblokker,EVnetNL,52.660978,5.088685,Hoorn,Bilinmiyor,2
38662,Gerard den Brabanderhof 59,EVnetNL,52.659932,5.099399,Hoorn,Bilinmiyor,2
38661,Handelskade 9,Bilinmiyor,52.659917905591,5.5988484621048,Urk,Bilinmiyor,1
38660,Weidemolen 6,EVBox,52.65958,4.83456,Heerhugowaard,Bilinmiyor,1
38659,Beverplein 2A,Bilinmiyor,52.659366389873,4.7886174917221,Langedijk,Bilinmiyor,2
38657,Beukenlaan 25,Bilinmiyor,52.658310518834,4.8579204082489,Heerhugowaard,Bilinmiyor,1
38655,De Huesmolen 19,EVnetNL,52.657708,5.055865,Hoorn,Bilinmiyor,2
38654,Han Hoekstrahof 97,EVnetNL,52.657015,5.104608,Hoorn,Bilinmiyor,2
38653,Nieuwe Steen 29,EVBox,52.65713,5.06335,Hoorn,Bilinmiyor,1
38652,Vliestroom 21,EVnetNL,52.655782,5.611913,Urk,Bilinmiyor,1
38651,Europaplein,EVnetNL,52.655502,4.758679,Alkmaar,Bilinmiyor,2
38650,Han Hoekstrahof 217,Shell Recharge Solutions (BE),52.6553802490234,5.10551166534424,Hoorn,Bilinmiyor,1
38648,Hunze 9,EVnetNL,52.654546,4.822332,Heerhugowaard,Bilinmiyor,2
38645,Donge 102,EVnetNL,52.653784,4.825401,Heerhugowaard,Bilinmiyor,2
38643,Breehorn 2a,Shell Recharge Solutions (BE),52.6528434753418,5.62426328659058,Urk,Bilinmiyor,1
38642,Betje Wolffplein,EVnetNL,52.65272,5.085193,Hoorn,Bilinmiyor,2
38638,Diepenbrockhof 10,EVnetNL,52.649693,5.096958,Hoorn,Bilinmiyor,2
38635,Kleine Wijzend 1,EVBox,52.64825,5.03384,Koggenland,Bilinmiyor,1
38633,Brandpunt,Stadtwerke Clausthal-Zellerfeld,52.647149,4.808556,Heerhugowaard,Bilinmiyor,1
38632,Van Dedemstraat,EVnetNL,52.646565,5.052829,Hoorn,Bilinmiyor,2
38631,Muiderwaard 416,EVnetNL,52.645705,4.749776,Alkmaar,Bilinmiyor,1
38630,Hof van Ra,EVnetNL,52.645205,4.809844,Heerhugowaard,Bilinmiyor,2
38628,De Weel 800,EVnetNL,52.644352,5.050266,Hoorn,Bilinmiyor,2
38627,Nollenbrug,EVBox,52.6413,4.78642,Alkmaar,Bilinmiyor,1
38625,Vollerswaal 60,EVBox,52.64261,5.06375,Hoorn,Bilinmiyor,1
38624,Hakstraat 11A,EVBox,52.64236,5.71656,Noordoostpolder,Bilinmiyor,1
38622,Jan van Scorelkade 72,EVnetNL,52.640105,4.730588,Alkmaar,Bilinmiyor,2
38619,Oude Doelenkade 53,Shell Recharge Solutions (BE),52.6394004821777,5.0653166770935,Hoorn,Bilinmiyor,1
38618,Havendijk,EVnetNL,52.63939,6.070349,Zwartewaterland,Bilinmiyor,2
38617,Grote Beer 5,EVnetNL,52.639388,5.036489,Hoorn,Bilinmiyor,2
38616,Koedijkerstraat 31,EVnetNL,52.639115,4.755593,Alkmaar,Bilinmiyor,2
38615,Nicolaas Beetskade 5,EVBox,52.63847,4.73748,Alkmaar,Bilinmiyor,1
38613,Pettemerstraat,EVnetNL,52.637552,4.750621,Alkmaar,Bilinmiyor,2
38607,Molenbuurt 25A,EVnetNL,52.633883,4.742648,Alkmaar,Bilinmiyor,2
38606,Koningsweg 12,EVnetNL,52.633302,4.749473,Alkmaar,Bilinmiyor,2
38605,Wethouder Ohmannstraat 5,EVBox,52.63316,6.20815,Staphorst,Bilinmiyor,1
38602,Terborchlaan,EVnetNL,52.631282,4.723241,Alkmaar,Bilinmiyor,2
38601,Auke Vosstraat 61,EVBox,52.62915,6.55124,Hardenberg,Bilinmiyor,1
38599,Schelphoek,Shell Recharge Solutions (NL),52.6272988756133,4.75366782219135,Alkmaar,Public,9
38597,Nieuwlandersingel 19,EVnetNL,52.627332,4.74861,Alkmaar,Bilinmiyor,1
38595,Herenstraat 30,EVnetNL,52.626631,6.555863,Hardenberg,Bilinmiyor,2
38593,Ursemmerweg 16,EVBox,52.62592,4.8833,Alkmaar,Bilinmiyor,1
38592,Vondelstraat 21,EVnetNL,52.625887,4.752686,Alkmaar,Bilinmiyor,2
38591,Nieuwe Schermerweg,EVnetNL,52.625633,4.773731,Alkmaar,Bilinmiyor,2
38590,Havenplein 1b,Stadtwerke Clausthal-Zellerfeld,52.623844,6.040781,Zwartewaterland,Bilinmiyor,1
38589,Nieuwpoortslaan 22,EVnetNL,52.623682,4.734877,Alkmaar,Bilinmiyor,2
38587,Scharwoude 16,Shell Recharge Solutions (BE),52.6225814819336,5.01281833648682,Koggenland,Bilinmiyor,2
38585,Schering 31,Shell Recharge Solutions (BE),52.6199035644531,6.05465650558472,Zwartewaterland,Bilinmiyor,1
38584,Wendelaarstraat 82,EVnetNL,52.61908,4.734756,Alkmaar,Bilinmiyor,2
38583,Westeinde 1,EVnetNL,52.618078,4.620862,Bergen (NH),Bilinmiyor,1
38582,Koelmalaan 69,EVnetNL,52.617957,4.767288,Alkmaar,Bilinmiyor,2
38580,West 5,Shell Recharge Solutions (BE),52.6167793273926,4.95073366165161,Koggenland,Bilinmiyor,1
38579,De Blokmat 11,EVBox,52.61563,6.05718,Zwartewaterland,Bilinmiyor,1
38578,Robijnstraat 5,EVBox,52.61581,4.75769,Alkmaar,Bilinmiyor,1
38576,Koraalstraat 1,EVBox,52.61108,4.74855,Alkmaar,Bilinmiyor,1
38575,Vliermansweg 6,EVBox,52.60922,6.62546,Hardenberg,Bilinmiyor,1
38572,E.J. Potgieterweg 12,Shell Recharge Solutions (BE),52.605113,4.71728729999995,Heiloo,Bilinmiyor,1
38571,Diamantweg 18,EVBox,52.60321,4.75389,Alkmaar,Bilinmiyor,1
38570,De Hoghe Weijdt 3,EVBox,52.6024,4.71875,Heiloo,Bilinmiyor,1
38569,Boekelerdijk 13,EVBox,52.60252,4.76185,Alkmaar,Bilinmiyor,1
38568,Diamantweg 26A,EVnetNL,52.602121,4.752318,Alkmaar,Bilinmiyor,1
38567,Holleweg 116,EVnetNL,52.600854,4.702994,Heiloo,Bilinmiyor,2
38566,Meester Zacharias Tijllaan 1,EVnetNL,52.6007,6.454792,Hardenberg,Bilinmiyor,2
38564,De Oude Werf 8,EVnetNL,52.59322,4.720225,Heiloo,Bilinmiyor,2
38561,Molenlei 2b,Shell Recharge Solutions (BE),52.5908241271973,4.75508975982666,Castricum,Bilinmiyor,1
38560,Kaai 5,Stadtwerke Clausthal-Zellerfeld,52.590111,6.089203,Zwartewaterland,Bilinmiyor,1
38557,Kapellaan 11,EVnetNL,52.583606,4.690136,Heiloo,Bilinmiyor,2
38556,Ambachtsweg 5i,EVnetNL,52.581161,4.996901,Zeevang,Bilinmiyor,1
38555,Hoogeweg 9904,EVBox,52.58021,4.69163,Heiloo,Bilinmiyor,1
38554,Visweg 85,Shell Recharge Solutions (BE),52.5777354,4.68548129999999,Castricum,Bilinmiyor,1
38553,Vechtvoorde,EVnetNL,52.577333,6.617914,Hardenberg,Bilinmiyor,2
38552,Hondsdraf 2a,EVnetNL,52.576345,6.637655,Hardenberg,Bilinmiyor,2
38550,Genuakade 6,EVBox,52.57583,5.8654,Kampen,Bilinmiyor,1
38549,IJsselmeerdijk 101,EVBox,52.57572,5.52969,Lelystad,Bilinmiyor,1
38548,Veenslag 16,Shell Recharge Solutions (BE),52.5751495361328,6.28445816040039,Dalfsen,Bilinmiyor,1
38547,Stelling 5,Shell Recharge Solutions (BE),52.5751132,6.60006210000006,Hardenberg,Bilinmiyor,2
38546,Vogelmelk 1,Ecotap,52.575073,4.696112,Castricum,Bilinmiyor,2
38545,Kruiwiel 1,Shell Recharge Solutions (BE),52.5745658874512,6.59534454345703,Hardenberg,Bilinmiyor,2
38544,Grote Markt,EVnetNL,52.573754,6.291913,Dalfsen,Bilinmiyor,2
38540,Vuurbaak 40,EVnetNL,52.570969,4.696256,Castricum,Bilinmiyor,1
38535,Haatlanderdijk 6,EVBox,52.56348,5.89142,Kampen,Bilinmiyor,1
38534,Stoomstraat 3,Shell Recharge Solutions (BE),52.5630335,5.8834187,Kampen,Bilinmiyor,2
38532,Oosterholtseweg 18,EVnetNL,52.562519,5.936404,Kampen,Bilinmiyor,1
38530,Zeeweg 31a,EVBox,52.5624,4.63224,Castricum,Bilinmiyor,1
38529,Doctor Damstraat 1,EVnetNL,52.561273,5.902496,Kampen,Bilinmiyor,1
38526,Buiten Nieuwstraat 69,EVnetNL,52.560472,5.914103,Kampen,Bilinmiyor,2
38525,Prins Bernhardlaan 14,Shell Recharge Solutions (BE),52.5600280761719,4.73400020599365,Castricum,Bilinmiyor,1
38524,Kerkstraat 36,Stadtwerke Clausthal-Zellerfeld,52.559756777224,4.8449116945267,Alkmaar,Bilinmiyor,1
38523,Tulpenveld 218c,EVBox,52.55844,4.67651,Castricum,Bilinmiyor,1
38521,J.H. van Kinsbergenstraat 18,EVnetNL,52.558273,4.668921,Castricum,Bilinmiyor,1
38519,Energieweg,Ecotap,52.55787,6.6259,Hardenberg,Bilinmiyor,2
38518,2e Ebbingestraat 44,Shell Recharge Solutions (BE),52.4467533,5.85932939999998,Kampen,Bilinmiyor,1
38516,Zeeweg,Stadtwerke Clausthal-Zellerfeld,52.556568172155,4.6111219509647,Castricum,Bilinmiyor,2
38514,2e Ebbingestraat 9,Shell Recharge Solutions (BE),52.5552978515625,5.91450309753418,Kampen,Bilinmiyor,1
38512,Juliana van Stolbergstraat 2,Shell Recharge Solutions (BE),52.5525358633588,4.66619074344635,Castricum,Bilinmiyor,1
38511,Burgemeester Berghuisplein,EVnetNL,52.5521,5.914074,Kampen,Bilinmiyor,2
38510,De Volger 6,Shell Recharge Solutions (BE),52.5510101318359,4.8460841178894,Alkmaar,Bilinmiyor,1
38508,Burgemeester Lommenstraat 16,EVnetNL,52.550007,4.661949,Castricum,Bilinmiyor,1
38505,Odessa 4,Shell Recharge Solutions (BE),52.5497207641602,4.92140913009644,Beemster,Bilinmiyor,1
38504,Raadhuisplein 1,EVBox,52.54958,4.67221,Castricum,Bilinmiyor,1
38502,Rijn Middelburgstraat,EVnetNL,52.548472,4.914767,Beemster,Bilinmiyor,2
38499,Charlotte Ruyslaan 13,Shell Recharge Solutions (BE),52.5459098,4.685324,Castricum,Bilinmiyor,1
38497,Tuin van Kapitein Rommel 15,EVnetNL,52.544901,4.660249,Castricum,Bilinmiyor,1
38492,De Reest,EVBox,52.54183,5.71662,Dronten,Bilinmiyor,1
38490,Steenstraat,EVnetNL,52.539945,5.52402,Lelystad,Bilinmiyor,2
38487,Westerwerf 7a,EVnetNL,52.539376,4.718161,Uitgeest,Bilinmiyor,2
38483,Fioringras 59,EVnetNL,52.538095,6.053925,Zwolle,Bilinmiyor,1
38482,Steinfurtstraat 1,EVBox,52.53808,6.17552,Zwolle,Bilinmiyor,1
38481,Kleefstraat 8,EVBox,52.53795,6.1698,Zwolle,Bilinmiyor,1
38477,Oldruitenborghstraat 26,Shell Recharge Solutions (BE),52.5362930297852,6.03939056396484,Zwolle,Bilinmiyor,1
38474,Fazantendreef 17,Shell Recharge Solutions (BE),52.5358845,5.7308051,Dronten,Bilinmiyor,1
38472,Bussenmakerstraat 33,Shell Recharge Solutions (BE),52.5356347,6.06597399999998,Zwolle,Bilinmiyor,1
38470,De Noord 70,EVnetNL,52.535268,5.722908,Dronten,Bilinmiyor,2
38469,Belvédèrelaan 33,EVnetNL,52.534935,6.055133,Zwolle,Bilinmiyor,2
38463,Pieter Bruegelstraat 5,Shell Recharge Solutions (BE),52.5346890085585,6.42591333389282,Ommen,Bilinmiyor,2
38462,Boogmakerstraat 18,Shell Recharge Solutions (BE),52.5342597961426,6.06826305389404,Zwolle,Bilinmiyor,1
38454,Burgemeester van Tuinenplein,EVnetNL,52.53236,5.915698,Kampen,Bilinmiyor,2
38452,Ds. de Bruijnpassage,EVnetNL,52.532018,6.311511,Oudleusen,Bilinmiyor,2
38447,Zomerdijkstraat 36,Shell Recharge Solutions (BE),52.5299591,6.0595041,Zwolle,Bilinmiyor,1
38438,Griendstraat 4,Shell Recharge Solutions (BE),52.5272903442383,6.05413055419922,Zwolle,Bilinmiyor,1
38437,Porporastraat 96,EVnetNL,52.527073,6.08318,Zwolle,Bilinmiyor,2
38435,Van Reeuwijkstraat 42,EVBox,52.52621,6.42277,Ommen,Bilinmiyor,1
38431,Rozenweg 31,EVnetNL,52.52529,6.050613,Zwolle,Bilinmiyor,1
38430,Van Reeuwijkstraat 6a,EVnetNL,52.525262,6.419958,Ommen,Bilinmiyor,1
38429,Schroefstraat,EVnetNL,52.524704,5.496195,Lelystad,Bilinmiyor,2
38427,Schans 1,EVnetNL,52.524442,5.7158,Dronten,Bilinmiyor,1
38423,Von Weberhof 1,EVnetNL,52.523598,6.077227,Zwolle,Bilinmiyor,2
38420,Schumannlaan 55,EVnetNL,52.523125,6.080713,Zwolle,Bilinmiyor,2
38417,Ceintuurbaan 26A,Bilinmiyor,52.522583624123,6.1180865764618,Zwolle,Bilinmiyor,2
38416,Stationsplein,EVnetNL,52.522361,4.702428,Uitgeest,Bilinmiyor,2
38415,Petuniaplein 1,EVnetNL,52.522157,6.050223,Zwolle,Bilinmiyor,2
38414,Bataviaplein,EVnetNL,52.521951,5.436985,Lelystad,Bilinmiyor,2
38411,Boeier 01 15,Shell Recharge Solutions (BE),52.5211296081543,5.45057392120361,Lelystad,Bilinmiyor,2
38408,Van Wevelinkhovenstraat,EVnetNL,52.520256,6.10412,Zwolle,Bilinmiyor,1
38406,Kempenaar 01 1,Shell Recharge Solutions (BE),52.5195274353027,5.45777606964111,Lelystad,Bilinmiyor,1
38400,Zeevangsdijkje 1,Shell Recharge Solutions (BE),52.5171356201172,5.03484964370728,Edam-Volendam,Bilinmiyor,1
38398,Industrieweg 61,EVBox,52.51736,4.78154,Zaanstad,Bilinmiyor,1
38392,Noordereiland,Bilinmiyor,52.51583565764,6.0956928133965,Zwolle,Bilinmiyor,2
38389,Betje Wolffstraat 2,EVnetNL,52.515395,6.117722,Zwolle,Bilinmiyor,2
38387,Katerdijk,EVBox,52.51505,6.08398,Zwolle,Bilinmiyor,1
38382,Buitenkant 6,EVnetNL,52.514295,6.090481,Zwolle,Bilinmiyor,1
38373,Beerzerweg 2,EVBox,52.51178,6.5454,Ommen,Bilinmiyor,1
38371,Waagpassage 3,Allego BV,52.511347,5.475402,Lelystad,Public - Membership Required,1
38367,Deukelven 65,EVnetNL,52.510951,4.690148,Heemskerk,Bilinmiyor,2
38365,Waagstraat 17,Bilinmiyor,52.510899495106,5.4741579294205,Lelystad,Bilinmiyor,8
38364,Schepenmakersdijk 20a,EVnetNL,52.51085,5.0446,Edam-Volendam,Bilinmiyor,2
38363,Kerkweg 30,EVnetNL,52.510833,4.670034,Heemskerk,Bilinmiyor,2
38361,Stationsweg,Shell Recharge Solutions (BE),52.5104560852051,5.47370862960815,Lelystad,Bilinmiyor,1
38358,Impuls 11,Shell Recharge Solutions (BE),52.5102500915527,5.00709772109985,Purmerend,Bilinmiyor,1
38357,Potgietersingel 1 a,EVnetNL,52.510158129246,6.0908860552254,Zwolle,Public - Membership Required,2
38349,Contact 1,EVBox,52.50898,5.00813,Purmerend,Bilinmiyor,1
38338,Dokter van Deenweg,EVBox,52.5079932775424,6.12495999999999,Zwolle,Bilinmiyor,1
38337,Soldaatweg 6,Shell Recharge Solutions (BE),52.5079040527344,4.78256940841675,Zaanstad,Bilinmiyor,1
38333,Neringweg 298,Shell Recharge Solutions (BE),52.5072059631348,5.477707862854,Lelystad,Bilinmiyor,1
38331,Reaalhof,Shell Recharge Solutions (BE),52.5068722,5.47466929999996,Lelystad,Bilinmiyor,1
38329,Botter 15,EVBox,52.50677,5.47112,Lelystad,Bilinmiyor,1
38328,Assendorperdijk 42,EVnetNL,52.506627,6.103018,Zwolle,Bilinmiyor,2
38327,Reaalhof,Shell Recharge Solutions (BE),52.506591796875,5.47531223297119,Lelystad,Bilinmiyor,1
38326,Magnoliastraat 7,EVnetNL,52.506564,4.952774,Purmerend,Bilinmiyor,2
38324,De Trompet 1300,EVnetNL,52.506304,4.698157,Heemskerk,Bilinmiyor,2
38323,Hanzelaan,EVBox,51.69586,5.15212,Zwolle,Bilinmiyor,1
38321,Auto Palace Zwolle B.V. ,(Private Residence/Individual),52.50608075420118,6.079298219747553,Zwolle,"Private - For Staff, Visitors or Customers",2
38316,Gouden Slot 28,EVBox,52.5053,5.05808,Edam-Volendam,Bilinmiyor,1
38312,Wipstrikpark 145,Shell Recharge Solutions (BE),52.5049667358398,6.12333488464356,Zwolle,Bilinmiyor,1
38308,Rijksstraatweg 35,Stadtwerke Clausthal-Zellerfeld,52.504376,4.654757,Heemskerk,Bilinmiyor,1
38305,Hanzelaan,EVnetNL,52.50388,6.088435,Zwolle,Bilinmiyor,2
38299,Sternstraat,EVnetNL,52.502332,4.815711,Wormerland,Bilinmiyor,1
38296,Oosteinde 63,Shell Recharge Solutions (BE),52.5020294189453,4.84407758712769,Wormerland,Bilinmiyor,1
38295,Oosterweg E 20,Shell Recharge Solutions (BE),52.5018157958984,5.01905488967895,Edam-Volendam,Bilinmiyor,1
38294,Westerweg 60B,EVBox,52.50171,4.99219,Purmerend,Bilinmiyor,1
38293,Heiligeweg 93,EVnetNL,52.501623,4.762334,Zaanstad,Bilinmiyor,1
38292,Zuiveringweg,EVnetNL,52.501606,5.440006,Lelystad,Bilinmiyor,2
38290,Dorpsstraat 349,EVBox,52.50155,4.83073,Wormerland,Bilinmiyor,1
38288,De Molenven 14,Shell Recharge Solutions (BE),52.5010757446289,4.80431127548218,Wormerland,Bilinmiyor,1
38284,Basisveenstraat,EVBox,52.50099,4.9619,Purmerend,Bilinmiyor,1
38282,Ruiterlaan 3C,EVBox,52.50006,6.06988,Zwolle,Bilinmiyor,1
38279,Talingstraat 5,EVnetNL,52.499334,4.811266,Wormerland,Bilinmiyor,2
38277,Curieweg,Bilinmiyor,52.499197154931,6.1297598853707,Zwolle,Bilinmiyor,2
38276,Stationsweg,EVnetNL,52.498686,6.260139,Dalfsen,Bilinmiyor,2
38275,Industrieweg 1,EVBox,52.49818,4.77617,Zaanstad,Bilinmiyor,1
38273,Marquette 98,Shell Recharge Solutions (BE),52.4978218078613,5.52128314971924,Lelystad,Bilinmiyor,1
38271,Eenhoornweg 7,Bilinmiyor,52.497192885749,4.7982116127014,Wormerland,Bilinmiyor,1
38270,Forelkolk 21,EVnetNL,52.49688,6.093319,Zwolle,Bilinmiyor,2
38267,Zevenwouden 22,EVnetNL,52.496649,5.470988,Lelystad,Bilinmiyor,2
38266,Zalmkolk 6,Shell Recharge Solutions (BE),52.4962921142578,6.09283304214478,Zwolle,Bilinmiyor,1
38263,Burgvliet 147,EVBox,52.49585,5.5075,Lelystad,Bilinmiyor,1
38261,De Lunetten 4A,Shell Recharge Solutions (BE),52.4948692321777,4.64377021789551,Beverwijk,Bilinmiyor,1
38258,Haven,Shell Recharge Solutions (BE),52.4946556091309,5.07789754867554,Edam-Volendam,Bilinmiyor,1
38257,Euratomplein,EVnetNL,52.494366,4.684942,Heemskerk,Bilinmiyor,2
38256,Mississippistraat 110,Shell Recharge Solutions (BE),52.494275926828,4.92612970000005,Purmerend,Bilinmiyor,1
38254,Verlengde Voorstraat 42,EVnetNL,52.49357,4.59644,Beverwijk,Bilinmiyor,2
38253,Hollandse Hout 263,EVnetNL,52.493468,5.425076,Lelystad,Bilinmiyor,2
38250,Marktstraat 15,EVnetNL,52.493088,4.789696,Zaanstad,Bilinmiyor,1
38247,Waterzolder 57,EVBox,52.49225,4.80983,Wormerland,Bilinmiyor,1
38246,Steijnstraat 10,Shell Recharge Solutions (BE),52.4919967651367,4.78998708724976,Zaanstad,Bilinmiyor,1
38245,Pieterman 2,EVnetNL,52.491992,5.064202,Edam-Volendam,Bilinmiyor,2
38244,Fonteinkruid 40,EVBox,52.4917,4.95257,Purmerend,Bilinmiyor,1
38243,Vogezen 25,EVnetNL,52.491424,4.755089,Zaanstad,Bilinmiyor,2
38241,Slobbeland 10,EVBox,52.49105,5.06608,Edam-Volendam,Bilinmiyor,1
38239,Koetserstraat 2A,EVnetNL,52.490574,4.808949,Wormerland,Bilinmiyor,2
38235,Persijnlaan 3,EVnetNL,52.488996,4.961215,Purmerend,Bilinmiyor,2
38233,Paxtonstraat 17A,Shell Recharge Solutions (BE),52.4878196716309,6.13813304901123,Zwolle,Bilinmiyor,1
38232,Gruitmeesterslaan 145,EVnetNL,52.487511,6.116622,Zwolle,Bilinmiyor,2
38230,Veerdijk 2,EVBox,52.48709,4.81126,Wormerland,Bilinmiyor,1
38226,Kerkstraat 15A,EVnetNL,52.485929,6.229868,Dalfsen,Bilinmiyor,2
38225,Rietveldstraat 10,Shell Recharge Solutions (BE),52.4858016967773,6.13872241973877,Zwolle,Bilinmiyor,1
38222,Van Borsselestraat 26,EVnetNL,52.485177,4.664989,Beverwijk,Bilinmiyor,2
38214,Boeroestraat 1,EVnetNL,52.483479,4.805263,Zaanstad,Bilinmiyor,1
38213,Broederschap 2T 1,EVnetNL,52.483238,6.1128,Zwolle,Bilinmiyor,2
38210,McDonalds Larserplein Lelystad,(Unknown Operator),52.482242400488,5.5046734213829,Lelystad,Bilinmiyor,2
38209,Lageweg 30141,EVBox,52.48272,4.60659,Velsen,Bilinmiyor,1
38208,Markt 38,EVnetNL,52.482009,4.655443,Beverwijk,Bilinmiyor,2
38202,Albert Einsteinweg 4,EVBox,52.47786,5.50139,Lelystad,Bilinmiyor,1
38201,Claude Debussystraat 76,EVnetNL,52.477104,4.796691,Zaanstad,Bilinmiyor,1
38198,Blijdschapstraat 1p,EVnetNL,52.475387,4.744522,Zaanstad,Bilinmiyor,2
38196,Randweg 43,EVnetNL,52.474452,4.670024,Beverwijk,Bilinmiyor,2
38195,Pascallaan 67,EVBox,52.47405,5.4925,Lelystad,Bilinmiyor,1
38193,Pascallaan,Shell Recharge Solutions (BE),52.4739990234375,5.4965500831604,Lelystad,Bilinmiyor,1
38192,Kamerlingh Onneslaan,EVBox,52.47359,5.51045,Lelystad,Bilinmiyor,1
38191,Rozenkamp 5,EVBox,52.473,6.06061,Hattem,Bilinmiyor,1
38188,Kraaienpad 1,Shell Recharge Solutions (BE),52.4728736877441,4.8207106590271,Zaanstad,Bilinmiyor,1
38187,Zuiderkade 27,EVnetNL,52.472769,4.662709,Beverwijk,Bilinmiyor,2
38183,Parklaan 36,EVnetNL,52.471366,4.805593,Zaanstad,Bilinmiyor,2
38182,Rondweg 74,Shell Recharge Solutions (BE),52.4701957702637,5.9947395324707,Oldebroek,Bilinmiyor,1
38173,Drielse Wetering,EVnetNL,52.467913,4.836326,Zaanstad,Bilinmiyor,1
38169,Molecaten,EVBox,52.46535,6.05439,Hattem,Bilinmiyor,1
38166,Vaartdijk 20,Shell Recharge Solutions (BE),52.464694049631,4.7630453109741,Zaanstad,Bilinmiyor,1
38164,De Peereboomstraat,EVnetNL,52.464261,4.770134,Zaanstad,Bilinmiyor,1
38163,Schieland 16,Shell Recharge Solutions (BE),52.4640227,4.66866300000004,Beverwijk,Bilinmiyor,1
38160,Schieland 16,Shell Recharge Solutions (BE),52.4633445739746,4.66915321350098,Beverwijk,Bilinmiyor,1
38159,Brinkstraat 20,EVnetNL,52.462444,6.494854,Twenterand,Bilinmiyor,2
38158,Stationsweg 19,Shell Recharge Solutions (BE),52.462158203125,5.99348115921021,Oldebroek,Bilinmiyor,1
38156,Meidoornpassage 16,EVnetNL,52.461524,5.998323,Oldebroek,Bilinmiyor,2
38155,Piet Heinstraat 44,EVnetNL,52.461287,4.623924,Velsen,Bilinmiyor,2
38154,Glazenmakersveld 69,EVnetNL,52.461053,4.801789,Zaanstad,Bilinmiyor,2
38153,Dorpsstraat 20,EVBox,52.46087,6.49591,Twenterand,Bilinmiyor,1
38152,Jonkerplantsoen 7,EVnetNL,52.459919,4.815903,Zaanstad,Bilinmiyor,1
38151,Velserduinweg 8,EVnetNL,52.459697,4.619826,Velsen,Bilinmiyor,2
38149,Koningin Beatrixlaan 21,EVnetNL,52.459327,6.566686,Twenterand,Bilinmiyor,2
38143,Aviodrome,EVBox,52.4569312177,5.5280059576035,Lelystad,Public,4
38142,Kennemerboulevard 250,Shell Recharge Solutions (BE),52.45692,4.56348,Velsen,Bilinmiyor,1
38139,Verlengde Looweg 7,EVnetNL,52.456361,5.936656,Oldebroek,Bilinmiyor,2
38137,Van Hogendorplaan 5,EVBox,52.45559,4.63835,Velsen,Bilinmiyor,1
38134,Minister van Houtenlaan,EVnetNL,52.455316,4.633277,Velsen,Bilinmiyor,1
38132,Emoeweg 7B,Bilinmiyor,52.45374,5.52165,Lelystad,Bilinmiyor,2
38130,Cultuursingel 6,EVnetNL,52.452976,5.689448,Dronten,Bilinmiyor,1
38128,Westzijde 354,EVBox,52.4523,4.81589,Zaanstad,Bilinmiyor,1
38125,Kalkwijk 5,EVBox,52.44881,6.57768,Twenterand,Bilinmiyor,1
38124,Jollenmakersweg 34,EVBox,52.4472,4.87526,Oostzaan,Bilinmiyor,1
38123,Spieghellaan 25,Bilinmiyor,52.44746034389,4.6335428953171,Velsen,Bilinmiyor,1
38122,IJmuiderslag 1,Stadtwerke Clausthal-Zellerfeld,52.447347,4.567295,Velsen,Bilinmiyor,1
38121,Spieghellaan 19,Shell Recharge Solutions (BE),52.4473266601562,4.6332573890686,Velsen,Bilinmiyor,1
38120,'t Schootsveld,EVnetNL,52.446867,5.837517,Elburg,Bilinmiyor,2
38119,Kroonplein 4,Stadtwerke Clausthal-Zellerfeld,52.445846,6.342437,Dalfsen,Bilinmiyor,1
38118,van Sytzamalaan 4,EVnetNL,52.445783,5.898907,Oldebroek,Bilinmiyor,2
38117,Nicolaas Beetslaan 17,Shell Recharge Solutions (BE),52.4455909729004,4.63715553283691,Velsen,Bilinmiyor,1
38115,Panneroodstraat 346,EVnetNL,52.445229,4.838968,Zaanstad,Bilinmiyor,1
38110,Duin- en Kruidbergerweg 1,EVBox,52.43951,4.63094,Velsen,Bilinmiyor,1
38109,Ankersmidplein 2,EVBox,52.4391426,4.8170538,Zaanstad,Bilinmiyor,1
38108,Roggeland 14,EVnetNL,52.438449,4.661909,Velsen,Bilinmiyor,2
38107,Ebbehout 31,EVnetNL,52.438257,4.812681,Zaanstad,Bilinmiyor,1
38106,Czaar Peterstraat 71,Shell Recharge Solutions (BE),52.4378852844238,4.8191876411438,Zaanstad,Bilinmiyor,1
38103,Antillenstraat 30,EVnetNL,52.437008,4.646001,Velsen,Bilinmiyor,1
38102,Nonkeswijk 2,Shell Recharge Solutions (BE),52.43639,6.58322799999996,Hellendoorn,Bilinmiyor,1
38100,Wagenmakerstraat 41,EVBox,52.43572,4.65093,Velsen,Bilinmiyor,1
38098,Zon Bastion 21,EVnetNL,52.434792,4.660762,Velsen,Bilinmiyor,2
38097,Zwanebloembocht 57,EVnetNL,52.43446,4.656902,Velsen,Bilinmiyor,1
38095,De Lepelaar,Allego BV,52.433952331543,5.42556715011597,Lelystad,Public - Membership Required,1
38093,Hagelingerweg 107,EVnetNL,52.433345,4.643987,Velsen,Bilinmiyor,2
38091,W.H. van de Pollstraat,EVnetNL,52.432106,6.073884,Heerde,Bilinmiyor,1
38090,Sri Lanka Bastion 13,EVnetNL,52.431448,4.664487,Velsen,Bilinmiyor,1
38087,Wierdenseweg,EVBox,52.4307,6.54083,Hellendoorn,Bilinmiyor,1
38080,Zijtocht 2,Shell Recharge Solutions (BE),52.428076,4.81078300000002,Zaanstad,Bilinmiyor,1
38078,Groteweg 12,EVBox,52.42612,6.0635,Heerde,Bilinmiyor,1
38077,Symon Spiersweg 17,EVBox,52.42452,4.81958,Zaanstad,Bilinmiyor,1
38076,Symon Spiersweg 6,Ecotap,52.425161,4.823753,Zaanstad,Bilinmiyor,2
38075,Zuiddijk 422,EVBox,52.42452,4.83986,Zaanstad,Bilinmiyor,1
38071,Koekoeksweg 11,Shell Recharge Solutions (BE),52.4207000732422,5.87877941131592,Elburg,Bilinmiyor,1
38070,Reizigersweg 4,Essent (NL),52.419166,4.883882,Amsterdam,Bilinmiyor,1
38069,Adriaan Loosjesstraat 7,Essent (NL),52.418972,4.894675,Amsterdam,Bilinmiyor,1
38066,Bloemendaalsestraatweg 136,EVnetNL,52.416659,4.629479,Velsen,Bilinmiyor,1
38064,Rijksstraatweg 475,EVnetNL,52.415435,4.649416,Haarlem,Bilinmiyor,2
38062,Houtrustweg 6,Shell Recharge Solutions (BE),52.4134941101074,5.87792062759399,Elburg,Bilinmiyor,1
38059,Dominee J. Schardamstraat 3,Shell Recharge Solutions (BE),52.4129061,4.6861096,Spaarndam,Bilinmiyor,1
38058,Latexweg,EVBox,52.41286,4.75728,Amsterdam,Bilinmiyor,1
38054,Eperweg,Shell Recharge Solutions (BE),52.4108009338379,5.88844299316406,Elburg,Bilinmiyor,1
38050,Remmingweg 41,EVBox,52.40993,5.26045,Almere,Bilinmiyor,1
38047,Manitobaplein,EVnetNL,52.409311,6.624622,Twenterand,Bilinmiyor,2
38046,tt. Vasumweg 124,Shell Recharge Solutions (BE),52.4080657958984,4.88532686233521,Amsterdam,Bilinmiyor,1
38044,Jozef Israëlsweg 23,EVBox,52.40707,4.60903,Bloemendaal,Bilinmiyor,1
38041,Displaystraat 1,Shell Recharge Solutions (BE),52.4057731628418,4.89013719558716,Amsterdam,Bilinmiyor,1
38040,Koepellaan 10,EVnetNL,52.40504,4.618123,Bloemendaal,Bilinmiyor,2
38039,De Zuivering,EVBox,52.4044611127388,6.63554906845093,Twenterand,Bilinmiyor,1
38036,tt. Vasumweg 34D,Stadtwerke Clausthal-Zellerfeld,52.403952,4.894243,Amsterdam,Bilinmiyor,1
38035,Schokkerkade 5,EVnetNL,52.403843,4.655915,Haarlem,Bilinmiyor,1
38034,Laan der V.O.C. 238,EVnetNL,52.403663,5.299578,Almere,Bilinmiyor,2
38033,Sextantweg 8,Essent (NL),52.403552,4.832683,Amsterdam,Bilinmiyor,1
38031,Tante Pollewopstraat 11,EVnetNL,52.403131,5.319489,Almere,Bilinmiyor,2
38030,Hefbrugweg 103,Stadtwerke Clausthal-Zellerfeld,52.402197,5.243643,Almere,Bilinmiyor,1
38029,Splijtbakweg 17,EVnetNL,52.401885,5.264575,Almere,Bilinmiyor,2
38028,Elpermeer 207,Essent (NL),52.40188,4.94653,Amsterdam,Bilinmiyor,1
38022,Deccaweg 29,Shell Recharge Solutions (BE),52.4014053344727,4.83870840072632,Amsterdam,Bilinmiyor,1
38020,Buikslotermeerplein 2000,Essent (NL),52.401097,4.932926,Amsterdam,Bilinmiyor,1
38019,Australiëhavenweg 21,EVBox,52.4012,4.79502,Amsterdam,Bilinmiyor,1
38018,Lodewijk van Deijssellaan 162,EVnetNL,52.400992,4.628515,Haarlem,Bilinmiyor,2
38017,Gyroscoopweg 134,EVBox,52.40046,4.84286,Amsterdam,Bilinmiyor,1
38016,Buiksloterdijk 314,Essent (NL),52.400193,4.919944,Amsterdam,Bilinmiyor,1
38015,Molenweg 1,EVBox,52.40025,6.04995,Heerde,Bilinmiyor,1
38011,Marnixstraat 80A,EVnetNL,52.39948,4.635898,Haarlem,Bilinmiyor,2
38010,Verbindingsweg 2,EVnetNL,52.399306,4.619226,Bloemendaal,Bilinmiyor,1
38008,Eeuwenweg 137,EVnetNL,52.399192,5.284501,Almere,Bilinmiyor,1
38007,Heussensstraat 104,Shell Recharge Solutions (BE),52.3990783691406,4.62917995452881,Haarlem,Bilinmiyor,1
38006,Kamillestraat 1,Essent (NL),52.398727,4.918056,Amsterdam,Bilinmiyor,1
38003,M. Ruyshof 1,EVnetNL,52.397874,5.261387,Almere,Bilinmiyor,1
38001,Archangelkade 22,Essent (NL),52.397709,4.871356,Amsterdam,Bilinmiyor,1
38000,Dollardpad 3,Essent (NL),52.397581,4.94359,Amsterdam,Bilinmiyor,1
37998,Europaweg 12,Bilinmiyor,52.397295711537,6.0449414492177,Heerde,Bilinmiyor,2
37996,Het Breed 467,Essent (NL),52.396563,4.939057,Amsterdam,Bilinmiyor,1
37993,Hogeweg 25,Shell Recharge Solutions (BE),52.3961868286133,6.23049402236939,Olst-Wijhe,Bilinmiyor,1
37992,Verspronckweg 287,EVnetNL,52.395601,4.626333,Haarlem,Bilinmiyor,2
37990,Santiagostraat,EVBox,52.3947235,5.2794239,Almere,Bilinmiyor,1
37989,Papaverweg 9,Essent (NL),52.39439,4.911827,Amsterdam,Bilinmiyor,1
37988,New Yorkweg,EVBox,52.3941952,5.2753468,Almere,Bilinmiyor,1
37987,Siennastraat 139b,EVnetNL,52.394157,5.296059,Almere,Bilinmiyor,2
37985,Rio de Janeiroplein,EVnetNL,52.394075,5.2829,Almere,Bilinmiyor,2
37983,"BP ChaDeMo (2) Fast Charging, Nieuwe Hemweg ",Shell Recharge Solutions (NL),52.393718663293,4.8650550842285,Amsterdam,Public,2
37982,Tetterodeweg,EVBox,52.39322,4.59583,Bloemendaal,Bilinmiyor,1
37977,Basisweg 30,Bilinmiyor,52.392574219075,4.8338609933853,Amsterdam,Bilinmiyor,1
37974,Straat van Florida 2,EVBox,52.393587721513,5.2759373188019,Almere,Bilinmiyor,1
37972,Distelkade,Stadtwerke Clausthal-Zellerfeld,52.392228,4.910915,Amsterdam,Bilinmiyor,1
37971,Transformatorweg,Bilinmiyor,52.392005783203,4.8489739537763,Amsterdam,Bilinmiyor,1
37970,Wingerdweg 77-1,Essent (NL),52.391981,4.916944,Amsterdam,Bilinmiyor,1
37969,Loefzijde 8,EVBox,52.3904,5.2053,Almere,Bilinmiyor,1
37966,Transformatorweg 39,Essent (NL),52.391561,4.848914,Amsterdam,Bilinmiyor,1
37965,Adriaan Stooplaan,Shell Recharge Solutions (BE),52.3912620544434,4.62202548980713,Bloemendaal,Bilinmiyor,1
37964,Clingendaellaan 37,EVnetNL,52.391175,5.268245,Almere,Bilinmiyor,2
37963,Purmerplein 33,Essent (NL),52.391142,4.944926,Amsterdam,Bilinmiyor,1
37961,Distelweg 25-1,Essent (NL),52.390792,4.909676,Amsterdam,Bilinmiyor,1
37960,Meeuwenlaan 140,Essent (NL),52.390527,4.925094,Amsterdam,Bilinmiyor,1
37957,Regenboogweg 77,EVBox,52.39049,5.29678,Almere,Bilinmiyor,1
37956,"P+R Sloterdijk, Amsterdam",EVBox,52.390045,4.838443,Amsterdam,Public,1
37954,Asterweg 15C,Essent (NL),52.389587,4.904467,Amsterdam,Bilinmiyor,1
37952,Barentszplein 5-H,Essent (NL),52.389233,4.89085,Amsterdam,Bilinmiyor,1
37949,Hulswitweg 14,Shell Recharge Solutions (BE),52.3890495300293,4.6674485206604,Haarlem,Bilinmiyor,1
37948,Geraniumweg,Essent (NL),52.388718,4.907761,Amsterdam,Bilinmiyor,1
37946,Naritaweg 106,EVBox,52.38803,4.82394,Amsterdam,Bilinmiyor,1
37944,Planciusstraat 1A-1,Essent (NL),52.387927,4.885759,Amsterdam,Bilinmiyor,1
37940,J.A. Te Nuijlstraat 4,EVnetNL,52.387616,6.039696,Heerde,Bilinmiyor,1
37938,Korte Zijlweg 3,EVnetNL,52.387569,4.607311,Bloemendaal,Bilinmiyor,2
37934,Stationsplein,EVnetNL,52.386778,4.639015,Haarlem,Bilinmiyor,2
37933,Schapenstraat 1,EVnetNL,52.386759,6.278203,Raalte,Bilinmiyor,1
37926,Haarlemmerweg 51-1,Essent (NL),52.38547,4.877171,Amsterdam,Bilinmiyor,1
37923,Raadhuisplein 1,Bilinmiyor,52.385213187842,6.1293196678162,Olst-Wijhe,Bilinmiyor,1
37922,Anslijnstraat,e-Laad,52.38513460768,4.6240103244781,Haarlem,Bilinmiyor,2
37921,Raadhuisplein 1,Shell Recharge Solutions (BE),52.3851165771484,6.12970113754272,Olst-Wijhe,Bilinmiyor,1
37920,Zijlweg 94-RD,EVnetNL,52.385094,4.624134,Haarlem,Bilinmiyor,2
37917,Haarlemmerweg 609,Essent (NL),52.384886,4.84945,Amsterdam,Bilinmiyor,1
37916,Joan Melchior Kemperstraat 55E,Essent (NL),52.38485,4.873407,Amsterdam,Bilinmiyor,1
37915,Haarlemmer Houttuinen 541,Shell Recharge Solutions (BE),52.3847817,4.88496180000004,Amsterdam,Bilinmiyor,1
37914,Van Bleiswijkstraat,Bilinmiyor,52.384572138072,4.8661847064293,Amsterdam,Bilinmiyor,2
37912,Ikea Haarlem,Shell Recharge Solutions (NL),52.384335701431,4.6703749895096,Haarlem,Public - Membership Required,1
37908,Bos en Lommerweg 35,Essent (NL),52.383853,4.856072,Amsterdam,Bilinmiyor,1
37907,Nieuwe Wagenstraat 10-H,Essent (NL),52.383851,4.883272,Amsterdam,Bilinmiyor,1
37906,Koudenhorn 2,EVnetNL,52.383785626429,4.6415546536446,Haarlem,Bilinmiyor,2
37905,Ruychaverstraat 2D,EVnetNL,52.383645,4.628259,Haarlem,Bilinmiyor,2
37902,Ramplaan,EVnetNL,52.383545,4.603784,Haarlem,Bilinmiyor,2
37901,Harry Koningsbergerstraat 89,Essent (NL),52.383463,4.837624,Amsterdam,Bilinmiyor,1
37897,Bankwerkerij 112,Essent (NL),52.38318,4.917429,Amsterdam,Bilinmiyor,1
37895,IJplein 4,Essent (NL),52.3828771,4.9099731,Amsterdam,Bilinmiyor,1
37894,Industrieweg 2,Shell Recharge Solutions (BE),52.3828430175781,6.13207912445068,Olst-Wijhe,Bilinmiyor,1
37893,Matthijs Sterklaan 25,EVnetNL,52.382807,4.743808,Haarlemmermeer,Bilinmiyor,2
37892,Industrieweg 4,Bilinmiyor,52.382724479521,6.1315879834672,Olst-Wijhe,Bilinmiyor,2
37891,Willem de Zwijgerlaan 350A,EVBox,52.38261,4.85809,Amsterdam,Bilinmiyor,1
37890,Spuihof 36,EVnetNL,52.382543,5.219933,Almere,Bilinmiyor,1
37889,Burgemeester Vening Meineszlaan 2,Bilinmiyor,52.382527,4.837683,Amsterdam,Bilinmiyor,1
37888,K.M. Rozenlaantje 183,EVBox,52.3823,4.68859,Haarlemmerliede en Spaarnwoude,Bilinmiyor,1
37887,Haarlemmer Houttuinen 273,Essent (NL),52.382332,4.889361,Amsterdam,Bilinmiyor,1
37886,Van Slingelandtstraat 11,Essent (NL),52.38229,4.865726,Amsterdam,Bilinmiyor,1
37885,Palmgracht 14-H,Essent (NL),52.382265,4.884152,Amsterdam,Bilinmiyor,1
37884,Reggeplantsoen 9,EVBox,52.38207,5.22603,Almere,Bilinmiyor,1
37882,Oldenzaalseweg,Bilinmiyor,52.381974914471,6.8033201693834,Tubbergen,Bilinmiyor,2
37880,Jan van Galenstraat 64,Shell Recharge Solutions (BE),52.3818817138672,4.61753797531128,Haarlem,Bilinmiyor,1
37877,Rollandslaan,EVnetNL,52.381752,4.609261,Haarlem,Bilinmiyor,2
37876,Klipperweg 4,Bilinmiyor,52.381578709005,6.2914860248566,Raalte,Bilinmiyor,2
37875,Leidsevaart 12,Bilinmiyor,52.381552513477,4.6277976036072,Haarlem,Bilinmiyor,1
37873,Amsterdamsevaart 118G,EVnetNL,52.380989,4.653279,Haarlem,Bilinmiyor,2
37871,Van Beuningenplein 71,Essent (NL),52.380891,4.870827,Amsterdam,Bilinmiyor,1
37870,De Sikkel 29,Shell Recharge Solutions (BE),52.3808326721191,6.03820753097534,Heerde,Bilinmiyor,1
37869,Van Beuningenplein 121,Stadtwerke Clausthal-Zellerfeld,52.380759,4.870047,Amsterdam,Bilinmiyor,1
37866,Lindengracht 6A,Essent (NL),52.380666,4.887109,Amsterdam,Bilinmiyor,1
37865,Nico Andriessenstraat 1,EVnetNL,52.380493,4.661555,Haarlem,Bilinmiyor,1
37864,Bedrijvenpark Twente 96,Shell Recharge Solutions (BE),52.3803405761719,6.61295413970947,Almelo,Bilinmiyor,2
37863,Stationsplein,Stadtwerke Clausthal-Zellerfeld,52.380052,4.896124,Amsterdam,Bilinmiyor,1
37861,Prinsengracht 14M,Essent (NL),52.379786,4.887521,Amsterdam,Bilinmiyor,1
37860,Singel 2B,Essent (NL),52.379643,4.894235,Amsterdam,Bilinmiyor,1
37859,Leeuwendalersweg 29A,Shell Recharge Solutions (BE),52.3795377,4.84251549999999,Amsterdam,Bilinmiyor,1
37858,Herenmarkt 23,Essent (NL),52.379529,4.891939,Amsterdam,Bilinmiyor,1
37857,Leeuwendalersweg 23B,Bilinmiyor,52.379335984789,4.8454337434082,Amsterdam,Bilinmiyor,2
37854,Keizersgracht 21,Essent (NL),52.379079,4.88971,Amsterdam,Bilinmiyor,1
37852,Randstad 22 20,EVBox,52.37887,5.22654,Almere,Bilinmiyor,1
37848,Stationsplein,Bilinmiyor,52.378611966671,4.8969948291779,Amsterdam,Bilinmiyor,4
37846,Krijn Breurstraat 83,Essent (NL),52.37856,4.821872,Amsterdam,Bilinmiyor,1
37841,Blaasbalgpoort,Essent (NL),52.377936,5.225048,Almere,Bilinmiyor,1
37840,Zwolsewegje 104,Shell Recharge Solutions (BE),52.3778915405273,5.77526664733887,Nunspeet,Bilinmiyor,1
37838,Herengracht 69K,Essent (NL),52.377555,4.890679,Amsterdam,Bilinmiyor,1
37837,De Rijpgracht 34-1,Essent (NL),52.377476,4.85997,Amsterdam,Bilinmiyor,1
37836,KNSM-laan 617,Stadtwerke Clausthal-Zellerfeld,52.377451,4.942958,Amsterdam,Bilinmiyor,1
37835,Piet Heinkade,Stadtwerke Clausthal-Zellerfeld,52.377388,4.917375,Amsterdam,Bilinmiyor,1
37834,Dominee Martiniuslaan,EVnetNL,52.377378,5.784039,Nunspeet,Bilinmiyor,1
37833,Vriesseveem,Shell Recharge Solutions (BE),52.3773307800293,4.91889333724975,Amsterdam,Bilinmiyor,1
37832,Keizersgracht 95B-1,Essent (NL),52.377327,4.888125,Amsterdam,Bilinmiyor,1
37830,De Witstraat 1,EVnetNL,52.377309,4.636713,Haarlem,Bilinmiyor,2
37829,Edvard Munchweg 25,Greenflux,52.377205,5.273273,Almere,Bilinmiyor,1
37828,Verzetslaan,EVnetNL,52.377192,5.242863,Almere,Bilinmiyor,2
37827,W. Dreesweg 171,EVnetNL,52.377171,5.215855,Almere,Bilinmiyor,2
37826,KNSM-laan 27,Essent (NL),52.377171,4.938263,Amsterdam,Bilinmiyor,1
37825,Walstro 52,Shell Recharge Solutions (BE),52.3771171569824,6.47846698760986,Hellendoorn,Bilinmiyor,1
37824,Herengracht 74,Essent (NL),52.377116,4.889691,Amsterdam,Bilinmiyor,1
37821,Visseringstraat 41-1,Essent (NL),52.37697,4.869969,Amsterdam,Bilinmiyor,1
37820,Haarlemmermeerstraat 4,EVnetNL,52.376847,4.643415,Haarlem,Bilinmiyor,1
37818,Griseldestraat 23-H,Essent (NL),52.376737,4.848784,Amsterdam,Bilinmiyor,1
37814,Zuider Buiten Spaarne,EVnetNL,52.376533,4.640506,Haarlem,Bilinmiyor,2
37813,Levantplein 7,Essent (NL),52.3765,4.938333,Amsterdam,Bilinmiyor,1
37811,Zuiderzeeweg,Stadtwerke Clausthal-Zellerfeld,52.376405,4.963766,Amsterdam,Bilinmiyor,1
37810,Nieuwezijds Voorburgwal 33,Bilinmiyor,52.37627912925,4.8943095858444,Amsterdam,Bilinmiyor,4
37808,Singel 97,Essent (NL),52.376057,4.891277,Amsterdam,Bilinmiyor,1
37805,Carel Willinklaan 107,EVnetNL,52.375902,5.272933,Almere,Bilinmiyor,1
37803,Frederik Hendrikstraat 104-1,Stadtwerke Clausthal-Zellerfeld,52.375719,4.873235,Amsterdam,Bilinmiyor,1
37802,Stolbergstraat 6,Shell Recharge Solutions (BE),52.3755950927734,4.62485790252686,Haarlem,Bilinmiyor,1
37801,Bongerdstraat,EVnetNL,52.375481,5.237818,Almere,Bilinmiyor,2
37800,Lorentzkade,EVnetNL,52.375208,4.611243,Haarlem,Bilinmiyor,1
37799,Veemkade 1008,Essent (NL),52.375184,4.932678,Amsterdam,Bilinmiyor,1
37798,Nieuwezijds Voorburgwal 130D,Essent (NL),52.375152,4.89181,Amsterdam,Bilinmiyor,1
37797,Jacob van Weesenbekestraat 60-H,Essent (NL),52.375069,4.802546,Amsterdam,Bilinmiyor,1
37793,Lorentzplein,EVnetNL,52.374834,4.6279,Haarlem,Bilinmiyor,2
37792,Westermarkt 2,Nuon,52.374776,4.884726,Amsterdam,Public,2
37790,J.F. van Hengelstraat 12,Essent (NL),52.37461,4.948515,Amsterdam,Bilinmiyor,1
37789,Essenlaan 64,EVnetNL,52.374504,4.750172,Haarlemmermeer,Bilinmiyor,1
37788,Beursstraat,Shell Recharge Solutions (BE),52.3744010925293,4.89580011367798,Amsterdam,Bilinmiyor,1
37787,Schoutstraat 108 Schoutgarage,EVBox,52.37436,5.21655,Almere,Public - Pay At Location,1
37785,Kastanjeplein 41,EVnetNL,52.374224,5.249491,Almere,Bilinmiyor,2
37783,Regisseursstraat 1 Metropolegarage,EVBox,52.37418,5.22039,Almere,Public - Membership Required,1
37780,Beursplein 15,Shell Recharge Solutions (NL),52.37393117646,4.8951806919266,Amsterdam,Bilinmiyor,4
37778,Hoofdweg 439-1,Essent (NL),52.37388,4.84813,Amsterdam,Bilinmiyor,1
37777,Westermarkt 1-H,Essent (NL),52.373873,4.884662,Amsterdam,Bilinmiyor,1
37775,Herengracht 209,Essent (NL),52.373609,4.887412,Amsterdam,Bilinmiyor,1
37771,Rozengracht 79,Essent (NL),52.373261,4.88058,Amsterdam,Bilinmiyor,1
37769,Windroosplein 61A,Essent (NL),52.37324,4.924141,Amsterdam,Bilinmiyor,1
37767,Panamakade 15,Essent (NL),52.373077,4.945478,Amsterdam,Bilinmiyor,1
37766,Geldersekade,Essent (NL),52.373077,4.900678,Amsterdam,Bilinmiyor,1
37764,Schrijverstraat 1,e-Laad,52.372458,5.222725,Almere,Public - Membership Required,1
37763,Paleisstraat 14,Essent (NL),52.372285,4.889241,Amsterdam,Bilinmiyor,1
37762,Leidsevaart,Stadtwerke Clausthal-Zellerfeld,52.372246,4.619239,Haarlem,Bilinmiyor,1
37761,Oudezijds Voorburgwal 232A,Essent (NL),52.372178,4.895994,Amsterdam,Bilinmiyor,1
37759,Czaar Peterstraat 205,Essent (NL),52.371948,4.931783,Amsterdam,Bilinmiyor,1
37756,Zuiderzeeweg 46A,Stadtwerke Clausthal-Zellerfeld,52.37184,4.961765,Amsterdam,Bilinmiyor,1
37753,Kleine Wittenburgerstraat 201,Essent (NL),52.371748,4.921596,Amsterdam,Bilinmiyor,1
37750,Kattenburgerstraat 28,Nuon,52.3714529,4.91649819999998,Amsterdam,Public,4
37749,Kloveniersburgwal 25,Essent (NL),52.371478,4.89957,Amsterdam,Bilinmiyor,1
37748,Cornelis Slegersstraat,Bilinmiyor,52.37144,4.533,Zandvoort,Bilinmiyor,2
37744,Groenmarktkade,Essent (NL),52.37115,4.875872,Amsterdam,Bilinmiyor,1
37743,Stadhuisplein 1 Stadhuisgarage,e-Laad,52.371139,5.223683,Almere,Public - Membership Required,1
37742,Leerlinghof  Leerlinggarage,EVBox,52.3711047,5.2152883,Almere,Public - Membership Required,1
37741,Jan Topweg 66,EVnetNL,52.371099,5.766414,Nunspeet,Bilinmiyor,1
37740,Borneolaan 512,Essent (NL),52.371082,4.939773,Amsterdam,Bilinmiyor,1
37737,Prinsengracht 419,Nuon,52.370938,4.883026,Amsterdam,Public,2
37736,Van Speijkstraat 155-H,Essent (NL),52.370933,4.85985,Amsterdam,Bilinmiyor,1
37733,Marnixstraat 210P,Essent (NL),52.370658,4.87501,Amsterdam,Bilinmiyor,1
37730,C. van Eesterenlaan,EVBox,52.3702108222353,4.93817314295689,Amsterdam,Bilinmiyor,1
37729,Hoogte Kadijk 8-1,Stadtwerke Clausthal-Zellerfeld,52.370193,4.912662,Amsterdam,Bilinmiyor,1
37726,Plesmanlaan,EVnetNL,52.369976,5.783971,Nunspeet,Bilinmiyor,1
37724,Appeltjesmarkt,Shell Recharge Solutions (BE),52.3698997497559,4.87667989730835,Amsterdam,Bilinmiyor,1
37723,Matrozenhof 74,Stadtwerke Clausthal-Zellerfeld,52.369881,4.915886,Amsterdam,Bilinmiyor,1
37721,Marnixstraat,Bilinmiyor,52.369846468033,4.8771220055919,Amsterdam,Bilinmiyor,2
37719,Hospitaalgarage,EVBox,52.369370962849985,5.22060618147588,Almere,Public - Membership Required,1
37718,Wagenmakerbaan 1 Krakelinggarage,EVBox,52.36976410765746,5.217697694720522,Almere,Public - Membership Required,1
37716,Rapenburgerstraat 48,Stadtwerke Clausthal-Zellerfeld,52.369633,4.908618,Amsterdam,Bilinmiyor,1
37712,Zeeburgerkade 7,Essent (NL),52.369362,4.939739,Amsterdam,Bilinmiyor,1
37711,Vendelstraat,Essent (NL),52.369351,4.895064,Amsterdam,Bilinmiyor,1
37709,Buiten Kadijken 20,Nuon,52.3691229567681,4.91670086375426,Amsterdam,Public,2
37708,Schipholweg,Stadtwerke Clausthal-Zellerfeld,52.369206141466,4.6459078788757,Haarlem,Bilinmiyor,2
37707,Blekerstraat 6 Flevogarage,EVBox,52.3692009,5.2167487,Almere,Public - Membership Required,1
37703,Hospitaalgarage  ,EVBox,52.368927,5.219949,Almere Stad,Public - Membership Required,2
37699,Zuider IJdijk 102,Stadtwerke Clausthal-Zellerfeld,52.368799,4.961723,Amsterdam,Bilinmiyor,1
37698,Douwes Dekkerstraat 20,Essent (NL),52.368771,4.865719,Amsterdam,Bilinmiyor,1
37696,Houtkopersdwarsstraat 6,Stadtwerke Clausthal-Zellerfeld,52.368695,4.901996,Amsterdam,Bilinmiyor,1
37692,Looiersgracht 19F,Essent (NL),52.36844,4.881599,Amsterdam,Bilinmiyor,1
37691,Da Costakade 138B,Essent (NL),52.368374,4.872646,Amsterdam,Bilinmiyor,1
37690,Jan Evertsenstraat 171,Bilinmiyor,52.36835,4.84406,Amsterdam,Bilinmiyor,1
37689,Herengracht 393,Essent (NL),52.368323,4.887097,Amsterdam,Bilinmiyor,1
37688,Jan Hanzenstraat 19,Essent (NL),52.368129,4.866349,Amsterdam,Bilinmiyor,1
37687,Ir. G. Friedhoffplein 8,Bilinmiyor,52.368035185634,4.5241463184357,Zandvoort,Bilinmiyor,1
37685,Hof van Versailles 35,Essent (NL),52.3678191,4.8328005,Amsterdam,Bilinmiyor,1
37683,Amstel 3,Essent (NL),52.367686349434,4.9007606506348,Amsterdam,Bilinmiyor,4
37682,Ir. G. Friedhoffplein,EVnetNL,52.367478,4.523699,Zandvoort,Bilinmiyor,1
37681,Michael Jacksonplein,EVnetNL,52.367418,5.189114,Almere,Bilinmiyor,2
37678,Herengracht 410,Essent (NL),52.367225,4.88715,Amsterdam,Bilinmiyor,1
37677,Passeerdersgracht 20A,Essent (NL),52.367154,4.881219,Amsterdam,Bilinmiyor,1
37674,G van der Muelenweg 1-01,EVnetNL,52.366825,6.465244,Hellendoorn,Bilinmiyor,1
37668,Funenkade 7,Essent (NL),52.366557,4.926513,Amsterdam,Bilinmiyor,1
37667,Nieuwe Herengracht 55C,Essent (NL),52.366553,4.904229,Amsterdam,Bilinmiyor,1
37666,Funenkade 7A,Essent (NL),52.366486,4.926381,Amsterdam,Bilinmiyor,1
37663,Amstel 35-1,Essent (NL),52.366404,4.901705,Amsterdam,Bilinmiyor,1
37660,Raamplein,Essent (NL),52.366108,4.879906,Amsterdam,Bilinmiyor,1
37658,Nijverdalsebergweg,EVnetNL,52.36578,6.442703,Hellendoorn,Bilinmiyor,1
37657,Herengracht,Essent (NL),52.365755,4.900258,Amsterdam,Bilinmiyor,1
37656,Nassaukade 930,Essent (NL),52.365747,4.878488,Amsterdam,Bilinmiyor,1
37653,Boymansweg 1,Essent (NL),52.365611,4.82726,Amsterdam,Bilinmiyor,1
37651,Ternatestraat 51,Essent (NL),52.365525,4.944491,Amsterdam,Bilinmiyor,1
37650,Grijpensteinweg 8,EVnetNL,52.365449,4.611412,Haarlem,Bilinmiyor,2
37648,Borgerstraat,Essent (NL),52.365391,4.867554,Amsterdam,Bilinmiyor,1
37647,Herengracht 507,Essent (NL),52.365388,4.892238,Amsterdam,Bilinmiyor,1
37639,Nobelstraat 48,EVBox,52.36491,5.64315,Harderwijk,Bilinmiyor,1
37638,Beekweg 55,EVBox,52.36455,5.70526,Nunspeet,Bilinmiyor,1
37635,Postjesweg 124,Essent (NL),52.364324,4.850912,Amsterdam,Bilinmiyor,1
37634,Plantage Middenlaan 86-1,Essent (NL),52.364254,4.917841,Amsterdam,Bilinmiyor,1
37633,Boymansweg 101,Essent (NL),52.36424,4.829822,Amsterdam,Bilinmiyor,1
37630,Nassaukade 950,Shell Recharge Solutions (BE),52.3642102906854,4.87887503915385,Amsterdam,Bilinmiyor,1
37628,Rondebeltweg,EVBox,52.36368,5.27073,Almere,Bilinmiyor,1
37627,Keizersgracht 666A,Essent (NL),52.363644,4.892886,Amsterdam,Bilinmiyor,1
37625,Postjeskade 61-1,Essent (NL),52.363435,4.853731,Amsterdam,Bilinmiyor,1
37621,Pedro de Medinalaan 1C,EVBox,52.363281,4.9785734,Amsterdam,Bilinmiyor,1
37618,De Binderij,EVBox,52.36308,5.18376,Almere,Bilinmiyor,1
37617,Meer en Vaart 131,Essent (NL),52.363052,4.807887,Amsterdam,Bilinmiyor,1
37616,Celebesstraat 52A,Essent (NL),52.362873,4.931826,Amsterdam,Bilinmiyor,1
37614,Martin Cortesstraat 1,Essent (NL),52.36275,4.977481,Amsterdam,Bilinmiyor,1
37612,Stadhouderskade 12,Bilinmiyor,52.362517355061,4.8801612854004,Amsterdam,Bilinmiyor,1
37611,IJburglaan 436,Essent (NL),52.362515,4.980579,Amsterdam,Bilinmiyor,1
37610,Wilhelminastraat 3-1,Essent (NL),52.362478,4.866992,Amsterdam,Bilinmiyor,1
37608,Jacob van Lennepkade 613,Essent (NL),52.362383,4.861705,Amsterdam,Bilinmiyor,1
37603,Tesselschadestraat 1F,Shell Recharge Solutions (BE),52.3620175,4.87991069999998,Amsterdam,Bilinmiyor,1
37602,Ruimzicht 173,Essent (NL),52.361944,4.808713,Amsterdam,Bilinmiyor,1
37599,Sarphatistraat 125-1,Essent (NL),52.361853,4.910856,Amsterdam,Bilinmiyor,1
37598,Fellinilaan 17,EVBox,52.36191569030236,5.2377484246062656,Almere,Private - Restricted Access,1
37595,Staringstraat 163,Essent (NL),52.36167,4.862556,Amsterdam,Bilinmiyor,1
37591,Jan Pieter Heijestraat 160-H,Essent (NL),52.361394,4.864551,Amsterdam,Bilinmiyor,1
37590,Reinwardtstraat 320,Essent (NL),52.361327,4.92876,Amsterdam,Bilinmiyor,1
37584,Pieter Cornelisz. Hooftstraat 5,Essent (NL),52.361101,4.883941,Amsterdam,Bilinmiyor,1
37582,Vondelstraat 77,Essent (NL),52.360999,4.872836,Amsterdam,Bilinmiyor,1
37580,Zandpad 5,Essent (NL),52.360938,4.877903,Amsterdam,Bilinmiyor,1
37577,Marie Curiestraat 6,Bilinmiyor,52.360538695267,6.5091526508331,Hellendoorn,Bilinmiyor,2
37576,Winkelsteeg,EVnetNL,52.360524,6.66899,Almelo,Bilinmiyor,1
37575,Oosterspoorplein 4,Essent (NL),52.360255,4.93111,Amsterdam,Bilinmiyor,1
37574,Obiplein 14,Essent (NL),52.360166,4.938588,Amsterdam,Bilinmiyor,1
37572,De Huchtstraat 13,EVBox,52.36013,5.26032,Almere,Bilinmiyor,1
37571,Sarphatistraat 12,Essent (NL),52.359867,4.902558,Amsterdam,Bilinmiyor,1
37570,Osdorpplein 251,Essent (NL),52.359795,4.805126,Amsterdam,Bilinmiyor,1
37569,Snelliusstraat 2,Bilinmiyor,52.359683650952,5.6420990824699,Harderwijk,Bilinmiyor,1
37568,J.J. Cremerplein 6-1,Essent (NL),52.35962,4.859294,Amsterdam,Bilinmiyor,1
37567,Oosterpark 8-1,Essent (NL),52.359606663391,4.9160824343562,Amsterdam,Bilinmiyor,1
37566,Weteringschans 187A-1,Essent (NL),52.359603,4.892912,Amsterdam,Bilinmiyor,1
37565,Jan Miense Molenaerplein 7,EVnetNL,52.35948,4.627667,Heemstede,Bilinmiyor,2
37564,De Huchtstraat,EVBox,52.35939,5.25772332275392,Almere,Bilinmiyor,1
37563,Johan Jongkindstraat 140,Essent (NL),52.359356,4.835493,Amsterdam,Bilinmiyor,1
37561,'s-Gravesandeplein 3-1,Essent (NL),52.359242,4.914933,Amsterdam,Bilinmiyor,1
37559,Floridaplein,EVnetNL,52.359176,4.655972,Haarlem,Bilinmiyor,2
37557,Den Texstraat 41-2,Essent (NL),52.358851,4.895275,Amsterdam,Bilinmiyor,1
37556,Oosterpark 49-H,Essent (NL),52.358784,4.92095,Amsterdam,Bilinmiyor,1
37552,Stadhouderskade 141-1,Essent (NL),52.358318,4.901233,Amsterdam,Bilinmiyor,1
37549,Stadhouderskade 140,Essent (NL),52.35807,4.901095,Amsterdam,Bilinmiyor,1
37548,Osdorpplein 1000,Essent (NL),52.357865,4.806591,Amsterdam,Bilinmiyor,1
37547,Vrolikstraat 459,Essent (NL),52.357838,4.9237035,Amsterdam,Bilinmiyor,1
37546,Jacob Obrechtstraat 5-1,Stadtwerke Clausthal-Zellerfeld,52.357631,4.87417,Amsterdam,Bilinmiyor,1
37542,Polderweg,Shell Recharge Solutions (BE),52.3573799133301,4.92777681350708,Amsterdam,Bilinmiyor,1
37541,Jan Campertstraat 37,EVnetNL,52.357282,5.178782,Almere,Bilinmiyor,2
37540,Hendrikje Stoffelsstraat 2A,Shell Recharge Solutions (BE),52.3572654724121,4.84424686431885,Amsterdam,Bilinmiyor,2
37536,Hemonylaan 2,Essent (NL),52.3571758,4.8997978,Amsterdam,Bilinmiyor,1
37534,Alexander Boersstraat 18-2,Essent (NL),52.357135,4.878229,Amsterdam,Bilinmiyor,1
37533,Terpstraat 35,Essent (NL),52.357127,4.778595,Amsterdam,Bilinmiyor,1
37531,Van Baerlestraat 33B,Bilinmiyor,52.357007723125,4.8795454545269,Amsterdam,Bilinmiyor,2
37527,Van Baerlestraat 33-b,Shell Recharge Solutions (BE),52.356877,4.88001350000002,Amsterdam,Bilinmiyor,1
37523,Koediefslaan 10,EVnetNL,52.356682,4.621429,Heemstede,Bilinmiyor,2
37519,Willemsparkweg 160K,Essent (NL),52.356221,4.870578,Amsterdam,Bilinmiyor,1
37513,Van Breestraat 107-1,Essent (NL),52.355931,4.873432,Amsterdam,Bilinmiyor,1
37511,Concertgebouwplein,Essent (NL),52.35587,4.879689,Amsterdam,Bilinmiyor,1
37510,Jacob Obrechtstraat 33-1,Essent (NL),52.355808,4.875634,Amsterdam,Bilinmiyor,1
37509,Vitus Beringstraat 14,Shell Recharge Solutions (BE),52.3557891845703,5.14299917221069,Almere,Bilinmiyor,1
37508,Nicolaas Maesstraat,Essent (NL),52.35565,4.88565,Amsterdam,Bilinmiyor,1
37507,Koninginneweg 8-1,Essent (NL),52.355516,4.867737,Amsterdam,Bilinmiyor,1
37506,Sturmeyweg,EVnetNL,52.355381774014425,5.221724034393351,Almere,Public,1
37505,Zuiderzeestraatweg 108,Bilinmiyor,52.355435983145,5.6755264920655,Harderwijk,Bilinmiyor,2
37504,IJburglaan 1099,Essent (NL),52.355425,4.995385,Amsterdam,Bilinmiyor,1
37502,Plantsoenlaan 1,EVnetNL,52.355356,6.592883,Wierden,Bilinmiyor,2
37501,Sarphatipark 105K,Essent (NL),52.355339,4.898231,Amsterdam,Bilinmiyor,1
37500,Oorweg 7,(Business Owner at Location),52.355254191038,5.2113819122314,Almere- Stad,Public - Membership Required,2
37498,Johann Keplerstraat 37-1,Essent (NL),52.35523,4.93803,Amsterdam,Bilinmiyor,1
37496,Sloterkade 61-1,Essent (NL),52.354959,4.853133,Amsterdam,Bilinmiyor,1
37494,Science Park,Stadtwerke Clausthal-Zellerfeld,52.354912,4.9522,Amsterdam,Bilinmiyor,1
37493,Oetgensstraat 9,Stadtwerke Clausthal-Zellerfeld,52.354908,4.907969,Amsterdam,Bilinmiyor,1
37491,Vrolikstraat 8,Stadtwerke Clausthal-Zellerfeld,52.354746,4.912152,Amsterdam,Bilinmiyor,1
37489,C.K. Eloutstraat 30,Essent (NL),52.354718,4.812068,Amsterdam,Bilinmiyor,1
37488,Johannes Vermeerstraat 79-1,Essent (NL),52.354708,4.884423,Amsterdam,Bilinmiyor,1
37481,Zeussingel 63,Shell Recharge Solutions (BE),52.3542823791504,5.15036296844482,Almere,Bilinmiyor,1
37478,Krugerplein 23-2,Essent (NL),52.354006,4.920397,Amsterdam,Bilinmiyor,1
37476,Waldeck Pyrmontlaan 9,Stadtwerke Clausthal-Zellerfeld,52.353874,4.857462,Amsterdam,Bilinmiyor,1
37475,Galileïplantsoen 56,Essent (NL),52.353717,4.940267,Amsterdam,Bilinmiyor,1
37473,Emmalaan 21,Essent (NL),52.353645,4.863585,Amsterdam,Bilinmiyor,1
37471,Zwanebloemlaan 224,Essent (NL),52.353593,4.995624,Amsterdam,Bilinmiyor,1
37468,Franz Zieglerstraat,Essent (NL),52.353462,5.006051,Amsterdam,Bilinmiyor,1
37466,Linnaeusparkweg 92-1,Essent (NL),52.353365,4.935011,Amsterdam,Bilinmiyor,1
37463,Prins Hendriklaan 49,Essent (NL),52.353133,4.860265,Amsterdam,Bilinmiyor,1
37462,Tweede Schinkelstraat 156,Essent (NL),52.353118,4.853546,Amsterdam,Bilinmiyor,1
37461,Poulinkstraat 5-1,EVnetNL,52.353062,6.661598,Almelo,Bilinmiyor,1
37460,Linnaeushof 92-1,Essent (NL),52.352936,4.932446,Amsterdam,Bilinmiyor,1
37459,Woestduinstraat 59-H,Essent (NL),52.352898,4.848027,Amsterdam,Bilinmiyor,1
37455,Roelof Hartplein 23-O,Essent (NL),52.352874,4.883305,Amsterdam,Bilinmiyor,1
37453,Hegeraatstraat 58,Essent (NL),52.352818,4.813506,Amsterdam,Bilinmiyor,1
37452,Bavinkstraat,EVnetNL,52.352777,6.666158,Almelo,Bilinmiyor,1
37450,Cissy van Marxveldtstraat 39,EVBox,52.35305,5.18513,Almere,Bilinmiyor,1
37449,James Wattstraat 2-H,Essent (NL),52.352705,4.926606,Amsterdam,Bilinmiyor,1
37448,Pieter Aertszstraat 99-1,Essent (NL),52.35265,4.90255,Amsterdam,Bilinmiyor,1
37444,Julius Pergerstraat 139,Essent (NL),52.352468,5.002858,Amsterdam,Bilinmiyor,1
37443,Linnaeushof 40-1,Essent (NL),52.352462,4.935196,Amsterdam,Bilinmiyor,1
37442,Johan Braakensiekhof 9,Greenflux,52.352328276185,4.817601442337,Amsterdam,Bilinmiyor,1
37441,Legmeerstraat 45-1,Essent (NL),52.352318,4.851402,Amsterdam,Bilinmiyor,1
37440,Koninginneweg 209,Essent (NL),52.352242,4.859854,Amsterdam,Bilinmiyor,1
37439,Oplagestraat 3,EVBox,52.3524,5.17701,Almere,Bilinmiyor,1
37437,Wethouder Frankeweg 33-2,Essent (NL),52.351857,4.936671,Amsterdam,Bilinmiyor,1
37436,Ortler 67,Essent (NL),52.351834,4.775582,Amsterdam,Bilinmiyor,1
37435,Joh.M. Coenenstraat 29-1,Essent (NL),52.351752,4.880097,Amsterdam,Bilinmiyor,1
37434,Pieter Calandlaan 893,Essent (NL),52.351748,4.799083,Amsterdam,Bilinmiyor,1
37432,Prof. R. Casimirstraat 85,Essent (NL),52.351707,4.809354,Amsterdam,Bilinmiyor,1
37431,Lutmastraat 180A,Essent (NL),52.351483,4.902533,Amsterdam,Bilinmiyor,1
37429,Maassluisstraat,Essent (NL),52.351421,4.836382,Amsterdam,Bilinmiyor,1
37426,Kerklaan 97A,EVBox,52.3509,4.61558,Heemstede,Bilinmiyor,1
37423,Strandboulevard West,EVnetNL,52.351228,5.616185,Harderwijk,Bilinmiyor,2
37422,d'Yserinckweg 42,EVnetNL,52.351199,4.678705,Haarlemmermeer,Bilinmiyor,1
37413,Burgemeester Tellegenstraat 200,Essent (NL),52.35079,4.899953,Amsterdam,Bilinmiyor,1
37412,Brouwerstraat 3 Schippergarage,EVBox,52.3680021,5.21761390000006,Almere,Public - Membership Required,1
37410,Le Tourmalet 12,Essent (NL),52.350731,4.774112,Amsterdam,Bilinmiyor,1
37407,Cornelis Trooststraat 85-1,Essent (NL),52.350662,4.890527,Amsterdam,Bilinmiyor,1
37405,Eva Besnyöstraat 439,Essent (NL),52.350409,5.007332,Amsterdam,Bilinmiyor,1
37402,Baarsstraat 27A,Essent (NL),52.349995,4.854641,Amsterdam,Bilinmiyor,1
37401,Gruttoplein 20,EVnetNL,52.349958,4.978222,Diemen,Bilinmiyor,1
37396,Rietwijkerstraat 36-1,Essent (NL),52.349523,4.84872,Amsterdam,Bilinmiyor,1
37393,Vätternkade 77,Essent (NL),52.349399,4.782058,Amsterdam,Bilinmiyor,1
37392,Europaboulevard,EVBox,52.3342774301877,4.88961460317989,Amsterdam,Public,4
37391,Holendrechtstraat 6-1,Essent (NL),52.349268,4.908849,Amsterdam,Bilinmiyor,1
37390,Jozef Israëlskade 97-3,Essent (NL),52.349259,4.903719,Amsterdam,Bilinmiyor,1
37386,Weemeweg 62,EVnetNL,52.348537077164,5.9806381165981,Epe,Bilinmiyor,1
37384,Gerrit van der Veenstraat 121-2,Essent (NL),52.348822,4.871639,Amsterdam,Bilinmiyor,1
37381,Kruislaan 182,Essent (NL),52.348422,4.941798,Amsterdam,Bilinmiyor,1
37380,Karperstraat 2,Essent (NL),52.348321,4.856233,Amsterdam,Bilinmiyor,1
37378,Luttekepoortstraat,Stadtwerke Clausthal-Zellerfeld,52.348304417369,5.6210786104202,Harderwijk,Bilinmiyor,2
37377,Zijweer 11,EVnetNL,52.348275,4.677313,Haarlemmermeer,Bilinmiyor,1
37375,Korte Veenteweg 4,Bilinmiyor,52.348247071457,5.9920804202557,Epe,Bilinmiyor,2
37374,Abbenesstraat 5,Essent (NL),52.34806,4.847159,Amsterdam,Bilinmiyor,1
37371,Amsteldijk 128A,Essent (NL),52.347793,4.910975,Amsterdam,Bilinmiyor,1
37370,Watersnipweg,Bilinmiyor,52.347609707597,5.2877497673035,Almere,Bilinmiyor,2
37368,Pond Sterlinglaan 47,Essent (NL),52.347557,4.788475,Amsterdam,Bilinmiyor,1
37366,Transistorstraat 101,EVBox,52.34719,5.17443,Almere,Bilinmiyor,1
37364,Doelenstraat 10,EVnetNL,52.347429,5.618207,Harderwijk,Bilinmiyor,2
37363,Churchill-laan 232-1,Essent (NL),52.347393,4.890615,Amsterdam,Bilinmiyor,1
37362,Rubensstraat 64-1,Essent (NL),52.347264,4.87364,Amsterdam,Bilinmiyor,1
37361,Aalsmeerplein 8-1,Essent (NL),52.347209,4.846253,Amsterdam,Bilinmiyor,1
37360,Arsenaal 11,EVnetNL,52.347202,4.680272,Haarlemmermeer,Bilinmiyor,1
37359,Schipholweg 645,Shell Recharge Solutions (BE),52.3470993041992,4.75012016296387,Haarlemmermeer,Bilinmiyor,1
37357,Clara Meyer-Wichmannstraat 28,Essent (NL),52.347071,4.922374,Amsterdam,Bilinmiyor,1
37354,Haringvlietstraat 2,Essent (NL),52.346913,4.886604,Amsterdam,Bilinmiyor,1
37350,Overgouw 114,EVBox,52.34688,5.21876,Almere,Bilinmiyor,1
37349,Raadhuisplein,EVnetNL,52.34657,4.620124,Heemstede,Bilinmiyor,2
37348,Amstelveenseweg 310,Essent (NL),52.346504,4.857322,Amsterdam,Bilinmiyor,1
37347,Beethovenstraat 108-1,Essent (NL),52.346455,4.876673,Amsterdam,Bilinmiyor,1
37343,Van der Kunstraat 18,Essent (NL),52.346201,4.914683,Amsterdam,Bilinmiyor,1
37342,Michelangelostraat 66,Essent (NL),52.346091,4.871042,Amsterdam,Bilinmiyor,1
37341,Willem Royaardsstraat,Essent (NL),52.346083,4.884823,Amsterdam,Bilinmiyor,1
37338,Harmonielaan,EVnetNL,52.345804,5.614988,Harderwijk,Bilinmiyor,2
37332,Transistorstraat,EVBox,52.34492,5.1798,Almere,Bilinmiyor,1
37326,Biesboschstraat 89-3,Essent (NL),52.344949,4.89589,Amsterdam,Bilinmiyor,1
37325,Stadionkade 15-1,Essent (NL),52.344873,4.873614,Amsterdam,Bilinmiyor,1
37324,Amstellaan 10,EVnetNL,52.344846,4.602713,Heemstede,Bilinmiyor,2
37321,Cruquiusweg 25,EVBox,52.34478,4.62746,Heemstede,Bilinmiyor,1
37319,Stadionkade 68-1,Essent (NL),52.34451,4.868612,Amsterdam,Bilinmiyor,1
37318,Wielingenstraat 26R,Essent (NL),52.344447,4.888573,Amsterdam,Bilinmiyor,1
37315,Lekstraat 170-1,Essent (NL),52.344244,4.902147,Amsterdam,Bilinmiyor,1
37314,Stadionkade 95-H,Nuon,52.3440179,4.8657129,Amsterdam,Bilinmiyor,1
37312,Middenweg 340,Essent (NL),52.343805,4.946243,Amsterdam,Bilinmiyor,1
37311,Prinses Margrietstraat 5,Essent (NL),52.343553,4.874207,Amsterdam,Bilinmiyor,1
37309,Europaplein,EVBox,52.3401833486496,4.89040665501716,Amsterdam,Bilinmiyor,1
37308,Kobaltstraat,EVBox,52.34267,5.16102,Almere,Bilinmiyor,1
37307,Torricellistraat 8,Essent (NL),52.343231,4.923322,Amsterdam,Bilinmiyor,1
37306,Uiterwaardenstraat 41-1,Essent (NL),52.343204,4.910084,Amsterdam,Bilinmiyor,1
37304,Brandts Buysstraat 3,Essent (NL),52.343084,4.871334,Amsterdam,Bilinmiyor,1
37303,Rooseveltlaan 183-1,Essent (NL),52.34304,4.897242,Amsterdam,Bilinmiyor,1
37302,Zomerspelenstraat,EVnetNL,52.34301,5.15097,Almere,Bilinmiyor,1
37301,Schaarbeekstraat 40,Essent (NL),52.342962,4.805561,Amsterdam,Bilinmiyor,1
37300,Ambachtsmark 84,Shell Recharge Solutions (BE),52.3429412841797,5.22285461425781,Almere,Bilinmiyor,1
37298,Kortrijk 131,Essent (NL),52.34291,4.802307,Amsterdam,Bilinmiyor,1
37296,van Dijkstraat 25,Shell Recharge Solutions (BE),52.3427359,4.9696984,Diemen,Bilinmiyor,1
37294,Stevinstraat 18,Shell Recharge Solutions (BE),52.3426017761231,4.78353977203369,Haarlemmermeer,Bilinmiyor,1
37293,Waalstraat 136-1,Essent (NL),52.342573,4.901902,Amsterdam,Bilinmiyor,1
37292,Molenlaan 6,Shell Recharge Solutions (BE),52.3425674438477,4.61927652359009,Heemstede,Bilinmiyor,1
37291,Valschermkade 19,Essent (NL),52.342303,4.845679,Amsterdam,Bilinmiyor,1
37288,Hartenveld 51,Shell Recharge Solutions (BE),52.3419647216797,5.19532871246338,Almere,Bilinmiyor,1
37285,Meerweg 9,EVnetNL,52.341773,4.625374,Heemstede,Bilinmiyor,1
37283,Ambachtsmark,EVBox,52.34166,5.22627,Almere,Bilinmiyor,1
37280,Europaplein,Stadtwerke Clausthal-Zellerfeld,52.341009,4.889675,Amsterdam,Bilinmiyor,1
37279,Beethovenstraat 298,Stadtwerke Clausthal-Zellerfeld,52.34082,4.876763,Amsterdam,Bilinmiyor,1
37278,President Kennedylaan 112-1,Essent (NL),52.340692,4.908724,Amsterdam,Bilinmiyor,1
37277,IJsbaanpad 98,Essent (NL),52.340665,4.849793,Amsterdam,Bilinmiyor,1
37274,Strawinskylaan 93,EVBox,52.340236899989,4.87402666931155,Amsterdam,Bilinmiyor,1
37272,Joseph Schumpeterstraat,EVBox,52.33996,4.82105,Amsterdam,Bilinmiyor,1
37270,Jaagpad 38,Essent (NL),52.339961,4.846202,Amsterdam,Bilinmiyor,1
37268,Damveld 5,Shell Recharge Solutions (BE),52.3397483825684,5.18673753738403,Almere,Bilinmiyor,1
37267,Tweede Amstelvlietpad 1,Essent (NL),52.339144,4.917703,Amsterdam,Bilinmiyor,1
37265,Prins Mauritslaan 46A,EVBox,52.33858,5.62817,Harderwijk,Bilinmiyor,1
37263,Antonio Vivaldistraat 150,EVBox,52.3378605,4.8845592,Amsterdam,Bilinmiyor,1
37262,Spaklerweg 20,EVBox,52.33782,4.91565,Amsterdam,Bilinmiyor,1
37260,Kolkgriend 51,EVnetNL,52.337669,5.235558,Almere,Bilinmiyor,1
37259,Gustav Mahlerlaan,Shell Recharge Solutions (BE),52.3372917175293,4.8711256980896,Amsterdam,Bilinmiyor,1
37258,Schoolstraat,EVnetNL,52.337194,5.220265,Almere,Bilinmiyor,2
37257,Gustav Mahlerlaan,Bilinmiyor,52.337142702195,4.8717209504014,Amsterdam,Bilinmiyor,4
37256,Wintertalinglaan 15,Shell Recharge Solutions (BE),52.3370819091797,5.3037838935852,Almere,Bilinmiyor,1
37255,Jan Schamhartstraat 5/A,EVnetNL,52.337022,6.11101,Olst-Wijhe,Bilinmiyor,1
37254,Gustav Mahlerlaan,Stadtwerke Clausthal-Zellerfeld,52.336926887593,4.8743518065681,Amsterdam,Bilinmiyor,1
37252,Lage Wei 18,EVnetNL,52.336376,5.608508,Harderwijk,Bilinmiyor,2
37251,Bennebroekerdijk 244,Shell Recharge Solutions (BE),52.3362770080566,4.62933349609375,Haarlemmermeer,Bilinmiyor,2
37250,Gustav Mahlerlaan 3004,Shell Recharge Solutions (BE),52.3360888,4.86121589999993,Amsterdam,Bilinmiyor,1
37248,Gustav Mahlerlaan,Shell Recharge Solutions (BE),52.3360136,4.8750552,Amsterdam,Bilinmiyor,1
37247,Antonio Vivaldistraat 50,Essent (NL),52.335972,4.885306,Amsterdam,Bilinmiyor,1
37246,Vlasdonk 11,EVnetNL,52.33577,4.94978,Diemen,Bilinmiyor,1
37245,Barbara Strozzilaan 388,Shell Recharge Solutions (BE),52.3357391357422,4.88891172409058,Amsterdam,Bilinmiyor,1
37244,Bennebroekerdijk 230C,Shell Recharge Solutions (BE),52.3356466769898,4.62762021952949,Haarlemmermeer,Bilinmiyor,1
37240,Spaarneweg 33,EVnetNL,52.334867,4.632142,Haarlemmermeer,Bilinmiyor,1
37238,Boekhorstlaan 1,EVnetNL,52.334811,5.641081,Harderwijk,Bilinmiyor,2
37237,Daniël Goedkoopstraat 13B,Essent (NL),52.334565,4.922406,Amsterdam,Bilinmiyor,1
37234,Wedderborg 2,Essent (NL),52.334344,4.873365,Amsterdam,Bilinmiyor,1
37230,de Pas 58,Shell Recharge Solutions (BE),52.3340530395508,6.10640573501587,Olst-Wijhe,Bilinmiyor,1
37229,Bavinkelsweg,EVBox,52.33357,6.69323,Almelo,Bilinmiyor,1
37226,Dorpsplein,EVnetNL,52.332771,6.280817,Raalte,Bilinmiyor,1
37225,Havenhoofd 104,EVnetNL,52.332765,5.218263,Almere,Bilinmiyor,2
37224,Amstelveenseweg 740C,Essent (NL),52.332756,4.856987,Amsterdam,Bilinmiyor,1
37223,De Ral 49,Bilinmiyor,52.332627,6.639258,Almelo,Bilinmiyor,1
37221,Verrijn Stuartweg 12,Shell Recharge Solutions (BE),52.3321571350098,4.96333360671997,Diemen,Bilinmiyor,1
37219,Arent Janszoon Ernststraat 865A,Essent (NL),52.332002,4.869918,Amsterdam,Bilinmiyor,1
37218,Leuvenumseweg N302,Ecotap,52.33135,5.641793,Harderwijk,Bilinmiyor,2
37216,Elspeterbosweg 12,EVnetNL,52.331264,5.828564,Nunspeet,Bilinmiyor,1
37214,Polderland 103,Shell Recharge Solutions (BE),52.3308792114258,4.95267248153686,Diemen,Bilinmiyor,1
37212,Bornsestraat 58,EVBox,52.32969,6.7858,Dinkelland,Bilinmiyor,1
37211,Weesperweg 2a,EVnetNL,52.330229,5.06542,Muiden,Bilinmiyor,2
37207,Bosbaanweg,Essent (NL),52.328153,4.854863,Amstelveen,Bilinmiyor,1
37204,Van Nijenrodeweg 2,Essent (NL),52.327602,4.884914,Amsterdam,Bilinmiyor,1
37203,G.A. Heinzelaan 4,EVnetNL,52.327538,5.117311,Muiden,Bilinmiyor,2
37201,Van Nijenrodeweg 649,Essent (NL),52.327432,4.871557,Amsterdam,Bilinmiyor,1
37199,Twentepoort West 38,Shell Recharge Solutions (BE),52.3269081115723,6.644935131073,Almelo,Bilinmiyor,1
37196,Diemerhof 12,EVnetNL,52.326391,4.95227,Diemen,Bilinmiyor,1
37195,Gildenveld,Shell Recharge Solutions (BE),52.3262329101562,5.52988815307617,Zeewolde,Bilinmiyor,1
37193,Nooit Gedacht 46,EVnetNL,52.326208,5.071602,Muiden,Bilinmiyor,2
37188,Elspeterbosweg 74,Stadtwerke Clausthal-Zellerfeld,52.32559,5.82375,Nunspeet,Bilinmiyor,1
37186,Spaarnepoort 1,Shell Recharge Solutions (BE),52.3255271911621,4.65365219116211,Haarlemmermeer,Bilinmiyor,1
37181,Van Boshuizenstraat 409,Vattenfall InCharge,52.324685,4.879872,Amsterdam,Bilinmiyor,1
37180,Spaarnepoort 2A,Bilinmiyor,52.324478348588,4.654542893393,Haarlemmermeer,Bilinmiyor,2
37179,Tonselsedreef 335,EVnetNL,52.324464,5.602711,Harderwijk,Bilinmiyor,2
37175,Ouborg 10,Essent (NL),52.323437,4.887151,Amsterdam,Bilinmiyor,1
37174,Horloseweg,EVnetNL,52.32336,5.578496,Ermelo,Bilinmiyor,1
37172,Bijlmerdreef,Essent (NL),52.322663,4.973384,Amsterdam Zuidoost,Bilinmiyor,1
37171,De Duizendmeterweg 2,Essent (NL),52.322632,4.832246,Amstelveen,Bilinmiyor,1
37169,Albert Camuslaan 119,Essent (NL),52.322249,4.94283,Amsterdam,Bilinmiyor,1
37167,Zuidtangent,EVBox,52.32231,4.77459,Haarlemmermeer,Bilinmiyor,1
37166,Amstelveenseweg 965,Essent (NL),52.32189,4.85846,Amsterdam,Bilinmiyor,1
37164,Fokko Kortlanglaan,Shell Recharge Solutions (BE),52.3210703824364,5.60834646224976,Harderwijk,Bilinmiyor,2
37163,Uilenstede,Shell Recharge Solutions (BE),52.3209457397461,4.87462997436523,Amstelveen,Bilinmiyor,1
37162,A35,EVBox,52.32053,6.65652,Almelo,Bilinmiyor,1
37161,Kolklanden 3,Shell Recharge Solutions (BE),52.3200340270996,6.76198053359985,Borne,Bilinmiyor,1
37159,Harderwijkerweg,Shell Recharge Solutions (BE),52.3198852539062,5.6233606338501,Ermelo,Bilinmiyor,1
37157,Prof. E.M. Meijerslaan 2,Shell Recharge Solutions (BE),52.3179118,4.87390210000001,Amstelveen,Bilinmiyor,1
37156,Nijverheidsstraat 42B,EVBox,52.31744,6.51927,Rijssen-Holten,Bilinmiyor,1
37154,Waterstaete 2,EVBox,52.31757,4.6334,Haarlemmermeer,Bilinmiyor,1
37148,Bijlmermeerstraat 18A,Shell Recharge Solutions (BE),52.3163871765137,4.68923377990723,Haarlemmermeer,Bilinmiyor,1
37147,Weerterbos 63,Shell Recharge Solutions (BE),52.3161277770996,4.65384674072266,Haarlemmermeer,Bilinmiyor,1
37146,Palmbosweg,Bilinmiyor,52.316072484728,5.5648585036397,Ermelo,Bilinmiyor,2
37145,Bijlmerplein 526,Bilinmiyor,52.316036113815,4.9551448593814,Amsterdam Zuidoost,Bilinmiyor,2
37144,Karspeldreef,Essent (NL),52.316033,4.978537,Amsterdam Zuidoost,Bilinmiyor,1
37142,Smidspol,Shell Recharge Solutions (BE),52.2400999109934,5.48219117301642,Nijkerk,Bilinmiyor,1
37141,Nassaupark 1,EVnetNL,52.315711,4.851114,Amstelveen,Bilinmiyor,1
37140,Kuilakkerweg 11,Shell Recharge Solutions (BE),52.3153266906738,5.97285318374634,Epe,Bilinmiyor,1
37139,Bijlmerplein,Bilinmiyor,52.315024438734,4.9521260331352,Amsterdam Zuidoost,Bilinmiyor,2
37137,Galvanistraat 7,Shell Recharge Solutions (BE),52.3147939939186,6.51922753453221,Rijssen-Holten,Bilinmiyor,2
37134,Hogeweyselaan 165,Shell Recharge Solutions (NL),52.3143824,5.027017800000067,Weesp,"Private - For Staff, Visitors or Customers",2
37127,Graftermeerstraat 34,EVBox,52.31343,4.6924,Haarlemmermeer,Bilinmiyor,1
37126,Bijlmerplein 700,Bilinmiyor,52.313456870413,4.9546258519371,Amsterdam Zuidoost,Bilinmiyor,2
37124,Jan Jansstraat 20,Shell Recharge Solutions (BE),52.3131370544434,6.91368341445923,Oldenzaal,Bilinmiyor,1
37123,Loosdrechtdreef,Stadtwerke Clausthal-Zellerfeld,52.313131,4.990207,Amsterdam,Bilinmiyor,1
37122,Bijlmerplein,Stadtwerke Clausthal-Zellerfeld,52.312994,4.949204,Amsterdam Zuidoost,Bilinmiyor,1
37121,Deurningerstraat 42,Shell Recharge Solutions (BE),52.3118629455566,6.92466831207275,Oldenzaal,Bilinmiyor,1
37120,Ganzenmarkt 44,EVnetNL,52.311744,6.930007,Oldenzaal,Bilinmiyor,1
37119,Gaasperdammerpad,Essent (NL),52.311729,4.986278,Amsterdam,Bilinmiyor,1
37118,Nieuwe Meerlaan 3,Essent (NL),52.311706,4.820133,Amstelveen,Bilinmiyor,1
37117,Buitenbrinkweg 83,EVBox,52.31155,5.56504,Ermelo,Bilinmiyor,1
37116,Hogeweyselaan 73,EVnetNL,52.311516,5.027395999999953,Weesp,Public,1
37115,De entree 11,Allego BV,52.311417,4.939417,Amsterdam,Bilinmiyor,1
37114,Stationsdwarsweg 7,EVnetNL,52.311377,6.520223,Rijssen-Holten,Bilinmiyor,1
37113,Stationsplein Zuid-West 951,EVBox,52.31092,4.81138,Schiphol,"Private - For Staff, Visitors or Customers",1
37110,Bilderdijklaan 10,EVnetNL,52.310505,4.84505,Amstelveen,Bilinmiyor,2
37100,Molenweg 7A,EVnetNL,52.308303,4.848318,Amstelveen,Bilinmiyor,2
37098,"P+R Arena, P-1, Amsterdam",Allego BV,52.3136662181679,4.9412730080261,Ouder-Amstel,Public,20
37095,IJsselmeerweg 2,Bilinmiyor,52.307304115339,5.1433349400759,Naarden,Bilinmiyor,1
37093,Huntum 72,Essent (NL),52.307099,4.96167,Amsterdam Zuidoost,Bilinmiyor,1
37092,Schiphol Boulevard 701,EVBox,52.30665,4.75668,Haarlemmermeer,Bilinmiyor,1
37091,Kruisweg 1025,EVnetNL,52.306407,4.691462,Haarlemmermeer,Bilinmiyor,1
37090,Oudegracht 65,EVnetNL,52.306319,5.042438,Weesp,Public - Membership Required,2
37089,Burgemeester Haspelslaan 202C,Shell Recharge Solutions (BE),52.3060989379883,4.868079662323,Amstelveen,Bilinmiyor,1
37088,Sonderholm 162,EVnetNL,52.305994,4.664983,Haarlemmermeer,Bilinmiyor,1
37087,Walstraat,EVnetNL,52.305969,6.520488,Rijssen-Holten,Bilinmiyor,1
37086,Rembrandtweg,EVnetNL,52.305955,4.862668,Amstelveen,Bilinmiyor,2
37085,Bestevaer,EVnetNL,52.305913,5.242472,Huizen,Bilinmiyor,2
37083,Viskweekweg,Bilinmiyor,52.305788270773,5.9982629657316,Epe,Bilinmiyor,2
37082,De Savornin Lohmanlaan 26,EVnetNL,52.305755,4.853983,Amstelveen,Bilinmiyor,2
37080,Draverslaan 25,Shell Recharge Solutions (BE),52.305657855448,4.6963763237,Haarlemmermeer,Bilinmiyor,2
37078,Hakfort 133,Essent (NL),52.305529,4.958092,Amsterdam Zuidoost,Bilinmiyor,1
37077,Havenstraat 71,Bilinmiyor,52.305468947892,5.2403201246261,Huizen,Bilinmiyor,2
37075,Havenmeesterweg,EVBox,52.30533,4.7595,Haarlemmermeer,Bilinmiyor,1
37073,Draverslaan 11,Shell Recharge Solutions (BE),52.3051567077637,4.6953239440918,Haarlemmermeer,Bilinmiyor,1
37072,Lange Stammerdijk 9D,Essent (NL),52.305108,5.013636,Amsterdam,Bilinmiyor,1
37069,Deltaweg 11,Shell Recharge Solutions (BE),52.3049812316894,4.63214015960693,Haarlemmermeer,Bilinmiyor,1
37068,Hoofdweg Westzijde 679,EVBox,52.3046,4.69113,Haarlemmermeer,Bilinmiyor,1
37067,Maldenhof 13,Essent (NL),52.304831,4.96626,Amsterdam Zuidoost,Bilinmiyor,1
37064,Hendrik Andriessenlaan 1,EVnetNL,52.304217,4.710103,Haarlemmermeer,Bilinmiyor,1
37061,Maldenhof 463,Essent (NL),52.303727,4.969707,Amsterdam Zuidoost,Bilinmiyor,1
37059,Escapade,EVnetNL,52.303475,4.884163,Amstelveen,Bilinmiyor,2
37055,Stadsplein 102,Shell Recharge Solutions (BE),52.3030786,4.8588215,Amstelveen,Bilinmiyor,1
37053,Burgemeester van Stamplein 24,Bilinmiyor,52.302667669653,4.6905638360977,Haarlemmermeer,Bilinmiyor,2
37047,De Parelvisserslaan 1,EVnetNL,52.302096,4.873364,Amstelveen,Bilinmiyor,2
37044,Weerlaan 13,EVBox,52.30178,4.58902,Hillegom,Bilinmiyor,1
37043,Handelsplein 41,Bilinmiyor,52.30155102044,4.8654198646545,Amstelveen,Bilinmiyor,1
37042,Laan Nieuwer-Amstel,EVnetNL,52.301541,4.844437,Amstelveen,Bilinmiyor,2
37041,Radeweg 14,Shell Recharge Solutions (BE),52.3014526367188,5.98939561843872,Epe,Bilinmiyor,1
37040,Handelsplein 53,Shell Recharge Solutions (BE),52.301399230957,4.86604452133179,Amstelveen,Bilinmiyor,1
37039,Burgemeester van Stamplein 280B,Bilinmiyor,52.301352254205,4.693138756752,Haarlemmermeer,Bilinmiyor,2
37038,Dokter van Dalelaan,EVnetNL,52.301321,5.614796,Ermelo,Bilinmiyor,1
37037,Amsteldijk Noord 34,EVnetNL,52.301276,4.898979,Amstelveen,Bilinmiyor,1
37036,Muiderzand 24,Shell Recharge Solutions (BE),52.301082611084,5.27719116210938,Huizen,Bilinmiyor,1
37033,Markenburg 143,EVnetNL,52.300833,4.664954,Haarlemmermeer,Bilinmiyor,1
37030,Raadhuisplein,Stadtwerke Clausthal-Zellerfeld,52.300081389496,4.6969449520111,Haarlemmermeer,Bilinmiyor,1
37029,Muntbergweg 16,EVBox,52.30009,4.94509,Amsterdam Zuidoost,Bilinmiyor,1
37028,Meander 1019D-6,Shell Recharge Solutions (BE),52.2999741,4.86710840000001,Amstelveen,Bilinmiyor,1
37027,Stationsstraat 77A,Bilinmiyor,52.299882919972,5.623200237751,Ermelo,Bilinmiyor,2
37026,Plein 2000 123,EVnetNL,52.299858,5.24067,Huizen,Bilinmiyor,2
37025,Klaas van Reeuwijkstraat 60,EVnetNL,52.299678,4.690641,Haarlemmermeer,Bilinmiyor,1
37024,De Bolkshoek,EVnetNL,52.299615,6.755815,Borne,Bilinmiyor,1
37022,De Koem,EVnetNL,52.299443,6.758378,Borne,Bilinmiyor,1
37021,Paasheuvelweg 35,EVBox,52.29891,4.95157,Amsterdam Zuidoost,Bilinmiyor,1
37020,RWH Hofstede Crullstraat 51,EVnetNL,52.299175,6.748551,Borne,Bilinmiyor,2
37019,Binnenweg 12,EVBox,52.29858,4.6919,Haarlemmermeer,Bilinmiyor,1
37015,Schuttersveldstraat 22-TR,EVBox,52.29862,6.92855,Oldenzaal,Bilinmiyor,1
37014,Snijdersbergweg 101,Stadtwerke Clausthal-Zellerfeld,52.298534,4.946561,Amsterdam Zuidoost,Bilinmiyor,1
37013,Stationsstraat 37,EVBox,52.29822,6.75123,Borne,Bilinmiyor,1
37011,Wisseloordplein 10,Essent (NL),52.297601,4.987696,Amsterdam Zuidoost,Bilinmiyor,1
37009,E. Ludenstraat 27,EVnetNL,52.297526,5.241436,Huizen,Bilinmiyor,1
37008,Jan Nautahof 2,Essent (NL),52.297095,4.995891,Amsterdam,Bilinmiyor,1
37007,Rietwijkeroordweg 64,Shell Recharge Solutions (BE),52.2969548,4.8158897,Aalsmeer,Bilinmiyor,1
37006,Struikakkers 27,EVnetNL,52.296935,5.623473,Ermelo,Bilinmiyor,1
37005,Raadhuislaan 2,EVnetNL,52.29684,4.904447,Ouder-Amstel,Bilinmiyor,1
37004,Raalterweg 38,EVBox,52.29649,6.39415,Rijssen-Holten,Bilinmiyor,1
37003,Femina Mullerstraat 92,EVnetNL,52.2961,4.668983,Haarlemmermeer,Bilinmiyor,1
37001,Straatsburg 102,EVnetNL,52.295827,6.805848,Hengelo,Bilinmiyor,2
36999,Schurenbergweg 5A,Stadtwerke Clausthal-Zellerfeld,52.29564,4.949052,Amsterdam Zuidoost,Bilinmiyor,1
36998,Reggestraat 100,EVnetNL,52.295639,6.579716,Wierden,Bilinmiyor,2
36997,Anna Blamanstraat 82,EVnetNL,52.295421,4.663672,Haarlemmermeer,Bilinmiyor,1
36996,Aristoteleslaan 55,Shell Recharge Solutions (BE),52.2953567504883,5.27581310272217,Huizen,Bilinmiyor,1
36995,Handweg 103C,EVnetNL,52.29518,4.844381,Amstelveen,Bilinmiyor,2
36993,Renooiplein 9,Essent (NL),52.294588,4.975317,Amsterdam Zuidoost,Bilinmiyor,1
36992,Seringweg 96,Shell Recharge Solutions (BE),52.2945365905762,5.64064788818359,Ermelo,Bilinmiyor,1
36991,Saturnusstraat 60,EVnetNL,52.294527,4.698435,Haarlemmermeer,Bilinmiyor,1
36990,Nieuwe Bussummerweg 67,Shell Recharge Solutions (BE),52.2945116032343,5.22711575031281,Huizen,Bilinmiyor,1
36988,Antareslaan,Shell Recharge Solutions (BE),52.2942543029785,4.71102714538574,Haarlemmermeer,Bilinmiyor,2
36987,Huizerstraatweg 28A-79,EVBox,52.29367,5.18031,Naarden,Bilinmiyor,1
36986,Noorddammerlaan,EVnetNL,52.293618,4.833962,Amstelveen,Bilinmiyor,2
36984,Nederhoven 62,EVBox,52.29339,4.9192,Ouder-Amstel,Bilinmiyor,1
36981,Van Limburg Stirumstraat 20,EVBox,52.29312,5.22649,Huizen,Bilinmiyor,1
36977,Binnenveldweg 12,EVnetNL,52.292331,6.812315,Hengelo,Bilinmiyor,2
36976,Hoeksteen 60,Stadtwerke Clausthal-Zellerfeld,52.292268,4.726212,Haarlemmermeer,Bilinmiyor,1
36975,Smaragdlaan 16,Stadtwerke Clausthal-Zellerfeld,52.292152,4.685867,Haarlemmermeer,Bilinmiyor,1
36973,Opaallaan 15,EVnetNL,52.292098,4.68139,Haarlemmermeer,Bilinmiyor,1
36972,Nachtegaalweg 2f,EVnetNL,52.291978,5.782156,Nunspeet,Bilinmiyor,2
36971,Watersnip 24,Shell Recharge Solutions (BE),52.2919731140137,4.90769481658935,Ouder-Amstel,Bilinmiyor,1
36967,Rijkerstreek 1,EVBox,52.29128,4.73443,Schiphol-Zuid,Bilinmiyor,1
36965,Taurusavenue,Shell Recharge Solutions (BE),52.291145324707,4.70162725448608,Haarlemmermeer,Bilinmiyor,1
36964,Diamantlaan 10,Shell Recharge Solutions (BE),52.2953,4.67864199999997,Haarlemmermeer,Bilinmiyor,1
36961,Taurusavenue 18,Bilinmiyor,52.29044228847,4.703586101532,Haarlemmermeer,Bilinmiyor,2
36960,Saffierlaan 4,EVnetNL,52.290282,4.686028,Haarlemmermeer,Bilinmiyor,2
36959,Jacobus Spijkerdreef 238,EVBox,52.2901,4.68035,Haarlemmermeer,Bilinmiyor,1
36958,Taurusavenue 36,Bilinmiyor,52.290140417532,4.7039616107941,Haarlemmermeer,Bilinmiyor,1
36957,Parellaan 11,EVnetNL,52.290139,4.68632,Haarlemmermeer,Bilinmiyor,1
36956,Roeterdsweg 2,EVnetNL,52.289971,6.145933,Deventer,Bilinmiyor,2
36955,Amersfoortsestraatweg 16,EVnetNL,52.289792,5.170765,Naarden,Bilinmiyor,1
36954,Majella 16,EVnetNL,52.289625,4.872042,Amstelveen,Bilinmiyor,2
36952,Oosteinderweg 493,EVnetNL,52.289247,4.811752,Aalsmeer,Bilinmiyor,1
36950,Parellaan 25,EVnetNL,52.288948,4.685599,Haarlemmermeer,Bilinmiyor,2
36948,Van der Hooplaan 237,EVnetNL,52.288711,4.853067,Amstelveen,Bilinmiyor,1
36945,Wetering 117,EVnetNL,52.287834,5.265642,Blaricum,Bilinmiyor,2
36944,Startbaan 10,EVnetNL,52.287144,4.851042,Amstelveen,Bilinmiyor,2
36940,Bornsestraat 400,Shell Recharge Solutions (BE),52.2862319946289,6.77440500259399,Hengelo,Bilinmiyor,1
36939,Expolaan 50,EVBox,52.28559,6.76638,Hengelo,Bilinmiyor,1
36937,Lintelerweg 60A,EVnetNL,52.285435,6.778872,Hengelo,Bilinmiyor,1
36934,Beechavenue 400,EVBox,52.28338,4.736,Haarlemmermeer,Bilinmiyor,1
36933,Jan Toebacklaan 35,EVnetNL,52.283251,5.175264,Bussum,Bilinmiyor,1
36930,Zwartepad 14,EVnetNL,52.28306721430698,6.4222888894111065,Rijssen-Holten,Bilinmiyor,1
36925,Jacobus Verhoeflaan 4,EVBox,52.2821174910511,5.15368655952454,Naarden,Bilinmiyor,1
36924,Brediusweg 35,EVnetNL,52.281393,5.169389,Bussum,Bilinmiyor,1
36919,Capronilaan,EVnetNL,52.280443,4.768151,Haarlemmermeer,Bilinmiyor,1
36917,Jupiter 81,EVnetNL,52.279803,4.853135,Amstelveen,Bilinmiyor,2
36914,Boeingavenue 2,Shell Recharge Solutions (BE),52.278678894043,4.74959564208984,Haarlemmermeer,Bilinmiyor,1
36913,Boeingavenue 264,EVBox,52.27801,4.7547,Haarlemmermeer,Bilinmiyor,1
36912,Haagwinde 85,Shell Recharge Solutions (BE),52.277702331543,4.97210216522217,De Ronde Venen,Bilinmiyor,1
36911,Brinklaan 35,EVnetNL,52.277397,5.163663,Bussum,Bilinmiyor,2
36909,Boeingavenue 266,Bilinmiyor,52.277112070604,4.7535717487335,Haarlemmermeer,Bilinmiyor,2
36907,Jozef Israëlslaan 13,EVnetNL,52.277007,5.178979,Bussum,Bilinmiyor,2
36906,Meerweg 17B,EVnetNL,52.276246,5.155474,Bussum,Bilinmiyor,1
36905,Regentesselaan 1,EVnetNL,52.275727,5.147955,Bussum,Bilinmiyor,1
36904,Boeingavenue 275,Essent (NL),52.275432,4.751405,Haarlemmermeer,Bilinmiyor,1
36902,Helsinkilaan 1,EVnetNL,52.274773,4.632073,Haarlemmermeer,Bilinmiyor,1
36901,Veldweg 28,EVnetNL,52.274542,5.160836,Bussum,Bilinmiyor,2
36899,Klompweg 6c,EVBox,52.27593,5.03138,Stichtse Vecht,Bilinmiyor,1
36898,Tamarindelaan 16,EVnetNL,52.274158,4.833105,Amstelveen,Bilinmiyor,2
36895,Herfstpark 11,Shell Recharge Solutions (BE),52.2739372253418,4.61981678009033,Haarlemmermeer,Bilinmiyor,1
36894,Louis Couperussingel 15,EVnetNL,52.273908,4.826987,Amstelveen,Bilinmiyor,2
36893,Nieuwe 's-Gravelandseweg 48C,EVnetNL,52.273547,5.153707,Bussum,Bilinmiyor,2
36892,J.H. van 't Hoffweg 12,EVnetNL,52.273528,5.179174,Bussum,Bilinmiyor,2
36891,Zwartelaan 2A,EVBox,52.27292,4.56309,Lisse,Bilinmiyor,1
36890,Tamarindelaan 51,EVnetNL,52.272852,4.832718,Amstelveen,Bilinmiyor,2
36889,Havezatenlaan 1-13,EVBox,52.27277,6.80628,Hengelo,Bilinmiyor,1
36887,Reestein 16,Shell Recharge Solutions (BE),52.2723207,4.6173248,Haarlemmermeer,Bilinmiyor,1
36886,'t Raboes,Shell Recharge Solutions (BE),52.2716941833496,5.32808780670166,Eemnes,Bilinmiyor,1
36883,Garderenseweg 109,Shell Recharge Solutions (BE),52.2714042663574,5.71078824996948,Ermelo,Bilinmiyor,1
36882,Iepenlaan 26,EVBox,52.27091,5.15856,Bussum,Bilinmiyor,1
36881,'t Markvelt,EVnetNL,52.271004,4.974597,De Ronde Venen,Bilinmiyor,2
36878,Torenlaan 11,Bilinmiyor,52.270956428006,5.1647931420803,Bussum,Bilinmiyor,1
36875,Vennicxstraat 28A,Shell Recharge Solutions (BE),52.2704031,4.96904989999996,De Ronde Venen,Bilinmiyor,1
36874,'t Markvelt 8,EVBox,52.27054,4.9764100000000004,De Ronde Venen,Bilinmiyor,1
36873,Burgemeester de Bordesstraat 86,Shell Recharge Solutions (BE),52.2703247070312,5.16146898269653,Bussum,Bilinmiyor,1
36872,Doctor Abraham Kuyperlaan 3,EVnetNL,52.270153,5.175041,Bussum,Bilinmiyor,2
36871,Hampshire 13,Shell Recharge Solutions (BE),52.2697585,6.7858467,Hengelo,Bilinmiyor,1
36870,Torenlaan 33,Shell Recharge Solutions (BE),52.2697257995606,5.23765468597412,Blaricum,Bilinmiyor,1
36868,Haverstraat 36,Shell Recharge Solutions (BE),52.269359588623,4.64323472976685,Haarlemmermeer,Bilinmiyor,1
36867,Vivaldisingel 117,EVBox,52.26922,4.61451,Haarlemmermeer,Bilinmiyor,1
36866,Margijnenenk 267,EVnetNL,52.268409,6.165022,Deventer,Bilinmiyor,2
36863,Angsteloord 74,EVBox,52.26785,4.97933,De Ronde Venen,Bilinmiyor,1
36862,Pastoorsdijk 7,EVnetNL,52.267861,6.192651,Deventer,Bilinmiyor,2
36861,Deliuslaan 1,EVnetNL,52.26766,4.610749,Haarlemmermeer,Bilinmiyor,1
36860,Krekelmeent 17,Shell Recharge Solutions (BE),52.2675319,5.14014020000002,Hilversumse Meent,Bilinmiyor,1
36859,Marianne Philipslaan 20,Bilinmiyor,52.267,5.188,Bussum,Bilinmiyor,1
36858,Laan van Berlioz 47,Shell Recharge Solutions (BE),52.2669792175293,4.61535167694092,Haarlemmermeer,Bilinmiyor,1
36857,Mitchamplein 3-I,EVnetNL,52.266564,6.786984,Hengelo,Bilinmiyor,1
36853,de Wetstraat 27,EVnetNL,52.265912,6.796111,Hengelo,Bilinmiyor,1
36850,Kaspar Karsenstraat 42,Bilinmiyor,52.265698,6.21422,Deventer,Bilinmiyor,1
36849,Heereweg 50,Shell Recharge Solutions (BE),52.2657089233398,4.55785989761353,Lisse,Bilinmiyor,1
36847,Heereweg,Bilinmiyor,52.265701737655,4.5584142208099,Lisse,Bilinmiyor,1
36846,Elemastraat 95,EVnetNL,52.265434,4.627929,Haarlemmermeer,Bilinmiyor,1
36845,Voorstraat 32,EVnetNL,52.26525,5.045326,Wijdemeren,Bilinmiyor,2
36842,A.H. Blaauwstraat 3,EVnetNL,52.264021,4.773259,Aalsmeer,Bilinmiyor,2
36838,Herenweg 6,EVnetNL,52.263594,4.494663,Noordwijkerhout,Bilinmiyor,2
36837,Marskant 5,EVBox,52.2633676,6.7910226,Hengelo,Bilinmiyor,1
36836,Hengelosestraat,Shell Recharge Solutions (BE),52.2629585266113,6.71831750869751,Hof van Twente,Bilinmiyor,1
36835,Boxbergerweg 109F-2,EVnetNL,52.262715,6.152369,Deventer,Bilinmiyor,2
36834,Brinkstraat,EVnetNL,52.262543,5.606359,Putten,Bilinmiyor,2
36833,Luzernestraat 9,EVBox,52.26256,4.64874,Haarlemmermeer,Bilinmiyor,1
36832,Heermanszwet 57,Shell Recharge Solutions (BE),52.259453697292,4.7161388397217,Haarlemmermeer,Bilinmiyor,1
36830,Westerhout 2,EVnetNL,52.261744,4.481794,Noordwijkerhout,Bilinmiyor,2
36828,Den Ruygen Hoek-West,Shell Recharge Solutions (NL),52.2614822387695,4.68711280822754,Rijsenhout,Public - Membership Required,3
36825,Achterstraat 105,EVnetNL,52.26001,5.604277,Putten,Bilinmiyor,2
36824,Korenbloem 11,EVnetNL,52.259569,4.499324,Noordwijkerhout,Bilinmiyor,2
36823,Burgemeester Heijblomhof,EVnetNL,52.259529,5.610725,Putten,Bilinmiyor,2
36821,Willem de Clercqstraat 25,EVnetNL,52.259447,6.787142,Hengelo,Bilinmiyor,2
36820,Rijksweg A4 1,Ecotap,52.259387,4.686265,Haarlemmermeer,Bilinmiyor,2
36819,Rijshornplein 30,EVnetNL,52.259358,4.709666,Haarlemmermeer,Bilinmiyor,1
36815,Rijksweg A4 3,Ecotap,52.258438,4.688852,Haarlemmermeer,Bilinmiyor,2
36814,Nachtschadestraat 17,EVnetNL,52.258347,4.636219,Haarlemmermeer,Bilinmiyor,1
36813,Enschedesestraat 218A,EVnetNL,52.258309,6.807218,Hengelo,Bilinmiyor,2
36812,Waterlelieplantsoen 34,EVnetNL,52.258106,4.576146,Haarlemmermeer,Bilinmiyor,1
36811,Bondstraat,EVnetNL,52.257669,4.553953,Lisse,Bilinmiyor,1
36809,Beestenmarkt,EVnetNL,52.257244,6.165239,Deventer,Bilinmiyor,2
36808,Adriaen de Vrieslaan 9,EVBox,52.25748,6.23034,Deventer,Bilinmiyor,1
36805,De Minnehof 48,EVnetNL,52.253645,5.263784,Eemnes,Bilinmiyor,2
36803,Stationsweg 2,EVnetNL,52.256293,5.22151,Laren,Bilinmiyor,2
36802,van Twickelostraat,EVnetNL,52.255894,6.150935,Deventer,Bilinmiyor,2
36800,De Kooi 3,EVnetNL,52.255735,5.048467,Wijdemeren,Bilinmiyor,2
36799,Eemnesserweg 42-k101,EVBox,52.2553,5.23385,Laren,Bilinmiyor,1
36798,De Beek,Shell Recharge Solutions (BE),52.2549285888672,5.74682092666626,Ermelo,Bilinmiyor,1
36797,AC Holten  ,Allego BV,52.25496782500327,6.4349034318771725,Holten,Public - Membership Required,1
36795,Da Costastraat 57,Shell Recharge Solutions (BE),52.254873,5.6135621,Putten,Bilinmiyor,1
36793,Patrijslaan 2,EVnetNL,52.254508,5.045942,Wijdemeren,Bilinmiyor,2
36792,A1,Shell Recharge Solutions (BE),52.2544860839844,6.43402290344238,Rijssen-Holten,Bilinmiyor,1
36791,Hasselaarlaan 10,EVnetNL,52.254163,5.258486,Eemnes,Bilinmiyor,2
36790,Noordereinde,Shell Recharge Solutions (BE),52.2539291381836,5.12201166152954,Wijdemeren,Bilinmiyor,1
36789,Jordaan 3-nst,EVnetNL,52.253642,5.228869,Laren,Bilinmiyor,2
36788,Langelaan,EVnetNL,52.25239,4.474139,Noordwijkerhout,Bilinmiyor,2
36786,Midden Engweg 37,EVBox,52.25102,5.60002,Putten,Bilinmiyor,1
36785,Eyken Donck 1,EVnetNL,52.2508,4.486454,Noordwijkerhout,Bilinmiyor,2
36784,Raadhuislaan 3,EVBox,52.25052,5.2655,Eemnes,Bilinmiyor,1
36782,Zand- en Jaagpad,EVnetNL,52.249637,4.99351,De Ronde Venen,Bilinmiyor,2
36781,Brink,EVnetNL,52.249463,6.285,Deventer,Bilinmiyor,2
36780,Flora 259,EVnetNL,52.248349,6.213208,Deventer,Bilinmiyor,2
36779,Bramenberg 20-Bov,Shell Recharge Solutions (BE),52.2482106244043,5.24895172460629,Eemnes,Bilinmiyor,1
36775,Dorpsstraat 41,Shell Recharge Solutions (BE),52.2452583312988,4.9911470413208,De Ronde Venen,Bilinmiyor,1
36774,Dortmundstraat 30,Shell Recharge Solutions (BE),52.2451972961426,6.20062971115112,Deventer,Bilinmiyor,1
36773,Maretak 7,EVnetNL,52.244715,6.212616,Deventer,Bilinmiyor,2
36769,Zilverstraat 5,Bilinmiyor,52.243141605863,6.7635172605515,Hengelo,Bilinmiyor,1
36768,Boogschutterstraat 40,EVBox,52.24236,5.98308,Apeldoorn,Bilinmiyor,1
36765,Noordereinde 99,EVnetNL,52.241954,5.121643,Wijdemeren,Bilinmiyor,1
36764,Tartustraat 1,Shell Recharge Solutions (BE),52.2418022155762,6.20534086227417,Deventer,Bilinmiyor,1
36762,Onyxstraat 4,EVnetNL,52.241468,6.780176,Hengelo,Bilinmiyor,2
36761,Koos Postemalaan 2,Bilinmiyor,52.241436815313,5.1692122220993,Hilversum,Bilinmiyor,2
36759,Tweelingenlaan 129,EVBox,52.24124,5.986,Apeldoorn,Bilinmiyor,1
36758,Amarilstraat 26,EVBox,52.24092,6.7658658,Hengelo,Bilinmiyor,1
36754,Jos Brinklaan,Bilinmiyor,52.24072400293,5.1716382801533,Hilversum,Bilinmiyor,2
36753,Hengelosestraat,EVBox,52.24046,6.84121,Enschede,Bilinmiyor,1
36750,Diamantstraat 26,EVnetNL,52.240118,6.779421,Hengelo,Bilinmiyor,2
36749,Curtevenneweg 7,EVnetNL,52.239876,5.114318,Wijdemeren,Bilinmiyor,2
36748,Dotterbloemweg 1,EVnetNL,52.23964,4.75472,Aalsmeer,Bilinmiyor,2
36747,Oude Drienerloweg,Shell Recharge Solutions (BE),52.2395629882812,6.85404205322266,Enschede,Bilinmiyor,2
36746,Capitool 10,Shell Recharge Solutions (BE),52.2395095825195,6.84100532531738,Enschede,Bilinmiyor,1
36745,Drienerbeeklaan,Shell Recharge Solutions (BE),52.2393972445904,6.85009908676148,Enschede,Bilinmiyor,2
36743,Plaats van het Journaal,EVBox,52.1661,5.36194,Hilversum,Bilinmiyor,1
36741,Drechtdijk 17,EVnetNL,52.238742,4.794143,Uithoorn,Bilinmiyor,2
36739,Colosseum 80,Shell Recharge Solutions (BE),52.2380714416504,6.83420848846436,Enschede,Bilinmiyor,1
36738,Oude Rijksstraatweg 23A,Shell Recharge Solutions (BE),52.2380491,6.09165699999994,Voorst,Bilinmiyor,1
36736,Aquamarijnstraat 104,Bilinmiyor,52.23766653209,6.7681092023849,Hengelo,Bilinmiyor,1
36734,Frans Halsstraat,EVnetNL,52.236913,6.098903,Voorst,Bilinmiyor,1
36733,Colosseum,EVnetNL,52.236882,6.836046,Enschede,Bilinmiyor,1
36732,Blériotstraat 6,EVnetNL,52.236414,6.047391,Voorst,Bilinmiyor,1
36731,Zuidsingel 48,EVnetNL,52.236189,5.117968,Wijdemeren,Bilinmiyor,2
36729,André van Duinboulevard,Bilinmiyor,52.236147934652,5.1720285415649,Hilversum,Bilinmiyor,2
36728,Galvanistraat 16,Shell Recharge Solutions (BE),52.2357368469238,5.46862602233887,Nijkerk,Bilinmiyor,1
36727,Larenseweg 136A,Shell Recharge Solutions (BE),52.2355461120605,5.19374990463257,Hilversum,Bilinmiyor,1
36725,Huygensstraat 19,EVnetNL,52.235492,4.757234,Aalsmeer,Bilinmiyor,2
36724,Kangoeroelaan 4,EVBox,52.23542,5.1443,Hilversum,Bilinmiyor,1
36721,Ambachtsstraat 13,Shell Recharge Solutions (BE),52.2342262268066,5.48204469680786,Nijkerk,Bilinmiyor,2
36718,Seinstraat 32,EVnetNL,52.233658,5.194264,Hilversum,Bilinmiyor,1
36716,Korte Boterdijk 12,EVnetNL,52.233127,4.826147,Uithoorn,Bilinmiyor,2
36715,Snelliusstraat 9,Shell Recharge Solutions (BE),52.2327346801758,5.96093082427979,Apeldoorn,Bilinmiyor,1
36711,Fauststraat,EVBox,52.23151,5.97637,Apeldoorn,Bilinmiyor,1
36710,Oud Milligenseweg 5,EVnetNL,52.231307,5.717107,Barneveld,Bilinmiyor,2
36709,Bachstraat 15,EVBox,52.23108,6.09531,Voorst,Bilinmiyor,1
36706,Roomweg 85,EVnetNL,52.231146,6.894007,Enschede,Bilinmiyor,2
36703,Edisonlaan,EVBox,52.2304557,5.9604477,Apeldoorn,Bilinmiyor,1
36701,Ampèrestraat 19m,Shell Recharge Solutions (BE),52.2301788330078,5.47585773468018,Nijkerk,Bilinmiyor,1
36700,Burgemeester Lambooylaan 30,EVBox,52.23006,5.17443,Hilversum,Bilinmiyor,1
36699,Koninginneweg 15,EVnetNL,52.229265,5.168587,Hilversum,Bilinmiyor,1
36696,Willibrorduslaan,EVnetNL,52.227566,4.518711,Teylingen,Bilinmiyor,2
36695,Amersfoortseweg 35,EVBox,52.22722,5.91678,Apeldoorn,Bilinmiyor,1
36694,Oostkadijk,EVnetNL,52.226761,5.482878,Nijkerk,Bilinmiyor,2
36692,Lochemseweg 2b,EVBox,52.22603,6.19351,Lochem,Bilinmiyor,1
36691,Boekenburglaan 178,EVnetNL,52.226237,4.480635,Teylingen,Bilinmiyor,2
36690,Acacialaan 27,EVnetNL,52.225687,4.530956,Teylingen,Bilinmiyor,1
36689,Olthoflaan 7,EVBox,52.22401,6.20422,Lochem,Bilinmiyor,1
36688,Koppelstraat 15,EVBox,52.22489,6.0852,Voorst,Bilinmiyor,1
36687,Vlijtseweg 106,EVBox,52.22449,5.97158,Apeldoorn,Bilinmiyor,1
36686,Larikslaan,EVnetNL,52.224119,4.666403,Leimuiden,Bilinmiyor,2
36684,Nieuwe Havenweg 31,EVnetNL,52.223861,5.14604,Hilversum,Bilinmiyor,1
36682,Molenstraat 39,EVnetNL,52.223519,6.895963,Enschede,Bilinmiyor,1
36681,Brinkweg 19,EVBox,52.22336,5.17121,Hilversum,Bilinmiyor,1
36678,Hondsdrafhof,EVnetNL,52.222739,4.487915,Teylingen,Bilinmiyor,2
36677,Stationsplein,EVnetNL,52.222613,6.892248,Enschede,Bilinmiyor,1
36672,Berkenlaan 2,EVnetNL,52.221171,5.49274,Nijkerk,Bilinmiyor,2
36671,Leigraaf 54,EVBox,52.22118,6.08813,Voorst,Bilinmiyor,1
36670,Raadhuislaan 21,EVBox,52.22115,4.67386,Leimuiden,Bilinmiyor,1
36669,Oud Milligenseweg 64,EVBox,52.22079,5.71992,Barneveld,Bilinmiyor,1
36668,Strootsweg 26,EVBox,52.22044,6.83573,Enschede,Bilinmiyor,1
36666,Mussenstraat 49,Shell Recharge Solutions (BE),52.2200889587402,5.19854784011841,Hilversum,Bilinmiyor,1
36664,Dennendijk 6,Shell Recharge Solutions (BE),52.2199211120606,6.32342052459717,Lochem,Bilinmiyor,1
36662,Van Curlerstraat 10,Shell Recharge Solutions (BE),52.2195091247559,5.48605442047119,Nijkerk,Bilinmiyor,1
36661,Albert Plesmanlaan 11,EVnetNL,52.219254,4.505387,Teylingen,Bilinmiyor,2
36660,Nijverheidstraat,EVnetNL,52.219081,6.891636,Enschede,Bilinmiyor,2
36659,Rooseveltlaan 5,Shell Recharge Solutions (BE),52.2190437316894,4.48580598831177,Teylingen,Bilinmiyor,1
36658,Grevenhout 21-51,EVBox,52.21864,5.78532,Apeldoorn,Bilinmiyor,1
36657,Noordschans 1,EVnetNL,52.218546,4.643703,Kaag en Braassem,Bilinmiyor,2
36656,Oldenzaalsestraat,EVnetNL,52.21799,6.900184,Enschede,Bilinmiyor,2
36655,Nieuwenoordlaan 13,EVBox,52.21735,5.22915,Baarn,Bilinmiyor,1
36653,Marssteden 20,Shell Recharge Solutions (BE),52.2168426513672,6.82655906677246,Enschede,Bilinmiyor,1
36651,Pieter Nuytsstraat 16,EVBox,52.21665,6.96377,Enschede,Bilinmiyor,1
36650,Hermelijnlaan 9,EVBox,52.2163,5.15181,Hilversum,Bilinmiyor,1
36649,Roggestraat,Shell Recharge Solutions (BE),52.2158699035645,5.95658302307129,Apeldoorn,Bilinmiyor,1
36648,Esmarkelaan 26,EVnetNL,52.215762,6.950644,Enschede,Bilinmiyor,1
36647,Linie 477,EVnetNL,52.215729,6.002553,Apeldoorn,Bilinmiyor,2
36646,A44,EVnetNL,52.215689,4.517908,Teylingen,Bilinmiyor,2
36645,Kopersteden 24-6,EVBox,52.21581,6.81901,Enschede,Bilinmiyor,1
36644,Roggestraat,Bilinmiyor,52.215537468544,5.9566688306885,Apeldoorn,Bilinmiyor,2
36643,Hoofdstraat 10,EVnetNL,52.215515,4.50334,Teylingen,Bilinmiyor,2
36642,Huygensstraat 30,EVBox,52.21549,4.42726,Noordwijk,Bilinmiyor,1
36641,Kopersteden 10A,Shell Recharge Solutions (BE),52.2154768408923,6.82326477406616,Enschede,Bilinmiyor,1
36640,Nijverheidsweg 32,EVnetNL,52.215443,4.488582,Teylingen,Bilinmiyor,1
36639,Kopersteden 10A,Shell Recharge Solutions (BE),52.2154273986816,6.82357025146484,Enschede,Bilinmiyor,1
36638,Griftstraat 2B,EVnetNL,52.215417,5.965834,Apeldoorn,Bilinmiyor,2
36636,Roggestraat,Shell Recharge Solutions (BE),52.2152519226074,5.9568452835083,Apeldoorn,Bilinmiyor,1
36635,Warmonderweg 3,EVBox,52.21471,4.50341,Teylingen,Bilinmiyor,1
36634,Aquamarijn 20,EVnetNL,52.214705,4.865956,De Ronde Venen,Bilinmiyor,2
36633,Franciscusweg 221,Shell Recharge Solutions (BE),52.2146987915039,5.14730978012085,Hilversum,Bilinmiyor,1
36632,Vosselmanstraat 288,ChargePoint,52.214468,5.955777,Apeldoorn,Bilinmiyor,1
36631,Communicatieweg 10,Shell Recharge Solutions (BE),52.2144737243652,4.88399076461792,De Ronde Venen,Bilinmiyor,1
36630,Arena,EVnetNL,52.214371,5.189038,Hilversum,Bilinmiyor,1
36629,Jagersweg 27,Bilinmiyor,52.214217,5.948677,Apeldoorn,Bilinmiyor,1
36628,Franciscusweg 219,Bilinmiyor,52.214009992609,5.1462834317383,Hilversum,Bilinmiyor,1
36627,Kerklaan,EVnetNL,52.21398,4.931024,De Ronde Venen,Bilinmiyor,1
36625,Oranjerie 108,Shell Recharge Solutions (BE),52.2137222290039,5.96188592910767,Apeldoorn,Bilinmiyor,1
36624,Meijersbergstraat 2,EVnetNL,52.213536,6.884456,Enschede,Bilinmiyor,1
36623,'s-Gravendijckseweg,EVBox,52.21306,4.43436,Noordwijk,Bilinmiyor,1
36622,Molendwarsstraat,Bilinmiyor,52.213175055631,5.9691488742828,Apeldoorn,Bilinmiyor,4
36621,Van der Valk - Sassenheim,Allego BV,52.212984,4.503579,Sassenheim,Public - Membership Required,1
36617,Warmonderweg,Shell Recharge Solutions (BE),52.2126846313476,4.50440073013306,Teylingen,Bilinmiyor,1
36616,Nieuwstraat 24,Bilinmiyor,52.212549885179,5.9616953631599,Apeldoorn,Bilinmiyor,2
36614,John F. Kennedylaan 2,EVnetNL,52.211604,5.941179,Apeldoorn,Bilinmiyor,2
36613,Hofdwarsstraat 56,EVnetNL,52.211466,5.964763,Apeldoorn,Bilinmiyor,1
36612,Noordduinseweg 3T,EVnetNL,52.211351,4.40533,Katwijk,Bilinmiyor,2
36611,Wattstraat 36,Shell Recharge Solutions (BE),52.2109527587891,4.49518775939941,Teylingen,Bilinmiyor,1
36610,Stationsweg 18,EVnetNL,52.210757,5.291038,Baarn,Bilinmiyor,2
36609,Uitspanning 10,EVBox,52.21037,4.86639,De Ronde Venen,Bilinmiyor,1
36608,Stationsplein,EVnetNL,52.210296,5.969103,Apeldoorn,Bilinmiyor,1
36607,Graaf Florishof 7,Shell Recharge Solutions (BE),52.2097129821777,5.01670074462891,Stichtse Vecht,Bilinmiyor,1
36606,Weisinkhoekweg 172,EVBox,52.21038,6.78836,Enschede,Bilinmiyor,1
36604,De Hooge Krocht 83,Shell Recharge Solutions (BE),52.2093467712402,4.43929672241211,Noordwijk,Bilinmiyor,1
36601,Arnhemseweg 34B,EVBox,52.20767,5.96442,Apeldoorn,Bilinmiyor,1
36600,Rijksstraatweg 104,EVnetNL,52.208497,5.020804,Stichtse Vecht,Bilinmiyor,2
36598,Conservenweg 130,EVBox,52.20766,4.62471,Kaag en Braassem,Bilinmiyor,1
36597,Stadhouderlaan 4,EVBox,52.2079,4.86162,De Ronde Venen,Bilinmiyor,1
36596,Stationsweg,EVnetNL,52.207486479814,4.8672177940171,De Ronde Venen,Bilinmiyor,1
36594,Soestdijkerstraatweg 174,EVBox,52.20701,5.20925,Hilversum,Bilinmiyor,1
36592,Oud-Loosdrechtsedijk 243-ap02,EVBox,52.20641,5.07467,Wijdemeren,Bilinmiyor,1
36590,Croonstadtlaan 10,EVnetNL,52.206032,4.866729,De Ronde Venen,Bilinmiyor,2
36588,Mandenmakerstraat 6,Shell Recharge Solutions (BE),52.2056986,4.4351232,Katwijk,Bilinmiyor,1
36586,Rijksstraatweg 24,Shell Recharge Solutions (BE),52.2052307128906,4.48977470397949,Teylingen,Bilinmiyor,1
36584,Spaansland 10,EVnetNL,52.203912,6.891183,Enschede,Bilinmiyor,2
36583,Het Assink 4b,EVBox,52.20349,6.63293,Hof van Twente,Bilinmiyor,1
36582,Strandweg,EVBox,52.2017504679592,4.39072830407713,Katwijk,Bilinmiyor,1
36581,Loosdrechtse Bos 7-N2,EVBox,52.20279,5.15263,Hilversum,Bilinmiyor,1
36579,Molenweg,EVnetNL,52.202777,6.202739,Lochem,Bilinmiyor,1
36577,Laan van Eikenrode 39,EVnetNL,52.202678,5.137097,Wijdemeren,Bilinmiyor,1
36576,Hofland,EVnetNL,52.20249,4.631,Kaag en Braassem,Bilinmiyor,2
36574,Merelslag 27,EVnetNL,52.202005,4.816431,De Ronde Venen,Bilinmiyor,2
36573,Wethouder van Damlaan 62,EVnetNL,52.201867,4.897969,De Ronde Venen,Bilinmiyor,1
36572,Noordplein 93,EVnetNL,52.201365,4.633245,Kaag en Braassem,Bilinmiyor,2
36571,Heelkruid 15,Shell Recharge Solutions (BE),52.2013249,5.3807968,Amersfoort,Bilinmiyor,1
36570,Lindelaan,EVnetNL,52.201064,5.140946,Wijdemeren,Bilinmiyor,2
36568,Ariane 12,EVnetNL,52.200978,5.390573,Amersfoort,Bilinmiyor,2
36566,Vossestaart 46,EVnetNL,52.200337,4.892756,De Ronde Venen,Bilinmiyor,1
36565,Markenhaven 25D,EVnetNL,52.200292,5.430298,Amersfoort,Bilinmiyor,2
36564,Scheepmakerstraat 13,EVnetNL,52.199838,4.430001,Katwijk,Bilinmiyor,2
36563,Molmlaan 15,EVnetNL,52.199829,4.896188,De Ronde Venen,Bilinmiyor,1
36562,Nootweg 22,EVBox,52.19979,5.13925,Wijdemeren,Bilinmiyor,1
36561,Staartmolen 2,Shell Recharge Solutions (BE),52.1995506286621,4.86957597732544,De Ronde Venen,Bilinmiyor,1
36560,Kamgras 2,Shell Recharge Solutions (BE),52.199450768485804,4.89545422744755,De Ronde Venen,Bilinmiyor,1
36559,De Witte Zwaan 2-1,EVBox,52.19921,5.38069,Amersfoort,Bilinmiyor,1
36558,Koningin Julianalaan 6,EVnetNL,52.199059,4.413993,Katwijk,Bilinmiyor,2
36557,Huizenkade 26,Shell Recharge Solutions (BE),52.1989631652832,5.43190336227417,Amersfoort,Bilinmiyor,1
36554,Gerrit Rietveldlaan 79,EVnetNL,52.198419,4.481201,Oegstgeest,Bilinmiyor,1
36553,Hooiraamhoek 100,Shell Recharge Solutions (BE),52.1983757019043,6.85045909881592,Enschede,Bilinmiyor,1
36552,Ecofactorij 20,EVBox,52.19842,6.02816,Apeldoorn,Bilinmiyor,1
36551,Harlingenstraat 17,Shell Recharge Solutions (BE),52.1978912353516,5.43339443206787,Amersfoort,Bilinmiyor,1
36550,Eschberg 7,Shell Recharge Solutions (BE),52.1974029541016,5.40966987609863,Amersfoort,Bilinmiyor,1
36549,Europaweg 51,EVnetNL,52.197342,5.944988,Apeldoorn,Bilinmiyor,2
36548,Spaceshuttle 18,EVBox,52.19682,5.39435,Amersfoort,Bilinmiyor,1
36547,Regenboog 32,Shell Recharge Solutions (BE),52.1966620478122,5.13782146573067,Wijdemeren,Bilinmiyor,1
36546,Viergang 133,EVBox,52.19624,4.86178,De Ronde Venen,Bilinmiyor,1
36545,Talmastraat 14,Shell Recharge Solutions (BE),52.1961212158203,5.47087001800537,Nijkerk,Bilinmiyor,1
36543,Tjalk 27,Shell Recharge Solutions (BE),52.1955413818359,5.13599061965942,Wijdemeren,Bilinmiyor,1
36542,De Ruijterstraat 14,EVnetNL,52.195256,4.435429,Katwijk,Bilinmiyor,2
36541,Wouda 5,EVnetNL,52.195172,5.431847,Amersfoort,Bilinmiyor,2
36540,Commandeurslaan 27,EVnetNL,52.195011,4.421854,Katwijk,Bilinmiyor,2
36539,Euroweg 2,Shell Recharge Solutions (BE),52.1947937011719,5.40736103057861,Amersfoort,Bilinmiyor,1
36537,Veenderveld 43i,Shell Recharge Solutions (NL),52.1943435668945,4.61403512954712,Kaag en Braassem,Bilinmiyor,1
36534,Huetingstraat 7,EVnetNL,52.193355,4.423112,Katwijk,Bilinmiyor,1
36532,Hof der Toekomst 55,EVnetNL,52.19287,5.388405,Amersfoort,Bilinmiyor,2
36531,Krabbenkreek 43,Shell Recharge Solutions (BE),52.1919670104981,5.39775133132935,Amersfoort,Bilinmiyor,1
36529,Poelweg 14,EVBox,52.19109,4.49099,Teylingen,Bilinmiyor,1
36528,Queridolaan 23,EVnetNL,52.191274,4.476073,Oegstgeest,Bilinmiyor,1
36527,Grasklokje 11,EVnetNL,52.191202,4.416774,Katwijk,Bilinmiyor,1
36525,Graaf Florislaan 16,EVnetNL,52.190296,4.444222,Katwijk,Bilinmiyor,2
36523,Sutton 4,EVBox,52.18905,5.9885,Apeldoorn,Bilinmiyor,1
36522,Veilingkade 21,EVBox,52.1888,4.42631,Katwijk,Bilinmiyor,1
36518,Laan der Winden 3,EVnetNL,52.187792,5.391767,Amersfoort,Public,2
36517,Brouwersmolenweg 376,Shell Recharge Solutions (NL),52.1868858337402,5.92878341674805,Apeldoorn,Private - Restricted Access,1
36516,Floraweg 107,EVBox,52.18729,4.62011,Kaag en Braassem,Bilinmiyor,1
36515,Harremaatweg,EVBox,52.18637,5.62514,Barneveld,Bilinmiyor,1
36513,Smidsplein 22,EVnetNL,52.18619,5.608142,Barneveld,Bilinmiyor,2
36511,Kasteel 15,EVnetNL,52.185764,5.385404,Amersfoort,(Unknown),2
36510,AC Restaurant -Stroe ,Allego BV,52.185708,5.67505,Stroe,Public - Membership Required,1
36509,Dillenburglaan 50,EVnetNL,52.185353,5.294836,Soest,Bilinmiyor,1
36507,De Waag 6,EVnetNL,52.184882,5.397407,Amersfoort,Bilinmiyor,2
36506,Lijtweg 4,EVnetNL,52.184376,4.470626,Oegstgeest,Bilinmiyor,2
36505,Sportlaan 15,EVnetNL,52.1843,5.376239,Amersfoort,Bilinmiyor,2
36503,Hofdijck 58,EVBox,52.18285,4.47571,Oegstgeest,Bilinmiyor,1
36501,Arnhemseweg,EVBox,52.18004,5.96094,Apeldoorn,Bilinmiyor,1
36500,Jac. P. Thijsselaan 75,EVnetNL,52.17977,4.493969,Oegstgeest,Bilinmiyor,1
36499,Scheendijk 15-1,EVnetNL,52.179465,5.020073,Stichtse Vecht,Bilinmiyor,1
36496,De Corridor 21a,EVBox,52.1794,4.98978,Stichtse Vecht,Bilinmiyor,1
36495,Lange Brinkweg 62A,Shell Recharge Solutions (BE),52.178352355957,5.30930709838867,Soest,Bilinmiyor,1
36494,Koudelaan 1B,EVnetNL,52.17829,5.221016,Baarn,Bilinmiyor,2
36491,Stokroos 2,EVnetNL,52.17729,4.516663,Leiden,Bilinmiyor,1
36490,Westerdorpsstraat,EVBox,52.17684,5.44749,Nijkerk,Bilinmiyor,1
36489,Geversstraat 63,EVnetNL,52.176811,4.467934,Oegstgeest,Bilinmiyor,2
36488,Dalweg,EVnetNL,52.176487,5.294196,Soest,Bilinmiyor,2
36487,Basicweg 7,Shell Recharge Solutions (BE),52.1764602661133,5.42119407653809,Amersfoort,Bilinmiyor,2
36486,De Brink 43,EVnetNL,52.176377,5.454942,Nijkerk,Bilinmiyor,2
36484,Drs. W. van Royenstraat 2a,Bilinmiyor,52.175971332864,5.4691743850708,Nijkerk,Bilinmiyor,2
36480,Computerweg,Bilinmiyor,52.17572423952,5.4103870822785,Amersfoort,Bilinmiyor,1
36479,Sloothaak 5,EVnetNL,52.175712,5.27035,Soest,Bilinmiyor,1
36478,Kayersdijk,EVnetNL,52.1753,5.981627,Apeldoorn,Bilinmiyor,2
36477,Westerdorpsstraat 68a,EVBox,52.17604,5.44341,Nijkerk,Bilinmiyor,1
36476,Inputplein 2,EVnetNL,52.174556,5.404971,Amersfoort,Bilinmiyor,2
36475,Houtlaan,EVnetNL,52.174434,4.481335,Leiden,Bilinmiyor,2
36474,Veldkeizerdijk,Bilinmiyor,52.173390941941,6.5492376208567,Berkelland,Bilinmiyor,2
36473,Herenweg 13a,EVBox,52.17223,5.06943,Wijdemeren,Bilinmiyor,1
36472,Jolinkweg 2,EVnetNL,52.171656,6.226388,Lochem,Bilinmiyor,1
36468,van Dedemlaan 20,Shell Recharge Solutions (BE),52.1711082458496,5.45158052444458,Nijkerk,Bilinmiyor,1
36467,Markt,EVnetNL,52.170536,5.003173,Stichtse Vecht,Bilinmiyor,1
36466,Bijenvlucht 3,Shell Recharge Solutions (BE),52.1704559326172,5.46203088760376,Nijkerk,Bilinmiyor,1
36465,Verlengde Wassenaarseweg,Bilinmiyor,52.170263394449,4.4534620642662,Leiden,Bilinmiyor,2
36464,AC Restaurant - Apeldoorn ,Allego BV,52.17001,6.025164,Klarenbeek,Public - Membership Required,1
36462,Willaertstraat,EVnetNL,52.168825,5.282748,Soest,Bilinmiyor,2
36461,Dwarsdijk 9,EVBox,52.16873,5.09356,Stichtse Vecht,Bilinmiyor,1
36460,Aalsvoort 90,Shell Recharge Solutions (BE),52.1687049865723,6.38210582733154,Lochem,Bilinmiyor,1
36459,Zuiderinslag 4a,Bilinmiyor,52.168560025112,5.448264554143,Nijkerk,Bilinmiyor,2
36458,Rijnsburgerweg 14,EVnetNL,52.168437,4.481499,Leiden,Bilinmiyor,1
36456,Sylviusweg 72,EVBox,52.16812,4.4673,Leiden,Bilinmiyor,1
36455,Vlietpark 10,EVBox,52.16831,4.58331,Kaag en Braassem,Bilinmiyor,1
36454,Essenlaan 26,EVnetNL,52.167561,4.709315,Nieuwkoop,Bilinmiyor,1
36452,Hendrik van de Craatsstraat 52,Shell Recharge Solutions (BE),52.1670265197754,5.52015495300293,Barneveld,Bilinmiyor,1
36451,A1,Shell Recharge Solutions (BE),52.1667356964597,5.46621659950563,Barneveld,Bilinmiyor,1
36449,Einsteinweg 92,Bilinmiyor,52.166662,4.456317,Leiden,Bilinmiyor,2
36448,Voorweg,EVnetNL,52.166547,4.851552,Nieuwkoop,Bilinmiyor,1
36447,Radarweg 29,EVBox,52.3932559,4.8365981,Amsterdam,Bilinmiyor,1
36446,Eikenlaan 63,EVnetNL,52.166114,5.304474,Soest,Bilinmiyor,2
36442,Hanzeweg,EVnetNL,52.1649,6.414969,Lochem,Bilinmiyor,1
36441,Soestdijkerweg 10B,Ecotap,52.164867,5.240012,Zeist,Bilinmiyor,2
36440,Archimedesweg,EVBox,52.16479,4.46587,Leiden,Bilinmiyor,1
36439,Birkstraat 54,Shell Recharge Solutions (BE),52.1644682,5.3110415,Soest,Bilinmiyor,1
36435,Koperwiek 27,Shell Recharge Solutions (BE),52.1631317138672,5.28898954391479,Soest,Bilinmiyor,1
36433,Prins Bernhardweg 24,EVnetNL,52.162447,6.419298,Lochem,Bilinmiyor,1
36429,Lage Rijndijk 27,EVnetNL,52.161858,4.507767,Leiden,Bilinmiyor,1
36428,Kleine Koppel 15,Allego BV,52.16168,5.379194,Amersfoort,Public - Membership Required,1
36426,Noordewierweg 229,EVnetNL,52.160981,5.359702,Amersfoort,Bilinmiyor,2
36422,Nieuw Nijenrode,EVBox,52.1603,5.0076,Stichtse Vecht,Bilinmiyor,1
36421,Persant Snoepweg,Shell Recharge Solutions (BE),52.160041809082,4.54902362823486,Leiderdorp,Bilinmiyor,1
36419,Scheltussingel 58,EVnetNL,52.159717,5.396541,Amersfoort,Bilinmiyor,2
36416,Walikerstraat,Shell Recharge Solutions (BE),52.1590690612793,5.3918399810791,Amersfoort,Bilinmiyor,1
36413,Emmastraat 6-G22,EVnetNL,52.158788,6.416519,Lochem,Bilinmiyor,1
36412,Nieuweweg 38,Bilinmiyor,52.15812,6.42215,Lochem,Bilinmiyor,1
36411,Witte Singel 26,EVBox,52.1574808,4.4809703,Leiden,Bilinmiyor,1
36409,Plantsoen-West,EVnetNL,52.157367,5.385251,Amersfoort,Bilinmiyor,2
36408,Nieuwe Bleek 25,Shell Recharge Solutions (BE),52.1571044921875,6.74673366546631,Haaksbergen,Bilinmiyor,1
36407,Zijlsingel 73B,EVnetNL,52.157064,4.504805,Leiden,Bilinmiyor,1
36405,Kenauweg 25,Shell Recharge Solutions (BE),52.156364440918,4.44499921798706,Leiden,Bilinmiyor,1
36404,Smallepad 32C,ChargePoint,52.156207,5.381228,Amersfoort,Bilinmiyor,1
36403,Nieuwe Rijn 88,EVnetNL,52.156193,4.497654,Leiden,Bilinmiyor,1
36402,Alida de Jongstraat 57,EVBox,52.15641,4.66233,Alphen aan den Rijn,Bilinmiyor,1
36401,Smallepad 34B,ChargePoint,52.156113,5.38088,Amersfoort,Bilinmiyor,1
36400,Julianalaan 2,EVnetNL,52.155204,4.786111,Nieuwkoop,Bilinmiyor,2
36399,Ligusterstraat 28,EVnetNL,52.155409,5.370574,Amersfoort,Bilinmiyor,2
36398,Van Sytzamastraat 24,EVBox,52.15538,5.39646,Amersfoort,Bilinmiyor,1
36397,Sperwerlaan 1,Shell Recharge Solutions (BE),52.155086517334,5.1733341217041,De Bilt,Bilinmiyor,1
36396,Levendaal 106,EVnetNL,52.154935,4.497405,Leiden,Bilinmiyor,1
36395,Levendaal,EVnetNL,52.154929,4.492646,Leiden,Bilinmiyor,2
36394,Zweedsestraat 1a,Shell Recharge Solutions (BE),52.1548728942871,6.20539665222168,Zutphen,Bilinmiyor,1
36393,Willem-Alexanderlaan,EVnetNL,52.153764,4.537182,Leiderdorp,Bilinmiyor,2
36392,Stationsstraat 115,EVBox,52.1533574,5.3774553,Amersfoort,Bilinmiyor,1
36391,Fuut 11,Shell Recharge Solutions (BE),52.1530556,4.95140219999996,Stichtse Vecht,Bilinmiyor,1
36389,Stationsplein 4,EVnetNL,52.152872,5.376478,Amersfoort,Public - Membership Required,2
36388,Prinsenlaan 19,Shell Recharge Solutions (BE),52.1527099609375,5.1808557510376,De Bilt,Bilinmiyor,1
36386,Nieuwe Dolderseweg,EVBox,52.15231,5.24014,Zeist,Bilinmiyor,1
36385,Keizershof 100,Stadtwerke Clausthal-Zellerfeld,52.152091,4.660679,Alphen aan den Rijn,Bilinmiyor,1
36384,Bergstraat 26,e-Laad,52.151864,5.381984,Amersfoort,Public - Membership Required,2
36382,Daslook 20a,Shell Recharge Solutions (BE),52.1514237992895,6.39698839187622,Lochem,Bilinmiyor,1
36381,Wethouder Zandbergenlaan 85,Shell Recharge Solutions (BE),52.1513481140137,5.58429574966431,Barneveld,Bilinmiyor,1
36380,Roerdomplaan 1A,EVnetNL,52.151323,4.77762,Nieuwkoop,Bilinmiyor,1
36379,Theda Mansholtstraat 1,EVnetNL,52.150826,4.454754,Leiden,Bilinmiyor,2
36378,Herenhof 6,Bilinmiyor,52.150769222145,4.6620607374643,Alphen aan den Rijn,Bilinmiyor,2
36377,Gerritsenweg 11,Bilinmiyor,52.149728501322,6.1926037073135,Zutphen,Bilinmiyor,4
36375,Kappeyne van de Coppellolaan 47,EVnetNL,52.149155,5.35997,Amersfoort,Bilinmiyor,2
36373,Albert Hahnstraat,EVnetNL,52.14855,5.393153,Amersfoort,Bilinmiyor,2
36372,Coenensparkstraat 25,EVnetNL,52.148443,6.189154,Zutphen,Bilinmiyor,1
36371,Essenerweg 65,EVnetNL,52.147826,5.670103,Barneveld,Bilinmiyor,2
36369,Vijf Meilaan 12C,EVnetNL,52.147597,4.478541,Leiden,Bilinmiyor,2
36368,De Sitterlaan 1,EVnetNL,52.147272,4.493482,Leiden,Bilinmiyor,2
36367,Burgemeester Dijckmeesterweg 1,EVnetNL,52.14727,6.199197,Zutphen,Bilinmiyor,2
36366,Coenensparkstraat 6,EVnetNL,52.147106,6.190499,Zutphen,Bilinmiyor,1
36365,Het Lange Stuk 12,Shell Recharge Solutions (BE),52.1468771,4.76429200000007,Nieuwkoop,Bilinmiyor,1
36364,Franchimontlaan 17,EVnetNL,52.146666,4.497682,Leiden,Bilinmiyor,1
36363,Bevrijdingsplein,EVBox,52.1461,4.47636,Leiden,Bilinmiyor,1
36362,Utrechtseweg 185,EVBox,52.14613,5.36893,Amersfoort,Bilinmiyor,1
36360,Lage Bergweg,Ecotap,52.145493,6.005448,Apeldoorn,Bilinmiyor,2
36358,Pegasusstraat 224,EVnetNL,52.145212,4.650332,Alphen aan den Rijn,Bilinmiyor,2
36357,Crocusstraat 23,Shell Recharge Solutions (BE),52.1451148986816,4.4147744178772,Wassenaar,Bilinmiyor,1
36355,Bachstraat 168,Shell Recharge Solutions (BE),52.1450881958008,4.47534847259521,Leiden,Bilinmiyor,1
36354,Cornelis de Wittstraat 2,EVnetNL,52.145006,4.39849,Wassenaar,Bilinmiyor,1
36353,Vondellaan 1,EVnetNL,52.144939,5.369069,Amersfoort,Bilinmiyor,1
36352,Rooseveltstraat 18Q,EVBox,52.14448,4.48335,Leiden,Bilinmiyor,1
36351,Meteoorlaan,EVBox,52.14478,4.66195,Alphen aan den Rijn,Bilinmiyor,1
36350,Van Limburg Stirumstraat 67,EVnetNL,52.144849,4.394554,Wassenaar,Bilinmiyor,1
36349,Le Pooleweg,EVBox,52.14463,4.50313,Leiden,Bilinmiyor,1
36348,Henry Dunantweg 13A,EVBox,52.14434,4.65874,Alphen aan den Rijn,Bilinmiyor,1
36347,Arnhemseweg 141,EVnetNL,52.144208,5.390991,Amersfoort,Bilinmiyor,2
36346,Kanaal Zuid 438B,Shell Recharge Solutions (BE),52.1438140869141,6.02647829055786,Apeldoorn,Bilinmiyor,1
36345,Duinrell,Bilinmiyor,52.143589230212,4.3833196163177,Wassenaar,Bilinmiyor,2
36344,Kloosterland,EVnetNL,52.143551,4.392397,Wassenaar,Bilinmiyor,1
36343,Utrechtseweg 225,EVBox,52.14351,5.36474,Amersfoort,Bilinmiyor,1
36341,Kooikersplein,EVnetNL,52.143078,4.523053,Zoeterwoude,Bilinmiyor,2
36339,Pieter de Hooghstraat,EVnetNL,52.142766,5.040727,Stichtse Vecht,Bilinmiyor,1
36338,Spieghelweg,EVnetNL,52.142703,5.413394,Leusden,Bilinmiyor,2
36337,De Savornin Lohmanplantsoen 43,Shell Recharge Solutions (BE),52.1423797607422,4.45680618286133,Voorschoten,Bilinmiyor,1
36336,Fleurstraat 20,EVBox,52.14228,4.76716,Nieuwkoop,Bilinmiyor,1
36335,Lange Kerkdam 9,EVnetNL,52.142047,4.397889,Wassenaar,Bilinmiyor,1
36334,Nieuwe Markt,EVnetNL,52.141677,5.583511,Barneveld,Bilinmiyor,1
36333,Hugo de Grootlaan 22,EVnetNL,52.141565,5.372953,Amersfoort,Bilinmiyor,2
36329,Kanaaldijk-Noord,Shell Recharge Solutions (BE),51.5004346,5.29459780000002,Oirschot,Bilinmiyor,2
36328,Berkelkade 18,EVnetNL,52.1402,6.192104,Zutphen,Bilinmiyor,1
36327,Kampstraat 30,EVnetNL,52.13989,5.589291,Barneveld,Bilinmiyor,2
36326,Parkweg 41,EVBox,52.14032,5.04333,Stichtse Vecht,Bilinmiyor,1
36324,Jacob van Heemskerklaan 11,Shell Recharge Solutions (BE),52.1395378112793,5.03193426132202,Stichtse Vecht,Bilinmiyor,1
36323,Schroeder van der Kolklaan,EVnetNL,52.139421,5.232484,Zeist,Bilinmiyor,2
36321,Walstro 44,EVnetNL,52.138781,5.446347,Leusden,Bilinmiyor,2
36320,Harmonieplein 127,EVnetNL,52.138473,5.039139,Stichtse Vecht,Bilinmiyor,2
36319,Energieweg 10,EVBox,52.13831,4.64642,Alphen aan den Rijn,Bilinmiyor,1
36317,Ereprijshof 33,EVnetNL,52.137326,5.444846,Leusden,Bilinmiyor,1
36316,Stichtse Rotonde,Bilinmiyor,52.1371,5.35838,Amersfoort,Bilinmiyor,1
36315,Boeroestraat 6,Shell Recharge Solutions (BE),52.1362876,5.3721443,Amersfoort,Bilinmiyor,1
36313,Tadamastraat,EVnetNL,52.135925,6.199862,Zutphen,Bilinmiyor,2
36312,Utrechtseweg 367,EVBox,52.1346,5.33384,Amersfoort,Bilinmiyor,1
36311,Bisonspoor 1235,EVnetNL,52.13566,5.028534,Maarssenbroek,Bilinmiyor,1
36310,Hamersveldseweg 19,Shell Recharge Solutions (BE),52.1351776123047,5.42766237258911,Leusden,Bilinmiyor,2
36306,Vordenseweg,EVBox,52.13442,6.24895,Zutphen,Bilinmiyor,1
36305,Straatweg 128b,EVnetNL,52.134529,5.043415,Stichtse Vecht,Bilinmiyor,1
36304,Ten Caote plas,EVnetNL,52.134469,6.612852,Berkelland,Bilinmiyor,2
36303,Runneboom 43,EVnetNL,52.134262,6.228178,Zutphen,Bilinmiyor,2
36302,Luzerneveld 6,Shell Recharge Solutions (BE),52.134220123291,5.60796928405762,Barneveld,Bilinmiyor,1
36300,Herdershof 51,Shell Recharge Solutions (BE),52.1320648193359,6.23471689224243,Zutphen,Bilinmiyor,1
36299,Wilhelminalaan 30A,EVnetNL,52.131909,4.662175,Alphen aan den Rijn,Bilinmiyor,1
36297,Tennesseedreef 17,EVBox,52.13096,5.08266,Utrecht,Bilinmiyor,1
36296,Hoogewaard 104,EVnetNL,52.130699,4.605001,Alphen aan den Rijn,Bilinmiyor,1
36295,Landweg,EVnetNL,52.130636,5.426093,Leusden,Bilinmiyor,2
36294,Stationsweg,EVBox,52.13038,6.61004,Berkelland,Bilinmiyor,1
36293,Melkweglaan 103,EVnetNL,52.13046,4.596745,Alphen aan den Rijn,Bilinmiyor,1
36291,Stevinstraat 12,EVnetNL,52.130201,4.658674,Alphen aan den Rijn,Bilinmiyor,2
36290,Stationsweg,EVBox,52.12971,6.60853,Berkelland,Bilinmiyor,1
36289,Aarplein,Stadtwerke Clausthal-Zellerfeld,52.129553,4.666108,Alphen aan den Rijn,Bilinmiyor,1
36288,Rijndijk,EVnetNL,52.129327,4.588417,Alphen aan den Rijn,Bilinmiyor,2
36287,Ceram 26,EVnetNL,52.128703,5.576532,Barneveld,Bilinmiyor,1
36285,A2,Bilinmiyor,52.12856,5.01513,Stichtse Vecht,Bilinmiyor,2
36284,Tinnegieter 4,EVBox,52.34549,5.51852,Zeewolde,Bilinmiyor,1
36283,Lauraplein,EVnetNL,52.128185,4.668451,Alphen aan den Rijn,Bilinmiyor,1
36282,Westkanaaldijk 5-01,FLOW Charging,52.127856983311,5.050914734602,Utrecht,Bilinmiyor,4
36281,Kruisbeklaan 95,EVnetNL,52.127326,5.210788,De Bilt,Bilinmiyor,2
36280,Ontariodreef 39,Bilinmiyor,52.127246510063,5.0864816307771,Utrecht,Bilinmiyor,1
36278,Computerweg,Shell Recharge Solutions (BE),52.1266479492188,5.04370498657227,Utrecht,Bilinmiyor,2
36277,Joke Smitlaan 72,EVnetNL,52.126492,6.226287,Zutphen,Bilinmiyor,2
36276,Rudolf Steinerlaan,EVnetNL,52.126382,6.243947,Zutphen,Bilinmiyor,2
36273,Jan Steenlaan 49,EVnetNL,52.125124,4.457987,Voorschoten,Bilinmiyor,1
36270,J. Keplerweg 8,Shell Recharge Solutions (BE),52.1248283386231,4.63920259475708,Alphen aan den Rijn,Bilinmiyor,1
36266,Evenaar 1,EVnetNL,52.124608,4.643867,Alphen aan den Rijn,Bilinmiyor,2
36264,Hoppenkuil 3,EVBox,51.48355,5.41899,Eindhoven,Bilinmiyor,1
36261,Mulderlaan 11,EVnetNL,52.122344,4.435831,Voorschoten,Bilinmiyor,1
36258,Röntgenweg 24,EVBox,52.12235,4.63312,Alphen aan den Rijn,Bilinmiyor,1
36257,Stokebrand 668,EVnetNL,52.12208,6.192215,Zutphen,Bilinmiyor,2
36256,Sixlaan 61,EVnetNL,52.122056,4.440305,Voorschoten,Bilinmiyor,1
36254,Zuiderinslag,EVBox,52.12096,5.41988,Leusden,Bilinmiyor,1
36252,Rosmolen 102,EVnetNL,52.120986,4.672231,Alphen aan den Rijn,Bilinmiyor,2
36250,Floraweg 25,Shell Recharge Solutions (BE),52.1206897524202,5.0383620710636,Utrecht,Bilinmiyor,1
36249,Kampweg 4,EVnetNL,52.120505,5.285677,Soest,Bilinmiyor,2
36248,Het Spul 19,EVnetNL,52.120169,5.411301,Leusden,Bilinmiyor,2
36247,Loethe 1,EVnetNL,52.120053,4.496514,Zoeterwoude,Bilinmiyor,2
36246,Nepalstraat 47,Shell Recharge Solutions (BE),52.1199188232422,4.65885066986084,Alphen aan den Rijn,Bilinmiyor,1
36245,Oude Needseweg 35,EVBox,52.11975,6.53506,Berkelland,Bilinmiyor,1
36242,Weddepad,Greenflux,52.119077437789,4.5285987854004,Zoeterwoude,Bilinmiyor,3
36241,Antonie van Leeuwenhoeklaan 35,EVBox,52.1184,5.19001,De Bilt,Bilinmiyor,1
36240,Ganzenveld 6,EVnetNL,52.118118,4.644886,Alphen aan den Rijn,Bilinmiyor,1
36238,Fermiweg 93,Shell Recharge Solutions (BE),52.1179389953613,5.05270719528198,Utrecht,Bilinmiyor,1
36236,Gelderhorst 1,EVBox,52.11796,6.21671,Zutphen,Bilinmiyor,1
36234,Zwarte Pad,Alfen,52.117633,4.289854,Den Haag,Bilinmiyor,1
36233,De Schans 25,Shell Recharge Solutions (BE),52.1173107826225,4.67214012145996,Alphen aan den Rijn,Bilinmiyor,1
36231,Needseweg 7,EVnetNL,52.116736,6.525828,Berkelland,Bilinmiyor,2
36229,Kobaltweg 11,EVBox,52.11578,5.04992,Utrecht,Bilinmiyor,1
36228,Middelgeestlaan 74,EVnetNL,52.115622,4.446574,Voorschoten,Bilinmiyor,1
36227,Gevers Deynootweg 1222,Alfen,52.115473,4.286144,Den Haag,Bilinmiyor,1
36226,Thematerweg 13,EVBox,52.11517,5.0093,Utrecht,Bilinmiyor,1
36224,Rita de Voogdstraat 41,EVnetNL,52.114847,5.417262,Leusden,Bilinmiyor,1
36222,Groningsestraat 35A,Alfen,52.114357,4.287731,Den Haag,Bilinmiyor,1
36219,Mc Donalds Huis ter Heide,Ecotap,52.11389524021447,5.260358912268432,HUIS TER HEIDE UT,Public - Membership Required,2
36218,Lage Veldweg 18,Shell Recharge Solutions (BE),52.1138191223145,5.65511131286621,Ede,Bilinmiyor,1
36216,Seinedreef 25,EVnetNL,52.113654,5.109217,Utrecht,Bilinmiyor,2
36215,Archeonlaan 2,EVBox,52.11366,4.65419,Alphen aan den Rijn,Bilinmiyor,1
36212,Proostwetering 81,Bilinmiyor,52.11321362778,5.0404642952453,Utrecht,Bilinmiyor,2
36211,Sophialaan 1,EVBox,52.11248,5.07438,Utrecht,Bilinmiyor,1
36209,Harstenhoekplein 15A,Alfen,52.112413,4.287853,Den Haag,Bilinmiyor,1
36205,Deventersestraat 19,Alfen,52.111678,4.291045,Den Haag,Bilinmiyor,1
36204,de Hoeve 47,Shell Recharge Solutions (BE),52.1115760803223,4.88798189163208,Woerden,Bilinmiyor,1
36203,Gentsestraat 213,Alfen,52.111551,4.298101,Den Haag,Bilinmiyor,1
36202,Atoomweg 62,EVBox,52.11122,5.06105,Utrecht,Bilinmiyor,1
36201,Gentsestraat 30,Alfen,52.111379,4.289394,Den Haag,Bilinmiyor,1
36200,Stevinstraat 230,Alfen,52.111343,4.293838,Den Haag,Bilinmiyor,1
36199,Albrecht Thaerlaan 20,eNovates,52.110985,5.1310215,Utrecht,Bilinmiyor,2
36198,Circusplein,Alfen,52.110919,4.282344,Den Haag,Bilinmiyor,1
36197,Zuidbuurtseweg 46,Shell Recharge Solutions (BE),52.110725402832,4.5037145614624,Zoeterwoude,Bilinmiyor,1
36193,Badhuisweg 40,Alfen,52.11043,4.286939,Den Haag,Bilinmiyor,1
36192,Leuvensestraat 53,Alfen,52.110042,4.293448,Den Haag,Bilinmiyor,1
36190,Stevinstraat 97E,Alfen,52.109935,4.28819,Den Haag,Bilinmiyor,1
36189,Gentsestraat 175,Alfen,52.109774,4.29642,Den Haag,Bilinmiyor,1
36188,Henri Dunantplein 1,EVnetNL,52.10968,5.173914,De Bilt,Bilinmiyor,2
36185,Maaswijkstraat 1C,EVnetNL,52.109435,4.278706,Den Haag,Bilinmiyor,2
36184,Belgischeplein 9,Alfen,52.109388,4.292267,Den Haag,Bilinmiyor,1
36182,2e Messstraat 51,Alfen,52.109157,4.284181,Den Haag,Bilinmiyor,1
36181,Gentsestraat 125,Alfen,52.1089,4.292752,Den Haag,Bilinmiyor,1
36177,Theo van Baarenstraat 1,EVnetNL,52.108335,5.012644,Utrecht,Bilinmiyor,2
36176,Doorniksestraat 59,EVnetNL,52.108153,4.299482,Den Haag,Bilinmiyor,2
36171,Badhuiskade 11,Alfen,52.107486,4.277469,Den Haag,Bilinmiyor,1
36169,Neptunusstraat 38,Alfen,52.107048,4.281594,Den Haag,Bilinmiyor,1
36166,Heinrich Bertéstraat 29,Shell Recharge Solutions (BE),52.1065330505371,5.03428411483765,Utrecht,Bilinmiyor,1
36164,Gerrit Kasteinweg 8,Alfen,52.106419,4.303965,Den Haag,Bilinmiyor,1
36163,Zeeruststraat,EVnetNL,52.106106,4.271451,Den Haag,Bilinmiyor,2
36162,Badmeester Schenkpad,EVnetNL,52.105968,5.240107,Zeist,Bilinmiyor,2
36161,Raiffeisenlaan 1,EVnetNL,52.105264,5.125735,Utrecht,Bilinmiyor,2
36159,Waalsdorperweg 265,Alfen,52.104843,4.320224,Den Haag,Bilinmiyor,1
36158,Cornelis Jolstraat 1,EVnetNL,52.104305,4.285753,Den Haag,Bilinmiyor,2
36157,Nobelstraat,EVnetNL,52.104177,6.058809,Brummen,Bilinmiyor,1
36156,Jan Kistenstraat 31,Alfen,52.104174,4.272087,Den Haag,Bilinmiyor,1
36155,Tractieweg 150,EVBox,52.10407,5.08346,Utrecht,Bilinmiyor,1
36150,Professor P.S. Gerbrandyweg 131,Alfen,52.102713,4.289236,Den Haag,Bilinmiyor,1
36147,Vissershavenweg 69,Alfen,52.102438,4.26737,Den Haag,Bilinmiyor,1
36146,Goeman Borgesiuslaan 17-2,Bilinmiyor,52.102426039347,5.1138514280319,Utrecht,Bilinmiyor,2
36145,Willem van Noortplein 2,Essent (NL),52.102332,5.122054,Utrecht,Bilinmiyor,1
36144,Cornelis Jolstraat 80,Alfen,52.102261,4.282477,Den Haag,Bilinmiyor,1
36143,Oesterzwam 21,Bilinmiyor,52.101999724186,5.0088095667888,Utrecht,Bilinmiyor,2
36142,Duinstraat 17B,Alfen,52.101824,4.27631,Den Haag,Bilinmiyor,1
36141,Wagenaarweg 9,Alfen,52.101789,4.29907,Den Haag,Bilinmiyor,1
36140,Parkweg,Alfen,52.101648,4.286248,Den Haag,Bilinmiyor,1
36139,Van Soutelandelaan 69,EVnetNL,52.101337,4.320231,Den Haag,Bilinmiyor,2
36138,Laan van Vollenhove 9002,EVnetNL,52.101079,5.222751,Zeist,Bilinmiyor,2
36136,Nieuwstraat 2b,EVnetNL,52.101029,6.649934,Berkelland,Bilinmiyor,2
36134,Zeesluisweg 92B,Alfen,52.100956,4.271167,Den Haag,Bilinmiyor,1
36133,Groene Draecksingel 29,EVnetNL,52.100866,5.012552,Utrecht,Bilinmiyor,2
36132,Hofzichtlaan 19,Alfen,52.100691,4.35786,Den Haag,Bilinmiyor,1
36131,De Bruynestraat 63,Alfen,52.10069,4.314202,Den Haag,Bilinmiyor,1
36128,Inktzwamsingel 19,Bilinmiyor,52.100494920556,5.0079417228699,Utrecht,Bilinmiyor,2
36127,Van Alkemadelaan 133,EVnetNL,52.100442,4.321908,Den Haag,Bilinmiyor,2
36125,Zeesluisweg 51,Alfen,52.100404,4.270222,Den Haag,Bilinmiyor,1
36124,Van Voorschotenlaan 1,Alfen,52.100217,4.311633,Den Haag,Bilinmiyor,1
36122,Nieuwe Parklaan 2T,Alfen,52.099851,4.300034,Den Haag,Bilinmiyor,1
36121,Hogeweg 16,Alfen,52.099951,4.287911,Den Haag,Bilinmiyor,1
36120,Laan van Vollenhove 982,EVBox,52.09993,5.22028,Zeist,Bilinmiyor,1
36119,Van Hogenhoucklaan,Alfen,52.099916,4.316856,Den Haag,Bilinmiyor,1
36118,Van Stolkweg 15B,Alfen,52.09970166,4.28404956,Den Haag,Bilinmiyor,1
36117,Leidsestraatweg 57,Shell Recharge Solutions (BE),52.0996017456055,4.34862995147705,Den Haag,Bilinmiyor,1
36116,Energieweg 4,Shell Recharge Solutions (BE),52.0995101928711,4.94767713546753,Woerden,Bilinmiyor,1
36112,Huizingalaan 189,EVnetNL,52.099243,5.142432,Utrecht,Bilinmiyor,2
36111,Ruychrocklaan 117,Alfen,52.099048,4.316805,Den Haag,Bilinmiyor,1
36108,Blauwkapelseweg 9,EVnetNL,52.098741,5.128967,Utrecht,Bilinmiyor,2
36106,Wittevrouwensingel 94-BSA,Stadtwerke Clausthal-Zellerfeld,52.098362,5.126578,Utrecht,Bilinmiyor,1
36105,Hendrik Werkmanhof 5,Shell Recharge Solutions (BE),52.0983352661133,5.04041957855225,Utrecht,Bilinmiyor,1
36104,Van Berwaerdeweg 3,Alfen,52.098206,4.310923,Den Haag,Bilinmiyor,1
36102,Boterbloemsingel 1,Bilinmiyor,52.097947878881,5.0035959482011,Utrecht,Bilinmiyor,2
36100,Van Nijenrodestraat 4,Alfen,52.097644,4.311575,Den Haag,Bilinmiyor,1
36096,Hopakker 2A,Essent (NL),52.097346,5.117384,Utrecht,Bilinmiyor,1
36095,Berekuil,Ecotap,52.097217,5.144558,Utrecht,Bilinmiyor,2
36094,Van Stolkweg 1,Bilinmiyor,52.09711,4.28699,Den Haag,Bilinmiyor,1
36093,Johan van Oldenbarneveltlaan 48,Alfen,52.097005,4.28178,Den Haag,Bilinmiyor,1
36092,Harderwijkerweg,EVBox,52.09688,6.0537,Brummen,Bilinmiyor,1
36091,Ridderlaan 5,Alfen,52.096833,4.313889,Den Haag,Bilinmiyor,1
36090,Prins Mauritslaan 99,Alfen,52.096803,4.274011,Den Haag,Bilinmiyor,1
36088,Oude Gemeneweg,Stadtwerke Clausthal-Zellerfeld,52.096652,4.591138,Alphen aan den Rijn,Bilinmiyor,1
36087,Prins Mauritslaan 65,Alfen,52.096629,4.274962,Den Haag,Bilinmiyor,1
36086,Johan van Oldenbarneveltlaan 36,Alfen,52.096605,4.28248,Den Haag,Bilinmiyor,1
36084,Oude Arnhemseweg 371,Shell Recharge Solutions (BE),52.0965042114258,5.22455978393555,Zeist,Bilinmiyor,1
36079,Johan van Oldenbarneveltlaan 19,EVnetNL,52.096199,4.283439,Den Haag,Bilinmiyor,2
36078,Putterlaan 1,Alfen,52.096178,4.386141,Leidschendam-Voorburg,Bilinmiyor,1
36076,Keulsekade,EVBox,52.09575,5.08015,Utrecht,Bilinmiyor,1
36075,Koninginnegracht 135,Alfen,52.096043,4.306527,Den Haag,Bilinmiyor,1
36069,Frankenslag,Alfen,52.095771,4.275349,Den Haag,Bilinmiyor,1
36068,Wittevrouwensingel 47,EVnetNL,52.095501,5.126496,Utrecht,Bilinmiyor,2
36067,Van Boetzelaerlaan 245,Alfen,52.095459,4.270982,Den Haag,Bilinmiyor,1
36065,Viviënstraat 92,Alfen,52.095424,4.278573,Den Haag,Bilinmiyor,1
36064,Hart Nibbrigkade 144,EVnetNL,52.095383,4.328711,Den Haag,Bilinmiyor,2
36062,Van Boisotstraat 1,Alfen,52.095368,4.27005,Den Haag,Bilinmiyor,1
36061,Kroonstraat 9,EVBox,52.0952697,5.1118768,Utrecht,Bilinmiyor,1
36060,Statenlaan 115B,Alfen,52.095241,4.272685,Den Haag,Bilinmiyor,1
36057,Prinses Annalaan 249,EVnetNL,52.095127,4.395732,Leidschendam-Voorburg,Bilinmiyor,1
36056,Ary Schefferstraat 127,Alfen,52.095088,4.335016,Den Haag,Bilinmiyor,1
36053,Vuurvlindersingel 9,EVBox,52.0943,5.05599,Utrecht,Bilinmiyor,1
36051,Prins Mauritslaan 29,Alfen,52.094775,4.27878,Den Haag,Bilinmiyor,1
36050,Riouwstraat 216,Alfen,52.094634,4.307273,Den Haag,Bilinmiyor,1
36049,Van Bleiswijkstraat 116,EVBox,52.09438,4.28099,Den Haag,Bilinmiyor,1
36048,Van Alkemadelaan 42,Alfen,52.094609,4.328062,Den Haag,Bilinmiyor,1
36047,Archimedeslaan,Shell Recharge Solutions (BE),52.0945510864258,5.15320825576782,Utrecht,Bilinmiyor,1
36042,Atjehstraat 142,Alfen,52.094052,4.307793,Den Haag,Bilinmiyor,1
36040,François Maelsonstraat 5,Alfen,52.093956,4.272163,Den Haag,Bilinmiyor,1
36037,Kruisstraat 2,Shell Recharge Solutions (BE),52.0938068,5.12931249999997,Utrecht,Bilinmiyor,1
36036,Bankastraat 125,Alfen,52.093753,4.302555,Den Haag,Bilinmiyor,1
36035,Maliebaan 139,EVnetNL,52.093716,5.137251,Utrecht,Bilinmiyor,2
36033,Kruisstraat 2,Bilinmiyor,52.093706343591,5.1293653249741,Utrecht,Bilinmiyor,4
36032,Prins Mauritslaan 6,Alfen,52.093681,4.2799,Den Haag,Bilinmiyor,1
36031,Frankenslag,EVnetNL,52.093614,4.273295,Den Haag,Bilinmiyor,2
36029,Leidseveer,EVBox,52.0935,5.10973,Utrecht,Bilinmiyor,1
36028,Koninginnegracht 87,Alfen,52.093331,4.308676,Den Haag,Bilinmiyor,1
36026,Churchillplein,EVBox,52.09322,4.28368,Den Haag,Bilinmiyor,1
36023,Archimedeslaan 41,EVBox,52.09283,5.15142,Utrecht,Bilinmiyor,1
36022,Drakenburgstraat,EVnetNL,52.092797,5.117537,Utrecht,Bilinmiyor,2
36021,Willem Witsenplein 7,EVnetNL,52.092683,4.329801,Den Haag,Bilinmiyor,2
36020,Keistraat,EVnetNL,52.092469,5.123051,Utrecht,Bilinmiyor,2
36019,Van Beuningenstraat 1C,Alfen,52.092443,4.278391,Den Haag,Bilinmiyor,1
36016,Zeezwaluwstraat 70,Alfen,52.092352,4.261207,Den Haag,Bilinmiyor,1
36015,Middenburcht 11,Bilinmiyor,52.092307276818,5.013283342123,Utrecht,Bilinmiyor,2
36010,Nachtegaalstraat 29C,EVnetNL,52.091963,5.129335,Utrecht,Bilinmiyor,2
36009,Kanaalweg 134,EVnetNL,52.091961,5.083826,Utrecht,Bilinmiyor,2
36008,Prinsevinkenpark 3,Alfen,52.091902,4.296835,Den Haag,Bilinmiyor,1
36007,Balistraat 95,Alfen,52.091867,4.308551,Den Haag,Bilinmiyor,1
36003,Gildenkwartier,Bilinmiyor,52.091564056248,5.1116949319839,Utrecht,Bilinmiyor,3
36001,Newtonlaan 1,Bilinmiyor,52.091396,5.1489797,Utrecht,Bilinmiyor,2
36000,Gildenkwartier,Shell Recharge Solutions (BE),52.0913848876953,5.11165237426758,Utrecht,Bilinmiyor,1
35999,D.W. van Vreeswijklaan 6,EVBox,52.0914,6.04106,Brummen,Bilinmiyor,1
35995,Van Hoytemastraat 4,Alfen,52.091201,4.325889,Den Haag,Bilinmiyor,1
35994,Jozef Israëlsplein 35,Alfen,52.091167,4.319231,Den Haag,Bilinmiyor,1
35993,Surinamestraat 60,Alfen,52.091165,4.306622,Den Haag,Bilinmiyor,1
35992,Stationsdwarsstraat,Shell Recharge Solutions (BE),52.0911254882812,5.11197519302368,Utrecht,Bilinmiyor,1
35991,Maliebaan 24,Essent (NL),52.09104,5.132394,Utrecht,Bilinmiyor,1
35990,Stationsdwarsstraat,Bilinmiyor,52.091007044689,5.112242102623,Utrecht,Bilinmiyor,3
35988,Celebesstraat 64,Alfen,52.090957,4.29847,Den Haag,Bilinmiyor,1
35987,Oudeland 2,EVnetNL,52.090947,4.958394,Woerden,Bilinmiyor,2
35985,Kloosterweg 6B,Shell Recharge Solutions (BE),52.0908699035645,4.96486330032349,Woerden,Bilinmiyor,1
35983,Willem de Zwijgerlaan 78,Alfen,52.09086,4.270556,Den Haag,Bilinmiyor,1
35982,Derde Westerparklaan 305,eNovates,52.090843,5.043711,Utrecht,Bilinmiyor,2
35979,Jozef Israëlsplein 1,Alfen,52.090769,4.316765,Den Haag,Bilinmiyor,1
35977,Riouwstraat 1,Alfen,52.090743,4.296256,Den Haag,Bilinmiyor,1
35976,Willem de Zwijgerlaan 76B,EVnetNL,52.090598,4.271679,Den Haag,Bilinmiyor,2
35975,Eerbeekseweg 6,Alfen,52.09046,6.134585,Brummen,Bilinmiyor,1
35974,Celebesstraat 119,Alfen,52.09042,4.296941,Den Haag,Bilinmiyor,1
35973,Bezuidenhoutseweg 379,Alfen,52.090417,4.341123,Den Haag,Bilinmiyor,1
35971,Malakkastraat 224,Alfen,52.089972,4.297307,Den Haag,Bilinmiyor,1
35970,Stationsdwarsstraat,Shell Recharge Solutions (BE),52.0898857116699,5.11233329772949,Utrecht,Bilinmiyor,1
35968,Haverkamp 226,Alfen,52.089722,4.350146,Den Haag,Bilinmiyor,1
35965,P1 Moreelsepark Utrecht,Shell Recharge Solutions (NL),52.089696886539,5.1134584844112,Utrecht,Public,3
35963,Balistraat 1A,Alfen,52.089621,4.310408,Den Haag,Bilinmiyor,1
35962,Euclideslaan 1,EVBox,52.08997,5.14905,Utrecht,Bilinmiyor,1
35961,Stadhouderslaan 90,EVnetNL,52.0895,4.279039,Den Haag,Bilinmiyor,2
35959,Mariaplaats 23,Essent (NL),52.08946,5.115812,Utrecht,Bilinmiyor,1
35958,Van den Eyndestraat 24,Alfen,52.089319,4.276014,Den Haag,Bilinmiyor,1
35955,De Eerensplein,Alfen,52.089247,4.344557,Den Haag,Bilinmiyor,1
35953,Jaarbeursplein 6,Bilinmiyor,52.089,5.108,Utrecht,Bilinmiyor,2
35952,Jozef Israëlslaan,EVnetNL,52.088986,4.87119,Woerden,Bilinmiyor,2
35951,Bezuidenhoutseweg 249A,Alfen,52.088842,4.337213,Den Haag,Bilinmiyor,1
35949,Slotlaan 307,EVnetNL,52.088779,5.248546,Zeist,Bilinmiyor,1
35948,Graaf van Limburg Stirumplein 38,EVnetNL,52.088682,6.154883,Brummen,Bilinmiyor,1
35947,Maliebaanstation 18,EVBox,52.08843,5.13123,Utrecht,Bilinmiyor,1
35946,Adriaan Pauwstraat 51,Alfen,52.088581,4.278135,Den Haag,Bilinmiyor,1
35943,Graadt van Roggenweg,EVBox,52.08857,5.10299,Utrecht,Bilinmiyor,1
35942,Verlengde Houtrakgracht,EVnetNL,52.088268,5.054172,Utrecht,Bilinmiyor,2
35939,Nassaulaan 21,EVnetNL,52.088174,4.306453,Den Haag,Bilinmiyor,2
35934,Norenburg 159,EVnetNL,52.087958,4.357523,Den Haag,Bilinmiyor,2
35933,Ligusterhof,Stadtwerke Clausthal-Zellerfeld,52.087966430023,4.3854469433427,Leidschendam-Voorburg,Bilinmiyor,2
35932,Koninginnegracht 22A,Shell Recharge Solutions (BE),51.4379643,5.47670140000002,Den Haag,Bilinmiyor,1
35930,Laurentiusweer 21,Shell Recharge Solutions (BE),52.0877914428711,4.40660953521729,Leidschendam-Voorburg,Bilinmiyor,1
35929,Everard Meijsterlaan 81,eNovates,52.087643,5.08675,Utrecht,Bilinmiyor,2
35928,Geertebolwerk 1,ChargePoint,52.08743,5.117843,Utrecht,Bilinmiyor,2
35927,Zuivelweg 5-T01,EVnetNL,52.087399,6.447883,Berkelland,Bilinmiyor,2
35926,Geertebolwerk 1,ChargePoint,52.087343,5.117518,Utrecht,Bilinmiyor,2
35923,De Carpentierstraat,Alfen,52.087245,4.334335,Den Haag,Bilinmiyor,1
35922,Evenaar 177A,EVnetNL,52.087263,5.028021,Utrecht,Bilinmiyor,2
35921,Altingstraat 82,Alfen,52.087163,4.342711,Den Haag,Bilinmiyor,1
35920,Van Boetzelaerlaan 2,Alfen,52.087146,4.272246,Den Haag,Bilinmiyor,1
35919,Prins Hendriklaan 19A,EVBox,52.08595,5.25005,Zeist,Bilinmiyor,1
35918,Daltonlaan 300,EVBox,52.08709,5.16066,Utrecht,Bilinmiyor,1
35916,Raadhuisplein 13,EVnetNL,52.086898,4.746799,Bodegraven-Reeuwijk,Bilinmiyor,1
35915,Nicolaasweg 42,EVBox,52.0871,5.13817,Utrecht,Bilinmiyor,1
35914,Wilhelminapark 67,EVnetNL,52.086763,5.141701,Utrecht,Bilinmiyor,2
35913,Joseph Haydnlaan 52-3,Bilinmiyor,52.08675177427,5.0831857323647,Utrecht,Bilinmiyor,2
35912,De Sillestraat,Alfen,52.086633,4.347089,Den Haag,Bilinmiyor,1
35910,Nieuwe Erf 9,EVnetNL,52.0866,5.619439,Ede,Bilinmiyor,2
35909,Luwte 8,EVBox,52.08627,5.02631,Utrecht,Bilinmiyor,1
35908,Schumanlaan 10,EVnetNL,52.086409,4.910411,Woerden,Bilinmiyor,1
35905,Zeestraat 84,Alfen,52.086154,4.301737,Den Haag,Bilinmiyor,1
35904,Hendrick de Keyserstraat 8,EVBox,52.086093,5.143037,Utrecht,Bilinmiyor,1
35903,La Fontaineplein,EVnetNL,52.08602,4.903709,Woerden,Bilinmiyor,2
35902,Bezuidenhoutseweg,Alfen,52.085959,4.33225,Den Haag,Bilinmiyor,1
35899,Oosterstraat 9,EVnetNL,52.085845,5.131103,Utrecht,Bilinmiyor,2
35898,Muntkade 100,Stadtwerke Clausthal-Zellerfeld,52.085756292259,5.098192691803,Utrecht,Bilinmiyor,2
35897,Willem van Outhoornstraat 43,Alfen,52.08572,4.340027,Den Haag,Bilinmiyor,1
35895,Koninginnegracht,Alfen,52.085661,4.31522,Den Haag,Bilinmiyor,1
35894,Springweg 156,EVnetNL,52.085619,5.120655,Utrecht,Bilinmiyor,2
35891,Bazarstraat 5,Alfen,52.085324,4.301436,Den Haag,Bilinmiyor,1
35888,Louis Couperusplein 15,EVnetNL,52.084969,4.309439,Den Haag,Bilinmiyor,2
35887,Monnikeraklaan 24,Shell Recharge Solutions (BE),52.2708231,5.58536760000004,Utrecht,Bilinmiyor,1
35885,Koningin Emmakade 197A,Alfen,52.08475,4.283112,Den Haag,Bilinmiyor,1
35882,Laan van Meerdervoort 82,Alfen,52.0847,4.294205,Den Haag,Bilinmiyor,1
35880,Woudenbergseweg,EVBox,52.08477,5.28238,Zeist,Bilinmiyor,1
35879,'t Boschstuk 33,EVBox,52.08462,5.49491,Scherpenzeel,Bilinmiyor,1
35878,Van Blankenburgstraat 87,Alfen,52.084479,4.284765,Den Haag,Bilinmiyor,1
35876,Wilgendreef 227,EVnetNL,52.08428,4.364143,Voorburg,Bilinmiyor,1
35875,Hoge Rijndijk 14,EVBox,52.084173,4.868087,Woerden,Bilinmiyor,1
35874,Koningin Emmakade 183B,Alfen,52.084156,4.283763,Den Haag,Bilinmiyor,1
35873,Ruijgenhoeksepolder 20,Shell Recharge Solutions (BE),52.0841217041016,5.01550912857056,Utrecht,Bilinmiyor,1
35872,Juliana van Stolberglaan 137,EVnetNL,52.084075,4.340234,Den Haag,Bilinmiyor,2
35870,Juliana van Stolberglaan 355,EVnetNL,52.084025,4.346888,Den Haag,Bilinmiyor,2
35869,Daggeldersweg 18,EVBox,52.08377,4.8554,Woerden,Bilinmiyor,1
35867,Theresiastraat 77,Alfen,52.083847,4.332205,Den Haag,Bilinmiyor,1
35866,Klaverweide 5,Alfen,52.083837,4.374524,Leidschendam-Voorburg,Bilinmiyor,1
35864,Frans Halsstraat 53,eNovates,52.08377,5.144098,Utrecht,Bilinmiyor,2
35862,Strandwal 3,Alfen,52.083333,4.395302,Leidschendam-Voorburg,Bilinmiyor,1
35861,1e Sweelinckstraat 62A,Alfen,52.083652,4.287781,Den Haag,Bilinmiyor,1
35860,Bezuidenhoutseweg 73,Alfen,52.083645,4.327578,Den Haag,Bilinmiyor,1
35859,Platolaan 15,Shell Recharge Solutions (BE),52.0836067199707,5.15475845336914,Utrecht,Bilinmiyor,1
35858,Van Speijkstraat 50A,Alfen,52.083543,4.29405,Den Haag,Bilinmiyor,1
35856,Theresiastraat 47,EVnetNL,52.083421,4.331236,Den Haag,Bilinmiyor,2
35854,Groot Hertoginnelaan 145A,Alfen,52.08324105,4.27794451,Den Haag,Bilinmiyor,1
35853,Westhofflaan,EVBox,52.08325,5.64176,Ede,Bilinmiyor,1
35851,Jacob Mosselstraat,Alfen,52.083078,4.336842,Den Haag,Bilinmiyor,1
35848,Bezuidenhoutseweg 67,Shell Recharge Solutions (BE),52.0829757,4.3259596,Den Haag,Bilinmiyor,1
35846,Prins Hendrikstraat 16A,Alfen,52.082969,4.296301,Den Haag,Bilinmiyor,1
35845,Prinses Irenestraat 1,Bilinmiyor,52.082881795727,4.3256869912148,Den Haag,Bilinmiyor,1
35844,Oranjestraat 4,Alfen,52.082872,4.306667,Den Haag,Bilinmiyor,1
35843,Polanerbaan,EVnetNL,52.082815,4.891189,Woerden,Bilinmiyor,2
35842,Hugo de Grootstraat 85,Essent (NL),52.082809,4.295236,Den Haag,Bilinmiyor,1
35841,Mezenlaan 48C,Alfen,52.082778,4.261512,Den Haag,Bilinmiyor,1
35837,Pyreneeënstraat,EVBox,52.08235,4.90587,Woerden,Bilinmiyor,1
35836,Croeselaan 249-BS,EVnetNL,52.0825,5.110717,Utrecht,Bilinmiyor,2
35835,Johannes Camphuijsstraat 270,Alfen,52.082481,4.342809,Den Haag,Bilinmiyor,1
35834,Laan van Meerdervoort 134D,Alfen,52.082452,4.289875,Den Haag,Bilinmiyor,1
35833,Sportlaan,EVnetNL,52.082334,4.265597,Den Haag,Bilinmiyor,2
35832,Zwanenlaan 20,Alfen,52.082322,4.254963,Den Haag,Bilinmiyor,1
35830,Kanaalweg,Bilinmiyor,52.08188,5.10165,Utrecht,Bilinmiyor,1
35828,Suezkade 189,Alfen,52.081775,4.277231,Den Haag,Bilinmiyor,1
35827,Johan van Hoornstraat 1B,Alfen,52.081664,4.339945,Den Haag,Bilinmiyor,1
35826,Elandstraat 38A,Alfen,52.08160677,4.29945885,Den Haag,Bilinmiyor,1
35825,Groot Hertoginnelaan 171B,Essent (NL),52.081563,4.276096,Den Haag,Bilinmiyor,1
35824,Casuariestraat,Alfen,52.082227,4.318733,Den Haag,Bilinmiyor,1
35823,2e Louise de Colignystraat 81,Alfen,52.08143679,4.338921,Den Haag,Bilinmiyor,1
35822,Lange Voorhout 15,Alfen,52.081399,4.311916,Den Haag,Bilinmiyor,1
35820,Pijnboomstraat 2,Alfen,52.081374,4.27429,Den Haag,Bilinmiyor,1
35819,Van Diemenstraat 132,Alfen,52.081203,4.291259,Den Haag,Bilinmiyor,1
35817,Laan van Nieuw-Oost-Indië 279A,Alfen,52.081115,4.342596,Den Haag,Bilinmiyor,1
35816,Pauwenlaan 28,Alfen,52.081105,4.253624,Den Haag,Bilinmiyor,1
35815,Reinkenstraat 9,EVnetNL,52.081091,4.283947,Den Haag,Bilinmiyor,2
35814,Kneuterdijk 15,EVnetNL,52.081036,4.30928,Den Haag,Bilinmiyor,2
35813,Sportlaan 606,Alfen,52.080992,4.262121,Den Haag,Bilinmiyor,1
35812,Archimedesstraat 111,Alfen,52.080954,4.277889,Den Haag,Bilinmiyor,1
35808,Heulstraat 3,Alfen,52.080796,4.307749,Den Haag,Bilinmiyor,1
35807,Admiraal Helfrichlaan 537,Bilinmiyor,52.080769483164,5.0954665616155,Utrecht,Bilinmiyor,2
35806,Westerkade 4,EVnetNL,52.080699,5.123515,Utrecht,Bilinmiyor,2
35805,Conradkade 96,Alfen,52.080651,4.282129,Den Haag,Bilinmiyor,1
35804,Boterbloemweide 56,EVnetNL,52.080609,4.858819,Woerden,Bilinmiyor,1
35802,Vondelstraat 203,Essent (NL),52.080548,4.297915,Den Haag,Bilinmiyor,1
35800,Bilderdijkstraat 37,EVnetNL,52.080465,4.302067,Den Haag,Bilinmiyor,2
35795,Oude Leidseweg,Shell Recharge Solutions (BE),52.0802001953125,5.08338022232056,Utrecht,Bilinmiyor,1
35794,Vondelstraat 256,Alfen,52.080181,4.297105,Den Haag,Bilinmiyor,1
35793,Marotplan 60,Alfen,52.080132,4.52563,Zoetermeer,Bilinmiyor,1
35792,Wilgstraat 59,Alfen,52.080101,4.271785,Den Haag,Bilinmiyor,1
35791,Patrijslaan 18,Alfen,52.080074,4.256323,Den Haag,Bilinmiyor,1
35790,Kennedylaan,Bilinmiyor,52.080001948248,5.0821968985857,Utrecht,Bilinmiyor,2
35789,Rodelaan 59,Alfen,52.079969,4.379061,Leidschendam-Voorburg,Bilinmiyor,1
35788,Rijnstraat 10,EVBox,52.07994,4.32292,Den Haag,Bilinmiyor,1
35787,Haviklaan 20,Shell Recharge Solutions (BE),52.0799369812012,4.25648498535156,Den Haag,Bilinmiyor,2
35784,Regentesselaan 15D,Alfen,52.079718,4.282169,Den Haag,Bilinmiyor,1
35780,Turfmarkt 147,Alfen,52.079502,4.322364,Den Haag,Bilinmiyor,1
35779,Klein Landaas 20,EVBox,52.07937,5.44828,Woudenberg,Bilinmiyor,1
35778,Veenkade 45,Alfen,52.079345,4.300971,Den Haag,Bilinmiyor,1
35777,Oostzee 18,EVBox,52.07948,4.91149,Woerden,Bilinmiyor,1
35776,Wattstraat 22,Alfen,52.079219,4.279609,Den Haag,Bilinmiyor,1
35775,Fluwelen Burgwal 51,Alfen,52.079179,4.318478,Den Haag,Bilinmiyor,1
35772,Sportlaan 962,Alfen,52.079088,4.257469,Den Haag,Bilinmiyor,1
35771,Sparrenheuvel,Stadtwerke Clausthal-Zellerfeld,52.079082,5.243693,Zeist,Bilinmiyor,1
35769,Koningsplein 35,Alfen,52.079004,4.287727,Den Haag,Bilinmiyor,1
35768,Waldeck Pyrmontkade 298,Alfen,52.078938,4.292251,Den Haag,Bilinmiyor,1
35765,Helmersstraat 104,Alfen,52.078702,4.294386,Den Haag,Bilinmiyor,1
35763,Regentesselaan 65,Alfen,52.078538,4.282333,Den Haag,Bilinmiyor,1
35761,Sleedoornstraat 33,Shell Recharge Solutions (BE),52.0783195495606,4.26395177841187,Den Haag,Bilinmiyor,1
35760,Brouwerij,EVnetNL,52.078276,5.237258,Zeist,Bilinmiyor,2
35759,Hendrik van Boeijenlaan 2,Alfen,52.078276,4.364194,Voorburg,Bilinmiyor,1
35758,Torenstraat,Shell Recharge Solutions (BE),52.078125,4.30446243286133,Den Haag,Bilinmiyor,1
35757,Herculesplein,Shell Recharge Solutions (BE),52.0780896,5.14706530000001,Utrecht,Bilinmiyor,1
35756,Torenstraat,Shell Recharge Solutions (BE),52.0780868530274,4.30444097518921,Den Haag,Bilinmiyor,1
35755,Sleedoornstraat 102,Bilinmiyor,52.078081764998,4.2638486623764,Den Haag,Bilinmiyor,1
35753,de Bleek 1A,EVBox,52.07673,4.89071,Woerden,Bilinmiyor,1
35752,Kalvermarkt,Shell Recharge Solutions (BE),52.0778732299805,4.31563997268677,Den Haag,Bilinmiyor,1
35751,Columbusstraat 186H,Alfen,52.077807,4.278435,Den Haag,Bilinmiyor,1
35749,Spui,Shell Recharge Solutions (BE),52.0777740478516,4.31567239761353,Den Haag,Bilinmiyor,1
35748,van de Wateringelaan 153,EVnetNL,52.077484,4.345185,Voorburg,Bilinmiyor,1
35747,Barwoutswaarder,EVBox,52.07732,4.83,Woerden,Bilinmiyor,1
35746,Wildhoeflaan 27,Alfen,52.07735,4.248519,Den Haag,Bilinmiyor,1
35745,Spuiplein 150,Shell Recharge Solutions (BE),52.0772773,4.3190487,Den Haag,Bilinmiyor,1
35743,Molenweg 8,EVnetNL,52.077213,5.245913,Zeist,Bilinmiyor,1
35741,Ammunitiehaven 15,Bilinmiyor,52.077201483573,4.3191504478455,Den Haag,Bilinmiyor,2
35740,Hoefbladveld,EVnetNL,52.077046,4.86148,Woerden,Bilinmiyor,2
35739,Pompmolenlaan 2,EVnetNL,52.077007,4.895729,Woerden,Bilinmiyor,2
35738,Nieuwe Haven 71,EVnetNL,52.076979,4.320651,Den Haag,Bilinmiyor,2
35737,Burgemeester Colijnstraat 101,Shell Recharge Solutions (BE),52.0769515148619,4.66009386931148,Alphen aan den Rijn,Bilinmiyor,1
35736,Pelmolenlaan 19,Shell Recharge Solutions (BE),52.0769081115723,4.89197158813477,Woerden,Bilinmiyor,2
35735,Helling,EVnetNL,52.076827,5.122003,Utrecht,Bilinmiyor,2
35733,Ammunitiehaven 111,Essent (NL),52.076676,4.319767,Den Haag,Bilinmiyor,1
35731,Irisstraat 96,Alfen,52.076315,4.260525,Den Haag,Bilinmiyor,1
35730,Kepplerstraat 121A,Alfen,52.076237,4.283373,Den Haag,Bilinmiyor,1
35729,Eisenhowerlaan,EVnetNL,52.076206,5.093746,Utrecht,Bilinmiyor,2
35728,Lijsterbesstraat 26,Alfen,52.07612247,4.26314844,Den Haag,Bilinmiyor,1
35727,de Beerze 4,EVnetNL,52.076112,4.868657,Woerden,Bilinmiyor,1
35726,Botnische golf 9E,Shell Recharge Solutions (BE),52.0760002136231,4.90245008468628,Woerden,Bilinmiyor,1
35725,Prinses Marijkekade 14,Alfen,52.075985,4.368656,Voorburg,Bilinmiyor,1
35724,Edisonstraat 94A,Alfen,52.075929,4.275688,Den Haag,Bilinmiyor,1
35722,van Beijerenstraat,Alfen,52.075852,4.34763,Voorburg,Bilinmiyor,1
35721,Jan Hendrikstraat,Shell Recharge Solutions (BE),52.0758399963379,4.30738496780396,Den Haag,Bilinmiyor,1
35720,Laan van Poot 412,Alfen,52.075839,4.241794,Den Haag,Bilinmiyor,1
35719,Sint Jacobstraat 65,Shell Recharge Solutions (BE),52.0755958557129,4.31549263000488,Den Haag,Bilinmiyor,1
35718,Beeklaan 261,Alfen,52.075587,4.280143,Den Haag,Bilinmiyor,1
35717,Onderstraat,EVnetNL,52.075576,6.18247,Bronckhorst,Bilinmiyor,2
35716,Sint Jacobstraat 99,Shell Recharge Solutions (BE),52.0755653381348,4.31559991836548,Den Haag,Bilinmiyor,1
35715,Cort Heyligersstraat 15,Alfen,52.075427,4.294815,Den Haag,Bilinmiyor,1
35714,Akeleiweide 5,EVBox,52.07576,4.85929,Woerden,Bilinmiyor,1
35713,Parkweg 237A,EVnetNL,52.07534,4.37228,Voorburg,Bilinmiyor,1
35712,Oude Buizerdlaan 5A,Alfen,52.075217,4.245979,Den Haag,Bilinmiyor,1
35711,Wulverhorstbaan 1,Bilinmiyor,52.075162329112,4.8969089984894,Woerden,Bilinmiyor,2
35710,Oude Middenweg 84,EVnetNL,52.075146,4.404683,Den Haag,Bilinmiyor,2
35708,Waalstraat 172,EVnetNL,52.074735,5.113454,Utrecht,Bilinmiyor,2
35707,Varkenmarkt,EVnetNL,52.074711,4.306027,Den Haag,Bilinmiyor,2
35706,Lutherse Burgwal 33,Shell Recharge Solutions (BE),52.0746536254883,4.31031322479248,Den Haag,Bilinmiyor,1
35705,Vitruviusruimte 25,EVnetNL,52.07464,4.524605,Zoetermeer,Bilinmiyor,1
35704,Lutherse Burgwal 37,Shell Recharge Solutions (BE),52.074634552002,4.31037759780884,Den Haag,Bilinmiyor,1
35703,Rotsoord 3,EVnetNL,52.074547,5.121287,Utrecht,Bilinmiyor,2
35701,Oog in 't Zeilstraat,Alfen,52.074503,4.310934,Den Haag,Bilinmiyor,1
35700,de Geer 5,Shell Recharge Solutions (BE),52.0743637084961,4.86478137969971,Woerden,Bilinmiyor,1
35699,Fultonstraat 241A,Alfen,52.074349,4.276658,Den Haag,Bilinmiyor,1
35698,Lomanlaan,EVBox,52.07443,5.10088,Utrecht,Bilinmiyor,1
35697,Laan van Meerdervoort 609,Alfen,52.074248,4.264279,Den Haag,Bilinmiyor,1
35696,Groenewegje 158,Alfen,52.074237,4.318401,Den Haag,Bilinmiyor,1
35695,Noorderbeekdwarsstraat 161,Alfen,52.073957,4.278069,Den Haag,Bilinmiyor,1
35694,Squashstraat 1,Alfen,52.073887,4.406488,Den Haag,Bilinmiyor,1
35693,Nijborg 2,EVnetNL,52.073786,5.530457,Renswoude,Bilinmiyor,2
35692,Gaslaan 127,Alfen,52.073772,4.286865,Den Haag,Bilinmiyor,1
35691,Brouwersgracht 10,Alfen,52.07328,4.305789,Den Haag,Bilinmiyor,1
35690,De Savornin Lohmanlaan 467,Shell Recharge Solutions (BE),52.0732574462891,4.24034547805786,Den Haag,Bilinmiyor,2
35689,Oude Middenweg 30,Alfen,52.073246,4.402554,Den Haag,Bilinmiyor,1
35688,Stokroosstraat 3D,Alfen,52.073173,4.257703,Den Haag,Bilinmiyor,1
35687,De Savornin Lohmanlaan 408,Alfen,52.07281,4.239818,Den Haag,Bilinmiyor,1
35686,Strijkviertel 63,Shell Recharge Solutions (BE),52.0730743408203,5.05495357513428,Utrecht,Bilinmiyor,1
35685,Kamperfoelieplein 11A,EVnetNL,52.073058,4.267195,Den Haag,Bilinmiyor,2
35684,Dintelstraat 23,EVBox,52.07298,4.32634,Den Haag,Bilinmiyor,1
35683,Huijgenspark 56T,Alfen,52.072959,4.322684,Den Haag,Bilinmiyor,1
35682,Spijkermakersstraat 74,Alfen,52.072802,4.303505,Den Haag,Bilinmiyor,1
35681,Aakwerf 2,EVnetNL,52.072498,4.499875,Zoetermeer,Bilinmiyor,1
35680,Orteliuslaan 1,Bilinmiyor,52.072491847868,5.0772996246815,Utrecht,Bilinmiyor,3
35679,Noordenburglaan 21,EVnetNL,52.072409,4.364371,Voorburg,Bilinmiyor,1
35678,Dorpsstraat 2T,EVnetNL,52.072058,5.547124,Renswoude,Bilinmiyor,2
35676,Rijnzathe 8,EVBox,52.07204,5.04932,Utrecht,Bilinmiyor,1
35675,Meerndijk 59,Allego BV,52.0724301542572,5.0271684503864,De Meern,Public - Membership Required,8
35674,Newtonplein 49,Alfen,52.071842,4.27786,Den Haag,Bilinmiyor,1
35672,Hyacinthweg 48,Alfen,52.07177,4.251526,Den Haag,Bilinmiyor,1
35670,Broekslootkade 44,Alfen,52.071593,4.361232,Voorburg,Bilinmiyor,1
35669,Kampioensingel 13,EVnetNL,52.071516,4.404516,Den Haag,Bilinmiyor,2
35668,Aart van der Leeuwkade 1,Alfen,52.071073,4.35843,Voorburg,Bilinmiyor,1
35667,Vaillantplein 18T,Alfen,52.071073,4.301237,Den Haag,Bilinmiyor,1
35666,Laan van Meerdervoort 752,Alfen,52.070927,4.256069,Den Haag,Bilinmiyor,1
35665,Kampweg 46,EVnetNL,52.070439,5.196619,Bunnik,Bilinmiyor,2
35664,Afrikalaan 149,EVBox,52.07004,5.09407,Utrecht,Bilinmiyor,1
35661,Laan van Oostenburg 49,Alfen,52.069821,4.360543,Voorburg,Bilinmiyor,1
35660,Italiëweg 25,Shell Recharge Solutions (BE),52.0698204040527,4.7554759979248,Bodegraven-Reeuwijk,Bilinmiyor,1
35659,Sartrezijde 60,Alfen,52.069779,4.496416,Zoetermeer,Bilinmiyor,1
35658,Laan van Eik en Duinen 114,EVnetNL,52.069721,4.264171,Den Haag,Bilinmiyor,2
35657,Enthovenplein,Shell Recharge Solutions (BE),52.0696754455566,4.3263111114502,Den Haag,Bilinmiyor,1
35656,Laan van Meerdervoort 828,Alfen,52.069602,4.253025,Den Haag,Bilinmiyor,1
35655,Bellefleurhof 20,Alfen,52.069574,4.525182,Zoetermeer,Bilinmiyor,1
35654,Zonweg 193,Alfen,52.069618,4.347887,Den Haag,Bilinmiyor,1
35652,Neckar,Bilinmiyor,52.06932433528,4.3901807069778,Den Haag,Bilinmiyor,2
35651,Enthovenplein,Shell Recharge Solutions (BE),52.0692901611328,4.32659482955933,Den Haag,Bilinmiyor,1
35650,Patrijzenveld 25,EVnetNL,52.069269,4.510887,Zoetermeer,Bilinmiyor,1
35649,Waldorpstraat,Stadtwerke Clausthal-Zellerfeld,52.069258384263,4.3229484558105,Den Haag,Bilinmiyor,2
35647,Meloenstraat 70,Alfen,52.068703,4.256364,Den Haag,Bilinmiyor,1
35646,Thea Beckmanpad 9,EVnetNL,52.068697,5.198071,Bunnik,Bilinmiyor,2
35645,Nieuwlandstraat 16,Alfen,52.068338,4.539582,Zoetermeer,Bilinmiyor,1
35644,Duitslandweg 4,EVnetNL,52.068312,4.753672,Bodegraven-Reeuwijk,Bilinmiyor,1
35643,Tolnasingel 3,Shell Recharge Solutions (BE),52.0682830810547,4.76261520385742,Bodegraven-Reeuwijk,Bilinmiyor,1
35642,Koeburgweg 1,EVnetNL,52.068137,5.256271,Zeist,Bilinmiyor,2
35639,J F Kennedylaan 2n,EVnetNL,52.067806,5.198389,Bunnik,Bilinmiyor,2
35637,Ptolemaeuslaan,Shell Recharge Solutions (BE),52.0676503419581,5.08061767249148,Utrecht,Bilinmiyor,1
35636,Lavendelstraat 96,Alfen,52.067602,4.270189,Den Haag,Bilinmiyor,1
35631,Paul Scholtenrode 91,EVnetNL,52.067412,4.478547,Zoetermeer,Bilinmiyor,1
35630,Van Zijldreef,EVnetNL,52.06738,5.191917,Bunnik,Bilinmiyor,2
35628,Deltaplein 654,EVnetNL,52.067206,4.219423,Den Haag,Bilinmiyor,2
35627,Lobelialaan 62,Alfen,52.06714,4.234743,Den Haag,Bilinmiyor,1
35626,Van Deventerlaan 50,Bilinmiyor,52.066936846393,5.0781565904617,Utrecht,Bilinmiyor,2
35625,Maanweg,FLOW Charging,52.066766188812,4.3493430688977,Den Haag,Bilinmiyor,2
35624,Abrikozenstraat 103,Alfen,52.066713,4.256076,Den Haag,Bilinmiyor,1
35623,Goudsbloemtuin,Alfen,52.066659,4.512809,Zoetermeer,Bilinmiyor,1
35621,Goudseweg 32,Allego BV,52.06710845790953,4.739785134918191,Bodegraven,Public - Membership Required,1
35620,Schoolstraat 43,EVBox,52.06616,4.36388,Voorburg,Bilinmiyor,1
35619,Eendrachtlaan 10,Bilinmiyor,52.066073246377,5.1097687706351,Utrecht,Bilinmiyor,3
35618,Piershilstraat 25,Alfen,52.066161,4.541835,Zoetermeer,Bilinmiyor,1
35617,Laan van Meerdervoort 1229,Alfen,52.066146,4.240035,Den Haag,Bilinmiyor,1
35616,Julianaweg 221,EVnetNL,52.066079,5.118614,Utrecht,Bilinmiyor,2
35615,Saturnusstraat,Bilinmiyor,52.066,4.346,Den Haag,Bilinmiyor,2
35614,Jacob Catsstraat 474,EVnetNL,52.065941,4.314159,Den Haag,Bilinmiyor,2
35613,Ellekomstraat 32,Alfen,52.065689,4.285862,Den Haag,Bilinmiyor,1
35611,Amerongseberg 79,Bilinmiyor,52.065228592306,5.1290541887283,Utrecht,Bilinmiyor,2
35610,Cliviastraat 35,Alfen,52.065175,4.234972,Den Haag,Bilinmiyor,1
35609,Stationsweg 11,e-Laad,52.065123,5.258508,Utrechtse Heuvelrug,Bilinmiyor,1
35608,Papendorpseweg 100,EVBox,52.0650747,5.0903194,Utrecht,Bilinmiyor,1
35607,Pieter van der Meulenlaan 2,EVnetNL,52.065072,4.395221,Den Haag,Bilinmiyor,2
35606,Saturnusstraat 86,Bilinmiyor,52.065,4.346,Den Haag,Bilinmiyor,2
35605,Runnenburg 9,Bilinmiyor,52.064585506753,5.1945751905441,Bunnik,Bilinmiyor,4
35603,Mosselsingel,Alfen,52.064318,4.412932,Den Haag,Bilinmiyor,1
35602,Tuindorpweg 55,EVnetNL,52.064316,5.370919,Utrechtse Heuvelrug,Bilinmiyor,2
35601,Paradijsstraat 36,Alfen,52.064301,4.350595,Voorburg,Bilinmiyor,1
35600,Runnenburg 7,Bilinmiyor,52.06413616584,5.1941534131765,Bunnik,Bilinmiyor,2
35599,Spartastraat 3,Alfen,52.064086,4.497726,Zoetermeer,Bilinmiyor,1
35598,Pleviersingel 24,Alfen,52.064032,4.417136,Den Haag,Bilinmiyor,1
35597,Odijkerweg,EVBox,52.06386,5.25732,Zeist,Bilinmiyor,1
35596,Koninginnelaan 68,Alfen,52.063873,4.352525,Voorburg,Bilinmiyor,1
35595,Vaartdreef 130,EVnetNL,52.063814,4.504073,Zoetermeer,Bilinmiyor,1
35594,Richard Wagnerlaan 42,Alfen,52.063775,4.238955,Den Haag,Bilinmiyor,1
35593,Poortugaalstraat 89,EVnetNL,52.063745,4.541417,Zoetermeer,Bilinmiyor,2
35592,Pippelingstraat 185,Alfen,52.06373498,4.25407922,Den Haag,Bilinmiyor,1
35591,Spieringdam 9,Alfen,52.06358,4.408464,Den Haag,Bilinmiyor,1
35590,Zilverreigerstraat 27,Alfen,52.063197,4.419257,Den Haag,Bilinmiyor,1
35587,Alikruiksingel 6,Alfen,52.062846,4.410511,Den Haag,Bilinmiyor,1
35586,Zeelantlaan 29,EVnetNL,52.062597,5.102157,Utrecht,Bilinmiyor,2
35585,Willem Hanegraaflaan 1T,EVnetNL,52.062417,4.393268,Den Haag,Bilinmiyor,2
35583,Ingenieur Veltplein,Alfen,52.062219,4.470911,Zoetermeer,Bilinmiyor,1
35581,Kikkersloot 47,EVnetNL,52.062072,4.510781,Zoetermeer,Bilinmiyor,2
35580,Maarseveensestraat 4,Alfen,52.062021,4.280707,Den Haag,Bilinmiyor,1
35579,Vijgenstraat 49,Shell Recharge Solutions (BE),52.0620134874169,4.25083366137699,Den Haag,Bilinmiyor,1
35578,Rumpsterweg 8b,EVnetNL,52.06167,5.216575,Bunnik,Bilinmiyor,2
35577,G van der Valk Boumanstraat 30,EVnetNL,52.061613,4.910421,Montfoort,Bilinmiyor,2
35576,Toldijkseweg 1,EVBox,52.061593,6.190782,Bronckhorst,Bilinmiyor,1
35575,Kosterijland 20,EVBox,52.0615887,5.2084713,Bunnik,Bilinmiyor,1
35574,Burgemeester Smitstraat 2,Bilinmiyor,52.061554635309,6.1903989315033,Bronckhorst,Bilinmiyor,1
35573,Rossinilaan 148,Alfen,52.061511,4.243061,Den Haag,Bilinmiyor,1
35572,Nederlandlaan,EVBox,52.061497,4.483825,Zoetermeer,Bilinmiyor,1
35569,Simplonbaan 125,Bilinmiyor,52.061421061161,5.1321575045586,Utrecht,Bilinmiyor,2
35568,Nederlandlaan,Stadtwerke Clausthal-Zellerfeld,52.0613,4.483951,MRDH,Bilinmiyor,2
35566,IJsselsteinstraat 6,Alfen,52.061155,4.274979,Den Haag,Bilinmiyor,1
35565,Kosterijland 8002,EVBox,52.06118,5.21021,Bunnik,Bilinmiyor,1
35564,Jacob Schorerlaan 169,Alfen,52.060945,4.300941,Den Haag,Bilinmiyor,1
35563,Bovenlangs,Bilinmiyor,52.060835638887,4.4876146316528,Zoetermeer,Bilinmiyor,2
35561,Frankrijklaan 11,EVnetNL,52.060673,4.494563,Zoetermeer,Bilinmiyor,1
35560,Nieuwe Zandweg,Stadtwerke Clausthal-Zellerfeld,52.060648,4.917181,Montfoort,Bilinmiyor,1
35558,Onderlangs,Bilinmiyor,52.060617958788,4.4876146316528,Zoetermeer,Bilinmiyor,2
35556,Nieuwe Zandweg,EVnetNL,52.060517,4.917331,Montfoort,Bilinmiyor,2
35553,Heiloostraat 945,Alfen,52.060328,4.269653,Den Haag,Bilinmiyor,1
35552,Lorentzplein 39,Alfen,52.060319,4.327425,Den Haag,Bilinmiyor,1
35551,Oscar Romeroplein 41,Alfen,52.06027,4.259358,Den Haag,Bilinmiyor,1
35550,Isingstraat 251,Alfen,52.060152,4.320482,Den Haag,Bilinmiyor,1
35549,Broekslootkade 35,Alfen,52.060127,4.336972,Rijswijk,Bilinmiyor,1
35547,Wartnalaan 20,EVBox,52.0599571228988,4.39356151653283,Den Haag,Bilinmiyor,1
35543,Allard Piersonlaan 139C,Alfen,52.059396,4.324893,Den Haag,Bilinmiyor,1
35542,De Beaufortlaan 12,EVBox,52.05905,5.29499,Utrechtse Heuvelrug,Bilinmiyor,1
35541,Oosterheemplein 302,EVnetNL,52.059101,4.542113,Zoetermeer,Bilinmiyor,1
35540,Zuidwijkstraat 118,Alfen,52.058857,4.53502,Zoetermeer,Bilinmiyor,1
35539,Aristoteleslaan 7,Alfen,52.058709,4.392977,Den Haag,Bilinmiyor,1
35538,Oud Reeuwijkseweg 22,EVBox,52.0585,4.71425,Bodegraven-Reeuwijk,Bilinmiyor,1
35536,Van Leeuwenhoeklaan 153,Alfen,52.058287,4.482844,Zoetermeer,Bilinmiyor,1
35535,Schoutenhoek 150,Alfen,52.05805,4.49984,Zoetermeer,Bilinmiyor,1
35534,Van den Broekstraat 3,Alfen,52.057674,4.315467,Den Haag,Bilinmiyor,1
35533,Damasstraat 1,Alfen,52.057577,4.329141,Den Haag,Bilinmiyor,1
35532,Grietpolderstraat 34,Alfen,52.057566,4.405087,Den Haag,Bilinmiyor,1
35531,Laakkade 461,Alfen,52.057372,4.313108,Den Haag,Bilinmiyor,1
35530,Albert Schweitzerlaan 2,Alfen,52.057,4.26059,Den Haag,Bilinmiyor,1
35529,Oude Haagweg,Alfen,52.056879,4.246225,Den Haag,Bilinmiyor,1
35528,Herenstraat,Bilinmiyor,52.056452148875,4.3367417156696,Rijswijk,Bilinmiyor,1
35527,Van Zeggelenlaan 145,Alfen,52.055741,4.316264,Den Haag,Bilinmiyor,1
35526,Willem Klooshove 37,EVBox,52.05566,5.08661,Nieuwegein,Bilinmiyor,1
35525,Prinses Máximaplein,EVnetNL,52.0555,4.389827,Den Haag,Bilinmiyor,2
35524,Gerrit van der Veenlaan 143B,Alfen,52.055422,4.248182,Den Haag,Bilinmiyor,1
35523,Kelvinstraat 1,Shell Recharge Solutions (BE),52.0552368164062,4.52331972122192,Zoetermeer,Bilinmiyor,1
35522,Melodiestraat 3,Alfen,52.054992,4.230722,Den Haag,Bilinmiyor,1
35521,Hendrik Kraemerlaan 53,EVnetNL,52.054925,5.268799,Utrechtse Heuvelrug,Bilinmiyor,2
35520,Reeuwijkse Poort 103,Shell Recharge Solutions (BE),52.054744720459,4.72603273391724,Bodegraven-Reeuwijk,Bilinmiyor,1
35519,Ravenswade,Stadtwerke Clausthal-Zellerfeld,52.054594,5.113862,Nieuwegein,Bilinmiyor,1
35518,Loosduinse Hoofdstraat 84,Alfen,52.05429,4.238323,Den Haag,Bilinmiyor,1
35517,Van Maerlantlaan 1,Alfen,52.054277,4.300875,Den Haag,Bilinmiyor,1
35516,Beetsstraat 80,Alfen,52.05424,4.311313,Den Haag,Bilinmiyor,1
35515,Veenweg 77a,EVnetNL,52.054132,4.394995,Pijnacker-Nootdorp,Bilinmiyor,2
35514,Constance Gelderblomlaan 86,Alfen,52.054085,4.265559,Den Haag,Bilinmiyor,1
35512,Engeringstraat 41,Alfen,52.054,4.241548,Den Haag,Bilinmiyor,1
35510,Meidoornlaan,EVnetNL,52.053928,4.500158,Zoetermeer,Bilinmiyor,1
35509,Alexanderstraat 53,Alfen,52.053917,4.490556,Zoetermeer,Bilinmiyor,1
35508,Javalaan 71,Alfen,52.05368,4.53712,Zoetermeer,Bilinmiyor,1
35507,Brede Schouw,Shell Recharge Solutions (BE),52.0535793,4.6936894,Bodegraven-Reeuwijk,Bilinmiyor,1
35505,Fuut 14,Shell Recharge Solutions (BE),52.0527267456055,5.26546716690063,Utrechtse Heuvelrug,Bilinmiyor,1
35504,Luxemburgstraat 49,Alfen,52.052529,4.237584,Den Haag,Bilinmiyor,1
35503,Professor de Vrijerlaan 20,EVnetNL,52.052438,5.231273,Bunnik,Bilinmiyor,2
35501,Medlerstraat 7,Alfen,52.051712,4.302979,Den Haag,Bilinmiyor,1
35500,Buizerdlaan 48,Alfen,52.051671,4.381988,Den Haag,Bilinmiyor,1
35499,Westland 1,Alfen,52.051419,4.464256,Zoetermeer,Bilinmiyor,1
35498,Damhertlaan 101,EVnetNL,52.051329,5.272626,Utrechtse Heuvelrug,Bilinmiyor,2
35495,Borgerstraat 69,Alfen,52.051168,4.269102,Den Haag,Bilinmiyor,1
35493,Veenderij 27,Alfen,52.050895,4.403672,Pijnacker-Nootdorp,Bilinmiyor,1
35492,Heeswijkplein 99,Alfen,52.050884,4.306052,Den Haag,Bilinmiyor,1
35491,Kapelaan Meereboerweg,EVnetNL,52.050811,4.237897,Den Haag,Bilinmiyor,2
35489,Hogesteeg 1,EVnetNL,52.050142,5.28748,Utrechtse Heuvelrug,Bilinmiyor,2
35487,Laan van Zuid Hoorn 56,Bilinmiyor,52.049607239255,4.3498751521111,Rijswijk,Bilinmiyor,1
35486,Hendrik Ravesteijnplein,EVnetNL,52.048996,4.332541,Rijswijk,Bilinmiyor,1
35485,Van Goghstraat 31,Alfen,52.048909,4.497135,Zoetermeer,Bilinmiyor,1
35484,J.C. van der Lansstraat 27,Alfen,52.048668,4.245059,Den Haag,Bilinmiyor,1
35483,van der Hagenstraat,Alfen,52.04865,4.524112,Zoetermeer,Bilinmiyor,1
35482,Nootdorpse Landingslaan 98,EVnetNL,52.048348,4.382057,Den Haag,Bilinmiyor,2
35480,Kerketuinenweg 95,EVBox,52.048,4.25175,Den Haag,Bilinmiyor,1
35479,Veldwade,Ecotap,52.047975,5.1169399,Nieuwegein,Bilinmiyor,2
35478,Madame Curielaan 1,Stadtwerke Clausthal-Zellerfeld,52.047955,4.347053,Rijswijk,Bilinmiyor,1
35477,Lepelaarstraat 2,Alfen,52.047868,4.379415,Den Haag,Bilinmiyor,1
35475,Singel 57a,EVnetNL,52.047582,5.234309,Bunnik,Bilinmiyor,2
35473,Zichtenburglaan 150,EVnetNL,52.047427,4.251015,Den Haag,Bilinmiyor,2
35471,Prismalaan West 27,Shell Recharge Solutions (BE),52.0472297668457,4.53034830093384,Lansingerland,Bilinmiyor,1
35470,Prunuskade 48,Alfen,52.047054,4.339996,Rijswijk,Bilinmiyor,1
35468,Zebraweide 16,EVnetNL,52.046937,5.073461,Nieuwegein,Bilinmiyor,2
35467,Onder de Boompjes 1,EVnetNL,52.046699,4.94951,Montfoort,Bilinmiyor,2
35466,Symfonielaan,EVnetNL,52.046556,5.089239,Nieuwegein,Bilinmiyor,2
35465,IJsselveld 6A,EVBox,52.04652,4.9324,Montfoort,Bilinmiyor,1
35464,Alonehout 31,Alfen,52.046455,4.464755,Zoetermeer,Bilinmiyor,1
35463,Laan van Nootdorp 58,EVnetNL,52.04639,4.392007,Pijnacker-Nootdorp,Bilinmiyor,1
35462,Steenwijklaan 1F,Alfen,52.046339,4.285856,Den Haag,Bilinmiyor,1
35461,Wezelrade 256,Alfen,52.046274,4.257025,Den Haag,Bilinmiyor,1
35460,Melis Stokelaan 1180,EVnetNL,52.046245,4.280318,Den Haag,Bilinmiyor,2
35459,Bergstraat,EVnetNL,52.046211,5.675337,Ede,Bilinmiyor,2
35456,Veenkade 1,EVnetNL,52.045747,4.640933,Waddinxveen,Bilinmiyor,1
35455,Huis te Landelaan 19,Alfen,52.045633,4.317486,Rijswijk,Bilinmiyor,1
35454,Telefoonweg,Allego BV,52.045572,5.668365,Ede,Public,12
35453,Arkeneel 25,EVBox,52.04578,5.56497,Veenendaal,Bilinmiyor,1
35452,Vuurvliegweide 17,EVnetNL,52.045368,5.067478,Nieuwegein,Bilinmiyor,2
35451,Monsterseweg,Shell Recharge Solutions (BE),52.0453262329102,4.20933961868286,Den Haag,Bilinmiyor,1
35449,Brasemdaal 5,Alfen,52.045226,4.239756,Den Haag,Bilinmiyor,1
35448,Zinkwerf 20,EVBox,52.04536,4.24562,Den Haag,Bilinmiyor,1
35447,Hermelijnwit 4,Alfen,52.045134,4.491067,Zoetermeer,Bilinmiyor,1
35445,Elderinkweg 1,EVnetNL,52.045071,6.305171,Bronckhorst,Bilinmiyor,2
35444,Rontgenlaan,EVBox,52.0450147,4.4724635,Zoetermeer,Bilinmiyor,1
35443,Tureluurlaan 29,Alfen,52.044891,4.371995,Den Haag,Bilinmiyor,1
35442,Saasveld 26,Shell Recharge Solutions (BE),52.0448036193848,5.62827014923096,Ede,Bilinmiyor,1
35441,Mahatma Gandhisingel 28,EVnetNL,52.044787,4.477525,Zoetermeer,Bilinmiyor,1
35439,Fellowshiplaan 4,Alfen,52.044564,4.378172,Pijnacker-Nootdorp,Bilinmiyor,1
35438,Sleutelbloem 9,Alfen,52.044506,4.404373,Pijnacker-Nootdorp,Bilinmiyor,1
35437,Boswinde 97,Shell Recharge Solutions (BE),52.0443840026856,4.36305570602417,Den Haag,Bilinmiyor,1
35436,Steenwijklaan 92,Alfen,52.044332,4.282399,Den Haag,Bilinmiyor,1
35435,Mokkabruin 15,EVBox,52.04461,4.49811,Zoetermeer,Bilinmiyor,1
35434,Nootdorpse Landingslaan 226,Alfen,52.044248,4.376061,Den Haag,Bilinmiyor,1
35433,Kasteelplein,EVnetNL,52.044183,4.950964,Montfoort,Bilinmiyor,2
35431,Zilverstraat 2,Shell Recharge Solutions (BE),52.044132232666,4.50171995162964,Zoetermeer,Bilinmiyor,1
35429,Aardvletterweg 14,EVnetNL,52.044094,4.940701,Montfoort,Bilinmiyor,2
35426,Nassaulaan 19,EVBox,52.04406,5.34523,Utrechtse Heuvelrug,Bilinmiyor,1
35425,Citadel,Stadtwerke Clausthal-Zellerfeld,52.043461,5.562158,Veenendaal,Bilinmiyor,1
35424,Kerkweg-Oost,EVnetNL,52.04336,4.65794,Waddinxveen,Bilinmiyor,1
35423,Zilverstraat 1,Shell Recharge Solutions (BE),52.0432856,4.50272770000004,Zoetermeer,Bilinmiyor,1
35422,Goudvinklaan 4,Alfen,52.043015,4.373651,Den Haag,Bilinmiyor,1
35421,Symfonielaan,EVnetNL,52.042377,5.097034,Nieuwegein,Bilinmiyor,2
35420,Cobbenhagenstraat 22,Stadtwerke Clausthal-Zellerfeld,52.042228835812,4.3351927399635,Rijswijk,Bilinmiyor,1
35419,Spierwit 26,EVnetNL,52.042118,4.48607,Zoetermeer,Bilinmiyor,1
35418,Zoetermeerse laan 12f-TNVK,Shell Recharge Solutions (BE),52.0420684814453,4.53942012786865,Lansingerland,Bilinmiyor,1
35417,Verrijn Stuartlaan,Bilinmiyor,52.041959492898,4.3361073732376,Rijswijk,Bilinmiyor,1
35415,Bellestein 61G,EVnetNL,52.043073,5.643653,Ede,Bilinmiyor,2
35414,Ziekenhuisstraat 12,EVnetNL,52.041318,6.613027,Oost Gelre,Bilinmiyor,2
35413,Info Support B.V.,EVBox,52.041072939442,5.5347932875156,Veenendaal,Bilinmiyor,4
35412,Veraartlaan,EVnetNL,52.041059,4.337856,Rijswijk,Bilinmiyor,1
35411,Mgr P.J. Willekenslaan 141,Shell Recharge Solutions (BE),52.0410003662109,4.31808996200562,Rijswijk,Bilinmiyor,1
35409,Lauwers 44,EVBox,52.04075,4.37461,Pijnacker-Nootdorp,Bilinmiyor,1
35408,Molenenk,EVnetNL,52.040989,6.306146,Bronckhorst,Bilinmiyor,2
35407,Essenkade 3,EVnetNL,52.040959,5.146165,Houten,Bilinmiyor,2
35405,Blériotlaan 74,Alfen,52.040584,4.362077,Den Haag,Bilinmiyor,1
35404,Verrijn Stuartlaan 36,Alfen,52.040496,4.333254,Rijswijk,Bilinmiyor,1
35403,Dr H. Colijnlaan 430,Alfen,52.040361,4.319913,Rijswijk,Bilinmiyor,1
35402,Landjuweel 1,EVnetNL,52.040223,5.551264,Veenendaal,Bilinmiyor,1
35401,Markiezenhof 38,Shell Recharge Solutions (BE),52.0401344299316,5.63507843017578,Ede,Bilinmiyor,1
35399,Aluminiumstraat 84,Shell Recharge Solutions (BE),52.0394096374512,4.50981521606445,Zoetermeer,Bilinmiyor,1
35398,Groen-blauwlaan 120,Alfen,52.039019,4.494362,Zoetermeer,Bilinmiyor,1
35396,Generaal Spoorlaan 485b,Bilinmiyor,52.03884557374,4.3135202637017,Rijswijk,Bilinmiyor,2
35395,Plesmanlaan 106A,Alfen,52.038621,4.365441,Den Haag,Bilinmiyor,1
35394,Proosdijerveldweg,EVnetNL,52.0386,5.656043,Ede,Bilinmiyor,2
35392,Meidoornkade,EVnetNL,52.038303,5.140505,Houten,Bilinmiyor,2
35390,Majoraan 1,Bilinmiyor,52.038127,4.95674,Montfoort,Bilinmiyor,1
35389,Newtonstraat 27,EVBox,52.03733,5.57882,Veenendaal,Bilinmiyor,1
35388,Lupinepad,EVnetNL,52.0378,4.299956,Rijswijk,Bilinmiyor,1
35386,Kessler Park 28,EVnetNL,52.037311,4.32444,Rijswijk,Bilinmiyor,1
35385,Hoenderhoeve 15,Shell Recharge Solutions (BE),52.0368576049805,5.16390085220337,Houten,Bilinmiyor,1
35384,Zuidplaslaan 412,EVnetNL,52.036663,4.636078,Waddinxveen,Bilinmiyor,1
35383,Peppelensteeg,EVnetNL,52.03655,5.642691,Ede,Public - Pay At Location,1
35381,Faberlaan 15,Alfen,52.036499,4.357656,Den Haag,Bilinmiyor,1
35380,Kampweg 32,EVnetNL,52.036416,5.343464,Utrechtse Heuvelrug,Bilinmiyor,2
35379,Saffier 32,EVnetNL,52.036138,4.480237,Zoetermeer,Bilinmiyor,1
35378,Walnootgaarde 22,Shell Recharge Solutions (BE),52.0361289978027,5.07230806350708,Nieuwegein,Bilinmiyor,1
35377,Steenvoordelaan 524,EVnetNL,52.03606,4.317859,Rijswijk,Bilinmiyor,1
35376,van Bennekomweg 9,EVnetNL,52.035888,5.346111,Utrechtse Heuvelrug,Bilinmiyor,2
35375,Appelgaarde 20,EVnetNL,52.035817,5.156243,Houten,Bilinmiyor,1
35374,Bogaardplein,Bilinmiyor,52.035628821678,4.3183135986328,Rijswijk,Bilinmiyor,1
35373,Ambachtsgaarde 92,Alfen,52.035495,4.265954,Den Haag,Bilinmiyor,1
35372,Van Campenvaart 65,Alfen,52.035139,4.368485,Den Haag,Bilinmiyor,1
35371,Edelgasstraat,Stadtwerke Clausthal-Zellerfeld,52.035064,4.499851,Zoetermeer,Bilinmiyor,1
35369,Blauw-roodlaan 149,Alfen,52.034924,4.493928,Zoetermeer,Bilinmiyor,1
35368,Strijplaan 118,Alfen,52.034899,4.29642,Rijswijk,Bilinmiyor,1
35367,Mercuriusweg 11,EVBox,52.0351,4.65431,Waddinxveen,Bilinmiyor,1
35366,Wattbaan 31-49,EVBox,52.03479,5.10295,Nieuwegein,Bilinmiyor,1
35365,Laan van Wateringse Veld,Alfen,52.034495,4.284401,Den Haag,Bilinmiyor,1
35364,Dijkhoeve 47,EVnetNL,52.034416,5.164581,Houten,Bilinmiyor,2
35363,De Fuik 26,EVnetNL,52.034345,5.172715,Houten,Bilinmiyor,2
35362,Van Campenvaart 93,EVnetNL,52.034045,4.370297,Den Haag,Bilinmiyor,2
35361,Schenklaan 2,Alfen,52.033863,4.358853,Den Haag,Bilinmiyor,1
35360,Heliumstraat,Shell Recharge Solutions (BE),52.0336380004883,4.49715709686279,Zoetermeer,Bilinmiyor,1
35359,Juliana van Stolberglaan 6,EVnetNL,52.032716444853,5.6619554758072,Ede,Bilinmiyor,2
35358,Laan van Wateringse Veld 191,Alfen,52.033455,4.284304,Den Haag,Bilinmiyor,1
35357,Ronde Erf 62,EVnetNL,52.032812,5.569684,Veenendaal,Bilinmiyor,2
35356,Kelvinbaan,EVBox,52.03263,5.09734,Nieuwegein,Bilinmiyor,1
35354,Coenecoop 6,Shell Recharge Solutions (BE),52.0327529907227,4.65075206756592,Waddinxveen,Bilinmiyor,2
35353,Blauwe Zegge 29,Alfen,52.032745,4.391232,Den Haag,Bilinmiyor,1
35351,Coenecoop 1,EVBox,52.03207,4.65032,Waddinxveen,Bilinmiyor,1
35350,Mexicosingel 44,Alfen,52.032198,4.289376,Den Haag,Bilinmiyor,1
35349,Kerkstraat 18,EVnetNL,52.031961,6.293652,Bronckhorst,Bilinmiyor,2
35348,Borstelbies 9,Alfen,52.031728,4.388136,Den Haag,Bilinmiyor,1
35347,Wollegras 28,Alfen,52.031687,4.379666,Den Haag,Bilinmiyor,1
35346,Kelvinbaan 16,EVBox,52.03164,5.09393,Nieuwegein,Bilinmiyor,1
35345,ABC Westland 108,Shell Recharge Solutions (BE),52.0314636230469,4.22700262069702,Westland,Bilinmiyor,1
35344,Oeverwallaan 95,Alfen,52.031366,4.382498,Den Haag,Bilinmiyor,1
35341,Morsestraat 32,EVBox,52.02974,5.63874,Ede,Bilinmiyor,1
35340,Heulweg 25,Shell Recharge Solutions (BE),52.0301404,4.33704820000003,Rijswijk,Bilinmiyor,1
35339,Oeverwallaan 40,Alfen,52.030028,4.379262,Den Haag,Bilinmiyor,1
35337,New Yorksingel 66,Alfen,52.029145,4.283717,Den Haag,Bilinmiyor,1
35336,Rijnweg 226,Alfen,52.029143,4.172445,Westland,Bilinmiyor,1
35335,Zoete Inval 1,EVnetNL,52.029083,5.562403,Veenendaal,Bilinmiyor,1
35333,Stationsweg,EVnetNL,52.028956,5.671359,Ede,Bilinmiyor,1
35332,Veenslag,EVnetNL,52.028216,5.533426,Veenendaal,Bilinmiyor,2
35331,Vreeswijksestraatweg 22G,EVBox,52.02783,5.09133,Nieuwegein,Bilinmiyor,1
35330,Prins Clausstraat 1b-0001,EVnetNL,52.027674,5.164117,Houten,Bilinmiyor,1
35328,Maxwellstraat 1,Shell Recharge Solutions (BE),52.0274467468262,5.62160205841064,Ede,Bilinmiyor,1
35327,Kerklaan 55,Shell Recharge Solutions (BE),52.0273895263672,4.272057056427,Westland,Bilinmiyor,1
35326,Buizerdlaan 2L,Shell Recharge Solutions (BE),52.0272369384766,5.06829071044922,Nieuwegein,Bilinmiyor,1
35325,Brinkwal 3,EVnetNL,52.0270055704657,5.09194487498223,Nieuwegein,Bilinmiyor,6
35324,Nachtwachtstede,EVnetNL,52.02698,5.084347,Nieuwegein,Bilinmiyor,2
35323,Galvanibaan 14,EVBox,52.02695,5.107,Nieuwegein,Bilinmiyor,1
35322,Verlaat 22,EVBox,52.0268,5.55969,Veenendaal,Bilinmiyor,1
35320,Jaagpad 77,Alfen,52.026672,4.346412,Rijswijk,Bilinmiyor,1
35319,Plein,EVnetNL,52.026627,5.160706,Houten,Bilinmiyor,2
35318,Heulweg 13,EVBox,52.02735,4.43784,Pijnacker-Nootdorp,Bilinmiyor,1
35317,Galvanistraat 7,EVBox,52.02616,5.64344,Ede,Bilinmiyor,1
35316,Hoofdveste,EVnetNL,52.02636,5.139284,Houten,Bilinmiyor,2
35315,Zwartkopplein 1,EVnetNL,52.026259,5.076356,Nieuwegein,Bilinmiyor,1
35314,Meynertzhagenstraat 44,Alfen,52.026233,4.274278,Westland,Bilinmiyor,1
35313,Coenecoop 129C,EVBox,52.02612,4.65625,Waddinxveen,Bilinmiyor,1
35312,Hoofdveste 17,Shell Recharge Solutions (BE),52.0260887145996,5.13895654678345,Houten,Bilinmiyor,1
35311,Broekmolenweg 17,Alfen,52.025788,4.348679,Rijswijk,Bilinmiyor,1
35310,Herenstraat 9,Stadtwerke Clausthal-Zellerfeld,52.025678,5.245419,Bunnik,Bilinmiyor,1
35309,Zomerdijk 14,Shell Recharge Solutions (BE),52.0256347,5.0436853,IJsselstein,Bilinmiyor,1
35308,Hoofdveste,Shell Recharge Solutions (BE),52.0256004333496,5.13980007171631,Houten,Bilinmiyor,1
35307,Eliasdreef 73,Alfen,52.025537,4.227171,Westland,Bilinmiyor,1
35303,Koekoekslaan,Shell Recharge Solutions (BE),52.0251579284668,5.08061742782593,Nieuwegein,Bilinmiyor,1
35302,Noordweg,EVnetNL,52.025048,4.422524,Pijnacker-Nootdorp,Bilinmiyor,1
35301,Waterlandsingel 154,Alfen,52.02453,4.291592,Den Haag,Bilinmiyor,1
35300,Van Bemmellaan 7,EVnetNL,52.024435,4.171349,Westland,Bilinmiyor,2
35299,Herenstraat 22,EVnetNL,52.024394,5.244382,Bunnik,Bilinmiyor,2
35298,Coenecoop 250,Shell Recharge Solutions (BE),52.024299621582,4.6559100151062,Waddinxveen,Bilinmiyor,1
35297,Eerste Abel Tasmanhof 1,EVnetNL,52.024124,4.704238,Gouda,Bilinmiyor,1
35296,Nieuweweg 12C,Stadtwerke Clausthal-Zellerfeld,52.024078,4.21391,MRDH,Bilinmiyor,1
35295,Plein,EVnetNL,52.024029,4.274407,Westland,Bilinmiyor,2
35293,Hanzeweg,Bilinmiyor,52.023766918216,4.6764220297337,Gouda,Bilinmiyor,4
35292,Copernicuslaan 9,Bilinmiyor,52.02366098372,5.6204535150528,Ede,Bilinmiyor,2
35291,Velduil 50,Ecotap,52.0235587,5.0676175,Nieuwegein,Bilinmiyor,1
35290,Duwboot,e-Laad,52.023351001403,5.1439981162548,Houten,Bilinmiyor,4
35288,Dijkstraat 179,EVnetNL,52.023214,5.523266,Veenendaal,Bilinmiyor,2
35286,Athenesingel 72,EVnetNL,52.022998,4.289988,Den Haag,Bilinmiyor,2
35285,Hefbrug,EVnetNL,52.022881,5.159727,Houten,Bilinmiyor,2
35284,Duwboot 19,EVnetNL,52.022827,5.145172,Houten,Bilinmiyor,2
35283,Zwolleweg 10,Shell Recharge Solutions (BE),52.0227432250977,4.67746305465698,Gouda,Bilinmiyor,1
35281,Kapellestraat 13,EVnetNL,52.022121,4.8733,Oudewater,Bilinmiyor,2
35280,Kruidenierweg 20,EVnetNL,52.021402,5.027834,IJsselstein,Bilinmiyor,2
35279,Haantje 17,Bilinmiyor,52.02115747137,4.3446099758148,Rijswijk,Bilinmiyor,1
35277,Centraalspoor 55,Shell Recharge Solutions (BE),52.0208625793457,5.18044328689575,Houten,Bilinmiyor,1
35275,Nieuwstraat 25,EVnetNL,52.020826,4.872495,Oudewater,Bilinmiyor,1
35273,Rietkeverstraat 40,Alfen,52.020773,4.301928,Den Haag,Bilinmiyor,1
35272,Gantel,EVnetNL,52.020699,4.213324,Westland,Bilinmiyor,1
35271,Prunuslaan 7,Alfen,52.020493,4.42925,Pijnacker-Nootdorp,Bilinmiyor,1
35270,Van Essenlaan 2,EVnetNL,52.020487,5.579096,Veenendaal,Bilinmiyor,1
35269,Stootvalk 1,Shell Recharge Solutions (BE),52.0204582214356,5.07122373580933,Nieuwegein,Bilinmiyor,1
35268,Stationsplein,EVnetNL,52.020309,5.54928,Veenendaal,Bilinmiyor,2
35267,Horapark 2,Shell Recharge Solutions (BE),52.0201568603516,5.67739391326904,Ede,Bilinmiyor,1
35266,Sint Eustatiusstraat 2,EVnetNL,52.020071,4.357259,Delft,Bilinmiyor,2
35265,Horapark 2,Shell Recharge Solutions (BE),52.0200080871582,5.67729043960571,Ede,Bilinmiyor,1
35264,Osloweg 26,Alfen,52.019953,4.299022,Den Haag,Bilinmiyor,1
35263,Vuurjuffersingel 23,Alfen,52.020479,4.30332,Den Haag,Bilinmiyor,1
35262,Bolwerk 1,EVnetNL,52.019849,4.875336,Oudewater,Bilinmiyor,1
35261,Alstroemeriastraat 15,EVnetNL,52.019684,4.291372,Westland,Bilinmiyor,2
35260,Hollandhaven,Bilinmiyor,52.019355032098,5.1015803217888,Nieuwegein,Bilinmiyor,2
35259,Vlotlaan 512,Shell Recharge Solutions (BE),52.0193019,4.16495980000002,Westland,Bilinmiyor,1
35258,Zandlaan 34,EVnetNL,52.019065,5.662701,Ede,Bilinmiyor,2
35257,Rietveen 48,EVnetNL,52.018724,4.280933,Westland,Bilinmiyor,2
35256,Allendesingel 44,Shell Recharge Solutions (BE),52.0185432434082,5.6392879486084,Ede,Bilinmiyor,1
35255,Lindelaan 35,Alfen,52.018307,4.365191,Delft,Bilinmiyor,1
35254,Achterwillenseweg 22a,Shell Recharge Solutions (BE),52.0182952880859,4.72418117523193,Gouda,Bilinmiyor,2
35253,Wim Sonneveldstraat 10,Alfen,52.018233,4.295776,Den Haag,Bilinmiyor,1
35252,Smeltwater 16,Shell Recharge Solutions (BE),52.017951965332,5.16607809066772,Houten,Bilinmiyor,1
35250,Felix Timmermanshove 2,EVBox,52.05514,5.07291,Nieuwegein,Bilinmiyor,1
35248,Kienhout 1,EVBox,52.0177,5.17531,Houten,Bilinmiyor,1
35247,'s-Gravenzandseweg,Ecotap,52.017236,4.275338,Westland,Bilinmiyor,2
35246,Ko van Dijkplein 28,Alfen,52.017233,4.29746,Den Haag,Bilinmiyor,1
35245,Swammerdamweg 16,EVBox,52.01701,5.05387,IJsselstein,Bilinmiyor,1
35244,Perzikenlaan,EVBox,52.01737,4.16531,Westland,Bilinmiyor,1
35243,Dubceksingel 64,EVnetNL,52.017084,5.648552,Ede,Bilinmiyor,1
35242,Jan van der Heydenweg 36,EVnetNL,52.016981,5.047712,IJsselstein,Bilinmiyor,2
35241,Distributieweg 13,Shell Recharge Solutions (BE),52.0169143676758,4.63304424285889,Waddinxveen,Bilinmiyor,3
35240,Kolonel Stamfordstraat,EVnetNL,52.016565,4.809167,Oudewater,Bilinmiyor,2
35239,Noordeinde 34,EVnetNL,52.016503,4.352329,Delft,Public,2
35238,de Bleek,EVnetNL,52.016444,6.131323,Doesburg,Bilinmiyor,1
35237,Podiumweg,EVnetNL,52.016245,5.040206,IJsselstein,Bilinmiyor,2
35236,Paardenmarkt,EVnetNL,52.016116,4.358813,Delft,Bilinmiyor,2
35234,Vijver Noord 15,Shell Recharge Solutions (BE),52.0156364440918,4.34368133544922,Delft,Bilinmiyor,1
35233,J.C. van Markenplein,Alfen,52.015428,4.348173,Delft,Bilinmiyor,1
35232,van Beverninghlaan 6,EVnetNL,52.015424,4.705364,Gouda,Bilinmiyor,1
35231,Oostplantsoen 1,Alfen,52.01511,4.36281,Delft,Bilinmiyor,1
35230,Bovendijk 50,Shell Recharge Solutions (BE),52.0150985717773,4.26467704772949,Westland,Bilinmiyor,1
35229,Kampveld 10B,Bilinmiyor,52.014954266277,4.3517231941223,Delft,Bilinmiyor,1
35228,AC Restaurant Nieuwegein West / De Kroon,Allego BV,52.014842,5.119607,Nieuwegein,Public - Membership Required,1
35227,Vaandelstraat 25,Alfen,52.014676,4.359052,Delft,Bilinmiyor,1
35226,A27,Shell Recharge Solutions (BE),52.0145263671875,5.12010526657104,Nieuwegein,Bilinmiyor,1
35225,Hanzeplein 16,EVnetNL,52.014519,6.129234,Doesburg,Bilinmiyor,2
35224,Industrieweg 9,EVBox,52.01477,5.05428,IJsselstein,Bilinmiyor,1
35223,Freule van Dorthsingel 1,Alfen,52.01435,4.444115,Pijnacker-Nootdorp,Bilinmiyor,1
35222,W.H. van Leeuwenlaan 1,Alfen,52.014279,4.342669,Delft,Bilinmiyor,1
35221,Dorpsstraat 163,Shell Recharge Solutions (BE),52.0142402648926,4.57973575592041,Zuidplas,Bilinmiyor,1
35220,Sportlaan,Shell Recharge Solutions (BE),52.0141830444336,5.81908941268921,Arnhem,Bilinmiyor,1
35219,Raaigras 99,EVnetNL,52.014128,5.182047,Houten,Bilinmiyor,2
35218,Prinsenhof 26,Alfen,52.014107,4.437052,Pijnacker-Nootdorp,Bilinmiyor,1
35217,Clara van Sparwoudestraat 10,Alfen,52.014082,4.368634,Delft,Bilinmiyor,1
35216,Christiaan Huygensstraat 12a,Shell Recharge Solutions (BE),52.0134201049805,4.54241514205933,Lansingerland,Bilinmiyor,1
35213,Graaf Dirklaan 7001,EVnetNL,52.013277,5.091325,Nieuwegein,Bilinmiyor,2
35212,Lange Zijde 18,Shell Recharge Solutions (BE),52.0131378173828,4.57773065567017,Zuidplas,Bilinmiyor,1
35211,Klapwijkseweg 91,Alfen,52.013075,4.443334,Pijnacker-Nootdorp,Bilinmiyor,1
35210,Nijverheidsweg,EVnetNL,52.012896,4.438241,Pijnacker-Nootdorp,Bilinmiyor,1
35209,Zuiderkruis 22,Shell Recharge Solutions (BE),52.0128593444824,4.54343318939209,Lansingerland,Bilinmiyor,1
35208,Oranje Plantage 34,EVnetNL,52.01258,4.366779,Delft,Bilinmiyor,2
35205,Monsterseweg,Shell Recharge Solutions (BE),52.0123741,4.15401919999999,Westland,Bilinmiyor,1
35204,Kloostertuin,EVnetNL,52.012256,6.135469,Doesburg,Bilinmiyor,1
35202,Van Foreestweg 77,EVnetNL,52.011936,4.333364,Delft,Bilinmiyor,2
35201,Zwartendijk 40,EVBox,52.01162,4.19553,Westland,Bilinmiyor,1
35198,Rivierenlaan 2,Alfen,52.011647,4.435172,Pijnacker-Nootdorp,Bilinmiyor,1
35196,Produktieweg 3,EVBox,52.01139,5.05799,IJsselstein,Bilinmiyor,1
35195,Schietbergseweg 6,EVnetNL,52.011317,6.030486,Rheden,Bilinmiyor,2
35194,Maria Vosstraat 1,Alfen,52.011295,4.447116,Pijnacker-Nootdorp,Bilinmiyor,1
35193,Turfhaven,EVnetNL,52.011015,6.132951,Doesburg,Bilinmiyor,2
35191,Groenelaan 39,EVBox,52.01119,4.22205,Westland,Bilinmiyor,1
35190,Colijnlaan,Alfen,52.010833,4.34556,Delft,Bilinmiyor,1
35189,Halve Maanweg 1,EVnetNL,52.010741,6.137935,Doesburg,Bilinmiyor,2
35188,Yperstraat,EVnetNL,52.010602,4.364424,Delft,Bilinmiyor,2
35187,Sint Mariewal 41,Bilinmiyor,52.010599498428,4.7033038779099,Gouda,Bilinmiyor,2
35186,Papendallaan 3,Bilinmiyor,52.010500237322,5.8254253864288,Arnhem,Bilinmiyor,1
35185,Lazarussteeg,Shell Recharge Solutions (BE),52.0101165771484,4.70333051681519,Gouda,Bilinmiyor,1
35184,von Suttnerstraat 2,EVnetNL,52.010046,4.724943,Gouda,Bilinmiyor,1
35183,Praagsingel 48,EVnetNL,52.00998,5.041097,IJsselstein,Bilinmiyor,2
35182,Lage Gouwe 108,EVnetNL,52.009853,4.707684,Gouda,Bilinmiyor,1
35181,Gantellaan 52,Alfen,52.00985,4.452566,Pijnacker-Nootdorp,Bilinmiyor,1
35180,Schelmseweg,Shell Recharge Solutions (BE),52.0086644018742,5.90659618377686,Arnhem,Bilinmiyor,1
35179,Westplantsoen 126,EVnetNL,52.009529,4.346534,Delft,Bilinmiyor,2
35177,Hugo de Grootstraat 116,Alfen,52.009357,4.352136,Delft,Bilinmiyor,1
35176,Beekhuizenseweg 1a,EVBox,52.00899,5.96798,Rozendaal,Bilinmiyor,1
35175,Hoeferlaan,Shell Recharge Solutions (BE),52.0089762791497,5.90715408674441,Arnhem,Bilinmiyor,1
35174,Kapitein van Zijll-laan 2,Shell Recharge Solutions (BE),52.0089615,4.98081120000006,Lopik,Bilinmiyor,1
35173,Zuidpoortgarage,Bilinmiyor,52.008905395661,4.3639433383942,Delft,Public,3
35172,Popelenburg 5,EVBox,52.00889,4.44068,Pijnacker-Nootdorp,Bilinmiyor,1
35171,Dorp 246,Shell Recharge Solutions (BE),52.0086517333984,4.97686767578125,Lopik,Bilinmiyor,1
35170,Wilhelminaplein,EVnetNL,52.008417,4.529253,Lansingerland,Bilinmiyor,2
35168,Hugo de Grootstraat 105A,Alfen,52.007977,4.350142,Delft,Bilinmiyor,1
35167,Antoon van Hooffplein 1,Bilinmiyor,52.007855344655,5.8976572751999,Arnhem,Bilinmiyor,1
35166,Noordeindseweg 23,EVBox,52.00784,4.48309,Lansingerland,Bilinmiyor,1
35164,Albert Schweitzerlaan 35,Alfen,52.007307,4.164555,Westland,Bilinmiyor,1
35163,Nassauplein 61,EVnetNL,52.007003,4.378779,Delft,Bilinmiyor,2
35162,Rederijkerslaan 23,Alfen,52.006633,4.162391,Westland,Bilinmiyor,1
35161,Zuidplantsoen,Bilinmiyor,52.006470098169,4.3719711899757,Delft,Bilinmiyor,2
35160,Klapwijkseweg,EVnetNL,52.006416,4.445818,Pijnacker-Nootdorp,Bilinmiyor,1
35159,Edisonweg 1,EVBox,52.00678,5.04418,IJsselstein,Bilinmiyor,1
35158,Raamstraat,EVnetNL,52.006087455483,4.3528601154685,Delft,Bilinmiyor,2
35157,Hollandsche Tuyn 27,Alfen,52.00581,4.396722,Pijnacker-Nootdorp,Bilinmiyor,1
35156,Vliegezwam 122,EVnetNL,52.005697,5.554967,Veenendaal,Bilinmiyor,2
35155,Constantijn Huygensstraat 110,Shell Recharge Solutions (BE),52.0055482,4.7016935,Gouda,Bilinmiyor,1
35154,Sterremos 35,Shell Recharge Solutions (BE),52.0055274963379,5.54270029067993,Veenendaal,Bilinmiyor,1
35153,Nicolaas Beetsstraat 2,Bilinmiyor,52.005444757006,4.7010433673859,Gouda,Bilinmiyor,1
35151,Wolfhezerweg 87,EVBox,52.0053,5.79245,Renkum,Bilinmiyor,1
35150,Benedeneind Zuidzijde 251,Shell Recharge Solutions (BE),52.0051918029785,4.96086454391479,Lopik,Bilinmiyor,1
35149,Buitenwatersloot 255,EVnetNL,52.005164,4.34695,Delft,Bilinmiyor,1
35148,Houtvesterlaan 23,EVBox,52.00486,5.54856,Veenendaal,Bilinmiyor,1
35146,Weegbree,Alfen,52.00401,4.44392,Pijnacker-Nootdorp,Bilinmiyor,1
35145,Nes 28,Alfen,52.003987,4.449358,Pijnacker-Nootdorp,Bilinmiyor,1
35143,Dijkgraafstraat 10,Shell Recharge Solutions (BE),52.0038948059082,4.39752197265625,Pijnacker-Nootdorp,Bilinmiyor,1
35142,Julianalaan 133,EVnetNL,52.003638,4.367251,Delft,Bilinmiyor,2
35141,Enk 7,EVnetNL,52.00359,4.44938,Pijnacker-Nootdorp,Bilinmiyor,1
35140,Diamant 1,Shell Recharge Solutions (BE),52.0033340454102,4.49576807022095,Lansingerland,Bilinmiyor,1
35139,Snaveldolfijn 15,EVnetNL,52.002889,4.202995,Westland,Bilinmiyor,1
35137,Prometheusplein 1,Bilinmiyor,52.002363638834,4.3758523464203,Delft,Bilinmiyor,2
35136,Zandeveltplein,EVnetNL,52.002085,4.15897,Westland,Bilinmiyor,2
35134,Monumentenweg 32,EVnetNL,52.002037,6.206211,Bronckhorst,Bilinmiyor,2
35130,Dijkweg 64,EVnetNL,52.001475,4.219705,Westland,Bilinmiyor,2
35129,Molensingel 95,Alfen,52.001471,4.340121,Delft,Bilinmiyor,1
35128,Nijverheidsstraat,EVnetNL,52.00145,4.354081,Delft,Bilinmiyor,1
35126,Geitenkamp 14,EVnetNL,52.001308,5.941125,Arnhem,Bilinmiyor,2
35124,Landbergstraat 15,Bilinmiyor,52.001244080341,4.3690341711044,Delft,Bilinmiyor,2
35123,Industriestraat 55,EVBox,52.00163,4.20844,Westland,Bilinmiyor,1
35121,Wagnerlaan,Shell Recharge Solutions (BE),52.0010681152344,5.9100661277771,Arnhem,Bilinmiyor,1
35120,Kerkmeesterstraat 4,Alfen,52.000897,4.396916,Pijnacker-Nootdorp,Bilinmiyor,1
35117,Ingenieur F E D Enschedeweg,Bilinmiyor,52.0,5.0,Lopik,Bilinmiyor,4
35116,Oude Veiling 1,Alfen,51.999606,4.332577,Midden-Delfland,Bilinmiyor,1
35114,Molensingel 2,Alfen,51.999359,4.338162,Delft,Bilinmiyor,1
35113,Reinier de Graafweg,Shell Recharge Solutions (BE),51.9993476867676,4.34351110458374,Delft,Bilinmiyor,2
35110,Troelstralaan,Bilinmiyor,51.998588732306,4.3544268608093,Delft,Bilinmiyor,1
35108,Kerkhoflaan 32A,EVnetNL,51.998318,5.676729,Ede,Bilinmiyor,2
35107,Edisonstraat,EVBox,51.99847,4.17443,Westland,Bilinmiyor,1
35105,Pieter Calandweg,Bilinmiyor,51.998099919731,4.3773919343948,Delft,Bilinmiyor,2
35104,Mekelweg,Bilinmiyor,51.997954596044,4.3735134601593,Delft,Bilinmiyor,2
35103,Burgwal,EVnetNL,51.997944,5.472832,Utrechtse Heuvelrug,Bilinmiyor,2
35101,"Shell Emerald, A13 TU-Wijk - Delft-Zuid ",(Business Owner at Location),51.9976692199707,4.39700698852539,Pijnacker-Nootdorp,Public,1
35097,Importweg 1,EVnetNL,51.997183,4.397341,Pijnacker-Nootdorp,Bilinmiyor,1
35096,Berkelseweg 104,Stadtwerke Clausthal-Zellerfeld,51.996574,4.486689,Lansingerland,Bilinmiyor,1
35095,Griegstraat 2,EVnetNL,51.996457,4.344524,Delft,Bilinmiyor,2
35094,Middel Broekweg,EVnetNL,51.996435,4.227727,Westland,Bilinmiyor,2
35092,De Wiese 2,EVnetNL,51.996009,5.183335,Houten,Bilinmiyor,1
35090,Orteliusdreef 22,Shell Recharge Solutions (BE),51.995361328125,4.50202894210815,Lansingerland,Bilinmiyor,1
35087,Jupiter 160,EVBox,51.9948,4.23189,Westland,Bilinmiyor,1
35085,Berkelseweg,EVnetNL,51.994724,4.487722,Lansingerland,Bilinmiyor,2
35084,Westerplein,Stadtwerke Clausthal-Zellerfeld,51.9939099675166,4.47398226052485,Lansingerland,Bilinmiyor,1
35082,Calsstraat 38,EVnetNL,51.994002,4.218764,Westland,Bilinmiyor,1
35080,Van Heemstralaan 4,Bilinmiyor,51.993198287752,5.8949656784534,Arnhem,Bilinmiyor,2
35078,Ruyvenschemolenpad 3,Shell Recharge Solutions (BE),51.9930458068848,4.39302921295166,Pijnacker-Nootdorp,Bilinmiyor,1
35072,Loenhorsterweg 7C,Shell Recharge Solutions (BE),51.9920883178711,6.27975368499756,Bronckhorst,Bilinmiyor,1
35071,Patijnenburg,EVnetNL,51.991822,4.203817,Westland,Bilinmiyor,2
35070,Kerkpolderweg 6,EVnetNL,51.991471,4.33195,Delft,Bilinmiyor,2
35068,Anthony Fokkerweg,Bilinmiyor,51.991150277179,4.3780946731567,Delft,Bilinmiyor,2
35066,Wolfend 43a,Shell Recharge Solutions (BE),51.9909439086914,4.51383113861084,Lansingerland,Bilinmiyor,2
35064,Pontanuslaan 42,EVnetNL,51.990909,5.91201,Arnhem,Bilinmiyor,1
35063,Graaf Lodewijkstraat 4,EVnetNL,51.990774,5.916481,Arnhem,Bilinmiyor,1
35062,Pontanuslaan 7,EVnetNL,51.990642,5.910194,Arnhem,Bilinmiyor,2
35061,Rotterdamseweg 380,EVBox,51.9905,4.37398,Delft,Bilinmiyor,1
35060,Rosendaalsestraat 436,EVnetNL,51.990407,5.92928,Arnhem,Bilinmiyor,1
35059,Rodenrijseweg 57,EVBox,51.99034,4.47315,Lansingerland,Bilinmiyor,1
35058,Graaf Ottoplein 1A,EVnetNL,51.990121,5.911999,Arnhem,Bilinmiyor,2
35057,Utrechtseweg 261,Stadtwerke Clausthal-Zellerfeld,51.990046,5.817867,Renkum,Bilinmiyor,1
35054,Hagenweg,EVnetNL,51.989294,5.109265,Vianen,Bilinmiyor,2
35051,Vlinderweg,Alfen,51.988545,4.362016,Delft,Bilinmiyor,1
35050,De Muggenwaard,EVBox,51.98831,6.04381,Zevenaar,Bilinmiyor,1
35048,Rapenburgsestraat 36,EVnetNL,51.987782,6.564932,Oost Gelre,Bilinmiyor,2
35047,Rosendaalsestraat 220,Bilinmiyor,51.98777,5.925013,Arnhem,Bilinmiyor,2
35046,Utrechtseweg,EVnetNL,51.987756,5.841164,Renkum,Bilinmiyor,1
35044,Rozenstraat 59,EVnetNL,51.987546,5.895162,Arnhem,Bilinmiyor,1
35042,Westelijke Parallelweg,EVnetNL,51.987485,5.082124,Vianen,Bilinmiyor,2
35041,Velperweg 35,EVBox,51.98713,5.92515,Arnhem,Bilinmiyor,1
35040,Uithoflaan 3,Stadtwerke Clausthal-Zellerfeld,51.987316,5.079784,Vianen,Bilinmiyor,1
35039,Raad van Europalaan 112,Alfen,51.98731,4.350326,Delft,Bilinmiyor,1
35037,Ruitenberglaan,Stadtwerke Clausthal-Zellerfeld,51.987047,5.952347,Arnhem,Bilinmiyor,1
35036,IJsselburcht 3,Bilinmiyor,51.98704,5.96082,Arnhem,Bilinmiyor,1
35034,Bellweg 5,Alfen,51.986703,4.370872,Delft,Bilinmiyor,1
35031,Vosdijk 7,EVBox,51.98572,5.93107,Arnhem,Bilinmiyor,1
35030,Victoriapad,Alfen,51.985799,4.351648,Delft,Bilinmiyor,1
35029,Lange Dreef,EVBox,51.9857364146701,5.10438623809819,Vianen,Bilinmiyor,1
35028,Van Vredenburchlaan 33,EVBox,51.98567,4.49669,Lansingerland,Bilinmiyor,1
35024,Cypruslaan 100,EVnetNL,51.985184,4.584097,Rotterdam,Bilinmiyor,2
35022,Rotterdamseweg 402A-2,EVBox,51.98536,4.37643,Delft,Bilinmiyor,1
35021,Mansholtlaan,EVBox,51.98528,5.66956,Wageningen,Bilinmiyor,1
35020,de Ruyterstraat 32,EVBox,51.98463,4.12774,Rotterdam,Bilinmiyor,1
35016,Gildemeestersplein 2C,EVnetNL,51.984886,5.952925,Arnhem,Bilinmiyor,2
35014,Oudlaan 8,EVnetNL,51.984743,5.64977,Wageningen,Bilinmiyor,1
35009,Chopinlaan 81,EVnetNL,51.984342,5.793823,Renkum,Bilinmiyor,1
35008,Stationsplein 162,Essent (NL),51.984328,5.902024,Arnhem,Bilinmiyor,1
35007,Jhr. Nedermeijer van Rosenthalweg 9,EVnetNL,51.984325,5.853856,Renkum,Bilinmiyor,1
35006,Rijksstraatweg 75,Allego BV,51.984314,4.395504,Delfgauw,Public,3
35005,Snip 1,EVnetNL,51.984307,4.675434,Krimpenerwaard,Bilinmiyor,2
35004,Utrechtseweg 202,EVnetNL,51.984276,5.884756,Arnhem,Bilinmiyor,2
35003,Schavenmolenstraat 33,EVnetNL,51.98413,5.927143,Arnhem,Bilinmiyor,2
35002,Stationsplein,EVBox,51.984071,5.900339,Arnhem,Bilinmiyor,1
35000,Florijnweg 8,EVBox,51.98384,5.99054,Rheden,Bilinmiyor,1
34998,Onderlangs,EVnetNL,51.983823,5.88452,Arnhem,Bilinmiyor,2
34997,Clarissenhof 9,Shell Recharge Solutions (BE),51.9836769104004,5.08798980712891,Vianen,Bilinmiyor,1
34994,Velperbuitensingel 1,EVnetNL,51.983139,5.91448,Arnhem,Bilinmiyor,2
34993,Hoogstedelaan 83,Shell Recharge Solutions (BE),51.983024597168,5.86867141723633,Arnhem,Bilinmiyor,1
34992,Akkermaalsbos,Shell Recharge Solutions (BE),51.9828948974609,5.66043519973755,Wageningen,Bilinmiyor,1
34991,Hartenseweg 23,EVBox,51.98253,5.71975,Renkum,Bilinmiyor,1
34990,Menorcalaan 24,EVnetNL,51.982479,4.584209,Rotterdam,Bilinmiyor,2
34987,Nijenoord Allee,EVnetNL,51.982087,5.665448,Wageningen,Public,2
34985,Lambarenestraat 41,Stadtwerke Clausthal-Zellerfeld,51.981656359662,4.3354958295822,Delft,Bilinmiyor,1
34983,Nijenoord Allee,Stadtwerke Clausthal-Zellerfeld,51.981553,5.665557,Wageningen,Bilinmiyor,1
34981,Parkstraat 38,EVnetNL,51.981209,5.919571,Arnhem,Bilinmiyor,1
34980,Klingelbeekseweg 27H-31,EVBox,51.98093,5.86387,Renkum,Bilinmiyor,1
34979,Birkastraat 123,Shell Recharge Solutions (BE),51.9809989929199,5.33785533905029,Wijk bij Duurstede,Bilinmiyor,1
34978,Zaïrestraat 81,EVnetNL,51.980961,4.34213,Delft,Bilinmiyor,2
34973,Hogenkampseweg 56,EVnetNL,51.980393,5.736413,Renkum,Bilinmiyor,1
34967,Statenlaan 8,Shell Recharge Solutions (BE),51.9798052449248,5.92308327555657,Arnhem,Bilinmiyor,1
34966,Anna van Raesfeltstraat 42,Alfen,51.979741,4.319331,Midden-Delfland,Bilinmiyor,1
34965,Rodenrijseweg 323,Shell Recharge Solutions (BE),51.9795416,4.4645231,Lansingerland,Bilinmiyor,1
34964,Van der Molenallee 123,EVnetNL,51.979481,5.794354,Renkum,Bilinmiyor,1
34963,Wijkersloot 4t,EVBox,51.97967,5.30866,Wijk bij Duurstede,Bilinmiyor,1
34962,Oe Thantstraat 4,Alfen,51.979204,4.349246,Delft,Bilinmiyor,1
34961,Klingelbeekseweg,Shell Recharge Solutions (BE),51.9790531533649,5.86939430236816,Arnhem,Bilinmiyor,1
34959,Hoogeveenenweg 200,Shell Recharge Solutions (BE),51.9788818359375,4.60820245742798,Zuidplas,Bilinmiyor,1
34958,Chinalaan 2,Alfen,51.978611,4.339172,Delft,Bilinmiyor,1
34957,Walburgstraat 2,EVnetNL,51.978592,5.910991,Arnhem,Bilinmiyor,2
34956,Anna van Raesfeltstraat 24,Shell Recharge Solutions (BE),51.9785804748535,4.31990003585815,Midden-Delfland,Bilinmiyor,1
34954,Weg en Bos 11,Shell Recharge Solutions (BE),51.9784851074219,4.5037145614624,Lansingerland,Bilinmiyor,1
34953,Christiaan Weenigstraat 84,EVnetNL,51.978283,4.138786,Rotterdam,Bilinmiyor,2
34952,Sportlaan 35A,Shell Recharge Solutions (BE),51.9781723022461,4.24401473999023,Westland,Bilinmiyor,1
34950,Van der Valk - Nieuwerkerk,Allego BV,51.977892,4.619542,Nieuwerkerk a/d IJssel,Public - Membership Required,1
34949,Celsiusstraat 2,EVBox,51.97758,4.45338,Lansingerland,Bilinmiyor,1
34947,Bonte Craystraat 24,EVnetNL,51.977515,4.143845,Rotterdam,Bilinmiyor,2
34945,Delta 38,EVBox,51.97703,5.973,Arnhem,Bilinmiyor,1
34943,Meander 251,Bilinmiyor,51.97689,5.96651,Arnhem,Bilinmiyor,1
34942,Prinsenhof 1,EVBox,51.97737,5.9115,Arnhem,Bilinmiyor,1
34941,Van Ingenweg 24C,Shell Recharge Solutions (BE),51.9766883850098,5.74008989334106,Renkum,Bilinmiyor,1
34940,Agro Business Park 90,Shell Recharge Solutions (BE),51.9766693115234,5.64643716812134,Wageningen,Bilinmiyor,2
34939,Eusebiusbuitensingel 80,EVBox,51.97658,5.91537,Arnhem,Bilinmiyor,1
34933,Madame Gresstraat 1,EVBox,51.97623,4.58202,Rotterdam,Bilinmiyor,1
34930,Padvindsterslaan 5,Shell Recharge Solutions (BE),51.9756469726563,6.26776838302612,Doetinchem,Bilinmiyor,1
34929,Agro Business Park 69,Shell Recharge Solutions (BE),51.9754409790039,5.64889621734619,Wageningen,Bilinmiyor,1
34928,Simon Stevinweg 20,EVnetNL,51.975409,5.943654,Arnhem,Bilinmiyor,2
34927,Stationsweg 5,EVBox,51.97537,4.12708,Rotterdam,Bilinmiyor,1
34926,Karel de Grotestraat 30,EVnetNL,51.975156,5.341542,Wijk bij Duurstede,Bilinmiyor,2
34921,Hooiland 26,EVBox,51.974,4.93543,Lopik,Bilinmiyor,1
34920,Walplantsoen,EVnetNL,51.973715,5.346643,Wijk bij Duurstede,Bilinmiyor,2
34919,Houtsmastraat 148,EVnetNL,51.973665,6.315742,Doetinchem,Bilinmiyor,2
34918,Ruimzichtlaan 150,Bilinmiyor,51.972984949345,6.2879347801208,Doetinchem,Bilinmiyor,2
34917,Meidoornplantsoen 39,EVnetNL,51.972921,5.679711,Wageningen,Bilinmiyor,1
34915,Balinkesstraat 1,EVnetNL,51.972605,6.717012,Winterswijk,Bilinmiyor,1
34914,Burgemeester Schumanlaan 1,EVnetNL,51.972115,4.950594,Lopik,Bilinmiyor,2
34912,Molenvliet 4,Bilinmiyor,51.971171514491,5.3150600194931,Wijk bij Duurstede,Bilinmiyor,2
34911,Rembrandtsplein 3,EVnetNL,51.971119,4.941737,Lopik,Bilinmiyor,1
34910,Buurtseweg,EVnetNL,51.97093,5.667411,Wageningen,Bilinmiyor,2
34909,Rendiermos 17,Shell Recharge Solutions (BE),51.9708595275879,4.6074104309082,Zuidplas,Bilinmiyor,1
34908,Maurice de Vlaminckstraat 35,EVBox,51.97098,4.58657,Rotterdam,Bilinmiyor,1
34907,Westervoortsedijk 73-GE,Shell Recharge Solutions (BE),51.9705848693848,5.94030094146728,Arnhem,Bilinmiyor,1
34906,Paul Whitemansingel 112,Bilinmiyor,51.970434506727,4.5703366398811,Rotterdam,Bilinmiyor,1
34902,Westervoortsedijk 73-GE,Shell Recharge Solutions (BE),51.9698181152344,5.94063949584961,Arnhem,Bilinmiyor,1
34901,Olympiaplein,EVnetNL,51.969778,5.666163,Wageningen,Bilinmiyor,2
34899,Misterstraat,EVnetNL,51.969393,6.714074,Winterswijk,Bilinmiyor,1
34898,Toon van Vlietstraat 9,Shell Recharge Solutions (BE),51.9692077636719,4.5784068107605,Rotterdam,Bilinmiyor,1
34897,Ambachtsweg 6,Shell Recharge Solutions (BE),51.9688682556152,5.04670286178589,Zederik,Bilinmiyor,1
34896,Bosbes 46,EVBox,51.96868,4.55138,Rotterdam,Bilinmiyor,1
34894,Ben Websterstraat 54,EVBox,51.96873,4.57443,Rotterdam,Bilinmiyor,1
34893,Westervoortsedijk 73-JB2,Shell Recharge Solutions (BE),51.9682731628418,5.94058752059936,Arnhem,Bilinmiyor,2
34892,Dingstraat,EVnetNL,51.968268,6.721175,Winterswijk,Bilinmiyor,1
34889,Dokter Bardetplaats 10,EVnetNL,51.967104,6.295925,Doetinchem,Bilinmiyor,1
34884,Nieuwgraaf 30,Shell Recharge Solutions (NL),51.9665603637695,5.99521493911743,Duiven,Bilinmiyor,2
34883,Plantsoen,EVnetNL,51.966283,5.660878,Wageningen,Bilinmiyor,2
34881,Berberisweg 488,EVBox,51.96559,4.47198,Rotterdam,Bilinmiyor,1
34880,Den Oven 51,EVnetNL,51.965992,5.56327,Rhenen,Bilinmiyor,1
34879,Nieuwgraaf,Shell Recharge Solutions (BE),51.965796741064,5.9960567951202,Duiven,Bilinmiyor,1
34878,Laan van Avant-Garde 1,Ecotap,51.965735,4.593168,Zuidplas,Bilinmiyor,2
34877,Biograaf 2a,Bilinmiyor,51.965719069069,5.996185541153,Duiven,Bilinmiyor,1
34876,Salverdaplein,EVnetNL,51.965678,5.664273,Wageningen,Bilinmiyor,1
34875,Athenastraat 13,EVBox,51.96527,4.49075,Rotterdam,Bilinmiyor,1
34874,Rijnstraat 15,Shell Recharge Solutions (BE),51.965145111084,5.49001789093018,Buren,Bilinmiyor,1
34871,Oudedijk,EVBox,51.96471,4.22097,Westland,Bilinmiyor,1
34869,Batavierenweg 29,EVnetNL,51.964656,5.891504,Arnhem,Bilinmiyor,2
34867,Mosweg 63,EVnetNL,51.964177,4.55582,Rotterdam,Bilinmiyor,2
34866,Poolsezoom 17,EVBox,51.96401,4.59773,Zuidplas,Bilinmiyor,1
34865,Zevenkampse Ring 726,Bilinmiyor,51.963973066259,4.5627325773239,Rotterdam,Bilinmiyor,1
34864,Lindesingel 70,EVBox,51.9633,4.46657,Rotterdam,Bilinmiyor,1
34862,Europaweg,EVnetNL,51.96379,6.283931,Doetinchem,Bilinmiyor,2
34859,Tjalmastraat,EVnetNL,51.963562,6.292578,Doetinchem,Bilinmiyor,2
34858,Panfluit 11,Bilinmiyor,51.963413636868,4.5662114024162,Rotterdam,Bilinmiyor,1
34856,Emmapark,EVnetNL,51.963248,5.663071,Wageningen,Bilinmiyor,2
34855,Dalkruidbaan 161A,EVBox,51.9632,4.58151,Capelle aan den IJssel,Bilinmiyor,1
34848,Cornusbaan 79,EVBox,51.9624,4.58502,Capelle aan den IJssel,Bilinmiyor,1
34847,Wolga 125,Shell Recharge Solutions (BE),51.9621925354004,4.61378860473633,Zuidplas,Bilinmiyor,1
34846,Vredenburgstraat 2,EVnetNL,51.962158,5.969025,Westervoort,Bilinmiyor,2
34845,Brucknerlaan 7,EVBox,51.96194,4.50916,Rotterdam,Bilinmiyor,1
34843,Ajaxstraat 2,EVBox,51.96194,4.48946,Rotterdam,Bilinmiyor,1
34842,Groeneweg 73,EVnetNL,51.961536,5.565712,Rhenen,Bilinmiyor,2
34841,Terborgseweg 25B,EVnetNL,51.961373,6.293597,Doetinchem,Bilinmiyor,1
34840,Grindweg 35,Shell Recharge Solutions (BE),51.9612884521484,4.49530839920044,Rotterdam,Bilinmiyor,1
34837,Brucknerlaan 29,EVBox,51.96088,4.50833,Rotterdam,Bilinmiyor,1
34836,Burgemeester de Villeneuvesingel 46,EVnetNL,51.960954,4.49896,Rotterdam,Bilinmiyor,2
34835,Koningin Wilhelminaplein 6,EVnetNL,51.960828,6.211039,Doetinchem,Bilinmiyor,2
34831,de Bongerd 81A,EVnetNL,51.960081,6.257302,Doetinchem,Bilinmiyor,2
34828,Tuindersweg 49A,Shell Recharge Solutions (BE),51.9597969055176,4.21120643615723,Westland,Bilinmiyor,1
34827,Kronenburgpassage 86,EVnetNL,51.959599,5.897956,Arnhem,Bilinmiyor,2
34824,Vecht 9,EVBox,51.95925,4.56415,Rotterdam,Bilinmiyor,1
34822,Mauvelaan 6,EVBox,51.95942,4.5002,Rotterdam,Bilinmiyor,1
34821,Prinses Wilhelminastraat 1,EVnetNL,51.959215,4.213339,Westland,Bilinmiyor,1
34818,Kronenburgpassage 56,Stadtwerke Clausthal-Zellerfeld,51.959106540468,5.8962759375572,Arnhem,Bilinmiyor,2
34813,Parkroos 23,EVBox,51.9585,4.52939,Rotterdam,Bilinmiyor,1
34809,Utrechtsestraatweg 1,EVnetNL,51.957844,5.563202,Rhenen,Bilinmiyor,2
34808,Westerveldsestraat 61,EVnetNL,51.957814,5.874771,Arnhem,Bilinmiyor,2
34807,Ambachtstraat 4,EVBox,51.95779,6.29735,Doetinchem,Bilinmiyor,1
34806,Delftweg 230,Alfen,51.9577853,4.3998628,Rotterdam,Bilinmiyor,1
34805,Alyda van Spangensingel 9,EVBox,51.9576,4.48765,Rotterdam,Bilinmiyor,1
34804,Cypresbaan 63,EVBox,51.95751,4.57076,Capelle aan den IJssel,Bilinmiyor,1
34803,Burgemeester Le Fèvre de Montignylaan 73,EVBox,51.95786,4.50221,Rotterdam,Bilinmiyor,1
34802,Theeroos 61,EVBox,51.95731,4.5305,Rotterdam,Bilinmiyor,1
34801,Burgemeester Le Fèvre de Montignyplein 5,EVBox,51.95805,4.50132,Rotterdam,Bilinmiyor,1
34799,Jodenkerkstraat 5,EVnetNL,51.956212,5.227035,Culemborg,Bilinmiyor,1
34792,Cypresbaan 3,Bilinmiyor,51.955400106474,4.5723228156567,Capelle aan den IJssel,Bilinmiyor,2
34791,Bergambachterstraat,Shell Recharge Solutions (BE),51.9551239013672,4.84465360641479,Krimpenerwaard,Bilinmiyor,1
34790,Tuin van de Burgemeester 16,EVBox,51.95533,5.75923,Overbetuwe,Bilinmiyor,1
34789,Wilgenlei 63,EVBox,51.95498,4.47394,Rotterdam,Bilinmiyor,1
34787,Woensdrechtstraat 67,EVBox,51.95446,4.45261,Rotterdam,Bilinmiyor,1
34785,Schinkelse Baan 15,Bilinmiyor,51.95456430365,4.5687514543533,Capelle aan den IJssel,Bilinmiyor,2
34783,Oud Camp 3b,Shell Recharge Solutions (BE),51.9541473388672,4.23789405822754,Midden-Delfland,Bilinmiyor,2
34781,Wilgenlei 4,EVBox,51.95359,4.47593,Rotterdam,Bilinmiyor,1
34780,Stationsplein 14,EVnetNL,51.953673,4.58301,Capelle aan den IJssel,Bilinmiyor,2
34779,Terbregse Rechter Rottekade 78,EVBox,51.95405,4.51566,Rotterdam,Bilinmiyor,1
34774,Marten Meesweg,Bilinmiyor,51.953,4.557,Rotterdam,Bilinmiyor,2
34772,Koperpad,Alfen,51.952878,4.549883,Rotterdam,Bilinmiyor,1
34770,Lakerveld 53,Bilinmiyor,51.951722,5.024997,Zederik,Bilinmiyor,1
34769,Watermanweg,Bilinmiyor,51.951244141167,4.5604360176521,Rotterdam,Bilinmiyor,2
34766,Nijverheidsweg 19,EVnetNL,51.950785,6.294705,Doetinchem,Bilinmiyor,1
34763,Meerum Terwogtlaan 163,EVBox,51.95091,4.52133,Rotterdam,Bilinmiyor,1
34761,Ringdijk 181,EVBox,51.95041,4.47525,Rotterdam,Bilinmiyor,1
34759,Koning Willem-Alexanderplein,EVnetNL,51.948911,6.024241,Duiven,Bilinmiyor,2
34758,Voermansgildeplaats,EVnetNL,51.948806,5.205518,Culemborg,Bilinmiyor,2
34756,Meerum Terwogtlaan 251,EVnetNL,51.948588,4.512897,Rotterdam,Bilinmiyor,2
34754,Transportweg 2,E-Flux,51.9484977722168,4.23153877258301,Westland,Public,3
34752,Zuiderkruisstraat 10,EVBox,51.9480949,4.5557876,Rotterdam,Bilinmiyor,1
34751,Hunnenveld 47,Shell Recharge Solutions (BE),51.9480293,5.84773240000004,Arnhem,Bilinmiyor,1
34748,Appelgaard 64,Bilinmiyor,51.947783150733,5.5117249488831,Buren,Bilinmiyor,1
34746,Koninginnekruid 5,EVnetNL,51.947493,4.867512,Krimpenerwaard,Bilinmiyor,1
34745,Port-Saidstraat 153,EVBox,51.94773,4.56634,Rotterdam,Bilinmiyor,1
34742,Willem Kloospad 1,EVnetNL,51.947157,5.234776,Culemborg,Bilinmiyor,2
34740,Hoofdweg 90,EVBox,51.94656,4.53935,Rotterdam,Bilinmiyor,1
34738,Poort van Midden Gelderland Groen 2,Shell Recharge Solutions (BE),51.9466136,5.7574672,Overbetuwe,Bilinmiyor,1
34737,Van der Waalslaan 27,EVBox,51.94636,4.45122,Rotterdam,Bilinmiyor,1
34734,Braamtseweg 12,EVnetNL,51.945978,6.283425,Doetinchem,Bilinmiyor,1
34728,Willem van Hillegaersbergstraat 62B,EVBox,51.9463,4.48532,Rotterdam,Bilinmiyor,1
34727,Oudsmidsestraat 50a,EVBox,51.94549,5.52633,Buren,Bilinmiyor,1
34726,Jacob van Akenstraat 2,EVnetNL,51.945248,4.539821,Rotterdam,Bilinmiyor,2
34725,Kleiweg 47,EVBox,51.94519,4.48202,Rotterdam,Bilinmiyor,1
34722,Venusstraat 2,Shell Recharge Solutions (BE),51.9448388122613,5.20953912340383,Culemborg,Bilinmiyor,2
34721,Parallelweg West 23,Shell Recharge Solutions (BE),51.9449920654297,5.22561740875244,Culemborg,Bilinmiyor,1
34720,Venusstraat 15,Shell Recharge Solutions (BE),51.9451538753879,5.20888764225924,Culemborg,Bilinmiyor,2
34719,Innovatieweg 24,Bilinmiyor,51.944562487884,6.2790834903717,Doetinchem,Bilinmiyor,2
34714,Arent van 's-Gravesandestraat 206,EVBox,51.9445,4.5351,Rotterdam,Bilinmiyor,1
34711,Meester P.J. Oudsingel 24,EVnetNL,51.943837,5.888488,Arnhem,Bilinmiyor,2
34709,Susterenhof 1,EVnetNL,51.943714,5.871071,Arnhem,Bilinmiyor,1
34708,Gasthuisstraat 1,EVnetNL,51.943352,6.61852,Aalten,Bilinmiyor,2
34706,Kerkweg 33,EVnetNL,51.943154,5.147384,Vianen,Bilinmiyor,2
34704,Buiten de Veerpoort,EVnetNL,51.943107,4.856236,Krimpenerwaard,Bilinmiyor,2
34702,Kottenseweg 135,Bilinmiyor,51.942538708727,6.7799672484398,Winterswijk,Bilinmiyor,1
34701,Lyonstraat 40,EVBox,51.94222,4.41145,Rotterdam,Bilinmiyor,1
34698,Sontstraat 8,Ecotap,51.942035,4.015307,Rotterdam,Bilinmiyor,2
34696,Vlielandlaan 131,EVnetNL,51.94199,6.006625,Duiven,Bilinmiyor,2
34695,Neel Gijsenpad 14,EVBox,51.940992689168,4.43175423322282,Rotterdam,Bilinmiyor,1
34694,Textielweg 18a,Shell Recharge Solutions (BE),51.9406661987305,5.21737241744995,Culemborg,Bilinmiyor,1
34689,Utrechtlaan 21A,EVBox,51.93942,4.35576,Vlaardingen,Bilinmiyor,1
34686,de Hofstede 44,EVnetNL,51.938385,5.519179,Buren,Bilinmiyor,2
34685,Oudedijkse Schiekade 16,EVnetNL,51.938253,4.440735,Rotterdam,Bilinmiyor,2
34684,Hoofdstraat 13,EVnetNL,51.938092,6.12966,Montferland,Bilinmiyor,1
34682,Albert van Dalsumlaan 36,EVnetNL,51.937783,5.897013,Arnhem,Bilinmiyor,1
34681,Oude Kleiweg 75,EVBox,51.93763,4.44595,Rotterdam,Bilinmiyor,1
34679,Rolweg 45,EVBox,51.93761,5.21317,Culemborg,Bilinmiyor,1
34677,Rodenrijsestraat 64A,EVBox,51.93692,4.47095,Rotterdam,Bilinmiyor,1
34676,Raadhuisplein 1,EVnetNL,51.9371,5.941705,Lingewaard,Bilinmiyor,2
34674,Borgesiusstraat 4,EVnetNL,51.936761,4.464192,Rotterdam,Bilinmiyor,2
34673,Bergsingel 95,EVBox,51.9366484,4.4692289,Rotterdam,Bilinmiyor,1
34671,Pascalweg 29,Shell Recharge Solutions (BE),51.9365997314453,5.2070198059082,Culemborg,Bilinmiyor,1
34670,Hermine Moquettestraat 40,EVBox,51.93666,4.54268,Rotterdam,Bilinmiyor,1
34669,Jan Steenstraat 31,EVnetNL,51.936354,4.428783,Rotterdam,Bilinmiyor,2
34668,Ampèrestraat 2,Shell Recharge Solutions (BE),51.9362030029297,6.08312034606934,Zevenaar,Bilinmiyor,1
34667,Bellefleur 43,Shell Recharge Solutions (BE),51.917783016715,5.82450362853706,Overbetuwe,Bilinmiyor,1
34661,Noorderhavenkade 5A,EVBox,51.935302620773,4.4584469497204,Rotterdam,Bilinmiyor,2
34660,Prins Constantijnweg 40,Shell Recharge Solutions (BE),51.9352531433105,4.56128263473511,Rotterdam,Bilinmiyor,1
34658,Delweg 14A,EVnetNL,51.93504,6.081984,Zevenaar,Bilinmiyor,2
34656,Wilhelminastraat 4,Shell Recharge Solutions (BE),51.9349021911621,5.93674945831299,Lingewaard,Bilinmiyor,1
34655,Burgemeester Baumannlaan 178,Stadtwerke Clausthal-Zellerfeld,51.934884,4.428008,Rotterdam,Bilinmiyor,1
34654,Huis te Veldelaan 17,Alfen,51.934869,4.268716,Midden-Delfland,Bilinmiyor,1
34651,Aletta Jacobskade 71,Shell Recharge Solutions (BE),51.9346733093262,4.33423471450806,Vlaardingen,Bilinmiyor,1
34650,Acaciastraat 1A,EVBox,51.9346,6.07635,Zevenaar,Bilinmiyor,1
34649,'s-Gravelandseweg 258,Bilinmiyor,51.934376528936,4.3998554348946,Schiedam,Bilinmiyor,2
34648,Annie M.G. Schmidtplein 3,Shell Recharge Solutions (BE),51.9343757629395,4.2700834274292,Midden-Delfland,Bilinmiyor,1
34647,Spykerstraat 13,Shell Recharge Solutions (BE),51.9343490600586,4.3975133895874,Schiedam,Bilinmiyor,1
34644,Abelenlaan 2,EVnetNL,51.934026,4.63471,Krimpenerwaard,Bilinmiyor,2
34643,Prins Pieter Christiaanstraat 81,EVBox,51.93435,4.56286,Rotterdam,Bilinmiyor,1
34640,Eikenlaan 3,EVnetNL,51.933133,5.629284,Neder-Betuwe,Bilinmiyor,2
34639,Crooswijksestraat 220,EVBox,51.932975226484,4.4917921721935,Rotterdam,Bilinmiyor,2
34638,Lijsterbesstraat 4b,Shell Recharge Solutions (BE),51.9303158891968,5.64122200012207,Neder-Betuwe,Bilinmiyor,1
34635,Marconistraat 19,EVnetNL,51.932597,6.093107,Zevenaar,Bilinmiyor,2
34634,Boskamp 3,Alfen,51.932586,4.279169,Midden-Delfland,Bilinmiyor,1
34630,Kralingse Plaslaan 43,EVBox,51.9307,4.51129,Rotterdam,Bilinmiyor,1
34629,Marconistraat 21,Bilinmiyor,51.931914700235,6.0941437865082,Zevenaar,Bilinmiyor,2
34628,Landweerswal 2-9,EVBox,51.93177,6.26833,Montferland,Bilinmiyor,1
34626,Jensiusstraat 48,EVBox,51.93201,4.4818,Rotterdam,Bilinmiyor,1
34624,Ramlehweg 6,EVBox,51.93161,4.50513,Rotterdam,Bilinmiyor,1
34617,Stadhoudersweg 122A,EVBox,51.93023,4.45974,Rotterdam,Bilinmiyor,1
34611,Vlietzicht 134,EVnetNL,51.930133,4.87213,Molenwaard,Bilinmiyor,1
34607,Rivierweg 111,EVnetNL,51.929822,4.587409,Capelle aan den IJssel,Bilinmiyor,2
34606,Pieter Klapwijkstraat 18,EVBox,51.92965,4.56012,Rotterdam,Bilinmiyor,1
34605,Walenburgerweg 30B,EVBox,51.93057,4.46763,Rotterdam,Bilinmiyor,1
34604,De Loper,EVnetNL,51.92955,4.347281,Vlaardingen,Bilinmiyor,2
34602,Vlietlaan 56A-01,EVBox,51.92918,4.50232,Rotterdam,Bilinmiyor,1
34601,Rijksweg 111,EVnetNL,51.928733,6.346008,Doetinchem,Bilinmiyor,2
34598,Stadhoudersweg,EVBox,51.92829,4.44781,Rotterdam,Bilinmiyor,1
34596,Statenweg 158A,EVBox,51.928227455893,4.4605377316475,Rotterdam,Bilinmiyor,2
34593,Boezemkade 47,EVBox,51.9280702,4.4968982,Rotterdam,Bilinmiyor,1
34592,Uiverlaan 22,Bilinmiyor,51.927896658851,4.2369541525841,Maassluis,Bilinmiyor,2
34589,Groenoordstraat,EVnetNL,51.92774,4.37994,Schiedam,Bilinmiyor,2
34587,Schweitzerpark 1,EVnetNL,51.927594,5.713665,Overbetuwe,Bilinmiyor,1
34586,Haartsestraat,EVnetNL,51.927157,6.582963,Aalten,Bilinmiyor,2
34585,De Brauwweg 74,EVBox,51.92761,4.40509,Schiedam,Bilinmiyor,1
34584,Huub van den Brulestraat 70,EVBox,51.92769,4.56415,Rotterdam,Bilinmiyor,1
34579,Masiusplein,(Unknown Operator),51.926951,6.074635,Zevenaar,Public - Pay At Location,2
34578,Engeveldweg 16,Stadtwerke Clausthal-Zellerfeld,51.926941,6.060477,Zevenaar,Bilinmiyor,1
34576,Emiliahof 1,EVBox,51.92665,4.52051,Rotterdam,Bilinmiyor,1
34575,Statensingel 142D,EVBox,51.92658,4.45657,Rotterdam,Bilinmiyor,1
34572,Proveniersplein 5,EVBox,51.92629,4.4706,Rotterdam,Bilinmiyor,1
34570,Willem de Zwijgerlaan 15,EVnetNL,51.926011,6.063214,Zevenaar,Bilinmiyor,2
34568,Romei 5,Shell Recharge Solutions (NL),51.9259452819824,6.07282018661499,Zevenaar,Private - Restricted Access,1
34566,Delftsevaart 32A,EVBox,51.92208,4.48307,Rotterdam,Bilinmiyor,1
34563,Rotterdam - Cityrent,Allego BV,51.925503,4.47926,ROTTERDAM,Public - Membership Required,1
34556,Aureus,EVBox,51.92473,5.86648,Overbetuwe,Bilinmiyor,1
34554,Arie de Zeeuwstraat 4,Shell Recharge Solutions (BE),51.9245338439941,4.55911922454834,Rotterdam,Bilinmiyor,1
34545,Kortgerecht,EVBox,51.92406,5.11923,Leerdam,Bilinmiyor,1
34543,Sint-Jacobstraat 227,Alfen,51.923945,4.482726,Rotterdam,Bilinmiyor,1
34537,Schaatsbaan,EVBox,51.9232288540293,4.46521911795548,Rotterdam,Bilinmiyor,1
34536,Avenue Concordia 55,e-Laad,51.923063436041,4.5130848884583,Rotterdam,Bilinmiyor,2
34535,Overschieseweg 323,Shell Recharge Solutions (BE),51.9230537414551,4.40854930877686,Schiedam,Bilinmiyor,1
34532,Karel Doormanstraat 4,Bilinmiyor,51.92282212925,4.4736611318772,Rotterdam,Bilinmiyor,2
34531,Conradstraat,EVBox,51.92281,4.46652,Rotterdam,Bilinmiyor,1
34530,Karel Doormanstraat 10,Shell Recharge Solutions (BE),51.9226989746094,4.47382020950317,Rotterdam,Bilinmiyor,1
34529,Librijesteeg 2,EVnetNL,51.922661,4.487223,Rotterdam,Bilinmiyor,2
34525,Mariniershof 182,EVnetNL,51.922441,4.490613,Rotterdam,Bilinmiyor,2
34522,P.C. Hooftlaan,Bilinmiyor,51.922387702748,4.2576272785664,Maassluis,Bilinmiyor,2
34518,Handelsdwarsstraat 6,EVnetNL,51.92193,6.066057,Zevenaar,Bilinmiyor,1
34516,Admiraliteitskade 58,EVBox,51.9217485,4.5025041,Rotterdam,Bilinmiyor,1
34514,Hoflaan 87,EVBox,51.92178,4.51448,Rotterdam,Bilinmiyor,1
34512,Rodezand 17A,Bilinmiyor,51.921174334818,4.4814381748438,Rotterdam,Bilinmiyor,4
34510,Aert van Nesstraat 16,Shell Recharge Solutions (BE),51.9210014343262,4.47809982299805,Rotterdam,Bilinmiyor,1
34509,'s-Lands werf 86,EVBox,51.92072,4.50358,Rotterdam,Bilinmiyor,1
34508,Voorschoterlaan 190,EVnetNL,51.920903,4.510556,Rotterdam,Bilinmiyor,2
34507,Maria Rutgersstraat 38,Shell Recharge Solutions (BE),51.9208831787109,4.27390766143799,Maassluis,Bilinmiyor,1
34506,Zijl 3B,EVBox,51.92036,4.4851,Rotterdam,Bilinmiyor,1
34501,Abram van Rijckevorselplein 48,EVnetNL,51.920748,4.559385,Rotterdam,Bilinmiyor,2
34500,Heemraadhof 26,EVBox,51.92075,4.59324,Krimpen aan den IJssel,Bilinmiyor,1
34499,A16,Alfen,51.920721,4.534344,Rotterdam,Bilinmiyor,1
34497,Marktplein,EVnetNL,51.920695,6.360298,Oude IJsselstreek,Bilinmiyor,2
34492,Overschiesestraat 72C,EVnetNL,51.92042,4.406298,Schiedam,Bilinmiyor,2
34491,Henegouwerlaan 108D,EVBox,51.92062,4.46106,Rotterdam,Bilinmiyor,1
34489,Varsseveldseweg 20A,Shell Recharge Solutions (BE),51.9203071594238,6.37133502960205,Oude IJsselstreek,Bilinmiyor,1
34488,Spaanseweg,EVBox,51.92014,4.42857,Rotterdam,Bilinmiyor,1
34487,Groenweegje 22,EVnetNL,51.920102,4.399158,Schiedam,Bilinmiyor,2
34484,Vermeerlaan 30,Shell Recharge Solutions (BE),51.9198722839355,4.26660633087158,Maassluis,Bilinmiyor,1
34481,Spartapark-Noord,EVBox,51.9194,4.43277,Rotterdam,Bilinmiyor,1
34477,Gelderseplein,EVBox,51.9189,4.49056,Rotterdam,Bilinmiyor,1
34476,Bulgersteyn 5,Bilinmiyor,51.919200607591,4.4815552803566,Rotterdam,Bilinmiyor,2
34471,Heemraadssingel 141A,EVBox,51.91894,4.45573,Rotterdam,Bilinmiyor,1
34467,K.P. van der Mandelelaan 43E,EVBox,51.91863,4.53127,Rotterdam,Bilinmiyor,1
34466,Honingerdijk 70,Ecotap,51.918293,4.516973,Rotterdam,Bilinmiyor,2
34464,Zeeweg,EVnetNL,51.918187,4.086463,Westvoorne,Bilinmiyor,1
34463,Institutenlaan,EVBox,51.91815,4.52568,Rotterdam,Bilinmiyor,1
34461,Westersingel 42,EVnetNL,51.917889,4.472025,Rotterdam,Bilinmiyor,2
34458,Oude Binnenweg 61A,Shell Recharge Solutions (BE),51.9177788,4.4757702,Rotterdam,Bilinmiyor,1
34452,Aelbrechtskade 67,Alfen,51.9172507,4.4442453,Rotterdam,Bilinmiyor,1
34451,Burgemeester Meineszlaan 9,EVBox,51.9174,4.45393,Rotterdam,Bilinmiyor,1
34450,Kethelweg 3,EVBox,51.91714,4.34836,Vlaardingen,Bilinmiyor,1
34448,Mathenesserdijk 86A,EVBox,51.91703,4.44023,Rotterdam,Bilinmiyor,1
34444,Westmolenstraat 33D,EVnetNL,51.916473,4.394464,Schiedam,Bilinmiyor,2
34442,Randweg,EVnetNL,51.916404,5.844729,Overbetuwe,Bilinmiyor,1
34441,Fascinatio Boulevard 350,EVBox,51.9162,4.5379,Rotterdam,Bilinmiyor,1
34439,Sleeg 5,Stadtwerke Clausthal-Zellerfeld,51.916103,6.102769,Zevenaar,Bilinmiyor,1
34436,Waterplein,EVBox,51.91608,4.43226,Rotterdam,Bilinmiyor,1
34435,Scheepmakershaven 56,EVBox,51.91583,4.48712,Rotterdam,Bilinmiyor,1
34434,Westfrankelandsestraat 4A,EVnetNL,51.915769,4.393929,Schiedam,Bilinmiyor,1
34433,Prins Hendrikkade 10,EVnetNL,51.915578,4.500666,Rotterdam,Bilinmiyor,2
34432,Van Beethovenlaan 2,EVnetNL,51.915419,4.556816,Capelle aan den IJssel,Bilinmiyor,2
34430,Fannius Scholtenstraat 33,Bilinmiyor,51.91531,4.36113,Vlaardingen,Bilinmiyor,1
34428,Newtonstraat 25,EVnetNL,51.915171,5.434469,Tiel,Bilinmiyor,1
34427,Pluim-Es 74,Shell Recharge Solutions (BE),51.9151122,4.61978769999996,Krimpen aan den IJssel,Bilinmiyor,1
34426,Schietbaanlaan 46B,EVBox,51.91572,4.46036,Rotterdam,Bilinmiyor,1
34425,Mathenesserlaan 199,EVBox,51.915053233137,4.4641855359077,Rotterdam,Bilinmiyor,2
34420,Eendrachtsweg 35,EVnetNL,51.914699,4.475484,Rotterdam,Bilinmiyor,2
34419,Geurdeland 6,EVBox,51.91457,5.71114,Overbetuwe,Bilinmiyor,1
34418,Boompjes 259,Alfen,51.914544,4.486201,Rotterdam,Bilinmiyor,1
34415,Willem Beukelszstraat 36,Shell Recharge Solutions (BE),51.9143409729004,4.43640518188477,Rotterdam,Bilinmiyor,1
34414,Nassaukade 18,EVBox,51.9143176944152,4.50371861457825,Rotterdam,Bilinmiyor,1
34412,Grieksestraat 7,EVBox,51.91428,4.42406,Rotterdam,Bilinmiyor,1
34411,Mathenesserlaan 407A,EVBox,51.91187,4.44887,Rotterdam,Bilinmiyor,1
34410,Mathenesserlaan 306,EVBox,51.9139824,4.4582771,Rotterdam,Bilinmiyor,1
34408,Wanraaij 30,Ecotap,51.913955,5.7180383,Overbetuwe,Bilinmiyor,2
34405,Abram van Rijckevorselweg,Shell Recharge Solutions (BE),51.9138031005859,4.54650211334229,Capelle aan den IJssel,Bilinmiyor,2
34404,Westvest 217K,EVnetNL,51.91376,4.39773,Schiedam,Bilinmiyor,2
34403,Raadhuisplein,EVnetNL,51.913759,4.588959,Krimpen aan den IJssel,Bilinmiyor,2
34402,Museumpark,Alfen,51.91373,4.471004,Rotterdam,Bilinmiyor,1
34401,Brielseweg,EVnetNL,51.913607,4.115882,Westvoorne,Bilinmiyor,1
34400,Nijverheidsweg 8,Shell Recharge Solutions (BE),51.9136047363281,5.86509656906128,Overbetuwe,Bilinmiyor,1
34398,Abelenlaan 3,EVBox,51.91358,4.08917,Westvoorne,Bilinmiyor,1
34397,Duinoordseweg 32a,EVBox,51.91348,4.08483,Westvoorne,Bilinmiyor,1
34393,Marconistraat,EVBox,51.91267,4.42295,Rotterdam,Bilinmiyor,1
34390,Heemraadssingel 267,EVnetNL,51.912169,4.455523,Rotterdam,Bilinmiyor,2
34384,Cascade 88,EVnetNL,51.91159,4.592744,Krimpen aan den IJssel,Bilinmiyor,2
34383,Gedempte Zalmhaven 983,EVBox,51.91126,4.47896,Rotterdam,Bilinmiyor,1
34382,Korenaarstraat 67,EVnetNL,51.911525,4.452647,Rotterdam,Bilinmiyor,2
34378,Willemsplein 100,Alfen,51.911271,4.482545,Rotterdam,Bilinmiyor,1
34377,Binnensingel 6,EVBox,51.91067,4.35173,Vlaardingen,Bilinmiyor,1
34375,Ampèrestraat 8e,Shell Recharge Solutions (BE),51.9111251831055,5.42981863021851,Tiel,Bilinmiyor,1
34374,Scheepstimmermanslaan 29B-03,EVBox,51.91068,4.47875,Rotterdam,Bilinmiyor,1
34373,Rochussenstraat 392,Essent (NL),51.910864,4.460975,Rotterdam,Bilinmiyor,1
34372,Gijsingstraat 37,EVnetNL,51.910835,4.444852,Rotterdam,Bilinmiyor,2
34370,Van Ostadelaan 4a,Shell Recharge Solutions (BE),51.9105541226866,4.59317183494568,Krimpen aan den IJssel,Bilinmiyor,1
34367,Dorpsplein 58,EVnetNL,51.910025,5.655829,Neder-Betuwe,Bilinmiyor,2
34366,Morsestraat 17,Shell Recharge Solutions (BE),51.9099159240723,5.4316873550415,Tiel,Bilinmiyor,1
34364,Industrieweg Oost 17,Bilinmiyor,51.909867841751,5.8604067564011,Overbetuwe,Bilinmiyor,2
34362,Tielseweg,EVnetNL,51.909769,5.336223,Buren,Bilinmiyor,2
34361,Rochussenstraat 395A,EVBox,51.90975,4.45084,Rotterdam,Bilinmiyor,1
34359,De Noordbank 45,EVBox,51.90941,4.23053,Rotterdam,Bilinmiyor,1
34357,Surinamesingel 81,EVBox,51.9089,4.33044,Vlaardingen,Bilinmiyor,1
34355,Maasstraat 8B,EVBox,51.90881,4.48125,Rotterdam,Bilinmiyor,1
34354,Energieweg 33,EVBox,51.90895,4.98474,Zederik,Bilinmiyor,1
34353,Boterweg 13,EVnetNL,51.908648,6.3845,Oude IJsselstreek,Bilinmiyor,2
34350,Professor Mekelstraat 69,EVBox,51.90854,4.31878,Vlaardingen,Bilinmiyor,1
34348,Schiedamsedijk 14,EVnetNL,51.908231,4.366048,Vlaardingen,Bilinmiyor,2
34344,Zandweg 24,Shell Recharge Solutions (BE),51.9078458153222,4.09127226317651,Westvoorne,Bilinmiyor,1
34343,Levie Vorstkade 81,EVBox,51.9073,4.4993,Rotterdam,Bilinmiyor,1
34342,Willem Buytewechstraat 217C,EVBox,51.9076,4.45191,Rotterdam,Bilinmiyor,1
34340,Gaarde 15,EVBox,51.90697,4.23163,Rotterdam,Bilinmiyor,1
34339,Molendam 29a,EVnetNL,51.907066,5.566058,Neder-Betuwe,Bilinmiyor,2
34337,Berkenrijsweg 15,Shell Recharge Solutions (BE),51.9067420959473,4.07760953903198,Westvoorne,Bilinmiyor,1
34335,Geert Grootelaan 181,EVnetNL,51.906664,4.311424,Vlaardingen,Bilinmiyor,2
34333,Van Polanenweg 6,Shell Recharge Solutions (BE),51.9064292907715,4.58064079284668,Krimpen aan den IJssel,Bilinmiyor,1
34332,Wilhelminakade,Shell Recharge Solutions (BE),51.9063491821289,4.48823118209839,Rotterdam,Bilinmiyor,1
34331,Marconistraat 14,EVnetNL,51.906328,5.431106,Tiel,Bilinmiyor,2
34329,Van Utrechtweg 16,Shell Recharge Solutions (BE),51.9062538146973,4.58036756515503,Krimpen aan den IJssel,Bilinmiyor,1
34324,Westerlaan 80,EVBox,51.9053809,4.4744014,Rotterdam,Bilinmiyor,1
34323,Parkhaven 11,EVBox,51.90517,4.46601,Rotterdam,Bilinmiyor,1
34322,1e van Leyden Gaelstraat 300,EVBox,51.9051292903397,4.34915994907374,Vlaardingen,Bilinmiyor,1
34318,Geuzenplein,EVnetNL,51.904718,4.315677,Vlaardingen,Bilinmiyor,2
34315,Westzeedijk 475,EVBox,51.90563,4.45781,Rotterdam,Bilinmiyor,1
34314,Slagveld 36,EVnetNL,51.904561,4.168458,Brielle,Bilinmiyor,2
34311,Rozenstraat 14,EVBox,51.90419,4.25137,Rotterdam,Bilinmiyor,1
34309,Waalbandijk 1,Shell Recharge Solutions (BE),51.9039726257324,5.53345584869385,Neder-Betuwe,Bilinmiyor,1
34307,Bloesemlaan 49,EVBox,51.904,4.23423,Rotterdam,Bilinmiyor,1
34305,Parallelweg 12,EVnetNL,51.90347,4.343692,Vlaardingen,Bilinmiyor,2
34304,Lloydstraat 9A,EVnetNL,51.90319,4.460234,Rotterdam,Bilinmiyor,2
34303,Regenboogkade 135,EVnetNL,51.903129,4.558208,Rotterdam,Bilinmiyor,2
34302,Schiehavenkade 42,Shell Recharge Solutions (BE),51.9029813,4.458671,Rotterdam,Bilinmiyor,1
34299,Lloydkade,Bilinmiyor,51.901220441934,4.458676364418,Rotterdam,Bilinmiyor,1
34297,Deltaweg,EVBox,51.90085,4.32478,Vlaardingen,Bilinmiyor,1
34296,Paul Krugerstraat 113A,EVnetNL,51.900435,4.499062,Rotterdam,Bilinmiyor,2
34295,Katendrechtsestraat 378,EVBox,51.90038,4.47676,Rotterdam,Bilinmiyor,1
34294,Ploeglaan 30,Shell Recharge Solutions (BE),51.9003028869629,5.90113162994385,Lingewaard,Bilinmiyor,1
34293,AC Restaurant & Hotel Meerkerk ,Allego BV,51.899992,4.982321,Meerkerk,Public - Membership Required,1
34292,Van Markenstraat 17,EVnetNL,51.899947,4.69246,Krimpenerwaard,Bilinmiyor,2
34290,Van der Fuyckstraat,EVnetNL,51.899854,4.153478,Brielle,Bilinmiyor,2
34289,Boelewerf 52,Shell Recharge Solutions (BE),51.8998146057129,4.58115148544312,Ridderkerk,Bilinmiyor,1
34288,Lutterveld,EVBox,51.89968,5.36507,Erichem,Public,2
34287,Willem Egmondstraat 2,EVBox,51.8993,4.4406,Rotterdam,Bilinmiyor,1
34284,Kersenboogerd 13,Shell Recharge Solutions (BE),51.8988990783691,5.43916988372803,Tiel,Bilinmiyor,1
34283,Handelstraat 2,Shell Recharge Solutions (BE),51.898868560791,5.10351943969727,Leerdam,Bilinmiyor,1
34282,Beverwaardseweg 300,EVBox,51.89886,4.56299,Rotterdam,Bilinmiyor,1
34280,Basaltstraat,EVBox,51.8984,4.47648,Rotterdam,Bilinmiyor,1
34279,Jan Tomstraat,EVnetNL,51.898173,4.69238,Krimpenerwaard,Bilinmiyor,2
34278,Putselaan 243,EVBox,51.89804,4.49561,Rotterdam,Bilinmiyor,1
34276,Die Haghe 11B,Bilinmiyor,51.897773,5.378152,Kerk Avezaath,Bilinmiyor,1
34275,Krammer 6,EVBox,51.8978,4.16877,Brielle,Bilinmiyor,1
34271,Burg van der Willigenstraat,EVnetNL,51.896889,4.685028,Krimpenerwaard,Bilinmiyor,2
34270,Cronjéplein 1,EVBox,51.89697,4.57644,Ridderkerk,Bilinmiyor,1
34269,Werfkade,EVBox,51.89678,4.58449,Ridderkerk,Bilinmiyor,1
34268,Molenbeek 5,EVnetNL,51.896614,6.379111,Oude IJsselstreek,Bilinmiyor,2
34266,Scheepsbouwweg 21,Shell Recharge Solutions (BE),51.8965208,4.41861440000002,Rotterdam,Bilinmiyor,2
34265,Tongelaarweg 133,EVBox,51.89539,4.56314,Rotterdam,Bilinmiyor,1
34262,Hutteweg 26,EVnetNL,51.895597,6.383475,Oude IJsselstreek,Bilinmiyor,2
34261,Paul Krugerstraat 102,Shell Recharge Solutions (BE),51.8954544067383,4.57544755935669,Ridderkerk,Bilinmiyor,1
34259,Benedenrijweg 184,Shell Recharge Solutions (BE),51.8947067260742,4.58486080169678,Ridderkerk,Bilinmiyor,1
34257,Gietijzerlaan 28,Shell Recharge Solutions (BE),51.8943977355957,6.38228511810303,Oude IJsselstreek,Bilinmiyor,1
34255,Petroleumweg,Shell Recharge Solutions (BE),51.8942527770996,4.34962892532349,Rotterdam,Bilinmiyor,1
34252,Schinnenbaan 307,EVBox,51.89396,4.56917,Rotterdam,Bilinmiyor,1
34251,Lampsinsstraat 19,EVBox,51.89391,4.54124,Rotterdam,Bilinmiyor,1
34250,Van Zandvlietplein 19,Bilinmiyor,51.89361,4.52541,Rotterdam,Bilinmiyor,2
34245,Amerstraat 2a,EVnetNL,51.892934,4.582359,Ridderkerk,Bilinmiyor,2
34243,Noorder Kerkedijk,EVBox,51.8927,4.54713,Rotterdam,Bilinmiyor,1
34242,Maximiliaanstraat 11A,EVBox,51.89222,4.4721,Rotterdam,Bilinmiyor,1
34241,Nieuwedijk 2,EVBox,51.89203,4.38872,Rotterdam,Bilinmiyor,1
34240,Laan van Crayestein 51,Bilinmiyor,51.891057087674,5.2630358934402,Geldermalsen,Bilinmiyor,1
34238,President Kennedylaan,EVBox,51.89091,5.41669,Tiel,Bilinmiyor,1
34235,Lingedijk 10,Shell Recharge Solutions (BE),51.890251159668,5.42816686630249,Tiel,Bilinmiyor,1
34234,Burgemeester Meslaan 41b,EVBox,51.89024,5.41385,Tiel,Bilinmiyor,1
34233,Elzendaal 13,EVBox,51.88859,4.51884,Rotterdam,Bilinmiyor,1
34231,Medlerpad 6,EVBox,51.88961,4.56573,Rotterdam,Bilinmiyor,1
34230,Ringdijk 434,EVnetNL,51.889696,4.610419,Ridderkerk,Bilinmiyor,2
34228,Claudius Civilisstraat 34,EVnetNL,51.889571,6.040066,Rijnwaarden,Bilinmiyor,1
34227,Wilna 3,EVBox,51.89018,5.1022,Leerdam,Bilinmiyor,1
34225,Vondelingenplaat 17,EVBox,51.88875,4.33254,Rotterdam,Bilinmiyor,1
34224,Havendijk,EVnetNL,51.888673,5.439152,Tiel,Bilinmiyor,2
34223,B 46,Shell Recharge Solutions (BE),51.8885459899902,4.85805082321167,Molenwaard,Bilinmiyor,1
34222,Boterkampsteeg 1,EVnetNL,51.888493,5.430899,Tiel,Bilinmiyor,2
34219,Van Byemontsingel 1,EVBox,51.88784,4.39035,Rotterdam,Bilinmiyor,1
34218,Colosseumweg 470 ARGOS OIL tankstation,Allego BV,51.886794,4.523015,ROTTERDAM,Public - Membership Required,1
34217,Meierijstraat 3,Bilinmiyor,51.887139224694,4.4915288662704,Rotterdam,Bilinmiyor,2
34216,Dwarsdijk 24,Shell Recharge Solutions (BE),51.8951772989346,5.89323472976685,Lingewaard,Bilinmiyor,1
34215,De Schans 5,EVnetNL,51.886725,4.616717,Ridderkerk,Bilinmiyor,2
34214,Twentestraat 22,Shell Recharge Solutions (BE),51.8866996765137,4.49144983291626,Rotterdam,Bilinmiyor,1
34213,Henegouwsestraat 10,EVBox,51.88578,4.60735,Ridderkerk,Bilinmiyor,1
34209,Kampsedijk 16,EVBox,51.88564,5.21175,Geldermalsen,Bilinmiyor,1
34208,Eerste Bleekveldstraat,EVnetNL,51.885432,5.435775,Tiel,Bilinmiyor,2
34205,Casimirstraat,Shell Recharge Solutions (BE),51.8852996826172,4.49354982376099,Rotterdam,Bilinmiyor,1
34204,Winterkoningstraat 14,EVBox,51.88515,4.46807,Rotterdam,Bilinmiyor,1
34198,Zuiderparkplein,EVBox,51.88309,4.49017,Rotterdam,Bilinmiyor,1
34197,Aristotelesstraat 34,EVnetNL,51.882888,4.524922,Rotterdam,Bilinmiyor,2
34195,Ringdijk 390c,Shell Recharge Solutions (BE),51.8825225830078,4.62022733688354,Ridderkerk,Bilinmiyor,1
34194,Burgemeester Roozeveld van der Venlaan,EVnetNL,51.882226,5.27068,Geldermalsen,Bilinmiyor,2
34191,Aarnoudstraat 57,EVBox,51.88182,4.45881,Rotterdam,Bilinmiyor,1
34190,Industrieweg 10,EVBox,51.88145,4.61351,Ridderkerk,Bilinmiyor,1
34189,Kuipershof 29,EVnetNL,51.881543,5.282857,Geldermalsen,Bilinmiyor,2
34188,Achterstraat 57,EVBox,51.88129,5.11671,Lingewaal,Bilinmiyor,1
34187,Stadswal 1T,EVnetNL,51.880956,5.11121,Lingewaal,Bilinmiyor,2
34186,Emmalaan 49,Shell Recharge Solutions (BE),51.8806495666504,5.29634475708008,Geldermalsen,Bilinmiyor,1
34184,Vegelinsoord 116,EVBox,51.87965,4.55661,Rotterdam,Bilinmiyor,1
34183,Oranjestraat 148,EVnetNL,51.880038,4.604875,Ridderkerk,Bilinmiyor,2
34181,De Bongerd 20,Shell Recharge Solutions (BE),51.8792,6.25947629999996,Montferland,Bilinmiyor,1
34180,Maasstadweg 37,Shell Recharge Solutions (BE),51.8791198730469,4.53536224365234,Rotterdam,Bilinmiyor,1
34179,Dirk IV-plein,Bilinmiyor,51.878524351536,4.9478602409363,Giessenlanden,Bilinmiyor,2
34178,Julianaplein,EVnetNL,51.878346,5.971002,Lingewaard,Bilinmiyor,2
34177,Julianastraat 2,EVnetNL,51.878286,4.822686,Molenwaard,Bilinmiyor,1
34176,Populierenlaan,EVnetNL,51.87814,4.590524,Ridderkerk,Bilinmiyor,2
34175,Staringstraat,EVnetNL,51.877768,6.375705,Oude IJsselstreek,Bilinmiyor,2
34174,Denariusstraat 1,Shell Recharge Solutions (BE),51.8777618408203,5.84891510009766,Nijmegen,Bilinmiyor,1
34171,Koningsweg 1,Shell Recharge Solutions (BE),51.876436,5.59056829999997,Druten,Bilinmiyor,1
34170,Pijlpuntstraat 24,EVnetNL,51.876985,5.844479,Nijmegen,Bilinmiyor,2
34169,Haverkamp 30,Shell Recharge Solutions (BE),51.8769187927246,6.37655782699585,Oude IJsselstreek,Bilinmiyor,1
34167,Haverkamp 21,Shell Recharge Solutions (BE),51.8762969970703,6.37568712234497,Oude IJsselstreek,Bilinmiyor,1
34166,Lingedijk 14,Shell Recharge Solutions (BE),51.8759994506836,5.36720609664917,Tiel,Bilinmiyor,1
34164,Molenstraat 2,EVnetNL,51.875675,6.2443,Montferland,Bilinmiyor,1
34163,Van Weerden Poelmanweg 1,EVnetNL,51.875643,4.444098,Rotterdam,Bilinmiyor,2
34159,Raadhuislaan 12a,EVnetNL,51.874212,4.06354,Westvoorne,Bilinmiyor,1
34155,Boyneweg,Shell Recharge Solutions (BE),51.8731498718262,4.26042127609253,Rotterdam,Bilinmiyor,1
34154,Slingeplein 8,Alfen,51.8725622,4.4898108,Rotterdam,Bilinmiyor,1
34153,Zuiderparkweg,Alfen,51.87251,4.477127,Rotterdam,Bilinmiyor,1
34151,Olmenlaan 68,EVBox,51.87268,4.5862,Ridderkerk,Bilinmiyor,1
34150,Kinderdijkstraat 29-37,Shell Recharge Solutions (BE),51.8718185424805,4.5357084274292,Rotterdam,Bilinmiyor,1
34144,Vrouwe Udasingel 245,EVnetNL,51.870549,5.871204,Nijmegen,Bilinmiyor,2
34143,Marco Polostraat 2,Ecotap,51.8703283,4.417535,Albrandswaard,Bilinmiyor,2
34142,Kerksingel 6,EVBox,51.8702526,4.6022335,Ridderkerk,Bilinmiyor,1
34141,Sorongstraat 75,EVnetNL,51.870029,4.352011,Rotterdam,Bilinmiyor,2
34140,Frans Halsstraat 21,EVnetNL,51.869727,4.596736,Ridderkerk,Bilinmiyor,2
34138,Zeemanstraat 19,EVBox,51.86772,4.62125,Ridderkerk,Bilinmiyor,1
34137,Kamerlingh Onnesweg 32,Shell Recharge Solutions (BE),51.8690376281738,4.5500054359436,Barendrecht,Bilinmiyor,1
34134,Sportlaan,EVnetNL,51.868419,4.66312,Alblasserdam,Bilinmiyor,2
34133,Muisbroekseweg 25,EVBox,51.86743,4.90583,Giessenlanden,Bilinmiyor,1
34132,Alsemstraat 10,EVBox,51.8684,4.34549,Rotterdam,Bilinmiyor,1
34131,Van Beukelaarweg 42,Shell Recharge Solutions (BE),51.8675651550293,4.7804856300354,Molenwaard,Bilinmiyor,2
34129,P.C. Hooftstraat 10,Stadtwerke Clausthal-Zellerfeld,51.867327,4.60315,Ridderkerk,Bilinmiyor,1
34127,Verbindingsweg,Shell Recharge Solutions (BE),51.8670058495001,4.55715119838715,Ridderkerk,Bilinmiyor,1
34126,P.C. Hooftstraat,EVnetNL,51.866925,4.602926,Ridderkerk,Bilinmiyor,2
34125,Van der Valk - Ridderkerk,Allego BV,51.86674,4.556687,Ridderkerk,Public - Membership Required,1
34121,Houtzaagmolen 100,EVnetNL,51.866104,4.61858,Ridderkerk,Bilinmiyor,2
34120,Middenbaan-Noord,EVBox,51.86592,4.35343,Rotterdam,Bilinmiyor,1
34118,Akkerwindeplaats 2,Shell Recharge Solutions (BE),51.8724414,4.78425670000001,Molenwaard,Bilinmiyor,1
34115,Hoge Weije 2,EVBox,51.86391,4.36636,Rotterdam,Bilinmiyor,1
34114,Heerbaan,EVnetNL,51.864049,6.046701,Groesbeek,Bilinmiyor,1
34113,Dokter H. de Vriesplein 76,Bilinmiyor,51.863785225395,4.9930822849274,Giessenlanden,Bilinmiyor,2
34112,Vissersdijk 2,EVnetNL,51.863726,4.246127,Nissewaard,Bilinmiyor,2
34111,Zuiderparkweg,EVBox,51.86207,4.47559,Rotterdam,Bilinmiyor,1
34110,Van Heemstraweg 48,EVnetNL,51.863103,5.779983,Beuningen,Bilinmiyor,2
34108,Jan van Kleefstraat 27,EVnetNL,51.86299,6.11977,Rijnwaarden,Bilinmiyor,1
34107,Blaakse Wetering 1,EVBox,51.87277,4.41511,Albrandswaard,Bilinmiyor,1
34105,De Mérodelaan 2,EVBox,51.8628,4.60498,Ridderkerk,Bilinmiyor,1
34104,Ambachtsweg 5,EVBox,51.86228,4.43505,Albrandswaard,Bilinmiyor,1
34103,Abbekesdoel 86,EVBox,51.86201,4.73836,Molenwaard,Bilinmiyor,1
34101,Egmondplein 10,EVBox,51.86169,4.26291,Nissewaard,Bilinmiyor,1
34099,Boerhaavelaan 9,Shell Recharge Solutions (BE),51.862190246582,4.53059148788452,Barendrecht,Bilinmiyor,1
34098,Cortgene 3,EVnetNL,51.862089,4.658695,Alblasserdam,Bilinmiyor,2
34097,Van Doesburgveld 22,EVBox,51.86141,4.52677,Barendrecht,Bilinmiyor,1
34096,Deventerseweg 5,Bilinmiyor,51.861521353245,4.5126571809509,Barendrecht,Bilinmiyor,1
34095,Hofhoek 43,EVnetNL,51.861433,4.395336,Albrandswaard,Bilinmiyor,2
34094,Raadhuisstraat 2,EVnetNL,51.861068,6.486212,Aalten,Bilinmiyor,2
34093,Deventerseweg 70,EVBox,51.86108,4.51284,Barendrecht,Bilinmiyor,1
34091,Oude Singel 8,Shell Recharge Solutions (BE),51.8606414794922,4.26086521148682,Nissewaard,Bilinmiyor,1
34089,Pelikaan 13,EVnetNL,51.860506,4.612994,Ridderkerk,Bilinmiyor,1
34088,Zalm 13,EVnetNL,51.860492,4.619048,Ridderkerk,Bilinmiyor,2
34083,De Haaghe 43,Shell Recharge Solutions (BE),51.8592796325684,5.78267478942871,Beuningen,Bilinmiyor,1
34082,Avenue Carré 229,EVBox,51.85917,4.50121,Barendrecht,Bilinmiyor,1
34079,Meidoorn 2,EVBox,51.85819,4.53142,Barendrecht,Bilinmiyor,1
34078,Vrijenburglaan 44,Shell Recharge Solutions (BE),51.8578271,4.50172269999996,Barendrecht,Bilinmiyor,1
34077,Henk Sneevlietstraat 103,EVBox,51.85747,4.36282,Rotterdam,Bilinmiyor,1
34076,Nocturnestraat 39,EVnetNL,51.857765,4.520008,Barendrecht,Bilinmiyor,2
34075,Meerkoet 51,EVBox,51.85782,4.37679,Rotterdam,Bilinmiyor,1
34074,Rijnstraat,EVnetNL,51.856836,4.538525,Barendrecht,Bilinmiyor,1
34073,Polkastraat 18,EVBox,51.85659,4.52107,Barendrecht,Bilinmiyor,1
34071,Anholtseweg 34,EVBox,51.8561,6.47364,Aalten,Bilinmiyor,1
34070,Laan 1945 39,EVnetNL,51.855857,5.814575,Beuningen,Bilinmiyor,1
34069,Kelvinring 70d,Ecotap,51.855653,4.67248,Alblasserdam,Bilinmiyor,2
34068,Devel 11,EVnetNL,51.855604,4.549602,Barendrecht,Bilinmiyor,1
34066,Molenaar 38,EVBox,51.85516,4.40228,Albrandswaard,Bilinmiyor,1
34065,Vioolhof 4,EVBox,51.85489,4.52272,Barendrecht,Bilinmiyor,1
34064,Forelstraat 70,EVBox,51.85471,4.3597,Rotterdam,Bilinmiyor,1
34061,Strevelszicht 9,EVnetNL,51.854386,4.584507,Ridderkerk,Bilinmiyor,2
34060,Elzenwede 16,EVBox,51.85407,4.50031,Barendrecht,Bilinmiyor,1
34058,Kelvinring 22,EVBox,51.85378,4.6749893,Alblasserdam,Bilinmiyor,1
34057,Groene Kruisweg 19A,EVnetNL,51.853737,4.321054,Nissewaard,Bilinmiyor,1
34055,Lindepad 4,EVBox,51.85351,5.86795,Nijmegen,Bilinmiyor,1
34052,Curieweg 1,Ecotap,51.852615,4.305203,Nissewaard,Bilinmiyor,2
34051,Tolstraat 4,EVnetNL,51.852575,6.101867,Rijnwaarden,Bilinmiyor,1
34050,Kelvinring,FLOW Charging,51.85253883951,4.6759580075741,Alblasserdam,Bilinmiyor,2
34048,Vlasstraat 7,EVnetNL,51.851901,4.596228,Ridderkerk,Bilinmiyor,2
34047,Gemeenlandsedijk Noord 12c,EVnetNL,51.851845,4.240585,Nissewaard,Bilinmiyor,2
34046,Breestraat,Bilinmiyor,51.851786660986,4.8895114660263,Giessenlanden,Bilinmiyor,2
34044,Curieweg 6A,EVnetNL,51.851641,4.305643,Nissewaard,Bilinmiyor,1
34042,Nijverheidsweg 5,Bilinmiyor,51.851569744938,4.6508404656067,Hendrik-Ido-Ambacht,Bilinmiyor,1
34040,Stationsweg 78g,EVnetNL,51.851374,4.556374,Barendrecht,Bilinmiyor,2
34037,Einsteinweg 6,Shell Recharge Solutions (BE),51.8506546020508,4.30586433410644,Nissewaard,Bilinmiyor,1
34036,Sneekermeer 17,EVBox,51.85041,4.49729,Barendrecht,Bilinmiyor,1
34035,Reling 181,EVBox,51.84979,4.50166,Barendrecht,Bilinmiyor,1
34033,Forelgracht 37,EVnetNL,51.849422,5.760467,Beuningen,Bilinmiyor,2
34032,Theemsweg,EVnetNL,51.849341,4.342166,Nissewaard,Bilinmiyor,1
34031,Reling 213,Bilinmiyor,51.84933619486,4.502507597208,Barendrecht,Bilinmiyor,2
34029,Van Hennaertweg 13,Ecotap,51.848985,4.675735,Alblasserdam,Bilinmiyor,1
34028,Zinkseweg 34,EVBox,51.84856,4.31451,Nissewaard,Bilinmiyor,1
34027,Doctor Willem Vosstraat 4,Shell Recharge Solutions (BE),51.848705291748,4.39869928359985,Albrandswaard,Bilinmiyor,1
34025,Papland 13G,EVBox,51.8475,4.9851,Gorinchem,Bilinmiyor,1
34024,Eiermarkt 6,EVnetNL,51.84737,5.866487,Nijmegen,Bilinmiyor,2
34023,Van Hennaertweg 27,EVBox,51.84716,4.67823,Alblasserdam,Bilinmiyor,1
34022,Albrandswaardsedijk 74,EVBox,51.84719,4.39533,Albrandswaard,Bilinmiyor,1
34021,Kelfkensbos,EVnetNL,51.846743,5.870669,Nijmegen,Bilinmiyor,2
34020,Kilweg,Shell Recharge Solutions (BE),51.8432777,4.5258836,Barendrecht,Bilinmiyor,1
34019,Van Beuningenhaven 63,EVnetNL,51.846497,4.498692,Barendrecht,Bilinmiyor,1
34016,P J Bliekstraat 50,EVnetNL,51.845719,4.333065,Nissewaard,Bilinmiyor,1
34014,Blankenburgsestraat 1,EVnetNL,51.844882,5.386079,Neerijnen,Bilinmiyor,2
34012,Arkelse Onderweg 92,Bilinmiyor,51.844493721287,4.9856646895932,Gorinchem,Bilinmiyor,4
34010,Meerkolstraat 1,EVBox,51.84378,5.84107,Nijmegen,Bilinmiyor,1
34006,Molenleede 12,EVnetNL,51.84327,4.545559,Barendrecht,Bilinmiyor,1
34001,Keizer Karelplein 1,EVBox,51.84291,5.86035,Nijmegen,Bilinmiyor,1
34000,Van Hogendorpweg,EVnetNL,51.841883,4.951304,Gorinchem,Bilinmiyor,2
33998,Julianaplein,EVnetNL,51.841472,5.867332,Nijmegen,Bilinmiyor,2
33994,Stormweg 3,EVBox,51.84021,4.12736,Hellevoetsluis,Bilinmiyor,1
33991,Moriaanseweg Oost 217,EVBox,51.84001,4.1411,Hellevoetsluis,Bilinmiyor,1
33990,Willem van der Zaanstraat 20,Shell Recharge Solutions (BE),51.8402175,4.14582,Hellevoetsluis,Bilinmiyor,1
33987,Franklinweg,Ecotap,51.83957,5.008058,Gorinchem,Bilinmiyor,2
33986,Banneweg,Ecotap,51.839041,4.95731,Gorinchem,Bilinmiyor,2
33985,Christiaan Huygensweg 16,Shell Recharge Solutions (BE),51.8388671875,4.17125177383423,Hellevoetsluis,Bilinmiyor,1
33982,Avelingen 151,EVnetNL,51.838104,4.636986,Hendrik-Ido-Ambacht,Bilinmiyor,1
33980,Baars 21,Allego BV,51.83795,4.646834,Hendrik-Ido-Ambacht,Bilinmiyor,1
33979,Herman Gorterstraat 5,Shell Recharge Solutions (BE),51.8378632,4.9944136,Gorinchem,Bilinmiyor,1
33978,Beverveen 294,EVBox,51.83779,4.33323,Nissewaard,Bilinmiyor,1
33976,Else van der Banstraat 27,EVnetNL,51.837238,4.370445,Nissewaard,Bilinmiyor,1
33975,Fagotstraat 16,EVnetNL,51.836928,4.306028,Nissewaard,Bilinmiyor,1
33974,Rabarberdreef,EVnetNL,51.836788,4.331865,Nissewaard,Bilinmiyor,1
33973,Heidezoom 59,EVnetNL,51.836122,4.693919,Papendrecht,Bilinmiyor,1
33971,A16,Shell Recharge Solutions (BE),51.8354377746582,4.62026786804199,Hendrik-Ido-Ambacht,Bilinmiyor,1
33970,zalm 222,EVnetNL,51.835288,4.648603,Hendrik-Ido-Ambacht,Bilinmiyor,2
33969,AC Restaurant Hendrik-Ido-Ambacht,Allego BV,51.83526,4.619837,Hendrik-Ido-Ambacht,Public - Membership Required,1
33967,De la Reystraat 5,EVnetNL,51.835125,5.828455,Nijmegen,Bilinmiyor,2
33966,van Pallandtweg 1b,EVnetNL,51.835052,5.275615,Neerijnen,Bilinmiyor,1
33962,Appelgaard 27,EVBox,51.8335,4.56125,Zwijndrecht,Bilinmiyor,1
33960,Achterzeedijk,Shell Recharge Solutions (BE),51.833854675293,4.5251669883728,Barendrecht,Bilinmiyor,1
33959,Herfstakker 79,EVnetNL,51.833733,4.32124,Nissewaard,Bilinmiyor,1
33958,Zeiving 35,Shell Recharge Solutions (BE),51.8336791992188,5.09004068374634,Lingewaal,Bilinmiyor,1
33956,Oude Graafseweg 115,Shell Recharge Solutions (BE),51.8333993,5.83401000000003,Nijmegen,Bilinmiyor,1
33952,Maerlantstraat 84,EVnetNL,51.833172,5.849471,Nijmegen,Bilinmiyor,1
33950,Mien Sneevliet-Draaijerstraat 10,EVBox,51.83297,4.35539,Nissewaard,Public,1
33949,Beb Vuykstraat 172,EVBox,51.83272,4.36825,Nissewaard,Bilinmiyor,1
33948,Veerweg 152,EVnetNL,51.83269,4.689925,Papendrecht,Bilinmiyor,1
33947,Laagkamp 13,Shell Recharge Solutions (BE),51.8325042724609,5.58308696746826,West Maas en Waal,Bilinmiyor,1
33946,Stadhuisplein 4,EVnetNL,51.832366,4.965005,Gorinchem,Bilinmiyor,2
33945,Libelleveen 128,EVBox,51.83224,4.34435,Nissewaard,Bilinmiyor,1
33943,Visserstraat 2,EVnetNL,51.831551,4.129854,Hellevoetsluis,Bilinmiyor,2
33942,Regterweistraat,EVnetNL,51.83136,5.249509,Neerijnen,Bilinmiyor,2
33941,Leuvensbroek 1101A,EVnetNL,51.831326,5.779891,Nijmegen,Bilinmiyor,2
33939,Dukaatvlinder 25,EVBox,51.83134,4.15577,Hellevoetsluis,Bilinmiyor,1
33938,Daltonstraat 18,FLOW Charging,51.83107693398,4.6135979890823,Zwijndrecht,Bilinmiyor,1
33937,Struytse Hoeck 190,EVnetNL,51.831037,4.144547,Hellevoetsluis,Bilinmiyor,2
33934,Vondellaan 1,FLOW Charging,51.830334342299,4.6864145994186,Papendrecht,Bilinmiyor,1
33933,Merwe Donk,Shell Recharge Solutions (BE),51.8298874,5.0043915,Gorinchem,Bilinmiyor,1
33930,Koeweistraat 3,EVnetNL,51.829782,5.252116,Neerijnen,Bilinmiyor,1
33929,Pompstraat 27,EVnetNL,51.829666,4.970039,Gorinchem,Bilinmiyor,2
33927,Schapedrift 89,Shell Recharge Solutions (BE),51.8293304443359,4.81840181350708,Hardinxveld-Giessendam,Bilinmiyor,2
33925,Stationsplein,EVnetNL,51.828955,4.779148,Sliedrecht,Bilinmiyor,1
33924,Ohmstraat 1,EVBox,51.82878,4.62271,Zwijndrecht,Bilinmiyor,1
33923,Marijkestraat 3,EVnetNL,51.828498,4.477044,Binnenmaas,Bilinmiyor,2
33920,Nieuwe Holleweg 11,EVnetNL,51.827652,5.925728,Groesbeek,Bilinmiyor,1
33919,Rode Kruislaan 1,EVnetNL,51.82752,5.862131,Nijmegen,Bilinmiyor,1
33918,Margrietstraat 6,EVBox,51.82764,5.20275,Neerijnen,Bilinmiyor,1
33916,Ter Steeghe Ring,Shell Recharge Solutions (BE),51.8271598815918,4.62974309921265,Zwijndrecht,Bilinmiyor,1
33915,Veerweg 54,Ecotap,51.827096,4.684756,Papendrecht,Bilinmiyor,2
33912,Touwbaan 2,EVBox,51.82647,4.75029,Sliedrecht,Bilinmiyor,1
33911,Eemstein,EVnetNL,51.826444,4.640881,Zwijndrecht,Bilinmiyor,2
33910,De Overtoom 2,Ecotap,51.826263,4.685867,Papendrecht,Bilinmiyor,2
33907,Kubus 20,Shell Recharge Solutions (BE),51.8259201049805,4.79564142227173,Sliedrecht,Bilinmiyor,1
33906,Neerbosscheweg,EVnetNL,51.825779,5.825258,Nijmegen,Bilinmiyor,1
33905,Roggeweg 20,Shell Recharge Solutions (BE),51.8255482,5.8133629,Nijmegen,Bilinmiyor,1
33902,Molenvliet 57,Shell Recharge Solutions (BE),51.8247528076172,4.61210107803345,Zwijndrecht,Bilinmiyor,1
33900,Trapezium 304,EVBox,51.82444,4.80248,Sliedrecht,Bilinmiyor,1
33899,Gerstweg 12,Shell Recharge Solutions (BE),51.8244361877441,5.81983613967896,Nijmegen,Bilinmiyor,1
33898,Baanhoek 188,Shell Recharge Solutions (BE),51.824161529541,4.73199987411499,Sliedrecht,Bilinmiyor,1
33897,Veerdam 12,EVBox,51.8239,4.68331,Papendrecht,Bilinmiyor,1
33896,Zwanenveld 5462,EVnetNL,51.824148,5.798997,Nijmegen,Bilinmiyor,2
33894,Kaatje Mollaan 5,Bilinmiyor,51.823837494058,4.3459160709381,Nissewaard,Bilinmiyor,1
33892,Oude Nieuwlandseweg 13b,EVBox,51.82357,3.92788,Goeree-Overflakkee,Bilinmiyor,1
33891,Wevelsweg 232,Shell Recharge Solutions (BE),51.8233733850615,4.27376699447632,Nissewaard,Bilinmiyor,1
33889,Oost-Voorstraat 95A,EVBox,51.82281,4.41318,Oud-Beijerland,Bilinmiyor,1
33888,Nijverheidsstraat 66,Shell Recharge Solutions (BE),51.8228942,4.80967499999997,Hardinxveld-Giessendam,Bilinmiyor,1
33887,Einsteinstraat,Ecotap,51.822799,5.756094,Wijchen,Bilinmiyor,2
33886,Trompetstraat 75,Shell Recharge Solutions (BE),51.8224029541016,4.60870361328125,Zwijndrecht,Bilinmiyor,1
33885,Krabbelaar 41,EVBox,51.82236,4.80147,Sliedrecht,Bilinmiyor,1
33884,Nijverheidstraat 21b,EVnetNL,51.822241,4.258237,Nissewaard,Bilinmiyor,2
33882,Ballade 97,Shell Recharge Solutions (BE),51.8204841613769,4.60258722305298,Zwijndrecht,Bilinmiyor,1
33881,Rivierdijk 223,Shell Recharge Solutions (BE),51.8202284,4.79758620000007,Sliedrecht,Bilinmiyor,1
33880,Bernhardstraat 4,EVnetNL,51.819358,5.211813,Neerijnen,Bilinmiyor,2
33879,Noorderstraat 26,Bilinmiyor,51.817834421864,4.6764421463013,Dordrecht,Bilinmiyor,1
33877,Raadhuisplein 8,EVnetNL,51.817146,4.647426,Zwijndrecht,Bilinmiyor,2
33876,Aardappelmarkt,EVnetNL,51.817145,4.66567,Dordrecht,Bilinmiyor,1
33874,Baanhoekweg,EVBox,51.81488,4.73383,Dordrecht,Bilinmiyor,1
33872,Kerkstraat 1a,EVnetNL,51.813653,4.896678,Werkendam,Bilinmiyor,1
33871,Korte Kalkhaven 7,EVnetNL,51.813498,4.657108,Dordrecht,Bilinmiyor,1
33869,Zevenhuizen,EVnetNL,51.813173,4.88964,Werkendam,Bilinmiyor,2
33868,WC Drievriendenhof,Shell Recharge Solutions (NL),51.813082216066,4.6704339981079,Dordrecht,Public - Membership Required,3
33863,Achterom 56,Bilinmiyor,51.812183452269,4.6666896343231,Dordrecht,Bilinmiyor,2
33861,Lankforst 2409,Shell Recharge Solutions (BE),51.8116912841797,5.81198501586914,Nijmegen,Bilinmiyor,1
33857,Van Godewijckstraat 42,Bilinmiyor,51.810906579893,4.665219783783,Dordrecht,Bilinmiyor,2
33856,Beersteeg,EVnetNL,51.810339,5.241347,Zaltbommel,Bilinmiyor,1
33855,Raadhuisplein 1,EVnetNL,51.810077,4.99846,Woudrichem,Bilinmiyor,2
33854,Adriaan van Bleijenburgstraat 5,Shell Recharge Solutions (BE),51.8098220825195,4.67144966125488,Dordrecht,Bilinmiyor,1
33853,Springtij 12,EVBox,51.8095,4.6945,Dordrecht,Bilinmiyor,1
33851,Van Bronckhorstdreef 43,Shell Recharge Solutions (BE),51.8092041015625,5.81937122344971,Nijmegen,Bilinmiyor,1
33849,Aalsburg 3124,Shell Recharge Solutions (BE),51.8077774047852,5.71720504760742,Wijchen,Bilinmiyor,1
33848,Couwenbergstraat,EVnetNL,51.807363,5.824363,Nijmegen,Bilinmiyor,2
33846,Europaplein 122,EVnetNL,51.807006,5.729469,Wijchen,Bilinmiyor,1
33845,Buitentuin 78,Bilinmiyor,51.806894975354,5.2356612682343,Zaltbommel,Bilinmiyor,1
33842,Raadhuisplein 1,EVnetNL,51.806475,4.896322,Werkendam,Bilinmiyor,2
33841,Prinsenhof,EVnetNL,51.805981,4.573585,Binnenmaas,Bilinmiyor,2
33840,Molenstraat 58,Bilinmiyor,51.805957424763,5.4504351821396,Oss,Bilinmiyor,1
33839,Van Doesburg-erf 85,EVBox,51.80495,4.71872,Dordrecht,Bilinmiyor,1
33837,Biezenweide 17,Bilinmiyor,51.804,4.558,Binnenmaas,Bilinmiyor,1
33836,Campuslaan,EVnetNL,51.802949,5.737803,Wijchen,Bilinmiyor,1
33834,Vrouwehuisjesweg 1,EVnetNL,51.80284,4.519249,Binnenmaas,Bilinmiyor,2
33832,Andromeda 14,EVBox,51.80246,4.57094,Binnenmaas,Bilinmiyor,1
33831,Sportlaan 1,Shell Recharge Solutions (BE),51.8015289306641,4.56350994110107,Binnenmaas,Bilinmiyor,1
33830,Johanna Naber-erf 434,EVnetNL,51.801102,4.732677,Dordrecht,Bilinmiyor,1
33829,Tol 12,EVnetNL,51.800271,4.933932,Werkendam,Bilinmiyor,2
33828,Mijlweg 29,EVBox,51.80009,4.64783,Dordrecht,Bilinmiyor,1
33826,Hogeweg 19,EVBox,51.799,5.25656,Zaltbommel,Bilinmiyor,1
33825,Pieter Hoebeeweg 82,EVBox,51.79792,4.62891,Dordrecht,Bilinmiyor,1
33822,Van Voordenpark 2,Bilinmiyor,51.795676275936,5.2594041824341,Zaltbommel,Bilinmiyor,1
33821,Zuidhovenlaantje 6,Shell Recharge Solutions (BE),51.7956390380859,4.67142820358276,Dordrecht,Bilinmiyor,1
33820,De Gamert 2426,Shell Recharge Solutions (BE),51.7950286865234,5.73086643218994,Wijchen,Bilinmiyor,1
33819,Lodewijk van Praetstraat 25,EVnetNL,51.794522,4.486196,Binnenmaas,Bilinmiyor,2
33818,Van Voordenpark,Stadtwerke Clausthal-Zellerfeld,51.794356421849,5.2592969079346,Zaltbommel,Bilinmiyor,4
33817,Sportlaan,EVnetNL,51.793061,4.556424,Binnenmaas,Bilinmiyor,2
33816,Torenstraat 23,Shell Recharge Solutions (BE),51.7929126,5.72454670000002,Wijchen,Bilinmiyor,1
33815,Hogelandstraat 31,EVBox,51.79235,5.03111,Woudrichem,Bilinmiyor,1
33814,Hovenlaan 38,Shell Recharge Solutions (BE),51.7920062,4.7318841,Dordrecht,Bilinmiyor,1
33813,Amnesty Internationalweg,Bilinmiyor,51.791981412855,4.6774399280548,Dordrecht,Bilinmiyor,4
33810,Mijlweg,Shell Recharge Solutions (BE),51.7896118164062,4.64757871627808,Dordrecht,Bilinmiyor,1
33809,Broekkant,EVnetNL,51.788995,5.843158,Heumen,Bilinmiyor,2
33808,Grootveldschelaan 20,Bilinmiyor,51.7889833,5.8478866,Heumen,Bilinmiyor,1
33807,Wieldrechtseweg 24,Shell Recharge Solutions (BE),51.7883605957031,4.64606952667236,Dordrecht,Bilinmiyor,1
33806,Groenestraat 19,Shell Recharge Solutions (BE),51.7891812691848,5.23925638198852,Zaltbommel,Bilinmiyor,1
33804,Gemmahof 61,EVnetNL,51.787573,4.684027,Dordrecht,Bilinmiyor,1
33802,'s-Gravendeelseweg,Shell Recharge Solutions (BE),51.7874488830566,4.55611705780029,Binnenmaas,Bilinmiyor,1
33801,Hoofdgraaf,EVnetNL,51.786292,5.047901,Woudrichem,Bilinmiyor,1
33800,Trambaan 2,EVBox,51.78571,4.55865,Binnenmaas,Bilinmiyor,1
33799,P.A. de Kokplein,EVBox,51.78563,4.6765,Dordrecht,Bilinmiyor,1
33798,Singel 25,Shell Recharge Solutions (BE),51.7843238,4.6097522,Binnenmaas,Bilinmiyor,1
33797,Mijlweg 9N,Shell Recharge Solutions (BE),51.7837219238281,4.62102317810059,Binnenmaas,Bilinmiyor,1
33795,Giessensesteeg 14,Shell Recharge Solutions (BE),51.7806854248047,5.01825666427612,Woudrichem,Bilinmiyor,1
33793,De Horst 4,Shell Recharge Solutions (NL),51.7804379,5.85503370000003,Malden,"Private - For Staff, Visitors or Customers",2
33792,Calandstraat 14,EVBox,51.7802368983503,4.64594250793459,Dordrecht,Bilinmiyor,1
33790,De Horst 23,EVnetNL,51.779696,5.85614,Heumen,Bilinmiyor,2
33788,Zuidzijdsedijk 102A,Shell Recharge Solutions (BE),51.7794813726472,4.38301956571195,Korendijk,Bilinmiyor,1
33787,Spaanderstraat 50,Ecotap,51.778233,5.55171,Oss,Bilinmiyor,2
33786,Rusheuvelstraat 18,EVnetNL,51.777487,5.522985,Oss,Bilinmiyor,2
33785,Rijksweg A2,Stadtwerke Clausthal-Zellerfeld,51.776485,5.260048,Zaltbommel,Bilinmiyor,1
33784,Pieter Zeemanweg 57,EVnetNL,51.776437,4.639433,Dordrecht,Bilinmiyor,1
33783,De Lucht Oost ,Allego BV,51.776295,5.259913,Bruchem,Public - Membership Required,1
33782,Laan van Londen 3T,Shell Recharge Solutions (BE),51.7756996154785,4.65215396881103,Dordrecht,Bilinmiyor,1
33781,Parallelweg,Bilinmiyor,51.775604154191,5.2574568986893,Zaltbommel,Bilinmiyor,2
33780,Bunsenstraat 90,Ecotap,51.77519,4.6321216,Dordrecht,Bilinmiyor,2
33779,Vieracker 2,EVBox,51.77505,5.85636,Heumen,Bilinmiyor,1
33777,Kinkelenburg 43,EVBox,51.77462,4.68563,Dordrecht,Bilinmiyor,1
33776,Laan van Europa 1600,Allego BV,51.773908,4.652195,Dordrecht,Public - Membership Required,1
33771,Keerweer 49,Shell Recharge Solutions (BE),51.7708625793457,4.64491605758667,Dordrecht,Bilinmiyor,1
33770,De Rijswaard,EVBox,51.7691,5.14145,Zaltbommel,Bilinmiyor,1
33768,Oostwal 177,EVnetNL,51.768188,5.528824,Oss,Bilinmiyor,2
33766,Rijksstraatweg 1e,EVBox,51.767,4.44235,Cromstrijen,Bilinmiyor,1
33765,Stationsstraat 53,EVnetNL,51.767061,5.874121,Mook en Middelaar,Bilinmiyor,1
33764,Landbouwlaan 235,Bilinmiyor,51.765907741651,5.5814945697784,Oss,Bilinmiyor,1
33763,Provincialeweg Zuid 26,EVBox,51.76542,4.95604,Woudrichem,Bilinmiyor,1
33761,Frederik van Eedenstraat 21,Shell Recharge Solutions (BE),51.7652473449707,4.15422773361206,Goeree-Overflakkee,Bilinmiyor,1
33760,Raadhuishof 25,EVnetNL,51.763876,5.523967,Oss,Bilinmiyor,2
33759,Koolzaadweg 1,Ecotap,51.763907,5.567385,Oss,Bilinmiyor,2
33758,Galliërsweg 15,EVnetNL,51.763851,5.55559,Oss,Bilinmiyor,2
33755,Singelkade 74,EVnetNL,51.760936,4.159154,Goeree-Overflakkee,Bilinmiyor,2
33753,Nieuwstraat 63,EVnetNL,51.759762,4.163048,Goeree-Overflakkee,Bilinmiyor,2
33752,Molenweg 3M,Shell Recharge Solutions (BE),51.7597617,5.5337121,Oss,Bilinmiyor,1
33751,Lunette,EVnetNL,51.759402,5.737645,Grave,Bilinmiyor,2
33750,Gasthuisdijk 20L 1,EVBox,52.51857,6.07324,Zwolle,Bilinmiyor,1
33748,Galliërsweg 51,EVnetNL,51.757005,5.560101,Oss,Bilinmiyor,2
33746,De Geerden 18,Shell Recharge Solutions (BE),51.7566073319705,5.28907776009873,Maasdriel,Bilinmiyor,1
33744,Koningin Julianaweg 56,EVnetNL,51.755037,4.160305,Goeree-Overflakkee,Bilinmiyor,2
33743,Docfalaan 2,Shell Recharge Solutions (BE),51.7532157897949,5.54311895370483,Oss,Bilinmiyor,1
33742,Schenkeldijk 4,EVBox,51.75289,4.60018,Binnenmaas,Bilinmiyor,1
33741,Forsythialaan 2,Shell Recharge Solutions (BE),51.7519264221191,5.53769826889038,Oss,Bilinmiyor,1
33740,Gravin Sabinastraat 31,EVnetNL,51.750996,4.367162,Korendijk,Bilinmiyor,2
33739,Koningin Julianastraat 12a,EVnetNL,51.750687,5.884437,Mook en Middelaar,Bilinmiyor,1
33738,Langeweg,EVBox,51.75061,4.15994,Goeree-Overflakkee,Bilinmiyor,1
33737,Nijverheidstraat 2c,Ecotap,51.750577,4.555098,Strijen,Bilinmiyor,2
33736,Tramweg 1,Shell Recharge Solutions (BE),51.7502403259277,4.09973287582397,Goeree-Overflakkee,Bilinmiyor,1
33735,Stationsweg 11,Shell Recharge Solutions (BE),51.7497825622559,5.27259111404419,Maasdriel,Bilinmiyor,2
33734,Zomerstraat 6,EVnetNL,51.748563,4.102157,Goeree-Overflakkee,Bilinmiyor,1
33733,Prins Bernhardstraat 25,Shell Recharge Solutions (BE),51.747875213623,5.25868654251099,Maasdriel,Bilinmiyor,1
33732,Bartoklaan 11,EVBox,51.74722,5.51647,Oss,Bilinmiyor,1
33731,Docfalaan,Ecotap,51.746208,5.557073,Oss,Bilinmiyor,2
33729,Burgemeester Schoutenstraat 5,EVnetNL,51.74567,5.630909,Landerd,Bilinmiyor,2
33727,Leeuwerikstraat,EVnetNL,51.744385,4.549627,Strijen,Bilinmiyor,2
33725,Menhirweg 6,Stadtwerke Clausthal-Zellerfeld,51.739015,5.561956,Oss,Bilinmiyor,4
33724,Schout van Bergheslaan 13,EVnetNL,51.737338,5.280014,'s-Hertogenbosch,Bilinmiyor,2
33723,Buttervliet,FastNed,51.737028,4.410235,Numansdorp,Public,2
33722,Dijkstraat 35,EVnetNL,51.736793,3.839502,Schouwen-Duiveland,Bilinmiyor,2
33721,Deltapark 5,Bilinmiyor,51.73625121865,5.3668910264969,'s-Hertogenbosch,Bilinmiyor,2
33720,Cereslaan 18,EVnetNL,51.73566,5.510319,Bernheze,Bilinmiyor,2
33719,Rijstveld 2,EVnetNL,51.735587,5.321051,'s-Hertogenbosch,Bilinmiyor,1
33716,De Misse 6,EVnetNL,51.734216,5.527075,Bernheze,Bilinmiyor,2
33715,Cereslaan 8,EVBox,51.734005,5.510008,Bernheze,Bilinmiyor,1
33714,Voorste Groes 3,Ecotap,51.733487,5.504103,Bernheze,Bilinmiyor,2
33712,Nico Staalstraat 6,EVBox,51.73279,4.89387,Werkendam,Bilinmiyor,1
33711,Beersebaan 1,Shell Recharge Solutions (BE),51.7315368652344,5.85975074768066,Cuijk,Bilinmiyor,1
33710,Eendrachtspolder 45,EVnetNL,51.731527,5.30506,'s-Hertogenbosch,Bilinmiyor,1
33709,Jan Mosmanslaan 75,Shell Recharge Solutions (BE),51.7314872741699,5.29754161834717,'s-Hertogenbosch,Bilinmiyor,1
33708,Beersebaan 1,Bilinmiyor,51.731440576953,5.8602404594421,Cuijk,Bilinmiyor,2
33707,Groote Wielenlaan 415,EVnetNL,51.730673,5.354649,'s-Hertogenbosch,Bilinmiyor,1
33706,Spinding 5,EVnetNL,51.730643,5.866195,Cuijk,Bilinmiyor,2
33705,Groote Wielenlaan,EVnetNL,51.729786,5.352563,'s-Hertogenbosch,Bilinmiyor,2
33704,Nieuwe Putstraat 5,Shell Recharge Solutions (BE),51.7292327880859,5.43024969100952,'s-Hertogenbosch,Bilinmiyor,1
33703,Jonkhof 22,EVnetNL,51.728872,5.288446,'s-Hertogenbosch,Bilinmiyor,1
33702,Oberon 4,EVnetNL,51.728726,5.25405,'s-Hertogenbosch,Bilinmiyor,1
33701,Roelandsweg,EVnetNL,51.728588,3.773541,Schouwen-Duiveland,Bilinmiyor,2
33699,Titaniumlaan 70,Shell Recharge Solutions (BE),51.7280006408691,5.28052663803101,'s-Hertogenbosch,Bilinmiyor,1
33698,Bontsestraat 9,EVnetNL,51.72749,5.873168,Cuijk,Bilinmiyor,2
33695,Markt 6,EVnetNL,51.726088,5.882184,Cuijk,Bilinmiyor,2
33694,Markt 13,EVnetNL,51.725616,3.912157,Schouwen-Duiveland,Bilinmiyor,2
33691,Zuster Bijdamstraat 5,EVBox,51.72505,5.26469,'s-Hertogenbosch,Bilinmiyor,1
33690,Kievitsven 64,Shell Recharge Solutions (BE),51.7245941162109,5.39836406707764,'s-Hertogenbosch,Bilinmiyor,1
33689,Schuttersplein 3,EVnetNL,51.724287,5.949807,Gennep,Bilinmiyor,2
33687,Wuyvenhaerd 80,EVnetNL,51.722454,5.24425,'s-Hertogenbosch,Bilinmiyor,2
33685,Larenweg 24,Shell Recharge Solutions (BE),51.7217933,5.29135220000001,'s-Hertogenbosch,Bilinmiyor,1
33684,Drijverspad 5,Shell Recharge Solutions (BE),51.7204322814941,5.35816287994385,'s-Hertogenbosch,Bilinmiyor,1
33683,Oeverzwaluw 47,Shell Recharge Solutions (BE),51.7201652526855,5.26238298416138,'s-Hertogenbosch,Bilinmiyor,1
33682,Jupitersingel 15,EVnetNL,51.71899,5.352152,'s-Hertogenbosch,Bilinmiyor,1
33681,Achtste Reit 31,EVnetNL,51.718018,5.332921,'s-Hertogenbosch,Bilinmiyor,1
33680,Engelerpark,EVnetNL,51.717943,5.265992,'s-Hertogenbosch,Bilinmiyor,2
33679,Hoff van Hollantlaan 8,EVBox,51.71779,5.37557,'s-Hertogenbosch,Bilinmiyor,1
33677,Pastoriestraat 44,EVnetNL,51.716693,5.365346,'s-Hertogenbosch,Bilinmiyor,2
33676,Brabanthoeven 141,EVnetNL,51.71663,5.384056,'s-Hertogenbosch,Bilinmiyor,1
33675,Het Wielsem 37,EVBox,51.71659,5.30117,'s-Hertogenbosch,Bilinmiyor,1
33673,Sluiskeshoeven 20,EVnetNL,51.715781,5.375858,'s-Hertogenbosch,Bilinmiyor,2
33672,Havenstraat 17,Shell Recharge Solutions (BE),51.7154235839844,4.58289289474487,Strijen,Bilinmiyor,1
33670,Hambakenwetering 8D,Shell Recharge Solutions (BE),51.7144364,5.29651790000003,'s-Hertogenbosch,Bilinmiyor,1
33669,Venstraat 10,Shell Recharge Solutions (BE),51.7144355773926,5.35905265808105,'s-Hertogenbosch,Bilinmiyor,1
33668,Heescheweg 29,Shell Recharge Solutions (BE),51.7143402099609,5.55686140060425,Bernheze,Bilinmiyor,1
33667,Canadabaan 18b,Shell Recharge Solutions (BE),51.7140808105469,5.56787157058716,Bernheze,Bilinmiyor,1
33665,De Beverspijken 7A,Shell Recharge Solutions (BE),51.712158203125,5.26451778411865,'s-Hertogenbosch,Bilinmiyor,1
33663,Sparrenhoeven 2,EVnetNL,51.711784,5.377587,'s-Hertogenbosch,Bilinmiyor,1
33660,Karperweg 2,EVBox,51.7114,4.8674,Geertruidenberg,Bilinmiyor,1
33658,Kerkstraat,EVnetNL,51.711199,4.702019,Drimmelen,Bilinmiyor,1
33657,Martinus Nijhoffstraat 5,Shell Recharge Solutions (BE),51.7111778259277,5.36847925186157,'s-Hertogenbosch,Bilinmiyor,1
33655,Reitscheweg 31,Bilinmiyor,51.709553669136,5.3399509191513,'s-Hertogenbosch,Bilinmiyor,2
33654,Biesboschweg,EVnetNL,51.709384,4.810573,Drimmelen,Bilinmiyor,1
33653,Balkweg 4A,EVnetNL,51.708395,5.336051,'s-Hertogenbosch,Bilinmiyor,1
33650,Zevende Buitenpepers 33,EVnetNL,51.707726,5.317091,'s-Hertogenbosch,Bilinmiyor,1
33649,Nissan Den Bosch,(Business Owner at Location),51.70787260684236,5.338903493125593,'s-Hertogenbosch,Public,2
33648,Eerste Hervendreef 23,EVnetNL,51.707467,5.327028,'s-Hertogenbosch,Bilinmiyor,2
33647,Amerweg 1,Essent (NL),51.70725,4.842028,Geertruidenberg,Bilinmiyor,1
33643,Moeskampweg 6,Bilinmiyor,51.704775866866,5.2669159396263,'s-Hertogenbosch,Bilinmiyor,2
33642,De Beekgraaf 2,EVnetNL,51.704634,5.561528,Bernheze,Bilinmiyor,2
33641,Veerweg 1,Shell Recharge Solutions (BE),51.7037849426269,5.05175733566284,Waalwijk,Bilinmiyor,1
33640,Rietveldenweg 43,EVnetNL,51.703661,5.270814,'s-Hertogenbosch,Bilinmiyor,2
33639,Hervensebaan 9A,Bilinmiyor,51.703631175845,5.3260006093979,'s-Hertogenbosch,Bilinmiyor,2
33638,Stadionlaan 79,EVnetNL,51.702739,5.329849,'s-Hertogenbosch,Bilinmiyor,2
33637,Veemarktkade,EVBox,51.70261,5.28574,'s-Hertogenbosch,Bilinmiyor,1
33635,Diezekade 2,Ecotap,51.70164,5.290633,'s-Hertogenbosch,Bilinmiyor,2
33634,Peter de Gorterstraat 1E,Shell Recharge Solutions (BE),51.7011383664534,5.36710198623041,'s-Hertogenbosch,Bilinmiyor,2
33633,van Rijckevorsel van Kessellaan 15,EVnetNL,51.700864,5.307595,'s-Hertogenbosch,Bilinmiyor,2
33632,Hintham 71,EVnetNL,51.700571,5.343099,Hintham,Bilinmiyor,2
33631,Stadionlaan,EVnetNL,51.700197,5.322393,'s-Hertogenbosch,Bilinmiyor,1
33630,Gompenstraat 49,EVBox,51.70056,5.03045,Waalwijk,Bilinmiyor,1
33629,Glacisstraat 8,Essent (NL),51.699873,4.865329,Geertruidenberg,Bilinmiyor,1
33628,Niersdijk 1,EVnetNL,51.699624,5.972862,Gennep,Bilinmiyor,1
33626,'t Schoolplein,EVnetNL,51.698674,3.743747,Schouwen-Duiveland,Bilinmiyor,2
33625,Koenendelseweg 29,Shell Recharge Solutions (BE),51.6984062194824,5.27287244796753,'s-Hertogenbosch,Bilinmiyor,1
33624,Julianastraat 19,EVnetNL,51.697786,5.223128,Heusden,Bilinmiyor,2
33623,Kardeel 47,EVnetNL,51.697675,4.874907,Geertruidenberg,Bilinmiyor,2
33622,Frederik Hendriklaan 100,EVnetNL,51.697644,5.313348,'s-Hertogenbosch,Bilinmiyor,1
33621,Seringenstraat 24,EVnetNL,51.697499,5.332215,'s-Hertogenbosch,Bilinmiyor,1
33620,Europaplein 1,EVnetNL,51.697973,5.970131,Gennep,Bilinmiyor,2
33619,Antoon der Kinderenlaan 27,EVnetNL,51.69697,5.308901,'s-Hertogenbosch,Bilinmiyor,1
33618,Vimmerik 34,Shell Recharge Solutions (BE),51.6968841552734,5.17346286773682,Heusden,Bilinmiyor,1
33617,Gangboord 11,Bilinmiyor,51.696836768908,4.8729059100151,Geertruidenberg,Bilinmiyor,1
33616,Taxandriaplein 2,EVnetNL,51.696555,5.307019,'s-Hertogenbosch,Bilinmiyor,2
33615,Rietveldenweg 14,Ecotap,51.696487,5.283324,'s-Hertogenbosch,Bilinmiyor,2
33614,Spuiweg 14,Shell Recharge Solutions (BE),51.6957778930664,5.04758787155151,Waalwijk,Bilinmiyor,1
33613,Graafseweg 203,EVnetNL,51.695733,5.324235,'s-Hertogenbosch,Bilinmiyor,1
33612,Heereplein 12b,Essent (NL),51.695561,4.872876,Geertruidenberg,Bilinmiyor,1
33611,Gompenstraat 17,EVBox,51.69524,5.03173,Waalwijk,Bilinmiyor,1
33610,Keurweg 2,Bilinmiyor,51.695211229684,5.0408739617798,Waalwijk,Bilinmiyor,1
33608,van Noremborghstraat 79,EVnetNL,51.694688,5.307981,'s-Hertogenbosch,Bilinmiyor,2
33607,Puttelaar 2f,EVnetNL,51.694425,5.673368,Landerd,Bilinmiyor,2
33606,Kerkstraat 30,Shell Recharge Solutions (BE),51.6943168640137,5.17680168151855,Heusden,Bilinmiyor,1
33605,Albert Einsteinweg 13,EVBox,51.69406,5.15589,Heusden,Bilinmiyor,1
33604,Kapelaan Koopmansplein 138,EVnetNL,51.694018,5.309464,'s-Hertogenbosch,Bilinmiyor,1
33603,Johan van de Veldestraat 52,EVnetNL,51.693963,5.333618,'s-Hertogenbosch,Bilinmiyor,1
33602,Havensingel 76,EVnetNL,51.693765,5.298794,'s-Hertogenbosch,Bilinmiyor,1
33601,Citadellaan 1,EVnetNL,51.693696,5.304472,'s-Hertogenbosch,Bilinmiyor,1
33600,Havenweg 20c,EVBox,51.69361,5.04623,Waalwijk,Bilinmiyor,1
33599,Oosterweegje 10,Ecotap,51.693167,3.943448,Schouwen-Duiveland,Bilinmiyor,2
33598,van Tuldenstraat 3,EVnetNL,51.693154,5.301735,'s-Hertogenbosch,Bilinmiyor,1
33597,De Fuik 2,EVBox,51.69289,5.27753,'s-Hertogenbosch,Bilinmiyor,1
33596,Halvemaanstraat 13,EVnetNL,51.692767,5.297496,'s-Hertogenbosch,Bilinmiyor,1
33595,Vlasweg,EVBox,51.6928,4.59464,Moerdijk,Bilinmiyor,1
33594,Taxandriaweg,EVnetNL,51.692388,5.0664,Waalwijk,Bilinmiyor,2
33591,Stationspasserelle,Essent (NL),51.690431,5.294372,'s-Hertogenbosch,Bilinmiyor,1
33590,Heerendonklaan 28,EVnetNL,51.69037,5.280636,'s-Hertogenbosch,Bilinmiyor,1
33589,Redemptoristenpad 38,EVnetNL,51.690087,5.308099,'s-Hertogenbosch,Bilinmiyor,1
33587,De Waterman 4,EVnetNL,51.689487,5.353188,'s-Hertogenbosch,Bilinmiyor,2
33586,Bordeslaan 9,EVnetNL,51.689075,5.290035,'s-Hertogenbosch,Bilinmiyor,2
33585,Zuid Willemsvaart 548,EVnetNL,51.689035,5.314631,'s-Hertogenbosch,Bilinmiyor,1
33584,Bordeslaan 51,EVnetNL,51.688852,5.289938,'s-Hertogenbosch,Bilinmiyor,2
33583,Sint Janssingel 52,EVnetNL,51.688829,5.298913,'s-Hertogenbosch,Bilinmiyor,1
33582,Groenewoud,EVBox,51.6887,5.15025,Heusden,Bilinmiyor,1
33580,Bernhardstraat 13,EVnetNL,51.688025,5.069233,Waalwijk,Bilinmiyor,2
33579,Vredesplein 6a,Shell Recharge Solutions (BE),51.6878852844238,5.07220458984375,Waalwijk,Bilinmiyor,1
33578,Mgr. Prinsenstraat 55,EVnetNL,51.687418,5.312133,'s-Hertogenbosch,Bilinmiyor,1
33577,Schoolstraat,EVnetNL,51.68739,5.131665,Heusden,Bilinmiyor,2
33575,Stiemensweg 2,EVBox,51.68725,5.9756,Gennep,Bilinmiyor,1
33574,Westwal 8,EVnetNL,51.686743,5.296925,'s-Hertogenbosch,Bilinmiyor,1
33573,Crispijn 20,Shell Recharge Solutions (BE),51.6866989135742,4.20905017852783,Goeree-Overflakkee,Bilinmiyor,1
33571,Neerstraat 21,EVnetNL,51.686502,5.333642,'s-Hertogenbosch,Bilinmiyor,1
33570,Bergenstraat 3b,Shell Recharge Solutions (BE),51.6861724853516,4.90326690673828,Geertruidenberg,Bilinmiyor,1
33568,Kruisbroedershof 31,EVnetNL,51.685847,5.299653,'s-Hertogenbosch,Bilinmiyor,2
33567,Westwal 29,EVnetNL,51.685757,5.29586,'s-Hertogenbosch,Bilinmiyor,1
33566,Middenweg,Stadtwerke Clausthal-Zellerfeld,51.685658,4.58402,Moerdijk,Bilinmiyor,1
33565,Randweg,EVnetNL,51.685606,5.281581,'s-Hertogenbosch,Bilinmiyor,1
33564,Nachtegaalslaantje,EVnetNL,51.685426,5.310892,'s-Hertogenbosch,Bilinmiyor,2
33563,Daleboutsweg 4 a Landal Greenparks,Allego BV,51.685832,3.728334,Burgh-Haamstede,Public,1
33562,Vlijmenseweg,Ecotap,51.685276,5.275509,'s-Hertogenbosch,Bilinmiyor,2
33561,Prins Bernhardstraat 17,EVnetNL,51.68527,5.303043,'s-Hertogenbosch,Bilinmiyor,1
33560,Abraham Kampstraat 15G,EVnetNL,51.685154,5.128397,Heusden,Bilinmiyor,2
33559,Spinhuiswal,EVnetNL,51.685109,5.300973,'s-Hertogenbosch,Bilinmiyor,2
33558,Zuidwal 10T,EVnetNL,51.684859,5.305769,'s-Hertogenbosch,Bilinmiyor,1
33556,Koningsweg 98,Essent (NL),51.684289,5.292749,'s-Hertogenbosch,Bilinmiyor,1
33555,De Coubertinlaan 8,EVnetNL,51.684257,5.077263,Waalwijk,Bilinmiyor,2
33554,Floris V-laan 21,EVnetNL,51.683936,5.058343,Waalwijk,Bilinmiyor,2
33551,Elzenweg 31a,EVBox,51.68243,5.05364,Waalwijk,Bilinmiyor,1
33550,Karel de Vijfdestraat 35,EVnetNL,51.681307,5.313358,'s-Hertogenbosch,Bilinmiyor,1
33548,Willem van Oranjelaan 48,EVnetNL,51.678896,5.292298,'s-Hertogenbosch,Bilinmiyor,1
33546,Clarissenhoeve 28,Shell Recharge Solutions (BE),51.678768157959,5.39651298522949,Sint-Michielsgestel,Bilinmiyor,1
33545,Brabantlaan,EVnetNL,51.678553,5.329683,'s-Hertogenbosch,Bilinmiyor,2
33544,Pettelaarpark,EVnetNL,51.677909,5.335872,'s-Hertogenbosch,Bilinmiyor,1
33543,Parklaan 8,EVnetNL,51.676777,4.794846,Drimmelen,Bilinmiyor,2
33542,Steenpad 11,EVnetNL,51.67655,4.434474,Moerdijk,Bilinmiyor,1
33540,Middenweg 26,EVBox,51.67582,4.5815,Moerdijk,Bilinmiyor,1
33539,Overbeeke 10,Ecotap,51.675562,5.392592,Sint-Michielsgestel,Bilinmiyor,2
33538,Innovatiepark 14,Shell Recharge Solutions (BE),51.6754608154297,4.82839488983154,Oosterhout,Bilinmiyor,2
33537,Tijmstraat 9,Shell Recharge Solutions (BE),51.6754570007324,4.78296327590942,Drimmelen,Bilinmiyor,1
33536,Watertorenstraat 4,EVBox,51.67457,4.77512,Drimmelen,Bilinmiyor,1
33534,Innovatiepark 4,Bilinmiyor,51.674508551397,4.8247278991973,Oosterhout,Bilinmiyor,2
33533,Houtsnipweg 2,Shell Recharge Solutions (BE),51.6740684509277,4.54862594604492,Moerdijk,Bilinmiyor,1
33532,Brieltjenspolder 28,EVnetNL,51.673522,4.815517,Drimmelen,Bilinmiyor,1
33530,Shell Oosterhout,(Business Owner at Location),51.67321,4.824326,Oosterhout,Bilinmiyor,2
33524,Meerstraat 45A,Ecotap,51.664435,5.474242,Bernheze,Bilinmiyor,2
33523,Poolsestraat,EVnetNL,51.662456,5.033739,Loon op Zand,Bilinmiyor,1
33519,Rooijsestraat 35,Shell Recharge Solutions (BE),51.6599426269531,5.60829591751099,Uden,Bilinmiyor,1
33518,Berndijksestraat,EVnetNL,51.659413,5.030289,Loon op Zand,Bilinmiyor,1
33516,Hoofdstraat 9,EVnetNL,51.657486,4.940696,Dongen,Bilinmiyor,2
33514,Wezel 1,Shell Recharge Solutions (BE),51.6573486328125,5.77369785308838,Mill en Sint Hubert,Bilinmiyor,1
33510,Parallelweg 38,EVnetNL,51.655166,5.621778,Uden,Bilinmiyor,2
33509,Meester Loeffenplein,Ecotap,51.6538683,5.5524883,Bernheze,Bilinmiyor,2
33508,Parking Gemeentehuis Zierikzee,EVnetNL,51.653351,3.91282,Schouwen-Duiveland,Bilinmiyor,2
33507,Liessentstraat 9D,EVnetNL,51.652331,5.649271,Uden,Bilinmiyor,2
33505,Liessentstraat 2,Shell Recharge Solutions (BE),51.6521207,5.6409871,Uden,Bilinmiyor,1
33504,Bosbies 16,Shell Recharge Solutions (BE),51.6506156921387,4.75653314590454,Drimmelen,Bilinmiyor,1
33500,Plein 1969,EVnetNL,51.65017,5.475306,Bernheze,Bilinmiyor,2
33499,Kinkenpolder,Bilinmiyor,51.649535,5.042156,Loon op Zand,Bilinmiyor,6
33498,Raadhuisplein 1,Stadtwerke Clausthal-Zellerfeld,51.649055405488,5.9474390745163,Boxmeer,Bilinmiyor,2
33497,Witte Arend 21,Shell Recharge Solutions (BE),51.6489181518555,4.59775876998901,Moerdijk,Bilinmiyor,1
33494,Ruwenbergstraat 16,Essent (NL),51.64804,5.352198,Sint-Michielsgestel,Bilinmiyor,1
33493,Parking Hoofdpoortstraat Zierikzee,EVnetNL,51.647275,3.915572,Schouwen-Duiveland,Bilinmiyor,2
33492,Weg naar de Val,EVnetNL,51.646898,3.940583,Schouwen-Duiveland,Bilinmiyor,2
33491,Julianastraat 46,Stadtwerke Clausthal-Zellerfeld,51.646845,3.930354,Schouwen-Duiveland,Bilinmiyor,1
33490,Molenrijnselaan 42,Shell Recharge Solutions (BE),51.6467475891113,5.27947521209717,Vught,Bilinmiyor,1
33489,Oudedijk 2A,Shell Recharge Solutions (BE),51.6461944580078,5.69501876831055,Uden,Bilinmiyor,1
33488,Baarzenstraat 11A,Ecotap,51.645938,5.290053,Vught,Bilinmiyor,2
33487,Deltastraat 6,EVnetNL,51.644652,3.922347,Schouwen-Duiveland,Bilinmiyor,2
33486,Schakelplein 15,EVnetNL,51.644001,5.655743,Uden,Bilinmiyor,2
33485,Wislaan 35,EVnetNL,51.643273,5.62221,Uden,Bilinmiyor,2
33484,Hogedwarsstraat 3,Ecotap,51.6424916,5.297515,Vught,Bilinmiyor,2
33482,Laag-Beugt 7,Shell Recharge Solutions (BE),51.6423110961914,5.49942493438721,Bernheze,Bilinmiyor,1
33481,Haven 10,EVnetNL,51.642175,4.746935,Drimmelen,Bilinmiyor,1
33480,Vlaggeschip 15,Shell Recharge Solutions (BE),51.642032623291,4.84230947494507,Oosterhout,Bilinmiyor,1
33479,Theerestraat,EVnetNL,51.640146,5.346018,Sint-Michielsgestel,Bilinmiyor,2
33477,Drossaardstraat 2,Shell Recharge Solutions (BE),51.6393695,4.85558879999996,Oosterhout,Bilinmiyor,1
33476,Teunisbloem 12,EVnetNL,51.638729,4.589573,Moerdijk,Bilinmiyor,1
33474,Pootweg 15,Shell Recharge Solutions (BE),51.6360321044922,4.64382696151733,Moerdijk,Bilinmiyor,1
33473,Steenbergseweg,EVnetNL,51.635337,4.369492,Steenbergen,Bilinmiyor,2
33472,Lepelaarshof 7,EVBox,51.63481,4.95214,Dongen,Bilinmiyor,1
33471,Pater Bunsstraat 12,Shell Recharge Solutions (BE),51.6338958740234,5.96955156326294,Boxmeer,Bilinmiyor,1
33470,Dorpsstraat 78b,EVnetNL,51.63379,6.011383,Bergen,Bilinmiyor,2
33469,Lindelaan 12,Ecotap,51.633026,5.224958,Haaren,Bilinmiyor,1
33467,Sint Jorisstraat 6,EVnetNL,51.629814,5.22631,Haaren,Bilinmiyor,2
33466,Groot Zand 26,EVnetNL,51.627132,4.742166,Breda,Bilinmiyor,1
33465,Weteringplein 1,EVnetNL,51.627008,5.075265,Loon op Zand,Bilinmiyor,1
33464,De Merret 12,EVnetNL,51.626806,5.880458,Sint Anthonis,Bilinmiyor,1
33463,Looiersplein 25-NU01,EVnetNL,51.625843,4.942463,Dongen,Bilinmiyor,2
33461,Heksenkruid 26,EVnetNL,51.622404,4.744193,Breda,Bilinmiyor,1
33460,Monseigneur Bekkersstraat 92,EVBox,51.62182,5.43947,Schijndel,Bilinmiyor,1
33458,Parking Zijpestraat Voetbalvereniging NOAD 67,EVnetNL,51.619815,4.164398,St Philipsland,Public,2
33456,Noordzeedijk 113-35,EVBox,51.61826,4.43024,Steenbergen,Bilinmiyor,1
33454,Steenstraat 14,EVBox,51.61805,4.91711,Dongen,Bilinmiyor,1
33452,Weg van de Buitenlandse Pers,EVnetNL,51.617467,3.983772,Schouwen-Duiveland,Public,2
33451,Esdoornhof 26,EVBox,51.616,4.16054,Tholen,Privately Owned - Notice Required,1
33449,Stadhuisplein,EVnetNL,51.614619,5.546551,Veghel,Bilinmiyor,2
33448,Heuvelplein 2,EVBox,51.61494,5.55472,Veghel,Bilinmiyor,1
33447,Aluminiumstraat 1,Shell Recharge Solutions (BE),51.6141274,4.71698909999998,Breda,Bilinmiyor,1
33443,Achthoevenstraat 32,EVnetNL,51.611536,5.148168,Tilburg,Bilinmiyor,1
33442,Kreitenmolenstraat 24,Ecotap,51.611128,5.142892,Tilburg,Bilinmiyor,1
33439,Lijndonk 4,Shell Recharge Solutions (BE),51.6100082397461,4.76711750030518,Breda,Bilinmiyor,1
33438,Sint Josephplein 22a,EVnetNL,51.609036,5.73807,Boekel,Bilinmiyor,1
33437,Eindsestraat 129A-5,Shell Recharge Solutions (BE),51.6089019775391,4.99303817749023,Tilburg,Bilinmiyor,2
33436,Romeinseberg 3a,Shell Recharge Solutions (BE),51.6086235046387,5.28760671615601,Haaren,Bilinmiyor,1
33434,Maaibeemd 54,EVnetNL,51.607234,4.74031,Breda,Bilinmiyor,1
33433,Magazijnweg 17-12,Shell Recharge Solutions (BE),51.6059684753418,5.16352033615112,Tilburg,Bilinmiyor,1
33432,Corridor 11,EVBox,51.60589,5.52653,Veghel,Bilinmiyor,1
33430,Peppelsbroek 5,EVnetNL,51.605386,4.730239,Breda,Bilinmiyor,2
33429,Kreitenmolenstraat 201,Bilinmiyor,51.60511296083,5.1598674058914,Tilburg,Bilinmiyor,1
33428,Bernhardstraat 7,EVnetNL,51.604262,5.67453,Boekel,Bilinmiyor,2
33427,Konijnenberg 35,Ecotap,51.603722,4.77017,Breda,Bilinmiyor,2
33425,Lage Mosten 41,EVBox,51.6033,4.72661,Breda,Bilinmiyor,1
33423,Asteriastraat 37,EVBox,51.60308,4.98058,Tilburg,Bilinmiyor,1
33422,Havenplein 19,EVnetNL,51.602579,4.105872,Tholen,Bilinmiyor,2
33421,Mountbattenweg 2,Shell Recharge Solutions (BE),51.6018714904785,5.5151309967041,Veghel,Bilinmiyor,1
33420,Jeroen Boschstraat 22,EVnetNL,51.601616,6.051545,Bergen,Bilinmiyor,1
33419,Bosscheweg 107-08,EVBox,51.60116,5.32123,Boxtel,Bilinmiyor,1
33415,Konijnenberg 3,EVnetNL,51.60089,4.768527,Breda,Bilinmiyor,1
33414,Bosscheweg 56,Shell Recharge Solutions (BE),51.6005401611328,5.32308769226074,Boxtel,Bilinmiyor,2
33413,Hertog Jan plein,EVnetNL,51.60029216741623,5.606663127542674,Erp,Public,2
33411,Pastoor Pottersplein 23,EVnetNL,51.599577,4.777217,Breda,Bilinmiyor,1
33409,Havelaarstraat 101,Stadtwerke Clausthal-Zellerfeld,51.599039,3.851805,Noord-Beveland,Bilinmiyor,1
33408,Rooiseweg 24,Bilinmiyor,51.598639798136,5.4526506364346,Schijndel,Bilinmiyor,2
33407,Eind 19c,Shell Recharge Solutions (BE),51.5985567,5.2362071,Haaren,Bilinmiyor,1
33406,Havelaarstraat 90,EVnetNL,51.598547,3.852446,Noord-Beveland,Bilinmiyor,2
33405,Laagsteen 15,EVBox,51.59837,4.73595,Breda,Bilinmiyor,1
33403,Het Klaverblad 25,EVBox,51.59593,5.33957,Boxtel,Bilinmiyor,1
33401,Oosterhoutseweg 1,EVnetNL,51.595842,4.808557,Breda,Bilinmiyor,1
33400,Heusing 14A,Bilinmiyor,51.595,4.827,Breda,Bilinmiyor,2
33398,Pater Dondersstraat 14,Ecotap,51.5939583,5.09183,Tilburg,Bilinmiyor,2
33396,Giraffestraat 12,Shell Recharge Solutions (BE),51.593669,4.80971210000007,Breda,Bilinmiyor,1
33394,Bergschot 278,EVnetNL,51.592262,4.822709,Breda,Bilinmiyor,1
33392,Sint Ignatiusstraat 253,EVnetNL,51.592158,4.802504,Breda,Bilinmiyor,1
33391,Sophiastraat 11,EVnetNL,51.592055659,4.783496907,Breda,Bilinmiyor,1
33390,Lichtenvoordestraat 3,Shell Recharge Solutions (BE),51.5914268493652,5.00106477737427,Tilburg,Bilinmiyor,1
33389,Middellaan 14,Shell Recharge Solutions (BE),51.5910118,4.77042970000002,Breda,Bilinmiyor,1
33388,Sint Ignatiusstraat 49A,EVnetNL,51.590755,4.793355,Breda,Bilinmiyor,1
33387,Waterlinie 36,EVnetNL,51.590196,4.314643,Steenbergen,Bilinmiyor,2
33386,Raadhuisplein 43,EVnetNL,51.590033,4.913413,Gilze en Rijen,Bilinmiyor,2
33385,Minervum 7439C,EVnetNL,51.589893000000004,4.835502,Breda,Bilinmiyor,1
33384,Kluisstraat 42,Shell Recharge Solutions (BE),51.5896987114079,5.71109390258789,Boekel,Bilinmiyor,2
33383,Chasséveld 15B,Shell Recharge Solutions (BE),51.589370748354,4.78579521179199,Breda,Bilinmiyor,1
33382,Mariapolderseweg,EVBox,51.58917,3.72181,Noord-Beveland,Bilinmiyor,1
33381,Wilhelminastraat 4,EVnetNL,51.589162,4.457551,Halderberge,Bilinmiyor,1
33380,Hestiastraat,Ecotap,51.588836,5.0315430000001,Tilburg,Bilinmiyor,2
33379,Pasbaan,EVnetNL,51.588818,4.781461,Breda,Bilinmiyor,2
33378,Haansberg 41A,Shell Recharge Solutions (BE),51.5886917114258,4.6303071975708,Etten-Leur,Bilinmiyor,1
33377,Monseigneur Bekkersstraat 52,EVnetNL,51.588586,5.328753,Boxtel,Bilinmiyor,2
33376,Leuvenaarstraat 91,Shell Recharge Solutions (BE),51.5881385803223,4.76702642440796,Breda,Bilinmiyor,1
33375,Breukelsplein 6,EVnetNL,51.587776,5.31984,Boxtel,Bilinmiyor,2
33374,Bloemenblauwtje 1,EVnetNL,51.58754,4.745755,Breda,Bilinmiyor,1
33373,Nieuweweg,Shell Recharge Solutions (BE),51.5874109748716,4.77242708206177,Breda,Bilinmiyor,1
33372,Stationsstraat,EVnetNL,51.587333,4.531504,Halderberge,Bilinmiyor,2
33371,Coulissen,Shell Recharge Solutions (BE),51.5870062329722,4.78374767303467,Breda,Bilinmiyor,1
33370,Julianastraat 10-G05,EVnetNL,51.587003,4.013472,Tholen,Bilinmiyor,2
33369,Oude Vest 21,EVnetNL,51.586976,4.779229,Breda,Bilinmiyor,2
33368,Lemsterlandstraat 10,Shell Recharge Solutions (BE),51.5869560241699,4.99937152862549,Tilburg,Bilinmiyor,1
33366,Watergraaflaan 97,EVnetNL,51.586262,4.531855,Halderberge,Bilinmiyor,2
33363,Minervum 7221,Shell Recharge Solutions (BE),51.5855287706561,4.83193647861481,Breda,Bilinmiyor,1
33362,Voorstraat 24,EVnetNL,51.585332,3.746689,Noord-Beveland,Bilinmiyor,2
33360,N57 parallelweg,EVnetNL,51.584907,3.626979,Veere,Bilinmiyor,2
33359,De Nedervonder 7,EVBox,51.58491,5.20484,Oisterwijk,Bilinmiyor,1
33358,Fellenoordstraat 73,EVnetNL,51.584603,4.768983,Breda,Bilinmiyor,2
33357,Concordiastraat 13,Shell Recharge Solutions (BE),51.5843311600216,4.77530241012573,Breda,Bilinmiyor,1
33356,Zandoogjes,EVnetNL,51.584066,4.745534,Breda,Bilinmiyor,1
33355,Industrielaan 5,Shell Recharge Solutions (BE),51.5835914611816,5.19338798522949,Oisterwijk,Bilinmiyor,1
33354,Vierwindenstraat 4,EVnetNL,51.583343,4.778543,Breda,Bilinmiyor,2
33353,Moerasbos 19,EVnetNL,51.583073,4.533212,Halderberge,Bilinmiyor,2
33351,Bijster 9,EVnetNL,51.582819,4.804701,Breda,Bilinmiyor,1
33348,Heerbaan 4,Ecotap,51.581643,4.805918,Breda,Bilinmiyor,2
33346,De Lind 19,EVBox,51.58113,5.1954,Oisterwijk,Bilinmiyor,1
33345,Oranjeboomplein 2,EVnetNL,51.581122,4.762278,Breda,Bilinmiyor,1
33344,Hemelrijk 11,Ecotap,51.581012,5.310793,Boxtel,Bilinmiyor,2
33342,Julianastraat 51,Bilinmiyor,51.580753213287,4.9241307377815,Gilze en Rijen,Bilinmiyor,1
33341,Verbeetenstraat 3-A10,EVnetNL,51.580598,4.757178,Breda,Bilinmiyor,1
33338,Gennepstraat 11,EVnetNL,51.580326,5.016263,Tilburg,Bilinmiyor,1
33337,De Lind 18,Ecotap,51.580305,5.196345,Oisterwijk,Bilinmiyor,2
33336,Irisstraat 2,EVnetNL,51.580203,4.316795,Steenbergen,Bilinmiyor,2
33335,Industrieweg 4,Ecotap,51.83391,5.899483,Boxtel,Bilinmiyor,2
33334,Watermolen 13,EVnetNL,51.580063,4.455782,Halderberge,Bilinmiyor,2
33332,Olmendreef 1a,Shell Recharge Solutions (BE),51.579833984375,4.30246829986572,Steenbergen,Bilinmiyor,1
33331,Duinweg,EVnetNL,51.579813,3.544072,Veere,Bilinmiyor,2
33330,Hooiweg 2,EVnetNL,51.57933,4.633789,Etten-Leur,Bilinmiyor,1
33328,Liesbosweg 132,EVnetNL,51.579101,4.653275,Etten-Leur,Bilinmiyor,1
33327,Duivenbosweg 1,Shell Recharge Solutions (BE),51.578971862793,5.88013505935669,Boxmeer,Bilinmiyor,1
33326,Vloeiweg 82A,EVnetNL,51.57883,5.190485,Oisterwijk,Bilinmiyor,2
33325,Bovenstraat 22,EVnetNL,51.578823,4.586813,Halderberge,Bilinmiyor,2
33323,Kerkenbosplaats 1,EVnetNL,51.578795,5.00505,Tilburg,Bilinmiyor,1
33322,Eggestraat 1,EVnetNL,51.578753,4.790638,Breda,Bilinmiyor,1
33321,Baronielaan 3,EVnetNL,51.578408,4.777932,Breda,Bilinmiyor,2
33318,Haansbergseweg,Allego BV,51.577388,4.930903,Gilze en Rijen,Bilinmiyor,1
33317,Princenhagelaan 5,Ecotap,51.577326,4.729354,Breda,Bilinmiyor,2
33316,Ruiterplaatweg,Shell Recharge Solutions (BE),51.5772481,3.71152770000003,Noord-Beveland,Bilinmiyor,1
33315,Huibevendreef 20,EVBox,51.57713,5.00903,Tilburg,Bilinmiyor,1
33311,Rector Coppenserf 24,EVnetNL,51.57596,5.086809,Tilburg,Bilinmiyor,1
33310,Jules Verneweg 87,EVBox,51.57536,5.11973,Tilburg,Bilinmiyor,1
33309,Bonaireplein 2,EVnetNL,51.575406,5.07906,Tilburg,Bilinmiyor,2
33303,Ter Merwestraat 9,EVnetNL,51.57399,4.805665,Breda,Bilinmiyor,1
33301,Koolhovenlaan 37,EVBox,51.57287,4.97876,Tilburg,Bilinmiyor,1
33300,Marijke Meustraat 110,Shell Recharge Solutions (BE),51.5731496,4.7799399,Breda,Bilinmiyor,1
33297,Vlodropstraat 28,EVnetNL,51.572627,4.97126,Tilburg,Bilinmiyor,1
33296,Hillenraadstraat 25,EVnetNL,51.572349,4.801336,Breda,Bilinmiyor,1
33295,Korte Bunder 4,Shell Recharge Solutions (BE),51.5722160339355,4.82725143432617,Breda,Bilinmiyor,1
33294,Wijboschstraat 124,EVnetNL,51.57199,4.998371,Tilburg,Bilinmiyor,1
33292,Veerweg 46,EVnetNL,51.571695,3.703761,Noord-Beveland,Bilinmiyor,2
33291,Waardenburgstraat 56,EVnetNL,51.571465,4.995527,Tilburg,Bilinmiyor,1
33289,Bredaseweg,EVBox,51.57134,4.65785,Etten-Leur,Bilinmiyor,1
33287,Mozartlaan 7,EVBox,51.57085,4.76731,Breda,Bilinmiyor,1
33285,Tolhuislaan 67,EVnetNL,51.570158,4.628366,Etten-Leur,Bilinmiyor,1
33284,Veerweg 92,Stadtwerke Clausthal-Zellerfeld,51.570152,3.702668,Noord-Beveland,Bilinmiyor,1
33283,Bisschop van Zoesstraat 25,EVnetNL,51.569985,5.084876,Tilburg,Bilinmiyor,2
33282,Vlagtweddestraat 45,Shell Recharge Solutions (BE),51.569688867849,4.97597408294678,Tilburg,Bilinmiyor,1
33281,Burgemeester Passtoorsstraat 39,EVnetNL,51.569531,4.779235,Breda,Bilinmiyor,1
33280,Burgemeester Versluijsstraat,EVnetNL,51.568966,4.196308,Tholen,Bilinmiyor,2
33279,Goirkestraat 179c,EVnetNL,51.568679,5.07522,Tilburg,Bilinmiyor,1
33277,Schoolakkerplein 35,EVnetNL,51.568396,4.789211,Breda,Bilinmiyor,1
33276,Paduaplein 53,EVnetNL,51.568358,5.090617,Tilburg,Bilinmiyor,1
33275,Domburgseweg,EVnetNL,51.568276,3.52373,Veere,Bilinmiyor,2
33274,Keefheuvel 10,EVnetNL,51.567782,5.374745,Boxtel,Bilinmiyor,2
33272,Vrouwenpolderseweg 42,Stadtwerke Clausthal-Zellerfeld,51.567426,3.612132,Veere,Bilinmiyor,1
33271,Kapitein Grantstraat 5,EVBox,51.56737,5.11559,Tilburg,Bilinmiyor,1
33270,Argon 10,Shell Recharge Solutions (BE),51.5668754577637,4.46604633331299,Halderberge,Bilinmiyor,1
33269,Domburgseweg,Stadtwerke Clausthal-Zellerfeld,51.566496,3.511451,Veere,Bilinmiyor,1
33268,Grieglaan 370-TRD,EVnetNL,51.565977,4.772848,Breda,Bilinmiyor,1
33267,Domburgseweg 13B,EVnetNL,51.565061,3.504488,Veere,Bilinmiyor,2
33266,Burgemeester P Wissestraat 1,EVnetNL,51.564963,3.770113,Noord-Beveland,Bilinmiyor,2
33265,Domburgseweg 3-119,EVBox,51.56408,3.49818,Veere,Bilinmiyor,1
33262,Bankastraat 9,EVnetNL,51.564011,5.100479,Tilburg,Bilinmiyor,1
33259,Philips Vingboonsstraat 17,EVnetNL,51.563799,5.076236,Tilburg,Bilinmiyor,2
33258,Burgemeester de Manlaan 26,Bilinmiyor,51.56377248352,4.7610712051392,Breda,Bilinmiyor,1
33257,Egeltjeslaar 1,EVnetNL,51.56315,4.817765,Breda,Bilinmiyor,1
33256,Arke Noëstraat 94,EVnetNL,51.563078,5.067841,Tilburg,Bilinmiyor,1
33252,Bouvignelaan 5,Shell Recharge Solutions (BE),51.5620841979981,4.78353452682495,Breda,Bilinmiyor,1
33248,Wolfslaardreef 95,EVnetNL,51.560758,4.801991,Breda,Bilinmiyor,2
33247,Kasteel Bouvignestraat 16,EVnetNL,51.560386,5.054413,Tilburg,Bilinmiyor,1
33245,Roosjesweg,EVBox,51.55946,3.50118,Veere,Bilinmiyor,1
33244,Armhoefstraat 42,EVnetNL,51.559259,5.108044,Tilburg,Bilinmiyor,1
33243,Magazijnstraat 2a,EVnetNL,51.559157,5.08928,Tilburg,Bilinmiyor,2
33242,Boomstraat 132a,EVnetNL,51.559037000000004,5.072562,Tilburg,Bilinmiyor,1
33241,Stationsstraat 14c,EVBox,51.5596,5.08296,Tilburg,Bilinmiyor,1
33240,Leguitsedijk 7,Shell Recharge Solutions (BE),51.5589370727539,4.22441673278809,Tholen,Bilinmiyor,1
33239,Carré 101,EVnetNL,51.558812,5.102192,Tilburg,Bilinmiyor,2
33238,Achter de Heuvel,Bilinmiyor,51.558786753181,5.0928336381912,Tilburg,Bilinmiyor,2
33236,Bovenas 8,Shell Recharge Solutions (BE),51.558650970459,4.64818811416626,Etten-Leur,Bilinmiyor,1
33235,Cornelstraat 1,EVnetNL,51.558476,5.060156,Tilburg,Bilinmiyor,1
33231,Gerard van Swietenstraat 50,EVnetNL,51.557383,5.10189,Tilburg,Bilinmiyor,1
33230,Esdoornstraat 7,EVnetNL,51.557328,5.075021,Tilburg,Bilinmiyor,1
33228,Professor Dondersstraat 66,EVnetNL,51.557061,5.099131,Tilburg,Bilinmiyor,1
33226,Burgemeester Suijsstraat 2,EVnetNL,51.555279,5.061313,Tilburg,Bilinmiyor,1
33224,Munnikenheiweg 29,EVBox,51.55587,4.62667,Etten-Leur,Bilinmiyor,1
33222,Stadhuisplein,EVnetNL,51.554297,5.086176,Tilburg,Bilinmiyor,2
33221,Kloosterstraat,Bilinmiyor,51.554200732669,5.0812196731567,Tilburg,Bilinmiyor,1
33220,Koopvaardijstraat,EVnetNL,51.553225,5.09127,Tilburg,Bilinmiyor,2
33219,Nerhoven,EVnetNL,51.552735,4.945841,Gilze en Rijen,Bilinmiyor,2
33217,Zouavenlaan 22,EVnetNL,51.552432,5.054029,Tilburg,Bilinmiyor,1
33216,Meester Hertsigstraat 13,EVnetNL,51.551579,5.811242,Gemert-Bakel,Bilinmiyor,2
33215,Spurkt 7,FLOW Charging,51.551445562747,5.9802156686783,Venray,Bilinmiyor,1
33214,Anjerstraat 22,Shell Recharge Solutions (BE),51.5512046813965,4.07244491577148,Tholen,Bilinmiyor,1
33213,Vendeliersstraat 86,EVnetNL,51.551109,5.095138,Tilburg,Bilinmiyor,2
33212,Smidsstraat 16,EVnetNL,51.55025,4.589855,Rucphen,Bilinmiyor,2
33209,Grotestraat 78,EVnetNL,51.548844,6.088918,Bergen,Bilinmiyor,2
33208,Slabbecoornweg 53,EVBox,51.54878,4.23161,Tholen,Bilinmiyor,1
33207,Spuidamstraat 3a,EVnetNL,51.548762,4.103673,Tholen,Bilinmiyor,2
33206,"Markt 23 / Kerkstraat, Veere",EVBox,51.54851131683097,3.6681465545616554,Veere,(Unknown),1
33203,Haven 20,EVnetNL,51.54777,4.077666,Tholen,Public,2
33202,Parking Centrum Veere / Kanaalweg Westzijde,EVnetNL,51.545763,3.667953,Veere,Public,2
33201,Noordstraat 26,EVnetNL,51.544994,4.143291,Tholen,Bilinmiyor,2
33200,Keizersveld 79,Shell Recharge Solutions (BE),51.5435638427734,5.99517726898193,Venray,Bilinmiyor,1
33199,Leijparkweg 72,EVnetNL,51.543472,5.100788,Tilburg,Bilinmiyor,1
33196,Keizersveld 95,Bilinmiyor,51.543092041865,5.9921246767044,Venray,Bilinmiyor,2
33191,Thibostraat 3,Shell Recharge Solutions (BE),51.5414534998684,5.63120460510254,Laarbeek,Bilinmiyor,1
33188,Chaamse Baan 2,Shell Recharge Solutions (BE),51.5398330688477,4.79463815689087,Breda,Bilinmiyor,2
33187,Steenspil 36,EVBox,51.53932,4.29121,Bergen op Zoom,Bilinmiyor,1
33186,Public Parking near Tankstation / Energie Service Centrum Deehoeve,EVnetNL,51.53852639381658,4.190364181995392,Tholen,Public,2
33184,Piet van Thielplein 8,EVnetNL,51.538498,5.629479,Laarbeek,Bilinmiyor,2
33183,Tankstation / Energie Service Centrum Deehoeve ,EVnetNL,51.53878128255718,4.189310050262529,Tholen,Public,1
33177,Grindweg 60,EVnetNL,51.536615,4.225421,Tholen,Bilinmiyor,1
33175,Kloosterstraat 1,EVnetNL,51.536082,4.457529,Roosendaal,Bilinmiyor,2
33174,Schoolstraat 73,EVnetNL,51.536047,5.179625,Oisterwijk,Bilinmiyor,2
33170,Hofstede 5,EVnetNL,51.532994,4.206054,Tholen,Bilinmiyor,2
33169,Ireneplein 3,EVnetNL,51.532615,4.473251,Roosendaal,Bilinmiyor,2
33167,Lizzy van Dorpweg 3,EVBox,51.53176,5.04191,Tilburg,Bilinmiyor,1
33166,Hoogakker 7,Bilinmiyor,51.531667485393,5.9810256958008,Venray,Bilinmiyor,1
33164,Laan van Brabant 52,Shell Recharge Solutions (BE),51.5292854309082,4.45301103591919,Roosendaal,Bilinmiyor,1
33162,Westsingel 54,Shell Recharge Solutions (BE),51.5289497375488,5.96613073348999,Venray,Bilinmiyor,1
33161,Eindstraat 6B,EVnetNL,51.528755,5.974255,Venray,Bilinmiyor,2
33160,Meidoornlaan 15,Shell Recharge Solutions (BE),51.5284576416016,4.46560907363892,Roosendaal,Bilinmiyor,1
33159,Raadhuisplein,EVnetNL,51.52803,5.97682,Venray,Bilinmiyor,2
33158,Havenweg 35,EVnetNL,51.527893,4.073739,Tholen,Bilinmiyor,2
33157,"Parking Zeedijk / tegenover Abraham Calandweg 2, Westkapelle",EVnetNL,51.52777,3.435234,Westkapelle ( gemeente Veere ) ,Public,2
33156,Mina Krusemanstraat 2,Shell Recharge Solutions (BE),51.5277404785156,5.99219846725464,Venray,"Private - For Staff, Visitors or Customers",1
33155,Nispensestraat 107,Shell Recharge Solutions (BE),51.5274200439453,4.46045637130737,Roosendaal,Bilinmiyor,1
33153,D'n Herk 5,EVBox,51.52635116218264,5.987001657485962,Venray,Public,2
33152,Jan Vissersstraat,EVBox,51.52746,6.11131,Venray,Bilinmiyor,1
33151,Wanssumseweg,EVBox,51.52622,6.03792,Venray,Bilinmiyor,1
33150,De Hulst 22,Bilinmiyor,51.525868582648,6.0049535417556,Venray,Bilinmiyor,1
33149,Bovendonk 29,EVBox,51.52505,4.47307,Roosendaal,Bilinmiyor,1
33148,'t Ven 1,Shell Recharge Solutions (BE),51.5246849060059,5.28192567825317,Oirschot,Bilinmiyor,1
33146,De Voorde 30,Ecotap,51.523828,6.011053,Venray,Bilinmiyor,2
33143,Bergrand 228,EVBox,51.52301,4.44804,Roosendaal,Bilinmiyor,1
33142,De Waterman 32,Shell Recharge Solutions (BE),51.5227088928223,4.69078636169434,Zundert,Bilinmiyor,1
33140,Kroevenlaan 42,EVnetNL,51.521874,4.457726,Roosendaal,Public,2
33138,Groeneweg,EVnetNL,51.521525,5.070211,Goirle,Bilinmiyor,1
33137,Oude Rijksweg,EVnetNL,51.521178,5.393878,Best,Bilinmiyor,1
33134,van Gentlaan 46,EVnetNL,51.518936,5.51231,Son en Breugel,Bilinmiyor,2
33132,Heuvel 10,EVnetNL,51.518087,5.595364,Laarbeek,Bilinmiyor,2
33130,Oranjestraat 68,Ecotap,51.5168966,5.3941566,Best,Bilinmiyor,1
33129,Herelsestraat 65,Shell Recharge Solutions (BE),51.5167961120605,4.36074018478394,Roosendaal,Bilinmiyor,1
33128,Bergstraat 50,Shell Recharge Solutions (BE),51.5167889,5.06425430000002,Goirle,Bilinmiyor,1
33125,Eiberberg 2,Shell Recharge Solutions (BE),51.5164222717285,4.4450626373291,Roosendaal,Bilinmiyor,1
33123,Rubertstraat 1,EVnetNL,51.516161,4.695169,Zundert,Bilinmiyor,2
33121,Doctor Berlagelaan 10,EVnetNL,51.515747,5.48509,Son en Breugel,Bilinmiyor,2
33119,Spoorlaan,EVnetNL,51.515495,3.995568,Wemeldinge (Gemeente Kapelle),Public,2
33116,Beatrixstraat 1,EVnetNL,51.514647,6.086734,Horst aan de Maas,Bilinmiyor,2
33109,Hoofdstraat,EVnetNL,51.512463,5.395655,Best,Bilinmiyor,1
33108,Peperstraat 1E,EVBox,51.51244,5.30782,Oirschot,Bilinmiyor,1
33099,Hoofdstraat 68,EVnetNL,51.51105,5.389169,Best,Bilinmiyor,1
33096,Taylorstraat 3,EVnetNL,51.510397,5.491228,Son en Breugel,Bilinmiyor,2
33095,Oude Moerstraatsebaan 39,EVnetNL,51.510045,4.304323,Bergen op Zoom,Bilinmiyor,2
33094,Kouwenberg,EVnetNL,51.509626,5.637767,Laarbeek,Bilinmiyor,2
33089,Snijdersstraat 4,Shell Recharge Solutions (BE),51.5086957157458,5.32195329666138,Oirschot,Bilinmiyor,1
33088,Bastion 12,EVnetNL,51.508318,3.88927,Goes,Bilinmiyor,2
33087,Oude Rijksweg,EVnetNL,51.506692,5.410439,Best,Bilinmiyor,1
33085,AC Restaurant - Venray ( Oost ),Allego BV,51.506669,6.020781,Venray,Public - Membership Required,1
33082,A73,Shell Recharge Solutions (BE),51.5063285827637,6.02187299728394,Venray,Bilinmiyor,1
33078,Molenweg 58C,Shell Recharge Solutions (BE),51.5053088,3.48528220000003,Veere,Bilinmiyor,1
33077,Sint Jorisstraat 13,EVnetNL,51.505273,5.312281,Oirschot,Bilinmiyor,2
33076,AC Restaurant Venray ( west ),Allego BV,51.504355,6.021366,Oirlo,Public - Membership Required,1
33075,Dorpsstraat,EVnetNL,51.504201,5.741917,Gemert-Bakel,Bilinmiyor,2
33073,A73,Shell Recharge Solutions (BE),51.5041389465332,6.02139520645142,Venray,Bilinmiyor,1
33072,Kruisakkers 6a,Shell Recharge Solutions (BE),51.5039672851562,4.27650356292725,Bergen op Zoom,Bilinmiyor,1
33070,Westkapelseweg,EVnetNL,51.503582,3.477792,Veere,Bilinmiyor,2
33069,Sloestraat 48,EVBox,51.50343,3.48409,Veere,Bilinmiyor,1
33068,Pricééhof,EVnetNL,51.503094,5.305606,Oirschot,Bilinmiyor,2
33064,De Braken 10A,Shell Recharge Solutions (BE),51.4992858,5.34412650000002,Oirschot,Bilinmiyor,1
33063,Ekkersrijt 2020,Stadtwerke Clausthal-Zellerfeld,51.501705,5.488859,Son en Breugel,Bilinmiyor,1
33062,Rotterdamsekaai 1,EVnetNL,51.50141,3.620601,Middelburg,Bilinmiyor,2
33061,Oude Veerseweg 3,EVnetNL,51.500856,3.628337,Middelburg,Bilinmiyor,2
33058,Hollandiaplein,EVnetNL,51.499939,3.885979,Goes,Bilinmiyor,2
33051,Arnesteinweg 63,Bilinmiyor,51.49849,3.645114,Middelburg,Bilinmiyor,1
33050,Slingerbos 26,EVBox,51.49827,5.3113,Oirschot,Bilinmiyor,1
33048,Stationspark 28 (Enduris),EVnetNL,51.497639,3.892562,Goes,Bilinmiyor,2
33047,Meerpaalweg 20,EVnetNL,51.497952,4.053678,Reimerswaal,Bilinmiyor,2
33045,Wouwsestraatweg 183,EVnetNL,51.497741,4.308441,Bergen op Zoom,Bilinmiyor,2
33043,Wouwsestraatweg 144,Allego BV,51.49751593367814,4.308325763229397,Bergen op Zoom,Public,2
33042,Kanaalweg,EVnetNL,51.497345,3.624054,Middelburg,Bilinmiyor,2
33038,Hof van Tange,EVnetNL,51.496444,3.605495,Middelburg,Bilinmiyor,2
33037,Sint-Catharinaplein 9,EVnetNL,51.496359,4.286546,Bergen op Zoom,Public,4
33035,Zuidzijde Haven 11,Ecotap,51.49526,4.280187,Bergen op Zoom,Bilinmiyor,2
33034,De Scheper 319,EVBox,51.49522,5.30166,Oirschot,Bilinmiyor,1
33031,Kanaalweg,EVnetNL,51.494874,3.616637,Middelburg,Bilinmiyor,2
33030,Valkenisseweg 52,Stadtwerke Clausthal-Zellerfeld,51.49467,3.51437,Veere,Bilinmiyor,1
33024,Verrijn Stuartweg 1,EVBox,51.4939450945867,3.8786769444275393,Goes,(Unknown),2
33022,Buddy Boldenlaan 39,EVBox,51.49269,5.46881,Eindhoven,Bilinmiyor,1
33019,Valkenisseweg 55,EVnetNL,51.492229,3.505947,Veere,Bilinmiyor,2
33017,Castiliëlaan 8-N01,Alfen,51.492114,5.457526,Eindhoven,Bilinmiyor,1
33016,Hazeldonk 6297,EVnetNL,51.492049,4.74215,Breda,Bilinmiyor,1
33015,Koppeldreef,EVnetNL,51.491696,5.520171,Nuenen c.a.,Bilinmiyor,1
33014,Ploegstraat 2,Stadtwerke Clausthal-Zellerfeld,51.491504,5.423947,Best,Bilinmiyor,1
33013,Alençonlaan 1,Stadtwerke Clausthal-Zellerfeld,51.491415,5.443443,Eindhoven,Bilinmiyor,1
33011,Jacob Obrechtlaan,EVnetNL,51.490653,4.293476,Bergen op Zoom,Bilinmiyor,2
33010,Herculesweg 40A,Ecotap,51.49047,3.648796,Middelburg,Bilinmiyor,1
33009,Wildeman 52,Shell Recharge Solutions (BE),51.4900932312012,5.48429012298584,Eindhoven,Bilinmiyor,1
33007,Esp 248,Shell Recharge Solutions (BE),51.4896812438965,5.49494409561157,Eindhoven,Bilinmiyor,1
33006,Moerplein 95,EVnetNL,51.489246,4.040131,Reimerswaal,Bilinmiyor,2
33004,Hensonweg 4,Shell Recharge Solutions (BE),51.4889335632324,3.88384795188904,Goes,Bilinmiyor,1
33003,Heuvel,EVnetNL,51.488759,5.564913,Nuenen c.a.,Bilinmiyor,1
33001,Ardèchelaan 30,EVnetNL,51.48831,5.441934,Eindhoven,Bilinmiyor,2
33000,Lindehof 18,EVnetNL,51.487161,5.6505,Helmond,Bilinmiyor,1
32999,Boven Zijde 12,EVBox,51.48703,5.42595,Eindhoven,Bilinmiyor,1
32998,Huybregt de Hasestraat 2,Bilinmiyor,51.486540170353,3.6126472055912,Middelburg,Bilinmiyor,1
32997,Elstarstraat 4,EVnetNL,51.486397,3.955032,Kapelle,Bilinmiyor,1
32995,Biggekerksestraat 71,Shell Recharge Solutions (BE),51.4849357604981,3.54696249961853,Veere,Bilinmiyor,1
32994,Bruëlisstraat 23,EVnetNL,51.484048,3.962978,Kapelle,Bilinmiyor,1
32990,Vaalserbergweg 305,EVnetNL,51.482345,5.457748,Eindhoven,Bilinmiyor,2
32988,Pietersbergweg 31,EVnetNL,51.48117,5.46013,Eindhoven,Bilinmiyor,2
32987,Dordognelaan 64,EVBox,51.48043,5.45605,Eindhoven,Bilinmiyor,1
32985,Mortiereboulevard 4,Bilinmiyor,51.48045665192,3.6241344362497,Middelburg,Bilinmiyor,2
32984,Havenplein,EVnetNL,51.480152,5.652071,Helmond,Bilinmiyor,2
32983,Groenendaal,Bilinmiyor,51.48002,5.15211,Hilvarenbeek,Bilinmiyor,1
32982,Van der Valk Hotel - Middelburg ,Allego BV,51.47981353173,3.6364759504795,Middelburg,Public - Membership Required,1
32981,Zaanstraat 21,EVnetNL,51.479548,5.425794,Eindhoven,Bilinmiyor,1
32980,Jan van Amerzoyenlaan,EVnetNL,51.479449,5.553857,Nuenen c.a.,Bilinmiyor,2
32979,Gastelaar 10,Shell Recharge Solutions (BE),51.4788665771484,4.95139217376709,Alphen-Chaam,Bilinmiyor,1
32978,Sallandhof 71,EVnetNL,51.478854,5.696963,Helmond,Bilinmiyor,1
32977,Kasteel Traverse,EVnetNL,51.478275,5.653807,Helmond,Bilinmiyor,2
32976,Bevelandlaan 33,EVnetNL,51.478163,5.466285,Eindhoven,Bilinmiyor,1
32974,Ansjovislaan 415,EVnetNL,51.477228,4.272453,Bergen op Zoom,Bilinmiyor,2
32973,Kasteel Traverse 1,EVnetNL,51.477175,5.661238,Helmond,Bilinmiyor,2
32972,Kruidenhof,EVnetNL,51.477079,5.492258,Eindhoven,Bilinmiyor,2
32971,Weg op den Heuvel 35,EVnetNL,51.476806,5.657685,Helmond,Bilinmiyor,2
32970,Ukkelstraat 2A,EVnetNL,51.476721,5.485331,Eindhoven,Bilinmiyor,1
32969,Kloosterweide 54,EVnetNL,51.47652,5.648543,Helmond,Bilinmiyor,1
32968,De Regge 21,Shell Recharge Solutions (BE),51.4762916564941,5.43077230453491,Eindhoven,Bilinmiyor,1
32966,Sint Annaplein 24,EVnetNL,51.474747,5.659798,Helmond,Bilinmiyor,2
32965,De Smidse 1-Traf,EVnetNL,51.474648,5.547302,Nuenen c.a.,Bilinmiyor,1
32964,Hofdreef 32,EVnetNL,51.474522,4.67453,Zundert,Bilinmiyor,2
32963,Vincent van Goghplein,EVnetNL,51.47438,5.551836,Nuenen c.a.,Bilinmiyor,1
32962,Steenovenweg,Bilinmiyor,51.474319913489,5.6251260638237,Helmond,Bilinmiyor,2
32959,Kamilleplein 35,EVnetNL,51.473952,3.821391,Borsele,Bilinmiyor,2
32958,Grimselpas 13,Bilinmiyor,51.47334,5.445308,Eindhoven,Bilinmiyor,2
32957,Dwerspad,EVnetNL,51.47363,5.552277,Nuenen c.a.,Bilinmiyor,2
32956,Industrieweg 11,EVBox,51.47316,5.25032,Oirschot,Bilinmiyor,1
32955,Bedrijfsweg 4,EVBox,51.47307,3.59347,Vlissingen,Bilinmiyor,1
32954,Eschweilerhof 2-G02,EVnetNL,51.47301,5.476808,Eindhoven,Bilinmiyor,2
32951,Schans 23,EVnetNL,51.4723,6.18092,Venlo,Bilinmiyor,2
32948,Handelsweg 67,EVBox,51.47125,3.9802400000000002,Kapelle,Private - Restricted Access,1
32947,Winkelcentrum Woensel 83,EVnetNL,51.471206,5.47464,Eindhoven,Bilinmiyor,1
32945,Deltaweg 185,EVnetNL,51.471009,5.701931,Helmond,Bilinmiyor,2
32944,De Heijbloem 1,Shell Recharge Solutions (BE),51.4708689,5.56615639999996,Nuenen c.a.,Bilinmiyor,1
32943,Lammerenburgweg 32,EVBox,51.46997,3.56407,Vlissingen,Bilinmiyor,1
32942,Parking Verlengde Dishoekseweg 16,EVnetNL,51.470038,3.522618,Veere,Public,2
32940,Lage Dijk 13,EVBox,51.46959,5.6779,Helmond,Bilinmiyor,1
32938,Winkelcentrum Woensel,EVnetNL,51.469124,5.477694,Eindhoven,Bilinmiyor,2
32937,De Poort 3,Shell Recharge Solutions (BE),51.4681243896484,5.78828716278076,Deurne,Bilinmiyor,2
32934,Rivierensingel 742,Shell Recharge Solutions (BE),51.4676170349121,5.71131038665771,Helmond,Bilinmiyor,1
32933,Oranjeplein,EVnetNL,51.467608,4.656945,Zundert,Bilinmiyor,2
32932,Sportparklaan 4,EVnetNL,51.467015,5.259403,Oirschot,Bilinmiyor,1
32931,Steenloperstraat 16A,EVnetNL,51.466877,3.809491,Borsele,Bilinmiyor,2
32929,De Pinckart 49,EVnetNL,51.466471,5.53551,Nuenen c.a.,Bilinmiyor,1
32927,Industrieweg,EVBox,51.46631,4.6582,Zundert,Bilinmiyor,1
32925,Patrijs 15,EVnetNL,51.465313,5.807417,Deurne,Bilinmiyor,2
32924,Anthony van Opbergenstraat 47,Shell Recharge Solutions (BE),51.4649456,5.4536929,Eindhoven,Bilinmiyor,1
32923,Markt 8a,EVnetNL,51.464734,5.794401,Deurne,Bilinmiyor,2
32922,Zanddijk,EVnetNL,51.464716,4.027234,Reimerswaal,Bilinmiyor,2
32921,Westduin Golden Tulip Hotel,Bilinmiyor,51.464526844425,3.5291136884689,Koudekerke,"Private - For Staff, Visitors or Customers",2
32917,Amazonenlaan 37,EVnetNL,51.463283,5.499864,Eindhoven,Bilinmiyor,1
32916,Strausslaan 3,EVnetNL,51.463238,5.780588,Deurne,Bilinmiyor,2
32915,Lindenlaan 32,EVnetNL,51.463179,5.79747,Deurne,Bilinmiyor,2
32911,Varenschut 9,EVnetNL,51.462196,5.69352,Helmond,Bilinmiyor,2
32910,Herselsestraat 3,EVnetNL,51.46084,5.609982,Helmond,Bilinmiyor,2
32908,Burgemeester Jansenstraat 13,EVnetNL,51.460052,3.898974,Borsele,Bilinmiyor,2
32906,Renault garage Dijkwel / Ritthem,EVBox,51.45918249851407,3.608755509262087,Vlissingen,Public,2
32905,Meienvoort 38,Shell Recharge Solutions (BE),51.4593889512797,5.62165880203247,Helmond,Bilinmiyor,1
32904,Deinsvlietweg,Bilinmiyor,51.459075672299,3.6085419440269,Vlissingen,Bilinmiyor,1
32903,De Plaetse 91,EVnetNL,51.458973,5.610793,Helmond,Bilinmiyor,2
32898,Grasbeemd 11,Shell Recharge Solutions (BE),51.4577379,5.68784440000002,Helmond,Bilinmiyor,1
32897,Generaal Knooplaan 123,EVnetNL,51.45745,5.482261,Eindhoven,Bilinmiyor,2
32895,Beatrix de Rijkweg 7,EVnetNL,51.456706,5.397581,Eindhoven,Bilinmiyor,2
32893,Luchthavenweg 34,Alfen,51.456076,5.393532,Eindhoven,Bilinmiyor,1
32892,Waterbeemd 7,Shell Recharge Solutions (BE),51.4560317993164,5.68724298477173,Helmond,Bilinmiyor,1
32887,Sumatralaan,EVnetNL,51.455331,5.498311,Eindhoven,Bilinmiyor,1
32885,Flight Forum 3930,EVBox,51.45339,5.40291,Eindhoven,Bilinmiyor,1
32883,Dominee Theodor Fliednerstraat 2,EVnetNL,51.452816,5.489907,Eindhoven,Bilinmiyor,2
32882,Flight Forum,Shell Recharge Solutions (BE),51.4524765014649,5.40792417526245,Eindhoven,Bilinmiyor,1
32879,De Tienden 24C,EVBox,51.4513,5.55297,Nuenen c.a.,Bilinmiyor,1
32876,Korendijk 5,Shell Recharge Solutions (BE),51.4503211975098,5.71099996566772,Helmond,Bilinmiyor,1
32875,Voltstraat 1,EVnetNL,51.450256,5.799577,Deurne,Bilinmiyor,1
32873,Horsten,EVBox,51.449849,5.49454,Eindhoven,Bilinmiyor,1
32871,Spreeuwelsedijk 9,Bilinmiyor,51.449745758511,5.2024448289558,Oirschot,Bilinmiyor,2
32869,Gasthuisstraat 27,EVnetNL,51.44931,6.052965,Horst aan de Maas,Bilinmiyor,2
32868,Paul Krugerstraat 9a,Bilinmiyor,51.449188012827,3.5725709795952,Vlissingen,Bilinmiyor,2
32864,De Zaale,EVBox,51.44814,5.48905,Eindhoven,Bilinmiyor,1
32863,Klokgebouw 188,EVnetNL,51.448152,5.458376,Eindhoven,Bilinmiyor,2
32861,Sluisburg 2. Hansweert,EVnetNL,51.447963,4.00557,Reimerswaal,Public,2
32857,Songertweg 16,Shell Recharge Solutions (BE),51.4471244812012,6.07796573638916,Horst aan de Maas,Bilinmiyor,1
32856,Den Dolech,EVBox,51.44836,5.48507,Eindhoven,Bilinmiyor,1
32855,Daalakkersweg 2,EVnetNL,51.446987,5.5224,Eindhoven,Bilinmiyor,2
32854,De Wielen,Stadtwerke Clausthal-Zellerfeld,51.446819,5.488298,Eindhoven,Bilinmiyor,1
32850,Gulberg 18,EVnetNL,51.446065,5.557888,Nuenen c.a.,Bilinmiyor,1
32849,Graviuspad 2,EVnetNL,51.445843,5.518036,Eindhoven,Bilinmiyor,2
32848,Torenallee,EVnetNL,51.445422,5.458957,Eindhoven,Bilinmiyor,1
32846,Blauwhoefseweg,EVnetNL,51.445091,4.038543,Reimerswaal,Bilinmiyor,2
32845,Professor doctor Dorgelolaan 6,EVnetNL,51.444987,5.484403,Eindhoven,Bilinmiyor,2
32844,Kennedyplein,Shell Recharge Solutions (BE),51.4442195,5.4805222,Eindhoven,Bilinmiyor,1
32843,Kromakkerweg 13,EVnetNL,51.444149,5.450041,Eindhoven,Bilinmiyor,1
32842,Oosterhavenweg 26,EVBox,51.44406,3.60203,Vlissingen,Bilinmiyor,1
32841,Kennedyplein,Bilinmiyor,51.444107812927,5.4802519083023,Eindhoven,Bilinmiyor,2
32840,Molenhoek 10,EVnetNL,51.444103,5.619383,Geldrop-Mierlo,Bilinmiyor,2
32837,Gerstdijk 18,Shell Recharge Solutions (BE),51.4437255859375,5.69686031341553,Helmond,Bilinmiyor,1
32836,PSVlaan 85,EVBox,51.4432830054715,5.46564332275398,Eindhoven,Bilinmiyor,1
32835,Sniphof 6,EVnetNL,51.442734,5.502162,Eindhoven,Bilinmiyor,2
32834,Lijsterlaan 38,EVnetNL,51.442185,5.494571,Eindhoven,Bilinmiyor,2
32833,Mathildelaan,Bilinmiyor,51.441175449514,5.473524928093,Eindhoven,Bilinmiyor,2
32832,Tramstraat 28,EVnetNL,51.440469,5.483315,Eindhoven,Bilinmiyor,1
32831,Welschapsedijk 27,EVnetNL,51.440378,5.430374,Eindhoven,Bilinmiyor,1
32830,Emmasingel,Bilinmiyor,51.440132191582,5.475327372551,Eindhoven,Bilinmiyor,1
32829,Graslelie 36,EVnetNL,51.440104,5.418435,Eindhoven,Bilinmiyor,1
32828,Lichtplein,Shell Recharge Solutions (BE),51.4400701,5.4750935,Eindhoven,Bilinmiyor,1
32827,Leegveld 8a,Shell Recharge Solutions (BE),51.4400634765625,5.85986137390137,Deurne,Bilinmiyor,1
32826,Pieter Breughelstraat 15,EVnetNL,51.439996,5.497673,Eindhoven,Bilinmiyor,2
32825,Bisschop van Mierlostraat 7,EVnetNL,51.439769,5.61934,Geldrop-Mierlo,Bilinmiyor,2
32823,Klundertstraat 9,EVnetNL,51.439184,5.435903,Eindhoven,Bilinmiyor,1
32822,Grasparkiet 28,EVnetNL,51.439161,5.411865,Eindhoven,Bilinmiyor,1
32821,Botenlaan 6,EVnetNL,51.439126,5.450145,Eindhoven,Bilinmiyor,1
32820,Willem van Konijnenburglaan 7,Shell Recharge Solutions (BE),51.4387397766113,5.49460792541504,Eindhoven,Bilinmiyor,1
32818,Ten Hagestraat 4,Shell Recharge Solutions (BE),51.4381523132324,5.4813027381897,Eindhoven,Bilinmiyor,1
32817,Zeelsterstraat 260,EVnetNL,51.438089,5.432844,Eindhoven,Bilinmiyor,1
32816,Kanaalstraat,Bilinmiyor,51.437859211192,5.4834424496221,Eindhoven,Bilinmiyor,4
32815,Wilhelminaplein 19,EVnetNL,51.437677,5.470701,Eindhoven,Bilinmiyor,1
32814,Picushof 7,EVnetNL,51.437321,5.492404,Eindhoven,Bilinmiyor,1
32812,Vonderweg 114,EVnetNL,51.436995,5.46879,Eindhoven,Bilinmiyor,1
32810,Wal 15,EVBox,51.43586,5.47915,Eindhoven,Bilinmiyor,1
32809,Spaarpot 115,EVBox,51.43566,5.55564,Geldrop-Mierlo,Bilinmiyor,1
32808,Graslinnen 45,EVnetNL,51.435561,5.418233,Eindhoven,Bilinmiyor,1
32807,Kanaaldijk-Zuid 5C,EVBox,51.43537,5.49429,Eindhoven,Bilinmiyor,1
32806,Quinten Matsyslaan 65A,Shell Recharge Solutions (BE),51.4352951049805,5.51559591293335,Eindhoven,Bilinmiyor,1
32804,Waagstraat 10,EVBox,51.43537,5.47844,Eindhoven,Bilinmiyor,1
32802,Deken van Somerenstraat 2,EVnetNL,51.434102,5.475069,Eindhoven,Bilinmiyor,2
32801,Hurksestraat 22,EVnetNL,51.433467,5.437921,Eindhoven,Bilinmiyor,2
32800,Hugo van der Goeslaan 1,Shell Recharge Solutions (BE),51.4333648681641,5.5051646232605,Eindhoven,Bilinmiyor,1
32797,Edenstraat 60,EVnetNL,51.432594,5.475774,Eindhoven,Bilinmiyor,1
32795,St Odastraat 1,EVnetNL,51.431289,5.494423,Eindhoven,Bilinmiyor,1
32794,Parking Dorpshuis De Meidoorn Krabbendijke,EVnetNL,51.430441,4.11975,Reimerswaal,Public,2
32793,Beemdstraat 11,EVBox,51.42981,5.45113,Eindhoven,Bilinmiyor,1
32792,Hurksestraat 1-N01,EVnetNL,51.429728,5.446787,Eindhoven,Bilinmiyor,1
32788,Theaterpad,EVnetNL,51.428364,5.483523,Eindhoven,Bilinmiyor,2
32783,St Petrus Canisiuslaan,EVnetNL,51.427807,5.509246,Eindhoven,Bilinmiyor,2
32779,Kievit 10a,Shell Recharge Solutions (BE),51.4274139404297,4.96062660217285,Baarle-Nassau,Bilinmiyor,1
32778,Schubertlaan 2,EVnetNL,51.427072,5.455929,Eindhoven,Bilinmiyor,1
32777,Biesterweg 20,EVnetNL,51.426392,5.487279,Eindhoven,Bilinmiyor,1
32770,Genneperweg,Stadtwerke Clausthal-Zellerfeld,51.423351,5.462555,Eindhoven,Bilinmiyor,1
32769,Raadhuisstraat 121,EVnetNL,51.423219,4.323908,Woensdrecht,Bilinmiyor,2
32766,Geer,EVnetNL,51.421793,5.404414,Veldhoven,Bilinmiyor,1
32765,Jacques Perkstraat 32,EVnetNL,51.421432,5.483586,Eindhoven,Bilinmiyor,1
32764,Kloosterstraat 31,EVnetNL,51.420784,6.144176,Horst aan de Maas,Bilinmiyor,1
32763,Parallelweg 24,EVnetNL,51.420707,5.550746,Geldrop-Mierlo,Bilinmiyor,2
32761,Rijksweg,EVnetNL,51.420219,5.698801,Someren,Bilinmiyor,1
32760,Kuilenhurk,EVnetNL,51.419898,5.289702,Eersel,Bilinmiyor,2
32758,Laan ten Boomen,Stadtwerke Clausthal-Zellerfeld,51.417777,5.698705,Someren,Bilinmiyor,1
32756,Nansenstraat 3,EVnetNL,51.416502,5.575127,Geldrop-Mierlo,Bilinmiyor,2
32755,Antoon Coolenlaan 3-N01,EVnetNL,51.416356,5.473556,Eindhoven,Bilinmiyor,2
32754,Imstenrade 19,EVnetNL,51.415757,5.443525,Eindhoven,Bilinmiyor,1
32752,High Tech Campus,Bilinmiyor,51.413741881732,5.4614067077637,Eindhoven,Bilinmiyor,2
32751,Rensumaborg 16,EVnetNL,51.413598,5.441993,Eindhoven,Bilinmiyor,2
32750,Bombadil 20,EVnetNL,51.413284,5.542152,Geldrop-Mierlo,Bilinmiyor,2
32748,Pastoor Vullinghsplein,EVnetNL,51.413254,6.036185,Horst aan de Maas,Bilinmiyor,2
32747,High Tech Campus,Bilinmiyor,51.412791680178,5.456235408783,Eindhoven,Bilinmiyor,2
32746,Laan van Tolkien 187,Shell Recharge Solutions (BE),51.4116134643555,5.54105710983276,Geldrop-Mierlo,Bilinmiyor,1
32745,Charles Roelslaan,EVnetNL,51.410222,5.476316,Eindhoven,Bilinmiyor,1
32742,Kerkakkerstraat 140,EVnetNL,51.409668,5.408983,Veldhoven,Bilinmiyor,1
32741,Zwembadweg,EVnetNL,51.408822,5.55151,Geldrop-Mierlo,Bilinmiyor,1
32740,High Tech Campus,Bilinmiyor,51.408067145454,5.454261302948,Eindhoven,Bilinmiyor,2
32739,Kerkakkerstraat 39B,EVBox,51.40746,5.40109,Veldhoven,Bilinmiyor,1
32736,Van der Valk Hotel - Eindhoven,Allego BV,51.406863,5.478852,Eindhoven,Public - Membership Required,1
32733,Dorpsplein 18,Stadtwerke Clausthal-Zellerfeld,51.40648,5.148851,Reusel-De Mierden,Bilinmiyor,1
32732,Floraplein,EVnetNL,51.405084,5.750973,Asten,Bilinmiyor,2
32731,Koningsplein,EVnetNL,51.403279,5.743993,Asten,Bilinmiyor,2
32729,Laan van Diepenvoorde 8,EVnetNL,51.402338,5.47706,Waalre,Bilinmiyor,2
32726,Schoneveld 97,EVnetNL,51.400989,3.534943,Sluis,Bilinmiyor,1
32724,Prunellalaan 5,EVnetNL,51.399063,5.47375,Waalre,Bilinmiyor,2
32722,Vendelierstraat 11,Shell Recharge Solutions (BE),51.3973045349121,5.75735235214233,Asten,Bilinmiyor,1
32721,Grote Kade 7,EVnetNL,51.396187,3.558431,Sluis,Bilinmiyor,2
32720,Van Dijklaan 2,Shell Recharge Solutions (BE),51.395320892334,5.43949508666992,Waalre,Bilinmiyor,1
32719,Van der Valk - Venlo,Allego BV,51.39549686695679,6.174809902166089,Venlo,Public,24
32717,Meester Slootsweg 3a,EVnetNL,51.38784,5.439952,Waalre,Bilinmiyor,2
32716,Burgemeester Serrarisstraat 51,Shell Recharge Solutions (BE),51.3877258300781,5.57023572921753,Heeze-Leende,Bilinmiyor,1
32715,Groot Egtenrayseweg 58,Shell Recharge Solutions (BE),51.3859825134277,6.14070177078247,Venlo,Bilinmiyor,1
32713,De Laarstukken,EVnetNL,51.385165,5.570087,Heeze-Leende,Bilinmiyor,2
32712,Adriaen van Ostadelaan 16,Bilinmiyor,51.38421,5.441562,Waalre,Bilinmiyor,1
32711,Genooyerbergen 2,EVnetNL,51.383423,6.17143,Venlo,Bilinmiyor,1
32710,Midden Peelweg 5,Stadtwerke Clausthal-Zellerfeld,51.382870309194,5.9766483306885,Horst aan de Maas,Bilinmiyor,1
32709,Kloosterweg 1,EVnetNL,51.381397,5.714755,Someren,Bilinmiyor,1
32708,Boulevard de Wielingen 2-001,EVnetNL,51.38131,3.397671,Sluis,Bilinmiyor,2
32707,Volmolen,EVnetNL,51.381267,5.422622,Bergeijk,Bilinmiyor,2
32705,AC Restaurant & Tulip Inn Hotel - Sevenum,Allego BV,51.380004,5.984759,Sevenum,Public - Membership Required,1
32704,Schoolstraat 8,EVnetNL,51.379857,5.577031,Heeze-Leende,Bilinmiyor,2
32703,Kleefsedijk 29,Shell Recharge Solutions (BE),51.379806782817,5.9848169982433,Horst aan de Maas,Bilinmiyor,1
32700,Meerheide,EVBox,51.37723,5.31474,Eersel,Bilinmiyor,1
32699,Craneveldstraat,EVnetNL,51.376773,6.173458,Venlo,Bilinmiyor,2
32698,Frans van Nunenstraat 19,Shell Recharge Solutions (BE),51.3764495849609,5.35294580459595,Eersel,Bilinmiyor,1
32697,Rudolf Dieselweg 20,EVBox,51.37511,6.16364,Venlo,Bilinmiyor,1
32694,Garnizoenweg 23,EVnetNL,51.372427,6.160868,Venlo,Bilinmiyor,2
32692,Nieuwstraat 2,EVnetNL,51.370317,5.259214,Bladel,Bilinmiyor,2
32691,Scholtis Coopmansstraat 34,EVnetNL,51.369254,6.147435,Venlo,Bilinmiyor,2
32689,De Boelakkers 6,EVnetNL,51.368375,5.584702,Heeze-Leende,Bilinmiyor,2
32687,Postweg 88H,Ecotap,51.367345,6.1984433,Venlo,Bilinmiyor,2
32685,Hof te Zandeplein 35,EVnetNL,51.365839,4.02122,Hulst,Bilinmiyor,2
32684,Kaldenkerkerweg 1,EVnetNL,51.365364,6.172769,Venlo,Bilinmiyor,2
32682,Korfvlechterwei 72A,Shell Recharge Solutions (BE),51.3644065856934,5.42860078811646,Valkenswaard,Bilinmiyor,1
32681,Regentessestraat 79,EVnetNL,51.364394,6.167861,Venlo,Bilinmiyor,2
32680,Rondweg,EVnetNL,51.36184,5.218235,Bladel,Bilinmiyor,2
32679,Kerkplein,EVnetNL,51.36175,5.162295,Reusel-De Mierden,Bilinmiyor,2
32678,Moutzveld 10,Shell Recharge Solutions (BE),51.3613815307617,6.12635374069214,Venlo,Bilinmiyor,1
32675,van Boerlostraat 23,Shell Recharge Solutions (BE),51.3591575622559,6.14139366149902,Venlo,Bilinmiyor,1
32674,Achter de Hoven 2a,EVnetNL,51.358644,6.047949,Peel en Maas,Bilinmiyor,1
32673,Tulpstraat 65,EVnetNL,51.358053,4.395952,Woensdrecht,Bilinmiyor,2
32671,Eikenburg 1,EVnetNL,51.357239,5.312016,Eersel,Bilinmiyor,2
32669,Nieuwendijk 35,EVnetNL,51.356531,5.733611,Someren,Bilinmiyor,1
32668,Valkenierstraat 43,EVnetNL,51.354735,5.462844,Valkenswaard,Bilinmiyor,1
32666,Leenderweg 47,EVnetNL,51.351822,5.465282,Valkenswaard,Bilinmiyor,1
32664,Valkenswaardseweg,EVnetNL,51.35006,5.540526,Heeze-Leende,Bilinmiyor,2
32663,Bosserhofweg 8,Ecotap,51.34978,6.150542,Venlo,Bilinmiyor,2
32661,Maastrichterweg 16,EVnetNL,51.34813,5.457785,Valkenswaard,Bilinmiyor,1
32660,Fazantenlaan 20,Shell Recharge Solutions (BE),52.0937458,5.21302709999998,Zeist,Bilinmiyor,1
32656,Kerkstraat,EVnetNL,51.340834,6.14099,Venlo,Bilinmiyor,2
32652,Dragonder 20A,EVBox,51.33942,5.46612,Valkenswaard,Bilinmiyor,1
32650,Postelseweg,Shell Recharge Solutions (BE),51.3379611180719,5.29465103149414,Eersel,Bilinmiyor,1
32649,Stuvesande 78,EVnetNL,51.33568062136311,3.8379347962951282,Terneuzen,Public,2
32648,Binnenvaartweg,EVnetNL,51.334748,3.821503,Terneuzen,Bilinmiyor,1
32647,Dorpstraat 24,EVnetNL,51.331446,5.398275,Bergeijk,Bilinmiyor,2
32646,Grotestraat 1,EVnetNL,51.331052,6.096358,Peel en Maas,Bilinmiyor,2
32644,Wilhelminastraat 18,EVnetNL,51.33028,5.979807,Peel en Maas,Bilinmiyor,1
32641,John F. Kennedylaan,Shell Recharge Solutions (BE),51.3285789489746,5.96983194351196,Peel en Maas,Bilinmiyor,1
32639,Brouwerijstraat 9,EVnetNL,51.327883,3.490366,Sluis,Bilinmiyor,2
32638,Zeevaartweg 1,Stadtwerke Clausthal-Zellerfeld,51.327352,3.819541,Terneuzen,Bilinmiyor,1
32637,Buitenhaven,EVnetNL,51.32668,3.814557,Terneuzen,Bilinmiyor,2
32635,Akkerveld 36,Shell Recharge Solutions (BE),51.3252481,6.00555610000004,Peel en Maas,Bilinmiyor,1
32632,Eerselsedijk,EVnetNL,51.324098577786,5.3600943088531,Bergeijk,Bilinmiyor,2
32631,Haammaekerstraat 18,Shell Recharge Solutions (BE),51.323075,5.99142440000003,Helden,Privately Owned - Notice Required,1
32630,Arnold van Gelderpad 3,Shell Recharge Solutions (BE),51.3199081420898,5.99562883377075,Peel en Maas,Bilinmiyor,1
32626,Mr. F.J. Haarmanweg 49,Shell Recharge Solutions (BE),51.3159230066236,3.83895474966812,Terneuzen,Bilinmiyor,1
32625,El Pinar 8,EVnetNL,51.313968,5.628811,Cranendonck,Bilinmiyor,2
32621,Sint Annastraat,EVnetNL,51.309259,3.382141,Sluis,Bilinmiyor,2
32618,Mr. F.J. Haarmanweg 58,Shell Recharge Solutions (BE),51.3033981323242,3.84613990783691,Terneuzen,Bilinmiyor,1
32616,Aerthijsplein 8,EVnetNL,51.298161,5.781185,Nederweert,Bilinmiyor,1
32612,'t Hool 5a,Shell Recharge Solutions (BE),51.2965965270996,5.57238435745239,Cranendonck,Bilinmiyor,1
32608,Dorpstraat 17,EVnetNL,51.290815,6.053947,Peel en Maas,Bilinmiyor,1
32606,Boeket 4,Shell Recharge Solutions (BE),51.2884674072266,5.73152828216553,Nederweert,Bilinmiyor,1
32605,Rustoord 56,EVnetNL,51.285071,6.076754,Beesel,Bilinmiyor,2
32603,Azaleastraat 1,EVnetNL,51.284682,5.744922,Nederweert,Bilinmiyor,1
32602,Heikant 27,Shell Recharge Solutions (BE),51.2843132019043,5.54461336135864,Cranendonck,Bilinmiyor,1
32593,Pannenweg 205,EVBox,51.2765,5.7507,Nederweert,Bilinmiyor,1
32592,Albert Heijn Hulst,Shell Recharge Solutions (BE),51.276481628418,4.04463720321655,Hulst,(Unknown),1
32591,Bronsstraat 12,EVBox,51.27644,5.74914,Nederweert,Bilinmiyor,1
32590,De Vroonhof 13,EVnetNL,51.276386,5.577353,Cranendonck,Bilinmiyor,2
32589,Absdaalseweg 7,EVnetNL,51.275558,4.049298,Hulst,Bilinmiyor,2
32588,Meester Petersstraat 1,EVnetNL,51.275555,5.779935,Nederweert,Bilinmiyor,1
32586,Heldensedijk,EVnetNL,51.273489,5.931367,Leudal,Bilinmiyor,1
32585,Kelvinstraat 4,EVBox,51.26949,5.72212,Weert,Bilinmiyor,1
32582,Oranjestraat 14,EVnetNL,51.263731,3.907549,Terneuzen,Bilinmiyor,1
32580,Baetserveldsingel 39,EVnetNL,51.261618,5.932137,Leudal,Bilinmiyor,2
32579,Sportlaan 1,EVnetNL,51.261388,5.570822,Cranendonck,Bilinmiyor,2
32577,Schepenlaan 2,Ecotap,51.258647,5.701022,Weert,Bilinmiyor,2
32574,A2,Shell Recharge Solutions (BE),51.2551116943359,5.76675415039062,Weert,Bilinmiyor,1
32573,Maaslandlaan 1,EVnetNL,51.254845,5.71915,Weert,Bilinmiyor,1
32572,Mennesweg 2b,Shell Recharge Solutions (BE),51.2547149658203,5.88504552841187,Leudal,Bilinmiyor,1
32571,AC Restaurant Weert -Zuid,Allego BV,51.254643,5.765687,Weert,Public - Membership Required,1
32570,Molenstraat 13,EVnetNL,51.253974,5.704283,Weert,Bilinmiyor,1
32565,Roggelseweg,EVnetNL,51.2496,5.935417,Leudal,Bilinmiyor,1
32563,Roggelseweg 56,Stadtwerke Clausthal-Zellerfeld,51.248477,5.936011,Leudal,Bilinmiyor,1
32562,Leudalplein,EVnetNL,51.248385,5.904722,Leudal,Bilinmiyor,2
32561,Stationsstraat 31,Shell Recharge Solutions (BE),51.2461984,5.89217499999995,Leudal,Bilinmiyor,1
32558,Geurtsvenweg 4,EVnetNL,51.244295,5.668311,Weert,Bilinmiyor,1
32557,Wetering 16T-1,EVBox,51.24206,5.65479,Weert,Bilinmiyor,1
32556,Leukerweg 3,Shell Recharge Solutions (BE),51.2419509887695,5.87683343887329,Leudal,Bilinmiyor,1
32553,De Pastorij 40,EVnetNL,51.235516,5.957723,Leudal,Bilinmiyor,2
32551,Markt 12,EVnetNL,51.231546,6.035927,Roermond,Bilinmiyor,1
32550,Keizer Karelplein,EVnetNL,51.228606,3.801977,Terneuzen,Bilinmiyor,1
32540,Kerkpad 28,Shell Recharge Solutions (BE),51.2073953981646,5.94862377643585,Leudal,Bilinmiyor,2
32534,Hoekstraat 3A,EVnetNL,51.1998,6.012641,Roermond,Bilinmiyor,1
32531,Kazerneplein 162,(Unknown Operator),51.198361501665,5.9854839039131,Roermond,Public - Membership Required,2
32529,Wilhelminaplein 32,EVnetNL,51.19638,5.993369,Roermond,Bilinmiyor,1
32526,Baexemerweg,EVnetNL,51.195129,5.90912,Maasgouw,Bilinmiyor,1
32525,Achilleslaan,EVnetNL,51.194283,6.009712,Roermond,Bilinmiyor,1
32524,Maria Theresialaan 3,EVBox,51.1942342,5.9970647,Roermond,Bilinmiyor,1
32523,Westhoven 7,Stadtwerke Clausthal-Zellerfeld,51.192329,6.021138,Roermond,Bilinmiyor,1
32519,Faunasingel,EVnetNL,51.189156,6.022823,Roermond,Bilinmiyor,1
32515,Wilhelminaplein 2,EVnetNL,51.181241,5.900583,Maasgouw,Bilinmiyor,2
32513,Groene Kruisstraat 16,EVnetNL,51.179775,5.962661,Roermond,Bilinmiyor,2
32510,Torenweg 2,EVnetNL,51.176176,5.837312,Leudal,Bilinmiyor,1
32509,Teskenlaan 13,Shell Recharge Solutions (BE),51.1756210327148,5.88729429244995,Maasgouw,Bilinmiyor,1
32504,Maastrichterweg,EVnetNL,51.164689,5.960689,Roermond,Bilinmiyor,2
32502,Meers 5,EVnetNL,51.161476,5.846722,Maasgouw,Bilinmiyor,2
32500,Craenberglaan 11,EVnetNL,51.15544,6.064249,Roerdalen,Bilinmiyor,1
32492,Brachterveld 1,EVnetNL,51.146111,5.894452,Maasgouw,Bilinmiyor,2
32488,Schaapsweg 26-BIBL,EVnetNL,51.140817,5.993624,Roerdalen,Bilinmiyor,1
32486,Sint Joosterweg 5,EVBox,51.13744,5.89457,Maasgouw,Bilinmiyor,1
32474,Bellekeweg 23,EVnetNL,51.104825,5.855831,Echt-Susteren,Bilinmiyor,2
32467,Kerkstraat 23,EVnetNL,51.074834,5.842804,Echt-Susteren,Bilinmiyor,2
32458,Salvatorplein 4,EVnetNL,51.061516,5.851266,Echt-Susteren,Bilinmiyor,2
32453,Kapelaan Verdonschotstraat 4,EVnetNL,51.051139,5.958466,Echt-Susteren,Bilinmiyor,2
32446,Parkweg 48,EVnetNL,51.032276,5.810754,Sittard-Geleen,Bilinmiyor,2
32440,Havikstraat 5A,ChargePoint,51.00544,5.845568,Sittard-Geleen,Bilinmiyor,2
32438,Industriestraat 31,Shell Recharge Solutions (BE),51.0026016235352,5.84502983093262,Sittard-Geleen,Bilinmiyor,1
32437,Stationsdwarsstraat 14,EVnetNL,51.002563,5.859726,Sittard-Geleen,Bilinmiyor,2
32436,Walramstraat 70A,ChargePoint,51.002027,5.862516,Sittard-Geleen,Bilinmiyor,2
32432,Bergerweg 49,EVBox,50.99872,5.85148,Sittard-Geleen,Bilinmiyor,1
32428,Hub Dassenplein 22,ChargePoint,50.995793,5.868435,Sittard-Geleen,Bilinmiyor,2
32427,Bergerweg 75,Shell Recharge Solutions (BE),50.9954071044922,5.84022808074951,Sittard-Geleen,Bilinmiyor,1
32426,Baenjenstraat 6,EVnetNL,50.994844,5.869703,Sittard-Geleen,Bilinmiyor,2
32425,Lissabonlaan 10,Bilinmiyor,50.994115118109,5.8425164222717,Sittard-Geleen,Bilinmiyor,2
32420,Van der Valk - Urmond,Allego BV,50.98804,5.780984,Urmond,Public - Membership Required,1
32419,Golstraat 19,Shell Recharge Solutions (BE),50.9874229431152,5.77070808410644,Stein,Bilinmiyor,1
32418,Mauritslaan,EVnetNL,50.987055,5.780901,Stein,Bilinmiyor,1
32411,Bedrijfsweg 33,Shell Recharge Solutions (BE),50.980152130127,5.82861566543579,Sittard-Geleen,Bilinmiyor,1
32409,Borrekuilstraat,EVnetNL,50.975825,5.824309,Sittard-Geleen,Bilinmiyor,2
32408,Markt,ChargePoint,50.970037,5.826857,Sittard-Geleen,Bilinmiyor,2
32407,Dross J. van Kesselstraat 12,Stadtwerke Clausthal-Zellerfeld,50.969884,5.768353,Stein,Bilinmiyor,1
32406,Markt 1,EVnetNL,50.969632,5.827512,Sittard-Geleen,Bilinmiyor,2
32405,Stadhouderslaan,Stadtwerke Clausthal-Zellerfeld,50.968061,5.777309,Stein,Bilinmiyor,1
32404,Stadhouderslaan,Stadtwerke Clausthal-Zellerfeld,50.967876,5.768225,Stein,Bilinmiyor,1
32403,Stadhouderslaan 150,Stadtwerke Clausthal-Zellerfeld,50.967862,5.771908,Stein,Bilinmiyor,1
32402,Stadhouderslaan,EVnetNL,50.967828,5.7683,Stein,Bilinmiyor,1
32401,Stationsplein 22,EVnetNL,50.967292,5.842945,Sittard-Geleen,Bilinmiyor,2
32399,Dudenrode 4,EVnetNL,50.966071,5.909528,Schinnen,Bilinmiyor,1
32398,Kummenaedestraat 45,EVnetNL,50.965904,5.832297,Sittard-Geleen,Bilinmiyor,2
32388,Beneluxlaan 133,Shell Recharge Solutions (BE),50.9522857666016,5.82926034927368,Sittard-Geleen,Bilinmiyor,1
32387,Bergstraat 2,EVnetNL,50.951716,5.855482,Schinnen,Bilinmiyor,2
32385,Kennedylaan 90,EVnetNL,50.949938,5.959707,Brunssum,Bilinmiyor,2
32382,Dorine Verschureplein 11,EVnetNL,50.947414,5.774451,Stein,Bilinmiyor,1
32380,Olympiade 58,EVnetNL,50.947106,5.968594,Brunssum,Bilinmiyor,2
32379,Aan de Drie Heren 13,EVnetNL,50.94699,5.786377,Beek,Bilinmiyor,1
32375,Mergelakker,EVnetNL,50.941139,5.831958,Beek,Bilinmiyor,1
32374,Trichterweg 197,EVnetNL,50.939452,5.948136,Brunssum,Bilinmiyor,2
32372,Breinderveldweg 1,EVnetNL,50.936891,5.877171,Schinnen,Bilinmiyor,2
32369,Hubertusstraat 49,Shell Recharge Solutions (BE),50.928092956543,5.82032442092896,Beek,Bilinmiyor,1
32368,Amerikalaan 35,EVBox,50.92788,5.78102,Beek,Bilinmiyor,1
32365,Aldenhofstraat 13,EVnetNL,50.924543,5.932444,Heerlen,Bilinmiyor,2
32363,Marie Koenenhof 34,EVnetNL,50.922258,5.74979,Meerssen,Bilinmiyor,2
32361,Professor Eykmanlaan,EVnetNL,50.920367,5.933699,Heerlen,Bilinmiyor,2
32358,Stationstraat,EVnetNL,50.919123,5.886499,Nuth,Bilinmiyor,2
32355,Wannerplein 9,Stadtwerke Clausthal-Zellerfeld,50.915425,5.955267,Heerlen,Bilinmiyor,1
32353,Brunssummerweg 64,EVnetNL,50.913054,6.028683,Landgraaf,Bilinmiyor,1
32348,SUN-plein,EVnetNL,50.908078,6.035633,Landgraaf,Bilinmiyor,1
32347,Dorpstraat 64,Stadtwerke Clausthal-Zellerfeld,50.9066,6.026096,Landgraaf,Bilinmiyor,1
32345,Genzon 1,EVnetNL,50.906063,5.785286,Meerssen,Bilinmiyor,2
32343,Kleikoeleweg 13,Shell Recharge Solutions (BE),50.9057197570801,6.0182318687439,Landgraaf,Bilinmiyor,1
32342,Beethovensingel 73,Stadtwerke Clausthal-Zellerfeld,50.903911,6.024052,Landgraaf,Bilinmiyor,1
32339,De Kling 11,Shell Recharge Solutions (BE),50.9033126831055,5.77940702438354,Meerssen,Bilinmiyor,1
32338,Terhoevenderweg,Essent (NL),50.902687765027,5.9478467702866,Heerlen,Bilinmiyor,2
32335,Sint Agnesplein 6,EVnetNL,50.897045,5.73203,Meerssen,Bilinmiyor,2
32334,In de Cramer 37,EVnetNL,50.895974,5.952857,Heerlen,Bilinmiyor,2
32331,De Steeg 3,EVnetNL,50.89386,5.821114,Nuth,Bilinmiyor,1
32329,Van der Valk - Heerlen,Allego BV,50.892017,5.955362,Heerlen,Public - Membership Required,1
32328,Hoofdstraat 119,EVnetNL,50.891042,6.015077,Landgraaf,Bilinmiyor,1
32326,Jacques Schreursstraat 2,EVnetNL,50.887819,6.008677,Landgraaf,Bilinmiyor,1
32325,Putgraaf,EVnetNL,50.886899,5.982504,Heerlen,Bilinmiyor,2
32324,Hoolstraat 42,EVnetNL,50.886431,5.930578,Voerendaal,Bilinmiyor,1
32323,Doctor Poelsstraat 8,EVnetNL,50.886287,5.978433,Heerlen,Bilinmiyor,2
32322,Nieuw-Eyckholt,Stadtwerke Clausthal-Zellerfeld,50.885749319861,5.9667241573334,Heerlen,Bilinmiyor,1
32319,Gansbaan 66,EVnetNL,50.882375,5.756299,Meerssen,Bilinmiyor,1
32318,Schoenerweg 32,Shell Recharge Solutions (BE),50.8784942626953,5.71962213516235,Maastricht,Bilinmiyor,2
32317,Klimmenderstraat 69,EVnetNL,50.878182,5.880372,Voerendaal,Bilinmiyor,1
32313,Ambyerweg 6,EVnetNL,50.875852,5.735126,Meerssen,Bilinmiyor,1
32308,Lindelaufer Gewande 9A,Shell Recharge Solutions (BE),50.8748283386231,5.92237138748169,Voerendaal,Bilinmiyor,1
32305,Galjoenweg 5,EVnetNL,50.872014,5.717257,Maastricht,Bilinmiyor,1
32303,Tunnelweg 95,Shell Recharge Solutions (BE),50.8716659545898,6.03450727462769,Kerkrade,Bilinmiyor,1
32299,Bethlehemweg 2A,ChargePoint,50.867775,5.710035,Maastricht,Bilinmiyor,2
32297,Bautscherweg,EVnetNL,50.867464,6.005464,Heerlen,Bilinmiyor,2
32295,Kampstraat,Shell Recharge Solutions (BE),50.8609924316406,6.0317587852478,Kerkrade,Bilinmiyor,1
32294,Willem-Sophiaplein 10,EVnetNL,50.858776,6.027996,Kerkrade,Bilinmiyor,2
32292,Olympiaweg 10,EVnetNL,50.856791,5.724424,Maastricht,Bilinmiyor,1
32290,Roda J.C. Ring,Ecotap,50.8559316,6.00297,Kerkrade,Bilinmiyor,2
32289,Bastionstraat,ChargePoint,50.854133,5.67274,Maastricht,Bilinmiyor,2
32287,Parallelweg 51,EVnetNL,50.851064,5.702776,Maastricht,Bilinmiyor,2
32285,Vrijthof 45,Bilinmiyor,50.849757736597,5.6876429730164,Maastricht,Bilinmiyor,2
32283,Stationsplein 12F-02,Bilinmiyor,50.848220108519,5.7060437693115,Maastricht,Bilinmiyor,2
32282,Maasboulevard 95,Shell Recharge Solutions (BE),50.8472328186035,5.69551563262939,Maastricht,Bilinmiyor,1
32280,Sonnevillelunet 11E,Shell Recharge Solutions (BE),50.8456001281738,5.70133018493652,Maastricht,Bilinmiyor,1
32279,Tongerseweg 2,EVnetNL,50.845143,5.683239,Maastricht,Bilinmiyor,2
32278,Avenue Ceramique 125,EVnetNL,50.844775,5.702451,Maastricht,Bilinmiyor,2
32276,Dorpstraat 60,EVnetNL,50.841208,5.727661,Maastricht,Bilinmiyor,2
32275,Aylvalaan 39,EVnetNL,50.8405,5.687828,Maastricht,Bilinmiyor,2
32274,Robert Schumandomein,EVnetNL,50.838908,5.714634,Maastricht,Bilinmiyor,2
32272,Haspengouw 35,EVnetNL,50.835959,5.722217,Maastricht,Bilinmiyor,2
32270,Pastoriestraat,Stadtwerke Clausthal-Zellerfeld,50.834252,5.981871,Simpelveld,Bilinmiyor,1
32269,Doctor Ottenstraat 46,EVnetNL,50.834101,5.978928,Simpelveld,Bilinmiyor,2
32268,Limburgerstraat 9,EVnetNL,50.829127,5.761243,Eijsden-Margraten,Bilinmiyor,1
32267,Kruinweg 5,Shell Recharge Solutions (BE),50.8279685974121,5.97949600219727,Simpelveld,Bilinmiyor,1
32266,Torenstraat 2,Stadtwerke Clausthal-Zellerfeld,50.827587,5.766859,Eijsden-Margraten,Bilinmiyor,1
32261,Rijksweg 99,Shell Recharge Solutions (BE),50.8252182006836,5.77607822418213,Eijsden-Margraten,Bilinmiyor,2
32254,Willem Vliegenstraat 1,EVnetNL,50.815055,5.888429,Gulpen-Wittem,Bilinmiyor,1
32246,Rijksweg 127,Shell Recharge Solutions (BE),50.80778134,5.73316092,Eijsden-Margraten,Bilinmiyor,1
32235,Julianaweg,EVnetNL,50.795057,5.765169,Eijsden-Margraten,Bilinmiyor,1
32226,Pastorijweg 6,EVnetNL,50.788858,5.964279,Vaals,Bilinmiyor,2
32223,J.S. Bachstraat 62,EVnetNL,50.782972,5.710892,Eijsden-Margraten,Bilinmiyor,1
32219,Olympus 2,Shell Recharge Solutions (BE),50.77882364,5.70379677,Eijsden-Margraten,Bilinmiyor,1
32213,Julianastraat 47,Bilinmiyor,50.77261232981,5.8892753720284,Gulpen-Wittem,Bilinmiyor,2
31394,Jozef Israëllaan,Shell Recharge Solutions (NL),52.088498007383,4.32042235068023,Den Haag,Public,1
30200,Duizel Wintermanshof 4A ,Shell Recharge Solutions (NL),51.37018923381593,5.300848207218571,Duizel,Public - Membership Required,1
24709,Patiel,FastNed,50.7770030772062,5.72922170026934,Eijsden,Public - Membership Required,1
24681,Fastned Knuvelkes,FastNed,50.78601751370263,5.727811853037338,Eijsden,Public - Membership Required,1
24680,Merel,RWE Mobility/Essent,52.5026431586119,4.67285994733425,Heemskerk,Public - Membership Required,2
24675,Dominee Nanne Zwiepsingel,"MisterGreen, The Fast Charger Network",52.4402752,4.877144899999962,Oostzaan,Public - Membership Required,1
24642,Haarrijn,"MisterGreen, The Fast Charger Network",52.1436652589353,5.00081576032723,Breukelen,Public,1
24641,De Forten,"MisterGreen, The Fast Charger Network",52.0616315722761,5.17976431481931,Bunnik,Public,1
24638,Fastned De Zuidpunt,FastNed,51.7349037937061,4.63266617724618,Dordrecht,Public - Membership Required,6
24637,Knorrestein ,FastNed,52.0515332,4.436776340023698,Zoetermeer,Public - Membership Required,1
24636,Fastned Elsgeest ,FastNed,52.198172936808,4.47158504903405,,Public - Membership Required,1
24635,Fastned Broerdijk,FastNed,52.71174069341998,5.028959328891688,,Public - Membership Required,1
24634,Witte Molen,FastNed,53.14808701436659,6.60434495554203,,Public - Membership Required,1
24633,Fastned Mienscheer,FastNed,53.1615766925811,6.2936172623356,Marum,Public - Membership Required,1
24630,Parkeergarage Olympisch Stadion,Greenflux,52.344782935920506,4.8548920576721555,Amsterdam,Public - Membership Required,6
24629,High Tech Campus Eindhoven (diverse parkeergarages),Greenflux,51.41047015,5.457167949999985,Eindhoven,Public - Membership Required,1
24628, P+R Zernike,Greenflux,53.244139394236775,6.530606343408176,Groningen,Public - Membership Required,1
24627,P&R Hoogkerk,Greenflux,53.197624172364456,6.512508488769546,Noordenveld,Public - Membership Required,1
24626,P&R Kardinge,Greenflux,53.23870148725861,6.595102397344923,Groningen,Public - Membership Required,1
24625,P&R Euroborg,Greenflux,53.208065048768646,6.596039731213406,Groningen,Public - Membership Required,1
24624,Hajé hotel Joure,Greenflux,52.95957788098033,5.811339799536208,De Friese Meren,Public - Membership Required,1
24623,Van der Valk Den Haag - Wassenaar,Greenflux,52.1054788,4.360006999999996,Stadsgewest Haaglanden,Public - Membership Required,1
24622,Van der Valk Nuland,Greenflux,51.72052615,5.437915051290929,Maasdonk,Public - Membership Required,1
24621,Van der Valk 's-Hertogenbosch-Vught,Greenflux,51.670136,5.293347499999982,,Public - Membership Required,1
24620,Van der Valk Hoorn,Greenflux,52.65297546530191,5.039390022479191,,Public - Membership Required,1
24619,Van der Valk Volendam,Greenflux,52.48806021338304,5.033227590741052,Waterland,Public - Membership Required,1
24618,Van der Valk Zwijndrecht,Greenflux,51.8099616,4.580972400000064,,Public - Membership Required,1
24617,Tesla Supercharger Van der Valk Drachten,Greenflux,53.1057936,6.127916599999935,Smallingerland,Public - Membership Required,1
24615,Van der Valk Hotel De Bilt - Utrecht,Greenflux,52.10258067329372,5.1927691274817045,De Bilt,Public - Membership Required,1
24614,Van der Valk Apeldoorn,Greenflux,52.1772532,5.912072999999964,Apeldoorn,Public - Membership Required,1
24612,La Place Zoeterwoude,Greenflux,52.12812235437146,4.49459007672111,Zoeterwoude,Public - Membership Required,1
24269,Opifer Internetbureau,EVBox,51.5922591599795,4.73991707877531,Breda,Public,2
24165,Zuidlarenstraat,(Unknown Operator),52.0497882,4.26589910000007,Den Haag,(Unknown),1
24164,Valkenbosplein,(Unknown Operator),52.0786125,4.275730800000019,Den Haag,(Unknown),1
24163,Van Dorpstraat,(Unknown Operator),52.0998104,4.2789176,Den Haag,(Unknown),1
24162,Van Limburg Stirumstraat,(Unknown Operator),52.0720213,4.319543299999964,Den Haag,(Unknown),1
24161,Egelantierstraat,(Unknown Operator),52.0766375,4.26629409999998,Den Haag,(Unknown),1
24160,Kiplaan,Vattenfall InCharge,52.07874034626201,4.251171909319083,Den Haag,Public,2
24159,Madoerastraat,(Unknown Operator),52.0916835,4.30253379999999,Den Haag,(Unknown),1
24158,Daal en Bergselaan ,(Unknown Operator),52.0761253,4.25098560000004,Den Haag,(Unknown),1
24157,Paul Gabriëlstraat,(Unknown Operator),52.092715,4.32282910000004,Den Haag,(Unknown),1
24152,Binckhorstlaan,(Unknown Operator),52.0734493,4.3325647,Den Haag ,(Unknown),1
24103,Makro Breda,(Unknown Operator),51.6133869757078,4.76934749206543,Breda,Public,2
24082,Fastned Vundelaar,FastNed,52.20903590413609,6.093016798919724,Voorst,Public,1
24081,Fastned Bornheim,FastNed,52.4518600817357,5.97846352167368,Wezep,Public,1
24080,Fastned Panjerd,FastNed,52.682729062921595,6.369041338141642,De Wolden,Public,1
24079,Fastned Lageveen,FastNed,52.6791781867414,6.35892289581943,De Wolden,Public,1
24072,Eetcafe Chriske,(Unknown Operator),50.81978373824819,5.820610096958951,Eijsden-Margraten,"Private - For Staff, Visitors or Customers",1
23663,Schoolplein - Achter gemeentehuis (nabij Opzoomerlaan),(Unknown Operator),51.8239061621938,4.13103752380367,Hellevoetsluis,Public,2
23274,WEGDAM Autoconsultancy,EVBox,52.2513138,7.00730950000002,Losser,(Unknown),2
21100,Villapark De Weerribben,(Business Owner at Location),52.81066919889059,6.001054581909218,Paasloo,Public - Pay At Location,4
21089,Van der Valk Akersloot,Shell Recharge Solutions (NL),52.5479380657189,4.72235823488767,Akersloot,Public - Membership Required,1
21088,Renault ZE Dealer Nieuwendijk,Essent (NL),52.25994040335985,4.766691539178529,Aalsmeer,"Private - For Staff, Visitors or Customers",1
21058,New Electric,(Business Owner at Location),52.367580140113,4.93668495483941,Amsterdam,Public - Notice Required,1
20912,Fastned Het Veen,FastNed,52.3959773478477,6.01346969604492,Heerde,Public - Membership Required,1
20911,Fastned Geulenkamp,FastNed,51.9396353529908,6.18150931857588,Didam,Public - Membership Required,2
20910,Lokkant,FastNed,51.6837450200543,5.89128971099854,Haps,Public - Membership Required,1
20909,Fastned Hondsiep,FastNed,51.6835125393319,5.893673439013128,Haps,Public - Membership Required,1
20908,Fastned Palmpol,FastNed,52.1629786766688,5.53640290718249,Terschuur,Public - Membership Required,4
20628,Kloppersingel 2,(Unknown Operator),52.39063,4.637621,Haarlem,Public,2
20627,Kloppersingel 1,(Unknown Operator),52.389852,4.64044,Haarlem,Public,2
20608,Tesla Supercharger Oosterhout,Tesla (Tesla-only charging),51.6266790656668,4.86987769603729,Oosterhout,(Unknown),12
20607,Tesla Supercharger Zevenaar,Tesla (Tesla-only charging),51.9405677510687,6.08168363571167,Zevenaar,Public,10
20586,P+R Zuidpark,(Business Owner at Location),52.3320132928537,4.922158752900714,Duivendrecht,Public - Pay At Location,44
20109,Oplaadpunt Makro Amsterdam,(Unknown Operator),52.3248922,4.92263769721471,Amsterdam,(Unknown),2
19672,Parkeerterrein Klein Amerika,(Unknown Operator),52.0116856004065,4.71648216247559,Gouda,Public - Membership Required,2
19175,Autobedrijf Marc Huisman,(Unknown Operator),52.1274869,4.646550899999966,Alphen aan de Rijn,Public,1
19124,Ikea Barendrecht,Shell Recharge Solutions (NL),51.8493814,4.51227159999996,Barendrecht,"Private - For Staff, Visitors or Customers",5
19123,Ridderkerkse Metaalhandel BV,(Unknown Operator),51.8740238,4.608653199999935,Ridderkerk,Public - Membership Required,1
19060,Friesland Zorg,(Unknown Operator),53.1979714,5.7792228000000705,Leeuwarden,Public,1
19058,NHL/Stenden P3,Greenflux,53.2112274,5.79737969999996,Leeuwarden,Public - Membership Required,1
19057,NHL/Stenden P1,Greenflux,53.2117016,5.79799789999993, Leeuwarden,Public - Membership Required,2
19056,Boer Vastgoed Groep,(Unknown Operator),53.19650430000001,6.53255450000006,Groningen,Public,1
19055,PON Almere,(Unknown Operator),52.365265,5.273960200000033,Almere,Public,1
19054,ICT Automatisering Deventer,(Unknown Operator),52.2399084,6.18801510000003,Deventer,Public,1
19053,ICT Automatisering Barendrecht,(Unknown Operator),51.8505621,4.509084499999972,Barendrecht,Public,1
19052,ICT Automatisering Son,(Unknown Operator),51.4985747,5.46054570000001,Son,Public,1
19050,Koninklijk Instituut voor de Tropen,Greenflux,52.362767,4.92262299999993,Amsterdam,Public - Membership Required,1
19049,Van der Valk Amersfoort,Greenflux,52.195815,5.39802680000003,Amersfoort,Public - Membership Required,1
19048,Van der Valk Molenhoek,Greenflux,51.765599751848,5.86811968888548,Molenhoek,Public - Membership Required,1
19047,Van der Valk Breukelen,Greenflux,52.1688385,4.98958900000002,Breukelen,Public,1
19045,La Place Laren,Greenflux,52.24726889999999,5.207316799999944, Laren,Public,1
18946,LaPlace restaurant,Greenflux,52.36837389999999,4.628212500000018,Haarlem,Public - Membership Required,2
16206,Plus Verbeeten Vierlingsbeek,Shell Recharge Solutions (NL),51.596496,6.010058,Vierlingsbeek,Public,1
16205,Plus Verbeeten Tegelen,Shell Recharge Solutions (NL),51.333038,6.155313,Tegelen,Public,1
15668,"Dreef 10, Zutphen, NL",(Business Owner at Location),52.147572,6.195262299999968,Zutphen,Public,2
15608,Tesla Service Center Eindhoven,Tesla (Tesla-only charging),51.5002201,5.465445600000066,Son en Breugel,Public - Notice Required,1
15392,Gasterij 't Dorpsgenot,(Unknown Operator),51.41708089999999,5.3522321000000375,Veldhoven,Public,2
13546,Total De Staart,TOTAL Nl PlugToDrive,52.024811644579366,5.140432119369507,Houten,Public - Pay At Location,1
13528,Servicestation H. van Dijkhuizen,(Unknown Operator),51.9098903,5.4537596,Tiel,Public - Pay At Location,1
13526,Van der Valk Hotel Vianen,Shell Recharge Solutions (NL),51.990060206881,5.085162506220979,Vianen,Public - Membership Required,2
13524,BP Cartesiusweg,Bilinmiyor,52.09827910000001,5.08663439999998,Utrecht,Public - Pay At Location,2
13523,Nissan Visscher ,Bilinmiyor,51.9482645,4.54275389999998,Rotterdam,Public,1
13522,BP Blijdorp,Bilinmiyor,51.9287814,4.440659200000027,Rotterdam,Public - Pay At Location,1
13521,Abe Lenstra Stadion,Allego BV,52.9582934,5.93519319999996,Heerenveen,Public - Membership Required,2
13520,Van der Valk Hotel Hilversum - De Witte Bergen,Allego BV,52.23577043019776,5.2304770469436335,Eemnes,Public - Membership Required,2
13518,Nissan Van den Born,Bilinmiyor,51.5991069,4.753109099999961,Breda,Public,1
13517,Goudreinet Wegrestaurant,Allego BV,52.1689495,5.56251580000003,Terschuur,Public - Membership Required,1
13516,Nissan Visscher,Bilinmiyor,52.29377880000001,4.946344299999964,Amsterdam,Public,1
13515,Schipper Bosch,Allego BV,52.1954814,5.38898710000001,Amersfoort ,Public - Membership Required,1
13514,Nissan Van Leijden ,Bilinmiyor,52.14743989999999,4.649869299999978,Alphen aan den Rijn,Public,1
13513,Van der Valk Almere,Shell Recharge Solutions (NL),52.3590851,5.25178089999997,Almere,Public - Membership Required,1
13504,McDONALD'S APELDOORN-ZUID,Shell Recharge Solutions (NL),52.179325,5.98533280000004,APELDOORN,Public - Membership Required,2
13501,McDonald's,Shell Recharge Solutions (NL),51.4362251,5.4223667,Eindhoven,Public - Membership Required,2
13439,Tesla Motors Service Center,Tesla (Tesla-only charging),51.5002201,5.465445600000066,Son,Public - Membership Required,2
9250,Nissan Sturm Goes,(Unknown Operator),51.4866022,3.87425840000003,Goes,Public,1
9249,ANWB Servicecenter Utrecht,Bilinmiyor,52.056029,5.108814400000028,Utrecht,Public,1
9248,ANWB Servicecenter Naarden,Bilinmiyor,52.3193351,5.140255000000025,Naarden,Public,1
9247,ANWB Servicecenter Ypenburg,(Unknown Operator),52.03894469999999,4.354808300000059,Den Haag,Public,1
9246,ANWB Servicecenter Rhoon,(Unknown Operator),51.8665251,4.438454900000011,Rhoon,Public,1
9245,ANWB Servicecenter Badhoevedorp ,(Unknown Operator),52.3395039,4.770728200000008,Badhoevedorp ,Public,1
9244,ANWB Servicecenter Breda,(Unknown Operator),51.56395759999999,4.7452619000000595,Breda,Public,1
9125,TOTAL SCHIPHOL,(Unknown Operator),52.3039584240201,4.751660824254946,SCHIPHOL,Public - Pay At Location,2
9104,Toyota Nederland,(Unknown Operator),51.714006,4.880757600000038,Raamdonksveer,Privately Owned - Notice Required,1
7622,Rohofstraat 83,e-Laad,52.352967,6.653954,Almelo,Public,1
7606,Parking Nieuwe Rijksweg 3,e-Laad,51.504572,3.863056,s-Heer Hendrikskinderen,Public,2
7463,Gagelstraat 8,e-Laad,51.440294,5.469259,Eindhoven,Public,1
7454,Kastelenplein,e-Laad,51.41838554041541,5.439026355743408,Eindhoven,Public,1
4621,RWE Effizienz GmbH (RWE Efficiency Company) ,(Unknown Operator),51.698576,4.843812,,Public,4
